# Blender 5.1.0
# www.blender.org
mtllib Microwave Relay.mtl
o IndustrialBuilding09_BuildingColor_0
v 7.005607 6.639325 1.876792
v 1.687732 6.639324 0.452048
v 7.005607 0.564682 1.876794
v -7.005490 6.639324 -1.877065
v -7.005490 0.564681 -1.877063
v -1.687616 6.639324 -0.452321
v -0.000198 6.122660 9.882785
v -0.624143 6.122660 9.624502
v 0.624259 6.122660 9.624502
v -0.903842 6.122660 8.948701
v 0.903958 6.122660 8.948701
v 1.060201 6.122660 7.651194
v -1.060085 6.122660 7.651194
v -0.000198 25.640013 9.882779
v 0.624259 25.640013 9.624496
v -0.624143 25.640013 9.624496
v 0.903958 25.640011 8.948695
v -0.903842 25.640011 8.948695
v -1.060085 25.640011 7.651188
v 1.060201 25.640011 7.651188
v -1.687616 6.639324 0.452048
v -7.005490 6.639325 1.876792
v -7.005490 0.564682 1.876794
v 1.687732 6.639324 -0.452321
v 7.005607 0.564681 -1.877063
v 7.005607 6.639324 -1.877065
v 8.999873 6.639324 0.000244
v 8.693536 6.639323 -2.329630
v 8.693536 10.226702 -2.329632
v 7.793990 10.226701 -4.500270
v 7.793990 6.639323 -4.500269
v 6.363732 10.226700 -6.363865
v 6.363732 6.639322 -6.363864
v 4.500094 10.226700 -7.793942
v 4.500094 6.639322 -7.793941
v 2.329606 10.226700 -8.692978
v 2.329606 6.639321 -8.692977
v -0.000198 10.226700 -9.000022
v -0.000198 6.639321 -9.000021
v -2.329490 10.226700 -8.692978
v -2.329490 6.639321 -8.692977
v -4.499978 10.226700 -7.793942
v -4.499978 6.639322 -7.793941
v -6.364128 10.226700 -6.363865
v -6.364128 6.639322 -6.363864
v -7.794386 10.226701 -4.500270
v -7.794386 6.639323 -4.500269
v -8.693419 10.226702 -2.329632
v -8.693419 6.639323 -2.329630
v -8.999758 10.226702 0.000243
v -8.999758 6.639324 0.000244
v -8.693419 10.226703 2.329356
v -8.693419 6.639325 2.329357
v -7.794386 10.226704 4.499995
v -7.794386 6.639326 4.499996
v -6.364128 10.226704 6.363591
v -6.364128 6.639326 6.363592
v -4.499978 10.226705 7.794429
v -4.499978 6.639327 7.794430
v -2.329490 10.226705 8.693465
v -2.329490 6.639327 8.693466
v -0.000198 10.226705 8.999747
v -0.000198 6.639327 8.999748
v 8.999873 10.226702 0.000243
v 8.693536 6.639325 2.329357
v 8.693536 10.226703 2.329356
v 7.793990 6.639326 4.499996
v 7.793990 10.226704 4.499995
v 6.363732 6.639326 6.363592
v 6.363732 10.226704 6.363591
v 4.500094 6.639327 7.794430
v 4.500094 10.226705 7.794429
v 2.329606 6.639327 8.693466
v 2.329606 10.226705 8.693465
v -0.000198 6.639327 8.999748
v -0.000198 10.226705 8.999747
v 8.999873 20.553009 0.000240
v 8.693536 16.439590 -2.329633
v 8.693536 20.553007 -2.329635
v 7.793990 16.439590 -4.500272
v 7.793990 20.553007 -4.500273
v 6.363732 16.439589 -6.363867
v 6.363732 20.553007 -6.363869
v 4.500094 16.439589 -7.793944
v 4.500094 20.553007 -7.793946
v 2.329606 16.439589 -8.692980
v 2.329606 20.553005 -8.692981
v -0.000198 16.439589 -9.000024
v -0.000198 20.553005 -9.000025
v -2.329490 16.439589 -8.692980
v -2.329490 20.553005 -8.692981
v -4.499978 16.439589 -7.793944
v -4.499978 20.553007 -7.793946
v -6.364128 16.439589 -6.363867
v -6.364128 20.553007 -6.363869
v -7.794386 16.439590 -4.500272
v -7.794386 20.553007 -4.500273
v -8.693419 16.439590 -2.329633
v -8.693419 20.553007 -2.329635
v -8.999758 16.439590 0.000242
v -8.999758 20.553009 0.000240
v -8.693419 16.439592 2.329355
v -8.693419 20.553009 2.329353
v -7.794386 16.439592 4.499993
v -7.794386 20.553009 4.499992
v -6.364128 16.439592 6.363589
v -6.364128 20.553011 6.363587
v -4.499978 16.439592 7.794427
v -4.499978 20.553011 7.794426
v -2.329490 16.439594 8.693463
v -2.329490 20.553011 8.693462
v -0.000198 16.439594 8.999745
v -0.000198 20.553011 8.999744
v 8.999873 16.439590 0.000242
v 8.693536 20.553009 2.329353
v 8.693536 16.439592 2.329355
v 7.793990 20.553009 4.499992
v 7.793990 16.439592 4.499993
v 6.363732 20.553011 6.363587
v 6.363732 16.439592 6.363589
v 4.500094 20.553011 7.794426
v 4.500094 16.439592 7.794427
v 2.329606 20.553011 8.693462
v 2.329606 16.439594 8.693463
v -0.000198 20.553011 8.999744
v -0.000198 16.439594 8.999745
v 8.999873 14.839212 0.000242
v 8.693536 14.839211 -2.329633
v 8.693536 11.825908 -2.329632
v 7.793990 11.825907 -4.500270
v 7.793990 14.839211 -4.500271
v 6.363732 11.825907 -6.363866
v 6.363732 14.839211 -6.363867
v 4.500094 11.825906 -7.793943
v 4.500094 14.839211 -7.793944
v 2.329606 11.825905 -8.692979
v 2.329606 14.839209 -8.692980
v -0.000198 11.825905 -9.000023
v -0.000198 14.839209 -9.000024
v -2.329490 11.825905 -8.692979
v -2.329490 14.839209 -8.692980
v -4.499978 11.825906 -7.793943
v -4.499978 14.839211 -7.793944
v -6.364128 11.825907 -6.363866
v -6.364128 14.839211 -6.363867
v -7.794386 11.825907 -4.500270
v -7.794386 14.839211 -4.500271
v -8.693419 11.825908 -2.329632
v -8.693419 14.839211 -2.329633
v -8.999758 11.825909 0.000243
v -8.999758 14.839212 0.000242
v -8.693419 11.825909 2.329356
v -8.693419 14.839212 2.329355
v -7.794386 11.825910 4.499995
v -7.794386 14.839212 4.499994
v -6.364128 11.825911 6.363590
v -6.364128 14.839214 6.363589
v -4.499978 11.825911 7.794429
v -4.499978 14.839214 7.794428
v -2.329490 11.825911 8.693464
v -2.329490 14.839214 8.693463
v -0.000198 11.825911 8.999746
v -0.000198 14.839214 8.999745
v 8.999873 11.825909 0.000243
v 8.693536 14.839212 2.329355
v 8.693536 11.825909 2.329356
v 7.793990 14.839212 4.499994
v 7.793990 11.825910 4.499995
v 6.363732 14.839214 6.363589
v 6.363732 11.825911 6.363590
v 4.500094 14.839214 7.794428
v 4.500094 11.825911 7.794429
v 2.329606 14.839214 8.693463
v 2.329606 11.825911 8.693464
v -0.000198 14.839214 8.999745
v -0.000198 11.825911 8.999746
v 8.999873 24.639479 0.000239
v 8.693536 24.639479 -2.329636
v 8.693536 22.152214 -2.329635
v 7.793990 22.152214 -4.500274
v 7.793990 24.639477 -4.500274
v 6.363732 22.152214 -6.363869
v 6.363732 24.639477 -6.363870
v 4.500094 22.152214 -7.793946
v 4.500094 24.639477 -7.793947
v 2.329606 22.152212 -8.692982
v 2.329606 24.639477 -8.692983
v -0.000198 22.152212 -9.000026
v -0.000198 24.639477 -9.000027
v -2.329490 22.152212 -8.692982
v -2.329490 24.639477 -8.692983
v -4.499978 22.152214 -7.793946
v -4.499978 24.639477 -7.793947
v -6.364128 22.152214 -6.363869
v -6.364128 24.639477 -6.363870
v -7.794386 22.152214 -4.500274
v -7.794386 24.639477 -4.500274
v -8.693419 22.152214 -2.329635
v -8.693419 24.639479 -2.329636
v -8.999758 22.152216 0.000240
v -8.999758 24.639479 0.000239
v -8.693419 22.152216 2.329353
v -8.693419 24.639479 2.329352
v -7.794386 22.152216 4.499991
v -7.794386 24.639481 4.499991
v -6.364128 22.152218 6.363587
v -6.364128 24.639481 6.363586
v -4.499978 22.152218 7.794425
v -4.499978 24.639481 7.794425
v -2.329490 22.152218 8.693461
v -2.329490 24.639481 8.693460
v -0.000198 22.152218 8.999743
v -0.000198 24.639481 8.999743
v 8.999873 22.152216 0.000240
v 8.693536 24.639479 2.329352
v 8.693536 22.152216 2.329353
v 7.793990 24.639481 4.499991
v 7.793990 22.152216 4.499991
v 6.363732 24.639481 6.363586
v 6.363732 22.152218 6.363587
v 4.500094 24.639481 7.794425
v 4.500094 22.152218 7.794425
v 2.329606 24.639481 8.693460
v 2.329606 22.152218 8.693461
v -0.000198 24.639481 8.999743
v -0.000198 22.152218 8.999743
v 8.999873 14.839212 0.000242
v 8.355437 14.839211 -2.238967
v 8.693536 14.839211 -2.329633
v 7.491238 14.839211 -4.325036
v 7.793990 14.839211 -4.500271
v 6.116305 14.839211 -6.116251
v 6.363732 14.839211 -6.363867
v 4.324897 14.839211 -7.491471
v 4.500094 14.839211 -7.793944
v 2.238934 14.839209 -8.355460
v 2.329606 14.839209 -8.692980
v -0.000198 14.839209 -8.650314
v -0.000198 14.839209 -9.000024
v -2.238818 14.839209 -8.355460
v -2.329490 14.839209 -8.692980
v -4.324781 14.839211 -7.491471
v -4.499978 14.839211 -7.793944
v -6.116702 14.839211 -6.116251
v -6.364128 14.839211 -6.363867
v -7.491122 14.839211 -4.325036
v -7.794386 14.839211 -4.500271
v -8.355322 14.839211 -2.238967
v -8.693419 14.839211 -2.329633
v -8.649878 14.839212 0.000242
v -8.999758 14.839212 0.000242
v -8.355322 14.839212 2.238689
v -8.693419 14.839212 2.329355
v -7.491122 14.839212 4.324758
v -7.794386 14.839212 4.499994
v -6.116702 14.839214 6.116735
v -6.364128 14.839214 6.363589
v -4.324781 14.839214 7.491194
v -4.499978 14.839214 7.794428
v -2.238818 14.839214 8.355182
v -2.329490 14.839214 8.693463
v -0.000198 14.839214 8.650035
v -0.000198 14.839214 8.999745
v 8.649993 14.839212 0.000242
v 8.693536 14.839212 2.329355
v 8.355437 14.839212 2.238689
v 7.793990 14.839212 4.499994
v 7.491238 14.839212 4.324758
v 6.363732 14.839214 6.363589
v 6.116305 14.839214 6.116735
v 4.500094 14.839214 7.794428
v 4.324897 14.839214 7.491194
v 2.329606 14.839214 8.693463
v 2.238934 14.839214 8.355182
v -0.000198 14.839214 8.999745
v -0.000198 14.839214 8.650035
v 8.693536 16.439590 -2.329633
v 8.999873 16.439590 0.000242
v 8.649993 16.439590 0.000242
v 8.355437 16.439592 2.238689
v 8.693536 16.439592 2.329355
v 7.491238 16.439592 4.324758
v 7.793990 16.439592 4.499993
v 6.116305 16.439592 6.116735
v 6.363732 16.439592 6.363589
v 4.324897 16.439592 7.491193
v 4.500094 16.439592 7.794427
v 2.238934 16.439594 8.355182
v 2.329606 16.439594 8.693463
v -0.000198 16.439594 8.650035
v -0.000198 16.439594 8.999745
v -2.238818 16.439594 8.355182
v -2.329490 16.439594 8.693463
v -4.324781 16.439592 7.491193
v -4.499978 16.439592 7.794427
v -6.116702 16.439592 6.116735
v -6.364128 16.439592 6.363589
v -7.491122 16.439592 4.324758
v -7.794386 16.439592 4.499993
v -8.355322 16.439592 2.238689
v -8.693419 16.439592 2.329355
v -8.649878 16.439590 0.000242
v -8.999758 16.439590 0.000242
v -8.355322 16.439590 -2.238968
v -8.693419 16.439590 -2.329633
v -7.491122 16.439590 -4.325037
v -7.794386 16.439590 -4.500272
v -6.116702 16.439589 -6.116251
v -6.364128 16.439589 -6.363867
v -4.324781 16.439589 -7.491472
v -4.499978 16.439589 -7.793944
v -2.238818 16.439589 -8.355460
v -2.329490 16.439589 -8.692980
v -0.000198 16.439589 -8.650314
v -0.000198 16.439589 -9.000024
v 2.238934 16.439589 -8.355460
v 2.329606 16.439589 -8.692980
v 4.324897 16.439589 -7.491472
v 4.500094 16.439589 -7.793944
v 6.116305 16.439589 -6.116251
v 6.363732 16.439589 -6.363867
v 7.491238 16.439590 -4.325037
v 7.793990 16.439590 -4.500272
v 8.355437 16.439590 -2.238968
v 8.999873 10.226702 0.000243
v 8.355437 10.226702 -2.238966
v 8.693536 10.226702 -2.329632
v 7.491238 10.226701 -4.325035
v 7.793990 10.226701 -4.500270
v 6.116305 10.226700 -6.116250
v 6.363732 10.226700 -6.363865
v 4.324897 10.226700 -7.491470
v 4.500094 10.226700 -7.793942
v 2.238934 10.226700 -8.355458
v 2.329606 10.226700 -8.692978
v -0.000198 10.226700 -8.650312
v -0.000198 10.226700 -9.000022
v -2.238818 10.226700 -8.355458
v -2.329490 10.226700 -8.692978
v -4.324781 10.226700 -7.491470
v -4.499978 10.226700 -7.793942
v -6.116702 10.226700 -6.116250
v -6.364128 10.226700 -6.363865
v -7.491122 10.226701 -4.325035
v -7.794386 10.226701 -4.500270
v -8.355322 10.226702 -2.238966
v -8.693419 10.226702 -2.329632
v -8.649878 10.226702 0.000243
v -8.999758 10.226702 0.000243
v -8.355322 10.226703 2.238691
v -8.693419 10.226703 2.329356
v -7.491122 10.226704 4.324759
v -7.794386 10.226704 4.499995
v -6.116702 10.226704 6.116736
v -6.364128 10.226704 6.363591
v -4.324781 10.226705 7.491195
v -4.499978 10.226705 7.794429
v -2.238818 10.226705 8.355184
v -2.329490 10.226705 8.693465
v -0.000198 10.226705 8.650037
v -0.000198 10.226705 8.999747
v 2.238934 10.226705 8.355184
v 2.329606 10.226705 8.693465
v 4.324897 10.226705 7.491195
v 4.500094 10.226705 7.794429
v 6.116305 10.226704 6.116736
v 6.363732 10.226704 6.363591
v 7.491238 10.226704 4.324759
v 7.793990 10.226704 4.499995
v 8.355437 10.226703 2.238691
v 8.693536 10.226703 2.329356
v 8.649993 10.226702 0.000243
v 8.693536 11.825908 -2.329632
v 8.649993 11.825909 0.000243
v 8.999873 11.825909 0.000243
v 8.355437 11.825909 2.238690
v 8.693536 11.825909 2.329356
v 7.491238 11.825910 4.324759
v 7.793990 11.825910 4.499995
v 6.116305 11.825911 6.116736
v 6.363732 11.825911 6.363590
v 4.324897 11.825911 7.491195
v 4.500094 11.825911 7.794429
v 2.238934 11.825911 8.355183
v 2.329606 11.825911 8.693464
v -0.000198 11.825911 8.650036
v -0.000198 11.825911 8.999746
v 8.355437 11.825908 -2.238967
v 7.793990 11.825907 -4.500270
v 7.491238 11.825907 -4.325035
v 6.363732 11.825907 -6.363866
v 6.116305 11.825907 -6.116250
v 4.500094 11.825906 -7.793943
v 4.324897 11.825906 -7.491470
v 2.329606 11.825905 -8.692979
v 2.238934 11.825906 -8.355459
v -0.000198 11.825905 -9.000023
v -0.000198 11.825906 -8.650313
v -2.329490 11.825905 -8.692979
v -2.238818 11.825906 -8.355459
v -4.499978 11.825906 -7.793943
v -4.324781 11.825906 -7.491470
v -6.364128 11.825907 -6.363866
v -6.116702 11.825907 -6.116250
v -7.794386 11.825907 -4.500270
v -7.491122 11.825907 -4.325035
v -8.693419 11.825908 -2.329632
v -8.355322 11.825908 -2.238967
v -8.999758 11.825909 0.000243
v -8.649878 11.825909 0.000243
v -8.693419 11.825909 2.329356
v -8.355322 11.825909 2.238690
v -7.794386 11.825910 4.499995
v -7.491122 11.825910 4.324759
v -6.364128 11.825911 6.363590
v -6.116702 11.825911 6.116736
v -4.499978 11.825911 7.794429
v -4.324781 11.825911 7.491195
v -2.329490 11.825911 8.693464
v -2.238818 11.825911 8.355183
v -0.000198 11.825911 8.999746
v -0.000198 11.825911 8.650036
v 8.999873 20.553009 0.000240
v 8.693536 20.553007 -2.329635
v 7.435913 20.553007 -1.992115
v 6.666996 20.553007 -3.848854
v 7.793990 20.553007 -4.500273
v 5.443695 20.553007 -5.443500
v 6.363732 20.553007 -6.363869
v 3.848999 20.553007 -6.667103
v 4.500094 20.553007 -7.793946
v 1.992532 20.553007 -7.435855
v 2.329606 20.553005 -8.692981
v -0.000198 20.553007 -7.697947
v -0.000198 20.553005 -9.000025
v -1.992416 20.553007 -7.435855
v -2.329490 20.553005 -8.692981
v -3.848883 20.553007 -6.667103
v -4.499978 20.553007 -7.793946
v -5.443579 20.553007 -5.443500
v -6.364128 20.553007 -6.363869
v -6.666880 20.553007 -3.848854
v -7.794386 20.553007 -4.500273
v -7.435797 20.553007 -1.992115
v -8.693419 20.553007 -2.329635
v -7.698079 20.553009 0.000240
v -8.999758 20.553009 0.000240
v -7.435797 20.553009 1.992596
v -8.693419 20.553009 2.329353
v -6.666880 20.553009 3.849334
v -7.794386 20.553009 4.499992
v -5.443579 20.553011 5.443218
v -6.364128 20.553011 6.363587
v -3.848883 20.553011 6.666821
v -4.499978 20.553011 7.794426
v -1.992416 20.553011 7.435574
v -2.329490 20.553011 8.693462
v -0.000198 20.553011 7.698428
v -0.000198 20.553011 8.999744
v 1.992532 20.553011 7.435574
v 2.329606 20.553011 8.693462
v 3.848999 20.553011 6.666821
v 4.500094 20.553011 7.794426
v 5.443695 20.553011 5.443218
v 6.363732 20.553011 6.363587
v 6.666996 20.553009 3.849334
v 7.793990 20.553009 4.499992
v 7.435913 20.553009 1.992596
v 8.693536 20.553009 2.329353
v 7.698195 20.553009 0.000240
v 8.693536 22.152214 -2.329635
v 7.698195 22.152216 0.000240
v 8.999873 22.152216 0.000240
v 7.435913 22.152216 1.992595
v 8.693536 22.152216 2.329353
v 6.666996 22.152216 3.849333
v 7.793990 22.152216 4.499991
v 5.443695 22.152218 5.443217
v 6.363732 22.152218 6.363587
v 3.848999 22.152218 6.666821
v 4.500094 22.152218 7.794425
v 1.992532 22.152218 7.435573
v 2.329606 22.152218 8.693461
v -0.000198 22.152218 7.698427
v -0.000198 22.152218 8.999743
v -1.992416 22.152218 7.435573
v -2.329490 22.152218 8.693461
v -3.848883 22.152218 6.666821
v -4.499978 22.152218 7.794425
v -5.443579 22.152218 5.443217
v -6.364128 22.152218 6.363587
v -6.666880 22.152216 3.849333
v -7.794386 22.152216 4.499991
v -7.435797 22.152216 1.992595
v -8.693419 22.152216 2.329353
v -7.698079 22.152216 0.000240
v -8.999758 22.152216 0.000240
v -7.435797 22.152214 -1.992115
v -8.693419 22.152214 -2.329635
v -6.666880 22.152214 -3.848854
v -7.794386 22.152214 -4.500274
v -5.443579 22.152214 -5.443500
v -6.364128 22.152214 -6.363869
v -3.848883 22.152214 -6.667103
v -4.499978 22.152214 -7.793946
v -1.992416 22.152214 -7.435855
v -2.329490 22.152212 -8.692982
v -0.000198 22.152214 -7.697948
v -0.000198 22.152212 -9.000026
v 1.992532 22.152214 -7.435855
v 2.329606 22.152212 -8.692982
v 3.848999 22.152214 -6.667103
v 4.500094 22.152214 -7.793946
v 5.443695 22.152214 -5.443500
v 6.363732 22.152214 -6.363869
v 6.666996 22.152214 -3.848854
v 7.793990 22.152214 -4.500274
v 7.435913 22.152214 -1.992115
v 8.999873 24.639479 0.000239
v 7.719198 24.639479 -2.068306
v 8.693536 24.639479 -2.329636
v 6.920569 24.639477 -3.995900
v 7.793990 24.639477 -4.500274
v 5.650652 24.639477 -5.650736
v 6.363732 24.639477 -6.363870
v 3.995508 24.639477 -6.920815
v 4.500094 24.639477 -7.793947
v 2.068348 24.639477 -7.719281
v 2.329606 24.639477 -8.692983
v -0.000198 24.639477 -7.991278
v -0.000198 24.639477 -9.000027
v -2.068232 24.639477 -7.719281
v -2.329490 24.639477 -8.692983
v -3.995904 24.639477 -6.920815
v -4.499978 24.639477 -7.793947
v -5.650536 24.639477 -5.650736
v -6.364128 24.639477 -6.363870
v -6.920965 24.639477 -3.995900
v -7.794386 24.639477 -4.500274
v -7.719082 24.639479 -2.068306
v -8.693419 24.639479 -2.329636
v -7.991610 24.639479 0.000239
v -8.999758 24.639479 0.000239
v -7.719082 24.639479 2.068022
v -8.693419 24.639479 2.329352
v -6.920965 24.639481 3.995616
v -7.794386 24.639481 4.499991
v -5.650536 24.639481 5.650453
v -6.364128 24.639481 6.363586
v -3.995904 24.639481 6.920532
v -4.499978 24.639481 7.794425
v -2.068232 24.639481 7.718998
v -2.329490 24.639481 8.693460
v -0.000198 24.639481 7.990994
v -0.000198 24.639481 8.999743
v 2.068348 24.639481 7.718998
v 2.329606 24.639481 8.693460
v 3.995508 24.639481 6.920532
v 4.500094 24.639481 7.794425
v 5.650652 24.639481 5.650453
v 6.363732 24.639481 6.363586
v 6.920569 24.639481 3.995616
v 7.793990 24.639481 4.499991
v 7.719198 24.639479 2.068022
v 8.693536 24.639479 2.329352
v 7.991214 24.639479 0.000239
v 1.747155 -0.000020 0.000246
v 7.253033 -0.000020 0.000246
v 1.687732 -0.000020 -0.452319
v 7.005607 -0.000021 -1.877063
v 9.024462 -0.000021 -2.142964
v 9.289306 -0.000020 0.000246
v 1.687732 -0.000020 0.452050
v 7.005607 -0.000020 1.876794
v 1.747155 -0.000020 0.000246
v 7.253033 -0.000020 0.000246
v 1.513047 6.639324 0.873376
v 6.281257 6.639325 3.626103
v 1.687732 6.639324 0.452048
v 7.005607 6.639325 1.876792
v 7.793990 6.639326 4.499996
v 8.693536 6.639325 2.329357
v 7.253033 6.639324 0.000244
v 8.999873 6.639324 0.000244
v 7.005607 6.639324 -1.877065
v 8.693536 6.639323 -2.329630
v 6.281257 6.639323 -3.626376
v 7.793990 6.639323 -4.500269
v 5.128649 6.639323 -5.128833
v 6.363732 6.639322 -6.363864
v 3.626161 6.639322 -6.280818
v 4.500094 6.639322 -7.793941
v 1.877271 6.639322 -7.005380
v 2.329606 6.639321 -8.692977
v -0.000198 6.639322 -7.252996
v -0.000198 6.639321 -9.000021
v -1.877155 6.639322 -7.005380
v -2.329490 6.639321 -8.692977
v -3.626557 6.639322 -6.280818
v -4.499978 6.639322 -7.793941
v -5.128533 6.639323 -5.128833
v -6.364128 6.639322 -6.363864
v -6.281141 6.639323 -3.626376
v -7.794386 6.639323 -4.500269
v -7.005490 6.639324 -1.877065
v -1.687616 6.639324 -0.452321
v -1.512931 6.639324 -0.873649
v 1.513047 6.639324 -0.873649
v 1.687732 6.639324 -0.452321
v 0.452136 6.639324 -1.687353
v 0.873734 6.639324 -1.512879
v -0.873618 6.639324 -1.512879
v -0.452020 6.639324 -1.687353
v -8.693419 6.639323 -2.329630
v -7.252917 6.639324 0.000244
v -8.999758 6.639324 0.000244
v -7.005490 6.639325 1.876792
v -8.693419 6.639325 2.329357
v -6.281141 6.639325 3.626103
v -7.794386 6.639326 4.499996
v -5.128533 6.639326 5.128560
v -6.364128 6.639326 6.363592
v -3.626557 6.639326 6.281307
v -4.499978 6.639327 7.794430
v -1.877155 6.639326 7.005869
v -2.329490 6.639327 8.693466
v -0.000198 6.639326 7.252723
v -0.000198 6.639327 8.999748
v -1.512931 6.639324 0.873376
v -1.687616 6.639324 0.452048
v -0.873618 6.639325 1.513368
v -0.452020 6.639325 1.687842
v -0.000198 6.639325 1.747270
v 1.877271 6.639326 7.005869
v 0.452136 6.639325 1.687842
v 0.873734 6.639325 1.513368
v 3.626161 6.639326 6.281307
v 2.329606 6.639327 8.693466
v 4.500094 6.639327 7.794430
v 5.128649 6.639326 5.128560
v 6.363732 6.639326 6.363592
v 6.281257 -0.000019 3.626105
v 1.513047 -0.000020 0.873378
v 5.128649 -0.000019 5.128561
v 1.235397 -0.000020 1.235278
v 3.626161 -0.000018 6.281309
v 0.873734 -0.000020 1.513370
v -3.626557 -0.000018 6.281309
v -0.873618 -0.000020 1.513370
v -5.128533 -0.000019 5.128561
v -1.235281 -0.000020 1.235278
v -6.281141 -0.000019 3.626105
v -1.512931 -0.000020 0.873378
v -1.747039 -0.000020 0.000246
v -7.252917 -0.000020 0.000246
v -1.687616 -0.000020 0.452050
v -7.005490 -0.000020 1.876794
v -1.687616 -0.000020 -0.452319
v -7.005490 -0.000021 -1.877063
v -1.747039 -0.000020 0.000246
v -7.252917 -0.000020 0.000246
v -9.289190 -0.000020 0.000246
v -9.024858 -0.000021 -2.142964
v -1.235281 -0.000021 -1.235547
v -5.128533 -0.000021 -5.128831
v -1.512931 -0.000021 -0.873647
v -6.281141 -0.000021 -3.626374
v -0.873618 -0.000021 -1.512877
v -3.626557 -0.000022 -6.280816
v -1.235281 -0.000021 -1.235547
v -5.128533 -0.000021 -5.128831
v -1.877155 5.220539 -7.005380
v -0.452020 5.220540 -1.687352
v -0.000198 5.220539 -7.252995
v -0.000198 5.220540 -1.747542
v 1.877271 5.220539 -7.005380
v 0.452136 5.220540 -1.687352
v 1.235397 -0.000021 -1.235547
v 5.128649 -0.000021 -5.128831
v 0.873734 -0.000021 -1.512877
v 3.626161 -0.000022 -6.280816
v 1.513047 -0.000021 -0.873647
v 6.281257 -0.000021 -3.626374
v 1.235397 -0.000021 -1.235547
v 5.128649 -0.000021 -5.128831
v 7.005607 0.564681 -1.877063
v 1.687732 6.639324 -0.452321
v 7.005607 -0.000021 -1.877063
v 1.687732 -0.000020 -0.452319
v 7.005607 0.564681 -1.877063
v 7.253033 0.564682 0.000246
v 7.005607 6.639324 -1.877065
v 7.253033 6.639324 0.000244
v 7.005607 0.564682 1.876794
v 7.005607 6.639325 1.876792
v 1.687732 -0.000020 0.452050
v 1.687732 6.639324 0.452048
v 1.747155 -0.000020 0.000246
v 1.747155 6.639324 0.000244
v 1.687732 -0.000020 -0.452319
v 1.687732 6.639324 -0.452321
v 6.281257 6.639325 3.626103
v 6.281257 -0.000019 3.626105
v 1.513047 6.639324 0.873376
v 1.513047 -0.000020 0.873378
v 6.281257 -0.000019 3.626105
v 6.281257 6.639325 3.626103
v 5.128649 -0.000019 5.128561
v 5.128649 6.639326 5.128560
v 3.626161 -0.000018 6.281309
v 3.626161 6.639326 6.281307
v 0.873734 6.639325 1.513368
v 0.873734 -0.000020 1.513370
v 3.626161 6.639326 6.281307
v 3.626161 -0.000018 6.281309
v 0.873734 -0.000020 1.513370
v 0.873734 6.639325 1.513368
v 1.235397 -0.000020 1.235278
v 1.235397 6.639325 1.235276
v 1.513047 -0.000020 0.873378
v 1.513047 6.639324 0.873376
v -3.626557 6.639326 6.281307
v -3.626557 -0.000018 6.281309
v -0.873618 6.639325 1.513368
v -0.873618 -0.000020 1.513370
v -3.626557 -0.000018 6.281309
v -3.626557 6.639326 6.281307
v -5.128533 -0.000019 5.128561
v -5.128533 6.639326 5.128560
v -6.281141 -0.000019 3.626105
v -6.281141 6.639325 3.626103
v -1.512931 6.639324 0.873376
v -1.512931 -0.000020 0.873378
v -6.281141 6.639325 3.626103
v -6.281141 -0.000019 3.626105
v -1.512931 -0.000020 0.873378
v -1.512931 6.639324 0.873376
v -1.235281 -0.000020 1.235278
v -1.235281 6.639325 1.235276
v -0.873618 -0.000020 1.513370
v -0.873618 6.639325 1.513368
v -7.005490 0.564682 1.876794
v -7.005490 -0.000020 1.876794
v -1.687616 6.639324 0.452048
v -1.687616 -0.000020 0.452050
v -7.005490 0.564682 1.876794
v -7.005490 6.639325 1.876792
v -7.252917 0.564682 0.000246
v -7.252917 6.639324 0.000244
v -7.005490 0.564681 -1.877063
v -7.005490 6.639324 -1.877065
v -1.687616 -0.000020 -0.452319
v -1.687616 6.639324 -0.452321
v -1.747039 -0.000020 0.000246
v -1.747039 6.639324 0.000244
v -1.687616 -0.000020 0.452050
v -1.687616 6.639324 0.452048
v -6.281141 6.639323 -3.626376
v -6.281141 -0.000021 -3.626374
v -1.512931 6.639324 -0.873649
v -1.512931 -0.000021 -0.873647
v -6.281141 -0.000021 -3.626374
v -6.281141 6.639323 -3.626376
v -5.128533 -0.000021 -5.128831
v -5.128533 6.639323 -5.128833
v -3.626557 -0.000022 -6.280816
v -3.626557 6.639322 -6.280818
v -0.873618 6.639324 -1.512879
v -0.873618 -0.000021 -1.512877
v -3.626557 6.639322 -6.280818
v -3.626557 -0.000022 -6.280816
v -0.873618 -0.000021 -1.512877
v -0.873618 6.639324 -1.512879
v -1.235281 -0.000021 -1.235547
v -1.235281 6.639324 -1.235549
v -1.512931 -0.000021 -0.873647
v -1.512931 6.639324 -0.873649
v -1.877155 6.639322 -7.005380
v -1.877155 5.220539 -7.005380
v -0.452020 6.639324 -1.687353
v -0.452020 5.220540 -1.687352
v -1.877155 5.220539 -7.005380
v -1.877155 6.639322 -7.005380
v -0.000198 5.220539 -7.252995
v -0.000198 6.639322 -7.252996
v 1.877271 5.220539 -7.005380
v 1.877271 6.639322 -7.005380
v 0.452136 6.639324 -1.687353
v 0.452136 5.220540 -1.687352
v 1.877271 6.639322 -7.005380
v 1.877271 5.220539 -7.005380
v 0.452136 5.220540 -1.687352
v 0.452136 6.639324 -1.687353
v -0.000198 5.220540 -1.747542
v -0.000198 6.639324 -1.747543
v -0.452020 5.220540 -1.687352
v -0.452020 6.639324 -1.687353
v 3.626161 6.639322 -6.280818
v 3.626161 -0.000022 -6.280816
v 0.873734 6.639324 -1.512879
v 0.873734 -0.000021 -1.512877
v 3.626161 -0.000022 -6.280816
v 3.626161 6.639322 -6.280818
v 5.128649 -0.000021 -5.128831
v 5.128649 6.639323 -5.128833
v 6.281257 -0.000021 -3.626374
v 6.281257 6.639323 -3.626376
v 1.513047 6.639324 -0.873649
v 1.513047 -0.000021 -0.873647
v 6.281257 6.639323 -3.626376
v 6.281257 -0.000021 -3.626374
v 1.513047 -0.000021 -0.873647
v 1.513047 6.639324 -0.873649
v 1.235397 -0.000021 -1.235547
v 1.235397 6.639324 -1.235549
v 0.873734 -0.000021 -1.512877
v 0.873734 6.639324 -1.512879
v -3.997953 -0.000017 8.799372
v -0.588284 -0.000019 2.362883
v -3.997953 -0.000016 14.118923
v -1.320318 -0.000016 14.118923
v 1.319922 -0.000016 14.118923
v 0.588400 -0.000019 2.362883
v 3.997557 -0.000016 14.118923
v 3.997557 -0.000017 8.799372
v -1.317756 5.220545 14.077779
v -0.588284 5.220541 2.362881
v -3.997953 5.220545 14.118921
v -3.997953 5.220543 8.799370
v 3.997557 5.220543 8.799370
v 3.997557 5.220545 14.118921
v 3.997557 1.739779 8.799372
v 3.997557 1.739781 14.118923
v 3.997557 -0.000017 8.799372
v 3.997557 -0.000016 14.118923
v -0.588284 5.220541 2.362881
v 0.588400 5.220541 2.362881
v -0.588284 1.739778 2.362882
v 0.588400 1.739778 2.362882
v -0.588284 -0.000019 2.362883
v 0.588400 -0.000019 2.362883
v -3.997953 5.220545 14.118921
v -3.997953 5.220543 8.799370
v -3.997953 1.739781 14.118923
v -3.997953 1.739779 8.799372
v -3.997953 -0.000016 14.118923
v -3.997953 -0.000017 8.799372
v 0.588400 5.220541 2.362881
v 3.997557 5.220543 8.799370
v 0.588400 1.739778 2.362882
v 3.997557 1.739779 8.799372
v 0.588400 -0.000019 2.362883
v 3.997557 -0.000017 8.799372
v -3.997953 5.220543 8.799370
v -0.588284 5.220541 2.362881
v -3.997953 1.739779 8.799372
v -0.588284 1.739778 2.362882
v -3.997953 -0.000017 8.799372
v -0.588284 -0.000019 2.362883
v 3.797771 5.021377 14.319301
v 1.332728 5.013175 14.319301
v 3.797771 1.739781 14.319302
v 1.332728 1.739781 14.319302
v 3.797771 0.200325 14.319302
v 1.332728 0.200325 14.319302
v -1.332612 1.739781 14.319302
v -1.332612 0.200325 14.319302
v -3.797656 1.739781 14.319302
v -3.797656 0.200325 14.319302
v -1.332612 5.013175 14.319301
v -3.797656 5.021377 14.319301
v 3.997557 5.220545 14.118921
v 1.317360 5.220545 14.077779
v 3.997557 5.220543 8.799370
v 0.588400 5.220541 2.362881
v -0.588284 5.220541 2.362881
v 0.588400 5.220541 2.362881
v -0.600579 5.006144 7.703003
v 0.600695 5.006144 7.703003
v -1.317756 5.220545 14.077779
v -0.588284 5.220541 2.362881
v -0.985806 5.006145 13.665594
v -0.600579 5.006144 7.703003
v -1.332612 1.739781 14.319302
v -1.332612 5.013175 14.319301
v -1.001686 2.071338 13.907114
v -1.001686 4.797605 13.907114
v 1.332728 1.739781 14.319302
v -1.332612 1.739781 14.319302
v 1.001290 2.071338 13.907114
v -1.001686 2.071338 13.907114
v 1.332728 5.013175 14.319301
v 1.332728 1.739781 14.319302
v 1.001290 4.797605 13.907114
v 1.001290 2.071338 13.907114
v 0.588400 5.220541 2.362881
v 1.317360 5.220545 14.077779
v 0.600695 5.006144 7.703003
v 0.985922 5.006145 13.665594
v 3.797771 0.200325 14.319302
v 3.997557 -0.000016 14.118923
v 1.332728 0.200325 14.319302
v 1.319922 -0.000016 14.118923
v -1.332612 0.200325 14.319302
v -1.320318 -0.000016 14.118923
v -3.797656 0.200325 14.319302
v -3.997953 -0.000016 14.118923
v -3.797656 5.021377 14.319301
v -3.997953 5.220545 14.118921
v -1.332612 5.013175 14.319301
v -1.317756 5.220545 14.077779
v 3.997557 -0.000016 14.118923
v 3.797771 0.200325 14.319302
v 3.997557 1.739781 14.118923
v 3.797771 1.739781 14.319302
v 3.997557 5.220545 14.118921
v 3.797771 5.021377 14.319301
v -3.997953 5.220545 14.118921
v -3.797656 5.021377 14.319301
v -3.997953 1.739781 14.118923
v -3.797656 1.739781 14.319302
v -3.997953 -0.000016 14.118923
v -3.797656 0.200325 14.319302
v 1.332728 5.013175 14.319301
v 1.317360 5.220545 14.077779
v 3.797771 5.021377 14.319301
v 3.997557 5.220545 14.118921
v -1.332612 5.013175 14.319301
v -1.317756 5.220545 14.077779
v -1.001686 4.797605 13.907114
v -0.985806 5.006145 13.665594
v 1.317360 5.220545 14.077779
v 1.332728 5.013175 14.319301
v 0.985922 5.006145 13.665594
v 1.001290 4.797605 13.907114
v 1.285600 6.323000 7.451578
v 1.099133 6.323000 8.999748
v 1.285600 25.439671 7.451572
v 1.099133 25.439671 8.999743
v 0.777428 6.323000 9.777643
v 0.777428 25.439672 9.777637
v -0.000198 6.323000 10.099163
v -0.000198 25.439672 10.099157
v -0.777312 6.323000 9.777643
v -0.777312 25.439672 9.777637
v -1.099530 6.323000 8.999748
v -1.099530 25.439671 8.999743
v -1.285996 6.323000 7.451578
v -1.285996 25.439671 7.451572
v -1.285996 6.323000 7.451578
v -1.285996 25.439671 7.451572
v 1.285600 6.323000 7.451578
v 1.285600 25.439671 7.451572
v 1.285600 6.323000 7.451578
v 1.099133 6.323000 8.999748
v 1.060201 6.122660 7.651194
v 0.903958 6.122660 8.948701
v 0.777428 6.323000 9.777643
v 0.624259 6.122660 9.624502
v -0.000198 6.323000 10.099163
v -0.000198 6.122660 9.882785
v -0.777312 6.323000 9.777643
v -0.624143 6.122660 9.624502
v -1.099530 6.323000 8.999748
v -0.903842 6.122660 8.948701
v -1.285996 6.323000 7.451578
v -1.060085 6.122660 7.651194
v 1.060201 25.640011 7.651188
v 1.285600 25.439671 7.451572
v 0.903958 25.640011 8.948695
v 1.099133 25.439671 8.999743
v 0.624259 25.640013 9.624496
v 0.777428 25.439672 9.777637
v -0.000198 25.640013 9.882779
v -0.000198 25.439672 10.099157
v -0.624143 25.640013 9.624496
v -0.777312 25.439672 9.777637
v -0.903842 25.640011 8.948695
v -1.099530 25.439671 8.999743
v -1.060085 25.640011 7.651188
v -1.285996 25.439671 7.451572
v 1.060201 6.122660 7.651194
v 1.285600 6.323000 7.451578
v -1.060085 6.122660 7.651194
v -1.285996 6.323000 7.451578
v -1.060085 25.640011 7.651188
v -1.285996 25.439671 7.451572
v 1.060201 25.640011 7.651188
v 1.285600 25.439671 7.451572
v -0.000198 4.885471 8.502231
v 0.352244 4.885471 8.647754
v -0.000198 30.750444 8.502222
v 0.352244 30.750444 8.647745
v 0.498241 4.885471 8.999749
v 0.498241 30.750444 8.999741
v 0.352244 4.885472 9.352507
v 0.352244 30.750444 9.352498
v -0.000198 4.885472 9.498029
v -0.000198 30.750446 9.498020
v -0.352128 4.885472 9.352507
v -0.352128 30.750444 9.352498
v -0.498125 4.885471 8.999749
v -0.498125 30.750444 8.999741
v -0.352128 4.885471 8.647754
v -0.352128 30.750444 8.647745
v -0.000198 4.885471 8.502231
v -0.000198 30.750444 8.502222
v -0.352128 4.885472 9.352507
v -0.498125 4.885471 8.999749
v -0.000198 4.885472 9.498029
v -0.000198 4.885471 8.999749
v 0.352244 4.885472 9.352507
v 0.498241 4.885471 8.999749
v -0.000198 4.885471 8.502231
v 0.352244 4.885471 8.647754
v -0.352128 4.885471 8.647754
v 0.403983 30.874630 8.999741
v 0.058713 30.983589 8.941074
v 0.285649 30.874630 8.714029
v -0.000198 30.983589 8.916694
v 0.082790 30.983589 8.999741
v 0.285649 30.874630 9.285451
v 0.058713 30.983589 9.058406
v -0.000198 30.874630 9.404306
v -0.000198 30.983589 9.082787
v -0.285532 30.874630 9.285451
v -0.058597 30.983589 9.058406
v -0.403867 30.874630 8.999741
v -0.083186 30.983589 8.999741
v -0.285532 30.874630 8.714029
v -0.058597 30.983589 8.941074
v -0.000198 30.874630 8.595936
v -0.000198 30.750444 8.502222
v 0.352244 30.750444 8.647745
v 0.498241 30.750444 8.999741
v 0.352244 30.750444 9.352498
v -0.000198 30.750446 9.498020
v -0.352128 30.750444 9.352498
v -0.498125 30.750444 8.999741
v -0.352128 30.750444 8.647745
v 2.292722 -0.000022 -8.546691
v 2.329606 -0.000023 -10.975613
v 0.445477 -0.000021 -1.687351
v 0.769231 -0.000023 -10.975613
v -0.769115 -0.000023 -10.975613
v -0.445361 -0.000021 -1.687351
v -2.329490 -0.000023 -10.975613
v -2.292606 -0.000022 -8.546691
v -2.329490 5.220537 -10.975615
v -2.329490 -0.000023 -10.975613
v -2.292606 5.220538 -8.546693
v -2.292606 -0.000022 -8.546691
v -0.445361 5.220540 -1.687352
v -0.445361 -0.000021 -1.687351
v 0.445477 5.220540 -1.687352
v 0.445477 -0.000021 -1.687351
v 2.292722 5.220538 -8.546693
v 2.292722 -0.000022 -8.546691
v 2.329606 5.220537 -10.975615
v 2.329606 -0.000023 -10.975613
v -2.292606 5.220538 -8.546693
v -2.292606 -0.000022 -8.546691
v -0.445361 5.220540 -1.687352
v -0.445361 -0.000021 -1.687351
v 0.445477 5.220540 -1.687352
v 0.445477 -0.000021 -1.687351
v 2.292722 5.220538 -8.546693
v 2.292722 -0.000022 -8.546691
v -2.212692 0.200317 -11.175991
v -2.212692 5.021369 -11.175992
v -0.776287 0.200317 -11.175991
v -0.776287 2.713356 -11.175992
v 0.776403 2.713356 -11.175992
v 2.212808 5.021369 -11.175992
v 2.212808 0.200317 -11.175991
v 0.776403 0.200317 -11.175991
v 2.329606 5.220537 -10.975615
v 2.292722 5.220538 -8.546693
v -2.329490 5.220537 -10.975615
v -2.292606 5.220538 -8.546693
v 0.445477 5.220540 -1.687352
v -0.445361 5.220540 -1.687352
v -2.212692 0.200317 -11.175991
v -0.776287 0.200317 -11.175991
v -2.329490 -0.000023 -10.975613
v -0.769115 -0.000023 -10.975613
v 2.329606 5.220537 -10.975615
v 2.329606 -0.000023 -10.975613
v 2.212808 5.021369 -11.175992
v 2.212808 0.200317 -11.175991
v 0.776403 0.200317 -11.175991
v 2.212808 0.200317 -11.175991
v 0.769231 -0.000023 -10.975613
v 2.329606 -0.000023 -10.975613
v 2.212808 5.021369 -11.175992
v -2.212692 5.021369 -11.175992
v 2.329606 5.220537 -10.975615
v -2.329490 5.220537 -10.975615
v -2.329490 -0.000023 -10.975613
v -2.329490 5.220537 -10.975615
v -2.212692 0.200317 -11.175991
v -2.212692 5.021369 -11.175992
v -0.769115 -0.000023 -10.975613
v -0.769115 0.090189 -10.885710
v 0.769231 -0.000023 -10.975613
v 0.769231 0.090189 -10.885710
v -0.776287 0.200317 -11.175991
v -0.776287 0.248352 -11.057899
v -0.769115 -0.000023 -10.975613
v -0.769115 0.090189 -10.885710
v -0.776287 2.713356 -11.175992
v -0.776287 2.713356 -11.047995
v -0.776287 0.200317 -11.175991
v -0.776287 0.248352 -11.057899
v 0.776403 2.713356 -11.175992
v 0.776403 2.713356 -11.047995
v -0.776287 2.713356 -11.175992
v -0.776287 2.713356 -11.047995
v 0.776403 0.200317 -11.175991
v 0.776403 0.248352 -11.057899
v 0.776403 2.713356 -11.175992
v 0.776403 2.713356 -11.047995
v 0.769231 -0.000023 -10.975613
v 0.769231 0.090189 -10.885710
v 0.776403 0.200317 -11.175991
v 0.776403 0.248352 -11.057899
v 9.024462 0.564681 -2.142964
v 9.289306 0.564682 0.000246
v 9.024462 -0.000021 -2.142964
v 9.289306 -0.000020 0.000246
v 9.024462 0.564682 2.142695
v 9.024462 -0.000020 2.142695
v -9.024858 0.564682 2.142695
v -9.024858 -0.000020 2.142695
v -9.289190 0.564682 0.000246
v -9.289190 -0.000020 0.000246
v -9.024858 0.564681 -2.142964
v -9.024858 -0.000021 -2.142964
v 7.005607 0.564681 -1.877063
v 7.005607 -0.000021 -1.877063
v 9.024462 0.564681 -2.142964
v 9.024462 -0.000021 -2.142964
v 7.253033 0.564682 0.000246
v 7.005607 0.564681 -1.877063
v 9.289306 0.564682 0.000246
v 9.024462 0.564681 -2.142964
v 7.005607 0.564682 1.876794
v 7.253033 0.564682 0.000246
v 9.024462 0.564682 2.142695
v 9.289306 0.564682 0.000246
v 7.005607 -0.000020 1.876794
v 7.005607 0.564682 1.876794
v 9.024462 -0.000020 2.142695
v 9.024462 0.564682 2.142695
v 7.253033 -0.000020 0.000246
v 7.005607 -0.000020 1.876794
v 9.289306 -0.000020 0.000246
v 9.024462 -0.000020 2.142695
v -7.005490 -0.000020 1.876794
v -7.252917 -0.000020 0.000246
v -9.024858 -0.000020 2.142695
v -9.289190 -0.000020 0.000246
v -7.005490 0.564682 1.876794
v -7.005490 -0.000020 1.876794
v -9.024858 0.564682 2.142695
v -9.024858 -0.000020 2.142695
v -7.252917 0.564682 0.000246
v -7.005490 0.564682 1.876794
v -9.289190 0.564682 0.000246
v -9.024858 0.564682 2.142695
v -7.005490 0.564681 -1.877063
v -7.252917 0.564682 0.000246
v -9.024858 0.564681 -2.142964
v -9.289190 0.564682 0.000246
v -7.005490 -0.000021 -1.877063
v -7.005490 0.564681 -1.877063
v -9.024858 -0.000021 -2.142964
v -9.024858 0.564681 -2.142964
v -1.687616 -0.000020 -0.452319
v -1.687616 6.639324 -0.452321
v -7.005490 -0.000021 -1.877063
v -7.005490 0.564681 -1.877063
v 1.687732 -0.000020 0.452050
v 1.687732 6.639324 0.452048
v 7.005607 -0.000020 1.876794
v 7.005607 0.564682 1.876794
vn -0.2612 -0.0022 0.9653
vn 0.2612 0.0022 -0.9653
vn -0.0000 -1.0000 -0.0000
vn -0.0000 1.0000 -0.0000
vn 0.2612 0.0022 0.9653
vn -0.2612 0.0022 -0.9653
vn 1.0000 0.0022 -0.0000
vn 0.9653 0.0022 -0.2612
vn 0.8673 0.0022 -0.4978
vn 0.7071 0.0022 -0.7071
vn 0.4978 0.0022 -0.8673
vn 0.2612 0.0021 -0.9653
vn -0.0000 0.0022 -1.0000
vn -0.2613 0.0022 -0.9653
vn -0.4978 0.0022 -0.8673
vn -0.7071 0.0022 -0.7071
vn -0.8673 0.0022 -0.4978
vn -0.9653 0.0022 -0.2612
vn -1.0000 0.0022 -0.0000
vn -0.9653 0.0021 0.2612
vn -0.9653 0.0022 0.2612
vn -0.8673 0.0022 0.4978
vn -0.7071 0.0022 0.7071
vn -0.4978 0.0022 0.8673
vn -0.2612 0.0022 0.9653
vn -0.0000 0.0022 1.0000
vn 0.9653 0.0022 0.2612
vn 0.8673 0.0022 0.4978
vn 0.7071 0.0022 0.7071
vn 0.4978 0.0022 0.8673
vn 0.0001 0.0022 1.0000
vn 0.9653 0.0021 -0.2612
vn -1.0000 -0.0022 -0.0000
vn -0.9653 -0.0022 0.2612
vn 0.9653 -0.0022 0.2613
vn 0.9653 -0.0022 0.2612
vn -0.2612 0.0021 0.9653
vn 0.9653 -0.0022 -0.2612
vn -0.9653 -0.0022 -0.2612
vn -0.9653 -0.0021 -0.2612
vn 0.2612 0.0021 0.9653
vn 0.9918 0.0022 -0.1280
vn 0.9918 -0.0022 0.1280
vn -0.9918 0.0022 -0.1280
vn -0.9918 -0.0022 0.1280
vn 0.7918 0.0022 0.6108
vn 0.7918 0.0022 0.6107
vn 0.7071 0.0023 0.7071
vn 0.6108 0.0022 0.7918
vn -0.8673 -0.0022 0.4978
vn -0.6108 0.0022 -0.7918
vn -0.7918 0.0022 -0.6108
vn 0.8673 -0.0022 0.4978
vn -0.6108 0.0022 0.7918
vn -0.7918 0.0022 0.6107
vn 0.7918 0.0022 -0.6108
vn 0.6108 0.0022 -0.7918
vn 0.2612 -0.0022 0.9653
vn -0.9918 -0.0022 0.1281
vn -0.7918 0.0022 -0.6107
vn 0.6108 -0.0022 0.7918
vn 0.7071 -0.0022 0.7071
vn 0.7918 -0.0022 0.6108
vn -0.1280 -0.0022 -0.9918
vn 0.1280 0.0022 -0.9918
vn -0.1280 0.0022 0.9918
vn -0.0000 -0.0022 1.0000
vn 0.1280 -0.0022 0.9918
vn 0.7918 0.0022 -0.6107
vn -0.7918 -0.0022 0.6108
vn -0.7071 -0.0022 0.7071
vn -0.6107 -0.0022 0.7918
vn -0.6108 -0.0022 0.7918
vn 0.8855 0.0022 -0.4647
vn -0.8855 0.0022 -0.4647
vn 0.0037 0.9992 0.0391
vn 0.0036 0.9992 0.0392
vn 0.5622 0.8261 0.0376
vn 0.7778 0.0022 0.6285
vn 0.0038 0.7793 0.6266
vn -0.7778 0.0022 0.6286
vn -0.7778 0.0022 0.6285
vn -0.5622 0.8261 0.0376
vn 0.0019 -0.7063 0.7079
vn 0.0075 0.7366 0.6763
vn -0.7071 0.0021 0.7071
vn -0.0075 0.7366 0.6763
vn 0.7992 0.4291 0.4208
vn 0.7993 0.4291 0.4208
vn -0.7993 0.4291 0.4208
vn -0.7992 0.4291 0.4208
vn 0.9927 0.0021 0.1205
vn 0.9672 0.0022 0.2539
vn -0.9672 0.0022 0.2540
vn -0.9927 0.0021 0.1205
vn 0.7030 -0.7063 0.0829
vn 0.6816 -0.7094 0.1793
vn 0.4785 -0.7336 0.4825
vn 0.0019 -0.7336 0.6796
vn -0.4811 -0.7337 0.4799
vn -0.4812 -0.7336 0.4798
vn -0.6816 -0.7095 0.1793
vn -0.6816 -0.7094 0.1793
vn -0.7026 -0.7063 0.0866
vn 0.7030 0.7063 0.0828
vn 0.6817 0.7094 0.1790
vn 0.7030 0.7063 0.0827
vn 0.4792 0.7336 0.4819
vn 0.4792 0.7336 0.4818
vn 0.0038 0.7336 0.6796
vn 0.0037 0.7336 0.6796
vn -0.4792 0.7336 0.4819
vn -0.6826 0.7094 0.1754
vn -0.7030 0.7064 0.0828
vn -0.7030 0.7063 0.0827
vn 0.0019 -0.7063 -0.7079
vn 0.0018 -0.7063 -0.7079
vn 0.0038 0.7063 -0.7079
vn 0.7071 0.0021 -0.7071
vn -0.0000 0.0021 1.0000
vn -0.7071 0.0021 -0.7071
vn -0.0001 0.0022 -1.0000
vn 0.6301 0.7765 -0.0000
vn 0.4435 0.7765 -0.4475
vn 0.2256 0.9468 -0.2296
vn 0.0019 0.9468 -0.3219
vn 0.3219 0.9468 -0.0000
vn 0.4435 0.7765 0.4475
vn 0.2256 0.9468 0.2296
vn 0.0018 0.7766 0.6300
vn 0.0019 0.9468 0.3219
vn -0.4462 0.7766 0.4448
vn -0.2283 0.9468 0.2269
vn -0.6300 0.7766 0.0038
vn -0.3219 0.9468 0.0038
vn -0.4461 0.7766 -0.4449
vn -0.2282 0.9468 -0.2269
vn 0.0019 0.7766 -0.6301
vn -0.0000 0.6043 -0.7968
vn 0.5634 0.6043 -0.5634
vn 0.7968 0.6043 -0.0000
vn 0.5634 0.6043 0.5634
vn -0.0000 0.6042 0.7968
vn -0.5634 0.6043 0.5634
vn -0.7966 0.6045 -0.0001
vn -0.5634 0.6043 -0.5634
vn -0.9999 -0.0022 0.0151
vn 0.9999 -0.0022 0.0151
vn -0.9653 -0.0021 0.2612
vn 0.9653 0.0021 0.2612
vn -0.0000 -0.0022 -1.0000
vn 0.8635 -0.0022 -0.5044
vn 0.8635 -0.0022 -0.5043
vn -0.8635 0.0022 -0.5044
vn -0.8635 0.0022 -0.5043
vn 0.9996 0.0240 -0.0151
vn -0.9996 0.0240 -0.0151
vn -0.9996 0.0241 -0.0151
vn 0.9927 0.0021 -0.1206
vn 0.9927 0.0022 -0.1206
vn 0.9927 0.0021 0.1206
vn -0.9927 0.0022 0.1206
vn -0.9927 0.0021 -0.1206
vn -0.9927 0.0022 -0.1205
vn -0.1280 0.0022 -0.9918
vn 0.1280 0.0022 0.9918
vt 0.591874 0.121121
vt 0.591874 0.045893
vt 0.674810 0.121121
vt 0.666906 0.126067
vt 0.666906 0.201180
vt 0.583969 0.126067
vt 0.559647 0.663703
vt 0.556121 0.672215
vt 0.556121 0.655076
vt 0.546879 0.676011
vt 0.546879 0.651281
vt 0.529124 0.649210
vt 0.529124 0.678082
vt 0.229725 0.663703
vt 0.233252 0.655076
vt 0.233252 0.672215
vt 0.242494 0.651281
vt 0.242494 0.676011
vt 0.260249 0.678082
vt 0.260249 0.649210
vt 0.025059 0.414210
vt 0.025059 0.338982
vt 0.107995 0.338982
vt 0.098753 0.255818
vt 0.098753 0.330930
vt 0.015695 0.330930
vt 0.579470 0.854073
vt 0.547365 0.854073
vt 0.547365 0.805072
vt 0.515261 0.805072
vt 0.515261 0.854073
vt 0.483156 0.805072
vt 0.483156 0.854073
vt 0.451173 0.805072
vt 0.451173 0.854073
vt 0.419069 0.805072
vt 0.419069 0.854073
vt 0.386964 0.805072
vt 0.386964 0.854073
vt 0.354860 0.805072
vt 0.354860 0.854073
vt 0.322755 0.805072
vt 0.322755 0.854073
vt 0.290651 0.805072
vt 0.290651 0.854073
vt 0.258668 0.805072
vt 0.258668 0.854073
vt 0.226563 0.805072
vt 0.226563 0.854073
vt 0.194459 0.805072
vt 0.194459 0.854073
vt 0.162354 0.805072
vt 0.162354 0.854073
vt 0.130250 0.805072
vt 0.130250 0.854073
vt 0.098145 0.805072
vt 0.098145 0.854073
vt 0.066162 0.805072
vt 0.066162 0.854073
vt 0.034058 0.805072
vt 0.034058 0.854073
vt 0.001953 0.805072
vt 0.001953 0.854073
vt 0.579470 0.805072
vt 0.611574 0.854073
vt 0.611574 0.805072
vt 0.643679 0.854073
vt 0.643679 0.805072
vt 0.675661 0.854073
vt 0.675661 0.805072
vt 0.707766 0.854073
vt 0.707766 0.805072
vt 0.739870 0.854073
vt 0.739870 0.805072
vt 0.771975 0.854073
vt 0.771975 0.805072
vt 0.579470 0.689470
vt 0.547365 0.745603
vt 0.547365 0.689470
vt 0.515261 0.745603
vt 0.515261 0.689470
vt 0.483156 0.745603
vt 0.483156 0.689470
vt 0.451173 0.745603
vt 0.451173 0.689470
vt 0.419069 0.745603
vt 0.419069 0.689470
vt 0.386964 0.745603
vt 0.386964 0.689470
vt 0.354860 0.745603
vt 0.354860 0.689470
vt 0.322755 0.745603
vt 0.322755 0.689470
vt 0.290651 0.745603
vt 0.290651 0.689470
vt 0.258668 0.745603
vt 0.258668 0.689470
vt 0.226563 0.745603
vt 0.226563 0.689470
vt 0.194459 0.745603
vt 0.194459 0.689470
vt 0.162354 0.745603
vt 0.162354 0.689470
vt 0.130250 0.745603
vt 0.130250 0.689470
vt 0.098145 0.745603
vt 0.098145 0.689470
vt 0.066162 0.745603
vt 0.066162 0.689470
vt 0.034058 0.745603
vt 0.034058 0.689470
vt 0.001953 0.745603
vt 0.001953 0.689470
vt 0.579470 0.745603
vt 0.611574 0.689470
vt 0.611574 0.745603
vt 0.643679 0.689470
vt 0.643679 0.745603
vt 0.675661 0.689470
vt 0.675661 0.745603
vt 0.707766 0.689470
vt 0.707766 0.745603
vt 0.739870 0.689470
vt 0.739870 0.745603
vt 0.771975 0.689470
vt 0.771975 0.745603
vt 0.576916 0.754805
vt 0.545054 0.795985
vt 0.545054 0.754805
vt 0.513072 0.795985
vt 0.513072 0.754805
vt 0.481089 0.795985
vt 0.481089 0.754805
vt 0.449227 0.795985
vt 0.449227 0.754805
vt 0.417244 0.795985
vt 0.417244 0.754690
vt 0.385262 0.795985
vt 0.385383 0.754690
vt 0.353400 0.795985
vt 0.353400 0.754690
vt 0.321417 0.795985
vt 0.321417 0.754690
vt 0.289556 0.795985
vt 0.289556 0.754690
vt 0.257573 0.795985
vt 0.257573 0.754690
vt 0.225590 0.795985
vt 0.225590 0.754690
vt 0.193729 0.795985
vt 0.193729 0.754690
vt 0.161746 0.795985
vt 0.161746 0.754690
vt 0.129885 0.795985
vt 0.129885 0.754690
vt 0.097902 0.795869
vt 0.097902 0.754690
vt 0.065919 0.795869
vt 0.065919 0.754690
vt 0.034058 0.795869
vt 0.034058 0.754805
vt 0.002075 0.796100
vt 0.001953 0.754575
vt 0.576916 0.795985
vt 0.608899 0.754805
vt 0.608899 0.795985
vt 0.640760 0.754805
vt 0.640760 0.795985
vt 0.672743 0.754805
vt 0.672743 0.795985
vt 0.704726 0.754805
vt 0.704726 0.795985
vt 0.736587 0.754805
vt 0.736587 0.795869
vt 0.768570 0.754575
vt 0.768692 0.796100
vt 0.579470 0.858329
vt 0.547365 0.892262
vt 0.547365 0.858329
vt 0.515261 0.892262
vt 0.515261 0.858329
vt 0.483156 0.892262
vt 0.483156 0.858329
vt 0.451173 0.892262
vt 0.451173 0.858329
vt 0.419069 0.892262
vt 0.419069 0.858329
vt 0.386964 0.892262
vt 0.386964 0.858329
vt 0.354860 0.892262
vt 0.354860 0.858329
vt 0.322755 0.892262
vt 0.322755 0.858329
vt 0.290651 0.892262
vt 0.290651 0.858329
vt 0.258668 0.892262
vt 0.258668 0.858329
vt 0.226563 0.892262
vt 0.226563 0.858329
vt 0.194459 0.892262
vt 0.194459 0.858329
vt 0.162354 0.892262
vt 0.162354 0.858329
vt 0.130250 0.892262
vt 0.130250 0.858329
vt 0.098145 0.892262
vt 0.098145 0.858329
vt 0.066162 0.892262
vt 0.066162 0.858329
vt 0.034058 0.892262
vt 0.034058 0.858329
vt 0.001953 0.892262
vt 0.001953 0.858329
vt 0.579470 0.892262
vt 0.611574 0.858329
vt 0.611574 0.892262
vt 0.643679 0.858329
vt 0.643679 0.892262
vt 0.675661 0.858329
vt 0.675661 0.892262
vt 0.707766 0.858329
vt 0.707766 0.892262
vt 0.739870 0.858329
vt 0.739870 0.892262
vt 0.771975 0.858329
vt 0.771975 0.892262
vt 0.545054 0.749974
vt 0.513072 0.749974
vt 0.481089 0.749974
vt 0.449227 0.749974
vt 0.417244 0.749974
vt 0.385383 0.749974
vt 0.353400 0.749974
vt 0.321417 0.749974
vt 0.289556 0.749974
vt 0.257573 0.749974
vt 0.225590 0.749974
vt 0.193729 0.749974
vt 0.161746 0.749974
vt 0.129885 0.749974
vt 0.097902 0.749974
vt 0.065919 0.749974
vt 0.034058 0.750089
vt 0.002683 0.749859
vt 0.576916 0.749974
vt 0.608899 0.749974
vt 0.640760 0.749974
vt 0.672743 0.749974
vt 0.704726 0.750089
vt 0.736587 0.750089
vt 0.767962 0.749859
vt 0.010222 0.170813
vt 0.001953 0.139871
vt 0.006696 0.139180
vt 0.006696 0.108353
vt 0.001953 0.107778
vt 0.014722 0.078561
vt 0.010222 0.076721
vt 0.030045 0.051875
vt 0.026275 0.048999
vt 0.051934 0.030135
vt 0.049015 0.026339
vt 0.078566 0.014721
vt 0.076742 0.010235
vt 0.108360 0.006669
vt 0.107752 0.001953
vt 0.139249 0.006669
vt 0.139857 0.001953
vt 0.169043 0.014721
vt 0.170867 0.010235
vt 0.195675 0.030135
vt 0.198593 0.026339
vt 0.217564 0.051875
vt 0.221334 0.048999
vt 0.232887 0.078561
vt 0.237386 0.076721
vt 0.240913 0.108353
vt 0.245656 0.107778
vt 0.240913 0.139180
vt 0.245656 0.139871
vt 0.232887 0.168972
vt 0.237386 0.170813
vt 0.217564 0.195659
vt 0.221334 0.198649
vt 0.195675 0.217514
vt 0.198593 0.221310
vt 0.169043 0.232927
vt 0.170867 0.237298
vt 0.139249 0.240864
vt 0.139857 0.245695
vt 0.108360 0.240864
vt 0.107752 0.245695
vt 0.078566 0.232927
vt 0.076742 0.237298
vt 0.051934 0.217514
vt 0.049015 0.221310
vt 0.030045 0.195659
vt 0.026275 0.198649
vt 0.014722 0.168972
vt 0.124534 0.324489
vt 0.132803 0.293547
vt 0.137181 0.295387
vt 0.152625 0.268701
vt 0.148856 0.265710
vt 0.174393 0.246846
vt 0.171475 0.243050
vt 0.201147 0.231432
vt 0.199323 0.227061
vt 0.230941 0.223495
vt 0.230333 0.218779
vt 0.261708 0.223495
vt 0.262437 0.218779
vt 0.291502 0.231432
vt 0.293326 0.227061
vt 0.318256 0.246846
vt 0.321174 0.243050
vt 0.340023 0.268701
vt 0.343793 0.265710
vt 0.355468 0.295387
vt 0.359845 0.293547
vt 0.363494 0.325179
vt 0.368236 0.324489
vt 0.363494 0.356006
vt 0.368236 0.356581
vt 0.355468 0.385798
vt 0.359845 0.387639
vt 0.340023 0.412485
vt 0.343793 0.415360
vt 0.318256 0.434340
vt 0.321174 0.438136
vt 0.291502 0.449753
vt 0.293326 0.454124
vt 0.261708 0.457690
vt 0.262437 0.462406
vt 0.230941 0.457690
vt 0.230333 0.462406
vt 0.201147 0.449753
vt 0.199323 0.454124
vt 0.174393 0.434340
vt 0.171475 0.438136
vt 0.152625 0.412485
vt 0.148856 0.415360
vt 0.137181 0.385798
vt 0.132803 0.387639
vt 0.129277 0.356006
vt 0.124534 0.356581
vt 0.129277 0.325179
vt 0.576916 0.800701
vt 0.608899 0.800701
vt 0.640760 0.800701
vt 0.672743 0.800701
vt 0.704726 0.800701
vt 0.736587 0.800586
vt 0.767962 0.800816
vt 0.545054 0.800701
vt 0.513072 0.800701
vt 0.481089 0.800701
vt 0.449227 0.800701
vt 0.417244 0.800701
vt 0.385262 0.800701
vt 0.353400 0.800701
vt 0.321417 0.800701
vt 0.289556 0.800701
vt 0.257573 0.800701
vt 0.225590 0.800701
vt 0.193729 0.800701
vt 0.161746 0.800701
vt 0.129885 0.800701
vt 0.097902 0.800701
vt 0.065919 0.800586
vt 0.034058 0.800586
vt 0.002683 0.800816
vt 0.490452 0.461831
vt 0.459442 0.453549
vt 0.466252 0.437100
vt 0.442539 0.423412
vt 0.431716 0.437445
vt 0.423082 0.403973
vt 0.408975 0.414785
vt 0.409340 0.380162
vt 0.392923 0.386948
vt 0.402287 0.353706
vt 0.384654 0.356006
vt 0.402287 0.326214
vt 0.384654 0.323914
vt 0.409340 0.299758
vt 0.392923 0.292971
vt 0.423082 0.275947
vt 0.408975 0.265135
vt 0.442539 0.256508
vt 0.431716 0.242475
vt 0.466252 0.242820
vt 0.459442 0.226371
vt 0.492763 0.235688
vt 0.490452 0.218089
vt 0.520246 0.235688
vt 0.522557 0.218089
vt 0.546757 0.242820
vt 0.553567 0.226371
vt 0.570471 0.256508
vt 0.581294 0.242475
vt 0.589928 0.275947
vt 0.604034 0.265135
vt 0.603670 0.299758
vt 0.620087 0.292971
vt 0.610723 0.326214
vt 0.628356 0.323914
vt 0.610723 0.353706
vt 0.628356 0.356006
vt 0.603670 0.380162
vt 0.620087 0.386948
vt 0.589928 0.403973
vt 0.604034 0.414785
vt 0.570471 0.423412
vt 0.581294 0.437445
vt 0.546757 0.437100
vt 0.553567 0.453549
vt 0.520246 0.444232
vt 0.522557 0.461831
vt 0.492763 0.444232
vt 0.262802 0.175069
vt 0.254533 0.144126
vt 0.272166 0.141826
vt 0.272166 0.114335
vt 0.254533 0.112034
vt 0.279219 0.087878
vt 0.262802 0.080977
vt 0.292961 0.064068
vt 0.278855 0.053255
vt 0.312297 0.044628
vt 0.301474 0.030595
vt 0.336132 0.030940
vt 0.329322 0.014491
vt 0.362642 0.023808
vt 0.360332 0.006209
vt 0.390004 0.023808
vt 0.392436 0.006209
vt 0.416515 0.030940
vt 0.423325 0.014491
vt 0.440350 0.044628
vt 0.451173 0.030595
vt 0.459686 0.064068
vt 0.473792 0.053255
vt 0.473427 0.087878
vt 0.489844 0.080977
vt 0.480602 0.114335
vt 0.498235 0.112034
vt 0.480602 0.141826
vt 0.498235 0.144126
vt 0.473427 0.168282
vt 0.489844 0.175069
vt 0.459686 0.192093
vt 0.473792 0.202905
vt 0.440350 0.211417
vt 0.451173 0.225566
vt 0.416515 0.225221
vt 0.423325 0.241554
vt 0.390004 0.232237
vt 0.392436 0.249951
vt 0.362642 0.232237
vt 0.360332 0.249951
vt 0.336132 0.225221
vt 0.329322 0.241554
vt 0.312297 0.211417
vt 0.301474 0.225566
vt 0.292961 0.192093
vt 0.278855 0.202905
vt 0.279219 0.168282
vt 0.643922 0.001953
vt 0.674932 0.010235
vt 0.669581 0.023003
vt 0.694267 0.037266
vt 0.702658 0.026339
vt 0.714454 0.057396
vt 0.725399 0.048999
vt 0.728683 0.082012
vt 0.741451 0.076721
vt 0.736101 0.109503
vt 0.749721 0.107778
vt 0.736101 0.138030
vt 0.749721 0.139871
vt 0.728683 0.165522
vt 0.741451 0.170813
vt 0.714454 0.190252
vt 0.725399 0.198649
vt 0.694267 0.210382
vt 0.702658 0.221310
vt 0.669581 0.224645
vt 0.674932 0.237298
vt 0.642098 0.232007
vt 0.643922 0.245695
vt 0.613641 0.232007
vt 0.611817 0.245695
vt 0.586036 0.224645
vt 0.580807 0.237298
vt 0.561472 0.210382
vt 0.553081 0.221310
vt 0.541285 0.190252
vt 0.530340 0.198649
vt 0.527056 0.165522
vt 0.514288 0.170813
vt 0.519638 0.138030
vt 0.506018 0.139871
vt 0.519638 0.109503
vt 0.506018 0.107778
vt 0.527056 0.082012
vt 0.514288 0.076721
vt 0.541285 0.057396
vt 0.530340 0.048999
vt 0.561472 0.037266
vt 0.553081 0.026339
vt 0.586036 0.023003
vt 0.580807 0.010235
vt 0.613641 0.015641
vt 0.611817 0.001953
vt 0.642098 0.015641
vt 0.311202 0.198994
vt 0.305000 0.199800
vt 0.311081 0.123767
vt 0.285421 0.127218
vt 0.281652 0.099726
vt 0.310959 0.096045
vt 0.317404 0.199800
vt 0.336618 0.127102
vt 0.136816 0.541660
vt 0.130979 0.539244
vt 0.174393 0.476555
vt 0.150436 0.466547
vt 0.186311 0.455850
vt 0.156639 0.443542
vt 0.124899 0.463211
vt 0.124899 0.439401
vt 0.099240 0.466547
vt 0.093038 0.443542
vt 0.075283 0.476555
vt 0.063365 0.455850
vt 0.054853 0.492198
vt 0.037949 0.475404
vt 0.039044 0.512788
vt 0.018370 0.500825
vt 0.029193 0.536599
vt 0.006088 0.530502
vt 0.025788 0.562250
vt 0.001953 0.562250
vt 0.029193 0.587901
vt 0.006088 0.594112
vt 0.039044 0.611826
vt 0.018370 0.623674
vt 0.054853 0.632301
vt 0.037949 0.649210
vt 0.075283 0.648060
vt 0.063365 0.668650
vt 0.099240 0.657952
vt 0.118697 0.585370
vt 0.112981 0.582955
vt 0.112981 0.541660
vt 0.118697 0.539244
vt 0.101793 0.556038
vt 0.104225 0.550287
vt 0.104225 0.574212
vt 0.101793 0.568461
vt 0.093038 0.680957
vt 0.124899 0.661288
vt 0.124899 0.685214
vt 0.150436 0.657952
vt 0.156639 0.680957
vt 0.174393 0.648060
vt 0.186311 0.668650
vt 0.194945 0.632301
vt 0.211727 0.649210
vt 0.210632 0.611826
vt 0.231306 0.623674
vt 0.220483 0.587901
vt 0.243588 0.594112
vt 0.223888 0.562250
vt 0.247723 0.562250
vt 0.136816 0.582955
vt 0.130979 0.585370
vt 0.145572 0.574212
vt 0.147883 0.568461
vt 0.148734 0.562250
vt 0.220483 0.536599
vt 0.147883 0.556038
vt 0.145572 0.550287
vt 0.210632 0.512788
vt 0.243588 0.530502
vt 0.231306 0.500825
vt 0.194945 0.492198
vt 0.211727 0.475404
vt 0.125872 0.226256
vt 0.100091 0.229016
vt 0.108239 0.153214
vt 0.102037 0.153789
vt 0.074553 0.224990
vt 0.095956 0.152869
vt 0.188257 0.215558
vt 0.162597 0.219009
vt 0.168556 0.142976
vt 0.162476 0.143781
vt 0.136938 0.215673
vt 0.156274 0.142976
vt 0.199323 0.201065
vt 0.193121 0.201870
vt 0.199445 0.125837
vt 0.173785 0.129173
vt 0.205525 0.201870
vt 0.225104 0.129288
vt 0.199566 0.098116
vt 0.228752 0.101797
vt 0.429040 0.121926
vt 0.435242 0.121121
vt 0.427703 0.197039
vt 0.453362 0.194163
vt 0.422838 0.120891
vt 0.402043 0.193243
vt 0.359237 0.152293
vt 0.385018 0.149648
vt 0.376749 0.225451
vt 0.382951 0.224760
vt 0.410556 0.153674
vt 0.389153 0.225796
vt 0.344401 0.139640
vt 0.350603 0.138835
vt 0.344888 0.214868
vt 0.370547 0.211302
vt 0.338199 0.138835
vt 0.319228 0.211647
vt 0.008034 0.330930
vt 0.008034 0.255818
vt 0.583118 0.315977
vt 0.582996 0.398566
vt 0.556972 0.315057
vt 0.557094 0.398451
vt 0.530948 0.316092
vt 0.531434 0.398681
vt 0.682472 0.045893
vt 0.682472 0.039682
vt 0.591874 0.039682
vt 0.682472 0.033471
vt 0.591874 0.033471
vt 0.880449 0.360032
vt 0.971169 0.360032
vt 0.880449 0.435260
vt 0.971169 0.435260
vt 0.971169 0.334266
vt 0.880449 0.334266
vt 0.971169 0.308385
vt 0.880449 0.308385
vt 0.880449 0.233157
vt 0.971169 0.233157
vt 0.971169 0.226946
vt 0.880449 0.226946
vt 0.971169 0.220734
vt 0.880449 0.220734
vt 0.965697 0.077181
vt 0.875099 0.077181
vt 0.965697 0.001953
vt 0.875099 0.001953
vt 0.875099 0.102947
vt 0.965697 0.102947
vt 0.875099 0.128828
vt 0.965697 0.128828
vt 0.965697 0.204056
vt 0.875099 0.204056
vt 0.875099 0.210267
vt 0.965697 0.210267
vt 0.875099 0.216478
vt 0.965697 0.216478
vt 0.115778 0.338982
vt 0.115778 0.414210
vt 0.027612 0.144817
vt 0.027612 0.062112
vt 0.053637 0.145622
vt 0.053515 0.062227
vt 0.079661 0.144702
vt 0.079296 0.062112
vt 0.576186 0.201180
vt 0.576186 0.207506
vt 0.666906 0.207506
vt 0.576186 0.213718
vt 0.666906 0.213718
vt 0.858803 0.868912
vt 0.949401 0.868912
vt 0.858803 0.944139
vt 0.949401 0.944139
vt 0.949401 0.843146
vt 0.858803 0.843146
vt 0.949401 0.817264
vt 0.858803 0.817264
vt 0.858803 0.742037
vt 0.949401 0.742037
vt 0.949401 0.735825
vt 0.858803 0.735825
vt 0.949401 0.729614
vt 0.858803 0.729614
vt 0.516112 0.314021
vt 0.496776 0.314021
vt 0.516112 0.238909
vt 0.496776 0.238909
vt 0.496776 0.339902
vt 0.516112 0.339902
vt 0.496776 0.365784
vt 0.516112 0.365784
vt 0.516112 0.441011
vt 0.496776 0.441011
vt 0.722481 0.227636
vt 0.720535 0.246846
vt 0.716278 0.227061
vt 0.714333 0.246386
vt 0.710077 0.226371
vt 0.708131 0.245580
vt 0.858803 0.650130
vt 0.949401 0.650130
vt 0.858803 0.725358
vt 0.949401 0.725358
vt 0.949401 0.624364
vt 0.858803 0.624364
vt 0.949401 0.598483
vt 0.858803 0.598483
vt 0.858803 0.523255
vt 0.949401 0.523255
vt 0.949401 0.517044
vt 0.858803 0.517044
vt 0.949401 0.510833
vt 0.858803 0.510833
vt 0.866100 0.148498
vt 0.819524 0.236493
vt 0.866100 0.075915
vt 0.829496 0.075915
vt 0.793378 0.075915
vt 0.803471 0.236493
vt 0.756896 0.075915
vt 0.756896 0.148498
vt 0.358751 0.416050
vt 0.504802 0.481846
vt 0.341118 0.448143
vt 0.405448 0.481961
vt 0.620695 0.481961
vt 0.693295 0.482191
vt 0.620573 0.529582
vt 0.693173 0.529697
vt 0.620451 0.553278
vt 0.693173 0.553393
vt 0.521219 0.481846
vt 0.504924 0.529352
vt 0.521098 0.529352
vt 0.505045 0.553163
vt 0.521098 0.553163
vt 0.332727 0.482191
vt 0.332848 0.529697
vt 0.405448 0.529582
vt 0.332848 0.553393
vt 0.405570 0.553278
vt 0.759571 0.006209
vt 0.793256 0.006324
vt 0.759571 0.050955
vt 0.793256 0.050955
vt 0.759571 0.072005
vt 0.793256 0.072005
vt 0.829617 0.050955
vt 0.829617 0.072005
vt 0.863303 0.050955
vt 0.863303 0.072005
vt 0.829617 0.006324
vt 0.863303 0.006209
vt 0.684904 0.448143
vt 0.667270 0.416050
vt 0.742059 0.603774
vt 0.668973 0.603429
vt 0.742059 0.587441
vt 0.669095 0.587441
vt 0.582023 0.614472
vt 0.587617 0.608951
vt 0.538852 0.613437
vt 0.546027 0.608951
vt 0.579105 0.632876
vt 0.579591 0.625169
vt 0.538852 0.577088
vt 0.546027 0.581574
vt 0.578983 0.557534
vt 0.579470 0.565240
vt 0.582145 0.576053
vt 0.587617 0.581574
vt 0.866100 0.002298
vt 0.829496 0.001953
vt 0.755801 0.074765
vt 0.755801 0.050955
vt 0.755801 0.003448
vt 0.867194 0.003448
vt 0.867194 0.050955
vt 0.867194 0.074765
vt 0.793500 0.001953
vt 0.756896 0.002298
vt 0.583361 0.631726
vt 0.583847 0.623904
vt 0.583239 0.558684
vt 0.583726 0.566391
vt 0.525232 0.646104
vt 0.264018 0.646104
vt 0.525232 0.624824
vt 0.264140 0.624824
vt 0.525232 0.613322
vt 0.264140 0.613322
vt 0.525232 0.601934
vt 0.264140 0.601934
vt 0.525232 0.590431
vt 0.264140 0.590431
vt 0.525232 0.579044
vt 0.264140 0.579044
vt 0.525232 0.557649
vt 0.264018 0.557649
vt 0.525232 0.681188
vt 0.264018 0.681188
vt 0.529124 0.642884
vt 0.529124 0.624709
vt 0.529002 0.613092
vt 0.529002 0.601819
vt 0.529002 0.590546
vt 0.529124 0.579044
vt 0.529124 0.560869
vt 0.260127 0.642999
vt 0.260249 0.624709
vt 0.260370 0.613207
vt 0.260370 0.601934
vt 0.260370 0.590661
vt 0.260249 0.579044
vt 0.260249 0.560869
vt 0.956454 0.806912
vt 0.956333 0.453664
vt 0.961562 0.806912
vt 0.961562 0.453664
vt 0.966791 0.806912
vt 0.966791 0.453664
vt 0.972020 0.806912
vt 0.972020 0.453664
vt 0.977249 0.806912
vt 0.977249 0.453664
vt 0.982478 0.806912
vt 0.982478 0.453664
vt 0.987586 0.806912
vt 0.987586 0.453664
vt 0.992815 0.806912
vt 0.992815 0.453664
vt 0.998044 0.806912
vt 0.998044 0.453664
vt 0.986127 0.810593
vt 0.979803 0.813239
vt 0.973601 0.810593
vt 0.973601 0.815769
vt 0.982478 0.819450
vt 0.977249 0.819450
vt 0.986127 0.815769
vt 0.974696 0.444577
vt 0.977736 0.441471
vt 0.979438 0.445612
vt 0.980289 0.445612
vt 0.978830 0.446187
vt 0.974817 0.448833
vt 0.978830 0.446993
vt 0.977857 0.451709
vt 0.979438 0.447568
vt 0.981870 0.451709
vt 0.980289 0.447568
vt 0.984911 0.448718
vt 0.980776 0.446993
vt 0.984911 0.444462
vt 0.980898 0.446187
vt 0.981992 0.441471
vt 0.982843 0.439516
vt 0.976884 0.439516
vt 0.972750 0.443772
vt 0.972871 0.449638
vt 0.986856 0.449638
vt 0.986978 0.443772
vt 0.161989 0.102372
vt 0.136087 0.195889
vt 0.162719 0.069244
vt 0.141438 0.069014
vt 0.120399 0.068899
vt 0.123926 0.195774
vt 0.099118 0.068784
vt 0.099361 0.101912
vt 0.778542 0.578123
vt 0.849804 0.578123
vt 0.778542 0.611251
vt 0.849804 0.611251
vt 0.778542 0.708334
vt 0.849804 0.708334
vt 0.778542 0.720412
vt 0.849804 0.720412
vt 0.778542 0.817495
vt 0.849804 0.817495
vt 0.778542 0.850622
vt 0.849804 0.850622
vt 0.847129 0.575018
vt 0.781339 0.575018
vt 0.847129 0.555348
vt 0.812835 0.555348
vt 0.812835 0.534183
vt 0.781339 0.514513
vt 0.847129 0.514513
vt 0.847129 0.534183
vt 0.428432 0.044973
vt 0.428432 0.108583
vt 0.395233 0.045433
vt 0.395233 0.108123
vt 0.301595 0.070739
vt 0.301595 0.082932
vt 0.851020 0.576513
vt 0.851020 0.555233
vt 0.778542 0.511408
vt 0.849804 0.511408
vt 0.851020 0.534183
vt 0.851020 0.512903
vt 0.777447 0.512903
vt 0.777447 0.576513
vt 0.120399 0.067173
vt 0.141438 0.067288
vt 0.086227 0.028294
vt 0.086836 0.029905
vt 0.083552 0.031055
vt 0.084768 0.032320
vt 0.120521 0.028524
vt 0.120521 0.030250
vt 0.141802 0.028754
vt 0.141802 0.030480
vt 0.176096 0.028984
vt 0.175366 0.030595
vt 0.178771 0.031745
vt 0.177555 0.032895
vt 0.585793 0.288945
vt 0.557215 0.286875
vt 0.586401 0.281239
vt 0.557215 0.279283
vt 0.528151 0.288600
vt 0.527664 0.280894
vt 0.024815 0.171848
vt 0.053515 0.173803
vt 0.024329 0.179555
vt 0.053515 0.181510
vt 0.082458 0.172078
vt 0.082944 0.179900
vt 0.015695 0.358767
vt 0.008034 0.358767
vt 0.682472 0.121121
vt 0.682472 0.148843
vt 0.674810 0.148843
vt 0.340267 0.099496
vt 0.170259 0.101682
vt 0.107995 0.311146
vt 0.115778 0.311146
vt 0.576186 0.126067
vt 0.576186 0.098231
vt 0.583969 0.098231
s 1
usemtl BuildingColor
f 1/1/1 2/2/1 3/3/1
f 4/4/2 6/5/2 5/6/2
s 0
f 7/7/3 8/8/3 9/9/3
f 8/8/3 10/10/3 9/9/3
f 9/9/3 10/10/3 11/11/3
f 11/11/3 10/10/3 12/12/3
f 10/10/3 13/13/3 12/12/3
f 14/14/4 15/15/4 16/16/4
f 15/15/4 17/17/4 16/16/4
f 16/16/4 17/17/4 18/18/4
f 18/18/4 17/17/4 19/19/4
f 17/17/4 20/20/4 19/19/4
s 1
f 21/21/5 22/22/5 23/23/5
f 24/24/6 26/25/6 25/26/6
f 27/27/7 28/28/8 29/29/8
f 29/29/8 28/28/8 30/30/9
f 28/28/8 31/31/9 30/30/9
f 30/30/9 31/31/9 32/32/10
f 31/31/9 33/33/10 32/32/10
f 32/32/10 33/33/10 34/34/11
f 33/33/10 35/35/11 34/34/11
f 34/34/11 35/35/11 36/36/2
f 35/35/11 37/37/12 36/36/2
f 36/36/2 37/37/12 38/38/13
f 37/37/12 39/39/13 38/38/13
f 38/38/13 39/39/13 40/40/14
f 39/39/13 41/41/14 40/40/14
f 40/40/14 41/41/14 42/42/15
f 41/41/14 43/43/15 42/42/15
f 42/42/15 43/43/15 44/44/16
f 43/43/15 45/45/16 44/44/16
f 44/44/16 45/45/16 46/46/17
f 45/45/16 47/47/17 46/46/17
f 46/46/17 47/47/17 48/48/18
f 47/47/17 49/49/18 48/48/18
f 48/48/18 49/49/18 50/50/19
f 49/49/18 51/51/19 50/50/19
f 50/50/19 51/51/19 52/52/20
f 51/51/19 53/53/21 52/52/20
f 52/52/20 53/53/21 54/54/22
f 53/53/21 55/55/22 54/54/22
f 54/54/22 55/55/22 56/56/23
f 55/55/22 57/57/23 56/56/23
f 56/56/23 57/57/23 58/58/24
f 57/57/23 59/59/24 58/58/24
f 58/58/24 59/59/24 60/60/25
f 59/59/24 61/61/25 60/60/25
f 60/60/25 61/61/25 62/62/26
f 61/61/25 63/63/26 62/62/26
f 29/29/8 64/64/7 27/27/7
f 27/27/7 64/64/7 65/65/27
f 64/64/7 66/66/27 65/65/27
f 65/65/27 66/66/27 67/67/28
f 66/66/27 68/68/28 67/67/28
f 67/67/28 68/68/28 69/69/29
f 68/68/28 70/70/29 69/69/29
f 69/69/29 70/70/29 71/71/30
f 70/70/29 72/72/30 71/71/30
f 71/71/30 72/72/30 73/73/5
f 72/72/30 74/74/5 73/73/5
f 73/73/5 74/74/5 75/75/31
f 74/74/5 76/76/31 75/75/31
f 77/77/7 78/78/8 79/79/32
f 78/78/8 80/80/9 79/79/32
f 79/79/32 80/80/9 81/81/9
f 80/80/9 82/82/10 81/81/9
f 81/81/9 82/82/10 83/83/10
f 82/82/10 84/84/11 83/83/10
f 83/83/10 84/84/11 85/85/11
f 84/84/11 86/86/2 85/85/11
f 85/85/11 86/86/2 87/87/12
f 86/86/2 88/88/13 87/87/12
f 87/87/12 88/88/13 89/89/13
f 88/88/13 90/90/6 89/89/13
f 89/89/13 90/90/6 91/91/6
f 90/90/6 92/92/15 91/91/6
f 91/91/6 92/92/15 93/93/15
f 92/92/15 94/94/16 93/93/15
f 93/93/15 94/94/16 95/95/16
f 94/94/16 96/96/17 95/95/16
f 95/95/16 96/96/17 97/97/17
f 96/96/17 98/98/18 97/97/17
f 97/97/17 98/98/18 99/99/18
f 98/98/18 100/100/33 99/99/18
f 99/99/18 100/100/33 101/101/33
f 100/100/33 102/102/34 101/101/33
f 101/101/33 102/102/34 103/103/34
f 102/102/34 104/104/22 103/103/34
f 103/103/34 104/104/22 105/105/22
f 104/104/22 106/106/23 105/105/22
f 105/105/22 106/106/23 107/107/23
f 106/106/23 108/108/24 107/107/23
f 107/107/23 108/108/24 109/109/24
f 108/108/24 110/110/25 109/109/24
f 109/109/24 110/110/25 111/111/25
f 110/110/25 112/112/26 111/111/25
f 111/111/25 112/112/26 113/113/26
f 78/78/8 77/77/7 114/114/7
f 77/77/7 115/115/35 114/114/7
f 114/114/7 115/115/35 116/116/36
f 115/115/35 117/117/28 116/116/36
f 116/116/36 117/117/28 118/118/28
f 117/117/28 119/119/29 118/118/28
f 118/118/28 119/119/29 120/120/29
f 119/119/29 121/121/30 120/120/29
f 120/120/29 121/121/30 122/122/30
f 121/121/30 123/123/5 122/122/30
f 122/122/30 123/123/5 124/124/5
f 123/123/5 125/125/31 124/124/5
f 124/124/5 125/125/31 126/126/31
f 127/127/7 129/128/8 128/129/8
f 129/128/8 130/130/9 128/129/8
f 128/129/8 130/130/9 131/131/9
f 130/130/9 132/132/10 131/131/9
f 131/131/9 132/132/10 133/133/10
f 132/132/10 134/134/11 133/133/10
f 133/133/10 134/134/11 135/135/11
f 134/134/11 136/136/2 135/135/11
f 135/135/11 136/136/2 137/137/2
f 136/136/2 138/138/13 137/137/2
f 137/137/2 138/138/13 139/139/13
f 138/138/13 140/140/6 139/139/13
f 139/139/13 140/140/6 141/141/6
f 140/140/6 142/142/15 141/141/6
f 141/141/6 142/142/15 143/143/15
f 142/142/15 144/144/16 143/143/15
f 143/143/15 144/144/16 145/145/16
f 144/144/16 146/146/17 145/145/16
f 145/145/16 146/146/17 147/147/17
f 146/146/17 148/148/18 147/147/17
f 147/147/17 148/148/18 149/149/18
f 148/148/18 150/150/19 149/149/18
f 149/149/18 150/150/19 151/151/19
f 150/150/19 152/152/21 151/151/19
f 151/151/19 152/152/21 153/153/21
f 152/152/21 154/154/22 153/153/21
f 153/153/21 154/154/22 155/155/22
f 154/154/22 156/156/23 155/155/22
f 155/155/22 156/156/23 157/157/23
f 156/156/23 158/158/24 157/157/23
f 157/157/23 158/158/24 159/159/24
f 158/158/24 160/160/37 159/159/24
f 159/159/24 160/160/37 161/161/25
f 160/160/37 162/162/26 161/161/25
f 161/161/25 162/162/26 163/163/26
f 129/128/8 127/127/7 164/164/7
f 127/127/7 165/165/27 164/164/7
f 164/164/7 165/165/27 166/166/27
f 165/165/27 167/167/28 166/166/27
f 166/166/27 167/167/28 168/168/28
f 167/167/28 169/169/29 168/168/28
f 168/168/28 169/169/29 170/170/29
f 169/169/29 171/171/30 170/170/29
f 170/170/29 171/171/30 172/172/30
f 171/171/30 173/173/5 172/172/30
f 172/172/30 173/173/5 174/174/5
f 173/173/5 175/175/31 174/174/5
f 174/174/5 175/175/31 176/176/31
f 177/177/7 179/178/38 178/179/38
f 179/178/38 180/180/9 178/179/38
f 178/179/38 180/180/9 181/181/9
f 180/180/9 182/182/10 181/181/9
f 181/181/9 182/182/10 183/183/10
f 182/182/10 184/184/11 183/183/10
f 183/183/10 184/184/11 185/185/11
f 184/184/11 186/186/2 185/185/11
f 185/185/11 186/186/2 187/187/2
f 186/186/2 188/188/13 187/187/2
f 187/187/2 188/188/13 189/189/13
f 188/188/13 190/190/6 189/189/13
f 189/189/13 190/190/6 191/191/6
f 190/190/6 192/192/15 191/191/6
f 191/191/6 192/192/15 193/193/15
f 192/192/15 194/194/16 193/193/15
f 193/193/15 194/194/16 195/195/16
f 194/194/16 196/196/17 195/195/16
f 195/195/16 196/196/17 197/197/17
f 196/196/17 198/198/39 197/197/17
f 197/197/17 198/198/39 199/199/40
f 198/198/39 200/200/19 199/199/40
f 199/199/40 200/200/19 201/201/19
f 200/200/19 202/202/21 201/201/19
f 201/201/19 202/202/21 203/203/21
f 202/202/21 204/204/22 203/203/21
f 203/203/21 204/204/22 205/205/22
f 204/204/22 206/206/23 205/205/22
f 205/205/22 206/206/23 207/207/23
f 206/206/23 208/208/24 207/207/23
f 207/207/23 208/208/24 209/209/24
f 208/208/24 210/210/25 209/209/24
f 209/209/24 210/210/25 211/211/37
f 210/210/25 212/212/26 211/211/37
f 211/211/37 212/212/26 213/213/26
f 179/178/38 177/177/7 214/214/7
f 177/177/7 215/215/27 214/214/7
f 214/214/7 215/215/27 216/216/27
f 215/215/27 217/217/28 216/216/27
f 216/216/27 217/217/28 218/218/28
f 217/217/28 219/219/29 218/218/28
f 218/218/28 219/219/29 220/220/29
f 219/219/29 221/221/30 220/220/29
f 220/220/29 221/221/30 222/222/30
f 221/221/30 223/223/41 222/222/30
f 222/222/30 223/223/41 224/224/5
f 223/223/41 225/225/31 224/224/5
f 224/224/5 225/225/31 226/226/31
s 0
f 227/127/4 229/129/4 228/227/4
f 228/227/4 229/129/4 230/228/4
f 229/129/4 231/131/4 230/228/4
f 230/228/4 231/131/4 232/229/4
f 231/131/4 233/133/4 232/229/4
f 232/229/4 233/133/4 234/230/4
f 233/133/4 235/135/4 234/230/4
f 234/230/4 235/135/4 236/231/4
f 235/135/4 237/137/4 236/231/4
f 236/231/4 237/137/4 238/232/4
f 237/137/4 239/139/4 238/232/4
f 238/232/4 239/139/4 240/233/4
f 239/139/4 241/141/4 240/233/4
f 240/233/4 241/141/4 242/234/4
f 241/141/4 243/143/4 242/234/4
f 242/234/4 243/143/4 244/235/4
f 243/143/4 245/145/4 244/235/4
f 244/235/4 245/145/4 246/236/4
f 245/145/4 247/147/4 246/236/4
f 246/236/4 247/147/4 248/237/4
f 247/147/4 249/149/4 248/237/4
f 248/237/4 249/149/4 250/238/4
f 249/149/4 251/151/4 250/238/4
f 250/238/4 251/151/4 252/239/4
f 251/151/4 253/153/4 252/239/4
f 252/239/4 253/153/4 254/240/4
f 253/153/4 255/155/4 254/240/4
f 254/240/4 255/155/4 256/241/4
f 255/155/4 257/157/4 256/241/4
f 256/241/4 257/157/4 258/242/4
f 257/157/4 259/159/4 258/242/4
f 258/242/4 259/159/4 260/243/4
f 259/159/4 261/161/4 260/243/4
f 260/243/4 261/161/4 262/244/4
f 261/161/4 263/163/4 262/244/4
f 228/227/4 264/245/4 227/127/4
f 227/127/4 264/245/4 265/165/4
f 264/245/4 266/246/4 265/165/4
f 265/165/4 266/246/4 267/167/4
f 266/246/4 268/247/4 267/167/4
f 267/167/4 268/247/4 269/169/4
f 268/247/4 270/248/4 269/169/4
f 269/169/4 270/248/4 271/171/4
f 270/248/4 272/249/4 271/171/4
f 271/171/4 272/249/4 273/173/4
f 272/249/4 274/250/4 273/173/4
f 273/173/4 274/250/4 275/175/4
f 274/250/4 276/251/4 275/175/4
f 277/252/3 278/253/3 279/254/3
f 279/254/3 278/253/3 280/255/3
f 278/253/3 281/256/3 280/255/3
f 280/255/3 281/256/3 282/257/3
f 281/256/3 283/258/3 282/257/3
f 282/257/3 283/258/3 284/259/3
f 283/258/3 285/260/3 284/259/3
f 284/259/3 285/260/3 286/261/3
f 285/260/3 287/262/3 286/261/3
f 286/261/3 287/262/3 288/263/3
f 287/262/3 289/264/3 288/263/3
f 288/263/3 289/264/3 290/265/3
f 289/264/3 291/266/3 290/265/3
f 290/265/3 291/266/3 292/267/3
f 291/266/3 293/268/3 292/267/3
f 292/267/3 293/268/3 294/269/3
f 293/268/3 295/270/3 294/269/3
f 294/269/3 295/270/3 296/271/3
f 295/270/3 297/272/3 296/271/3
f 296/271/3 297/272/3 298/273/3
f 297/272/3 299/274/3 298/273/3
f 298/273/3 299/274/3 300/275/3
f 299/274/3 301/276/3 300/275/3
f 300/275/3 301/276/3 302/277/3
f 301/276/3 303/278/3 302/277/3
f 302/277/3 303/278/3 304/279/3
f 303/278/3 305/280/3 304/279/3
f 304/279/3 305/280/3 306/281/3
f 305/280/3 307/282/3 306/281/3
f 306/281/3 307/282/3 308/283/3
f 307/282/3 309/284/3 308/283/3
f 308/283/3 309/284/3 310/285/3
f 309/284/3 311/286/3 310/285/3
f 310/285/3 311/286/3 312/287/3
f 311/286/3 313/288/3 312/287/3
f 312/287/3 313/288/3 314/289/3
f 313/288/3 315/290/3 314/289/3
f 314/289/3 315/290/3 316/291/3
f 315/290/3 317/292/3 316/291/3
f 316/291/3 317/292/3 318/293/3
f 317/292/3 319/294/3 318/293/3
f 318/293/3 319/294/3 320/295/3
f 319/294/3 321/296/3 320/295/3
f 320/295/3 321/296/3 322/297/3
f 321/296/3 323/298/3 322/297/3
f 322/297/3 323/298/3 324/299/3
f 323/298/3 277/252/3 324/299/3
f 324/299/3 277/252/3 279/254/3
f 325/300/4 327/301/4 326/302/4
f 326/302/4 327/301/4 328/303/4
f 327/301/4 329/304/4 328/303/4
f 328/303/4 329/304/4 330/305/4
f 329/304/4 331/306/4 330/305/4
f 330/305/4 331/306/4 332/307/4
f 331/306/4 333/308/4 332/307/4
f 332/307/4 333/308/4 334/309/4
f 333/308/4 335/310/4 334/309/4
f 334/309/4 335/310/4 336/311/4
f 335/310/4 337/312/4 336/311/4
f 336/311/4 337/312/4 338/313/4
f 337/312/4 339/314/4 338/313/4
f 338/313/4 339/314/4 340/315/4
f 339/314/4 341/316/4 340/315/4
f 340/315/4 341/316/4 342/317/4
f 341/316/4 343/318/4 342/317/4
f 342/317/4 343/318/4 344/319/4
f 343/318/4 345/320/4 344/319/4
f 344/319/4 345/320/4 346/321/4
f 345/320/4 347/322/4 346/321/4
f 346/321/4 347/322/4 348/323/4
f 347/322/4 349/324/4 348/323/4
f 348/323/4 349/324/4 350/325/4
f 349/324/4 351/326/4 350/325/4
f 350/325/4 351/326/4 352/327/4
f 351/326/4 353/328/4 352/327/4
f 352/327/4 353/328/4 354/329/4
f 353/328/4 355/330/4 354/329/4
f 354/329/4 355/330/4 356/331/4
f 355/330/4 357/332/4 356/331/4
f 356/331/4 357/332/4 358/333/4
f 357/332/4 359/334/4 358/333/4
f 358/333/4 359/334/4 360/335/4
f 359/334/4 361/336/4 360/335/4
f 360/335/4 361/336/4 362/337/4
f 361/336/4 363/338/4 362/337/4
f 362/337/4 363/338/4 364/339/4
f 363/338/4 365/340/4 364/339/4
f 364/339/4 365/340/4 366/341/4
f 365/340/4 367/342/4 366/341/4
f 366/341/4 367/342/4 368/343/4
f 367/342/4 369/344/4 368/343/4
f 368/343/4 369/344/4 370/345/4
f 369/344/4 371/346/4 370/345/4
f 370/345/4 371/346/4 372/347/4
f 371/346/4 325/300/4 372/347/4
f 372/347/4 325/300/4 326/302/4
f 373/128/3 375/164/3 374/348/3
f 374/348/3 375/164/3 376/349/3
f 375/164/3 377/166/3 376/349/3
f 376/349/3 377/166/3 378/350/3
f 377/166/3 379/168/3 378/350/3
f 378/350/3 379/168/3 380/351/3
f 379/168/3 381/170/3 380/351/3
f 380/351/3 381/170/3 382/352/3
f 381/170/3 383/172/3 382/352/3
f 382/352/3 383/172/3 384/353/3
f 383/172/3 385/174/3 384/353/3
f 384/353/3 385/174/3 386/354/3
f 385/174/3 387/176/3 386/354/3
f 374/348/3 388/355/3 373/128/3
f 373/128/3 388/355/3 389/130/3
f 388/355/3 390/356/3 389/130/3
f 389/130/3 390/356/3 391/132/3
f 390/356/3 392/357/3 391/132/3
f 391/132/3 392/357/3 393/134/3
f 392/357/3 394/358/3 393/134/3
f 393/134/3 394/358/3 395/136/3
f 394/358/3 396/359/3 395/136/3
f 395/136/3 396/359/3 397/138/3
f 396/359/3 398/360/3 397/138/3
f 397/138/3 398/360/3 399/140/3
f 398/360/3 400/361/3 399/140/3
f 399/140/3 400/361/3 401/142/3
f 400/361/3 402/362/3 401/142/3
f 401/142/3 402/362/3 403/144/3
f 402/362/3 404/363/3 403/144/3
f 403/144/3 404/363/3 405/146/3
f 404/363/3 406/364/3 405/146/3
f 405/146/3 406/364/3 407/148/3
f 406/364/3 408/365/3 407/148/3
f 407/148/3 408/365/3 409/150/3
f 408/365/3 410/366/3 409/150/3
f 409/150/3 410/366/3 411/152/3
f 410/366/3 412/367/3 411/152/3
f 411/152/3 412/367/3 413/154/3
f 412/367/3 414/368/3 413/154/3
f 413/154/3 414/368/3 415/156/3
f 414/368/3 416/369/3 415/156/3
f 415/156/3 416/369/3 417/158/3
f 416/369/3 418/370/3 417/158/3
f 417/158/3 418/370/3 419/160/3
f 418/370/3 420/371/3 419/160/3
f 419/160/3 420/371/3 421/162/3
f 420/371/3 422/372/3 421/162/3
f 423/373/4 424/374/4 425/375/4
f 425/375/4 424/374/4 426/376/4
f 424/374/4 427/377/4 426/376/4
f 426/376/4 427/377/4 428/378/4
f 427/377/4 429/379/4 428/378/4
f 428/378/4 429/379/4 430/380/4
f 429/379/4 431/381/4 430/380/4
f 430/380/4 431/381/4 432/382/4
f 431/381/4 433/383/4 432/382/4
f 432/382/4 433/383/4 434/384/4
f 433/383/4 435/385/4 434/384/4
f 434/384/4 435/385/4 436/386/4
f 435/385/4 437/387/4 436/386/4
f 436/386/4 437/387/4 438/388/4
f 437/387/4 439/389/4 438/388/4
f 438/388/4 439/389/4 440/390/4
f 439/389/4 441/391/4 440/390/4
f 440/390/4 441/391/4 442/392/4
f 441/391/4 443/393/4 442/392/4
f 442/392/4 443/393/4 444/394/4
f 443/393/4 445/395/4 444/394/4
f 444/394/4 445/395/4 446/396/4
f 445/395/4 447/397/4 446/396/4
f 446/396/4 447/397/4 448/398/4
f 447/397/4 449/399/4 448/398/4
f 448/398/4 449/399/4 450/400/4
f 449/399/4 451/401/4 450/400/4
f 450/400/4 451/401/4 452/402/4
f 451/401/4 453/403/4 452/402/4
f 452/402/4 453/403/4 454/404/4
f 453/403/4 455/405/4 454/404/4
f 454/404/4 455/405/4 456/406/4
f 455/405/4 457/407/4 456/406/4
f 456/406/4 457/407/4 458/408/4
f 457/407/4 459/409/4 458/408/4
f 458/408/4 459/409/4 460/410/4
f 459/409/4 461/411/4 460/410/4
f 460/410/4 461/411/4 462/412/4
f 461/411/4 463/413/4 462/412/4
f 462/412/4 463/413/4 464/414/4
f 463/413/4 465/415/4 464/414/4
f 464/414/4 465/415/4 466/416/4
f 465/415/4 467/417/4 466/416/4
f 466/416/4 467/417/4 468/418/4
f 467/417/4 469/419/4 468/418/4
f 468/418/4 469/419/4 470/420/4
f 469/419/4 423/373/4 470/420/4
f 470/420/4 423/373/4 425/375/4
f 471/421/3 473/422/3 472/423/3
f 472/423/3 473/422/3 474/424/3
f 473/422/3 475/425/3 474/424/3
f 474/424/3 475/425/3 476/426/3
f 475/425/3 477/427/3 476/426/3
f 476/426/3 477/427/3 478/428/3
f 477/427/3 479/429/3 478/428/3
f 478/428/3 479/429/3 480/430/3
f 479/429/3 481/431/3 480/430/3
f 480/430/3 481/431/3 482/432/3
f 481/431/3 483/433/3 482/432/3
f 482/432/3 483/433/3 484/434/3
f 483/433/3 485/435/3 484/434/3
f 484/434/3 485/435/3 486/436/3
f 485/435/3 487/437/3 486/436/3
f 486/436/3 487/437/3 488/438/3
f 487/437/3 489/439/3 488/438/3
f 488/438/3 489/439/3 490/440/3
f 489/439/3 491/441/3 490/440/3
f 490/440/3 491/441/3 492/442/3
f 491/441/3 493/443/3 492/442/3
f 492/442/3 493/443/3 494/444/3
f 493/443/3 495/445/3 494/444/3
f 494/444/3 495/445/3 496/446/3
f 495/445/3 497/447/3 496/446/3
f 496/446/3 497/447/3 498/448/3
f 497/447/3 499/449/3 498/448/3
f 498/448/3 499/449/3 500/450/3
f 499/449/3 501/451/3 500/450/3
f 500/450/3 501/451/3 502/452/3
f 501/451/3 503/453/3 502/452/3
f 502/452/3 503/453/3 504/454/3
f 503/453/3 505/455/3 504/454/3
f 504/454/3 505/455/3 506/456/3
f 505/455/3 507/457/3 506/456/3
f 506/456/3 507/457/3 508/458/3
f 507/457/3 509/459/3 508/458/3
f 508/458/3 509/459/3 510/460/3
f 509/459/3 511/461/3 510/460/3
f 510/460/3 511/461/3 512/462/3
f 511/461/3 513/463/3 512/462/3
f 512/462/3 513/463/3 514/464/3
f 513/463/3 515/465/3 514/464/3
f 514/464/3 515/465/3 516/466/3
f 515/465/3 517/467/3 516/466/3
f 516/466/3 517/467/3 518/468/3
f 517/467/3 471/421/3 518/468/3
f 518/468/3 471/421/3 472/423/3
f 519/469/4 521/470/4 520/471/4
f 520/471/4 521/470/4 522/472/4
f 521/470/4 523/473/4 522/472/4
f 522/472/4 523/473/4 524/474/4
f 523/473/4 525/475/4 524/474/4
f 524/474/4 525/475/4 526/476/4
f 525/475/4 527/477/4 526/476/4
f 526/476/4 527/477/4 528/478/4
f 527/477/4 529/479/4 528/478/4
f 528/478/4 529/479/4 530/480/4
f 529/479/4 531/481/4 530/480/4
f 530/480/4 531/481/4 532/482/4
f 531/481/4 533/483/4 532/482/4
f 532/482/4 533/483/4 534/484/4
f 533/483/4 535/485/4 534/484/4
f 534/484/4 535/485/4 536/486/4
f 535/485/4 537/487/4 536/486/4
f 536/486/4 537/487/4 538/488/4
f 537/487/4 539/489/4 538/488/4
f 538/488/4 539/489/4 540/490/4
f 539/489/4 541/491/4 540/490/4
f 540/490/4 541/491/4 542/492/4
f 541/491/4 543/493/4 542/492/4
f 542/492/4 543/493/4 544/494/4
f 543/493/4 545/495/4 544/494/4
f 544/494/4 545/495/4 546/496/4
f 545/495/4 547/497/4 546/496/4
f 546/496/4 547/497/4 548/498/4
f 547/497/4 549/499/4 548/498/4
f 548/498/4 549/499/4 550/500/4
f 549/499/4 551/501/4 550/500/4
f 550/500/4 551/501/4 552/502/4
f 551/501/4 553/503/4 552/502/4
f 552/502/4 553/503/4 554/504/4
f 553/503/4 555/505/4 554/504/4
f 554/504/4 555/505/4 556/506/4
f 555/505/4 557/507/4 556/506/4
f 556/506/4 557/507/4 558/508/4
f 557/507/4 559/509/4 558/508/4
f 558/508/4 559/509/4 560/510/4
f 559/509/4 561/511/4 560/510/4
f 560/510/4 561/511/4 562/512/4
f 561/511/4 563/513/4 562/512/4
f 562/512/4 563/513/4 564/514/4
f 563/513/4 565/515/4 564/514/4
f 564/514/4 565/515/4 566/516/4
f 565/515/4 519/469/4 566/516/4
f 566/516/4 519/469/4 520/471/4
f 567/517/3 569/518/3 568/519/3
f 569/518/3 570/520/3 568/519/3
f 570/520/3 571/521/3 568/519/3
f 568/519/3 571/521/3 572/522/3
f 573/523/3 575/517/3 574/524/3
f 574/524/3 575/517/3 576/519/3
f 577/525/3 579/526/3 578/527/3
f 579/526/3 580/528/3 578/527/3
f 578/527/3 580/528/3 581/529/3
f 581/529/3 580/528/3 582/530/3
f 580/528/3 583/531/3 582/530/3
f 582/530/3 583/531/3 584/532/3
f 583/531/3 585/533/3 584/532/3
f 584/532/3 585/533/3 586/534/3
f 585/533/3 587/535/3 586/534/3
f 586/534/3 587/535/3 588/536/3
f 587/535/3 589/537/3 588/536/3
f 588/536/3 589/537/3 590/538/3
f 589/537/3 591/539/3 590/538/3
f 590/538/3 591/539/3 592/540/3
f 591/539/3 593/541/3 592/540/3
f 592/540/3 593/541/3 594/542/3
f 593/541/3 595/543/3 594/542/3
f 594/542/3 595/543/3 596/544/3
f 595/543/3 597/545/3 596/544/3
f 596/544/3 597/545/3 598/546/3
f 597/545/3 599/547/3 598/546/3
f 598/546/3 599/547/3 600/548/3
f 599/547/3 601/549/3 600/548/3
f 600/548/3 601/549/3 602/550/3
f 601/549/3 603/551/3 602/550/3
f 602/550/3 603/551/3 604/552/3
f 604/552/3 603/551/3 605/553/3
f 605/553/3 603/551/3 606/554/3
f 603/551/3 607/555/3 606/554/3
f 587/535/3 585/533/3 608/556/3
f 585/533/3 609/557/3 608/556/3
f 593/541/3 591/539/3 610/558/3
f 591/539/3 611/559/3 610/558/3
f 599/547/3 597/545/3 612/560/3
f 597/545/3 613/561/3 612/560/3
f 604/552/3 605/553/3 614/562/3
f 605/553/3 615/563/3 614/562/3
f 614/562/3 615/563/3 616/564/3
f 615/563/3 617/565/3 616/564/3
f 616/564/3 617/565/3 618/566/3
f 617/565/3 619/567/3 618/566/3
f 618/566/3 619/567/3 620/568/3
f 619/567/3 621/569/3 620/568/3
f 620/568/3 621/569/3 622/570/3
f 621/569/3 623/571/3 622/570/3
f 622/570/3 623/571/3 624/572/3
f 623/571/3 625/573/3 624/572/3
f 624/572/3 625/573/3 626/574/3
f 625/573/3 627/575/3 626/574/3
f 626/574/3 627/575/3 628/576/3
f 619/567/3 617/565/3 629/577/3
f 629/577/3 617/565/3 630/578/3
f 631/579/3 632/580/3 623/571/3
f 623/571/3 632/580/3 625/573/3
f 625/573/3 632/580/3 627/575/3
f 632/580/3 633/581/3 627/575/3
f 627/575/3 633/581/3 634/582/3
f 633/581/3 635/583/3 634/582/3
f 635/583/3 636/584/3 634/582/3
f 636/584/3 637/585/3 634/582/3
f 634/582/3 637/585/3 638/586/3
f 638/586/3 637/585/3 639/587/3
f 637/585/3 640/588/3 639/587/3
f 639/587/3 640/588/3 641/589/3
f 640/588/3 578/527/3 641/589/3
f 641/589/3 578/527/3 581/529/3
f 627/575/3 634/582/3 628/576/3
f 628/576/3 634/582/3 638/586/3
f 642/590/3 644/591/3 643/592/3
f 643/592/3 644/591/3 645/593/3
f 644/591/3 646/594/3 645/593/3
f 645/593/3 646/594/3 647/595/3
f 648/596/3 650/597/3 649/598/3
f 649/598/3 650/597/3 651/599/3
f 650/597/3 652/600/3 651/599/3
f 651/599/3 652/600/3 653/601/3
f 654/602/3 656/603/3 655/604/3
f 655/604/3 656/603/3 657/605/3
f 658/606/3 660/602/3 659/607/3
f 660/602/3 661/604/3 659/607/3
f 661/604/3 662/608/3 659/607/3
f 659/607/3 662/608/3 663/609/3
f 664/610/3 666/611/3 665/612/3
f 665/612/3 666/611/3 667/613/3
f 668/614/3 670/610/3 669/615/3
f 669/615/3 670/610/3 671/612/3
f 672/616/3 674/617/3 673/618/3
f 673/618/3 674/617/3 675/619/3
f 674/617/3 676/620/3 675/619/3
f 675/619/3 676/620/3 677/621/3
f 678/622/3 680/623/3 679/624/3
f 679/624/3 680/623/3 681/625/3
f 682/626/3 684/622/3 683/627/3
f 683/627/3 684/622/3 685/624/3
s 1
f 686/26/6 688/628/6 687/24/6
f 687/24/6 688/628/6 689/629/6
f 690/630/42 692/631/42 691/632/7
f 692/631/42 693/633/7 691/632/7
f 691/632/7 693/633/7 694/634/43
f 693/633/7 695/635/43 694/634/43
f 696/636/44 697/2/44 698/637/19
f 697/2/44 699/638/19 698/637/19
f 698/637/19 699/638/19 700/639/45
f 699/638/19 701/640/45 700/639/45
f 702/641/11 703/642/11 704/643/11
f 703/642/11 705/644/11 704/643/11
f 706/642/46 707/641/47 708/645/29
f 707/641/47 709/646/48 708/645/29
f 708/645/29 709/646/48 710/647/49
f 709/646/48 711/648/49 710/647/49
f 712/649/50 713/650/50 714/648/50
f 713/650/50 715/647/50 714/648/50
f 716/650/51 717/649/51 718/651/16
f 717/649/51 719/652/16 718/651/16
f 718/651/16 719/652/16 720/653/52
f 719/652/16 721/654/52 720/653/52
f 722/655/53 723/656/53 724/657/53
f 723/656/53 725/658/53 724/657/53
f 726/656/54 727/655/54 728/659/23
f 727/655/54 729/660/23 728/659/23
f 728/659/23 729/660/23 730/661/55
f 729/660/23 731/662/55 730/661/55
f 732/663/15 733/664/15 734/662/15
f 733/664/15 735/661/15 734/662/15
f 736/664/56 737/663/56 738/665/10
f 737/663/56 739/666/10 738/665/10
f 738/665/10 739/666/10 740/667/57
f 739/666/10 741/668/57 740/667/57
f 742/23/58 743/669/58 744/21/58
f 743/669/58 745/670/58 744/21/58
f 746/671/59 747/672/59 748/673/33
f 747/672/59 749/674/33 748/673/33
f 748/673/33 749/674/33 750/675/44
f 749/674/33 751/676/44 750/675/44
f 752/677/43 753/5/43 754/678/7
f 753/5/43 755/679/7 754/678/7
f 754/678/7 755/679/7 756/680/42
f 755/679/7 757/681/42 756/680/42
f 758/682/24 759/683/24 760/684/24
f 759/683/24 761/685/24 760/684/24
f 762/683/52 763/682/60 764/686/16
f 763/682/60 765/687/16 764/686/16
f 764/686/16 765/687/16 766/688/51
f 765/687/16 767/689/51 766/688/51
f 768/690/9 769/691/9 770/689/9
f 769/691/9 771/688/9 770/689/9
f 772/691/61 773/690/61 774/692/62
f 773/690/61 775/693/62 774/692/62
f 774/692/62 775/693/62 776/694/63
f 775/693/62 777/695/63 776/694/63
f 778/696/21 779/697/21 780/698/21
f 779/697/21 781/699/21 780/698/21
f 782/697/64 783/696/64 784/700/13
f 783/696/64 785/701/13 784/700/13
f 784/700/13 785/701/13 786/702/65
f 785/701/13 787/703/65 786/702/65
f 788/704/27 789/705/27 790/703/27
f 789/705/27 791/702/27 790/703/27
f 792/706/66 793/707/66 794/708/67
f 793/707/66 795/709/67 794/708/67
f 794/708/67 795/709/67 796/710/68
f 795/709/67 797/711/68 796/710/68
f 798/712/17 799/713/17 800/714/17
f 799/713/17 801/715/17 800/714/17
f 802/713/57 803/712/57 804/716/10
f 803/712/57 805/717/10 804/716/10
f 804/716/10 805/717/10 806/718/69
f 805/717/10 807/719/69 806/718/69
f 808/720/30 809/721/30 810/719/30
f 809/721/30 811/718/30 810/719/30
f 812/721/70 813/720/70 814/722/71
f 813/720/70 815/723/71 814/722/71
f 814/722/71 815/723/71 816/724/72
f 815/723/71 817/725/73 816/724/72
s 0
f 818/726/3 819/727/3 820/728/3
f 820/728/3 819/727/3 821/729/3
f 821/729/3 819/727/3 822/730/3
f 819/727/3 823/731/3 822/730/3
f 822/730/3 823/731/3 824/732/3
f 823/731/3 825/733/3 824/732/3
f 826/734/4 827/735/4 828/736/4
f 827/735/4 829/737/4 828/736/4
s 1
f 830/738/7 831/739/7 832/740/7
f 831/739/7 833/741/7 832/740/7
f 832/740/7 833/741/7 834/742/7
f 833/741/7 835/743/7 834/742/7
f 836/735/13 837/744/13 838/745/13
f 837/744/13 839/746/13 838/745/13
f 838/745/13 839/746/13 840/747/13
f 839/746/13 841/748/13 840/747/13
f 842/749/19 843/737/19 844/750/19
f 843/737/19 845/751/19 844/750/19
f 844/750/19 845/751/19 846/752/19
f 845/751/19 847/753/19 846/752/19
f 848/744/74 849/738/74 850/746/74
f 849/738/74 851/740/74 850/746/74
f 850/746/74 851/740/74 852/748/74
f 851/740/74 853/742/74 852/748/74
f 854/737/75 855/735/75 856/751/75
f 855/735/75 857/745/75 856/751/75
f 856/751/75 857/745/75 858/753/75
f 857/745/75 859/747/75 858/753/75
f 860/754/26 861/755/26 862/756/26
f 861/755/26 863/757/26 862/756/26
f 862/756/26 863/757/26 864/758/26
f 864/758/26 863/757/26 865/759/26
f 863/757/26 866/760/26 865/759/26
f 865/759/26 866/760/26 867/761/26
f 866/760/26 868/762/26 867/761/26
f 867/761/26 868/762/26 869/763/26
f 866/760/26 870/764/26 868/762/26
f 868/762/26 870/764/26 871/765/26
s 0
f 872/766/4 874/738/4 873/767/4
f 873/767/4 874/738/4 875/744/4
s 1
f 876/768/76 878/769/76 877/770/76
f 877/770/76 878/769/76 879/771/77
f 880/772/78 882/773/78 881/768/78
f 881/768/78 882/773/78 883/769/78
f 884/774/79 886/775/79 885/776/79
f 885/776/79 886/775/79 887/777/79
f 888/778/80 890/779/80 889/774/80
f 889/774/80 890/779/80 891/775/80
f 892/780/81 894/781/82 893/778/82
f 893/778/82 894/781/82 895/779/82
f 896/770/83 898/771/83 897/782/83
f 897/782/83 898/771/83 899/783/83
f 900/758/84 902/759/84 901/732/84
f 901/732/84 902/759/84 903/730/84
f 902/759/84 904/761/84 903/730/84
f 903/730/84 904/761/84 905/729/84
f 904/761/84 906/763/84 905/729/84
f 905/729/84 906/763/84 907/728/84
f 908/765/85 910/764/85 909/784/85
f 909/784/85 910/764/85 911/785/85
f 912/786/29 914/787/29 913/758/29
f 913/758/29 914/787/29 915/756/29
f 914/787/29 916/788/29 915/756/29
f 915/756/29 916/788/29 917/754/29
f 918/789/23 920/790/23 919/765/23
f 919/765/23 920/790/23 921/762/86
f 920/790/23 922/791/23 921/762/86
f 921/762/86 922/791/23 923/763/23
f 924/755/87 926/754/87 925/792/87
f 925/792/87 926/754/87 927/793/87
f 928/776/88 930/777/88 929/794/88
f 929/794/88 930/777/88 931/795/89
f 932/796/90 934/797/91 933/780/91
f 933/780/91 934/797/91 935/781/90
f 936/798/92 938/799/92 937/800/93
f 938/799/92 939/801/93 937/800/93
f 937/800/93 939/801/93 940/802/29
f 939/801/93 941/803/29 940/802/29
f 940/802/29 941/803/29 942/804/26
f 941/803/29 943/805/26 942/804/26
f 942/804/26 943/805/26 944/806/23
f 943/805/26 945/807/23 944/806/23
f 944/806/23 945/807/23 946/808/94
f 945/807/23 947/809/94 946/808/94
f 946/808/94 947/809/94 948/810/95
f 947/809/94 949/811/95 948/810/95
f 950/812/13 951/813/13 952/798/13
f 951/813/13 953/799/13 952/798/13
f 954/798/96 955/800/97 956/814/96
f 956/814/96 955/800/97 957/815/97
f 955/800/97 958/802/98 957/815/97
f 957/815/97 958/802/98 959/816/98
f 958/802/98 960/804/99 959/816/98
f 959/816/98 960/804/99 961/817/99
f 960/804/99 962/806/100 961/817/99
f 961/817/99 962/806/100 963/818/101
f 962/806/100 964/808/102 963/818/101
f 963/818/101 964/808/102 965/819/103
f 964/808/102 966/810/104 965/819/103
f 965/819/103 966/810/104 967/820/104
f 968/821/105 970/822/106 969/799/107
f 969/799/107 970/822/106 971/801/106
f 970/822/106 972/823/108 971/801/106
f 971/801/106 972/823/108 973/803/109
f 972/823/108 974/824/110 973/803/109
f 973/803/109 974/824/110 975/805/111
f 974/824/110 976/825/112 975/805/111
f 975/805/111 976/825/112 977/807/112
f 976/825/112 978/826/113 977/807/112
f 977/807/112 978/826/113 979/809/113
f 978/826/113 980/827/114 979/809/113
f 979/809/113 980/827/114 981/811/115
f 982/12/116 984/13/116 983/798/116
f 983/798/116 984/13/116 985/812/117
f 986/19/118 988/20/118 987/813/118
f 987/813/118 988/20/118 989/799/118
f 990/828/13 992/829/13 991/830/10
f 992/829/13 993/831/119 991/830/10
f 991/830/10 993/831/119 994/832/7
f 993/831/119 995/833/7 994/832/7
f 994/832/7 995/833/7 996/834/29
f 995/833/7 997/835/29 996/834/29
f 996/834/29 997/835/29 998/836/120
f 997/835/29 999/837/26 998/836/120
f 998/836/120 999/837/26 1000/838/23
f 999/837/26 1001/839/23 1000/838/23
f 1000/838/23 1001/839/23 1002/840/19
f 1001/839/23 1003/841/19 1002/840/19
f 1002/840/19 1003/841/19 1004/842/121
f 1003/841/19 1005/843/121 1004/842/121
f 1004/842/121 1005/843/121 1006/844/13
f 1005/843/121 1007/845/122 1006/844/13
s 0
f 1008/838/3 1009/846/3 1010/836/3
f 1009/846/3 1011/847/3 1010/836/3
f 1010/836/3 1011/847/3 1012/848/3
f 1012/848/3 1011/847/3 1013/849/3
f 1011/847/3 1014/850/3 1013/849/3
f 1013/849/3 1014/850/3 1015/851/3
f 1009/846/3 1016/852/3 1011/847/3
f 1011/847/3 1016/852/3 1014/850/3
s 1
f 1017/853/123 1019/854/124 1018/855/125
f 1018/855/125 1019/854/124 1020/856/126
f 1018/855/125 1021/857/127 1017/853/123
f 1017/853/123 1021/857/127 1022/858/128
f 1021/857/127 1023/859/129 1022/858/128
f 1022/858/128 1023/859/129 1024/860/130
f 1023/859/129 1025/861/131 1024/860/130
f 1024/860/130 1025/861/131 1026/862/132
f 1025/861/131 1027/863/133 1026/862/132
f 1026/862/132 1027/863/133 1028/864/134
f 1027/863/133 1029/865/135 1028/864/134
f 1028/864/134 1029/865/135 1030/866/136
f 1029/865/135 1031/867/137 1030/866/136
f 1030/866/136 1031/867/137 1032/868/138
f 1031/867/137 1020/856/126 1032/868/138
f 1020/856/126 1019/854/124 1032/868/138
f 1032/868/138 1019/854/124 1033/869/139
f 1033/869/139 1019/854/124 1034/870/140
f 1019/854/124 1017/853/123 1034/870/140
f 1034/870/140 1017/853/123 1035/871/141
f 1017/853/123 1022/858/128 1035/871/141
f 1035/871/141 1022/858/128 1036/872/142
f 1022/858/128 1024/860/130 1036/872/142
f 1036/872/142 1024/860/130 1037/837/143
f 1024/860/130 1026/862/132 1037/837/143
f 1037/837/143 1026/862/132 1038/839/144
f 1026/862/132 1028/864/134 1038/839/144
f 1038/839/144 1028/864/134 1039/873/145
f 1028/864/134 1030/866/136 1039/873/145
f 1039/873/145 1030/866/136 1040/874/146
f 1030/866/136 1032/868/138 1040/874/146
f 1040/874/146 1032/868/138 1033/869/139
s 0
f 1041/875/3 1043/876/3 1042/877/3
f 1042/877/3 1043/876/3 1044/878/3
f 1044/878/3 1043/876/3 1045/879/3
f 1043/876/3 1046/880/3 1045/879/3
f 1045/879/3 1046/880/3 1047/881/3
f 1046/880/3 1048/882/3 1047/881/3
s 1
f 1049/883/147 1050/884/147 1051/885/147
f 1050/884/147 1052/886/147 1051/885/147
f 1053/887/26 1054/888/26 1055/889/26
f 1054/888/26 1056/890/26 1055/889/26
f 1057/891/148 1058/892/148 1059/893/148
f 1058/892/148 1060/894/148 1059/893/148
f 1061/885/149 1062/886/34 1063/887/34
f 1062/886/34 1064/888/149 1063/887/34
f 1065/889/150 1066/890/27 1067/891/27
f 1066/890/27 1068/892/150 1067/891/27
f 1069/895/151 1070/896/13 1071/897/151
f 1071/897/151 1070/896/13 1072/898/151
f 1072/898/151 1070/896/13 1073/899/151
f 1070/896/13 1074/900/151 1073/899/151
f 1074/900/151 1075/901/151 1073/899/151
f 1073/899/151 1075/901/151 1076/902/151
s 0
f 1077/903/4 1079/904/4 1078/905/4
f 1079/904/4 1080/906/4 1078/905/4
f 1078/905/4 1080/906/4 1081/907/4
f 1080/906/4 1082/908/4 1081/907/4
s 1
f 1083/895/116 1084/897/116 1085/909/116
f 1084/897/116 1086/910/116 1085/909/116
f 1087/911/152 1088/912/153 1089/900/152
f 1088/912/153 1090/901/152 1089/900/152
f 1091/902/116 1092/901/116 1093/913/116
f 1092/901/116 1094/914/116 1093/913/116
f 1095/900/118 1096/896/118 1097/915/118
f 1096/896/118 1098/916/118 1097/915/118
f 1099/884/154 1100/883/154 1101/895/155
f 1100/883/154 1102/896/154 1101/895/155
f 1103/879/118 1104/917/118 1105/878/118
f 1104/917/118 1106/918/118 1105/878/118
f 1107/919/156 1108/920/156 1109/921/156
f 1108/920/156 1110/922/156 1109/921/156
f 1111/923/7 1112/924/7 1113/919/7
f 1112/924/7 1114/920/7 1113/919/7
s 0
f 1115/925/3 1116/926/3 1117/923/3
f 1116/926/3 1118/924/3 1117/923/3
s 1
f 1119/927/33 1120/928/33 1121/925/33
f 1120/928/33 1122/926/33 1121/925/33
f 1123/929/157 1124/930/157 1125/927/158
f 1124/930/157 1126/928/157 1125/927/158
f 1127/931/159 1128/932/7 1129/933/160
f 1129/933/160 1128/932/7 1130/934/7
f 1128/932/7 1131/935/161 1130/934/7
f 1130/934/7 1131/935/161 1132/936/161
f 1133/937/162 1135/938/19 1134/939/162
f 1134/939/162 1135/938/19 1136/940/19
f 1135/938/19 1137/941/163 1136/940/19
f 1136/940/19 1137/941/163 1138/942/164
f 1139/26/165 1141/943/165 1140/628/165
f 1140/628/165 1141/943/165 1142/944/165
s 0
f 1143/632/4 1145/932/4 1144/630/4
f 1144/630/4 1145/932/4 1146/931/4
f 1147/634/4 1149/935/4 1148/632/4
f 1148/632/4 1149/935/4 1150/932/4
s 1
f 1151/945/66 1153/946/66 1152/3/66
f 1152/3/66 1153/946/66 1154/947/66
s 0
f 1155/519/3 1157/522/3 1156/524/3
f 1156/524/3 1157/522/3 1158/948/3
f 1159/605/3 1161/949/3 1160/604/3
f 1160/604/3 1161/949/3 1162/608/3
s 1
f 1163/23/166 1165/950/166 1164/669/166
f 1164/669/166 1165/950/166 1166/951/166
s 0
f 1167/673/4 1169/938/4 1168/671/4
f 1168/671/4 1169/938/4 1170/937/4
f 1171/675/4 1173/941/4 1172/673/4
f 1172/673/4 1173/941/4 1174/938/4
s 1
f 1175/952/65 1177/953/65 1176/6/65
f 1176/6/65 1177/953/65 1178/954/65
f 1179/677/2 1181/952/2 1180/5/2
f 1180/5/2 1181/952/2 1182/6/2
f 1183/636/1 1185/945/1 1184/2/1
f 1184/2/1 1185/945/1 1186/3/1
o IndustrialBuilding09_ReflectiveMaterial_0
v 2.238933 14.839188 -8.355458
v 4.324897 16.439566 -7.491470
v 4.324897 14.839188 -7.491469
v 6.116305 16.439566 -6.116250
v 6.116305 14.839188 -6.116249
v 7.491238 16.439568 -4.325034
v 7.491238 14.839190 -4.325034
v 8.355437 16.439568 -2.238966
v 8.355437 14.839190 -2.238965
v 8.649993 16.439568 0.000244
v 8.649993 14.839190 0.000244
v 8.355437 16.439569 2.238691
v 8.355437 14.839191 2.238692
v 7.491238 16.439569 4.324759
v 7.491238 14.839191 4.324760
v 6.116305 16.439569 6.116737
v 6.116305 14.839191 6.116737
v 4.324897 16.439569 7.491196
v 4.324897 14.839191 7.491196
v 2.238933 16.439571 8.355184
v 2.238933 14.839193 8.355184
v 2.238933 16.439566 -8.355458
v -2.238819 14.839188 -8.355458
v -4.324782 14.839188 -7.491469
v -2.238819 16.439566 -8.355458
v -4.324782 16.439566 -7.491470
v -6.116703 14.839188 -6.116249
v -6.116703 16.439566 -6.116250
v -7.491123 14.839190 -4.325034
v -7.491123 16.439568 -4.325034
v -8.355322 14.839190 -2.238965
v -8.355322 16.439568 -2.238966
v -8.649878 14.839190 0.000244
v -8.649878 16.439568 0.000244
v -8.355322 14.839191 2.238692
v -8.355322 16.439569 2.238691
v -7.491123 14.839191 4.324760
v -7.491123 16.439569 4.324759
v -6.116703 14.839191 6.116737
v -6.116703 16.439569 6.116737
v -4.324782 14.839191 7.491196
v -4.324782 16.439569 7.491196
v -2.238819 14.839193 8.355184
v -2.238819 16.439571 8.355184
v 2.238933 10.226677 -8.355456
v 4.324897 10.226678 -7.491468
v 4.324897 11.825884 -7.491468
v 6.116305 11.825884 -6.116248
v 6.116305 10.226678 -6.116248
v 7.491238 11.825885 -4.325033
v 7.491238 10.226679 -4.325032
v 8.355437 11.825886 -2.238965
v 8.355437 10.226679 -2.238964
v 8.649993 11.825886 0.000245
v 8.649993 10.226680 0.000246
v 8.355437 11.825887 2.238692
v 8.355437 10.226681 2.238693
v 7.491238 11.825888 4.324761
v 7.491238 10.226681 4.324761
v 6.116305 11.825888 6.116738
v 6.116305 10.226682 6.116739
v 4.324897 11.825889 7.491197
v 4.324897 10.226683 7.491198
v 2.238933 11.825889 8.355185
v 2.238933 10.226683 8.355186
v 2.238933 11.825884 -8.355457
v -2.238819 10.226677 -8.355456
v -4.324782 10.226678 -7.491468
v -2.238819 11.825884 -8.355457
v -4.324782 11.825884 -7.491468
v -6.116703 10.226678 -6.116248
v -6.116703 11.825884 -6.116248
v -7.491123 10.226679 -4.325032
v -7.491123 11.825885 -4.325033
v -8.355322 10.226679 -2.238964
v -8.355322 11.825886 -2.238965
v -8.649878 10.226680 0.000246
v -8.649878 11.825886 0.000245
v -8.355322 10.226681 2.238693
v -8.355322 11.825887 2.238692
v -7.491123 10.226681 4.324761
v -7.491123 11.825888 4.324761
v -6.116703 10.226682 6.116739
v -6.116703 11.825888 6.116738
v -4.324782 10.226683 7.491198
v -4.324782 11.825889 7.491197
v -2.238819 10.226683 8.355186
v -2.238819 11.825889 8.355185
v 1.992532 20.552984 -7.435853
v 3.848998 20.552984 -6.667100
v 3.848998 22.152191 -6.667101
v 5.443694 22.152191 -5.443498
v 5.443694 20.552984 -5.443498
v 6.666995 22.152193 -3.848852
v 6.666995 20.552984 -3.848851
v 7.435912 22.152193 -1.992113
v 7.435912 20.552984 -1.992113
v 7.698195 22.152193 0.000242
v 7.698195 20.552986 0.000242
v 7.435912 22.152195 1.992598
v 7.435912 20.552986 1.992598
v 6.666995 22.152195 3.849335
v 6.666995 20.552986 3.849336
v 5.443694 22.152195 5.443220
v 5.443694 20.552988 5.443220
v 3.848998 22.152195 6.666823
v 3.848998 20.552988 6.666823
v 1.992532 22.152195 7.435575
v 1.992532 20.552988 7.435576
v 1.992532 22.152191 -7.435853
v -1.992417 20.552984 -7.435853
v -3.848883 20.552984 -6.667100
v -1.992417 22.152191 -7.435853
v -3.848883 22.152191 -6.667101
v -5.443580 20.552984 -5.443498
v -5.443580 22.152191 -5.443498
v -6.666880 20.552984 -3.848851
v -6.666880 22.152193 -3.848852
v -7.435798 20.552984 -1.992113
v -7.435798 22.152193 -1.992113
v -7.698080 20.552986 0.000242
v -7.698080 22.152193 0.000242
v -7.435798 20.552986 1.992598
v -7.435798 22.152195 1.992598
v -6.666880 20.552986 3.849336
v -6.666880 22.152195 3.849335
v -5.443580 20.552988 5.443220
v -5.443580 22.152195 5.443220
v -3.848883 20.552988 6.666823
v -3.848883 22.152195 6.666823
v -1.992417 20.552988 7.435576
v -1.992417 22.152195 7.435575
v 2.068347 25.427929 -7.719279
v 3.995507 24.639456 -6.920813
v 3.995507 25.427929 -6.920814
v 5.650652 24.639456 -5.650733
v 5.650652 25.427929 -5.650734
v 6.920568 24.639456 -3.995898
v 6.920568 25.427929 -3.995898
v 7.719198 24.639458 -2.068304
v 7.719198 25.427931 -2.068304
v 7.991213 24.639458 0.000241
v 7.991213 25.427931 0.000241
v 7.719198 24.639458 2.068024
v 7.719198 25.427931 2.068024
v 6.920568 24.639460 3.995619
v 6.920568 25.427933 3.995618
v 5.650652 24.639460 5.650455
v 5.650652 25.427933 5.650454
v 3.995507 24.639460 6.920533
v 3.995507 25.427933 6.920533
v 2.068347 24.639460 7.718999
v 2.068347 25.427933 7.718999
v 2.068347 24.639456 -7.719279
v -2.068233 25.427929 -7.719279
v -3.995905 25.427929 -6.920814
v -2.068233 24.639456 -7.719279
v -3.995905 24.639456 -6.920813
v -5.650537 25.427929 -5.650734
v -5.650537 24.639456 -5.650733
v -6.920966 25.427929 -3.995898
v -6.920966 24.639456 -3.995898
v -7.719083 25.427931 -2.068304
v -7.719083 24.639458 -2.068304
v -7.991611 25.427931 0.000241
v -7.991611 24.639458 0.000241
v -7.719083 25.427931 2.068024
v -7.719083 24.639458 2.068024
v -6.920966 25.427933 3.995618
v -6.920966 24.639460 3.995619
v -5.650537 25.427933 5.650454
v -5.650537 24.639460 5.650455
v -3.995905 25.427933 6.920533
v -3.995905 24.639460 6.920533
v -2.068233 25.427933 7.718999
v -2.068233 24.639460 7.718999
v 1.403933 10.114209 1.403656
v 1.719491 10.114208 0.992995
v 1.513047 6.639302 0.873378
v 1.687731 6.639302 0.452050
v 1.917740 10.114208 0.513763
v 1.747154 6.639302 0.000247
v 1.985360 10.114208 0.000246
v 1.687731 6.639302 -0.452319
v 1.917740 10.114208 -0.514034
v 1.513047 6.639302 -0.873647
v 1.719491 10.114208 -0.992504
v 1.235396 6.639302 -1.235547
v 1.403933 10.114208 -1.403927
v 0.873734 6.639302 -1.512877
v 0.992580 10.114208 -1.719351
v 0.452136 6.639301 -1.687351
v 0.514120 10.114208 -1.918206
v -0.000199 6.639301 -1.747540
v -0.000199 10.114208 -1.985253
v -0.452021 6.639301 -1.687351
v -0.514006 10.114208 -1.918206
v 1.235396 6.639302 1.235278
v 0.992580 10.114209 1.719843
v 0.873734 6.639303 1.513370
v 0.514120 10.114209 1.917935
v 0.452136 6.639303 1.687844
v -0.000199 10.114209 1.985744
v -0.000199 6.639303 1.747272
v -0.514006 10.114209 1.917935
v -0.452021 6.639303 1.687844
v -0.992978 10.114209 1.719843
v -0.873619 6.639303 1.513370
v -1.403818 10.114209 1.403656
v -1.235282 6.639302 1.235278
v -1.719377 10.114208 0.992995
v -1.512932 6.639302 0.873378
v -1.917625 10.114208 0.513763
v -1.687616 6.639302 0.452050
v -1.985245 10.114208 0.000246
v -1.747039 6.639302 0.000247
v -1.917625 10.114208 -0.514034
v -1.687616 6.639302 -0.452319
v -1.719377 10.114208 -0.992504
v -1.512932 6.639302 -0.873647
v -1.403818 10.114208 -1.403927
v -1.235282 6.639302 -1.235547
v -0.992978 10.114208 -1.719351
v -0.873619 6.639302 -1.512877
v -0.514006 10.114208 -1.918206
v -0.452021 6.639301 -1.687351
vn 0.2613 0.0022 -0.9653
vn 0.4978 0.0022 -0.8673
vn 0.7071 0.0022 -0.7071
vn 0.8673 0.0022 -0.4978
vn 0.9653 0.0022 -0.2612
vn 1.0000 0.0022 -0.0000
vn 0.9653 0.0022 0.2613
vn 0.9653 0.0022 0.2612
vn 0.8673 0.0022 0.4978
vn 0.7071 0.0021 0.7071
vn 0.7071 0.0022 0.7071
vn 0.4978 0.0022 0.8673
vn 0.2613 0.0022 0.9653
vn -0.2613 0.0022 -0.9653
vn -0.4978 0.0022 -0.8673
vn -0.7071 0.0022 -0.7071
vn -0.7071 0.0021 -0.7071
vn -0.8673 0.0022 -0.4978
vn -0.9653 0.0021 -0.2612
vn -0.9653 0.0022 -0.2612
vn -1.0000 0.0022 -0.0000
vn -0.9653 0.0022 0.2613
vn -0.9653 0.0022 0.2612
vn -0.8673 0.0022 0.4978
vn -0.7071 0.0022 0.7071
vn -0.7071 0.0021 0.7071
vn -0.4978 0.0022 0.8673
vn -0.2613 0.0022 0.9653
vn 0.9653 0.0021 -0.2612
vn 0.9653 0.0021 0.2612
vn -0.7042 0.0677 -0.7068
vn -0.8647 0.0677 -0.4978
vn -0.9629 0.0677 -0.2613
vn -0.9977 0.0678 -0.0000
vn -0.9977 0.0677 -0.0000
vn -0.9629 0.0677 0.2612
vn -0.8647 0.0677 0.4978
vn -0.7042 0.0677 0.7068
vn -0.5010 0.0677 0.8628
vn -0.2576 0.0677 0.9639
vn -0.2577 0.0677 0.9639
vn -0.0038 0.0677 0.9977
vn -0.0037 0.0677 0.9977
vn 0.2576 0.0671 0.9639
vn 0.2576 0.0677 0.9639
vn -0.5011 0.0677 -0.8628
vn -0.5010 0.0677 -0.8628
vn -0.2577 0.0678 -0.9638
vn -0.2576 0.0677 -0.9639
vn -0.0038 0.0677 -0.9977
vn 0.2577 0.0678 -0.9638
vn 0.2576 0.0677 -0.9639
vn 0.5010 0.0677 -0.8628
vn 0.7042 0.0677 -0.7068
vn 0.8647 0.0677 -0.4977
vn 0.8647 0.0676 -0.4977
vn 0.9629 0.0677 -0.2612
vn 0.9977 0.0678 -0.0000
vn 0.9977 0.0677 -0.0000
vn 0.9629 0.0677 0.2612
vn 0.8646 0.0677 0.4978
vn 0.8647 0.0677 0.4977
vn 0.7041 0.0677 0.7068
vn 0.7042 0.0677 0.7068
vn 0.5010 0.0677 0.8628
vn 0.2577 0.0673 0.9639
vn 0.2577 0.0677 0.9639
vt 0.402823 0.944484
vt 0.433608 0.922690
vt 0.433608 0.944484
vt 0.464496 0.922690
vt 0.464496 0.944484
vt 0.495282 0.922690
vt 0.495282 0.944484
vt 0.526170 0.922690
vt 0.526170 0.944484
vt 0.556955 0.922690
vt 0.556955 0.944484
vt 0.587843 0.922690
vt 0.587843 0.944484
vt 0.618629 0.922690
vt 0.618629 0.944484
vt 0.649517 0.922690
vt 0.649517 0.944484
vt 0.680302 0.922690
vt 0.680302 0.944484
vt 0.711190 0.922690
vt 0.711190 0.944484
vt 0.402823 0.922690
vt 0.341150 0.944484
vt 0.310262 0.944484
vt 0.341150 0.922690
vt 0.310262 0.922690
vt 0.279476 0.944484
vt 0.279476 0.922690
vt 0.248691 0.944484
vt 0.248691 0.922690
vt 0.217803 0.944484
vt 0.217803 0.922690
vt 0.187017 0.944484
vt 0.187017 0.922690
vt 0.156129 0.944484
vt 0.156129 0.922690
vt 0.125344 0.944484
vt 0.125344 0.922690
vt 0.094456 0.944484
vt 0.094456 0.922690
vt 0.063671 0.944484
vt 0.063671 0.922690
vt 0.032782 0.944484
vt 0.032782 0.922690
vt 0.341150 0.896554
vt 0.310262 0.918439
vt 0.310262 0.896554
vt 0.279476 0.918439
vt 0.279476 0.896554
vt 0.248691 0.918439
vt 0.248691 0.896554
vt 0.217803 0.918439
vt 0.217803 0.896554
vt 0.187017 0.918439
vt 0.187017 0.896554
vt 0.156129 0.918439
vt 0.156129 0.896554
vt 0.125344 0.918439
vt 0.125344 0.896554
vt 0.094456 0.918439
vt 0.094456 0.896554
vt 0.063671 0.918439
vt 0.063671 0.896554
vt 0.032782 0.918439
vt 0.032782 0.896554
vt 0.341150 0.918439
vt 0.402823 0.896554
vt 0.433608 0.896554
vt 0.402823 0.918439
vt 0.433608 0.918439
vt 0.464496 0.896554
vt 0.464496 0.918439
vt 0.495282 0.896554
vt 0.495282 0.918439
vt 0.526170 0.896554
vt 0.526170 0.918439
vt 0.556955 0.896554
vt 0.556955 0.918439
vt 0.587843 0.896554
vt 0.587843 0.918439
vt 0.618629 0.896554
vt 0.618629 0.918439
vt 0.649517 0.896554
vt 0.649517 0.918439
vt 0.680302 0.896554
vt 0.680302 0.918439
vt 0.711190 0.896554
vt 0.711190 0.918439
vt 0.358697 0.970620
vt 0.386199 0.948735
vt 0.386199 0.970620
vt 0.413598 0.948735
vt 0.413598 0.970620
vt 0.440997 0.948735
vt 0.440997 0.970620
vt 0.468499 0.948735
vt 0.468499 0.970620
vt 0.495898 0.948735
vt 0.495898 0.970620
vt 0.523399 0.948735
vt 0.523399 0.970620
vt 0.550798 0.948735
vt 0.550798 0.970620
vt 0.578300 0.948735
vt 0.578300 0.970620
vt 0.605699 0.948735
vt 0.605699 0.970620
vt 0.633098 0.948735
vt 0.633098 0.970620
vt 0.358697 0.948735
vt 0.303797 0.970620
vt 0.276398 0.970620
vt 0.303797 0.948735
vt 0.276398 0.948735
vt 0.248896 0.970620
vt 0.248896 0.948735
vt 0.221497 0.970620
vt 0.221497 0.948735
vt 0.194098 0.970620
vt 0.194098 0.948735
vt 0.166596 0.970620
vt 0.166596 0.948735
vt 0.139197 0.970620
vt 0.139197 0.948735
vt 0.111696 0.970620
vt 0.111696 0.948735
vt 0.084297 0.970620
vt 0.084297 0.948735
vt 0.056795 0.970620
vt 0.056795 0.948735
vt 0.029396 0.970620
vt 0.029396 0.948735
vt 0.315290 0.985633
vt 0.286865 0.985633
vt 0.286865 0.974871
vt 0.258337 0.974871
vt 0.258337 0.985633
vt 0.229809 0.974871
vt 0.229809 0.985633
vt 0.201384 0.974871
vt 0.201384 0.985633
vt 0.172856 0.974871
vt 0.172856 0.985633
vt 0.144431 0.974871
vt 0.144431 0.985633
vt 0.115903 0.974871
vt 0.115903 0.985633
vt 0.087375 0.974871
vt 0.087375 0.985633
vt 0.058950 0.974871
vt 0.058950 0.985633
vt 0.030422 0.974871
vt 0.030422 0.985633
vt 0.315290 0.974871
vt 0.372345 0.985633
vt 0.372345 0.974871
vt 0.400771 0.985633
vt 0.400771 0.974871
vt 0.429298 0.985633
vt 0.429298 0.974871
vt 0.457724 0.985633
vt 0.457724 0.974871
vt 0.486251 0.985633
vt 0.486251 0.974871
vt 0.514779 0.985633
vt 0.514779 0.974871
vt 0.543204 0.985633
vt 0.543204 0.974871
vt 0.571732 0.985633
vt 0.571732 0.974871
vt 0.600157 0.985633
vt 0.600157 0.974871
vt 0.628685 0.985633
vt 0.628685 0.974871
vt 0.657213 0.985633
vt 0.657213 0.974871
vt 0.771735 0.295521
vt 0.764757 0.295430
vt 0.765783 0.248314
vt 0.759215 0.248223
vt 0.757779 0.295430
vt 0.752750 0.248133
vt 0.750801 0.295340
vt 0.746183 0.248042
vt 0.743720 0.295340
vt 0.739718 0.247861
vt 0.736742 0.295159
vt 0.733253 0.247590
vt 0.729764 0.295069
vt 0.726891 0.247319
vt 0.722683 0.294978
vt 0.720528 0.246867
vt 0.715603 0.294797
vt 0.714269 0.246324
vt 0.708625 0.294616
vt 0.708112 0.245600
vt 0.701544 0.294436
vt 0.772350 0.248314
vt 0.778713 0.295521
vt 0.778918 0.248314
vt 0.785691 0.295430
vt 0.785486 0.248314
vt 0.792771 0.295430
vt 0.792053 0.248223
vt 0.799749 0.295340
vt 0.798723 0.248223
vt 0.806727 0.295340
vt 0.805291 0.248133
vt 0.813705 0.295159
vt 0.811756 0.247952
vt 0.820683 0.295069
vt 0.818323 0.247861
vt 0.827662 0.294978
vt 0.824788 0.247680
vt 0.834742 0.294797
vt 0.831356 0.247409
vt 0.841720 0.294616
vt 0.837718 0.247138
vt 0.848801 0.294436
vt 0.844183 0.246686
vt 0.855779 0.294164
vt 0.850545 0.246234
vt 0.862859 0.293983
vt 0.856805 0.245691
vt 0.869940 0.293712
vt 0.862962 0.244877
s 1
usemtl ReflectiveMaterial
f 1187/955/167 1188/956/168 1189/957/168
f 1188/956/168 1190/958/169 1189/957/168
f 1189/957/168 1190/958/169 1191/959/169
f 1190/958/169 1192/960/170 1191/959/169
f 1191/959/169 1192/960/170 1193/961/170
f 1192/960/170 1194/962/171 1193/961/170
f 1193/961/170 1194/962/171 1195/963/171
f 1194/962/171 1196/964/172 1195/963/171
f 1195/963/171 1196/964/172 1197/965/172
f 1196/964/172 1198/966/173 1197/965/172
f 1197/965/172 1198/966/173 1199/967/174
f 1198/966/173 1200/968/175 1199/967/174
f 1199/967/174 1200/968/175 1201/969/175
f 1200/968/175 1202/970/176 1201/969/175
f 1201/969/175 1202/970/176 1203/971/177
f 1202/970/176 1204/972/178 1203/971/177
f 1203/971/177 1204/972/178 1205/973/178
f 1204/972/178 1206/974/179 1205/973/178
f 1205/973/178 1206/974/179 1207/975/179
f 1187/955/167 1208/976/167 1188/956/168
f 1209/977/180 1210/978/181 1211/979/180
f 1211/979/180 1210/978/181 1212/980/181
f 1210/978/181 1213/981/182 1212/980/181
f 1212/980/181 1213/981/182 1214/982/183
f 1213/981/182 1215/983/184 1214/982/183
f 1214/982/183 1215/983/184 1216/984/184
f 1215/983/184 1217/985/185 1216/984/184
f 1216/984/184 1217/985/185 1218/986/186
f 1217/985/185 1219/987/187 1218/986/186
f 1218/986/186 1219/987/187 1220/988/187
f 1219/987/187 1221/989/188 1220/988/187
f 1220/988/187 1221/989/188 1222/990/189
f 1221/989/188 1223/991/190 1222/990/189
f 1222/990/189 1223/991/190 1224/992/190
f 1223/991/190 1225/993/191 1224/992/190
f 1224/992/190 1225/993/191 1226/994/192
f 1225/993/191 1227/995/193 1226/994/192
f 1226/994/192 1227/995/193 1228/996/193
f 1227/995/193 1229/997/194 1228/996/193
f 1228/996/193 1229/997/194 1230/998/194
f 1231/999/167 1233/1000/168 1232/1001/168
f 1233/1000/168 1234/1002/169 1232/1001/168
f 1232/1001/168 1234/1002/169 1235/1003/169
f 1234/1002/169 1236/1004/170 1235/1003/169
f 1235/1003/169 1236/1004/170 1237/1005/170
f 1236/1004/170 1238/1006/195 1237/1005/170
f 1237/1005/170 1238/1006/195 1239/1007/171
f 1238/1006/195 1240/1008/172 1239/1007/171
f 1239/1007/171 1240/1008/172 1241/1009/172
f 1240/1008/172 1242/1010/174 1241/1009/172
f 1241/1009/172 1242/1010/174 1243/1011/174
f 1242/1010/174 1244/1012/175 1243/1011/174
f 1243/1011/174 1244/1012/175 1245/1013/175
f 1244/1012/175 1246/1014/176 1245/1013/175
f 1245/1013/175 1246/1014/176 1247/1015/177
f 1246/1014/176 1248/1016/178 1247/1015/177
f 1247/1015/177 1248/1016/178 1249/1017/178
f 1248/1016/178 1250/1018/179 1249/1017/178
f 1249/1017/178 1250/1018/179 1251/1019/179
f 1231/999/167 1252/1020/167 1233/1000/168
f 1253/1021/180 1254/1022/181 1255/1023/180
f 1255/1023/180 1254/1022/181 1256/1024/181
f 1254/1022/181 1257/1025/182 1256/1024/181
f 1256/1024/181 1257/1025/182 1258/1026/182
f 1257/1025/182 1259/1027/184 1258/1026/182
f 1258/1026/182 1259/1027/184 1260/1028/184
f 1259/1027/184 1261/1029/186 1260/1028/184
f 1260/1028/184 1261/1029/186 1262/1030/186
f 1261/1029/186 1263/1031/187 1262/1030/186
f 1262/1030/186 1263/1031/187 1264/1032/187
f 1263/1031/187 1265/1033/189 1264/1032/187
f 1264/1032/187 1265/1033/189 1266/1034/189
f 1265/1033/189 1267/1035/190 1266/1034/189
f 1266/1034/189 1267/1035/190 1268/1036/190
f 1267/1035/190 1269/1037/192 1268/1036/190
f 1268/1036/190 1269/1037/192 1270/1038/191
f 1269/1037/192 1271/1039/193 1270/1038/191
f 1270/1038/191 1271/1039/193 1272/1040/193
f 1271/1039/193 1273/1041/194 1272/1040/193
f 1272/1040/193 1273/1041/194 1274/1042/194
f 1275/1043/167 1277/1044/168 1276/1045/168
f 1277/1044/168 1278/1046/169 1276/1045/168
f 1276/1045/168 1278/1046/169 1279/1047/169
f 1278/1046/169 1280/1048/170 1279/1047/169
f 1279/1047/169 1280/1048/170 1281/1049/170
f 1280/1048/170 1282/1050/171 1281/1049/170
f 1281/1049/170 1282/1050/171 1283/1051/195
f 1282/1050/171 1284/1052/172 1283/1051/195
f 1283/1051/195 1284/1052/172 1285/1053/172
f 1284/1052/172 1286/1054/196 1285/1053/172
f 1285/1053/172 1286/1054/196 1287/1055/174
f 1286/1054/196 1288/1056/175 1287/1055/174
f 1287/1055/174 1288/1056/175 1289/1057/175
f 1288/1056/175 1290/1058/177 1289/1057/175
f 1289/1057/175 1290/1058/177 1291/1059/177
f 1290/1058/177 1292/1060/178 1291/1059/177
f 1291/1059/177 1292/1060/178 1293/1061/178
f 1292/1060/178 1294/1062/179 1293/1061/178
f 1293/1061/178 1294/1062/179 1295/1063/179
f 1275/1043/167 1296/1064/167 1277/1044/168
f 1297/1065/180 1298/1066/181 1299/1067/180
f 1299/1067/180 1298/1066/181 1300/1068/181
f 1298/1066/181 1301/1069/182 1300/1068/181
f 1300/1068/181 1301/1069/182 1302/1070/182
f 1301/1069/182 1303/1071/184 1302/1070/182
f 1302/1070/182 1303/1071/184 1304/1072/184
f 1303/1071/184 1305/1073/186 1304/1072/184
f 1304/1072/184 1305/1073/186 1306/1074/186
f 1305/1073/186 1307/1075/187 1306/1074/186
f 1306/1074/186 1307/1075/187 1308/1076/187
f 1307/1075/187 1309/1077/189 1308/1076/187
f 1308/1076/187 1309/1077/189 1310/1078/189
f 1309/1077/189 1311/1079/190 1310/1078/189
f 1310/1078/189 1311/1079/190 1312/1080/190
f 1311/1079/190 1313/1081/191 1312/1080/190
f 1312/1080/190 1313/1081/191 1314/1082/191
f 1313/1081/191 1315/1083/193 1314/1082/191
f 1314/1082/191 1315/1083/193 1316/1084/193
f 1315/1083/193 1317/1085/194 1316/1084/193
f 1316/1084/193 1317/1085/194 1318/1086/194
f 1319/1087/167 1321/1088/168 1320/1089/168
f 1320/1089/168 1321/1088/168 1322/1090/169
f 1321/1088/168 1323/1091/169 1322/1090/169
f 1322/1090/169 1323/1091/169 1324/1092/170
f 1323/1091/169 1325/1093/170 1324/1092/170
f 1324/1092/170 1325/1093/170 1326/1094/171
f 1325/1093/170 1327/1095/171 1326/1094/171
f 1326/1094/171 1327/1095/171 1328/1096/172
f 1327/1095/171 1329/1097/172 1328/1096/172
f 1328/1096/172 1329/1097/172 1330/1098/196
f 1329/1097/172 1331/1099/174 1330/1098/196
f 1330/1098/196 1331/1099/174 1332/1100/175
f 1331/1099/174 1333/1101/175 1332/1100/175
f 1332/1100/175 1333/1101/175 1334/1102/177
f 1333/1101/175 1335/1103/177 1334/1102/177
f 1334/1102/177 1335/1103/177 1336/1104/178
f 1335/1103/177 1337/1105/178 1336/1104/178
f 1336/1104/178 1337/1105/178 1338/1106/179
f 1337/1105/178 1339/1107/179 1338/1106/179
f 1320/1089/168 1340/1108/167 1319/1087/167
f 1341/1109/180 1343/1110/180 1342/1111/181
f 1343/1110/180 1344/1112/181 1342/1111/181
f 1342/1111/181 1344/1112/181 1345/1113/182
f 1344/1112/181 1346/1114/182 1345/1113/182
f 1345/1113/182 1346/1114/182 1347/1115/184
f 1346/1114/182 1348/1116/184 1347/1115/184
f 1347/1115/184 1348/1116/184 1349/1117/186
f 1348/1116/184 1350/1118/186 1349/1117/186
f 1349/1117/186 1350/1118/186 1351/1119/187
f 1350/1118/186 1352/1120/187 1351/1119/187
f 1351/1119/187 1352/1120/187 1353/1121/189
f 1352/1120/187 1354/1122/189 1353/1121/189
f 1353/1121/189 1354/1122/189 1355/1123/190
f 1354/1122/189 1356/1124/190 1355/1123/190
f 1355/1123/190 1356/1124/190 1357/1125/191
f 1356/1124/190 1358/1126/192 1357/1125/191
f 1357/1125/191 1358/1126/192 1359/1127/193
f 1358/1126/192 1360/1128/193 1359/1127/193
f 1359/1127/193 1360/1128/193 1361/1129/194
f 1360/1128/193 1362/1130/194 1361/1129/194
f 1363/1131/197 1364/1132/198 1365/1133/198
f 1365/1133/198 1364/1132/198 1366/1134/199
f 1364/1132/198 1367/1135/199 1366/1134/199
f 1366/1134/199 1367/1135/199 1368/1136/200
f 1367/1135/199 1369/1137/201 1368/1136/200
f 1368/1136/200 1369/1137/201 1370/1138/202
f 1369/1137/201 1371/1139/202 1370/1138/202
f 1370/1138/202 1371/1139/202 1372/1140/203
f 1371/1139/202 1373/1141/203 1372/1140/203
f 1372/1140/203 1373/1141/203 1374/1142/204
f 1373/1141/203 1375/1143/204 1374/1142/204
f 1374/1142/204 1375/1143/204 1376/1144/205
f 1375/1143/204 1377/1145/205 1376/1144/205
f 1376/1144/205 1377/1145/205 1378/1146/206
f 1377/1145/205 1379/1147/207 1378/1146/206
f 1378/1146/206 1379/1147/207 1380/1148/208
f 1379/1147/207 1381/1149/209 1380/1148/208
f 1380/1148/208 1381/1149/209 1382/1150/210
f 1381/1149/209 1383/1151/211 1382/1150/210
f 1365/1133/198 1384/1152/197 1363/1131/197
f 1363/1131/197 1384/1152/197 1385/1153/212
f 1384/1152/197 1386/1154/213 1385/1153/212
f 1385/1153/212 1386/1154/213 1387/1155/214
f 1386/1154/213 1388/1156/215 1387/1155/214
f 1387/1155/214 1388/1156/215 1389/1157/216
f 1388/1156/215 1390/1158/216 1389/1157/216
f 1389/1157/216 1390/1158/216 1391/1159/217
f 1390/1158/216 1392/1160/218 1391/1159/217
f 1391/1159/217 1392/1160/218 1393/1161/219
f 1392/1160/218 1394/1162/219 1393/1161/219
f 1393/1161/219 1394/1162/219 1395/1163/220
f 1394/1162/219 1396/1164/220 1395/1163/220
f 1395/1163/220 1396/1164/220 1397/1165/221
f 1396/1164/220 1398/1166/222 1397/1165/221
f 1397/1165/221 1398/1166/222 1399/1167/223
f 1398/1166/222 1400/1168/223 1399/1167/223
f 1399/1167/223 1400/1168/223 1401/1169/224
f 1400/1168/223 1402/1170/225 1401/1169/224
f 1401/1169/224 1402/1170/225 1403/1171/226
f 1402/1170/225 1404/1172/226 1403/1171/226
f 1403/1171/226 1404/1172/226 1405/1173/227
f 1404/1172/226 1406/1174/228 1405/1173/227
f 1405/1173/227 1406/1174/228 1407/1175/229
f 1406/1174/228 1408/1176/230 1407/1175/229
f 1407/1175/229 1408/1176/230 1409/1177/231
f 1408/1176/230 1410/1178/231 1409/1177/231
f 1409/1177/231 1410/1178/231 1411/1179/232
f 1410/1178/231 1412/1180/233 1411/1179/232
o IndustrialBuilding09_MetalPainted_0
v 2.238933 14.839209 -8.355437
v -0.000199 14.839209 -8.650290
v 2.238933 16.439589 -8.355437
v -0.000199 16.439589 -8.650290
v -2.238819 14.839209 -8.355437
v -2.238819 16.439589 -8.355437
v -0.000199 16.439594 8.650059
v -0.000199 14.839214 8.650059
v -2.238819 16.439594 8.355206
v -2.238819 14.839214 8.355206
v 2.238933 16.439594 8.355206
v 2.238933 14.839214 8.355206
v -0.000199 16.439594 8.650059
v -0.000199 14.839214 8.650059
v 2.238933 10.226700 -8.355435
v 2.238933 11.825906 -8.355436
v -0.000199 10.226700 -8.650289
v -0.000199 11.825906 -8.650290
v -2.238819 10.226700 -8.355435
v -2.238819 11.825906 -8.355436
v -0.000199 11.825911 8.650060
v -0.000199 10.226705 8.650061
v -2.238819 11.825911 8.355206
v -2.238819 10.226705 8.355207
v 2.238933 11.825911 8.355206
v 2.238933 10.226705 8.355207
v -0.000199 11.825911 8.650060
v -0.000199 10.226705 8.650061
v 1.992531 20.553005 -7.435832
v 1.992531 22.152214 -7.435832
v -0.000199 20.553005 -7.697924
v -0.000199 22.152214 -7.697925
v -1.992417 20.553005 -7.435832
v -1.992417 22.152214 -7.435832
v -0.000199 22.152218 7.698450
v -0.000199 20.553009 7.698451
v -1.992417 22.152218 7.435596
v -1.992417 20.553009 7.435596
v 1.992531 22.152218 7.435596
v 1.992531 20.553009 7.435596
v -0.000199 22.152218 7.698450
v -0.000199 20.553009 7.698451
v 2.068347 25.427950 -7.719258
v -0.000199 25.427950 -7.991255
v 2.068347 24.639477 -7.719258
v -0.000199 24.639477 -7.991254
v -2.068233 25.427950 -7.719258
v -2.068233 24.639477 -7.719258
v -0.000199 24.639481 7.991017
v -0.000199 25.427954 7.991017
v -2.068233 24.639481 7.719021
v -2.068233 25.427954 7.719020
v 2.068347 24.639481 7.719021
v 2.068347 25.427954 7.719020
v -0.000199 24.639481 7.991017
v -0.000199 25.427954 7.991017
v 7.991213 25.427952 0.000262
v 7.719198 25.427952 -2.068283
v 7.833946 25.656410 -2.098758
v 7.023535 25.656408 -4.055305
v 6.920568 25.427950 -3.995878
v 5.734663 25.656408 -5.734521
v 5.650651 25.427950 -5.650713
v 4.054930 25.656408 -7.023648
v 3.995507 25.427950 -6.920792
v 2.099083 25.656408 -7.834304
v 2.068347 25.427950 -7.719258
v -0.000199 25.656408 -8.110110
v -0.000199 25.427950 -7.991255
v -2.098969 25.656408 -7.834304
v -2.068233 25.427950 -7.719258
v -4.055328 25.656408 -7.023648
v -3.995905 25.427950 -6.920792
v -5.735062 25.656408 -5.734521
v -5.650537 25.427950 -5.650713
v -7.023933 25.656408 -4.055305
v -6.920967 25.427950 -3.995878
v -7.833832 25.656410 -2.098758
v -7.719083 25.427952 -2.068283
v -8.110457 25.656410 0.000262
v -7.991611 25.427952 0.000262
v -7.833832 25.656410 2.099283
v -7.719083 25.427952 2.068045
v -7.023933 25.656412 4.055067
v -6.920967 25.427954 3.995639
v -5.735062 25.656412 5.735046
v -5.650537 25.427954 5.650476
v -4.055328 25.656412 7.023410
v -3.995905 25.427954 6.920554
v -2.098969 25.656412 7.834066
v -2.068233 25.427954 7.719020
v -0.000199 25.656412 8.110634
v -0.000199 25.427954 7.991017
v 2.099083 25.656412 7.834066
v 2.068347 25.427954 7.719020
v 4.054930 25.656412 7.023410
v 3.995507 25.427954 6.920554
v 5.734663 25.656412 5.735046
v 5.650651 25.427954 5.650476
v 7.023535 25.656412 4.055067
v 6.920568 25.427954 3.995639
v 7.833946 25.656410 2.099283
v 7.719198 25.427952 2.068045
v 8.110572 25.656410 0.000262
v 7.836507 25.751308 -2.099521
v 8.113133 25.751308 0.000262
v 6.470796 26.034832 -1.733811
v 6.699268 26.034832 0.000262
v 7.836507 25.751308 2.100044
v 6.470796 26.034832 1.733573
v 7.026096 25.751310 4.056591
v 5.801771 26.034834 3.349552
v 5.736712 25.751310 5.736569
v 4.736762 26.034834 4.736963
v 4.056467 25.751310 7.026458
v 3.349535 26.034834 5.801331
v 2.099596 25.751310 7.836352
v 1.733835 26.034834 6.471036
v -0.000199 25.751310 8.112920
v -0.000199 26.034834 6.698843
v -2.099993 25.751310 7.836352
v -1.733721 26.034834 6.471036
v -4.056353 25.751310 7.026458
v -3.349420 26.034834 5.801331
v -5.736598 25.751310 5.736569
v -4.737160 26.034834 4.736963
v -7.025982 25.751310 4.056591
v -5.801656 26.034834 3.349552
v -7.836393 25.751308 2.100044
v -6.470681 26.034832 1.733573
v -8.113019 25.751308 0.000262
v -6.699153 26.034832 0.000262
v -7.836393 25.751308 -2.099521
v -6.470681 26.034832 -1.733811
v -7.025982 25.751307 -4.056828
v -5.801656 26.034830 -3.349791
v -5.736598 25.751307 -5.736807
v -4.737160 26.034830 -4.737201
v -4.056353 25.751307 -7.025934
v -3.349420 26.034830 -5.801569
v -2.099993 25.751307 -7.836590
v -1.733721 26.034830 -6.470512
v -0.000199 25.751307 -8.113157
v -0.000199 26.034830 -6.699081
v 2.099596 25.751307 -7.836590
v 1.733835 26.034830 -6.470512
v 4.056467 25.751307 -7.025934
v 3.349535 26.034830 -5.801569
v 5.736712 25.751307 -5.736807
v 4.736762 26.034830 -4.737201
v 7.026096 25.751307 -4.056828
v 5.801771 26.034830 -3.349791
v 3.717344 26.296093 -2.145996
v 4.146114 26.296093 -1.110581
v 4.292624 26.296093 0.000262
v 4.146114 26.296093 1.111105
v 3.717344 26.296093 2.146520
v 3.035001 26.296093 3.034890
v 2.146212 26.296095 3.717547
v 1.110915 26.296095 4.146494
v -0.000199 26.296095 4.292017
v -1.110800 26.296095 4.146494
v -2.146098 26.296095 3.717547
v -3.035398 26.296093 3.034890
v -3.717230 26.296093 2.146520
v -4.146000 26.296093 1.111105
v -4.292509 26.296093 0.000262
v -4.146000 26.296093 -1.110581
v -3.717230 26.296093 -2.145996
v -3.035398 26.296093 -3.035128
v -2.146098 26.296091 -3.717024
v -1.110800 26.296091 -4.145970
v -0.000199 26.296091 -4.292254
v 1.110915 26.296091 -4.145970
v 2.146212 26.296091 -3.717024
v 3.035001 26.296093 -3.035128
v 1.973577 26.383963 -1.973808
v 1.395737 26.383963 -2.417231
v 0.722102 26.383963 -2.696085
v -0.000199 26.383963 -2.791322
v -0.722500 26.383963 -2.696085
v -1.395622 26.383963 -2.417231
v -1.973463 26.383963 -1.973808
v -2.417089 26.383963 -1.395530
v -2.695764 26.383963 -0.722015
v -2.791046 26.383963 0.000262
v -2.695764 26.383963 0.722538
v -2.417089 26.383963 1.395292
v -1.973463 26.383963 1.973570
v -1.395622 26.383963 2.416993
v -0.722500 26.383963 2.695846
v -0.000199 26.383963 2.791083
v 0.722102 26.383963 2.695846
v 1.395225 26.383963 2.416993
v 1.973577 26.383963 1.973570
v 2.417203 26.383963 1.395292
v 2.695878 26.383963 0.722538
v 2.791160 26.383963 0.000262
v 2.695878 26.383963 -0.722015
v 2.417203 26.383963 -1.395530
v 1.985360 25.631807 0.000262
v 1.917740 10.114230 -0.514012
v 1.917740 25.631807 -0.514017
v 1.719491 10.114230 -0.992483
v 1.719491 25.631807 -0.992487
v 1.403933 10.114230 -1.403906
v 1.403933 25.631807 -1.403910
v 0.992580 10.114230 -1.719330
v 0.992580 25.631807 -1.719335
v 0.514120 10.114230 -1.918185
v 0.514120 25.631807 -1.918190
v -0.000199 10.114229 -1.985232
v -0.000199 25.631807 -1.985236
v -0.514006 10.114230 -1.918185
v -0.514006 25.631807 -1.918190
v 1.985360 10.114230 0.000267
v 1.917740 25.631807 0.513779
v 1.917740 10.114231 0.513784
v 1.719491 25.631807 0.993011
v 1.719491 10.114231 0.993016
v 1.403933 25.631807 1.403673
v 1.403933 10.114231 1.403677
v 0.992580 25.631807 1.719859
v 0.992580 10.114231 1.719864
v 0.514120 25.631807 1.917952
v 0.514120 10.114231 1.917956
v -0.000199 25.631807 1.985761
v -0.000199 10.114231 1.985765
v -0.514006 25.631807 1.917952
v -0.514006 10.114231 1.917956
v -0.992978 25.631807 1.719859
v -0.992978 10.114231 1.719864
v -1.403819 25.631807 1.403673
v -1.403819 10.114231 1.403677
v -1.719377 25.631807 0.993011
v -1.719377 10.114231 0.993016
v -1.917626 25.631807 0.513779
v -1.917626 10.114231 0.513784
v -1.985245 25.631807 0.000262
v -1.985245 10.114230 0.000267
v -1.917626 25.631807 -0.514017
v -1.917626 10.114230 -0.514012
v -1.719377 25.631807 -0.992487
v -1.719377 10.114230 -0.992483
v -1.403819 25.631807 -1.403910
v -1.403819 10.114230 -1.403906
v -0.992978 25.631807 -1.719335
v -0.992978 10.114230 -1.719330
v -0.514006 25.631807 -1.918190
v -0.514006 10.114230 -1.918185
v 2.695878 26.383963 -0.722015
v 1.985360 25.631807 0.000262
v 2.791160 26.383963 0.000262
v 1.917740 25.631807 0.513779
v 2.695878 26.383963 0.722538
v 1.719491 25.631807 0.993011
v 2.417203 26.383963 1.395292
v 1.403933 25.631807 1.403673
v 1.973577 26.383963 1.973570
v 0.992580 25.631807 1.719859
v 1.395225 26.383963 2.416993
v 0.514120 25.631807 1.917952
v 0.722102 26.383963 2.695846
v -0.000199 25.631807 1.985761
v -0.000199 26.383963 2.791083
v -0.514006 25.631807 1.917952
v -0.722500 26.383963 2.695846
v -0.992978 25.631807 1.719859
v -1.395622 26.383963 2.416993
v -1.403819 25.631807 1.403673
v -1.973463 26.383963 1.973570
v -1.719377 25.631807 0.993011
v -2.417089 26.383963 1.395292
v -1.917626 25.631807 0.513779
v -2.695764 26.383963 0.722538
v -1.985245 25.631807 0.000262
v -2.791046 26.383963 0.000262
v -1.917626 25.631807 -0.514017
v -2.695764 26.383963 -0.722015
v -1.719377 25.631807 -0.992487
v -2.417089 26.383963 -1.395530
v -1.403819 25.631807 -1.403910
v -1.973463 26.383963 -1.973808
v -0.992978 25.631807 -1.719335
v -1.395622 26.383963 -2.417231
v -0.514006 25.631807 -1.918190
v -0.722500 26.383963 -2.696085
v -0.000199 25.631807 -1.985236
v -0.000199 26.383963 -2.791322
v 1.917740 25.631807 -0.514017
v 2.417203 26.383963 -1.395530
v 1.719491 25.631807 -0.992487
v 1.973577 26.383963 -1.973808
v 1.403933 25.631807 -1.403910
v 1.395737 26.383963 -2.417231
v 0.992580 25.631807 -1.719335
v 0.722102 26.383963 -2.696085
v 0.514120 25.631807 -1.918190
v -0.000199 26.383963 -2.791322
v -0.000199 25.631807 -1.985236
v 7.833946 25.656410 -2.098758
v 8.110572 25.656410 0.000262
v 8.113133 25.751308 0.000262
v 7.836507 25.751308 2.100044
v 7.833946 25.656410 2.099283
v 7.026096 25.751310 4.056591
v 7.023535 25.656412 4.055067
v 5.736712 25.751310 5.736569
v 5.734663 25.656412 5.735046
v 4.056467 25.751310 7.026458
v 4.054930 25.656412 7.023410
v 2.099596 25.751310 7.836352
v 2.099083 25.656412 7.834066
v -0.000199 25.751310 8.112920
v -0.000199 25.656412 8.110634
v -2.099993 25.751310 7.836352
v -2.098969 25.656412 7.834066
v -4.056353 25.751310 7.026458
v -4.055328 25.656412 7.023410
v -5.736598 25.751310 5.736569
v -5.735062 25.656412 5.735046
v -7.025982 25.751310 4.056591
v -7.023933 25.656412 4.055067
v -7.836393 25.751308 2.100044
v -7.833832 25.656410 2.099283
v -8.113019 25.751308 0.000262
v -8.110457 25.656410 0.000262
v -7.836393 25.751308 -2.099521
v -7.833832 25.656410 -2.098758
v -7.025982 25.751307 -4.056828
v -7.023933 25.656408 -4.055305
v -5.736598 25.751307 -5.736807
v -5.735062 25.656408 -5.734521
v -4.056353 25.751307 -7.025934
v -4.055328 25.656408 -7.023648
v -2.099993 25.751307 -7.836590
v -2.098969 25.656408 -7.834304
v -0.000199 25.751307 -8.113157
v -0.000199 25.656408 -8.110110
v 2.099596 25.751307 -7.836590
v 2.099083 25.656408 -7.834304
v 4.056467 25.751307 -7.025934
v 4.054930 25.656408 -7.023648
v 5.736712 25.751307 -5.736807
v 5.734663 25.656408 -5.734521
v 7.026096 25.751307 -4.056828
v 7.023535 25.656408 -4.055305
v 7.836507 25.751308 -2.099521
v 1.001289 4.797605 13.907139
v -1.001687 4.797605 13.907139
v 1.001289 2.071338 13.907139
v -1.001687 2.071338 13.907139
v 0.985921 5.006145 13.665618
v 0.600694 5.006144 7.703027
v -0.985806 5.006145 13.665618
v -0.600579 5.006144 7.703027
v -1.001687 4.797605 13.907139
v 1.001289 4.797605 13.907139
v -0.985806 5.006145 13.665618
v 0.985921 5.006145 13.665618
v -0.058598 30.983585 9.058429
v -0.000199 38.191147 9.082808
v -0.058598 38.191147 9.058427
v -0.000199 38.479355 8.999762
v 0.082789 38.191147 8.999762
v 0.058712 38.191147 9.058427
v 0.058712 30.983585 9.058429
v -0.000199 30.983585 9.082810
v 0.082789 30.983585 8.999763
v 0.058712 38.191147 8.941095
v 0.058712 30.983585 8.941097
v -0.000199 38.191147 8.916716
v -0.000199 30.983585 8.916718
v -0.083187 38.191147 8.999762
v -0.000199 38.191147 8.916716
v -0.058598 38.191147 8.941095
v -0.000199 30.983585 8.916718
v -0.058598 30.983585 8.941097
v -0.083187 30.983585 8.999763
v 0.776402 0.248352 -11.057874
v -0.776288 0.248352 -11.057874
v 0.776402 2.713356 -11.047971
v -0.776288 2.713356 -11.047971
v -0.776288 0.248352 -11.057874
v 0.776402 0.248352 -11.057874
v -0.769116 0.090189 -10.885686
v 0.769231 0.090189 -10.885686
v -8.672418 24.639479 -0.932297
v -8.342516 24.639479 -0.932297
v -8.672418 24.639479 0.932060
v -8.342516 24.639479 0.932060
v -8.342516 24.740234 0.932060
v -8.342516 24.740234 -0.932297
v -8.672418 24.740234 0.932060
v -8.672418 24.740234 -0.932297
v -8.342516 24.639479 0.932060
v -8.342516 24.740234 0.932060
v -8.672418 24.639479 0.932060
v -8.672418 24.740234 0.932060
v -8.342516 24.639479 -0.932297
v -8.342516 24.740234 -0.932297
v -8.342516 24.639479 0.932060
v -8.342516 24.740234 0.932060
v -8.672418 24.639479 -0.932297
v -8.672418 24.740234 -0.932297
v -8.342516 24.639479 -0.932297
v -8.342516 24.740234 -0.932297
v -8.672418 24.639479 0.932060
v -8.672418 24.740234 0.932060
v -8.672418 24.639479 -0.932297
v -8.672418 24.740234 -0.932297
v -8.579697 24.740234 -0.670967
v -8.479804 24.740234 -0.670967
v -8.579697 24.740234 -0.620682
v -8.479804 24.740234 -0.620682
v -8.479804 25.739594 -0.620682
v -8.479804 25.739594 -0.670968
v -8.579697 25.739594 -0.620682
v -8.579697 25.739594 -0.670968
v -8.479804 24.740234 -0.620682
v -8.479804 25.739594 -0.620682
v -8.579697 24.740234 -0.620682
v -8.579697 25.739594 -0.620682
v -8.479804 24.740234 -0.670967
v -8.479804 25.739594 -0.670968
v -8.479804 24.740234 -0.620682
v -8.479804 25.739594 -0.620682
v -8.579697 24.740234 -0.670967
v -8.579697 25.739594 -0.670968
v -8.479804 24.740234 -0.670967
v -8.479804 25.739594 -0.670968
v -8.579697 24.740234 -0.620682
v -8.579697 25.739594 -0.620682
v -8.579697 24.740234 -0.670967
v -8.579697 25.739594 -0.670968
v -8.532568 24.740234 0.157975
v -8.482366 24.740234 0.157975
v -8.532568 24.740234 0.257783
v -8.482366 24.740234 0.257783
v -8.482366 26.339441 0.257782
v -8.482366 26.339441 0.157974
v -8.532568 26.339441 0.257782
v -8.532568 26.339441 0.157974
v -8.482366 24.740234 0.257783
v -8.482366 26.339441 0.257782
v -8.532568 24.740234 0.257783
v -8.532568 26.339441 0.257782
v -8.482366 24.740234 0.157975
v -8.482366 26.339441 0.157974
v -8.482366 24.740234 0.257783
v -8.482366 26.339441 0.257782
v -8.532568 24.740234 0.157975
v -8.532568 26.339441 0.157974
v -8.482366 24.740234 0.157975
v -8.482366 26.339441 0.157974
v -8.532568 24.740234 0.257783
v -8.532568 26.339441 0.257782
v -8.532568 24.740234 0.157975
v -8.532568 26.339441 0.157974
v -8.557669 24.740234 0.577017
v -8.457264 24.740234 0.577017
v -8.557669 24.740234 0.676825
v -8.457264 24.740234 0.676825
v -8.498245 30.011175 0.636443
v -8.498245 30.011175 0.617396
v -8.516687 30.011175 0.636443
v -8.516687 30.011175 0.617396
v -8.457264 24.740234 0.676825
v -8.457264 28.239744 0.676824
v -8.557669 24.740234 0.676825
v -8.557669 28.239744 0.676824
v -8.457264 24.740234 0.577017
v -8.457264 28.239744 0.577016
v -8.457264 24.740234 0.676825
v -8.457264 28.239744 0.676824
v -8.557669 24.740234 0.577017
v -8.557669 28.239744 0.577016
v -8.457264 24.740234 0.577017
v -8.457264 28.239744 0.577016
v -8.557669 24.740234 0.676825
v -8.557669 28.239744 0.676824
v -8.557669 24.740234 0.577017
v -8.557669 28.239744 0.577016
v -8.557669 28.239744 0.676824
v -8.457264 28.239744 0.676824
v -8.481340 28.239744 0.653205
v -8.481340 28.239744 0.600634
v -8.457264 28.239744 0.577016
v -8.533592 28.239744 0.600634
v -8.557669 28.239744 0.577016
v -8.533592 28.239744 0.653205
v -8.481340 28.239744 0.653205
v -8.533592 28.239744 0.653205
v -8.498245 30.011175 0.636443
v -8.516687 30.011175 0.636443
v -8.481340 28.239744 0.600634
v -8.481340 28.239744 0.653205
v -8.498245 30.011175 0.617396
v -8.498245 30.011175 0.636443
v -8.533592 28.239744 0.600634
v -8.481340 28.239744 0.600634
v -8.516687 30.011175 0.617396
v -8.498245 30.011175 0.617396
v -8.533592 28.239744 0.653205
v -8.533592 28.239744 0.600634
v -8.516687 30.011175 0.636443
v -8.516687 30.011175 0.617396
vn 0.2612 0.0022 -0.9653
vn -0.0000 0.0022 -1.0000
vn -0.2612 0.0022 -0.9653
vn -0.0000 0.0022 1.0000
vn -0.2612 0.0022 0.9653
vn 0.2612 0.0022 0.9653
vn 0.8857 -0.4642 -0.0000
vn 0.8549 -0.4643 -0.2314
vn 0.7686 -0.4643 -0.4401
vn 0.7686 -0.4643 -0.4402
vn 0.6270 -0.4642 -0.6256
vn 0.6269 -0.4643 -0.6256
vn 0.4417 -0.4643 -0.7677
vn 0.2259 -0.4643 -0.8564
vn 0.0019 -0.4643 -0.8857
vn -0.2295 -0.4642 -0.8555
vn -0.2295 -0.4643 -0.8554
vn -0.4450 -0.4643 -0.7658
vn -0.4450 -0.4642 -0.7658
vn -0.6243 -0.4643 -0.6283
vn -0.7667 -0.4643 -0.4434
vn -0.8559 -0.4643 -0.2277
vn -0.8857 -0.4643 -0.0038
vn -0.8559 -0.4643 0.2277
vn -0.7667 -0.4643 0.4434
vn -0.6243 -0.4643 0.6283
vn -0.4450 -0.4643 0.7658
vn -0.2295 -0.4643 0.8554
vn 0.0019 -0.4643 0.8857
vn 0.2259 -0.4643 0.8564
vn 0.4418 -0.4643 0.7677
vn 0.6269 -0.4643 0.6256
vn 0.6269 -0.4642 0.6256
vn 0.7686 -0.4643 0.4401
vn 0.8549 -0.4643 0.2314
vn 0.8857 -0.4643 -0.0000
vn 0.1883 0.9807 -0.0518
vn 0.1503 0.9877 -0.0441
vn 0.1953 0.9807 -0.0000
vn 0.1566 0.9877 -0.0000
vn 0.1884 0.9807 0.0518
vn 0.1503 0.9877 0.0441
vn 0.1679 0.9807 0.0998
vn 0.1357 0.9877 0.0783
vn 0.1355 0.9807 0.1408
vn 0.1081 0.9877 0.1134
vn 0.0998 0.9807 0.1680
vn 0.0783 0.9877 0.1356
vn 0.0518 0.9807 0.1884
vn 0.0369 0.9877 0.1522
vn -0.0000 0.9807 0.1953
vn -0.0000 0.9877 0.1565
vn -0.0518 0.9807 0.1884
vn -0.0441 0.9877 0.1503
vn -0.0998 0.9807 0.1679
vn -0.0783 0.9877 0.1356
vn -0.1408 0.9807 0.1355
vn -0.1134 0.9877 0.1081
vn -0.1679 0.9807 0.0998
vn -0.1356 0.9877 0.0783
vn -0.1884 0.9807 0.0518
vn -0.1522 0.9877 0.0370
vn -0.1953 0.9807 -0.0000
vn -0.1568 0.9876 -0.0000
vn -0.1883 0.9807 -0.0518
vn -0.1503 0.9877 -0.0441
vn -0.1679 0.9807 -0.0998
vn -0.1358 0.9876 -0.0784
vn -0.1355 0.9807 -0.1408
vn -0.1081 0.9877 -0.1134
vn -0.0998 0.9807 -0.1679
vn -0.0783 0.9877 -0.1357
vn -0.0518 0.9807 -0.1884
vn -0.0370 0.9877 -0.1522
vn -0.0000 0.9807 -0.1953
vn -0.0000 0.9877 -0.1565
vn 0.0518 0.9807 -0.1883
vn 0.0369 0.9877 -0.1522
vn 0.0998 0.9807 -0.1679
vn 0.0783 0.9877 -0.1356
vn 0.1408 0.9807 -0.1355
vn 0.1134 0.9877 -0.1081
vn 0.1679 0.9807 -0.0998
vn 0.1357 0.9876 -0.0784
vn 0.0762 0.9962 -0.0426
vn 0.0844 0.9962 -0.0220
vn 0.0872 0.9962 -0.0000
vn 0.0844 0.9962 0.0220
vn 0.0761 0.9962 0.0426
vn 0.0629 0.9962 0.0604
vn 0.0457 0.9962 0.0743
vn 0.0256 0.9962 0.0835
vn -0.0037 0.9962 0.0872
vn -0.0256 0.9962 0.0835
vn -0.0457 0.9962 0.0743
vn -0.0629 0.9962 0.0604
vn -0.0762 0.9962 0.0426
vn -0.0844 0.9962 0.0220
vn -0.0872 0.9962 -0.0000
vn -0.0844 0.9962 -0.0220
vn -0.0762 0.9962 -0.0426
vn -0.0629 0.9962 -0.0604
vn -0.0457 0.9962 -0.0743
vn -0.0255 0.9962 -0.0834
vn 0.0037 0.9962 -0.0872
vn 0.0255 0.9962 -0.0834
vn 0.0457 0.9962 -0.0743
vn 0.0629 0.9962 -0.0604
vn 0.0408 0.9984 -0.0395
vn 0.0294 0.9984 -0.0486
vn 0.0161 0.9984 -0.0544
vn 0.0018 0.9984 -0.0567
vn -0.0126 0.9984 -0.0553
vn -0.0263 0.9984 -0.0503
vn -0.0382 0.9984 -0.0420
vn -0.0476 0.9984 -0.0310
vn -0.0539 0.9984 -0.0179
vn -0.0567 0.9984 0.0036
vn -0.0539 0.9984 0.0179
vn -0.0476 0.9984 0.0310
vn -0.0382 0.9984 0.0420
vn -0.0262 0.9984 0.0503
vn -0.0126 0.9984 0.0553
vn 0.0018 0.9984 0.0567
vn 0.0162 0.9984 0.0544
vn 0.0294 0.9984 0.0486
vn 0.0408 0.9984 0.0395
vn 0.0495 0.9984 0.0278
vn 0.0550 0.9984 0.0144
vn 0.0568 0.9984 -0.0000
vn 0.0549 0.9984 -0.0144
vn 0.0495 0.9984 -0.0279
vn -1.0000 0.0022 -0.0000
vn -0.9653 0.0022 0.2612
vn -0.8673 0.0022 0.4978
vn -0.7071 0.0022 0.7071
vn -0.4978 0.0022 0.8673
vn -0.9653 0.0022 -0.2612
vn -0.8673 0.0022 -0.4978
vn -0.7071 0.0021 -0.7071
vn -0.7071 0.0022 -0.7071
vn -0.4978 0.0022 -0.8673
vn 0.4978 0.0022 -0.8673
vn 0.7071 0.0022 -0.7071
vn 0.8673 0.0022 -0.4978
vn 0.9653 0.0022 -0.2612
vn 1.0000 0.0022 -0.0000
vn 0.9653 0.0022 0.2612
vn 0.8673 0.0022 0.4978
vn 0.7071 0.0022 0.7071
vn 0.4978 0.0022 0.8673
vn 0.2613 0.0022 0.9653
vn -0.6599 0.7306 0.1752
vn -0.6828 0.7306 -0.0038
vn -0.6827 0.7306 -0.0037
vn -0.6599 0.7306 -0.1752
vn -0.5910 0.7308 -0.3417
vn -0.5910 0.7307 -0.3418
vn -0.4808 0.7306 -0.4848
vn -0.4808 0.7306 -0.4847
vn -0.3435 0.7307 -0.5900
vn -0.3436 0.7306 -0.5900
vn -0.1767 0.7308 -0.6594
vn -0.1767 0.7308 -0.6593
vn 0.0019 0.7306 -0.6828
vn 0.0018 0.7307 -0.6827
vn 0.1734 0.7306 -0.6604
vn 0.3403 0.7307 -0.5919
vn 0.3403 0.7306 -0.5919
vn 0.4835 0.7306 -0.4821
vn 0.5928 0.7306 -0.3387
vn 0.6589 0.7306 -0.1789
vn 0.6589 0.7306 -0.1788
vn 0.6824 0.7310 -0.0001
vn 0.6828 0.7306 -0.0000
vn 0.6589 0.7306 0.1788
vn 0.5928 0.7306 0.3387
vn 0.4835 0.7306 0.4821
vn 0.3403 0.7306 0.5919
vn 0.1734 0.7306 0.6604
vn 0.0019 0.7306 0.6828
vn -0.5910 0.7307 0.3419
vn -0.5910 0.7306 0.3419
vn -0.4808 0.7306 0.4847
vn -0.4808 0.7306 0.4848
vn -0.3435 0.7307 0.5901
vn -0.3435 0.7306 0.5900
vn -0.1769 0.7307 0.6594
vn -0.1770 0.7307 0.6594
vn 0.9649 -0.0284 -0.2611
vn 0.9996 -0.0283 -0.0000
vn 0.9996 -0.0284 -0.0000
vn 0.9649 -0.0284 0.2611
vn 0.8669 -0.0284 0.4976
vn 0.7068 -0.0284 0.7068
vn 0.4976 -0.0284 0.8669
vn 0.2611 -0.0284 0.9649
vn -0.0000 -0.0284 0.9996
vn -0.2611 -0.0284 0.9649
vn -0.4976 -0.0284 0.8669
vn -0.7068 -0.0284 0.7068
vn -0.8669 -0.0284 0.4976
vn -0.9649 -0.0284 0.2611
vn -0.9996 -0.0283 -0.0000
vn -0.9996 -0.0284 -0.0000
vn -0.9649 -0.0284 -0.2611
vn -0.8669 -0.0284 -0.4976
vn -0.8669 -0.0284 -0.4977
vn -0.7069 -0.0284 -0.7067
vn -0.7067 -0.0284 -0.7069
vn -0.4976 -0.0284 -0.8669
vn -0.2611 -0.0284 -0.9649
vn -0.0000 -0.0284 -0.9996
vn 0.2611 -0.0284 -0.9649
vn 0.4976 -0.0284 -0.8669
vn 0.7068 -0.0284 -0.7068
vn 0.8669 -0.0284 -0.4976
vn -0.0000 1.0000 -0.0000
vn 0.0038 0.7598 0.6502
vn 0.0019 0.1631 0.9866
vn -0.7030 0.1242 0.7003
vn 0.9866 0.1631 -0.0000
vn 0.7029 0.1242 0.7004
vn 0.7029 0.1242 -0.7004
vn 0.0019 0.1631 -0.9866
vn 0.0001 0.0022 -1.0000
vn -0.9866 0.1631 -0.0038
vn -0.7029 0.1242 -0.7003
vn -0.0000 0.0021 -1.0000
vn 0.0038 -0.7366 -0.6763
vn -0.0000 -1.0000 -0.0000
vn -0.0000 -0.0022 -1.0000
vn -1.0000 -0.0022 -0.0000
vn -0.0000 1.0000 0.0002
vn -0.0000 1.0000 -0.0002
vn -0.0000 0.0109 0.9999
vn 0.9999 0.0109 -0.0000
vn 0.9999 0.0110 -0.0000
vn -0.0000 0.0109 -0.9999
vn -0.9999 0.0109 -0.0000
vn -0.9999 0.0110 -0.0000
vt 0.402817 0.944522
vt 0.372022 0.944522
vt 0.402817 0.922653
vt 0.372022 0.922653
vt 0.341121 0.944522
vt 0.341121 0.922653
vt 0.001953 0.922653
vt 0.032748 0.922653
vt 0.001953 0.944522
vt 0.032748 0.944522
vt 0.711189 0.922653
vt 0.741984 0.922653
vt 0.711189 0.944522
vt 0.741984 0.944522
vt 0.341121 0.896600
vt 0.372022 0.896600
vt 0.341121 0.918350
vt 0.372022 0.918350
vt 0.402817 0.896600
vt 0.402817 0.918350
vt 0.741984 0.918350
vt 0.711189 0.918350
vt 0.741984 0.896600
vt 0.711189 0.896600
vt 0.032748 0.918350
vt 0.001953 0.918350
vt 0.032748 0.896600
vt 0.001953 0.896600
vt 0.358748 0.970575
vt 0.331245 0.970575
vt 0.358748 0.948705
vt 0.331245 0.948705
vt 0.303848 0.970575
vt 0.303848 0.948705
vt 0.001953 0.948705
vt 0.029350 0.948705
vt 0.001953 0.970575
vt 0.029350 0.970575
vt 0.633141 0.948705
vt 0.660537 0.948705
vt 0.633141 0.970575
vt 0.660537 0.970575
vt 0.315317 0.985633
vt 0.315317 0.974877
vt 0.343776 0.985633
vt 0.343776 0.974877
vt 0.372340 0.985633
vt 0.372340 0.974877
vt 0.685704 0.974877
vt 0.685704 0.985633
vt 0.657139 0.974877
vt 0.657139 0.985633
vt 0.030412 0.974877
vt 0.030412 0.985633
vt 0.001953 0.974877
vt 0.001953 0.985633
vt 0.131291 0.325476
vt 0.139149 0.296197
vt 0.142335 0.297512
vt 0.156989 0.272176
vt 0.154228 0.270025
vt 0.177802 0.251382
vt 0.175678 0.248633
vt 0.203181 0.236682
vt 0.201907 0.233456
vt 0.231534 0.229034
vt 0.231109 0.225568
vt 0.260948 0.229034
vt 0.261373 0.225568
vt 0.289301 0.236682
vt 0.290681 0.233456
vt 0.314786 0.251382
vt 0.316910 0.248633
vt 0.335493 0.272176
vt 0.338254 0.270025
vt 0.350253 0.297512
vt 0.353439 0.296197
vt 0.357792 0.325954
vt 0.361297 0.325476
vt 0.357792 0.355353
vt 0.361297 0.355711
vt 0.350253 0.383676
vt 0.353439 0.384991
vt 0.335493 0.409131
vt 0.338254 0.411282
vt 0.314786 0.429925
vt 0.316910 0.432674
vt 0.289301 0.444625
vt 0.290681 0.447732
vt 0.260948 0.452154
vt 0.261373 0.455619
vt 0.231534 0.452154
vt 0.231109 0.455619
vt 0.203181 0.444625
vt 0.201907 0.447732
vt 0.177802 0.429925
vt 0.175678 0.432674
vt 0.156989 0.409131
vt 0.154228 0.411282
vt 0.142335 0.383676
vt 0.139149 0.384991
vt 0.134689 0.355353
vt 0.131291 0.355711
vt 0.134689 0.325954
vt 0.143503 0.298109
vt 0.161661 0.305638
vt 0.135964 0.326074
vt 0.155502 0.328703
vt 0.135964 0.355114
vt 0.155502 0.352604
vt 0.143503 0.383198
vt 0.161661 0.375669
vt 0.158051 0.408294
vt 0.173661 0.396344
vt 0.178545 0.428850
vt 0.190545 0.413194
vt 0.203712 0.443430
vt 0.211252 0.425145
vt 0.231746 0.450839
vt 0.234295 0.431359
vt 0.260736 0.450839
vt 0.258187 0.431359
vt 0.288876 0.443430
vt 0.281336 0.425145
vt 0.313936 0.428850
vt 0.301937 0.413194
vt 0.334537 0.408294
vt 0.318927 0.396344
vt 0.348979 0.383198
vt 0.330820 0.375669
vt 0.356518 0.355114
vt 0.336979 0.352604
vt 0.356518 0.326074
vt 0.336979 0.328703
vt 0.348979 0.298109
vt 0.330820 0.305638
vt 0.334537 0.272893
vt 0.318927 0.284963
vt 0.313936 0.252338
vt 0.302043 0.267993
vt 0.288876 0.237878
vt 0.281336 0.256043
vt 0.260736 0.230349
vt 0.258187 0.249828
vt 0.231746 0.230349
vt 0.234295 0.249828
vt 0.203712 0.237878
vt 0.211252 0.256043
vt 0.178545 0.252338
vt 0.190545 0.267993
vt 0.158051 0.272893
vt 0.173661 0.284844
vt 0.199889 0.305040
vt 0.192244 0.318186
vt 0.188315 0.333005
vt 0.188315 0.348302
vt 0.192244 0.363001
vt 0.199889 0.376267
vt 0.210615 0.387022
vt 0.223888 0.394671
vt 0.238648 0.398614
vt 0.253940 0.398614
vt 0.268594 0.394671
vt 0.281867 0.387022
vt 0.292699 0.376267
vt 0.300344 0.363001
vt 0.304273 0.348302
vt 0.304273 0.333005
vt 0.300344 0.318186
vt 0.292699 0.305040
vt 0.281867 0.294165
vt 0.268700 0.286636
vt 0.253940 0.282693
vt 0.238648 0.282573
vt 0.223888 0.286636
vt 0.210721 0.294165
vt 0.223145 0.310538
vt 0.231746 0.305519
vt 0.241303 0.303009
vt 0.251179 0.303009
vt 0.260842 0.305519
vt 0.269337 0.310538
vt 0.276345 0.317469
vt 0.281336 0.326074
vt 0.283885 0.335634
vt 0.283885 0.345553
vt 0.281336 0.355114
vt 0.276345 0.363718
vt 0.269337 0.370769
vt 0.260736 0.375669
vt 0.251179 0.378179
vt 0.241303 0.378179
vt 0.231746 0.375669
vt 0.223145 0.370769
vt 0.216136 0.363718
vt 0.211252 0.355114
vt 0.208597 0.345553
vt 0.208703 0.335634
vt 0.211252 0.326074
vt 0.216136 0.317469
vt 0.751117 0.507127
vt 0.744002 0.507127
vt 0.743789 0.295241
vt 0.736781 0.295241
vt 0.736993 0.507127
vt 0.729773 0.295121
vt 0.729879 0.507127
vt 0.722658 0.295002
vt 0.722764 0.507127
vt 0.715649 0.294763
vt 0.715649 0.507127
vt 0.708535 0.294643
vt 0.708641 0.507127
vt 0.701526 0.294404
vt 0.701526 0.507127
vt 0.750798 0.295360
vt 0.758231 0.507127
vt 0.757806 0.295480
vt 0.765346 0.507127
vt 0.764815 0.295480
vt 0.772461 0.507127
vt 0.771717 0.295480
vt 0.779575 0.507127
vt 0.778726 0.295480
vt 0.786690 0.507007
vt 0.785734 0.295480
vt 0.793698 0.507007
vt 0.792743 0.295480
vt 0.800813 0.507007
vt 0.799751 0.295360
vt 0.807928 0.506888
vt 0.806760 0.295241
vt 0.815042 0.506888
vt 0.813662 0.295241
vt 0.822157 0.506888
vt 0.820670 0.295121
vt 0.829272 0.506768
vt 0.827679 0.295002
vt 0.836280 0.506768
vt 0.834687 0.294763
vt 0.843395 0.506649
vt 0.841802 0.294643
vt 0.850509 0.506649
vt 0.848810 0.294404
vt 0.857624 0.506529
vt 0.855819 0.294165
vt 0.864633 0.506410
vt 0.862827 0.293926
vt 0.871747 0.506410
vt 0.869942 0.293807
vt 0.447204 0.288668
vt 0.444018 0.305638
vt 0.437753 0.291895
vt 0.437859 0.309104
vt 0.429151 0.296794
vt 0.432550 0.313764
vt 0.421612 0.303367
vt 0.428090 0.319262
vt 0.415453 0.311135
vt 0.424904 0.325596
vt 0.410887 0.319979
vt 0.422886 0.332408
vt 0.408126 0.329539
vt 0.422143 0.339458
vt 0.407170 0.339458
vt 0.422886 0.346509
vt 0.408126 0.349378
vt 0.424904 0.353202
vt 0.410887 0.358819
vt 0.428090 0.359536
vt 0.415453 0.367662
vt 0.432550 0.365152
vt 0.421612 0.375550
vt 0.437859 0.369694
vt 0.429151 0.382003
vt 0.444018 0.373279
vt 0.437753 0.386903
vt 0.450708 0.375550
vt 0.447204 0.390129
vt 0.457716 0.376506
vt 0.457079 0.391564
vt 0.464831 0.376147
vt 0.466955 0.390966
vt 0.471627 0.374474
vt 0.476618 0.388576
vt 0.478105 0.371486
vt 0.485644 0.384393
vt 0.483839 0.367304
vt 0.493714 0.378657
vt 0.450708 0.303367
vt 0.457079 0.287353
vt 0.457716 0.302292
vt 0.466955 0.287831
vt 0.464831 0.302770
vt 0.476618 0.290222
vt 0.471627 0.304443
vt 0.485644 0.294404
vt 0.478105 0.307431
vt 0.493714 0.300260
vt 0.483839 0.311494
vt 0.583338 0.581460
vt 0.583232 0.609066
vt 0.546066 0.581580
vt 0.546066 0.608947
vt 0.587692 0.581580
vt 0.669032 0.587435
vt 0.587585 0.608947
vt 0.669032 0.603449
vt 0.303105 0.009380
vt 0.204456 0.010217
vt 0.204456 0.009380
vt 0.200527 0.010217
vt 0.204456 0.012009
vt 0.204456 0.011173
vt 0.303105 0.011053
vt 0.303105 0.010217
vt 0.303105 0.012009
vt 0.204456 0.012846
vt 0.303105 0.012846
vt 0.204456 0.013682
vt 0.303105 0.013682
vt 0.204456 0.008544
vt 0.204456 0.006751
vt 0.204456 0.007707
vt 0.303105 0.006751
vt 0.303105 0.007588
vt 0.303105 0.008544
vt 0.141485 0.064114
vt 0.120354 0.063995
vt 0.141804 0.030413
vt 0.120566 0.030294
vt 0.120354 0.067102
vt 0.141379 0.067341
vt 0.266045 0.056585
vt 0.266045 0.061127
vt 0.240560 0.056585
vt 0.240560 0.061127
vt 0.240560 0.050730
vt 0.266045 0.050730
vt 0.240560 0.055271
vt 0.266045 0.055271
vt 0.239179 0.050730
vt 0.239179 0.055271
vt 0.266045 0.049295
vt 0.240560 0.049295
vt 0.267426 0.055271
vt 0.267426 0.050730
vt 0.260736 0.042006
vt 0.260736 0.040571
vt 0.261373 0.042006
vt 0.261373 0.040571
vt 0.246400 0.040571
vt 0.247037 0.040571
vt 0.246400 0.042006
vt 0.247037 0.042006
vt 0.260736 0.044037
vt 0.247037 0.044037
vt 0.260736 0.042723
vt 0.247037 0.042723
vt 0.260736 0.039974
vt 0.247037 0.039974
vt 0.265727 0.030413
vt 0.266364 0.030413
vt 0.265727 0.031728
vt 0.266364 0.031728
vt 0.243108 0.031728
vt 0.243108 0.030413
vt 0.243852 0.031728
vt 0.243852 0.030413
vt 0.265727 0.032445
vt 0.243852 0.032445
vt 0.265727 0.033760
vt 0.243852 0.033760
vt 0.265727 0.029696
vt 0.243852 0.029696
vt 0.279213 0.020255
vt 0.280487 0.020255
vt 0.279213 0.021689
vt 0.280487 0.021689
vt 0.249373 0.092677
vt 0.249161 0.092677
vt 0.249373 0.092438
vt 0.249161 0.092438
vt 0.279213 0.023004
vt 0.231321 0.023004
vt 0.231321 0.021689
vt 0.279213 0.024438
vt 0.231321 0.024438
vt 0.231321 0.020255
vt 0.279213 0.018941
vt 0.231321 0.018941
vt 0.230047 0.021689
vt 0.230366 0.021331
vt 0.230366 0.020614
vt 0.230047 0.020255
vt 0.231003 0.020614
vt 0.231003 0.021331
vt 0.250117 0.068178
vt 0.249692 0.092438
vt 0.249373 0.068178
vt 0.250754 0.068297
vt 0.249904 0.092438
vt 0.248630 0.068178
vt 0.247887 0.068297
vt 0.248843 0.092438
s 1
usemtl MetalPainted
f 1413/1181/234 1414/1182/235 1415/1183/234
f 1415/1183/234 1414/1182/235 1416/1184/235
f 1414/1182/235 1417/1185/236 1416/1184/235
f 1416/1184/235 1417/1185/236 1418/1186/236
f 1419/1187/237 1421/1188/238 1420/1189/237
f 1420/1189/237 1421/1188/238 1422/1190/238
f 1423/1191/239 1425/1192/237 1424/1193/239
f 1424/1193/239 1425/1192/237 1426/1194/237
f 1427/1195/234 1429/1196/235 1428/1197/234
f 1428/1197/234 1429/1196/235 1430/1198/235
f 1429/1196/235 1431/1199/236 1430/1198/235
f 1430/1198/235 1431/1199/236 1432/1200/236
f 1433/1201/237 1435/1202/238 1434/1203/237
f 1434/1203/237 1435/1202/238 1436/1204/238
f 1437/1205/239 1439/1206/237 1438/1207/239
f 1438/1207/239 1439/1206/237 1440/1208/237
f 1441/1209/234 1443/1210/235 1442/1211/234
f 1442/1211/234 1443/1210/235 1444/1212/235
f 1443/1210/235 1445/1213/236 1444/1212/235
f 1444/1212/235 1445/1213/236 1446/1214/236
f 1447/1215/237 1449/1216/238 1448/1217/237
f 1448/1217/237 1449/1216/238 1450/1218/238
f 1451/1219/239 1453/1220/237 1452/1221/239
f 1452/1221/239 1453/1220/237 1454/1222/237
f 1455/1223/234 1457/1224/234 1456/1225/235
f 1457/1224/234 1458/1226/235 1456/1225/235
f 1456/1225/235 1458/1226/235 1459/1227/236
f 1458/1226/235 1460/1228/236 1459/1227/236
f 1461/1229/237 1462/1230/237 1463/1231/238
f 1462/1230/237 1464/1232/238 1463/1231/238
f 1465/1233/239 1466/1234/239 1467/1235/237
f 1466/1234/239 1468/1236/237 1467/1235/237
f 1469/1237/240 1470/1238/241 1471/1239/241
f 1471/1239/241 1470/1238/241 1472/1240/242
f 1470/1238/241 1473/1241/243 1472/1240/242
f 1472/1240/242 1473/1241/243 1474/1242/244
f 1473/1241/243 1475/1243/245 1474/1242/244
f 1474/1242/244 1475/1243/245 1476/1244/246
f 1475/1243/245 1477/1245/246 1476/1244/246
f 1476/1244/246 1477/1245/246 1478/1246/247
f 1477/1245/246 1479/1247/247 1478/1246/247
f 1478/1246/247 1479/1247/247 1480/1248/248
f 1479/1247/247 1481/1249/248 1480/1248/248
f 1480/1248/248 1481/1249/248 1482/1250/249
f 1481/1249/248 1483/1251/250 1482/1250/249
f 1482/1250/249 1483/1251/250 1484/1252/251
f 1483/1251/250 1485/1253/252 1484/1252/251
f 1484/1252/251 1485/1253/252 1486/1254/253
f 1485/1253/252 1487/1255/253 1486/1254/253
f 1486/1254/253 1487/1255/253 1488/1256/254
f 1487/1255/253 1489/1257/254 1488/1256/254
f 1488/1256/254 1489/1257/254 1490/1258/255
f 1489/1257/254 1491/1259/255 1490/1258/255
f 1490/1258/255 1491/1259/255 1492/1260/256
f 1491/1259/255 1493/1261/256 1492/1260/256
f 1492/1260/256 1493/1261/256 1494/1262/257
f 1493/1261/256 1495/1263/257 1494/1262/257
f 1494/1262/257 1495/1263/257 1496/1264/258
f 1495/1263/257 1497/1265/258 1496/1264/258
f 1496/1264/258 1497/1265/258 1498/1266/259
f 1497/1265/258 1499/1267/259 1498/1266/259
f 1498/1266/259 1499/1267/259 1500/1268/260
f 1499/1267/259 1501/1269/260 1500/1268/260
f 1500/1268/260 1501/1269/260 1502/1270/261
f 1501/1269/260 1503/1271/261 1502/1270/261
f 1502/1270/261 1503/1271/261 1504/1272/262
f 1503/1271/261 1505/1273/262 1504/1272/262
f 1504/1272/262 1505/1273/262 1506/1274/263
f 1505/1273/262 1507/1275/263 1506/1274/263
f 1506/1274/263 1507/1275/263 1508/1276/264
f 1507/1275/263 1509/1277/264 1508/1276/264
f 1508/1276/264 1509/1277/264 1510/1278/265
f 1509/1277/264 1511/1279/266 1510/1278/265
f 1510/1278/265 1511/1279/266 1512/1280/267
f 1511/1279/266 1513/1281/267 1512/1280/267
f 1512/1280/267 1513/1281/267 1514/1282/268
f 1513/1281/267 1515/1283/268 1514/1282/268
f 1514/1282/268 1515/1283/268 1516/1284/269
f 1515/1283/268 1469/1237/240 1516/1284/269
f 1516/1284/269 1469/1237/240 1471/1239/241
f 1517/1285/270 1519/1286/271 1518/1287/272
f 1519/1286/271 1520/1288/273 1518/1287/272
f 1518/1287/272 1520/1288/273 1521/1289/274
f 1520/1288/273 1522/1290/275 1521/1289/274
f 1521/1289/274 1522/1290/275 1523/1291/276
f 1522/1290/275 1524/1292/277 1523/1291/276
f 1523/1291/276 1524/1292/277 1525/1293/278
f 1524/1292/277 1526/1294/279 1525/1293/278
f 1525/1293/278 1526/1294/279 1527/1295/280
f 1526/1294/279 1528/1296/281 1527/1295/280
f 1527/1295/280 1528/1296/281 1529/1297/282
f 1528/1296/281 1530/1298/283 1529/1297/282
f 1529/1297/282 1530/1298/283 1531/1299/284
f 1530/1298/283 1532/1300/285 1531/1299/284
f 1531/1299/284 1532/1300/285 1533/1301/286
f 1532/1300/285 1534/1302/287 1533/1301/286
f 1533/1301/286 1534/1302/287 1535/1303/288
f 1534/1302/287 1536/1304/289 1535/1303/288
f 1535/1303/288 1536/1304/289 1537/1305/290
f 1536/1304/289 1538/1306/291 1537/1305/290
f 1537/1305/290 1538/1306/291 1539/1307/292
f 1538/1306/291 1540/1308/293 1539/1307/292
f 1539/1307/292 1540/1308/293 1541/1309/294
f 1540/1308/293 1542/1310/295 1541/1309/294
f 1541/1309/294 1542/1310/295 1543/1311/296
f 1542/1310/295 1544/1312/297 1543/1311/296
f 1543/1311/296 1544/1312/297 1545/1313/298
f 1544/1312/297 1546/1314/299 1545/1313/298
f 1545/1313/298 1546/1314/299 1547/1315/300
f 1546/1314/299 1548/1316/301 1547/1315/300
f 1547/1315/300 1548/1316/301 1549/1317/302
f 1548/1316/301 1550/1318/303 1549/1317/302
f 1549/1317/302 1550/1318/303 1551/1319/304
f 1550/1318/303 1552/1320/305 1551/1319/304
f 1551/1319/304 1552/1320/305 1553/1321/306
f 1552/1320/305 1554/1322/307 1553/1321/306
f 1553/1321/306 1554/1322/307 1555/1323/308
f 1554/1322/307 1556/1324/309 1555/1323/308
f 1555/1323/308 1556/1324/309 1557/1325/310
f 1556/1324/309 1558/1326/311 1557/1325/310
f 1557/1325/310 1558/1326/311 1559/1327/312
f 1558/1326/311 1560/1328/313 1559/1327/312
f 1559/1327/312 1560/1328/313 1561/1329/314
f 1560/1328/313 1562/1330/315 1561/1329/314
f 1561/1329/314 1562/1330/315 1563/1331/316
f 1562/1330/315 1564/1332/317 1563/1331/316
f 1563/1331/316 1564/1332/317 1517/1285/270
f 1517/1285/270 1564/1332/317 1519/1286/271
f 1564/1332/317 1565/1333/318 1519/1286/271
f 1565/1333/318 1566/1334/319 1519/1286/271
f 1519/1286/271 1566/1334/319 1520/1288/273
f 1566/1334/319 1567/1335/320 1520/1288/273
f 1520/1288/273 1567/1335/320 1522/1290/275
f 1567/1335/320 1568/1336/321 1522/1290/275
f 1522/1290/275 1568/1336/321 1524/1292/277
f 1568/1336/321 1569/1337/322 1524/1292/277
f 1524/1292/277 1569/1337/322 1526/1294/279
f 1569/1337/322 1570/1338/323 1526/1294/279
f 1526/1294/279 1570/1338/323 1528/1296/281
f 1570/1338/323 1571/1339/324 1528/1296/281
f 1528/1296/281 1571/1339/324 1530/1298/283
f 1571/1339/324 1572/1340/325 1530/1298/283
f 1530/1298/283 1572/1340/325 1532/1300/285
f 1572/1340/325 1573/1341/326 1532/1300/285
f 1532/1300/285 1573/1341/326 1534/1302/287
f 1573/1341/326 1574/1342/327 1534/1302/287
f 1534/1302/287 1574/1342/327 1536/1304/289
f 1574/1342/327 1575/1343/328 1536/1304/289
f 1536/1304/289 1575/1343/328 1538/1306/291
f 1575/1343/328 1576/1344/329 1538/1306/291
f 1538/1306/291 1576/1344/329 1540/1308/293
f 1576/1344/329 1577/1345/330 1540/1308/293
f 1540/1308/293 1577/1345/330 1542/1310/295
f 1577/1345/330 1578/1346/331 1542/1310/295
f 1542/1310/295 1578/1346/331 1544/1312/297
f 1578/1346/331 1579/1347/332 1544/1312/297
f 1544/1312/297 1579/1347/332 1546/1314/299
f 1579/1347/332 1580/1348/333 1546/1314/299
f 1546/1314/299 1580/1348/333 1548/1316/301
f 1580/1348/333 1581/1349/334 1548/1316/301
f 1548/1316/301 1581/1349/334 1550/1318/303
f 1581/1349/334 1582/1350/335 1550/1318/303
f 1550/1318/303 1582/1350/335 1552/1320/305
f 1582/1350/335 1583/1351/336 1552/1320/305
f 1552/1320/305 1583/1351/336 1554/1322/307
f 1583/1351/336 1584/1352/337 1554/1322/307
f 1554/1322/307 1584/1352/337 1556/1324/309
f 1584/1352/337 1585/1353/338 1556/1324/309
f 1556/1324/309 1585/1353/338 1558/1326/311
f 1585/1353/338 1586/1354/339 1558/1326/311
f 1558/1326/311 1586/1354/339 1560/1328/313
f 1586/1354/339 1587/1355/340 1560/1328/313
f 1560/1328/313 1587/1355/340 1562/1330/315
f 1587/1355/340 1588/1356/341 1562/1330/315
f 1562/1330/315 1588/1356/341 1564/1332/317
f 1564/1332/317 1588/1356/341 1565/1333/318
f 1565/1333/318 1588/1356/341 1589/1357/342
f 1589/1357/342 1588/1356/341 1590/1358/343
f 1588/1356/341 1587/1355/340 1590/1358/343
f 1590/1358/343 1587/1355/340 1591/1359/344
f 1587/1355/340 1586/1354/339 1591/1359/344
f 1591/1359/344 1586/1354/339 1592/1360/345
f 1586/1354/339 1585/1353/338 1592/1360/345
f 1592/1360/345 1585/1353/338 1593/1361/346
f 1585/1353/338 1584/1352/337 1593/1361/346
f 1593/1361/346 1584/1352/337 1594/1362/347
f 1584/1352/337 1583/1351/336 1594/1362/347
f 1594/1362/347 1583/1351/336 1595/1363/348
f 1583/1351/336 1582/1350/335 1595/1363/348
f 1595/1363/348 1582/1350/335 1596/1364/349
f 1582/1350/335 1581/1349/334 1596/1364/349
f 1596/1364/349 1581/1349/334 1597/1365/350
f 1581/1349/334 1580/1348/333 1597/1365/350
f 1597/1365/350 1580/1348/333 1598/1366/351
f 1580/1348/333 1579/1347/332 1598/1366/351
f 1598/1366/351 1579/1347/332 1599/1367/352
f 1579/1347/332 1578/1346/331 1599/1367/352
f 1599/1367/352 1578/1346/331 1600/1368/353
f 1578/1346/331 1577/1345/330 1600/1368/353
f 1600/1368/353 1577/1345/330 1601/1369/354
f 1577/1345/330 1576/1344/329 1601/1369/354
f 1601/1369/354 1576/1344/329 1602/1370/355
f 1576/1344/329 1575/1343/328 1602/1370/355
f 1602/1370/355 1575/1343/328 1603/1371/356
f 1575/1343/328 1574/1342/327 1603/1371/356
f 1603/1371/356 1574/1342/327 1604/1372/357
f 1574/1342/327 1573/1341/326 1604/1372/357
f 1604/1372/357 1573/1341/326 1605/1373/358
f 1573/1341/326 1572/1340/325 1605/1373/358
f 1605/1373/358 1572/1340/325 1606/1374/359
f 1572/1340/325 1571/1339/324 1606/1374/359
f 1606/1374/359 1571/1339/324 1607/1375/360
f 1571/1339/324 1570/1338/323 1607/1375/360
f 1607/1375/360 1570/1338/323 1608/1376/361
f 1570/1338/323 1569/1337/322 1608/1376/361
f 1608/1376/361 1569/1337/322 1609/1377/362
f 1569/1337/322 1568/1336/321 1609/1377/362
f 1609/1377/362 1568/1336/321 1610/1378/363
f 1568/1336/321 1567/1335/320 1610/1378/363
f 1610/1378/363 1567/1335/320 1611/1379/364
f 1567/1335/320 1566/1334/319 1611/1379/364
f 1611/1379/364 1566/1334/319 1612/1380/365
f 1566/1334/319 1565/1333/318 1612/1380/365
f 1612/1380/365 1565/1333/318 1589/1357/342
f 1613/1381/366 1615/1382/367 1614/1383/367
f 1614/1383/367 1615/1382/367 1616/1384/368
f 1615/1382/367 1617/1385/368 1616/1384/368
f 1616/1384/368 1617/1385/368 1618/1386/369
f 1617/1385/368 1619/1387/369 1618/1386/369
f 1618/1386/369 1619/1387/369 1620/1388/370
f 1619/1387/369 1621/1389/370 1620/1388/370
f 1620/1388/370 1621/1389/370 1622/1390/238
f 1621/1389/370 1623/1391/238 1622/1390/238
f 1622/1390/238 1623/1391/238 1624/1392/237
f 1623/1391/238 1625/1393/237 1624/1392/237
f 1624/1392/237 1625/1393/237 1626/1394/239
f 1625/1393/237 1627/1395/239 1626/1394/239
f 1614/1383/367 1628/1396/366 1613/1381/366
f 1613/1381/366 1628/1396/366 1629/1397/371
f 1628/1396/366 1630/1398/371 1629/1397/371
f 1629/1397/371 1630/1398/371 1631/1399/372
f 1630/1398/371 1632/1400/372 1631/1399/372
f 1631/1399/372 1632/1400/372 1633/1401/373
f 1632/1400/372 1634/1402/374 1633/1401/373
f 1633/1401/373 1634/1402/374 1635/1403/375
f 1634/1402/374 1636/1404/375 1635/1403/375
f 1635/1403/375 1636/1404/375 1637/1405/236
f 1636/1404/375 1638/1406/236 1637/1405/236
f 1637/1405/236 1638/1406/236 1639/1407/235
f 1638/1406/236 1640/1408/235 1639/1407/235
f 1639/1407/235 1640/1408/235 1641/1409/234
f 1640/1408/235 1642/1410/234 1641/1409/234
f 1641/1409/234 1642/1410/234 1643/1411/376
f 1642/1410/234 1644/1412/376 1643/1411/376
f 1643/1411/376 1644/1412/376 1645/1413/377
f 1644/1412/376 1646/1414/377 1645/1413/377
f 1645/1413/377 1646/1414/377 1647/1415/378
f 1646/1414/377 1648/1416/378 1647/1415/378
f 1647/1415/378 1648/1416/378 1649/1417/379
f 1648/1416/378 1650/1418/379 1649/1417/379
f 1649/1417/379 1650/1418/379 1651/1419/380
f 1650/1418/379 1652/1420/380 1651/1419/380
f 1651/1419/380 1652/1420/380 1653/1421/381
f 1652/1420/380 1654/1422/381 1653/1421/381
f 1653/1421/381 1654/1422/381 1655/1423/382
f 1654/1422/381 1656/1424/382 1655/1423/382
f 1655/1423/382 1656/1424/382 1657/1425/383
f 1656/1424/382 1658/1426/383 1657/1425/383
f 1657/1425/383 1658/1426/383 1659/1427/384
f 1658/1426/383 1660/1428/384 1659/1427/384
f 1659/1427/384 1660/1428/384 1661/1429/385
f 1660/1428/384 1662/1430/385 1661/1429/385
f 1663/1431/386 1664/1432/387 1665/1433/388
f 1664/1432/387 1666/1434/389 1665/1433/388
f 1665/1433/388 1666/1434/389 1667/1435/389
f 1666/1434/389 1668/1436/390 1667/1435/389
f 1667/1435/389 1668/1436/390 1669/1437/391
f 1668/1436/390 1670/1438/392 1669/1437/391
f 1669/1437/391 1670/1438/392 1671/1439/393
f 1670/1438/392 1672/1440/394 1671/1439/393
f 1671/1439/393 1672/1440/394 1673/1441/395
f 1672/1440/394 1674/1442/396 1673/1441/395
f 1673/1441/395 1674/1442/396 1675/1443/397
f 1674/1442/396 1676/1444/398 1675/1443/397
f 1675/1443/397 1676/1444/398 1677/1445/399
f 1676/1444/398 1678/1446/400 1677/1445/399
f 1677/1445/399 1678/1446/400 1679/1447/400
f 1678/1446/400 1680/1448/401 1679/1447/400
f 1679/1447/400 1680/1448/401 1681/1449/402
f 1680/1448/401 1682/1450/403 1681/1449/402
f 1681/1449/402 1682/1450/403 1683/1451/403
f 1682/1450/403 1684/1452/404 1683/1451/403
f 1683/1451/403 1684/1452/404 1685/1453/404
f 1684/1452/404 1686/1454/405 1685/1453/404
f 1685/1453/404 1686/1454/405 1687/1455/406
f 1686/1454/405 1688/1456/407 1687/1455/406
f 1687/1455/406 1688/1456/407 1689/1457/408
f 1688/1456/407 1690/1458/409 1689/1457/408
f 1689/1457/408 1690/1458/409 1691/1459/409
f 1690/1458/409 1692/1460/410 1691/1459/409
f 1691/1459/409 1692/1460/410 1693/1461/410
f 1692/1460/410 1694/1462/411 1693/1461/410
f 1693/1461/410 1694/1462/411 1695/1463/411
f 1694/1462/411 1696/1464/412 1695/1463/411
f 1695/1463/411 1696/1464/412 1697/1465/412
f 1696/1464/412 1698/1466/413 1697/1465/412
f 1697/1465/412 1698/1466/413 1699/1467/413
f 1698/1466/413 1700/1468/414 1699/1467/413
f 1699/1467/413 1700/1468/414 1701/1469/414
f 1664/1432/387 1663/1431/386 1702/1470/386
f 1663/1431/386 1703/1471/415 1702/1470/386
f 1702/1470/386 1703/1471/415 1704/1472/416
f 1703/1471/415 1705/1473/417 1704/1472/416
f 1704/1472/416 1705/1473/417 1706/1474/418
f 1705/1473/417 1707/1475/419 1706/1474/418
f 1706/1474/418 1707/1475/419 1708/1476/420
f 1707/1475/419 1709/1477/421 1708/1476/420
f 1708/1476/420 1709/1477/421 1710/1478/422
f 1709/1477/421 1711/1479/414 1710/1478/422
f 1710/1478/422 1711/1479/414 1712/1480/414
f 1713/1239/423 1715/1287/424 1714/1284/425
f 1715/1287/424 1716/1289/426 1714/1284/425
f 1714/1284/425 1716/1289/426 1717/1282/426
f 1716/1289/426 1718/1291/427 1717/1282/426
f 1717/1282/426 1718/1291/427 1719/1280/427
f 1718/1291/427 1720/1293/428 1719/1280/427
f 1719/1280/427 1720/1293/428 1721/1278/428
f 1720/1293/428 1722/1295/429 1721/1278/428
f 1721/1278/428 1722/1295/429 1723/1276/429
f 1722/1295/429 1724/1297/430 1723/1276/429
f 1723/1276/429 1724/1297/430 1725/1274/430
f 1724/1297/430 1726/1299/431 1725/1274/430
f 1725/1274/430 1726/1299/431 1727/1272/431
f 1726/1299/431 1728/1301/432 1727/1272/431
f 1727/1272/431 1728/1301/432 1729/1270/432
f 1728/1301/432 1730/1303/433 1729/1270/432
f 1729/1270/432 1730/1303/433 1731/1268/433
f 1730/1303/433 1732/1305/434 1731/1268/433
f 1731/1268/433 1732/1305/434 1733/1266/434
f 1732/1305/434 1734/1307/435 1733/1266/434
f 1733/1266/434 1734/1307/435 1735/1264/435
f 1734/1307/435 1736/1309/436 1735/1264/435
f 1735/1264/435 1736/1309/436 1737/1262/436
f 1736/1309/436 1738/1311/437 1737/1262/436
f 1737/1262/436 1738/1311/437 1739/1260/438
f 1738/1311/437 1740/1313/439 1739/1260/438
f 1739/1260/438 1740/1313/439 1741/1258/439
f 1740/1313/439 1742/1315/440 1741/1258/439
f 1741/1258/439 1742/1315/440 1743/1256/441
f 1742/1315/440 1744/1317/442 1743/1256/441
f 1743/1256/441 1744/1317/442 1745/1254/443
f 1744/1317/442 1746/1319/444 1745/1254/443
f 1745/1254/443 1746/1319/444 1747/1252/444
f 1746/1319/444 1748/1321/445 1747/1252/444
f 1747/1252/444 1748/1321/445 1749/1250/445
f 1748/1321/445 1750/1323/446 1749/1250/445
f 1749/1250/445 1750/1323/446 1751/1248/446
f 1750/1323/446 1752/1325/447 1751/1248/446
f 1751/1248/446 1752/1325/447 1753/1246/447
f 1752/1325/447 1754/1327/448 1753/1246/447
f 1753/1246/447 1754/1327/448 1755/1244/448
f 1754/1327/448 1756/1329/449 1755/1244/448
f 1755/1244/448 1756/1329/449 1757/1242/449
f 1756/1329/449 1758/1331/450 1757/1242/449
f 1757/1242/449 1758/1331/450 1759/1240/450
f 1758/1331/450 1760/1285/423 1759/1240/450
f 1759/1240/450 1760/1285/423 1713/1239/423
f 1760/1285/423 1715/1287/424 1713/1239/423
f 1761/1481/237 1762/1482/237 1763/1483/237
f 1762/1482/237 1764/1484/237 1763/1483/237
s 0
f 1765/1485/451 1766/1486/451 1767/1487/451
f 1766/1486/451 1768/1488/451 1767/1487/451
s 1
f 1769/1482/452 1770/1481/452 1771/1487/452
f 1770/1481/452 1772/1485/452 1771/1487/452
f 1773/1489/369 1774/1490/453 1775/1491/454
f 1775/1491/454 1774/1490/453 1776/1492/451
f 1776/1492/451 1774/1490/453 1777/1493/455
f 1774/1490/453 1778/1494/456 1777/1493/455
f 1777/1493/455 1778/1494/456 1779/1495/383
f 1779/1495/383 1778/1494/456 1780/1496/237
f 1778/1494/456 1774/1490/453 1780/1496/237
f 1780/1496/237 1774/1490/453 1773/1489/369
f 1779/1495/383 1781/1497/380 1777/1493/455
f 1777/1493/455 1781/1497/380 1782/1498/457
f 1781/1497/380 1783/1499/377 1782/1498/457
f 1782/1498/457 1783/1499/377 1784/1500/458
f 1783/1499/377 1785/1501/459 1784/1500/458
f 1782/1498/457 1784/1500/458 1777/1493/455
f 1784/1500/458 1776/1492/451 1777/1493/455
f 1775/1491/454 1776/1492/451 1786/1502/460
f 1776/1492/451 1787/1503/458 1786/1502/460
f 1786/1502/460 1787/1503/458 1788/1504/461
f 1787/1503/458 1789/1505/235 1788/1504/461
f 1789/1505/235 1790/1506/373 1788/1504/461
f 1788/1504/461 1790/1506/373 1786/1502/460
f 1790/1506/373 1791/1507/366 1786/1502/460
f 1786/1502/460 1791/1507/366 1775/1491/454
f 1791/1507/366 1773/1489/369 1775/1491/454
f 1792/1508/235 1793/1509/462 1794/1510/462
f 1793/1509/462 1795/1511/235 1794/1510/462
f 1796/1509/463 1797/1508/463 1798/1512/463
f 1797/1508/463 1799/1513/463 1798/1512/463
s 0
f 1800/1514/464 1801/1515/464 1802/1516/464
f 1801/1515/464 1803/1517/464 1802/1516/464
f 1804/1518/451 1805/1519/451 1806/1520/451
f 1805/1519/451 1807/1521/451 1806/1520/451
s 1
f 1808/1522/237 1809/1518/237 1810/1523/237
f 1809/1518/237 1811/1520/237 1810/1523/237
f 1812/1524/380 1813/1519/380 1814/1525/380
f 1813/1519/380 1815/1518/380 1814/1525/380
f 1816/1526/235 1817/1521/235 1818/1527/235
f 1817/1521/235 1819/1519/235 1818/1527/235
f 1820/1516/366 1821/1520/366 1822/1514/366
f 1821/1520/366 1823/1521/366 1822/1514/366
s 0
f 1824/1528/464 1825/1529/464 1826/1530/464
f 1825/1529/464 1827/1531/464 1826/1530/464
f 1828/1532/451 1829/1533/451 1830/1534/451
f 1829/1533/451 1831/1535/451 1830/1534/451
s 1
f 1832/1536/237 1833/1537/237 1834/1538/237
f 1833/1537/237 1835/1539/237 1834/1538/237
f 1836/1529/380 1837/1533/380 1838/1540/380
f 1837/1533/380 1839/1541/380 1838/1540/380
f 1840/1528/465 1841/1535/465 1842/1529/465
f 1841/1535/465 1843/1533/465 1842/1529/465
f 1844/1538/366 1845/1539/366 1846/1528/366
f 1845/1539/366 1847/1535/366 1846/1528/366
s 0
f 1848/1542/464 1849/1543/464 1850/1544/464
f 1849/1543/464 1851/1545/464 1850/1544/464
f 1852/1546/451 1853/1547/451 1854/1548/451
f 1853/1547/451 1855/1549/451 1854/1548/451
s 1
f 1856/1550/237 1857/1551/237 1858/1544/237
f 1857/1551/237 1859/1548/237 1858/1544/237
f 1860/1552/380 1861/1553/380 1862/1550/380
f 1861/1553/380 1863/1551/380 1862/1550/380
f 1864/1542/465 1865/1549/465 1866/1554/465
f 1865/1549/465 1867/1555/465 1866/1554/465
f 1868/1544/466 1869/1548/466 1870/1542/466
f 1869/1548/466 1871/1549/466 1870/1542/466
s 0
f 1872/1556/464 1873/1557/464 1874/1558/464
f 1873/1557/464 1875/1559/464 1874/1558/464
f 1876/1560/451 1877/1561/451 1878/1562/451
f 1877/1561/451 1879/1563/451 1878/1562/451
s 1
f 1880/1564/237 1881/1565/237 1882/1558/237
f 1881/1565/237 1883/1566/237 1882/1558/237
f 1884/1567/380 1885/1568/380 1886/1564/380
f 1885/1568/380 1887/1565/380 1886/1564/380
f 1888/1556/465 1889/1569/465 1890/1570/465
f 1889/1569/465 1891/1571/465 1890/1570/465
f 1892/1558/466 1893/1566/466 1894/1556/466
f 1893/1566/466 1895/1569/466 1894/1556/466
s 0
f 1896/1566/451 1897/1572/451 1898/1573/451
f 1898/1573/451 1897/1572/451 1899/1574/451
f 1897/1572/451 1900/1575/451 1899/1574/451
f 1899/1574/467 1900/1575/467 1901/1576/467
f 1900/1575/451 1902/1569/451 1901/1576/451
f 1901/1576/451 1902/1569/451 1903/1577/451
f 1902/1569/451 1896/1566/451 1903/1577/451
f 1903/1577/468 1896/1566/468 1898/1573/468
s 1
f 1904/1578/469 1906/1579/469 1905/1580/469
f 1905/1580/469 1906/1579/469 1907/1562/469
f 1908/1581/470 1910/1582/470 1909/1578/471
f 1909/1578/471 1910/1582/470 1911/1579/470
f 1912/1583/472 1914/1563/472 1913/1584/472
f 1913/1584/472 1914/1563/472 1915/1585/472
f 1916/1580/473 1918/1562/473 1917/1583/474
f 1917/1583/474 1918/1562/473 1919/1563/474
