# Blender 5.1.0
# www.blender.org
mtllib Building 3.mtl
o Building5b_T_B5base_gray_0
v 15.378981 5.701979 7.677472
v 15.255955 5.701979 7.868132
v 15.387964 5.701979 7.708512
v 15.554609 5.701979 8.284300
v 15.389058 5.701979 8.328025
v 15.614500 5.501274 8.491233
v 15.450068 5.501808 8.538823
v 15.718036 5.501274 8.848967
v 15.515690 5.501808 8.765558
v 15.732923 5.501274 8.900403
v 15.527082 5.501808 8.804924
v 15.723824 5.501274 9.211082
v 15.477379 5.501808 8.895161
v 15.506999 5.501274 9.273836
v 15.112423 5.501274 9.388035
v 15.009007 5.501808 9.030717
v 14.717795 5.501274 9.502249
v 14.540585 5.501808 9.166288
v 14.500970 5.501274 9.565002
v 14.327343 5.501274 9.307208
v 14.450368 5.501808 9.116548
v 14.312456 5.501274 9.255772
v 14.438975 5.501808 9.077183
v 14.208920 5.501274 8.898038
v 14.373353 5.501808 8.850448
v 14.149391 5.701979 8.692353
v 14.312344 5.701979 8.639648
v 14.179241 5.701979 8.179756
v 13.983641 5.701979 8.119658
v 13.973401 5.701979 8.084277
v 14.038329 5.701979 7.966498
v 14.228945 5.701979 8.089520
v 14.203383 5.701979 7.918728
v 14.419755 5.701979 8.034295
v 14.995749 5.701979 7.689401
v 14.962387 5.701979 7.877245
v 15.137133 5.701979 7.826671
v 15.223870 5.701979 7.623377
v 15.261183 5.701979 7.612578
v 15.165739 5.701979 7.818391
v 14.373353 5.501808 8.850448
v 14.312344 5.501808 8.639648
v 14.312344 5.701979 8.639648
v 14.179241 5.701979 8.179756
v 14.179241 5.501808 8.179756
v 14.228945 5.701979 8.089520
v 14.228945 5.501808 8.089520
v 15.450068 5.501808 8.538823
v 15.389058 5.701979 8.328025
v 15.389058 5.501808 8.328025
v 15.255955 5.501808 7.868132
v 15.255955 5.701979 7.868132
v 15.165739 5.501808 7.818391
v 15.165739 5.701979 7.818391
v 15.240602 5.501808 8.373569
v 14.462177 5.501808 8.598862
v 14.312344 5.501808 8.639648
v 14.179241 5.501808 8.179756
v 14.365955 5.501808 8.266400
v 14.228945 5.501808 8.089520
v 14.401940 5.501808 8.201143
v 14.419755 5.501808 8.034295
v 14.539840 5.501808 8.161232
v 14.962387 5.501808 7.877245
v 14.932136 5.501808 8.047693
v 15.058478 5.501808 8.011127
v 15.137133 5.501808 7.826671
v 15.165739 5.501808 7.818391
v 15.079103 5.501808 8.005157
v 15.255955 5.501808 7.868132
v 15.144380 5.501808 8.041107
v 15.389058 5.501808 8.328025
v 15.340368 5.501808 8.718280
v 15.304383 5.501808 8.783537
v 14.965828 5.501808 8.881523
v 14.627220 5.501808 8.979523
v 14.561944 5.501808 8.943573
v 14.446930 5.824969 8.614681
v 14.548848 5.824969 8.966825
v 14.854358 5.824969 8.496763
v 14.617127 5.824969 9.004419
v 14.971696 5.824969 8.901800
v 15.326214 5.824969 8.799195
v 15.363859 5.824969 8.730944
v 15.261941 5.824969 8.378799
v 15.160023 5.824969 8.026655
v 15.091726 5.824969 7.989002
v 14.937814 5.824969 8.033547
v 14.527069 5.824969 8.152426
v 14.382640 5.824969 8.194226
v 14.345012 5.824969 8.262537
v 15.506999 2.963407 9.273836
v 15.723824 2.963407 9.211082
v 15.506999 2.230816 9.273836
v 15.506999 1.599291 9.273836
v 14.717795 1.599291 9.502249
v 14.717795 2.230816 9.502249
v 14.500970 2.963407 9.565002
v 14.717795 2.963407 9.502249
v 15.723824 1.599112 9.211082
v 14.500970 1.599112 9.565002
v 14.267590 3.166251 9.100750
v 14.247297 3.166251 9.136590
v 14.312456 3.166251 9.255772
v 14.284162 3.166251 9.263961
v 14.327343 3.166251 9.307208
v 14.300322 3.166251 9.319798
v 14.500970 3.166251 9.565002
v 14.488520 3.166251 9.599216
v 14.504009 3.166251 9.599760
v 14.583193 3.166251 9.873353
v 14.630766 3.166251 9.859585
v 14.552839 3.166251 9.590333
v 14.544579 3.166251 9.561790
v 14.573125 3.166251 9.891541
v 14.806496 3.166251 9.808724
v 14.810575 3.166251 9.822817
v 15.595699 3.166251 9.580312
v 15.599778 3.166251 9.594405
v 15.819002 3.166251 9.515683
v 15.837229 3.166251 9.525681
v 15.739819 3.166251 9.242090
v 15.752625 3.166251 9.233358
v 15.723824 3.166251 9.211082
v 15.732923 3.166251 8.900403
v 15.762491 3.166251 8.896614
v 15.718036 3.166251 8.848967
v 15.746331 3.166251 8.840777
v 15.673531 3.166251 8.695194
v 15.709828 3.166251 8.714655
v 15.771429 3.166251 9.529452
v 15.693502 3.166251 9.260201
v 15.685242 3.166251 9.231658
v 15.779205 4.602914 9.542540
v 15.690005 4.783834 9.234145
v 15.782010 4.737133 9.552232
v 15.733495 4.879374 9.384604
v 15.719572 5.047459 9.336497
v 15.690005 4.933382 9.234145
v 15.681641 5.057263 9.205440
v 15.680643 4.783834 9.201991
v 15.690005 4.602914 9.234145
v 15.679799 4.602914 9.199077
v 14.533619 5.057263 9.537702
v 14.571550 5.047459 9.668760
v 14.541880 4.933382 9.566438
v 14.585473 4.879374 9.716866
v 14.541880 4.783834 9.566438
v 14.633988 4.737133 9.884494
v 14.541880 4.602914 9.566438
v 14.631183 4.602914 9.874802
v 14.532620 4.783834 9.534253
v 14.531777 4.602914 9.531340
v 14.312456 0.717864 9.255772
v 14.312456 0.705209 9.255772
v 14.310684 0.711626 9.249647
v 14.267590 0.711626 9.100750
v 14.327343 -0.015618 9.307208
v 14.327343 0.705209 9.307208
v 14.312456 -0.015618 9.255772
v 14.267590 -0.015618 9.100750
v 14.033172 -0.015618 8.290794
v 14.327343 0.717864 9.307208
v 14.327343 1.250641 9.307208
v 14.312456 1.250641 9.255772
v 14.312456 1.263297 9.255772
v 14.310684 1.257058 9.249647
v 14.267590 1.257058 9.100750
v 14.327343 1.263297 9.307208
v 14.327343 1.599112 9.307208
v 14.312456 1.424788 9.255772
v 14.267590 1.424788 9.100750
v 14.267590 2.967685 9.100750
v 14.312456 2.967685 9.255772
v 14.327343 2.967685 9.307208
v 14.500970 2.963407 9.565002
v 14.500970 1.599112 9.565002
v 14.033172 1.257058 8.290794
v 14.033172 1.424788 8.290794
v 13.983829 1.424788 8.120312
v 13.983829 1.810156 8.120312
v 14.033172 1.810156 8.290794
v 13.983829 2.209605 8.120312
v 14.033172 2.209605 8.290794
v 13.983829 2.567879 8.120312
v 14.033172 2.567879 8.290794
v 13.983829 2.967685 8.120312
v 14.033172 2.967685 8.290794
v 13.983829 3.166251 8.120312
v 14.033172 3.166251 8.290794
v 13.983829 3.523991 8.120312
v 14.070465 3.523991 8.419652
v 13.983829 4.123254 8.120312
v 14.070465 4.123254 8.419652
v 13.983829 4.516999 8.120312
v 14.031915 4.516999 8.286453
v 13.983829 4.911993 8.120312
v 14.033172 4.911993 8.290794
v 13.983829 5.299500 8.120312
v 14.033172 5.299500 8.290794
v 13.983641 5.701979 8.119658
v 14.149391 5.701979 8.692353
v 14.208920 5.501274 8.898038
v 14.128653 5.299500 8.620699
v 14.312456 5.501274 9.255772
v 14.312456 5.299500 9.255772
v 14.327343 5.501274 9.307208
v 13.983829 1.257058 8.120312
v 14.267590 3.166251 9.100750
v 14.267590 2.967685 9.100750
v 14.312456 4.911993 9.255772
v 14.191143 4.911993 8.836612
v 14.191143 4.691680 8.836612
v 14.312456 4.691680 9.255772
v 14.312456 4.516999 9.255772
v 14.327343 4.691680 9.307208
v 14.327343 4.516999 9.307208
v 14.500970 4.691680 9.565002
v 14.500970 4.516999 9.565002
v 14.327343 4.131275 9.307208
v 14.500970 4.131275 9.565002
v 14.500970 3.523991 9.565002
v 14.327343 3.523991 9.307208
v 14.327343 3.166251 9.307208
v 14.312456 3.166251 9.255772
v 14.312456 3.523991 9.255772
v 14.306828 3.523991 9.236327
v 14.306828 4.131275 9.236327
v 14.312456 4.131275 9.255772
v 14.191143 4.516999 8.836612
v 14.500970 3.166251 9.565002
v 14.267590 3.166251 9.100750
v 15.718036 1.250641 8.848967
v 15.718036 1.263297 8.848967
v 15.716264 1.257058 8.842842
v 15.673531 1.424788 8.695194
v 15.673531 1.257058 8.695194
v 15.718036 0.717864 8.848967
v 15.732923 0.717864 8.900403
v 15.718036 0.705209 8.848967
v 15.716264 0.711626 8.842842
v 15.732923 1.250641 8.900403
v 15.732923 1.263297 8.900403
v 15.718036 1.424788 8.848967
v 15.718036 2.967685 8.848967
v 15.673531 2.967685 8.695194
v 15.732923 1.599112 8.900403
v 15.732923 2.967685 8.900403
v 15.723824 1.599112 9.211082
v 15.723824 2.963407 9.211082
v 15.438373 1.424788 7.882681
v 15.438373 1.257058 7.882681
v 15.389427 1.257058 7.713567
v 15.389427 0.711626 7.713567
v 15.389427 1.424788 7.713567
v 15.438373 1.810156 7.882681
v 15.389427 1.810156 7.713567
v 15.438373 2.209605 7.882681
v 15.389427 2.209605 7.713567
v 15.389427 2.567879 7.713567
v 15.438373 2.567879 7.882681
v 15.438373 2.967685 7.882681
v 15.389427 2.967685 7.713567
v 15.438373 3.166251 7.882681
v 15.389427 3.166251 7.713567
v 15.475666 3.523991 8.011539
v 15.389427 3.523991 7.713567
v 15.475666 4.123254 8.011539
v 15.389427 4.123254 7.713567
v 15.437133 4.516999 7.878400
v 15.389427 4.516999 7.713567
v 15.438373 4.911993 7.882681
v 15.389427 4.911993 7.713567
v 15.438373 5.299500 7.882681
v 15.389427 5.299500 7.713567
v 15.554609 5.701979 8.284300
v 15.387964 5.701979 7.708512
v 15.673531 2.967685 8.695194
v 15.673531 3.166251 8.695194
v 15.534594 5.299500 8.215143
v 15.614500 5.501274 8.491233
v 15.718036 5.299500 8.848967
v 15.718036 5.501274 8.848967
v 15.732923 5.299500 8.900403
v 15.732923 4.911993 8.900403
v 15.723824 4.911993 9.211082
v 15.723824 5.299500 9.211082
v 15.732923 5.501274 8.900403
v 15.723824 5.501274 9.211082
v 15.597101 4.911993 8.431115
v 15.718036 4.911993 8.848967
v 15.597101 4.691680 8.431115
v 15.718036 4.691680 8.848967
v 15.718036 4.516999 8.848967
v 15.597101 4.516999 8.431115
v 15.712770 4.131275 8.830771
v 15.718036 4.131275 8.848967
v 15.712770 3.523991 8.830771
v 15.718036 3.523991 8.848967
v 15.673531 3.166251 8.695194
v 15.718036 3.166251 8.848967
v 15.732923 3.166251 8.900403
v 15.732923 3.523991 8.900403
v 15.723824 3.166251 9.211082
v 15.723824 3.523991 9.211082
v 15.723824 4.131275 9.211082
v 15.732923 4.131275 8.900403
v 15.732923 4.516999 8.900403
v 15.732923 4.691680 8.900403
v 15.723824 4.516999 9.211082
v 15.723824 4.691680 9.211082
v 14.927422 4.991490 9.593538
v 14.933308 5.015197 9.613875
v 15.363507 4.991490 9.467326
v 15.369393 5.015197 9.487662
v 14.952971 4.979904 9.620493
v 14.846141 4.808966 9.779593
v 15.356304 4.979904 9.503759
v 15.531595 4.808966 9.581207
v 14.792960 4.790607 9.822888
v 14.787091 4.766722 9.802611
v 15.599731 4.790607 9.589392
v 15.593863 4.766722 9.569115
v 14.792960 4.790607 9.822888
v 14.933308 5.015197 9.613875
v 14.787091 4.766722 9.802611
v 14.927422 4.991490 9.593538
v 15.593863 4.766722 9.569115
v 15.363507 4.991490 9.467326
v 15.599731 4.790607 9.589392
v 15.369393 5.015197 9.487662
v 15.369393 5.015197 9.487662
v 14.933308 5.015197 9.613875
v 14.955052 4.988460 9.627688
v 14.848223 4.817344 9.786788
v 14.792960 4.790607 9.822888
v 15.533678 4.817344 9.588403
v 15.599731 4.790607 9.589392
v 15.358387 4.988460 9.510955
v 14.955052 4.988460 9.627688
v 15.358387 4.988460 9.510955
v 14.952971 4.979904 9.620493
v 15.356304 4.979904 9.503759
v 14.848223 4.817344 9.786788
v 14.955052 4.988460 9.627688
v 14.846141 4.808966 9.779593
v 14.952971 4.979904 9.620493
v 15.533678 4.817344 9.588403
v 14.848223 4.817344 9.786788
v 15.531595 4.808966 9.581207
v 14.846141 4.808966 9.779593
v 15.358387 4.988460 9.510955
v 15.533678 4.817344 9.588403
v 15.356304 4.979904 9.503759
v 15.531595 4.808966 9.581207
v 15.306489 0.761356 7.672868
v 15.306489 0.722499 7.672868
v 15.676488 0.761356 8.951279
v 15.676488 0.722499 8.951279
v 15.306489 0.722499 7.672868
v 15.306489 0.761356 7.672868
v 14.028029 0.722499 8.042882
v 14.028029 0.761356 8.042882
v 14.028029 0.722499 8.042882
v 14.028029 0.761356 8.042882
v 14.398029 0.722499 9.321292
v 14.398029 0.761356 9.321292
v 14.398029 0.722499 9.321292
v 14.398029 0.761356 9.321292
v 15.676488 0.722499 8.951279
v 15.676488 0.761356 8.951279
v 15.651168 0.566890 8.937340
v 14.411990 0.566890 9.295985
v 15.651168 0.722499 8.937340
v 14.411990 0.722499 9.295985
v 15.306489 0.761356 7.672868
v 15.676488 0.761356 8.951279
v 15.292544 0.761356 7.698235
v 15.651168 0.761356 8.937340
v 14.398029 0.761356 9.321292
v 14.411990 0.761356 9.295985
v 14.028029 0.761356 8.042882
v 14.053367 0.761356 8.056880
v 15.306489 0.761356 7.672868
v 15.292544 0.761356 7.698235
v 15.292544 0.722499 7.698235
v 15.306489 0.722499 7.672868
v 15.651168 0.722499 8.937340
v 15.676488 0.722499 8.951279
v 14.411990 0.722499 9.295985
v 14.398029 0.722499 9.321292
v 14.053367 0.722499 8.056880
v 14.028029 0.722499 8.042882
v 15.292544 0.722499 7.698235
v 15.306489 0.722499 7.672868
v 14.024513 -0.015618 7.949230
v 14.024513 0.711626 7.949230
v 14.071931 -0.015618 7.935506
v 14.071931 0.711626 7.935506
v 14.071931 1.257058 7.935506
v 14.024513 1.257058 7.949230
v 14.024513 1.424788 7.949230
v 14.071931 1.424788 7.935506
v 14.024513 1.810156 7.949230
v 14.071931 1.810156 7.935506
v 14.071931 2.209605 7.935506
v 14.024513 2.209605 7.949230
v 14.071931 2.567879 7.935506
v 14.024513 2.567879 7.949230
v 14.024513 2.967685 7.949230
v 14.071931 2.967685 7.935506
v 14.024513 3.166251 7.949230
v 14.071931 3.166251 7.935506
v 14.024513 3.523634 7.949230
v 14.071931 3.525595 7.935506
v 14.071931 4.123254 7.935506
v 14.024513 4.123254 7.949230
v 14.024513 4.517178 7.949230
v 14.071931 4.518247 7.935506
v 14.024513 4.911993 7.949230
v 14.071931 4.911993 7.935506
v 14.071931 5.299500 7.935506
v 14.024513 5.299500 7.949230
v 14.071931 5.701979 7.935506
v 14.024513 5.701979 7.949230
v 13.951420 -0.015618 8.081875
v 13.951420 0.711626 8.081875
v 14.024513 -0.015618 7.949230
v 14.024513 0.711626 7.949230
v 14.024513 1.257058 7.949230
v 13.951420 1.257058 8.081875
v 13.951420 1.424788 8.081875
v 13.964190 1.257058 8.125997
v 13.964190 1.424788 8.125997
v 13.951420 1.810156 8.081875
v 13.964190 1.810156 8.125997
v 13.964190 -0.015618 8.125997
v 13.964190 0.711626 8.125997
v 14.024513 1.424788 7.949230
v 14.024513 1.810156 7.949230
v 14.024513 2.209605 7.949230
v 13.951420 2.209605 8.081875
v 13.951420 2.567879 8.081875
v 13.964190 2.567879 8.125997
v 13.964190 2.209605 8.125997
v 14.024513 2.567879 7.949230
v 13.951420 2.967685 8.081875
v 14.024513 2.967685 7.949230
v 13.951420 3.166251 8.081875
v 14.024513 3.166251 7.949230
v 13.951420 3.523991 8.081875
v 14.024513 3.523634 7.949230
v 14.024513 4.123254 7.949230
v 13.951420 4.123254 8.081875
v 13.951420 4.516999 8.081875
v 14.024513 4.517178 7.949230
v 13.951420 4.911993 8.081875
v 14.024513 4.911993 7.949230
v 13.951420 5.299500 8.081875
v 14.024513 5.299500 7.949230
v 13.964190 2.967685 8.125997
v 13.964190 4.911993 8.125997
v 13.964190 4.516999 8.125997
v 13.964190 4.123254 8.125997
v 13.964190 3.523991 8.125997
v 13.964190 3.166251 8.125997
v 14.024513 5.701979 7.949230
v 13.951420 5.701979 8.081875
v 13.964190 5.299500 8.125997
v 13.964000 5.701979 8.125342
v 15.263639 -0.015618 7.590600
v 15.396280 -0.015618 7.663701
v 15.263639 0.711626 7.590600
v 15.396280 0.711626 7.663701
v 15.263639 1.257058 7.590600
v 15.396280 1.257058 7.663701
v 15.263639 1.424788 7.590600
v 15.396280 1.424788 7.663701
v 15.263639 1.810156 7.590600
v 15.409067 -0.015618 7.707882
v 15.409067 0.711626 7.707882
v 15.409067 1.257058 7.707882
v 15.409067 1.424788 7.707882
v 15.396280 1.810156 7.663701
v 15.396280 2.209605 7.663701
v 15.263639 2.209605 7.590600
v 15.263639 2.567879 7.590600
v 15.396280 2.567879 7.663701
v 15.263639 2.967685 7.590600
v 15.396280 2.967685 7.663701
v 15.263639 3.166251 7.590600
v 15.396280 3.166251 7.663701
v 15.263639 3.523991 7.590600
v 15.409067 1.810156 7.707882
v 15.409067 2.209605 7.707882
v 15.409067 2.567879 7.707882
v 15.409067 2.967685 7.707882
v 15.409067 3.166251 7.707882
v 15.396280 3.523991 7.663701
v 15.396280 4.123254 7.663701
v 15.263639 4.123254 7.590600
v 15.263639 4.516999 7.590600
v 15.396280 4.516999 7.663701
v 15.409067 4.123254 7.707882
v 15.409067 4.516999 7.707882
v 15.409067 3.523991 7.707882
v 15.263639 4.516999 7.590600
v 15.263639 4.911993 7.590600
v 15.396280 4.516999 7.663701
v 15.396280 4.911993 7.663701
v 15.409067 4.911993 7.707882
v 15.409067 5.299500 7.707882
v 15.396280 5.299500 7.663701
v 15.396280 5.701979 7.663701
v 15.263639 5.701979 7.590600
v 15.263639 5.299500 7.590600
v 15.409067 4.516999 7.707882
v 15.407604 5.701979 7.702828
v 14.500970 4.911993 9.565002
v 14.327343 4.911993 9.307208
v 14.500970 5.299500 9.565002
v 14.327343 5.299500 9.307208
v 14.500970 5.501274 9.565002
v 15.218398 4.516999 7.603694
v 15.218398 4.911993 7.603694
v 15.263639 4.516999 7.590600
v 15.263639 4.911993 7.590600
v 15.263639 5.299500 7.590600
v 15.218398 5.299500 7.603694
v 15.218398 5.701979 7.603694
v 15.263639 5.701979 7.590600
v 15.218398 2.209605 7.603694
v 15.218398 1.810156 7.603694
v 15.263639 2.209605 7.590600
v 15.263639 1.810156 7.590600
v 15.218398 1.424788 7.603694
v 15.263639 1.424788 7.590600
v 15.218398 1.257058 7.603694
v 15.218398 2.567879 7.603694
v 15.263639 2.567879 7.590600
v 15.218398 2.967685 7.603694
v 15.263639 2.967685 7.590600
v 15.218398 3.166251 7.603694
v 15.263639 3.166251 7.590600
v 15.218398 3.523991 7.603694
v 15.263639 3.523991 7.590600
v 15.263639 4.123254 7.590600
v 15.218398 4.123254 7.603694
v 15.218398 4.516999 7.603694
v 15.263639 4.516999 7.590600
v 15.263639 1.257058 7.590600
v 15.263639 0.711626 7.590600
v 15.218398 0.711626 7.603694
v 15.218398 -0.015618 7.603694
v 15.263639 -0.015618 7.590600
v 14.077610 2.209605 7.955130
v 14.224113 2.209605 7.912729
v 14.077610 1.810156 7.955130
v 14.348590 1.810156 7.876702
v 14.077610 1.424788 7.955130
v 14.348590 1.424788 7.876702
v 14.077610 1.257058 7.955130
v 14.224113 1.257058 7.912729
v 14.224113 0.711626 7.912729
v 15.044513 1.424788 7.675287
v 14.077610 2.567879 7.955130
v 14.224113 2.567879 7.912729
v 14.224113 2.967685 7.912729
v 14.077610 2.967685 7.955130
v 14.224113 3.166251 7.912729
v 14.077610 3.166251 7.955130
v 14.348590 3.535755 7.876702
v 14.077610 3.525595 7.955130
v 14.348590 4.123254 7.876702
v 14.077610 4.123254 7.955130
v 14.348590 4.523951 7.876702
v 14.077610 4.518247 7.955130
v 14.203383 4.911993 7.918728
v 14.077610 4.911993 7.955130
v 14.203383 5.299500 7.918728
v 14.077610 5.299500 7.955130
v 14.077610 5.701979 7.955130
v 14.203383 5.701979 7.918728
v 14.852770 5.299500 7.730782
v 14.995749 5.701979 7.689401
v 15.224078 5.701979 7.623317
v 15.224078 5.299500 7.623317
v 14.852770 4.911993 7.730782
v 15.224078 4.911993 7.623317
v 15.044513 2.967685 7.675287
v 15.044513 1.257058 7.675287
v 15.224078 1.424788 7.623317
v 15.224078 1.810156 7.623317
v 15.044513 1.810156 7.675287
v 15.224078 2.209605 7.623317
v 15.044513 2.209605 7.675287
v 15.224078 2.567879 7.623317
v 15.044513 2.567879 7.675287
v 15.224078 2.967685 7.623317
v 15.224078 3.166251 7.623317
v 15.044513 3.166251 7.675287
v 15.224078 3.523991 7.623317
v 15.043477 3.523991 7.675587
v 15.224078 4.123254 7.623317
v 14.854169 4.123254 7.730377
v 15.224078 4.516999 7.623317
v 14.854843 4.516999 7.730182
v 15.224078 4.911993 7.623317
v 14.852770 4.911993 7.730782
v 14.995749 -0.015618 7.689401
v 15.044513 0.711626 7.675287
v 14.287388 -0.015618 7.894415
v 14.077610 -0.015618 7.955130
v 14.077610 0.711626 7.955130
v 14.573125 3.166251 9.891541
v 14.573125 2.963407 9.891541
v 14.488520 3.166251 9.599216
v 14.488520 2.963407 9.599216
v 14.300322 2.967685 9.319798
v 14.300322 3.166251 9.319798
v 14.284162 2.967685 9.263961
v 14.284162 3.166251 9.263961
v 14.247297 3.166251 9.136590
v 14.247297 2.967685 9.136590
v 15.837229 2.963407 9.525681
v 15.837229 3.166251 9.525681
v 15.752625 2.963407 9.233358
v 15.752625 3.166251 9.233358
v 15.762491 3.166251 8.896614
v 15.762491 2.967685 8.896614
v 15.746331 3.166251 8.840777
v 15.746331 2.967685 8.840777
v 15.709828 2.967685 8.714655
v 15.709828 3.166251 8.714655
v 14.113405 0.801818 8.272471
v 14.345190 0.801818 9.073328
v 14.033172 0.711626 8.290794
v 13.983829 0.711626 8.120312
v 13.983829 -0.015618 8.120312
v 15.438373 0.711626 7.882681
v 15.389427 -0.015618 7.713567
v 15.438373 -0.015618 7.882681
v 15.673531 -0.015618 8.695194
v 15.673531 0.711626 8.695194
v 15.718036 -0.015618 8.848967
v 15.732923 0.705209 8.900403
v 15.360772 0.801818 7.910103
v 15.593297 0.801818 8.713517
v 15.732923 -0.015618 8.900403
v 14.267590 1.257058 9.100750
v 14.267590 0.711626 9.100750
v 14.345190 1.257058 9.073328
v 14.345190 0.801818 9.073328
v 14.033172 1.257058 8.290794
v 14.267590 1.257058 9.100750
v 14.113405 1.257058 8.272471
v 14.345190 1.257058 9.073328
v 14.033172 0.711626 8.290794
v 14.033172 1.257058 8.290794
v 14.113405 0.801818 8.272471
v 14.113405 1.257058 8.272471
v 15.673531 1.257058 8.695194
v 15.438373 1.257058 7.882681
v 15.593297 1.257058 8.713517
v 15.360772 1.257058 7.910103
v 15.673531 0.711626 8.695194
v 15.673531 1.257058 8.695194
v 15.593297 0.801818 8.713517
v 15.593297 1.257058 8.713517
v 15.438373 1.257058 7.882681
v 15.438373 0.711626 7.882681
v 15.360772 1.257058 7.910103
v 15.360772 0.801818 7.910103
v 15.752625 4.911993 9.233358
v 15.762491 4.911993 8.896614
v 15.752625 4.691680 9.233358
v 15.762491 4.691680 8.896614
v 15.746331 4.911993 8.840777
v 15.746331 4.691680 8.840777
v 15.705440 4.691680 8.699492
v 15.705440 4.911993 8.699492
v 14.488520 4.691680 9.599216
v 14.300322 4.691680 9.319798
v 14.488520 4.911993 9.599216
v 14.300322 4.911993 9.319798
v 14.284162 4.691680 9.263961
v 14.284162 4.911993 9.263961
v 14.243270 4.911993 9.122675
v 14.243270 4.691680 9.122675
v 14.033172 5.299500 8.290794
v 14.128653 5.299500 8.620699
v 14.127384 5.299500 8.263527
v 14.222866 5.299500 8.593431
v 14.267590 1.424788 9.100750
v 14.033172 1.424788 8.290794
v 14.361803 1.424788 9.073483
v 14.127384 1.424788 8.263527
v 14.267590 2.967685 9.100750
v 14.267590 1.424788 9.100750
v 14.361803 2.967685 9.073483
v 14.361803 1.424788 9.073483
v 14.033172 2.967685 8.290794
v 14.267590 2.967685 9.100750
v 14.127384 2.967685 8.263527
v 14.361803 2.967685 9.073483
v 14.267590 3.166251 9.100750
v 14.033172 3.166251 8.290794
v 14.361803 3.166251 9.073483
v 14.127384 3.166251 8.263527
v 14.128653 5.299500 8.620699
v 14.191143 4.911993 8.836612
v 14.222866 5.299500 8.593431
v 14.285356 4.911993 8.809345
v 14.127384 5.299500 8.263527
v 14.127384 4.911993 8.263527
v 14.033172 5.299500 8.290794
v 14.033172 4.911993 8.290794
v 14.126128 4.516999 8.259187
v 14.031915 4.516999 8.286453
v 14.164679 4.123254 8.392385
v 14.070465 4.123254 8.419652
v 14.164679 3.523991 8.392385
v 14.070465 3.523991 8.419652
v 14.127384 3.166251 8.263527
v 14.033172 3.166251 8.290794
v 15.534594 5.299500 8.215143
v 15.440380 5.299500 8.242411
v 15.438373 5.299500 7.882681
v 15.344159 5.299500 7.909949
v 15.597101 4.911993 8.431115
v 15.502888 4.911993 8.458383
v 15.534594 5.299500 8.215143
v 15.440380 5.299500 8.242411
v 15.438373 5.299500 7.882681
v 15.344159 5.299500 7.909949
v 15.438373 4.911993 7.882681
v 15.344159 4.911993 7.909949
v 15.437133 4.516999 7.878400
v 15.342920 4.516999 7.905667
v 15.475666 4.123254 8.011539
v 15.381454 4.123254 8.038807
v 15.475666 3.523991 8.011539
v 15.381454 3.523991 8.038807
v 15.438373 3.166251 7.882681
v 15.344159 3.166251 7.909949
v 15.438373 3.166251 7.882681
v 15.344159 3.166251 7.909949
v 15.673531 3.166251 8.695194
v 15.579317 3.166251 8.722461
v 15.673531 2.967685 8.695194
v 15.579317 2.967685 8.722461
v 15.438373 2.967685 7.882681
v 15.344159 2.967685 7.909949
v 15.673531 1.424788 8.695194
v 15.579317 1.424788 8.722461
v 15.673531 2.967685 8.695194
v 15.579317 2.967685 8.722461
v 15.438373 1.424788 7.882681
v 15.344159 1.424788 7.909949
v 15.673531 1.424788 8.695194
v 15.579317 1.424788 8.722461
v 14.306828 4.131275 9.236327
v 14.401042 4.131275 9.209060
v 14.306828 3.523991 9.236327
v 14.401042 3.523991 9.209060
v 14.267590 3.166251 9.100750
v 14.361803 3.166251 9.073483
v 15.618557 4.131275 8.858038
v 15.712770 4.131275 8.830771
v 15.618557 3.523991 8.858038
v 15.712770 3.523991 8.830771
v 15.579317 3.166251 8.722461
v 15.673531 3.166251 8.695194
v 14.191143 4.516999 8.836612
v 14.285356 4.516999 8.809345
v 14.306828 4.131275 9.236327
v 14.401042 4.131275 9.209060
v 15.502888 4.911993 8.458383
v 15.597101 4.911993 8.431115
v 15.502888 4.691680 8.458383
v 15.597101 4.691680 8.431115
v 15.597101 4.516999 8.431115
v 15.502888 4.516999 8.458383
v 15.712770 4.131275 8.830771
v 15.597101 4.516999 8.431115
v 15.618557 4.131275 8.858038
v 15.502888 4.516999 8.458383
v 14.285356 4.911993 8.809345
v 14.191143 4.911993 8.836612
v 14.285356 4.691680 8.809345
v 14.191143 4.691680 8.836612
v 14.191143 4.516999 8.836612
v 14.285356 4.516999 8.809345
v 14.228945 5.701979 8.089520
v 14.228945 5.501808 8.089520
v 14.419755 5.701979 8.034295
v 14.419755 5.501808 8.034295
v 14.962387 5.701979 7.877245
v 14.962387 5.501808 7.877245
v 15.137133 5.501808 7.826671
v 15.137133 5.701979 7.826671
v 15.165739 5.701979 7.818391
v 15.165739 5.501808 7.818391
v 15.044513 1.257058 7.675287
v 15.074682 1.257058 7.779527
v 14.224113 1.257058 7.912729
v 14.254282 1.257058 8.016969
v 15.044513 0.711626 7.675287
v 15.074682 0.842280 7.779527
v 15.044513 1.257058 7.675287
v 15.074682 1.257058 7.779527
v 14.224113 0.711626 7.912729
v 14.254282 0.842280 8.016969
v 15.044513 0.711626 7.675287
v 15.074682 0.842280 7.779527
v 14.224113 1.257058 7.912729
v 14.254282 1.257058 8.016969
v 14.224113 0.711626 7.912729
v 14.254282 0.842280 8.016969
v 14.348590 1.424788 7.876702
v 14.394059 1.424788 8.033806
v 15.044513 1.424788 7.675287
v 15.089982 1.424788 7.832390
v 14.852770 4.911993 7.730782
v 14.898239 4.911993 7.887885
v 14.852770 5.299500 7.730782
v 15.041217 5.299500 7.846504
v 14.852770 5.299500 7.730782
v 15.041217 5.299500 7.846504
v 14.203383 5.299500 7.918728
v 14.248853 5.299500 8.075831
v 14.203383 5.299500 7.918728
v 14.248853 5.299500 8.075831
v 14.203383 4.911993 7.918728
v 14.248853 4.911993 8.075831
v 14.348590 4.523951 7.876702
v 14.394059 4.523951 8.033806
v 14.348590 4.123254 7.876702
v 14.394059 4.123254 8.033806
v 14.348590 3.535755 7.876702
v 14.394059 3.535755 8.033806
v 14.224113 3.166251 7.912729
v 14.269581 3.166251 8.069832
v 15.044513 2.967685 7.675287
v 15.089982 2.967685 7.832390
v 14.224113 2.967685 7.912729
v 14.269581 2.967685 8.069832
v 14.224113 3.166251 7.912729
v 14.269581 3.166251 8.069832
v 15.044513 3.166251 7.675287
v 15.089982 3.166251 7.832390
v 15.044513 3.166251 7.675287
v 15.089982 3.166251 7.832390
v 15.043477 3.523991 7.675587
v 15.088945 3.523991 7.832690
v 14.854169 4.123254 7.730377
v 14.899638 4.123254 7.887480
v 14.854843 4.516999 7.730182
v 14.900312 4.516999 7.887285
v 14.852770 4.911993 7.730782
v 14.898239 4.911993 7.887885
v 15.089982 1.424788 7.832390
v 15.089982 1.810156 7.832390
v 15.044513 1.424788 7.675287
v 15.044513 1.810156 7.675287
v 15.044513 2.209605 7.675287
v 15.089982 2.209605 7.832390
v 15.089982 2.567879 7.832390
v 15.044513 2.567879 7.675287
v 15.044513 2.967685 7.675287
v 15.089982 2.967685 7.832390
v 15.344159 1.424788 7.909949
v 15.438373 1.424788 7.882681
v 15.344159 1.810156 7.909949
v 15.438373 1.810156 7.882681
v 15.344159 2.209605 7.909949
v 15.438373 2.209605 7.882681
v 15.438373 2.567879 7.882681
v 15.344159 2.567879 7.909949
v 15.438373 2.967685 7.882681
v 15.344159 2.967685 7.909949
v 14.127384 1.424788 8.263527
v 14.033172 1.424788 8.290794
v 14.127384 1.810156 8.263527
v 14.033172 1.810156 8.290794
v 14.033172 2.209605 8.290794
v 14.127384 2.209605 8.263527
v 14.127384 2.567879 8.263527
v 14.033172 2.567879 8.290794
v 14.033172 2.967685 8.290794
v 14.127384 2.967685 8.263527
v 14.394059 1.424788 8.033806
v 14.348590 1.424788 7.876702
v 14.394059 1.810156 8.033806
v 14.348590 1.810156 7.876702
v 14.269581 2.209605 8.069832
v 14.224113 2.209605 7.912729
v 14.224113 2.567879 7.912729
v 14.269581 2.567879 8.069832
v 14.224113 2.967685 7.912729
v 14.269581 2.967685 8.069832
v 15.308561 4.828039 7.672268
v 15.308561 4.789181 7.672268
v 15.678561 4.828039 8.950679
v 15.678561 4.789181 8.950679
v 15.308561 4.789181 7.672268
v 15.308561 4.828039 7.672268
v 14.030154 4.789181 8.042267
v 14.030154 4.828039 8.042267
v 14.030154 4.789181 8.042267
v 14.030154 4.828039 8.042267
v 14.400154 4.789181 9.320678
v 14.400154 4.828039 9.320678
v 14.400154 4.789181 9.320678
v 14.400154 4.828039 9.320678
v 15.678561 4.789181 8.950679
v 15.678561 4.828039 8.950679
v 15.308561 5.022683 7.672268
v 15.308561 4.983647 7.672268
v 15.678561 5.022683 8.950679
v 15.678561 4.983647 8.950679
v 15.308561 4.983647 7.672268
v 15.308561 5.022683 7.672268
v 14.030154 4.983647 8.042267
v 14.030154 5.022683 8.042267
v 14.030154 4.983647 8.042267
v 14.030154 5.022683 8.042267
v 14.400154 4.983647 9.320678
v 14.400154 5.022683 9.320678
v 14.400154 4.983647 9.320678
v 14.400154 5.022683 9.320678
v 15.678561 4.983647 8.950679
v 15.678561 5.022683 8.950679
v 15.308561 5.217150 7.672268
v 15.308561 5.178114 7.672268
v 15.678561 5.217150 8.950679
v 15.678561 5.178114 8.950679
v 15.308561 5.178114 7.672268
v 15.308561 5.217150 7.672268
v 14.030154 5.178114 8.042267
v 14.030154 5.217150 8.042267
v 14.030154 5.178114 8.042267
v 14.030154 5.217150 8.042267
v 14.400154 5.178114 9.320678
v 14.400154 5.217150 9.320678
v 14.400154 5.178114 9.320678
v 14.400154 5.217150 9.320678
v 15.678561 5.178114 8.950679
v 15.678561 5.217150 8.950679
v 14.055491 4.828039 8.056265
v 15.294618 4.828039 7.697635
v 14.055491 4.983647 8.056265
v 15.294618 4.983647 7.697635
v 14.414115 4.828039 9.295370
v 14.055491 4.828039 8.056265
v 14.414115 4.983647 9.295370
v 14.055491 4.983647 8.056265
v 15.653241 4.828039 8.936740
v 14.414115 4.828039 9.295370
v 15.653241 4.983647 8.936740
v 14.414115 4.983647 9.295370
v 15.653241 4.983647 8.936740
v 15.294618 4.983647 7.697635
v 15.653241 4.828039 8.936740
v 15.294618 4.828039 7.697635
v 14.055491 5.022683 8.056265
v 15.294618 5.022683 7.697635
v 14.055491 5.178114 8.056265
v 15.294618 5.178114 7.697635
v 14.414115 5.022683 9.295370
v 14.055491 5.022683 8.056265
v 14.414115 5.178114 9.295370
v 14.055491 5.178114 8.056265
v 15.653241 5.022683 8.936740
v 14.414115 5.022683 9.295370
v 15.653241 5.178114 8.936740
v 14.414115 5.178114 9.295370
v 15.653241 5.178114 8.936740
v 15.294618 5.178114 7.697635
v 15.653241 5.022683 8.936740
v 15.294618 5.022683 7.697635
v 14.055491 5.217150 8.056265
v 15.294618 5.217150 7.697635
v 14.055491 5.308412 8.056265
v 15.294618 5.308412 7.697635
v 14.414115 5.217150 9.295370
v 14.055491 5.217150 8.056265
v 14.414115 5.308412 9.295370
v 14.055491 5.308412 8.056265
v 15.653241 5.217150 8.936740
v 14.414115 5.217150 9.295370
v 15.653241 5.308412 8.936740
v 14.414115 5.308412 9.295370
v 15.653241 5.308412 8.936740
v 15.294618 5.308412 7.697635
v 15.653241 5.217150 8.936740
v 15.294618 5.217150 7.697635
v 15.308561 4.828039 7.672268
v 15.678561 4.828039 8.950679
v 15.294618 4.828039 7.697635
v 15.653241 4.828039 8.936740
v 14.400154 4.828039 9.320678
v 14.414115 4.828039 9.295370
v 14.030154 4.828039 8.042267
v 14.055491 4.828039 8.056265
v 15.308561 4.828039 7.672268
v 15.294618 4.828039 7.697635
v 15.294618 4.789181 7.697635
v 15.308561 4.789181 7.672268
v 15.653241 4.789181 8.936740
v 15.678561 4.789181 8.950679
v 14.414115 4.789181 9.295370
v 14.400154 4.789181 9.320678
v 14.055491 4.789181 8.056265
v 14.030154 4.789181 8.042267
v 15.294618 4.789181 7.697635
v 15.308561 4.789181 7.672268
v 15.308561 5.022683 7.672268
v 15.294618 5.022683 7.697635
v 15.678561 5.022683 8.950679
v 15.653241 5.022683 8.936740
v 14.400154 5.022683 9.320678
v 14.414115 5.022683 9.295370
v 14.030154 5.022683 8.042267
v 14.055491 5.022683 8.056265
v 15.308561 5.022683 7.672268
v 15.294618 5.022683 7.697635
v 15.294618 4.983647 7.697635
v 15.308561 4.983647 7.672268
v 15.653241 4.983647 8.936740
v 15.678561 4.983647 8.950679
v 14.414115 4.983647 9.295370
v 14.400154 4.983647 9.320678
v 14.055491 4.983647 8.056265
v 14.030154 4.983647 8.042267
v 15.294618 4.983647 7.697635
v 15.308561 4.983647 7.672268
v 15.308561 5.217150 7.672268
v 15.294618 5.217150 7.697635
v 15.678561 5.217150 8.950679
v 15.653241 5.217150 8.936740
v 14.400154 5.217150 9.320678
v 14.414115 5.217150 9.295370
v 14.030154 5.217150 8.042267
v 14.055491 5.217150 8.056265
v 15.308561 5.217150 7.672268
v 15.294618 5.217150 7.697635
v 15.294618 5.178114 7.697635
v 15.308561 5.178114 7.672268
v 15.653241 5.178114 8.936740
v 15.678561 5.178114 8.950679
v 14.414115 5.178114 9.295370
v 14.400154 5.178114 9.320678
v 14.055491 5.178114 8.056265
v 14.030154 5.178114 8.042267
v 15.294618 5.178114 7.697635
v 15.308561 5.178114 7.672268
v 15.308561 0.948158 7.672268
v 15.678561 0.948158 8.950679
v 15.308561 0.909300 7.672268
v 15.678561 0.909300 8.950679
v 15.308561 0.909300 7.672268
v 14.030154 0.909300 8.042267
v 15.308561 0.948158 7.672268
v 14.030154 0.948158 8.042267
v 14.030154 0.909300 8.042267
v 14.400154 0.909300 9.320678
v 14.030154 0.948158 8.042267
v 14.400154 0.948158 9.320678
v 14.400154 0.909300 9.320678
v 15.678561 0.909300 8.950679
v 14.400154 0.948158 9.320678
v 15.678561 0.948158 8.950679
v 15.308561 1.142624 7.672268
v 15.678561 1.142624 8.950679
v 15.308561 1.103767 7.672268
v 15.678561 1.103767 8.950679
v 15.308561 1.103767 7.672268
v 14.030154 1.103767 8.042267
v 15.308561 1.142624 7.672268
v 14.030154 1.142624 8.042267
v 14.030154 1.103767 8.042267
v 14.400154 1.103767 9.320678
v 14.030154 1.142624 8.042267
v 14.400154 1.142624 9.320678
v 14.400154 1.103767 9.320678
v 15.678561 1.103767 8.950679
v 14.400154 1.142624 9.320678
v 15.678561 1.142624 8.950679
v 15.308561 1.337091 7.672268
v 15.678561 1.337091 8.950679
v 15.308561 1.298233 7.672268
v 15.678561 1.298233 8.950679
v 15.308561 1.298233 7.672268
v 14.030154 1.298233 8.042267
v 15.308561 1.337091 7.672268
v 14.030154 1.337091 8.042267
v 14.030154 1.298233 8.042267
v 14.400154 1.298233 9.320678
v 14.030154 1.337091 8.042267
v 14.400154 1.337091 9.320678
v 14.400154 1.298233 9.320678
v 15.678561 1.298233 8.950679
v 14.400154 1.337091 9.320678
v 15.678561 1.337091 8.950679
v 15.308561 1.531557 7.672268
v 15.678561 1.531557 8.950679
v 15.308561 1.492700 7.672268
v 15.678561 1.492700 8.950679
v 15.308561 1.492700 7.672268
v 14.030154 1.492700 8.042267
v 15.308561 1.531557 7.672268
v 14.030154 1.531557 8.042267
v 14.030154 1.492700 8.042267
v 14.400154 1.492700 9.320678
v 14.030154 1.531557 8.042267
v 14.400154 1.531557 9.320678
v 14.400154 1.492700 9.320678
v 15.678561 1.492700 8.950679
v 14.400154 1.531557 9.320678
v 15.678561 1.531557 8.950679
v 15.308561 1.726024 7.672268
v 15.678561 1.726024 8.950679
v 15.308561 1.687166 7.672268
v 15.678561 1.687166 8.950679
v 15.308561 1.687166 7.672268
v 14.030154 1.687166 8.042267
v 15.308561 1.726024 7.672268
v 14.030154 1.726024 8.042267
v 14.030154 1.687166 8.042267
v 14.400154 1.687166 9.320678
v 14.030154 1.726024 8.042267
v 14.400154 1.726024 9.320678
v 14.400154 1.687166 9.320678
v 15.678561 1.687166 8.950679
v 14.400154 1.726024 9.320678
v 15.678561 1.726024 8.950679
v 15.308561 1.920668 7.672268
v 15.678561 1.920668 8.950679
v 15.308561 1.881632 7.672268
v 15.678561 1.881632 8.950679
v 15.308561 1.881632 7.672268
v 14.030154 1.881632 8.042267
v 15.308561 1.920668 7.672268
v 14.030154 1.920668 8.042267
v 14.030154 1.881632 8.042267
v 14.400154 1.881632 9.320678
v 14.030154 1.920668 8.042267
v 14.400154 1.920668 9.320678
v 14.400154 1.881632 9.320678
v 15.678561 1.881632 8.950679
v 14.400154 1.920668 9.320678
v 15.678561 1.920668 8.950679
v 15.308561 2.115134 7.672268
v 15.678561 2.115134 8.950679
v 15.308561 2.076099 7.672268
v 15.678561 2.076099 8.950679
v 15.308561 2.076099 7.672268
v 14.030154 2.076099 8.042267
v 15.308561 2.115134 7.672268
v 14.030154 2.115134 8.042267
v 14.030154 2.076099 8.042267
v 14.400154 2.076099 9.320678
v 14.030154 2.115134 8.042267
v 14.400154 2.115134 9.320678
v 14.400154 2.076099 9.320678
v 15.678561 2.076099 8.950679
v 14.400154 2.115134 9.320678
v 15.678561 2.115134 8.950679
v 15.308561 2.309601 7.672268
v 15.678561 2.309601 8.950679
v 15.308561 2.270743 7.672268
v 15.678561 2.270743 8.950679
v 15.308561 2.270743 7.672268
v 14.030154 2.270743 8.042267
v 15.308561 2.309601 7.672268
v 14.030154 2.309601 8.042267
v 14.030154 2.270743 8.042267
v 14.400154 2.270743 9.320678
v 14.030154 2.309601 8.042267
v 14.400154 2.309601 9.320678
v 14.400154 2.270743 9.320678
v 15.678561 2.270743 8.950679
v 14.400154 2.309601 9.320678
v 15.678561 2.309601 8.950679
v 15.308561 2.504067 7.672268
v 15.678561 2.504067 8.950679
v 15.308561 2.465209 7.672268
v 15.678561 2.465209 8.950679
v 15.308561 2.465209 7.672268
v 14.030154 2.465209 8.042267
v 15.308561 2.504067 7.672268
v 14.030154 2.504067 8.042267
v 14.030154 2.465209 8.042267
v 14.400154 2.465209 9.320678
v 14.030154 2.504067 8.042267
v 14.400154 2.504067 9.320678
v 14.400154 2.465209 9.320678
v 15.678561 2.465209 8.950679
v 14.400154 2.504067 9.320678
v 15.678561 2.504067 8.950679
v 15.308561 2.698534 7.672268
v 15.678561 2.698534 8.950679
v 15.308561 2.659676 7.672268
v 15.678561 2.659676 8.950679
v 15.308561 2.659676 7.672268
v 14.030154 2.659676 8.042267
v 15.308561 2.698534 7.672268
v 14.030154 2.698534 8.042267
v 14.030154 2.659676 8.042267
v 14.400154 2.659676 9.320678
v 14.030154 2.698534 8.042267
v 14.400154 2.698534 9.320678
v 14.400154 2.659676 9.320678
v 15.678561 2.659676 8.950679
v 14.400154 2.698534 9.320678
v 15.678561 2.698534 8.950679
v 15.308561 2.893000 7.672268
v 15.678561 2.893000 8.950679
v 15.308561 2.854142 7.672268
v 15.678561 2.854142 8.950679
v 15.308561 2.854142 7.672268
v 14.030154 2.854142 8.042267
v 15.308561 2.893000 7.672268
v 14.030154 2.893000 8.042267
v 14.030154 2.854142 8.042267
v 14.400154 2.854142 9.320678
v 14.030154 2.893000 8.042267
v 14.400154 2.893000 9.320678
v 14.400154 2.854142 9.320678
v 15.678561 2.854142 8.950679
v 14.400154 2.893000 9.320678
v 15.678561 2.893000 8.950679
v 15.308561 3.087466 7.672268
v 15.678561 3.087466 8.950679
v 15.308561 3.048609 7.672268
v 15.678561 3.048609 8.950679
v 15.308561 3.048609 7.672268
v 14.030154 3.048609 8.042267
v 15.308561 3.087466 7.672268
v 14.030154 3.087466 8.042267
v 14.030154 3.048609 8.042267
v 14.400154 3.048609 9.320678
v 14.030154 3.087466 8.042267
v 14.400154 3.087466 9.320678
v 14.400154 3.048609 9.320678
v 15.678561 3.048609 8.950679
v 14.400154 3.087466 9.320678
v 15.678561 3.087466 8.950679
v 15.308561 3.282111 7.672268
v 15.678561 3.282111 8.950679
v 15.308561 3.243075 7.672268
v 15.678561 3.243075 8.950679
v 15.308561 3.243075 7.672268
v 14.030154 3.243075 8.042267
v 15.308561 3.282111 7.672268
v 14.030154 3.282111 8.042267
v 14.030154 3.243075 8.042267
v 14.400154 3.243075 9.320678
v 14.030154 3.282111 8.042267
v 14.400154 3.282111 9.320678
v 14.400154 3.243075 9.320678
v 15.678561 3.243075 8.950679
v 14.400154 3.282111 9.320678
v 15.678561 3.282111 8.950679
v 15.308561 3.476577 7.672268
v 15.678561 3.476577 8.950679
v 15.308561 3.437720 7.672268
v 15.678561 3.437720 8.950679
v 15.308561 3.437720 7.672268
v 14.030154 3.437720 8.042267
v 15.308561 3.476577 7.672268
v 14.030154 3.476577 8.042267
v 14.030154 3.437720 8.042267
v 14.400154 3.437720 9.320678
v 14.030154 3.476577 8.042267
v 14.400154 3.476577 9.320678
v 14.400154 3.437720 9.320678
v 15.678561 3.437720 8.950679
v 14.400154 3.476577 9.320678
v 15.678561 3.476577 8.950679
v 15.308561 3.671044 7.672268
v 15.678561 3.671044 8.950679
v 15.308561 3.632186 7.672268
v 15.678561 3.632186 8.950679
v 15.308561 3.632186 7.672268
v 14.030154 3.632186 8.042267
v 15.308561 3.671044 7.672268
v 14.030154 3.671044 8.042267
v 14.030154 3.632186 8.042267
v 14.400154 3.632186 9.320678
v 14.030154 3.671044 8.042267
v 14.400154 3.671044 9.320678
v 14.400154 3.632186 9.320678
v 15.678561 3.632186 8.950679
v 14.400154 3.671044 9.320678
v 15.678561 3.671044 8.950679
v 15.308561 3.865510 7.672268
v 15.678561 3.865510 8.950679
v 15.308561 3.826653 7.672268
v 15.678561 3.826653 8.950679
v 15.308561 3.826653 7.672268
v 14.030154 3.826653 8.042267
v 15.308561 3.865510 7.672268
v 14.030154 3.865510 8.042267
v 14.030154 3.826653 8.042267
v 14.400154 3.826653 9.320678
v 14.030154 3.865510 8.042267
v 14.400154 3.865510 9.320678
v 14.400154 3.826653 9.320678
v 15.678561 3.826653 8.950679
v 14.400154 3.865510 9.320678
v 15.678561 3.865510 8.950679
v 15.308561 4.059977 7.672268
v 15.678561 4.059977 8.950679
v 15.308561 4.021119 7.672268
v 15.678561 4.021119 8.950679
v 15.308561 4.021119 7.672268
v 14.030154 4.021119 8.042267
v 15.308561 4.059977 7.672268
v 14.030154 4.059977 8.042267
v 14.030154 4.021119 8.042267
v 14.400154 4.021119 9.320678
v 14.030154 4.059977 8.042267
v 14.400154 4.059977 9.320678
v 14.400154 4.021119 9.320678
v 15.678561 4.021119 8.950679
v 14.400154 4.059977 9.320678
v 15.678561 4.059977 8.950679
v 15.308561 4.254443 7.672268
v 15.678561 4.254443 8.950679
v 15.308561 4.215585 7.672268
v 15.678561 4.215585 8.950679
v 15.308561 4.215585 7.672268
v 14.030154 4.215585 8.042267
v 15.308561 4.254443 7.672268
v 14.030154 4.254443 8.042267
v 14.030154 4.215585 8.042267
v 14.400154 4.215585 9.320678
v 14.030154 4.254443 8.042267
v 14.400154 4.254443 9.320678
v 14.400154 4.215585 9.320678
v 15.678561 4.215585 8.950679
v 14.400154 4.254443 9.320678
v 15.678561 4.254443 8.950679
v 15.308561 4.449088 7.672268
v 15.678561 4.449088 8.950679
v 15.308561 4.410052 7.672268
v 15.678561 4.410052 8.950679
v 15.308561 4.410052 7.672268
v 14.030154 4.410052 8.042267
v 15.308561 4.449088 7.672268
v 14.030154 4.449088 8.042267
v 14.030154 4.410052 8.042267
v 14.400154 4.410052 9.320678
v 14.030154 4.449088 8.042267
v 14.400154 4.449088 9.320678
v 14.400154 4.410052 9.320678
v 15.678561 4.410052 8.950679
v 14.400154 4.449088 9.320678
v 15.678561 4.449088 8.950679
v 15.308561 4.643554 7.672268
v 15.678561 4.643554 8.950679
v 15.308561 4.604696 7.672268
v 15.678561 4.604696 8.950679
v 15.308561 4.604696 7.672268
v 14.030154 4.604696 8.042267
v 15.308561 4.643554 7.672268
v 14.030154 4.643554 8.042267
v 14.030154 4.604696 8.042267
v 14.400154 4.604696 9.320678
v 14.030154 4.643554 8.042267
v 14.400154 4.643554 9.320678
v 14.400154 4.604696 9.320678
v 15.678561 4.604696 8.950679
v 14.400154 4.643554 9.320678
v 15.678561 4.643554 8.950679
v 15.294618 4.643554 7.697635
v 15.294618 4.789181 7.697635
v 15.653241 4.643554 8.936740
v 15.653241 4.789181 8.936740
v 14.055491 4.643554 8.056265
v 14.055491 4.789181 8.056265
v 15.294618 4.643554 7.697635
v 15.294618 4.789181 7.697635
v 15.294618 0.909300 7.697635
v 15.292544 0.761356 7.698235
v 14.055491 0.909300 8.056265
v 14.053367 0.761356 8.056880
v 14.055491 0.909300 8.056265
v 14.053367 0.761356 8.056880
v 14.414115 0.909300 9.295370
v 14.411990 0.761356 9.295985
v 14.055491 0.948158 8.056265
v 14.055491 1.103767 8.056265
v 15.294618 0.948158 7.697635
v 15.294618 1.103767 7.697635
v 14.414115 0.948158 9.295370
v 14.414115 1.103767 9.295370
v 14.055491 0.948158 8.056265
v 14.055491 1.103767 8.056265
v 15.653241 0.948158 8.936740
v 15.653241 1.103767 8.936740
v 14.414115 0.948158 9.295370
v 14.414115 1.103767 9.295370
v 15.653241 1.103767 8.936740
v 15.653241 0.948158 8.936740
v 15.294618 1.103767 7.697635
v 15.294618 0.948158 7.697635
v 14.055491 1.142624 8.056265
v 14.055491 1.298233 8.056265
v 15.294618 1.142624 7.697635
v 15.294618 1.298233 7.697635
v 14.414115 1.142624 9.295370
v 14.414115 1.298233 9.295370
v 14.055491 1.142624 8.056265
v 14.055491 1.298233 8.056265
v 15.653241 1.142624 8.936740
v 15.653241 1.298233 8.936740
v 14.414115 1.142624 9.295370
v 14.414115 1.298233 9.295370
v 15.653241 1.298233 8.936740
v 15.653241 1.142624 8.936740
v 15.294618 1.298233 7.697635
v 15.294618 1.142624 7.697635
v 14.055491 1.337091 8.056265
v 14.055491 1.492700 8.056265
v 15.294618 1.337091 7.697635
v 15.294618 1.492700 7.697635
v 14.414115 1.337091 9.295370
v 14.414115 1.492700 9.295370
v 14.055491 1.337091 8.056265
v 14.055491 1.492700 8.056265
v 15.653241 1.337091 8.936740
v 15.653241 1.492700 8.936740
v 14.414115 1.337091 9.295370
v 14.414115 1.492700 9.295370
v 15.653241 1.492700 8.936740
v 15.653241 1.337091 8.936740
v 15.294618 1.492700 7.697635
v 15.294618 1.337091 7.697635
v 14.055491 1.531557 8.056265
v 14.055491 1.687166 8.056265
v 15.294618 1.531557 7.697635
v 15.294618 1.687166 7.697635
v 14.414115 1.531557 9.295370
v 14.414115 1.687166 9.295370
v 14.055491 1.531557 8.056265
v 14.055491 1.687166 8.056265
v 15.653241 1.531557 8.936740
v 15.653241 1.687166 8.936740
v 14.414115 1.531557 9.295370
v 14.414115 1.687166 9.295370
v 15.653241 1.687166 8.936740
v 15.653241 1.531557 8.936740
v 15.294618 1.687166 7.697635
v 15.294618 1.531557 7.697635
v 14.055491 1.726024 8.056265
v 14.055491 1.881632 8.056265
v 15.294618 1.726024 7.697635
v 15.294618 1.881632 7.697635
v 14.414115 1.726024 9.295370
v 14.414115 1.881632 9.295370
v 14.055491 1.726024 8.056265
v 14.055491 1.881632 8.056265
v 15.653241 1.726024 8.936740
v 15.653241 1.881632 8.936740
v 14.414115 1.726024 9.295370
v 14.414115 1.881632 9.295370
v 15.653241 1.881632 8.936740
v 15.653241 1.726024 8.936740
v 15.294618 1.881632 7.697635
v 15.294618 1.726024 7.697635
v 14.055491 1.920668 8.056265
v 14.055491 2.076099 8.056265
v 15.294618 1.920668 7.697635
v 15.294618 2.076099 7.697635
v 14.414115 1.920668 9.295370
v 14.414115 2.076099 9.295370
v 14.055491 1.920668 8.056265
v 14.055491 2.076099 8.056265
v 15.653241 1.920668 8.936740
v 15.653241 2.076099 8.936740
v 14.414115 1.920668 9.295370
v 14.414115 2.076099 9.295370
v 15.653241 2.076099 8.936740
v 15.653241 1.920668 8.936740
v 15.294618 2.076099 7.697635
v 15.294618 1.920668 7.697635
v 14.055491 2.115134 8.056265
v 14.055491 2.270743 8.056265
v 15.294618 2.115134 7.697635
v 15.294618 2.270743 7.697635
v 14.414115 2.115134 9.295370
v 14.414115 2.270743 9.295370
v 14.055491 2.115134 8.056265
v 14.055491 2.270743 8.056265
v 15.653241 2.115134 8.936740
v 15.653241 2.270743 8.936740
v 14.414115 2.115134 9.295370
v 14.414115 2.270743 9.295370
v 15.653241 2.270743 8.936740
v 15.653241 2.115134 8.936740
v 15.294618 2.270743 7.697635
v 15.294618 2.115134 7.697635
v 14.055491 2.309601 8.056265
v 14.055491 2.465209 8.056265
v 15.294618 2.309601 7.697635
v 15.294618 2.465209 7.697635
v 14.414115 2.309601 9.295370
v 14.414115 2.465209 9.295370
v 14.055491 2.309601 8.056265
v 14.055491 2.465209 8.056265
v 15.653241 2.309601 8.936740
v 15.653241 2.465209 8.936740
v 14.414115 2.309601 9.295370
v 14.414115 2.465209 9.295370
v 15.653241 2.465209 8.936740
v 15.653241 2.309601 8.936740
v 15.294618 2.465209 7.697635
v 15.294618 2.309601 7.697635
v 14.055491 2.504067 8.056265
v 14.055491 2.659676 8.056265
v 15.294618 2.504067 7.697635
v 15.294618 2.659676 7.697635
v 14.414115 2.504067 9.295370
v 14.414115 2.659676 9.295370
v 14.055491 2.504067 8.056265
v 14.055491 2.659676 8.056265
v 15.653241 2.504067 8.936740
v 15.653241 2.659676 8.936740
v 14.414115 2.504067 9.295370
v 14.414115 2.659676 9.295370
v 15.653241 2.659676 8.936740
v 15.653241 2.504067 8.936740
v 15.294618 2.659676 7.697635
v 15.294618 2.504067 7.697635
v 14.055491 2.698534 8.056265
v 14.055491 2.854142 8.056265
v 15.294618 2.698534 7.697635
v 15.294618 2.854142 7.697635
v 14.414115 2.698534 9.295370
v 14.414115 2.854142 9.295370
v 14.055491 2.698534 8.056265
v 14.055491 2.854142 8.056265
v 15.653241 2.698534 8.936740
v 15.653241 2.854142 8.936740
v 14.414115 2.698534 9.295370
v 14.414115 2.854142 9.295370
v 15.653241 2.854142 8.936740
v 15.653241 2.698534 8.936740
v 15.294618 2.854142 7.697635
v 15.294618 2.698534 7.697635
v 14.055491 2.893000 8.056265
v 14.055491 3.048609 8.056265
v 15.294618 2.893000 7.697635
v 15.294618 3.048609 7.697635
v 14.414115 2.893000 9.295370
v 14.414115 3.048609 9.295370
v 14.055491 2.893000 8.056265
v 14.055491 3.048609 8.056265
v 15.653241 2.893000 8.936740
v 15.653241 3.048609 8.936740
v 14.414115 2.893000 9.295370
v 14.414115 3.048609 9.295370
v 15.653241 3.048609 8.936740
v 15.653241 2.893000 8.936740
v 15.294618 3.048609 7.697635
v 15.294618 2.893000 7.697635
v 14.055491 3.087466 8.056265
v 14.055491 3.243075 8.056265
v 15.294618 3.087466 7.697635
v 15.294618 3.243075 7.697635
v 14.414115 3.087466 9.295370
v 14.414115 3.243075 9.295370
v 14.055491 3.087466 8.056265
v 14.055491 3.243075 8.056265
v 15.653241 3.087466 8.936740
v 15.653241 3.243075 8.936740
v 14.414115 3.087466 9.295370
v 14.414115 3.243075 9.295370
v 15.653241 3.243075 8.936740
v 15.653241 3.087466 8.936740
v 15.294618 3.243075 7.697635
v 15.294618 3.087466 7.697635
v 14.055491 3.282111 8.056265
v 14.055491 3.437720 8.056265
v 15.294618 3.282111 7.697635
v 15.294618 3.437720 7.697635
v 14.414115 3.282111 9.295370
v 14.414115 3.437720 9.295370
v 14.055491 3.282111 8.056265
v 14.055491 3.437720 8.056265
v 15.653241 3.282111 8.936740
v 15.653241 3.437720 8.936740
v 14.414115 3.282111 9.295370
v 14.414115 3.437720 9.295370
v 15.653241 3.437720 8.936740
v 15.653241 3.282111 8.936740
v 15.294618 3.437720 7.697635
v 15.294618 3.282111 7.697635
v 14.055491 3.476577 8.056265
v 14.055491 3.632186 8.056265
v 15.294618 3.476577 7.697635
v 15.294618 3.632186 7.697635
v 14.414115 3.476577 9.295370
v 14.414115 3.632186 9.295370
v 14.055491 3.476577 8.056265
v 14.055491 3.632186 8.056265
v 15.653241 3.476577 8.936740
v 15.653241 3.632186 8.936740
v 14.414115 3.476577 9.295370
v 14.414115 3.632186 9.295370
v 15.653241 3.632186 8.936740
v 15.653241 3.476577 8.936740
v 15.294618 3.632186 7.697635
v 15.294618 3.476577 7.697635
v 14.055491 3.671044 8.056265
v 14.055491 3.826653 8.056265
v 15.294618 3.671044 7.697635
v 15.294618 3.826653 7.697635
v 14.414115 3.671044 9.295370
v 14.414115 3.826653 9.295370
v 14.055491 3.671044 8.056265
v 14.055491 3.826653 8.056265
v 15.653241 3.671044 8.936740
v 15.653241 3.826653 8.936740
v 14.414115 3.671044 9.295370
v 14.414115 3.826653 9.295370
v 15.653241 3.826653 8.936740
v 15.653241 3.671044 8.936740
v 15.294618 3.826653 7.697635
v 15.294618 3.671044 7.697635
v 14.055491 3.865510 8.056265
v 14.055491 4.021119 8.056265
v 15.294618 3.865510 7.697635
v 15.294618 4.021119 7.697635
v 14.414115 3.865510 9.295370
v 14.414115 4.021119 9.295370
v 14.055491 3.865510 8.056265
v 14.055491 4.021119 8.056265
v 15.653241 3.865510 8.936740
v 15.653241 4.021119 8.936740
v 14.414115 3.865510 9.295370
v 14.414115 4.021119 9.295370
v 15.653241 4.021119 8.936740
v 15.653241 3.865510 8.936740
v 15.294618 4.021119 7.697635
v 15.294618 3.865510 7.697635
v 14.055491 4.059977 8.056265
v 14.055491 4.215585 8.056265
v 15.294618 4.059977 7.697635
v 15.294618 4.215585 7.697635
v 14.414115 4.059977 9.295370
v 14.414115 4.215585 9.295370
v 14.055491 4.059977 8.056265
v 14.055491 4.215585 8.056265
v 15.653241 4.059977 8.936740
v 15.653241 4.215585 8.936740
v 14.414115 4.059977 9.295370
v 14.414115 4.215585 9.295370
v 15.653241 4.215585 8.936740
v 15.653241 4.059977 8.936740
v 15.294618 4.215585 7.697635
v 15.294618 4.059977 7.697635
v 14.055491 4.254443 8.056265
v 14.055491 4.410052 8.056265
v 15.294618 4.254443 7.697635
v 15.294618 4.410052 7.697635
v 14.414115 4.254443 9.295370
v 14.414115 4.410052 9.295370
v 14.055491 4.254443 8.056265
v 14.055491 4.410052 8.056265
v 15.653241 4.254443 8.936740
v 15.653241 4.410052 8.936740
v 14.414115 4.254443 9.295370
v 14.414115 4.410052 9.295370
v 15.653241 4.410052 8.936740
v 15.653241 4.254443 8.936740
v 15.294618 4.410052 7.697635
v 15.294618 4.254443 7.697635
v 14.055491 4.449088 8.056265
v 14.055491 4.604696 8.056265
v 15.294618 4.449088 7.697635
v 15.294618 4.604696 7.697635
v 14.414115 4.449088 9.295370
v 14.414115 4.604696 9.295370
v 14.055491 4.449088 8.056265
v 14.055491 4.604696 8.056265
v 15.653241 4.449088 8.936740
v 15.653241 4.604696 8.936740
v 14.414115 4.449088 9.295370
v 14.414115 4.604696 9.295370
v 15.653241 4.604696 8.936740
v 15.653241 4.449088 8.936740
v 15.294618 4.604696 7.697635
v 15.294618 4.449088 7.697635
v 15.308561 0.948158 7.672268
v 15.294618 0.948158 7.697635
v 15.678561 0.948158 8.950679
v 15.653241 0.948158 8.936740
v 14.400154 0.948158 9.320678
v 14.414115 0.948158 9.295370
v 14.030154 0.948158 8.042267
v 14.055491 0.948158 8.056265
v 15.308561 0.948158 7.672268
v 15.294618 0.948158 7.697635
v 15.294618 0.909300 7.697635
v 15.308561 0.909300 7.672268
v 15.653241 0.909300 8.936740
v 15.678561 0.909300 8.950679
v 14.414115 0.909300 9.295370
v 14.400154 0.909300 9.320678
v 14.055491 0.909300 8.056265
v 14.030154 0.909300 8.042267
v 15.294618 0.909300 7.697635
v 15.308561 0.909300 7.672268
v 15.308561 1.142624 7.672268
v 15.294618 1.142624 7.697635
v 15.678561 1.142624 8.950679
v 15.653241 1.142624 8.936740
v 14.400154 1.142624 9.320678
v 14.414115 1.142624 9.295370
v 14.030154 1.142624 8.042267
v 14.055491 1.142624 8.056265
v 15.308561 1.142624 7.672268
v 15.294618 1.142624 7.697635
v 15.294618 1.103767 7.697635
v 15.308561 1.103767 7.672268
v 15.653241 1.103767 8.936740
v 15.678561 1.103767 8.950679
v 14.414115 1.103767 9.295370
v 14.400154 1.103767 9.320678
v 14.055491 1.103767 8.056265
v 14.030154 1.103767 8.042267
v 15.294618 1.103767 7.697635
v 15.308561 1.103767 7.672268
v 15.308561 1.337091 7.672268
v 15.294618 1.337091 7.697635
v 15.678561 1.337091 8.950679
v 15.653241 1.337091 8.936740
v 14.400154 1.337091 9.320678
v 14.414115 1.337091 9.295370
v 14.030154 1.337091 8.042267
v 14.055491 1.337091 8.056265
v 15.308561 1.337091 7.672268
v 15.294618 1.337091 7.697635
v 15.294618 1.298233 7.697635
v 15.308561 1.298233 7.672268
v 15.653241 1.298233 8.936740
v 15.678561 1.298233 8.950679
v 14.414115 1.298233 9.295370
v 14.400154 1.298233 9.320678
v 14.055491 1.298233 8.056265
v 14.030154 1.298233 8.042267
v 15.294618 1.298233 7.697635
v 15.308561 1.298233 7.672268
v 15.308561 1.531557 7.672268
v 15.294618 1.531557 7.697635
v 15.678561 1.531557 8.950679
v 15.653241 1.531557 8.936740
v 14.400154 1.531557 9.320678
v 14.414115 1.531557 9.295370
v 14.030154 1.531557 8.042267
v 14.055491 1.531557 8.056265
v 15.308561 1.531557 7.672268
v 15.294618 1.531557 7.697635
v 15.294618 1.492700 7.697635
v 15.308561 1.492700 7.672268
v 15.653241 1.492700 8.936740
v 15.678561 1.492700 8.950679
v 14.414115 1.492700 9.295370
v 14.400154 1.492700 9.320678
v 14.055491 1.492700 8.056265
v 14.030154 1.492700 8.042267
v 15.294618 1.492700 7.697635
v 15.308561 1.492700 7.672268
v 15.308561 1.726024 7.672268
v 15.294618 1.726024 7.697635
v 15.678561 1.726024 8.950679
v 15.653241 1.726024 8.936740
v 14.400154 1.726024 9.320678
v 14.414115 1.726024 9.295370
v 14.030154 1.726024 8.042267
v 14.055491 1.726024 8.056265
v 15.308561 1.726024 7.672268
v 15.294618 1.726024 7.697635
v 15.294618 1.687166 7.697635
v 15.308561 1.687166 7.672268
v 15.653241 1.687166 8.936740
v 15.678561 1.687166 8.950679
v 14.414115 1.687166 9.295370
v 14.400154 1.687166 9.320678
v 14.055491 1.687166 8.056265
v 14.030154 1.687166 8.042267
v 15.294618 1.687166 7.697635
v 15.308561 1.687166 7.672268
v 15.308561 1.920668 7.672268
v 15.294618 1.920668 7.697635
v 15.678561 1.920668 8.950679
v 15.653241 1.920668 8.936740
v 14.400154 1.920668 9.320678
v 14.414115 1.920668 9.295370
v 14.030154 1.920668 8.042267
v 14.055491 1.920668 8.056265
v 15.308561 1.920668 7.672268
v 15.294618 1.920668 7.697635
v 15.294618 1.881632 7.697635
v 15.308561 1.881632 7.672268
v 15.653241 1.881632 8.936740
v 15.678561 1.881632 8.950679
v 14.414115 1.881632 9.295370
v 14.400154 1.881632 9.320678
v 14.055491 1.881632 8.056265
v 14.030154 1.881632 8.042267
v 15.294618 1.881632 7.697635
v 15.308561 1.881632 7.672268
v 15.308561 2.115134 7.672268
v 15.294618 2.115134 7.697635
v 15.678561 2.115134 8.950679
v 15.653241 2.115134 8.936740
v 14.400154 2.115134 9.320678
v 14.414115 2.115134 9.295370
v 14.030154 2.115134 8.042267
v 14.055491 2.115134 8.056265
v 15.308561 2.115134 7.672268
v 15.294618 2.115134 7.697635
v 15.294618 2.076099 7.697635
v 15.308561 2.076099 7.672268
v 15.653241 2.076099 8.936740
v 15.678561 2.076099 8.950679
v 14.414115 2.076099 9.295370
v 14.400154 2.076099 9.320678
v 14.055491 2.076099 8.056265
v 14.030154 2.076099 8.042267
v 15.294618 2.076099 7.697635
v 15.308561 2.076099 7.672268
v 15.308561 2.309601 7.672268
v 15.294618 2.309601 7.697635
v 15.678561 2.309601 8.950679
v 15.653241 2.309601 8.936740
v 14.400154 2.309601 9.320678
v 14.414115 2.309601 9.295370
v 14.030154 2.309601 8.042267
v 14.055491 2.309601 8.056265
v 15.308561 2.309601 7.672268
v 15.294618 2.309601 7.697635
v 15.294618 2.270743 7.697635
v 15.308561 2.270743 7.672268
v 15.653241 2.270743 8.936740
v 15.678561 2.270743 8.950679
v 14.414115 2.270743 9.295370
v 14.400154 2.270743 9.320678
v 14.055491 2.270743 8.056265
v 14.030154 2.270743 8.042267
v 15.294618 2.270743 7.697635
v 15.308561 2.270743 7.672268
v 15.308561 2.504067 7.672268
v 15.294618 2.504067 7.697635
v 15.678561 2.504067 8.950679
v 15.653241 2.504067 8.936740
v 14.400154 2.504067 9.320678
v 14.414115 2.504067 9.295370
v 14.030154 2.504067 8.042267
v 14.055491 2.504067 8.056265
v 15.308561 2.504067 7.672268
v 15.294618 2.504067 7.697635
v 15.294618 2.465209 7.697635
v 15.308561 2.465209 7.672268
v 15.653241 2.465209 8.936740
v 15.678561 2.465209 8.950679
v 14.414115 2.465209 9.295370
v 14.400154 2.465209 9.320678
v 14.055491 2.465209 8.056265
v 14.030154 2.465209 8.042267
v 15.294618 2.465209 7.697635
v 15.308561 2.465209 7.672268
v 15.308561 2.698534 7.672268
v 15.294618 2.698534 7.697635
v 15.678561 2.698534 8.950679
v 15.653241 2.698534 8.936740
v 14.400154 2.698534 9.320678
v 14.414115 2.698534 9.295370
v 14.030154 2.698534 8.042267
v 14.055491 2.698534 8.056265
v 15.308561 2.698534 7.672268
v 15.294618 2.698534 7.697635
v 15.294618 2.659676 7.697635
v 15.308561 2.659676 7.672268
v 15.653241 2.659676 8.936740
v 15.678561 2.659676 8.950679
v 14.414115 2.659676 9.295370
v 14.400154 2.659676 9.320678
v 14.055491 2.659676 8.056265
v 14.030154 2.659676 8.042267
v 15.294618 2.659676 7.697635
v 15.308561 2.659676 7.672268
v 15.308561 2.893000 7.672268
v 15.294618 2.893000 7.697635
v 15.678561 2.893000 8.950679
v 15.653241 2.893000 8.936740
v 14.400154 2.893000 9.320678
v 14.414115 2.893000 9.295370
v 14.030154 2.893000 8.042267
v 14.055491 2.893000 8.056265
v 15.308561 2.893000 7.672268
v 15.294618 2.893000 7.697635
v 15.294618 2.854142 7.697635
v 15.308561 2.854142 7.672268
v 15.653241 2.854142 8.936740
v 15.678561 2.854142 8.950679
v 14.414115 2.854142 9.295370
v 14.400154 2.854142 9.320678
v 14.055491 2.854142 8.056265
v 14.030154 2.854142 8.042267
v 15.294618 2.854142 7.697635
v 15.308561 2.854142 7.672268
v 15.308561 3.087466 7.672268
v 15.294618 3.087466 7.697635
v 15.678561 3.087466 8.950679
v 15.653241 3.087466 8.936740
v 14.400154 3.087466 9.320678
v 14.414115 3.087466 9.295370
v 14.030154 3.087466 8.042267
v 14.055491 3.087466 8.056265
v 15.308561 3.087466 7.672268
v 15.294618 3.087466 7.697635
v 15.294618 3.048609 7.697635
v 15.308561 3.048609 7.672268
v 15.653241 3.048609 8.936740
v 15.678561 3.048609 8.950679
v 14.414115 3.048609 9.295370
v 14.400154 3.048609 9.320678
v 14.055491 3.048609 8.056265
v 14.030154 3.048609 8.042267
v 15.294618 3.048609 7.697635
v 15.308561 3.048609 7.672268
v 15.308561 3.282111 7.672268
v 15.294618 3.282111 7.697635
v 15.678561 3.282111 8.950679
v 15.653241 3.282111 8.936740
v 14.400154 3.282111 9.320678
v 14.414115 3.282111 9.295370
v 14.030154 3.282111 8.042267
v 14.055491 3.282111 8.056265
v 15.308561 3.282111 7.672268
v 15.294618 3.282111 7.697635
v 15.294618 3.243075 7.697635
v 15.308561 3.243075 7.672268
v 15.653241 3.243075 8.936740
v 15.678561 3.243075 8.950679
v 14.414115 3.243075 9.295370
v 14.400154 3.243075 9.320678
v 14.055491 3.243075 8.056265
v 14.030154 3.243075 8.042267
v 15.294618 3.243075 7.697635
v 15.308561 3.243075 7.672268
v 15.308561 3.476577 7.672268
v 15.294618 3.476577 7.697635
v 15.678561 3.476577 8.950679
v 15.653241 3.476577 8.936740
v 14.400154 3.476577 9.320678
v 14.414115 3.476577 9.295370
v 14.030154 3.476577 8.042267
v 14.055491 3.476577 8.056265
v 15.308561 3.476577 7.672268
v 15.294618 3.476577 7.697635
v 15.294618 3.437720 7.697635
v 15.308561 3.437720 7.672268
v 15.653241 3.437720 8.936740
v 15.678561 3.437720 8.950679
v 14.414115 3.437720 9.295370
v 14.400154 3.437720 9.320678
v 14.055491 3.437720 8.056265
v 14.030154 3.437720 8.042267
v 15.294618 3.437720 7.697635
v 15.308561 3.437720 7.672268
v 15.308561 3.671044 7.672268
v 15.294618 3.671044 7.697635
v 15.678561 3.671044 8.950679
v 15.653241 3.671044 8.936740
v 14.400154 3.671044 9.320678
v 14.414115 3.671044 9.295370
v 14.030154 3.671044 8.042267
v 14.055491 3.671044 8.056265
v 15.308561 3.671044 7.672268
v 15.294618 3.671044 7.697635
v 15.294618 3.632186 7.697635
v 15.308561 3.632186 7.672268
v 15.653241 3.632186 8.936740
v 15.678561 3.632186 8.950679
v 14.414115 3.632186 9.295370
v 14.400154 3.632186 9.320678
v 14.055491 3.632186 8.056265
v 14.030154 3.632186 8.042267
v 15.294618 3.632186 7.697635
v 15.308561 3.632186 7.672268
v 15.308561 3.865510 7.672268
v 15.294618 3.865510 7.697635
v 15.678561 3.865510 8.950679
v 15.653241 3.865510 8.936740
v 14.400154 3.865510 9.320678
v 14.414115 3.865510 9.295370
v 14.030154 3.865510 8.042267
v 14.055491 3.865510 8.056265
v 15.308561 3.865510 7.672268
v 15.294618 3.865510 7.697635
v 15.294618 3.826653 7.697635
v 15.308561 3.826653 7.672268
v 15.653241 3.826653 8.936740
v 15.678561 3.826653 8.950679
v 14.414115 3.826653 9.295370
v 14.400154 3.826653 9.320678
v 14.055491 3.826653 8.056265
v 14.030154 3.826653 8.042267
v 15.294618 3.826653 7.697635
v 15.308561 3.826653 7.672268
v 15.308561 4.059977 7.672268
v 15.294618 4.059977 7.697635
v 15.678561 4.059977 8.950679
v 15.653241 4.059977 8.936740
v 14.400154 4.059977 9.320678
v 14.414115 4.059977 9.295370
v 14.030154 4.059977 8.042267
v 14.055491 4.059977 8.056265
v 15.308561 4.059977 7.672268
v 15.294618 4.059977 7.697635
v 15.294618 4.021119 7.697635
v 15.308561 4.021119 7.672268
v 15.653241 4.021119 8.936740
v 15.678561 4.021119 8.950679
v 14.414115 4.021119 9.295370
v 14.400154 4.021119 9.320678
v 14.055491 4.021119 8.056265
v 14.030154 4.021119 8.042267
v 15.294618 4.021119 7.697635
v 15.308561 4.021119 7.672268
v 15.308561 4.254443 7.672268
v 15.294618 4.254443 7.697635
v 15.678561 4.254443 8.950679
v 15.653241 4.254443 8.936740
v 14.400154 4.254443 9.320678
v 14.414115 4.254443 9.295370
v 14.030154 4.254443 8.042267
v 14.055491 4.254443 8.056265
v 15.308561 4.254443 7.672268
v 15.294618 4.254443 7.697635
v 15.294618 4.215585 7.697635
v 15.308561 4.215585 7.672268
v 15.653241 4.215585 8.936740
v 15.678561 4.215585 8.950679
v 14.414115 4.215585 9.295370
v 14.400154 4.215585 9.320678
v 14.055491 4.215585 8.056265
v 14.030154 4.215585 8.042267
v 15.294618 4.215585 7.697635
v 15.308561 4.215585 7.672268
v 15.308561 4.449088 7.672268
v 15.294618 4.449088 7.697635
v 15.678561 4.449088 8.950679
v 15.653241 4.449088 8.936740
v 14.400154 4.449088 9.320678
v 14.414115 4.449088 9.295370
v 14.030154 4.449088 8.042267
v 14.055491 4.449088 8.056265
v 15.308561 4.449088 7.672268
v 15.294618 4.449088 7.697635
v 15.294618 4.410052 7.697635
v 15.308561 4.410052 7.672268
v 15.653241 4.410052 8.936740
v 15.678561 4.410052 8.950679
v 14.414115 4.410052 9.295370
v 14.400154 4.410052 9.320678
v 14.055491 4.410052 8.056265
v 14.030154 4.410052 8.042267
v 15.294618 4.410052 7.697635
v 15.308561 4.410052 7.672268
v 15.308561 4.643554 7.672268
v 15.294618 4.643554 7.697635
v 15.678561 4.643554 8.950679
v 15.653241 4.643554 8.936740
v 14.400154 4.643554 9.320678
v 14.414115 4.643554 9.295370
v 14.030154 4.643554 8.042267
v 14.055491 4.643554 8.056265
v 15.308561 4.643554 7.672268
v 15.294618 4.643554 7.697635
v 15.294618 4.604696 7.697635
v 15.308561 4.604696 7.672268
v 15.653241 4.604696 8.936740
v 15.678561 4.604696 8.950679
v 14.414115 4.604696 9.295370
v 14.400154 4.604696 9.320678
v 14.055491 4.604696 8.056265
v 14.030154 4.604696 8.042267
v 15.294618 4.604696 7.697635
v 15.308561 4.604696 7.672268
v 15.653241 4.789181 8.936740
v 14.414115 4.789181 9.295370
v 15.653241 4.643554 8.936740
v 14.414115 4.643554 9.295370
v 14.414115 4.789181 9.295370
v 14.055491 4.789181 8.056265
v 14.414115 4.643554 9.295370
v 14.055491 4.643554 8.056265
v 14.627220 5.501808 8.979523
v 14.965828 5.501808 8.881523
v 14.627805 5.668290 8.981544
v 14.966413 5.668290 8.883545
v 15.304969 5.668290 8.785559
v 15.304383 5.501808 8.783537
v 14.562529 5.668290 8.945595
v 14.561944 5.501808 8.943573
v 14.627805 5.668290 8.981544
v 14.627220 5.501808 8.979523
v 15.340953 5.668290 8.720302
v 15.340368 5.501808 8.718280
v 15.243648 5.668290 8.384094
v 15.240602 5.501808 8.373569
v 15.144380 5.501808 8.041107
v 15.146341 5.668290 8.047886
v 14.966413 5.668290 8.883545
v 14.627805 5.668290 8.981544
v 14.617127 5.668290 9.004419
v 14.548848 5.668290 8.966825
v 14.971696 5.668290 8.901800
v 15.304969 5.668290 8.785559
v 15.326214 5.668290 8.799195
v 15.340953 5.668290 8.720302
v 15.363859 5.668290 8.730944
v 15.243648 5.668290 8.384094
v 15.261941 5.668290 8.378799
v 15.160023 5.668290 8.026655
v 15.146341 5.668290 8.047886
v 15.091726 5.668290 7.989002
v 15.081065 5.668290 8.011936
v 15.070065 5.668290 7.995271
v 15.060440 5.668290 8.017905
v 14.934097 5.668290 8.054472
v 14.937814 5.668290 8.033547
v 14.527069 5.668290 8.152426
v 14.541801 5.668290 8.168011
v 14.382640 5.668290 8.194226
v 14.403902 5.668290 8.207922
v 14.345012 5.668290 8.262537
v 14.367917 5.668290 8.273179
v 14.446930 5.668290 8.614681
v 14.465223 5.668290 8.609386
v 14.562529 5.668290 8.945595
v 14.617127 5.668290 9.004419
v 14.971696 5.668290 8.901800
v 14.617127 5.824969 9.004419
v 14.971696 5.824969 8.901800
v 15.326214 5.668290 8.799195
v 15.326214 5.824969 8.799195
v 14.548848 5.824969 8.966825
v 14.548848 5.668290 8.966825
v 14.446930 5.824969 8.614681
v 14.446930 5.668290 8.614681
v 14.345012 5.668290 8.262537
v 14.345012 5.824969 8.262537
v 14.617127 5.824969 9.004419
v 14.548848 5.824969 8.966825
v 14.617127 5.668290 9.004419
v 14.548848 5.668290 8.966825
v 15.363859 5.668290 8.730944
v 15.261941 5.668290 8.378799
v 15.363859 5.824969 8.730944
v 15.261941 5.824969 8.378799
v 15.160023 5.824969 8.026655
v 15.160023 5.668290 8.026655
v 15.363859 5.824969 8.730944
v 15.326214 5.824969 8.799195
v 15.363859 5.668290 8.730944
v 15.326214 5.668290 8.799195
v 14.367917 5.668290 8.273179
v 14.365955 5.501808 8.266400
v 14.465223 5.668290 8.609386
v 14.462177 5.501808 8.598862
v 14.561944 5.501808 8.943573
v 14.562529 5.668290 8.945595
v 15.146341 5.668290 8.047886
v 15.081065 5.668290 8.011936
v 15.144380 5.501808 8.041107
v 15.079103 5.501808 8.005157
v 14.382640 5.668290 8.194226
v 14.527069 5.668290 8.152426
v 14.382640 5.824969 8.194226
v 14.527069 5.824969 8.152426
v 14.937814 5.668290 8.033547
v 14.937814 5.824969 8.033547
v 15.070065 5.824969 7.995271
v 15.070065 5.668290 7.995271
v 15.091726 5.668290 7.989002
v 15.091726 5.824969 7.989002
v 14.345012 5.668290 8.262537
v 14.345012 5.824969 8.262537
v 14.382640 5.668290 8.194226
v 14.382640 5.824969 8.194226
v 15.091726 5.668290 7.989002
v 15.091726 5.824969 7.989002
v 15.160023 5.668290 8.026655
v 15.160023 5.824969 8.026655
v 15.304383 5.501808 8.783537
v 15.340368 5.501808 8.718280
v 15.304969 5.668290 8.785559
v 15.340953 5.668290 8.720302
v 15.079103 5.501808 8.005157
v 15.058478 5.501808 8.011127
v 15.081065 5.668290 8.011936
v 15.060440 5.668290 8.017905
v 14.932136 5.501808 8.047693
v 14.934097 5.668290 8.054472
v 14.539840 5.501808 8.161232
v 14.541801 5.668290 8.168011
v 14.401940 5.501808 8.201143
v 14.403902 5.668290 8.207922
v 14.401940 5.501808 8.201143
v 14.403902 5.668290 8.207922
v 14.365955 5.501808 8.266400
v 14.367917 5.668290 8.273179
v 15.041966 0.711626 7.666486
v 14.993201 -0.015618 7.680600
v 15.221531 0.711626 7.614516
v 15.221531 -0.015618 7.614516
v 15.224078 0.711626 7.623317
v 15.224078 1.257058 7.623317
v 15.044513 0.711626 7.675287
v 15.224078 -0.015618 7.623317
v 15.261183 -0.015618 7.612578
v 15.218398 -0.015618 7.603694
v 15.263639 -0.015618 7.590600
v 15.378981 -0.015618 7.677472
v 15.396280 -0.015618 7.663701
v 15.389427 -0.015618 7.713567
v 15.409067 -0.015618 7.707882
v 15.224078 5.701979 7.623317
v 15.218398 5.701979 7.603694
v 15.224078 5.299500 7.623317
v 15.218398 5.299500 7.603694
v 15.224078 4.911993 7.623317
v 15.218398 4.911993 7.603694
v 15.224078 4.516999 7.623317
v 15.218398 4.516999 7.603694
v 15.224078 1.257058 7.623317
v 15.224078 1.424788 7.623317
v 15.218398 1.424788 7.603694
v 15.218398 1.810156 7.603694
v 15.224078 1.810156 7.623317
v 15.218398 2.209605 7.603694
v 15.224078 2.209605 7.623317
v 15.218398 2.567879 7.603694
v 15.224078 2.567879 7.623317
v 15.218398 2.967685 7.603694
v 15.224078 2.967685 7.623317
v 15.218398 3.166251 7.603694
v 15.224078 3.166251 7.623317
v 15.218398 3.523991 7.603694
v 15.224078 3.523991 7.623317
v 15.218398 4.123254 7.603694
v 15.224078 4.123254 7.623317
v 15.218398 4.516999 7.603694
v 15.224078 4.516999 7.623317
v 15.218398 1.257058 7.603694
v 15.224078 0.711626 7.623317
v 15.218398 0.711626 7.603694
v 15.224078 -0.015618 7.623317
v 15.218398 -0.015618 7.603694
v 15.389427 -0.015618 7.713567
v 15.409067 -0.015618 7.707882
v 15.389427 0.711626 7.713567
v 15.409067 0.711626 7.707882
v 15.389427 1.257058 7.713567
v 15.409067 1.257058 7.707882
v 15.389427 1.424788 7.713567
v 15.409067 1.424788 7.707882
v 15.389427 1.810156 7.713567
v 15.409067 1.810156 7.707882
v 15.389427 2.209605 7.713567
v 15.409067 2.209605 7.707882
v 15.389427 2.567879 7.713567
v 15.409067 2.567879 7.707882
v 15.389427 2.967685 7.713567
v 15.409067 2.967685 7.707882
v 15.389427 3.166251 7.713567
v 15.409067 3.166251 7.707882
v 15.389427 3.523991 7.713567
v 15.409067 3.523991 7.707882
v 15.389427 4.123254 7.713567
v 15.409067 4.123254 7.707882
v 15.389427 4.516999 7.713567
v 15.409067 4.516999 7.707882
v 15.389427 4.516999 7.713567
v 15.409067 4.516999 7.707882
v 15.389427 4.911993 7.713567
v 15.409067 4.911993 7.707882
v 15.389427 5.299500 7.713567
v 15.409067 5.299500 7.707882
v 15.387964 5.701979 7.708512
v 15.407604 5.701979 7.702828
v 15.387964 5.701979 7.708512
v 15.407604 5.701979 7.702828
v 15.378981 5.701979 7.677472
v 15.396280 5.701979 7.663701
v 15.261183 5.701979 7.612578
v 15.263639 5.701979 7.590600
v 15.224078 5.701979 7.623317
v 15.218398 5.701979 7.603694
v 14.077610 -0.015618 7.955130
v 14.071931 -0.015618 7.935506
v 14.077610 0.711626 7.955130
v 14.071931 0.711626 7.935506
v 14.077610 1.257058 7.955130
v 14.071931 1.257058 7.935506
v 14.077610 1.424788 7.955130
v 14.071931 1.424788 7.935506
v 14.077610 1.810156 7.955130
v 14.071931 1.810156 7.935506
v 14.077610 2.209605 7.955130
v 14.071931 2.209605 7.935506
v 14.077610 2.567879 7.955130
v 14.071931 2.567879 7.935506
v 14.077610 2.967685 7.955130
v 14.071931 2.967685 7.935506
v 14.077610 3.166251 7.955130
v 14.071931 3.166251 7.935506
v 14.077610 3.525595 7.955130
v 14.071931 3.525595 7.935506
v 14.077610 4.123254 7.955130
v 14.071931 4.123254 7.935506
v 14.077610 4.518247 7.955130
v 14.071931 4.518247 7.935506
v 14.077610 4.911993 7.955130
v 14.071931 4.911993 7.935506
v 14.077610 5.299500 7.955130
v 14.071931 5.299500 7.935506
v 14.077610 5.701979 7.955130
v 14.071931 5.701979 7.935506
v 14.071931 -0.015618 7.935506
v 14.077610 -0.015618 7.955130
v 14.024513 -0.015618 7.949230
v 14.038329 -0.015618 7.966498
v 13.951420 -0.015618 8.081875
v 13.973401 -0.015618 8.084277
v 13.964190 -0.015618 8.125997
v 13.983829 -0.015618 8.120312
v 13.964190 -0.015618 8.125997
v 13.983829 -0.015618 8.120312
v 13.964190 0.711626 8.125997
v 13.983829 0.711626 8.120312
v 13.964190 1.257058 8.125997
v 13.983829 1.257058 8.120312
v 13.964190 1.424788 8.125997
v 13.983829 1.424788 8.120312
v 13.964190 1.810156 8.125997
v 13.983829 1.810156 8.120312
v 13.964190 2.209605 8.125997
v 13.983829 2.209605 8.120312
v 13.964190 2.567879 8.125997
v 13.983829 2.567879 8.120312
v 13.964190 2.967685 8.125997
v 13.983829 2.967685 8.120312
v 13.964190 3.166251 8.125997
v 13.983829 3.166251 8.120312
v 13.964190 3.523991 8.125997
v 13.983829 3.523991 8.120312
v 13.964190 4.123254 8.125997
v 13.983829 4.123254 8.120312
v 13.964190 4.516999 8.125997
v 13.983829 4.516999 8.120312
v 13.964190 4.911993 8.125997
v 13.983829 4.911993 8.120312
v 13.964190 5.299500 8.125997
v 13.983829 5.299500 8.120312
v 13.964000 5.701979 8.125342
v 13.983641 5.701979 8.119658
v 14.077610 5.701979 7.955130
v 14.071931 5.701979 7.935506
v 14.038329 5.701979 7.966498
v 14.024513 5.701979 7.949230
v 13.973401 5.701979 8.084277
v 13.951420 5.701979 8.081875
v 13.983641 5.701979 8.119658
v 13.964000 5.701979 8.125342
v 14.717795 4.131275 9.502249
v 15.112423 4.131275 9.388035
v 15.112423 4.516999 9.388035
v 15.506999 4.131275 9.273836
v 15.506999 4.516999 9.273836
v 15.723824 4.516999 9.211082
v 15.723824 4.691680 9.211082
v 15.506999 4.691680 9.273836
v 15.723824 4.131275 9.211082
v 15.723824 3.523991 9.211082
v 15.506999 3.523991 9.273836
v 15.506999 3.166251 9.273836
v 15.723824 3.166251 9.211082
v 14.500970 4.691680 9.565002
v 14.717795 4.691680 9.502249
v 14.717795 4.516999 9.502249
v 15.112423 4.691680 9.388035
v 15.112423 4.911993 9.388035
v 15.506999 4.911993 9.273836
v 14.500970 4.516999 9.565002
v 14.500970 4.131275 9.565002
v 14.717795 3.523991 9.502249
v 14.500970 3.523991 9.565002
v 14.717795 3.166251 9.502249
v 14.500970 3.166251 9.565002
v 14.717795 4.911993 9.502249
v 15.112423 5.299500 9.388035
v 15.506999 5.299500 9.273836
v 15.723824 4.911993 9.211082
v 15.723824 5.299500 9.211082
v 15.506999 5.501274 9.273836
v 15.723824 5.501274 9.211082
v 15.112423 5.501274 9.388035
v 14.717795 5.299500 9.502249
v 14.500970 5.299500 9.565002
v 14.500970 4.911993 9.565002
v 14.717795 5.501274 9.502249
v 14.500970 5.501274 9.565002
v 14.573125 3.166251 9.891541
v 14.573125 2.963407 9.891541
v 14.810575 3.166251 9.822817
v 14.810575 2.963407 9.822817
v 15.599778 2.963407 9.594405
v 15.599778 3.166251 9.594405
v 15.837229 3.166251 9.525681
v 15.837229 2.963407 9.525681
v 14.725970 4.691680 9.530494
v 14.725970 4.911993 9.530494
v 14.488520 4.691680 9.599216
v 14.488520 4.911993 9.599216
v 15.515174 4.911993 9.302081
v 15.515174 4.691680 9.302081
v 15.752625 4.911993 9.233358
v 15.752625 4.691680 9.233358
v 15.651168 0.761356 8.937340
v 15.292544 0.761356 7.698235
v 15.653241 0.909300 8.936740
v 15.294618 0.909300 7.697635
v 14.411990 0.761356 9.295985
v 15.651168 0.761356 8.937340
v 14.414115 0.909300 9.295370
v 15.653241 0.909300 8.936740
v 14.717795 1.599291 9.502249
v 14.626719 1.599291 9.187567
v 15.506999 1.599291 9.273836
v 15.415923 1.599291 8.959154
v 15.506999 2.230816 9.273836
v 15.417162 2.230816 8.963435
v 14.717795 2.230816 9.502249
v 14.627958 2.230816 9.191848
v 15.417162 2.230816 8.963435
v 15.506999 2.230816 9.273836
v 15.417162 2.963407 8.963435
v 15.506999 2.963407 9.273836
v 15.506999 3.166251 9.273836
v 15.417162 3.166251 8.963435
v 15.417162 3.523991 8.963435
v 15.506999 3.523991 9.273836
v 15.417162 4.131275 8.963435
v 15.506999 4.131275 9.273836
v 14.627958 2.230816 9.191848
v 14.627958 2.963407 9.191848
v 14.717795 2.230816 9.502249
v 14.717795 2.963407 9.502249
v 14.717795 3.166251 9.502249
v 14.627958 3.166251 9.191848
v 14.717795 3.523991 9.502249
v 14.627958 3.523991 9.191848
v 14.717795 4.131275 9.502249
v 14.627958 4.131275 9.191848
v 15.417162 4.131275 8.963435
v 15.506999 4.131275 9.273836
v 15.022587 4.131275 9.077634
v 15.112423 4.131275 9.388035
v 14.627958 4.131275 9.191848
v 14.717795 4.131275 9.502249
v 14.247297 2.967685 9.136590
v 14.267590 2.967685 9.100750
v 14.284162 2.967685 9.263961
v 14.312456 2.967685 9.255772
v 14.300322 2.967685 9.319798
v 14.327343 2.967685 9.307208
v 14.488520 2.963407 9.599216
v 14.500970 2.963407 9.565002
v 14.725970 2.963407 9.530494
v 14.717795 2.963407 9.502249
v 14.573125 2.963407 9.891541
v 14.810575 2.963407 9.822817
v 14.792307 2.945404 9.576319
v 15.483566 2.945404 9.376254
v 14.842182 2.945404 9.748645
v 15.533442 2.945404 9.548579
v 15.599778 2.963407 9.594405
v 15.515174 2.963407 9.302081
v 15.837229 2.963407 9.525681
v 15.752625 2.963407 9.233358
v 15.506999 2.963407 9.273836
v 14.633810 2.963407 9.212066
v 15.423014 2.963407 8.983653
v 15.723824 2.963407 9.211082
v 15.762491 2.967685 8.896614
v 15.732923 2.967685 8.900403
v 15.746331 2.967685 8.840777
v 15.718036 2.967685 8.848967
v 15.709828 2.967685 8.714655
v 15.673531 2.967685 8.695194
v 14.267590 2.967685 9.100750
v 14.247297 2.967685 9.136590
v 14.267590 3.166251 9.100750
v 14.247297 3.166251 9.136590
v 15.673531 3.166251 8.695194
v 15.709828 3.166251 8.714655
v 15.673531 2.967685 8.695194
v 15.709828 2.967685 8.714655
v 14.500970 3.166251 9.565002
v 14.500970 3.633434 9.565002
v 14.717795 3.166251 9.502249
v 14.717795 3.633434 9.502249
v 15.506999 3.166251 9.273836
v 15.506999 3.633434 9.273836
v 15.723824 3.166251 9.211082
v 15.723824 3.633434 9.211082
v 14.596524 3.705445 9.543921
v 14.596524 3.714179 9.543921
v 14.717795 3.714179 9.502249
v 15.506999 3.714179 9.273836
v 15.631781 3.705445 9.244295
v 15.631781 3.714179 9.244295
v 14.630766 3.624700 9.859585
v 14.806496 3.624700 9.808724
v 14.668204 3.705445 9.791587
v 14.791231 3.705445 9.755980
v 15.595699 3.624700 9.580312
v 14.806496 3.538785 9.808724
v 15.595699 3.538785 9.580312
v 15.771429 3.538785 9.529452
v 15.771429 3.624700 9.529452
v 15.580435 3.705445 9.527568
v 15.703461 3.705445 9.491961
v 15.703461 3.714179 9.491961
v 15.580435 3.714179 9.527568
v 14.791231 3.714179 9.755980
v 14.668204 3.714179 9.791587
v 14.630766 3.538785 9.859585
v 14.630766 3.538785 9.859585
v 14.552839 3.538785 9.590333
v 14.630766 3.624700 9.859585
v 14.552839 3.624700 9.590333
v 14.604768 3.705445 9.572403
v 14.596524 3.705445 9.543921
v 14.604768 3.714179 9.572403
v 14.596524 3.714179 9.543921
v 14.544579 3.624700 9.561790
v 14.544579 3.538785 9.561790
v 14.668204 3.705445 9.791587
v 14.668204 3.714179 9.791587
v 15.703461 3.714179 9.491961
v 15.640024 3.714179 9.272778
v 15.703461 3.705445 9.491961
v 15.640024 3.705445 9.272778
v 15.693502 3.624700 9.260201
v 15.685242 3.624700 9.231658
v 15.693502 3.538785 9.260201
v 15.685242 3.538785 9.231658
v 15.631781 3.705445 9.244295
v 15.631781 3.714179 9.244295
v 15.771429 3.624700 9.529452
v 15.771429 3.538785 9.529452
v 15.679799 4.602914 9.199077
v 15.640024 4.602914 9.272778
v 15.690005 4.602914 9.234145
v 15.703461 4.602914 9.491961
v 15.779205 4.602914 9.542540
v 15.580435 4.602914 9.527568
v 15.624152 4.602914 9.587415
v 14.791231 4.602914 9.755980
v 14.786236 4.602914 9.829926
v 14.668204 4.602914 9.791587
v 14.631183 4.602914 9.874802
v 14.604768 4.602914 9.572403
v 14.541880 4.602914 9.566438
v 14.596524 4.602914 9.543921
v 14.531777 4.602914 9.531340
v 15.631781 4.602914 9.244295
v 15.719572 5.047459 9.336497
v 15.782010 4.737133 9.552232
v 15.564519 5.047459 9.381373
v 15.626958 4.737133 9.597108
v 14.726603 5.047459 9.623884
v 14.789041 4.737133 9.839619
v 14.571550 5.047459 9.668760
v 14.633988 4.737133 9.884494
v 15.779205 4.602914 9.542540
v 15.624152 4.602914 9.587415
v 15.782010 4.737133 9.552232
v 15.626958 4.737133 9.597108
v 14.786236 4.602914 9.829926
v 14.789041 4.737133 9.839619
v 14.631183 4.602914 9.874802
v 14.633988 4.737133 9.884494
v 15.719572 5.047459 9.336497
v 15.681641 5.057263 9.205440
v 15.564519 5.047459 9.381373
v 15.526588 5.057263 9.250315
v 14.726603 5.047459 9.623884
v 14.688671 5.057263 9.492826
v 14.571550 5.047459 9.668760
v 14.533619 5.057263 9.537702
v 14.660713 4.468160 9.805290
v 14.794312 4.468160 9.766624
v 14.660713 4.521990 9.805290
v 14.794312 4.521990 9.766624
v 15.583515 4.468160 9.538212
v 15.583515 4.521990 9.538212
v 15.717113 4.468160 9.499545
v 15.717113 4.521990 9.499545
v 14.660713 4.521990 9.805290
v 14.660713 4.468160 9.805290
v 14.594145 4.521990 9.575478
v 14.594145 4.468160 9.575478
v 14.583027 4.521990 9.536871
v 14.583027 4.468160 9.536871
v 14.583027 4.521990 9.536871
v 14.583027 4.468160 9.536871
v 14.714456 4.521990 9.491679
v 14.714456 4.468160 9.491679
v 15.504177 4.521990 9.263117
v 15.504177 4.468160 9.263117
v 15.639427 4.521990 9.231126
v 15.639427 4.468160 9.231126
v 15.639427 4.521990 9.231126
v 15.639427 4.468160 9.231126
v 15.650648 4.521990 9.269703
v 15.650648 4.468160 9.269703
v 15.717113 4.521990 9.499545
v 15.717113 4.468160 9.499545
v 14.660713 4.360499 9.805290
v 14.660713 4.414330 9.805290
v 14.794312 4.360499 9.766624
v 14.794312 4.414330 9.766624
v 15.583515 4.360499 9.538212
v 15.583515 4.414330 9.538212
v 15.717113 4.360499 9.499545
v 15.717113 4.414330 9.499545
v 14.660713 4.414330 9.805290
v 14.660713 4.360499 9.805290
v 14.594145 4.414330 9.575478
v 14.594145 4.360499 9.575478
v 14.583027 4.414330 9.536871
v 14.583027 4.360499 9.536871
v 14.583027 4.414330 9.536871
v 14.583027 4.360499 9.536871
v 14.714456 4.414330 9.491679
v 14.714456 4.360499 9.491679
v 15.504177 4.414330 9.263117
v 15.504177 4.360499 9.263117
v 15.639427 4.414330 9.231126
v 15.639427 4.360499 9.231126
v 15.639427 4.414330 9.231126
v 15.639427 4.360499 9.231126
v 15.650648 4.414330 9.269703
v 15.650648 4.360499 9.269703
v 15.717113 4.414330 9.499545
v 15.717113 4.360499 9.499545
v 14.660713 4.252839 9.805290
v 14.660713 4.306669 9.805290
v 14.794312 4.252839 9.766624
v 14.794312 4.306669 9.766624
v 15.583515 4.252839 9.538212
v 15.583515 4.306669 9.538212
v 15.717113 4.252839 9.499545
v 15.717113 4.306669 9.499545
v 14.660713 4.306669 9.805290
v 14.660713 4.252839 9.805290
v 14.594145 4.306669 9.575478
v 14.594145 4.252839 9.575478
v 14.583027 4.306669 9.536871
v 14.583027 4.252839 9.536871
v 14.583027 4.306669 9.536871
v 14.583027 4.252839 9.536871
v 14.714456 4.306669 9.491679
v 14.714456 4.252839 9.491679
v 15.504177 4.306669 9.263117
v 15.504177 4.252839 9.263117
v 15.639427 4.306669 9.231126
v 15.639427 4.252839 9.231126
v 15.639427 4.306669 9.231126
v 15.639427 4.252839 9.231126
v 15.650648 4.306669 9.269703
v 15.650648 4.252839 9.269703
v 15.717113 4.306669 9.499545
v 15.717113 4.252839 9.499545
v 14.660713 4.145000 9.805290
v 14.660713 4.198830 9.805290
v 14.794312 4.145000 9.766624
v 14.794312 4.198830 9.766624
v 15.583515 4.145000 9.538212
v 15.583515 4.198830 9.538212
v 15.717113 4.145000 9.499545
v 15.717113 4.198830 9.499545
v 14.660713 4.198830 9.805290
v 14.660713 4.145000 9.805290
v 14.594145 4.198830 9.575478
v 14.594145 4.145000 9.575478
v 14.583027 4.198830 9.536871
v 14.583027 4.145000 9.536871
v 14.583027 4.198830 9.536871
v 14.583027 4.145000 9.536871
v 14.714456 4.198830 9.491679
v 14.714456 4.145000 9.491679
v 15.504177 4.198830 9.263117
v 15.504177 4.145000 9.263117
v 15.639427 4.198830 9.231126
v 15.639427 4.145000 9.231126
v 15.639427 4.198830 9.231126
v 15.639427 4.145000 9.231126
v 15.650648 4.198830 9.269703
v 15.650648 4.145000 9.269703
v 15.717113 4.198830 9.499545
v 15.717113 4.145000 9.499545
v 14.660713 4.037339 9.805290
v 14.660713 4.091170 9.805290
v 14.794312 4.037339 9.766624
v 14.794312 4.091170 9.766624
v 15.583515 4.037339 9.538212
v 15.583515 4.091170 9.538212
v 15.717113 4.037339 9.499545
v 15.717113 4.091170 9.499545
v 14.660713 4.091170 9.805290
v 14.660713 4.037339 9.805290
v 14.594145 4.091170 9.575478
v 14.594145 4.037339 9.575478
v 14.583027 4.091170 9.536871
v 14.583027 4.037339 9.536871
v 14.583027 4.091170 9.536871
v 14.583027 4.037339 9.536871
v 14.714456 4.091170 9.491679
v 14.714456 4.037339 9.491679
v 15.504177 4.091170 9.263117
v 15.504177 4.037339 9.263117
v 15.639427 4.091170 9.231126
v 15.639427 4.037339 9.231126
v 15.639427 4.091170 9.231126
v 15.639427 4.037339 9.231126
v 15.650648 4.091170 9.269703
v 15.650648 4.037339 9.269703
v 15.717113 4.091170 9.499545
v 15.717113 4.037339 9.499545
v 14.660713 3.929679 9.805290
v 14.660713 3.983509 9.805290
v 14.794312 3.929679 9.766624
v 14.794312 3.983509 9.766624
v 15.583515 3.929679 9.538212
v 15.583515 3.983509 9.538212
v 15.717113 3.929679 9.499545
v 15.717113 3.983509 9.499545
v 14.660713 3.983509 9.805290
v 14.660713 3.929679 9.805290
v 14.594145 3.983509 9.575478
v 14.594145 3.929679 9.575478
v 14.583027 3.983509 9.536871
v 14.583027 3.929679 9.536871
v 14.583027 3.983509 9.536871
v 14.583027 3.929679 9.536871
v 14.714456 3.983509 9.491679
v 14.714456 3.929679 9.491679
v 15.504177 3.983509 9.263117
v 15.504177 3.929679 9.263117
v 15.639427 3.983509 9.231126
v 15.639427 3.929679 9.231126
v 15.639427 3.983509 9.231126
v 15.639427 3.929679 9.231126
v 15.650648 3.983509 9.269703
v 15.650648 3.929679 9.269703
v 15.717113 3.983509 9.499545
v 15.717113 3.929679 9.499545
v 14.660713 3.821840 9.805290
v 14.660713 3.875670 9.805290
v 14.794312 3.821840 9.766624
v 14.794312 3.875670 9.766624
v 15.583515 3.821840 9.538212
v 15.583515 3.875670 9.538212
v 15.717113 3.821840 9.499545
v 15.717113 3.875670 9.499545
v 14.660713 3.875670 9.805290
v 14.660713 3.821840 9.805290
v 14.594145 3.875670 9.575478
v 14.594145 3.821840 9.575478
v 14.583027 3.875670 9.536871
v 14.583027 3.821840 9.536871
v 14.583027 3.875670 9.536871
v 14.583027 3.821840 9.536871
v 14.714456 3.875670 9.491679
v 14.714456 3.821840 9.491679
v 15.504177 3.875670 9.263117
v 15.504177 3.821840 9.263117
v 15.639427 3.875670 9.231126
v 15.639427 3.821840 9.231126
v 15.639427 3.875670 9.231126
v 15.639427 3.821840 9.231126
v 15.650648 3.875670 9.269703
v 15.650648 3.821840 9.269703
v 15.717113 3.875670 9.499545
v 15.717113 3.821840 9.499545
v 14.660713 3.714179 9.805290
v 14.660713 3.768010 9.805290
v 14.794312 3.714179 9.766624
v 14.794312 3.768010 9.766624
v 15.583515 3.714179 9.538212
v 15.583515 3.768010 9.538212
v 15.717113 3.714179 9.499545
v 15.717113 3.768010 9.499545
v 14.660713 3.768010 9.805290
v 14.660713 3.714179 9.805290
v 14.594145 3.768010 9.575478
v 14.594145 3.714179 9.575478
v 14.583027 3.768010 9.536871
v 14.583027 3.714179 9.536871
v 14.583027 3.768010 9.536871
v 14.583027 3.714179 9.536871
v 14.714456 3.768010 9.491679
v 14.714456 3.714179 9.491679
v 15.504177 3.768010 9.263117
v 15.504177 3.714179 9.263117
v 15.639427 3.768010 9.231126
v 15.639427 3.714179 9.231126
v 15.639427 3.768010 9.231126
v 15.639427 3.714179 9.231126
v 15.650648 3.768010 9.269703
v 15.650648 3.714179 9.269703
v 15.717113 3.768010 9.499545
v 15.717113 3.714179 9.499545
v 14.668204 4.521990 9.791587
v 14.604768 4.521990 9.572403
v 14.668204 4.602914 9.791587
v 14.604768 4.602914 9.572403
v 14.596524 4.521990 9.543921
v 14.596524 4.602914 9.543921
v 14.596524 4.521990 9.543921
v 14.596524 4.602914 9.543921
v 14.717795 4.521990 9.502249
v 14.717795 4.602914 9.502249
v 15.506999 4.521990 9.273836
v 15.506999 4.602914 9.273836
v 15.631781 4.521990 9.244295
v 15.631781 4.602914 9.244295
v 15.631781 4.521990 9.244295
v 15.631781 4.602914 9.244295
v 15.640024 4.521990 9.272778
v 15.640024 4.602914 9.272778
v 15.703461 4.521990 9.491961
v 15.703461 4.602914 9.491961
v 15.703461 4.521990 9.491961
v 15.703461 4.602914 9.491961
v 15.580435 4.521990 9.527568
v 15.580435 4.602914 9.527568
v 14.791231 4.521990 9.755980
v 14.791231 4.602914 9.755980
v 14.668204 4.521990 9.791587
v 14.668204 4.602914 9.791587
v 14.668204 4.414330 9.791587
v 14.668204 4.468160 9.791587
v 14.604768 4.414330 9.572403
v 14.604768 4.468160 9.572403
v 14.596524 4.414330 9.543921
v 14.596524 4.468160 9.543921
v 14.596524 4.414330 9.543921
v 14.596524 4.468160 9.543921
v 14.717795 4.414330 9.502249
v 14.717795 4.468160 9.502249
v 15.506999 4.414330 9.273836
v 15.506999 4.468160 9.273836
v 15.631781 4.414330 9.244295
v 15.631781 4.468160 9.244295
v 15.631781 4.414330 9.244295
v 15.631781 4.468160 9.244295
v 15.640024 4.414330 9.272778
v 15.640024 4.468160 9.272778
v 15.703461 4.414330 9.491961
v 15.703461 4.468160 9.491961
v 15.703461 4.414330 9.491961
v 15.703461 4.468160 9.491961
v 15.580435 4.414330 9.527568
v 15.580435 4.468160 9.527568
v 14.791231 4.414330 9.755980
v 14.791231 4.468160 9.755980
v 14.668204 4.414330 9.791587
v 14.668204 4.468160 9.791587
v 14.668204 4.306669 9.791587
v 14.668204 4.360499 9.791587
v 14.604768 4.306669 9.572403
v 14.604768 4.360499 9.572403
v 14.596524 4.306669 9.543921
v 14.596524 4.360499 9.543921
v 14.596524 4.306669 9.543921
v 14.596524 4.360499 9.543921
v 14.717795 4.306669 9.502249
v 14.717795 4.360499 9.502249
v 15.506999 4.306669 9.273836
v 15.506999 4.360499 9.273836
v 15.631781 4.306669 9.244295
v 15.631781 4.360499 9.244295
v 15.631781 4.306669 9.244295
v 15.631781 4.360499 9.244295
v 15.640024 4.306669 9.272778
v 15.640024 4.360499 9.272778
v 15.703461 4.306669 9.491961
v 15.703461 4.360499 9.491961
v 15.703461 4.306669 9.491961
v 15.703461 4.360499 9.491961
v 15.580435 4.306669 9.527568
v 15.580435 4.360499 9.527568
v 14.791231 4.306669 9.755980
v 14.791231 4.360499 9.755980
v 14.668204 4.306669 9.791587
v 14.668204 4.360499 9.791587
v 14.668204 4.198830 9.791587
v 14.668204 4.252839 9.791587
v 14.604768 4.198830 9.572403
v 14.604768 4.252839 9.572403
v 14.596524 4.198830 9.543921
v 14.596524 4.252839 9.543921
v 14.596524 4.198830 9.543921
v 14.596524 4.252839 9.543921
v 14.717795 4.198830 9.502249
v 14.717795 4.252839 9.502249
v 15.506999 4.198830 9.273836
v 15.506999 4.252839 9.273836
v 15.631781 4.198830 9.244295
v 15.631781 4.252839 9.244295
v 15.631781 4.198830 9.244295
v 15.631781 4.252839 9.244295
v 15.640024 4.198830 9.272778
v 15.640024 4.252839 9.272778
v 15.703461 4.198830 9.491961
v 15.703461 4.252839 9.491961
v 15.703461 4.198830 9.491961
v 15.703461 4.252839 9.491961
v 15.580435 4.198830 9.527568
v 15.580435 4.252839 9.527568
v 14.791231 4.198830 9.755980
v 14.791231 4.252839 9.755980
v 14.668204 4.198830 9.791587
v 14.668204 4.252839 9.791587
v 14.668204 4.091170 9.791587
v 14.668204 4.145000 9.791587
v 14.604768 4.091170 9.572403
v 14.604768 4.145000 9.572403
v 14.596524 4.091170 9.543921
v 14.596524 4.145000 9.543921
v 14.596524 4.091170 9.543921
v 14.596524 4.145000 9.543921
v 14.717795 4.091170 9.502249
v 14.717795 4.145000 9.502249
v 15.506999 4.091170 9.273836
v 15.506999 4.145000 9.273836
v 15.631781 4.091170 9.244295
v 15.631781 4.145000 9.244295
v 15.631781 4.091170 9.244295
v 15.631781 4.145000 9.244295
v 15.640024 4.091170 9.272778
v 15.640024 4.145000 9.272778
v 15.703461 4.091170 9.491961
v 15.703461 4.145000 9.491961
v 15.703461 4.091170 9.491961
v 15.703461 4.145000 9.491961
v 15.580435 4.091170 9.527568
v 15.580435 4.145000 9.527568
v 14.791231 4.091170 9.755980
v 14.791231 4.145000 9.755980
v 14.668204 4.091170 9.791587
v 14.668204 4.145000 9.791587
v 14.668204 3.983509 9.791587
v 14.668204 4.037339 9.791587
v 14.604768 3.983509 9.572403
v 14.604768 4.037339 9.572403
v 14.596524 3.983509 9.543921
v 14.596524 4.037339 9.543921
v 14.596524 3.983509 9.543921
v 14.596524 4.037339 9.543921
v 14.717795 3.983509 9.502249
v 14.717795 4.037339 9.502249
v 15.506999 3.983509 9.273836
v 15.506999 4.037339 9.273836
v 15.631781 3.983509 9.244295
v 15.631781 4.037339 9.244295
v 15.631781 3.983509 9.244295
v 15.631781 4.037339 9.244295
v 15.640024 3.983509 9.272778
v 15.640024 4.037339 9.272778
v 15.703461 3.983509 9.491961
v 15.703461 4.037339 9.491961
v 15.703461 3.983509 9.491961
v 15.703461 4.037339 9.491961
v 15.580435 3.983509 9.527568
v 15.580435 4.037339 9.527568
v 14.791231 3.983509 9.755980
v 14.791231 4.037339 9.755980
v 14.668204 3.983509 9.791587
v 14.668204 4.037339 9.791587
v 14.668204 3.875670 9.791587
v 14.668204 3.929679 9.791587
v 14.604768 3.875670 9.572403
v 14.604768 3.929679 9.572403
v 14.596524 3.875670 9.543921
v 14.596524 3.929679 9.543921
v 14.596524 3.875670 9.543921
v 14.596524 3.929679 9.543921
v 14.717795 3.875670 9.502249
v 14.717795 3.929679 9.502249
v 15.506999 3.875670 9.273836
v 15.506999 3.929679 9.273836
v 15.631781 3.875670 9.244295
v 15.631781 3.929679 9.244295
v 15.631781 3.875670 9.244295
v 15.631781 3.929679 9.244295
v 15.640024 3.875670 9.272778
v 15.640024 3.929679 9.272778
v 15.703461 3.875670 9.491961
v 15.703461 3.929679 9.491961
v 15.703461 3.875670 9.491961
v 15.703461 3.929679 9.491961
v 15.580435 3.875670 9.527568
v 15.580435 3.929679 9.527568
v 14.791231 3.875670 9.755980
v 14.791231 3.929679 9.755980
v 14.668204 3.875670 9.791587
v 14.668204 3.929679 9.791587
v 14.668204 3.768010 9.791587
v 14.668204 3.821840 9.791587
v 14.604768 3.768010 9.572403
v 14.604768 3.821840 9.572403
v 14.596524 3.768010 9.543921
v 14.596524 3.821840 9.543921
v 14.596524 3.768010 9.543921
v 14.596524 3.821840 9.543921
v 14.717795 3.768010 9.502249
v 14.717795 3.821840 9.502249
v 15.506999 3.768010 9.273836
v 15.506999 3.821840 9.273836
v 15.631781 3.768010 9.244295
v 15.631781 3.821840 9.244295
v 15.631781 3.768010 9.244295
v 15.631781 3.821840 9.244295
v 15.640024 3.768010 9.272778
v 15.640024 3.821840 9.272778
v 15.703461 3.768010 9.491961
v 15.703461 3.821840 9.491961
v 15.703461 3.768010 9.491961
v 15.703461 3.821840 9.491961
v 15.580435 3.768010 9.527568
v 15.580435 3.821840 9.527568
v 14.791231 3.768010 9.755980
v 14.791231 3.821840 9.755980
v 14.668204 3.768010 9.791587
v 14.668204 3.821840 9.791587
v 14.668204 4.468160 9.791587
v 14.791231 4.468160 9.755980
v 14.794312 4.468160 9.766624
v 15.583515 4.468160 9.538212
v 15.580435 4.468160 9.527568
v 15.717113 4.468160 9.499545
v 15.703461 4.468160 9.491961
v 15.650648 4.468160 9.269703
v 15.640024 4.468160 9.272778
v 15.639427 4.468160 9.231126
v 15.631781 4.468160 9.244295
v 15.504177 4.468160 9.263117
v 15.506999 4.468160 9.273836
v 14.714456 4.468160 9.491679
v 14.717795 4.468160 9.502249
v 14.583027 4.468160 9.536871
v 14.596524 4.468160 9.543921
v 14.594145 4.468160 9.575478
v 14.604768 4.468160 9.572403
v 14.660713 4.468160 9.805290
v 14.791231 4.521990 9.755980
v 14.660713 4.521990 9.805290
v 14.668204 4.521990 9.791587
v 14.594145 4.521990 9.575478
v 14.604768 4.521990 9.572403
v 14.583027 4.521990 9.536871
v 14.596524 4.521990 9.543921
v 14.714456 4.521990 9.491679
v 14.717795 4.521990 9.502249
v 15.504177 4.521990 9.263117
v 15.506999 4.521990 9.273836
v 15.639427 4.521990 9.231126
v 15.631781 4.521990 9.244295
v 15.650648 4.521990 9.269703
v 15.640024 4.521990 9.272778
v 15.717113 4.521990 9.499545
v 15.703461 4.521990 9.491961
v 15.583515 4.521990 9.538212
v 15.580435 4.521990 9.527568
v 14.794312 4.521990 9.766624
v 14.668204 4.360499 9.791587
v 14.794312 4.360499 9.766624
v 14.791231 4.360499 9.755980
v 15.583515 4.360499 9.538212
v 15.580435 4.360499 9.527568
v 15.717113 4.360499 9.499545
v 15.703461 4.360499 9.491961
v 15.650648 4.360499 9.269703
v 15.640024 4.360499 9.272778
v 15.639427 4.360499 9.231126
v 15.631781 4.360499 9.244295
v 15.504177 4.360499 9.263117
v 15.506999 4.360499 9.273836
v 14.714456 4.360499 9.491679
v 14.717795 4.360499 9.502249
v 14.583027 4.360499 9.536871
v 14.596524 4.360499 9.543921
v 14.594145 4.360499 9.575478
v 14.604768 4.360499 9.572403
v 14.660713 4.360499 9.805290
v 14.791231 4.414330 9.755980
v 14.660713 4.414330 9.805290
v 14.668204 4.414330 9.791587
v 14.594145 4.414330 9.575478
v 14.604768 4.414330 9.572403
v 14.583027 4.414330 9.536871
v 14.596524 4.414330 9.543921
v 14.714456 4.414330 9.491679
v 14.717795 4.414330 9.502249
v 15.504177 4.414330 9.263117
v 15.506999 4.414330 9.273836
v 15.639427 4.414330 9.231126
v 15.631781 4.414330 9.244295
v 15.650648 4.414330 9.269703
v 15.640024 4.414330 9.272778
v 15.717113 4.414330 9.499545
v 15.703461 4.414330 9.491961
v 15.583515 4.414330 9.538212
v 15.580435 4.414330 9.527568
v 14.794312 4.414330 9.766624
v 14.668204 4.252839 9.791587
v 14.794312 4.252839 9.766624
v 14.791231 4.252839 9.755980
v 15.583515 4.252839 9.538212
v 15.580435 4.252839 9.527568
v 15.717113 4.252839 9.499545
v 15.703461 4.252839 9.491961
v 15.650648 4.252839 9.269703
v 15.640024 4.252839 9.272778
v 15.639427 4.252839 9.231126
v 15.631781 4.252839 9.244295
v 15.504177 4.252839 9.263117
v 15.506999 4.252839 9.273836
v 14.714456 4.252839 9.491679
v 14.717795 4.252839 9.502249
v 14.583027 4.252839 9.536871
v 14.596524 4.252839 9.543921
v 14.594145 4.252839 9.575478
v 14.604768 4.252839 9.572403
v 14.660713 4.252839 9.805290
v 14.791231 4.306669 9.755980
v 14.660713 4.306669 9.805290
v 14.668204 4.306669 9.791587
v 14.594145 4.306669 9.575478
v 14.604768 4.306669 9.572403
v 14.583027 4.306669 9.536871
v 14.596524 4.306669 9.543921
v 14.714456 4.306669 9.491679
v 14.717795 4.306669 9.502249
v 15.504177 4.306669 9.263117
v 15.506999 4.306669 9.273836
v 15.639427 4.306669 9.231126
v 15.631781 4.306669 9.244295
v 15.650648 4.306669 9.269703
v 15.640024 4.306669 9.272778
v 15.717113 4.306669 9.499545
v 15.703461 4.306669 9.491961
v 15.583515 4.306669 9.538212
v 15.580435 4.306669 9.527568
v 14.794312 4.306669 9.766624
v 14.668204 4.145000 9.791587
v 14.794312 4.145000 9.766624
v 14.791231 4.145000 9.755980
v 15.583515 4.145000 9.538212
v 15.580435 4.145000 9.527568
v 15.717113 4.145000 9.499545
v 15.703461 4.145000 9.491961
v 15.650648 4.145000 9.269703
v 15.640024 4.145000 9.272778
v 15.639427 4.145000 9.231126
v 15.631781 4.145000 9.244295
v 15.504177 4.145000 9.263117
v 15.506999 4.145000 9.273836
v 14.714456 4.145000 9.491679
v 14.717795 4.145000 9.502249
v 14.583027 4.145000 9.536871
v 14.596524 4.145000 9.543921
v 14.594145 4.145000 9.575478
v 14.604768 4.145000 9.572403
v 14.660713 4.145000 9.805290
v 14.791231 4.198830 9.755980
v 14.660713 4.198830 9.805290
v 14.668204 4.198830 9.791587
v 14.594145 4.198830 9.575478
v 14.604768 4.198830 9.572403
v 14.583027 4.198830 9.536871
v 14.596524 4.198830 9.543921
v 14.714456 4.198830 9.491679
v 14.717795 4.198830 9.502249
v 15.504177 4.198830 9.263117
v 15.506999 4.198830 9.273836
v 15.639427 4.198830 9.231126
v 15.631781 4.198830 9.244295
v 15.650648 4.198830 9.269703
v 15.640024 4.198830 9.272778
v 15.717113 4.198830 9.499545
v 15.703461 4.198830 9.491961
v 15.583515 4.198830 9.538212
v 15.580435 4.198830 9.527568
v 14.794312 4.198830 9.766624
v 14.668204 4.037339 9.791587
v 14.794312 4.037339 9.766624
v 14.791231 4.037339 9.755980
v 15.583515 4.037339 9.538212
v 15.580435 4.037339 9.527568
v 15.717113 4.037339 9.499545
v 15.703461 4.037339 9.491961
v 15.650648 4.037339 9.269703
v 15.640024 4.037339 9.272778
v 15.639427 4.037339 9.231126
v 15.631781 4.037339 9.244295
v 15.504177 4.037339 9.263117
v 15.506999 4.037339 9.273836
v 14.714456 4.037339 9.491679
v 14.717795 4.037339 9.502249
v 14.583027 4.037339 9.536871
v 14.596524 4.037339 9.543921
v 14.594145 4.037339 9.575478
v 14.604768 4.037339 9.572403
v 14.660713 4.037339 9.805290
v 14.791231 4.091170 9.755980
v 14.660713 4.091170 9.805290
v 14.668204 4.091170 9.791587
v 14.594145 4.091170 9.575478
v 14.604768 4.091170 9.572403
v 14.583027 4.091170 9.536871
v 14.596524 4.091170 9.543921
v 14.714456 4.091170 9.491679
v 14.717795 4.091170 9.502249
v 15.504177 4.091170 9.263117
v 15.506999 4.091170 9.273836
v 15.639427 4.091170 9.231126
v 15.631781 4.091170 9.244295
v 15.650648 4.091170 9.269703
v 15.640024 4.091170 9.272778
v 15.717113 4.091170 9.499545
v 15.703461 4.091170 9.491961
v 15.583515 4.091170 9.538212
v 15.580435 4.091170 9.527568
v 14.794312 4.091170 9.766624
v 14.668204 3.929679 9.791587
v 14.794312 3.929679 9.766624
v 14.791231 3.929679 9.755980
v 15.583515 3.929679 9.538212
v 15.580435 3.929679 9.527568
v 15.717113 3.929679 9.499545
v 15.703461 3.929679 9.491961
v 15.650648 3.929679 9.269703
v 15.640024 3.929679 9.272778
v 15.639427 3.929679 9.231126
v 15.631781 3.929679 9.244295
v 15.504177 3.929679 9.263117
v 15.506999 3.929679 9.273836
v 14.714456 3.929679 9.491679
v 14.717795 3.929679 9.502249
v 14.583027 3.929679 9.536871
v 14.596524 3.929679 9.543921
v 14.594145 3.929679 9.575478
v 14.604768 3.929679 9.572403
v 14.660713 3.929679 9.805290
v 14.791231 3.983509 9.755980
v 14.660713 3.983509 9.805290
v 14.668204 3.983509 9.791587
v 14.594145 3.983509 9.575478
v 14.604768 3.983509 9.572403
v 14.583027 3.983509 9.536871
v 14.596524 3.983509 9.543921
v 14.714456 3.983509 9.491679
v 14.717795 3.983509 9.502249
v 15.504177 3.983509 9.263117
v 15.506999 3.983509 9.273836
v 15.639427 3.983509 9.231126
v 15.631781 3.983509 9.244295
v 15.650648 3.983509 9.269703
v 15.640024 3.983509 9.272778
v 15.717113 3.983509 9.499545
v 15.703461 3.983509 9.491961
v 15.583515 3.983509 9.538212
v 15.580435 3.983509 9.527568
v 14.794312 3.983509 9.766624
v 14.668204 3.821840 9.791587
v 14.794312 3.821840 9.766624
v 14.791231 3.821840 9.755980
v 15.583515 3.821840 9.538212
v 15.580435 3.821840 9.527568
v 15.717113 3.821840 9.499545
v 15.703461 3.821840 9.491961
v 15.650648 3.821840 9.269703
v 15.640024 3.821840 9.272778
v 15.639427 3.821840 9.231126
v 15.631781 3.821840 9.244295
v 15.504177 3.821840 9.263117
v 15.506999 3.821840 9.273836
v 14.714456 3.821840 9.491679
v 14.717795 3.821840 9.502249
v 14.583027 3.821840 9.536871
v 14.596524 3.821840 9.543921
v 14.594145 3.821840 9.575478
v 14.604768 3.821840 9.572403
v 14.660713 3.821840 9.805290
v 14.791231 3.875670 9.755980
v 14.660713 3.875670 9.805290
v 14.668204 3.875670 9.791587
v 14.594145 3.875670 9.575478
v 14.604768 3.875670 9.572403
v 14.583027 3.875670 9.536871
v 14.596524 3.875670 9.543921
v 14.714456 3.875670 9.491679
v 14.717795 3.875670 9.502249
v 15.504177 3.875670 9.263117
v 15.506999 3.875670 9.273836
v 15.639427 3.875670 9.231126
v 15.631781 3.875670 9.244295
v 15.650648 3.875670 9.269703
v 15.640024 3.875670 9.272778
v 15.717113 3.875670 9.499545
v 15.703461 3.875670 9.491961
v 15.583515 3.875670 9.538212
v 15.580435 3.875670 9.527568
v 14.794312 3.875670 9.766624
v 14.668204 3.714179 9.791587
v 14.794312 3.714179 9.766624
v 14.791231 3.714179 9.755980
v 15.583515 3.714179 9.538212
v 15.580435 3.714179 9.527568
v 15.717113 3.714179 9.499545
v 15.703461 3.714179 9.491961
v 15.650648 3.714179 9.269703
v 15.640024 3.714179 9.272778
v 15.639427 3.714179 9.231126
v 15.631781 3.714179 9.244295
v 15.504177 3.714179 9.263117
v 15.506999 3.714179 9.273836
v 14.714456 3.714179 9.491679
v 14.717795 3.714179 9.502249
v 14.583027 3.714179 9.536871
v 14.596524 3.714179 9.543921
v 14.594145 3.714179 9.575478
v 14.604768 3.714179 9.572403
v 14.660713 3.714179 9.805290
v 14.791231 3.768010 9.755980
v 14.660713 3.768010 9.805290
v 14.668204 3.768010 9.791587
v 14.594145 3.768010 9.575478
v 14.604768 3.768010 9.572403
v 14.583027 3.768010 9.536871
v 14.596524 3.768010 9.543921
v 14.714456 3.768010 9.491679
v 14.717795 3.768010 9.502249
v 15.504177 3.768010 9.263117
v 15.506999 3.768010 9.273836
v 15.639427 3.768010 9.231126
v 15.631781 3.768010 9.244295
v 15.650648 3.768010 9.269703
v 15.640024 3.768010 9.272778
v 15.717113 3.768010 9.499545
v 15.703461 3.768010 9.491961
v 15.583515 3.768010 9.538212
v 15.580435 3.768010 9.527568
v 14.794312 3.768010 9.766624
v 15.695865 3.538785 9.228583
v 15.695865 3.481390 9.228583
v 15.704126 3.538785 9.257126
v 15.704126 3.481390 9.257126
v 15.785116 3.538785 9.536962
v 15.785116 3.481390 9.536962
v 15.785116 3.538785 9.536962
v 15.785116 3.481390 9.536962
v 15.598763 3.538785 9.590897
v 15.598763 3.481390 9.590897
v 14.809560 3.538785 9.819309
v 14.809560 3.481390 9.819309
v 14.623206 3.538785 9.873243
v 14.623206 3.481390 9.873243
v 14.623206 3.538785 9.873243
v 14.623206 3.481390 9.873243
v 14.542215 3.538785 9.593408
v 14.542215 3.481390 9.593408
v 14.533955 3.538785 9.564865
v 14.533955 3.481390 9.564865
v 15.695865 3.424173 9.228583
v 15.695865 3.366778 9.228583
v 15.704126 3.424173 9.257126
v 15.704126 3.366778 9.257126
v 15.785116 3.424173 9.536962
v 15.785116 3.366778 9.536962
v 15.785116 3.424173 9.536962
v 15.785116 3.366778 9.536962
v 15.598763 3.424173 9.590897
v 15.598763 3.366778 9.590897
v 14.809560 3.424173 9.819309
v 14.809560 3.366778 9.819309
v 14.623206 3.424173 9.873243
v 14.623206 3.366778 9.873243
v 14.623206 3.424173 9.873243
v 14.623206 3.366778 9.873243
v 14.542215 3.424173 9.593408
v 14.542215 3.366778 9.593408
v 14.533955 3.424173 9.564865
v 14.533955 3.366778 9.564865
v 15.695865 3.309561 9.228583
v 15.695865 3.252166 9.228583
v 15.704126 3.309383 9.257126
v 15.704126 3.252166 9.257126
v 15.785116 3.309561 9.536962
v 15.785116 3.252166 9.536962
v 15.785116 3.309561 9.536962
v 15.785116 3.252166 9.536962
v 15.598763 3.309561 9.590897
v 15.598763 3.252166 9.590897
v 14.809560 3.309561 9.819309
v 14.809560 3.252166 9.819309
v 14.623206 3.309561 9.873243
v 14.623206 3.252166 9.873243
v 14.623206 3.309561 9.873243
v 14.623206 3.252166 9.873243
v 14.542215 3.309383 9.593408
v 14.542215 3.252166 9.593408
v 14.533955 3.309561 9.564865
v 14.533955 3.252166 9.564865
v 14.544579 3.252166 9.561790
v 14.552839 3.252166 9.590333
v 14.544579 3.166251 9.561790
v 14.552839 3.166251 9.590333
v 14.630766 3.252166 9.859585
v 14.630766 3.166251 9.859585
v 15.685242 3.166251 9.231658
v 15.685242 3.252166 9.231658
v 15.693502 3.166251 9.260201
v 15.693502 3.252166 9.260201
v 15.771429 3.166251 9.529452
v 15.771429 3.252166 9.529452
v 15.771429 3.252166 9.529452
v 15.595699 3.252166 9.580312
v 15.771429 3.166251 9.529452
v 15.595699 3.166251 9.580312
v 14.806496 3.166251 9.808724
v 14.806496 3.252166 9.808724
v 14.630766 3.252166 9.859585
v 14.630766 3.166251 9.859585
v 15.685242 3.424173 9.231658
v 15.693502 3.424173 9.260201
v 15.685242 3.481390 9.231658
v 15.693502 3.481390 9.260201
v 15.771429 3.424173 9.529452
v 15.771429 3.481390 9.529452
v 15.771429 3.481390 9.529452
v 15.595699 3.481390 9.580312
v 15.771429 3.424173 9.529452
v 15.595699 3.424173 9.580312
v 14.806496 3.424173 9.808724
v 14.806496 3.481390 9.808724
v 14.630766 3.424173 9.859585
v 14.630766 3.481390 9.859585
v 14.630766 3.424173 9.859585
v 14.630766 3.481390 9.859585
v 14.552839 3.424173 9.590333
v 14.552839 3.481390 9.590333
v 14.544579 3.424173 9.561790
v 14.544579 3.481390 9.561790
v 15.685242 3.309561 9.231658
v 15.685242 3.366778 9.231658
v 15.693502 3.309383 9.260201
v 15.693502 3.366778 9.260201
v 15.771429 3.309561 9.529452
v 15.771429 3.366778 9.529452
v 15.771429 3.366778 9.529452
v 15.595699 3.366778 9.580312
v 15.771429 3.309561 9.529452
v 15.595699 3.309561 9.580312
v 14.806496 3.309561 9.808724
v 14.806496 3.366778 9.808724
v 14.630766 3.309561 9.859585
v 14.630766 3.366778 9.859585
v 14.630766 3.309561 9.859585
v 14.630766 3.366778 9.859585
v 14.552839 3.309383 9.590333
v 14.552839 3.366778 9.590333
v 14.544579 3.309561 9.561790
v 14.544579 3.366778 9.561790
v 15.685242 3.538785 9.231658
v 15.695865 3.538785 9.228583
v 15.685242 3.481390 9.231658
v 15.695865 3.481390 9.228583
v 15.695865 3.538785 9.228583
v 15.685242 3.538785 9.231658
v 15.704126 3.538785 9.257126
v 15.693502 3.538785 9.260201
v 15.785116 3.538785 9.536962
v 15.771429 3.538785 9.529452
v 15.598763 3.538785 9.590897
v 15.595699 3.538785 9.580312
v 14.809560 3.538785 9.819309
v 14.806496 3.538785 9.808724
v 14.623206 3.538785 9.873243
v 14.630766 3.538785 9.859585
v 14.542215 3.538785 9.593408
v 14.552839 3.538785 9.590333
v 14.533955 3.538785 9.564865
v 14.544579 3.538785 9.561790
v 15.685242 3.481390 9.231658
v 15.695865 3.481390 9.228583
v 15.693502 3.481390 9.260201
v 15.704126 3.481390 9.257126
v 15.771429 3.481390 9.529452
v 15.785116 3.481390 9.536962
v 15.595699 3.481390 9.580312
v 15.598763 3.481390 9.590897
v 14.806496 3.481390 9.808724
v 14.809560 3.481390 9.819309
v 14.630766 3.481390 9.859585
v 14.623206 3.481390 9.873243
v 14.552839 3.481390 9.590333
v 14.542215 3.481390 9.593408
v 14.544579 3.481390 9.561790
v 14.533955 3.481390 9.564865
v 14.544579 3.481390 9.561790
v 14.533955 3.481390 9.564865
v 14.544579 3.538785 9.561790
v 14.533955 3.538785 9.564865
v 15.685242 3.424173 9.231658
v 15.695865 3.424173 9.228583
v 15.685242 3.366778 9.231658
v 15.695865 3.366778 9.228583
v 15.695865 3.424173 9.228583
v 15.685242 3.424173 9.231658
v 15.704126 3.424173 9.257126
v 15.693502 3.424173 9.260201
v 15.785116 3.424173 9.536962
v 15.771429 3.424173 9.529452
v 15.598763 3.424173 9.590897
v 15.595699 3.424173 9.580312
v 14.809560 3.424173 9.819309
v 14.806496 3.424173 9.808724
v 14.623206 3.424173 9.873243
v 14.630766 3.424173 9.859585
v 14.542215 3.424173 9.593408
v 14.552839 3.424173 9.590333
v 14.533955 3.424173 9.564865
v 14.544579 3.424173 9.561790
v 15.685242 3.366778 9.231658
v 15.695865 3.366778 9.228583
v 15.693502 3.366778 9.260201
v 15.704126 3.366778 9.257126
v 15.771429 3.366778 9.529452
v 15.785116 3.366778 9.536962
v 15.595699 3.366778 9.580312
v 15.598763 3.366778 9.590897
v 14.806496 3.366778 9.808724
v 14.809560 3.366778 9.819309
v 14.630766 3.366778 9.859585
v 14.623206 3.366778 9.873243
v 14.552839 3.366778 9.590333
v 14.542215 3.366778 9.593408
v 14.544579 3.366778 9.561790
v 14.533955 3.366778 9.564865
v 14.544579 3.366778 9.561790
v 14.533955 3.366778 9.564865
v 14.544579 3.424173 9.561790
v 14.533955 3.424173 9.564865
v 15.685242 3.309561 9.231658
v 15.695865 3.309561 9.228583
v 15.685242 3.252166 9.231658
v 15.695865 3.252166 9.228583
v 15.695865 3.309561 9.228583
v 15.685242 3.309561 9.231658
v 15.704126 3.309383 9.257126
v 15.693502 3.309383 9.260201
v 15.785116 3.309561 9.536962
v 15.771429 3.309561 9.529452
v 15.598763 3.309561 9.590897
v 15.595699 3.309561 9.580312
v 14.809560 3.309561 9.819309
v 14.806496 3.309561 9.808724
v 14.623206 3.309561 9.873243
v 14.630766 3.309561 9.859585
v 14.542215 3.309383 9.593408
v 14.552839 3.309383 9.590333
v 14.533955 3.309561 9.564865
v 14.544579 3.309561 9.561790
v 15.685242 3.252166 9.231658
v 15.695865 3.252166 9.228583
v 15.693502 3.252166 9.260201
v 15.704126 3.252166 9.257126
v 15.771429 3.252166 9.529452
v 15.785116 3.252166 9.536962
v 15.595699 3.252166 9.580312
v 15.598763 3.252166 9.590897
v 14.806496 3.252166 9.808724
v 14.809560 3.252166 9.819309
v 14.630766 3.252166 9.859585
v 14.623206 3.252166 9.873243
v 14.552839 3.252166 9.590333
v 14.542215 3.252166 9.593408
v 14.544579 3.252166 9.561790
v 14.533955 3.252166 9.564865
v 14.544579 3.252166 9.561790
v 14.533955 3.252166 9.564865
v 14.544579 3.309561 9.561790
v 14.533955 3.309561 9.564865
v 15.506999 4.911993 9.273836
v 15.515174 4.911993 9.302081
v 15.723824 4.911993 9.211082
v 15.752625 4.911993 9.233358
v 15.732923 4.911993 8.900403
v 15.762491 4.911993 8.896614
v 15.718036 4.911993 8.848967
v 15.746331 4.911993 8.840777
v 15.705440 4.911993 8.699492
v 15.669641 4.911993 8.681755
v 15.515174 4.691680 9.302081
v 15.752625 4.691680 9.233358
v 15.506999 4.691680 9.273836
v 15.723824 4.691680 9.211082
v 15.762491 4.691680 8.896614
v 15.732923 4.691680 8.900403
v 15.746331 4.691680 8.840777
v 15.718036 4.691680 8.848967
v 15.669641 4.691680 8.681755
v 15.705440 4.691680 8.699492
v 15.669641 4.911993 8.681755
v 15.669641 4.691680 8.681755
v 15.705440 4.911993 8.699492
v 15.705440 4.691680 8.699492
v 15.506999 4.691680 9.273836
v 15.506999 4.911993 9.273836
v 15.515174 4.691680 9.302081
v 15.515174 4.911993 9.302081
v 14.717795 4.691680 9.502249
v 14.500970 4.691680 9.565002
v 14.725970 4.691680 9.530494
v 14.488520 4.691680 9.599216
v 14.327343 4.691680 9.307208
v 14.300322 4.691680 9.319798
v 14.312456 4.691680 9.255772
v 14.284162 4.691680 9.263961
v 14.243270 4.691680 9.122675
v 14.264062 4.691680 9.088560
v 14.725970 4.911993 9.530494
v 14.488520 4.911993 9.599216
v 14.717795 4.911993 9.502249
v 14.500970 4.911993 9.565002
v 14.300322 4.911993 9.319798
v 14.327343 4.911993 9.307208
v 14.284162 4.911993 9.263961
v 14.312456 4.911993 9.255772
v 14.264062 4.911993 9.088560
v 14.243270 4.911993 9.122675
v 14.264062 4.691680 9.088560
v 14.264062 4.911993 9.088560
v 14.243270 4.691680 9.122675
v 14.243270 4.911993 9.122675
v 14.717795 4.911993 9.502249
v 14.717795 4.691680 9.502249
v 14.725970 4.911993 9.530494
v 14.725970 4.691680 9.530494
v 15.718036 4.911993 8.848967
v 15.718036 4.691680 8.848967
v 15.669641 4.911993 8.681755
v 15.669641 4.691680 8.681755
v 14.312456 4.691680 9.255772
v 14.312456 4.911993 9.255772
v 14.264062 4.691680 9.088560
v 14.264062 4.911993 9.088560
v 14.511169 1.834041 9.571717
v 14.363911 1.834041 9.524372
v 14.416502 1.834041 9.431108
v 14.409580 1.838675 9.427183
v 14.353720 1.839210 9.526999
v 14.560109 1.834041 9.677549
v 14.559632 1.837606 9.688127
v 14.651698 1.834219 9.614630
v 14.656578 1.837249 9.621789
v 14.629376 1.834219 9.537505
v 15.600580 1.834219 9.256418
v 15.622902 1.834219 9.333543
v 15.718787 1.834041 9.222206
v 15.733938 1.834041 9.337817
v 15.723722 1.834041 9.052771
v 15.817996 1.834041 9.103529
v 15.828015 1.839210 9.100307
v 15.739991 1.837606 9.346505
v 15.622600 1.837249 9.342201
v 15.727477 1.838675 9.045755
v 14.511169 1.834041 9.571717
v 14.416502 1.834041 9.431108
v 14.500970 1.599112 9.565002
v 14.327343 1.599112 9.307208
v 14.319300 1.601608 9.302705
v 14.319300 1.263297 9.302705
v 14.327343 1.263297 9.307208
v 14.409580 1.838675 9.427183
v 14.219273 1.601964 9.480844
v 14.319300 1.601608 9.302705
v 14.353720 1.839210 9.526999
v 14.409580 1.838675 9.427183
v 14.353720 1.839210 9.526999
v 14.559632 1.837606 9.688127
v 14.219273 1.601964 9.480844
v 14.590307 1.600895 9.770245
v 14.219031 1.263297 9.480592
v 14.590393 1.263297 9.770349
v 14.500970 1.599112 9.565002
v 14.717795 1.599291 9.502249
v 14.511169 1.834041 9.571717
v 14.629376 1.834219 9.537505
v 14.559632 1.837606 9.688127
v 14.656578 1.837249 9.621789
v 14.590307 1.600895 9.770245
v 14.763946 1.600895 9.651228
v 14.763946 1.263297 9.651228
v 14.590393 1.263297 9.770349
v 14.763946 1.263297 9.651228
v 14.758720 1.263297 9.643653
v 14.763946 1.600895 9.651228
v 14.758720 1.599291 9.643653
v 14.656578 1.837249 9.621789
v 14.651698 1.834219 9.614630
v 14.629376 1.834219 9.537505
v 14.717795 1.599291 9.502249
v 14.717795 1.263297 9.502249
v 14.626719 1.263297 9.187567
v 14.626719 1.250641 9.187567
v 14.717795 1.250641 9.502249
v 14.626719 0.627493 9.187567
v 14.717795 0.452812 9.502249
v 14.715610 0.444078 9.494697
v 14.717795 0.426432 9.502249
v 14.758720 0.715903 9.643653
v 14.758720 1.250641 9.643653
v 14.626719 1.599291 9.187567
v 14.763946 1.250641 9.651228
v 14.763946 0.715903 9.651228
v 14.758720 0.696296 9.643653
v 14.717795 -0.015618 9.502249
v 14.758720 -0.015618 9.643653
v 14.763946 0.696296 9.651228
v 14.763946 -0.015618 9.651228
v 15.723824 1.599112 9.211082
v 15.732923 1.599112 8.900403
v 15.718787 1.834041 9.222206
v 15.723722 1.834041 9.052771
v 15.727477 1.838675 9.045755
v 15.737317 1.601608 8.892300
v 15.732923 1.263297 8.900403
v 15.737317 1.263297 8.892300
v 15.739991 1.837606 9.346505
v 15.757918 1.600895 9.432313
v 15.828015 1.839210 9.100307
v 15.917027 1.601964 8.989477
v 15.757900 1.263297 9.432447
v 15.917097 1.263297 8.989136
v 15.737317 1.601608 8.892300
v 15.917027 1.601964 8.989477
v 15.727477 1.838675 9.045755
v 15.828015 1.839210 9.100307
v 15.506999 1.599291 9.273836
v 15.723824 1.599112 9.211082
v 15.600580 1.834219 9.256418
v 15.718787 1.834041 9.222206
v 15.600580 1.834219 9.256418
v 15.622902 1.834219 9.333543
v 15.506999 1.599291 9.273836
v 15.547924 1.599291 9.415240
v 15.547924 1.263297 9.415240
v 15.547553 1.263297 9.424435
v 15.547553 1.600895 9.424435
v 15.622600 1.837249 9.342201
v 15.506999 1.263297 9.273836
v 15.415923 1.599291 8.959154
v 15.415923 1.263297 8.959154
v 15.506999 1.250641 9.273836
v 15.415923 1.250641 8.959154
v 15.415923 0.627493 8.959154
v 15.506999 0.452812 9.273836
v 15.505123 0.443544 9.267354
v 15.547924 1.250641 9.415240
v 15.547924 0.715903 9.415240
v 15.547924 0.696296 9.415240
v 15.506999 0.426432 9.273836
v 15.506999 -0.015618 9.273836
v 15.547924 -0.015618 9.415240
v 15.547553 -0.015618 9.424435
v 15.547553 0.696296 9.424435
v 15.547553 0.715903 9.424435
v 15.547553 1.250641 9.424435
v 15.622600 1.837249 9.342201
v 15.739991 1.837606 9.346505
v 15.547553 1.600895 9.424435
v 15.757918 1.600895 9.432313
v 15.547553 1.263297 9.424435
v 15.757900 1.263297 9.432447
v 14.327343 0.705209 9.307208
v 14.327343 0.717864 9.307208
v 14.230915 0.705209 9.478184
v 14.230915 0.717864 9.478184
v 14.327343 1.250641 9.307208
v 14.327343 1.263297 9.307208
v 14.230915 1.250641 9.478184
v 14.230915 1.263297 9.478184
v 15.732923 1.263297 8.900403
v 15.732923 1.250641 8.900403
v 15.905764 1.263297 8.993446
v 15.905764 1.250641 8.993446
v 15.732923 0.717864 8.900403
v 15.732923 0.705209 8.900403
v 15.905764 0.717864 8.993446
v 15.905764 0.705209 8.993446
v 14.230915 0.705209 9.478184
v 14.230915 0.717864 9.478184
v 14.590733 0.705209 9.758908
v 14.590733 0.717864 9.758908
v 14.590733 0.705209 9.758908
v 14.590733 0.717864 9.758908
v 14.758720 0.696296 9.643653
v 14.758720 0.715903 9.643653
v 14.230915 1.250641 9.478184
v 14.230915 1.263297 9.478184
v 14.590733 1.250641 9.758908
v 14.590733 1.263297 9.758908
v 14.590733 1.250641 9.758908
v 14.590733 1.263297 9.758908
v 14.758720 1.250641 9.643653
v 14.758720 1.263297 9.643653
v 15.905764 0.717864 8.993446
v 15.905764 0.705209 8.993446
v 15.751503 0.717864 9.422956
v 15.751503 0.705209 9.422956
v 15.751503 0.717864 9.422956
v 15.751503 0.705209 9.422956
v 15.547924 0.715903 9.415240
v 15.547924 0.696296 9.415240
v 15.905764 1.263297 8.993446
v 15.905764 1.250641 8.993446
v 15.751503 1.263297 9.422956
v 15.751503 1.250641 9.422956
v 15.751503 1.263297 9.422956
v 15.751503 1.250641 9.422956
v 15.547924 1.263297 9.415240
v 15.547924 1.250641 9.415240
v 14.590393 -0.015618 9.770349
v 14.219031 -0.015618 9.480592
v 14.590393 0.705209 9.770349
v 14.219031 0.705209 9.480592
v 14.590393 0.717864 9.770349
v 14.219031 0.717864 9.480592
v 14.590393 1.250641 9.770349
v 14.219031 1.250641 9.480592
v 15.917097 0.717864 8.989136
v 15.757900 0.717864 9.432447
v 15.917097 1.250641 8.989136
v 15.757900 1.250641 9.432447
v 14.763946 0.696296 9.651228
v 14.763946 -0.015618 9.651228
v 14.590393 0.705209 9.770349
v 14.590393 -0.015618 9.770349
v 14.763946 0.715903 9.651228
v 14.590393 0.717864 9.770349
v 14.763946 1.250641 9.651228
v 14.590393 1.250641 9.770349
v 15.547553 0.696296 9.424435
v 15.757900 0.705209 9.432447
v 15.547553 -0.015618 9.424435
v 15.757900 -0.015618 9.432447
v 15.547553 0.715903 9.424435
v 15.547553 1.250641 9.424435
v 15.757900 0.717864 9.432447
v 15.757900 1.250641 9.432447
v 14.319300 -0.015618 9.302705
v 14.319300 0.705209 9.302705
v 14.219031 -0.015618 9.480592
v 14.219031 0.705209 9.480592
v 14.319300 0.717864 9.302705
v 14.319300 1.250641 9.302705
v 14.219031 0.717864 9.480592
v 14.219031 1.250641 9.480592
v 14.319300 1.263297 9.302705
v 14.319300 1.601608 9.302705
v 14.219031 1.263297 9.480592
v 14.219273 1.601964 9.480844
v 15.737317 0.705209 8.892300
v 15.737317 -0.015618 8.892300
v 15.917097 0.705209 8.989136
v 15.917097 -0.015618 8.989136
v 15.737317 1.250641 8.892300
v 15.737317 0.717864 8.892300
v 15.917097 1.250641 8.989136
v 15.917097 0.717864 8.989136
v 15.737317 1.601608 8.892300
v 15.737317 1.263297 8.892300
v 15.917027 1.601964 8.989477
v 15.917097 1.263297 8.989136
v 14.717795 0.426432 9.502249
v 14.715610 0.444078 9.494697
v 14.725205 0.439622 9.500104
v 15.506999 0.452812 9.273836
v 15.505123 0.443544 9.267354
v 15.499588 0.439622 9.275981
v 15.506999 0.452812 9.273836
v 15.506999 0.426432 9.273836
v 15.499588 0.439622 9.275981
v 15.757900 -0.015618 9.432447
v 15.917097 -0.015618 8.989136
v 15.757900 0.705209 9.432447
v 15.917097 0.705209 8.989136
v 15.044513 0.711626 7.675287
v 15.041966 0.711626 7.666486
v 14.995749 -0.015618 7.689401
v 14.993201 -0.015618 7.680600
v 15.224078 0.711626 7.623317
v 15.221531 0.711626 7.614516
v 15.044513 0.711626 7.675287
v 15.041966 0.711626 7.666486
v 15.224078 -0.015618 7.623317
v 15.221531 -0.015618 7.614516
v 15.224078 0.711626 7.623317
v 15.221531 0.711626 7.614516
v 14.995749 -0.015618 7.689401
v 14.993201 -0.015618 7.680600
v 15.224078 -0.015618 7.623317
v 15.221531 -0.015618 7.614516
v 14.758720 1.263297 9.643653
v 14.763946 1.263297 9.651228
v 14.590733 1.263297 9.758908
v 14.590393 1.263297 9.770349
v 14.230915 1.263297 9.478184
v 14.219031 1.263297 9.480592
v 14.327343 1.263297 9.307208
v 14.319300 1.263297 9.302705
v 15.732923 1.263297 8.900403
v 15.737317 1.263297 8.892300
v 15.905764 1.263297 8.993446
v 15.917097 1.263297 8.989136
v 15.751503 1.263297 9.422956
v 15.757900 1.263297 9.432447
v 15.547924 1.263297 9.415240
v 15.547553 1.263297 9.424435
v 14.758720 -0.015618 9.643653
v 14.763946 -0.015618 9.651228
v 14.590733 -0.015618 9.758908
v 14.590393 -0.015618 9.770349
v 14.230915 -0.015618 9.478184
v 14.219031 -0.015618 9.480592
v 14.327343 -0.015618 9.307208
v 14.319300 -0.015618 9.302705
v 14.327343 0.705209 9.307208
v 14.319300 0.705209 9.302705
v 14.230915 0.705209 9.478184
v 14.219031 0.705209 9.480592
v 14.590733 0.705209 9.758908
v 14.590393 0.705209 9.770349
v 14.758720 0.696296 9.643653
v 14.763946 0.696296 9.651228
v 14.327343 -0.015618 9.307208
v 14.319300 -0.015618 9.302705
v 14.327343 0.705209 9.307208
v 14.319300 0.705209 9.302705
v 14.758720 0.715903 9.643653
v 14.763946 0.715903 9.651228
v 14.590733 0.717864 9.758908
v 14.590393 0.717864 9.770349
v 14.230915 0.717864 9.478184
v 14.219031 0.717864 9.480592
v 14.327343 0.717864 9.307208
v 14.319300 0.717864 9.302705
v 14.327343 1.250641 9.307208
v 14.319300 1.250641 9.302705
v 14.230915 1.250641 9.478184
v 14.219031 1.250641 9.480592
v 14.590733 1.250641 9.758908
v 14.590393 1.250641 9.770349
v 14.758720 1.250641 9.643653
v 14.763946 1.250641 9.651228
v 14.327343 0.717864 9.307208
v 14.319300 0.717864 9.302705
v 14.327343 1.250641 9.307208
v 14.319300 1.250641 9.302705
v 15.732923 0.717864 8.900403
v 15.737317 0.717864 8.892300
v 15.905764 0.717864 8.993446
v 15.917097 0.717864 8.989136
v 15.751503 0.717864 9.422956
v 15.757900 0.717864 9.432447
v 15.547924 0.715903 9.415240
v 15.547553 0.715903 9.424435
v 15.547924 1.250641 9.415240
v 15.547553 1.250641 9.424435
v 15.751503 1.250641 9.422956
v 15.757900 1.250641 9.432447
v 15.905764 1.250641 8.993446
v 15.917097 1.250641 8.989136
v 15.732923 1.250641 8.900403
v 15.737317 1.250641 8.892300
v 15.732923 1.250641 8.900403
v 15.737317 1.250641 8.892300
v 15.732923 0.717864 8.900403
v 15.737317 0.717864 8.892300
v 15.547924 0.696296 9.415240
v 15.547553 0.696296 9.424435
v 15.751503 0.705209 9.422956
v 15.757900 0.705209 9.432447
v 15.905764 0.705209 8.993446
v 15.917097 0.705209 8.989136
v 15.732923 0.705209 8.900403
v 15.737317 0.705209 8.892300
v 15.547553 -0.015618 9.424435
v 15.547924 -0.015618 9.415240
v 15.757900 -0.015618 9.432447
v 15.751503 -0.015618 9.422956
v 15.917097 -0.015618 8.989136
v 15.905764 -0.015618 8.993446
v 15.737317 -0.015618 8.892300
v 15.732923 -0.015618 8.900403
v 15.732923 0.705209 8.900403
v 15.737317 0.705209 8.892300
v 15.732923 -0.015618 8.900403
v 15.737317 -0.015618 8.892300
v 15.506999 0.426432 9.273836
v 15.499588 0.439622 9.275981
v 15.506999 -0.015618 9.273836
v 14.717795 -0.015618 9.502249
v 14.725205 0.439622 9.500104
v 14.717795 0.426432 9.502249
v 15.499588 0.439622 9.275981
v 14.725205 0.439622 9.500104
v 15.505123 0.443544 9.267354
v 14.715610 0.444078 9.494697
v 15.415923 0.627493 8.959154
v 14.626719 0.627493 9.187567
vn -0.0006 1.0000 -0.0021
vn 0.0393 0.9880 0.1495
vn 0.1079 0.9160 0.3865
vn 0.1219 0.8956 0.4278
vn 0.0478 0.9873 0.1515
vn 0.0006 1.0000 0.0021
vn 0.0006 1.0000 0.0020
vn 0.0638 0.9718 0.2271
vn 0.1042 0.9372 0.3327
vn 0.0715 0.9664 0.2469
vn 0.0834 0.9617 0.2610
vn 0.9600 -0.0000 -0.2801
vn 0.9781 -0.0000 -0.2080
vn 0.9986 -0.0000 -0.0523
vn 0.8763 0.0038 0.4817
vn -0.9612 -0.0000 0.2759
vn -0.9381 -0.0000 0.3465
vn -0.8722 -0.0000 0.4892
vn -0.4836 -0.0000 0.8753
vn -0.4837 -0.0000 0.8752
vn -0.0007 1.0000 -0.0021
vn -0.0006 1.0000 -0.0020
vn 0.2780 -0.0000 0.9606
vn 0.9612 -0.0000 -0.2759
vn 0.9600 -0.0000 -0.2802
vn 0.9600 -0.0000 -0.2800
vn -0.9612 -0.0000 0.2760
vn -0.9600 -0.0000 0.2802
vn -0.9600 -0.0000 0.2801
vn -0.9611 -0.0000 0.2760
vn -0.9602 0.0453 0.2756
vn -0.8477 -0.0000 0.5305
vn -0.8722 -0.0000 0.4891
vn -0.8286 -0.0000 0.5598
vn -0.8286 -0.0000 0.5599
vn -0.8701 -0.0000 0.4930
vn -0.8701 -0.0000 0.4929
vn -0.8591 -0.0000 0.5118
vn -0.8287 -0.0000 0.5597
vn -0.8430 -0.0000 0.5378
vn -0.8430 -0.0000 0.5379
vn 0.9599 -0.0000 -0.2802
vn 0.9981 -0.0000 -0.0611
vn 1.0000 -0.0018 0.0044
vn 0.9995 -0.0000 0.0307
vn 1.0000 0.0038 -0.0087
vn 0.9988 0.0037 -0.0480
vn 1.0000 -0.0000 0.0044
vn 0.9988 0.0038 -0.0479
vn 1.0000 -0.0000 0.0045
vn 0.9988 0.0038 -0.0480
vn -0.2098 0.6634 -0.7182
vn -0.2098 0.6634 -0.7183
vn 0.2218 0.5849 0.7801
vn 0.2080 -0.6634 0.7188
vn 0.2080 -0.6633 0.7188
vn 0.2081 -0.6633 0.7188
vn -0.9025 0.3867 -0.1896
vn 0.6633 0.3832 -0.6428
vn 0.6633 0.3833 -0.6428
vn 0.2291 0.5850 0.7780
vn 0.2291 0.5849 0.7780
vn 0.2219 0.5849 0.7801
vn 0.2219 0.5850 0.7801
vn 0.2080 -0.6635 0.7187
vn 0.9023 -0.3871 0.1896
vn 0.9023 -0.3872 0.1896
vn -0.6615 -0.3871 0.6423
vn -0.6614 -0.3873 0.6423
vn -0.2780 -0.0000 -0.9606
vn -0.0006 -1.0000 -0.0021
vn -0.9468 0.0001 -0.3219
vn -0.9468 -0.0000 -0.3219
vn -0.8764 -0.0000 -0.4817
vn -0.8763 -0.0000 -0.4818
vn -0.9334 -0.0000 -0.3589
vn -0.8763 -0.0000 -0.4817
vn -0.9781 -0.0000 -0.2083
vn -0.9482 -0.0000 -0.3178
vn -0.8764 -0.0000 -0.4816
vn -0.9253 -0.0000 -0.3792
vn -0.9302 -0.0000 -0.3670
vn -0.9286 -0.0000 -0.3711
vn -0.9612 -0.0000 0.2758
vn 0.4836 -0.0000 -0.8753
vn 0.6285 0.0038 -0.7778
vn 0.6284 0.0038 -0.7778
vn 0.5762 -0.0000 -0.8173
vn 0.7156 -0.0000 -0.6985
vn 0.5974 -0.0000 -0.8019
vn 0.4835 -0.0000 -0.8753
vn 0.5797 0.0037 -0.8148
vn 0.5654 -0.0000 -0.8248
vn 0.6618 0.0038 -0.7497
vn 0.6618 0.0038 -0.7496
vn 0.5868 0.0037 -0.8097
vn 0.7064 0.0038 -0.7078
vn -0.8546 -0.0000 0.5193
vn -0.2754 0.0785 -0.9581
vn -0.2790 0.1350 -0.9507
vn -0.9024 -0.0000 0.4310
vn -0.8431 -0.0017 0.5378
vn 0.9931 0.0038 -0.1176
vn -0.7099 0.6743 0.2032
vn -0.9533 0.1280 0.2736
vn 0.9590 0.0453 -0.2798
vn 0.9521 0.1280 -0.2778
vn 0.7087 0.6743 -0.2074
vn 0.7087 0.6744 -0.2074
vn -0.3321 -0.0000 -0.9432
vn -0.3321 -0.0000 -0.9433
vn 0.2230 -0.0000 0.9748
vn -0.2231 0.0037 -0.9748
vn -0.2231 0.0036 -0.9748
vn 0.3320 0.0038 0.9433
vn -0.2443 -0.5006 -0.8305
vn -0.2644 -0.3466 -0.9000
vn 0.2801 -0.0038 0.9600
vn 0.2798 -0.0085 0.9600
vn 0.2727 0.1090 0.9559
vn 0.2727 0.2252 0.9354
vn 0.2690 0.1953 0.9431
vn 0.2769 0.0873 0.9569
vn 0.2769 -0.0873 0.9569
vn 0.2688 -0.1996 0.9423
vn 0.2622 -0.3507 0.8991
vn -0.2682 -0.2634 -0.9266
vn -0.2516 -0.4113 -0.8761
vn 0.2770 0.0873 0.9569
vn 0.2770 -0.0873 0.9569
vn 0.2622 -0.3507 0.8990
vn -0.2805 0.0872 -0.9559
vn -0.2701 0.2082 -0.9401
vn -0.2568 0.3670 -0.8941
vn -0.2569 0.3670 -0.8941
vn -0.1930 -0.7321 -0.6533
vn -0.2516 -0.4112 -0.8761
vn -0.2682 -0.2633 -0.9267
vn -0.2608 -0.3465 -0.9011
vn -0.2644 -0.3465 -0.9000
vn -0.2126 0.6368 -0.7411
vn -0.2790 0.1350 -0.9508
vn -0.8334 0.1205 0.5394
vn -0.7468 0.1727 0.6422
vn -0.5021 0.2733 0.8205
vn 0.9521 0.1281 -0.2778
vn 0.9285 0.2540 -0.2710
vn 0.9303 0.2466 -0.2715
vn 0.9567 -0.0830 -0.2791
vn 0.9415 -0.1951 -0.2748
vn 0.9050 -0.3333 -0.2642
vn -0.9502 -0.1505 0.2727
vn -0.9315 -0.2466 0.2674
vn -0.9333 -0.2393 0.2678
vn -0.9513 -0.1430 0.2731
vn 0.9538 0.1131 -0.2783
vn 0.9370 0.2173 -0.2735
vn 0.9467 0.1654 -0.2763
vn -0.0007 -1.0000 -0.0021
vn -0.9611 0.0151 0.2760
vn -0.9611 0.0151 0.2759
vn 0.1509 -0.0152 0.9884
vn 0.2741 -0.0125 0.9616
vn 0.4003 -0.0152 0.9163
vn -0.4835 -0.0076 0.8753
vn -0.4836 -0.0076 0.8753
vn 0.1510 -0.0151 0.9884
vn 0.0545 -0.0000 0.9985
vn 0.2102 -0.0000 0.9776
vn 0.3444 -0.0000 0.9388
vn 0.4872 0.0038 0.8733
vn 0.2103 -0.0000 0.9776
vn 0.4830 0.0302 -0.8751
vn 0.4829 0.0301 -0.8751
vn 0.3270 0.0376 -0.9443
vn -0.6317 -0.0000 -0.7753
vn -0.4210 -0.0000 -0.9070
vn 0.2190 -0.0000 -0.9757
vn 0.4014 -0.0000 -0.9159
vn -0.6317 -0.0000 -0.7752
vn -0.4211 -0.0000 -0.9070
vn 0.4003 -0.0151 0.9162
vn 0.8763 -0.0113 0.4817
vn 0.4003 -0.0151 0.9163
vn 0.8762 -0.0113 0.4817
vn -0.2812 0.0435 -0.9587
vn -0.4189 0.0441 -0.9069
vn -0.6299 0.0375 -0.7758
vn -0.4189 0.0441 -0.9070
vn -0.8757 0.0301 -0.4820
vn -0.6300 0.0376 -0.7757
vn -0.8756 0.0301 -0.4820
vn 0.2801 0.0038 0.9600
vn 0.2799 0.0085 0.9600
vn 0.2741 0.0125 0.9616
vn 0.2781 -0.0000 0.9606
vn 0.9599 -0.0151 -0.2801
vn 0.9599 -0.0151 -0.2800
vn -0.0030 -0.9999 -0.0105
vn -0.0103 -0.9999 -0.0084
vn -0.0079 -1.0000 -0.0000
vn -0.0509 -0.9936 -0.1010
vn -0.0168 -0.9973 0.0708
vn -0.0593 -0.9970 -0.0488
vn -0.0103 -0.9970 -0.0766
vn 0.0104 -0.9970 0.0765
vn 0.0629 -0.9969 0.0477
vn 0.0714 -0.9888 0.1312
vn 0.0144 -0.9977 -0.0655
vn 0.0054 -1.0000 -0.0084
vn 0.0042 -0.9999 -0.0126
vn -0.0031 -0.9999 -0.0105
vn -0.8700 -0.0000 -0.4931
vn -0.8702 -0.0000 -0.4927
vn 0.4721 -0.0000 -0.8815
vn 0.4725 -0.0000 -0.8813
vn -0.3240 -0.0000 -0.9461
vn -0.3239 -0.0000 -0.9461
vn -0.2822 -0.0000 -0.9594
vn -0.2701 -0.0030 -0.9628
vn -0.2317 -0.0036 -0.9728
vn -0.2317 0.0036 -0.9728
vn 0.2640 0.3135 0.9121
vn 0.2611 0.3052 0.9158
vn 0.2338 0.5305 0.8148
vn 0.2387 0.5231 0.8182
vn 0.2673 0.2969 0.9167
vn 0.2527 0.3872 0.8867
vn 0.2388 0.5231 0.8181
vn 0.2369 0.5231 0.8187
vn -0.9165 0.2975 0.2675
vn -0.9133 0.3119 0.2620
vn -0.8189 0.5237 0.2348
vn -0.9120 0.3119 0.2663
vn -0.8183 0.5238 0.2368
vn 0.8189 0.5238 -0.2347
vn 0.8183 0.5237 -0.2368
vn 0.9177 0.2975 -0.2633
vn 0.9121 0.3119 -0.2662
vn 0.8183 0.5238 -0.2368
vn 0.9121 0.3118 -0.2662
vn 0.2540 0.4350 0.8639
vn 0.2467 0.4350 0.8660
vn 0.2754 -0.0742 0.9585
vn 0.2755 -0.0742 0.9584
vn 0.0237 0.9974 0.0681
vn 0.0236 0.9974 0.0681
vn -0.2906 -0.0000 -0.9569
vn -0.2746 0.0026 -0.9616
vn -0.2654 -0.0000 -0.9641
vn -0.2317 0.0037 -0.9728
vn -0.3238 -0.0000 -0.9461
vn -0.2781 -0.0000 -0.9606
vn 0.0006 -1.0000 0.0021
vn 0.4449 -0.0000 -0.8956
vn 0.4448 -0.0000 -0.8956
vn -0.8545 -0.0000 -0.5195
vn -0.8544 -0.0000 -0.5196
vn 0.0263 0.9996 0.0142
vn 0.0514 0.9986 -0.0126
vn 0.4703 0.8431 0.2607
vn 0.3345 0.9065 -0.2576
vn 0.0247 0.9984 -0.0504
vn 0.0395 0.9500 -0.3097
vn -0.0454 0.9971 -0.0619
vn -0.1913 0.9402 -0.2819
vn 0.0026 0.9999 -0.0168
vn -0.0152 0.9996 -0.0253
vn -0.0151 0.9995 0.0294
vn -0.0731 0.9973 -0.0084
vn -0.4211 0.8991 0.1196
vn -0.3607 0.9114 -0.1983
vn 0.0116 0.9304 -0.3662
vn -0.2488 0.8611 0.4435
vn 0.8284 -0.0226 -0.5597
vn 0.8211 -0.0113 -0.5706
vn 0.8033 -0.0075 -0.5956
vn 0.5355 0.1350 -0.8337
vn 0.4912 0.0038 -0.8710
vn 0.5778 0.1942 -0.7928
vn -0.8461 0.2369 -0.4774
vn -0.7513 0.5070 -0.4224
vn -0.8530 0.2080 -0.4787
vn -0.7514 0.5069 -0.4224
vn -0.6025 0.1945 0.7741
vn -0.6125 0.0979 0.7844
vn -0.6131 0.0528 0.7882
vn -0.6148 -0.0000 0.7887
vn -0.2813 0.0392 -0.9588
vn -0.2813 0.0391 -0.9588
vn 0.5352 0.3374 0.7744
vn 0.5597 0.1253 0.8192
vn 0.5351 0.3374 0.7744
vn 0.5602 0.1428 0.8159
vn 0.5652 -0.0000 0.8250
vn 0.5652 -0.0000 0.8249
vn 0.8237 -0.0000 -0.5671
vn 0.9509 -0.0000 -0.3094
vn 0.8130 0.0791 -0.5769
vn 0.9463 0.1430 -0.2898
vn 0.7524 0.2678 -0.6018
vn 0.8806 0.3684 -0.2980
vn 0.8896 0.3757 -0.2597
vn 0.9562 -0.0000 -0.2927
vn 0.9549 -0.0000 -0.2969
vn 0.8237 -0.0000 -0.5670
vn 0.8239 -0.0000 -0.5668
vn 0.9575 -0.0000 -0.2886
vn 0.9496 -0.0000 -0.3135
vn -0.9993 -0.0227 -0.0308
vn -0.9984 -0.0075 -0.0569
vn -0.9988 -0.0075 -0.0482
vn -0.8999 0.2086 -0.3830
vn -0.8877 0.0677 -0.4555
vn -0.8805 -0.0000 -0.4740
vn 0.9245 0.1872 0.3321
vn 0.9368 0.0979 0.3360
vn 0.9228 0.1945 0.3326
vn 0.9393 0.0528 0.3389
vn 0.9410 -0.0000 0.3384
vn 0.9409 -0.0000 0.3386
vn 0.4603 0.2368 -0.8556
vn 0.4072 0.5099 -0.7577
vn 0.4654 0.2080 -0.8603
vn -0.2743 0.0391 -0.9608
vn -0.2743 0.0391 -0.9609
vn -0.8908 0.3757 0.2556
vn -0.9579 0.0830 0.2750
vn -0.9005 0.3685 0.2310
vn -0.9560 0.1578 0.2472
vn -0.9636 -0.0000 0.2675
vn -0.9992 -0.0000 -0.0394
vn -0.9832 0.1652 -0.0782
vn -0.9569 0.2605 -0.1283
vn -0.9692 -0.0000 0.2464
vn -0.9624 -0.0000 0.2717
vn -0.9659 -0.0000 0.2590
vn -0.9658 -0.0000 0.2591
vn -0.9992 -0.0000 -0.0392
vn -0.9992 -0.0000 -0.0395
vn -0.9992 -0.0000 -0.0393
vn -0.0361 0.3399 0.9398
vn -0.0347 0.1870 0.9817
vn -0.0383 0.0896 0.9952
vn -0.0371 -0.0000 0.9993
vn -0.0373 -0.0000 0.9993
vn -0.8721 -0.0000 -0.4893
vn -0.8721 -0.0000 -0.4894
vn 0.4759 0.0038 -0.8795
vn 0.4759 -0.0038 -0.8795
vn -0.6151 -0.0000 0.7884
vn -0.6147 -0.0000 0.7887
vn -0.6146 -0.0000 0.7888
vn 0.5653 -0.0000 0.8249
vn 0.9410 -0.0000 0.3385
vn -0.0372 -0.0000 0.9993
vn 0.9411 -0.0000 0.3380
vn -0.0374 -0.0000 0.9993
vn 0.9410 -0.0000 0.3383
vn -0.8530 0.2079 -0.4787
vn -0.8462 0.2368 -0.4774
vn 0.4759 0.0037 -0.8795
vn 0.4604 0.2368 -0.8556
vn 0.4654 0.2079 -0.8603
vn 0.2473 0.0147 0.9688
vn -0.3395 0.3317 0.8802
vn -0.8393 0.4103 -0.3567
vn 0.9412 -0.0000 0.3380
vn -0.9591 0.0679 0.2750
vn -0.9590 0.0679 0.2752
vn 0.0079 1.0000 -0.0000
vn 0.0224 0.9997 -0.0042
vn 0.0441 0.9990 -0.0105
vn 0.0320 0.9992 -0.0252
vn 0.4912 0.0037 -0.8711
vn 0.4913 0.0038 -0.8710
vn -0.0067 -1.0000 0.0042
vn -0.0078 -1.0000 -0.0000
vn 0.4912 0.0037 -0.8710
vn 0.0066 -1.0000 -0.0042
vn 0.0079 -1.0000 -0.0000
vn -0.8804 -0.0000 -0.4742
vn -0.8806 -0.0000 -0.4739
vn -0.0405 0.9992 -0.0042
vn -0.0429 0.9990 0.0147
vn -0.0212 0.9997 0.0084
vn -0.0067 1.0000 0.0042
vn -0.8805 -0.0000 -0.4741
vn -0.8806 -0.0000 -0.4738
vn 0.2474 0.0147 0.9688
vn 0.1368 0.8668 0.4795
vn 0.1368 0.8668 0.4796
vn 0.1368 0.8667 0.4796
vt 0.447153 0.037555
vt 0.461757 0.050364
vt 0.447273 0.040377
vt 0.445836 0.094653
vt 0.459243 0.092591
vt 0.458046 0.118426
vt 0.473368 0.115821
vt 0.461996 0.149364
vt 0.475043 0.136337
vt 0.462475 0.153923
vt 0.475522 0.139919
vt 0.473607 0.178673
vt 0.482824 0.145890
vt 0.493358 0.176936
vt 0.529986 0.173136
vt 0.526036 0.141765
vt 0.566375 0.168360
vt 0.569128 0.136012
vt 0.585887 0.165538
vt 0.590675 0.139268
vt 0.574874 0.128739
vt 0.590196 0.134709
vt 0.574515 0.125265
vt 0.586724 0.103663
vt 0.571283 0.104423
vt 0.592829 0.077719
vt 0.579183 0.078588
vt 0.567333 0.037555
vt 0.579183 0.024746
vt 0.578465 0.021598
vt 0.569128 0.014650
vt 0.558116 0.031367
vt 0.554405 0.015302
vt 0.538724 0.030173
vt 0.478754 0.022683
vt 0.488809 0.035710
vt 0.472051 0.040811
vt 0.458046 0.028328
vt 0.454814 0.028871
vt 0.469298 0.042006
vt 0.229537 0.779508
vt 0.229058 0.761054
vt 0.245816 0.760620
vt 0.244858 0.720456
vt 0.227981 0.720890
vt 0.244619 0.711771
vt 0.227861 0.712206
vt 0.794765 0.607236
vt 0.812002 0.625255
vt 0.795124 0.625690
vt 0.796201 0.665854
vt 0.812959 0.665420
vt 0.796441 0.674538
vt 0.813199 0.674104
vt 0.487492 0.097259
vt 0.553208 0.089226
vt 0.565418 0.085318
vt 0.556560 0.048953
vt 0.547941 0.061545
vt 0.551413 0.045154
vt 0.543512 0.058288
vt 0.537767 0.046131
vt 0.532620 0.059808
vt 0.492999 0.051450
vt 0.501019 0.063716
vt 0.491083 0.065019
vt 0.480071 0.054163
vt 0.478275 0.054598
vt 0.489408 0.065236
vt 0.474205 0.059591
vt 0.485936 0.070121
vt 0.474924 0.096390
vt 0.488570 0.127653
vt 0.493477 0.131995
vt 0.524360 0.128522
vt 0.555363 0.124939
vt 0.559433 0.120163
vt 0.544231 0.180626
vt 0.575113 0.180626
vt 0.544231 0.216340
vt 0.579662 0.185294
vt 0.579662 0.216340
vt 0.579662 0.247277
vt 0.575113 0.251945
vt 0.544231 0.251945
vt 0.513467 0.251945
vt 0.508799 0.247277
vt 0.508799 0.233817
vt 0.508799 0.197886
vt 0.508799 0.185294
vt 0.513467 0.180626
vt 0.372699 0.512036
vt 0.372699 0.573585
vt 0.353786 0.512036
vt 0.372699 0.626667
vt 0.441767 0.626667
vt 0.441767 0.573585
vt 0.460679 0.512036
vt 0.441767 0.512036
vt 0.353786 0.626667
vt 0.460679 0.626667
vt 0.659024 0.465793
vt 0.662735 0.466010
vt 0.668839 0.476431
vt 0.670515 0.474585
vt 0.673029 0.479362
vt 0.674465 0.477082
vt 0.694216 0.498033
vt 0.697448 0.497598
vt 0.696610 0.498684
vt 0.704869 0.521154
vt 0.700321 0.521371
vt 0.693139 0.501181
vt 0.691942 0.499986
vt 0.705827 0.520720
vt 0.714326 0.532878
vt 0.715044 0.531901
vt 0.772620 0.576516
vt 0.773338 0.575539
vt 0.786505 0.582269
vt 0.786625 0.581183
vt 0.810326 0.583897
vt 0.811164 0.582703
vt 0.811643 0.585960
vt 0.835583 0.601048
vt 0.837378 0.598986
vt 0.839533 0.604305
vt 0.840969 0.602025
vt 0.852461 0.610601
vt 0.851144 0.607019
vt 0.787702 0.586720
vt 0.808890 0.587805
vt 0.810446 0.588782
vt 0.790695 0.717090
vt 0.817628 0.732396
vt 0.789857 0.728380
vt 0.804461 0.740321
vt 0.808770 0.754432
vt 0.817628 0.744880
vt 0.820141 0.755301
vt 0.820500 0.732396
vt 0.817628 0.717090
vt 0.820740 0.717090
vt 0.528789 0.736196
vt 0.531303 0.725775
vt 0.540280 0.735327
vt 0.544470 0.721215
vt 0.531303 0.713183
vt 0.559074 0.709275
vt 0.531303 0.697985
vt 0.558236 0.697985
vt 0.528430 0.713183
vt 0.528191 0.697985
vt 0.616769 0.358760
vt 0.616171 0.358218
vt 0.616769 0.357675
vt 0.603243 0.358869
vt 0.619642 0.296886
vt 0.621198 0.357458
vt 0.615094 0.297103
vt 0.601567 0.297646
vt 0.531063 0.297971
vt 0.621318 0.358435
vt 0.622874 0.403701
vt 0.618326 0.404027
vt 0.618445 0.405112
vt 0.617847 0.404678
vt 0.604919 0.405546
vt 0.622874 0.404786
vt 0.624550 0.433010
vt 0.619044 0.418681
vt 0.605398 0.419658
vt 0.614615 0.549269
vt 0.628261 0.548292
vt 0.632690 0.547966
vt 0.658784 0.545795
vt 0.650645 0.431165
vt 0.530465 0.407826
vt 0.530585 0.421938
vt 0.515502 0.421395
vt 0.514545 0.453852
vt 0.529507 0.454286
vt 0.513587 0.487503
vt 0.528430 0.487937
vt 0.512630 0.517680
vt 0.527592 0.518115
vt 0.511552 0.551332
vt 0.526515 0.551766
vt 0.511073 0.568049
vt 0.526036 0.568483
vt 0.509996 0.598117
vt 0.536330 0.598986
vt 0.508440 0.648594
vt 0.534654 0.649463
vt 0.507363 0.681702
vt 0.521846 0.682245
vt 0.506166 0.715028
vt 0.521128 0.715462
vt 0.505208 0.747594
vt 0.520051 0.748136
vt 0.504011 0.781570
vt 0.554166 0.783199
vt 0.572719 0.766916
vt 0.549019 0.749113
vt 0.604081 0.767893
vt 0.604680 0.750850
vt 0.608630 0.768001
vt 0.515502 0.407066
vt 0.597019 0.570762
vt 0.597498 0.554045
vt 0.605757 0.718285
vt 0.569009 0.717090
vt 0.569607 0.698528
vt 0.606355 0.699722
vt 0.606834 0.684959
vt 0.610904 0.699831
vt 0.611383 0.685176
vt 0.636999 0.700699
vt 0.637478 0.686045
vt 0.612460 0.652719
vt 0.638555 0.653588
vt 0.640231 0.602460
vt 0.614136 0.601591
vt 0.615094 0.571414
vt 0.610545 0.571305
vt 0.609587 0.601374
vt 0.607912 0.601374
vt 0.606236 0.652502
vt 0.607912 0.652502
vt 0.570086 0.683765
vt 0.641188 0.572282
vt 0.597019 0.570871
vt 0.839653 0.155659
vt 0.840131 0.156311
vt 0.839653 0.156745
vt 0.852580 0.171182
vt 0.853059 0.157071
vt 0.840969 0.110719
vt 0.836421 0.110393
vt 0.840969 0.109633
vt 0.841568 0.110176
vt 0.835104 0.155334
vt 0.835104 0.156419
vt 0.839054 0.170314
vt 0.830436 0.300034
vt 0.843842 0.300902
vt 0.833548 0.184643
vt 0.825887 0.299708
vt 0.807453 0.182906
vt 0.799792 0.297537
vt 0.927633 0.172919
vt 0.927753 0.158808
vt 0.942596 0.158048
vt 0.941399 0.109308
vt 0.942596 0.172485
vt 0.928471 0.205268
vt 0.943314 0.204942
vt 0.929309 0.238919
vt 0.944152 0.238593
vt 0.944870 0.268771
vt 0.930027 0.269096
vt 0.930865 0.302747
vt 0.945708 0.302422
vt 0.931344 0.319573
vt 0.946187 0.319139
vt 0.920810 0.349968
vt 0.946905 0.349208
vt 0.922127 0.400444
vt 0.948341 0.399684
vt 0.934695 0.433227
vt 0.949179 0.432901
vt 0.935294 0.466552
vt 0.950017 0.466118
vt 0.936132 0.499227
vt 0.950975 0.498792
vt 0.901777 0.533963
vt 0.952291 0.532661
vt 0.859643 0.304593
vt 0.860122 0.321310
vt 0.906925 0.499986
vt 0.883224 0.517572
vt 0.851383 0.501398
vt 0.851862 0.518440
vt 0.846954 0.501506
vt 0.845997 0.468941
vt 0.819902 0.469592
vt 0.820740 0.502266
vt 0.847314 0.518549
vt 0.821219 0.519309
vt 0.887174 0.467855
vt 0.850545 0.468832
vt 0.886695 0.449293
vt 0.850067 0.450270
vt 0.849588 0.435507
vt 0.886336 0.434530
vt 0.850426 0.403050
vt 0.848750 0.403050
vt 0.848989 0.351922
vt 0.847433 0.351922
vt 0.860122 0.321418
vt 0.846595 0.321744
vt 0.842047 0.321853
vt 0.842885 0.352030
vt 0.815952 0.322613
vt 0.816790 0.352681
vt 0.818106 0.403918
vt 0.844321 0.403158
vt 0.845159 0.435615
vt 0.845518 0.450378
vt 0.818944 0.436375
vt 0.819304 0.451030
vt 0.755144 0.145021
vt 0.756939 0.142850
vt 0.801468 0.144370
vt 0.799673 0.142308
vt 0.759333 0.139160
vt 0.749278 0.119620
vt 0.797159 0.138725
vt 0.807453 0.120272
vt 0.743413 0.115821
vt 0.741378 0.113867
vt 0.813079 0.116581
vt 0.814994 0.114410
vt 0.758854 0.140028
vt 0.748560 0.118969
vt 0.808052 0.119512
vt 0.797638 0.139594
vt 0.010005 0.496513
vt 0.118215 0.495644
vt 0.010005 0.499986
vt 0.118215 0.499009
vt 0.432789 0.507585
vt 0.322664 0.503460
vt 0.432909 0.504111
vt 0.322784 0.500095
vt 0.221158 0.500746
vt 0.221277 0.497381
vt 0.117736 0.514315
vt 0.118095 0.500638
vt 0.220918 0.516052
vt 0.221038 0.502375
vt 0.011561 0.494667
vt 0.118334 0.494016
vt 0.221397 0.495753
vt 0.322903 0.498467
vt 0.431113 0.502266
vt 0.011801 0.501723
vt 0.322544 0.505088
vt 0.430993 0.509322
vt 0.963543 0.014650
vt 0.963543 0.075657
vt 0.959473 0.014650
vt 0.959473 0.075657
vt 0.959473 0.121466
vt 0.963543 0.121466
vt 0.963543 0.135577
vt 0.959473 0.135577
vt 0.963543 0.168034
vt 0.959473 0.168034
vt 0.959473 0.201577
vt 0.963543 0.201577
vt 0.959473 0.231646
vt 0.963543 0.231646
vt 0.963543 0.265188
vt 0.959473 0.265188
vt 0.963543 0.281905
vt 0.959473 0.281905
vt 0.963543 0.311974
vt 0.959473 0.312083
vt 0.959473 0.362342
vt 0.963543 0.362342
vt 0.963543 0.395342
vt 0.959473 0.395451
vt 0.963543 0.428559
vt 0.959473 0.428559
vt 0.959473 0.461125
vt 0.963543 0.461125
vt 0.959473 0.494884
vt 0.963543 0.494884
vt 0.482824 0.300142
vt 0.483901 0.361257
vt 0.470016 0.300359
vt 0.471093 0.361474
vt 0.471931 0.407283
vt 0.484739 0.407066
vt 0.484979 0.421178
vt 0.488570 0.406957
vt 0.488809 0.421069
vt 0.485457 0.453526
vt 0.489408 0.453418
vt 0.486654 0.300142
vt 0.487732 0.361148
vt 0.472171 0.421395
vt 0.472769 0.453743
vt 0.473368 0.487286
vt 0.486056 0.487069
vt 0.486654 0.517138
vt 0.490485 0.517138
vt 0.490006 0.486960
vt 0.473966 0.517355
vt 0.487253 0.550789
vt 0.474565 0.551006
vt 0.487492 0.567397
vt 0.474804 0.567614
vt 0.488091 0.597466
vt 0.475283 0.597683
vt 0.476240 0.648051
vt 0.488929 0.647834
vt 0.489527 0.680834
vt 0.476839 0.681160
vt 0.490126 0.714051
vt 0.477437 0.714268
vt 0.490724 0.746617
vt 0.477916 0.746834
vt 0.491083 0.550680
vt 0.493956 0.713942
vt 0.493358 0.680834
vt 0.492759 0.647726
vt 0.491921 0.597358
vt 0.491323 0.567397
vt 0.478515 0.780593
vt 0.491323 0.780376
vt 0.494555 0.746508
vt 0.495033 0.780376
vt 0.680450 0.497598
vt 0.681767 0.558605
vt 0.667762 0.497815
vt 0.669079 0.558930
vt 0.682725 0.604413
vt 0.670036 0.604739
vt 0.683084 0.618525
vt 0.670395 0.618851
vt 0.683802 0.650874
vt 0.663932 0.497924
vt 0.665248 0.559039
vt 0.666206 0.604848
vt 0.666445 0.618851
vt 0.671114 0.651199
vt 0.671832 0.684742
vt 0.684520 0.684416
vt 0.685119 0.714594
vt 0.672430 0.714811
vt 0.685837 0.748136
vt 0.673149 0.748353
vt 0.686196 0.764745
vt 0.673508 0.765070
vt 0.686914 0.794814
vt 0.667163 0.651308
vt 0.667882 0.684851
vt 0.668600 0.714919
vt 0.669318 0.748462
vt 0.669677 0.765179
vt 0.674226 0.795139
vt 0.675303 0.845507
vt 0.687991 0.845182
vt 0.688710 0.878290
vt 0.676021 0.878507
vt 0.671353 0.845507
vt 0.672071 0.878616
vt 0.670276 0.795248
vt 0.191113 0.685068
vt 0.191711 0.718285
vt 0.178424 0.685285
vt 0.179023 0.718502
vt 0.175192 0.718610
vt 0.175791 0.751067
vt 0.179741 0.751067
vt 0.180340 0.784827
vt 0.193148 0.784610
vt 0.192429 0.750742
vt 0.174474 0.685393
vt 0.176988 0.784935
vt 0.636400 0.719261
vt 0.635323 0.751936
vt 0.610306 0.718393
vt 0.609228 0.751067
vt 0.634844 0.768870
vt 0.851982 0.799373
vt 0.851982 0.832590
vt 0.848032 0.799373
vt 0.848032 0.832590
vt 0.848032 0.865047
vt 0.851982 0.865047
vt 0.851982 0.898915
vt 0.848032 0.898915
vt 0.973119 0.201577
vt 0.969169 0.201577
vt 0.973119 0.168034
vt 0.969169 0.168034
vt 0.973119 0.135577
vt 0.969169 0.135577
vt 0.973119 0.121466
vt 0.973119 0.231646
vt 0.969169 0.231646
vt 0.973119 0.265188
vt 0.969169 0.265188
vt 0.973119 0.281905
vt 0.969169 0.281905
vt 0.973119 0.311974
vt 0.969169 0.311974
vt 0.969169 0.362342
vt 0.973119 0.362342
vt 0.973119 0.395342
vt 0.969169 0.395342
vt 0.969169 0.121466
vt 0.969169 0.075657
vt 0.973119 0.075657
vt 0.973119 0.014650
vt 0.969169 0.014650
vt 0.710735 0.214495
vt 0.698046 0.211781
vt 0.720191 0.178455
vt 0.696730 0.175199
vt 0.724381 0.143285
vt 0.701278 0.140896
vt 0.723782 0.131127
vt 0.711094 0.127219
vt 0.738386 0.084124
vt 0.641428 0.131127
vt 0.702116 0.245432
vt 0.689308 0.242610
vt 0.679612 0.277129
vt 0.692420 0.279300
vt 0.673508 0.293629
vt 0.686555 0.292001
vt 0.677817 0.328800
vt 0.698525 0.317076
vt 0.699243 0.373523
vt 0.721388 0.363754
vt 0.711573 0.404569
vt 0.734316 0.396102
vt 0.733837 0.432250
vt 0.744371 0.427908
vt 0.752869 0.462970
vt 0.759214 0.453635
vt 0.789857 0.453743
vt 0.784590 0.461993
vt 0.768550 0.525496
vt 0.808530 0.517029
vt 0.813797 0.537437
vt 0.795842 0.536786
vt 0.773937 0.564901
vt 0.799194 0.561644
vt 0.608031 0.253465
vt 0.642146 0.116472
vt 0.625747 0.130584
vt 0.620121 0.158808
vt 0.635682 0.162064
vt 0.613298 0.189094
vt 0.628620 0.193870
vt 0.605039 0.216340
vt 0.619523 0.221985
vt 0.595343 0.245106
vt 0.590315 0.255093
vt 0.599892 0.269096
vt 0.565178 0.261932
vt 0.566136 0.277672
vt 0.514545 0.259218
vt 0.514425 0.292544
vt 0.479831 0.261823
vt 0.481747 0.295257
vt 0.448589 0.262583
vt 0.445836 0.292978
vt 0.803982 0.017798
vt 0.803862 0.084015
vt 0.745687 0.014650
vt 0.800510 0.101166
vt 0.744371 0.095305
vt 0.402864 0.745965
vt 0.377367 0.745748
vt 0.402983 0.728923
vt 0.377487 0.728814
vt 0.349118 0.728923
vt 0.348998 0.745640
vt 0.344210 0.728923
vt 0.344210 0.745640
vt 0.332958 0.745531
vt 0.333078 0.728814
vt 0.857847 0.014650
vt 0.883344 0.014759
vt 0.857728 0.031693
vt 0.883224 0.031802
vt 0.911593 0.032019
vt 0.911713 0.015302
vt 0.916501 0.032019
vt 0.916501 0.015302
vt 0.927633 0.015410
vt 0.927513 0.032019
vt 0.535732 0.368530
vt 0.531183 0.359412
vt 0.598934 0.368747
vt 0.516221 0.358869
vt 0.516221 0.297863
vt 0.926675 0.109742
vt 0.940441 0.048410
vt 0.925598 0.048844
vt 0.854974 0.049279
vt 0.854496 0.110936
vt 0.841688 0.048953
vt 0.836540 0.109416
vt 0.922246 0.119512
vt 0.858805 0.120272
vt 0.837259 0.048844
vt 0.278375 0.850827
vt 0.271432 0.850827
vt 0.278375 0.805018
vt 0.271432 0.812616
vt 0.617488 0.844205
vt 0.610545 0.843879
vt 0.617488 0.773429
vt 0.610545 0.773863
vt 0.157237 0.565769
vt 0.150295 0.558279
vt 0.157237 0.519960
vt 0.150295 0.519960
vt 0.596061 0.772778
vt 0.603004 0.773212
vt 0.596061 0.843879
vt 0.603004 0.843445
vt 0.285916 0.804475
vt 0.292858 0.812073
vt 0.285916 0.850284
vt 0.292858 0.850284
vt 0.586365 0.178998
vt 0.593308 0.178998
vt 0.586365 0.224916
vt 0.593308 0.217317
vt 0.769628 0.803823
vt 0.751074 0.803715
vt 0.769867 0.775491
vt 0.751313 0.775383
vt 0.769987 0.770607
vt 0.751433 0.770498
vt 0.751553 0.758123
vt 0.769987 0.758340
vt 0.131142 0.758666
vt 0.149576 0.758774
vt 0.131023 0.786998
vt 0.149457 0.787107
vt 0.131023 0.791883
vt 0.149457 0.791991
vt 0.149457 0.804366
vt 0.130903 0.804258
vt 0.657587 0.618417
vt 0.649328 0.618308
vt 0.657947 0.589542
vt 0.649687 0.589433
vt 0.589717 0.843336
vt 0.581458 0.843336
vt 0.589717 0.772452
vt 0.581458 0.772452
vt 0.788421 0.869606
vt 0.780161 0.869606
vt 0.788421 0.739995
vt 0.780161 0.739995
vt 0.875683 0.842359
vt 0.867423 0.842359
vt 0.875683 0.771475
vt 0.867423 0.771475
vt 0.890166 0.842359
vt 0.881907 0.842359
vt 0.890166 0.771475
vt 0.881907 0.771475
vt 0.658425 0.551983
vt 0.650166 0.551874
vt 0.954566 0.618200
vt 0.962825 0.618091
vt 0.954685 0.650657
vt 0.962945 0.650657
vt 0.954805 0.683874
vt 0.963064 0.683874
vt 0.954925 0.718936
vt 0.963064 0.718936
vt 0.955044 0.769304
vt 0.963304 0.769304
vt 0.955164 0.801435
vt 0.963304 0.801327
vt 0.437936 0.807406
vt 0.446195 0.806971
vt 0.439373 0.836389
vt 0.447632 0.835955
vt 0.436141 0.769738
vt 0.444400 0.769413
vt 0.116419 0.681594
vt 0.124559 0.681485
vt 0.116419 0.714051
vt 0.124679 0.714051
vt 0.116539 0.747268
vt 0.124798 0.747268
vt 0.116659 0.782330
vt 0.124918 0.782330
vt 0.116778 0.832698
vt 0.125038 0.832698
vt 0.116898 0.864830
vt 0.125157 0.864721
vt 0.392569 0.770498
vt 0.400829 0.770498
vt 0.392569 0.841491
vt 0.400829 0.841491
vt 0.373178 0.770824
vt 0.381437 0.770824
vt 0.373178 0.841817
vt 0.381437 0.841817
vt 0.324699 0.750416
vt 0.332958 0.750416
vt 0.324699 0.880027
vt 0.332958 0.880027
vt 0.300519 0.630683
vt 0.308779 0.630683
vt 0.300519 0.701785
vt 0.308779 0.701785
vt 0.047831 0.754324
vt 0.039691 0.754432
vt 0.047352 0.703304
vt 0.039092 0.703413
vt 0.047112 0.671064
vt 0.038853 0.671064
vt 0.168848 0.768436
vt 0.160589 0.768436
vt 0.168489 0.717308
vt 0.160230 0.717416
vt 0.168250 0.685068
vt 0.159990 0.685068
vt 0.048309 0.801978
vt 0.040050 0.802087
vt 0.169447 0.849198
vt 0.161187 0.849307
vt 0.169207 0.830744
vt 0.161068 0.830744
vt 0.160948 0.816090
vt 0.169207 0.816090
vt 0.040409 0.835304
vt 0.040289 0.816741
vt 0.048668 0.835195
vt 0.048429 0.816633
vt 0.886815 0.544601
vt 0.903573 0.544601
vt 0.886815 0.561318
vt 0.903573 0.561318
vt 0.886815 0.608756
vt 0.903573 0.608756
vt 0.903573 0.624061
vt 0.886815 0.624061
vt 0.886815 0.626558
vt 0.903573 0.626558
vt 0.920092 0.249448
vt 0.910994 0.249448
vt 0.920092 0.177696
vt 0.910994 0.177696
vt 0.586365 0.580858
vt 0.595463 0.591821
vt 0.586365 0.626667
vt 0.595463 0.626667
vt 0.444879 0.750090
vt 0.445238 0.764311
vt 0.373178 0.751610
vt 0.373537 0.765939
vt 0.755383 0.411951
vt 0.746286 0.411951
vt 0.755383 0.366142
vt 0.746286 0.377106
vt 0.644540 0.760403
vt 0.658186 0.760403
vt 0.644540 0.821300
vt 0.658186 0.821300
vt 0.812959 0.063390
vt 0.826605 0.064910
vt 0.809249 0.095739
vt 0.827323 0.099755
vt 0.745448 0.809685
vt 0.731682 0.822169
vt 0.745448 0.752913
vt 0.731682 0.752913
vt 0.459961 0.482510
vt 0.446195 0.482510
vt 0.459841 0.449944
vt 0.446195 0.449944
vt 0.459841 0.414990
vt 0.446076 0.414990
vt 0.459722 0.381339
vt 0.446076 0.381339
vt 0.459602 0.331948
vt 0.445956 0.331948
vt 0.459602 0.299057
vt 0.445836 0.299057
vt 0.706665 0.822603
vt 0.692899 0.822603
vt 0.706665 0.750959
vt 0.692899 0.750959
vt 0.353786 0.750633
vt 0.367552 0.750633
vt 0.353786 0.822386
vt 0.367552 0.822386
vt 0.494315 0.299491
vt 0.508081 0.299491
vt 0.494315 0.329560
vt 0.508081 0.329560
vt 0.494435 0.382533
vt 0.508201 0.382533
vt 0.494435 0.415642
vt 0.508201 0.415533
vt 0.494555 0.448750
vt 0.508201 0.448750
vt 0.265806 0.630683
vt 0.265806 0.663032
vt 0.252040 0.630683
vt 0.252040 0.663032
vt 0.252040 0.696683
vt 0.265806 0.696683
vt 0.265806 0.726752
vt 0.252040 0.726752
vt 0.252040 0.760294
vt 0.265806 0.760294
vt 0.347442 0.880136
vt 0.339302 0.880136
vt 0.347442 0.847787
vt 0.339302 0.847787
vt 0.347442 0.814136
vt 0.339302 0.814136
vt 0.339302 0.784067
vt 0.347442 0.784067
vt 0.339302 0.750524
vt 0.347442 0.750524
vt 0.009766 0.636219
vt 0.009766 0.603871
vt 0.018025 0.636219
vt 0.018025 0.603871
vt 0.018025 0.570220
vt 0.009766 0.570220
vt 0.009766 0.540151
vt 0.018025 0.540151
vt 0.018025 0.506608
vt 0.009766 0.506608
vt 0.644540 0.624278
vt 0.658186 0.624278
vt 0.644540 0.656627
vt 0.658306 0.656627
vt 0.644540 0.691906
vt 0.658306 0.691906
vt 0.658306 0.721975
vt 0.644540 0.721975
vt 0.658306 0.755626
vt 0.644540 0.755626
vt 0.015032 0.065887
vt 0.125038 0.069144
vt 0.014913 0.069252
vt 0.124918 0.072617
vt 0.440091 0.076851
vt 0.330564 0.076851
vt 0.440210 0.073377
vt 0.330564 0.073377
vt 0.227741 0.075222
vt 0.227861 0.071857
vt 0.015511 0.045154
vt 0.125756 0.048736
vt 0.015392 0.048519
vt 0.125636 0.052209
vt 0.440210 0.056226
vt 0.330923 0.056552
vt 0.440210 0.052861
vt 0.330923 0.053078
vt 0.228340 0.054923
vt 0.228459 0.051558
vt 0.016110 0.024420
vt 0.126594 0.028437
vt 0.015990 0.027785
vt 0.126474 0.031802
vt 0.440091 0.035601
vt 0.331282 0.036252
vt 0.440210 0.032127
vt 0.331282 0.032779
vt 0.229058 0.034624
vt 0.229178 0.031259
vt 0.330684 0.071749
vt 0.330923 0.058071
vt 0.438415 0.071640
vt 0.438535 0.058071
vt 0.227981 0.070229
vt 0.228340 0.056552
vt 0.125038 0.067624
vt 0.125516 0.053838
vt 0.017187 0.050364
vt 0.016708 0.064042
vt 0.331043 0.051450
vt 0.331282 0.037772
vt 0.438415 0.051015
vt 0.438535 0.037446
vt 0.228579 0.049930
vt 0.229058 0.036252
vt 0.125756 0.047216
vt 0.126235 0.033430
vt 0.017786 0.029739
vt 0.017307 0.043417
vt 0.331402 0.031150
vt 0.331522 0.023118
vt 0.438295 0.030391
vt 0.438415 0.022358
vt 0.229297 0.029631
vt 0.229537 0.021598
vt 0.126594 0.026808
vt 0.126953 0.018775
vt 0.018145 0.014650
vt 0.017786 0.022683
vt 0.016708 0.071097
vt 0.124798 0.074246
vt 0.227741 0.076851
vt 0.330564 0.078370
vt 0.438415 0.078588
vt 0.009885 0.476539
vt 0.118574 0.475996
vt 0.009885 0.479904
vt 0.118454 0.479470
vt 0.433627 0.487503
vt 0.323622 0.483812
vt 0.433747 0.484029
vt 0.323741 0.480447
vt 0.221636 0.481098
vt 0.221636 0.477733
vt 0.009766 0.455806
vt 0.118933 0.455697
vt 0.009766 0.459279
vt 0.118933 0.459171
vt 0.434225 0.466770
vt 0.324340 0.463404
vt 0.434345 0.463404
vt 0.324460 0.460039
vt 0.221995 0.460799
vt 0.222115 0.457326
vt 0.009885 0.435290
vt 0.119292 0.435398
vt 0.009766 0.438655
vt 0.119292 0.438872
vt 0.434704 0.446145
vt 0.324938 0.442997
vt 0.434824 0.442671
vt 0.325058 0.439632
vt 0.222474 0.440500
vt 0.222594 0.437026
vt 0.010005 0.414665
vt 0.119651 0.415099
vt 0.009885 0.418138
vt 0.119531 0.418572
vt 0.435303 0.425411
vt 0.325537 0.422589
vt 0.435422 0.421938
vt 0.325657 0.419115
vt 0.222833 0.420092
vt 0.222953 0.416727
vt 0.010125 0.394148
vt 0.119891 0.394800
vt 0.010125 0.397622
vt 0.119891 0.398273
vt 0.435781 0.404786
vt 0.326016 0.402181
vt 0.435901 0.401313
vt 0.326016 0.398707
vt 0.223192 0.399793
vt 0.223192 0.396428
vt 0.010364 0.373632
vt 0.120250 0.374500
vt 0.010244 0.377106
vt 0.120130 0.377865
vt 0.436141 0.384053
vt 0.326375 0.381665
vt 0.436260 0.380688
vt 0.326494 0.378300
vt 0.223432 0.379494
vt 0.223552 0.376020
vt 0.010604 0.353116
vt 0.120489 0.354201
vt 0.010484 0.356589
vt 0.120489 0.357566
vt 0.436500 0.363428
vt 0.326734 0.361257
vt 0.436619 0.360063
vt 0.326854 0.357783
vt 0.223791 0.359195
vt 0.223791 0.355721
vt 0.010843 0.332708
vt 0.120728 0.333793
vt 0.010723 0.336073
vt 0.120728 0.337267
vt 0.436859 0.342803
vt 0.327093 0.340741
vt 0.436978 0.339438
vt 0.327093 0.337376
vt 0.224030 0.338787
vt 0.224030 0.335422
vt 0.011082 0.312191
vt 0.120968 0.313386
vt 0.010963 0.315557
vt 0.120968 0.316859
vt 0.437218 0.322287
vt 0.327332 0.320333
vt 0.437338 0.318813
vt 0.327452 0.316859
vt 0.224270 0.318488
vt 0.224270 0.315014
vt 0.011322 0.291675
vt 0.121207 0.293086
vt 0.011202 0.295040
vt 0.121207 0.296451
vt 0.437577 0.301662
vt 0.327691 0.299925
vt 0.437697 0.298297
vt 0.327691 0.296451
vt 0.224509 0.298080
vt 0.224509 0.294715
vt 0.011561 0.271159
vt 0.121566 0.272679
vt 0.011441 0.274524
vt 0.121447 0.276044
vt 0.437816 0.281146
vt 0.327931 0.279517
vt 0.437936 0.277781
vt 0.327931 0.276044
vt 0.224749 0.277781
vt 0.224749 0.274307
vt 0.011801 0.250643
vt 0.121806 0.252271
vt 0.011801 0.254008
vt 0.121686 0.255636
vt 0.438175 0.260629
vt 0.328170 0.259110
vt 0.438175 0.257264
vt 0.328170 0.255636
vt 0.224988 0.257373
vt 0.224988 0.254008
vt 0.012160 0.230126
vt 0.122045 0.231863
vt 0.012040 0.233491
vt 0.121925 0.235228
vt 0.438415 0.240113
vt 0.328410 0.238702
vt 0.438535 0.236748
vt 0.328529 0.235228
vt 0.225227 0.237074
vt 0.225227 0.233600
vt 0.012399 0.209501
vt 0.122285 0.211347
vt 0.012279 0.212975
vt 0.122285 0.214820
vt 0.438654 0.219597
vt 0.328649 0.218294
vt 0.438774 0.216232
vt 0.328769 0.214929
vt 0.225467 0.216666
vt 0.225467 0.213301
vt 0.012758 0.188985
vt 0.122644 0.190939
vt 0.012638 0.192350
vt 0.122524 0.194413
vt 0.438894 0.199080
vt 0.329008 0.197886
vt 0.439013 0.195715
vt 0.329008 0.194521
vt 0.225706 0.196366
vt 0.225706 0.192893
vt 0.012998 0.168360
vt 0.122883 0.170531
vt 0.012878 0.171725
vt 0.122883 0.173896
vt 0.439253 0.178564
vt 0.329248 0.177587
vt 0.439253 0.175199
vt 0.329248 0.174113
vt 0.225946 0.175959
vt 0.226065 0.172594
vt 0.013357 0.147735
vt 0.123242 0.150015
vt 0.013237 0.151100
vt 0.123242 0.153488
vt 0.439492 0.158156
vt 0.329487 0.157179
vt 0.439492 0.154683
vt 0.329487 0.153814
vt 0.226305 0.155659
vt 0.226305 0.152294
vt 0.013716 0.127002
vt 0.123601 0.129607
vt 0.013596 0.130475
vt 0.123601 0.133081
vt 0.439612 0.137640
vt 0.329726 0.136880
vt 0.439732 0.134166
vt 0.329846 0.133515
vt 0.226664 0.135360
vt 0.226664 0.131887
vt 0.014195 0.106377
vt 0.124080 0.109199
vt 0.014075 0.109851
vt 0.123960 0.112564
vt 0.439851 0.117124
vt 0.329966 0.116581
vt 0.439971 0.113650
vt 0.330085 0.113107
vt 0.227023 0.115061
vt 0.227143 0.111587
vt 0.014554 0.085643
vt 0.124559 0.088683
vt 0.014434 0.089117
vt 0.124439 0.092157
vt 0.439971 0.096499
vt 0.330325 0.096282
vt 0.440091 0.093134
vt 0.330325 0.092808
vt 0.227502 0.094653
vt 0.227502 0.091288
vt 0.016349 0.083907
vt 0.124559 0.087163
vt 0.330445 0.091180
vt 0.438295 0.091288
vt 0.431831 0.489240
vt 0.323502 0.485440
vt 0.221517 0.482727
vt 0.323861 0.478819
vt 0.324340 0.465033
vt 0.431951 0.482184
vt 0.432430 0.468506
vt 0.221756 0.476105
vt 0.221995 0.462427
vt 0.118574 0.474477
vt 0.118813 0.460799
vt 0.011561 0.461016
vt 0.011441 0.474694
vt 0.324579 0.458411
vt 0.324938 0.444625
vt 0.432550 0.461559
vt 0.433028 0.447881
vt 0.222235 0.455806
vt 0.222355 0.442128
vt 0.118933 0.454177
vt 0.119172 0.440500
vt 0.011561 0.440500
vt 0.011441 0.454069
vt 0.325178 0.438003
vt 0.325537 0.424217
vt 0.433148 0.440826
vt 0.433507 0.427148
vt 0.222594 0.435398
vt 0.222833 0.421720
vt 0.119292 0.433878
vt 0.119531 0.420201
vt 0.011681 0.419875
vt 0.011561 0.433444
vt 0.325657 0.417487
vt 0.326016 0.403701
vt 0.433627 0.420092
vt 0.433986 0.406523
vt 0.222953 0.415099
vt 0.223073 0.401421
vt 0.119651 0.413579
vt 0.119771 0.399902
vt 0.011920 0.399359
vt 0.011681 0.412928
vt 0.326135 0.397079
vt 0.326375 0.383293
vt 0.434106 0.399467
vt 0.434465 0.385790
vt 0.223312 0.394800
vt 0.223432 0.381122
vt 0.119891 0.393280
vt 0.120130 0.379602
vt 0.012040 0.378842
vt 0.011801 0.392411
vt 0.326494 0.376563
vt 0.326734 0.362885
vt 0.434465 0.378842
vt 0.434824 0.365165
vt 0.223552 0.374500
vt 0.223671 0.360823
vt 0.120250 0.372872
vt 0.120369 0.359195
vt 0.012279 0.358326
vt 0.012040 0.371895
vt 0.326854 0.356155
vt 0.327093 0.342369
vt 0.434824 0.358218
vt 0.435183 0.344649
vt 0.223791 0.354093
vt 0.223911 0.340415
vt 0.120489 0.352573
vt 0.120609 0.338895
vt 0.012519 0.337918
vt 0.012279 0.351379
vt 0.327213 0.335747
vt 0.327332 0.321961
vt 0.435183 0.337593
vt 0.435542 0.324024
vt 0.224030 0.333793
vt 0.224270 0.320116
vt 0.120728 0.332165
vt 0.120848 0.318488
vt 0.012758 0.317402
vt 0.012519 0.330862
vt 0.327452 0.315231
vt 0.327691 0.301553
vt 0.435542 0.317076
vt 0.435901 0.303399
vt 0.224390 0.313386
vt 0.224509 0.299708
vt 0.120968 0.311866
vt 0.121207 0.298080
vt 0.012998 0.296886
vt 0.012758 0.310455
vt 0.327811 0.294823
vt 0.327931 0.281037
vt 0.435901 0.296451
vt 0.436141 0.282882
vt 0.224629 0.293086
vt 0.224749 0.279409
vt 0.121207 0.291458
vt 0.121447 0.277672
vt 0.013237 0.276369
vt 0.012998 0.289938
vt 0.328051 0.274415
vt 0.328170 0.260629
vt 0.436141 0.275935
vt 0.436380 0.262366
vt 0.224868 0.272679
vt 0.224988 0.259001
vt 0.121447 0.271050
vt 0.121686 0.257264
vt 0.013596 0.255853
vt 0.013237 0.269422
vt 0.328290 0.254008
vt 0.328410 0.240330
vt 0.436380 0.255419
vt 0.436739 0.241850
vt 0.224988 0.252379
vt 0.225227 0.238702
vt 0.121806 0.250643
vt 0.121925 0.236856
vt 0.013835 0.235337
vt 0.013476 0.248906
vt 0.328529 0.233600
vt 0.328649 0.219922
vt 0.436739 0.234903
vt 0.436978 0.221334
vt 0.225227 0.231972
vt 0.225467 0.218294
vt 0.122045 0.230235
vt 0.122165 0.216449
vt 0.014075 0.214712
vt 0.013835 0.228281
vt 0.328769 0.213192
vt 0.329008 0.199515
vt 0.436978 0.214386
vt 0.437218 0.200817
vt 0.225587 0.211672
vt 0.225706 0.197995
vt 0.122285 0.209827
vt 0.122404 0.196041
vt 0.014434 0.194195
vt 0.014075 0.207764
vt 0.329128 0.192893
vt 0.329248 0.179107
vt 0.437218 0.193870
vt 0.437457 0.180409
vt 0.225826 0.191265
vt 0.225946 0.177587
vt 0.122524 0.189311
vt 0.122763 0.175525
vt 0.014673 0.173571
vt 0.014434 0.187140
vt 0.329367 0.172485
vt 0.329487 0.158808
vt 0.437457 0.173353
vt 0.437697 0.159893
vt 0.226065 0.170965
vt 0.226305 0.157288
vt 0.122883 0.168903
vt 0.123122 0.155117
vt 0.015032 0.152946
vt 0.014673 0.166623
vt 0.329607 0.152186
vt 0.329726 0.138508
vt 0.437697 0.152946
vt 0.437936 0.139377
vt 0.226424 0.150666
vt 0.226544 0.136989
vt 0.123242 0.148495
vt 0.123482 0.134709
vt 0.015392 0.132321
vt 0.015032 0.145998
vt 0.329846 0.131887
vt 0.330085 0.118101
vt 0.437936 0.132429
vt 0.438175 0.118860
vt 0.226784 0.130258
vt 0.227023 0.116581
vt 0.123601 0.127979
vt 0.123960 0.114193
vt 0.015870 0.111696
vt 0.015392 0.125265
vt 0.330205 0.111479
vt 0.330325 0.097801
vt 0.438175 0.111913
vt 0.438295 0.098344
vt 0.227143 0.109959
vt 0.227382 0.096282
vt 0.124080 0.107571
vt 0.124439 0.093785
vt 0.016229 0.090963
vt 0.015870 0.104640
vt 0.011681 0.481750
vt 0.118334 0.481098
vt 0.227621 0.089660
vt 0.072250 0.764636
vt 0.072250 0.794271
vt 0.058245 0.764636
vt 0.058245 0.794271
vt 0.058245 0.823906
vt 0.072250 0.823906
vt 0.285557 0.734242
vt 0.271552 0.734784
vt 0.285437 0.727946
vt 0.271432 0.728488
vt 0.857368 0.788301
vt 0.843363 0.787649
vt 0.858206 0.758883
vt 0.844201 0.757580
vt 0.845039 0.728488
vt 0.859044 0.729465
vt 0.631612 0.050256
vt 0.629937 0.019210
vt 0.631612 0.020621
vt 0.634605 0.014650
vt 0.629937 0.050256
vt 0.631612 0.079890
vt 0.629937 0.081301
vt 0.636041 0.084232
vt 0.634605 0.085861
vt 0.665368 0.084232
vt 0.665368 0.085861
vt 0.696131 0.085861
vt 0.694814 0.084232
vt 0.700799 0.081301
vt 0.699243 0.079890
vt 0.700799 0.079347
vt 0.699243 0.078045
vt 0.699243 0.066972
vt 0.700799 0.067841
vt 0.700799 0.031910
vt 0.699243 0.032670
vt 0.700799 0.019210
vt 0.699243 0.020621
vt 0.696131 0.014650
vt 0.694814 0.016170
vt 0.665368 0.014650
vt 0.665368 0.016170
vt 0.636041 0.016170
vt 0.032629 0.768218
vt 0.032629 0.799264
vt 0.019461 0.768218
vt 0.019461 0.799264
vt 0.032629 0.830310
vt 0.019461 0.830310
vt 0.910755 0.749330
vt 0.910276 0.780159
vt 0.897708 0.749113
vt 0.897109 0.779942
vt 0.896630 0.810662
vt 0.909678 0.810879
vt 0.910875 0.742817
vt 0.897827 0.742600
vt 0.712291 0.821083
vt 0.712291 0.790254
vt 0.725458 0.821083
vt 0.725458 0.790254
vt 0.725458 0.759426
vt 0.712291 0.759426
vt 0.725458 0.827596
vt 0.712291 0.827596
vt 0.287233 0.792968
vt 0.273228 0.793945
vt 0.286395 0.763551
vt 0.272509 0.764853
vt 0.859284 0.723278
vt 0.845279 0.722192
vt 0.252040 0.765179
vt 0.265208 0.765179
vt 0.252040 0.777771
vt 0.265208 0.777771
vt 0.252040 0.813702
vt 0.265208 0.813702
vt 0.265208 0.825317
vt 0.252040 0.825317
vt 0.252040 0.827162
vt 0.265208 0.827162
vt 0.896511 0.817284
vt 0.909678 0.817501
vt 0.712291 0.752913
vt 0.725458 0.752913
vt 0.843124 0.793945
vt 0.857129 0.794488
vt 0.818944 0.823146
vt 0.818944 0.821300
vt 0.832949 0.823146
vt 0.832949 0.821300
vt 0.818944 0.810337
vt 0.832949 0.810337
vt 0.818944 0.776034
vt 0.832949 0.776034
vt 0.818944 0.763876
vt 0.832949 0.763876
vt 0.273467 0.800241
vt 0.287472 0.799264
vt 0.214454 0.776468
vt 0.198774 0.776468
vt 0.218644 0.715354
vt 0.198774 0.715354
vt 0.601926 0.087163
vt 0.612580 0.076525
vt 0.627183 0.121574
vt 0.689548 0.063282
vt 0.691223 0.063282
vt 0.689548 0.066538
vt 0.691223 0.067190
vt 0.681528 0.074571
vt 0.682246 0.076199
vt 0.678415 0.074571
vt 0.678415 0.076199
vt 0.990237 0.499769
vt 0.988561 0.499769
vt 0.990237 0.466010
vt 0.988561 0.466010
vt 0.990237 0.433444
vt 0.988561 0.433444
vt 0.990237 0.400227
vt 0.988561 0.400227
vt 0.980541 0.606693
vt 0.980541 0.620805
vt 0.978865 0.620805
vt 0.978865 0.653153
vt 0.980541 0.653153
vt 0.978865 0.686696
vt 0.980541 0.686696
vt 0.978865 0.716765
vt 0.980541 0.716765
vt 0.978865 0.750416
vt 0.980541 0.750416
vt 0.978865 0.767024
vt 0.980541 0.767024
vt 0.978865 0.797093
vt 0.980541 0.797093
vt 0.978865 0.847461
vt 0.980541 0.847461
vt 0.978865 0.880570
vt 0.980541 0.880570
vt 0.978865 0.606693
vt 0.980541 0.560884
vt 0.978865 0.560884
vt 0.980541 0.499769
vt 0.978865 0.499769
vt 0.990237 0.395342
vt 0.988561 0.395342
vt 0.990237 0.334336
vt 0.988561 0.334336
vt 0.990237 0.288419
vt 0.988561 0.288419
vt 0.990237 0.274415
vt 0.988561 0.274415
vt 0.990237 0.241958
vt 0.988561 0.241958
vt 0.990237 0.208416
vt 0.988561 0.208416
vt 0.990237 0.178347
vt 0.988561 0.178347
vt 0.990237 0.144804
vt 0.988561 0.144804
vt 0.990237 0.128087
vt 0.988561 0.128087
vt 0.990237 0.098018
vt 0.988561 0.098018
vt 0.990237 0.047650
vt 0.988561 0.047650
vt 0.990237 0.014650
vt 0.988561 0.014650
vt 0.990237 0.604196
vt 0.988561 0.604196
vt 0.990237 0.570979
vt 0.988561 0.570979
vt 0.990237 0.538414
vt 0.988561 0.538414
vt 0.990237 0.504654
vt 0.988561 0.504654
vt 0.506764 0.081301
vt 0.506764 0.083038
vt 0.504011 0.081301
vt 0.503293 0.083038
vt 0.495991 0.073377
vt 0.494315 0.074028
vt 0.495991 0.070121
vt 0.494315 0.070121
vt 0.969169 0.400227
vt 0.970845 0.400227
vt 0.969169 0.461342
vt 0.970845 0.461342
vt 0.969169 0.507151
vt 0.970845 0.507151
vt 0.969169 0.521263
vt 0.970845 0.521263
vt 0.969169 0.553611
vt 0.970845 0.553611
vt 0.969169 0.587154
vt 0.970845 0.587154
vt 0.969169 0.617223
vt 0.970845 0.617223
vt 0.969169 0.650874
vt 0.970845 0.650874
vt 0.969169 0.667482
vt 0.970845 0.667482
vt 0.969169 0.697660
vt 0.970845 0.697660
vt 0.969169 0.747919
vt 0.970845 0.747919
vt 0.969169 0.781136
vt 0.970845 0.781136
vt 0.969169 0.814136
vt 0.970845 0.814136
vt 0.969169 0.846702
vt 0.970845 0.846702
vt 0.969169 0.880570
vt 0.970845 0.880570
vt 0.691223 0.034190
vt 0.689548 0.034190
vt 0.691223 0.030065
vt 0.689548 0.030716
vt 0.682246 0.021055
vt 0.681528 0.022792
vt 0.678415 0.021055
vt 0.678415 0.022792
vt 0.980541 0.494884
vt 0.978865 0.494884
vt 0.980541 0.433878
vt 0.978865 0.433878
vt 0.980541 0.388069
vt 0.978865 0.388069
vt 0.980541 0.373958
vt 0.978865 0.373958
vt 0.980541 0.341609
vt 0.978865 0.341609
vt 0.980541 0.307958
vt 0.978865 0.307958
vt 0.980541 0.277889
vt 0.978865 0.277889
vt 0.980541 0.244346
vt 0.978865 0.244346
vt 0.980541 0.227629
vt 0.978865 0.227629
vt 0.980541 0.197561
vt 0.978865 0.197561
vt 0.980541 0.147192
vt 0.978865 0.147192
vt 0.980541 0.114193
vt 0.978865 0.114193
vt 0.980541 0.080976
vt 0.978865 0.080976
vt 0.980541 0.048410
vt 0.978865 0.048410
vt 0.980541 0.014650
vt 0.978865 0.014650
vt 0.835224 0.038858
vt 0.833428 0.038858
vt 0.835224 0.035492
vt 0.833428 0.034733
vt 0.843124 0.027460
vt 0.842406 0.025723
vt 0.846236 0.027460
vt 0.846236 0.025723
vt 0.315841 0.625907
vt 0.281247 0.625907
vt 0.281247 0.593450
vt 0.246774 0.625907
vt 0.246774 0.593450
vt 0.227861 0.593450
vt 0.227861 0.578795
vt 0.246774 0.578795
vt 0.227861 0.625907
vt 0.227861 0.676926
vt 0.246774 0.676926
vt 0.246774 0.706995
vt 0.227861 0.706995
vt 0.334754 0.578795
vt 0.315841 0.593450
vt 0.315841 0.578795
vt 0.281247 0.578795
vt 0.281247 0.560233
vt 0.246774 0.560233
vt 0.334754 0.593450
vt 0.334754 0.625907
vt 0.315841 0.676926
vt 0.334754 0.676926
vt 0.315841 0.706995
vt 0.334754 0.706995
vt 0.315841 0.560233
vt 0.281247 0.527776
vt 0.246774 0.527776
vt 0.227861 0.560233
vt 0.227861 0.527776
vt 0.246774 0.510733
vt 0.227861 0.510733
vt 0.281247 0.510733
vt 0.315841 0.527776
vt 0.334754 0.527776
vt 0.334754 0.560233
vt 0.315841 0.510733
vt 0.334754 0.510733
vt 0.087332 0.668025
vt 0.104329 0.668025
vt 0.087332 0.688867
vt 0.104329 0.688867
vt 0.104329 0.757906
vt 0.087332 0.757906
vt 0.087332 0.778639
vt 0.104329 0.778639
vt 0.667882 0.111479
vt 0.649328 0.111479
vt 0.667882 0.090745
vt 0.649328 0.090745
vt 0.591153 0.014650
vt 0.609707 0.014650
vt 0.591153 0.035384
vt 0.609707 0.035384
vt 0.659024 0.155117
vt 0.686555 0.155117
vt 0.659024 0.224047
vt 0.686555 0.224047
vt 0.754066 0.748028
vt 0.726894 0.748028
vt 0.754066 0.679097
vt 0.726894 0.679097
vt 0.164778 0.520503
vt 0.191951 0.520503
vt 0.164778 0.582052
vt 0.191951 0.582052
vt 0.191951 0.599094
vt 0.164778 0.599094
vt 0.164778 0.629163
vt 0.191951 0.629163
vt 0.164778 0.680183
vt 0.191951 0.680183
vt 0.051422 0.506500
vt 0.051422 0.568049
vt 0.024249 0.506500
vt 0.024249 0.568049
vt 0.024249 0.585091
vt 0.051422 0.585091
vt 0.024249 0.615160
vt 0.051422 0.615160
vt 0.024249 0.666180
vt 0.051422 0.666180
vt 0.962346 0.613315
vt 0.935174 0.613315
vt 0.962346 0.578795
vt 0.935174 0.578795
vt 0.962346 0.544276
vt 0.935174 0.544276
vt 0.790815 0.186163
vt 0.793209 0.188659
vt 0.779682 0.186163
vt 0.779682 0.188659
vt 0.774775 0.186163
vt 0.775134 0.188659
vt 0.747842 0.194847
vt 0.750236 0.196692
vt 0.747842 0.215580
vt 0.750356 0.215580
vt 0.722106 0.194847
vt 0.721987 0.215580
vt 0.742455 0.220031
vt 0.742455 0.280386
vt 0.727493 0.220031
vt 0.727373 0.280386
vt 0.721987 0.284836
vt 0.747842 0.284836
vt 0.722106 0.305570
vt 0.747842 0.305570
vt 0.750356 0.284836
vt 0.775732 0.215580
vt 0.775732 0.284836
vt 0.750236 0.303833
vt 0.774775 0.314254
vt 0.775134 0.311757
vt 0.779682 0.314254
vt 0.779682 0.311757
vt 0.790695 0.314254
vt 0.793089 0.311757
vt 0.329607 0.728814
vt 0.329607 0.745531
vt 0.930984 0.032127
vt 0.930984 0.015410
vt 0.760770 0.319139
vt 0.800032 0.319139
vt 0.760770 0.338135
vt 0.800032 0.338135
vt 0.760770 0.407066
vt 0.800032 0.407066
vt 0.760770 0.426063
vt 0.800032 0.426063
vt 0.806136 0.327280
vt 0.806855 0.327280
vt 0.806855 0.338135
vt 0.806855 0.407066
vt 0.806136 0.417921
vt 0.806855 0.417921
vt 0.309377 0.711771
vt 0.309377 0.727186
vt 0.301238 0.716439
vt 0.301238 0.727186
vt 0.309497 0.796225
vt 0.316679 0.727186
vt 0.316679 0.796225
vt 0.316679 0.811531
vt 0.309497 0.811531
vt 0.301238 0.796225
vt 0.301357 0.806971
vt 0.300639 0.806971
vt 0.300519 0.796225
vt 0.300519 0.727186
vt 0.300519 0.716439
vt 0.316679 0.711771
vt 0.901418 0.124614
vt 0.908600 0.124722
vt 0.901299 0.148169
vt 0.908481 0.148278
vt 0.916740 0.148495
vt 0.916740 0.150992
vt 0.917458 0.148495
vt 0.917458 0.150992
vt 0.908481 0.150775
vt 0.901299 0.150666
vt 0.916740 0.129281
vt 0.917578 0.129281
vt 0.893279 0.146433
vt 0.892560 0.146433
vt 0.893279 0.127327
vt 0.892560 0.127327
vt 0.884301 0.127545
vt 0.884421 0.125048
vt 0.877119 0.127545
vt 0.877119 0.125048
vt 0.892560 0.124831
vt 0.893279 0.124831
vt 0.884301 0.151100
vt 0.877119 0.150992
vt 0.674585 0.245649
vt 0.671473 0.245649
vt 0.669558 0.240764
vt 0.650405 0.240764
vt 0.644540 0.245649
vt 0.650405 0.230018
vt 0.644540 0.232080
vt 0.650405 0.160979
vt 0.644540 0.158808
vt 0.650405 0.150232
vt 0.644540 0.145239
vt 0.669558 0.150232
vt 0.671473 0.145239
vt 0.671952 0.150232
vt 0.674585 0.145239
vt 0.671952 0.240764
vt 0.875324 0.279409
vt 0.874486 0.265840
vt 0.907403 0.277455
vt 0.906565 0.263886
vt 0.869937 0.192784
vt 0.902137 0.190830
vt 0.869219 0.179215
vt 0.901299 0.177261
vt 0.936850 0.842577
vt 0.925478 0.842577
vt 0.936850 0.829008
vt 0.925478 0.829008
vt 0.936850 0.755735
vt 0.925598 0.755735
vt 0.936850 0.742166
vt 0.925598 0.742166
vt 0.863832 0.280169
vt 0.862994 0.266600
vt 0.858565 0.193436
vt 0.857728 0.179867
vt 0.212898 0.781353
vt 0.212898 0.792968
vt 0.208469 0.781353
vt 0.208469 0.792968
vt 0.212898 0.862007
vt 0.208469 0.862007
vt 0.212898 0.873731
vt 0.208469 0.873731
vt 0.639393 0.362560
vt 0.639393 0.382642
vt 0.634844 0.362560
vt 0.634844 0.382642
vt 0.639393 0.386007
vt 0.634844 0.386007
vt 0.920331 0.742600
vt 0.920331 0.754215
vt 0.915902 0.742600
vt 0.915902 0.754215
vt 0.920331 0.823254
vt 0.915783 0.823254
vt 0.920331 0.834978
vt 0.915783 0.834978
vt 0.648969 0.361800
vt 0.648969 0.365165
vt 0.644540 0.361800
vt 0.644540 0.365165
vt 0.648969 0.385247
vt 0.644540 0.385247
vt 0.091761 0.783524
vt 0.091761 0.795139
vt 0.087332 0.783524
vt 0.087332 0.795139
vt 0.091761 0.864178
vt 0.087332 0.864178
vt 0.091761 0.875902
vt 0.087332 0.875902
vt 0.862276 0.365491
vt 0.862276 0.385573
vt 0.857728 0.365491
vt 0.857728 0.385573
vt 0.862276 0.388938
vt 0.857728 0.388938
vt 0.246893 0.775057
vt 0.246893 0.786781
vt 0.242345 0.775057
vt 0.242345 0.786781
vt 0.246893 0.855820
vt 0.242345 0.855820
vt 0.246893 0.867544
vt 0.242345 0.867544
vt 0.561827 0.373415
vt 0.561827 0.376780
vt 0.557278 0.373415
vt 0.557278 0.376780
vt 0.561827 0.396971
vt 0.557278 0.396971
vt 0.566615 0.785261
vt 0.566615 0.796985
vt 0.562186 0.785261
vt 0.562186 0.796985
vt 0.566615 0.866024
vt 0.562186 0.866024
vt 0.566615 0.877639
vt 0.562186 0.877639
vt 0.736231 0.449401
vt 0.736231 0.469483
vt 0.731682 0.449401
vt 0.731682 0.469483
vt 0.736231 0.472848
vt 0.731682 0.472848
vt 0.639393 0.773755
vt 0.639393 0.785370
vt 0.634844 0.773755
vt 0.634844 0.785370
vt 0.639393 0.854517
vt 0.634844 0.854517
vt 0.639393 0.866132
vt 0.634844 0.866132
vt 0.745927 0.465033
vt 0.745927 0.468398
vt 0.741378 0.465033
vt 0.741378 0.468398
vt 0.745927 0.488480
vt 0.741378 0.488480
vt 0.222594 0.781353
vt 0.222594 0.792968
vt 0.218165 0.781353
vt 0.218165 0.792968
vt 0.222594 0.862007
vt 0.218165 0.862007
vt 0.222594 0.873731
vt 0.218165 0.873731
vt 0.552131 0.373415
vt 0.552131 0.393497
vt 0.547582 0.373415
vt 0.547582 0.393497
vt 0.552131 0.396862
vt 0.547582 0.396862
vt 0.576310 0.776794
vt 0.576310 0.788409
vt 0.571882 0.776794
vt 0.571882 0.788409
vt 0.576310 0.857448
vt 0.571882 0.857448
vt 0.576310 0.869172
vt 0.571882 0.869172
vt 0.571522 0.373523
vt 0.571522 0.376889
vt 0.566974 0.373523
vt 0.566974 0.376889
vt 0.571522 0.396971
vt 0.566974 0.396971
vt 0.101457 0.783524
vt 0.101457 0.795139
vt 0.097028 0.783524
vt 0.097028 0.795139
vt 0.101457 0.864178
vt 0.097028 0.864178
vt 0.101457 0.875902
vt 0.097028 0.875902
vt 0.542435 0.373415
vt 0.542435 0.393497
vt 0.537886 0.373415
vt 0.537886 0.393497
vt 0.542435 0.396862
vt 0.537886 0.396862
vt 0.082185 0.764636
vt 0.082185 0.776360
vt 0.077636 0.764636
vt 0.077636 0.776360
vt 0.082185 0.845399
vt 0.077636 0.845399
vt 0.082065 0.857123
vt 0.077636 0.857123
vt 0.581218 0.373523
vt 0.581218 0.376889
vt 0.576670 0.373523
vt 0.576670 0.376889
vt 0.581218 0.396971
vt 0.576670 0.396971
vt 0.111152 0.783524
vt 0.111152 0.795139
vt 0.106723 0.783524
vt 0.106723 0.795139
vt 0.111152 0.864178
vt 0.106723 0.864178
vt 0.111152 0.875902
vt 0.106723 0.875902
vt 0.692660 0.375369
vt 0.692660 0.395559
vt 0.688111 0.375369
vt 0.688111 0.395559
vt 0.692660 0.398925
vt 0.688111 0.398925
vt 0.203322 0.781353
vt 0.203202 0.792968
vt 0.198774 0.781353
vt 0.198774 0.792968
vt 0.203202 0.862116
vt 0.198774 0.862116
vt 0.203202 0.873731
vt 0.198774 0.873731
vt 0.813797 0.478493
vt 0.813797 0.481858
vt 0.809249 0.478493
vt 0.809249 0.481858
vt 0.813797 0.501940
vt 0.809249 0.501940
vt 0.232290 0.784393
vt 0.232290 0.796008
vt 0.227861 0.784393
vt 0.227861 0.796008
vt 0.232290 0.865047
vt 0.227861 0.865047
vt 0.232290 0.876770
vt 0.227861 0.876770
vt 0.590914 0.373632
vt 0.590914 0.393714
vt 0.586365 0.373632
vt 0.586365 0.393714
vt 0.590914 0.397079
vt 0.586365 0.397079
vt 0.629697 0.773755
vt 0.629697 0.785370
vt 0.625148 0.773755
vt 0.625148 0.785370
vt 0.629697 0.854517
vt 0.625148 0.854517
vt 0.629697 0.866132
vt 0.625148 0.866132
vt 0.707144 0.465575
vt 0.707144 0.468941
vt 0.702595 0.465575
vt 0.702595 0.468941
vt 0.707144 0.489023
vt 0.702595 0.489023
vt 0.498864 0.785261
vt 0.498864 0.796985
vt 0.494315 0.785261
vt 0.494315 0.796985
vt 0.498864 0.866024
vt 0.494315 0.866024
vt 0.498864 0.877639
vt 0.494315 0.877639
vt 0.905847 0.448207
vt 0.905847 0.468289
vt 0.901299 0.448207
vt 0.901299 0.468289
vt 0.905847 0.471654
vt 0.901299 0.471654
vt 0.014314 0.768218
vt 0.014314 0.779942
vt 0.009766 0.768218
vt 0.009766 0.779942
vt 0.014314 0.848981
vt 0.009766 0.848981
vt 0.014314 0.860705
vt 0.009766 0.860705
vt 0.716839 0.494016
vt 0.716839 0.497381
vt 0.712291 0.494016
vt 0.712291 0.497381
vt 0.716839 0.517463
vt 0.712291 0.517463
vt 0.673627 0.090745
vt 0.680331 0.090745
vt 0.673627 0.109851
vt 0.680331 0.109851
vt 0.673627 0.112347
vt 0.680331 0.112347
vt 0.421657 0.769847
vt 0.428360 0.769847
vt 0.421657 0.780593
vt 0.428360 0.780593
vt 0.421657 0.849632
vt 0.428360 0.849632
vt 0.421657 0.860379
vt 0.428360 0.860379
vt 0.445836 0.141873
vt 0.452659 0.141873
vt 0.445836 0.144370
vt 0.452659 0.144370
vt 0.445836 0.163584
vt 0.452659 0.163584
vt 0.413876 0.860705
vt 0.407053 0.860705
vt 0.413876 0.849958
vt 0.407053 0.849958
vt 0.413876 0.780919
vt 0.407053 0.780919
vt 0.413876 0.770172
vt 0.407053 0.770172
vt 0.804341 0.542322
vt 0.808890 0.542322
vt 0.804341 0.561535
vt 0.808890 0.561535
vt 0.804341 0.564032
vt 0.808890 0.564032
vt 0.513707 0.786998
vt 0.518255 0.786998
vt 0.513707 0.797745
vt 0.518255 0.797745
vt 0.513707 0.866784
vt 0.518255 0.866784
vt 0.513707 0.877530
vt 0.518255 0.877530
vt 0.208469 0.526690
vt 0.212898 0.526690
vt 0.208469 0.529187
vt 0.212898 0.529187
vt 0.208469 0.548401
vt 0.212898 0.548401
vt 0.842885 0.889471
vt 0.838336 0.889471
vt 0.842885 0.878724
vt 0.838336 0.878724
vt 0.842885 0.809794
vt 0.838336 0.809794
vt 0.842885 0.798939
vt 0.838336 0.798939
vt 0.072728 0.506065
vt 0.077277 0.506065
vt 0.072728 0.525171
vt 0.077277 0.525171
vt 0.072728 0.527667
vt 0.077277 0.527667
vt 0.523403 0.787324
vt 0.527951 0.787324
vt 0.523403 0.798070
vt 0.527951 0.798070
vt 0.523403 0.867109
vt 0.527951 0.867109
vt 0.523403 0.877856
vt 0.527951 0.877856
vt 0.910994 0.392954
vt 0.915543 0.392954
vt 0.910994 0.395451
vt 0.915543 0.395451
vt 0.910994 0.414556
vt 0.915543 0.414556
vt 0.556919 0.878507
vt 0.552490 0.878507
vt 0.556919 0.867761
vt 0.552490 0.867761
vt 0.556919 0.798722
vt 0.552490 0.798722
vt 0.556919 0.787975
vt 0.552490 0.787975
vt 0.688111 0.519309
vt 0.692660 0.519309
vt 0.688111 0.538414
vt 0.692660 0.538414
vt 0.688111 0.540911
vt 0.692660 0.540911
vt 0.504011 0.786672
vt 0.508560 0.786672
vt 0.504011 0.797419
vt 0.508560 0.797419
vt 0.504011 0.866458
vt 0.508560 0.866458
vt 0.504011 0.877205
vt 0.508560 0.877205
vt 0.751074 0.509105
vt 0.755623 0.509105
vt 0.751074 0.511602
vt 0.755623 0.511602
vt 0.751074 0.530707
vt 0.755623 0.530707
vt 0.179023 0.880244
vt 0.174474 0.880244
vt 0.179023 0.869497
vt 0.174474 0.869497
vt 0.179023 0.800567
vt 0.174474 0.800567
vt 0.179023 0.789712
vt 0.174474 0.789712
vt 0.063033 0.506065
vt 0.067581 0.506065
vt 0.063033 0.525279
vt 0.067581 0.525279
vt 0.063033 0.527776
vt 0.067581 0.527776
vt 0.474924 0.785478
vt 0.479472 0.785478
vt 0.474924 0.796225
vt 0.479472 0.796225
vt 0.474924 0.865264
vt 0.479472 0.865264
vt 0.474924 0.876011
vt 0.479472 0.876011
vt 0.741378 0.512253
vt 0.745927 0.512253
vt 0.741378 0.514750
vt 0.745927 0.514750
vt 0.741378 0.533963
vt 0.745927 0.533963
vt 0.469777 0.884803
vt 0.465228 0.884803
vt 0.469777 0.874057
vt 0.465228 0.874057
vt 0.469777 0.805018
vt 0.465228 0.805018
vt 0.469777 0.794271
vt 0.465228 0.794271
vt 0.135691 0.519634
vt 0.140240 0.519634
vt 0.135691 0.538848
vt 0.140240 0.538848
vt 0.135691 0.541345
vt 0.140240 0.541345
vt 0.533098 0.787649
vt 0.537527 0.787649
vt 0.533098 0.798396
vt 0.537527 0.798396
vt 0.533098 0.867435
vt 0.537647 0.867435
vt 0.533098 0.878182
vt 0.537647 0.878182
vt 0.731682 0.512578
vt 0.736231 0.512578
vt 0.731682 0.515075
vt 0.736231 0.515075
vt 0.731682 0.534289
vt 0.736231 0.534289
vt 0.460081 0.884912
vt 0.455532 0.884912
vt 0.460081 0.874165
vt 0.455532 0.874165
vt 0.460081 0.805126
vt 0.455532 0.805126
vt 0.460081 0.794379
vt 0.455532 0.794379
vt 0.082424 0.505957
vt 0.086973 0.505957
vt 0.082424 0.525062
vt 0.086973 0.525062
vt 0.082424 0.527559
vt 0.086973 0.527559
vt 0.484619 0.785478
vt 0.489168 0.785478
vt 0.484619 0.796225
vt 0.489168 0.796225
vt 0.484619 0.865264
vt 0.489168 0.865264
vt 0.484619 0.876011
vt 0.489168 0.876011
vt 0.533098 0.500204
vt 0.537527 0.500204
vt 0.533098 0.502700
vt 0.537527 0.502700
vt 0.533098 0.521914
vt 0.537527 0.521914
vt 0.547223 0.878507
vt 0.542794 0.878507
vt 0.547223 0.867761
vt 0.542794 0.867761
vt 0.547223 0.798722
vt 0.542794 0.798722
vt 0.547223 0.787975
vt 0.542794 0.787975
vt 0.726894 0.168034
vt 0.731443 0.168034
vt 0.726894 0.187248
vt 0.731443 0.187248
vt 0.726894 0.189745
vt 0.731443 0.189745
vt 0.465228 0.631552
vt 0.469777 0.631552
vt 0.465228 0.642298
vt 0.469777 0.642298
vt 0.465228 0.711337
vt 0.469777 0.711337
vt 0.465228 0.722084
vt 0.469777 0.722084
vt 0.959473 0.499769
vt 0.964022 0.499769
vt 0.959473 0.502266
vt 0.964022 0.502266
vt 0.959473 0.521480
vt 0.964022 0.521480
vt 0.193626 0.880136
vt 0.189078 0.880136
vt 0.193626 0.869389
vt 0.189078 0.869389
vt 0.193626 0.800350
vt 0.189078 0.800350
vt 0.193626 0.789603
vt 0.189078 0.789603
vt 0.378924 0.632420
vt 0.378924 0.643167
vt 0.377966 0.643167
vt 0.377966 0.712206
vt 0.378924 0.712206
vt 0.377966 0.723929
vt 0.378924 0.722952
vt 0.398076 0.723929
vt 0.398076 0.722952
vt 0.401427 0.723929
vt 0.400589 0.722952
vt 0.402026 0.712206
vt 0.401188 0.712206
vt 0.402026 0.643167
vt 0.401188 0.643167
vt 0.401427 0.631552
vt 0.400589 0.632420
vt 0.398076 0.631552
vt 0.398076 0.632420
vt 0.377966 0.631552
vt 0.851742 0.627101
vt 0.851742 0.616354
vt 0.852700 0.615377
vt 0.832590 0.615377
vt 0.832590 0.616354
vt 0.829239 0.615377
vt 0.830077 0.616354
vt 0.828640 0.627101
vt 0.829598 0.627101
vt 0.828640 0.696140
vt 0.829598 0.696140
vt 0.829239 0.707755
vt 0.830077 0.706887
vt 0.832590 0.707755
vt 0.832590 0.706887
vt 0.852700 0.707755
vt 0.851742 0.706887
vt 0.852700 0.696140
vt 0.851742 0.696140
vt 0.852700 0.627101
vt 0.897349 0.646206
vt 0.897349 0.656953
vt 0.896511 0.656953
vt 0.896511 0.725992
vt 0.897349 0.725992
vt 0.896511 0.737715
vt 0.897349 0.736738
vt 0.916501 0.737715
vt 0.916501 0.736738
vt 0.919972 0.737715
vt 0.919014 0.736738
vt 0.920451 0.725992
vt 0.919613 0.725992
vt 0.920451 0.656953
vt 0.919613 0.656953
vt 0.919972 0.645338
vt 0.919014 0.646206
vt 0.916501 0.645338
vt 0.916501 0.646206
vt 0.896511 0.645338
vt 0.154005 0.673127
vt 0.154005 0.662380
vt 0.154963 0.661512
vt 0.134853 0.661512
vt 0.134853 0.662380
vt 0.131502 0.661512
vt 0.132339 0.662380
vt 0.130903 0.673127
vt 0.131861 0.673127
vt 0.130903 0.742166
vt 0.131861 0.742166
vt 0.131502 0.753890
vt 0.132339 0.752913
vt 0.134853 0.753890
vt 0.134853 0.752913
vt 0.154963 0.753890
vt 0.154005 0.752913
vt 0.154963 0.742166
vt 0.154005 0.742166
vt 0.154963 0.673127
vt 0.272390 0.631660
vt 0.272390 0.642407
vt 0.271432 0.642407
vt 0.271432 0.711446
vt 0.272390 0.711446
vt 0.271432 0.723061
vt 0.272390 0.722192
vt 0.291542 0.723061
vt 0.291542 0.722192
vt 0.294893 0.723061
vt 0.294055 0.722192
vt 0.295492 0.711446
vt 0.294534 0.711446
vt 0.295492 0.642407
vt 0.294534 0.642407
vt 0.294893 0.630683
vt 0.294055 0.631660
vt 0.291542 0.630683
vt 0.291542 0.631660
vt 0.271432 0.630683
vt 0.459243 0.643275
vt 0.459243 0.632420
vt 0.460200 0.631552
vt 0.440091 0.631552
vt 0.440091 0.632420
vt 0.436739 0.631552
vt 0.437577 0.632420
vt 0.436141 0.643167
vt 0.437098 0.643275
vt 0.436141 0.712314
vt 0.437098 0.712206
vt 0.436739 0.723929
vt 0.437577 0.722952
vt 0.440091 0.723929
vt 0.440091 0.723061
vt 0.460200 0.723929
vt 0.459243 0.722952
vt 0.460200 0.712206
vt 0.459243 0.712206
vt 0.460200 0.643275
vt 0.199611 0.521805
vt 0.199611 0.532661
vt 0.198774 0.532661
vt 0.198774 0.601591
vt 0.199611 0.601591
vt 0.198774 0.613315
vt 0.199611 0.612338
vt 0.218883 0.613315
vt 0.218883 0.612338
vt 0.222235 0.613315
vt 0.221277 0.612338
vt 0.222833 0.601700
vt 0.221876 0.601591
vt 0.222833 0.532552
vt 0.221876 0.532661
vt 0.222235 0.520937
vt 0.221277 0.521805
vt 0.218883 0.520937
vt 0.218883 0.521805
vt 0.198774 0.520937
vt 0.032868 0.682679
vt 0.032868 0.671933
vt 0.033826 0.671064
vt 0.013716 0.671064
vt 0.013716 0.671933
vt 0.010364 0.671064
vt 0.011202 0.671933
vt 0.009766 0.682679
vt 0.010723 0.682679
vt 0.009766 0.751719
vt 0.010723 0.751719
vt 0.010364 0.763442
vt 0.011202 0.762465
vt 0.013716 0.763442
vt 0.013716 0.762465
vt 0.033826 0.763442
vt 0.032868 0.762465
vt 0.033826 0.751719
vt 0.032868 0.751719
vt 0.033826 0.682679
vt 0.698765 0.654564
vt 0.698765 0.665311
vt 0.697807 0.665311
vt 0.697807 0.734350
vt 0.698765 0.734350
vt 0.697807 0.746074
vt 0.698765 0.745097
vt 0.717917 0.746074
vt 0.717917 0.745097
vt 0.721268 0.746074
vt 0.720430 0.745097
vt 0.721867 0.734350
vt 0.720909 0.734350
vt 0.721867 0.665311
vt 0.720909 0.665311
vt 0.721268 0.653696
vt 0.720430 0.654564
vt 0.717917 0.653696
vt 0.717917 0.654564
vt 0.697807 0.653696
vt 0.221876 0.629815
vt 0.221876 0.619068
vt 0.222833 0.618200
vt 0.202724 0.618200
vt 0.202724 0.619068
vt 0.199252 0.618200
vt 0.200210 0.619068
vt 0.198774 0.629815
vt 0.199611 0.629815
vt 0.198774 0.698854
vt 0.199611 0.698854
vt 0.199252 0.710577
vt 0.200210 0.709600
vt 0.202724 0.710577
vt 0.202724 0.709600
vt 0.222833 0.710577
vt 0.221876 0.709600
vt 0.222833 0.698854
vt 0.221876 0.698854
vt 0.222833 0.629815
vt 0.926436 0.645880
vt 0.926436 0.656627
vt 0.925478 0.656627
vt 0.925478 0.725666
vt 0.926436 0.725666
vt 0.925478 0.737281
vt 0.926436 0.736413
vt 0.945588 0.737390
vt 0.945588 0.736413
vt 0.949059 0.737281
vt 0.948102 0.736413
vt 0.949538 0.725666
vt 0.948700 0.725666
vt 0.949538 0.656627
vt 0.948700 0.656627
vt 0.949059 0.644903
vt 0.948102 0.645880
vt 0.945588 0.644903
vt 0.945588 0.645880
vt 0.925478 0.644903
vt 0.430156 0.643167
vt 0.430156 0.632420
vt 0.431113 0.631552
vt 0.411003 0.631552
vt 0.411003 0.632420
vt 0.407652 0.631552
vt 0.408490 0.632420
vt 0.407053 0.643167
vt 0.408011 0.643167
vt 0.407053 0.712206
vt 0.408011 0.712206
vt 0.407652 0.723929
vt 0.408490 0.722952
vt 0.411003 0.723929
vt 0.411003 0.722952
vt 0.431113 0.723929
vt 0.430156 0.722952
vt 0.431113 0.712206
vt 0.430156 0.712206
vt 0.431113 0.643167
vt 0.059202 0.668351
vt 0.059202 0.679097
vt 0.058245 0.679097
vt 0.058245 0.748136
vt 0.059202 0.748136
vt 0.058245 0.759860
vt 0.059202 0.758883
vt 0.078354 0.759860
vt 0.078354 0.758883
vt 0.081706 0.759860
vt 0.080748 0.758883
vt 0.082304 0.748136
vt 0.081347 0.748136
vt 0.082304 0.679097
vt 0.081347 0.679097
vt 0.081706 0.667482
vt 0.080748 0.668351
vt 0.078354 0.667482
vt 0.078354 0.668351
vt 0.058245 0.667482
vt 0.880830 0.588782
vt 0.880830 0.577927
vt 0.881787 0.577058
vt 0.861678 0.577058
vt 0.861678 0.577927
vt 0.858326 0.577058
vt 0.859164 0.577927
vt 0.857728 0.588673
vt 0.858565 0.588782
vt 0.857728 0.657821
vt 0.858565 0.657713
vt 0.858326 0.669436
vt 0.859164 0.668459
vt 0.861678 0.669436
vt 0.861678 0.668568
vt 0.881787 0.669436
vt 0.880830 0.668459
vt 0.881787 0.657713
vt 0.880830 0.657713
vt 0.881787 0.588782
vt 0.868261 0.675189
vt 0.868261 0.685936
vt 0.867423 0.685936
vt 0.867423 0.754975
vt 0.868261 0.754975
vt 0.867423 0.766699
vt 0.868261 0.765722
vt 0.887533 0.766699
vt 0.887533 0.765722
vt 0.890885 0.766699
vt 0.889927 0.765722
vt 0.891483 0.754975
vt 0.890526 0.754975
vt 0.891483 0.685936
vt 0.890526 0.685936
vt 0.890885 0.674321
vt 0.889927 0.675189
vt 0.887533 0.674321
vt 0.887533 0.675189
vt 0.867423 0.674321
vt 0.367193 0.643275
vt 0.367193 0.632420
vt 0.368150 0.631552
vt 0.348041 0.631552
vt 0.348041 0.632420
vt 0.344689 0.631552
vt 0.345527 0.632420
vt 0.344091 0.643167
vt 0.345048 0.643275
vt 0.344091 0.712314
vt 0.345048 0.712206
vt 0.344689 0.723929
vt 0.345527 0.722952
vt 0.348041 0.723929
vt 0.348041 0.723061
vt 0.368150 0.723929
vt 0.367193 0.722952
vt 0.368150 0.712206
vt 0.367193 0.712206
vt 0.368150 0.643275
vt 0.944870 0.014650
vt 0.944870 0.017147
vt 0.940082 0.014650
vt 0.940082 0.017147
vt 0.944870 0.041571
vt 0.940082 0.041571
vt 0.949778 0.116255
vt 0.949778 0.099972
vt 0.954566 0.116255
vt 0.954566 0.099972
vt 0.949778 0.030933
vt 0.954566 0.030933
vt 0.949778 0.014650
vt 0.954566 0.014650
vt 0.736590 0.014650
vt 0.736590 0.039075
vt 0.731682 0.014650
vt 0.731682 0.039075
vt 0.736590 0.041571
vt 0.731682 0.041571
vt 0.954566 0.227521
vt 0.954566 0.230018
vt 0.949778 0.227521
vt 0.949778 0.230018
vt 0.954566 0.254442
vt 0.949778 0.254442
vt 0.499103 0.555239
vt 0.499103 0.538957
vt 0.504011 0.555239
vt 0.504011 0.538957
vt 0.499103 0.469918
vt 0.504011 0.469918
vt 0.499103 0.453635
vt 0.504011 0.453635
vt 0.600849 0.097259
vt 0.600849 0.121791
vt 0.596061 0.097259
vt 0.596061 0.121791
vt 0.600849 0.124288
vt 0.596061 0.124288
vt 0.717199 0.230886
vt 0.717199 0.233383
vt 0.712291 0.230886
vt 0.712291 0.233383
vt 0.717199 0.257807
vt 0.712291 0.257807
vt 0.949778 0.222636
vt 0.949778 0.206353
vt 0.954566 0.222636
vt 0.954566 0.206353
vt 0.949778 0.137314
vt 0.954566 0.137314
vt 0.949778 0.121031
vt 0.954566 0.121031
vt 0.920690 0.254225
vt 0.920690 0.278757
vt 0.915783 0.254225
vt 0.915783 0.278757
vt 0.920690 0.281254
vt 0.915783 0.281254
vt 0.826126 0.147301
vt 0.818944 0.147301
vt 0.826126 0.144804
vt 0.818944 0.144804
vt 0.826126 0.121249
vt 0.818944 0.121249
vt 0.862516 0.125156
vt 0.869817 0.125156
vt 0.862516 0.127653
vt 0.869817 0.127653
vt 0.862516 0.151100
vt 0.869817 0.151100
vt 0.785069 0.293195
vt 0.785069 0.277889
vt 0.792251 0.293195
vt 0.792251 0.277889
vt 0.792251 0.208850
vt 0.785069 0.208850
vt 0.785069 0.193544
vt 0.792251 0.193544
vt 0.629937 0.317619
vt 0.634725 0.317619
vt 0.629937 0.320116
vt 0.634725 0.320116
vt 0.629937 0.343672
vt 0.634725 0.343672
vt 0.944870 0.841925
vt 0.944870 0.826619
vt 0.949778 0.841925
vt 0.949778 0.826619
vt 0.949778 0.757580
vt 0.944870 0.757580
vt 0.949778 0.742166
vt 0.944870 0.742166
vt 0.654236 0.360931
vt 0.659024 0.360931
vt 0.654236 0.384487
vt 0.659024 0.384487
vt 0.654236 0.386984
vt 0.659024 0.386984
vt 0.852820 0.264646
vt 0.857728 0.264646
vt 0.852820 0.267142
vt 0.857608 0.267142
vt 0.852820 0.290698
vt 0.857728 0.290698
vt 0.344091 0.610927
vt 0.344091 0.595512
vt 0.348879 0.610927
vt 0.348879 0.595512
vt 0.348879 0.526473
vt 0.344091 0.526473
vt 0.348879 0.511167
vt 0.344091 0.511167
vt 0.751074 0.314688
vt 0.755862 0.314688
vt 0.751074 0.338135
vt 0.755862 0.338135
vt 0.751074 0.340632
vt 0.755862 0.340632
vt 0.446794 0.019427
vt 0.445836 0.019427
vt 0.446794 0.014650
vt 0.445836 0.014650
vt 0.760770 0.693535
vt 0.760770 0.692666
vt 0.763283 0.693535
vt 0.763283 0.692666
vt 0.787702 0.693535
vt 0.786865 0.692666
vt 0.787702 0.677252
vt 0.786865 0.677252
vt 0.787702 0.608213
vt 0.786865 0.608213
vt 0.787702 0.591930
vt 0.786865 0.592907
vt 0.763283 0.591930
vt 0.763283 0.592907
vt 0.760770 0.591930
vt 0.760770 0.592907
vt 0.947623 0.639150
vt 0.947623 0.640127
vt 0.945109 0.639150
vt 0.945109 0.640127
vt 0.921648 0.639150
vt 0.920690 0.640127
vt 0.921648 0.623844
vt 0.920690 0.623844
vt 0.921648 0.554805
vt 0.920690 0.554805
vt 0.921648 0.539391
vt 0.920690 0.538522
vt 0.945109 0.539391
vt 0.945109 0.538522
vt 0.947623 0.539391
vt 0.947623 0.538522
vt 0.848032 0.032344
vt 0.848989 0.032344
vt 0.848032 0.037121
vt 0.848989 0.037121
vt 0.810206 0.019427
vt 0.809249 0.019427
vt 0.810206 0.014650
vt 0.809249 0.014650
vt 0.794765 0.703087
vt 0.794765 0.702219
vt 0.797159 0.703087
vt 0.797159 0.702219
vt 0.821697 0.703087
vt 0.820740 0.702219
vt 0.821697 0.686804
vt 0.820740 0.686804
vt 0.821697 0.617765
vt 0.820740 0.617765
vt 0.821697 0.601483
vt 0.820740 0.602460
vt 0.797159 0.601483
vt 0.797159 0.602460
vt 0.794765 0.601483
vt 0.794765 0.602460
vt 0.753827 0.673235
vt 0.753827 0.674212
vt 0.751313 0.673235
vt 0.751313 0.674212
vt 0.727852 0.673235
vt 0.726894 0.674212
vt 0.727852 0.657930
vt 0.726894 0.657930
vt 0.727852 0.588891
vt 0.726894 0.588891
vt 0.727852 0.573476
vt 0.726894 0.572608
vt 0.751313 0.573476
vt 0.751313 0.572608
vt 0.753827 0.573476
vt 0.753827 0.572608
vt 0.537886 0.035710
vt 0.538844 0.035710
vt 0.537886 0.040486
vt 0.538844 0.040486
vt 0.456490 0.019427
vt 0.455532 0.019427
vt 0.456490 0.014650
vt 0.455532 0.014650
vt 0.886815 0.640453
vt 0.886815 0.639584
vt 0.889209 0.640453
vt 0.889209 0.639584
vt 0.913748 0.640453
vt 0.912790 0.639584
vt 0.913748 0.624170
vt 0.912790 0.624170
vt 0.913748 0.555131
vt 0.912790 0.555131
vt 0.913748 0.538848
vt 0.912790 0.539825
vt 0.889209 0.538848
vt 0.889209 0.539825
vt 0.886815 0.538848
vt 0.886815 0.539825
vt 0.719952 0.647943
vt 0.719952 0.648811
vt 0.717438 0.647943
vt 0.717438 0.648811
vt 0.693857 0.647943
vt 0.692899 0.648811
vt 0.693857 0.632528
vt 0.692899 0.632528
vt 0.693857 0.563489
vt 0.692899 0.563489
vt 0.693857 0.548184
vt 0.692899 0.547207
vt 0.717438 0.548184
vt 0.717438 0.547207
vt 0.719952 0.548184
vt 0.719952 0.547207
vt 0.857728 0.036578
vt 0.858565 0.036578
vt 0.857728 0.041354
vt 0.858565 0.041354
vt 0.659383 0.253356
vt 0.659383 0.255853
vt 0.640470 0.253356
vt 0.638675 0.255853
vt 0.632450 0.228498
vt 0.629937 0.228932
vt 0.632450 0.224047
vt 0.629937 0.224047
vt 0.629937 0.211672
vt 0.632450 0.209393
vt 0.858087 0.712640
vt 0.858087 0.715137
vt 0.837259 0.712640
vt 0.839054 0.715137
vt 0.828640 0.739561
vt 0.831154 0.739995
vt 0.828640 0.744446
vt 0.831154 0.744446
vt 0.831154 0.759100
vt 0.828640 0.756820
vt 0.770106 0.754975
vt 0.751553 0.754758
vt 0.596061 0.129064
vt 0.598575 0.129064
vt 0.596061 0.147627
vt 0.598575 0.147627
vt 0.891603 0.442020
vt 0.891603 0.439523
vt 0.910635 0.442020
vt 0.912431 0.439523
vt 0.918536 0.466878
vt 0.921049 0.466444
vt 0.918536 0.471329
vt 0.921049 0.471329
vt 0.921049 0.483704
vt 0.918536 0.485983
vt 0.581458 0.174222
vt 0.581458 0.171725
vt 0.602286 0.174222
vt 0.600490 0.171725
vt 0.610904 0.147301
vt 0.608510 0.146867
vt 0.610904 0.142416
vt 0.608510 0.142416
vt 0.608510 0.127762
vt 0.610904 0.130041
vt 0.130903 0.807623
vt 0.149457 0.807731
vt 0.448350 0.136880
vt 0.445836 0.136880
vt 0.448350 0.118426
vt 0.445836 0.118426
vt 0.911114 0.343889
vt 0.896511 0.343889
vt 0.911114 0.325326
vt 0.896511 0.325326
vt 0.775373 0.160002
vt 0.789977 0.160002
vt 0.775373 0.178564
vt 0.789977 0.178564
vt 0.509876 0.098887
vt 0.515024 0.085318
vt 0.520889 0.092157
vt 0.515622 0.084884
vt 0.521846 0.092157
vt 0.508201 0.108548
vt 0.508440 0.109416
vt 0.499343 0.105617
vt 0.499103 0.106377
vt 0.499462 0.098887
vt 0.665368 0.323481
vt 0.665129 0.330211
vt 0.655074 0.323047
vt 0.656151 0.332708
vt 0.650645 0.309261
vt 0.644420 0.315665
vt 0.643343 0.315665
vt 0.655792 0.333576
vt 0.665368 0.330971
vt 0.650046 0.308718
vt 0.596061 0.062956
vt 0.596660 0.043200
vt 0.610306 0.062739
vt 0.622874 0.042765
vt 0.623592 0.042983
vt 0.624670 0.014650
vt 0.623832 0.014650
vt 0.610904 0.063173
vt 0.540879 0.078805
vt 0.529747 0.065778
vt 0.588161 0.493473
vt 0.600849 0.513773
vt 0.565896 0.495102
vt 0.562186 0.515184
vt 0.601089 0.542973
vt 0.560630 0.542865
vt 0.658665 0.057854
vt 0.657947 0.077611
vt 0.639632 0.057854
vt 0.647652 0.077611
vt 0.555961 0.492713
vt 0.544949 0.512578
vt 0.542794 0.541128
vt 0.112708 0.626667
vt 0.113427 0.626775
vt 0.111511 0.655216
vt 0.112349 0.655107
vt 0.116300 0.676709
vt 0.117018 0.676492
vt 0.123721 0.676492
vt 0.124679 0.655433
vt 0.125876 0.627209
vt 0.153287 0.628403
vt 0.153407 0.627427
vt 0.125876 0.626232
vt 0.155681 0.575104
vt 0.128868 0.559256
vt 0.129467 0.558496
vt 0.128988 0.556976
vt 0.115462 0.580749
vt 0.113546 0.625690
vt 0.152090 0.656627
vt 0.112708 0.625581
vt 0.114743 0.580749
vt 0.115581 0.579121
vt 0.130544 0.519960
vt 0.118215 0.519417
vt 0.114863 0.579121
vt 0.117377 0.519309
vt 0.764840 0.157939
vt 0.765677 0.177696
vt 0.738745 0.157939
vt 0.751433 0.177696
vt 0.750835 0.178130
vt 0.737907 0.158156
vt 0.737308 0.129716
vt 0.736590 0.129824
vt 0.694216 0.412819
vt 0.697927 0.432901
vt 0.671832 0.411299
vt 0.659263 0.431599
vt 0.699602 0.460691
vt 0.659024 0.460908
vt 0.636879 0.288853
vt 0.625148 0.301336
vt 0.547223 0.095956
vt 0.539203 0.115712
vt 0.528191 0.095956
vt 0.528909 0.115712
vt 0.084100 0.662272
vt 0.085656 0.641104
vt 0.090803 0.663032
vt 0.097985 0.642190
vt 0.100020 0.613858
vt 0.100738 0.613966
vt 0.098703 0.642407
vt 0.091641 0.663249
vt 0.087691 0.612989
vt 0.058245 0.639259
vt 0.060160 0.611144
vt 0.087691 0.611904
vt 0.060279 0.610058
vt 0.063870 0.557845
vt 0.092240 0.545144
vt 0.091761 0.544276
vt 0.100020 0.612772
vt 0.103132 0.567940
vt 0.103252 0.566312
vt 0.092479 0.542865
vt 0.094993 0.505848
vt 0.107322 0.506717
vt 0.108040 0.506717
vt 0.103970 0.566420
vt 0.103851 0.568049
vt 0.100858 0.612881
vt 0.704151 0.410431
vt 0.715164 0.430296
vt 0.717438 0.458845
vt 0.637717 0.356046
vt 0.637717 0.357023
vt 0.639393 0.402832
vt 0.639393 0.403918
vt 0.818585 0.155877
vt 0.818585 0.154791
vt 0.819902 0.109199
vt 0.820022 0.108114
vt 0.676021 0.352790
vt 0.676021 0.353875
vt 0.689188 0.099538
vt 0.690026 0.116581
vt 0.688111 0.099538
vt 0.688351 0.116689
vt 0.677697 0.400770
vt 0.677817 0.401855
vt 0.800630 0.160436
vt 0.800630 0.177478
vt 0.799553 0.160436
vt 0.799553 0.177478
vt 0.781598 0.106377
vt 0.781717 0.105291
vt 0.697807 0.118969
vt 0.697927 0.101818
vt 0.698884 0.118969
vt 0.699602 0.101818
vt 0.780161 0.154465
vt 0.780161 0.153488
vt 0.809249 0.177804
vt 0.809249 0.160761
vt 0.810326 0.177804
vt 0.810326 0.160761
vt 0.463552 0.244021
vt 0.463552 0.183449
vt 0.503173 0.244021
vt 0.503053 0.183449
vt 0.395682 0.558713
vt 0.395921 0.513990
vt 0.435303 0.558930
vt 0.435422 0.514207
vt 0.818944 0.568808
vt 0.821458 0.524085
vt 0.858446 0.570979
vt 0.860959 0.526365
vt 0.445836 0.184209
vt 0.445836 0.244021
vt 0.377966 0.558822
vt 0.378205 0.513881
vt 0.595104 0.425411
vt 0.598216 0.485115
vt 0.577388 0.425628
vt 0.580620 0.486092
vt 0.876042 0.572174
vt 0.878675 0.527342
vt 0.858206 0.350402
vt 0.870296 0.338244
vt 0.901299 0.393063
vt 0.913388 0.380796
vt 0.645019 0.033213
vt 0.657109 0.021055
vt 0.676859 0.064693
vt 0.688949 0.052427
vt 0.663932 0.360497
vt 0.681049 0.359195
vt 0.665847 0.388829
vt 0.683084 0.387635
vt 0.468699 0.789278
vt 0.451582 0.789495
vt 0.467861 0.728706
vt 0.450744 0.729031
vt 0.812720 0.804800
vt 0.795483 0.805126
vt 0.811882 0.760077
vt 0.794765 0.760403
vt 0.724620 0.044177
vt 0.707503 0.042983
vt 0.726655 0.015845
vt 0.709538 0.014650
vt 0.130065 0.557628
vt 0.091282 0.543516
vt 0.541118 0.488154
vt 0.537886 0.427691
vt 0.499941 0.621348
vt 0.499103 0.621348
vt 0.499941 0.560124
vt 0.499103 0.560124
vt 0.519333 0.123202
vt 0.518495 0.123202
vt 0.519333 0.107571
vt 0.518495 0.107571
vt 0.867423 0.582812
vt 0.868141 0.582812
vt 0.867423 0.643926
vt 0.868141 0.643926
vt 0.639632 0.329126
vt 0.640470 0.329126
vt 0.639632 0.349099
vt 0.640470 0.349099
vt 0.775613 0.437243
vt 0.775373 0.436484
vt 0.791772 0.431816
vt 0.792131 0.430947
vt 0.814276 0.462862
vt 0.815353 0.462970
vt 0.802545 0.474477
vt 0.803024 0.475019
vt 0.773578 0.749547
vt 0.772979 0.750090
vt 0.761847 0.737932
vt 0.760770 0.738041
vt 0.784231 0.706887
vt 0.783992 0.706018
vt 0.800510 0.712314
vt 0.800750 0.711554
vt 0.867663 0.396862
vt 0.867423 0.396102
vt 0.883822 0.391543
vt 0.884181 0.390566
vt 0.906326 0.422589
vt 0.907403 0.422697
vt 0.894595 0.434095
vt 0.895074 0.434638
vt 0.715283 0.053512
vt 0.715882 0.052969
vt 0.727134 0.065019
vt 0.728091 0.064910
vt 0.704630 0.096064
vt 0.704869 0.097041
vt 0.688351 0.090745
vt 0.688111 0.091505
vt 0.857728 0.350945
vt 0.900700 0.393605
vt 0.712530 0.329668
vt 0.712291 0.328909
vt 0.728810 0.324241
vt 0.729169 0.323372
vt 0.751313 0.355287
vt 0.752271 0.355395
vt 0.739583 0.366902
vt 0.740061 0.367444
vt 0.560271 0.649680
vt 0.560749 0.649137
vt 0.572001 0.661186
vt 0.573079 0.661078
vt 0.549497 0.692232
vt 0.549857 0.693209
vt 0.533338 0.686913
vt 0.533098 0.687564
vt 0.644540 0.033756
vt 0.676381 0.065236
vt 0.822057 0.058071
vt 0.821458 0.058723
vt 0.810206 0.046565
vt 0.809249 0.046673
vt 0.832710 0.015519
vt 0.832471 0.014650
vt 0.848989 0.020947
vt 0.849229 0.020187
vt 0.752032 0.501506
vt 0.752271 0.502266
vt 0.735872 0.506825
vt 0.735513 0.507802
vt 0.713368 0.475779
vt 0.712291 0.475779
vt 0.725099 0.464273
vt 0.724620 0.463730
vt 0.813438 0.804800
vt 0.812600 0.760077
vt 0.737548 0.312626
vt 0.737787 0.313277
vt 0.721268 0.317945
vt 0.721029 0.318922
vt 0.698765 0.286899
vt 0.697807 0.286790
vt 0.710615 0.275392
vt 0.710016 0.274850
vt 0.742575 0.565769
vt 0.742336 0.566420
vt 0.725817 0.560233
vt 0.726176 0.561101
vt 0.702595 0.592256
vt 0.703672 0.592147
vt 0.714924 0.604196
vt 0.715403 0.603654
vt 0.469537 0.789278
vt 0.468580 0.728706
vt 0.543871 0.644252
vt 0.542794 0.643601
vt 0.580979 0.644252
vt 0.580979 0.575213
vt 0.542794 0.575864
vt 0.543871 0.575213
vt 0.768311 0.666288
vt 0.767593 0.666939
vt 0.769508 0.598660
vt 0.768790 0.598009
vt 0.736590 0.666397
vt 0.737787 0.597358
s 1
usemtl Metal2
f 1/1/1 2/2/1 3/3/1
f 3/3/1 2/2/1 4/4/2
f 2/2/1 5/5/3 4/4/2
f 4/4/2 5/5/3 6/6/4
f 5/5/3 7/7/5 6/6/4
f 6/6/4 7/7/5 8/8/1
f 7/7/5 9/9/1 8/8/1
f 8/8/1 9/9/1 10/10/6
f 9/9/1 11/11/6 10/10/6
f 10/10/6 11/11/6 12/12/6
f 11/11/6 13/13/6 12/12/6
f 12/12/6 13/13/6 14/14/7
f 14/14/7 13/13/6 15/15/7
f 13/13/6 16/16/6 15/15/7
f 15/15/7 16/16/6 17/17/6
f 16/16/6 18/18/6 17/17/6
f 17/17/6 18/18/6 19/19/6
f 19/19/6 18/18/6 20/20/6
f 18/18/6 21/21/6 20/20/6
f 20/20/6 21/21/6 22/22/1
f 21/21/6 23/23/1 22/22/1
f 22/22/1 23/23/1 24/24/8
f 23/23/1 25/25/9 24/24/8
f 24/24/8 25/25/9 26/26/10
f 25/25/9 27/27/11 26/26/10
f 27/27/11 28/28/1 26/26/10
f 26/26/10 28/28/1 29/29/1
f 29/29/1 28/28/1 30/30/1
f 30/30/1 28/28/1 31/31/1
f 28/28/1 32/32/1 31/31/1
f 31/31/1 32/32/1 33/33/1
f 32/32/1 34/34/1 33/33/1
f 33/33/1 34/34/1 35/35/1
f 34/34/1 36/36/1 35/35/1
f 36/36/1 37/37/1 35/35/1
f 35/35/1 37/37/1 38/38/1
f 38/38/1 37/37/1 39/39/1
f 37/37/1 40/40/1 39/39/1
f 39/39/1 40/40/1 1/1/1
f 40/40/1 2/2/1 1/1/1
f 41/41/12 42/42/12 43/43/12
f 43/43/12 42/42/12 44/44/13
f 42/42/12 45/45/14 44/44/13
f 44/44/13 45/45/14 46/46/15
f 45/45/14 47/47/15 46/46/15
f 48/48/16 49/49/16 50/50/16
f 50/50/16 49/49/16 51/51/17
f 49/49/16 52/52/18 51/51/17
f 51/51/17 52/52/18 53/53/19
f 52/52/18 54/54/20 53/53/19
f 7/7/5 55/55/1 9/9/1
f 55/55/1 11/11/6 9/9/1
f 23/23/1 56/56/1 25/25/9
f 25/25/9 56/56/1 57/57/1
f 57/57/1 56/56/1 58/58/1
f 56/56/1 59/59/1 58/58/1
f 58/58/1 59/59/1 60/60/1
f 59/59/1 61/61/1 60/60/1
f 60/60/1 61/61/1 62/62/1
f 61/61/1 63/63/1 62/62/1
f 62/62/1 63/63/1 64/64/1
f 63/63/1 65/65/1 64/64/1
f 65/65/1 66/66/1 64/64/1
f 64/64/1 66/66/1 67/67/1
f 67/67/1 66/66/1 68/68/1
f 66/66/1 69/69/21 68/68/1
f 68/68/1 69/69/21 70/70/1
f 69/69/21 71/71/1 70/70/1
f 70/70/1 71/71/1 72/72/1
f 71/71/1 55/55/1 72/72/1
f 72/72/1 55/55/1 7/7/5
f 55/55/1 73/73/1 11/11/6
f 11/11/6 73/73/1 13/13/6
f 73/73/1 74/74/1 13/13/6
f 74/74/1 75/75/1 13/13/6
f 13/13/6 75/75/1 16/16/6
f 16/16/6 75/75/1 18/18/6
f 75/75/1 76/76/1 18/18/6
f 18/18/6 76/76/1 21/21/6
f 76/76/1 77/77/1 21/21/6
f 21/21/6 77/77/1 23/23/1
f 77/77/1 56/56/1 23/23/1
s 0
f 92/92/23 94/93/23 93/94/23
f 93/94/23 94/93/23 95/95/23
f 95/95/23 94/93/23 96/96/23
f 94/93/23 97/97/23 96/96/23
f 96/96/23 97/97/23 98/98/23
f 97/97/23 99/99/23 98/98/23
f 93/94/23 95/95/23 100/100/23
f 96/96/23 98/98/23 101/101/23
s 1
f 102/102/1 103/103/1 104/104/1
f 103/103/1 105/105/1 104/104/1
f 104/104/1 105/105/1 106/106/1
f 105/105/1 107/107/1 106/106/1
f 106/106/1 107/107/1 108/108/1
f 107/107/1 109/109/1 108/108/1
f 108/108/1 109/109/1 110/110/1
f 109/109/1 111/111/1 110/110/1
f 111/111/1 112/112/1 110/110/1
f 112/112/1 113/113/1 110/110/1
f 110/110/1 113/113/1 108/108/1
f 113/113/1 114/114/1 108/108/1
f 109/109/1 115/115/1 111/111/1
f 111/111/1 115/115/1 116/116/1
f 115/115/1 117/117/1 116/116/1
f 116/116/1 117/117/1 118/118/1
f 117/117/1 119/119/1 118/118/1
f 118/118/1 119/119/1 120/120/1
f 119/119/1 121/121/1 120/120/1
f 120/120/1 121/121/1 122/122/1
f 121/121/1 123/123/1 122/122/1
f 122/122/1 123/123/1 124/124/1
f 124/124/1 123/123/1 125/125/1
f 123/123/1 126/126/1 125/125/1
f 125/125/1 126/126/1 127/127/1
f 126/126/1 128/128/1 127/127/1
f 127/127/1 128/128/1 129/129/1
f 128/128/1 130/130/1 129/129/1
f 134/134/24 135/135/12 136/136/24
f 135/135/12 137/137/24 136/136/24
f 136/136/24 137/137/24 138/138/24
f 137/137/24 139/139/24 138/138/24
f 138/138/24 139/139/24 140/140/25
f 139/139/24 135/135/12 140/140/25
f 140/140/25 135/135/12 141/141/12
f 135/135/12 142/142/12 141/141/12
f 141/141/12 142/142/12 143/143/26
f 139/139/24 137/137/24 135/135/12
f 135/135/12 134/134/24 142/142/12
f 144/144/16 146/145/27 145/146/28
f 145/146/28 146/145/27 147/147/29
f 146/145/27 148/148/16 147/147/29
f 147/147/29 148/148/16 149/149/29
f 148/148/16 150/150/29 149/149/29
f 149/149/29 150/150/29 151/151/29
f 147/147/29 149/149/29 145/146/28
f 144/144/16 152/152/16 146/145/27
f 146/145/27 152/152/16 148/148/16
f 152/152/16 153/153/30 148/148/16
f 148/148/16 153/153/30 150/150/29
f 154/154/16 156/155/16 155/156/16
f 155/156/16 156/155/16 157/157/31
f 156/155/16 154/154/16 157/157/31
f 158/158/16 159/159/16 160/160/16
f 159/159/16 155/156/16 160/160/16
f 160/160/16 155/156/16 161/161/16
f 155/156/16 157/157/31 161/161/16
f 161/161/16 157/157/31 162/162/16
f 155/156/16 159/159/16 154/154/16
f 159/159/16 163/163/16 154/154/16
f 163/163/16 164/164/16 154/154/16
f 154/154/16 164/164/16 165/165/16
f 164/164/16 166/166/16 165/165/16
f 165/165/16 166/166/16 167/167/16
f 166/166/16 168/168/16 167/167/16
f 167/167/16 168/168/16 165/165/16
f 165/165/16 168/168/16 154/154/16
f 168/168/16 157/157/31 154/154/16
f 164/164/16 169/169/16 166/166/16
f 169/169/16 170/170/32 166/166/16
f 170/170/32 171/171/16 166/166/16
f 166/166/16 171/171/16 172/172/16
f 172/172/16 171/171/16 173/173/16
f 173/173/16 171/171/16 174/174/16
f 174/174/16 171/171/16 175/175/33
f 171/171/16 170/170/32 175/175/33
f 175/175/33 170/170/32 176/176/34
f 170/170/32 177/177/35 176/176/34
f 166/166/16 172/172/16 168/168/16
f 168/168/16 172/172/16 178/178/16
f 172/172/16 179/179/16 178/178/16
f 178/178/16 179/179/16 180/180/16
f 180/180/16 179/179/16 181/181/16
f 179/179/16 182/182/16 181/181/16
f 181/181/16 182/182/16 183/183/16
f 182/182/16 184/184/16 183/183/16
f 183/183/16 184/184/16 185/185/16
f 184/184/16 186/186/16 185/185/16
f 185/185/16 186/186/16 187/187/16
f 186/186/16 188/188/16 187/187/16
f 187/187/16 188/188/16 189/189/16
f 188/188/16 190/190/16 189/189/16
f 189/189/16 190/190/16 191/191/16
f 190/190/16 192/192/16 191/191/16
f 191/191/16 192/192/16 193/193/16
f 192/192/16 194/194/16 193/193/16
f 193/193/16 194/194/16 195/195/16
f 194/194/16 196/196/16 195/195/16
f 195/195/16 196/196/16 197/197/16
f 196/196/16 198/198/16 197/197/16
f 197/197/16 198/198/16 199/199/16
f 198/198/16 200/200/16 199/199/16
f 199/199/16 200/200/16 201/201/16
f 201/201/16 200/200/16 202/202/16
f 202/202/16 200/200/16 203/203/16
f 200/200/16 204/204/16 203/203/16
f 203/203/16 204/204/16 205/205/16
f 204/204/16 206/206/16 205/205/16
f 205/205/16 206/206/16 207/207/36
f 178/178/16 180/180/16 208/208/16
f 190/190/16 188/188/16 209/209/16
f 188/188/16 210/210/16 209/209/16
f 206/206/16 204/204/16 211/211/16
f 204/204/16 212/212/16 211/211/16
f 212/212/16 213/213/16 211/211/16
f 211/211/16 213/213/16 214/214/16
f 213/213/16 215/215/16 214/214/16
f 214/214/16 215/215/16 216/216/37
f 215/215/16 217/217/38 216/216/37
f 216/216/37 217/217/38 218/218/35
f 218/218/35 217/217/38 219/219/39
f 217/217/38 220/220/40 219/219/39
f 219/219/39 220/220/40 221/221/34
f 221/221/34 220/220/40 222/222/34
f 220/220/40 223/223/37 222/222/34
f 222/222/34 223/223/37 224/224/41
f 224/224/41 223/223/37 225/225/16
f 223/223/37 226/226/16 225/225/16
f 225/225/16 226/226/16 227/227/16
f 227/227/16 226/226/16 228/228/16
f 228/228/16 226/226/16 229/229/16
f 226/226/16 223/223/37 229/229/16
f 223/223/37 220/220/40 229/229/16
f 220/220/40 217/217/38 229/229/16
f 217/217/38 215/215/16 229/229/16
f 229/229/16 215/215/16 230/230/16
f 215/215/16 213/213/16 230/230/16
f 224/224/41 231/231/34 222/222/34
f 225/225/16 227/227/16 232/232/16
f 229/229/16 230/230/16 228/228/16
f 233/233/12 235/234/42 234/235/42
f 234/235/42 235/234/42 236/236/12
f 236/236/12 235/234/42 237/237/12
f 235/234/42 233/233/12 237/237/12
f 237/237/12 233/233/12 238/238/25
f 233/233/12 239/239/12 238/238/25
f 239/239/12 240/240/12 238/238/25
f 240/240/12 241/241/12 238/238/25
f 238/238/25 241/241/12 237/237/12
f 239/239/12 233/233/12 242/242/12
f 242/242/12 233/233/12 243/243/12
f 233/233/12 234/235/42 243/243/12
f 243/243/12 234/235/42 244/244/12
f 234/235/42 236/236/12 244/244/12
f 244/244/12 236/236/12 245/245/12
f 236/236/12 246/246/12 245/245/12
f 243/243/12 244/244/12 247/247/43
f 244/244/12 245/245/12 247/247/43
f 245/245/12 248/248/44 247/247/43
f 247/247/43 248/248/44 249/249/45
f 248/248/44 250/250/45 249/249/45
f 236/236/12 237/237/12 251/251/12
f 237/237/12 252/252/12 251/251/12
f 251/251/12 252/252/12 253/253/12
f 252/252/12 254/254/12 253/253/12
f 253/253/12 255/255/12 251/251/12
f 251/251/12 255/255/12 256/256/12
f 255/255/12 257/257/12 256/256/12
f 256/256/12 257/257/12 258/258/12
f 257/257/12 259/259/12 258/258/12
f 259/259/12 260/260/12 258/258/12
f 258/258/12 260/260/12 261/261/12
f 261/261/12 260/260/12 262/262/12
f 260/260/12 263/263/12 262/262/12
f 262/262/12 263/263/12 264/264/12
f 263/263/12 265/265/12 264/264/12
f 264/264/12 265/265/12 266/266/12
f 265/265/12 267/267/12 266/266/12
f 266/266/12 267/267/12 268/268/12
f 267/267/12 269/269/12 268/268/12
f 268/268/12 269/269/12 270/270/12
f 269/269/12 271/271/12 270/270/12
f 270/270/12 271/271/12 272/272/12
f 271/271/12 273/273/12 272/272/12
f 272/272/12 273/273/12 274/274/12
f 273/273/12 275/275/12 274/274/12
f 274/274/12 275/275/12 276/276/12
f 275/275/12 277/277/12 276/276/12
f 262/262/12 264/264/12 278/278/12
f 264/264/12 279/279/12 278/278/12
f 274/274/12 276/276/12 280/280/12
f 276/276/12 281/281/12 280/280/12
f 280/280/12 281/281/12 282/282/12
f 281/281/12 283/283/12 282/282/12
f 283/283/12 284/284/46 282/282/12
f 282/282/12 284/284/46 285/285/47
f 285/285/47 284/284/46 286/286/45
f 286/286/45 284/284/46 287/287/45
f 284/284/46 288/288/48 287/287/45
f 287/287/45 288/288/48 289/289/45
f 280/280/12 282/282/12 290/290/12
f 290/290/12 282/282/12 291/291/12
f 282/282/12 285/285/47 291/291/12
f 290/290/12 291/291/12 292/292/12
f 291/291/12 293/293/12 292/292/12
f 293/293/12 294/294/12 292/292/12
f 292/292/12 294/294/12 295/295/12
f 295/295/12 294/294/12 296/296/12
f 294/294/12 297/297/12 296/296/12
f 296/296/12 297/297/12 298/298/42
f 297/297/12 299/299/12 298/298/42
f 298/298/42 299/299/12 300/300/12
f 300/300/12 299/299/12 301/301/12
f 301/301/12 299/299/12 302/302/49
f 299/299/12 303/303/50 302/302/49
f 302/302/49 303/303/50 304/304/45
f 304/304/45 303/303/50 305/305/45
f 305/305/45 303/303/50 306/306/45
f 303/303/50 307/307/51 306/306/45
f 306/306/45 307/307/51 308/308/46
f 307/307/51 294/294/12 308/308/46
f 294/294/12 293/293/12 308/308/46
f 293/293/12 309/309/50 308/308/46
f 308/308/46 309/309/50 310/310/45
f 309/309/50 311/311/45 310/310/45
f 284/284/46 283/283/12 288/288/48
f 303/303/50 299/299/12 307/307/51
f 299/299/12 297/297/12 307/307/51
f 307/307/51 297/297/12 294/294/12
f 308/308/46 310/310/45 306/306/45
f 312/312/52 313/313/52 314/314/53
f 313/313/52 315/315/53 314/314/53
f 320/320/55 321/321/55 322/322/56
f 321/321/55 323/323/57 322/322/56
f 324/320/58 325/313/58 326/321/58
s 0
f 325/313/58 327/312/58 326/321/58
s 1
f 328/323/59 329/314/60 330/322/59
f 329/314/60 331/315/60 330/322/59
f 332/315/61 333/313/62 334/324/63
f 334/324/63 333/313/62 335/325/62
f 333/313/62 336/320/62 335/325/62
f 335/325/62 336/320/62 337/326/64
f 336/320/62 338/322/64 337/326/64
f 337/326/64 338/322/64 339/327/64
f 338/322/64 332/315/61 339/327/64
f 339/327/64 332/315/61 334/324/63
f 340/324/65 342/316/65 341/327/55
f 341/327/55 342/316/65 343/318/55
s 0
f 344/325/66 346/317/66 345/324/66
s 1
f 345/324/67 346/317/67 347/316/67
f 348/326/52 350/319/52 349/325/52
f 349/325/52 350/319/52 351/317/52
f 352/327/68 354/318/68 353/326/68
s 0
f 353/326/69 354/318/69 355/319/69
s 1
f 356/328/12 358/329/12 357/330/12
f 357/330/12 358/329/12 359/331/12
s 0
f 360/332/70 362/333/70 361/334/70
f 361/334/70 362/333/70 363/335/70
s 1
f 364/333/16 366/336/16 365/335/16
f 365/335/16 366/336/16 367/337/16
f 376/328/1 378/342/1 377/329/1
f 378/342/1 379/343/1 377/329/1
f 377/329/1 379/343/1 380/337/1
f 379/343/1 381/344/1 380/337/1
f 380/337/1 381/344/1 382/335/1
f 381/344/1 383/345/1 382/335/1
f 382/335/1 383/345/1 384/334/1
f 383/345/1 385/346/1 384/334/1
f 386/347/71 387/330/71 388/339/71
f 387/330/71 389/331/71 388/339/71
f 390/341/71 391/336/71 392/348/71
f 391/336/71 393/333/71 392/348/71
f 392/348/71 393/333/71 394/349/71
f 393/333/71 395/332/71 394/349/71
s 0
f 396/350/70 397/351/70 398/352/70
f 398/352/70 397/351/70 399/353/70
f 399/353/70 397/351/70 400/354/70
f 397/351/70 401/355/70 400/354/70
f 401/355/70 402/356/70 400/354/70
f 400/354/70 402/356/70 403/357/70
f 402/356/70 404/358/70 403/357/70
f 403/357/70 404/358/70 405/359/70
f 405/359/70 404/358/70 406/360/70
f 404/358/70 407/361/70 406/360/70
f 406/360/70 407/361/70 408/362/70
f 407/361/70 409/363/70 408/362/70
f 409/363/70 410/364/70 408/362/70
f 408/362/70 410/364/70 411/365/70
f 410/364/70 412/366/70 411/365/70
f 411/365/70 412/366/70 413/367/70
f 412/366/70 414/368/70 413/367/70
f 413/367/70 414/368/70 415/369/70
f 415/369/70 414/368/70 416/370/70
f 414/368/70 417/371/70 416/370/70
f 417/371/70 418/372/70 416/370/70
f 416/370/70 418/372/70 419/373/70
f 418/372/70 420/374/70 419/373/70
f 419/373/70 420/374/70 421/375/70
f 421/375/70 420/374/70 422/376/70
f 420/374/70 423/377/70 422/376/70
f 422/376/70 423/377/70 424/378/70
f 423/377/70 425/379/70 424/378/70
s 1
f 426/380/72 427/381/73 428/382/74
f 428/382/74 427/381/73 429/383/75
f 429/383/75 427/381/73 430/384/74
f 427/381/73 431/385/73 430/384/74
f 430/384/74 431/385/73 432/386/73
f 431/385/73 433/387/16 432/386/73
f 433/387/16 434/388/16 432/386/73
f 432/386/73 434/388/16 435/389/76
f 434/388/16 436/390/16 435/389/76
f 426/380/72 437/391/16 427/381/73
f 437/391/16 438/392/16 427/381/73
f 438/392/16 433/387/16 427/381/73
f 427/381/73 433/387/16 431/385/73
f 430/384/74 432/386/73 439/393/77
f 432/386/73 435/389/76 439/393/77
f 439/393/77 435/389/76 440/394/74
f 440/394/74 435/389/76 441/395/74
f 435/389/76 442/396/78 441/395/74
f 441/395/74 442/396/78 443/397/79
f 443/397/79 442/396/78 444/398/16
f 444/398/16 442/396/78 445/399/16
f 445/399/16 442/396/78 436/390/16
f 442/396/78 435/389/76 436/390/16
f 441/395/74 443/397/79 446/400/80
f 443/397/79 447/401/81 446/400/80
f 446/400/80 447/401/81 448/402/75
f 447/401/81 449/403/73 448/402/75
f 448/402/75 449/403/73 450/404/75
f 449/403/73 451/405/82 450/404/75
f 450/404/75 451/405/82 452/406/75
f 452/406/75 451/405/82 453/407/74
f 451/405/82 454/408/78 453/407/74
f 454/408/78 455/409/73 453/407/74
f 453/407/74 455/409/73 456/410/77
f 455/409/73 457/411/83 456/410/77
f 456/410/77 457/411/83 458/412/77
f 457/411/83 459/413/73 458/412/77
f 458/412/77 459/413/73 460/414/77
f 444/398/16 461/415/16 443/397/79
f 443/397/79 461/415/16 447/401/81
f 461/415/16 449/403/73 447/401/81
f 459/413/73 457/411/83 462/416/16
f 457/411/83 455/409/73 462/416/16
f 462/416/16 455/409/73 463/417/16
f 455/409/73 454/408/78 463/417/16
f 463/417/16 454/408/78 464/418/16
f 464/418/16 454/408/78 465/419/16
f 454/408/78 451/405/82 465/419/16
f 465/419/16 451/405/82 466/420/16
f 451/405/82 449/403/73 466/420/16
f 466/420/16 449/403/73 461/415/16
f 467/421/74 460/414/77 468/422/73
f 460/414/77 459/413/73 468/422/73
f 468/422/73 459/413/73 469/423/16
f 459/413/73 462/416/16 469/423/16
f 468/422/73 469/423/16 470/424/84
f 471/425/85 473/426/85 472/427/86
f 472/427/86 473/426/85 474/428/86
f 473/426/85 475/429/85 474/428/86
f 474/428/86 475/429/85 476/430/87
f 475/429/85 477/431/85 476/430/87
f 476/430/87 477/431/85 478/432/88
f 477/431/85 479/433/85 478/432/88
f 480/434/12 472/427/86 481/435/12
f 472/427/86 474/428/86 481/435/12
f 481/435/12 474/428/86 482/436/12
f 474/428/86 476/430/87 482/436/12
f 482/436/12 476/430/87 483/437/12
f 476/430/87 478/432/88 483/437/12
f 483/437/12 478/432/88 484/438/89
f 478/432/88 479/433/85 484/438/89
f 484/438/89 479/433/85 485/439/90
f 479/433/85 486/440/85 485/439/90
f 486/440/85 487/441/85 485/439/90
f 485/439/90 487/441/85 488/442/86
f 487/441/85 489/443/91 488/442/86
f 488/442/86 489/443/91 490/444/86
f 489/443/91 491/445/85 490/444/86
f 490/444/86 491/445/85 492/446/92
f 491/445/85 493/447/85 492/446/92
f 483/437/12 484/438/89 494/448/12
f 494/448/12 484/438/89 495/449/12
f 484/438/89 485/439/90 495/449/12
f 495/449/12 485/439/90 496/450/12
f 485/439/90 488/442/86 496/450/12
f 496/450/12 488/442/86 497/451/12
f 488/442/86 490/444/86 497/451/12
f 497/451/12 490/444/86 498/452/12
f 490/444/86 492/446/92 498/452/12
f 498/452/12 492/446/92 499/453/89
f 492/446/92 493/447/85 499/453/89
f 499/453/89 493/447/85 500/454/93
f 493/447/85 501/455/85 500/454/93
f 501/455/85 502/456/85 500/454/93
f 502/456/85 503/457/94 500/454/93
f 500/454/93 503/457/94 504/458/12
f 503/457/94 505/459/25 504/458/12
f 498/452/12 499/453/89 506/460/12
f 506/460/12 499/453/89 504/458/12
f 499/453/89 500/454/93 504/458/12
f 507/461/85 508/462/85 509/463/95
f 508/462/85 510/464/86 509/463/95
f 509/463/95 510/464/86 511/465/12
f 511/465/12 510/464/86 512/466/12
f 510/464/86 513/467/96 512/466/12
f 512/466/12 513/467/96 514/468/97
f 514/468/97 513/467/96 515/469/85
f 515/469/85 513/467/96 516/470/85
f 513/467/96 510/464/86 516/470/85
f 516/470/85 510/464/86 508/462/85
f 511/465/12 517/471/12 509/463/95
f 512/466/12 514/468/97 518/472/12
f 519/473/34 521/474/34 520/475/98
f 520/475/98 521/474/34 522/476/32
f 521/474/34 523/477/35 522/476/32
f 523/477/35 207/207/36 522/476/32
f 207/207/36 206/206/16 522/476/32
f 522/476/32 206/206/16 520/475/98
f 206/206/16 211/211/16 520/475/98
s 0
f 524/478/70 525/479/70 526/480/70
f 526/480/70 525/479/70 527/481/70
f 527/481/70 525/479/70 528/482/70
f 525/479/70 529/483/70 528/482/70
f 529/483/70 530/484/70 528/482/70
f 528/482/70 530/484/70 531/485/70
f 532/486/70 534/487/70 533/488/70
f 534/487/70 535/489/70 533/488/70
f 533/488/70 535/489/70 536/490/70
f 535/489/70 537/491/70 536/490/70
f 536/490/70 537/491/70 538/492/70
f 532/486/70 539/493/70 534/487/70
f 534/487/70 539/493/70 540/494/70
f 539/493/70 541/495/70 540/494/70
f 540/494/70 541/495/70 542/496/70
f 541/495/70 543/497/70 542/496/70
f 542/496/70 543/497/70 544/498/70
f 543/497/70 545/499/70 544/498/70
f 544/498/70 545/499/70 546/500/70
f 546/500/70 545/499/70 547/501/70
f 545/499/70 548/502/70 547/501/70
f 548/502/70 549/503/70 547/501/70
f 547/501/70 549/503/70 550/504/70
f 537/491/70 551/505/70 538/492/70
f 551/505/70 552/506/70 538/492/70
f 538/492/70 552/506/70 553/507/70
f 553/507/70 552/506/70 554/508/70
f 552/506/70 555/509/70 554/508/70
f 556/510/70 557/511/70 558/512/70
f 557/511/70 559/513/70 558/512/70
f 558/512/70 559/513/70 560/514/70
f 559/513/70 561/515/70 560/514/70
f 560/514/70 561/515/70 562/516/70
f 561/515/70 563/517/70 562/516/70
s 1
f 562/516/70 563/517/70 564/518/99
s 0
f 563/517/70 561/515/70 565/519/70
f 556/510/70 566/520/70 557/511/70
f 557/511/70 566/520/70 567/521/70
f 567/521/70 566/520/70 568/522/70
f 566/520/70 569/523/70 568/522/70
f 568/522/70 569/523/70 570/524/70
f 569/523/70 571/525/70 570/524/70
f 570/524/70 571/525/70 572/526/70
f 571/525/70 573/527/70 572/526/70
f 572/526/70 573/527/70 574/528/70
f 573/527/70 575/529/70 574/528/70
f 574/528/70 575/529/70 576/530/70
f 575/529/70 577/531/70 576/530/70
f 576/530/70 577/531/70 578/532/70
f 577/531/70 579/533/70 578/532/70
f 578/532/70 579/533/70 580/534/70
f 579/533/70 581/535/70 580/534/70
f 581/535/70 582/536/70 580/534/70
f 582/536/70 583/537/70 580/534/70
f 580/534/70 583/537/70 584/538/70
f 583/537/70 585/539/70 584/538/70
f 585/539/70 586/540/70 584/538/70
f 586/540/70 587/541/70 584/538/70
f 584/538/70 587/541/70 588/542/70
f 587/541/70 589/543/70 588/542/70
f 590/544/70 568/522/70 570/524/70
f 563/517/70 565/519/70 591/545/70
f 591/545/70 565/519/70 592/546/70
f 592/546/70 565/519/70 593/547/70
f 565/519/70 594/548/70 593/547/70
f 593/547/70 594/548/70 595/549/70
f 594/548/70 596/550/70 595/549/70
f 595/549/70 596/550/70 597/551/70
f 596/550/70 598/552/70 597/551/70
f 597/551/70 598/552/70 599/553/70
f 598/552/70 590/544/70 599/553/70
f 599/553/70 590/544/70 600/554/70
f 590/544/70 601/555/70 600/554/70
f 600/554/70 601/555/70 602/556/70
f 601/555/70 603/557/70 602/556/70
f 602/556/70 603/557/70 604/558/70
f 603/557/70 605/559/70 604/558/70
f 604/558/70 605/559/70 606/560/70
f 605/559/70 607/561/70 606/560/70
f 606/560/70 607/561/70 608/562/70
f 607/561/70 609/563/70 608/562/70
f 590/544/70 570/524/70 601/555/70
s 1
f 610/564/70 612/565/70 611/566/100
f 611/566/100 612/565/70 564/518/99
f 612/565/70 613/567/70 564/518/99
f 613/567/70 614/568/70 564/518/99
f 564/518/99 614/568/70 562/516/70
f 615/569/16 617/570/101 616/571/16
f 616/571/16 617/570/101 618/572/101
f 618/572/101 617/570/101 619/573/102
f 617/570/101 620/574/36 619/573/102
f 619/573/102 620/574/36 621/575/16
f 620/574/36 622/576/16 621/575/16
f 622/576/16 623/577/16 621/575/16
f 621/575/16 623/577/16 624/578/16
f 625/579/12 627/580/103 626/581/12
f 626/581/12 627/580/103 628/582/103
f 628/582/103 627/580/103 629/583/50
f 627/580/103 630/584/51 629/583/50
f 629/583/50 630/584/51 631/585/12
f 630/584/51 632/586/12 631/585/12
f 632/586/12 633/587/12 631/585/12
f 631/585/12 633/587/12 634/588/12
f 635/589/104 637/590/105 636/591/104
f 636/591/104 637/590/105 157/157/31
f 157/157/31 637/590/105 162/162/16
f 637/590/105 638/592/16 162/162/16
f 162/162/16 638/592/16 639/593/16
f 638/592/16 637/590/105 208/208/16
f 208/208/16 637/590/105 178/178/16
f 252/252/12 640/594/106 254/254/12
f 254/254/12 640/594/106 641/595/12
f 641/595/12 640/594/106 642/596/12
f 642/596/12 640/594/106 643/597/12
f 640/594/106 644/598/107 643/597/12
f 643/597/12 644/598/107 645/599/12
f 644/598/107 240/240/12 645/599/12
f 645/599/12 240/240/12 646/600/12
f 240/240/12 239/239/12 646/600/12
f 640/594/106 647/601/108 644/598/107
f 647/601/108 648/602/109 644/598/107
f 240/240/12 644/598/107 241/241/12
f 644/598/107 237/237/12 241/241/12
f 645/599/12 646/600/12 649/603/12
f 650/604/110 652/605/111 651/606/110
f 651/606/110 652/605/111 653/607/110
f 654/608/71 656/609/71 655/610/71
f 655/610/71 656/609/71 657/611/71
s 0
f 658/612/112 660/613/112 659/614/112
f 659/614/112 660/613/112 661/615/112
s 1
f 662/616/71 664/617/71 663/618/71
f 663/618/71 664/617/71 665/619/71
f 666/620/113 668/621/114 667/622/113
f 667/622/113 668/621/114 669/623/114
f 670/624/115 672/625/115 671/626/115
f 671/626/115 672/625/115 673/627/115
f 674/628/45 676/629/45 675/630/50
f 676/629/45 677/631/49 675/630/50
f 675/630/50 677/631/49 678/632/12
f 677/631/49 679/633/12 678/632/12
f 679/633/12 680/634/12 678/632/12
f 678/632/12 680/634/12 681/635/12
f 682/636/34 684/637/34 683/638/41
f 684/637/34 685/639/36 683/638/41
f 683/638/41 685/639/36 686/640/16
f 685/639/36 687/641/16 686/640/16
f 687/641/16 688/642/16 686/640/16
f 686/640/16 688/642/16 689/643/16
f 690/644/71 692/645/71 691/646/71
f 691/646/71 692/645/71 693/647/71
f 694/648/1 696/649/1 695/650/1
f 695/650/1 696/649/1 697/651/1
s 0
f 698/652/70 700/653/70 699/654/70
f 699/654/70 700/653/70 701/655/70
s 1
f 702/656/71 704/657/71 703/658/71
f 703/658/71 704/657/71 705/659/71
f 706/660/1 708/661/1 707/662/1
f 707/662/1 708/661/1 709/663/1
f 710/646/116 712/647/116 711/664/117
f 711/664/117 712/647/116 713/665/117
f 714/666/23 716/667/23 715/668/118
f 716/667/23 717/669/119 715/668/118
f 715/668/118 717/669/119 718/670/120
f 717/669/119 719/671/121 718/670/120
f 718/670/120 719/671/121 720/672/122
f 719/671/121 721/673/123 720/672/122
f 720/672/122 721/673/123 722/674/124
f 721/673/123 723/675/125 722/674/124
f 722/674/124 723/675/125 724/676/126
f 723/675/125 725/677/126 724/676/126
f 726/678/71 727/679/71 728/680/71
f 727/679/71 729/681/71 728/680/71
f 730/682/127 731/683/128 732/678/116
f 731/683/128 733/679/116 732/678/116
f 734/684/23 735/685/23 736/686/118
f 735/685/23 737/687/119 736/686/118
f 736/686/118 737/687/119 738/688/120
f 737/687/119 739/689/121 738/688/120
f 738/688/120 739/689/121 740/690/122
f 739/689/121 741/691/129 740/690/122
f 740/690/122 741/691/129 742/692/130
f 741/691/129 743/693/125 742/692/130
f 742/692/130 743/693/125 744/694/131
f 743/693/125 745/695/131 744/694/131
f 746/696/1 747/697/1 748/698/1
f 747/697/1 749/699/1 748/698/1
f 750/700/71 751/701/71 752/702/71
f 751/701/71 753/703/71 752/702/71
s 0
f 754/704/70 755/705/70 756/706/70
f 755/705/70 757/707/70 756/706/70
s 1
f 758/708/1 759/709/1 760/710/1
f 759/709/1 761/711/1 760/710/1
f 762/712/70 763/713/70 764/714/132
f 763/713/70 765/715/133 764/714/132
f 764/714/132 765/715/133 766/716/134
f 765/715/133 767/717/135 766/716/134
f 768/718/70 769/719/70 770/720/132
f 769/719/70 771/721/133 770/720/132
f 770/720/132 771/721/133 772/722/134
f 771/721/133 773/723/135 772/722/134
f 774/724/136 775/725/136 776/712/136
f 775/725/136 777/713/136 776/712/136
f 778/726/137 779/727/138 780/728/70
f 779/727/138 781/729/70 780/728/70
s 0
f 781/729/70 782/730/70 780/728/70
f 780/728/70 782/730/70 783/731/70
s 1
f 784/719/136 786/718/136 785/730/136
f 785/730/136 786/718/136 787/731/136
f 788/732/139 790/733/70 789/734/140
f 789/734/140 790/733/70 791/735/70
s 0
f 791/735/70 790/733/70 792/724/70
f 790/733/70 793/725/70 792/724/70
f 794/736/23 795/737/23 796/738/23
f 795/737/23 797/739/23 796/738/23
f 796/738/23 797/739/23 798/740/23
f 797/739/23 799/741/23 798/740/23
f 799/741/23 800/742/23 798/740/23
f 798/740/23 800/742/23 801/743/23
f 801/743/23 800/742/23 802/744/23
f 800/742/23 803/745/23 802/744/23
s 1
f 804/746/71 805/747/71 806/748/71
f 805/747/71 807/749/71 806/748/71
f 808/750/16 809/751/16 810/752/16
f 809/751/16 811/753/16 810/752/16
f 812/754/99 813/755/141 814/756/142
f 813/755/141 815/757/141 814/756/142
f 816/758/12 817/759/12 818/760/12
f 817/759/12 819/761/12 818/760/12
f 820/762/1 821/763/1 822/764/1
f 821/763/1 823/765/1 822/764/1
f 824/766/16 825/767/143 826/768/144
f 825/767/143 827/769/145 826/768/144
f 832/774/12 833/775/12 834/776/146
f 833/775/12 835/777/147 834/776/146
f 834/776/146 835/777/147 836/778/148
f 835/777/147 837/779/107 836/778/148
f 836/778/148 837/779/107 838/780/12
f 837/779/107 839/781/12 838/780/12
f 838/780/12 839/781/12 840/782/149
f 839/781/12 841/783/150 840/782/149
f 840/782/149 841/783/150 842/784/151
f 841/783/150 843/785/151 842/784/151
f 844/786/71 845/787/71 846/788/71
f 845/787/71 847/789/71 846/788/71
f 848/790/1 849/791/1 850/792/1
f 849/791/1 851/793/1 850/792/1
f 852/794/16 853/795/16 854/796/152
f 853/795/16 855/797/153 854/796/152
f 854/796/152 855/797/153 856/798/154
f 855/797/153 857/799/155 856/798/154
f 856/798/154 857/799/155 858/800/16
f 857/799/155 859/801/16 858/800/16
f 858/800/16 859/801/16 860/802/16
f 859/801/16 861/803/143 860/802/16
f 862/804/16 863/805/16 864/806/16
f 864/806/16 863/805/16 865/807/16
f 865/807/16 863/805/16 866/808/16
f 863/805/16 867/809/16 866/808/16
f 867/809/16 868/810/16 866/808/16
f 866/808/16 868/810/16 869/811/16
f 869/811/16 868/810/16 870/812/16
f 868/810/16 871/813/16 870/812/16
s 0
f 872/814/23 873/815/23 874/816/23
f 873/815/23 875/817/23 874/816/23
f 874/816/23 875/817/23 876/818/23
f 875/817/23 877/819/23 876/818/23
f 877/819/23 878/820/23 876/818/23
f 876/818/23 878/820/23 879/821/23
f 878/820/23 880/822/23 879/821/23
f 879/821/23 880/822/23 881/823/23
f 882/824/23 884/825/23 883/826/23
f 883/826/23 884/825/23 885/827/23
f 885/827/23 884/825/23 886/828/23
f 884/825/23 887/829/23 886/828/23
f 887/829/23 888/830/23 886/828/23
f 886/828/23 888/830/23 889/831/23
f 889/831/23 888/830/23 890/832/23
f 888/830/23 891/833/23 890/832/23
s 1
f 892/834/12 893/835/12 894/836/156
f 893/835/12 895/837/157 894/836/156
f 894/836/156 895/837/157 896/838/158
f 895/837/157 897/839/158 896/838/158
f 897/839/158 898/840/12 896/838/158
f 896/838/158 898/840/12 899/841/12
f 898/840/12 900/842/12 899/841/12
f 899/841/12 900/842/12 901/843/12
s 0
f 914/852/23 916/847/23 915/853/23
f 915/853/23 916/847/23 917/845/23
f 930/862/23 932/857/23 931/863/23
f 931/863/23 932/857/23 933/855/23
f 946/872/23 948/867/23 947/873/23
f 947/873/23 948/867/23 949/865/23
f 958/880/23 960/881/23 959/878/23
f 959/878/23 960/881/23 961/879/23
f 974/890/23 976/891/23 975/888/23
f 975/888/23 976/891/23 977/889/23
f 990/900/23 992/901/23 991/898/23
f 991/898/23 992/901/23 993/899/23
s 1
f 999/845/1 1001/880/1 1002/853/1
f 1001/880/1 1003/878/1 1002/853/1
f 1003/878/1 1005/874/1 1004/851/1
f 1005/874/1 1007/876/1 1006/850/1
f 1008/904/159 1009/846/159 1010/905/71
f 1009/846/159 1011/847/71 1010/905/71
f 1010/905/71 1011/847/71 1012/906/71
f 1011/847/71 1013/852/71 1012/906/71
f 1012/906/71 1013/852/71 1014/907/71
f 1013/852/71 1015/849/71 1014/907/71
f 1014/907/71 1015/849/71 1016/908/71
f 1018/854/1 1019/893/1 1020/855/1
f 1019/893/1 1021/890/1 1020/855/1
f 1020/855/1 1021/890/1 1022/863/1
f 1021/890/1 1023/888/1 1022/863/1
f 1022/863/1 1023/888/1 1024/861/1
f 1023/888/1 1025/884/21 1024/861/1
f 1024/861/1 1025/884/21 1026/860/1
f 1025/884/21 1027/886/1 1026/860/1
f 1028/882/159 1029/856/159 1030/881/71
f 1029/856/159 1031/857/71 1030/881/71
f 1030/881/71 1031/857/71 1032/879/71
f 1031/857/71 1033/862/71 1032/879/71
f 1032/879/71 1033/862/71 1034/875/71
f 1033/862/71 1035/859/71 1034/875/71
f 1038/864/1 1039/903/1 1040/865/1
f 1039/903/1 1041/900/1 1040/865/1
f 1040/865/1 1041/900/1 1042/873/1
f 1041/900/1 1043/898/1 1042/873/1
f 1042/873/1 1043/898/1 1044/871/21
f 1043/898/1 1045/894/21 1044/871/21
f 1044/871/21 1045/894/21 1046/870/1
f 1045/894/21 1047/896/1 1046/870/1
f 1048/892/71 1049/866/71 1050/891/71
f 1050/891/71 1051/867/71 1052/889/71
f 1051/867/71 1053/872/71 1052/889/71
f 1052/889/71 1053/872/71 1054/885/71
f 1053/872/71 1055/869/71 1054/885/71
f 1090/929/12 1091/930/12 1092/931/12
f 1091/930/12 1093/932/12 1092/931/12
s 0
f 1094/933/70 1095/934/70 1096/935/70
f 1095/934/70 1097/936/70 1096/935/70
s 1
f 1098/934/16 1099/937/16 1100/936/16
f 1099/937/16 1101/938/16 1100/936/16
s 0
f 1134/957/23 1135/952/23 1136/958/23
f 1135/952/23 1137/950/23 1136/958/23
f 1150/967/23 1151/962/23 1152/968/23
f 1151/962/23 1153/960/23 1152/968/23
f 1166/977/23 1167/972/23 1168/978/23
f 1167/972/23 1169/970/23 1168/978/23
s 1
f 1234/1019/12 1235/1020/12 1236/1021/12
f 1235/1020/12 1237/1022/12 1236/1021/12
s 0
f 1238/1023/70 1239/1024/70 1240/1025/70
f 1239/1024/70 1241/1026/70 1240/1025/70
s 1
f 1242/1024/16 1243/1027/16 1244/1026/16
f 1243/1027/16 1245/1028/16 1244/1026/16
s 0
f 1246/1027/23 1247/1022/23 1248/1028/23
f 1247/1022/23 1249/1020/23 1248/1028/23
f 1262/1037/23 1263/1032/23 1264/1038/23
f 1263/1032/23 1265/1030/23 1264/1038/23
f 1278/1047/23 1279/1042/23 1280/1048/23
f 1279/1042/23 1281/1040/23 1280/1048/23
f 1294/1057/23 1295/1052/23 1296/1058/23
f 1295/1052/23 1297/1050/23 1296/1058/23
f 1310/1067/23 1311/1062/23 1312/1068/23
f 1311/1062/23 1313/1060/23 1312/1068/23
f 1326/1077/23 1327/1072/23 1328/1078/23
f 1327/1072/23 1329/1070/23 1328/1078/23
f 1342/1087/23 1343/1082/23 1344/1088/23
f 1343/1082/23 1345/1080/23 1344/1088/23
f 1358/1097/23 1359/1092/23 1360/1098/23
f 1359/1092/23 1361/1090/23 1360/1098/23
f 1374/1107/23 1375/1102/23 1376/1108/23
f 1375/1102/23 1377/1100/23 1376/1108/23
f 1466/1162/23 1467/1163/23 1468/1160/23
f 1467/1163/23 1469/1161/23 1468/1160/23
f 1482/1172/23 1483/1173/23 1484/1170/23
f 1483/1173/23 1485/1171/23 1484/1170/23
f 1498/1182/23 1499/1183/23 1500/1180/23
f 1578/1232/23 1579/1233/23 1580/1230/23
f 1579/1233/23 1581/1231/23 1580/1230/23
f 1594/1242/23 1595/1243/23 1596/1240/23
f 1595/1243/23 1597/1241/23 1596/1240/23
f 1610/1252/23 1611/1253/23 1612/1250/23
f 1611/1253/23 1613/1251/23 1612/1250/23
f 1626/1262/23 1627/1263/23 1628/1260/23
f 1627/1263/23 1629/1261/23 1628/1260/23
f 1642/1272/23 1643/1273/23 1644/1270/23
f 1643/1273/23 1645/1271/23 1644/1270/23
f 1658/1282/23 1659/1283/23 1660/1280/23
f 1659/1283/23 1661/1281/23 1660/1280/23
f 1674/1292/23 1675/1293/23 1676/1290/23
f 1675/1293/23 1677/1291/23 1676/1290/23
f 1690/1302/23 1691/1303/23 1692/1300/23
f 1691/1303/23 1693/1301/23 1692/1300/23
s 1
f 1698/909/1 1699/1125/1 1700/910/1
f 1699/1125/1 1701/1122/1 1700/910/1
f 1700/910/1 1701/1122/1 1702/918/1
f 1701/1122/1 1703/1120/1 1702/918/1
f 1702/918/1 1703/1120/1 1704/916/1
f 1703/1120/1 1705/1116/1 1704/916/1
f 1704/916/1 1705/1116/1 1706/915/1
f 1705/1116/1 1707/1118/1 1706/915/1
f 1708/1306/71 1709/911/71 1710/1307/71
f 1709/911/71 1711/912/71 1710/1307/71
f 1718/919/1 1719/1135/1 1720/920/1
f 1719/1135/1 1721/1132/1 1720/920/1
f 1720/920/1 1721/1132/1 1722/928/1
f 1721/1132/1 1723/1130/1 1722/928/1
f 1722/928/1 1723/1130/1 1724/926/1
f 1723/1130/1 1725/1126/1 1724/926/1
f 1725/1126/1 1727/1128/1 1726/925/1
f 1728/1124/71 1729/921/71 1730/1123/71
f 1729/921/71 1731/922/71 1730/1123/71
f 1738/929/1 1739/1145/1 1740/930/1
f 1739/1145/1 1741/1142/1 1740/930/1
f 1740/930/1 1741/1142/1 1742/938/1
f 1741/1142/1 1743/1140/1 1742/938/1
f 1742/938/1 1743/1140/1 1744/936/1
f 1743/1140/1 1745/1136/1 1744/936/1
f 1744/936/1 1745/1136/1 1746/935/1
f 1745/1136/1 1747/1138/1 1746/935/1
f 1748/1134/71 1749/931/71 1750/1133/71
f 1749/931/71 1751/932/71 1750/1133/71
f 1752/1131/71 1753/937/71 1754/1127/71
f 1753/937/71 1755/934/71 1754/1127/71
f 1754/1127/71 1755/934/71 1756/1129/71
f 1755/934/71 1757/933/71 1756/1129/71
f 1760/940/1 1761/1152/1 1762/948/1
f 1761/1152/1 1763/1150/1 1762/948/1
f 1768/1144/71 1769/941/71 1770/1143/71
f 1769/941/71 1771/942/71 1770/1143/71
f 1772/1141/71 1773/947/71 1774/1137/71
f 1773/947/71 1775/944/71 1774/1137/71
f 1774/1137/71 1775/944/71 1776/1139/71
f 1775/944/71 1777/943/71 1776/1139/71
f 1780/950/1 1781/1162/1 1782/958/1
f 1781/1162/1 1783/1160/1 1782/958/1
f 1788/1154/71 1789/951/71 1790/1153/71
f 1789/951/71 1791/952/71 1790/1153/71
f 1790/1153/71 1791/952/71 1792/1151/71
f 1791/952/71 1793/957/71 1792/1151/71
f 1792/1151/71 1793/957/71 1794/1147/71
f 1793/957/71 1795/954/71 1794/1147/71
f 1794/1147/71 1795/954/71 1796/1149/71
f 1795/954/71 1797/953/71 1796/1149/71
f 1798/959/1 1799/1175/1 1800/960/1
f 1799/1175/1 1801/1172/1 1800/960/1
f 1800/960/1 1801/1172/1 1802/968/1
f 1801/1172/1 1803/1170/1 1802/968/1
f 1803/1170/1 1805/1166/1 1804/966/1
f 1808/1164/71 1809/961/71 1810/1163/71
f 1809/961/71 1811/962/71 1810/1163/71
f 1810/1163/71 1811/962/71 1812/1161/71
f 1811/962/71 1813/967/71 1812/1161/71
f 1814/1157/71 1815/964/71 1816/1159/71
f 1815/964/71 1817/963/71 1816/1159/71
f 1818/969/1 1819/1185/1 1820/970/1
f 1819/1185/1 1821/1182/1 1820/970/1
f 1820/970/1 1821/1182/1 1822/978/1
f 1821/1182/1 1823/1180/1 1822/978/1
f 1822/978/1 1823/1180/1 1824/976/1
f 1823/1180/1 1825/1176/1 1824/976/1
f 1824/976/1 1825/1176/1 1826/975/1
f 1825/1176/1 1827/1178/1 1826/975/1
f 1830/1173/71 1831/972/71 1832/1171/71
f 1831/972/71 1833/977/71 1832/1171/71
f 1835/974/71 1837/973/71 1836/1169/71
f 1838/979/1 1839/1195/1 1840/980/1
f 1839/1195/1 1841/1192/1 1840/980/1
f 1842/988/1 1843/1190/1 1844/986/1
f 1843/1190/1 1845/1186/1 1844/986/1
f 1844/986/1 1845/1186/1 1846/985/1
f 1845/1186/1 1847/1188/1 1846/985/1
f 1850/1183/71 1851/982/71 1852/1181/71
f 1851/982/71 1853/987/71 1852/1181/71
f 1858/989/1 1859/1205/1 1860/990/1
f 1859/1205/1 1861/1202/1 1860/990/1
f 1860/990/1 1861/1202/1 1862/998/1
f 1861/1202/1 1863/1200/1 1862/998/1
f 1862/998/1 1863/1200/1 1864/996/1
f 1863/1200/1 1865/1196/1 1864/996/1
f 1864/996/1 1865/1196/1 1866/995/1
f 1865/1196/1 1867/1198/1 1866/995/1
f 1870/1193/71 1871/992/71 1872/1191/71
f 1871/992/71 1873/997/71 1872/1191/71
f 1878/999/1 1879/1215/1 1880/1000/1
f 1879/1215/1 1881/1212/1 1880/1000/1
f 1881/1212/1 1883/1210/1 1882/1008/1
f 1883/1210/1 1885/1206/1 1884/1006/1
f 1885/1206/1 1887/1208/1 1886/1005/1
f 1898/1009/1 1899/1225/1 1900/1010/1
f 1899/1225/1 1901/1222/1 1900/1010/1
f 1901/1222/1 1903/1220/1 1902/1018/1
f 1902/1018/1 1903/1220/1 1904/1016/1
f 1903/1220/1 1905/1216/1 1904/1016/1
f 1904/1016/1 1905/1216/1 1906/1015/1
f 1905/1216/1 1907/1218/1 1906/1015/1
f 1918/1019/1 1919/1235/1 1920/1020/1
f 1919/1235/1 1921/1232/1 1920/1020/1
f 1920/1020/1 1921/1232/1 1922/1028/1
f 1921/1232/1 1923/1230/1 1922/1028/1
f 1922/1028/1 1923/1230/1 1924/1026/1
f 1923/1230/1 1925/1226/1 1924/1026/1
f 1924/1026/1 1925/1226/1 1926/1025/1
f 1925/1226/1 1927/1228/1 1926/1025/1
f 1928/1224/159 1929/1021/159 1930/1223/71
f 1929/1021/159 1931/1022/71 1930/1223/71
f 1930/1223/71 1931/1022/71 1932/1221/71
f 1931/1022/71 1933/1027/71 1932/1221/71
f 1932/1221/71 1933/1027/71 1934/1217/71
f 1933/1027/71 1935/1024/71 1934/1217/71
f 1934/1217/71 1935/1024/71 1936/1219/71
f 1935/1024/71 1937/1023/71 1936/1219/71
f 1940/1030/1 1941/1242/1 1942/1038/1
f 1941/1242/1 1943/1240/1 1942/1038/1
f 1945/1236/1 1947/1238/1 1946/1035/1
f 1948/1234/71 1949/1031/71 1950/1233/71
f 1949/1031/71 1951/1032/71 1950/1233/71
f 1950/1233/71 1951/1032/71 1952/1231/71
f 1951/1032/71 1953/1037/71 1952/1231/71
f 1952/1231/71 1953/1037/71 1954/1227/71
f 1953/1037/71 1955/1034/71 1954/1227/71
f 1954/1227/71 1955/1034/71 1956/1229/71
f 1955/1034/71 1957/1033/71 1956/1229/71
f 1960/1040/1 1961/1252/1 1962/1048/1
f 1961/1252/1 1963/1250/1 1962/1048/1
f 1968/1244/71 1969/1041/71 1970/1243/71
f 1969/1041/71 1971/1042/71 1970/1243/71
f 1970/1243/71 1971/1042/71 1972/1241/71
f 1971/1042/71 1973/1047/71 1972/1241/71
f 1972/1241/71 1973/1047/71 1974/1237/71
f 1973/1047/71 1975/1044/71 1974/1237/71
f 1974/1237/71 1975/1044/71 1976/1239/71
f 1978/1049/1 1979/1265/1 1980/1050/1
f 1980/1050/1 1981/1262/1 1982/1058/1
f 1981/1262/1 1983/1260/1 1982/1058/1
f 1982/1058/1 1983/1260/1 1984/1056/1
f 1983/1260/1 1985/1256/1 1984/1056/1
f 1988/1254/71 1989/1051/71 1990/1253/71
f 1989/1051/71 1991/1052/71 1990/1253/71
f 1990/1253/71 1991/1052/71 1992/1251/71
f 1991/1052/71 1993/1057/71 1992/1251/71
f 1992/1251/71 1993/1057/71 1994/1247/71
f 1993/1057/71 1995/1054/71 1994/1247/71
f 1994/1247/71 1995/1054/71 1996/1249/71
f 1995/1054/71 1997/1053/71 1996/1249/71
f 1998/1059/1 1999/1275/1 2000/1060/1
f 1999/1275/1 2001/1272/1 2000/1060/1
f 2000/1060/1 2001/1272/1 2002/1068/1
f 2001/1272/1 2003/1270/1 2002/1068/1
f 2002/1068/1 2003/1270/1 2004/1066/1
f 2003/1270/1 2005/1266/1 2004/1066/1
f 2008/1264/159 2009/1061/159 2010/1263/71
f 2009/1061/159 2011/1062/71 2010/1263/71
f 2010/1263/71 2011/1062/71 2012/1261/71
f 2011/1062/71 2013/1067/71 2012/1261/71
f 2013/1067/71 2015/1064/71 2014/1257/71
f 2014/1257/71 2015/1064/71 2016/1259/71
f 2015/1064/71 2017/1063/71 2016/1259/71
f 2018/1069/1 2019/1285/1 2020/1070/1
f 2019/1285/1 2021/1282/1 2020/1070/1
f 2020/1070/1 2021/1282/1 2022/1078/1
f 2021/1282/1 2023/1280/1 2022/1078/1
f 2022/1078/1 2023/1280/1 2024/1076/1
f 2023/1280/1 2025/1276/1 2024/1076/1
f 2028/1274/159 2029/1071/159 2030/1273/71
f 2029/1071/159 2031/1072/71 2030/1273/71
f 2030/1273/71 2031/1072/71 2032/1271/71
f 2031/1072/71 2033/1077/71 2032/1271/71
f 2034/1267/71 2035/1074/71 2036/1269/71
f 2035/1074/71 2037/1073/71 2036/1269/71
f 2038/1079/1 2039/1295/1 2040/1080/1
f 2039/1295/1 2041/1292/1 2040/1080/1
f 2040/1080/1 2041/1292/1 2042/1088/1
f 2041/1292/1 2043/1290/1 2042/1088/1
f 2042/1088/1 2043/1290/1 2044/1086/1
f 2043/1290/1 2045/1286/1 2044/1086/1
f 2050/1283/71 2051/1082/71 2052/1281/71
f 2051/1082/71 2053/1087/71 2052/1281/71
f 2054/1277/71 2055/1084/71 2056/1279/71
f 2055/1084/71 2057/1083/71 2056/1279/71
f 2058/1089/1 2059/1305/1 2060/1090/1
f 2059/1305/1 2061/1302/1 2060/1090/1
f 2060/1090/1 2061/1302/1 2062/1098/1
f 2061/1302/1 2063/1300/1 2062/1098/1
f 2062/1098/1 2063/1300/1 2064/1096/1
f 2064/1096/1 2065/1296/1 2066/1095/1
f 2065/1296/1 2067/1298/1 2066/1095/1
f 2070/1293/71 2071/1092/71 2072/1291/71
f 2071/1092/71 2073/1097/71 2072/1291/71
f 2079/1109/1 2081/1110/1 2080/1100/1
f 2080/1100/1 2081/1110/1 2082/1108/1
f 2081/1110/1 2083/1308/1 2082/1108/1
f 2082/1108/1 2083/1308/1 2084/1106/1
f 2084/1106/1 2085/1111/1 2086/1105/1
f 2085/1111/1 2087/1112/1 2086/1105/1
f 2090/1303/71 2091/1102/71 2092/1301/71
f 2091/1102/71 2093/1107/71 2092/1301/71
f 2092/1301/71 2093/1107/71 2094/1297/71
f 2093/1107/71 2095/1104/71 2094/1297/71
s 0
f 2098/905/23 2099/906/23 2100/1110/23
f 2099/906/23 2101/1308/23 2100/1110/23
s 1
f 2122/1325/71 2124/1326/71 2123/1327/71
f 2123/1327/71 2124/1326/71 2125/1328/71
f 2124/1326/71 2122/1325/71 2126/1329/71
f 2122/1325/71 2127/1330/71 2126/1329/71
f 2126/1329/71 2127/1330/71 2128/1331/71
f 2127/1330/71 2129/1332/71 2128/1331/71
f 2128/1331/71 2129/1332/71 2130/1333/71
f 2129/1332/71 2131/1334/71 2130/1333/71
f 2130/1333/71 2131/1334/71 2132/1335/71
f 2132/1335/71 2131/1334/71 2133/1336/71
f 2131/1334/71 2134/1337/71 2133/1336/71
f 2133/1336/71 2134/1337/71 2135/1338/71
f 2134/1337/71 2136/1339/71 2135/1338/71
f 2135/1338/71 2136/1339/71 2137/1340/71
f 2136/1339/71 2138/1341/71 2137/1340/71
f 2138/1341/71 2139/1342/71 2137/1340/71
f 2137/1340/71 2139/1342/71 2140/1343/71
f 2140/1343/71 2139/1342/71 2141/1344/71
f 2139/1342/71 2142/1345/71 2141/1344/71
f 2141/1344/71 2142/1345/71 2143/1346/71
f 2142/1345/71 2144/1347/71 2143/1346/71
f 2143/1346/71 2144/1347/71 2145/1348/71
f 2144/1347/71 2146/1349/71 2145/1348/71
f 2145/1348/71 2146/1349/71 2147/1350/71
f 2146/1349/71 2148/1351/71 2147/1350/71
f 2148/1351/71 2149/1352/71 2147/1350/71
f 2147/1350/71 2149/1352/71 2125/1328/71
f 2149/1352/71 2123/1327/71 2125/1328/71
s 0
f 2222/1409/70 2224/1410/70 2223/1411/70
f 2223/1411/70 2224/1410/70 2225/1412/70
f 2226/1413/70 2228/1414/70 2227/1415/70
f 2228/1414/70 591/545/70 2227/1415/70
f 2227/1415/70 591/545/70 592/546/70
s 1
f 2229/1416/71 2231/1417/71 2230/1418/71
f 2231/1417/71 2232/1419/71 2230/1418/71
f 2230/1418/71 2232/1419/71 2233/1420/71
f 2232/1419/71 2234/1421/71 2233/1420/71
f 2233/1420/71 2234/1421/71 2235/1422/71
f 2234/1421/71 2236/1423/71 2235/1422/71
f 2237/1424/16 2238/1425/16 2239/1426/16
f 2238/1425/16 2240/1427/16 2239/1426/16
f 2239/1426/16 2240/1427/16 2241/1428/16
f 2240/1427/16 2242/1429/16 2241/1428/16
f 2241/1428/16 2242/1429/16 2243/1430/27
f 2242/1429/16 2244/1431/27 2243/1430/27
f 2245/1432/16 2246/1433/16 2247/1434/16
f 2247/1434/16 2246/1433/16 2248/1435/27
f 2246/1433/16 2249/1436/27 2248/1435/27
f 2248/1435/27 2249/1436/27 2250/1437/16
f 2249/1436/27 2251/1438/16 2250/1437/16
f 2250/1437/16 2251/1438/16 2252/1439/16
f 2251/1438/16 2253/1440/16 2252/1439/16
f 2252/1439/16 2253/1440/16 2254/1441/16
f 2253/1440/16 2255/1442/16 2254/1441/16
f 2254/1441/16 2255/1442/16 2256/1443/27
f 2255/1442/16 2257/1444/27 2256/1443/27
f 2256/1443/27 2257/1444/27 2258/1445/84
f 2257/1444/27 2259/1446/84 2258/1445/84
f 2258/1445/84 2259/1446/84 2260/1447/16
f 2259/1446/84 2261/1448/16 2260/1447/16
f 2260/1447/16 2261/1448/16 2262/1449/16
f 2261/1448/16 2263/1450/16 2262/1449/16
f 2247/1434/16 2264/1451/16 2245/1432/16
f 2245/1432/16 2264/1451/16 2265/1452/27
f 2264/1451/16 2266/1453/27 2265/1452/27
f 2265/1452/27 2266/1453/27 2267/1454/84
f 2266/1453/27 2268/1455/84 2267/1454/84
s 0
f 2269/1456/23 2270/1457/23 2271/1458/23
f 2270/1457/23 2272/1459/23 2271/1458/23
f 2271/1458/23 2272/1459/23 2273/1460/23
f 2272/1459/23 2274/1461/23 2273/1460/23
f 2273/1460/23 2274/1461/23 2275/1462/23
f 2274/1461/23 2276/1463/23 2275/1462/23
f 2275/1462/23 2276/1463/23 2277/1464/23
f 2276/1463/23 2278/1465/23 2277/1464/23
f 2277/1464/23 2278/1465/23 2279/1466/23
f 2278/1465/23 2280/1467/23 2279/1466/23
f 2279/1466/23 2280/1467/23 2281/1468/23
f 2280/1467/23 2282/1469/23 2281/1468/23
f 2281/1468/23 2282/1469/23 2283/1470/23
f 2282/1469/23 2284/1471/23 2283/1470/23
f 2283/1470/23 2284/1471/23 2285/1472/23
f 2284/1471/23 2286/1473/23 2285/1472/23
f 2285/1472/23 2286/1473/23 2287/1474/23
f 2286/1473/23 2288/1475/23 2287/1474/23
f 2287/1474/23 2288/1475/23 2289/1476/23
f 2288/1475/23 2290/1477/23 2289/1476/23
f 2289/1476/23 2290/1477/23 2291/1478/23
f 2290/1477/23 2292/1479/23 2291/1478/23
f 2293/1480/23 2294/1481/23 2295/1482/23
f 2294/1481/23 2296/1483/23 2295/1482/23
s 1
f 2295/1482/23 2296/1483/23 2297/1484/193
f 2296/1483/23 2298/1485/194 2297/1484/193
f 2297/1484/193 2298/1485/194 2299/1486/195
f 2298/1485/194 2300/1487/195 2299/1486/195
f 2301/1488/1 2302/1489/1 2303/1490/1
f 2302/1489/1 2304/1491/1 2303/1490/1
f 2303/1490/1 2304/1491/1 2305/1492/1
f 2304/1491/1 2306/1493/1 2305/1492/1
f 2305/1492/1 2306/1493/1 2307/1494/1
f 2306/1493/1 2308/1495/1 2307/1494/1
f 2309/1496/42 2310/1497/42 2311/1498/12
f 2310/1497/42 2312/1499/12 2311/1498/12
f 2311/1498/12 2312/1499/12 2313/1500/12
f 2312/1499/12 2314/1501/12 2313/1500/12
f 2313/1500/12 2314/1501/12 2315/1502/12
f 2314/1501/12 2316/1503/12 2315/1502/12
f 2315/1502/12 2316/1503/12 2317/1504/12
f 2316/1503/12 2318/1505/12 2317/1504/12
f 2317/1504/12 2318/1505/12 2319/1506/12
f 2318/1505/12 2320/1507/12 2319/1506/12
f 2319/1506/12 2320/1507/12 2321/1508/12
f 2320/1507/12 2322/1509/12 2321/1508/12
f 2321/1508/12 2322/1509/12 2323/1510/12
f 2322/1509/12 2324/1511/12 2323/1510/12
f 2323/1510/12 2324/1511/12 2325/1512/12
f 2324/1511/12 2326/1513/12 2325/1512/12
f 2325/1512/12 2326/1513/12 2327/1514/25
f 2326/1513/12 2328/1515/25 2327/1514/25
f 2327/1514/25 2328/1515/25 2329/1516/12
f 2328/1515/25 2330/1517/12 2329/1516/12
f 2329/1516/12 2330/1517/12 2331/1518/12
f 2330/1517/12 2332/1519/12 2331/1518/12
f 2331/1518/12 2332/1519/12 2333/1520/25
f 2332/1519/12 2334/1521/25 2333/1520/25
f 2333/1520/25 2334/1521/25 2335/1522/42
f 2334/1521/25 2336/1523/42 2335/1522/42
f 2335/1522/42 2336/1523/42 2337/1524/26
f 2336/1523/42 2338/1525/26 2337/1524/26
f 2339/1526/71 2340/1527/71 2341/1528/71
f 2340/1527/71 2342/1529/71 2341/1528/71
f 2341/1528/71 2342/1529/71 2343/1530/71
f 2342/1529/71 2344/1531/71 2343/1530/71
f 2343/1530/71 2344/1531/71 2345/1532/71
f 2344/1531/71 2346/1533/71 2345/1532/71
s 0
f 2347/1534/196 2348/1535/196 2349/1536/196
f 2348/1535/196 2350/1537/196 2349/1536/196
f 2349/1536/196 2350/1537/196 2351/1538/196
f 2350/1537/23 2352/1539/23 2351/1538/23
f 2351/1538/196 2352/1539/196 2353/1540/196
f 2352/1539/23 2354/1541/23 2353/1540/23
f 2353/1540/23 2354/1541/23 2355/1542/23
f 2354/1541/23 2356/1543/23 2355/1542/23
f 2355/1542/23 2356/1543/23 2357/1544/23
f 2356/1543/23 2358/1545/23 2357/1544/23
f 2357/1544/196 2358/1545/196 2359/1546/196
f 2358/1545/196 2360/1547/196 2359/1546/196
f 2359/1546/196 2360/1547/196 2361/1548/196
f 2360/1547/23 2362/1549/23 2361/1548/23
f 2361/1548/23 2362/1549/23 2363/1550/23
f 2362/1549/196 2364/1551/196 2363/1550/196
f 2363/1550/196 2364/1551/196 2365/1552/196
f 2364/1551/196 2366/1553/196 2365/1552/196
f 2365/1552/196 2366/1553/196 2367/1554/196
f 2366/1553/23 2368/1555/23 2367/1554/23
f 2367/1554/23 2368/1555/23 2369/1556/23
f 2368/1555/196 2370/1557/196 2369/1556/196
f 2369/1556/196 2370/1557/196 2371/1558/196
f 2370/1557/23 2372/1559/23 2371/1558/23
f 2371/1558/23 2372/1559/23 2373/1560/23
f 2372/1559/23 2374/1561/23 2373/1560/23
s 1
f 2373/1560/23 2374/1561/23 2375/1562/196
f 2374/1561/23 2376/1563/196 2375/1562/196
f 2377/1564/1 2378/1565/1 2379/1566/1
f 2378/1565/1 2380/1567/1 2379/1566/1
f 2379/1566/1 2380/1567/1 2381/1568/1
f 2380/1567/1 2382/1569/1 2381/1568/1
f 2381/1568/1 2382/1569/1 2383/1570/1
f 2382/1569/1 2384/1571/1 2383/1570/1
s 0
f 2385/1572/23 2386/1573/23 2387/1574/23
f 2386/1573/23 2388/1575/23 2387/1574/23
f 2387/1574/23 2388/1575/23 2389/1576/23
f 2388/1575/23 2390/1577/23 2389/1576/23
f 2390/1577/23 2391/1578/23 2389/1576/23
f 2391/1578/23 2392/1579/23 2389/1576/23
f 2389/1576/23 2392/1579/23 2387/1574/23
f 2390/1577/23 2388/1575/23 2393/1580/23
f 2393/1580/23 2388/1575/23 2394/1581/23
f 2388/1575/23 2395/1582/23 2394/1581/23
f 2395/1582/23 2396/1583/23 2394/1581/23
f 2394/1581/23 2396/1583/23 2397/1584/23
f 2398/1585/23 2400/1586/23 2399/1587/23
f 2399/1587/23 2400/1586/23 2401/1588/23
f 2400/1586/23 2387/1574/23 2401/1588/23
f 2387/1574/23 2392/1579/23 2401/1588/23
f 2401/1588/23 2392/1579/23 2402/1589/23
f 2392/1579/23 2403/1590/23 2402/1589/23
f 2387/1574/23 2400/1586/23 2385/1572/23
f 2400/1586/23 2404/1591/23 2385/1572/23
f 2404/1591/23 2405/1592/23 2385/1572/23
f 2385/1572/23 2405/1592/23 2406/1593/23
f 2405/1592/23 2407/1594/23 2406/1593/23
f 2406/1593/23 2407/1594/23 2408/1595/23
f 2407/1594/23 2409/1596/23 2408/1595/23
f 2401/1588/23 2402/1589/23 2399/1587/23
f 2399/1587/23 2402/1589/23 2410/1597/23
f 2410/1597/23 2402/1589/23 2411/1598/23
f 2402/1589/23 2403/1590/23 2411/1598/23
f 2411/1598/23 2403/1590/23 2412/1599/23
f 2403/1590/23 2413/1600/23 2412/1599/23
f 2413/1600/23 2414/1601/23 2412/1599/23
f 2412/1599/23 2414/1601/23 2415/1602/23
f 2414/1601/23 2416/1603/23 2415/1602/23
f 2400/1586/23 2398/1585/23 2404/1591/23
f 2415/1602/23 2417/1604/23 2412/1599/23
f 2412/1599/23 2417/1604/23 2411/1598/23
f 2417/1604/23 2418/1605/23 2411/1598/23
f 2411/1598/23 2418/1605/23 2410/1597/23
f 2418/1605/23 2419/1606/23 2410/1597/23
f 2410/1597/23 2419/1606/23 2420/1607/23
f 2417/1604/23 2421/1608/23 2418/1605/23
f 2418/1605/23 2421/1608/23 2419/1606/23
f 2421/1608/23 2422/1609/23 2419/1606/23
f 2423/1610/23 2424/1611/23 2425/1612/23
f 2424/1611/23 2426/1613/23 2425/1612/23
f 2426/1613/23 2427/1614/23 2425/1612/23
f 2425/1612/23 2427/1614/23 2428/1615/23
f 2428/1615/23 2427/1614/23 2429/1616/23
f 2427/1614/23 2430/1617/23 2429/1616/23
f 2431/1618/23 2432/1619/23 2433/1620/23
f 2432/1619/23 2434/1621/23 2433/1620/23
f 2435/1622/23 2436/1623/23 2437/1624/23
f 2436/1623/23 2438/1625/23 2437/1624/23
s 1
f 2447/1626/71 2448/1627/71 2449/1628/71
f 2448/1627/71 2450/1629/71 2449/1628/71
f 2451/1630/1 2452/1631/1 2453/1632/1
f 2452/1631/1 2454/1633/1 2453/1632/1
f 2455/1634/16 2456/1635/16 2457/1636/16
f 2456/1635/16 2458/1637/16 2457/1636/16
f 2458/1637/16 2459/1638/16 2457/1636/16
f 2457/1636/16 2459/1638/16 2460/1639/16
f 2460/1639/16 2459/1638/16 2461/1640/16
f 2459/1638/16 2462/1641/16 2461/1640/16
f 2461/1640/16 2462/1641/16 2463/1642/16
f 2462/1641/16 2464/1643/16 2463/1642/16
f 2465/1644/12 2466/1645/12 2467/1646/12
f 2467/1646/12 2466/1645/12 2468/1647/12
f 2468/1647/12 2466/1645/12 2469/1648/12
f 2466/1645/12 2470/1649/12 2469/1648/12
f 2469/1648/12 2470/1649/12 2471/1650/12
f 2470/1649/12 2472/1651/12 2471/1650/12
f 2471/1650/12 2472/1651/12 2473/1652/12
f 2472/1651/12 2474/1653/12 2473/1652/12
f 2475/1654/71 2476/1655/71 2477/1656/71
f 2476/1655/71 2478/1657/71 2477/1656/71
f 2477/1656/71 2478/1657/71 2479/1658/71
f 2478/1657/71 2480/1659/71 2479/1658/71
f 2481/1660/71 2482/1661/71 2483/1662/71
f 2482/1661/71 2484/1663/71 2483/1662/71
f 2483/1662/71 2484/1663/71 2485/1664/199
f 2484/1663/71 2486/1665/200 2485/1664/199
f 2485/1664/199 2486/1665/200 2487/1666/71
f 2486/1665/200 2488/1667/201 2487/1666/71
f 2487/1666/71 2488/1667/201 2489/1668/202
f 2488/1667/201 2490/1669/71 2489/1668/202
f 2491/1670/71 2487/1666/71 2492/1671/203
f 2487/1666/71 2489/1668/202 2492/1671/203
f 2492/1671/203 2489/1668/202 2493/1672/204
f 2489/1668/202 2494/1673/205 2493/1672/204
f 2493/1672/204 2494/1673/205 2495/1674/206
f 2494/1673/205 2496/1675/207 2495/1674/206
f 2495/1674/206 2496/1675/207 2497/1676/208
f 2496/1675/207 2498/1677/209 2497/1676/208
f 2497/1676/208 2498/1677/209 2499/1678/71
f 2499/1678/71 2498/1677/209 2500/1679/71
f 2500/1679/71 2498/1677/209 2501/1680/71
f 2498/1677/209 2489/1668/202 2501/1680/71
f 2489/1668/202 2490/1669/71 2501/1680/71
f 2490/1669/71 2502/1681/71 2501/1680/71
f 2501/1680/71 2502/1681/71 2503/1682/71
f 2493/1672/204 2495/1674/206 2492/1671/203
f 2492/1671/203 2495/1674/206 2497/1676/208
f 2496/1675/207 2494/1673/205 2498/1677/209
f 2498/1677/209 2494/1673/205 2489/1668/202
f 2501/1680/71 2504/1683/210 2500/1679/71
f 2500/1679/71 2504/1683/210 2505/1684/211
f 2504/1683/210 2506/1685/212 2505/1684/211
f 2505/1684/211 2506/1685/212 2507/1686/71
f 2506/1685/212 2508/1687/71 2507/1686/71
f 2507/1686/71 2508/1687/71 2509/1688/71
f 2508/1687/71 2510/1689/71 2509/1688/71
f 2511/1690/213 2512/578/213 2513/1691/213
s 0
f 2512/578/214 2514/577/214 2513/1691/214
s 1
f 2515/1692/215 2516/588/215 2517/1693/215
s 0
f 2516/588/216 2518/587/216 2517/1693/216
f 2519/1694/70 2520/1695/70 2521/1696/70
f 2520/1695/70 2522/1697/70 2521/1696/70
f 2521/1696/70 2522/1697/70 2523/1698/70
f 2522/1697/70 2524/1699/70 2523/1698/70
f 2523/1698/70 2524/1699/70 2525/1700/70
f 2524/1699/70 2526/1701/70 2525/1700/70
s 1
f 2527/1702/217 2528/1703/218 2522/1697/70
f 2528/1703/218 2529/1704/219 2522/1697/70
f 2522/1697/70 2529/1704/219 2524/1699/70
f 2529/1704/219 2530/1705/220 2524/1699/70
f 2524/1699/70 2530/1705/220 2531/1706/221
f 2530/1705/220 2532/1707/222 2531/1706/221
f 2573/1748/71 2575/1749/71 2574/1750/71
f 2574/1750/71 2575/1749/71 2576/1751/71
f 2575/1749/71 2577/1752/71 2576/1751/71
f 2576/1751/71 2577/1752/71 2578/1753/71
f 2577/1752/71 2579/1754/71 2578/1753/71
f 2578/1753/71 2579/1754/71 2580/1755/71
f 2579/1754/71 2581/1756/71 2580/1755/71
f 2580/1755/71 2581/1756/71 2582/1757/71
f 2581/1756/71 2583/1758/71 2582/1757/71
f 2582/1757/71 2583/1758/71 2584/1759/71
f 2583/1758/71 2585/1760/71 2584/1759/71
f 2584/1759/71 2585/1760/71 2586/1761/71
f 2585/1760/71 2587/1762/71 2586/1761/71
f 2574/1750/71 2588/1763/71 2573/1748/71
f 2589/1764/62 2591/1765/62 2590/1766/242
f 2590/1766/242 2591/1765/62 2592/1767/242
f 2591/1765/62 2593/1768/61 2592/1767/242
f 2592/1767/242 2593/1768/61 2594/1769/243
f 2593/1768/61 2595/1770/63 2594/1769/243
f 2594/1769/243 2595/1770/63 2596/1771/243
f 2597/1772/244 2599/1773/242 2598/1774/244
f 2599/1773/242 2600/1775/242 2598/1774/244
f 2598/1774/244 2600/1775/242 2601/1776/245
f 2600/1775/242 2602/1777/243 2601/1776/245
f 2601/1776/245 2602/1777/243 2603/1778/244
f 2602/1777/243 2604/1779/243 2603/1778/244
f 2605/1764/246 2606/1780/247 2607/1765/247
f 2606/1780/247 2608/1781/247 2607/1765/247
f 2607/1765/247 2608/1781/247 2609/1768/247
f 2608/1781/247 2610/1782/247 2609/1768/247
f 2609/1768/247 2610/1782/247 2611/1770/247
f 2610/1782/247 2612/1783/247 2611/1770/247
f 2627/1798/218 2629/1799/248 2628/1800/218
f 2628/1800/218 2629/1799/248 2630/1801/219
f 2629/1799/248 2631/1802/249 2630/1801/219
f 2630/1801/219 2631/1802/249 2632/1803/250
f 2631/1802/249 2633/1804/251 2632/1803/250
f 2632/1803/250 2633/1804/251 2634/1805/222
f 2655/1826/218 2657/1827/248 2656/1828/218
f 2656/1828/218 2657/1827/248 2658/1829/219
f 2657/1827/248 2659/1830/249 2658/1829/219
f 2658/1829/219 2659/1830/249 2660/1831/250
f 2659/1830/249 2661/1832/251 2660/1831/250
f 2660/1831/250 2661/1832/251 2662/1833/222
f 2683/1854/218 2685/1855/248 2684/1856/218
f 2684/1856/218 2685/1855/248 2686/1857/219
f 2685/1855/248 2687/1858/249 2686/1857/219
f 2686/1857/219 2687/1858/249 2688/1859/250
f 2687/1858/249 2689/1860/222 2688/1859/250
f 2688/1859/250 2689/1860/222 2690/1861/222
f 2711/1882/218 2713/1883/248 2712/1884/218
f 2712/1884/218 2713/1883/248 2714/1885/219
f 2713/1883/248 2715/1886/249 2714/1885/219
f 2714/1885/219 2715/1886/249 2716/1887/250
f 2715/1886/249 2717/1888/251 2716/1887/250
f 2716/1887/250 2717/1888/251 2718/1889/222
f 2739/1910/218 2741/1911/248 2740/1912/218
f 2740/1912/218 2741/1911/248 2742/1913/219
f 2741/1911/248 2743/1914/249 2742/1913/219
f 2742/1913/219 2743/1914/249 2744/1915/250
f 2743/1914/249 2745/1916/251 2744/1915/250
f 2744/1915/250 2745/1916/251 2746/1917/222
f 2767/1938/218 2769/1939/248 2768/1940/218
f 2768/1940/218 2769/1939/248 2770/1941/219
f 2769/1939/248 2771/1942/249 2770/1941/219
f 2770/1941/219 2771/1942/249 2772/1943/250
f 2771/1942/249 2773/1944/251 2772/1943/250
f 2772/1943/250 2773/1944/251 2774/1945/222
f 2795/1966/218 2797/1967/248 2796/1968/218
f 2796/1968/218 2797/1967/248 2798/1969/219
f 2797/1967/248 2799/1970/249 2798/1969/219
f 2798/1969/219 2799/1970/249 2800/1971/250
f 2799/1970/249 2801/1972/222 2800/1971/250
f 2800/1971/250 2801/1972/222 2802/1973/222
f 2823/1994/218 2825/1995/248 2824/1996/218
f 2824/1996/218 2825/1995/248 2826/1997/219
f 2825/1995/248 2827/1998/249 2826/1997/219
f 2826/1997/219 2827/1998/249 2828/1999/250
f 2827/1998/249 2829/2000/222 2828/1999/250
f 2828/1999/250 2829/2000/222 2830/2001/222
f 2843/2014/218 2844/2015/218 2845/2016/248
f 2844/2015/218 2846/2017/219 2845/2016/248
f 2845/2016/248 2846/2017/219 2847/2018/249
f 2846/2017/219 2848/2019/250 2847/2018/249
f 2847/2018/249 2848/2019/250 2849/2020/222
f 2848/2019/250 2850/2021/222 2849/2020/222
f 2871/2042/252 2872/2043/218 2873/2044/248
f 2872/2043/218 2874/2045/219 2873/2044/248
f 2873/2044/248 2874/2045/219 2875/2046/249
f 2874/2045/219 2876/2047/250 2875/2046/249
f 2875/2046/249 2876/2047/250 2877/2048/222
f 2876/2047/250 2878/2049/222 2877/2048/222
f 2899/2070/218 2900/2071/218 2901/2072/248
f 2900/2071/218 2902/2073/219 2901/2072/248
f 2901/2072/248 2902/2073/219 2903/2074/249
f 2902/2073/219 2904/2075/250 2903/2074/249
f 2903/2074/249 2904/2075/250 2905/2076/222
f 2904/2075/250 2906/2077/222 2905/2076/222
f 2927/2098/218 2928/2099/218 2929/2100/248
f 2928/2099/218 2930/2101/219 2929/2100/248
f 2929/2100/248 2930/2101/219 2931/2102/249
f 2930/2101/219 2932/2103/250 2931/2102/249
f 2931/2102/249 2932/2103/250 2933/2104/221
f 2932/2103/250 2934/2105/221 2933/2104/221
f 2955/2126/218 2956/2127/218 2957/2128/248
f 2956/2127/218 2958/2129/219 2957/2128/248
f 2957/2128/248 2958/2129/219 2959/2130/249
f 2958/2129/219 2960/2131/250 2959/2130/249
f 2959/2130/249 2960/2131/250 2961/2132/222
f 2960/2131/250 2962/2133/222 2961/2132/222
f 2983/2154/218 2984/2155/218 2985/2156/248
f 2984/2155/218 2986/2157/219 2985/2156/248
f 2985/2156/248 2986/2157/219 2987/2158/249
f 2986/2157/219 2988/2159/250 2987/2158/249
f 2987/2158/249 2988/2159/250 2989/2160/222
f 2988/2159/250 2990/2161/222 2989/2160/222
f 3011/2182/218 3012/2183/218 3013/2184/248
f 3012/2183/218 3014/2185/219 3013/2184/248
f 3013/2184/248 3014/2185/219 3015/2186/249
f 3014/2185/219 3016/2187/250 3015/2186/249
f 3015/2186/249 3016/2187/250 3017/2188/222
f 3016/2187/250 3018/2189/222 3017/2188/222
f 3039/2210/218 3040/2211/218 3041/2212/248
f 3040/2211/218 3042/2213/219 3041/2212/248
f 3041/2212/248 3042/2213/219 3043/2214/249
f 3042/2213/219 3044/2215/250 3043/2214/249
f 3043/2214/249 3044/2215/250 3045/2216/222
f 3044/2215/250 3046/2217/222 3045/2216/222
f 3070/2241/71 3071/2242/159 3072/2243/71
f 3071/2242/159 3073/2244/71 3072/2243/71
f 3072/2243/71 3073/2244/71 3074/2245/71
f 3073/2244/71 3075/2246/71 3074/2245/71
f 3074/2245/71 3075/2246/71 3076/2247/71
f 3075/2246/71 3077/2248/71 3076/2247/71
f 3081/2252/1 3083/2253/1 3082/2254/1
f 3082/2254/1 3083/2253/1 3084/2255/1
f 3083/2253/1 3085/2256/1 3084/2255/1
f 3084/2255/1 3085/2256/1 3086/2257/1
f 3085/2256/1 3087/2258/1 3086/2257/1
f 3086/2257/1 3087/2258/1 3088/2259/1
f 3087/2258/1 3089/2260/1 3088/2259/1
f 3088/2259/1 3089/2260/1 3090/2261/1
f 3089/2260/1 3091/2262/1 3090/2261/1
f 3090/2261/1 3091/2262/1 3092/2263/1
f 3091/2262/1 3093/2264/1 3092/2263/1
f 3092/2263/1 3093/2264/1 3094/2265/21
f 3093/2264/1 3095/2266/21 3094/2265/21
f 3094/2265/21 3095/2266/21 3096/2267/1
f 3095/2266/21 3097/2268/1 3096/2267/1
f 3096/2267/1 3097/2268/1 3098/2269/1
f 3097/2268/1 3099/2270/1 3098/2269/1
f 3098/2269/1 3099/2270/1 3100/2271/1
f 3099/2270/1 3081/2252/1 3100/2271/1
f 3100/2271/1 3081/2252/1 3082/2254/1
f 3110/2281/71 3111/2282/71 3112/2283/71
f 3111/2282/71 3113/2284/71 3112/2283/71
f 3112/2283/71 3113/2284/71 3114/2285/71
f 3113/2284/71 3115/2286/71 3114/2285/71
f 3114/2285/71 3115/2286/71 3116/2287/71
f 3115/2286/71 3117/2288/71 3116/2287/71
f 3121/2292/1 3123/2293/1 3122/2294/1
f 3122/2294/1 3123/2293/1 3124/2295/1
f 3123/2293/1 3125/2296/1 3124/2295/1
f 3124/2295/1 3125/2296/1 3126/2297/1
f 3125/2296/1 3127/2298/1 3126/2297/1
f 3126/2297/1 3127/2298/1 3128/2299/1
f 3127/2298/1 3129/2300/1 3128/2299/1
f 3128/2299/1 3129/2300/1 3130/2301/1
f 3129/2300/1 3131/2302/1 3130/2301/1
f 3130/2301/1 3131/2302/1 3132/2303/1
f 3131/2302/1 3133/2304/1 3132/2303/1
f 3132/2303/1 3133/2304/1 3134/2305/21
f 3133/2304/1 3135/2306/21 3134/2305/21
f 3134/2305/21 3135/2306/21 3136/2307/1
f 3135/2306/21 3137/2308/1 3136/2307/1
f 3137/2308/1 3139/2310/1 3138/2309/1
f 3138/2309/1 3139/2310/1 3140/2311/1
f 3139/2310/1 3121/2292/1 3140/2311/1
f 3140/2311/1 3121/2292/1 3122/2294/1
f 3150/2321/71 3151/2322/71 3152/2323/71
f 3151/2322/71 3153/2324/71 3152/2323/71
f 3152/2323/71 3153/2324/71 3154/2325/71
f 3153/2324/71 3155/2326/71 3154/2325/71
f 3154/2325/71 3155/2326/71 3156/2327/71
f 3155/2326/71 3157/2328/71 3156/2327/71
f 3161/2332/1 3163/2333/1 3162/2334/1
f 3162/2334/1 3163/2333/1 3164/2335/1
f 3163/2333/1 3165/2336/1 3164/2335/1
f 3164/2335/1 3165/2336/1 3166/2337/1
f 3165/2336/1 3167/2338/1 3166/2337/1
f 3166/2337/1 3167/2338/1 3168/2339/1
f 3167/2338/1 3169/2340/1 3168/2339/1
f 3168/2339/1 3169/2340/1 3170/2341/1
f 3169/2340/1 3171/2342/1 3170/2341/1
f 3170/2341/1 3171/2342/1 3172/2343/1
f 3171/2342/1 3173/2344/1 3172/2343/1
f 3172/2343/1 3173/2344/1 3174/2345/1
f 3173/2344/1 3175/2346/1 3174/2345/1
f 3174/2345/1 3175/2346/1 3176/2347/1
f 3175/2346/1 3177/2348/1 3176/2347/1
f 3176/2347/1 3177/2348/1 3178/2349/1
f 3177/2348/1 3179/2350/1 3178/2349/1
f 3178/2349/1 3179/2350/1 3180/2351/1
f 3179/2350/1 3161/2332/1 3180/2351/1
f 3180/2351/1 3161/2332/1 3162/2334/1
f 3189/2360/71 3191/2362/71 3190/2361/71
f 3190/2361/71 3191/2362/71 3192/2363/71
f 3191/2362/71 3193/2364/71 3192/2363/71
f 3192/2363/71 3193/2364/71 3194/2365/71
f 3193/2364/71 3195/2366/71 3194/2365/71
f 3194/2365/71 3195/2366/71 3196/2367/71
f 3195/2366/71 3197/2368/71 3196/2367/71
f 3201/2372/1 3203/2373/1 3202/2374/1
f 3202/2374/1 3203/2373/1 3204/2375/1
f 3203/2373/1 3205/2376/1 3204/2375/1
f 3204/2375/1 3205/2376/1 3206/2377/1
f 3205/2376/1 3207/2378/1 3206/2377/1
f 3206/2377/1 3207/2378/1 3208/2379/1
f 3207/2378/1 3209/2380/1 3208/2379/1
f 3208/2379/1 3209/2380/1 3210/2381/1
f 3209/2380/1 3211/2382/1 3210/2381/1
f 3210/2381/1 3211/2382/1 3212/2383/1
f 3211/2382/1 3213/2384/1 3212/2383/1
f 3212/2383/1 3213/2384/1 3214/2385/1
f 3213/2384/1 3215/2386/1 3214/2385/1
f 3215/2386/1 3217/2388/1 3216/2387/1
f 3219/2390/1 3201/2372/1 3220/2391/1
f 3220/2391/1 3201/2372/1 3202/2374/1
f 3229/2400/71 3231/2402/71 3230/2401/71
f 3231/2402/71 3233/2404/71 3232/2403/71
f 3232/2403/71 3233/2404/71 3234/2405/71
f 3233/2404/71 3235/2406/71 3234/2405/71
f 3234/2405/71 3235/2406/71 3236/2407/71
f 3235/2406/71 3237/2408/71 3236/2407/71
f 3241/2412/1 3243/2413/1 3242/2414/1
f 3242/2414/1 3243/2413/1 3244/2415/1
f 3243/2413/1 3245/2416/1 3244/2415/1
f 3244/2415/1 3245/2416/1 3246/2417/1
f 3245/2416/1 3247/2418/1 3246/2417/1
f 3246/2417/1 3247/2418/1 3248/2419/1
f 3247/2418/1 3249/2420/1 3248/2419/1
f 3248/2419/1 3249/2420/1 3250/2421/1
f 3249/2420/1 3251/2422/1 3250/2421/1
f 3250/2421/1 3251/2422/1 3252/2423/1
f 3251/2422/1 3253/2424/1 3252/2423/1
f 3252/2423/1 3253/2424/1 3254/2425/1
f 3253/2424/1 3255/2426/1 3254/2425/1
f 3254/2425/1 3255/2426/1 3256/2427/1
f 3255/2426/1 3257/2428/1 3256/2427/1
f 3256/2427/1 3257/2428/1 3258/2429/1
f 3257/2428/1 3259/2430/1 3258/2429/1
f 3260/2431/1 3241/2412/1 3242/2414/1
f 3265/2436/71 3267/2438/71 3266/2437/71
f 3270/2441/71 3271/2442/71 3272/2443/71
f 3271/2442/71 3273/2444/71 3272/2443/71
f 3272/2443/71 3273/2444/71 3274/2445/71
f 3273/2444/71 3275/2446/71 3274/2445/71
f 3274/2445/71 3275/2446/71 3276/2447/71
f 3275/2446/71 3277/2448/71 3276/2447/71
f 3285/2456/1 3287/2458/1 3286/2457/1
f 3286/2457/1 3287/2458/1 3288/2459/1
f 3287/2458/1 3289/2460/1 3288/2459/1
f 3288/2459/1 3289/2460/1 3290/2461/1
f 3289/2460/1 3291/2462/1 3290/2461/1
f 3290/2461/1 3291/2462/1 3292/2463/1
f 3291/2462/1 3293/2464/1 3292/2463/1
f 3292/2463/1 3293/2464/1 3294/2465/1
f 3293/2464/1 3295/2466/1 3294/2465/1
f 3294/2465/1 3295/2466/1 3296/2467/1
f 3295/2466/1 3297/2468/1 3296/2467/1
f 3297/2468/1 3299/2470/1 3298/2469/1
f 3300/2471/1 3281/2452/1 3282/2454/1
f 3310/2481/71 3311/2482/71 3312/2483/71
f 3311/2482/71 3313/2484/71 3312/2483/71
f 3312/2483/71 3313/2484/71 3314/2485/71
f 3313/2484/71 3315/2486/71 3314/2485/71
f 3314/2485/71 3315/2486/71 3316/2487/71
f 3315/2486/71 3317/2488/71 3316/2487/71
f 3325/2496/1 3327/2498/1 3326/2497/1
f 3326/2497/1 3327/2498/1 3328/2499/1
f 3327/2498/1 3329/2500/1 3328/2499/1
f 3328/2499/1 3329/2500/1 3330/2501/1
f 3329/2500/1 3331/2502/1 3330/2501/1
f 3330/2501/1 3331/2502/1 3332/2503/1
f 3331/2502/1 3333/2504/1 3332/2503/1
f 3332/2503/1 3333/2504/1 3334/2505/1
f 3333/2504/1 3335/2506/1 3334/2505/1
f 3334/2505/1 3335/2506/1 3336/2507/1
f 3335/2506/1 3337/2508/21 3336/2507/1
f 3337/2508/21 3339/2510/1 3338/2509/1
f 3350/2521/71 3351/2522/71 3352/2523/71
f 3351/2522/71 3353/2524/71 3352/2523/71
f 3352/2523/71 3353/2524/71 3354/2525/71
f 3353/2524/71 3355/2526/71 3354/2525/71
f 3354/2525/71 3355/2526/71 3356/2527/71
f 3355/2526/71 3357/2528/71 3356/2527/71
f 3365/2536/1 3367/2538/1 3366/2537/1
f 3366/2537/1 3367/2538/1 3368/2539/1
f 3367/2538/1 3369/2540/1 3368/2539/1
f 3368/2539/1 3369/2540/1 3370/2541/1
f 3369/2540/1 3371/2542/1 3370/2541/1
f 3370/2541/1 3371/2542/1 3372/2543/1
f 3371/2542/1 3373/2544/1 3372/2543/1
f 3372/2543/1 3373/2544/1 3374/2545/1
s 0
f 3501/2672/70 3502/2673/70 3503/2674/70
f 3502/2673/253 3504/2675/253 3503/2674/253
s 1
f 3505/2676/6 3506/2677/6 3507/2678/6
f 3506/2677/6 3508/2679/1 3507/2678/6
f 3507/2678/6 3508/2679/1 3509/2680/1
f 3508/2679/1 3510/2681/1 3509/2680/1
f 3509/2680/1 3510/2681/1 3511/2682/1
f 3510/2681/1 3512/2683/1 3511/2682/1
f 3512/2683/1 3514/2685/1 3513/2684/1
f 3513/2684/1 3514/2685/1 3515/2686/1
f 3514/2685/1 3516/2687/1 3515/2686/1
f 3515/2686/1 3516/2687/1 3517/2688/1
f 3516/2687/1 3518/2689/6 3517/2688/1
f 3517/2688/1 3518/2689/6 3519/2690/6
f 3518/2689/6 3520/2691/6 3519/2690/6
s 0
f 3537/2708/70 3538/2709/70 3539/2710/70
f 3538/2709/70 3540/2711/70 3539/2710/70
f 3541/2712/70 3542/2713/70 3543/2714/70
f 3542/2713/253 3544/2715/253 3543/2714/253
s 1
f 3545/2716/6 3546/2717/6 3547/2718/6
f 3546/2717/6 3548/2719/1 3547/2718/6
f 3547/2718/6 3548/2719/1 3549/2720/1
f 3548/2719/1 3550/2721/1 3549/2720/1
f 3549/2720/1 3550/2721/1 3551/2722/1
f 3550/2721/1 3552/2723/1 3551/2722/1
f 3553/2724/1 3554/2725/1 3555/2726/1
f 3554/2725/1 3556/2727/1 3555/2726/1
f 3557/2728/1 3558/2729/6 3559/2730/6
f 3558/2729/6 3560/2731/6 3559/2730/6
s 0
f 3577/2748/70 3578/2749/70 3579/2750/70
f 3578/2749/70 3580/2751/70 3579/2750/70
f 3581/2752/70 3582/2753/70 3583/2754/70
f 3582/2753/253 3584/2755/253 3583/2754/253
s 1
f 3585/2756/6 3586/2757/6 3587/2758/6
f 3586/2757/6 3588/2759/1 3587/2758/6
f 3589/2760/1 3590/2761/1 3591/2762/1
f 3594/2765/1 3596/2767/1 3595/2766/1
f 3597/2768/1 3598/2769/6 3599/2770/6
f 3601/2772/71 3602/2773/71 3603/2774/71
s 0
f 3617/2788/70 3618/2789/70 3619/2790/70
f 3618/2789/70 3620/2791/70 3619/2790/70
s 1
f 3621/2792/1 3622/2793/1 3623/2794/1
f 3622/2793/1 3624/2795/1 3623/2794/1
f 3623/2794/1 3624/2795/1 3625/2796/1
f 3624/2795/1 3626/2797/1 3625/2796/1
f 3625/2796/1 3626/2797/1 3627/2798/1
f 3626/2797/1 3628/2799/1 3627/2798/1
f 3628/2799/1 3629/2800/1 3627/2798/1
f 3627/2798/1 3629/2800/1 3630/2801/1
f 3631/2802/71 3633/2803/71 3632/2804/71
f 3633/2803/71 3634/2805/71 3632/2804/71
f 3632/2804/71 3634/2805/71 3635/2806/71
f 3634/2805/71 3636/2807/71 3635/2806/71
f 3635/2806/71 3636/2807/71 3637/2808/71
f 3636/2807/71 3638/2809/71 3637/2808/71
f 3638/2809/71 3639/2810/71 3637/2808/71
f 3637/2808/71 3639/2810/71 3640/2811/71
f 3641/2812/255 3643/635/256 3642/2813/255
f 3642/2813/255 3643/635/256 3644/634/256
f 3645/2814/27 3647/2815/27 3646/2816/16
f 3646/2816/16 3647/2815/27 3648/2817/16
f 3649/2818/71 3651/2819/71 3650/2820/71
f 3651/2819/71 3652/2821/71 3650/2820/71
f 3650/2820/71 3652/2821/71 3653/2822/71
f 3652/2821/71 3654/2823/71 3653/2822/71
f 3653/2822/71 3654/2823/71 3655/2824/71
f 3654/2823/71 3656/2825/71 3655/2824/71
f 3656/2825/71 3657/2826/71 3655/2824/71
f 3655/2824/71 3657/2826/71 3658/2827/71
f 3659/2828/1 3661/2829/1 3660/2830/1
f 3661/2829/1 3662/2831/1 3660/2830/1
f 3660/2830/1 3662/2831/1 3663/2832/1
f 3662/2831/1 3664/2833/1 3663/2832/1
f 3663/2832/1 3664/2833/1 3665/2834/1
f 3664/2833/1 3666/2835/1 3665/2834/1
f 3666/2835/1 3667/2836/1 3665/2834/1
f 3665/2834/1 3667/2836/1 3668/2837/1
f 3669/2838/257 3671/643/258 3670/2839/257
f 3670/2839/257 3671/643/258 3672/642/258
f 3673/2840/12 3675/2841/12 3674/2842/12
f 3674/2842/12 3675/2841/12 3676/2843/12
f 3677/2844/16 3679/2845/16 3678/2846/16
f 3678/2846/16 3679/2845/16 3680/2847/16
f 3681/2848/12 3683/2849/12 3682/2850/12
f 3682/2850/12 3683/2849/12 3684/2851/12
f 3685/2852/6 3687/2853/259 3686/2854/260
f 3687/2853/259 3688/2855/261 3686/2854/260
f 3688/2855/261 3689/2856/262 3686/2854/260
f 3686/2854/260 3689/2856/262 3690/2857/263
f 3689/2856/262 3691/2858/264 3690/2857/263
f 3690/2857/263 3691/2858/264 3692/2859/265
f 3691/2858/264 3693/2860/266 3692/2859/265
f 3686/2854/260 3690/2857/263 3685/2852/6
f 3685/2852/6 3690/2857/263 3694/2861/6
f 3690/2857/263 3692/2859/265 3694/2861/6
f 3695/2862/1 3696/2863/267 3697/2864/6
f 3696/2863/267 3698/2865/268 3697/2864/6
f 3697/2864/6 3698/2865/268 3699/2866/269
f 3698/2865/268 3700/2867/270 3699/2866/269
f 3699/2866/269 3700/2867/270 3701/2868/271
f 3701/2868/271 3700/2867/270 3702/2869/272
f 3700/2867/270 3698/2865/268 3702/2869/272
f 3702/2869/272 3698/2865/268 3703/2870/273
f 3698/2865/268 3696/2863/267 3703/2870/273
f 3699/2866/269 3701/2868/271 3704/2871/274
f 3705/2872/275 3707/2873/275 3706/2874/276
f 3707/2873/275 3708/2875/277 3706/2874/276
f 3706/2874/276 3708/2875/277 3709/2876/278
f 3709/2876/278 3708/2875/277 3710/2877/279
f 3708/2875/277 3711/2878/279 3710/2877/279
f 3706/2874/276 3709/2876/278 3712/2879/280
f 3713/2880/281 3715/2856/282 3714/2881/283
f 3714/2881/283 3715/2856/282 3716/2855/284
f 3717/2882/285 3719/2883/286 3718/2884/285
f 3718/2884/285 3719/2883/286 3720/2885/287
f 3719/2883/286 3721/2886/288 3720/2885/287
f 3720/2885/287 3721/2886/288 3722/2887/288
f 3723/2888/289 3725/2889/290 3724/2890/290
f 3724/2890/290 3725/2889/290 3726/2891/290
f 3727/2884/291 3729/2885/292 3728/2892/293
f 3728/2892/293 3729/2885/292 3730/2893/294
f 3730/2893/294 3729/2885/292 3731/2894/295
f 3729/2885/292 3732/2887/296 3731/2894/295
f 3733/2895/297 3734/2896/298 3735/2897/299
f 3734/2896/298 3736/2898/300 3735/2897/299
f 3735/2897/299 3736/2898/300 3737/2899/301
f 3737/2899/301 3736/2898/300 3738/2900/302
f 3738/2900/302 3736/2898/300 3739/2901/303
f 3739/2901/303 3736/2898/300 3740/2902/106
f 3736/2898/300 3741/2903/12 3740/2902/106
f 3740/2902/106 3741/2903/12 3742/2904/12
f 3742/2904/12 3741/2903/12 3743/2905/12
f 3741/2903/12 3744/2906/12 3743/2905/12
f 3743/2905/12 3744/2906/12 3745/2907/12
f 3744/2906/12 3746/2908/25 3745/2907/12
f 3745/2907/12 3746/2908/25 3747/2909/12
f 3747/2909/12 3746/2908/25 3748/2910/12
f 3748/2910/12 3746/2908/25 3749/2911/304
f 3746/2908/25 3744/2906/12 3749/2911/304
f 3749/2911/304 3744/2906/12 3750/2912/305
f 3750/2912/305 3744/2906/12 3734/2896/298
f 3744/2906/12 3741/2903/12 3734/2896/298
f 3734/2896/298 3741/2903/12 3736/2898/300
f 3740/2902/106 3742/2904/12 3751/2913/12
f 3750/2912/305 3752/2914/306 3749/2911/304
f 3752/2914/306 3753/2915/307 3749/2911/304
f 3749/2911/304 3754/2916/308 3748/2910/12
f 3748/2910/12 3754/2916/308 3755/2917/12
f 3755/2917/12 3754/2916/308 3756/2918/309
f 3754/2916/308 3757/2919/297 3756/2918/309
f 3756/2918/309 3757/2919/297 3758/2920/306
f 3759/2921/310 3761/2922/310 3760/2923/311
f 3761/2922/310 3762/2924/312 3760/2923/311
f 3762/2924/312 3763/2925/313 3760/2923/311
f 3763/2925/313 3764/2926/314 3760/2923/311
f 3760/2923/311 3764/2926/314 3765/2927/315
f 3764/2926/314 3766/2928/315 3765/2927/315
f 3767/2929/316 3768/2930/317 3769/2931/318
f 3769/2931/318 3768/2930/317 3770/2932/319
f 3768/2930/317 3771/2933/320 3770/2932/319
f 3770/2932/319 3771/2933/320 3772/2934/321
f 3773/2935/322 3775/2871/323 3774/2936/324
f 3774/2936/324 3775/2871/323 3776/2868/323
f 3777/2937/325 3779/2938/325 3778/2939/326
f 3778/2939/326 3779/2938/325 3780/2940/325
f 3781/2941/327 3783/2942/328 3782/2943/329
f 3782/2943/329 3783/2942/328 3784/2944/330
f 3783/2942/328 3785/2945/331 3784/2944/330
f 3785/2945/331 3786/2946/332 3784/2944/330
f 3786/2946/332 3787/2947/333 3784/2944/330
f 3784/2944/330 3787/2947/333 3782/2943/329
f 3787/2947/333 3788/2948/334 3782/2943/329
f 3785/2945/331 3783/2942/328 3789/2949/16
f 3783/2942/328 3790/2950/16 3789/2949/16
f 3790/2950/16 3791/2951/16 3789/2949/16
f 3789/2949/16 3791/2951/16 3792/2952/16
f 3791/2951/16 3793/2953/16 3792/2952/16
f 3793/2953/16 3794/2954/16 3792/2952/16
f 3792/2952/16 3794/2954/16 3795/2955/27
f 3794/2954/16 3796/2956/84 3795/2955/27
f 3785/2945/331 3789/2949/16 3797/2957/335
f 3789/2949/16 3792/2952/16 3797/2957/335
f 3797/2957/335 3792/2952/16 3798/2958/336
f 3792/2952/16 3795/2955/27 3798/2958/336
f 3798/2958/336 3795/2955/27 3799/2959/337
f 3795/2955/27 3800/2960/16 3799/2959/337
f 3800/2960/16 3801/2961/16 3799/2959/337
f 3801/2961/16 3802/2962/338 3799/2959/337
f 3802/2962/338 3803/2963/339 3799/2959/337
f 3799/2959/337 3803/2963/339 3804/2964/340
f 3798/2958/336 3805/2965/341 3797/2957/335
f 3797/2957/335 3805/2965/341 3806/2966/332
f 3807/2967/342 3809/2968/343 3808/2929/342
f 3808/2929/342 3809/2968/343 3810/2930/344
f 3809/2968/343 3811/2969/345 3810/2930/344
f 3810/2930/344 3811/2969/345 3812/2933/346
f 3813/159/347 3815/2970/347 3814/163/347
f 3814/163/347 3815/2970/347 3816/2971/347
f 3817/164/347 3819/2972/348 3818/169/347
f 3818/169/347 3819/2972/348 3820/2973/347
f 3821/243/349 3823/2974/350 3822/242/350
f 3822/242/350 3823/2974/350 3824/2975/350
f 3825/239/349 3827/2976/349 3826/600/349
f 3826/600/349 3827/2976/349 3828/2977/349
s 0
f 3829/2970/351 3831/2978/351 3830/2971/351
s 1
f 3830/2971/352 3831/2978/352 3832/2979/352
f 3833/2980/295 3835/2981/295 3834/2982/295
f 3834/2982/295 3835/2981/295 3836/2983/295
f 3837/2972/353 3839/2984/351 3838/2973/352
f 3838/2973/352 3839/2984/351 3840/2985/352
f 3841/2986/295 3843/2987/354 3842/2988/295
f 3842/2988/295 3843/2987/354 3844/2989/354
f 3845/2976/355 3847/2990/355 3846/2977/355
f 3846/2977/355 3847/2990/355 3848/2991/355
f 3849/2992/356 3851/2993/356 3850/2994/356
f 3850/2994/356 3851/2993/356 3852/2995/346
f 3853/2974/355 3855/2996/355 3854/2975/357
f 3854/2975/357 3855/2996/355 3856/2997/321
f 3857/2998/358 3859/2999/346 3858/3000/356
f 3858/3000/356 3859/2999/346 3860/3001/356
f 3861/3002/288 3863/3003/288 3862/3004/288
f 3862/3004/288 3863/3003/288 3864/3005/288
f 3865/3006/288 3867/3007/288 3866/3008/288
f 3866/3008/288 3867/3007/288 3868/3009/288
s 0
f 3869/3010/359 3871/3011/359 3870/3012/359
s 1
f 3870/3012/320 3871/3011/320 3872/3013/320
f 3873/3014/295 3875/3003/295 3874/3015/295
f 3874/3015/295 3875/3003/295 3876/3002/295
f 3877/3016/295 3879/3017/295 3878/3006/295
f 3878/3006/295 3879/3017/295 3880/3007/295
f 3881/3018/356 3883/3019/356 3882/3020/356
f 3882/3020/356 3883/3019/356 3884/3021/356
f 3885/3022/356 3887/3012/346 3886/3023/356
f 3886/3023/356 3887/3012/346 3888/3013/356
f 3889/3024/347 3891/3025/347 3890/3026/347
f 3890/3026/347 3891/3025/347 3892/3027/347
f 3893/3028/348 3895/3029/347 3894/3030/347
f 3894/3030/347 3895/3029/347 3896/3031/348
f 3897/3032/348 3899/3033/348 3898/3034/360
f 3898/3034/360 3899/3033/348 3900/3035/361
f 3901/3036/362 3903/3037/362 3902/3038/362
f 3902/3038/362 3903/3037/362 3904/3039/362
f 3905/3040/362 3907/3041/362 3906/3042/362
f 3906/3042/362 3907/3041/362 3908/3043/349
f 3909/3044/363 3911/3045/364 3910/3046/349
f 3910/3046/349 3911/3045/364 3912/3047/349
f 3913/2910/365 3915/3048/23 3914/2909/366
f 3916/2955/367 3917/2956/367 3918/3049/367
s 0
f 3919/2955/196 3921/3049/196 3920/2960/196
s 1
f 3922/3021/320 3923/3050/320 3924/3020/320
s 0
f 3923/3050/368 3925/3051/368 3924/3020/368
s 1
f 3926/3052/369 3927/3053/369 3928/3054/370
f 3927/3053/369 3929/3055/370 3928/3054/370
f 3930/3056/1 3931/3057/1 3932/3058/1
f 3931/3057/1 3933/3059/1 3932/3058/1
f 3934/3060/12 3935/3061/12 3936/3062/12
f 3935/3061/12 3937/3063/12 3936/3062/12
f 3938/3064/71 3939/3065/71 3940/3066/71
f 3939/3065/71 3941/3067/71 3940/3066/71
f 3942/3068/71 3943/3069/71 3944/3070/71
f 3943/3069/71 3945/3071/71 3944/3070/71
f 3944/3070/71 3945/3071/71 3946/3072/71
f 3945/3071/71 3947/3073/71 3946/3072/71
f 3946/3072/71 3947/3073/71 3948/3074/71
f 3947/3073/71 3949/3075/71 3948/3074/71
f 3950/3076/71 3951/3077/71 3952/3078/71
f 3951/3077/71 3953/3079/71 3952/3078/71
f 3952/3078/71 3953/3079/71 3954/3080/71
f 3953/3079/71 3955/3081/71 3954/3080/71
f 3954/3080/71 3955/3081/71 3956/3082/71
f 3955/3081/71 3957/3083/71 3956/3082/71
f 3958/3084/71 3959/3085/71 3960/3086/71
f 3959/3085/71 3961/3087/71 3960/3086/71
f 3960/3086/71 3961/3087/71 3962/3088/71
f 3961/3087/71 3963/3089/71 3962/3088/71
f 3962/3088/71 3963/3089/71 3964/3090/71
f 3963/3089/71 3965/3091/71 3964/3090/71
f 3966/3092/1 3967/3093/1 3968/3094/6
f 3967/3093/1 3969/3095/6 3968/3094/6
f 3968/3094/6 3969/3095/6 3970/3096/371
f 3969/3095/6 3971/3097/372 3970/3096/371
f 3970/3096/371 3971/3097/372 3972/3098/373
f 3971/3097/372 3973/3099/374 3972/3098/373
f 3974/3100/375 3975/3024/375 3976/3101/376
f 3975/3024/375 3977/3026/376 3976/3101/376
f 3978/3102/377 3979/3103/201 3980/3104/378
f 3979/3103/201 3981/3105/71 3980/3104/378
f 3980/3104/378 3981/3105/71 3982/3106/254
f 3981/3105/71 3983/3107/254 3982/3106/254
f 3982/3106/254 3983/3107/254 3984/3108/71
f 3983/3107/254 3985/3109/71 3984/3108/71
f 3986/3110/1 3987/3111/1 3988/3112/1
f 3987/3111/1 3989/3113/1 3988/3112/1
f 3988/3112/1 3989/3113/1 3990/3114/1
f 3989/3113/1 3991/3115/1 3990/3114/1
f 3990/3114/1 3991/3115/1 3992/3116/1
f 3991/3115/1 3993/3117/1 3992/3116/1
f 3994/3118/379 3995/3028/376 3996/3119/279
f 3995/3028/376 3997/3030/279 3996/3119/279
f 3998/3120/71 3999/3121/71 4000/3122/254
f 3999/3121/71 4001/3123/254 4000/3122/254
f 4000/3122/254 4001/3123/254 4002/3124/71
f 4001/3123/254 4003/3125/380 4002/3124/71
f 4002/3124/71 4003/3125/380 4004/3126/380
f 4003/3125/380 4005/3127/381 4004/3126/380
f 4006/3128/1 4007/3129/1 4008/3130/1
f 4007/3129/1 4009/3131/1 4008/3130/1
f 4008/3130/1 4009/3131/1 4010/3132/1
f 4009/3131/1 4011/3133/1 4010/3132/1
f 4010/3132/1 4011/3133/1 4012/3134/1
f 4011/3133/1 4013/3135/1 4012/3134/1
f 4014/3136/382 4015/3040/382 4016/3137/383
f 4015/3040/382 4017/3042/383 4016/3137/383
f 4018/3138/384 4019/3139/385 4020/3140/386
f 4019/3139/385 4021/3141/387 4020/3140/386
f 4020/3140/386 4021/3141/387 4022/3142/6
f 4021/3141/387 4023/3143/6 4022/3142/6
f 4022/3142/6 4023/3143/6 4024/3144/1
f 4023/3143/6 4025/3145/1 4024/3144/1
f 4026/3146/71 4027/3147/71 4028/3148/71
f 4027/3147/71 4029/3149/71 4028/3148/71
f 4028/3148/71 4029/3149/71 4030/3150/71
f 4029/3149/71 4031/3151/71 4030/3150/71
f 4030/3150/71 4031/3151/71 4032/3152/71
f 4031/3151/71 4033/3153/71 4032/3152/71
f 4034/3154/388 4035/3036/388 4036/3155/389
f 4035/3036/388 4037/3038/389 4036/3155/389
s 0
f 4038/3156/196 4039/3157/196 4040/3158/196
f 4040/3158/23 4039/3157/23 4041/3159/23
f 4039/3157/23 4042/3160/23 4041/3159/23
s 1
f 4041/3159/23 4042/3160/23 4043/3161/390
f 4044/3162/391 4046/3163/392 4045/3164/393
f 4045/3164/393 4046/3163/392 4047/3165/392
f 4046/3163/392 4048/3166/392 4047/3165/392
f 4047/3165/392 4048/3166/392 4049/3167/392
usemtl Metal1
f 78/78/1 79/79/1 80/80/22
f 79/79/1 81/81/1 80/80/22
f 81/81/1 82/82/1 80/80/22
f 82/82/1 83/83/1 80/80/22
f 83/83/1 84/84/1 80/80/22
f 84/84/1 85/85/1 80/80/22
f 85/85/1 86/86/1 80/80/22
f 86/86/1 87/87/1 80/80/22
f 87/87/1 88/88/1 80/80/22
f 88/88/1 89/89/1 80/80/22
f 89/89/1 90/90/1 80/80/22
f 90/90/1 91/91/1 80/80/22
f 80/80/22 91/91/1 78/78/1
f 131/131/1 120/120/1 132/132/1
f 120/120/1 122/122/1 132/132/1
f 132/132/1 122/122/1 133/133/1
f 122/122/1 124/124/1 133/133/1
f 316/316/54 317/317/54 318/318/54
f 317/317/54 319/319/54 318/318/54
s 0
f 368/336/23 370/331/23 369/337/23
f 369/337/23 370/331/23 371/329/23
f 372/338/23 374/339/23 373/340/23
f 373/340/23 374/339/23 375/341/23
s 1
f 388/339/71 389/331/71 390/341/71
f 389/331/71 391/336/71 390/341/71
f 828/770/71 829/771/71 830/772/71
f 829/771/71 831/773/71 830/772/71
f 902/844/12 904/845/12 903/846/12
f 903/846/12 904/845/12 905/847/12
s 0
f 906/848/70 908/849/70 907/850/70
f 907/850/70 908/849/70 909/851/70
s 1
f 910/849/16 912/852/16 911/851/16
f 911/851/16 912/852/16 913/853/16
f 918/854/12 920/855/12 919/856/12
f 919/856/12 920/855/12 921/857/12
s 0
f 922/858/70 924/859/70 923/860/70
f 923/860/70 924/859/70 925/861/70
s 1
f 926/859/16 928/862/16 927/861/16
f 927/861/16 928/862/16 929/863/16
f 934/864/12 936/865/12 935/866/12
f 935/866/12 936/865/12 937/867/12
s 0
f 938/868/70 940/869/70 939/870/70
f 939/870/70 940/869/70 941/871/70
s 1
f 942/869/16 944/872/16 943/871/16
f 943/871/16 944/872/16 945/873/16
s 0
f 950/874/70 952/875/70 951/876/70
f 951/876/70 952/875/70 953/877/70
s 1
f 954/878/16 956/879/16 955/874/16
f 955/874/16 956/879/16 957/875/16
f 962/881/12 964/880/12 963/882/12
f 963/882/12 964/880/12 965/883/12
s 0
f 966/884/70 968/885/70 967/886/70
f 967/886/70 968/885/70 969/887/70
s 1
f 970/888/16 972/889/16 971/884/16
f 971/884/16 972/889/16 973/885/16
f 978/891/12 980/890/12 979/892/12
f 979/892/12 980/890/12 981/893/12
s 0
f 982/894/70 984/895/70 983/896/70
f 983/896/70 984/895/70 985/897/70
s 1
f 986/898/16 988/899/16 987/894/16
f 987/894/16 988/899/16 989/895/16
f 994/901/12 996/900/12 995/902/12
f 995/902/12 996/900/12 997/903/12
f 998/844/1 1000/883/1 999/845/1
f 1000/883/1 1001/880/1 999/845/1
f 1002/853/1 1003/878/1 1004/851/1
f 1004/851/1 1005/874/1 1006/850/1
f 1015/849/71 1017/848/71 1016/908/71
f 1034/875/71 1035/859/71 1036/877/71
f 1035/859/71 1037/858/71 1036/877/71
f 1049/866/71 1051/867/71 1050/891/71
f 1054/885/71 1055/869/71 1056/887/71
f 1055/869/71 1057/868/71 1056/887/71
f 1058/909/12 1059/910/12 1060/911/12
f 1059/910/12 1061/912/12 1060/911/12
s 0
f 1062/913/70 1063/914/70 1064/915/70
f 1063/914/70 1065/916/70 1064/915/70
s 1
f 1066/914/16 1067/917/16 1068/916/16
f 1067/917/16 1069/918/16 1068/916/16
s 0
f 1070/917/23 1071/912/23 1072/918/23
f 1071/912/23 1073/910/23 1072/918/23
s 1
f 1074/919/12 1075/920/12 1076/921/12
f 1075/920/12 1077/922/12 1076/921/12
s 0
f 1078/923/70 1079/924/70 1080/925/70
f 1079/924/70 1081/926/70 1080/925/70
s 1
f 1082/924/16 1083/927/16 1084/926/16
f 1083/927/16 1085/928/16 1084/926/16
s 0
f 1086/927/23 1087/922/23 1088/928/23
f 1087/922/23 1089/920/23 1088/928/23
f 1102/937/23 1103/932/23 1104/938/23
f 1103/932/23 1105/930/23 1104/938/23
s 1
f 1106/939/12 1107/940/12 1108/941/12
f 1107/940/12 1109/942/12 1108/941/12
s 0
f 1110/943/70 1111/944/70 1112/945/70
f 1111/944/70 1113/946/70 1112/945/70
s 1
f 1114/944/16 1115/947/16 1116/946/16
f 1115/947/16 1117/948/16 1116/946/16
s 0
f 1118/947/23 1119/942/23 1120/948/23
f 1119/942/23 1121/940/23 1120/948/23
s 1
f 1122/949/12 1123/950/12 1124/951/12
f 1123/950/12 1125/952/12 1124/951/12
s 0
f 1126/953/70 1127/954/70 1128/955/70
f 1127/954/70 1129/956/70 1128/955/70
s 1
f 1130/954/16 1131/957/16 1132/956/16
f 1131/957/16 1133/958/16 1132/956/16
f 1138/959/12 1139/960/12 1140/961/12
f 1139/960/12 1141/962/12 1140/961/12
s 0
f 1142/963/70 1143/964/70 1144/965/70
f 1143/964/70 1145/966/70 1144/965/70
s 1
f 1146/964/16 1147/967/16 1148/966/16
f 1147/967/16 1149/968/16 1148/966/16
f 1154/969/12 1155/970/12 1156/971/12
f 1155/970/12 1157/972/12 1156/971/12
s 0
f 1158/973/70 1159/974/70 1160/975/70
f 1159/974/70 1161/976/70 1160/975/70
s 1
f 1162/974/16 1163/977/16 1164/976/16
f 1163/977/16 1165/978/16 1164/976/16
f 1170/979/12 1171/980/12 1172/981/12
f 1171/980/12 1173/982/12 1172/981/12
s 0
f 1174/983/70 1175/984/70 1176/985/70
f 1175/984/70 1177/986/70 1176/985/70
s 1
f 1178/984/16 1179/987/16 1180/986/16
f 1179/987/16 1181/988/16 1180/986/16
s 0
f 1182/987/23 1183/982/23 1184/988/23
f 1183/982/23 1185/980/23 1184/988/23
s 1
f 1186/989/12 1187/990/12 1188/991/12
f 1187/990/12 1189/992/12 1188/991/12
s 0
f 1190/993/70 1191/994/70 1192/995/70
f 1191/994/70 1193/996/70 1192/995/70
s 1
f 1194/994/16 1195/997/16 1196/996/16
f 1195/997/16 1197/998/16 1196/996/16
s 0
f 1198/997/23 1199/992/23 1200/998/23
f 1199/992/23 1201/990/23 1200/998/23
s 1
f 1202/999/12 1203/1000/12 1204/1001/12
f 1203/1000/12 1205/1002/12 1204/1001/12
s 0
f 1206/1003/70 1207/1004/70 1208/1005/70
f 1207/1004/70 1209/1006/70 1208/1005/70
s 1
f 1210/1004/16 1211/1007/16 1212/1006/16
f 1211/1007/16 1213/1008/16 1212/1006/16
s 0
f 1214/1007/23 1215/1002/23 1216/1008/23
f 1215/1002/23 1217/1000/23 1216/1008/23
s 1
f 1218/1009/12 1219/1010/12 1220/1011/12
f 1219/1010/12 1221/1012/12 1220/1011/12
s 0
f 1222/1013/70 1223/1014/70 1224/1015/70
f 1223/1014/70 1225/1016/70 1224/1015/70
s 1
f 1226/1014/16 1227/1017/16 1228/1016/16
f 1227/1017/16 1229/1018/16 1228/1016/16
s 0
f 1230/1017/23 1231/1012/23 1232/1018/23
f 1231/1012/23 1233/1010/23 1232/1018/23
s 1
f 1250/1029/12 1251/1030/12 1252/1031/12
f 1251/1030/12 1253/1032/12 1252/1031/12
s 0
f 1254/1033/70 1255/1034/70 1256/1035/70
f 1255/1034/70 1257/1036/70 1256/1035/70
s 1
f 1258/1034/16 1259/1037/16 1260/1036/16
f 1259/1037/16 1261/1038/16 1260/1036/16
f 1266/1039/12 1267/1040/12 1268/1041/12
f 1267/1040/12 1269/1042/12 1268/1041/12
s 0
f 1270/1043/70 1271/1044/70 1272/1045/70
f 1271/1044/70 1273/1046/70 1272/1045/70
s 1
f 1274/1044/16 1275/1047/16 1276/1046/16
f 1275/1047/16 1277/1048/16 1276/1046/16
f 1282/1049/12 1283/1050/12 1284/1051/12
f 1283/1050/12 1285/1052/12 1284/1051/12
s 0
f 1286/1053/70 1287/1054/70 1288/1055/70
f 1287/1054/70 1289/1056/70 1288/1055/70
s 1
f 1290/1054/16 1291/1057/16 1292/1056/16
f 1291/1057/16 1293/1058/16 1292/1056/16
f 1298/1059/12 1299/1060/12 1300/1061/12
f 1299/1060/12 1301/1062/12 1300/1061/12
s 0
f 1302/1063/70 1303/1064/70 1304/1065/70
f 1303/1064/70 1305/1066/70 1304/1065/70
s 1
f 1306/1064/16 1307/1067/16 1308/1066/16
f 1307/1067/16 1309/1068/16 1308/1066/16
f 1314/1069/12 1315/1070/12 1316/1071/12
f 1315/1070/12 1317/1072/12 1316/1071/12
s 0
f 1318/1073/70 1319/1074/70 1320/1075/70
f 1319/1074/70 1321/1076/70 1320/1075/70
s 1
f 1322/1074/16 1323/1077/16 1324/1076/16
f 1323/1077/16 1325/1078/16 1324/1076/16
f 1330/1079/12 1331/1080/12 1332/1081/12
f 1331/1080/12 1333/1082/12 1332/1081/12
s 0
f 1334/1083/70 1335/1084/70 1336/1085/70
f 1335/1084/70 1337/1086/70 1336/1085/70
s 1
f 1338/1084/16 1339/1087/16 1340/1086/16
f 1339/1087/16 1341/1088/16 1340/1086/16
f 1346/1089/12 1347/1090/12 1348/1091/12
f 1347/1090/12 1349/1092/12 1348/1091/12
s 0
f 1350/1093/70 1351/1094/70 1352/1095/70
f 1351/1094/70 1353/1096/70 1352/1095/70
s 1
f 1354/1094/16 1355/1097/16 1356/1096/16
f 1355/1097/16 1357/1098/16 1356/1096/16
f 1362/1099/12 1363/1100/12 1364/1101/12
f 1363/1100/12 1365/1102/12 1364/1101/12
s 0
f 1366/1103/70 1367/1104/70 1368/1105/70
f 1367/1104/70 1369/1106/70 1368/1105/70
s 1
f 1370/1104/16 1371/1107/16 1372/1106/16
f 1371/1107/16 1373/1108/16 1372/1106/16
f 1378/1109/12 1379/904/12 1380/1110/12
f 1379/904/12 1381/905/12 1380/1110/12
s 0
f 1382/1111/70 1383/907/70 1384/1112/70
f 1383/907/70 1385/908/70 1384/1112/70
f 1386/1113/70 1387/346/70 1388/1114/70
f 1387/346/70 1389/345/70 1388/1114/70
s 1
f 1390/1114/160 1391/345/161 1392/1115/160
f 1391/345/161 1393/344/161 1392/1115/160
s 0
f 1394/1116/70 1395/1117/70 1396/1118/70
f 1395/1117/70 1397/1119/70 1396/1118/70
s 1
f 1398/1120/16 1399/1121/16 1400/1116/16
f 1399/1121/16 1401/1117/16 1400/1116/16
s 0
f 1402/1122/23 1403/1123/23 1404/1120/23
f 1403/1123/23 1405/1121/23 1404/1120/23
s 1
f 1406/1123/12 1407/1122/12 1408/1124/12
f 1407/1122/12 1409/1125/12 1408/1124/12
s 0
f 1410/1126/70 1411/1127/70 1412/1128/70
f 1411/1127/70 1413/1129/70 1412/1128/70
s 1
f 1414/1130/16 1415/1131/16 1416/1126/16
f 1415/1131/16 1417/1127/16 1416/1126/16
s 0
f 1418/1132/23 1419/1133/23 1420/1130/23
f 1419/1133/23 1421/1131/23 1420/1130/23
s 1
f 1422/1133/12 1423/1132/12 1424/1134/12
f 1423/1132/12 1425/1135/12 1424/1134/12
s 0
f 1426/1136/70 1427/1137/70 1428/1138/70
f 1427/1137/70 1429/1139/70 1428/1138/70
s 1
f 1430/1140/16 1431/1141/16 1432/1136/16
f 1431/1141/16 1433/1137/16 1432/1136/16
s 0
f 1434/1142/23 1435/1143/23 1436/1140/23
f 1435/1143/23 1437/1141/23 1436/1140/23
s 1
f 1438/1143/12 1439/1142/12 1440/1144/12
f 1439/1142/12 1441/1145/12 1440/1144/12
s 0
f 1442/1146/70 1443/1147/70 1444/1148/70
f 1443/1147/70 1445/1149/70 1444/1148/70
s 1
f 1446/1150/16 1447/1151/16 1448/1146/16
f 1447/1151/16 1449/1147/16 1448/1146/16
s 0
f 1450/1152/23 1451/1153/23 1452/1150/23
f 1451/1153/23 1453/1151/23 1452/1150/23
s 1
f 1454/1153/12 1455/1152/12 1456/1154/12
f 1455/1152/12 1457/1155/12 1456/1154/12
s 0
f 1458/1156/70 1459/1157/70 1460/1158/70
f 1459/1157/70 1461/1159/70 1460/1158/70
s 1
f 1462/1160/16 1463/1161/16 1464/1156/16
f 1463/1161/16 1465/1157/16 1464/1156/16
f 1470/1163/12 1471/1162/12 1472/1164/12
f 1471/1162/12 1473/1165/12 1472/1164/12
s 0
f 1474/1166/70 1475/1167/70 1476/1168/70
f 1475/1167/70 1477/1169/70 1476/1168/70
s 1
f 1478/1170/16 1479/1171/16 1480/1166/16
f 1479/1171/16 1481/1167/16 1480/1166/16
f 1486/1173/12 1487/1172/12 1488/1174/12
f 1487/1172/12 1489/1175/12 1488/1174/12
s 0
f 1490/1176/70 1491/1177/70 1492/1178/70
f 1491/1177/70 1493/1179/70 1492/1178/70
s 1
f 1494/1180/16 1495/1181/16 1496/1176/16
f 1495/1181/16 1497/1177/16 1496/1176/16
s 0
f 1499/1183/23 1501/1181/23 1500/1180/23
s 1
f 1502/1183/12 1503/1182/12 1504/1184/12
f 1503/1182/12 1505/1185/12 1504/1184/12
s 0
f 1506/1186/70 1507/1187/70 1508/1188/70
f 1507/1187/70 1509/1189/70 1508/1188/70
s 1
f 1510/1190/16 1511/1191/16 1512/1186/16
f 1511/1191/16 1513/1187/16 1512/1186/16
s 0
f 1514/1192/23 1515/1193/23 1516/1190/23
f 1515/1193/23 1517/1191/23 1516/1190/23
s 1
f 1518/1193/12 1519/1192/12 1520/1194/12
f 1519/1192/12 1521/1195/12 1520/1194/12
s 0
f 1522/1196/70 1523/1197/70 1524/1198/70
f 1523/1197/70 1525/1199/70 1524/1198/70
s 1
f 1526/1200/16 1527/1201/16 1528/1196/16
f 1527/1201/16 1529/1197/16 1528/1196/16
s 0
f 1530/1202/23 1531/1203/23 1532/1200/23
f 1531/1203/23 1533/1201/23 1532/1200/23
s 1
f 1534/1203/12 1535/1202/12 1536/1204/12
f 1535/1202/12 1537/1205/12 1536/1204/12
s 0
f 1538/1206/70 1539/1207/70 1540/1208/70
f 1539/1207/70 1541/1209/70 1540/1208/70
s 1
f 1542/1210/16 1543/1211/16 1544/1206/16
f 1543/1211/16 1545/1207/16 1544/1206/16
s 0
f 1546/1212/23 1547/1213/23 1548/1210/23
f 1547/1213/23 1549/1211/23 1548/1210/23
s 1
f 1550/1213/12 1551/1212/12 1552/1214/12
f 1551/1212/12 1553/1215/12 1552/1214/12
s 0
f 1554/1216/70 1555/1217/70 1556/1218/70
f 1555/1217/70 1557/1219/70 1556/1218/70
s 1
f 1558/1220/16 1559/1221/16 1560/1216/16
f 1559/1221/16 1561/1217/16 1560/1216/16
s 0
f 1562/1222/23 1563/1223/23 1564/1220/23
f 1563/1223/23 1565/1221/23 1564/1220/23
s 1
f 1566/1223/12 1567/1222/12 1568/1224/12
f 1567/1222/12 1569/1225/12 1568/1224/12
s 0
f 1570/1226/70 1571/1227/70 1572/1228/70
f 1571/1227/70 1573/1229/70 1572/1228/70
s 1
f 1574/1230/16 1575/1231/16 1576/1226/16
f 1575/1231/16 1577/1227/16 1576/1226/16
f 1582/1233/12 1583/1232/12 1584/1234/12
f 1583/1232/12 1585/1235/12 1584/1234/12
s 0
f 1586/1236/70 1587/1237/70 1588/1238/70
f 1587/1237/70 1589/1239/70 1588/1238/70
s 1
f 1590/1240/16 1591/1241/16 1592/1236/16
f 1591/1241/16 1593/1237/16 1592/1236/16
f 1598/1243/12 1599/1242/12 1600/1244/12
f 1599/1242/12 1601/1245/12 1600/1244/12
s 0
f 1602/1246/70 1603/1247/70 1604/1248/70
f 1603/1247/70 1605/1249/70 1604/1248/70
s 1
f 1606/1250/16 1607/1251/16 1608/1246/16
f 1607/1251/16 1609/1247/16 1608/1246/16
f 1614/1253/12 1615/1252/12 1616/1254/12
f 1615/1252/12 1617/1255/12 1616/1254/12
s 0
f 1618/1256/70 1619/1257/70 1620/1258/70
f 1619/1257/70 1621/1259/70 1620/1258/70
s 1
f 1622/1260/16 1623/1261/16 1624/1256/16
f 1623/1261/16 1625/1257/16 1624/1256/16
f 1630/1263/12 1631/1262/12 1632/1264/12
f 1631/1262/12 1633/1265/12 1632/1264/12
s 0
f 1634/1266/70 1635/1267/70 1636/1268/70
f 1635/1267/70 1637/1269/70 1636/1268/70
s 1
f 1638/1270/16 1639/1271/16 1640/1266/16
f 1639/1271/16 1641/1267/16 1640/1266/16
f 1646/1273/12 1647/1272/12 1648/1274/12
f 1647/1272/12 1649/1275/12 1648/1274/12
s 0
f 1650/1276/70 1651/1277/70 1652/1278/70
f 1651/1277/70 1653/1279/70 1652/1278/70
s 1
f 1654/1280/16 1655/1281/16 1656/1276/16
f 1655/1281/16 1657/1277/16 1656/1276/16
f 1662/1283/12 1663/1282/12 1664/1284/12
f 1663/1282/12 1665/1285/12 1664/1284/12
s 0
f 1666/1286/70 1667/1287/70 1668/1288/70
f 1667/1287/70 1669/1289/70 1668/1288/70
s 1
f 1670/1290/16 1671/1291/16 1672/1286/16
f 1671/1291/16 1673/1287/16 1672/1286/16
f 1678/1293/12 1679/1292/12 1680/1294/12
f 1679/1292/12 1681/1295/12 1680/1294/12
s 0
f 1682/1296/70 1683/1297/70 1684/1298/70
f 1683/1297/70 1685/1299/70 1684/1298/70
s 1
f 1686/1300/16 1687/1301/16 1688/1296/16
f 1687/1301/16 1689/1297/16 1688/1296/16
f 1694/1303/12 1695/1302/12 1696/1304/12
f 1695/1302/12 1697/1305/12 1696/1304/12
f 1710/1307/71 1711/912/71 1712/1115/71
f 1711/912/71 1713/917/71 1712/1115/71
f 1712/1115/71 1713/917/71 1714/1114/71
f 1713/917/71 1715/914/71 1714/1114/71
f 1714/1114/71 1715/914/71 1716/1113/71
f 1715/914/71 1717/913/71 1716/1113/71
f 1724/926/1 1725/1126/1 1726/925/1
f 1730/1123/71 1731/922/71 1732/1121/71
f 1731/922/71 1733/927/71 1732/1121/71
f 1732/1121/71 1733/927/71 1734/1117/71
f 1733/927/71 1735/924/71 1734/1117/71
f 1734/1117/71 1735/924/71 1736/1119/71
f 1735/924/71 1737/923/71 1736/1119/71
f 1750/1133/71 1751/932/71 1752/1131/71
f 1751/932/71 1753/937/71 1752/1131/71
f 1758/939/1 1759/1155/1 1760/940/1
f 1759/1155/1 1761/1152/1 1760/940/1
f 1762/948/1 1763/1150/1 1764/946/1
f 1763/1150/1 1765/1146/1 1764/946/1
f 1764/946/1 1765/1146/1 1766/945/1
f 1765/1146/1 1767/1148/1 1766/945/1
f 1770/1143/71 1771/942/71 1772/1141/71
f 1771/942/71 1773/947/71 1772/1141/71
f 1778/949/1 1779/1165/1 1780/950/1
f 1779/1165/1 1781/1162/1 1780/950/1
f 1782/958/1 1783/1160/1 1784/956/1
f 1783/1160/1 1785/1156/1 1784/956/1
f 1784/956/1 1785/1156/1 1786/955/1
f 1785/1156/1 1787/1158/1 1786/955/1
f 1802/968/1 1803/1170/1 1804/966/1
f 1804/966/1 1805/1166/1 1806/965/1
f 1805/1166/1 1807/1168/1 1806/965/1
f 1812/1161/71 1813/967/71 1814/1157/71
f 1813/967/71 1815/964/71 1814/1157/71
f 1828/1174/159 1829/971/159 1830/1173/71
f 1829/971/159 1831/972/71 1830/1173/71
f 1832/1171/71 1833/977/71 1834/1167/71
f 1833/977/71 1835/974/71 1834/1167/71
f 1834/1167/71 1835/974/71 1836/1169/71
f 1840/980/1 1841/1192/1 1842/988/1
f 1841/1192/1 1843/1190/1 1842/988/1
f 1848/1184/159 1849/981/159 1850/1183/71
f 1849/981/159 1851/982/71 1850/1183/71
f 1852/1181/71 1853/987/71 1854/1177/71
f 1853/987/71 1855/984/71 1854/1177/71
f 1854/1177/71 1855/984/71 1856/1179/71
f 1855/984/71 1857/983/71 1856/1179/71
f 1868/1194/71 1869/991/71 1870/1193/71
f 1869/991/71 1871/992/71 1870/1193/71
f 1872/1191/71 1873/997/71 1874/1187/71
f 1873/997/71 1875/994/71 1874/1187/71
f 1874/1187/71 1875/994/71 1876/1189/71
f 1875/994/71 1877/993/71 1876/1189/71
f 1880/1000/1 1881/1212/1 1882/1008/1
f 1882/1008/1 1883/1210/1 1884/1006/1
f 1884/1006/1 1885/1206/1 1886/1005/1
f 1888/1204/71 1889/1001/71 1890/1203/71
f 1889/1001/71 1891/1002/71 1890/1203/71
f 1890/1203/71 1891/1002/71 1892/1201/71
f 1891/1002/71 1893/1007/71 1892/1201/71
f 1892/1201/71 1893/1007/71 1894/1197/71
f 1893/1007/71 1895/1004/71 1894/1197/71
f 1894/1197/71 1895/1004/71 1896/1199/71
f 1895/1004/71 1897/1003/71 1896/1199/71
f 1900/1010/1 1901/1222/1 1902/1018/1
f 1908/1214/71 1909/1011/71 1910/1213/71
f 1909/1011/71 1911/1012/71 1910/1213/71
f 1910/1213/71 1911/1012/71 1912/1211/71
f 1911/1012/71 1913/1017/71 1912/1211/71
f 1912/1211/71 1913/1017/71 1914/1207/71
f 1913/1017/71 1915/1014/71 1914/1207/71
f 1914/1207/71 1915/1014/71 1916/1209/71
f 1915/1014/71 1917/1013/71 1916/1209/71
f 1938/1029/1 1939/1245/1 1940/1030/1
f 1939/1245/1 1941/1242/1 1940/1030/1
f 1942/1038/1 1943/1240/1 1944/1036/1
f 1943/1240/1 1945/1236/1 1944/1036/1
f 1944/1036/1 1945/1236/1 1946/1035/1
f 1958/1039/1 1959/1255/1 1960/1040/1
f 1959/1255/1 1961/1252/1 1960/1040/1
f 1962/1048/1 1963/1250/1 1964/1046/1
f 1963/1250/1 1965/1246/1 1964/1046/1
f 1964/1046/1 1965/1246/1 1966/1045/1
f 1965/1246/1 1967/1248/1 1966/1045/1
f 1975/1044/71 1977/1043/71 1976/1239/71
f 1979/1265/1 1981/1262/1 1980/1050/1
f 1984/1056/1 1985/1256/1 1986/1055/1
f 1985/1256/1 1987/1258/1 1986/1055/1
f 2004/1066/1 2005/1266/1 2006/1065/1
f 2005/1266/1 2007/1268/1 2006/1065/1
f 2012/1261/71 2013/1067/71 2014/1257/71
f 2024/1076/1 2025/1276/1 2026/1075/1
f 2025/1276/1 2027/1278/1 2026/1075/1
f 2032/1271/71 2033/1077/71 2034/1267/71
f 2033/1077/71 2035/1074/71 2034/1267/71
f 2044/1086/1 2045/1286/1 2046/1085/1
f 2045/1286/1 2047/1288/1 2046/1085/1
f 2048/1284/159 2049/1081/159 2050/1283/71
f 2049/1081/159 2051/1082/71 2050/1283/71
f 2052/1281/71 2053/1087/71 2054/1277/71
f 2053/1087/71 2055/1084/71 2054/1277/71
f 2063/1300/1 2065/1296/1 2064/1096/1
f 2068/1294/159 2069/1091/159 2070/1293/71
f 2069/1091/159 2071/1092/71 2070/1293/71
f 2072/1291/71 2073/1097/71 2074/1287/71
f 2073/1097/71 2075/1094/71 2074/1287/71
f 2074/1287/71 2075/1094/71 2076/1289/71
f 2075/1094/71 2077/1093/71 2076/1289/71
f 2078/1099/1 2079/1109/1 2080/1100/1
f 2083/1308/1 2085/1111/1 2084/1106/1
f 2088/1304/71 2089/1101/71 2090/1303/71
f 2089/1101/71 2091/1102/71 2090/1303/71
f 2094/1297/71 2095/1104/71 2096/1299/71
f 2095/1104/71 2097/1103/71 2096/1299/71
f 2102/906/16 2103/907/16 2104/1308/16
f 2103/907/16 2105/1111/16 2104/1308/16
f 2106/1309/162 2107/1310/163 2108/1311/162
f 2108/1311/162 2107/1310/163 2109/1312/163
f 2109/1312/163 2107/1310/163 2110/1313/164
f 2107/1310/163 2111/1314/164 2110/1313/164
f 2112/1315/165 2113/1316/166 2114/1317/167
f 2113/1316/166 2115/1318/162 2114/1317/167
f 2116/1319/12 2117/1320/12 2118/1321/12
f 2117/1320/12 2119/1322/12 2118/1321/12
f 2119/1322/12 2120/1323/12 2118/1321/12
f 2118/1321/12 2120/1323/12 2121/1324/12
f 2150/1353/168 2151/1354/23 2152/1355/169
f 2152/1355/169 2151/1354/23 2153/1356/23
f 2151/1354/23 2154/1357/170 2153/1356/23
f 2153/1356/23 2154/1357/170 2155/1358/171
f 2156/1359/16 2158/1360/16 2157/1361/16
f 2157/1361/16 2158/1360/16 2159/1362/16
f 2159/1362/16 2158/1360/16 2160/1363/16
f 2158/1360/16 2161/1364/16 2160/1363/16
f 2162/1365/172 2163/1359/19 2164/1366/168
f 2163/1359/19 2165/1361/19 2164/1366/168
f 2166/1367/12 2167/1368/12 2168/1369/12
f 2168/1369/12 2167/1368/12 2169/1370/12
f 2169/1370/12 2167/1368/12 2170/1371/12
f 2167/1368/12 2171/1372/12 2170/1371/12
f 2172/1369/15 2173/1373/171 2174/1367/15
f 2173/1373/171 2175/1374/170 2174/1367/15
f 2176/1375/16 2177/1376/16 2178/1377/16
f 2177/1376/16 2179/1378/16 2178/1377/16
f 2179/1378/16 2180/1316/16 2178/1377/16
f 2178/1377/16 2180/1316/16 2181/1315/16
f 2182/1324/173 2184/1323/174 2183/1379/175
f 2183/1379/175 2184/1323/174 2185/1380/175
f 2186/1381/176 2188/1382/177 2187/1383/70
f 2188/1382/177 2189/1384/70 2187/1383/70
s 0
f 2187/1383/70 2189/1384/70 2190/1385/70
f 2189/1384/70 2191/1386/70 2190/1385/70
f 2191/1386/70 2192/1387/70 2190/1385/70
f 2190/1385/70 2192/1387/70 2193/1388/70
s 1
f 2193/1388/70 2192/1387/70 2194/1389/178
f 2192/1387/70 2195/1390/179 2194/1389/178
f 2196/1363/77 2197/1364/77 2198/1391/180
f 2197/1364/77 2199/1392/181 2198/1391/180
f 2200/1393/178 2201/1394/179 2202/1372/85
f 2201/1394/179 2203/1371/85 2202/1372/85
f 2204/1395/182 2205/1320/183 2206/1396/184
f 2205/1320/183 2207/1319/185 2206/1396/184
f 2208/1397/175 2209/1398/186 2210/1399/175
f 2210/1399/175 2209/1398/186 2211/1400/186
f 2209/1398/186 2212/1401/186 2211/1400/186
f 2211/1400/186 2212/1401/186 2213/1402/186
f 2212/1401/186 2214/1403/186 2213/1402/186
f 2213/1402/186 2214/1403/186 2215/1404/186
f 2214/1403/186 2216/1405/187 2215/1404/186
f 2215/1404/186 2216/1405/187 2217/1406/188
f 2218/1407/189 2220/1376/190 2219/1408/191
f 2219/1408/191 2220/1376/190 2221/1375/192
f 2439/343/197 2440/342/198 2441/1307/198
f 2440/342/198 2442/1306/198 2441/1307/198
s 0
f 2443/344/23 2444/343/23 2445/1115/23
f 2444/343/23 2446/1307/23 2445/1115/23
s 1
f 2533/1708/223 2534/1709/224 2535/1710/225
f 2535/1710/225 2534/1709/224 2536/1711/226
f 2536/1711/226 2534/1709/224 2537/1712/227
f 2534/1709/224 2538/1713/23 2537/1712/227
f 2538/1713/23 2539/1714/23 2537/1712/227
f 2539/1714/23 2540/1715/23 2537/1712/227
f 2540/1715/23 2541/1716/228 2537/1712/227
f 2537/1712/227 2541/1716/228 2542/1717/229
f 2541/1716/228 2543/1718/230 2542/1717/229
f 2543/1718/230 2544/1719/23 2542/1717/229
f 2544/1719/23 2545/1720/23 2542/1717/229
f 2542/1717/229 2545/1720/23 2536/1711/226
f 2545/1720/23 2546/1721/23 2536/1711/226
f 2536/1711/226 2546/1721/23 2535/1710/225
f 2546/1721/23 2547/1722/23 2535/1710/225
f 2533/1708/223 2548/1723/23 2534/1709/224
f 2548/1723/23 2538/1713/23 2534/1709/224
f 2536/1711/226 2537/1712/227 2542/1717/229
f 2549/1724/16 2551/1725/231 2550/1726/16
f 2550/1726/16 2551/1725/231 2552/1727/232
f 2551/1725/231 2553/1728/233 2552/1727/232
f 2552/1727/232 2553/1728/233 2554/1729/233
f 2553/1728/233 2555/1730/16 2554/1729/233
f 2554/1729/233 2555/1730/16 2556/1731/16
f 2554/1729/233 2557/1732/234 2552/1727/232
f 2557/1732/234 2558/1733/84 2552/1727/232
f 2552/1727/232 2558/1733/84 2550/1726/16
f 2551/1725/231 2559/1734/235 2553/1728/233
f 2559/1734/235 2560/1735/29 2553/1728/233
f 2553/1728/233 2560/1735/29 2555/1730/16
f 2561/1736/24 2563/1737/236 2562/1738/24
f 2562/1738/24 2563/1737/236 2564/1739/237
f 2563/1737/236 2565/1740/238 2564/1739/237
f 2564/1739/237 2565/1740/238 2566/1741/239
f 2565/1740/238 2567/1742/12 2566/1741/239
f 2566/1741/239 2567/1742/12 2568/1743/12
f 2566/1741/239 2569/1744/240 2564/1739/237
f 2569/1744/240 2570/1745/12 2564/1739/237
f 2564/1739/237 2570/1745/12 2562/1738/24
f 2563/1737/236 2571/1746/241 2565/1740/238
f 2571/1746/241 2572/1747/12 2565/1740/238
f 2565/1740/238 2572/1747/12 2567/1742/12
s 0
f 2613/1784/23 2614/1785/23 2615/1786/23
f 2615/1786/23 2614/1785/23 2616/1787/23
f 2614/1785/23 2617/1788/23 2616/1787/23
f 2616/1787/23 2617/1788/23 2618/1789/23
f 2617/1788/23 2619/1790/23 2618/1789/23
f 2618/1789/23 2619/1790/23 2620/1791/23
s 1
f 2621/1792/29 2623/1793/29 2622/1794/29
f 2622/1794/29 2623/1793/29 2624/1795/16
f 2623/1793/29 2625/1796/16 2624/1795/16
f 2624/1795/16 2625/1796/16 2626/1797/27
f 2635/1806/12 2637/1807/25 2636/1808/12
f 2636/1808/12 2637/1807/25 2638/1809/24
f 2637/1807/25 2639/1810/24 2638/1809/24
f 2638/1809/24 2639/1810/24 2640/1811/24
s 0
f 2641/1812/23 2643/1813/23 2642/1814/23
f 2642/1814/23 2643/1813/23 2644/1815/23
f 2643/1813/23 2645/1816/23 2644/1815/23
f 2644/1815/23 2645/1816/23 2646/1817/23
f 2645/1816/23 2647/1818/23 2646/1817/23
f 2646/1817/23 2647/1818/23 2648/1819/23
s 1
f 2649/1820/29 2651/1821/29 2650/1822/29
f 2650/1822/29 2651/1821/29 2652/1823/16
f 2651/1821/29 2653/1824/16 2652/1823/16
f 2652/1823/16 2653/1824/16 2654/1825/16
f 2663/1834/12 2665/1835/25 2664/1836/12
f 2664/1836/12 2665/1835/25 2666/1837/24
f 2665/1835/25 2667/1838/24 2666/1837/24
f 2666/1837/24 2667/1838/24 2668/1839/24
s 0
f 2669/1840/23 2671/1841/23 2670/1842/23
f 2670/1842/23 2671/1841/23 2672/1843/23
f 2671/1841/23 2673/1844/23 2672/1843/23
f 2672/1843/23 2673/1844/23 2674/1845/23
f 2673/1844/23 2675/1846/23 2674/1845/23
f 2674/1845/23 2675/1846/23 2676/1847/23
s 1
f 2677/1848/29 2679/1849/29 2678/1850/29
f 2678/1850/29 2679/1849/29 2680/1851/16
f 2679/1849/29 2681/1852/16 2680/1851/16
f 2680/1851/16 2681/1852/16 2682/1853/16
f 2691/1862/26 2693/1863/25 2692/1864/12
f 2692/1864/12 2693/1863/25 2694/1865/24
f 2693/1863/25 2695/1866/24 2694/1865/24
f 2694/1865/24 2695/1866/24 2696/1867/24
s 0
f 2697/1868/23 2699/1869/23 2698/1870/23
f 2698/1870/23 2699/1869/23 2700/1871/23
f 2699/1869/23 2701/1872/23 2700/1871/23
f 2700/1871/23 2701/1872/23 2702/1873/23
f 2701/1872/23 2703/1874/23 2702/1873/23
f 2702/1873/23 2703/1874/23 2704/1875/23
s 1
f 2705/1876/29 2707/1877/29 2706/1878/29
f 2706/1878/29 2707/1877/29 2708/1879/16
f 2707/1877/29 2709/1880/16 2708/1879/16
f 2708/1879/16 2709/1880/16 2710/1881/16
f 2719/1890/12 2721/1891/25 2720/1892/12
f 2720/1892/12 2721/1891/25 2722/1893/24
f 2721/1891/25 2723/1894/24 2722/1893/24
f 2722/1893/24 2723/1894/24 2724/1895/24
s 0
f 2725/1896/23 2727/1897/23 2726/1898/23
f 2726/1898/23 2727/1897/23 2728/1899/23
f 2727/1897/23 2729/1900/23 2728/1899/23
f 2728/1899/23 2729/1900/23 2730/1901/23
f 2729/1900/23 2731/1902/23 2730/1901/23
f 2730/1901/23 2731/1902/23 2732/1903/23
s 1
f 2733/1904/29 2735/1905/29 2734/1906/29
f 2734/1906/29 2735/1905/29 2736/1907/16
f 2735/1905/29 2737/1908/16 2736/1907/16
f 2736/1907/16 2737/1908/16 2738/1909/16
f 2747/1918/26 2749/1919/25 2748/1920/12
f 2748/1920/12 2749/1919/25 2750/1921/24
f 2749/1919/25 2751/1922/24 2750/1921/24
f 2750/1921/24 2751/1922/24 2752/1923/24
s 0
f 2753/1924/23 2755/1925/23 2754/1926/23
f 2754/1926/23 2755/1925/23 2756/1927/23
f 2755/1925/23 2757/1928/23 2756/1927/23
f 2756/1927/23 2757/1928/23 2758/1929/23
f 2757/1928/23 2759/1930/23 2758/1929/23
f 2758/1929/23 2759/1930/23 2760/1931/23
s 1
f 2761/1932/29 2763/1933/29 2762/1934/29
f 2762/1934/29 2763/1933/29 2764/1935/16
f 2763/1933/29 2765/1936/16 2764/1935/16
f 2764/1935/16 2765/1936/16 2766/1937/16
f 2775/1946/26 2777/1947/25 2776/1948/12
f 2776/1948/12 2777/1947/25 2778/1949/24
f 2777/1947/25 2779/1950/24 2778/1949/24
f 2778/1949/24 2779/1950/24 2780/1951/24
s 0
f 2781/1952/23 2783/1953/23 2782/1954/23
f 2782/1954/23 2783/1953/23 2784/1955/23
f 2783/1953/23 2785/1956/23 2784/1955/23
f 2784/1955/23 2785/1956/23 2786/1957/23
f 2785/1956/23 2787/1958/23 2786/1957/23
f 2786/1957/23 2787/1958/23 2788/1959/23
s 1
f 2789/1960/29 2791/1961/29 2790/1962/29
f 2790/1962/29 2791/1961/29 2792/1963/16
f 2791/1961/29 2793/1964/16 2792/1963/16
f 2792/1963/16 2793/1964/16 2794/1965/16
f 2803/1974/12 2805/1975/25 2804/1976/12
f 2804/1976/12 2805/1975/25 2806/1977/24
f 2805/1975/25 2807/1978/24 2806/1977/24
f 2806/1977/24 2807/1978/24 2808/1979/24
s 0
f 2809/1980/23 2811/1981/23 2810/1982/23
f 2810/1982/23 2811/1981/23 2812/1983/23
f 2811/1981/23 2813/1984/23 2812/1983/23
f 2812/1983/23 2813/1984/23 2814/1985/23
f 2813/1984/23 2815/1986/23 2814/1985/23
f 2814/1985/23 2815/1986/23 2816/1987/23
s 1
f 2817/1988/29 2819/1989/29 2818/1990/29
f 2818/1990/29 2819/1989/29 2820/1991/16
f 2819/1989/29 2821/1992/16 2820/1991/16
f 2820/1991/16 2821/1992/16 2822/1993/16
f 2831/2002/12 2833/2003/25 2832/2004/12
f 2832/2004/12 2833/2003/25 2834/2005/24
f 2833/2003/25 2835/2006/24 2834/2005/24
f 2834/2005/24 2835/2006/24 2836/2007/24
f 2837/2008/29 2839/2009/29 2838/2010/29
f 2839/2009/29 2840/2011/16 2838/2010/29
f 2838/2010/29 2840/2011/16 2841/2012/16
f 2840/2011/16 2842/2013/16 2841/2012/16
f 2851/2022/12 2852/2023/12 2853/2024/12
f 2852/2023/12 2854/2025/24 2853/2024/12
f 2853/2024/12 2854/2025/24 2855/2026/24
f 2854/2025/24 2856/2027/24 2855/2026/24
s 0
f 2857/2028/23 2858/2029/23 2859/2030/23
f 2858/2029/23 2860/2031/23 2859/2030/23
f 2859/2030/23 2860/2031/23 2861/2032/23
f 2860/2031/23 2862/2033/23 2861/2032/23
f 2861/2032/23 2862/2033/23 2863/2034/23
f 2862/2033/23 2864/2035/23 2863/2034/23
s 1
f 2865/2036/29 2866/2037/29 2867/2038/29
f 2866/2037/29 2868/2039/16 2867/2038/29
f 2867/2038/29 2868/2039/16 2869/2040/16
f 2868/2039/16 2870/2041/16 2869/2040/16
f 2879/2050/12 2880/2051/12 2881/2052/12
f 2880/2051/12 2882/2053/24 2881/2052/12
f 2881/2052/12 2882/2053/24 2883/2054/24
f 2882/2053/24 2884/2055/24 2883/2054/24
s 0
f 2885/2056/23 2886/2057/23 2887/2058/23
f 2886/2057/23 2888/2059/23 2887/2058/23
f 2887/2058/23 2888/2059/23 2889/2060/23
f 2888/2059/23 2890/2061/23 2889/2060/23
f 2889/2060/23 2890/2061/23 2891/2062/23
f 2890/2061/23 2892/2063/23 2891/2062/23
s 1
f 2893/2064/29 2894/2065/29 2895/2066/29
f 2894/2065/29 2896/2067/16 2895/2066/29
f 2895/2066/29 2896/2067/16 2897/2068/16
f 2896/2067/16 2898/2069/16 2897/2068/16
f 2907/2078/12 2908/2079/12 2909/2080/12
f 2908/2079/12 2910/2081/24 2909/2080/12
f 2909/2080/12 2910/2081/24 2911/2082/24
f 2910/2081/24 2912/2083/24 2911/2082/24
s 0
f 2913/2084/23 2914/2085/23 2915/2086/23
f 2914/2085/23 2916/2087/23 2915/2086/23
f 2915/2086/23 2916/2087/23 2917/2088/23
f 2916/2087/23 2918/2089/23 2917/2088/23
f 2917/2088/23 2918/2089/23 2919/2090/23
f 2918/2089/23 2920/2091/23 2919/2090/23
s 1
f 2921/2092/29 2922/2093/29 2923/2094/29
f 2922/2093/29 2924/2095/16 2923/2094/29
f 2923/2094/29 2924/2095/16 2925/2096/16
f 2924/2095/16 2926/2097/16 2925/2096/16
f 2935/2106/12 2936/2107/12 2937/2108/12
f 2936/2107/12 2938/2109/24 2937/2108/12
f 2937/2108/12 2938/2109/24 2939/2110/24
f 2938/2109/24 2940/2111/24 2939/2110/24
s 0
f 2941/2112/23 2942/2113/23 2943/2114/23
f 2942/2113/23 2944/2115/23 2943/2114/23
f 2943/2114/23 2944/2115/23 2945/2116/23
f 2944/2115/23 2946/2117/23 2945/2116/23
f 2945/2116/23 2946/2117/23 2947/2118/23
f 2946/2117/23 2948/2119/23 2947/2118/23
s 1
f 2949/2120/29 2950/2121/29 2951/2122/29
f 2950/2121/29 2952/2123/16 2951/2122/29
f 2951/2122/29 2952/2123/16 2953/2124/16
f 2952/2123/16 2954/2125/16 2953/2124/16
f 2963/2134/12 2964/2135/12 2965/2136/12
f 2964/2135/12 2966/2137/24 2965/2136/12
f 2965/2136/12 2966/2137/24 2967/2138/24
f 2966/2137/24 2968/2139/24 2967/2138/24
s 0
f 2969/2140/23 2970/2141/23 2971/2142/23
f 2970/2141/23 2972/2143/23 2971/2142/23
f 2971/2142/23 2972/2143/23 2973/2144/23
f 2972/2143/23 2974/2145/23 2973/2144/23
f 2973/2144/23 2974/2145/23 2975/2146/23
f 2974/2145/23 2976/2147/23 2975/2146/23
s 1
f 2977/2148/29 2978/2149/29 2979/2150/29
f 2978/2149/29 2980/2151/16 2979/2150/29
f 2979/2150/29 2980/2151/16 2981/2152/16
f 2980/2151/16 2982/2153/16 2981/2152/16
f 2991/2162/12 2992/2163/12 2993/2164/12
f 2992/2163/12 2994/2165/24 2993/2164/12
f 2993/2164/12 2994/2165/24 2995/2166/24
f 2994/2165/24 2996/2167/24 2995/2166/24
s 0
f 2997/2168/23 2998/2169/23 2999/2170/23
f 2998/2169/23 3000/2171/23 2999/2170/23
f 2999/2170/23 3000/2171/23 3001/2172/23
f 3000/2171/23 3002/2173/23 3001/2172/23
f 3001/2172/23 3002/2173/23 3003/2174/23
f 3002/2173/23 3004/2175/23 3003/2174/23
s 1
f 3005/2176/29 3006/2177/29 3007/2178/29
f 3006/2177/29 3008/2179/16 3007/2178/29
f 3007/2178/29 3008/2179/16 3009/2180/16
f 3008/2179/16 3010/2181/16 3009/2180/16
f 3019/2190/12 3020/2191/12 3021/2192/12
f 3020/2191/12 3022/2193/24 3021/2192/12
f 3021/2192/12 3022/2193/24 3023/2194/24
f 3022/2193/24 3024/2195/24 3023/2194/24
s 0
f 3025/2196/23 3026/2197/23 3027/2198/23
f 3026/2197/23 3028/2199/23 3027/2198/23
f 3027/2198/23 3028/2199/23 3029/2200/23
f 3028/2199/23 3030/2201/23 3029/2200/23
f 3029/2200/23 3030/2201/23 3031/2202/23
f 3030/2201/23 3032/2203/23 3031/2202/23
s 1
f 3033/2204/29 3034/2205/29 3035/2206/29
f 3034/2205/29 3036/2207/16 3035/2206/29
f 3035/2206/29 3036/2207/16 3037/2208/16
f 3036/2207/16 3038/2209/16 3037/2208/16
f 3047/2218/12 3048/2219/12 3049/2220/12
f 3048/2219/12 3050/2221/24 3049/2220/12
f 3049/2220/12 3050/2221/24 3051/2222/24
f 3050/2221/24 3052/2223/24 3051/2222/24
s 0
f 3053/2224/23 3054/2225/23 3055/2226/23
f 3054/2225/23 3056/2227/23 3055/2226/23
f 3055/2226/23 3056/2227/23 3057/2228/23
f 3056/2227/23 3058/2229/23 3057/2228/23
f 3057/2228/23 3058/2229/23 3059/2230/23
f 3058/2229/23 3060/2231/23 3059/2230/23
s 1
f 3061/2232/71 3062/2233/71 3063/2234/71
f 3063/2234/71 3062/2233/71 3064/2235/71
f 3062/2233/71 3065/2236/71 3064/2235/71
f 3064/2235/71 3065/2236/71 3066/2237/71
f 3065/2236/71 3067/2238/71 3066/2237/71
f 3066/2237/71 3067/2238/71 3068/2239/71
f 3067/2238/71 3069/2240/71 3068/2239/71
f 3068/2239/71 3069/2240/71 3070/2241/71
f 3069/2240/71 3071/2242/159 3070/2241/71
f 3076/2247/71 3077/2248/71 3078/2249/71
f 3077/2248/71 3079/2250/71 3078/2249/71
f 3078/2249/71 3079/2250/71 3080/2251/71
f 3079/2250/71 3061/2232/71 3080/2251/71
f 3080/2251/71 3061/2232/71 3063/2234/71
f 3101/2272/71 3103/2273/71 3102/2274/71
f 3102/2274/71 3103/2273/71 3104/2275/71
f 3103/2273/71 3105/2276/71 3104/2275/71
f 3104/2275/71 3105/2276/71 3106/2277/71
f 3105/2276/71 3107/2278/71 3106/2277/71
f 3106/2277/71 3107/2278/71 3108/2279/71
f 3107/2278/71 3109/2280/71 3108/2279/71
f 3108/2279/71 3109/2280/71 3110/2281/71
f 3109/2280/71 3111/2282/71 3110/2281/71
f 3116/2287/71 3117/2288/71 3118/2289/71
f 3117/2288/71 3119/2290/71 3118/2289/71
f 3118/2289/71 3119/2290/71 3120/2291/71
f 3119/2290/71 3101/2272/71 3120/2291/71
f 3120/2291/71 3101/2272/71 3102/2274/71
f 3136/2307/1 3137/2308/1 3138/2309/1
f 3141/2312/71 3143/2313/71 3142/2314/71
f 3142/2314/71 3143/2313/71 3144/2315/71
f 3143/2313/71 3145/2316/71 3144/2315/71
f 3144/2315/71 3145/2316/71 3146/2317/71
f 3145/2316/71 3147/2318/71 3146/2317/71
f 3146/2317/71 3147/2318/71 3148/2319/71
f 3147/2318/71 3149/2320/71 3148/2319/71
f 3148/2319/71 3149/2320/71 3150/2321/71
f 3149/2320/71 3151/2322/71 3150/2321/71
f 3156/2327/71 3157/2328/71 3158/2329/71
f 3157/2328/71 3159/2330/71 3158/2329/71
f 3158/2329/71 3159/2330/71 3160/2331/71
f 3159/2330/71 3141/2312/71 3160/2331/71
f 3160/2331/71 3141/2312/71 3142/2314/71
f 3181/2352/71 3183/2353/71 3182/2354/71
f 3182/2354/71 3183/2353/71 3184/2355/71
f 3183/2353/71 3185/2356/71 3184/2355/71
f 3184/2355/71 3185/2356/71 3186/2357/71
f 3185/2356/71 3187/2358/71 3186/2357/71
f 3186/2357/71 3187/2358/71 3188/2359/71
f 3187/2358/71 3189/2360/71 3188/2359/71
f 3188/2359/71 3189/2360/71 3190/2361/71
f 3196/2367/71 3197/2368/71 3198/2369/71
f 3197/2368/71 3199/2370/71 3198/2369/71
f 3198/2369/71 3199/2370/71 3200/2371/71
f 3199/2370/71 3181/2352/71 3200/2371/71
f 3200/2371/71 3181/2352/71 3182/2354/71
f 3214/2385/1 3215/2386/1 3216/2387/1
f 3216/2387/1 3217/2388/1 3218/2389/1
f 3217/2388/1 3219/2390/1 3218/2389/1
f 3218/2389/1 3219/2390/1 3220/2391/1
f 3221/2392/71 3223/2393/71 3222/2394/71
f 3222/2394/71 3223/2393/71 3224/2395/71
f 3223/2393/71 3225/2396/71 3224/2395/71
f 3224/2395/71 3225/2396/71 3226/2397/71
f 3225/2396/71 3227/2398/71 3226/2397/71
f 3226/2397/71 3227/2398/71 3228/2399/71
f 3227/2398/71 3229/2400/71 3228/2399/71
f 3228/2399/71 3229/2400/71 3230/2401/71
f 3230/2401/71 3231/2402/71 3232/2403/71
f 3236/2407/71 3237/2408/71 3238/2409/71
f 3237/2408/71 3239/2410/71 3238/2409/71
f 3238/2409/71 3239/2410/71 3240/2411/71
f 3239/2410/71 3221/2392/71 3240/2411/71
f 3240/2411/71 3221/2392/71 3222/2394/71
f 3258/2429/1 3259/2430/1 3260/2431/1
f 3259/2430/1 3241/2412/1 3260/2431/1
f 3261/2432/71 3263/2433/71 3262/2434/71
f 3262/2434/71 3263/2433/71 3264/2435/71
f 3263/2433/71 3265/2436/71 3264/2435/71
f 3264/2435/71 3265/2436/71 3266/2437/71
f 3266/2437/71 3267/2438/71 3268/2439/159
f 3267/2438/71 3269/2440/159 3268/2439/159
f 3268/2439/159 3269/2440/159 3270/2441/71
f 3269/2440/159 3271/2442/71 3270/2441/71
f 3276/2447/71 3277/2448/71 3278/2449/71
f 3277/2448/71 3279/2450/71 3278/2449/71
f 3278/2449/71 3279/2450/71 3280/2451/71
f 3279/2450/71 3261/2432/71 3280/2451/71
f 3280/2451/71 3261/2432/71 3262/2434/71
f 3281/2452/1 3283/2453/1 3282/2454/1
f 3282/2454/1 3283/2453/1 3284/2455/1
f 3283/2453/1 3285/2456/1 3284/2455/1
f 3284/2455/1 3285/2456/1 3286/2457/1
f 3296/2467/1 3297/2468/1 3298/2469/1
f 3298/2469/1 3299/2470/1 3300/2471/1
f 3299/2470/1 3281/2452/1 3300/2471/1
f 3301/2472/159 3303/2473/71 3302/2474/71
f 3302/2474/71 3303/2473/71 3304/2475/71
f 3303/2473/71 3305/2476/71 3304/2475/71
f 3304/2475/71 3305/2476/71 3306/2477/71
f 3305/2476/71 3307/2478/71 3306/2477/71
f 3306/2477/71 3307/2478/71 3308/2479/71
f 3307/2478/71 3309/2480/71 3308/2479/71
f 3308/2479/71 3309/2480/71 3310/2481/71
f 3309/2480/71 3311/2482/71 3310/2481/71
f 3316/2487/71 3317/2488/71 3318/2489/71
f 3317/2488/71 3319/2490/71 3318/2489/71
f 3318/2489/71 3319/2490/71 3320/2491/71
f 3319/2490/71 3301/2472/159 3320/2491/71
f 3320/2491/71 3301/2472/159 3302/2474/71
f 3321/2492/1 3323/2493/1 3322/2494/1
f 3322/2494/1 3323/2493/1 3324/2495/1
f 3323/2493/1 3325/2496/1 3324/2495/1
f 3324/2495/1 3325/2496/1 3326/2497/1
f 3336/2507/1 3337/2508/21 3338/2509/1
f 3338/2509/1 3339/2510/1 3340/2511/1
f 3339/2510/1 3321/2492/1 3340/2511/1
f 3340/2511/1 3321/2492/1 3322/2494/1
f 3341/2512/71 3343/2513/71 3342/2514/71
f 3342/2514/71 3343/2513/71 3344/2515/71
f 3343/2513/71 3345/2516/71 3344/2515/71
f 3344/2515/71 3345/2516/71 3346/2517/71
f 3345/2516/71 3347/2518/71 3346/2517/71
f 3346/2517/71 3347/2518/71 3348/2519/71
f 3347/2518/71 3349/2520/71 3348/2519/71
f 3348/2519/71 3349/2520/71 3350/2521/71
f 3349/2520/71 3351/2522/71 3350/2521/71
f 3356/2527/71 3357/2528/71 3358/2529/71
f 3357/2528/71 3359/2530/71 3358/2529/71
f 3358/2529/71 3359/2530/71 3360/2531/71
f 3359/2530/71 3341/2512/71 3360/2531/71
f 3360/2531/71 3341/2512/71 3342/2514/71
f 3361/2532/1 3363/2533/1 3362/2534/1
f 3362/2534/1 3363/2533/1 3364/2535/1
f 3363/2533/1 3365/2536/1 3364/2535/1
f 3364/2535/1 3365/2536/1 3366/2537/1
f 3373/2544/1 3375/2546/1 3374/2545/1
f 3374/2545/1 3375/2546/1 3376/2547/1
f 3375/2546/1 3377/2548/1 3376/2547/1
f 3376/2547/1 3377/2548/1 3378/2549/1
f 3377/2548/1 3379/2550/1 3378/2549/1
f 3378/2549/1 3379/2550/1 3380/2551/1
f 3379/2550/1 3361/2532/1 3380/2551/1
f 3380/2551/1 3361/2532/1 3362/2534/1
f 3381/2552/42 3383/2553/25 3382/2554/42
f 3382/2554/42 3383/2553/25 3384/2555/25
f 3383/2553/25 3385/2556/12 3384/2555/25
f 3384/2555/25 3385/2556/12 3386/2557/12
s 0
f 3387/2558/23 3389/2559/23 3388/2560/23
f 3388/2560/23 3389/2559/23 3390/2561/23
f 3389/2559/23 3391/2562/23 3390/2561/23
f 3390/2561/23 3391/2562/23 3392/2563/23
f 3391/2562/23 3393/2564/23 3392/2563/23
f 3392/2563/23 3393/2564/23 3394/2565/23
s 1
f 3395/2566/16 3397/2567/16 3396/2568/16
f 3396/2568/16 3397/2567/16 3398/2569/16
f 3397/2567/16 3399/2570/16 3398/2569/16
f 3398/2569/16 3399/2570/16 3400/2571/16
f 3401/2572/42 3403/2573/25 3402/2574/42
f 3402/2574/42 3403/2573/25 3404/2575/25
f 3403/2573/25 3405/2576/12 3404/2575/25
f 3404/2575/25 3405/2576/12 3406/2577/12
s 0
f 3407/2578/23 3409/2579/23 3408/2580/23
f 3408/2580/23 3409/2579/23 3410/2581/23
f 3409/2579/23 3411/2582/23 3410/2581/23
f 3410/2581/23 3411/2582/23 3412/2583/23
f 3411/2582/23 3413/2584/23 3412/2583/23
f 3412/2583/23 3413/2584/23 3414/2585/23
s 1
f 3415/2586/16 3417/2587/16 3416/2588/16
f 3416/2588/16 3417/2587/16 3418/2589/16
f 3417/2587/16 3419/2590/16 3418/2589/16
f 3418/2589/16 3419/2590/16 3420/2591/16
f 3421/2592/42 3423/2593/25 3422/2594/42
f 3422/2594/42 3423/2593/25 3424/2595/25
f 3423/2593/25 3425/2596/12 3424/2595/25
f 3424/2595/25 3425/2596/12 3426/2597/12
s 0
f 3427/2598/23 3429/2599/23 3428/2600/23
f 3428/2600/23 3429/2599/23 3430/2601/23
f 3429/2599/23 3431/2602/23 3430/2601/23
f 3430/2601/23 3431/2602/23 3432/2603/23
f 3431/2602/23 3433/2604/23 3432/2603/23
f 3432/2603/23 3433/2604/23 3434/2605/23
s 1
f 3435/2606/16 3437/2607/16 3436/2608/16
f 3436/2608/16 3437/2607/16 3438/2609/16
f 3437/2607/16 3439/2610/16 3438/2609/16
f 3438/2609/16 3439/2610/16 3440/2611/16
f 3441/2612/16 3443/2613/84 3442/2614/16
f 3443/2613/84 3444/2615/16 3442/2614/16
f 3442/2614/16 3444/2615/16 3445/2616/16
f 3444/2615/16 3446/2617/16 3445/2616/16
f 3447/2618/12 3448/2619/12 3449/2620/12
f 3448/2619/12 3450/2621/12 3449/2620/12
f 3449/2620/12 3450/2621/12 3451/2622/12
f 3450/2621/12 3452/2623/12 3451/2622/12
s 0
f 3453/2624/23 3454/2625/23 3455/2626/23
f 3455/2626/23 3454/2625/23 3456/2627/23
f 3456/2627/23 3454/2625/23 3457/2628/23
f 3454/2625/23 3458/2629/23 3457/2628/23
f 3458/2629/23 3459/2630/23 3457/2628/23
f 3457/2628/23 3459/2630/23 3460/2631/23
s 1
f 3461/2632/12 3463/2633/12 3462/2634/12
f 3463/2633/12 3464/2635/12 3462/2634/12
f 3462/2634/12 3464/2635/12 3465/2636/12
f 3464/2635/12 3466/2637/12 3465/2636/12
s 0
f 3467/2638/23 3468/2639/23 3469/2640/23
f 3469/2640/23 3468/2639/23 3470/2641/23
f 3470/2641/23 3468/2639/23 3471/2642/23
f 3468/2639/23 3472/2643/23 3471/2642/23
f 3471/2642/23 3472/2643/23 3473/2644/23
f 3472/2643/23 3474/2645/23 3473/2644/23
s 1
f 3475/2646/16 3476/2647/16 3477/2648/16
f 3476/2647/16 3478/2649/16 3477/2648/16
f 3477/2648/16 3478/2649/16 3479/2650/16
f 3478/2649/16 3480/2651/16 3479/2650/16
f 3481/2652/12 3482/2653/12 3483/2654/12
f 3482/2653/12 3484/2655/12 3483/2654/12
f 3483/2654/12 3484/2655/12 3485/2656/12
f 3484/2655/12 3486/2657/12 3485/2656/12
s 0
f 3487/2658/23 3488/2659/23 3489/2660/23
f 3489/2660/23 3488/2659/23 3490/2661/23
f 3490/2661/23 3488/2659/23 3491/2662/23
f 3488/2659/23 3492/2663/23 3491/2662/23
f 3491/2662/23 3492/2663/23 3493/2664/23
f 3492/2663/23 3494/2665/23 3493/2664/23
s 1
f 3495/2666/16 3496/2667/16 3497/2668/16
f 3496/2667/16 3498/2669/16 3497/2668/16
f 3497/2668/16 3498/2669/16 3499/2670/84
f 3498/2669/16 3500/2671/16 3499/2670/84
f 3511/2682/1 3512/2683/1 3513/2684/1
f 3521/2692/71 3522/2693/71 3523/2694/71
f 3522/2693/71 3524/2695/254 3523/2694/71
f 3523/2694/71 3524/2695/254 3525/2696/254
f 3524/2695/254 3526/2697/254 3525/2696/254
f 3525/2696/254 3526/2697/254 3527/2698/71
f 3526/2697/254 3528/2699/71 3527/2698/71
f 3527/2698/71 3528/2699/71 3529/2700/71
f 3528/2699/71 3530/2701/71 3529/2700/71
f 3529/2700/71 3530/2701/71 3531/2702/254
f 3530/2701/71 3532/2703/254 3531/2702/254
f 3531/2702/254 3532/2703/254 3533/2704/254
f 3532/2703/254 3534/2705/71 3533/2704/254
f 3533/2704/254 3534/2705/71 3535/2706/71
f 3534/2705/71 3536/2707/71 3535/2706/71
f 3551/2722/1 3552/2723/1 3553/2724/1
f 3552/2723/1 3554/2725/1 3553/2724/1
f 3555/2726/1 3556/2727/1 3557/2728/1
f 3556/2727/1 3558/2729/6 3557/2728/1
f 3561/2732/71 3562/2733/71 3563/2734/71
f 3562/2733/71 3564/2735/254 3563/2734/71
f 3563/2734/71 3564/2735/254 3565/2736/254
f 3564/2735/254 3566/2737/254 3565/2736/254
f 3565/2736/254 3566/2737/254 3567/2738/71
f 3566/2737/254 3568/2739/71 3567/2738/71
f 3567/2738/71 3568/2739/71 3569/2740/71
f 3568/2739/71 3570/2741/71 3569/2740/71
f 3569/2740/71 3570/2741/71 3571/2742/254
f 3570/2741/71 3572/2743/254 3571/2742/254
f 3571/2742/254 3572/2743/254 3573/2744/254
f 3572/2743/254 3574/2745/71 3573/2744/254
f 3573/2744/254 3574/2745/71 3575/2746/71
f 3574/2745/71 3576/2747/71 3575/2746/71
f 3587/2758/6 3588/2759/1 3589/2760/1
f 3588/2759/1 3590/2761/1 3589/2760/1
f 3590/2761/1 3592/2763/1 3591/2762/1
f 3591/2762/1 3592/2763/1 3593/2764/1
f 3592/2763/1 3594/2765/1 3593/2764/1
f 3593/2764/1 3594/2765/1 3595/2766/1
f 3595/2766/1 3596/2767/1 3597/2768/1
f 3596/2767/1 3598/2769/6 3597/2768/1
f 3598/2769/6 3600/2771/6 3599/2770/6
f 3602/2773/71 3604/2775/254 3603/2774/71
f 3603/2774/71 3604/2775/254 3605/2776/254
f 3604/2775/254 3606/2777/254 3605/2776/254
f 3605/2776/254 3606/2777/254 3607/2778/71
f 3606/2777/254 3608/2779/71 3607/2778/71
f 3607/2778/71 3608/2779/71 3609/2780/71
f 3608/2779/71 3610/2781/71 3609/2780/71
f 3609/2780/71 3610/2781/71 3611/2782/254
f 3610/2781/71 3612/2783/254 3611/2782/254
f 3611/2782/254 3612/2783/254 3613/2784/254
f 3612/2783/254 3614/2785/71 3613/2784/254
f 3613/2784/254 3614/2785/71 3615/2786/71
f 3614/2785/71 3616/2787/71 3615/2786/71
