# Blender 5.0.1
# www.blender.org
mtllib Tesseract2.mtl
o Cylinder
v 0.058792 -1.598043 -0.022346
v -0.001226 -1.133157 -0.298314
v 0.028783 -1.535760 -0.160330
v 0.006815 -1.365600 -0.261342
v 0.058792 0.927353 -0.022346
v -0.001226 0.462467 -0.298314
v 0.028783 0.865070 -0.160330
v 0.006815 0.694910 -0.261342
v 0.282935 -1.598043 -0.035152
v 0.311133 -1.133157 -0.316160
v 0.297034 -1.535760 -0.175656
v 0.307355 -1.365600 -0.278512
v 0.282935 0.927353 -0.035152
v 0.311133 0.462467 -0.316160
v 0.297034 0.865070 -0.175656
v 0.307355 0.694910 -0.278512
v 0.500065 -1.598043 0.021933
v 0.613719 -1.133157 -0.236608
v 0.556892 -1.535760 -0.107337
v 0.598493 -1.365600 -0.201970
v 0.500065 0.927353 0.021933
v 0.613719 0.462467 -0.236608
v 0.556892 0.865070 -0.107337
v 0.598493 0.694910 -0.201970
v 0.688928 -1.598043 0.143321
v 0.876913 -1.133157 -0.067445
v 0.782920 -1.535760 0.037938
v 0.851728 -1.365600 -0.039207
v 0.688928 0.927353 0.143321
v 0.876913 0.462467 -0.067445
v 0.782920 0.865070 0.037938
v 0.851728 0.694910 -0.039207
v 0.831036 -1.598043 0.317130
v 1.074951 -1.133157 0.174770
v 0.952993 -1.535760 0.245950
v 1.042272 -1.365600 0.193843
v 0.831036 0.927353 0.317130
v 1.074951 0.462467 0.174770
v 0.952993 0.865070 0.245950
v 1.042272 0.694910 0.193843
v 0.912479 -1.598043 0.526346
v 1.188447 -1.133157 0.466327
v 1.050463 -1.535760 0.496336
v 1.151474 -1.365600 0.474368
v 0.912479 0.927353 0.526346
v 1.188447 0.462467 0.466327
v 1.050463 0.865070 0.496336
v 1.151474 0.694910 0.474368
v 0.925285 -1.598043 0.750489
v 1.206293 -1.133157 0.778687
v 1.065789 -1.535760 0.764588
v 1.168645 -1.365600 0.774909
v 0.925285 0.927353 0.750489
v 1.206293 0.462467 0.778687
v 1.065789 0.865070 0.764588
v 1.168645 0.694910 0.774909
v 0.868200 -1.598043 0.967619
v 1.126741 -1.133157 1.081273
v 0.997470 -1.535760 1.024446
v 1.092103 -1.365600 1.066046
v 0.868200 0.927353 0.967619
v 1.126741 0.462467 1.081273
v 0.997470 0.865070 1.024446
v 1.092103 0.694910 1.066046
v 0.746812 -1.598043 1.156481
v 0.957578 -1.133157 1.344466
v 0.852195 -1.535760 1.250474
v 0.929340 -1.365600 1.319281
v 0.746812 0.927353 1.156481
v 0.957578 0.462467 1.344466
v 0.852195 0.865070 1.250474
v 0.929340 0.694910 1.319281
v 0.573003 -1.598043 1.298590
v 0.715363 -1.133157 1.542504
v 0.644183 -1.535760 1.420547
v 0.696290 -1.365600 1.509826
v 0.573003 0.927353 1.298590
v 0.715363 0.462467 1.542504
v 0.644183 0.865070 1.420547
v 0.696290 0.694910 1.509826
v 0.363787 -1.598043 1.380032
v 0.423806 -1.133157 1.656001
v 0.393796 -1.535760 1.518017
v 0.415765 -1.365600 1.619028
v 0.363787 0.927353 1.380032
v 0.423806 0.462467 1.656001
v 0.393796 0.865070 1.518017
v 0.415765 0.694910 1.619028
v 0.139644 -1.598043 1.392838
v 0.111446 -1.133157 1.673846
v 0.125545 -1.535760 1.533342
v 0.115224 -1.365600 1.636198
v 0.139644 0.927353 1.392838
v 0.111446 0.462467 1.673846
v 0.125545 0.865070 1.533342
v 0.115224 0.694910 1.636198
v -0.077486 -1.598043 1.335753
v -0.191140 -1.133157 1.594294
v -0.134313 -1.535760 1.465023
v -0.175913 -1.365600 1.559656
v -0.077486 0.927353 1.335753
v -0.191140 0.462467 1.594294
v -0.134313 0.865070 1.465023
v -0.175913 0.694910 1.559656
v -0.266349 -1.598043 1.214365
v -0.454334 -1.133157 1.425131
v -0.360341 -1.535760 1.319748
v -0.429148 -1.365600 1.396894
v -0.266349 0.927353 1.214365
v -0.454334 0.462467 1.425131
v -0.360341 0.865070 1.319748
v -0.429148 0.694910 1.396894
v -0.408457 -1.598043 1.040556
v -0.652371 -1.133157 1.182916
v -0.530414 -1.535760 1.111736
v -0.619693 -1.365600 1.163844
v -0.408457 0.927353 1.040556
v -0.652371 0.462467 1.182916
v -0.530414 0.865070 1.111736
v -0.619693 0.694910 1.163844
v -0.489900 -1.598043 0.831341
v -0.765868 -1.133157 0.891359
v -0.627884 -1.535760 0.861350
v -0.728895 -1.365600 0.883318
v -0.489900 0.927353 0.831341
v -0.765868 0.462467 0.891359
v -0.627884 0.865070 0.861350
v -0.728895 0.694910 0.883318
v -0.502705 -1.598043 0.607197
v -0.783714 -1.133157 0.579000
v -0.643209 -1.535760 0.593099
v -0.746065 -1.365600 0.582777
v -0.502705 0.927353 0.607197
v -0.783714 0.462467 0.579000
v -0.643209 0.865070 0.593099
v -0.746065 0.694910 0.582777
v -0.445620 -1.598043 0.390067
v -0.704161 -1.133157 0.276414
v -0.574891 -1.535760 0.333240
v -0.669523 -1.365600 0.291640
v -0.445620 0.927353 0.390067
v -0.704161 0.462467 0.276414
v -0.574891 0.865070 0.333240
v -0.669523 0.694910 0.291640
v -0.324232 -1.598043 0.201205
v -0.534998 -1.133157 0.013220
v -0.429615 -1.535760 0.107212
v -0.506761 -1.365600 0.038405
v -0.324232 0.927353 0.201205
v -0.534998 0.462467 0.013220
v -0.429615 0.865070 0.107212
v -0.506761 0.694910 0.038405
v -0.150423 -1.598043 0.059097
v -0.292783 -1.133157 -0.184818
v -0.221603 -1.535760 -0.062861
v -0.273711 -1.365600 -0.152139
v -0.150423 0.927353 0.059097
v -0.292783 0.462467 -0.184818
v -0.221603 0.865070 -0.062861
v -0.273711 0.694910 -0.152139
v -1.944332 0.242932 0.118884
v -0.203531 0.242932 -1.404260
v -0.203531 2.333174 0.118884
v -1.073931 0.242932 2.209126
v 0.748883 0.242932 -1.404260
v -1.944332 0.242932 -0.642688
v 1.701298 0.242932 -0.642688
v -1.944332 0.242932 1.164005
v -1.944332 -0.802189 0.118884
v 0.748883 2.333174 0.118884
v -1.073931 -1.847310 0.118884
v 1.701298 1.288053 0.118884
v -1.944332 1.288053 0.118884
v -1.073931 0.242932 -1.404260
v -1.073931 2.333174 0.118884
v -0.203531 -1.847310 -0.642688
v -0.203531 2.333174 -0.642688
v -0.203531 -0.802189 -1.404260
v -0.203531 2.333174 1.164005
v -0.203531 1.288053 2.209126
v -0.203531 1.288053 -1.404260
v 0.901123 1.452397 -0.985767
v 0.901123 0.627656 -0.985767
v 0.901123 1.040026 -0.005821
v 1.881069 1.040026 -0.985767
v 0.901123 1.040026 -1.965713
v -0.078822 1.040026 -0.985767
v 0.748883 0.242932 1.164005
v 0.748883 -0.802189 0.118884
v -0.203531 -0.802189 1.164005
v -1.073931 1.288053 -1.404260
v 0.748883 1.288053 2.209126
v -1.073931 -1.847310 1.164005
v 0.748883 2.333174 1.164005
v -1.073931 -0.802189 -1.404260
v 0.748883 2.333174 -0.642688
v -1.073931 -1.847310 -0.642688
v -1.944332 1.288053 1.164005
v 1.701298 1.288053 -0.642688
v 0.748883 -1.847310 -0.642688
v -1.073931 2.333174 -0.642688
v 1.701298 -0.802189 -0.642688
v -1.944332 -0.802189 1.164005
v -1.944332 -0.802189 -0.642688
v 0.748883 -0.802189 -1.404260
v -1.073931 -0.802189 2.209126
v -1.073931 2.333174 1.164005
v -1.073931 1.288053 2.209126
v 1.701298 1.288053 1.164005
v 0.748883 1.288053 -1.404260
v -1.944332 1.288053 -0.642688
v 0.549985 0.234898 0.346261
v 0.549985 -0.910825 0.346261
v 0.549985 -0.337964 0.919122
v 1.122847 -0.337964 0.346261
v 0.549985 -0.337964 -0.226601
v -0.022877 -0.337964 0.346261
v 0.805669 -1.389713 -0.289691
v 0.805669 -1.884109 -0.289691
v 0.805669 -1.636911 0.477001
v 1.411612 -1.636911 -0.289691
v 0.805669 -1.636911 -1.056384
v 0.199726 -1.636911 -0.289691
v 1.211885 1.163938 -0.731246
v 1.211885 -0.369448 -0.731246
v 1.211885 0.397245 0.035447
v 1.567435 0.397245 -0.731246
v 1.211885 0.397245 -1.497938
v 0.856335 0.397245 -0.731246
v -0.199884 1.086712 -0.202597
v -0.199884 -0.002029 -0.202597
v -0.199884 0.542341 0.341773
v 0.344486 0.542341 -0.202597
v -0.199884 0.542341 -0.746968
v -0.744255 0.542341 -0.202597
v -0.754030 2.344788 -0.794624
v -0.754030 1.207770 -0.794624
v -0.754030 1.776279 -0.226115
v -0.185521 1.776279 -0.794624
v -0.754030 1.776279 -1.363133
v -1.322539 1.776279 -0.794624
v -0.753865 1.464796 -0.740976
v -0.753865 0.849419 -0.740976
v -0.753865 1.157108 0.046454
v 0.033564 1.157108 -0.740976
v -0.753865 1.157108 -1.528405
v -1.541295 1.157108 -0.740976
v -0.997411 -0.474388 -0.794624
v -0.997411 -2.007773 -0.794624
v -0.997411 -1.241081 -0.027931
v -0.230719 -1.241081 -0.794624
v -0.997411 -1.241081 -1.561317
v -1.764104 -1.241081 -0.794624
v -1.126474 0.070014 -0.950413
v -1.126474 -0.827758 -0.950413
v -1.126474 -0.378872 -0.501527
v -0.677588 -0.378872 -0.950413
v -1.126474 -0.378872 -1.399299
v -1.575360 -0.378872 -0.950413
v -0.587033 0.589690 -0.289691
v -0.587033 -0.718971 -0.289691
v -0.587033 -0.064641 0.364639
v 0.067298 -0.064641 -0.289691
v -0.587033 -0.064641 -0.944022
v -1.241363 -0.064641 -0.289691
v 1.157528 -0.009600 -0.794624
v 1.157528 -1.542986 -0.794624
v 1.157528 -0.776293 -0.027931
v 1.924220 -0.776293 -0.794624
v 1.157528 -0.776293 -1.561317
v 0.390835 -0.776293 -0.794624
v 1.014402 0.367042 0.177320
v 1.014402 -0.949685 0.177320
v 1.014402 -0.291322 0.582616
v 1.826760 -0.291322 0.177320
v 1.014402 -0.291322 -0.227976
v 0.202044 -0.291322 0.177320
v -0.487912 1.188216 -0.289691
v -0.487912 0.393345 -0.289691
v -0.487912 0.790781 0.107744
v -0.090476 0.790781 -0.289691
v -0.487912 0.790781 -0.687127
v -0.885347 0.790781 -0.289691
v -2.061646 -0.306661 1.374768
v -2.061646 -1.369273 1.374768
v -2.061646 -0.837967 2.260905
v -1.827251 -0.837967 1.374768
v -2.061646 -0.837967 0.488632
v -2.296040 -0.837967 1.374768
v -1.018317 0.470940 -1.411347
v -1.018317 -0.363397 -1.411347
v -1.018317 0.053771 -0.994179
v -0.037664 0.053771 -1.411347
v -1.018317 0.053771 -1.828516
v -1.998970 0.053771 -1.411347
v -1.092851 2.452703 0.149053
v -1.092851 0.853185 0.149053
v -1.092851 1.652944 0.948812
v -0.293092 1.652944 0.149053
v -1.092851 1.652944 -0.650706
v -1.892609 1.652944 0.149053
v -1.486630 -0.426169 -0.289691
v -1.486630 -2.138356 -0.289691
v -1.486630 -1.282263 0.566403
v -0.630536 -1.282263 -0.289691
v -1.486630 -1.282263 -1.145785
v -2.342724 -1.282263 -0.289691
v 0.237663 0.195841 -0.165380
v 0.237663 -0.778484 -0.165380
v 0.237663 -0.291322 0.321783
v 0.724825 -0.291322 -0.165380
v 0.237663 -0.291322 -0.652542
v -0.249499 -0.291322 -0.165380
v -0.434643 0.160030 0.835024
v -0.434643 -1.089709 0.835024
v -0.434643 -0.464840 1.459893
v 0.190227 -0.464840 0.835024
v -0.434643 -0.464840 0.210154
v -1.059512 -0.464840 0.835024
v -0.678657 0.609532 1.494030
v -0.678657 -0.318939 1.494030
v -0.678657 0.145297 1.958266
v -0.214421 0.145297 1.494030
v -0.678657 0.145297 1.029795
v -1.142892 0.145297 1.494030
v 0.007230 1.885826 1.494030
v 0.007230 0.287261 1.494030
v 0.007230 1.086543 2.293313
v 0.806513 1.086543 1.494030
v 0.007230 1.086543 0.694748
v -0.792052 1.086543 1.494030
v 0.607594 2.632890 -0.740976
v 0.607594 0.672998 -0.740976
v 0.607594 1.652944 0.238970
v 1.587540 1.652944 -0.740976
v 0.607594 1.652944 -1.720921
v -0.372352 1.652944 -0.740976
v 1.849127 -1.347112 -1.228298
v 1.849127 -1.797094 -1.228298
v 1.849127 -1.572103 -1.003307
v 2.074118 -1.572103 -1.228298
v 1.849127 -1.572103 -1.453289
v 1.624135 -1.572103 -1.228298
v 0.604362 -1.154935 -1.411347
v 0.604362 -1.989272 -1.411347
v 0.604362 -1.572103 -0.994179
v 1.585014 -1.572103 -1.411347
v 0.604362 -1.572103 -1.828516
v -0.376291 -1.572103 -1.411347
v 1.794933 -1.305795 1.083300
v 1.794933 -1.838411 1.083300
v 1.794933 -1.572103 1.349608
v 2.061241 -1.572103 1.083300
v 1.794933 -1.572103 0.816992
v 1.528625 -1.572103 1.083300
v -1.395186 2.245871 -1.194498
v -1.395186 1.045926 -1.194498
v -1.395186 1.645898 -0.594526
v -0.795214 1.645898 -1.194498
v -1.395186 1.645898 -1.794471
v -1.995158 1.645898 -1.194498
v -0.223218 -0.203613 -0.289691
v -0.223218 -1.736998 -0.289691
v -0.223218 -0.970305 0.477001
v 0.543475 -0.970305 -0.289691
v -0.223218 -0.970305 -1.056384
v -0.989910 -0.970305 -0.289691
v 1.794933 -1.154935 -0.104165
v 1.794933 -1.989272 -0.104165
v 1.794933 -1.572103 0.313003
v 2.212102 -1.572103 -0.104165
v 1.794933 -1.572103 -0.521333
v 1.377765 -1.572103 -0.104165
v 1.854438 0.558686 -0.042270
v 1.854438 -1.141329 -0.042270
v 1.854438 -0.291322 0.807738
v 2.301033 -0.291322 -0.042270
v 1.854438 -0.291322 -0.892277
v 1.407843 -0.291322 -0.042270
v 1.451026 2.465383 0.420831
v 1.451026 1.466041 0.420831
v 1.451026 1.965712 0.920502
v 1.950696 1.965712 0.420831
v 1.451026 1.965712 -0.078840
v 0.951355 1.965712 0.420831
v 0.848357 2.209264 1.993466
v 0.848357 0.198467 1.993466
v 0.848357 1.203866 2.998865
v 1.853756 1.203866 1.993466
v 0.848357 1.203866 0.988068
v -0.157041 1.203866 1.993466
v -1.389876 2.260718 1.494030
v -1.389876 0.249921 1.494030
v -1.389876 1.255319 2.499429
v -0.384478 1.255319 1.494030
v -1.389876 1.255319 0.488632
v -2.395275 1.255319 1.494030
v -0.971896 0.151119 1.494030
v -0.971896 -1.859678 1.494030
v -0.971896 -0.854280 2.499429
v 0.033502 -0.854280 1.494030
v -0.971896 -0.854280 0.488632
v -1.977295 -0.854280 1.494030
v -1.075700 0.264819 -0.289691
v -1.075700 -1.043842 -0.289691
v -1.075700 -0.389512 0.364639
v -0.421370 -0.389512 -0.289691
v -1.075700 -0.389512 -0.944022
v -1.730031 -0.389512 -0.289691
v -1.725031 -1.043842 0.359639
v -1.725031 -1.038842 0.364639
v -1.730031 -1.038842 0.359639
v -1.725031 -1.043174 0.362136
v -1.727528 -1.043174 0.359639
v -1.727422 -1.042525 0.362030
v -1.727528 -1.038842 0.363971
v -1.725031 -1.041339 0.363971
v -1.727422 -1.041233 0.363322
v -1.729363 -1.041339 0.359639
v -1.729363 -1.038842 0.362136
v -1.728714 -1.041233 0.362030
v -1.730031 0.259819 0.359639
v -1.725031 0.259819 0.364639
v -1.725031 0.264819 0.359639
v -1.729363 0.259819 0.362136
v -1.729363 0.262315 0.359639
v -1.728714 0.262210 0.362030
v -1.725031 0.262315 0.363971
v -1.727528 0.259819 0.363971
v -1.727422 0.262210 0.363322
v -1.727528 0.264151 0.359639
v -1.725031 0.264151 0.362136
v -1.727422 0.263502 0.362030
v -1.730031 -1.038842 -0.939022
v -1.725031 -1.038842 -0.944022
v -1.725031 -1.043842 -0.939022
v -1.729363 -1.038842 -0.941518
v -1.729363 -1.041339 -0.939022
v -1.728714 -1.041233 -0.941413
v -1.725031 -1.041339 -0.943354
v -1.727528 -1.038842 -0.943354
v -1.727422 -1.041233 -0.942705
v -1.727528 -1.043174 -0.939022
v -1.725031 -1.043174 -0.941518
v -1.727422 -1.042525 -0.941413
v -1.725031 0.264819 -0.939022
v -1.725031 0.259819 -0.944022
v -1.730031 0.259819 -0.939022
v -1.725031 0.264151 -0.941518
v -1.727528 0.264151 -0.939022
v -1.727422 0.263502 -0.941413
v -1.727528 0.259819 -0.943354
v -1.725031 0.262315 -0.943354
v -1.727422 0.262210 -0.942705
v -1.729363 0.262315 -0.939022
v -1.729363 0.259819 -0.941518
v -1.728714 0.262210 -0.941413
v -0.421370 -1.038842 0.359639
v -0.426370 -1.038842 0.364639
v -0.426370 -1.043842 0.359639
v -0.422038 -1.038842 0.362136
v -0.422038 -1.041339 0.359639
v -0.422687 -1.041233 0.362030
v -0.426370 -1.041339 0.363971
v -0.423873 -1.038842 0.363971
v -0.423979 -1.041233 0.363322
v -0.423873 -1.043174 0.359639
v -0.426370 -1.043174 0.362136
v -0.423979 -1.042525 0.362030
v -0.426370 0.264819 0.359639
v -0.426370 0.259819 0.364639
v -0.421370 0.259819 0.359639
v -0.426370 0.264151 0.362136
v -0.423873 0.264151 0.359639
v -0.423979 0.263502 0.362030
v -0.423873 0.259819 0.363971
v -0.426370 0.262315 0.363971
v -0.423979 0.262210 0.363322
v -0.422038 0.262315 0.359639
v -0.422038 0.259819 0.362136
v -0.422687 0.262210 0.362030
v -0.426370 -1.038842 -0.944022
v -0.421370 -1.038842 -0.939022
v -0.426370 -1.043842 -0.939022
v -0.423873 -1.038842 -0.943354
v -0.426370 -1.041339 -0.943354
v -0.423979 -1.041233 -0.942705
v -0.422038 -1.041339 -0.939022
v -0.422038 -1.038842 -0.941518
v -0.422687 -1.041233 -0.941413
v -0.426370 -1.043174 -0.941518
v -0.423873 -1.043174 -0.939022
v -0.423979 -1.042525 -0.941413
v -0.426370 0.264819 -0.939022
v -0.421370 0.259819 -0.939022
v -0.426370 0.259819 -0.944022
v -0.423873 0.264151 -0.939022
v -0.426370 0.264151 -0.941518
v -0.423979 0.263502 -0.941413
v -0.422038 0.259819 -0.941518
v -0.422038 0.262315 -0.939022
v -0.422687 0.262210 -0.941413
v -0.426370 0.262315 -0.943354
v -0.423873 0.259819 -0.943354
v -0.423979 0.262210 -0.942705
v -1.972295 -1.859678 2.494429
v -1.972295 -1.854678 2.499429
v -1.977295 -1.854678 2.494429
v -1.972295 -1.859011 2.496926
v -1.974791 -1.859011 2.494429
v -1.974686 -1.858362 2.496820
v -1.974791 -1.854678 2.498761
v -1.972295 -1.857175 2.498761
v -1.974686 -1.857070 2.498112
v -1.976627 -1.857175 2.494429
v -1.976627 -1.854678 2.496926
v -1.975978 -1.857070 2.496820
v -1.977295 0.146119 2.494429
v -1.972295 0.146119 2.499429
v -1.972295 0.151119 2.494429
v -1.976627 0.146119 2.496926
v -1.976627 0.148616 2.494429
v -1.975978 0.148510 2.496820
v -1.972295 0.148616 2.498761
v -1.974791 0.146119 2.498761
v -1.974686 0.148510 2.498112
v -1.974791 0.150451 2.494429
v -1.972295 0.150451 2.496926
v -1.974686 0.149802 2.496820
v -1.977295 -1.854678 0.493632
v -1.972295 -1.854678 0.488632
v -1.972295 -1.859678 0.493632
v -1.976627 -1.854678 0.491135
v -1.976627 -1.857175 0.493632
v -1.975978 -1.857070 0.491241
v -1.972295 -1.857175 0.489300
v -1.974791 -1.854678 0.489300
v -1.974686 -1.857070 0.489948
v -1.974791 -1.859011 0.493632
v -1.972295 -1.859011 0.491135
v -1.974686 -1.858362 0.491241
v -1.972295 0.151119 0.493632
v -1.972295 0.146119 0.488632
v -1.977295 0.146119 0.493632
v -1.972295 0.150451 0.491135
v -1.974791 0.150451 0.493632
v -1.974686 0.149802 0.491241
v -1.974791 0.146119 0.489300
v -1.972295 0.148616 0.489300
v -1.974686 0.148510 0.489948
v -1.976627 0.148616 0.493632
v -1.976627 0.146119 0.491135
v -1.975978 0.148510 0.491241
v 0.033502 -1.854678 2.494429
v 0.028502 -1.854678 2.499429
v 0.028502 -1.859678 2.494429
v 0.032834 -1.854678 2.496926
v 0.032834 -1.857175 2.494429
v 0.032185 -1.857070 2.496820
v 0.028502 -1.857175 2.498761
v 0.030999 -1.854678 2.498761
v 0.030893 -1.857070 2.498112
v 0.030999 -1.859011 2.494429
v 0.028502 -1.859011 2.496926
v 0.030893 -1.858362 2.496820
v 0.028502 0.151119 2.494429
v 0.028502 0.146119 2.499429
v 0.033502 0.146119 2.494429
v 0.028502 0.150451 2.496926
v 0.030999 0.150451 2.494429
v 0.030893 0.149802 2.496820
v 0.030999 0.146119 2.498761
v 0.028502 0.148616 2.498761
v 0.030893 0.148510 2.498112
v 0.032834 0.148616 2.494429
v 0.032834 0.146119 2.496926
v 0.032185 0.148510 2.496820
v 0.028502 -1.854678 0.488632
v 0.033502 -1.854678 0.493632
v 0.028502 -1.859678 0.493632
v 0.030999 -1.854678 0.489300
v 0.028502 -1.857175 0.489300
v 0.030893 -1.857070 0.489948
v 0.032834 -1.857175 0.493632
v 0.032834 -1.854678 0.491135
v 0.032185 -1.857070 0.491241
v 0.028502 -1.859011 0.491135
v 0.030999 -1.859011 0.493632
v 0.030893 -1.858362 0.491241
v 0.028502 0.151119 0.493632
v 0.033502 0.146119 0.493632
v 0.028502 0.146119 0.488632
v 0.030999 0.150451 0.493632
v 0.028502 0.150451 0.491135
v 0.030893 0.149802 0.491241
v 0.032834 0.146119 0.491135
v 0.032834 0.148616 0.493632
v 0.032185 0.148510 0.491241
v 0.028502 0.148616 0.489300
v 0.030999 0.146119 0.489300
v 0.030893 0.148510 0.489948
v -2.390275 0.249921 2.494429
v -2.390275 0.254921 2.499429
v -2.395275 0.254921 2.494429
v -2.390275 0.250589 2.496926
v -2.392771 0.250589 2.494429
v -2.392666 0.251238 2.496820
v -2.392771 0.254921 2.498761
v -2.390275 0.252424 2.498761
v -2.392666 0.252530 2.498112
v -2.394607 0.252424 2.494429
v -2.394607 0.254921 2.496926
v -2.393958 0.252530 2.496820
v -2.395275 2.255717 2.494429
v -2.390275 2.255717 2.499429
v -2.390275 2.260718 2.494429
v -2.394607 2.255717 2.496926
v -2.394607 2.258214 2.494429
v -2.393958 2.258109 2.496820
v -2.390275 2.258214 2.498761
v -2.392771 2.255717 2.498761
v -2.392666 2.258109 2.498112
v -2.392771 2.260050 2.494429
v -2.390275 2.260050 2.496926
v -2.392666 2.259401 2.496820
v -2.395275 0.254921 0.493632
v -2.390275 0.254921 0.488632
v -2.390275 0.249921 0.493632
v -2.394607 0.254921 0.491135
v -2.394607 0.252424 0.493632
v -2.393958 0.252530 0.491241
v -2.390275 0.252424 0.489300
v -2.392771 0.254921 0.489300
v -2.392666 0.252530 0.489948
v -2.392771 0.250589 0.493632
v -2.390275 0.250589 0.491135
v -2.392666 0.251238 0.491241
v -2.390275 2.260718 0.493632
v -2.390275 2.255717 0.488632
v -2.395275 2.255717 0.493632
v -2.390275 2.260050 0.491135
v -2.392771 2.260050 0.493632
v -2.392666 2.259401 0.491241
v -2.392771 2.255717 0.489300
v -2.390275 2.258214 0.489300
v -2.392666 2.258109 0.489948
v -2.394607 2.258214 0.493632
v -2.394607 2.255717 0.491135
v -2.393958 2.258109 0.491241
v -0.384478 0.254921 2.494429
v -0.389478 0.254921 2.499429
v -0.389478 0.249921 2.494429
v -0.385146 0.254921 2.496926
v -0.385146 0.252424 2.494429
v -0.385795 0.252530 2.496820
v -0.389478 0.252424 2.498761
v -0.386981 0.254921 2.498761
v -0.387087 0.252530 2.498112
v -0.386981 0.250589 2.494429
v -0.389478 0.250589 2.496926
v -0.387087 0.251238 2.496820
v -0.389478 2.260718 2.494429
v -0.389478 2.255717 2.499429
v -0.384478 2.255717 2.494429
v -0.389478 2.260050 2.496926
v -0.386981 2.260050 2.494429
v -0.387087 2.259401 2.496820
v -0.386981 2.255717 2.498761
v -0.389478 2.258214 2.498761
v -0.387087 2.258109 2.498112
v -0.385146 2.258214 2.494429
v -0.385146 2.255717 2.496926
v -0.385795 2.258109 2.496820
v -0.389478 0.254921 0.488632
v -0.384478 0.254921 0.493632
v -0.389478 0.249921 0.493632
v -0.386981 0.254921 0.489300
v -0.389478 0.252424 0.489300
v -0.387087 0.252530 0.489948
v -0.385146 0.252424 0.493632
v -0.385146 0.254921 0.491135
v -0.385795 0.252530 0.491241
v -0.389478 0.250589 0.491135
v -0.386981 0.250589 0.493632
v -0.387087 0.251238 0.491241
v -0.389478 2.260718 0.493632
v -0.384478 2.255717 0.493632
v -0.389478 2.255717 0.488632
v -0.386981 2.260050 0.493632
v -0.389478 2.260050 0.491135
v -0.387087 2.259401 0.491241
v -0.385146 2.255717 0.491135
v -0.385146 2.258214 0.493632
v -0.385795 2.258109 0.491241
v -0.389478 2.258214 0.489300
v -0.386981 2.255717 0.489300
v -0.387087 2.258109 0.489948
v -0.152041 0.198467 2.993865
v -0.152041 0.203467 2.998865
v -0.157041 0.203467 2.993865
v -0.152041 0.199135 2.996361
v -0.154538 0.199135 2.993865
v -0.154432 0.199784 2.996256
v -0.154538 0.203467 2.998197
v -0.152041 0.200970 2.998197
v -0.154432 0.201076 2.997548
v -0.156373 0.200970 2.993865
v -0.156373 0.203467 2.996361
v -0.155724 0.201076 2.996256
v -0.157041 2.204264 2.993865
v -0.152041 2.204264 2.998865
v -0.152041 2.209264 2.993865
v -0.156373 2.204264 2.996361
v -0.156373 2.206761 2.993865
v -0.155724 2.206656 2.996256
v -0.152041 2.206761 2.998197
v -0.154538 2.204264 2.998197
v -0.154432 2.206656 2.997548
v -0.154538 2.208596 2.993865
v -0.152041 2.208596 2.996361
v -0.154432 2.207947 2.996256
v -0.157041 0.203467 0.993068
v -0.152041 0.203467 0.988068
v -0.152041 0.198467 0.993068
v -0.156373 0.203467 0.990571
v -0.156373 0.200970 0.993068
v -0.155724 0.201076 0.990677
v -0.152041 0.200970 0.988736
v -0.154538 0.203467 0.988736
v -0.154432 0.201076 0.989385
v -0.154538 0.199135 0.993068
v -0.152041 0.199135 0.990571
v -0.154432 0.199784 0.990677
v -0.152041 2.209264 0.993068
v -0.152041 2.204264 0.988068
v -0.157041 2.204264 0.993068
v -0.152041 2.208596 0.990571
v -0.154538 2.208596 0.993068
v -0.154432 2.207947 0.990677
v -0.154538 2.204264 0.988736
v -0.152041 2.206761 0.988736
v -0.154432 2.206655 0.989385
v -0.156373 2.206761 0.993068
v -0.156373 2.204264 0.990571
v -0.155724 2.206655 0.990677
v 1.853756 0.203467 2.993865
v 1.848756 0.203467 2.998865
v 1.848756 0.198467 2.993865
v 1.853088 0.203467 2.996361
v 1.853088 0.200970 2.993865
v 1.852439 0.201076 2.996256
v 1.848755 0.200970 2.998197
v 1.851252 0.203467 2.998197
v 1.851147 0.201076 2.997548
v 1.851252 0.199135 2.993865
v 1.848755 0.199135 2.996361
v 1.851147 0.199784 2.996256
v 1.848756 2.209264 2.993865
v 1.848756 2.204264 2.998865
v 1.853756 2.204264 2.993865
v 1.848755 2.208596 2.996361
v 1.851252 2.208596 2.993865
v 1.851147 2.207947 2.996256
v 1.851252 2.204264 2.998197
v 1.848755 2.206761 2.998197
v 1.851147 2.206656 2.997548
v 1.853088 2.206761 2.993865
v 1.853088 2.204264 2.996361
v 1.852439 2.206656 2.996256
v 1.848756 0.203467 0.988068
v 1.853756 0.203467 0.993068
v 1.848756 0.198467 0.993068
v 1.851252 0.203467 0.988736
v 1.848755 0.200970 0.988736
v 1.851147 0.201076 0.989385
v 1.853088 0.200970 0.993068
v 1.853088 0.203467 0.990571
v 1.852439 0.201076 0.990677
v 1.848755 0.199135 0.990571
v 1.851252 0.199135 0.993068
v 1.851147 0.199784 0.990677
v 1.848756 2.209264 0.993068
v 1.853756 2.204264 0.993068
v 1.848756 2.204264 0.988068
v 1.851252 2.208596 0.993068
v 1.848755 2.208596 0.990571
v 1.851147 2.207947 0.990677
v 1.853088 2.204264 0.990571
v 1.853088 2.206761 0.993068
v 1.852439 2.206655 0.990677
v 1.848755 2.206761 0.988736
v 1.851252 2.204264 0.988736
v 1.851147 2.206655 0.989385
v 0.956355 1.466041 0.915502
v 0.956355 1.471041 0.920502
v 0.951355 1.471041 0.915502
v 0.956355 1.466709 0.917999
v 0.953858 1.466709 0.915502
v 0.953964 1.467358 0.917893
v 0.953858 1.471041 0.919834
v 0.956355 1.468544 0.919834
v 0.953964 1.468650 0.919185
v 0.952023 1.468544 0.915502
v 0.952023 1.471041 0.917999
v 0.952672 1.468650 0.917893
v 0.951355 2.460383 0.915502
v 0.956355 2.460383 0.920502
v 0.956355 2.465383 0.915502
v 0.952023 2.460383 0.917999
v 0.952023 2.462879 0.915502
v 0.952672 2.462774 0.917893
v 0.956355 2.462879 0.919834
v 0.953858 2.460383 0.919834
v 0.953964 2.462774 0.919185
v 0.953858 2.464714 0.915502
v 0.956355 2.464714 0.917999
v 0.953964 2.464066 0.917893
v 0.951355 1.471041 -0.073840
v 0.956355 1.471041 -0.078840
v 0.956355 1.466041 -0.073840
v 0.952023 1.471041 -0.076337
v 0.952023 1.468544 -0.073840
v 0.952672 1.468650 -0.076231
v 0.956355 1.468544 -0.078172
v 0.953858 1.471041 -0.078172
v 0.953964 1.468650 -0.077523
v 0.953858 1.466709 -0.073840
v 0.956355 1.466709 -0.076337
v 0.953964 1.467358 -0.076231
v 0.956355 2.465383 -0.073840
v 0.956355 2.460383 -0.078840
v 0.951355 2.460383 -0.073840
v 0.956355 2.464714 -0.076337
v 0.953858 2.464714 -0.073840
v 0.953964 2.464066 -0.076231
v 0.953858 2.460383 -0.078172
v 0.956355 2.462879 -0.078172
v 0.953964 2.462774 -0.077523
v 0.952023 2.462879 -0.073840
v 0.952023 2.460383 -0.076337
v 0.952672 2.462774 -0.076231
v 1.950696 1.471041 0.915502
v 1.945696 1.471041 0.920502
v 1.945696 1.466041 0.915502
v 1.950028 1.471041 0.917999
v 1.950028 1.468544 0.915502
v 1.949380 1.468650 0.917893
v 1.945696 1.468544 0.919834
v 1.948193 1.471041 0.919834
v 1.948087 1.468650 0.919185
v 1.948193 1.466709 0.915502
v 1.945696 1.466709 0.917999
v 1.948087 1.467358 0.917893
v 1.945696 2.465383 0.915502
v 1.945696 2.460383 0.920502
v 1.950696 2.460383 0.915502
v 1.945696 2.464714 0.917999
v 1.948193 2.464714 0.915502
v 1.948087 2.464066 0.917893
v 1.948193 2.460383 0.919834
v 1.945696 2.462879 0.919834
v 1.948087 2.462774 0.919185
v 1.950028 2.462879 0.915502
v 1.950028 2.460383 0.917999
v 1.949380 2.462774 0.917893
v 1.945696 1.471041 -0.078840
v 1.950696 1.471041 -0.073840
v 1.945696 1.466041 -0.073840
v 1.948193 1.471041 -0.078172
v 1.945696 1.468544 -0.078172
v 1.948087 1.468650 -0.077523
v 1.950028 1.468544 -0.073840
v 1.950028 1.471041 -0.076337
v 1.949380 1.468650 -0.076231
v 1.945696 1.466709 -0.076337
v 1.948193 1.466709 -0.073840
v 1.948087 1.467358 -0.076231
v 1.945696 2.465383 -0.073840
v 1.950696 2.460383 -0.073840
v 1.945696 2.460383 -0.078840
v 1.948193 2.464714 -0.073840
v 1.945696 2.464714 -0.076337
v 1.948087 2.464066 -0.076231
v 1.950028 2.460383 -0.076337
v 1.950028 2.462879 -0.073840
v 1.949380 2.462774 -0.076231
v 1.945696 2.462879 -0.078172
v 1.948193 2.460383 -0.078172
v 1.948087 2.462774 -0.077523
v 1.412843 -1.141329 0.802738
v 1.412843 -1.136329 0.807738
v 1.407843 -1.136329 0.802738
v 1.412843 -1.140661 0.805234
v 1.410346 -1.140661 0.802737
v 1.410452 -1.140012 0.805129
v 1.410346 -1.136329 0.807070
v 1.412843 -1.138825 0.807070
v 1.410452 -1.138720 0.806421
v 1.408511 -1.138825 0.802737
v 1.408511 -1.136329 0.805234
v 1.409160 -1.138720 0.805129
v 1.407843 0.553686 0.802738
v 1.412843 0.553686 0.807738
v 1.412843 0.558686 0.802738
v 1.408511 0.553686 0.805234
v 1.408511 0.556183 0.802737
v 1.409160 0.556077 0.805129
v 1.412843 0.556183 0.807070
v 1.410346 0.553686 0.807070
v 1.410452 0.556077 0.806421
v 1.410346 0.558018 0.802737
v 1.412843 0.558018 0.805234
v 1.410452 0.557369 0.805129
v 1.407843 -1.136329 -0.887277
v 1.412843 -1.136329 -0.892277
v 1.412843 -1.141329 -0.887277
v 1.408511 -1.136329 -0.889774
v 1.408511 -1.138825 -0.887277
v 1.409160 -1.138720 -0.889668
v 1.412843 -1.138825 -0.891609
v 1.410346 -1.136329 -0.891609
v 1.410452 -1.138720 -0.890960
v 1.410346 -1.140661 -0.887277
v 1.412843 -1.140661 -0.889774
v 1.410452 -1.140012 -0.889668
v 1.412843 0.558686 -0.887277
v 1.412843 0.553686 -0.892277
v 1.407843 0.553686 -0.887277
v 1.412843 0.558018 -0.889774
v 1.410346 0.558018 -0.887277
v 1.410452 0.557369 -0.889668
v 1.410346 0.553686 -0.891609
v 1.412843 0.556183 -0.891609
v 1.410452 0.556077 -0.890960
v 1.408511 0.556183 -0.887277
v 1.408511 0.553686 -0.889774
v 1.409160 0.556077 -0.889668
v 2.301033 -1.136329 0.802738
v 2.296033 -1.136329 0.807738
v 2.296033 -1.141329 0.802738
v 2.300365 -1.136329 0.805234
v 2.300365 -1.138825 0.802737
v 2.299716 -1.138720 0.805129
v 2.296033 -1.138825 0.807070
v 2.298529 -1.136329 0.807070
v 2.298424 -1.138720 0.806421
v 2.298529 -1.140661 0.802737
v 2.296033 -1.140661 0.805234
v 2.298424 -1.140012 0.805129
v 2.296033 0.558686 0.802738
v 2.296033 0.553686 0.807738
v 2.301033 0.553686 0.802738
v 2.296033 0.558018 0.805234
v 2.298529 0.558018 0.802737
v 2.298424 0.557369 0.805129
v 2.298529 0.553686 0.807070
v 2.296033 0.556183 0.807070
v 2.298424 0.556077 0.806421
v 2.300365 0.556183 0.802737
v 2.300365 0.553686 0.805234
v 2.299716 0.556077 0.805129
v 2.296033 -1.136329 -0.892277
v 2.301033 -1.136329 -0.887277
v 2.296033 -1.141329 -0.887277
v 2.298529 -1.136329 -0.891609
v 2.296033 -1.138825 -0.891609
v 2.298424 -1.138720 -0.890960
v 2.300365 -1.138825 -0.887277
v 2.300365 -1.136329 -0.889774
v 2.299716 -1.138720 -0.889668
v 2.296033 -1.140661 -0.889774
v 2.298529 -1.140661 -0.887277
v 2.298424 -1.140012 -0.889668
v 2.296033 0.558686 -0.887277
v 2.301033 0.553686 -0.887277
v 2.296033 0.553686 -0.892277
v 2.298529 0.558018 -0.887277
v 2.296033 0.558018 -0.889774
v 2.298424 0.557369 -0.889668
v 2.300365 0.553686 -0.889774
v 2.300365 0.556183 -0.887277
v 2.299716 0.556077 -0.889668
v 2.296033 0.556183 -0.891609
v 2.298529 0.553686 -0.891609
v 2.298424 0.556077 -0.890960
v 1.382765 -1.989272 0.308003
v 1.382765 -1.984272 0.313003
v 1.377765 -1.984272 0.308003
v 1.382765 -1.988604 0.310500
v 1.380268 -1.988604 0.308003
v 1.380374 -1.987955 0.310394
v 1.380268 -1.984272 0.312335
v 1.382765 -1.986769 0.312335
v 1.380374 -1.986663 0.311687
v 1.378433 -1.986769 0.308003
v 1.378433 -1.984272 0.310500
v 1.379081 -1.986663 0.310394
v 1.377765 -1.159935 0.308003
v 1.382765 -1.159935 0.313003
v 1.382765 -1.154935 0.308003
v 1.378433 -1.159935 0.310500
v 1.378433 -1.157438 0.308003
v 1.379081 -1.157544 0.310394
v 1.382765 -1.157438 0.312335
v 1.380268 -1.159935 0.312335
v 1.380374 -1.157544 0.311687
v 1.380268 -1.155603 0.308003
v 1.382765 -1.155603 0.310500
v 1.380374 -1.156251 0.310394
v 1.377765 -1.984272 -0.516333
v 1.382765 -1.984272 -0.521333
v 1.382765 -1.989272 -0.516333
v 1.378433 -1.984272 -0.518830
v 1.378433 -1.986769 -0.516333
v 1.379081 -1.986663 -0.518725
v 1.382765 -1.986769 -0.520666
v 1.380268 -1.984272 -0.520666
v 1.380374 -1.986663 -0.520017
v 1.380268 -1.988604 -0.516333
v 1.382765 -1.988604 -0.518830
v 1.380374 -1.987955 -0.518725
v 1.382765 -1.154935 -0.516333
v 1.382765 -1.159935 -0.521333
v 1.377765 -1.159935 -0.516333
v 1.382765 -1.155603 -0.518830
v 1.380268 -1.155603 -0.516333
v 1.380374 -1.156251 -0.518725
v 1.380268 -1.159935 -0.520666
v 1.382765 -1.157438 -0.520666
v 1.380374 -1.157544 -0.520017
v 1.378433 -1.157438 -0.516333
v 1.378433 -1.159935 -0.518830
v 1.379081 -1.157544 -0.518725
v 2.212102 -1.984272 0.308003
v 2.207101 -1.984272 0.313003
v 2.207101 -1.989272 0.308003
v 2.211434 -1.984272 0.310500
v 2.211434 -1.986769 0.308003
v 2.210785 -1.986663 0.310394
v 2.207102 -1.986769 0.312335
v 2.209598 -1.984272 0.312335
v 2.209493 -1.986663 0.311687
v 2.209598 -1.988604 0.308003
v 2.207102 -1.988604 0.310500
v 2.209493 -1.987955 0.310394
v 2.207101 -1.154935 0.308003
v 2.207101 -1.159935 0.313003
v 2.212102 -1.159935 0.308003
v 2.207102 -1.155603 0.310500
v 2.209598 -1.155603 0.308003
v 2.209493 -1.156251 0.310394
v 2.209598 -1.159935 0.312335
v 2.207102 -1.157438 0.312335
v 2.209493 -1.157544 0.311687
v 2.211434 -1.157438 0.308003
v 2.211434 -1.159935 0.310500
v 2.210785 -1.157544 0.310394
v 2.207101 -1.984272 -0.521333
v 2.212102 -1.984272 -0.516333
v 2.207101 -1.989272 -0.516333
v 2.209598 -1.984272 -0.520666
v 2.207102 -1.986769 -0.520666
v 2.209493 -1.986663 -0.520017
v 2.211434 -1.986769 -0.516333
v 2.211434 -1.984272 -0.518830
v 2.210785 -1.986663 -0.518725
v 2.207102 -1.988604 -0.518830
v 2.209598 -1.988604 -0.516333
v 2.209493 -1.987955 -0.518725
v 2.207101 -1.154935 -0.516333
v 2.212102 -1.159935 -0.516333
v 2.207101 -1.159935 -0.521333
v 2.209598 -1.155603 -0.516333
v 2.207102 -1.155603 -0.518830
v 2.209493 -1.156251 -0.518725
v 2.211434 -1.159935 -0.518830
v 2.211434 -1.157438 -0.516333
v 2.210785 -1.157544 -0.518725
v 2.207102 -1.157438 -0.520666
v 2.209598 -1.159935 -0.520666
v 2.209493 -1.157544 -0.520017
v -0.984910 -1.736998 0.472001
v -0.984910 -1.731998 0.477001
v -0.989910 -1.731998 0.472001
v -0.984910 -1.736330 0.474498
v -0.987407 -1.736330 0.472001
v -0.987301 -1.735681 0.474392
v -0.987407 -1.731998 0.476333
v -0.984910 -1.734495 0.476333
v -0.987301 -1.734389 0.475685
v -0.989242 -1.734495 0.472001
v -0.989242 -1.731998 0.474498
v -0.988593 -1.734389 0.474392
v -0.989910 -0.208613 0.472001
v -0.984910 -0.208613 0.477001
v -0.984910 -0.203613 0.472001
v -0.989242 -0.208613 0.474498
v -0.989242 -0.206116 0.472001
v -0.988593 -0.206222 0.474392
v -0.984910 -0.206116 0.476333
v -0.987407 -0.208613 0.476333
v -0.987301 -0.206222 0.475685
v -0.987407 -0.204281 0.472001
v -0.984910 -0.204281 0.474498
v -0.987301 -0.204930 0.474392
v -0.989910 -1.731998 -1.051384
v -0.984910 -1.731998 -1.056384
v -0.984910 -1.736998 -1.051384
v -0.989242 -1.731998 -1.053881
v -0.989242 -1.734495 -1.051384
v -0.988593 -1.734389 -1.053775
v -0.984910 -1.734495 -1.055716
v -0.987407 -1.731998 -1.055716
v -0.987301 -1.734389 -1.055067
v -0.987407 -1.736330 -1.051384
v -0.984910 -1.736330 -1.053881
v -0.987301 -1.735681 -1.053775
v -0.984910 -0.203613 -1.051384
v -0.984910 -0.208613 -1.056384
v -0.989910 -0.208613 -1.051384
v -0.984910 -0.204281 -1.053881
v -0.987407 -0.204281 -1.051384
v -0.987301 -0.204930 -1.053775
v -0.987407 -0.208613 -1.055716
v -0.984910 -0.206116 -1.055716
v -0.987301 -0.206222 -1.055067
v -0.989242 -0.206116 -1.051384
v -0.989242 -0.208613 -1.053881
v -0.988593 -0.206222 -1.053775
v 0.543475 -1.731998 0.472001
v 0.538475 -1.731998 0.477001
v 0.538475 -1.736998 0.472001
v 0.542806 -1.731998 0.474498
v 0.542806 -1.734495 0.472001
v 0.542158 -1.734389 0.474392
v 0.538474 -1.734495 0.476333
v 0.540971 -1.731998 0.476333
v 0.540865 -1.734389 0.475685
v 0.540971 -1.736330 0.472001
v 0.538474 -1.736330 0.474498
v 0.540865 -1.735681 0.474392
v 0.538475 -0.203613 0.472001
v 0.538475 -0.208613 0.477001
v 0.543475 -0.208613 0.472001
v 0.538474 -0.204281 0.474498
v 0.540971 -0.204281 0.472001
v 0.540865 -0.204930 0.474392
v 0.540971 -0.208613 0.476333
v 0.538474 -0.206116 0.476333
v 0.540865 -0.206222 0.475685
v 0.542806 -0.206116 0.472001
v 0.542806 -0.208613 0.474498
v 0.542158 -0.206222 0.474392
v 0.538475 -1.731998 -1.056384
v 0.543475 -1.731998 -1.051384
v 0.538475 -1.736998 -1.051384
v 0.540971 -1.731998 -1.055716
v 0.538474 -1.734495 -1.055716
v 0.540865 -1.734389 -1.055067
v 0.542806 -1.734495 -1.051384
v 0.542806 -1.731998 -1.053881
v 0.542158 -1.734389 -1.053775
v 0.538474 -1.736330 -1.053881
v 0.540971 -1.736330 -1.051384
v 0.540865 -1.735681 -1.053775
v 0.538475 -0.203613 -1.051384
v 0.543475 -0.208613 -1.051384
v 0.538475 -0.208613 -1.056384
v 0.540971 -0.204281 -1.051384
v 0.538474 -0.204281 -1.053881
v 0.540865 -0.204930 -1.053775
v 0.542806 -0.208613 -1.053881
v 0.542806 -0.206116 -1.051384
v 0.542158 -0.206222 -1.053775
v 0.538474 -0.206116 -1.055716
v 0.540971 -0.208613 -1.055716
v 0.540865 -0.206222 -1.055067
v -1.990158 1.045926 -0.599526
v -1.990158 1.050926 -0.594526
v -1.995158 1.050926 -0.599526
v -1.990158 1.046594 -0.597029
v -1.992654 1.046594 -0.599526
v -1.992549 1.047243 -0.597135
v -1.992654 1.050926 -0.595194
v -1.990158 1.048430 -0.595194
v -1.992549 1.048535 -0.595843
v -1.994490 1.048430 -0.599526
v -1.994490 1.050926 -0.597029
v -1.993841 1.048535 -0.597135
v -1.995158 2.240871 -0.599526
v -1.990158 2.240871 -0.594526
v -1.990158 2.245871 -0.599526
v -1.994490 2.240871 -0.597029
v -1.994490 2.243367 -0.599526
v -1.993841 2.243262 -0.597135
v -1.990158 2.243367 -0.595194
v -1.992654 2.240871 -0.595194
v -1.992549 2.243262 -0.595843
v -1.992654 2.245202 -0.599526
v -1.990158 2.245202 -0.597029
v -1.992549 2.244554 -0.597135
v -1.995158 1.050926 -1.789470
v -1.990158 1.050926 -1.794471
v -1.990158 1.045926 -1.789470
v -1.994490 1.050926 -1.791967
v -1.994490 1.048429 -1.789470
v -1.993841 1.048535 -1.791862
v -1.990158 1.048429 -1.793803
v -1.992654 1.050926 -1.793803
v -1.992549 1.048535 -1.793154
v -1.992654 1.046594 -1.789470
v -1.990158 1.046594 -1.791967
v -1.992549 1.047243 -1.791862
v -1.990158 2.245871 -1.789470
v -1.990158 2.240871 -1.794471
v -1.995158 2.240871 -1.789470
v -1.990158 2.245202 -1.791967
v -1.992654 2.245202 -1.789470
v -1.992549 2.244554 -1.791862
v -1.992654 2.240871 -1.793803
v -1.990158 2.243367 -1.793803
v -1.992549 2.243262 -1.793154
v -1.994490 2.243367 -1.789470
v -1.994490 2.240871 -1.791967
v -1.993841 2.243262 -1.791862
v -0.795214 1.050926 -0.599526
v -0.800214 1.050926 -0.594526
v -0.800214 1.045926 -0.599526
v -0.795882 1.050926 -0.597029
v -0.795882 1.048429 -0.599526
v -0.796531 1.048535 -0.597135
v -0.800214 1.048429 -0.595194
v -0.797717 1.050926 -0.595194
v -0.797823 1.048535 -0.595843
v -0.797717 1.046594 -0.599526
v -0.800214 1.046594 -0.597029
v -0.797823 1.047243 -0.597135
v -0.800214 2.245871 -0.599526
v -0.800214 2.240871 -0.594526
v -0.795214 2.240871 -0.599526
v -0.800214 2.245202 -0.597029
v -0.797717 2.245202 -0.599526
v -0.797823 2.244554 -0.597135
v -0.797717 2.240871 -0.595194
v -0.800214 2.243367 -0.595194
v -0.797823 2.243262 -0.595843
v -0.795882 2.243367 -0.599526
v -0.795882 2.240871 -0.597029
v -0.796531 2.243262 -0.597135
v -0.800214 1.050926 -1.794471
v -0.795214 1.050926 -1.789470
v -0.800214 1.045926 -1.789470
v -0.797717 1.050926 -1.793803
v -0.800214 1.048429 -1.793803
v -0.797823 1.048535 -1.793154
v -0.795882 1.048429 -1.789470
v -0.795882 1.050926 -1.791967
v -0.796531 1.048535 -1.791862
v -0.800214 1.046594 -1.791967
v -0.797717 1.046594 -1.789470
v -0.797823 1.047243 -1.791862
v -0.800214 2.245871 -1.789470
v -0.795214 2.240871 -1.789470
v -0.800214 2.240871 -1.794471
v -0.797717 2.245202 -1.789471
v -0.800214 2.245202 -1.791967
v -0.797823 2.244554 -1.791862
v -0.795882 2.240871 -1.791967
v -0.795882 2.243367 -1.789471
v -0.796531 2.243262 -1.791862
v -0.800214 2.243367 -1.793803
v -0.797717 2.240871 -1.793803
v -0.797823 2.243262 -1.793154
v 1.533625 -1.838411 1.344608
v 1.533625 -1.833411 1.349608
v 1.528625 -1.833411 1.344608
v 1.533625 -1.837743 1.347105
v 1.531129 -1.837743 1.344608
v 1.531234 -1.837094 1.346999
v 1.531129 -1.833411 1.348940
v 1.533625 -1.835908 1.348940
v 1.531234 -1.835802 1.348291
v 1.529293 -1.835908 1.344608
v 1.529293 -1.833411 1.347105
v 1.529942 -1.835802 1.346999
v 1.528625 -1.310795 1.344608
v 1.533625 -1.310795 1.349608
v 1.533625 -1.305795 1.344608
v 1.529293 -1.310795 1.347105
v 1.529293 -1.308298 1.344608
v 1.529942 -1.308404 1.346999
v 1.533625 -1.308298 1.348940
v 1.531129 -1.310795 1.348940
v 1.531234 -1.308404 1.348291
v 1.531129 -1.306463 1.344608
v 1.533625 -1.306463 1.347105
v 1.531234 -1.307112 1.346999
v 1.528625 -1.833411 0.821992
v 1.533625 -1.833411 0.816992
v 1.533625 -1.838411 0.821992
v 1.529293 -1.833412 0.819495
v 1.529293 -1.835908 0.821992
v 1.529942 -1.835803 0.819601
v 1.533625 -1.835908 0.817660
v 1.531129 -1.833412 0.817660
v 1.531234 -1.835803 0.818309
v 1.531129 -1.837744 0.821992
v 1.533625 -1.837744 0.819495
v 1.531234 -1.837095 0.819601
v 1.533625 -1.305795 0.821992
v 1.533625 -1.310795 0.816992
v 1.528625 -1.310795 0.821992
v 1.533625 -1.306463 0.819495
v 1.531129 -1.306463 0.821992
v 1.531234 -1.307112 0.819601
v 1.531129 -1.310795 0.817660
v 1.533625 -1.308298 0.817660
v 1.531234 -1.308404 0.818309
v 1.529293 -1.308298 0.821992
v 1.529293 -1.310795 0.819495
v 1.529942 -1.308404 0.819601
v 2.061241 -1.833411 1.344608
v 2.056241 -1.833411 1.349608
v 2.056241 -1.838411 1.344608
v 2.060573 -1.833412 1.347105
v 2.060573 -1.835908 1.344608
v 2.059924 -1.835803 1.346999
v 2.056241 -1.835908 1.348940
v 2.058738 -1.833412 1.348940
v 2.058632 -1.835803 1.348291
v 2.058738 -1.837744 1.344608
v 2.056241 -1.837744 1.347105
v 2.058632 -1.837095 1.346999
v 2.056241 -1.305795 1.344608
v 2.056241 -1.310795 1.349608
v 2.061241 -1.310795 1.344608
v 2.056241 -1.306463 1.347105
v 2.058738 -1.306463 1.344608
v 2.058632 -1.307112 1.346999
v 2.058738 -1.310795 1.348940
v 2.056241 -1.308298 1.348940
v 2.058632 -1.308404 1.348291
v 2.060573 -1.308298 1.344608
v 2.060573 -1.310795 1.347105
v 2.059924 -1.308404 1.346999
v 2.056241 -1.833411 0.816992
v 2.061241 -1.833411 0.821992
v 2.056241 -1.838411 0.821992
v 2.058738 -1.833412 0.817660
v 2.056241 -1.835908 0.817660
v 2.058632 -1.835803 0.818309
v 2.060573 -1.835908 0.821992
v 2.060573 -1.833412 0.819495
v 2.059924 -1.835803 0.819601
v 2.056241 -1.837744 0.819495
v 2.058738 -1.837744 0.821992
v 2.058632 -1.837095 0.819601
v 2.056241 -1.305795 0.821992
v 2.061241 -1.310795 0.821992
v 2.056241 -1.310795 0.816992
v 2.058738 -1.306463 0.821992
v 2.056241 -1.306463 0.819495
v 2.058632 -1.307112 0.819601
v 2.060573 -1.310795 0.819495
v 2.060573 -1.308298 0.821992
v 2.059924 -1.308404 0.819601
v 2.056241 -1.308298 0.817660
v 2.058738 -1.310795 0.817660
v 2.058632 -1.308404 0.818309
v -0.371291 -1.989272 -0.999179
v -0.371291 -1.984272 -0.994179
v -0.376291 -1.984272 -0.999179
v -0.371291 -1.988604 -0.996682
v -0.373788 -1.988604 -0.999179
v -0.373682 -1.987955 -0.996788
v -0.373788 -1.984272 -0.994847
v -0.371291 -1.986769 -0.994847
v -0.373682 -1.986663 -0.995496
v -0.375623 -1.986769 -0.999179
v -0.375623 -1.984272 -0.996682
v -0.374974 -1.986663 -0.996788
v -0.376291 -1.159935 -0.999179
v -0.371291 -1.159935 -0.994179
v -0.371291 -1.154935 -0.999179
v -0.375623 -1.159935 -0.996682
v -0.375623 -1.157438 -0.999179
v -0.374974 -1.157544 -0.996788
v -0.371291 -1.157438 -0.994847
v -0.373788 -1.159935 -0.994847
v -0.373682 -1.157544 -0.995496
v -0.373788 -1.155603 -0.999179
v -0.371291 -1.155603 -0.996682
v -0.373682 -1.156251 -0.996788
v -0.376291 -1.984272 -1.823516
v -0.371291 -1.984272 -1.828516
v -0.371291 -1.989272 -1.823516
v -0.375623 -1.984272 -1.826013
v -0.375623 -1.986769 -1.823516
v -0.374974 -1.986663 -1.825907
v -0.371291 -1.986769 -1.827848
v -0.373788 -1.984272 -1.827848
v -0.373682 -1.986663 -1.827199
v -0.373788 -1.988604 -1.823516
v -0.371291 -1.988604 -1.826013
v -0.373682 -1.987955 -1.825907
v -0.371291 -1.154935 -1.823516
v -0.371291 -1.159935 -1.828516
v -0.376291 -1.159935 -1.823516
v -0.371291 -1.155603 -1.826013
v -0.373788 -1.155603 -1.823516
v -0.373682 -1.156251 -1.825907
v -0.373788 -1.159935 -1.827848
v -0.371291 -1.157438 -1.827848
v -0.373682 -1.157544 -1.827199
v -0.375623 -1.157438 -1.823516
v -0.375623 -1.159935 -1.826013
v -0.374974 -1.157544 -1.825907
v 1.585014 -1.984272 -0.999179
v 1.580014 -1.984272 -0.994179
v 1.580014 -1.989272 -0.999179
v 1.584346 -1.984272 -0.996682
v 1.584346 -1.986769 -0.999179
v 1.583697 -1.986663 -0.996788
v 1.580014 -1.986769 -0.994847
v 1.582511 -1.984272 -0.994847
v 1.582405 -1.986663 -0.995496
v 1.582511 -1.988604 -0.999179
v 1.580014 -1.988604 -0.996682
v 1.582405 -1.987955 -0.996788
v 1.580014 -1.154935 -0.999179
v 1.580014 -1.159935 -0.994179
v 1.585014 -1.159935 -0.999179
v 1.580014 -1.155603 -0.996682
v 1.582511 -1.155603 -0.999179
v 1.582405 -1.156251 -0.996788
v 1.582511 -1.159935 -0.994847
v 1.580014 -1.157438 -0.994847
v 1.582405 -1.157544 -0.995496
v 1.584346 -1.157438 -0.999179
v 1.584346 -1.159935 -0.996682
v 1.583697 -1.157544 -0.996788
v 1.580014 -1.984272 -1.828516
v 1.585014 -1.984272 -1.823516
v 1.580014 -1.989272 -1.823516
v 1.582511 -1.984272 -1.827848
v 1.580014 -1.986769 -1.827848
v 1.582405 -1.986663 -1.827199
v 1.584346 -1.986769 -1.823516
v 1.584346 -1.984272 -1.826013
v 1.583697 -1.986663 -1.825907
v 1.580014 -1.988604 -1.826013
v 1.582511 -1.988604 -1.823516
v 1.582405 -1.987955 -1.825907
v 1.580014 -1.154935 -1.823516
v 1.585014 -1.159935 -1.823516
v 1.580014 -1.159935 -1.828516
v 1.582511 -1.155603 -1.823516
v 1.580014 -1.155603 -1.826013
v 1.582405 -1.156251 -1.825907
v 1.584346 -1.159935 -1.826013
v 1.584346 -1.157438 -1.823516
v 1.583697 -1.157544 -1.825907
v 1.580014 -1.157438 -1.827848
v 1.582511 -1.159935 -1.827848
v 1.582405 -1.157544 -1.827199
v 1.629135 -1.797094 -1.008307
v 1.629135 -1.792094 -1.003307
v 1.624135 -1.792094 -1.008307
v 1.629135 -1.796426 -1.005810
v 1.626639 -1.796426 -1.008307
v 1.626744 -1.795777 -1.005916
v 1.626639 -1.792094 -1.003975
v 1.629135 -1.794591 -1.003975
v 1.626744 -1.794485 -1.004624
v 1.624803 -1.794591 -1.008307
v 1.624803 -1.792094 -1.005810
v 1.625452 -1.794485 -1.005916
v 1.624135 -1.352112 -1.008307
v 1.629135 -1.352112 -1.003307
v 1.629135 -1.347112 -1.008307
v 1.624803 -1.352112 -1.005810
v 1.624803 -1.349615 -1.008307
v 1.625452 -1.349721 -1.005916
v 1.629135 -1.349615 -1.003975
v 1.626639 -1.352112 -1.003975
v 1.626744 -1.349721 -1.004624
v 1.626639 -1.347780 -1.008307
v 1.629135 -1.347780 -1.005810
v 1.626744 -1.348429 -1.005916
v 1.624135 -1.792094 -1.448289
v 1.629135 -1.792094 -1.453289
v 1.629135 -1.797094 -1.448289
v 1.624803 -1.792095 -1.450786
v 1.624803 -1.794591 -1.448289
v 1.625452 -1.794486 -1.450680
v 1.629135 -1.794591 -1.452621
v 1.626639 -1.792095 -1.452621
v 1.626744 -1.794486 -1.451972
v 1.626639 -1.796427 -1.448289
v 1.629135 -1.796427 -1.450786
v 1.626744 -1.795778 -1.450680
v 1.629135 -1.347112 -1.448289
v 1.629135 -1.352112 -1.453289
v 1.624135 -1.352112 -1.448289
v 1.629135 -1.347780 -1.450786
v 1.626639 -1.347780 -1.448289
v 1.626744 -1.348429 -1.450680
v 1.626639 -1.352112 -1.452621
v 1.629135 -1.349615 -1.452621
v 1.626744 -1.349721 -1.451972
v 1.624803 -1.349615 -1.448289
v 1.624803 -1.352112 -1.450786
v 1.625452 -1.349721 -1.450680
v 2.074118 -1.792094 -1.008307
v 2.069118 -1.792094 -1.003307
v 2.069118 -1.797094 -1.008307
v 2.073449 -1.792095 -1.005810
v 2.073449 -1.794591 -1.008307
v 2.072801 -1.794486 -1.005916
v 2.069117 -1.794591 -1.003975
v 2.071614 -1.792095 -1.003975
v 2.071508 -1.794486 -1.004624
v 2.071614 -1.796427 -1.008307
v 2.069117 -1.796427 -1.005810
v 2.071508 -1.795778 -1.005916
v 2.069118 -1.347112 -1.008307
v 2.069118 -1.352112 -1.003307
v 2.074118 -1.352112 -1.008307
v 2.069117 -1.347780 -1.005810
v 2.071614 -1.347780 -1.008307
v 2.071508 -1.348429 -1.005916
v 2.071614 -1.352112 -1.003975
v 2.069117 -1.349615 -1.003975
v 2.071508 -1.349721 -1.004624
v 2.073449 -1.349615 -1.008307
v 2.073449 -1.352112 -1.005810
v 2.072801 -1.349721 -1.005916
v 2.069118 -1.792094 -1.453289
v 2.074118 -1.792094 -1.448289
v 2.069118 -1.797094 -1.448289
v 2.071614 -1.792095 -1.452621
v 2.069117 -1.794591 -1.452621
v 2.071508 -1.794486 -1.451972
v 2.073449 -1.794591 -1.448289
v 2.073449 -1.792095 -1.450786
v 2.072801 -1.794486 -1.450680
v 2.069117 -1.796427 -1.450786
v 2.071614 -1.796427 -1.448289
v 2.071508 -1.795778 -1.450680
v 2.069118 -1.347112 -1.448289
v 2.074118 -1.352112 -1.448289
v 2.069118 -1.352112 -1.453289
v 2.071614 -1.347780 -1.448289
v 2.069117 -1.347780 -1.450786
v 2.071508 -1.348429 -1.450680
v 2.073449 -1.352112 -1.450786
v 2.073449 -1.349615 -1.448289
v 2.072801 -1.349721 -1.450680
v 2.069117 -1.349615 -1.452621
v 2.071614 -1.352112 -1.452621
v 2.071508 -1.349721 -1.451972
v -0.367352 0.672998 0.233970
v -0.367352 0.677998 0.238970
v -0.372352 0.677998 0.233970
v -0.367352 0.673666 0.236467
v -0.369848 0.673666 0.233970
v -0.369743 0.674315 0.236361
v -0.369848 0.677998 0.238302
v -0.367352 0.675502 0.238302
v -0.369743 0.675607 0.237654
v -0.371684 0.675502 0.233970
v -0.371684 0.677998 0.236467
v -0.371035 0.675607 0.236361
v -0.372352 2.627890 0.233970
v -0.367352 2.627890 0.238970
v -0.367352 2.632890 0.233970
v -0.371684 2.627890 0.236467
v -0.371684 2.630387 0.233970
v -0.371035 2.630281 0.236361
v -0.367352 2.630387 0.238302
v -0.369848 2.627890 0.238302
v -0.369743 2.630281 0.237654
v -0.369848 2.632221 0.233970
v -0.367352 2.632221 0.236467
v -0.369743 2.631573 0.236361
v -0.372352 0.677998 -1.715921
v -0.367352 0.677998 -1.720921
v -0.367352 0.672998 -1.715921
v -0.371684 0.677998 -1.718418
v -0.371684 0.675502 -1.715921
v -0.371035 0.675607 -1.718313
v -0.367352 0.675502 -1.720253
v -0.369848 0.677998 -1.720253
v -0.369743 0.675607 -1.719605
v -0.369848 0.673666 -1.715921
v -0.367352 0.673666 -1.718418
v -0.369743 0.674315 -1.718313
v -0.367352 2.632890 -1.715921
v -0.367352 2.627890 -1.720921
v -0.372352 2.627890 -1.715921
v -0.367352 2.632221 -1.718418
v -0.369848 2.632221 -1.715921
v -0.369743 2.631573 -1.718313
v -0.369848 2.627890 -1.720253
v -0.367352 2.630387 -1.720253
v -0.369743 2.630281 -1.719605
v -0.371684 2.630387 -1.715921
v -0.371684 2.627890 -1.718418
v -0.371035 2.630281 -1.718313
v 1.587540 0.677998 0.233970
v 1.582540 0.677998 0.238970
v 1.582540 0.672998 0.233970
v 1.586871 0.677998 0.236467
v 1.586871 0.675502 0.233970
v 1.586223 0.675607 0.236361
v 1.582539 0.675502 0.238302
v 1.585036 0.677998 0.238302
v 1.584930 0.675607 0.237654
v 1.585036 0.673666 0.233970
v 1.582539 0.673666 0.236467
v 1.584930 0.674315 0.236361
v 1.582540 2.632890 0.233970
v 1.582540 2.627890 0.238970
v 1.587540 2.627890 0.233970
v 1.582539 2.632221 0.236467
v 1.585036 2.632221 0.233970
v 1.584930 2.631573 0.236361
v 1.585036 2.627890 0.238302
v 1.582539 2.630387 0.238302
v 1.584930 2.630281 0.237654
v 1.586871 2.630387 0.233970
v 1.586871 2.627890 0.236467
v 1.586223 2.630281 0.236361
v 1.582540 0.677998 -1.720921
v 1.587540 0.677998 -1.715921
v 1.582540 0.672998 -1.715921
v 1.585036 0.677998 -1.720253
v 1.582539 0.675502 -1.720253
v 1.584930 0.675607 -1.719605
v 1.586871 0.675502 -1.715921
v 1.586871 0.677998 -1.718418
v 1.586223 0.675607 -1.718313
v 1.582539 0.673666 -1.718418
v 1.585036 0.673666 -1.715921
v 1.584930 0.674315 -1.718313
v 1.582540 2.632890 -1.715921
v 1.587540 2.627890 -1.715921
v 1.582540 2.627890 -1.720921
v 1.585036 2.632221 -1.715921
v 1.582539 2.632221 -1.718418
v 1.584930 2.631573 -1.718313
v 1.586871 2.627890 -1.718418
v 1.586871 2.630387 -1.715921
v 1.586223 2.630281 -1.718313
v 1.582539 2.630387 -1.720253
v 1.585036 2.627890 -1.720253
v 1.584930 2.630281 -1.719605
v -0.787052 0.287261 2.288312
v -0.787052 0.292261 2.293313
v -0.792052 0.292261 2.288312
v -0.787052 0.287929 2.290809
v -0.789549 0.287929 2.288312
v -0.789443 0.288578 2.290703
v -0.789549 0.292261 2.292644
v -0.787052 0.289764 2.292644
v -0.789443 0.289870 2.291996
v -0.791384 0.289764 2.288312
v -0.791384 0.292261 2.290809
v -0.790735 0.289870 2.290703
v -0.792052 1.880826 2.288312
v -0.787052 1.880826 2.293313
v -0.787052 1.885826 2.288312
v -0.791384 1.880826 2.290809
v -0.791384 1.883323 2.288312
v -0.790735 1.883217 2.290703
v -0.787052 1.883323 2.292644
v -0.789549 1.880826 2.292644
v -0.789443 1.883217 2.291996
v -0.789549 1.885158 2.288312
v -0.787052 1.885158 2.290809
v -0.789443 1.884509 2.290703
v -0.792052 0.292261 0.699748
v -0.787052 0.292261 0.694748
v -0.787052 0.287261 0.699748
v -0.791384 0.292261 0.697251
v -0.791384 0.289764 0.699748
v -0.790735 0.289870 0.697357
v -0.787052 0.289764 0.695416
v -0.789549 0.292261 0.695416
v -0.789443 0.289870 0.696065
v -0.789549 0.287929 0.699748
v -0.787052 0.287929 0.697251
v -0.789443 0.288578 0.697357
v -0.787052 1.885826 0.699748
v -0.787052 1.880826 0.694748
v -0.792052 1.880826 0.699748
v -0.787052 1.885158 0.697251
v -0.789549 1.885158 0.699748
v -0.789443 1.884509 0.697357
v -0.789549 1.880826 0.695416
v -0.787052 1.883323 0.695416
v -0.789443 1.883217 0.696065
v -0.791384 1.883323 0.699748
v -0.791384 1.880826 0.697251
v -0.790735 1.883217 0.697357
v 0.806513 0.292261 2.288312
v 0.801513 0.292261 2.293313
v 0.801513 0.287261 2.288312
v 0.805845 0.292261 2.290809
v 0.805845 0.289764 2.288312
v 0.805196 0.289870 2.290703
v 0.801513 0.289764 2.292644
v 0.804009 0.292261 2.292644
v 0.803904 0.289870 2.291996
v 0.804009 0.287929 2.288312
v 0.801513 0.287929 2.290809
v 0.803904 0.288578 2.290703
v 0.801513 1.885826 2.288312
v 0.801513 1.880826 2.293313
v 0.806513 1.880826 2.288312
v 0.801513 1.885158 2.290809
v 0.804010 1.885158 2.288312
v 0.803904 1.884509 2.290703
v 0.804010 1.880826 2.292644
v 0.801513 1.883323 2.292644
v 0.803904 1.883217 2.291996
v 0.805845 1.883323 2.288312
v 0.805845 1.880826 2.290809
v 0.805196 1.883217 2.290703
v 0.801513 0.292261 0.694748
v 0.806513 0.292261 0.699748
v 0.801513 0.287261 0.699748
v 0.804009 0.292261 0.695416
v 0.801513 0.289764 0.695416
v 0.803904 0.289870 0.696065
v 0.805845 0.289764 0.699748
v 0.805845 0.292261 0.697251
v 0.805196 0.289870 0.697357
v 0.801513 0.287929 0.697251
v 0.804009 0.287929 0.699748
v 0.803904 0.288578 0.697357
v 0.801513 1.885826 0.699748
v 0.806513 1.880826 0.699748
v 0.801513 1.880826 0.694748
v 0.804009 1.885158 0.699748
v 0.801513 1.885158 0.697251
v 0.803904 1.884509 0.697357
v 0.805845 1.880826 0.697251
v 0.805845 1.883323 0.699748
v 0.805196 1.883217 0.697357
v 0.801513 1.883323 0.695416
v 0.804009 1.880826 0.695416
v 0.803904 1.883217 0.696065
v -1.137892 -0.318939 1.953266
v -1.137892 -0.313939 1.958266
v -1.142892 -0.313939 1.953266
v -1.137892 -0.318271 1.955762
v -1.140389 -0.318271 1.953265
v -1.140283 -0.317622 1.955657
v -1.140389 -0.313939 1.957597
v -1.137892 -0.316436 1.957597
v -1.140283 -0.316330 1.956949
v -1.142224 -0.316436 1.953265
v -1.142224 -0.313939 1.955762
v -1.141575 -0.316330 1.955657
v -1.142892 0.604532 1.953266
v -1.137892 0.604532 1.958266
v -1.137892 0.609532 1.953266
v -1.142224 0.604532 1.955762
v -1.142224 0.607029 1.953265
v -1.141575 0.606923 1.955657
v -1.137892 0.607029 1.957597
v -1.140389 0.604532 1.957597
v -1.140283 0.606923 1.956949
v -1.140389 0.608864 1.953265
v -1.137892 0.608864 1.955762
v -1.140283 0.608215 1.955657
v -1.142892 -0.313939 1.034795
v -1.137892 -0.313939 1.029795
v -1.137892 -0.318939 1.034795
v -1.142224 -0.313939 1.032298
v -1.142224 -0.316436 1.034795
v -1.141575 -0.316330 1.032404
v -1.137892 -0.316436 1.030463
v -1.140389 -0.313939 1.030463
v -1.140283 -0.316330 1.031112
v -1.140389 -0.318271 1.034795
v -1.137892 -0.318271 1.032298
v -1.140283 -0.317622 1.032404
v -1.137892 0.609532 1.034795
v -1.137892 0.604532 1.029795
v -1.142892 0.604532 1.034795
v -1.137892 0.608864 1.032298
v -1.140389 0.608864 1.034795
v -1.140283 0.608215 1.032404
v -1.140389 0.604532 1.030463
v -1.137892 0.607029 1.030463
v -1.140283 0.606923 1.031112
v -1.142224 0.607029 1.034795
v -1.142224 0.604532 1.032298
v -1.141575 0.606923 1.032404
v -0.214421 -0.313939 1.953266
v -0.219421 -0.313939 1.958266
v -0.219421 -0.318939 1.953266
v -0.215089 -0.313939 1.955762
v -0.215089 -0.316436 1.953265
v -0.215738 -0.316330 1.955657
v -0.219421 -0.316436 1.957597
v -0.216925 -0.313939 1.957597
v -0.217030 -0.316330 1.956949
v -0.216925 -0.318271 1.953265
v -0.219421 -0.318271 1.955762
v -0.217030 -0.317622 1.955657
v -0.219421 0.609532 1.953266
v -0.219421 0.604532 1.958266
v -0.214421 0.604532 1.953266
v -0.219421 0.608864 1.955762
v -0.216925 0.608864 1.953265
v -0.217030 0.608215 1.955657
v -0.216925 0.604532 1.957597
v -0.219421 0.607029 1.957597
v -0.217030 0.606923 1.956949
v -0.215089 0.607029 1.953265
v -0.215089 0.604532 1.955762
v -0.215738 0.606923 1.955657
v -0.219421 -0.313939 1.029795
v -0.214421 -0.313939 1.034795
v -0.219421 -0.318939 1.034795
v -0.216925 -0.313939 1.030463
v -0.219421 -0.316436 1.030463
v -0.217030 -0.316330 1.031112
v -0.215089 -0.316436 1.034795
v -0.215089 -0.313939 1.032298
v -0.215738 -0.316330 1.032404
v -0.219421 -0.318271 1.032298
v -0.216925 -0.318271 1.034795
v -0.217030 -0.317622 1.032404
v -0.219421 0.609532 1.034795
v -0.214421 0.604532 1.034795
v -0.219421 0.604532 1.029795
v -0.216925 0.608864 1.034795
v -0.219421 0.608864 1.032298
v -0.217030 0.608215 1.032404
v -0.215089 0.604532 1.032298
v -0.215089 0.607029 1.034795
v -0.215738 0.606923 1.032404
v -0.219421 0.607029 1.030463
v -0.216925 0.604532 1.030463
v -0.217030 0.606923 1.031112
v -1.054512 -1.089709 1.454893
v -1.054512 -1.084709 1.459893
v -1.059512 -1.084709 1.454893
v -1.054512 -1.089042 1.457390
v -1.057009 -1.089042 1.454893
v -1.056903 -1.088393 1.457284
v -1.057009 -1.084709 1.459225
v -1.054512 -1.087206 1.459225
v -1.056903 -1.087101 1.458576
v -1.058844 -1.087206 1.454893
v -1.058844 -1.084709 1.457390
v -1.058195 -1.087101 1.457284
v -1.059512 0.155030 1.454893
v -1.054512 0.155030 1.459893
v -1.054512 0.160030 1.454893
v -1.058844 0.155030 1.457390
v -1.058844 0.157527 1.454893
v -1.058195 0.157421 1.457284
v -1.054512 0.157527 1.459225
v -1.057009 0.155030 1.459225
v -1.056903 0.157421 1.458576
v -1.057009 0.159362 1.454893
v -1.054512 0.159362 1.457390
v -1.056903 0.158713 1.457284
v -1.059512 -1.084709 0.215154
v -1.054512 -1.084709 0.210154
v -1.054512 -1.089709 0.215154
v -1.058844 -1.084709 0.212657
v -1.058844 -1.087206 0.215154
v -1.058195 -1.087101 0.212763
v -1.054512 -1.087206 0.210822
v -1.057009 -1.084709 0.210822
v -1.056903 -1.087101 0.211471
v -1.057009 -1.089042 0.215154
v -1.054512 -1.089042 0.212657
v -1.056903 -1.088393 0.212763
v -1.054512 0.160030 0.215154
v -1.054512 0.155030 0.210154
v -1.059512 0.155030 0.215154
v -1.054512 0.159362 0.212657
v -1.057009 0.159362 0.215154
v -1.056903 0.158713 0.212763
v -1.057009 0.155030 0.210822
v -1.054512 0.157527 0.210822
v -1.056903 0.157421 0.211471
v -1.058844 0.157527 0.215154
v -1.058844 0.155030 0.212657
v -1.058195 0.157421 0.212763
v 0.190227 -1.084709 1.454893
v 0.185227 -1.084709 1.459893
v 0.185227 -1.089709 1.454893
v 0.189559 -1.084709 1.457390
v 0.189559 -1.087206 1.454893
v 0.188910 -1.087101 1.457284
v 0.185227 -1.087206 1.459225
v 0.187723 -1.084709 1.459225
v 0.187618 -1.087101 1.458576
v 0.187723 -1.089042 1.454893
v 0.185227 -1.089042 1.457390
v 0.187618 -1.088393 1.457284
v 0.185227 0.160030 1.454893
v 0.185227 0.155030 1.459893
v 0.190227 0.155030 1.454893
v 0.185227 0.159362 1.457390
v 0.187723 0.159362 1.454893
v 0.187618 0.158713 1.457284
v 0.187723 0.155030 1.459225
v 0.185227 0.157527 1.459225
v 0.187618 0.157421 1.458576
v 0.189559 0.157527 1.454893
v 0.189559 0.155030 1.457390
v 0.188910 0.157421 1.457284
v 0.185227 -1.084709 0.210154
v 0.190227 -1.084709 0.215154
v 0.185227 -1.089709 0.215154
v 0.187723 -1.084709 0.210822
v 0.185227 -1.087206 0.210822
v 0.187618 -1.087101 0.211471
v 0.189559 -1.087206 0.215154
v 0.189559 -1.084709 0.212657
v 0.188910 -1.087101 0.212763
v 0.185227 -1.089042 0.212657
v 0.187723 -1.089042 0.215154
v 0.187618 -1.088393 0.212763
v 0.185227 0.160030 0.215154
v 0.190227 0.155030 0.215154
v 0.185227 0.155030 0.210154
v 0.187723 0.159362 0.215154
v 0.185227 0.159362 0.212657
v 0.187618 0.158713 0.212763
v 0.189559 0.155030 0.212657
v 0.189559 0.157527 0.215154
v 0.188910 0.157421 0.212763
v 0.185227 0.157527 0.210822
v 0.187723 0.155030 0.210822
v 0.187618 0.157421 0.211471
v -0.244499 -0.778484 0.316783
v -0.244499 -0.773484 0.321783
v -0.249499 -0.773484 0.316783
v -0.244499 -0.777816 0.319279
v -0.246996 -0.777816 0.316783
v -0.246890 -0.777167 0.319174
v -0.246996 -0.773484 0.321115
v -0.244499 -0.775981 0.321115
v -0.246890 -0.775875 0.320466
v -0.248831 -0.775981 0.316783
v -0.248831 -0.773484 0.319279
v -0.248183 -0.775875 0.319174
v -0.249499 0.190841 0.316783
v -0.244499 0.190841 0.321783
v -0.244499 0.195841 0.316783
v -0.248831 0.190841 0.319279
v -0.248831 0.193338 0.316783
v -0.248183 0.193232 0.319174
v -0.244499 0.193338 0.321115
v -0.246996 0.190841 0.321115
v -0.246890 0.193232 0.320466
v -0.246996 0.195173 0.316783
v -0.244499 0.195173 0.319279
v -0.246890 0.194524 0.319174
v -0.249499 -0.773484 -0.647542
v -0.244499 -0.773484 -0.652542
v -0.244499 -0.778484 -0.647542
v -0.248831 -0.773484 -0.650039
v -0.248831 -0.775981 -0.647542
v -0.248183 -0.775875 -0.649933
v -0.244499 -0.775981 -0.651874
v -0.246996 -0.773484 -0.651874
v -0.246890 -0.775875 -0.651225
v -0.246996 -0.777816 -0.647542
v -0.244499 -0.777816 -0.650039
v -0.246890 -0.777167 -0.649933
v -0.244499 0.195841 -0.647542
v -0.244499 0.190841 -0.652542
v -0.249499 0.190841 -0.647542
v -0.244499 0.195173 -0.650039
v -0.246996 0.195173 -0.647542
v -0.246890 0.194524 -0.649933
v -0.246996 0.190841 -0.651874
v -0.244499 0.193338 -0.651874
v -0.246890 0.193232 -0.651225
v -0.248831 0.193338 -0.647542
v -0.248831 0.190841 -0.650039
v -0.248183 0.193232 -0.649933
v 0.724825 -0.773484 0.316783
v 0.719825 -0.773484 0.321783
v 0.719825 -0.778484 0.316783
v 0.724157 -0.773484 0.319279
v 0.724157 -0.775981 0.316783
v 0.723508 -0.775875 0.319174
v 0.719825 -0.775981 0.321115
v 0.722322 -0.773484 0.321115
v 0.722216 -0.775875 0.320466
v 0.722322 -0.777816 0.316783
v 0.719825 -0.777816 0.319279
v 0.722216 -0.777167 0.319174
v 0.719825 0.195841 0.316783
v 0.719825 0.190841 0.321783
v 0.724825 0.190841 0.316783
v 0.719825 0.195173 0.319279
v 0.722322 0.195173 0.316783
v 0.722216 0.194524 0.319174
v 0.722322 0.190841 0.321115
v 0.719825 0.193338 0.321115
v 0.722216 0.193232 0.320466
v 0.724157 0.193338 0.316783
v 0.724157 0.190841 0.319279
v 0.723508 0.193232 0.319174
v 0.719825 -0.773484 -0.652542
v 0.724825 -0.773484 -0.647542
v 0.719825 -0.778484 -0.647542
v 0.722322 -0.773484 -0.651874
v 0.719825 -0.775981 -0.651874
v 0.722216 -0.775875 -0.651225
v 0.724157 -0.775981 -0.647542
v 0.724157 -0.773484 -0.650039
v 0.723508 -0.775875 -0.649933
v 0.719825 -0.777816 -0.650039
v 0.722322 -0.777816 -0.647542
v 0.722216 -0.777167 -0.649933
v 0.719825 0.195841 -0.647542
v 0.724825 0.190841 -0.647542
v 0.719825 0.190841 -0.652542
v 0.722322 0.195173 -0.647542
v 0.719825 0.195173 -0.650039
v 0.722216 0.194524 -0.649933
v 0.724157 0.190841 -0.650039
v 0.724157 0.193338 -0.647542
v 0.723508 0.193232 -0.649933
v 0.719825 0.193338 -0.651874
v 0.722322 0.190841 -0.651874
v 0.722216 0.193232 -0.651225
v -2.337724 -2.138356 0.561403
v -2.337724 -2.133356 0.566403
v -2.342724 -2.133356 0.561403
v -2.337724 -2.137688 0.563899
v -2.340221 -2.137688 0.561403
v -2.340115 -2.137040 0.563794
v -2.340221 -2.133356 0.565735
v -2.337724 -2.135853 0.565735
v -2.340115 -2.135747 0.565086
v -2.342056 -2.135853 0.561403
v -2.342056 -2.133356 0.563899
v -2.341407 -2.135747 0.563794
v -2.342724 -0.431169 0.561403
v -2.337724 -0.431169 0.566403
v -2.337724 -0.426169 0.561403
v -2.342056 -0.431169 0.563899
v -2.342056 -0.428672 0.561403
v -2.341407 -0.428778 0.563794
v -2.337724 -0.428672 0.565735
v -2.340221 -0.431169 0.565735
v -2.340115 -0.428778 0.565086
v -2.340221 -0.426837 0.561403
v -2.337724 -0.426837 0.563899
v -2.340115 -0.427486 0.563794
v -2.342724 -2.133356 -1.140785
v -2.337724 -2.133356 -1.145785
v -2.337724 -2.138356 -1.140785
v -2.342056 -2.133356 -1.143282
v -2.342056 -2.135853 -1.140785
v -2.341407 -2.135747 -1.143176
v -2.337724 -2.135853 -1.145117
v -2.340221 -2.133356 -1.145117
v -2.340115 -2.135747 -1.144468
v -2.340221 -2.137688 -1.140785
v -2.337724 -2.137688 -1.143282
v -2.340115 -2.137040 -1.143176
v -2.337724 -0.426169 -1.140785
v -2.337724 -0.431169 -1.145785
v -2.342724 -0.431169 -1.140785
v -2.337724 -0.426837 -1.143282
v -2.340221 -0.426837 -1.140785
v -2.340115 -0.427486 -1.143176
v -2.340221 -0.431169 -1.145117
v -2.337724 -0.428672 -1.145117
v -2.340115 -0.428778 -1.144468
v -2.342056 -0.428672 -1.140785
v -2.342056 -0.431169 -1.143282
v -2.341407 -0.428778 -1.143176
v -0.630536 -2.133356 0.561403
v -0.635536 -2.133356 0.566403
v -0.635536 -2.138356 0.561403
v -0.631205 -2.133356 0.563899
v -0.631205 -2.135853 0.561403
v -0.631853 -2.135747 0.563794
v -0.635537 -2.135853 0.565735
v -0.633040 -2.133356 0.565735
v -0.633145 -2.135747 0.565086
v -0.633040 -2.137688 0.561403
v -0.635537 -2.137688 0.563899
v -0.633145 -2.137040 0.563794
v -0.635536 -0.426169 0.561403
v -0.635536 -0.431169 0.566403
v -0.630536 -0.431169 0.561403
v -0.635537 -0.426837 0.563899
v -0.633040 -0.426837 0.561403
v -0.633145 -0.427486 0.563794
v -0.633040 -0.431169 0.565735
v -0.635537 -0.428672 0.565735
v -0.633145 -0.428778 0.565086
v -0.631205 -0.428672 0.561403
v -0.631205 -0.431169 0.563899
v -0.631853 -0.428778 0.563794
v -0.635536 -2.133356 -1.145785
v -0.630536 -2.133356 -1.140785
v -0.635536 -2.138356 -1.140785
v -0.633040 -2.133356 -1.145117
v -0.635537 -2.135853 -1.145117
v -0.633145 -2.135747 -1.144468
v -0.631205 -2.135853 -1.140785
v -0.631205 -2.133356 -1.143282
v -0.631853 -2.135747 -1.143176
v -0.635537 -2.137688 -1.143282
v -0.633040 -2.137688 -1.140785
v -0.633145 -2.137040 -1.143176
v -0.635536 -0.426169 -1.140785
v -0.630536 -0.431169 -1.140785
v -0.635536 -0.431169 -1.145785
v -0.633040 -0.426837 -1.140785
v -0.635537 -0.426837 -1.143282
v -0.633145 -0.427486 -1.143176
v -0.631205 -0.431169 -1.143282
v -0.631205 -0.428672 -1.140785
v -0.631853 -0.428778 -1.143176
v -0.635537 -0.428672 -1.145117
v -0.633040 -0.431169 -1.145117
v -0.633145 -0.428778 -1.144468
v -1.887609 0.853185 0.943812
v -1.887609 0.858185 0.948812
v -1.892609 0.858185 0.943812
v -1.887609 0.853853 0.946309
v -1.890106 0.853853 0.943812
v -1.890000 0.854502 0.946203
v -1.890106 0.858185 0.948144
v -1.887609 0.855689 0.948144
v -1.890000 0.855794 0.947495
v -1.891941 0.855689 0.943812
v -1.891941 0.858185 0.946309
v -1.891292 0.855794 0.946203
v -1.892609 2.447703 0.943812
v -1.887609 2.447703 0.948812
v -1.887609 2.452703 0.943812
v -1.891941 2.447703 0.946309
v -1.891941 2.450199 0.943812
v -1.891292 2.450093 0.946203
v -1.887609 2.450199 0.948144
v -1.890106 2.447703 0.948144
v -1.890000 2.450093 0.947495
v -1.890106 2.452034 0.943812
v -1.887609 2.452034 0.946309
v -1.890000 2.451386 0.946203
v -1.892609 0.858185 -0.645706
v -1.887609 0.858185 -0.650706
v -1.887609 0.853185 -0.645706
v -1.891941 0.858185 -0.648202
v -1.891941 0.855689 -0.645706
v -1.891292 0.855794 -0.648097
v -1.887609 0.855689 -0.650038
v -1.890106 0.858185 -0.650038
v -1.890000 0.855794 -0.649389
v -1.890106 0.853853 -0.645706
v -1.887609 0.853853 -0.648202
v -1.890000 0.854502 -0.648097
v -1.887609 2.452703 -0.645706
v -1.887609 2.447703 -0.650706
v -1.892609 2.447703 -0.645706
v -1.887609 2.452034 -0.648202
v -1.890106 2.452034 -0.645706
v -1.890000 2.451386 -0.648097
v -1.890106 2.447703 -0.650038
v -1.887609 2.450199 -0.650038
v -1.890000 2.450093 -0.649389
v -1.891941 2.450199 -0.645706
v -1.891941 2.447703 -0.648202
v -1.891292 2.450093 -0.648097
v -0.293092 0.858185 0.943812
v -0.298092 0.858185 0.948812
v -0.298092 0.853185 0.943812
v -0.293760 0.858185 0.946309
v -0.293760 0.855689 0.943812
v -0.294409 0.855794 0.946203
v -0.298092 0.855689 0.948144
v -0.295595 0.858185 0.948144
v -0.295701 0.855794 0.947495
v -0.295595 0.853853 0.943812
v -0.298092 0.853853 0.946309
v -0.295701 0.854502 0.946203
v -0.298092 2.452703 0.943812
v -0.298092 2.447703 0.948812
v -0.293092 2.447703 0.943812
v -0.298092 2.452034 0.946309
v -0.295595 2.452034 0.943812
v -0.295701 2.451386 0.946203
v -0.295595 2.447703 0.948144
v -0.298092 2.450199 0.948144
v -0.295701 2.450093 0.947495
v -0.293760 2.450199 0.943812
v -0.293760 2.447703 0.946309
v -0.294409 2.450093 0.946203
v -0.298092 0.858185 -0.650706
v -0.293092 0.858185 -0.645706
v -0.298092 0.853185 -0.645706
v -0.295595 0.858185 -0.650038
v -0.298092 0.855689 -0.650038
v -0.295701 0.855794 -0.649389
v -0.293760 0.855689 -0.645706
v -0.293760 0.858185 -0.648202
v -0.294409 0.855794 -0.648097
v -0.298092 0.853853 -0.648202
v -0.295595 0.853853 -0.645706
v -0.295701 0.854502 -0.648097
v -0.298092 2.452703 -0.645706
v -0.293092 2.447703 -0.645706
v -0.298092 2.447703 -0.650706
v -0.295595 2.452034 -0.645706
v -0.298092 2.452034 -0.648202
v -0.295701 2.451386 -0.648097
v -0.293760 2.447703 -0.648202
v -0.293760 2.450199 -0.645706
v -0.294409 2.450093 -0.648097
v -0.298092 2.450199 -0.650038
v -0.295595 2.447703 -0.650038
v -0.295701 2.450093 -0.649389
v -1.993970 -0.363397 -0.999179
v -1.993970 -0.358397 -0.994179
v -1.998970 -0.358397 -0.999179
v -1.993970 -0.362729 -0.996682
v -1.996467 -0.362729 -0.999179
v -1.996361 -0.362080 -0.996788
v -1.996467 -0.358397 -0.994847
v -1.993970 -0.360894 -0.994847
v -1.996361 -0.360788 -0.995496
v -1.998302 -0.360894 -0.999179
v -1.998302 -0.358397 -0.996682
v -1.997653 -0.360788 -0.996788
v -1.998970 0.465940 -0.999179
v -1.993970 0.465940 -0.994179
v -1.993970 0.470940 -0.999179
v -1.998302 0.465940 -0.996682
v -1.998302 0.468436 -0.999179
v -1.997653 0.468331 -0.996788
v -1.993970 0.468436 -0.994847
v -1.996467 0.465940 -0.994847
v -1.996361 0.468331 -0.995496
v -1.996467 0.470272 -0.999179
v -1.993970 0.470272 -0.996682
v -1.996361 0.469623 -0.996788
v -1.998970 -0.358397 -1.823516
v -1.993970 -0.358397 -1.828516
v -1.993970 -0.363397 -1.823516
v -1.998302 -0.358397 -1.826013
v -1.998302 -0.360894 -1.823516
v -1.997653 -0.360788 -1.825907
v -1.993970 -0.360894 -1.827848
v -1.996467 -0.358397 -1.827848
v -1.996361 -0.360788 -1.827199
v -1.996467 -0.362729 -1.823516
v -1.993970 -0.362729 -1.826013
v -1.996361 -0.362080 -1.825907
v -1.993970 0.470940 -1.823516
v -1.993970 0.465940 -1.828516
v -1.998970 0.465940 -1.823516
v -1.993970 0.470272 -1.826013
v -1.996467 0.470272 -1.823516
v -1.996361 0.469623 -1.825907
v -1.996467 0.465940 -1.827848
v -1.993970 0.468436 -1.827848
v -1.996361 0.468331 -1.827199
v -1.998302 0.468436 -1.823516
v -1.998302 0.465940 -1.826013
v -1.997653 0.468331 -1.825907
v -0.037664 -0.358397 -0.999179
v -0.042664 -0.358397 -0.994179
v -0.042664 -0.363397 -0.999179
v -0.038332 -0.358397 -0.996682
v -0.038332 -0.360894 -0.999179
v -0.038981 -0.360788 -0.996788
v -0.042664 -0.360894 -0.994847
v -0.040167 -0.358397 -0.994847
v -0.040273 -0.360788 -0.995496
v -0.040167 -0.362729 -0.999179
v -0.042664 -0.362729 -0.996682
v -0.040273 -0.362080 -0.996788
v -0.042664 0.470940 -0.999179
v -0.042664 0.465940 -0.994179
v -0.037664 0.465940 -0.999179
v -0.042664 0.470272 -0.996682
v -0.040167 0.470272 -0.999179
v -0.040273 0.469623 -0.996788
v -0.040167 0.465940 -0.994847
v -0.042664 0.468436 -0.994847
v -0.040273 0.468331 -0.995496
v -0.038332 0.468436 -0.999179
v -0.038332 0.465940 -0.996682
v -0.038981 0.468331 -0.996788
v -0.042664 -0.358397 -1.828516
v -0.037664 -0.358397 -1.823516
v -0.042664 -0.363397 -1.823516
v -0.040167 -0.358397 -1.827848
v -0.042664 -0.360894 -1.827848
v -0.040273 -0.360788 -1.827199
v -0.038332 -0.360894 -1.823516
v -0.038332 -0.358397 -1.826013
v -0.038981 -0.360788 -1.825907
v -0.042664 -0.362729 -1.826013
v -0.040167 -0.362729 -1.823516
v -0.040273 -0.362080 -1.825907
v -0.042664 0.470940 -1.823516
v -0.037664 0.465940 -1.823516
v -0.042664 0.465940 -1.828516
v -0.040167 0.470272 -1.823516
v -0.042664 0.470272 -1.826013
v -0.040273 0.469623 -1.825907
v -0.038332 0.465940 -1.826013
v -0.038332 0.468436 -1.823516
v -0.038981 0.468331 -1.825907
v -0.042664 0.468436 -1.827848
v -0.040167 0.465940 -1.827848
v -0.040273 0.468331 -1.827199
v -2.291040 -1.369273 2.255905
v -2.291040 -1.364273 2.260905
v -2.296040 -1.364273 2.255905
v -2.291040 -1.368605 2.258401
v -2.293537 -1.368605 2.255904
v -2.293431 -1.367956 2.258296
v -2.293537 -1.364273 2.260236
v -2.291040 -1.366770 2.260236
v -2.293431 -1.366664 2.259588
v -2.295372 -1.366770 2.255904
v -2.295372 -1.364273 2.258401
v -2.294724 -1.366664 2.258296
v -2.296040 -0.311661 2.255905
v -2.291040 -0.311661 2.260905
v -2.291040 -0.306661 2.255905
v -2.295372 -0.311661 2.258401
v -2.295372 -0.309164 2.255904
v -2.294724 -0.309270 2.258296
v -2.291040 -0.309164 2.260236
v -2.293537 -0.311661 2.260236
v -2.293431 -0.309270 2.259588
v -2.293537 -0.307329 2.255904
v -2.291040 -0.307329 2.258401
v -2.293431 -0.307978 2.258296
v -2.296040 -1.364273 0.493632
v -2.291040 -1.364273 0.488632
v -2.291040 -1.369273 0.493632
v -2.295372 -1.364273 0.491135
v -2.295372 -1.366770 0.493632
v -2.294724 -1.366664 0.491241
v -2.291040 -1.366770 0.489300
v -2.293537 -1.364273 0.489300
v -2.293431 -1.366664 0.489948
v -2.293537 -1.368605 0.493632
v -2.291040 -1.368605 0.491135
v -2.293431 -1.367956 0.491241
v -2.291040 -0.306661 0.493632
v -2.291040 -0.311661 0.488632
v -2.296040 -0.311661 0.493632
v -2.291040 -0.307329 0.491135
v -2.293537 -0.307329 0.493632
v -2.293431 -0.307978 0.491241
v -2.293537 -0.311661 0.489300
v -2.291040 -0.309164 0.489300
v -2.293431 -0.309270 0.489948
v -2.295372 -0.309164 0.493632
v -2.295372 -0.311661 0.491135
v -2.294724 -0.309270 0.491241
v -1.827251 -1.364273 2.255905
v -1.832251 -1.364273 2.260905
v -1.832251 -1.369273 2.255905
v -1.827919 -1.364273 2.258401
v -1.827919 -1.366770 2.255904
v -1.828568 -1.366664 2.258296
v -1.832251 -1.366770 2.260236
v -1.829754 -1.364273 2.260236
v -1.829860 -1.366664 2.259588
v -1.829754 -1.368605 2.255904
v -1.832251 -1.368605 2.258401
v -1.829860 -1.367956 2.258296
v -1.832251 -0.306661 2.255905
v -1.832251 -0.311661 2.260905
v -1.827251 -0.311661 2.255905
v -1.832251 -0.307329 2.258401
v -1.829754 -0.307329 2.255904
v -1.829860 -0.307978 2.258296
v -1.829754 -0.311661 2.260236
v -1.832251 -0.309164 2.260236
v -1.829860 -0.309270 2.259588
v -1.827919 -0.309164 2.255904
v -1.827919 -0.311661 2.258401
v -1.828568 -0.309270 2.258296
v -1.832251 -1.364273 0.488632
v -1.827251 -1.364273 0.493632
v -1.832251 -1.369273 0.493632
v -1.829754 -1.364273 0.489300
v -1.832251 -1.366770 0.489300
v -1.829860 -1.366664 0.489948
v -1.827919 -1.366770 0.493632
v -1.827919 -1.364273 0.491135
v -1.828568 -1.366664 0.491241
v -1.832251 -1.368605 0.491135
v -1.829754 -1.368605 0.493632
v -1.829860 -1.367956 0.491241
v -1.832251 -0.306661 0.493632
v -1.827251 -0.311661 0.493632
v -1.832251 -0.311661 0.488632
v -1.829754 -0.307329 0.493632
v -1.832251 -0.307329 0.491135
v -1.829860 -0.307978 0.491241
v -1.827919 -0.311661 0.491135
v -1.827919 -0.309164 0.493632
v -1.828568 -0.309270 0.491241
v -1.832251 -0.309164 0.489300
v -1.829754 -0.311661 0.489300
v -1.829860 -0.309270 0.489948
v -0.880347 0.393345 0.102744
v -0.880347 0.398345 0.107744
v -0.885347 0.398345 0.102744
v -0.880347 0.394013 0.105241
v -0.882844 0.394013 0.102744
v -0.882738 0.394662 0.105135
v -0.882844 0.398345 0.107076
v -0.880347 0.395848 0.107076
v -0.882738 0.395954 0.106427
v -0.884679 0.395848 0.102744
v -0.884679 0.398345 0.105241
v -0.884030 0.395954 0.105135
v -0.885347 1.183216 0.102744
v -0.880347 1.183216 0.107744
v -0.880347 1.188216 0.102744
v -0.884679 1.183216 0.105241
v -0.884679 1.185713 0.102744
v -0.884030 1.185607 0.105135
v -0.880347 1.185713 0.107076
v -0.882844 1.183216 0.107076
v -0.882738 1.185607 0.106427
v -0.882844 1.187548 0.102744
v -0.880347 1.187548 0.105241
v -0.882738 1.186899 0.105135
v -0.885347 0.398345 -0.682127
v -0.880347 0.398345 -0.687127
v -0.880347 0.393345 -0.682127
v -0.884679 0.398345 -0.684624
v -0.884679 0.395848 -0.682127
v -0.884030 0.395954 -0.684518
v -0.880347 0.395848 -0.686459
v -0.882844 0.398345 -0.686459
v -0.882738 0.395954 -0.685810
v -0.882844 0.394013 -0.682127
v -0.880347 0.394013 -0.684624
v -0.882738 0.394662 -0.684518
v -0.880347 1.188216 -0.682127
v -0.880347 1.183216 -0.687127
v -0.885347 1.183216 -0.682127
v -0.880347 1.187548 -0.684624
v -0.882844 1.187548 -0.682127
v -0.882738 1.186899 -0.684518
v -0.882844 1.183216 -0.686459
v -0.880347 1.185713 -0.686459
v -0.882738 1.185607 -0.685810
v -0.884679 1.185713 -0.682127
v -0.884679 1.183216 -0.684624
v -0.884030 1.185607 -0.684518
v -0.090476 0.398345 0.102744
v -0.095476 0.398345 0.107744
v -0.095476 0.393345 0.102744
v -0.091144 0.398345 0.105241
v -0.091144 0.395848 0.102744
v -0.091793 0.395954 0.105135
v -0.095476 0.395848 0.107076
v -0.092979 0.398345 0.107076
v -0.093085 0.395954 0.106427
v -0.092979 0.394013 0.102744
v -0.095476 0.394013 0.105241
v -0.093085 0.394662 0.105135
v -0.095476 1.188216 0.102744
v -0.095476 1.183216 0.107744
v -0.090476 1.183216 0.102744
v -0.095476 1.187548 0.105241
v -0.092979 1.187548 0.102744
v -0.093085 1.186899 0.105135
v -0.092979 1.183216 0.107076
v -0.095476 1.185713 0.107076
v -0.093085 1.185607 0.106427
v -0.091144 1.185713 0.102744
v -0.091144 1.183216 0.105241
v -0.091793 1.185607 0.105135
v -0.095476 0.398345 -0.687127
v -0.090476 0.398345 -0.682127
v -0.095476 0.393345 -0.682127
v -0.092979 0.398345 -0.686459
v -0.095476 0.395848 -0.686459
v -0.093085 0.395954 -0.685810
v -0.091144 0.395848 -0.682127
v -0.091144 0.398345 -0.684624
v -0.091793 0.395954 -0.684518
v -0.095476 0.394013 -0.684624
v -0.092979 0.394013 -0.682127
v -0.093085 0.394662 -0.684518
v -0.095476 1.188216 -0.682127
v -0.090476 1.183216 -0.682127
v -0.095476 1.183216 -0.687127
v -0.092979 1.187548 -0.682127
v -0.095476 1.187548 -0.684624
v -0.093085 1.186899 -0.684518
v -0.091144 1.183216 -0.684624
v -0.091144 1.185713 -0.682127
v -0.091793 1.185607 -0.684518
v -0.095476 1.185713 -0.686459
v -0.092979 1.183216 -0.686459
v -0.093085 1.185607 -0.685810
v 0.207044 -0.949685 0.577616
v 0.207044 -0.944685 0.582616
v 0.202044 -0.944685 0.577616
v 0.207044 -0.949017 0.580112
v 0.204547 -0.949017 0.577616
v 0.204653 -0.948368 0.580007
v 0.204547 -0.944685 0.581948
v 0.207044 -0.947182 0.581948
v 0.204653 -0.947076 0.581299
v 0.202712 -0.947182 0.577616
v 0.202712 -0.944685 0.580112
v 0.203361 -0.947076 0.580007
v 0.202044 0.362042 0.577616
v 0.207044 0.362042 0.582616
v 0.207044 0.367042 0.577616
v 0.202712 0.362042 0.580112
v 0.202712 0.364538 0.577616
v 0.203361 0.364433 0.580007
v 0.207044 0.364538 0.581948
v 0.204547 0.362042 0.581948
v 0.204653 0.364433 0.581299
v 0.204547 0.366374 0.577616
v 0.207044 0.366374 0.580112
v 0.204653 0.365725 0.580007
v 0.202044 -0.944685 -0.222976
v 0.207044 -0.944685 -0.227976
v 0.207044 -0.949685 -0.222976
v 0.202712 -0.944685 -0.225473
v 0.202712 -0.947182 -0.222976
v 0.203361 -0.947076 -0.225367
v 0.207044 -0.947182 -0.227308
v 0.204547 -0.944685 -0.227308
v 0.204653 -0.947076 -0.226659
v 0.204547 -0.949017 -0.222976
v 0.207044 -0.949017 -0.225473
v 0.204653 -0.948368 -0.225367
v 0.207044 0.367042 -0.222976
v 0.207044 0.362042 -0.227976
v 0.202044 0.362042 -0.222976
v 0.207044 0.366374 -0.225473
v 0.204547 0.366374 -0.222976
v 0.204653 0.365725 -0.225367
v 0.204547 0.362042 -0.227308
v 0.207044 0.364538 -0.227308
v 0.204653 0.364433 -0.226659
v 0.202712 0.364538 -0.222976
v 0.202712 0.362042 -0.225473
v 0.203361 0.364433 -0.225367
v 1.826760 -0.944685 0.577616
v 1.821760 -0.944685 0.582616
v 1.821760 -0.949685 0.577616
v 1.826092 -0.944685 0.580112
v 1.826092 -0.947182 0.577616
v 1.825444 -0.947076 0.580007
v 1.821760 -0.947182 0.581948
v 1.824257 -0.944685 0.581948
v 1.824151 -0.947076 0.581299
v 1.824257 -0.949017 0.577616
v 1.821760 -0.949017 0.580112
v 1.824151 -0.948368 0.580007
v 1.821760 0.367042 0.577616
v 1.821760 0.362042 0.582616
v 1.826760 0.362042 0.577616
v 1.821760 0.366374 0.580112
v 1.824257 0.366374 0.577616
v 1.824151 0.365725 0.580007
v 1.824257 0.362042 0.581948
v 1.821760 0.364538 0.581948
v 1.824151 0.364433 0.581299
v 1.826092 0.364538 0.577616
v 1.826092 0.362042 0.580112
v 1.825444 0.364433 0.580007
v 1.821760 -0.944685 -0.227976
v 1.826760 -0.944685 -0.222976
v 1.821760 -0.949685 -0.222976
v 1.824257 -0.944685 -0.227308
v 1.821760 -0.947182 -0.227308
v 1.824151 -0.947076 -0.226659
v 1.826092 -0.947182 -0.222976
v 1.826092 -0.944685 -0.225473
v 1.825444 -0.947076 -0.225367
v 1.821760 -0.949017 -0.225473
v 1.824257 -0.949017 -0.222976
v 1.824151 -0.948368 -0.225367
v 1.821760 0.367042 -0.222976
v 1.826760 0.362042 -0.222976
v 1.821760 0.362042 -0.227976
v 1.824257 0.366374 -0.222976
v 1.821760 0.366374 -0.225473
v 1.824151 0.365725 -0.225367
v 1.826092 0.362042 -0.225473
v 1.826092 0.364538 -0.222976
v 1.825444 0.364433 -0.225367
v 1.821760 0.364538 -0.227308
v 1.824257 0.362042 -0.227308
v 1.824151 0.364433 -0.226659
v 0.395835 -1.542986 -0.032931
v 0.395835 -1.537986 -0.027931
v 0.390835 -1.537986 -0.032931
v 0.395835 -1.542318 -0.030435
v 0.393339 -1.542318 -0.032931
v 0.393444 -1.541669 -0.030540
v 0.393339 -1.537986 -0.028599
v 0.395835 -1.540482 -0.028599
v 0.393444 -1.540377 -0.029248
v 0.391503 -1.540482 -0.032931
v 0.391503 -1.537986 -0.030435
v 0.392152 -1.540377 -0.030540
v 0.390835 -0.014601 -0.032931
v 0.395835 -0.014601 -0.027931
v 0.395835 -0.009600 -0.032931
v 0.391503 -0.014601 -0.030435
v 0.391503 -0.012104 -0.032931
v 0.392152 -0.012209 -0.030540
v 0.395835 -0.012104 -0.028599
v 0.393339 -0.014601 -0.028599
v 0.393444 -0.012209 -0.029248
v 0.393339 -0.010268 -0.032931
v 0.395835 -0.010268 -0.030435
v 0.393444 -0.010917 -0.030540
v 0.390835 -1.537986 -1.556317
v 0.395835 -1.537986 -1.561317
v 0.395835 -1.542986 -1.556317
v 0.391503 -1.537986 -1.558813
v 0.391503 -1.540482 -1.556317
v 0.392152 -1.540377 -1.558707
v 0.395835 -1.540482 -1.560649
v 0.393339 -1.537986 -1.560649
v 0.393444 -1.540377 -1.560000
v 0.393339 -1.542318 -1.556317
v 0.395835 -1.542318 -1.558813
v 0.393444 -1.541669 -1.558707
v 0.395835 -0.009600 -1.556317
v 0.395835 -0.014601 -1.561317
v 0.390835 -0.014601 -1.556317
v 0.395835 -0.010268 -1.558813
v 0.393339 -0.010268 -1.556317
v 0.393444 -0.010917 -1.558707
v 0.393339 -0.014601 -1.560649
v 0.395835 -0.012104 -1.560649
v 0.393444 -0.012209 -1.560000
v 0.391503 -0.012104 -1.556317
v 0.391503 -0.014601 -1.558813
v 0.392152 -0.012209 -1.558707
v 1.924220 -1.537986 -0.032931
v 1.919220 -1.537986 -0.027931
v 1.919220 -1.542986 -0.032931
v 1.923552 -1.537986 -0.030435
v 1.923552 -1.540482 -0.032931
v 1.922903 -1.540377 -0.030540
v 1.919220 -1.540482 -0.028599
v 1.921717 -1.537986 -0.028599
v 1.921611 -1.540377 -0.029248
v 1.921717 -1.542318 -0.032931
v 1.919220 -1.542318 -0.030435
v 1.921611 -1.541669 -0.030540
v 1.919220 -0.009600 -0.032931
v 1.919220 -0.014601 -0.027931
v 1.924220 -0.014601 -0.032931
v 1.919220 -0.010268 -0.030435
v 1.921717 -0.010268 -0.032931
v 1.921611 -0.010917 -0.030540
v 1.921717 -0.014601 -0.028599
v 1.919220 -0.012104 -0.028599
v 1.921611 -0.012209 -0.029248
v 1.923552 -0.012104 -0.032931
v 1.923552 -0.014601 -0.030435
v 1.922903 -0.012209 -0.030540
v 1.919220 -1.537986 -1.561317
v 1.924220 -1.537986 -1.556317
v 1.919220 -1.542986 -1.556317
v 1.921717 -1.537986 -1.560649
v 1.919220 -1.540482 -1.560649
v 1.921611 -1.540377 -1.560000
v 1.923552 -1.540482 -1.556317
v 1.923552 -1.537986 -1.558813
v 1.922903 -1.540377 -1.558707
v 1.919220 -1.542318 -1.558813
v 1.921717 -1.542318 -1.556317
v 1.921611 -1.541669 -1.558707
v 1.919220 -0.009600 -1.556317
v 1.924220 -0.014601 -1.556317
v 1.919220 -0.014601 -1.561317
v 1.921717 -0.010268 -1.556317
v 1.919220 -0.010268 -1.558813
v 1.921611 -0.010917 -1.558707
v 1.923552 -0.014601 -1.558813
v 1.923552 -0.012104 -1.556317
v 1.922903 -0.012209 -1.558707
v 1.919220 -0.012104 -1.560649
v 1.921717 -0.014601 -1.560649
v 1.921611 -0.012209 -1.560000
v -1.236363 -0.718971 0.359639
v -1.236363 -0.713971 0.364639
v -1.241363 -0.713971 0.359639
v -1.236363 -0.718303 0.362136
v -1.238860 -0.718303 0.359639
v -1.238754 -0.717655 0.362030
v -1.238860 -0.713971 0.363971
v -1.236363 -0.716468 0.363971
v -1.238754 -0.716362 0.363322
v -1.240695 -0.716468 0.359639
v -1.240695 -0.713971 0.362136
v -1.240046 -0.716362 0.362030
v -1.241363 0.584690 0.359639
v -1.236363 0.584690 0.364639
v -1.236363 0.589690 0.359639
v -1.240695 0.584690 0.362136
v -1.240695 0.587187 0.359639
v -1.240046 0.587081 0.362030
v -1.236363 0.587187 0.363971
v -1.238860 0.584690 0.363971
v -1.238754 0.587081 0.363322
v -1.238860 0.589022 0.359639
v -1.236363 0.589022 0.362136
v -1.238754 0.588373 0.362030
v -1.241363 -0.713971 -0.939022
v -1.236363 -0.713971 -0.944022
v -1.236363 -0.718971 -0.939022
v -1.240695 -0.713971 -0.941519
v -1.240695 -0.716468 -0.939022
v -1.240046 -0.716362 -0.941413
v -1.236363 -0.716468 -0.943354
v -1.238860 -0.713971 -0.943354
v -1.238754 -0.716362 -0.942705
v -1.238860 -0.718303 -0.939022
v -1.236363 -0.718303 -0.941519
v -1.238754 -0.717655 -0.941413
v -1.236363 0.589690 -0.939022
v -1.236363 0.584690 -0.944022
v -1.241363 0.584690 -0.939022
v -1.236363 0.589022 -0.941519
v -1.238860 0.589022 -0.939022
v -1.238754 0.588373 -0.941413
v -1.238860 0.584690 -0.943354
v -1.236363 0.587187 -0.943354
v -1.238754 0.587081 -0.942705
v -1.240695 0.587187 -0.939022
v -1.240695 0.584690 -0.941519
v -1.240046 0.587081 -0.941413
v 0.067298 -0.713971 0.359639
v 0.062298 -0.713971 0.364639
v 0.062298 -0.718971 0.359639
v 0.066630 -0.713971 0.362136
v 0.066630 -0.716468 0.359639
v 0.065981 -0.716362 0.362030
v 0.062298 -0.716468 0.363971
v 0.064794 -0.713971 0.363971
v 0.064689 -0.716362 0.363322
v 0.064794 -0.718303 0.359639
v 0.062298 -0.718303 0.362136
v 0.064689 -0.717655 0.362030
v 0.062298 0.589690 0.359639
v 0.062298 0.584690 0.364639
v 0.067298 0.584690 0.359639
v 0.062298 0.589022 0.362136
v 0.064794 0.589022 0.359639
v 0.064689 0.588373 0.362030
v 0.064794 0.584690 0.363971
v 0.062298 0.587187 0.363971
v 0.064689 0.587081 0.363322
v 0.066630 0.587187 0.359639
v 0.066630 0.584690 0.362136
v 0.065981 0.587081 0.362030
v 0.062298 -0.713971 -0.944022
v 0.067298 -0.713971 -0.939022
v 0.062298 -0.718971 -0.939022
v 0.064794 -0.713971 -0.943354
v 0.062298 -0.716468 -0.943354
v 0.064689 -0.716362 -0.942705
v 0.066630 -0.716468 -0.939022
v 0.066630 -0.713971 -0.941519
v 0.065981 -0.716362 -0.941413
v 0.062298 -0.718303 -0.941519
v 0.064794 -0.718303 -0.939022
v 0.064689 -0.717655 -0.941413
v 0.062298 0.589690 -0.939022
v 0.067298 0.584690 -0.939022
v 0.062298 0.584690 -0.944022
v 0.064794 0.589022 -0.939022
v 0.062298 0.589022 -0.941519
v 0.064689 0.588373 -0.941413
v 0.066630 0.584690 -0.941519
v 0.066630 0.587187 -0.939022
v 0.065981 0.587081 -0.941413
v 0.062298 0.587187 -0.943354
v 0.064794 0.584690 -0.943354
v 0.064689 0.587081 -0.942705
v -1.570360 -0.827758 -0.506527
v -1.570360 -0.822758 -0.501527
v -1.575360 -0.822758 -0.506527
v -1.570360 -0.827090 -0.504030
v -1.572857 -0.827090 -0.506527
v -1.572751 -0.826441 -0.504136
v -1.572857 -0.822758 -0.502195
v -1.570360 -0.825255 -0.502195
v -1.572751 -0.825149 -0.502844
v -1.574692 -0.825255 -0.506527
v -1.574692 -0.822758 -0.504030
v -1.574043 -0.825149 -0.504136
v -1.575360 0.065014 -0.506527
v -1.570360 0.065014 -0.501527
v -1.570360 0.070014 -0.506527
v -1.574692 0.065014 -0.504030
v -1.574692 0.067511 -0.506527
v -1.574043 0.067405 -0.504136
v -1.570360 0.067511 -0.502195
v -1.572857 0.065014 -0.502195
v -1.572751 0.067405 -0.502844
v -1.572857 0.069346 -0.506527
v -1.570360 0.069346 -0.504030
v -1.572751 0.068697 -0.504136
v -1.575360 -0.822758 -1.394299
v -1.570360 -0.822758 -1.399299
v -1.570360 -0.827758 -1.394299
v -1.574692 -0.822758 -1.396796
v -1.574692 -0.825255 -1.394299
v -1.574043 -0.825149 -1.396690
v -1.570360 -0.825255 -1.398631
v -1.572857 -0.822758 -1.398631
v -1.572751 -0.825149 -1.397982
v -1.572857 -0.827090 -1.394299
v -1.570360 -0.827090 -1.396796
v -1.572751 -0.826441 -1.396690
v -1.570360 0.070014 -1.394299
v -1.570360 0.065014 -1.399299
v -1.575360 0.065014 -1.394299
v -1.570360 0.069346 -1.396796
v -1.572857 0.069346 -1.394299
v -1.572751 0.068697 -1.396690
v -1.572857 0.065014 -1.398631
v -1.570360 0.067511 -1.398631
v -1.572751 0.067405 -1.397982
v -1.574692 0.067511 -1.394299
v -1.574692 0.065014 -1.396796
v -1.574043 0.067405 -1.396690
v -0.677588 -0.822758 -0.506527
v -0.682588 -0.822758 -0.501527
v -0.682588 -0.827758 -0.506527
v -0.678256 -0.822758 -0.504030
v -0.678256 -0.825255 -0.506527
v -0.678905 -0.825149 -0.504136
v -0.682588 -0.825255 -0.502195
v -0.680091 -0.822758 -0.502195
v -0.680197 -0.825149 -0.502844
v -0.680091 -0.827090 -0.506527
v -0.682588 -0.827090 -0.504030
v -0.680197 -0.826441 -0.504136
v -0.682588 0.070014 -0.506527
v -0.682588 0.065014 -0.501527
v -0.677588 0.065014 -0.506527
v -0.682588 0.069346 -0.504030
v -0.680091 0.069346 -0.506527
v -0.680197 0.068697 -0.504136
v -0.680091 0.065014 -0.502195
v -0.682588 0.067511 -0.502195
v -0.680197 0.067405 -0.502844
v -0.678256 0.067511 -0.506527
v -0.678256 0.065014 -0.504030
v -0.678905 0.067405 -0.504136
v -0.682588 -0.822758 -1.399299
v -0.677588 -0.822758 -1.394299
v -0.682588 -0.827758 -1.394299
v -0.680091 -0.822758 -1.398631
v -0.682588 -0.825255 -1.398631
v -0.680197 -0.825149 -1.397982
v -0.678256 -0.825255 -1.394299
v -0.678256 -0.822758 -1.396796
v -0.678905 -0.825149 -1.396690
v -0.682588 -0.827090 -1.396796
v -0.680091 -0.827090 -1.394299
v -0.680197 -0.826441 -1.396690
v -0.682588 0.070014 -1.394299
v -0.677588 0.065014 -1.394299
v -0.682588 0.065014 -1.399299
v -0.680091 0.069346 -1.394299
v -0.682588 0.069346 -1.396796
v -0.680197 0.068697 -1.396691
v -0.678256 0.065014 -1.396796
v -0.678256 0.067511 -1.394299
v -0.678905 0.067405 -1.396691
v -0.682588 0.067511 -1.398631
v -0.680091 0.065014 -1.398631
v -0.680197 0.067405 -1.397983
v -1.759103 -2.007773 -0.032931
v -1.759103 -2.002773 -0.027931
v -1.764104 -2.002773 -0.032931
v -1.759103 -2.007105 -0.030435
v -1.761600 -2.007105 -0.032931
v -1.761495 -2.006457 -0.030540
v -1.761600 -2.002773 -0.028599
v -1.759103 -2.005270 -0.028599
v -1.761495 -2.005164 -0.029248
v -1.763436 -2.005270 -0.032931
v -1.763436 -2.002773 -0.030435
v -1.762787 -2.005164 -0.030540
v -1.764104 -0.479388 -0.032931
v -1.759103 -0.479388 -0.027931
v -1.759103 -0.474388 -0.032931
v -1.763436 -0.479388 -0.030435
v -1.763436 -0.476891 -0.032931
v -1.762787 -0.476997 -0.030540
v -1.759103 -0.476891 -0.028599
v -1.761600 -0.479388 -0.028599
v -1.761495 -0.476997 -0.029248
v -1.761600 -0.475056 -0.032931
v -1.759103 -0.475056 -0.030435
v -1.761495 -0.475705 -0.030540
v -1.764104 -2.002773 -1.556317
v -1.759103 -2.002773 -1.561317
v -1.759103 -2.007773 -1.556317
v -1.763436 -2.002773 -1.558813
v -1.763436 -2.005270 -1.556317
v -1.762787 -2.005164 -1.558707
v -1.759103 -2.005270 -1.560649
v -1.761600 -2.002773 -1.560649
v -1.761495 -2.005164 -1.560000
v -1.761600 -2.007105 -1.556317
v -1.759103 -2.007105 -1.558813
v -1.761495 -2.006456 -1.558707
v -1.759103 -0.474388 -1.556317
v -1.759103 -0.479388 -1.561317
v -1.764104 -0.479388 -1.556317
v -1.759103 -0.475056 -1.558813
v -1.761600 -0.475056 -1.556317
v -1.761495 -0.475705 -1.558707
v -1.761600 -0.479388 -1.560649
v -1.759103 -0.476891 -1.560649
v -1.761495 -0.476997 -1.560000
v -1.763436 -0.476891 -1.556317
v -1.763436 -0.479388 -1.558813
v -1.762787 -0.476997 -1.558707
v -0.230719 -2.002773 -0.032931
v -0.235719 -2.002773 -0.027931
v -0.235719 -2.007773 -0.032931
v -0.231387 -2.002773 -0.030435
v -0.231387 -2.005270 -0.032931
v -0.232036 -2.005164 -0.030540
v -0.235719 -2.005270 -0.028599
v -0.233222 -2.002773 -0.028599
v -0.233328 -2.005164 -0.029248
v -0.233222 -2.007105 -0.032931
v -0.235719 -2.007105 -0.030435
v -0.233328 -2.006456 -0.030540
v -0.235719 -0.474388 -0.032931
v -0.235719 -0.479388 -0.027931
v -0.230719 -0.479388 -0.032931
v -0.235719 -0.475056 -0.030435
v -0.233222 -0.475056 -0.032931
v -0.233328 -0.475705 -0.030540
v -0.233222 -0.479388 -0.028599
v -0.235719 -0.476891 -0.028599
v -0.233328 -0.476997 -0.029248
v -0.231387 -0.476891 -0.032931
v -0.231387 -0.479388 -0.030435
v -0.232036 -0.476997 -0.030540
v -0.235719 -2.002773 -1.561317
v -0.230719 -2.002773 -1.556317
v -0.235719 -2.007773 -1.556317
v -0.233222 -2.002773 -1.560649
v -0.235719 -2.005270 -1.560649
v -0.233328 -2.005164 -1.560000
v -0.231387 -2.005270 -1.556317
v -0.231387 -2.002773 -1.558813
v -0.232036 -2.005164 -1.558707
v -0.235719 -2.007105 -1.558813
v -0.233222 -2.007105 -1.556317
v -0.233328 -2.006456 -1.558707
v -0.235719 -0.474388 -1.556317
v -0.230719 -0.479388 -1.556317
v -0.235719 -0.479388 -1.561317
v -0.233222 -0.475056 -1.556317
v -0.235719 -0.475056 -1.558813
v -0.233328 -0.475705 -1.558707
v -0.231387 -0.479388 -1.558813
v -0.231387 -0.476891 -1.556317
v -0.232036 -0.476997 -1.558707
v -0.235719 -0.476891 -1.560649
v -0.233222 -0.479388 -1.560649
v -0.233328 -0.476997 -1.560000
v -1.536295 0.849419 0.041454
v -1.536295 0.854419 0.046454
v -1.541295 0.854419 0.041454
v -1.536295 0.850087 0.043951
v -1.538792 0.850087 0.041454
v -1.538686 0.850736 0.043845
v -1.538792 0.854419 0.045786
v -1.536295 0.851923 0.045786
v -1.538686 0.852028 0.045137
v -1.540627 0.851923 0.041454
v -1.540627 0.854419 0.043951
v -1.539978 0.852028 0.043845
v -1.541295 1.459796 0.041454
v -1.536295 1.459796 0.046454
v -1.536295 1.464796 0.041454
v -1.540627 1.459796 0.043951
v -1.540627 1.462293 0.041454
v -1.539978 1.462187 0.043845
v -1.536295 1.462293 0.045786
v -1.538792 1.459796 0.045786
v -1.538686 1.462187 0.045137
v -1.538792 1.464128 0.041454
v -1.536295 1.464128 0.043951
v -1.538686 1.463479 0.043845
v -1.541295 0.854419 -1.523405
v -1.536295 0.854419 -1.528405
v -1.536295 0.849419 -1.523405
v -1.540627 0.854419 -1.525902
v -1.540627 0.851923 -1.523405
v -1.539978 0.852028 -1.525796
v -1.536295 0.851923 -1.527737
v -1.538792 0.854419 -1.527737
v -1.538686 0.852028 -1.527088
v -1.538792 0.850087 -1.523405
v -1.536295 0.850087 -1.525902
v -1.538686 0.850736 -1.525796
v -1.536295 1.464796 -1.523405
v -1.536295 1.459796 -1.528405
v -1.541295 1.459796 -1.523405
v -1.536295 1.464128 -1.525902
v -1.538792 1.464128 -1.523405
v -1.538686 1.463479 -1.525796
v -1.538792 1.459796 -1.527737
v -1.536295 1.462293 -1.527737
v -1.538686 1.462187 -1.527088
v -1.540627 1.462293 -1.523405
v -1.540627 1.459796 -1.525902
v -1.539978 1.462187 -1.525796
v 0.033564 0.854419 0.041454
v 0.028564 0.854419 0.046454
v 0.028564 0.849419 0.041454
v 0.032896 0.854419 0.043951
v 0.032896 0.851923 0.041454
v 0.032248 0.852028 0.043845
v 0.028564 0.851923 0.045786
v 0.031061 0.854419 0.045786
v 0.030955 0.852028 0.045137
v 0.031061 0.850087 0.041454
v 0.028564 0.850087 0.043951
v 0.030955 0.850736 0.043845
v 0.028564 1.464796 0.041454
v 0.028564 1.459796 0.046454
v 0.033564 1.459796 0.041454
v 0.028564 1.464128 0.043951
v 0.031061 1.464128 0.041454
v 0.030956 1.463479 0.043845
v 0.031061 1.459796 0.045786
v 0.028564 1.462293 0.045786
v 0.030956 1.462187 0.045137
v 0.032896 1.462293 0.041454
v 0.032896 1.459796 0.043951
v 0.032248 1.462187 0.043845
v 0.028564 0.854419 -1.528405
v 0.033564 0.854419 -1.523405
v 0.028564 0.849419 -1.523405
v 0.031061 0.854419 -1.527737
v 0.028564 0.851923 -1.527737
v 0.030955 0.852028 -1.527088
v 0.032896 0.851923 -1.523405
v 0.032896 0.854419 -1.525902
v 0.032248 0.852028 -1.525796
v 0.028564 0.850087 -1.525902
v 0.031061 0.850087 -1.523405
v 0.030955 0.850736 -1.525796
v 0.028564 1.464796 -1.523405
v 0.033564 1.459796 -1.523405
v 0.028564 1.459796 -1.528405
v 0.031061 1.464128 -1.523405
v 0.028564 1.464128 -1.525902
v 0.030955 1.463479 -1.525797
v 0.032896 1.459796 -1.525902
v 0.032896 1.462293 -1.523405
v 0.032248 1.462187 -1.525797
v 0.028564 1.462293 -1.527737
v 0.031061 1.459796 -1.527737
v 0.030955 1.462187 -1.527089
v -1.317539 1.207770 -0.231115
v -1.317539 1.212770 -0.226115
v -1.322539 1.212770 -0.231115
v -1.317539 1.208438 -0.228618
v -1.320035 1.208438 -0.231115
v -1.319930 1.209087 -0.228724
v -1.320035 1.212770 -0.226783
v -1.317539 1.210273 -0.226783
v -1.319930 1.210379 -0.227432
v -1.321871 1.210273 -0.231115
v -1.321871 1.212770 -0.228618
v -1.321222 1.210379 -0.228724
v -1.322539 2.339788 -0.231115
v -1.317539 2.339788 -0.226115
v -1.317539 2.344788 -0.231115
v -1.321871 2.339788 -0.228618
v -1.321871 2.342284 -0.231115
v -1.321222 2.342179 -0.228724
v -1.317539 2.342284 -0.226783
v -1.320035 2.339788 -0.226783
v -1.319930 2.342179 -0.227432
v -1.320035 2.344120 -0.231115
v -1.317539 2.344120 -0.228618
v -1.319930 2.343471 -0.228724
v -1.322539 1.212770 -1.358133
v -1.317539 1.212770 -1.363133
v -1.317539 1.207770 -1.358133
v -1.321871 1.212770 -1.360630
v -1.321871 1.210273 -1.358133
v -1.321222 1.210379 -1.360524
v -1.317539 1.210273 -1.362465
v -1.320035 1.212770 -1.362465
v -1.319930 1.210379 -1.361816
v -1.320035 1.208438 -1.358133
v -1.317539 1.208438 -1.360630
v -1.319930 1.209087 -1.360524
v -1.317539 2.344788 -1.358133
v -1.317539 2.339788 -1.363133
v -1.322539 2.339788 -1.358133
v -1.317539 2.344120 -1.360630
v -1.320035 2.344120 -1.358133
v -1.319930 2.343471 -1.360524
v -1.320035 2.339788 -1.362465
v -1.317539 2.342284 -1.362465
v -1.319930 2.342179 -1.361816
v -1.321871 2.342284 -1.358133
v -1.321871 2.339788 -1.360630
v -1.321222 2.342179 -1.360524
v -0.185521 1.212770 -0.231115
v -0.190521 1.212770 -0.226115
v -0.190521 1.207770 -0.231115
v -0.186189 1.212770 -0.228618
v -0.186189 1.210273 -0.231115
v -0.186838 1.210379 -0.228724
v -0.190521 1.210273 -0.226783
v -0.188024 1.212770 -0.226783
v -0.188130 1.210379 -0.227432
v -0.188024 1.208438 -0.231115
v -0.190521 1.208438 -0.228618
v -0.188130 1.209087 -0.228724
v -0.190521 2.344788 -0.231115
v -0.190521 2.339788 -0.226115
v -0.185521 2.339788 -0.231115
v -0.190521 2.344120 -0.228618
v -0.188024 2.344120 -0.231115
v -0.188130 2.343471 -0.228724
v -0.188024 2.339788 -0.226783
v -0.190521 2.342284 -0.226783
v -0.188130 2.342179 -0.227432
v -0.186189 2.342284 -0.231115
v -0.186189 2.339788 -0.228618
v -0.186838 2.342179 -0.228724
v -0.190521 1.212770 -1.363133
v -0.185521 1.212770 -1.358133
v -0.190521 1.207770 -1.358133
v -0.188024 1.212770 -1.362465
v -0.190521 1.210273 -1.362465
v -0.188130 1.210379 -1.361816
v -0.186189 1.210273 -1.358133
v -0.186189 1.212770 -1.360630
v -0.186838 1.210379 -1.360524
v -0.190521 1.208438 -1.360630
v -0.188024 1.208438 -1.358133
v -0.188130 1.209087 -1.360524
v -0.190521 2.344788 -1.358133
v -0.185521 2.339788 -1.358133
v -0.190521 2.339788 -1.363133
v -0.188024 2.344120 -1.358133
v -0.190521 2.344120 -1.360630
v -0.188130 2.343471 -1.360524
v -0.186189 2.339788 -1.360630
v -0.186189 2.342284 -1.358133
v -0.186838 2.342179 -1.360524
v -0.190521 2.342284 -1.362465
v -0.188024 2.339788 -1.362465
v -0.188130 2.342179 -1.361816
v -0.739255 -0.002029 0.336773
v -0.739255 0.002971 0.341773
v -0.744255 0.002971 0.336773
v -0.739255 -0.001361 0.339270
v -0.741752 -0.001361 0.336773
v -0.741646 -0.000712 0.339164
v -0.741752 0.002971 0.341105
v -0.739255 0.000474 0.341105
v -0.741646 0.000580 0.340457
v -0.743587 0.000474 0.336773
v -0.743587 0.002971 0.339270
v -0.742938 0.000580 0.339164
v -0.744255 1.081712 0.336773
v -0.739255 1.081712 0.341773
v -0.739255 1.086712 0.336773
v -0.743587 1.081712 0.339270
v -0.743587 1.084209 0.336773
v -0.742938 1.084103 0.339164
v -0.739255 1.084209 0.341105
v -0.741752 1.081712 0.341105
v -0.741646 1.084103 0.340457
v -0.741752 1.086044 0.336773
v -0.739255 1.086044 0.339270
v -0.741646 1.085395 0.339164
v -0.744255 0.002971 -0.741968
v -0.739255 0.002971 -0.746968
v -0.739255 -0.002029 -0.741968
v -0.743587 0.002971 -0.744464
v -0.743587 0.000474 -0.741968
v -0.742938 0.000580 -0.744359
v -0.739255 0.000474 -0.746300
v -0.741752 0.002971 -0.746300
v -0.741646 0.000580 -0.745651
v -0.741752 -0.001361 -0.741968
v -0.739255 -0.001361 -0.744464
v -0.741646 -0.000712 -0.744359
v -0.739255 1.086712 -0.741968
v -0.739255 1.081712 -0.746968
v -0.744255 1.081712 -0.741968
v -0.739255 1.086044 -0.744464
v -0.741752 1.086044 -0.741968
v -0.741646 1.085395 -0.744359
v -0.741752 1.081712 -0.746300
v -0.739255 1.084209 -0.746300
v -0.741646 1.084103 -0.745651
v -0.743587 1.084209 -0.741968
v -0.743587 1.081712 -0.744464
v -0.742938 1.084103 -0.744359
v 0.344486 0.002971 0.336773
v 0.339486 0.002971 0.341773
v 0.339486 -0.002029 0.336773
v 0.343818 0.002971 0.339270
v 0.343818 0.000474 0.336773
v 0.343169 0.000580 0.339164
v 0.339486 0.000474 0.341105
v 0.341983 0.002971 0.341105
v 0.341877 0.000580 0.340457
v 0.341983 -0.001361 0.336773
v 0.339486 -0.001361 0.339270
v 0.341877 -0.000712 0.339164
v 0.339486 1.086712 0.336773
v 0.339486 1.081712 0.341773
v 0.344486 1.081712 0.336773
v 0.339486 1.086044 0.339270
v 0.341983 1.086044 0.336773
v 0.341877 1.085395 0.339164
v 0.341983 1.081712 0.341105
v 0.339486 1.084209 0.341105
v 0.341877 1.084103 0.340457
v 0.343818 1.084209 0.336773
v 0.343818 1.081712 0.339270
v 0.343169 1.084103 0.339164
v 0.339486 0.002971 -0.746968
v 0.344486 0.002971 -0.741968
v 0.339486 -0.002029 -0.741968
v 0.341983 0.002971 -0.746300
v 0.339486 0.000474 -0.746300
v 0.341877 0.000580 -0.745651
v 0.343818 0.000474 -0.741968
v 0.343818 0.002971 -0.744464
v 0.343169 0.000580 -0.744359
v 0.339486 -0.001361 -0.744464
v 0.341983 -0.001361 -0.741968
v 0.341877 -0.000712 -0.744359
v 0.339486 1.086712 -0.741968
v 0.344486 1.081712 -0.741968
v 0.339486 1.081712 -0.746968
v 0.341983 1.086044 -0.741968
v 0.339486 1.086044 -0.744464
v 0.341877 1.085395 -0.744359
v 0.343818 1.081712 -0.744464
v 0.343818 1.084209 -0.741968
v 0.343169 1.084103 -0.744359
v 0.339486 1.084209 -0.746300
v 0.341983 1.081712 -0.746300
v 0.341877 1.084103 -0.745651
v 0.861335 -0.369448 0.030447
v 0.861335 -0.364447 0.035447
v 0.856335 -0.364447 0.030447
v 0.861335 -0.368779 0.032944
v 0.858839 -0.368779 0.030447
v 0.858944 -0.368131 0.032838
v 0.858839 -0.364447 0.034779
v 0.861335 -0.366944 0.034779
v 0.858944 -0.366839 0.034130
v 0.857003 -0.366944 0.030447
v 0.857003 -0.364447 0.032944
v 0.857652 -0.366839 0.032838
v 0.856335 1.158938 0.030447
v 0.861335 1.158938 0.035447
v 0.861335 1.163938 0.030447
v 0.857003 1.158938 0.032944
v 0.857003 1.161434 0.030447
v 0.857652 1.161329 0.032838
v 0.861335 1.161434 0.034779
v 0.858839 1.158938 0.034779
v 0.858944 1.161329 0.034130
v 0.858839 1.163270 0.030447
v 0.861335 1.163270 0.032944
v 0.858944 1.162621 0.032838
v 0.856335 -0.364447 -1.492938
v 0.861335 -0.364447 -1.497938
v 0.861335 -0.369448 -1.492938
v 0.857003 -0.364447 -1.495435
v 0.857003 -0.366944 -1.492938
v 0.857652 -0.366839 -1.495329
v 0.861335 -0.366944 -1.497270
v 0.858839 -0.364447 -1.497270
v 0.858944 -0.366839 -1.496621
v 0.858839 -0.368779 -1.492938
v 0.861335 -0.368779 -1.495435
v 0.858944 -0.368131 -1.495329
v 0.861335 1.163938 -1.492938
v 0.861335 1.158938 -1.497938
v 0.856335 1.158938 -1.492938
v 0.861335 1.163270 -1.495435
v 0.858839 1.163270 -1.492938
v 0.858944 1.162621 -1.495329
v 0.858839 1.158938 -1.497270
v 0.861335 1.161434 -1.497270
v 0.858944 1.161329 -1.496621
v 0.857003 1.161434 -1.492938
v 0.857003 1.158938 -1.495435
v 0.857652 1.161329 -1.495329
v 1.567435 -0.364447 0.030447
v 1.562435 -0.364447 0.035447
v 1.562435 -0.369448 0.030447
v 1.566767 -0.364447 0.032944
v 1.566767 -0.366944 0.030447
v 1.566118 -0.366839 0.032838
v 1.562435 -0.366944 0.034779
v 1.564932 -0.364447 0.034779
v 1.564826 -0.366839 0.034130
v 1.564932 -0.368779 0.030447
v 1.562435 -0.368779 0.032944
v 1.564826 -0.368131 0.032838
v 1.562435 1.163938 0.030447
v 1.562435 1.158938 0.035447
v 1.567435 1.158938 0.030447
v 1.562435 1.163270 0.032944
v 1.564932 1.163270 0.030447
v 1.564826 1.162621 0.032838
v 1.564932 1.158938 0.034779
v 1.562435 1.161434 0.034779
v 1.564826 1.161329 0.034130
v 1.566767 1.161434 0.030447
v 1.566767 1.158938 0.032944
v 1.566118 1.161329 0.032838
v 1.562435 -0.364447 -1.497938
v 1.567435 -0.364447 -1.492938
v 1.562435 -0.369448 -1.492938
v 1.564932 -0.364447 -1.497270
v 1.562435 -0.366944 -1.497270
v 1.564826 -0.366839 -1.496621
v 1.566767 -0.366944 -1.492938
v 1.566767 -0.364447 -1.495435
v 1.566118 -0.366839 -1.495329
v 1.562435 -0.368779 -1.495435
v 1.564932 -0.368779 -1.492938
v 1.564826 -0.368131 -1.495329
v 1.562435 1.163938 -1.492938
v 1.567435 1.158938 -1.492938
v 1.562435 1.158938 -1.497938
v 1.564932 1.163270 -1.492938
v 1.562435 1.163270 -1.495435
v 1.564826 1.162621 -1.495329
v 1.566767 1.158938 -1.495435
v 1.566767 1.161434 -1.492938
v 1.566118 1.161329 -1.495329
v 1.562435 1.161434 -1.497270
v 1.564932 1.158938 -1.497270
v 1.564826 1.161329 -1.496621
v 0.204726 -1.884109 0.472001
v 0.204726 -1.879109 0.477001
v 0.199726 -1.879109 0.472001
v 0.204726 -1.883441 0.474498
v 0.202229 -1.883441 0.472001
v 0.202335 -1.882792 0.474392
v 0.202229 -1.879109 0.476333
v 0.204726 -1.881605 0.476333
v 0.202335 -1.881500 0.475684
v 0.200394 -1.881605 0.472001
v 0.200394 -1.879109 0.474498
v 0.201043 -1.881500 0.474392
v 0.199726 -1.394713 0.472001
v 0.204726 -1.394713 0.477001
v 0.204726 -1.389713 0.472001
v 0.200394 -1.394713 0.474498
v 0.200394 -1.392216 0.472001
v 0.201043 -1.392322 0.474392
v 0.204726 -1.392216 0.476333
v 0.202229 -1.394713 0.476333
v 0.202335 -1.392322 0.475684
v 0.202229 -1.390381 0.472001
v 0.204726 -1.390381 0.474498
v 0.202335 -1.391030 0.474392
v 0.199726 -1.879109 -1.051384
v 0.204726 -1.879109 -1.056384
v 0.204726 -1.884109 -1.051384
v 0.200394 -1.879109 -1.053880
v 0.200394 -1.881605 -1.051384
v 0.201043 -1.881500 -1.053775
v 0.204726 -1.881605 -1.055716
v 0.202229 -1.879109 -1.055716
v 0.202335 -1.881500 -1.055067
v 0.202229 -1.883441 -1.051384
v 0.204726 -1.883441 -1.053880
v 0.202335 -1.882792 -1.053775
v 0.204726 -1.389713 -1.051384
v 0.204726 -1.394713 -1.056384
v 0.199726 -1.394713 -1.051384
v 0.204726 -1.390381 -1.053880
v 0.202229 -1.390381 -1.051384
v 0.202335 -1.391030 -1.053775
v 0.202229 -1.394713 -1.055716
v 0.204726 -1.392216 -1.055716
v 0.202335 -1.392322 -1.055067
v 0.200394 -1.392216 -1.051384
v 0.200394 -1.394713 -1.053880
v 0.201043 -1.392322 -1.053775
v 1.411612 -1.879109 0.472001
v 1.406612 -1.879109 0.477001
v 1.406612 -1.884109 0.472001
v 1.410944 -1.879109 0.474498
v 1.410944 -1.881605 0.472001
v 1.410295 -1.881500 0.474392
v 1.406612 -1.881605 0.476333
v 1.409108 -1.879109 0.476333
v 1.409003 -1.881500 0.475684
v 1.409108 -1.883441 0.472001
v 1.406612 -1.883441 0.474498
v 1.409003 -1.882792 0.474392
v 1.406612 -1.389713 0.472001
v 1.406612 -1.394713 0.477001
v 1.411612 -1.394713 0.472001
v 1.406612 -1.390381 0.474498
v 1.409108 -1.390381 0.472001
v 1.409003 -1.391030 0.474392
v 1.409108 -1.394713 0.476333
v 1.406612 -1.392216 0.476333
v 1.409003 -1.392322 0.475684
v 1.410944 -1.392216 0.472001
v 1.410944 -1.394713 0.474498
v 1.410295 -1.392322 0.474392
v 1.406612 -1.879109 -1.056384
v 1.411612 -1.879109 -1.051384
v 1.406612 -1.884109 -1.051384
v 1.409108 -1.879109 -1.055716
v 1.406612 -1.881605 -1.055716
v 1.409003 -1.881500 -1.055067
v 1.410944 -1.881605 -1.051384
v 1.410944 -1.879109 -1.053880
v 1.410295 -1.881500 -1.053775
v 1.406612 -1.883441 -1.053880
v 1.409108 -1.883441 -1.051384
v 1.409003 -1.882792 -1.053775
v 1.406612 -1.389713 -1.051384
v 1.411612 -1.394713 -1.051384
v 1.406612 -1.394713 -1.056384
v 1.409108 -1.390381 -1.051384
v 1.406612 -1.390381 -1.053880
v 1.409003 -1.391030 -1.053775
v 1.410944 -1.394713 -1.053880
v 1.410944 -1.392216 -1.051384
v 1.410295 -1.392322 -1.053775
v 1.406612 -1.392216 -1.055716
v 1.409108 -1.394713 -1.055716
v 1.409003 -1.392322 -1.055067
v -0.017877 -0.910825 0.914122
v -0.017877 -0.905825 0.919122
v -0.022877 -0.905825 0.914122
v -0.017877 -0.910157 0.916619
v -0.020373 -0.910157 0.914122
v -0.020268 -0.909508 0.916513
v -0.020373 -0.905825 0.918454
v -0.017877 -0.908322 0.918454
v -0.020268 -0.908216 0.917805
v -0.022209 -0.908322 0.914122
v -0.022209 -0.905825 0.916619
v -0.021560 -0.908216 0.916513
v -0.022877 0.229898 0.914122
v -0.017877 0.229898 0.919122
v -0.017877 0.234898 0.914122
v -0.022209 0.229898 0.916619
v -0.022209 0.232395 0.914122
v -0.021560 0.232289 0.916513
v -0.017877 0.232395 0.918454
v -0.020373 0.229898 0.918454
v -0.020268 0.232289 0.917805
v -0.020373 0.234230 0.914122
v -0.017877 0.234230 0.916619
v -0.020268 0.233581 0.916513
v -0.022877 -0.905825 -0.221601
v -0.017877 -0.905825 -0.226601
v -0.017877 -0.910825 -0.221601
v -0.022209 -0.905825 -0.224098
v -0.022209 -0.908322 -0.221601
v -0.021560 -0.908216 -0.223992
v -0.017877 -0.908322 -0.225933
v -0.020373 -0.905825 -0.225933
v -0.020268 -0.908216 -0.225284
v -0.020373 -0.910157 -0.221601
v -0.017877 -0.910157 -0.224098
v -0.020268 -0.909508 -0.223992
v -0.017877 0.234898 -0.221601
v -0.017877 0.229898 -0.226601
v -0.022877 0.229898 -0.221601
v -0.017877 0.234230 -0.224098
v -0.020373 0.234230 -0.221601
v -0.020268 0.233581 -0.223992
v -0.020373 0.229898 -0.225933
v -0.017877 0.232395 -0.225933
v -0.020268 0.232289 -0.225284
v -0.022209 0.232395 -0.221601
v -0.022209 0.229898 -0.224098
v -0.021560 0.232289 -0.223992
v 1.122847 -0.905825 0.914122
v 1.117847 -0.905825 0.919122
v 1.117847 -0.910825 0.914122
v 1.122178 -0.905825 0.916619
v 1.122178 -0.908322 0.914122
v 1.121530 -0.908216 0.916513
v 1.117846 -0.908322 0.918454
v 1.120343 -0.905825 0.918454
v 1.120237 -0.908216 0.917805
v 1.120343 -0.910157 0.914122
v 1.117846 -0.910157 0.916619
v 1.120237 -0.909508 0.916513
v 1.117847 0.234898 0.914122
v 1.117847 0.229898 0.919122
v 1.122847 0.229898 0.914122
v 1.117846 0.234230 0.916619
v 1.120343 0.234230 0.914122
v 1.120237 0.233581 0.916513
v 1.120343 0.229898 0.918454
v 1.117846 0.232395 0.918454
v 1.120237 0.232289 0.917805
v 1.122178 0.232395 0.914122
v 1.122178 0.229898 0.916619
v 1.121530 0.232289 0.916513
v 1.117847 -0.905825 -0.226601
v 1.122847 -0.905825 -0.221601
v 1.117847 -0.910825 -0.221601
v 1.120343 -0.905825 -0.225933
v 1.117846 -0.908322 -0.225933
v 1.120237 -0.908216 -0.225284
v 1.122178 -0.908322 -0.221601
v 1.122178 -0.905825 -0.224098
v 1.121530 -0.908216 -0.223992
v 1.117846 -0.910157 -0.224098
v 1.120343 -0.910157 -0.221601
v 1.120237 -0.909508 -0.223992
v 1.117847 0.234898 -0.221601
v 1.122847 0.229898 -0.221601
v 1.117847 0.229898 -0.226601
v 1.120343 0.234230 -0.221601
v 1.117846 0.234230 -0.224098
v 1.120237 0.233581 -0.223992
v 1.122178 0.229898 -0.224098
v 1.122178 0.232395 -0.221601
v 1.121530 0.232289 -0.223992
v 1.117846 0.232395 -0.225933
v 1.120343 0.229898 -0.225933
v 1.120237 0.232289 -0.225284
v -1.939331 -1.847310 2.204126
v -1.939331 -1.842310 2.209126
v -1.944332 -1.842310 2.204126
v -1.939331 -1.846643 2.206622
v -1.941828 -1.846643 2.204126
v -1.941723 -1.845994 2.206517
v -1.941828 -1.842310 2.208458
v -1.939331 -1.844807 2.208458
v -1.941723 -1.844702 2.207809
v -1.943664 -1.844807 2.204126
v -1.943664 -1.842310 2.206622
v -1.943015 -1.844702 2.206517
v -1.944332 2.328174 2.204126
v -1.939331 2.328174 2.209126
v -1.939331 2.333174 2.204126
v -1.943664 2.328175 2.206622
v -1.943664 2.330671 2.204126
v -1.943015 2.330566 2.206517
v -1.939331 2.330671 2.208458
v -1.941828 2.328175 2.208458
v -1.941723 2.330566 2.207809
v -1.941828 2.332506 2.204126
v -1.939331 2.332506 2.206622
v -1.941723 2.331858 2.206517
v -1.944332 -1.842310 -1.399260
v -1.939331 -1.842310 -1.404260
v -1.939331 -1.847310 -1.399260
v -1.943664 -1.842310 -1.401757
v -1.943664 -1.844807 -1.399260
v -1.943015 -1.844702 -1.401651
v -1.939331 -1.844807 -1.403592
v -1.941828 -1.842310 -1.403592
v -1.941723 -1.844702 -1.402943
v -1.941828 -1.846643 -1.399260
v -1.939331 -1.846643 -1.401757
v -1.941723 -1.845994 -1.401651
v -1.939331 2.333174 -1.399260
v -1.939331 2.328174 -1.404260
v -1.944332 2.328174 -1.399260
v -1.939331 2.332506 -1.401757
v -1.941828 2.332506 -1.399260
v -1.941723 2.331858 -1.401651
v -1.941828 2.328175 -1.403592
v -1.939331 2.330671 -1.403592
v -1.941723 2.330566 -1.402943
v -1.943664 2.330671 -1.399260
v -1.943664 2.328175 -1.401757
v -1.943015 2.330566 -1.401651
v 1.696297 2.333174 2.204126
v 1.696297 2.328174 2.209126
v 1.701298 2.328174 2.204126
v 1.696297 2.332506 2.206622
v 1.698794 2.332506 2.204126
v 1.698688 2.331858 2.206517
v 1.698794 2.328175 2.208458
v 1.696297 2.330671 2.208458
v 1.698688 2.330566 2.207809
v 1.700629 2.330671 2.204126
v 1.700629 2.328175 2.206622
v 1.699981 2.330566 2.206517
v 1.696297 -1.842310 -1.404260
v 1.701298 -1.842310 -1.399260
v 1.696297 -1.847310 -1.399260
v 1.698794 -1.842310 -1.403592
v 1.696297 -1.844807 -1.403592
v 1.698688 -1.844702 -1.402943
v 1.700629 -1.844807 -1.399260
v 1.700629 -1.842310 -1.401757
v 1.699981 -1.844702 -1.401651
v 1.696297 -1.846643 -1.401757
v 1.698794 -1.846643 -1.399260
v 1.698688 -1.845994 -1.401651
v 1.696297 2.333174 -1.399260
v 1.701298 2.328174 -1.399260
v 1.696297 2.328174 -1.404260
v 1.698794 2.332506 -1.399260
v 1.696297 2.332506 -1.401757
v 1.698688 2.331858 -1.401651
v 1.700629 2.328175 -1.401757
v 1.700629 2.330671 -1.399260
v 1.699981 2.330566 -1.401651
v 1.696297 2.330671 -1.403592
v 1.698794 2.328175 -1.403592
v 1.698688 2.330566 -1.402943
v -1.939331 0.242932 2.209126
v -1.944332 0.242932 2.204126
v -1.941832 0.242932 2.208456
v -1.943662 0.242932 2.206626
v -1.939331 0.242932 -1.404260
v -1.944332 0.242932 -1.399260
v -1.941832 0.242932 -1.403590
v -1.943662 0.242932 -1.401760
v 1.701298 0.242932 -1.399260
v 1.696297 0.242932 -1.404260
v 1.700628 0.242932 -1.401760
v 1.698798 0.242932 -1.403590
v 1.696297 0.247932 2.209126
v 1.696297 0.242932 2.204126
v 1.701298 0.247932 2.204126
v 1.696297 0.245435 2.208458
v 1.698794 0.247932 2.208458
v 1.698688 0.245541 2.207809
v 1.698794 0.243600 2.204126
v 1.696297 0.243600 2.206622
v 1.698688 0.244249 2.206517
v 1.700629 0.247932 2.206622
v 1.700629 0.245435 2.204126
v 1.699981 0.245541 2.206517
v -1.939331 -1.847310 0.118884
v -1.944332 -1.842310 0.118884
v -1.941832 -1.846641 0.118884
v -1.943662 -1.844811 0.118884
v -1.939331 2.333174 0.118884
v -1.944332 2.328174 0.118884
v -1.941832 2.332504 0.118884
v -1.943662 2.330674 0.118884
v 1.696297 -1.842310 0.118884
v 1.696297 -1.847310 0.113884
v 1.701298 -1.842310 0.113884
v 1.696297 -1.844807 0.118216
v 1.698794 -1.842310 0.118216
v 1.698688 -1.844702 0.117567
v 1.698794 -1.846643 0.113883
v 1.696297 -1.846643 0.116380
v 1.698688 -1.845994 0.116275
v 1.700629 -1.842310 0.116380
v 1.700629 -1.844807 0.113883
v 1.699981 -1.844702 0.116275
v 1.696297 2.333174 0.118884
v 1.701298 2.328174 0.118884
v 1.698798 2.332504 0.118884
v 1.700628 2.330674 0.118884
v 1.696297 0.242932 0.123884
v 1.696297 0.237932 0.118884
v 1.701298 0.247932 0.113884
v 1.696297 0.242190 0.121429
v 1.698741 0.243667 0.120706
v 1.698665 0.242928 0.119719
v 1.698741 0.241110 0.118149
v 1.696297 0.240386 0.119625
v 1.698665 0.242097 0.118888
v 1.700563 0.245489 0.117061
v 1.700563 0.244754 0.116327
v 1.700008 0.243771 0.118044
v -0.203531 -1.847310 -1.399260
v -0.203531 -1.842310 -1.404260
v -0.203531 -1.846641 -1.401760
v -0.203531 -1.844811 -1.403590
v -0.203531 2.333174 -1.399260
v -0.203531 2.328174 -1.404260
v -0.203531 2.332504 -1.401760
v -0.203531 2.330674 -1.403590
v -0.208531 -1.847310 2.204126
v -0.203531 -1.842310 2.204126
v -0.208531 -1.842310 2.209126
v -0.206035 -1.846643 2.204126
v -0.208531 -1.846643 2.206622
v -0.206140 -1.845994 2.206517
v -0.204199 -1.842310 2.206622
v -0.204199 -1.844807 2.204126
v -0.204848 -1.844702 2.206517
v -0.208531 -1.844807 2.208458
v -0.206035 -1.842310 2.208458
v -0.206140 -1.844702 2.207809
v -0.203531 2.333174 2.204126
v -0.203531 2.328174 2.209126
v -0.203531 2.332504 2.206626
v -0.203531 2.330674 2.208456
v -0.198531 0.242932 2.204126
v -0.208531 0.247932 2.209126
v -0.203531 0.237932 2.204126
v -0.201709 0.243667 2.206569
v -0.200985 0.242190 2.204126
v -0.202696 0.242928 2.206494
v -0.206088 0.244754 2.208391
v -0.205353 0.245489 2.208391
v -0.204371 0.243771 2.207837
v -0.202789 0.240386 2.204126
v -0.204266 0.241110 2.206569
v -0.203527 0.242097 2.206494
v -0.198531 -1.842310 0.118884
v -0.203531 -1.842310 0.123884
v -0.208531 -1.847310 0.113884
v -0.200985 -1.842310 0.119625
v -0.201709 -1.844754 0.118149
v -0.202696 -1.844678 0.118888
v -0.204266 -1.844754 0.120706
v -0.202789 -1.842310 0.121429
v -0.203527 -1.844678 0.119719
v -0.205354 -1.846576 0.116327
v -0.206088 -1.846576 0.117061
v -0.204371 -1.846021 0.118044
v -0.198531 0.237932 0.118884
v -0.198531 0.242932 0.123884
v -0.203531 0.237932 0.123884
v -0.198531 0.240429 0.119552
v -0.201028 0.237932 0.119552
v -0.200922 0.240323 0.120200
v -0.201028 0.242264 0.123883
v -0.198531 0.242264 0.121387
v -0.200922 0.241615 0.121492
v -0.202863 0.237932 0.121387
v -0.202863 0.240429 0.123883
v -0.202214 0.240323 0.121492
v -0.073822 0.627656 -0.010821
v -0.073822 0.632656 -0.005821
v -0.078822 0.632656 -0.010821
v -0.073822 0.628324 -0.008325
v -0.076319 0.628324 -0.010821
v -0.076214 0.628973 -0.008430
v -0.076319 0.632656 -0.006489
v -0.073822 0.630159 -0.006489
v -0.076214 0.630265 -0.007138
v -0.078154 0.630159 -0.010821
v -0.078154 0.632656 -0.008325
v -0.077506 0.630265 -0.008430
v -0.078822 1.447396 -0.010821
v -0.073822 1.447396 -0.005821
v -0.073822 1.452397 -0.010821
v -0.078154 1.447396 -0.008325
v -0.078154 1.449893 -0.010821
v -0.077506 1.449788 -0.008430
v -0.073822 1.449893 -0.006489
v -0.076319 1.447396 -0.006489
v -0.076214 1.449788 -0.007138
v -0.076319 1.451729 -0.010821
v -0.073822 1.451729 -0.008325
v -0.076214 1.451080 -0.008430
v -0.078822 0.632656 -1.960713
v -0.073822 0.632656 -1.965713
v -0.073822 0.627656 -1.960713
v -0.078154 0.632656 -1.963210
v -0.078154 0.630159 -1.960713
v -0.077506 0.630265 -1.963104
v -0.073822 0.630159 -1.965045
v -0.076319 0.632656 -1.965045
v -0.076214 0.630265 -1.964396
v -0.076319 0.628324 -1.960713
v -0.073822 0.628324 -1.963210
v -0.076214 0.628973 -1.963104
v -0.073822 1.452397 -1.960713
v -0.073822 1.447396 -1.965713
v -0.078822 1.447396 -1.960713
v -0.073822 1.451729 -1.963210
v -0.076319 1.451729 -1.960713
v -0.076214 1.451080 -1.963104
v -0.076319 1.447396 -1.965045
v -0.073822 1.449893 -1.965045
v -0.076214 1.449788 -1.964396
v -0.078154 1.449893 -1.960713
v -0.078154 1.447396 -1.963210
v -0.077506 1.449788 -1.963104
v 1.881069 0.632656 -0.010821
v 1.876068 0.632656 -0.005821
v 1.876068 0.627656 -0.010821
v 1.880400 0.632656 -0.008325
v 1.880400 0.630159 -0.010821
v 1.879752 0.630265 -0.008430
v 1.876068 0.630159 -0.006489
v 1.878565 0.632656 -0.006489
v 1.878460 0.630265 -0.007138
v 1.878565 0.628324 -0.010821
v 1.876068 0.628324 -0.008325
v 1.878460 0.628973 -0.008430
v 1.876068 1.452397 -0.010821
v 1.876068 1.447396 -0.005821
v 1.881069 1.447396 -0.010821
v 1.876068 1.451729 -0.008325
v 1.878565 1.451729 -0.010821
v 1.878460 1.451080 -0.008430
v 1.878565 1.447396 -0.006489
v 1.876068 1.449893 -0.006489
v 1.878460 1.449788 -0.007138
v 1.880400 1.449893 -0.010821
v 1.880400 1.447396 -0.008325
v 1.879752 1.449788 -0.008430
v 1.876068 0.632656 -1.965713
v 1.881069 0.632656 -1.960713
v 1.876068 0.627656 -1.960713
v 1.878565 0.632656 -1.965045
v 1.876068 0.630159 -1.965045
v 1.878460 0.630265 -1.964396
v 1.880400 0.630159 -1.960713
v 1.880400 0.632656 -1.963210
v 1.879752 0.630265 -1.963104
v 1.876068 0.628324 -1.963210
v 1.878565 0.628324 -1.960713
v 1.878460 0.628973 -1.963104
v 1.876068 1.452397 -1.960713
v 1.881069 1.447396 -1.960713
v 1.876068 1.447396 -1.965713
v 1.878565 1.451729 -1.960713
v 1.876068 1.451729 -1.963210
v 1.878460 1.451080 -1.963104
v 1.880400 1.447396 -1.963210
v 1.880400 1.449893 -1.960713
v 1.879752 1.449788 -1.963104
v 1.876068 1.449893 -1.965045
v 1.878565 1.447396 -1.965045
v 1.878460 1.449788 -1.964396
v -1.730031 -1.038842 -0.289691
v -1.725031 -1.043842 -0.289691
v -1.729361 -1.041342 -0.289691
v -1.727531 -1.043172 -0.289691
v -1.730031 -0.389512 0.359639
v -1.725031 -0.389512 0.364639
v -1.729361 -0.389512 0.362139
v -1.727531 -0.389512 0.363969
v -1.730031 0.259819 -0.289691
v -1.725031 0.264819 -0.289691
v -1.729361 0.262319 -0.289691
v -1.727531 0.264149 -0.289691
v -1.730031 -0.389512 -0.939022
v -1.725031 -0.389512 -0.944022
v -1.729361 -0.389512 -0.941522
v -1.727531 -0.389512 -0.943352
v -1.075700 -1.038842 -0.944022
v -1.075700 -1.043842 -0.939022
v -1.075700 -1.041342 -0.943352
v -1.075700 -1.043172 -0.941522
v -1.075700 0.259819 -0.944022
v -1.075700 0.264819 -0.939022
v -1.075700 0.262319 -0.943352
v -1.075700 0.264149 -0.941522
v -0.426370 -0.389512 -0.944022
v -0.421370 -0.389512 -0.939022
v -0.423870 -0.389512 -0.943352
v -0.422040 -0.389512 -0.941522
v -0.421370 -1.038842 -0.289691
v -0.426370 -1.043842 -0.289691
v -0.422040 -1.041342 -0.289691
v -0.423870 -1.043172 -0.289691
v -0.421370 0.259819 -0.289691
v -0.426370 0.264819 -0.289691
v -0.422040 0.262319 -0.289691
v -0.423870 0.264149 -0.289691
v -0.421370 -0.389512 0.359639
v -0.426370 -0.389512 0.364639
v -0.422040 -0.389512 0.362139
v -0.423870 -0.389512 0.363969
v -1.075700 -1.038842 0.364639
v -1.075700 -1.043842 0.359639
v -1.075700 -1.041342 0.363969
v -1.075700 -1.043172 0.362139
v -1.075700 0.259819 0.364639
v -1.075700 0.264819 0.359639
v -1.075700 0.262319 0.363969
v -1.075700 0.264149 0.362139
v -1.977295 -1.854678 1.494030
v -1.972295 -1.859678 1.494030
v -1.976625 -1.857178 1.494030
v -1.974795 -1.859009 1.494030
v -1.977295 -0.854280 2.494429
v -1.972295 -0.854280 2.499429
v -1.976625 -0.854280 2.496929
v -1.974795 -0.854280 2.498759
v -1.977295 0.146119 1.494030
v -1.972295 0.151119 1.494030
v -1.976625 0.148619 1.494030
v -1.974795 0.150449 1.494030
v -1.977295 -0.854280 0.493632
v -1.972295 -0.854280 0.488632
v -1.976625 -0.854280 0.491132
v -1.974795 -0.854280 0.489302
v -0.971896 -1.854678 0.488632
v -0.971896 -1.859678 0.493632
v -0.971896 -1.857178 0.489302
v -0.971896 -1.859009 0.491132
v -0.971896 0.146119 0.488632
v -0.971896 0.151119 0.493632
v -0.971896 0.148619 0.489302
v -0.971896 0.150449 0.491132
v 0.028502 -0.854280 0.488632
v 0.033502 -0.854280 0.493632
v 0.031002 -0.854280 0.489302
v 0.032832 -0.854280 0.491132
v 0.033502 -1.854678 1.494030
v 0.028502 -1.859678 1.494030
v 0.032832 -1.857178 1.494030
v 0.031002 -1.859009 1.494030
v 0.033502 0.146119 1.494030
v 0.028502 0.151119 1.494030
v 0.032832 0.148619 1.494030
v 0.031002 0.150449 1.494030
v 0.033502 -0.854280 2.494429
v 0.028502 -0.854280 2.499429
v 0.032832 -0.854280 2.496929
v 0.031002 -0.854280 2.498759
v -0.971896 -1.854678 2.499429
v -0.971896 -1.859678 2.494429
v -0.971896 -1.857178 2.498759
v -0.971896 -1.859009 2.496929
v -0.971896 0.146119 2.499429
v -0.971896 0.151119 2.494429
v -0.971896 0.148619 2.498759
v -0.971896 0.150449 2.496929
v -2.395275 0.254921 1.494030
v -2.390275 0.249921 1.494030
v -2.394605 0.252421 1.494030
v -2.392775 0.250591 1.494030
v -2.395275 1.255319 2.494429
v -2.390275 1.255319 2.499429
v -2.394605 1.255319 2.496929
v -2.392775 1.255319 2.498759
v -2.395275 2.255717 1.494030
v -2.390275 2.260718 1.494030
v -2.394605 2.258218 1.494030
v -2.392775 2.260048 1.494030
v -2.395275 1.255319 0.493632
v -2.390275 1.255319 0.488632
v -2.394605 1.255319 0.491132
v -2.392775 1.255319 0.489302
v -1.389876 0.254921 0.488632
v -1.389876 0.249921 0.493632
v -1.389876 0.252421 0.489302
v -1.389876 0.250591 0.491132
v -1.389876 2.255717 0.488632
v -1.389876 2.260718 0.493632
v -1.389876 2.258218 0.489302
v -1.389876 2.260048 0.491132
v -0.389478 1.255319 0.488632
v -0.384478 1.255319 0.493632
v -0.386978 1.255319 0.489302
v -0.385148 1.255319 0.491132
v -0.384478 0.254921 1.494030
v -0.389478 0.249921 1.494030
v -0.385148 0.252421 1.494030
v -0.386978 0.250591 1.494030
v -0.384478 2.255717 1.494030
v -0.389478 2.260718 1.494030
v -0.385148 2.258218 1.494030
v -0.386978 2.260048 1.494030
v -0.384478 1.255319 2.494429
v -0.389478 1.255319 2.499429
v -0.385148 1.255319 2.496929
v -0.386978 1.255319 2.498759
v -1.389876 0.254921 2.499429
v -1.389876 0.249921 2.494429
v -1.389876 0.252421 2.498759
v -1.389876 0.250591 2.496929
v -1.389876 2.255717 2.499429
v -1.389876 2.260718 2.494429
v -1.389876 2.258218 2.498759
v -1.389876 2.260048 2.496929
v -0.157041 0.203467 1.993466
v -0.152041 0.198467 1.993466
v -0.156371 0.200967 1.993466
v -0.154541 0.199137 1.993466
v -0.157041 1.203866 2.993865
v -0.152041 1.203866 2.998865
v -0.156371 1.203866 2.996365
v -0.154541 1.203866 2.998195
v -0.157041 2.204264 1.993466
v -0.152041 2.209264 1.993466
v -0.156371 2.206764 1.993466
v -0.154541 2.208595 1.993466
v -0.157041 1.203866 0.993068
v -0.152041 1.203866 0.988068
v -0.156371 1.203866 0.990568
v -0.154541 1.203866 0.988738
v 0.848357 0.203467 0.988068
v 0.848357 0.198467 0.993068
v 0.848357 0.200967 0.988738
v 0.848357 0.199137 0.990568
v 0.848357 2.204264 0.988068
v 0.848357 2.209264 0.993068
v 0.848357 2.206764 0.988738
v 0.848357 2.208595 0.990568
v 1.848756 1.203866 0.988068
v 1.853756 1.203866 0.993068
v 1.851256 1.203866 0.988738
v 1.853086 1.203866 0.990568
v 1.853756 0.203467 1.993466
v 1.848756 0.198467 1.993466
v 1.853086 0.200967 1.993466
v 1.851256 0.199137 1.993466
v 1.853756 2.204264 1.993466
v 1.848756 2.209264 1.993466
v 1.853086 2.206764 1.993466
v 1.851256 2.208595 1.993466
v 1.853756 1.203866 2.993865
v 1.848756 1.203866 2.998865
v 1.853086 1.203866 2.996365
v 1.851256 1.203866 2.998195
v 0.848357 0.203467 2.998865
v 0.848357 0.198467 2.993865
v 0.848357 0.200967 2.998195
v 0.848357 0.199137 2.996365
v 0.848357 2.204264 2.998865
v 0.848357 2.209264 2.993865
v 0.848357 2.206764 2.998195
v 0.848357 2.208595 2.996365
v 0.951355 1.471041 0.420831
v 0.956355 1.466041 0.420831
v 0.952025 1.468541 0.420831
v 0.953855 1.466711 0.420831
v 0.951355 1.965712 0.915502
v 0.956355 1.965712 0.920502
v 0.952025 1.965712 0.918002
v 0.953855 1.965712 0.919832
v 0.951355 2.460383 0.420831
v 0.956355 2.465383 0.420831
v 0.952025 2.462883 0.420831
v 0.953855 2.464713 0.420831
v 0.951355 1.965712 -0.073840
v 0.956355 1.965712 -0.078840
v 0.952025 1.965712 -0.076340
v 0.953855 1.965712 -0.078170
v 1.451026 1.471041 -0.078840
v 1.451026 1.466041 -0.073840
v 1.451026 1.468541 -0.078170
v 1.451026 1.466711 -0.076340
v 1.451026 2.460383 -0.078840
v 1.451026 2.465383 -0.073840
v 1.451026 2.462883 -0.078170
v 1.451026 2.464713 -0.076340
v 1.945696 1.965712 -0.078840
v 1.950696 1.965712 -0.073840
v 1.948196 1.965712 -0.078170
v 1.950026 1.965712 -0.076340
v 1.950696 1.471041 0.420831
v 1.945696 1.466041 0.420831
v 1.950026 1.468541 0.420831
v 1.948196 1.466711 0.420831
v 1.950696 2.460383 0.420831
v 1.945696 2.465383 0.420831
v 1.950026 2.462883 0.420831
v 1.948196 2.464713 0.420831
v 1.950696 1.965712 0.915502
v 1.945696 1.965712 0.920502
v 1.950026 1.965712 0.918002
v 1.948196 1.965712 0.919832
v 1.451026 1.471041 0.920502
v 1.451026 1.466041 0.915502
v 1.451026 1.468541 0.919832
v 1.451026 1.466711 0.918002
v 1.451026 2.460383 0.920502
v 1.451026 2.465383 0.915502
v 1.451026 2.462883 0.919832
v 1.451026 2.464713 0.918002
v 1.407843 -1.136329 -0.042270
v 1.412843 -1.141329 -0.042270
v 1.408513 -1.138829 -0.042270
v 1.410343 -1.140659 -0.042270
v 1.407843 -0.291322 0.802738
v 1.412843 -0.291322 0.807738
v 1.408513 -0.291322 0.805238
v 1.410343 -0.291322 0.807068
v 1.407843 0.553686 -0.042270
v 1.412843 0.558686 -0.042270
v 1.408513 0.556186 -0.042270
v 1.410343 0.558016 -0.042270
v 1.407843 -0.291322 -0.887277
v 1.412843 -0.291322 -0.892277
v 1.408513 -0.291322 -0.889777
v 1.410343 -0.291322 -0.891607
v 1.854438 -1.136329 -0.892277
v 1.854438 -1.141329 -0.887277
v 1.854438 -1.138829 -0.891607
v 1.854438 -1.140659 -0.889777
v 1.854438 0.553686 -0.892277
v 1.854438 0.558686 -0.887277
v 1.854438 0.556186 -0.891607
v 1.854438 0.558016 -0.889777
v 2.296033 -0.291322 -0.892277
v 2.301033 -0.291322 -0.887277
v 2.298533 -0.291322 -0.891607
v 2.300363 -0.291322 -0.889777
v 2.301033 -1.136329 -0.042270
v 2.296033 -1.141329 -0.042270
v 2.300363 -1.138829 -0.042270
v 2.298533 -1.140659 -0.042270
v 2.301033 0.553686 -0.042270
v 2.296033 0.558686 -0.042270
v 2.300363 0.556186 -0.042270
v 2.298533 0.558016 -0.042270
v 2.301033 -0.291322 0.802738
v 2.296033 -0.291322 0.807738
v 2.300363 -0.291322 0.805238
v 2.298533 -0.291322 0.807068
v 1.854438 -1.136329 0.807738
v 1.854438 -1.141329 0.802738
v 1.854438 -1.138829 0.807068
v 1.854438 -1.140659 0.805238
v 1.854438 0.553686 0.807738
v 1.854438 0.558686 0.802738
v 1.854438 0.556186 0.807068
v 1.854438 0.558016 0.805238
v 1.377765 -1.984272 -0.104165
v 1.382765 -1.989272 -0.104165
v 1.378435 -1.986772 -0.104165
v 1.380265 -1.988602 -0.104165
v 1.377765 -1.572103 0.308003
v 1.382765 -1.572103 0.313003
v 1.378435 -1.572103 0.310503
v 1.380265 -1.572103 0.312334
v 1.377765 -1.159935 -0.104165
v 1.382765 -1.154935 -0.104165
v 1.378435 -1.157435 -0.104165
v 1.380265 -1.155605 -0.104165
v 1.377765 -1.572103 -0.516333
v 1.382765 -1.572103 -0.521333
v 1.378435 -1.572103 -0.518834
v 1.380265 -1.572103 -0.520664
v 1.794933 -1.984272 -0.521333
v 1.794933 -1.989272 -0.516333
v 1.794933 -1.986772 -0.520664
v 1.794933 -1.988602 -0.518834
v 1.794933 -1.159935 -0.521333
v 1.794933 -1.154935 -0.516333
v 1.794933 -1.157435 -0.520664
v 1.794933 -1.155605 -0.518834
v 2.207101 -1.572103 -0.521333
v 2.212102 -1.572103 -0.516333
v 2.209601 -1.572103 -0.520664
v 2.211432 -1.572103 -0.518834
v 2.212102 -1.984272 -0.104165
v 2.207101 -1.989272 -0.104165
v 2.211432 -1.986772 -0.104165
v 2.209601 -1.988602 -0.104165
v 2.212102 -1.159935 -0.104165
v 2.207101 -1.154935 -0.104165
v 2.211432 -1.157435 -0.104165
v 2.209601 -1.155605 -0.104165
v 2.212102 -1.572103 0.308003
v 2.207101 -1.572103 0.313003
v 2.211432 -1.572103 0.310503
v 2.209601 -1.572103 0.312334
v 1.794933 -1.984272 0.313003
v 1.794933 -1.989272 0.308003
v 1.794933 -1.986772 0.312334
v 1.794933 -1.988602 0.310503
v 1.794933 -1.159935 0.313003
v 1.794933 -1.154935 0.308003
v 1.794933 -1.157435 0.312334
v 1.794933 -1.155605 0.310503
v -0.989910 -1.731998 -0.289691
v -0.984910 -1.736998 -0.289691
v -0.989240 -1.734498 -0.289691
v -0.987410 -1.736328 -0.289691
v -0.989910 -0.970305 0.472001
v -0.984910 -0.970305 0.477001
v -0.989240 -0.970305 0.474501
v -0.987410 -0.970305 0.476331
v -0.989910 -0.208613 -0.289691
v -0.984910 -0.203613 -0.289691
v -0.989240 -0.206113 -0.289691
v -0.987410 -0.204283 -0.289691
v -0.989910 -0.970305 -1.051384
v -0.984910 -0.970305 -1.056384
v -0.989240 -0.970305 -1.053884
v -0.987410 -0.970305 -1.055714
v -0.223218 -1.731998 -1.056384
v -0.223218 -1.736998 -1.051384
v -0.223218 -1.734498 -1.055714
v -0.223218 -1.736328 -1.053884
v -0.223218 -0.208613 -1.056384
v -0.223218 -0.203613 -1.051384
v -0.223218 -0.206113 -1.055714
v -0.223218 -0.204283 -1.053884
v 0.538475 -0.970305 -1.056384
v 0.543475 -0.970305 -1.051384
v 0.540974 -0.970305 -1.055714
v 0.542805 -0.970305 -1.053884
v 0.543475 -1.731998 -0.289691
v 0.538475 -1.736998 -0.289691
v 0.542805 -1.734498 -0.289691
v 0.540974 -1.736328 -0.289691
v 0.543475 -0.208613 -0.289691
v 0.538475 -0.203613 -0.289691
v 0.542805 -0.206113 -0.289691
v 0.540974 -0.204283 -0.289691
v 0.543475 -0.970305 0.472001
v 0.538475 -0.970305 0.477001
v 0.542805 -0.970305 0.474501
v 0.540974 -0.970305 0.476331
v -0.223218 -1.731998 0.477001
v -0.223218 -1.736998 0.472001
v -0.223218 -1.734498 0.476331
v -0.223218 -1.736328 0.474501
v -0.223218 -0.208613 0.477001
v -0.223218 -0.203613 0.472001
v -0.223218 -0.206113 0.476331
v -0.223218 -0.204283 0.474501
v -1.995158 1.050926 -1.194498
v -1.990158 1.045926 -1.194498
v -1.994488 1.048426 -1.194498
v -1.992658 1.046596 -1.194498
v -1.995158 1.645898 -0.599526
v -1.990158 1.645898 -0.594526
v -1.994488 1.645898 -0.597026
v -1.992658 1.645898 -0.595196
v -1.995158 2.240871 -1.194498
v -1.990158 2.245871 -1.194498
v -1.994488 2.243370 -1.194498
v -1.992658 2.245200 -1.194498
v -1.995158 1.645898 -1.789470
v -1.990158 1.645898 -1.794471
v -1.994488 1.645898 -1.791971
v -1.992658 1.645898 -1.793801
v -1.395186 1.050926 -1.794471
v -1.395186 1.045926 -1.789470
v -1.395186 1.048426 -1.793801
v -1.395186 1.046596 -1.791971
v -1.395186 2.240871 -1.794471
v -1.395186 2.245871 -1.789470
v -1.395186 2.243370 -1.793801
v -1.395186 2.245200 -1.791971
v -0.800214 1.645898 -1.794471
v -0.795214 1.645898 -1.789470
v -0.797714 1.645898 -1.793801
v -0.795884 1.645898 -1.791971
v -0.795214 1.050926 -1.194498
v -0.800214 1.045926 -1.194498
v -0.795884 1.048426 -1.194498
v -0.797714 1.046596 -1.194498
v -0.795214 2.240871 -1.194498
v -0.800214 2.245871 -1.194498
v -0.795884 2.243370 -1.194498
v -0.797714 2.245200 -1.194498
v -0.795214 1.645898 -0.599526
v -0.800214 1.645898 -0.594526
v -0.795884 1.645898 -0.597026
v -0.797714 1.645898 -0.595196
v -1.395186 1.050926 -0.594526
v -1.395186 1.045926 -0.599526
v -1.395186 1.048426 -0.595196
v -1.395186 1.046596 -0.597026
v -1.395186 2.240871 -0.594526
v -1.395186 2.245871 -0.599526
v -1.395186 2.243370 -0.595196
v -1.395186 2.245200 -0.597026
v 1.528625 -1.833411 1.083300
v 1.533625 -1.838411 1.083300
v 1.529295 -1.835911 1.083300
v 1.531125 -1.837741 1.083300
v 1.528625 -1.572103 1.344608
v 1.533625 -1.572103 1.349608
v 1.529295 -1.572103 1.347108
v 1.531125 -1.572103 1.348938
v 1.528625 -1.310795 1.083300
v 1.533625 -1.305795 1.083300
v 1.529295 -1.308295 1.083300
v 1.531125 -1.306465 1.083300
v 1.528625 -1.572103 0.821992
v 1.533625 -1.572103 0.816992
v 1.529295 -1.572103 0.819492
v 1.531125 -1.572103 0.817662
v 1.794933 -1.833411 0.816992
v 1.794933 -1.838411 0.821992
v 1.794933 -1.835911 0.817662
v 1.794933 -1.837741 0.819492
v 1.794933 -1.310795 0.816992
v 1.794933 -1.305795 0.821992
v 1.794933 -1.308295 0.817662
v 1.794933 -1.306465 0.819492
v 2.056241 -1.572103 0.816992
v 2.061241 -1.572103 0.821992
v 2.058741 -1.572103 0.817662
v 2.060571 -1.572103 0.819492
v 2.061241 -1.833411 1.083300
v 2.056241 -1.838411 1.083300
v 2.060571 -1.835911 1.083300
v 2.058741 -1.837741 1.083300
v 2.061241 -1.310795 1.083300
v 2.056241 -1.305795 1.083300
v 2.060571 -1.308295 1.083300
v 2.058741 -1.306465 1.083300
v 2.061241 -1.572103 1.344608
v 2.056241 -1.572103 1.349608
v 2.060571 -1.572103 1.347108
v 2.058741 -1.572103 1.348938
v 1.794933 -1.833411 1.349608
v 1.794933 -1.838411 1.344608
v 1.794933 -1.835911 1.348938
v 1.794933 -1.837741 1.347108
v 1.794933 -1.310795 1.349608
v 1.794933 -1.305795 1.344608
v 1.794933 -1.308295 1.348938
v 1.794933 -1.306465 1.347108
v -0.376291 -1.984272 -1.411347
v -0.371291 -1.989272 -1.411347
v -0.375621 -1.986772 -1.411347
v -0.373791 -1.988602 -1.411347
v -0.376291 -1.572103 -0.999179
v -0.371291 -1.572103 -0.994179
v -0.375621 -1.572103 -0.996679
v -0.373791 -1.572103 -0.994849
v -0.376291 -1.159935 -1.411347
v -0.371291 -1.154935 -1.411347
v -0.375621 -1.157435 -1.411347
v -0.373791 -1.155605 -1.411347
v -0.376291 -1.572103 -1.823516
v -0.371291 -1.572103 -1.828516
v -0.375621 -1.572103 -1.826016
v -0.373791 -1.572103 -1.827846
v 0.604362 -1.984272 -1.828516
v 0.604362 -1.989272 -1.823516
v 0.604362 -1.986772 -1.827846
v 0.604362 -1.988602 -1.826016
v 0.604362 -1.159935 -1.828516
v 0.604362 -1.154935 -1.823516
v 0.604362 -1.157435 -1.827846
v 0.604362 -1.155605 -1.826016
v 1.580014 -1.572103 -1.828516
v 1.585014 -1.572103 -1.823516
v 1.582514 -1.572103 -1.827846
v 1.584344 -1.572103 -1.826016
v 1.585014 -1.984272 -1.411347
v 1.580014 -1.989272 -1.411347
v 1.584344 -1.986772 -1.411347
v 1.582514 -1.988602 -1.411347
v 1.585014 -1.159935 -1.411347
v 1.580014 -1.154935 -1.411347
v 1.584344 -1.157435 -1.411347
v 1.582514 -1.155605 -1.411347
v 1.585014 -1.572103 -0.999179
v 1.580014 -1.572103 -0.994179
v 1.584344 -1.572103 -0.996679
v 1.582514 -1.572103 -0.994849
v 0.604362 -1.984272 -0.994179
v 0.604362 -1.989272 -0.999179
v 0.604362 -1.986772 -0.994849
v 0.604362 -1.988602 -0.996679
v 0.604362 -1.159935 -0.994179
v 0.604362 -1.154935 -0.999179
v 0.604362 -1.157435 -0.994849
v 0.604362 -1.155605 -0.996679
v 1.624135 -1.792094 -1.228298
v 1.629135 -1.797094 -1.228298
v 1.624805 -1.794594 -1.228298
v 1.626635 -1.796424 -1.228298
v 1.624135 -1.572103 -1.008307
v 1.629135 -1.572103 -1.003307
v 1.624805 -1.572103 -1.005807
v 1.626635 -1.572103 -1.003977
v 1.624135 -1.352112 -1.228298
v 1.629135 -1.347112 -1.228298
v 1.624805 -1.349612 -1.228298
v 1.626635 -1.347782 -1.228298
v 1.624135 -1.572103 -1.448289
v 1.629135 -1.572103 -1.453289
v 1.624805 -1.572103 -1.450789
v 1.626635 -1.572103 -1.452619
v 1.849127 -1.792094 -1.453289
v 1.849127 -1.797094 -1.448289
v 1.849127 -1.794594 -1.452619
v 1.849127 -1.796424 -1.450789
v 1.849127 -1.352112 -1.453289
v 1.849127 -1.347112 -1.448289
v 1.849127 -1.349612 -1.452619
v 1.849127 -1.347782 -1.450789
v 2.069118 -1.572103 -1.453289
v 2.074118 -1.572103 -1.448289
v 2.071618 -1.572103 -1.452619
v 2.073448 -1.572103 -1.450789
v 2.074118 -1.792094 -1.228298
v 2.069118 -1.797094 -1.228298
v 2.073448 -1.794594 -1.228298
v 2.071618 -1.796424 -1.228298
v 2.074118 -1.352112 -1.228298
v 2.069118 -1.347112 -1.228298
v 2.073448 -1.349612 -1.228298
v 2.071618 -1.347782 -1.228298
v 2.074118 -1.572103 -1.008307
v 2.069118 -1.572103 -1.003307
v 2.073448 -1.572103 -1.005807
v 2.071618 -1.572103 -1.003977
v 1.849127 -1.792094 -1.003307
v 1.849127 -1.797094 -1.008307
v 1.849127 -1.794594 -1.003977
v 1.849127 -1.796424 -1.005807
v 1.849127 -1.352112 -1.003307
v 1.849127 -1.347112 -1.008307
v 1.849127 -1.349612 -1.003977
v 1.849127 -1.347782 -1.005807
v -0.372352 0.677998 -0.740976
v -0.367352 0.672998 -0.740976
v -0.371682 0.675498 -0.740976
v -0.369852 0.673668 -0.740976
v -0.372352 1.652944 0.233970
v -0.367352 1.652944 0.238970
v -0.371682 1.652944 0.236470
v -0.369852 1.652944 0.238300
v -0.372352 2.627890 -0.740976
v -0.367352 2.632890 -0.740976
v -0.371682 2.630390 -0.740976
v -0.369852 2.632220 -0.740976
v -0.372352 1.652944 -1.715921
v -0.367352 1.652944 -1.720921
v -0.371682 1.652944 -1.718421
v -0.369852 1.652944 -1.720252
v 0.607594 0.677998 -1.720921
v 0.607594 0.672998 -1.715921
v 0.607594 0.675498 -1.720252
v 0.607594 0.673668 -1.718421
v 0.607594 2.627890 -1.720921
v 0.607594 2.632890 -1.715921
v 0.607594 2.630390 -1.720252
v 0.607594 2.632220 -1.718421
v 1.582540 1.652944 -1.720921
v 1.587540 1.652944 -1.715921
v 1.585040 1.652944 -1.720252
v 1.586870 1.652944 -1.718421
v 1.587540 0.677998 -0.740976
v 1.582540 0.672998 -0.740976
v 1.586870 0.675498 -0.740976
v 1.585040 0.673668 -0.740976
v 1.587540 2.627890 -0.740976
v 1.582540 2.632890 -0.740976
v 1.586870 2.630390 -0.740976
v 1.585040 2.632220 -0.740976
v 1.587540 1.652944 0.233970
v 1.582540 1.652944 0.238970
v 1.586870 1.652944 0.236470
v 1.585040 1.652944 0.238300
v 0.607594 0.677998 0.238970
v 0.607594 0.672998 0.233970
v 0.607594 0.675498 0.238300
v 0.607594 0.673668 0.236470
v 0.607594 2.627890 0.238970
v 0.607594 2.632890 0.233970
v 0.607594 2.630390 0.238300
v 0.607594 2.632220 0.236470
v -0.792052 0.292261 1.494030
v -0.787052 0.287261 1.494030
v -0.791382 0.289761 1.494030
v -0.789552 0.287931 1.494030
v -0.792052 1.086543 2.288312
v -0.787052 1.086543 2.293313
v -0.791382 1.086543 2.290812
v -0.789552 1.086543 2.292643
v -0.792052 1.880826 1.494030
v -0.787052 1.885826 1.494030
v -0.791382 1.883326 1.494030
v -0.789552 1.885156 1.494030
v -0.792052 1.086543 0.699748
v -0.787052 1.086543 0.694748
v -0.791382 1.086543 0.697248
v -0.789552 1.086543 0.695418
v 0.007230 0.292261 0.694748
v 0.007230 0.287261 0.699748
v 0.007230 0.289761 0.695418
v 0.007230 0.287931 0.697248
v 0.007230 1.880826 0.694748
v 0.007230 1.885826 0.699748
v 0.007230 1.883326 0.695418
v 0.007230 1.885156 0.697248
v 0.801513 1.086543 0.694748
v 0.806513 1.086543 0.699748
v 0.804013 1.086543 0.695418
v 0.805843 1.086543 0.697248
v 0.806513 0.292261 1.494030
v 0.801513 0.287261 1.494030
v 0.805843 0.289761 1.494030
v 0.804013 0.287931 1.494030
v 0.806513 1.880826 1.494030
v 0.801513 1.885826 1.494030
v 0.805843 1.883326 1.494030
v 0.804013 1.885156 1.494030
v 0.806513 1.086543 2.288312
v 0.801513 1.086543 2.293313
v 0.805843 1.086543 2.290812
v 0.804013 1.086543 2.292643
v 0.007230 0.292261 2.293313
v 0.007230 0.287261 2.288312
v 0.007230 0.289761 2.292643
v 0.007230 0.287931 2.290812
v 0.007230 1.880826 2.293313
v 0.007230 1.885826 2.288312
v 0.007230 1.883326 2.292643
v 0.007230 1.885156 2.290812
v -1.142892 -0.313939 1.494030
v -1.137892 -0.318939 1.494030
v -1.142222 -0.316439 1.494030
v -1.140392 -0.318269 1.494030
v -1.142892 0.145297 1.953266
v -1.137892 0.145297 1.958266
v -1.142222 0.145297 1.955766
v -1.140392 0.145297 1.957596
v -1.142892 0.604532 1.494030
v -1.137892 0.609532 1.494030
v -1.142222 0.607032 1.494030
v -1.140392 0.608862 1.494030
v -1.142892 0.145297 1.034795
v -1.137892 0.145297 1.029795
v -1.142222 0.145297 1.032295
v -1.140392 0.145297 1.030465
v -0.678657 -0.313939 1.029795
v -0.678657 -0.318939 1.034795
v -0.678657 -0.316439 1.030465
v -0.678657 -0.318269 1.032295
v -0.678657 0.604532 1.029795
v -0.678657 0.609532 1.034795
v -0.678657 0.607032 1.030465
v -0.678657 0.608862 1.032295
v -0.219421 0.145297 1.029795
v -0.214421 0.145297 1.034795
v -0.216921 0.145297 1.030465
v -0.215091 0.145297 1.032295
v -0.214421 -0.313939 1.494030
v -0.219421 -0.318939 1.494030
v -0.215091 -0.316439 1.494030
v -0.216921 -0.318269 1.494030
v -0.214421 0.604532 1.494030
v -0.219421 0.609532 1.494030
v -0.215091 0.607032 1.494030
v -0.216921 0.608862 1.494030
v -0.214421 0.145297 1.953266
v -0.219421 0.145297 1.958266
v -0.215091 0.145297 1.955766
v -0.216921 0.145297 1.957596
v -0.678657 -0.313939 1.958266
v -0.678657 -0.318939 1.953266
v -0.678657 -0.316439 1.957596
v -0.678657 -0.318269 1.955766
v -0.678657 0.604532 1.958266
v -0.678657 0.609532 1.953266
v -0.678657 0.607032 1.957596
v -0.678657 0.608862 1.955766
v -1.059512 -1.084709 0.835024
v -1.054512 -1.089709 0.835024
v -1.058842 -1.087209 0.835024
v -1.057012 -1.089039 0.835024
v -1.059512 -0.464840 1.454893
v -1.054512 -0.464840 1.459893
v -1.058842 -0.464840 1.457393
v -1.057012 -0.464840 1.459223
v -1.059512 0.155030 0.835024
v -1.054512 0.160030 0.835024
v -1.058842 0.157530 0.835024
v -1.057012 0.159360 0.835024
v -1.059512 -0.464840 0.215154
v -1.054512 -0.464840 0.210154
v -1.058842 -0.464840 0.212654
v -1.057012 -0.464840 0.210824
v -0.434643 -1.084709 0.210154
v -0.434643 -1.089709 0.215154
v -0.434643 -1.087209 0.210824
v -0.434643 -1.089039 0.212654
v -0.434643 0.155030 0.210154
v -0.434643 0.160030 0.215154
v -0.434643 0.157530 0.210824
v -0.434643 0.159360 0.212654
v 0.185227 -0.464840 0.210154
v 0.190227 -0.464840 0.215154
v 0.187727 -0.464840 0.210824
v 0.189557 -0.464840 0.212654
v 0.190227 -1.084709 0.835024
v 0.185227 -1.089709 0.835024
v 0.189557 -1.087209 0.835024
v 0.187727 -1.089039 0.835024
v 0.190227 0.155030 0.835024
v 0.185227 0.160030 0.835024
v 0.189557 0.157530 0.835024
v 0.187727 0.159360 0.835024
v 0.190227 -0.464840 1.454893
v 0.185227 -0.464840 1.459893
v 0.189557 -0.464840 1.457393
v 0.187727 -0.464840 1.459223
v -0.434643 -1.084709 1.459893
v -0.434643 -1.089709 1.454893
v -0.434643 -1.087209 1.459223
v -0.434643 -1.089039 1.457393
v -0.434643 0.155030 1.459893
v -0.434643 0.160030 1.454893
v -0.434643 0.157530 1.459223
v -0.434643 0.159360 1.457393
v -0.249499 -0.773484 -0.165380
v -0.244499 -0.778484 -0.165380
v -0.248829 -0.775984 -0.165380
v -0.246999 -0.777814 -0.165380
v -0.249499 -0.291322 0.316783
v -0.244499 -0.291322 0.321783
v -0.248829 -0.291322 0.319283
v -0.246999 -0.291322 0.321113
v -0.249499 0.190841 -0.165380
v -0.244499 0.195841 -0.165380
v -0.248829 0.193341 -0.165380
v -0.246999 0.195171 -0.165380
v -0.249499 -0.291322 -0.647542
v -0.244499 -0.291322 -0.652542
v -0.248829 -0.291322 -0.650042
v -0.246999 -0.291322 -0.651872
v 0.237663 -0.773484 -0.652542
v 0.237663 -0.778484 -0.647542
v 0.237663 -0.775984 -0.651872
v 0.237663 -0.777814 -0.650042
v 0.237663 0.190841 -0.652542
v 0.237663 0.195841 -0.647542
v 0.237663 0.193341 -0.651872
v 0.237663 0.195171 -0.650042
v 0.719825 -0.291322 -0.652542
v 0.724825 -0.291322 -0.647542
v 0.722325 -0.291322 -0.651872
v 0.724155 -0.291322 -0.650042
v 0.724825 -0.773484 -0.165380
v 0.719825 -0.778484 -0.165380
v 0.724155 -0.775984 -0.165380
v 0.722325 -0.777814 -0.165380
v 0.724825 0.190841 -0.165380
v 0.719825 0.195841 -0.165380
v 0.724155 0.193341 -0.165380
v 0.722325 0.195171 -0.165380
v 0.724825 -0.291322 0.316783
v 0.719825 -0.291322 0.321783
v 0.724155 -0.291322 0.319283
v 0.722325 -0.291322 0.321113
v 0.237663 -0.773484 0.321783
v 0.237663 -0.778484 0.316783
v 0.237663 -0.775984 0.321113
v 0.237663 -0.777814 0.319283
v 0.237663 0.190841 0.321783
v 0.237663 0.195841 0.316783
v 0.237663 0.193341 0.321113
v 0.237663 0.195171 0.319283
v -2.342724 -2.133356 -0.289691
v -2.337724 -2.138356 -0.289691
v -2.342054 -2.135856 -0.289691
v -2.340224 -2.137687 -0.289691
v -2.342724 -1.282263 0.561403
v -2.337724 -1.282263 0.566403
v -2.342054 -1.282263 0.563903
v -2.340224 -1.282263 0.565733
v -2.342724 -0.431169 -0.289691
v -2.337724 -0.426169 -0.289691
v -2.342054 -0.428669 -0.289691
v -2.340224 -0.426839 -0.289691
v -2.342724 -1.282263 -1.140785
v -2.337724 -1.282263 -1.145785
v -2.342054 -1.282263 -1.143285
v -2.340224 -1.282263 -1.145115
v -1.486630 -2.133356 -1.145785
v -1.486630 -2.138356 -1.140785
v -1.486630 -2.135856 -1.145115
v -1.486630 -2.137687 -1.143285
v -1.486630 -0.431169 -1.145785
v -1.486630 -0.426169 -1.140785
v -1.486630 -0.428669 -1.145115
v -1.486630 -0.426839 -1.143285
v -0.635536 -1.282263 -1.145785
v -0.630536 -1.282263 -1.140785
v -0.633037 -1.282263 -1.145115
v -0.631206 -1.282263 -1.143285
v -0.630536 -2.133356 -0.289691
v -0.635536 -2.138356 -0.289691
v -0.631206 -2.135856 -0.289691
v -0.633037 -2.137687 -0.289691
v -0.630536 -0.431169 -0.289691
v -0.635536 -0.426169 -0.289691
v -0.631206 -0.428669 -0.289691
v -0.633037 -0.426839 -0.289691
v -0.630536 -1.282263 0.561403
v -0.635536 -1.282263 0.566403
v -0.631206 -1.282263 0.563903
v -0.633037 -1.282263 0.565733
v -1.486630 -2.133356 0.566403
v -1.486630 -2.138356 0.561403
v -1.486630 -2.135856 0.565733
v -1.486630 -2.137687 0.563903
v -1.486630 -0.431169 0.566403
v -1.486630 -0.426169 0.561403
v -1.486630 -0.428669 0.565733
v -1.486630 -0.426839 0.563903
v -1.892609 0.858185 0.149053
v -1.887609 0.853185 0.149053
v -1.891939 0.855685 0.149053
v -1.890109 0.853855 0.149053
v -1.892609 1.652944 0.943812
v -1.887609 1.652944 0.948812
v -1.891939 1.652944 0.946312
v -1.890109 1.652944 0.948142
v -1.892609 2.447703 0.149053
v -1.887609 2.452703 0.149053
v -1.891939 2.450203 0.149053
v -1.890109 2.452033 0.149053
v -1.892609 1.652944 -0.645706
v -1.887609 1.652944 -0.650706
v -1.891939 1.652944 -0.648206
v -1.890109 1.652944 -0.650036
v -1.092851 0.858185 -0.650706
v -1.092851 0.853185 -0.645706
v -1.092851 0.855685 -0.650036
v -1.092851 0.853855 -0.648206
v -1.092851 2.447703 -0.650706
v -1.092851 2.452703 -0.645706
v -1.092851 2.450203 -0.650036
v -1.092851 2.452033 -0.648206
v -0.298092 1.652944 -0.650706
v -0.293092 1.652944 -0.645706
v -0.295592 1.652944 -0.650036
v -0.293762 1.652944 -0.648206
v -0.293092 0.858185 0.149053
v -0.298092 0.853185 0.149053
v -0.293762 0.855685 0.149053
v -0.295592 0.853855 0.149053
v -0.293092 2.447703 0.149053
v -0.298092 2.452703 0.149053
v -0.293762 2.450203 0.149053
v -0.295592 2.452033 0.149053
v -0.293092 1.652944 0.943812
v -0.298092 1.652944 0.948812
v -0.293762 1.652944 0.946312
v -0.295592 1.652944 0.948142
v -1.092851 0.858185 0.948812
v -1.092851 0.853185 0.943812
v -1.092851 0.855685 0.948142
v -1.092851 0.853855 0.946312
v -1.092851 2.447703 0.948812
v -1.092851 2.452703 0.943812
v -1.092851 2.450203 0.948142
v -1.092851 2.452033 0.946312
v -1.998970 -0.358397 -1.411347
v -1.993970 -0.363397 -1.411347
v -1.998300 -0.360897 -1.411347
v -1.996470 -0.362727 -1.411347
v -1.998970 0.053771 -0.999179
v -1.993970 0.053771 -0.994179
v -1.998300 0.053771 -0.996679
v -1.996470 0.053771 -0.994849
v -1.998970 0.465940 -1.411347
v -1.993970 0.470940 -1.411347
v -1.998300 0.468440 -1.411347
v -1.996470 0.470270 -1.411347
v -1.998970 0.053771 -1.823516
v -1.993970 0.053771 -1.828516
v -1.998300 0.053771 -1.826016
v -1.996470 0.053771 -1.827846
v -1.018317 -0.358397 -1.828516
v -1.018317 -0.363397 -1.823516
v -1.018317 -0.360897 -1.827846
v -1.018317 -0.362727 -1.826016
v -1.018317 0.465940 -1.828516
v -1.018317 0.470940 -1.823516
v -1.018317 0.468440 -1.827846
v -1.018317 0.470270 -1.826016
v -0.042664 0.053771 -1.828516
v -0.037664 0.053771 -1.823516
v -0.040164 0.053771 -1.827846
v -0.038334 0.053771 -1.826016
v -0.037664 -0.358397 -1.411347
v -0.042664 -0.363397 -1.411347
v -0.038334 -0.360897 -1.411347
v -0.040164 -0.362727 -1.411347
v -0.037664 0.465940 -1.411347
v -0.042664 0.470940 -1.411347
v -0.038334 0.468440 -1.411347
v -0.040164 0.470270 -1.411347
v -0.037664 0.053771 -0.999179
v -0.042664 0.053771 -0.994179
v -0.038334 0.053771 -0.996679
v -0.040164 0.053771 -0.994849
v -1.018317 -0.358397 -0.994179
v -1.018317 -0.363397 -0.999179
v -1.018317 -0.360897 -0.994849
v -1.018317 -0.362727 -0.996679
v -1.018317 0.465940 -0.994179
v -1.018317 0.470940 -0.999179
v -1.018317 0.468440 -0.994849
v -1.018317 0.470270 -0.996679
v -2.296040 -1.364273 1.374768
v -2.291040 -1.369273 1.374768
v -2.295371 -1.366773 1.374768
v -2.293540 -1.368603 1.374768
v -2.296040 -0.837967 2.255905
v -2.291040 -0.837967 2.260905
v -2.295371 -0.837967 2.258405
v -2.293540 -0.837967 2.260235
v -2.296040 -0.311661 1.374768
v -2.291040 -0.306661 1.374768
v -2.295371 -0.309161 1.374768
v -2.293540 -0.307331 1.374768
v -2.296040 -0.837967 0.493632
v -2.291040 -0.837967 0.488632
v -2.295371 -0.837967 0.491132
v -2.293540 -0.837967 0.489302
v -2.061646 -1.364273 0.488632
v -2.061646 -1.369273 0.493632
v -2.061646 -1.366773 0.489302
v -2.061646 -1.368603 0.491132
v -2.061646 -0.311661 0.488632
v -2.061646 -0.306661 0.493632
v -2.061646 -0.309161 0.489302
v -2.061646 -0.307331 0.491132
v -1.832251 -0.837967 0.488632
v -1.827251 -0.837967 0.493632
v -1.829751 -0.837967 0.489302
v -1.827921 -0.837967 0.491132
v -1.827251 -1.364273 1.374768
v -1.832251 -1.369273 1.374768
v -1.827921 -1.366773 1.374768
v -1.829751 -1.368603 1.374768
v -1.827251 -0.311661 1.374768
v -1.832251 -0.306661 1.374768
v -1.827921 -0.309161 1.374768
v -1.829751 -0.307331 1.374768
v -1.827251 -0.837967 2.255905
v -1.832251 -0.837967 2.260905
v -1.827921 -0.837967 2.258405
v -1.829751 -0.837967 2.260235
v -2.061646 -1.364273 2.260905
v -2.061646 -1.369273 2.255905
v -2.061646 -1.366773 2.260235
v -2.061646 -1.368603 2.258405
v -2.061646 -0.311661 2.260905
v -2.061646 -0.306661 2.255905
v -2.061646 -0.309161 2.260235
v -2.061646 -0.307331 2.258405
v -0.885347 0.398345 -0.289691
v -0.880347 0.393345 -0.289691
v -0.884677 0.395845 -0.289691
v -0.882847 0.394015 -0.289691
v -0.885347 0.790781 0.102744
v -0.880347 0.790781 0.107744
v -0.884677 0.790781 0.105244
v -0.882847 0.790781 0.107074
v -0.885347 1.183216 -0.289691
v -0.880347 1.188216 -0.289691
v -0.884677 1.185716 -0.289691
v -0.882847 1.187546 -0.289691
v -0.885347 0.790781 -0.682127
v -0.880347 0.790781 -0.687127
v -0.884677 0.790781 -0.684627
v -0.882847 0.790781 -0.686457
v -0.487912 0.398345 -0.687127
v -0.487912 0.393345 -0.682127
v -0.487912 0.395845 -0.686457
v -0.487912 0.394015 -0.684627
v -0.487912 1.183216 -0.687127
v -0.487912 1.188216 -0.682127
v -0.487912 1.185716 -0.686457
v -0.487912 1.187546 -0.684627
v -0.095476 0.790781 -0.687127
v -0.090476 0.790781 -0.682127
v -0.092976 0.790781 -0.686457
v -0.091146 0.790781 -0.684627
v -0.090476 0.398345 -0.289691
v -0.095476 0.393345 -0.289691
v -0.091146 0.395845 -0.289691
v -0.092976 0.394015 -0.289691
v -0.090476 1.183216 -0.289691
v -0.095476 1.188216 -0.289691
v -0.091146 1.185716 -0.289691
v -0.092976 1.187546 -0.289691
v -0.090476 0.790781 0.102744
v -0.095476 0.790781 0.107744
v -0.091146 0.790781 0.105244
v -0.092976 0.790781 0.107074
v -0.487912 0.398345 0.107744
v -0.487912 0.393345 0.102744
v -0.487912 0.395845 0.107074
v -0.487912 0.394015 0.105244
v -0.487912 1.183216 0.107744
v -0.487912 1.188216 0.102744
v -0.487912 1.185716 0.107074
v -0.487912 1.187546 0.105244
v 0.202044 -0.944685 0.177320
v 0.207044 -0.949685 0.177320
v 0.202713 -0.947185 0.177320
v 0.204544 -0.949015 0.177320
v 0.202044 -0.291322 0.577616
v 0.207044 -0.291322 0.582616
v 0.202713 -0.291322 0.580116
v 0.204544 -0.291322 0.581946
v 0.202044 0.362042 0.177320
v 0.207044 0.367042 0.177320
v 0.202713 0.364542 0.177320
v 0.204544 0.366372 0.177320
v 0.202044 -0.291322 -0.222976
v 0.207044 -0.291322 -0.227976
v 0.202713 -0.291322 -0.225476
v 0.204544 -0.291322 -0.227306
v 1.014402 -0.944685 -0.227976
v 1.014402 -0.949685 -0.222976
v 1.014402 -0.947185 -0.227306
v 1.014402 -0.949015 -0.225476
v 1.014402 0.362042 -0.227976
v 1.014402 0.367042 -0.222976
v 1.014402 0.364542 -0.227306
v 1.014402 0.366372 -0.225476
v 1.821760 -0.291322 -0.227976
v 1.826760 -0.291322 -0.222976
v 1.824260 -0.291322 -0.227306
v 1.826090 -0.291322 -0.225476
v 1.826760 -0.944685 0.177320
v 1.821760 -0.949685 0.177320
v 1.826090 -0.947185 0.177320
v 1.824260 -0.949015 0.177320
v 1.826760 0.362042 0.177320
v 1.821760 0.367042 0.177320
v 1.826090 0.364542 0.177320
v 1.824260 0.366372 0.177320
v 1.826760 -0.291322 0.577616
v 1.821760 -0.291322 0.582616
v 1.826090 -0.291322 0.580116
v 1.824260 -0.291322 0.581946
v 1.014402 -0.944685 0.582616
v 1.014402 -0.949685 0.577616
v 1.014402 -0.947185 0.581946
v 1.014402 -0.949015 0.580116
v 1.014402 0.362042 0.582616
v 1.014402 0.367042 0.577616
v 1.014402 0.364542 0.581946
v 1.014402 0.366372 0.580116
v 0.390835 -1.537986 -0.794624
v 0.395835 -1.542986 -0.794624
v 0.391505 -1.540486 -0.794624
v 0.393335 -1.542316 -0.794624
v 0.390835 -0.776293 -0.032931
v 0.395835 -0.776293 -0.027931
v 0.391505 -0.776293 -0.030431
v 0.393335 -0.776293 -0.028601
v 0.390835 -0.014601 -0.794624
v 0.395835 -0.009600 -0.794624
v 0.391505 -0.012101 -0.794624
v 0.393335 -0.010270 -0.794624
v 0.390835 -0.776293 -1.556317
v 0.395835 -0.776293 -1.561317
v 0.391505 -0.776293 -1.558816
v 0.393335 -0.776293 -1.560647
v 1.157528 -1.537986 -1.561317
v 1.157528 -1.542986 -1.556317
v 1.157528 -1.540486 -1.560647
v 1.157528 -1.542316 -1.558816
v 1.157528 -0.014601 -1.561317
v 1.157528 -0.009600 -1.556317
v 1.157528 -0.012101 -1.560647
v 1.157528 -0.010270 -1.558816
v 1.919220 -0.776293 -1.561317
v 1.924220 -0.776293 -1.556317
v 1.921720 -0.776293 -1.560647
v 1.923550 -0.776293 -1.558816
v 1.924220 -1.537986 -0.794624
v 1.919220 -1.542986 -0.794624
v 1.923550 -1.540486 -0.794624
v 1.921720 -1.542316 -0.794624
v 1.924220 -0.014601 -0.794624
v 1.919220 -0.009600 -0.794624
v 1.923550 -0.012101 -0.794624
v 1.921720 -0.010270 -0.794624
v 1.924220 -0.776293 -0.032931
v 1.919220 -0.776293 -0.027931
v 1.923550 -0.776293 -0.030431
v 1.921720 -0.776293 -0.028601
v 1.157528 -1.537986 -0.027931
v 1.157528 -1.542986 -0.032931
v 1.157528 -1.540486 -0.028601
v 1.157528 -1.542316 -0.030431
v 1.157528 -0.014601 -0.027931
v 1.157528 -0.009600 -0.032931
v 1.157528 -0.012101 -0.028601
v 1.157528 -0.010270 -0.030431
v -1.241363 -0.713971 -0.289691
v -1.236363 -0.718971 -0.289691
v -1.240693 -0.716471 -0.289691
v -1.238863 -0.718301 -0.289691
v -1.241363 -0.064641 0.359639
v -1.236363 -0.064641 0.364639
v -1.240693 -0.064641 0.362139
v -1.238863 -0.064641 0.363969
v -1.241363 0.584690 -0.289691
v -1.236363 0.589690 -0.289691
v -1.240693 0.587190 -0.289691
v -1.238863 0.589020 -0.289691
v -1.241363 -0.064641 -0.939022
v -1.236363 -0.064641 -0.944022
v -1.240693 -0.064641 -0.941522
v -1.238863 -0.064641 -0.943352
v -0.587033 -0.713971 -0.944022
v -0.587033 -0.718971 -0.939022
v -0.587033 -0.716471 -0.943352
v -0.587033 -0.718301 -0.941522
v -0.587033 0.584690 -0.944022
v -0.587033 0.589690 -0.939022
v -0.587033 0.587190 -0.943352
v -0.587033 0.589020 -0.941522
v 0.062298 -0.064641 -0.944022
v 0.067298 -0.064641 -0.939022
v 0.064797 -0.064641 -0.943352
v 0.066628 -0.064641 -0.941522
v 0.067298 -0.713971 -0.289691
v 0.062298 -0.718971 -0.289691
v 0.066628 -0.716471 -0.289691
v 0.064797 -0.718301 -0.289691
v 0.067298 0.584690 -0.289691
v 0.062298 0.589690 -0.289691
v 0.066628 0.587190 -0.289691
v 0.064797 0.589020 -0.289691
v 0.067298 -0.064641 0.359639
v 0.062298 -0.064641 0.364639
v 0.066628 -0.064641 0.362139
v 0.064797 -0.064641 0.363969
v -0.587033 -0.713971 0.364639
v -0.587033 -0.718971 0.359639
v -0.587033 -0.716471 0.363969
v -0.587033 -0.718301 0.362139
v -0.587033 0.584690 0.364639
v -0.587033 0.589690 0.359639
v -0.587033 0.587190 0.363969
v -0.587033 0.589020 0.362139
v -1.575360 -0.822758 -0.950413
v -1.570360 -0.827758 -0.950413
v -1.574690 -0.825258 -0.950413
v -1.572860 -0.827088 -0.950413
v -1.575360 -0.378872 -0.506527
v -1.570360 -0.378872 -0.501527
v -1.574690 -0.378872 -0.504027
v -1.572860 -0.378872 -0.502197
v -1.575360 0.065014 -0.950413
v -1.570360 0.070014 -0.950413
v -1.574690 0.067514 -0.950413
v -1.572860 0.069344 -0.950413
v -1.575360 -0.378872 -1.394299
v -1.570360 -0.378872 -1.399299
v -1.574690 -0.378872 -1.396799
v -1.572860 -0.378872 -1.398629
v -1.126474 -0.822758 -1.399299
v -1.126474 -0.827758 -1.394299
v -1.126474 -0.825258 -1.398629
v -1.126474 -0.827088 -1.396799
v -1.126474 0.065014 -1.399299
v -1.126474 0.070014 -1.394299
v -1.126474 0.067514 -1.398629
v -1.126474 0.069344 -1.396799
v -0.682588 -0.378872 -1.399299
v -0.677588 -0.378872 -1.394299
v -0.680088 -0.378872 -1.398629
v -0.678258 -0.378872 -1.396799
v -0.677588 -0.822758 -0.950413
v -0.682588 -0.827758 -0.950413
v -0.678258 -0.825258 -0.950413
v -0.680088 -0.827088 -0.950413
v -0.677588 0.065014 -0.950413
v -0.682588 0.070014 -0.950413
v -0.678258 0.067514 -0.950413
v -0.680088 0.069344 -0.950413
v -0.677588 -0.378872 -0.506527
v -0.682588 -0.378872 -0.501527
v -0.678258 -0.378872 -0.504027
v -0.680088 -0.378872 -0.502197
v -1.126474 -0.822758 -0.501527
v -1.126474 -0.827758 -0.506527
v -1.126474 -0.825258 -0.502197
v -1.126474 -0.827088 -0.504027
v -1.126474 0.065014 -0.501527
v -1.126474 0.070014 -0.506527
v -1.126474 0.067514 -0.502197
v -1.126474 0.069344 -0.504027
v -1.764104 -2.002773 -0.794624
v -1.759103 -2.007773 -0.794624
v -1.763434 -2.005273 -0.794624
v -1.761604 -2.007103 -0.794624
v -1.764104 -1.241081 -0.032931
v -1.759103 -1.241081 -0.027931
v -1.763434 -1.241081 -0.030431
v -1.761604 -1.241081 -0.028601
v -1.764104 -0.479388 -0.794624
v -1.759103 -0.474388 -0.794624
v -1.763434 -0.476888 -0.794624
v -1.761604 -0.475058 -0.794624
v -1.764104 -1.241081 -1.556317
v -1.759103 -1.241081 -1.561317
v -1.763434 -1.241081 -1.558816
v -1.761604 -1.241081 -1.560647
v -0.997411 -2.002773 -1.561317
v -0.997411 -2.007773 -1.556317
v -0.997411 -2.005273 -1.560647
v -0.997411 -2.007103 -1.558816
v -0.997411 -0.479388 -1.561317
v -0.997411 -0.474388 -1.556317
v -0.997411 -0.476888 -1.560647
v -0.997411 -0.475058 -1.558816
v -0.235719 -1.241081 -1.561317
v -0.230719 -1.241081 -1.556317
v -0.233219 -1.241081 -1.560647
v -0.231388 -1.241081 -1.558816
v -0.230719 -2.002773 -0.794624
v -0.235719 -2.007773 -0.794624
v -0.231388 -2.005273 -0.794624
v -0.233219 -2.007103 -0.794624
v -0.230719 -0.479388 -0.794624
v -0.235719 -0.474388 -0.794624
v -0.231388 -0.476888 -0.794624
v -0.233219 -0.475058 -0.794624
v -0.230719 -1.241081 -0.032931
v -0.235719 -1.241081 -0.027931
v -0.231388 -1.241081 -0.030431
v -0.233219 -1.241081 -0.028601
v -0.997411 -2.002773 -0.027931
v -0.997411 -2.007773 -0.032931
v -0.997411 -2.005273 -0.028601
v -0.997411 -2.007103 -0.030431
v -0.997411 -0.479388 -0.027931
v -0.997411 -0.474388 -0.032931
v -0.997411 -0.476888 -0.028601
v -0.997411 -0.475058 -0.030431
v -1.541295 0.854419 -0.740976
v -1.536295 0.849419 -0.740976
v -1.540625 0.851919 -0.740976
v -1.538795 0.850089 -0.740976
v -1.541295 1.157108 0.041454
v -1.536295 1.157108 0.046454
v -1.540625 1.157108 0.043954
v -1.538795 1.157108 0.045784
v -1.541295 1.459796 -0.740976
v -1.536295 1.464796 -0.740976
v -1.540625 1.462296 -0.740976
v -1.538795 1.464126 -0.740976
v -1.541295 1.157108 -1.523405
v -1.536295 1.157108 -1.528405
v -1.540625 1.157108 -1.525905
v -1.538795 1.157108 -1.527735
v -0.753865 0.854419 -1.528405
v -0.753865 0.849419 -1.523405
v -0.753865 0.851919 -1.527735
v -0.753865 0.850089 -1.525905
v -0.753865 1.459796 -1.528405
v -0.753865 1.464796 -1.523405
v -0.753865 1.462296 -1.527735
v -0.753865 1.464126 -1.525905
v 0.028564 1.157108 -1.528405
v 0.033564 1.157108 -1.523405
v 0.031064 1.157108 -1.527735
v 0.032894 1.157108 -1.525905
v 0.033564 0.854419 -0.740976
v 0.028564 0.849419 -0.740976
v 0.032894 0.851919 -0.740976
v 0.031064 0.850089 -0.740976
v 0.033564 1.459796 -0.740976
v 0.028564 1.464796 -0.740976
v 0.032894 1.462296 -0.740976
v 0.031064 1.464126 -0.740976
v 0.033564 1.157108 0.041454
v 0.028564 1.157108 0.046454
v 0.032894 1.157108 0.043954
v 0.031064 1.157108 0.045784
v -0.753865 0.854419 0.046454
v -0.753865 0.849419 0.041454
v -0.753865 0.851919 0.045784
v -0.753865 0.850089 0.043954
v -0.753865 1.459796 0.046454
v -0.753865 1.464796 0.041454
v -0.753865 1.462296 0.045784
v -0.753865 1.464126 0.043954
v -1.322539 1.212770 -0.794624
v -1.317539 1.207770 -0.794624
v -1.321869 1.210270 -0.794624
v -1.320039 1.208440 -0.794624
v -1.322539 1.776279 -0.231115
v -1.317539 1.776279 -0.226115
v -1.321869 1.776279 -0.228615
v -1.320039 1.776279 -0.226785
v -1.322539 2.339788 -0.794624
v -1.317539 2.344788 -0.794624
v -1.321869 2.342288 -0.794624
v -1.320039 2.344118 -0.794624
v -1.322539 1.776279 -1.358133
v -1.317539 1.776279 -1.363133
v -1.321869 1.776279 -1.360633
v -1.320039 1.776279 -1.362463
v -0.754030 1.212770 -1.363133
v -0.754030 1.207770 -1.358133
v -0.754030 1.210270 -1.362463
v -0.754030 1.208440 -1.360633
v -0.754030 2.339788 -1.363133
v -0.754030 2.344788 -1.358133
v -0.754030 2.342288 -1.362463
v -0.754030 2.344118 -1.360633
v -0.190521 1.776279 -1.363133
v -0.185521 1.776279 -1.358133
v -0.188021 1.776279 -1.362463
v -0.186191 1.776279 -1.360633
v -0.185521 1.212770 -0.794624
v -0.190521 1.207770 -0.794624
v -0.186191 1.210270 -0.794624
v -0.188021 1.208440 -0.794624
v -0.185521 2.339788 -0.794624
v -0.190521 2.344788 -0.794624
v -0.186191 2.342288 -0.794624
v -0.188021 2.344118 -0.794624
v -0.185521 1.776279 -0.231115
v -0.190521 1.776279 -0.226115
v -0.186191 1.776279 -0.228615
v -0.188021 1.776279 -0.226785
v -0.754030 1.212770 -0.226115
v -0.754030 1.207770 -0.231115
v -0.754030 1.210270 -0.226785
v -0.754030 1.208440 -0.228615
v -0.754030 2.339788 -0.226115
v -0.754030 2.344788 -0.231115
v -0.754030 2.342288 -0.226785
v -0.754030 2.344118 -0.228615
v -0.744255 0.002971 -0.202597
v -0.739255 -0.002029 -0.202597
v -0.743585 0.000471 -0.202597
v -0.741755 -0.001359 -0.202597
v -0.744255 0.542341 0.336773
v -0.739255 0.542341 0.341773
v -0.743585 0.542341 0.339273
v -0.741755 0.542341 0.341103
v -0.744255 1.081712 -0.202597
v -0.739255 1.086712 -0.202597
v -0.743585 1.084212 -0.202597
v -0.741755 1.086042 -0.202597
v -0.744255 0.542341 -0.741968
v -0.739255 0.542341 -0.746968
v -0.743585 0.542341 -0.744468
v -0.741755 0.542341 -0.746298
v -0.199884 0.002971 -0.746968
v -0.199884 -0.002029 -0.741968
v -0.199884 0.000471 -0.746298
v -0.199884 -0.001359 -0.744468
v -0.199884 1.081712 -0.746968
v -0.199884 1.086712 -0.741968
v -0.199884 1.084212 -0.746298
v -0.199884 1.086042 -0.744468
v 0.339486 0.542341 -0.746968
v 0.344486 0.542341 -0.741968
v 0.341986 0.542341 -0.746298
v 0.343816 0.542341 -0.744468
v 0.344486 0.002971 -0.202597
v 0.339486 -0.002029 -0.202597
v 0.343816 0.000471 -0.202597
v 0.341986 -0.001359 -0.202597
v 0.344486 1.081712 -0.202597
v 0.339486 1.086712 -0.202597
v 0.343816 1.084212 -0.202597
v 0.341986 1.086042 -0.202597
v 0.344486 0.542341 0.336773
v 0.339486 0.542341 0.341773
v 0.343816 0.542341 0.339273
v 0.341986 0.542341 0.341103
v -0.199884 0.002971 0.341773
v -0.199884 -0.002029 0.336773
v -0.199884 0.000471 0.341103
v -0.199884 -0.001359 0.339273
v -0.199884 1.081712 0.341773
v -0.199884 1.086712 0.336773
v -0.199884 1.084212 0.341103
v -0.199884 1.086042 0.339273
v 0.856335 -0.364447 -0.731246
v 0.861335 -0.369448 -0.731246
v 0.857005 -0.366947 -0.731246
v 0.858835 -0.368778 -0.731246
v 0.856335 0.397245 0.030447
v 0.861335 0.397245 0.035447
v 0.857005 0.397245 0.032947
v 0.858835 0.397245 0.034777
v 0.856335 1.158938 -0.731246
v 0.861335 1.163938 -0.731246
v 0.857005 1.161438 -0.731246
v 0.858835 1.163268 -0.731246
v 0.856335 0.397245 -1.492938
v 0.861335 0.397245 -1.497938
v 0.857005 0.397245 -1.495438
v 0.858835 0.397245 -1.497268
v 1.211885 -0.364447 -1.497938
v 1.211885 -0.369448 -1.492938
v 1.211885 -0.366947 -1.497268
v 1.211885 -0.368778 -1.495438
v 1.211885 1.158938 -1.497938
v 1.211885 1.163938 -1.492938
v 1.211885 1.161438 -1.497268
v 1.211885 1.163268 -1.495438
v 1.562435 0.397245 -1.497938
v 1.567435 0.397245 -1.492938
v 1.564935 0.397245 -1.497268
v 1.566765 0.397245 -1.495438
v 1.567435 -0.364447 -0.731246
v 1.562435 -0.369448 -0.731246
v 1.566765 -0.366947 -0.731246
v 1.564935 -0.368778 -0.731246
v 1.567435 1.158938 -0.731246
v 1.562435 1.163938 -0.731246
v 1.566765 1.161438 -0.731246
v 1.564935 1.163268 -0.731246
v 1.567435 0.397245 0.030447
v 1.562435 0.397245 0.035447
v 1.566765 0.397245 0.032947
v 1.564935 0.397245 0.034777
v 1.211885 -0.364447 0.035447
v 1.211885 -0.369448 0.030447
v 1.211885 -0.366947 0.034777
v 1.211885 -0.368778 0.032947
v 1.211885 1.158938 0.035447
v 1.211885 1.163938 0.030447
v 1.211885 1.161438 0.034777
v 1.211885 1.163268 0.032947
v 0.199726 -1.879109 -0.289691
v 0.204726 -1.884109 -0.289691
v 0.200396 -1.881609 -0.289691
v 0.202226 -1.883439 -0.289691
v 0.199726 -1.636911 0.472001
v 0.204726 -1.636911 0.477001
v 0.200396 -1.636911 0.474501
v 0.202226 -1.636911 0.476331
v 0.199726 -1.394713 -0.289691
v 0.204726 -1.389713 -0.289691
v 0.200396 -1.392213 -0.289691
v 0.202226 -1.390382 -0.289691
v 0.199726 -1.636911 -1.051384
v 0.204726 -1.636911 -1.056384
v 0.200396 -1.636911 -1.053884
v 0.202226 -1.636911 -1.055714
v 0.805669 -1.879109 -1.056384
v 0.805669 -1.884109 -1.051384
v 0.805669 -1.881609 -1.055714
v 0.805669 -1.883439 -1.053884
v 0.805669 -1.394713 -1.056384
v 0.805669 -1.389713 -1.051384
v 0.805669 -1.392213 -1.055714
v 0.805669 -1.390382 -1.053884
v 1.406612 -1.636911 -1.056384
v 1.411612 -1.636911 -1.051384
v 1.409112 -1.636911 -1.055714
v 1.410942 -1.636911 -1.053884
v 1.411612 -1.879109 -0.289691
v 1.406612 -1.884109 -0.289691
v 1.410942 -1.881609 -0.289691
v 1.409112 -1.883439 -0.289691
v 1.411612 -1.394713 -0.289691
v 1.406612 -1.389713 -0.289691
v 1.410942 -1.392213 -0.289691
v 1.409112 -1.390382 -0.289691
v 1.411612 -1.636911 0.472001
v 1.406612 -1.636911 0.477001
v 1.410942 -1.636911 0.474501
v 1.409112 -1.636911 0.476331
v 0.805669 -1.879109 0.477001
v 0.805669 -1.884109 0.472001
v 0.805669 -1.881609 0.476331
v 0.805669 -1.883439 0.474501
v 0.805669 -1.394713 0.477001
v 0.805669 -1.389713 0.472001
v 0.805669 -1.392213 0.476331
v 0.805669 -1.390382 0.474501
v -0.022877 -0.905825 0.346261
v -0.017877 -0.910825 0.346261
v -0.022207 -0.908325 0.346261
v -0.020377 -0.910155 0.346261
v -0.022877 -0.337964 0.914122
v -0.017877 -0.337964 0.919122
v -0.022207 -0.337964 0.916622
v -0.020377 -0.337964 0.918452
v -0.022877 0.229898 0.346261
v -0.017877 0.234898 0.346261
v -0.022207 0.232398 0.346261
v -0.020377 0.234228 0.346261
v -0.022877 -0.337964 -0.221601
v -0.017877 -0.337964 -0.226601
v -0.022207 -0.337964 -0.224101
v -0.020377 -0.337964 -0.225931
v 0.549985 -0.905825 -0.226601
v 0.549985 -0.910825 -0.221601
v 0.549985 -0.908325 -0.225931
v 0.549985 -0.910155 -0.224101
v 0.549985 0.229898 -0.226601
v 0.549985 0.234898 -0.221601
v 0.549985 0.232398 -0.225931
v 0.549985 0.234228 -0.224101
v 1.117847 -0.337964 -0.226601
v 1.122847 -0.337964 -0.221601
v 1.120347 -0.337964 -0.225931
v 1.122177 -0.337964 -0.224101
v 1.122847 -0.905825 0.346261
v 1.117847 -0.910825 0.346261
v 1.122177 -0.908325 0.346261
v 1.120347 -0.910155 0.346261
v 1.122847 0.229898 0.346261
v 1.117847 0.234898 0.346261
v 1.122177 0.232398 0.346261
v 1.120347 0.234228 0.346261
v 1.122847 -0.337964 0.914122
v 1.117847 -0.337964 0.919122
v 1.122177 -0.337964 0.916622
v 1.120347 -0.337964 0.918452
v 0.549985 -0.905825 0.919122
v 0.549985 -0.910825 0.914122
v 0.549985 -0.908325 0.918452
v 0.549985 -0.910155 0.916622
v 0.549985 0.229898 0.919122
v 0.549985 0.234898 0.914122
v 0.549985 0.232398 0.918452
v 0.549985 0.234228 0.916622
v -1.944332 -1.842310 1.164005
v -1.939331 -1.847310 1.164005
v -1.943662 -1.844811 1.164005
v -1.941832 -1.846641 1.164005
v -1.944332 1.288053 2.204126
v -1.939331 1.288053 2.209126
v -1.943662 1.288053 2.206626
v -1.941832 1.288053 2.208456
v -1.944332 2.328174 -0.642688
v -1.939331 2.333174 -0.642688
v -1.943662 2.330674 -0.642688
v -1.941832 2.332504 -0.642688
v -1.944332 -0.802189 -1.399260
v -1.939331 -0.802189 -1.404260
v -1.943662 -0.802189 -1.401760
v -1.941832 -0.802189 -1.403590
v -1.073931 -1.842310 -1.404260
v -1.073931 -1.847310 -1.399260
v -1.073931 -1.844811 -1.403590
v -1.073931 -1.846641 -1.401760
v 0.748883 2.328174 -1.404260
v 0.748883 2.333174 -1.399260
v 0.748883 2.330674 -1.403590
v 0.748883 2.332504 -1.401760
v 1.696297 -0.802189 -1.404260
v 1.701298 -0.802189 -1.399260
v 1.698798 -0.802189 -1.403590
v 1.700628 -0.802189 -1.401760
v 1.701298 -1.842310 -0.642688
v 1.696297 -1.847310 -0.642688
v 1.700628 -1.844811 -0.642688
v 1.698798 -1.846641 -0.642688
v 1.701298 2.328174 1.164005
v 1.696297 2.333174 1.164005
v 1.700628 2.330674 1.164005
v 1.698798 2.332504 1.164005
v -1.073931 2.328174 2.209126
v -1.073931 2.333174 2.204126
v -1.073931 2.330674 2.208456
v -1.073931 2.332504 2.206626
v -1.944332 -0.802189 2.204126
v -1.939331 -0.802189 2.209126
v -1.943662 -0.802189 2.206626
v -1.941832 -0.802189 2.208456
v -1.944332 1.288053 -1.399260
v -1.939331 1.288053 -1.404260
v -1.943662 1.288053 -1.401760
v -1.941832 1.288053 -1.403590
v 1.696297 1.288053 -1.404260
v 1.701298 1.288053 -1.399260
v 1.698798 1.288053 -1.403590
v 1.700628 1.288053 -1.401760
v 1.701298 1.288053 2.204126
v 1.696297 1.288053 2.209126
v 1.700628 1.288053 2.206626
v 1.698798 1.288053 2.208456
v 1.696297 0.242932 1.164005
v 1.701298 0.247932 1.164005
v 1.698798 0.243602 1.164005
v 1.700628 0.245432 1.164005
v -1.944332 -1.842310 -0.642688
v -1.939331 -1.847310 -0.642688
v -1.943662 -1.844811 -0.642688
v -1.941832 -1.846641 -0.642688
v -1.944332 2.328174 1.164005
v -1.939331 2.333174 1.164005
v -1.943662 2.330674 1.164005
v -1.941832 2.332504 1.164005
v 1.701298 2.328174 -0.642688
v 1.696297 2.333174 -0.642688
v 1.700628 2.330674 -0.642688
v 1.698798 2.332504 -0.642688
v 1.701298 -0.802189 0.113884
v 1.696297 -0.802189 0.118884
v 1.700628 -0.802189 0.116384
v 1.698798 -0.802189 0.118214
v 0.748883 -1.842310 -1.404260
v 0.748883 -1.847310 -1.399260
v 0.748883 -1.844811 -1.403590
v 0.748883 -1.846641 -1.401760
v -1.073931 2.328174 -1.404260
v -1.073931 2.333174 -1.399260
v -1.073931 2.330674 -1.403590
v -1.073931 2.332504 -1.401760
v -1.073931 -1.842310 2.209126
v -1.073931 -1.847310 2.204126
v -1.073931 -1.844811 2.208457
v -1.073931 -1.846641 2.206626
v 0.748883 2.328174 2.209126
v 0.748883 2.333174 2.204126
v 0.748883 2.330674 2.208456
v 0.748883 2.332504 2.206626
v 0.748883 0.242932 2.204126
v 0.748883 0.247932 2.209126
v 0.748883 0.243602 2.206626
v 0.748883 0.245432 2.208456
v 0.748883 -1.847310 0.113884
v 0.748883 -1.842310 0.118884
v 0.748883 -1.846641 0.116384
v 0.748883 -1.844811 0.118214
v -0.203531 -0.802189 2.204126
v -0.208531 -0.802189 2.209126
v -0.204201 -0.802189 2.206626
v -0.206031 -0.802189 2.208456
v -0.208531 -1.847310 1.164005
v -0.203531 -1.842310 1.164005
v -0.206031 -1.846641 1.164005
v -0.204201 -1.844811 1.164005
v -0.203531 0.237932 1.164005
v -0.198531 0.242932 1.164005
v -0.202861 0.240432 1.164005
v -0.201031 0.242262 1.164005
v 0.748883 0.237932 0.118884
v 0.748883 0.242932 0.123884
v 0.748883 0.240432 0.119553
v 0.748883 0.242262 0.121384
v -0.198531 -0.802189 0.118884
v -0.203531 -0.802189 0.123884
v -0.201031 -0.802189 0.119553
v -0.202861 -0.802189 0.121384
v -0.078822 0.632656 -0.985767
v -0.073822 0.627656 -0.985767
v -0.078153 0.630156 -0.985767
v -0.076322 0.628326 -0.985767
v -0.078822 1.040026 -0.010821
v -0.073822 1.040026 -0.005821
v -0.078153 1.040026 -0.008321
v -0.076322 1.040026 -0.006491
v -0.078822 1.447396 -0.985767
v -0.073822 1.452397 -0.985767
v -0.078153 1.449897 -0.985767
v -0.076322 1.451727 -0.985767
v -0.078822 1.040026 -1.960713
v -0.073822 1.040026 -1.965713
v -0.078153 1.040026 -1.963213
v -0.076322 1.040026 -1.965043
v 0.901123 0.632656 -1.965713
v 0.901123 0.627656 -1.960713
v 0.901123 0.630156 -1.965043
v 0.901123 0.628326 -1.963213
v 0.901123 1.447396 -1.965713
v 0.901123 1.452397 -1.960713
v 0.901123 1.449897 -1.965043
v 0.901123 1.451727 -1.963213
v 1.876068 1.040026 -1.965713
v 1.881069 1.040026 -1.960713
v 1.878568 1.040026 -1.965043
v 1.880399 1.040026 -1.963213
v 1.881069 0.632656 -0.985767
v 1.876068 0.627656 -0.985767
v 1.880399 0.630156 -0.985767
v 1.878568 0.628326 -0.985767
v 1.881069 1.447396 -0.985767
v 1.876068 1.452397 -0.985767
v 1.880399 1.449897 -0.985767
v 1.878568 1.451727 -0.985767
v 1.881069 1.040026 -0.010821
v 1.876068 1.040026 -0.005821
v 1.880399 1.040026 -0.008321
v 1.878568 1.040026 -0.006491
v 0.901123 0.632656 -0.005821
v 0.901123 0.627656 -0.010821
v 0.901123 0.630156 -0.006491
v 0.901123 0.628326 -0.008321
v 0.901123 1.447396 -0.005821
v 0.901123 1.452397 -0.010821
v 0.901123 1.449897 -0.006491
v 0.901123 1.451727 -0.008321
vn -0.2118 -0.0800 -0.9740
vn 0.0995 -0.0800 -0.9918
vn 0.0939 -0.3403 -0.9356
vn -0.1998 -0.3403 -0.9188
vn 0.0675 -0.7371 -0.6724
vn -0.1436 -0.7371 -0.6603
vn 0.0225 -0.9742 -0.2246
vn -0.0480 -0.9742 -0.2206
vn 0.0995 0.0800 -0.9918
vn -0.2118 0.0800 -0.9740
vn -0.1998 0.3403 -0.9188
vn 0.0939 0.3403 -0.9356
vn -0.1436 0.7371 -0.6603
vn 0.0675 0.7371 -0.6724
vn -0.0480 0.9742 -0.2206
vn 0.0225 0.9742 -0.2246
vn 0.4011 -0.0800 -0.9125
vn 0.3784 -0.3403 -0.8608
vn 0.2719 -0.7371 -0.6186
vn 0.0909 -0.9742 -0.2067
vn 0.4011 0.0800 -0.9125
vn 0.3784 0.3403 -0.8608
vn 0.2719 0.7371 -0.6186
vn 0.0909 0.9742 -0.2067
vn 0.6635 -0.0800 -0.7439
vn 0.6259 -0.3403 -0.7018
vn 0.4498 -0.7371 -0.5043
vn 0.1503 -0.9742 -0.1685
vn 0.6635 0.0800 -0.7439
vn 0.6259 0.3403 -0.7018
vn 0.4498 0.7371 -0.5043
vn 0.1503 0.9742 -0.1685
vn 0.8609 -0.0800 -0.5025
vn 0.8121 -0.3403 -0.4740
vn 0.5836 -0.7371 -0.3406
vn 0.1950 -0.9742 -0.1138
vn 0.8609 0.0800 -0.5025
vn 0.8121 0.3403 -0.4740
vn 0.5836 0.7371 -0.3406
vn 0.1950 0.9742 -0.1138
vn 0.9740 -0.0800 -0.2118
vn 0.9188 -0.3403 -0.1998
vn 0.6603 -0.7371 -0.1436
vn 0.2206 -0.9742 -0.0480
vn 0.9740 0.0800 -0.2118
vn 0.9188 0.3403 -0.1998
vn 0.6603 0.7371 -0.1436
vn 0.2206 0.9742 -0.0480
vn 0.9918 -0.0800 0.0995
vn 0.9356 -0.3403 0.0939
vn 0.6724 -0.7371 0.0675
vn 0.2246 -0.9742 0.0225
vn 0.9918 0.0800 0.0995
vn 0.9356 0.3403 0.0939
vn 0.6724 0.7371 0.0675
vn 0.2246 0.9742 0.0225
vn 0.9125 -0.0800 0.4011
vn 0.8608 -0.3403 0.3784
vn 0.6186 -0.7371 0.2719
vn 0.2067 -0.9742 0.0909
vn 0.9125 0.0800 0.4011
vn 0.8608 0.3403 0.3784
vn 0.6186 0.7371 0.2719
vn 0.2067 0.9742 0.0909
vn 0.7439 -0.0800 0.6635
vn 0.7018 -0.3403 0.6259
vn 0.5043 -0.7371 0.4498
vn 0.1685 -0.9742 0.1503
vn 0.7439 0.0800 0.6635
vn 0.7018 0.3403 0.6259
vn 0.5043 0.7371 0.4498
vn 0.1685 0.9742 0.1503
vn 0.5025 -0.0800 0.8609
vn 0.4740 -0.3403 0.8121
vn 0.3406 -0.7371 0.5836
vn 0.1138 -0.9742 0.1950
vn 0.5025 0.0800 0.8609
vn 0.4740 0.3403 0.8121
vn 0.3406 0.7371 0.5836
vn 0.1138 0.9742 0.1950
vn 0.2118 -0.0800 0.9740
vn 0.1998 -0.3403 0.9188
vn 0.1436 -0.7371 0.6603
vn 0.0480 -0.9742 0.2206
vn 0.2118 0.0800 0.9740
vn 0.1998 0.3403 0.9188
vn 0.1436 0.7371 0.6603
vn 0.0480 0.9742 0.2206
vn -0.0995 -0.0800 0.9918
vn -0.0939 -0.3403 0.9356
vn -0.0675 -0.7371 0.6724
vn -0.0225 -0.9742 0.2246
vn -0.0995 0.0800 0.9918
vn -0.0939 0.3403 0.9356
vn -0.0675 0.7371 0.6724
vn -0.0225 0.9742 0.2246
vn -0.4011 -0.0800 0.9125
vn -0.3784 -0.3403 0.8608
vn -0.2719 -0.7371 0.6186
vn -0.0909 -0.9742 0.2067
vn -0.4011 0.0800 0.9125
vn -0.3784 0.3403 0.8608
vn -0.2719 0.7371 0.6186
vn -0.0909 0.9742 0.2067
vn -0.6635 -0.0800 0.7439
vn -0.6259 -0.3403 0.7018
vn -0.4498 -0.7371 0.5043
vn -0.1503 -0.9742 0.1685
vn -0.6635 0.0800 0.7439
vn -0.6259 0.3403 0.7018
vn -0.4498 0.7371 0.5043
vn -0.1503 0.9742 0.1685
vn -0.8609 -0.0800 0.5025
vn -0.8121 -0.3403 0.4740
vn -0.5836 -0.7371 0.3406
vn -0.1950 -0.9742 0.1138
vn -0.8609 0.0800 0.5025
vn -0.8121 0.3403 0.4740
vn -0.5836 0.7371 0.3406
vn -0.1950 0.9742 0.1138
vn -0.9740 -0.0800 0.2118
vn -0.9188 -0.3403 0.1998
vn -0.6603 -0.7371 0.1436
vn -0.2206 -0.9742 0.0480
vn -0.9740 0.0800 0.2118
vn -0.9188 0.3403 0.1998
vn -0.6603 0.7371 0.1436
vn -0.2206 0.9742 0.0480
vn -0.9918 -0.0800 -0.0995
vn -0.9356 -0.3403 -0.0939
vn -0.6724 -0.7371 -0.0675
vn -0.2246 -0.9742 -0.0225
vn -0.9918 0.0800 -0.0995
vn -0.9356 0.3403 -0.0939
vn -0.6724 0.7371 -0.0675
vn -0.2246 0.9742 -0.0225
vn -0.9125 -0.0800 -0.4011
vn -0.8608 -0.3403 -0.3784
vn -0.6186 -0.7371 -0.2719
vn -0.2067 -0.9742 -0.0909
vn -0.9125 0.0800 -0.4011
vn -0.8608 0.3403 -0.3784
vn -0.6186 0.7371 -0.2719
vn -0.2067 0.9742 -0.0909
vn -0.7439 -0.0800 -0.6635
vn -0.7018 -0.3403 -0.6259
vn -0.5043 -0.7371 -0.4498
vn -0.1685 -0.9742 -0.1503
vn -0.7439 0.0800 -0.6635
vn -0.7018 0.3403 -0.6259
vn -0.5043 0.7371 -0.4498
vn -0.1685 0.9742 -0.1503
vn -0.5025 -0.0800 -0.8609
vn -0.4740 -0.3403 -0.8121
vn -0.3406 -0.7371 -0.5836
vn -0.1138 -0.9742 -0.1950
vn -0.5025 0.0800 -0.8609
vn -0.4740 0.3403 -0.8121
vn -0.3406 0.7371 -0.5836
vn -0.1138 0.9742 -0.1950
vn -1.0000 -0.0000 -0.0000
vn -0.0000 1.0000 -0.0000
vn -0.0000 -0.0000 -1.0000
vn -0.0010 -1.0000 0.0010
vn -0.0009 -0.8660 0.5001
vn -0.4179 -0.8067 0.4179
vn -0.5001 -0.8660 0.0009
vn -0.0009 -0.5001 0.8660
vn -0.4179 -0.4179 0.8067
vn -0.0011 -0.0010 1.0000
vn -0.5001 -0.0009 0.8660
vn -0.8660 -0.0009 0.5001
vn -0.8067 -0.4179 0.4178
vn -1.0000 -0.0011 0.0011
vn -0.8660 -0.5001 0.0009
vn -1.0000 0.0011 0.0012
vn -0.8660 0.0009 0.5001
vn -0.8067 0.4178 0.4179
vn -0.8660 0.5001 0.0010
vn -0.5001 0.0009 0.8660
vn -0.4179 0.4179 0.8067
vn -0.0010 0.0010 1.0000
vn -0.0010 0.5001 0.8660
vn -0.0009 0.8660 0.5001
vn -0.4178 0.8067 0.4179
vn -0.0011 1.0000 0.0011
vn -0.5001 0.8660 0.0009
vn -1.0000 -0.0010 -0.0010
vn -0.8660 -0.0009 -0.5001
vn -0.8067 -0.4179 -0.4178
vn -0.8660 -0.5001 -0.0009
vn -0.5001 -0.0009 -0.8660
vn -0.4179 -0.4179 -0.8067
vn -0.0010 -0.0010 -1.0000
vn -0.0009 -0.5001 -0.8660
vn -0.0010 -0.8660 -0.5001
vn -0.4179 -0.8067 -0.4179
vn -0.0011 -1.0000 -0.0010
vn -0.5001 -0.8660 -0.0009
vn -0.0011 1.0000 -0.0011
vn -0.0009 0.8660 -0.5001
vn -0.4178 0.8067 -0.4179
vn -0.5001 0.8660 -0.0009
vn -0.0009 0.5001 -0.8660
vn -0.4179 0.4179 -0.8067
vn -0.0010 0.0010 -1.0000
vn -0.5001 0.0009 -0.8660
vn -0.8660 0.0009 -0.5001
vn -0.8067 0.4179 -0.4179
vn -1.0000 0.0011 -0.0011
vn -0.8660 0.5001 -0.0010
vn 1.0000 -0.0010 0.0010
vn 0.8660 -0.0009 0.5001
vn 0.8067 -0.4179 0.4178
vn 0.8660 -0.5001 0.0009
vn 0.5001 -0.0009 0.8660
vn 0.4179 -0.4179 0.8067
vn 0.0010 -0.0010 1.0000
vn 0.0009 -0.5001 0.8660
vn 0.0009 -0.8660 0.5001
vn 0.4179 -0.8067 0.4179
vn 0.0011 -1.0000 0.0010
vn 0.5001 -0.8660 0.0009
vn 0.0011 1.0000 0.0012
vn 0.0009 0.8660 0.5001
vn 0.4178 0.8067 0.4179
vn 0.5001 0.8660 0.0009
vn 0.0009 0.5001 0.8660
vn 0.4179 0.4179 0.8067
vn 0.0010 0.0010 1.0000
vn 0.5001 0.0009 0.8660
vn 0.8660 0.0009 0.5001
vn 0.8067 0.4179 0.4178
vn 1.0000 0.0011 0.0011
vn 0.8660 0.5001 0.0009
vn 0.0011 -0.0010 -1.0000
vn 0.5001 -0.0009 -0.8660
vn 0.4179 -0.4179 -0.8067
vn 0.0009 -0.5001 -0.8660
vn 0.8660 -0.0009 -0.5001
vn 0.8067 -0.4179 -0.4178
vn 1.0000 -0.0011 -0.0010
vn 0.8660 -0.5001 -0.0009
vn 0.5001 -0.8660 -0.0009
vn 0.4179 -0.8067 -0.4179
vn 0.0010 -1.0000 -0.0011
vn 0.0010 -0.8660 -0.5001
vn 0.0011 1.0000 -0.0011
vn 0.5001 0.8660 -0.0010
vn 0.4178 0.8067 -0.4179
vn 0.0009 0.8660 -0.5001
vn 0.8660 0.5001 -0.0010
vn 0.8067 0.4179 -0.4179
vn 1.0000 0.0011 -0.0011
vn 0.8660 0.0009 -0.5001
vn 0.5001 0.0010 -0.8660
vn 0.4179 0.4179 -0.8067
vn 0.0010 0.0010 -1.0000
vn 0.0009 0.5001 -0.8660
vn -0.0007 -1.0000 0.0008
vn -0.0006 -0.8660 0.5001
vn -0.4178 -0.8067 0.4179
vn -0.5001 -0.8660 0.0006
vn -0.0007 -0.5001 0.8660
vn -0.4179 -0.4178 0.8067
vn -0.0008 -0.0007 1.0000
vn -0.5002 -0.0006 0.8659
vn -0.8660 -0.0006 0.5001
vn -0.8068 -0.4178 0.4178
vn -1.0000 -0.0007 0.0007
vn -0.8660 -0.5001 0.0006
vn -1.0000 0.0007 0.0007
vn -0.8660 0.0006 0.5001
vn -0.8660 0.5001 0.0006
vn -0.5001 0.0006 0.8660
vn -0.4178 0.4178 0.8067
vn -0.0007 0.0007 1.0000
vn -0.0006 0.5002 0.8659
vn -0.0006 0.8660 0.5001
vn -0.0007 1.0000 0.0008
vn -0.5001 0.8660 0.0006
vn -1.0000 -0.0008 -0.0008
vn -0.8660 -0.0006 -0.5001
vn -0.8067 -0.4178 -0.4179
vn -0.8660 -0.5001 -0.0007
vn -0.5001 -0.0006 -0.8660
vn -0.4179 -0.4178 -0.8067
vn -0.0007 -0.0007 -1.0000
vn -0.0006 -0.5001 -0.8660
vn -0.0006 -0.8660 -0.5001
vn -0.4179 -0.8066 -0.4179
vn -0.0007 -1.0000 -0.0007
vn -0.5001 -0.8659 -0.0007
vn -0.0007 1.0000 -0.0008
vn -0.0006 0.8660 -0.5001
vn -0.5001 0.8660 -0.0006
vn -0.0006 0.5001 -0.8660
vn -0.0007 0.0007 -1.0000
vn -0.5001 0.0006 -0.8660
vn -0.8660 0.0007 -0.5001
vn -1.0000 0.0008 -0.0007
vn -0.8660 0.5001 -0.0006
vn 1.0000 -0.0007 0.0007
vn 0.8660 -0.0006 0.5001
vn 0.8067 -0.4178 0.4179
vn 0.8660 -0.5001 0.0006
vn 0.5001 -0.0006 0.8660
vn 0.4178 -0.4178 0.8067
vn 0.0008 -0.0008 1.0000
vn 0.0006 -0.5001 0.8660
vn 0.0006 -0.8660 0.5001
vn 0.4178 -0.8068 0.4178
vn 0.0008 -1.0000 0.0007
vn 0.5001 -0.8660 0.0006
vn 0.0007 1.0000 0.0007
vn 0.0006 0.8660 0.5001
vn 0.4178 0.8068 0.4178
vn 0.5001 0.8660 0.0006
vn 0.0006 0.5001 0.8660
vn 0.4178 0.4178 0.8068
vn 0.0007 0.0007 1.0000
vn 0.5001 0.0006 0.8660
vn 0.8660 0.0006 0.5001
vn 0.8067 0.4178 0.4179
vn 1.0000 0.0007 0.0007
vn 0.8660 0.5001 0.0006
vn 0.0007 -0.0007 -1.0000
vn 0.5001 -0.0006 -0.8660
vn 0.4179 -0.4178 -0.8067
vn 0.0006 -0.5001 -0.8660
vn 0.8660 -0.0007 -0.5001
vn 0.8067 -0.4178 -0.4179
vn 1.0000 -0.0008 -0.0007
vn 0.8660 -0.5001 -0.0006
vn 0.5001 -0.8660 -0.0006
vn 0.4179 -0.8067 -0.4178
vn 0.0007 -1.0000 -0.0007
vn 0.0007 -0.8660 -0.5001
vn 0.0007 1.0000 -0.0007
vn 0.5001 0.8660 -0.0006
vn 0.0006 0.8660 -0.5001
vn 0.8660 0.5001 -0.0006
vn 1.0000 0.0007 -0.0007
vn 0.8660 0.0006 -0.5001
vn 0.5001 0.0007 -0.8660
vn 0.4178 0.4179 -0.8067
vn 0.0008 0.0007 -1.0000
vn 0.0007 0.5001 -0.8660
vn -0.0007 -1.0000 0.0007
vn -0.4178 -0.8068 0.4178
vn -0.0006 -0.5001 0.8660
vn -0.4178 -0.4178 0.8068
vn -0.8067 -0.4178 0.4179
vn -0.8068 0.4178 0.4178
vn -0.4179 0.4178 0.8067
vn -0.0007 0.5001 0.8659
vn -0.0006 0.8659 0.5001
vn -0.4179 0.8067 0.4179
vn -0.5002 0.8659 0.0007
vn -1.0000 -0.0007 -0.0007
vn -0.8659 -0.0006 -0.5002
vn -0.8067 -0.4179 -0.4179
vn -0.8660 -0.5001 -0.0006
vn -0.5001 -0.0007 -0.8660
vn -0.4178 -0.4178 -0.8068
vn -0.5001 -0.8660 -0.0006
vn -0.0006 0.8659 -0.5002
vn -0.5001 0.8660 -0.0007
vn -0.4178 0.4180 -0.8067
vn -0.8660 0.0006 -0.5001
vn -0.8067 0.4178 -0.4179
vn -1.0000 0.0007 -0.0007
vn 0.8068 -0.4178 0.4178
vn 0.4179 -0.4178 0.8067
vn 0.0007 -0.0007 1.0000
vn 0.4178 -0.8067 0.4179
vn 0.0007 -1.0000 0.0007
vn 0.0007 1.0000 0.0008
vn 0.0006 0.8659 0.5002
vn 0.4179 0.8067 0.4179
vn 0.5001 0.8659 0.0007
vn 0.5001 0.0006 0.8659
vn 0.8068 0.4178 0.4178
vn 0.0008 -0.0007 -1.0000
vn 0.5001 -0.0007 -0.8659
vn 0.0007 -0.5001 -0.8660
vn 0.8660 -0.0006 -0.5001
vn 1.0000 -0.0007 -0.0007
vn 0.5001 -0.8659 -0.0006
vn 0.4179 -0.8066 -0.4179
vn 0.0006 -0.8660 -0.5001
vn 0.0007 1.0000 -0.0008
vn 0.5002 0.8659 -0.0007
vn 0.4179 0.8067 -0.4179
vn 0.0006 0.8659 -0.5002
vn 0.8068 0.4178 -0.4178
vn 0.8660 0.0007 -0.5001
vn 0.5001 0.0006 -0.8660
vn 0.4179 0.4178 -0.8067
vn 0.0007 0.0007 -1.0000
vn 0.0006 0.5001 -0.8660
vn -0.4178 -0.4179 0.8067
vn -0.0007 -0.0007 1.0000
vn -1.0000 0.0007 0.0008
vn -0.8068 0.4178 0.4177
vn -0.4179 0.4180 0.8067
vn -0.0007 0.0008 1.0000
vn -0.0006 0.8659 0.5002
vn -0.4179 0.8068 0.4178
vn -0.0007 1.0000 0.0007
vn -0.5002 0.8659 0.0006
vn -0.8660 -0.0007 -0.5001
vn -0.0006 -0.8659 -0.5001
vn -0.4178 -0.8067 -0.4179
vn -0.0007 1.0000 -0.0007
vn -0.4179 0.8067 -0.4178
vn -0.5002 0.8659 -0.0006
vn -0.0007 0.5001 -0.8660
vn -0.4179 0.4178 -0.8067
vn -0.8068 0.4178 -0.4178
vn -1.0000 0.0007 -0.0008
vn -0.8660 0.5001 -0.0007
vn 0.8659 -0.0006 0.5002
vn 0.8067 -0.4179 0.4179
vn 0.8659 -0.5002 0.0007
vn 0.5002 -0.0006 0.8659
vn 0.0006 -0.5002 0.8659
vn 0.0006 -0.8659 0.5002
vn 0.0007 -1.0000 0.0008
vn 0.5001 -0.8660 0.0007
vn 0.0007 1.0000 0.0006
vn 0.4179 0.8067 0.4178
vn 0.5002 0.8659 0.0006
vn 0.4180 0.4178 0.8067
vn 0.5001 0.0007 0.8660
vn 0.8659 0.0006 0.5002
vn 0.8659 0.5002 0.0007
vn 0.5002 -0.0006 -0.8659
vn 0.0006 -0.5002 -0.8659
vn 0.8659 -0.0006 -0.5002
vn 0.8659 -0.5002 -0.0006
vn 0.5001 -0.8659 -0.0007
vn 0.0007 -1.0000 -0.0008
vn 0.0006 -0.8659 -0.5002
vn 0.0007 1.0000 -0.0006
vn 0.5001 0.8660 -0.0005
vn 0.4179 0.8067 -0.4178
vn 0.0006 0.8659 -0.5001
vn 0.8659 0.0006 -0.5002
vn 0.0006 0.5002 -0.8659
vn -0.0014 -1.0000 0.0014
vn -0.0012 -0.8660 0.5001
vn -0.4179 -0.8067 0.4178
vn -0.5001 -0.8660 0.0012
vn -0.0012 -0.5000 0.8660
vn -0.4178 -0.4178 0.8067
vn -0.0014 -0.0014 1.0000
vn -0.5001 -0.0012 0.8660
vn -0.8660 -0.0011 0.5001
vn -1.0000 -0.0014 0.0014
vn -0.8660 -0.5001 0.0012
vn -1.0000 0.0014 0.0014
vn -0.8659 0.0012 0.5001
vn -0.8660 0.5001 0.0011
vn -0.5001 0.0012 0.8660
vn -0.4178 0.4178 0.8068
vn -0.0014 0.0014 1.0000
vn -0.0012 0.5001 0.8660
vn -0.0012 0.8660 0.5001
vn -0.0015 1.0000 0.0015
vn -0.5001 0.8660 0.0013
vn -1.0000 -0.0014 -0.0014
vn -0.8660 -0.0011 -0.5001
vn -0.8660 -0.5001 -0.0011
vn -0.5001 -0.0012 -0.8660
vn -0.0014 -0.0014 -1.0000
vn -0.0013 -0.5000 -0.8660
vn -0.0012 -0.8660 -0.5001
vn -0.0014 -1.0000 -0.0014
vn -0.5001 -0.8660 -0.0012
vn -0.0014 1.0000 -0.0015
vn -0.0012 0.8660 -0.5001
vn -0.4179 0.8067 -0.4179
vn -0.5001 0.8660 -0.0012
vn -0.0012 0.5001 -0.8660
vn -0.4178 0.4178 -0.8068
vn -0.0014 0.0014 -1.0000
vn -0.5001 0.0012 -0.8660
vn -0.8660 0.0012 -0.5001
vn -0.8067 0.4178 -0.4178
vn -1.0000 0.0014 -0.0014
vn -0.8660 0.5001 -0.0011
vn 1.0000 -0.0014 0.0015
vn 0.8660 -0.0011 0.5001
vn 0.8067 -0.4177 0.4180
vn 0.8660 -0.5001 0.0013
vn 0.5001 -0.0012 0.8660
vn 0.4178 -0.4178 0.8068
vn 0.0014 -0.0014 1.0000
vn 0.0012 -0.5000 0.8660
vn 0.0012 -0.8660 0.5001
vn 0.4179 -0.8066 0.4179
vn 0.0014 -1.0000 0.0014
vn 0.5001 -0.8660 0.0012
vn 0.0014 1.0000 0.0015
vn 0.0012 0.8660 0.5001
vn 0.5001 0.8660 0.0012
vn 0.0012 0.5001 0.8660
vn 0.4178 0.4178 0.8067
vn 0.0014 0.0014 1.0000
vn 0.5001 0.0012 0.8660
vn 0.8660 0.0012 0.5001
vn 1.0000 0.0015 0.0014
vn 0.8660 0.5001 0.0012
vn 0.0014 -0.0014 -1.0000
vn 0.5001 -0.0012 -0.8660
vn 0.4178 -0.4178 -0.8068
vn 0.0012 -0.5000 -0.8660
vn 0.8660 -0.0012 -0.5001
vn 1.0000 -0.0014 -0.0014
vn 0.8660 -0.5001 -0.0012
vn 0.5001 -0.8660 -0.0012
vn 0.4178 -0.8067 -0.4179
vn 0.0014 -1.0000 -0.0014
vn 0.0012 -0.8660 -0.5001
vn 0.0015 1.0000 -0.0015
vn 0.5001 0.8660 -0.0013
vn 0.0012 0.8660 -0.5001
vn 0.8660 0.5001 -0.0011
vn 0.8067 0.4178 -0.4178
vn 1.0000 0.0014 -0.0014
vn 0.8660 0.0012 -0.5001
vn 0.5001 0.0012 -0.8660
vn 0.4178 0.4178 -0.8067
vn 0.0014 0.0014 -1.0000
vn 0.0012 0.5001 -0.8660
vn -0.0015 -1.0000 0.0008
vn -0.0013 -0.8660 0.5001
vn -0.4178 -0.8067 0.4178
vn -0.5001 -0.8660 0.0007
vn -0.0013 -0.5001 0.8660
vn -0.0016 -0.0008 1.0000
vn -0.5001 -0.0007 0.8660
vn -0.8660 -0.0007 0.5001
vn -0.8067 -0.4179 0.4179
vn -1.0000 -0.0008 0.0008
vn -0.8660 -0.5001 0.0007
vn -1.0000 0.0008 0.0008
vn -0.8659 0.0007 0.5002
vn -0.8067 0.4179 0.4179
vn -0.8660 0.5001 0.0007
vn -0.5001 0.0007 0.8660
vn -0.0015 0.0009 1.0000
vn -0.0013 0.5001 0.8660
vn -0.0014 0.8660 0.5001
vn -0.0015 1.0000 0.0008
vn -0.5001 0.8660 0.0007
vn -0.8659 -0.0007 -0.5001
vn -0.0015 -0.0008 -1.0000
vn -0.0013 -0.5001 -0.8660
vn -0.0013 -0.8660 -0.5001
vn -0.4178 -0.8068 -0.4178
vn -0.0015 -1.0000 -0.0008
vn -0.5001 -0.8660 -0.0007
vn -0.0015 1.0000 -0.0008
vn -0.0013 0.8660 -0.5001
vn -0.0013 0.5001 -0.8660
vn -0.0017 0.0008 -1.0000
vn -0.5001 0.0007 -0.8660
vn -0.8659 0.0007 -0.5002
vn -1.0000 0.0009 -0.0008
vn 1.0000 -0.0008 0.0008
vn 0.8660 -0.5001 0.0007
vn 0.5001 -0.0007 0.8660
vn 0.4178 -0.4179 0.8067
vn 0.0015 -0.0008 1.0000
vn 0.0013 -0.5001 0.8660
vn 0.0013 -0.8660 0.5001
vn 0.0016 -1.0000 0.0008
vn 0.0015 1.0000 0.0008
vn 0.0013 0.8660 0.5001
vn 0.4178 0.8068 0.4179
vn 0.5001 0.8660 0.0008
vn 0.0013 0.5001 0.8660
vn 0.0016 0.0008 1.0000
vn 0.8659 0.0007 0.5002
vn 1.0000 0.0008 0.0008
vn 0.8660 0.5001 0.0007
vn 0.0015 -0.0008 -1.0000
vn 0.5001 -0.0007 -0.8660
vn 0.0013 -0.5001 -0.8660
vn 0.8659 -0.0008 -0.5002
vn 0.8067 -0.4179 -0.4179
vn 1.0000 -0.0009 -0.0008
vn 0.8660 -0.5001 -0.0007
vn 0.5001 -0.8660 -0.0007
vn 0.4178 -0.8068 -0.4178
vn 0.0015 -1.0000 -0.0008
vn 0.0013 -0.8660 -0.5001
vn 0.0016 1.0000 -0.0008
vn 0.5001 0.8660 -0.0007
vn 0.0013 0.8660 -0.5001
vn 0.8660 0.5001 -0.0007
vn 0.8067 0.4178 -0.4179
vn 1.0000 0.0009 -0.0008
vn 0.8659 0.0007 -0.5002
vn 0.0015 0.0009 -1.0000
vn 0.0013 0.5001 -0.8660
vn -0.0016 -1.0000 0.0016
vn -0.0014 -0.8660 0.5001
vn -0.5000 -0.8660 0.0014
vn -0.0014 -0.5001 0.8660
vn -0.0017 -0.0017 1.0000
vn -0.5001 -0.0014 0.8660
vn -0.8660 -0.0014 0.5001
vn -1.0000 -0.0018 0.0016
vn -0.8660 -0.5000 0.0014
vn -1.0000 0.0016 0.0016
vn -0.8660 0.0014 0.5001
vn -0.8660 0.5001 0.0014
vn -0.5001 0.0014 0.8660
vn -0.0016 0.0016 1.0000
vn -0.0014 0.5001 0.8660
vn -0.0018 1.0000 0.0016
vn -0.5001 0.8660 0.0014
vn -1.0000 -0.0017 -0.0017
vn -0.8660 -0.0014 -0.5001
vn -0.8660 -0.5001 -0.0014
vn -0.5000 -0.0015 -0.8660
vn -0.4178 -0.4178 -0.8067
vn -0.0017 -0.0017 -1.0000
vn -0.0014 -0.5001 -0.8660
vn -0.0014 -0.8660 -0.5001
vn -0.0017 -1.0000 -0.0017
vn -0.5001 -0.8660 -0.0014
vn -0.0016 1.0000 -0.0017
vn -0.0014 0.8660 -0.5001
vn -0.5001 0.8660 -0.0014
vn -0.0015 0.5001 -0.8660
vn -0.0018 0.0016 -1.0000
vn -0.5001 0.0015 -0.8660
vn -0.8660 0.0014 -0.5001
vn -1.0000 0.0016 -0.0016
vn -0.8660 0.5001 -0.0015
vn 1.0000 -0.0016 0.0017
vn 0.8660 -0.0014 0.5001
vn 0.8660 -0.5001 0.0014
vn 0.5001 -0.0014 0.8660
vn 0.0016 -0.0017 1.0000
vn 0.0014 -0.5001 0.8660
vn 0.0015 -0.8660 0.5001
vn 0.4178 -0.8067 0.4178
vn 0.0016 -1.0000 0.0017
vn 0.5001 -0.8660 0.0014
vn 0.0016 1.0000 0.0017
vn 0.0014 0.8660 0.5001
vn 0.5001 0.8660 0.0014
vn 0.0014 0.5001 0.8660
vn 0.4179 0.4179 0.8066
vn 0.0016 0.0016 1.0000
vn 0.5000 0.0014 0.8660
vn 0.8660 0.0015 0.5001
vn 1.0000 0.0017 0.0016
vn 0.8660 0.5001 0.0015
vn 0.0016 -0.0016 -1.0000
vn 0.5001 -0.0014 -0.8660
vn 0.0015 -0.5001 -0.8660
vn 0.8660 -0.0014 -0.5001
vn 1.0000 -0.0016 -0.0016
vn 0.8660 -0.5001 -0.0014
vn 0.5001 -0.8660 -0.0014
vn 0.4178 -0.8067 -0.4178
vn 0.0016 -1.0000 -0.0017
vn 0.0015 -0.8660 -0.5001
vn 0.0017 1.0000 -0.0016
vn 0.5001 0.8660 -0.0014
vn 0.0014 0.8660 -0.5001
vn 0.8660 0.5001 -0.0014
vn 1.0000 0.0016 -0.0016
vn 0.8660 0.0014 -0.5000
vn 0.5000 0.0014 -0.8660
vn 0.0016 0.0017 -1.0000
vn 0.0014 0.5001 -0.8660
vn -0.0009 -1.0000 0.0010
vn -0.0008 -0.8660 0.5001
vn -0.5001 -0.8660 0.0008
vn -0.0008 -0.5001 0.8660
vn -0.0009 -0.0009 1.0000
vn -0.5001 -0.0008 0.8660
vn -1.0000 -0.0010 0.0009
vn -0.8660 -0.5001 0.0008
vn -1.0000 0.0009 0.0009
vn -0.8660 0.5001 0.0008
vn -0.5001 0.0008 0.8660
vn -0.4178 0.4179 0.8067
vn -0.0009 0.0009 1.0000
vn -0.0008 0.5001 0.8660
vn -0.0009 1.0000 0.0009
vn -0.5001 0.8660 0.0008
vn -1.0000 -0.0010 -0.0009
vn -0.8660 -0.0008 -0.5001
vn -0.8660 -0.5001 -0.0008
vn -0.5001 -0.0008 -0.8660
vn -0.0009 -0.0009 -1.0000
vn -0.0008 -0.5001 -0.8660
vn -0.0008 -0.8660 -0.5001
vn -0.4178 -0.8067 -0.4178
vn -0.0009 -1.0000 -0.0009
vn -0.5002 -0.8659 -0.0008
vn -0.0009 1.0000 -0.0009
vn -0.0008 0.8660 -0.5001
vn -0.4178 0.8067 -0.4180
vn -0.5001 0.8660 -0.0008
vn -0.0008 0.5001 -0.8660
vn -0.4178 0.4179 -0.8067
vn -0.0009 0.0009 -1.0000
vn -0.5001 0.0008 -0.8660
vn -0.8660 0.0008 -0.5001
vn -1.0000 0.0010 -0.0009
vn -0.8660 0.5001 -0.0008
vn 1.0000 -0.0009 0.0009
vn 0.8660 -0.0008 0.5001
vn 0.5001 -0.0008 0.8660
vn 0.0009 -0.0009 1.0000
vn 0.0008 -0.5001 0.8660
vn 0.0008 -0.8660 0.5001
vn 0.0009 -1.0000 0.0009
vn 0.5002 -0.8659 0.0009
vn 0.0009 1.0000 0.0009
vn 0.0008 0.5001 0.8660
vn 0.0009 0.0009 1.0000
vn 0.5001 0.0008 0.8660
vn 0.8660 0.0008 0.5001
vn 1.0000 0.0009 0.0009
vn 0.8660 0.5001 0.0008
vn 0.0009 -0.0009 -1.0000
vn 0.4178 -0.4178 -0.8067
vn 0.8660 -0.0008 -0.5001
vn 1.0000 -0.0009 -0.0009
vn 0.8659 -0.5001 -0.0009
vn 0.5001 -0.8660 -0.0008
vn 0.0009 -1.0000 -0.0009
vn 0.0009 -0.8660 -0.5001
vn 0.0009 1.0000 -0.0009
vn 0.5001 0.8660 -0.0009
vn 0.0008 0.8660 -0.5001
vn 0.8660 0.5001 -0.0008
vn 0.8067 0.4179 -0.4178
vn 1.0000 0.0009 -0.0009
vn 0.5001 0.0009 -0.8660
vn 0.0009 0.0009 -1.0000
vn 0.0008 0.5001 -0.8660
vn -0.0012 -1.0000 0.0013
vn -0.0010 -0.8659 0.5002
vn -0.4179 -0.8066 0.4180
vn -0.5000 -0.8660 0.0011
vn -0.0010 -0.5001 0.8660
vn -0.4180 -0.4179 0.8066
vn -0.0012 -0.0011 1.0000
vn -0.5001 -0.0010 0.8660
vn -1.0000 -0.0012 0.0011
vn -0.8660 -0.5001 0.0011
vn -1.0000 0.0012 0.0012
vn -0.8660 0.0011 0.5001
vn -0.8067 0.4178 0.4178
vn -0.8660 0.5001 0.0009
vn -0.5001 0.0010 0.8660
vn -0.0011 0.0012 1.0000
vn -0.0011 0.5001 0.8660
vn -0.0010 0.8660 0.5001
vn -0.4179 0.8067 0.4178
vn -0.0012 1.0000 0.0011
vn -0.5001 0.8660 0.0010
vn -1.0000 -0.0011 -0.0011
vn -0.8660 -0.0010 -0.5001
vn -0.8660 -0.5001 -0.0010
vn -0.5001 -0.0010 -0.8660
vn -0.0012 -0.0012 -1.0000
vn -0.0010 -0.5001 -0.8660
vn -0.0011 -1.0000 -0.0012
vn -0.5001 -0.8660 -0.0011
vn -0.0010 0.8660 -0.5001
vn -0.5001 0.8660 -0.0011
vn -0.0010 0.5001 -0.8660
vn -0.0012 0.0011 -1.0000
vn -0.5001 0.0011 -0.8660
vn -0.8660 0.0011 -0.5001
vn -1.0000 0.0012 -0.0011
vn 1.0000 -0.0011 0.0011
vn 0.8660 -0.0010 0.5001
vn 0.8660 -0.5001 0.0010
vn 0.5001 -0.0011 0.8660
vn 0.0011 -0.0011 1.0000
vn 0.0010 -0.5001 0.8660
vn 0.0010 -0.8660 0.5001
vn 0.0012 -1.0000 0.0012
vn 0.5001 -0.8660 0.0010
vn 0.0012 1.0000 0.0011
vn 0.0011 0.8660 0.5001
vn 0.5001 0.8660 0.0011
vn 0.0011 0.5001 0.8660
vn 0.4179 0.4178 0.8067
vn 0.0012 0.0011 1.0000
vn 0.5001 0.0010 0.8660
vn 0.8660 0.0011 0.5001
vn 1.0000 0.0011 0.0012
vn 0.8660 0.5001 0.0011
vn 0.0012 -0.0012 -1.0000
vn 0.5001 -0.0011 -0.8660
vn 0.4178 -0.4179 -0.8067
vn 0.0010 -0.5001 -0.8660
vn 0.8660 -0.0010 -0.5001
vn 0.8068 -0.4178 -0.4178
vn 1.0000 -0.0012 -0.0011
vn 0.8660 -0.5001 -0.0010
vn 0.5001 -0.8660 -0.0011
vn 0.0011 -1.0000 -0.0013
vn 0.4178 0.8067 -0.4180
vn 0.0010 0.8660 -0.5001
vn 0.8660 0.0010 -0.5001
vn 0.0011 0.0011 -1.0000
vn 0.0010 0.5001 -0.8660
vn -0.0025 -1.0000 0.0026
vn -0.0022 -0.8660 0.5000
vn -0.5000 -0.8660 0.0022
vn -0.0022 -0.5001 0.8660
vn -0.0026 -0.0025 1.0000
vn -0.5000 -0.0022 0.8660
vn -0.8660 -0.0023 0.5001
vn -1.0000 -0.0026 0.0026
vn -0.8660 -0.5000 0.0021
vn -1.0000 0.0026 0.0026
vn -0.8660 0.0022 0.5000
vn -0.8660 0.5000 0.0022
vn -0.5000 0.0022 0.8660
vn -0.0026 0.0026 1.0000
vn -0.0022 0.5000 0.8660
vn -0.0022 0.8660 0.5000
vn -0.4178 0.8067 0.4178
vn -0.0026 1.0000 0.0026
vn -0.5000 0.8660 0.0022
vn -1.0000 -0.0025 -0.0026
vn -0.8660 -0.0023 -0.5001
vn -0.8660 -0.5000 -0.0022
vn -0.5000 -0.0022 -0.8660
vn -0.0026 -0.0026 -1.0000
vn -0.0022 -0.5000 -0.8660
vn -0.0022 -0.8660 -0.5000
vn -0.0026 -1.0000 -0.0026
vn -0.5000 -0.8660 -0.0023
vn -0.0026 1.0000 -0.0026
vn -0.0021 0.8660 -0.5000
vn -0.5000 0.8660 -0.0022
vn -0.0022 0.5000 -0.8660
vn -0.0026 0.0025 -1.0000
vn -0.5000 0.0022 -0.8660
vn -0.8660 0.0022 -0.5000
vn -1.0000 0.0026 -0.0026
vn -0.8660 0.5000 -0.0022
vn 1.0000 -0.0026 0.0026
vn 0.8660 -0.0022 0.5000
vn 0.8660 -0.5001 0.0022
vn 0.5000 -0.0022 0.8660
vn 0.0026 -0.0026 1.0000
vn 0.0022 -0.5001 0.8660
vn 0.0023 -0.8660 0.5000
vn 0.0026 -1.0000 0.0026
vn 0.5000 -0.8660 0.0023
vn 0.0025 1.0000 0.0025
vn 0.0022 0.8660 0.5000
vn 0.5000 0.8660 0.0022
vn 0.0022 0.5000 0.8660
vn 0.0026 0.0026 1.0000
vn 0.5001 0.0022 0.8660
vn 0.8660 0.0022 0.5000
vn 0.8067 0.4179 0.4179
vn 1.0000 0.0025 0.0026
vn 0.8660 0.5001 0.0022
vn 0.0026 -0.0025 -1.0000
vn 0.5000 -0.0022 -0.8660
vn 0.0022 -0.5000 -0.8660
vn 0.8660 -0.0022 -0.5000
vn 0.8067 -0.4178 -0.4180
vn 1.0000 -0.0026 -0.0026
vn 0.8660 -0.5001 -0.0022
vn 0.5000 -0.8660 -0.0022
vn 0.0025 -1.0000 -0.0025
vn 0.0022 -0.8660 -0.5000
vn 0.0025 1.0000 -0.0025
vn 0.5000 0.8660 -0.0022
vn 0.0022 0.8660 -0.5000
vn 0.8660 0.5001 -0.0022
vn 1.0000 0.0025 -0.0026
vn 0.8660 0.0022 -0.5000
vn 0.5001 0.0022 -0.8660
vn 0.4178 0.4178 -0.8068
vn 0.0026 0.0026 -1.0000
vn 0.0022 0.5000 -0.8660
vn -0.0007 -1.0000 0.0016
vn -0.5001 -0.8660 0.0014
vn -0.0007 -0.0016 1.0000
vn -0.0007 0.0017 1.0000
vn -0.0006 0.5001 0.8660
vn -0.0007 1.0000 0.0016
vn -1.0000 -0.0016 -0.0017
vn -0.5001 -0.0014 -0.8660
vn -0.0007 -0.0017 -1.0000
vn -0.0007 -0.5001 -0.8660
vn -0.0007 -0.8660 -0.5001
vn -0.0007 -1.0000 -0.0016
vn -0.0007 1.0000 -0.0016
vn -0.5001 0.8660 -0.0015
vn -0.0007 0.0016 -1.0000
vn -0.5001 0.0014 -0.8660
vn -1.0000 0.0016 -0.0017
vn -0.8660 0.5001 -0.0014
vn 1.0000 -0.0016 0.0016
vn 0.0007 -0.0017 1.0000
vn 0.4179 -0.8067 0.4178
vn 0.0007 -1.0000 0.0017
vn 0.0007 1.0000 0.0017
vn 0.0006 0.8659 0.5001
vn 0.0007 0.0016 1.0000
vn 0.5001 0.0014 0.8660
vn 0.8660 0.5001 0.0014
vn 0.0007 -0.0017 -1.0000
vn 0.8660 -0.0015 -0.5001
vn 0.8066 -0.4179 -0.4179
vn 0.0007 -1.0000 -0.0017
vn 0.0007 1.0000 -0.0016
vn 0.8066 0.4180 -0.4179
vn 1.0000 0.0016 -0.0018
vn 0.8660 0.0015 -0.5001
vn 0.5001 0.0014 -0.8660
vn 0.0007 0.0017 -1.0000
vn -0.0030 -1.0000 0.0030
vn -0.0027 -0.8660 0.5000
vn -0.5000 -0.8660 0.0026
vn -0.0027 -0.5000 0.8660
vn -0.0030 -0.0030 1.0000
vn -0.5000 -0.0026 0.8660
vn -0.8660 -0.0027 0.5000
vn -0.8066 -0.4179 0.4179
vn -1.0000 -0.0030 0.0030
vn -0.8660 -0.5000 0.0026
vn -1.0000 0.0030 0.0031
vn -0.8660 0.0027 0.5000
vn -0.8660 0.5000 0.0026
vn -0.5000 0.0026 0.8660
vn -0.0030 0.0030 1.0000
vn -0.0027 0.5000 0.8660
vn -0.0027 0.8660 0.5000
vn -0.0030 1.0000 0.0030
vn -0.5000 0.8660 0.0026
vn -1.0000 -0.0030 -0.0030
vn -0.8660 -0.0025 -0.5000
vn -0.8660 -0.5000 -0.0026
vn -0.5000 -0.0026 -0.8660
vn -0.0030 -0.0031 -1.0000
vn -0.0027 -0.5000 -0.8660
vn -0.0026 -0.8660 -0.5000
vn -0.0031 -1.0000 -0.0031
vn -0.5000 -0.8660 -0.0025
vn -0.0030 1.0000 -0.0030
vn -0.0027 0.8660 -0.5000
vn -0.5000 0.8660 -0.0026
vn -0.0027 0.5000 -0.8660
vn -0.0031 0.0030 -1.0000
vn -0.5000 0.0026 -0.8660
vn -0.8660 0.0027 -0.5000
vn -0.8066 0.4179 -0.4179
vn -1.0000 0.0031 -0.0030
vn -0.8660 0.5000 -0.0026
vn 1.0000 -0.0030 0.0031
vn 0.8660 -0.0026 0.5001
vn 0.8660 -0.5000 0.0026
vn 0.5000 -0.0027 0.8660
vn 0.0030 -0.0030 1.0000
vn 0.0027 -0.5000 0.8660
vn 0.0026 -0.8660 0.5000
vn 0.0030 -1.0000 0.0030
vn 0.5000 -0.8660 0.0027
vn 0.0030 1.0000 0.0030
vn 0.0026 0.8660 0.5000
vn 0.5000 0.8660 0.0026
vn 0.0027 0.5000 0.8660
vn 0.0030 0.0030 1.0000
vn 0.5000 0.0026 0.8660
vn 0.8660 0.0026 0.5000
vn 1.0000 0.0031 0.0030
vn 0.8660 0.5000 0.0026
vn 0.0030 -0.0031 -1.0000
vn 0.5000 -0.0026 -0.8660
vn 0.0025 -0.5000 -0.8660
vn 0.8660 -0.0027 -0.5000
vn 1.0000 -0.0032 -0.0030
vn 0.8660 -0.5000 -0.0026
vn 0.5000 -0.8660 -0.0027
vn 0.0030 -1.0000 -0.0030
vn 0.0027 -0.8660 -0.5000
vn 0.0030 1.0000 -0.0030
vn 0.5000 0.8660 -0.0026
vn 0.0026 0.8660 -0.5000
vn 0.8660 0.5000 -0.0026
vn 1.0000 0.0030 -0.0030
vn 0.8660 0.0026 -0.5000
vn 0.5000 0.0026 -0.8660
vn 0.0030 0.0030 -1.0000
vn 0.0025 0.5000 -0.8660
vn -0.0007 -0.8660 0.5001
vn -0.5001 -0.0006 0.8660
vn 0.0006 -0.8660 0.5000
vn 0.5002 0.8659 0.0007
vn 0.5002 0.0006 0.8659
vn 0.8659 0.5002 -0.0007
vn 0.4179 0.4180 -0.8067
vn -0.0008 -1.0000 0.0009
vn -0.0007 -0.8660 0.5000
vn -0.4179 -0.4180 0.8066
vn -0.5001 -0.0009 0.8659
vn -0.8067 -0.4180 0.4178
vn -1.0000 -0.0009 0.0008
vn -1.0000 0.0008 0.0009
vn -0.8660 0.0007 0.5001
vn -0.0007 0.5001 0.8660
vn -0.0007 0.8660 0.5001
vn -0.4178 0.8068 0.4178
vn -1.0000 -0.0009 -0.0009
vn -0.8067 -0.4180 -0.4178
vn -0.4179 -0.4180 -0.8066
vn -0.0010 -1.0000 -0.0009
vn -0.0007 0.8660 -0.5001
vn -0.4178 0.8068 -0.4178
vn -0.8067 0.4179 -0.4178
vn -1.0000 0.0009 -0.0009
vn 0.8660 -0.0007 0.5001
vn 0.8067 -0.4178 0.4178
vn 0.8660 -0.5001 0.0008
vn 0.5002 -0.0007 0.8659
vn 0.4179 -0.4179 0.8066
vn 0.0007 -0.5001 0.8660
vn 0.0008 -0.8659 0.5002
vn 0.0009 -1.0000 0.0008
vn 0.0009 1.0000 0.0010
vn 0.0007 0.8659 0.5001
vn 0.0007 0.5001 0.8660
vn 0.4178 0.4179 0.8067
vn 0.5001 0.0008 0.8659
vn 0.8660 0.0007 0.5001
vn 1.0000 0.0010 0.0009
vn 0.0010 -0.0009 -1.0000
vn 1.0000 -0.0010 -0.0009
vn 0.8660 -0.5001 -0.0008
vn 0.0008 -1.0000 -0.0009
vn 0.0007 0.8660 -0.5001
vn 1.0000 0.0009 -0.0010
vn -0.0015 -1.0000 0.0015
vn -0.5001 -0.8660 0.0013
vn -0.0015 -0.0015 1.0000
vn -0.5001 -0.0013 0.8660
vn -0.8660 -0.0013 0.5001
vn -0.8067 -0.4178 0.4178
vn -1.0000 -0.0016 0.0015
vn -0.8660 -0.5001 0.0013
vn -1.0000 0.0015 0.0016
vn -0.8660 0.0013 0.5001
vn -0.8067 0.4179 0.4180
vn -0.8660 0.5001 0.0013
vn -0.5001 0.0013 0.8660
vn -0.0015 0.0015 1.0000
vn -0.0013 0.8660 0.5001
vn -1.0000 -0.0015 -0.0015
vn -0.8660 -0.0013 -0.5001
vn -0.8660 -0.5001 -0.0013
vn -0.5001 -0.0013 -0.8660
vn -0.4178 -0.4179 -0.8067
vn -0.0015 -0.0015 -1.0000
vn -0.0015 -1.0000 -0.0015
vn -0.5001 -0.8660 -0.0013
vn -0.0015 1.0000 -0.0015
vn -0.0015 0.0015 -1.0000
vn -0.5001 0.0013 -0.8660
vn -0.8660 0.0013 -0.5001
vn -1.0000 0.0016 -0.0015
vn -0.8660 0.5001 -0.0013
vn 1.0000 -0.0015 0.0015
vn 0.8660 -0.0013 0.5001
vn 0.5001 -0.0013 0.8660
vn 0.0015 -0.0015 1.0000
vn 0.0015 -1.0000 0.0015
vn 0.5001 -0.8660 0.0013
vn 0.0015 1.0000 0.0016
vn 0.4178 0.8067 0.4178
vn 0.0015 0.0015 1.0000
vn 0.5001 0.0013 0.8660
vn 0.8660 0.0013 0.5001
vn 1.0000 0.0015 0.0015
vn 0.8660 0.5001 0.0013
vn 0.0015 -0.0015 -1.0000
vn 0.5001 -0.0013 -0.8660
vn 0.8660 -0.0013 -0.5001
vn 1.0000 -0.0015 -0.0015
vn 0.8660 -0.5001 -0.0013
vn 0.5001 -0.8660 -0.0013
vn 0.0015 -1.0000 -0.0015
vn 0.5001 0.8660 -0.0012
vn 0.8660 0.5001 -0.0013
vn 1.0000 0.0015 -0.0015
vn 0.8660 0.0013 -0.5001
vn 0.5001 0.0013 -0.8660
vn 0.0015 0.0015 -1.0000
vn -0.0011 -1.0000 0.0011
vn -0.0011 -0.0011 1.0000
vn -0.8660 -0.0009 0.5000
vn -0.8660 0.0010 0.5001
vn -0.0011 0.0011 1.0000
vn -0.0009 0.5001 0.8660
vn -0.0011 -0.0011 -1.0000
vn -0.0009 -0.8660 -0.5001
vn -0.0011 -1.0000 -0.0011
vn -0.0011 1.0000 -0.0012
vn -0.5001 0.8660 -0.0010
vn -0.0011 0.0011 -1.0000
vn -0.8660 0.0010 -0.5001
vn -1.0000 0.0011 -0.0012
vn 0.0011 -1.0000 0.0011
vn 0.0011 1.0000 0.0011
vn 0.0011 0.0011 1.0000
vn 0.8660 0.5001 0.0010
vn 0.0011 -0.0011 -1.0000
vn 0.0011 -1.0000 -0.0011
vn 0.0012 1.0000 -0.0011
vn -0.0012 -0.5001 0.8660
vn -0.8660 -0.0012 0.5001
vn -0.8660 0.5001 0.0012
vn -0.0015 0.0014 1.0000
vn -0.4178 0.8067 0.4180
vn -0.0014 1.0000 0.0014
vn -0.5001 0.8660 0.0012
vn -1.0000 -0.0015 -0.0014
vn -0.8660 -0.0012 -0.5001
vn -0.4179 -0.4179 -0.8066
vn -0.0014 1.0000 -0.0014
vn -0.8660 0.5001 -0.0012
vn 1.0000 -0.0014 0.0014
vn 0.8660 -0.0012 0.5001
vn 0.8660 -0.5001 0.0012
vn 0.0012 -0.5001 0.8660
vn 0.0014 1.0000 0.0014
vn 0.4178 0.8067 0.4180
vn 1.0000 0.0014 0.0014
vn 0.0014 -1.0000 -0.0015
vn 0.0014 1.0000 -0.0014
vn 0.8660 0.5001 -0.0012
vn 0.0015 0.0014 -1.0000
vn -0.0008 -1.0000 0.0008
vn -0.0007 -0.5000 0.8660
vn -0.0008 -0.0008 1.0000
vn -0.8660 -0.0008 0.5001
vn -0.8067 0.4179 0.4178
vn -0.0008 0.0008 1.0000
vn -0.0008 1.0000 0.0008
vn -0.0008 -0.0009 -1.0000
vn -0.4179 -0.8067 -0.4178
vn -0.0009 -1.0000 -0.0008
vn -0.0008 1.0000 -0.0008
vn -0.0009 0.0008 -1.0000
vn -1.0000 0.0008 -0.0008
vn 0.0007 -0.8660 0.5001
vn 0.0008 -1.0000 0.0008
vn 0.0008 1.0000 0.0009
vn 0.5001 0.8660 0.0007
vn 0.0008 0.0008 1.0000
vn 0.8659 0.5001 0.0007
vn 0.0008 -0.0008 -1.0000
vn 0.0008 -0.5001 -0.8660
vn 1.0000 -0.0008 -0.0008
vn 0.0008 -1.0000 -0.0008
vn 0.0007 -0.8659 -0.5001
vn 0.0008 1.0000 -0.0008
vn 1.0000 0.0008 -0.0008
vn 0.0008 0.0008 -1.0000
vn -1.0000 -0.0009 0.0009
vn -1.0000 0.0008 0.0010
vn -0.8660 0.0008 0.5001
vn -0.8660 0.5000 0.0007
vn -0.0007 0.8659 0.5002
vn -0.0009 -1.0000 -0.0010
vn -0.0009 1.0000 -0.0010
vn 1.0000 -0.0009 0.0008
vn 0.0007 0.8659 0.5002
vn 0.0009 0.0008 1.0000
vn 0.8067 -0.4178 -0.4178
vn 1.0000 -0.0008 -0.0009
vn 0.5002 0.8659 -0.0006
vn 0.0009 0.0008 -1.0000
vn 0.0007 0.5000 -0.8660
vn -0.0007 -1.0000 0.0018
vn -0.4178 -0.8067 0.4180
vn -0.0007 -0.0017 1.0000
vn -1.0000 -0.0018 0.0017
vn -0.8660 -0.5001 0.0014
vn -1.0000 0.0016 0.0017
vn -0.0006 -0.5002 -0.8659
vn -0.0007 -1.0000 -0.0017
vn -0.0007 1.0000 -0.0017
vn -0.0006 0.5002 -0.8659
vn -1.0000 0.0017 -0.0016
vn 0.0007 1.0000 0.0018
vn 0.5001 0.8660 0.0015
vn 0.4179 0.4180 0.8067
vn 0.8660 0.0014 0.5001
vn 0.0008 -0.0016 -1.0000
vn 0.0007 1.0000 -0.0017
vn 0.5001 0.8660 -0.0015
vn 0.8660 0.0014 -0.5001
vn 0.0006 0.5001 -0.8659
vn -0.0029 -1.0000 0.0008
vn -0.0025 -0.8660 0.5000
vn -0.0026 -0.5000 0.8660
vn -0.0029 -0.0013 1.0000
vn -0.5001 -0.0011 0.8660
vn -0.8067 -0.4178 0.4180
vn -1.0000 -0.0013 0.0008
vn -1.0000 0.0014 0.0008
vn -0.8660 0.0012 0.5001
vn -0.5001 0.0011 0.8660
vn -0.0030 0.0014 1.0000
vn -0.0026 0.5000 0.8660
vn -0.0025 0.8660 0.5000
vn -0.0029 1.0000 0.0008
vn -1.0000 -0.0014 -0.0009
vn -0.8066 -0.4179 -0.4179
vn -0.0029 -0.0013 -1.0000
vn -0.0025 -0.5000 -0.8660
vn -0.0024 -0.8660 -0.5000
vn -0.0029 -1.0000 -0.0008
vn -0.5001 -0.8660 -0.0008
vn -0.0029 1.0000 -0.0008
vn -0.0025 0.8660 -0.5000
vn -0.4178 0.8067 -0.4178
vn -0.0024 0.5000 -0.8660
vn -0.0029 0.0013 -1.0000
vn -1.0000 0.0013 -0.0008
vn 1.0000 -0.0013 0.0008
vn 0.0029 -0.0013 1.0000
vn 0.0025 -0.5001 0.8660
vn 0.0025 -0.8660 0.5000
vn 0.0029 -1.0000 0.0008
vn 0.0029 1.0000 0.0008
vn 0.0024 0.8660 0.5000
vn 0.0025 0.5001 0.8660
vn 0.0030 0.0013 1.0000
vn 0.5001 0.0011 0.8660
vn 1.0000 0.0013 0.0008
vn 0.0029 -0.0013 -1.0000
vn 0.0024 -0.5000 -0.8660
vn 0.8660 -0.0011 -0.5001
vn 1.0000 -0.0013 -0.0008
vn 0.0029 -1.0000 -0.0008
vn 0.0025 -0.8660 -0.5000
vn 0.0029 1.0000 -0.0008
vn 0.0025 0.8660 -0.5000
vn 1.0000 0.0013 -0.0008
vn 0.8660 0.0011 -0.5001
vn 0.5001 0.0011 -0.8660
vn 0.0029 0.0014 -1.0000
vn -0.0017 -1.0000 0.0018
vn -0.0019 -0.0017 1.0000
vn -1.0000 -0.0017 0.0017
vn -1.0000 0.0017 0.0017
vn -0.0017 0.0017 1.0000
vn -0.0015 0.5001 0.8660
vn -0.0017 1.0000 0.0017
vn -0.5001 0.8660 0.0016
vn -1.0000 -0.0017 -0.0018
vn -0.0017 -0.0018 -1.0000
vn -0.0017 -1.0000 -0.0018
vn -0.5001 -0.8660 -0.0015
vn -0.0017 1.0000 -0.0018
vn -0.4179 0.8067 -0.4180
vn -0.5001 0.8660 -0.0016
vn -0.4178 0.4179 -0.8068
vn -0.0018 0.0017 -1.0000
vn -1.0000 0.0017 -0.0017
vn 1.0000 -0.0017 0.0018
vn 0.8660 -0.5001 0.0015
vn 0.0017 -0.0017 1.0000
vn 0.0014 -0.8660 0.5001
vn 0.0017 -1.0000 0.0018
vn 0.5001 -0.8660 0.0015
vn 0.0017 1.0000 0.0018
vn 0.5001 0.8660 0.0016
vn 0.0015 0.5001 0.8660
vn 0.0017 0.0017 1.0000
vn 0.5001 0.0015 0.8660
vn 0.8067 0.4178 0.4178
vn 1.0000 0.0017 0.0017
vn 0.0017 -0.0017 -1.0000
vn 0.5001 -0.0015 -0.8660
vn 0.0014 -0.5001 -0.8660
vn 1.0000 -0.0017 -0.0017
vn 0.8660 -0.5001 -0.0015
vn 0.5001 -0.8660 -0.0015
vn 0.0017 -1.0000 -0.0019
vn 0.0014 -0.8660 -0.5001
vn 0.0017 1.0000 -0.0018
vn 0.5001 0.8660 -0.0016
vn 0.8660 0.5001 -0.0015
vn 0.8067 0.4178 -0.4180
vn 1.0000 0.0017 -0.0017
vn 0.5001 0.0015 -0.8660
vn 0.0017 0.0018 -1.0000
vn 0.0015 0.5001 -0.8660
vn -0.0008 -1.0000 0.0017
vn -0.0009 -0.0010 1.0000
vn -1.0000 -0.0011 0.0017
vn -1.0000 0.0010 0.0017
vn -0.8660 0.5001 0.0015
vn -0.0009 0.0011 1.0000
vn -0.0010 1.0000 0.0017
vn -1.0000 -0.0010 -0.0017
vn -0.0010 -0.0011 -1.0000
vn -0.0007 -0.8660 -0.5000
vn -0.0009 -1.0000 -0.0017
vn -0.0008 1.0000 -0.0017
vn -0.0009 0.0010 -1.0000
vn -1.0000 0.0012 -0.0017
vn 1.0000 -0.0010 0.0017
vn 0.0008 -0.0011 1.0000
vn 0.0009 -1.0000 0.0017
vn 0.0008 1.0000 0.0017
vn 0.0007 0.8660 0.5001
vn 0.5000 0.8660 0.0015
vn 0.0009 0.0010 1.0000
vn 1.0000 0.0011 0.0017
vn 0.0009 -0.0010 -1.0000
vn 0.5001 -0.0010 -0.8660
vn 1.0000 -0.0011 -0.0017
vn 0.0008 -1.0000 -0.0017
vn 0.0009 1.0000 -0.0017
vn 0.0007 0.8660 -0.5000
vn 0.8067 0.4180 -0.4179
vn 1.0000 0.0010 -0.0017
vn 0.0008 0.0011 -1.0000
vn -0.0009 -1.0000 0.0009
vn -0.0008 0.8660 0.5001
vn -0.0010 -0.0009 -1.0000
vn 0.0010 -1.0000 0.0009
vn 0.5001 -0.8660 0.0008
vn 0.0008 0.8660 0.5001
vn 0.5001 -0.0008 -0.8660
vn 0.5001 0.8660 -0.0008
vn 0.5001 0.0008 -0.8660
vn -1.0000 0.0011 0.0011
vn -0.8066 0.4179 0.4179
vn -1.0000 -0.0010 -0.0011
vn -0.5001 0.0010 -0.8660
vn -0.8660 0.5001 -0.0009
vn 0.5001 -0.0010 0.8660
vn 0.0010 0.8660 0.5001
vn 0.5001 0.8660 0.0010
vn 1.0000 -0.0011 -0.0011
vn 0.4178 0.8067 -0.4178
vn 1.0000 0.0010 -0.0011
vn -0.0015 -1.0000 0.0016
vn -1.0000 -0.0015 0.0015
vn -1.0000 0.0015 0.0015
vn -0.0015 0.0016 1.0000
vn -0.5001 0.8660 -0.0013
vn -0.4179 0.4179 -0.8066
vn -1.0000 0.0015 -0.0015
vn 0.0015 1.0000 0.0015
vn 0.0016 0.0015 1.0000
vn 0.0015 -1.0000 -0.0016
vn 0.0015 1.0000 -0.0016
vn 1.0000 0.0015 -0.0016
vn 0.4180 0.4178 -0.8067
vn -0.0010 -1.0000 0.0009
vn -1.0000 0.0010 0.0009
vn -0.0008 0.5001 -0.8659
vn 0.0010 1.0000 0.0009
vn 0.5000 0.0008 -0.8660
vn 0.0009 0.0010 -1.0000
vn -0.0009 -0.0022 1.0000
vn -0.5000 -0.0019 0.8660
vn -0.8660 -0.0019 0.5001
vn -1.0000 -0.0022 0.0009
vn -1.0000 0.0022 0.0009
vn -0.8660 0.0019 0.5001
vn -0.8659 0.5001 0.0008
vn -0.5000 0.0020 0.8660
vn -0.0009 0.0023 1.0000
vn -1.0000 -0.0022 -0.0009
vn -0.8660 -0.0019 -0.5001
vn -0.5001 -0.0019 -0.8660
vn -0.0009 -0.0022 -1.0000
vn -0.0010 0.0023 -1.0000
vn -0.5001 0.0019 -0.8660
vn -0.8660 0.0019 -0.5000
vn -1.0000 0.0022 -0.0009
vn 1.0000 -0.0022 0.0009
vn 0.8660 -0.0019 0.5001
vn 0.5001 -0.0019 0.8660
vn 0.0009 -0.0022 1.0000
vn 0.0007 0.5000 0.8660
vn 0.0009 0.0022 1.0000
vn 0.5001 0.0019 0.8660
vn 0.8660 0.0019 0.5001
vn 1.0000 0.0023 0.0009
vn 0.0009 -0.0022 -1.0000
vn 0.5001 -0.0019 -0.8660
vn 0.8660 -0.0019 -0.5001
vn 1.0000 -0.0022 -0.0009
vn 0.0009 -1.0000 -0.0010
vn 0.8659 0.5002 -0.0008
vn 1.0000 0.0022 -0.0009
vn 0.8660 0.0019 -0.5001
vn 0.5000 0.0019 -0.8660
vn 0.0009 0.0023 -1.0000
vn -0.0010 -0.8660 0.5001
vn -0.5001 -0.8660 0.0011
vn -0.0011 -0.5001 0.8660
vn -0.0012 -0.0012 1.0000
vn -0.8660 -0.0010 0.5001
vn -1.0000 -0.0012 0.0012
vn -0.8660 -0.5001 0.0010
vn -0.0012 0.0012 1.0000
vn -0.0011 0.8660 0.5000
vn -0.0012 1.0000 0.0012
vn -1.0000 -0.0012 -0.0012
vn -0.8068 -0.4178 -0.4178
vn -0.4179 -0.4178 -0.8068
vn -0.0011 -0.5001 -0.8660
vn -0.0011 -0.8660 -0.5001
vn -0.4180 -0.8067 -0.4179
vn -0.0012 -1.0000 -0.0012
vn -0.5001 -0.8660 -0.0010
vn -0.0012 1.0000 -0.0012
vn -0.0011 0.8660 -0.5001
vn -0.4179 0.8066 -0.4179
vn -0.0013 0.0012 -1.0000
vn -1.0000 0.0012 -0.0012
vn 1.0000 -0.0012 0.0012
vn 0.0012 -0.0012 1.0000
vn 0.0012 1.0000 0.0013
vn 0.0012 0.0012 1.0000
vn 0.8660 0.0010 0.5001
vn 1.0000 0.0012 0.0012
vn 0.4179 -0.4178 -0.8068
vn 0.0011 -0.5001 -0.8660
vn 1.0000 -0.0012 -0.0012
vn 0.8660 -0.5001 -0.0011
vn 0.5001 -0.8660 -0.0010
vn 0.0012 -1.0000 -0.0012
vn 0.0012 1.0000 -0.0012
vn 1.0000 0.0012 -0.0012
vn 0.0012 0.0012 -1.0000
vn -0.0011 -0.8660 0.5001
vn -0.0012 -0.0013 1.0000
vn -1.0000 -0.0013 0.0013
vn -1.0000 0.0013 0.0012
vn -0.0012 0.0014 1.0000
vn -0.0011 0.8660 0.5001
vn -0.0013 1.0000 0.0012
vn -0.5001 0.8660 0.0011
vn -1.0000 -0.0013 -0.0014
vn -0.8660 -0.5001 -0.0012
vn -0.5001 -0.0011 -0.8660
vn -0.0014 -0.0013 -1.0000
vn -0.0013 -1.0000 -0.0013
vn -0.0012 1.0000 -0.0013
vn -0.0011 0.5001 -0.8660
vn -0.0012 0.0013 -1.0000
vn -1.0000 0.0013 -0.0012
vn 1.0000 -0.0012 0.0013
vn 0.8660 -0.5001 0.0011
vn 0.0013 -0.0012 1.0000
vn 0.0011 -0.8660 0.5001
vn 0.0013 -1.0000 0.0013
vn 0.0013 1.0000 0.0013
vn 0.5000 0.8660 0.0011
vn 0.0011 0.5000 0.8660
vn 0.0012 0.0014 1.0000
vn 1.0000 0.0013 0.0012
vn 0.0013 -0.0012 -1.0000
vn 1.0000 -0.0013 -0.0012
vn 0.4179 -0.8068 -0.4178
vn 0.0012 -1.0000 -0.0013
vn 0.0011 -0.8660 -0.5001
vn 0.5001 0.8660 -0.0011
vn 0.0011 0.8660 -0.5001
vn 1.0000 0.0012 -0.0013
vn 0.0013 0.0013 -1.0000
vn 0.0011 0.5000 -0.8660
vn -0.0019 -1.0000 0.0010
vn -0.0016 -0.8660 0.5001
vn -0.0016 -0.5001 0.8660
vn -0.0019 -0.0009 1.0000
vn -0.0019 0.0009 1.0000
vn -0.0016 0.5001 0.8660
vn -0.0016 0.8659 0.5001
vn -0.0019 1.0000 0.0010
vn -0.0019 -0.0010 -1.0000
vn -0.0016 -0.5001 -0.8660
vn -0.0016 -0.8660 -0.5001
vn -0.0019 -1.0000 -0.0009
vn -0.0019 1.0000 -0.0010
vn -0.0016 0.8659 -0.5001
vn -0.0016 0.5001 -0.8660
vn -0.0019 0.0009 -1.0000
vn 0.0019 -0.0009 1.0000
vn 0.0016 -0.5001 0.8660
vn 0.0016 -0.8660 0.5001
vn 0.0019 -1.0000 0.0009
vn 0.0019 1.0000 0.0010
vn 0.0016 0.8659 0.5001
vn 0.0017 0.5001 0.8660
vn 0.0019 0.0009 1.0000
vn 0.8659 0.5001 0.0008
vn 0.0020 -0.0009 -1.0000
vn 0.0016 -0.5001 -0.8660
vn 0.0019 -1.0000 -0.0009
vn 0.0016 -0.8660 -0.5001
vn 0.0019 1.0000 -0.0010
vn 0.0016 0.8659 -0.5001
vn 0.8660 0.5001 -0.0009
vn 1.0000 0.0010 -0.0009
vn 0.8660 0.0008 -0.5001
vn 0.0019 0.0009 -1.0000
vn 0.0016 0.5001 -0.8660
vn -0.0012 -1.0000 0.0009
vn -0.0011 -0.0028 1.0000
vn -0.5000 -0.0023 0.8660
vn -0.8660 -0.0023 0.5000
vn -1.0000 -0.0028 0.0009
vn -1.0000 0.0028 0.0009
vn -0.8660 0.0023 0.5000
vn -0.5000 0.0023 0.8660
vn -0.0011 0.0028 1.0000
vn -0.0012 1.0000 0.0009
vn -1.0000 -0.0028 -0.0009
vn -0.8660 -0.0023 -0.5000
vn -0.5000 -0.0023 -0.8660
vn -0.0011 -0.0028 -1.0000
vn -0.0012 -1.0000 -0.0009
vn -0.0012 1.0000 -0.0009
vn -0.0011 0.0028 -1.0000
vn -0.5000 0.0023 -0.8660
vn -0.8660 0.0023 -0.5000
vn -1.0000 0.0028 -0.0009
vn 1.0000 -0.0027 0.0009
vn 0.8660 -0.0023 0.5001
vn 0.5000 -0.0023 0.8660
vn 0.0011 -0.0028 1.0000
vn 0.0012 -1.0000 0.0009
vn 0.0011 1.0000 0.0009
vn 0.0011 0.0028 1.0000
vn 0.5000 0.0024 0.8660
vn 0.8660 0.0024 0.5000
vn 1.0000 0.0028 0.0009
vn 0.0012 -0.0028 -1.0000
vn 0.5000 -0.0023 -0.8660
vn 0.8660 -0.0023 -0.5001
vn 1.0000 -0.0028 -0.0009
vn 0.0012 -1.0000 -0.0009
vn 0.0013 1.0000 -0.0009
vn 1.0000 0.0027 -0.0009
vn 0.8660 0.0023 -0.5001
vn 0.5000 0.0024 -0.8660
vn 0.0011 0.0028 -1.0000
vn 0.0011 0.5001 -0.8660
vn -0.0012 -1.0000 0.0012
vn -0.5001 -0.8660 0.0010
vn -0.0013 -0.0012 1.0000
vn -0.0013 -1.0000 -0.0012
vn 0.0012 1.0000 0.0012
vn 0.0010 0.5001 0.8660
vn 0.0013 0.0012 1.0000
vn 0.4178 0.8068 -0.4178
vn -0.0008 -1.0000 0.0007
vn -0.5001 -0.8659 0.0006
vn -0.5002 -0.0007 0.8659
vn -1.0000 -0.0008 0.0007
vn -0.5002 0.0007 0.8659
vn -0.4179 0.4180 0.8066
vn -0.0008 1.0000 0.0006
vn -1.0000 -0.0007 -0.0009
vn -0.5001 -0.0006 -0.8659
vn -0.0008 -0.0007 -1.0000
vn -0.0008 -1.0000 -0.0009
vn -0.0008 1.0000 -0.0009
vn -0.0008 0.0007 -1.0000
vn -1.0000 0.0007 -0.0009
vn 0.4178 0.8068 0.4177
vn 0.0007 0.5002 0.8659
vn 0.4179 0.4180 0.8066
vn 0.8659 0.0005 0.5002
vn 0.4179 -0.4179 -0.8066
vn 0.8659 -0.5001 -0.0008
vn 0.0008 1.0000 -0.0009
vn 0.5002 0.8659 -0.0008
vn 1.0000 0.0007 -0.0009
vn 0.5001 0.0006 -0.8659
vn 0.4178 0.4180 -0.8067
vn 0.0007 -0.5002 0.8659
vn 0.5001 -0.0006 0.8659
vn 0.8659 -0.5002 0.0006
vn 1.0000 -0.0006 0.0007
vn 0.0007 -1.0000 0.0009
vn 0.8659 -0.5001 0.0008
vn 0.8067 -0.4180 0.4178
vn 1.0000 -0.0008 0.0009
vn 0.0009 -1.0000 0.0007
vn 0.0013 -0.8621 0.5067
vn 0.6887 -0.5675 0.4512
vn 0.5079 -0.8614 0.0007
vn 0.0014 -0.5067 0.8621
vn 0.6887 -0.4512 0.5676
vn 0.0009 -0.0007 1.0000
vn 0.5080 -0.0006 0.8614
vn 0.8623 -0.0003 0.5063
vn 0.9115 -0.2907 0.2910
vn 1.0000 -0.0003 0.0003
vn 0.8623 -0.5064 0.0003
vn 1.0000 -0.0007 0.0008
vn 0.0008 -0.0007 1.0000
vn 0.0007 -0.5001 0.8659
vn 0.0007 -0.8614 0.5079
vn 0.4512 -0.5676 0.6887
vn 0.5066 -0.8622 0.0012
vn 0.0003 -0.5063 0.8624
vn 0.2909 -0.2909 0.9115
vn 0.0003 -0.0002 1.0000
vn 0.5064 -0.0003 0.8623
vn 0.8614 -0.0006 0.5079
vn 0.5676 -0.4511 0.6887
vn 0.8621 -0.5067 0.0012
vn 0.5066 -0.0013 0.8622
vn 0.4511 -0.6887 0.5676
vn 0.0008 -0.5080 0.8613
vn 0.8622 -0.0012 0.5066
vn 0.5676 -0.6887 0.4511
vn 1.0000 -0.0008 0.0007
vn 0.8614 -0.5079 0.0007
vn 0.5063 -0.8623 0.0005
vn 0.2910 -0.9114 0.2909
vn 0.0003 -1.0000 0.0003
vn 0.0003 -0.8624 0.5063
vn -0.0007 -0.8659 0.5001
vn -1.0000 -0.0017 0.0007
vn -1.0000 0.0016 0.0007
vn -0.8067 0.4178 0.4180
vn -1.0000 -0.0017 -0.0007
vn -0.8659 -0.5001 -0.0006
vn -0.0006 -0.5001 -0.8659
vn -0.0007 0.8659 -0.5001
vn -0.5000 0.0014 -0.8660
vn -0.8067 0.4180 -0.4178
vn -1.0000 0.0018 -0.0007
vn 1.0000 -0.0016 0.0007
vn 0.0006 -0.5001 0.8659
vn 0.5001 -0.8659 0.0006
vn 0.0007 0.0017 1.0000
vn 1.0000 0.0018 0.0007
vn 1.0000 -0.0017 -0.0007
vn 0.8659 -0.5001 -0.0007
vn 0.0007 0.8659 -0.5002
vn 0.8659 0.5001 -0.0006
vn 1.0000 0.0017 -0.0007
vn 0.0007 0.5001 -0.8659
vn -0.0011 -1.0000 -0.0000
vn -0.4999 -0.8661 -0.0000
vn -0.8661 -0.4999 -0.0000
vn -1.0000 -0.0011 -0.0000
vn -0.0011 -0.0000 1.0000
vn -0.4999 -0.0000 0.8661
vn -0.8661 -0.0000 0.4999
vn -1.0000 -0.0000 0.0011
vn -0.0012 1.0000 -0.0000
vn -0.5000 0.8660 -0.0000
vn -0.8661 0.4999 -0.0000
vn -1.0000 0.0012 -0.0000
vn -0.0011 -0.0000 -1.0000
vn -0.5000 -0.0000 -0.8660
vn -0.8661 -0.0000 -0.4999
vn -1.0000 -0.0000 -0.0012
vn -0.0000 -1.0000 -0.0012
vn -0.0000 -0.8661 -0.4999
vn -0.0000 -0.5000 -0.8660
vn 0.0001 -0.0011 -1.0000
vn -0.0000 1.0000 -0.0011
vn -0.0000 0.8660 -0.5000
vn -0.0000 0.5003 -0.8658
vn -0.0000 0.0011 -1.0000
vn 1.0000 -0.0000 -0.0012
vn 0.8661 -0.0000 -0.4999
vn 0.5004 -0.0000 -0.8658
vn 0.0011 -0.0000 -1.0000
vn 0.0011 -1.0000 -0.0000
vn 0.4999 -0.8661 -0.0000
vn 0.8661 -0.4999 -0.0000
vn 1.0000 -0.0011 -0.0000
vn 0.0011 1.0000 -0.0000
vn 0.5004 0.8658 -0.0000
vn 0.8661 0.4999 -0.0000
vn 1.0000 0.0012 -0.0000
vn 0.0011 -0.0000 1.0000
vn 0.4999 -0.0000 0.8661
vn 0.8661 -0.0000 0.4999
vn 1.0000 -0.0000 0.0011
vn -0.0000 -1.0000 0.0011
vn -0.0000 -0.8661 0.4999
vn -0.0000 -0.4999 0.8661
vn -0.0000 -0.0011 1.0000
vn -0.0000 1.0000 0.0011
vn -0.0000 0.8660 0.5000
vn -0.0000 0.5003 0.8659
vn -0.0000 0.0011 1.0000
vn -0.0007 -1.0000 -0.0000
vn -0.4998 -0.8661 -0.0000
vn -1.0000 -0.0007 -0.0001
vn -0.0008 -0.0000 1.0000
vn -0.8660 -0.0000 0.5000
vn -1.0000 -0.0001 0.0008
vn -0.0008 1.0000 -0.0000
vn -0.4999 0.8661 -0.0000
vn -0.8660 0.5000 -0.0000
vn -1.0000 0.0008 -0.0000
vn -0.0008 -0.0000 -1.0000
vn -0.5003 -0.0000 -0.8659
vn -0.8662 -0.0000 -0.4997
vn -1.0000 -0.0000 -0.0008
vn -0.0000 -1.0000 -0.0007
vn -0.0000 -0.5004 -0.8658
vn -0.0000 -0.0007 -1.0000
vn -0.0000 1.0000 -0.0007
vn -0.0000 0.8661 -0.4999
vn -0.0000 0.4999 -0.8661
vn -0.0000 0.0007 -1.0000
vn 1.0000 -0.0000 -0.0007
vn 0.4999 -0.0000 -0.8661
vn 0.0007 -0.0000 -1.0000
vn 0.0007 -1.0000 -0.0000
vn 0.8661 -0.4998 -0.0000
vn 1.0000 -0.0007 -0.0000
vn 0.0007 1.0000 -0.0000
vn 0.4999 0.8661 -0.0000
vn 1.0000 0.0007 -0.0000
vn 0.0007 -0.0000 1.0000
vn 0.8658 -0.0000 0.5003
vn 1.0000 -0.0000 0.0007
vn -0.0000 -1.0000 0.0007
vn -0.0000 -0.4998 0.8661
vn -0.0000 -0.0007 1.0000
vn -0.0000 1.0000 0.0007
vn -0.0000 0.8661 0.4999
vn -0.0000 0.4999 0.8661
vn -0.0000 0.0007 1.0000
vn -0.0008 -1.0000 -0.0000
vn -0.8662 -0.4997 -0.0000
vn -1.0000 -0.0007 -0.0000
vn -1.0000 -0.0000 0.0007
vn -1.0000 0.0007 -0.0000
vn -1.0000 -0.0000 -0.0007
vn -0.0000 -0.4999 -0.8661
vn -0.0000 1.0000 -0.0008
vn -0.0000 0.4998 -0.8661
vn -0.0000 0.0008 -1.0000
vn 0.8659 -0.5002 -0.0000
vn 0.5000 0.8660 -0.0000
vn 0.8661 0.4998 -0.0000
vn -0.0000 -0.8658 0.5003
vn -0.0000 1.0000 0.0008
vn -0.0000 0.8658 0.5004
vn -0.0000 0.4998 0.8661
vn -0.0007 -0.0000 1.0000
vn -0.5000 -0.0000 0.8660
vn -1.0000 -0.0000 0.0008
vn -0.0007 1.0000 -0.0000
vn -0.5003 0.8658 -0.0000
vn -0.0007 -0.0000 -1.0000
vn -0.4999 -0.0000 -0.8661
vn -0.0000 -1.0000 -0.0008
vn -0.0000 1.0000 -0.0006
vn 0.8660 -0.0000 -0.5000
vn 0.5003 -0.0000 -0.8659
vn 0.0008 -0.0000 -1.0000
vn 0.0008 -1.0000 -0.0000
vn 0.5002 -0.8659 -0.0000
vn 0.8660 -0.5000 -0.0000
vn 0.5003 0.8659 -0.0000
vn -0.0000 -1.0000 0.0008
vn -0.0000 -0.5000 0.8660
vn -0.0000 -0.0008 1.0000
vn -0.0000 0.5003 0.8658
vn -0.0014 -1.0000 -0.0000
vn -0.5004 -0.8658 -0.0000
vn -1.0000 -0.0015 -0.0000
vn -0.0014 -0.0000 1.0000
vn -0.8658 -0.0000 0.5003
vn -1.0000 -0.0000 0.0014
vn -0.0014 1.0000 -0.0000
vn -1.0000 0.0014 -0.0000
vn -0.0014 -0.0000 -1.0000
vn -1.0000 -0.0000 -0.0014
vn -0.0000 -1.0000 -0.0014
vn -0.0000 -0.8660 -0.5000
vn -0.0000 -0.5003 -0.8659
vn -0.0000 -0.0014 -1.0000
vn -0.0000 1.0000 -0.0014
vn -0.0000 0.5000 -0.8660
vn -0.0000 0.0014 -1.0000
vn 1.0000 -0.0000 -0.0014
vn 0.0014 -0.0000 -1.0000
vn 0.0014 -1.0000 -0.0000
vn 0.5000 -0.8660 -0.0000
vn 1.0000 -0.0014 -0.0001
vn 0.0014 1.0000 -0.0000
vn 0.8660 0.5000 -0.0000
vn 1.0000 0.0015 -0.0000
vn 0.0014 -0.0000 1.0000
vn 1.0000 -0.0000 0.0014
vn -0.0000 -1.0000 0.0014
vn -0.0000 -0.8660 0.5000
vn -0.0000 -0.0014 1.0000
vn -0.0000 1.0000 0.0014
vn -0.0000 0.4997 0.8662
vn 0.0001 0.0015 1.0000
vn -0.0015 -1.0000 -0.0000
vn -0.5000 -0.8660 -0.0000
vn -1.0000 -0.0009 -0.0000
vn -0.0015 -0.0000 1.0000
vn -0.0015 1.0000 -0.0000
vn -1.0000 0.0009 -0.0000
vn -0.0015 -0.0000 -1.0000
vn -0.0000 -0.0008 -1.0000
vn 1.0000 -0.0000 -0.0008
vn 0.0016 -0.0001 -1.0000
vn 0.0016 -1.0000 -0.0000
vn 0.8658 -0.5004 -0.0000
vn 1.0000 -0.0008 -0.0000
vn 0.0016 1.0000 -0.0000
vn 0.8658 0.5003 -0.0000
vn 1.0000 0.0008 0.0001
vn 0.0015 -0.0000 1.0000
vn 0.5003 -0.0000 0.8658
vn 0.8661 -0.0000 0.5000
vn 1.0000 -0.0000 0.0009
vn -0.0000 -0.0009 1.0000
vn -0.0000 1.0000 0.0009
vn -0.0000 0.5000 0.8660
vn -0.0000 0.0008 1.0000
vn -0.0016 -1.0000 -0.0000
vn -1.0000 -0.0017 -0.0000
vn -0.0016 -0.0000 1.0000
vn -0.8659 -0.0000 0.5003
vn -1.0000 -0.0000 0.0016
vn -0.0017 1.0000 -0.0000
vn -1.0000 0.0017 -0.0000
vn -0.0017 -0.0000 -1.0000
vn -0.5002 -0.0000 -0.8659
vn -0.8661 -0.0000 -0.4998
vn -1.0000 0.0001 -0.0016
vn -0.0000 -1.0000 -0.0017
vn -0.0000 -0.8661 -0.4998
vn -0.0000 -0.4998 -0.8661
vn -0.0000 -0.0017 -1.0000
vn -0.0000 1.0000 -0.0016
vn -0.0000 0.8661 -0.4998
vn -0.0000 0.5004 -0.8658
vn -0.0000 0.0016 -1.0000
vn 1.0000 -0.0000 -0.0016
vn 0.8661 -0.0000 -0.5000
vn 0.5001 -0.0000 -0.8660
vn 0.0017 -0.0000 -1.0000
vn 0.4998 -0.8661 -0.0000
vn 0.8662 -0.4997 -0.0000
vn 1.0000 -0.0017 -0.0000
vn 0.4998 0.8661 -0.0000
vn 1.0000 0.0017 -0.0000
vn 0.0016 -0.0000 1.0000
vn 0.5002 -0.0000 0.8659
vn 0.8659 -0.0000 0.5003
vn 1.0000 -0.0000 0.0016
vn -0.0000 -1.0000 0.0016
vn -0.0000 -0.0016 1.0000
vn -0.0000 1.0000 0.0016
vn -0.0000 0.0016 1.0000
vn -0.0009 -1.0000 -0.0000
vn -0.0009 -0.0000 1.0000
vn -1.0000 0.0001 0.0009
vn -0.0009 1.0000 -0.0000
vn -0.0009 -0.0000 -1.0000
vn -1.0000 -0.0001 -0.0009
vn -0.0000 -1.0000 -0.0009
vn -0.0000 -0.5003 -0.8658
vn -0.0000 -0.0009 -1.0000
vn -0.0000 1.0000 -0.0009
vn -0.0000 0.8658 -0.5003
vn -0.0000 0.0010 -1.0000
vn 1.0000 -0.0000 -0.0009
vn 0.8660 -0.0000 -0.5001
vn 0.0009 -0.0000 -1.0000
vn 0.0009 -1.0000 -0.0000
vn 0.8658 -0.5005 -0.0000
vn 1.0000 -0.0009 -0.0000
vn 0.0010 1.0000 -0.0000
vn 0.8658 0.5004 -0.0000
vn 1.0000 0.0009 -0.0000
vn 0.0009 -0.0000 1.0000
vn 0.8660 -0.0000 0.5001
vn -0.0000 -1.0000 0.0009
vn -0.0000 -0.5003 0.8658
vn -0.0000 0.0009 1.0000
vn -0.8660 -0.5000 -0.0000
vn -1.0000 -0.0012 -0.0000
vn -0.0012 -0.0000 1.0000
vn -0.8662 -0.0000 0.4997
vn -1.0000 -0.0000 0.0012
vn -0.8662 0.4997 -0.0000
vn -0.0012 -0.0000 -1.0000
vn -0.5004 -0.0000 -0.8658
vn -0.0000 -1.0000 -0.0013
vn -0.0000 -0.8659 -0.5003
vn -0.0000 -0.0011 -1.0000
vn -0.0000 0.8662 -0.4997
vn -0.0000 0.5001 -0.8660
vn 1.0000 -0.0000 -0.0011
vn 0.8661 -0.0000 -0.4998
vn 0.5003 -0.0000 -0.8658
vn 0.0012 -1.0000 -0.0000
vn 0.5000 -0.8661 -0.0000
vn 0.8658 -0.5003 -0.0000
vn 1.0000 -0.0012 -0.0000
vn 0.4998 0.8662 -0.0000
vn 0.8662 0.4997 -0.0000
vn 1.0000 0.0011 -0.0000
vn 0.0012 -0.0000 1.0000
vn -0.0000 -1.0000 0.0012
vn -0.0000 -0.8658 0.5004
vn -0.0000 -0.0012 1.0000
vn -0.0000 0.8660 0.5001
vn -0.0001 0.0013 1.0000
vn -0.0026 -1.0000 -0.0000
vn -1.0000 -0.0026 -0.0000
vn -0.0026 -0.0000 1.0000
vn -1.0000 -0.0000 0.0025
vn -0.0027 1.0000 -0.0000
vn -1.0000 0.0026 -0.0000
vn -0.0027 -0.0000 -1.0000
vn -0.8660 -0.0000 -0.5000
vn -1.0000 -0.0000 -0.0026
vn -0.0000 -1.0000 -0.0026
vn -0.0000 -0.8659 -0.5002
vn -0.0000 -0.0026 -1.0000
vn -0.0000 1.0000 -0.0026
vn -0.0000 0.0026 -1.0000
vn 1.0000 -0.0000 -0.0026
vn 0.0026 -0.0000 -1.0000
vn 0.0026 -1.0000 -0.0000
vn 0.5003 -0.8658 -0.0000
vn 1.0000 -0.0026 -0.0001
vn 0.0026 1.0000 -0.0000
vn 1.0000 0.0026 -0.0000
vn 0.0026 -0.0000 1.0000
vn 1.0000 -0.0000 0.0025
vn -0.0000 -1.0000 0.0026
vn -0.0000 -0.0026 1.0000
vn -0.0000 1.0000 0.0026
vn -0.0000 0.0026 1.0000
vn -0.5002 -0.8659 -0.0000
vn -0.8658 -0.5005 -0.0000
vn -1.0000 -0.0016 -0.0000
vn -0.8658 0.5003 -0.0000
vn -1.0000 0.0016 -0.0000
vn -1.0000 -0.0000 -0.0016
vn -0.0000 -0.0016 -1.0000
vn -0.0000 1.0000 -0.0017
vn 0.8658 -0.0000 -0.5003
vn -0.0000 1.0000 0.0017
vn -0.0030 -1.0000 -0.0000
vn -1.0000 -0.0030 0.0001
vn -0.0030 -0.0000 1.0000
vn -1.0000 -0.0000 0.0030
vn -0.0030 1.0000 -0.0000
vn -0.5002 0.8659 -0.0000
vn -1.0000 0.0030 -0.0000
vn -0.0032 -0.0000 -1.0000
vn -1.0000 -0.0000 -0.0030
vn -0.0000 -1.0000 -0.0031
vn 0.0001 -0.0030 -1.0000
vn -0.0000 1.0000 -0.0030
vn -0.0000 0.8657 -0.5006
vn -0.0000 0.0030 -1.0000
vn 1.0000 -0.0000 -0.0030
vn 0.5000 -0.0000 -0.8660
vn 0.0032 -0.0000 -1.0000
vn 0.0030 -1.0000 -0.0000
vn 0.5003 -0.8659 -0.0000
vn 1.0000 -0.0032 -0.0000
vn 0.0031 1.0000 -0.0000
vn 0.5006 0.8657 -0.0000
vn 1.0000 0.0032 -0.0000
vn 0.0030 -0.0000 1.0000
vn 0.5000 -0.0000 0.8660
vn 0.8660 -0.0000 0.5000
vn 1.0000 -0.0000 0.0030
vn -0.0000 -1.0000 0.0031
vn -0.0000 -0.0031 1.0000
vn -0.0000 1.0000 0.0030
vn -0.0000 0.8658 0.5003
vn -0.0000 0.0030 1.0000
vn -0.8661 -0.5000 -0.0000
vn -1.0000 -0.0008 -0.0000
vn -0.5002 -0.0000 0.8659
vn -0.8658 0.5004 -0.0000
vn -0.0000 0.5003 -0.8659
vn 0.8659 -0.0000 -0.5002
vn 0.8660 0.5001 -0.0000
vn 0.0008 -0.0000 1.0000
vn 0.5000 -0.0000 0.8661
vn 0.8662 -0.0000 0.4997
vn -0.5001 -0.0000 0.8660
vn -1.0000 -0.0000 0.0009
vn -1.0000 -0.0000 -0.0009
vn -0.0000 -0.5002 -0.8659
vn -0.0000 0.0009 -1.0000
vn 0.0010 -1.0000 -0.0000
vn 0.0009 1.0000 -0.0000
vn 1.0000 0.0009 -0.0001
vn -0.0000 -0.4997 0.8662
vn -0.0000 0.8661 0.4998
vn -0.0000 0.4998 0.8662
vn -0.5003 -0.8659 -0.0000
vn -0.8658 -0.5004 -0.0000
vn -1.0000 -0.0000 0.0015
vn -0.5003 0.8659 -0.0000
vn -0.5003 -0.0000 -0.8658
vn -1.0000 -0.0000 -0.0015
vn -0.0000 -1.0000 -0.0015
vn 0.0001 -0.0015 -1.0000
vn -0.0000 1.0000 -0.0015
vn -0.0000 0.5002 -0.8659
vn -0.0000 0.0015 -1.0000
vn 1.0000 -0.0000 -0.0015
vn 0.5002 -0.0000 -0.8659
vn 0.0016 -0.0000 -1.0000
vn 1.0000 -0.0016 -0.0000
vn 0.5005 -0.0000 0.8657
vn -0.0000 -0.8661 0.5000
vn 0.0001 -0.0015 1.0000
vn -0.0000 0.0015 1.0000
vn -0.8659 -0.5003 -0.0000
vn -0.8659 0.5002 -0.0000
vn -1.0000 -0.0000 -0.0011
vn -0.0000 -1.0000 -0.0011
vn -0.0000 1.0000 -0.0012
vn -0.0000 -0.8659 0.5003
vn -0.0000 1.0000 0.0012
vn -1.0000 -0.0014 -0.0000
vn -0.5003 -0.0000 0.8659
vn -0.0000 0.8659 -0.5002
vn 0.0015 -1.0000 -0.0000
vn 1.0000 -0.0014 -0.0000
vn 1.0000 0.0014 -0.0000
vn -0.0000 0.8659 0.5003
vn -0.0000 0.0014 1.0000
vn -0.8659 -0.0000 0.5002
vn -0.8658 -0.0000 -0.5003
vn 0.8662 -0.0000 -0.4998
vn 0.8663 -0.4996 -0.0000
vn 1.0000 -0.0008 -0.0001
vn 0.0008 1.0000 -0.0000
vn 1.0000 0.0008 -0.0000
vn 0.5004 -0.0000 0.8658
vn -0.0000 -0.5002 0.8659
vn -0.0000 0.5004 0.8658
vn -1.0000 0.0010 -0.0000
vn -0.5005 -0.0000 -0.8657
vn -0.8659 -0.0000 -0.5002
vn -1.0000 -0.0000 -0.0010
vn -0.0000 1.0000 -0.0010
vn 1.0000 -0.0000 -0.0010
vn 0.5004 -0.8658 -0.0000
vn 1.0000 -0.0010 -0.0000
vn 0.5003 0.8658 -0.0000
vn -0.0000 -1.0000 0.0010
vn 0.0001 -0.0009 1.0000
vn -0.0000 1.0000 0.0010
vn -0.0000 0.0010 1.0000
vn -0.0000 -0.8658 -0.5003
vn 0.0007 -0.0001 -1.0000
vn 0.8659 0.5003 -0.0000
vn 1.0000 0.0016 -0.0000
vn -0.0000 -1.0000 0.0017
vn -0.0000 0.8663 0.4996
vn -0.0029 -1.0000 -0.0000
vn -0.0029 -0.0000 1.0000
vn -0.5000 -0.0000 0.8661
vn -0.0029 1.0000 -0.0000
vn -0.0029 -0.0000 -1.0000
vn -0.0000 -0.0013 -1.0000
vn -0.0000 0.0013 -1.0000
vn 0.0029 -0.0000 -1.0000
vn 0.0029 -1.0000 -0.0000
vn 1.0000 -0.0013 -0.0000
vn 0.0029 1.0000 -0.0000
vn 1.0000 0.0013 -0.0000
vn 0.0029 -0.0000 1.0000
vn 0.4996 -0.0000 0.8663
vn 1.0000 -0.0000 0.0008
vn -0.0001 -0.0013 1.0000
vn -0.0000 0.0013 1.0000
vn -0.0017 -1.0000 -0.0000
vn -0.0017 -0.0000 1.0000
vn -1.0000 -0.0000 0.0017
vn -1.0000 -0.0000 -0.0017
vn -0.0000 0.0017 -1.0000
vn 1.0000 -0.0000 -0.0017
vn 0.0017 -1.0000 -0.0000
vn 0.0017 1.0000 -0.0000
vn 0.0017 -0.0000 1.0000
vn 1.0000 -0.0000 0.0017
vn -0.0000 -0.8659 0.5002
vn -0.0000 -0.0017 1.0000
vn -0.0000 0.0017 1.0000
vn -0.8659 -0.5002 -0.0000
vn -1.0000 0.0001 0.0017
vn -1.0000 0.0011 -0.0000
vn -0.8659 -0.0000 -0.5003
vn -1.0000 0.0001 -0.0017
vn 1.0000 -0.0000 0.0018
vn -0.0000 -0.5004 0.8658
vn -0.0000 -0.0010 1.0000
vn -0.0010 -0.0000 1.0000
vn -1.0000 -0.0000 0.0010
vn -0.0010 1.0000 -0.0000
vn -0.0010 -0.0000 -1.0000
vn -0.0000 -0.4996 -0.8663
vn -0.0000 -0.0010 -1.0000
vn 0.8659 -0.0000 -0.5003
vn 0.4997 0.8662 -0.0000
vn 1.0000 0.0009 0.0001
vn -0.0000 -0.5000 0.8661
vn -0.0000 0.8662 0.4997
vn -0.0011 1.0000 -0.0000
vn 0.0012 1.0000 -0.0000
vn 0.5002 0.8659 -0.0000
vn 0.5003 -0.0000 0.8659
vn 1.0000 -0.0001 0.0010
vn -0.5003 -0.0000 0.8658
vn -1.0000 0.0015 -0.0000
vn -0.0000 -1.0000 -0.0016
vn 0.0015 -0.0000 -1.0000
vn 1.0000 -0.0015 -0.0000
vn 0.0015 1.0000 -0.0000
vn 1.0000 -0.0000 0.0015
vn -0.0000 -0.0015 1.0000
vn -0.0000 1.0000 0.0015
vn -0.0001 0.0015 1.0000
vn -0.0010 -1.0000 -0.0000
vn -0.5001 -0.8659 -0.0000
vn -0.8658 -0.0000 0.5004
vn -0.4998 0.8661 -0.0000
vn -0.0000 0.4997 -0.8662
vn -1.0000 -0.0022 -0.0000
vn -1.0000 0.0022 -0.0000
vn -0.0000 -0.0023 -1.0000
vn -0.0000 0.0022 -1.0000
vn 1.0000 -0.0022 -0.0001
vn 0.8659 0.5002 -0.0000
vn 1.0000 0.0022 -0.0000
vn -0.0000 -0.0023 1.0000
vn -0.0000 0.0022 1.0000
vn -0.0013 -1.0000 -0.0000
vn -0.0013 -0.0000 1.0000
vn -0.0013 -0.0000 -1.0000
vn -0.0000 -0.0012 -1.0000
vn -0.0000 0.8661 -0.5000
vn 0.0012 -0.0000 -1.0000
vn 1.0000 -0.0000 0.0012
vn -0.8658 -0.5003 -0.0000
vn -1.0000 -0.0013 -0.0000
vn -1.0000 -0.0000 0.0013
vn -1.0000 0.0013 -0.0000
vn -1.0000 -0.0000 -0.0013
vn -0.0000 1.0000 -0.0013
vn -0.0000 0.8659 -0.5003
vn 1.0000 -0.0000 -0.0013
vn 0.0013 -0.0000 -1.0000
vn 0.0013 -1.0000 -0.0000
vn 0.0013 1.0000 -0.0000
vn 0.0013 -0.0000 1.0000
vn 0.8659 -0.0000 0.5002
vn 1.0000 -0.0001 0.0013
vn -0.0000 -1.0000 0.0013
vn -0.0000 -0.0013 1.0000
vn -0.0000 1.0000 0.0013
vn -0.0019 -1.0000 -0.0000
vn -0.0019 -0.0000 1.0000
vn -0.0019 1.0000 -0.0000
vn -0.0019 -0.0000 -1.0000
vn -0.0000 -0.8660 -0.5001
vn 0.0001 0.0010 -1.0000
vn 0.0019 -0.0000 -1.0000
vn 0.0019 -1.0000 -0.0000
vn 0.4997 -0.8662 -0.0000
vn 0.0019 1.0000 -0.0000
vn 1.0000 0.0010 -0.0000
vn 0.0019 -0.0000 1.0000
vn -0.0000 -0.8662 0.4997
vn -0.0001 0.0010 1.0000
vn -1.0000 -0.0028 -0.0000
vn -1.0000 -0.0001 0.0009
vn -1.0000 0.0028 -0.0000
vn -0.0000 -0.0028 -1.0000
vn -0.0000 0.0029 -1.0000
vn 0.8658 -0.0000 -0.5004
vn 0.8661 -0.5000 -0.0000
vn 1.0000 -0.0029 -0.0000
vn 1.0000 0.0028 -0.0000
vn -0.0000 -0.0028 1.0000
vn -0.0000 0.0028 1.0000
vn -0.5003 -0.8658 -0.0000
vn -0.0013 1.0000 -0.0000
vn -0.0000 0.0012 -1.0000
vn 0.5000 -0.0000 -0.8661
vn 1.0000 -0.0012 0.0001
vn 1.0000 0.0012 0.0001
vn 0.0001 0.0012 1.0000
vn 0.5001 -0.8660 -0.0000
vn 1.0000 -0.0007 -0.0001
vn 0.0008 0.0001 -1.0000
vn 0.8639 -0.5037 -0.0000
vn 0.5038 -0.8638 -0.0000
vn -0.0008 -1.0000 -0.0001
vn 0.5038 -0.0000 0.8638
vn 0.8641 -0.0000 0.5033
vn 0.0001 -0.0008 1.0000
vn -0.0000 -0.5037 0.8639
vn -0.0000 -0.8639 0.5036
vn -0.0000 -0.5036 0.8639
vn -0.0000 -0.8642 0.5031
vn 0.5033 -0.0000 0.8641
vn 0.8638 -0.0000 0.5038
vn 0.8638 -0.5038 -0.0000
vn 0.5031 -0.8642 -0.0000
vn 0.5034 -0.8641 -0.0000
vn 0.8641 -0.5034 -0.0000
vn -0.0000 -0.8641 0.5033
vn -0.0000 -0.5033 0.8641
vn -0.8661 0.4998 -0.0000
vn 0.8662 -0.4998 -0.0000
vn 1.0000 -0.0017 -0.0001
vn 1.0000 0.0018 -0.0000
vn 0.0001 -0.0017 1.0000
vn -0.0000 -0.0000 1.0000
vn -0.0000 -1.0000 -0.0000
vn 1.0000 -0.0000 -0.0000
vt 0.601600 0.239423
vt 0.612351 0.239423
vt 0.612565 0.247822
vt 0.602221 0.247822
vt 0.613150 0.253971
vt 0.603916 0.253971
vt 0.585984 0.698086
vt 0.576750 0.701086
vt 0.575952 0.696047
vt 0.583667 0.693540
vt 0.612351 0.181769
vt 0.601600 0.181769
vt 0.602221 0.173370
vt 0.612565 0.173370
vt 0.603916 0.167222
vt 0.613150 0.167222
vt 0.383084 0.694219
vt 0.377378 0.686365
vt 0.381924 0.684048
vt 0.386692 0.690611
vt 0.623656 0.239423
vt 0.623442 0.247822
vt 0.622858 0.253971
vt 0.567042 0.701086
vt 0.567840 0.696047
vt 0.623656 0.181769
vt 0.623442 0.173370
vt 0.622858 0.167222
vt 0.390938 0.699925
vt 0.393255 0.695379
vt 0.634408 0.239423
vt 0.633787 0.247822
vt 0.632091 0.253971
vt 0.557808 0.698086
vt 0.560125 0.693540
vt 0.634408 0.181769
vt 0.633787 0.173370
vt 0.632091 0.167222
vt 0.400172 0.702926
vt 0.400970 0.697886
vt 0.643554 0.239423
vt 0.642587 0.247822
vt 0.639946 0.253971
vt 0.549954 0.692380
vt 0.553562 0.688772
vt 0.643554 0.181769
vt 0.642587 0.173370
vt 0.639946 0.167222
vt 0.409880 0.702926
vt 0.409082 0.697886
vt 0.005390 0.651560
vt 0.014535 0.651560
vt 0.015156 0.659959
vt 0.006356 0.659959
vt 0.016852 0.666108
vt 0.008997 0.666108
vt 0.544248 0.684525
vt 0.548794 0.682209
vt 0.014535 0.593906
vt 0.005390 0.593906
vt 0.006356 0.585507
vt 0.015156 0.585507
vt 0.008997 0.579359
vt 0.016852 0.579359
vt 0.419114 0.699925
vt 0.416797 0.695379
vt 0.025287 0.651560
vt 0.025501 0.659959
vt 0.026085 0.666108
vt 0.541247 0.675292
vt 0.546287 0.674494
vt 0.025287 0.593906
vt 0.025501 0.585507
vt 0.026085 0.579359
vt 0.426968 0.694219
vt 0.423360 0.690611
vt 0.036592 0.651560
vt 0.036378 0.659959
vt 0.035794 0.666108
vt 0.541247 0.665583
vt 0.546287 0.666382
vt 0.036592 0.593906
vt 0.036378 0.585507
vt 0.035794 0.579359
vt 0.432674 0.686365
vt 0.428128 0.684048
vt 0.047343 0.651560
vt 0.046723 0.659959
vt 0.045027 0.666108
vt 0.544248 0.656350
vt 0.548794 0.658667
vt 0.047343 0.593906
vt 0.046723 0.585507
vt 0.045027 0.579359
vt 0.435675 0.677131
vt 0.430635 0.676333
vt 0.056489 0.651560
vt 0.055522 0.659959
vt 0.052881 0.666108
vt 0.549954 0.648496
vt 0.553562 0.652104
vt 0.056489 0.593906
vt 0.055522 0.585507
vt 0.052881 0.579359
vt 0.435675 0.667423
vt 0.430635 0.668221
vt 0.596774 0.077591
vt 0.605919 0.077591
vt 0.606540 0.085990
vt 0.597740 0.085990
vt 0.608236 0.092138
vt 0.600382 0.092138
vt 0.557808 0.642789
vt 0.560125 0.647336
vt 0.605919 0.019937
vt 0.596774 0.019937
vt 0.597740 0.011538
vt 0.606540 0.011538
vt 0.600382 0.005390
vt 0.608236 0.005390
vt 0.432674 0.658189
vt 0.428128 0.660506
vt 0.616671 0.077591
vt 0.616885 0.085990
vt 0.617469 0.092138
vt 0.567042 0.639789
vt 0.567840 0.644829
vt 0.616671 0.019937
vt 0.616885 0.011538
vt 0.617469 0.005390
vt 0.426968 0.650335
vt 0.423360 0.653943
vt 0.627976 0.077591
vt 0.627762 0.085990
vt 0.627178 0.092138
vt 0.576750 0.639789
vt 0.575952 0.644829
vt 0.627976 0.019937
vt 0.627762 0.011538
vt 0.627178 0.005390
vt 0.419114 0.644629
vt 0.416797 0.649175
vt 0.638727 0.077591
vt 0.638107 0.085990
vt 0.636411 0.092138
vt 0.585984 0.642789
vt 0.583667 0.647336
vt 0.638727 0.019937
vt 0.638107 0.011538
vt 0.636411 0.005390
vt 0.409880 0.641629
vt 0.409082 0.646668
vt 0.647873 0.077591
vt 0.646907 0.085990
vt 0.644265 0.092138
vt 0.593838 0.648496
vt 0.590230 0.652104
vt 0.647873 0.019937
vt 0.646907 0.011538
vt 0.644265 0.005390
vt 0.400172 0.641629
vt 0.400970 0.646668
vt 0.067268 0.651560
vt 0.076414 0.651560
vt 0.077035 0.659959
vt 0.068235 0.659959
vt 0.078731 0.666108
vt 0.070876 0.666108
vt 0.599544 0.656350
vt 0.594998 0.658667
vt 0.076414 0.593906
vt 0.067268 0.593906
vt 0.068235 0.585507
vt 0.077035 0.585507
vt 0.070876 0.579359
vt 0.078731 0.579359
vt 0.390938 0.644629
vt 0.393255 0.649175
vt 0.087166 0.651560
vt 0.087380 0.659959
vt 0.087964 0.666108
vt 0.602545 0.665583
vt 0.597505 0.666382
vt 0.087166 0.593906
vt 0.087380 0.585507
vt 0.087964 0.579359
vt 0.383084 0.650335
vt 0.386692 0.653943
vt 0.098471 0.651560
vt 0.098257 0.659959
vt 0.097672 0.666108
vt 0.602545 0.675292
vt 0.597505 0.674494
vt 0.098471 0.593906
vt 0.098257 0.585507
vt 0.097672 0.579359
vt 0.377378 0.658190
vt 0.381924 0.660506
vt 0.109222 0.651560
vt 0.108601 0.659959
vt 0.106906 0.666108
vt 0.599544 0.684525
vt 0.594998 0.682209
vt 0.109222 0.593906
vt 0.108601 0.585507
vt 0.106906 0.579359
vt 0.374377 0.667423
vt 0.379417 0.668221
vt 0.118368 0.651560
vt 0.117401 0.659959
vt 0.114760 0.666108
vt 0.593838 0.692380
vt 0.590230 0.688772
vt 0.118368 0.593906
vt 0.117401 0.585507
vt 0.114760 0.579359
vt 0.374377 0.677131
vt 0.379417 0.676333
vt 0.592454 0.239423
vt 0.593421 0.247822
vt 0.596062 0.253971
vt 0.592454 0.181769
vt 0.593421 0.173370
vt 0.596062 0.167222
vt 0.043153 0.280511
vt 0.043153 0.242748
vt 0.080916 0.242748
vt 0.080916 0.280511
vt 0.391116 0.201635
vt 0.391116 0.236049
vt 0.363598 0.236049
vt 0.363598 0.201635
vt 0.036840 0.118679
vt 0.036840 0.080916
vt 0.068290 0.080916
vt 0.068290 0.118679
vt 0.036840 0.043153
vt 0.068290 0.043153
vt 0.325835 0.236049
vt 0.325835 0.201635
vt 0.043153 0.204985
vt 0.080916 0.204985
vt 0.391116 0.267499
vt 0.363598 0.267499
vt 0.108434 0.242748
vt 0.108434 0.280511
vt 0.102703 0.080916
vt 0.102703 0.118679
vt 0.325835 0.267499
vt 0.102703 0.043153
vt 0.108434 0.204985
vt 0.840482 0.074145
vt 0.840482 0.073964
vt 0.840568 0.073964
vt 0.840572 0.074145
vt 0.219365 0.836919
vt 0.219365 0.836829
vt 0.219451 0.836825
vt 0.219451 0.836919
vt 0.219365 0.836739
vt 0.219455 0.836739
vt 0.219545 0.836739
vt 0.219545 0.836825
vt 0.288253 0.826363
vt 0.288253 0.826544
vt 0.288072 0.826450
vt 0.288072 0.826363
vt 0.840663 0.074145
vt 0.840663 0.073964
vt 0.288253 0.779439
vt 0.288072 0.779439
vt 0.288072 0.779352
vt 0.288253 0.779258
vt 0.219545 0.789814
vt 0.219455 0.789814
vt 0.219451 0.789728
vt 0.219545 0.789728
vt 0.219365 0.789814
vt 0.219365 0.789724
vt 0.219365 0.789634
vt 0.219451 0.789634
vt 0.793592 0.005570
vt 0.793502 0.005570
vt 0.793506 0.005390
vt 0.793592 0.005390
vt 0.793411 0.005570
vt 0.793411 0.005390
vt 0.335177 0.826363
vt 0.335267 0.826363
vt 0.335263 0.826450
vt 0.335177 0.826544
vt 0.335357 0.826363
vt 0.335357 0.826450
vt 0.789273 0.289143
vt 0.789273 0.289324
vt 0.789092 0.289230
vt 0.789092 0.289143
vt 0.840482 0.121250
vt 0.840482 0.121159
vt 0.840568 0.121155
vt 0.840663 0.121250
vt 0.840482 0.121069
vt 0.840572 0.121069
vt 0.840663 0.121069
vt 0.840615 0.121155
vt 0.335263 0.826496
vt 0.793592 0.052495
vt 0.793592 0.052585
vt 0.793506 0.052581
vt 0.793502 0.052495
vt 0.793592 0.052675
vt 0.793506 0.052675
vt 0.789273 0.242219
vt 0.789092 0.242219
vt 0.789186 0.242038
vt 0.789272 0.242038
vt 0.335358 0.779439
vt 0.335267 0.779439
vt 0.335263 0.779258
vt 0.335357 0.779258
vt 0.335177 0.779439
vt 0.335177 0.779258
vt 0.793411 0.052495
vt 0.793411 0.052581
vt 0.421482 0.826994
vt 0.421573 0.826995
vt 0.421569 0.827081
vt 0.421483 0.827085
vt 0.421663 0.826994
vt 0.421663 0.827081
vt 0.172440 0.836739
vt 0.172440 0.836829
vt 0.172260 0.836825
vt 0.172260 0.836739
vt 0.172440 0.836919
vt 0.172260 0.836919
vt 0.793558 0.074145
vt 0.793377 0.074145
vt 0.793377 0.074058
vt 0.793558 0.073964
vt 0.421482 0.827175
vt 0.421569 0.827175
vt 0.840516 0.005570
vt 0.840516 0.005390
vt 0.840603 0.005390
vt 0.840697 0.005570
vt 0.172440 0.789634
vt 0.172440 0.789724
vt 0.172354 0.789728
vt 0.172354 0.789634
vt 0.172440 0.789814
vt 0.172260 0.789814
vt 0.421663 0.780070
vt 0.421573 0.780070
vt 0.421569 0.779984
vt 0.421616 0.779984
vt 0.421482 0.780070
vt 0.421482 0.779980
vt 0.421482 0.779889
vt 0.421663 0.779889
vt 0.172307 0.789728
vt 0.836197 0.289143
vt 0.836378 0.289143
vt 0.836378 0.289230
vt 0.836197 0.289324
vt 0.374377 0.826994
vt 0.374468 0.826995
vt 0.374472 0.827081
vt 0.374377 0.827081
vt 0.374558 0.826994
vt 0.374558 0.827085
vt 0.374558 0.827175
vt 0.374472 0.827175
vt 0.793558 0.121069
vt 0.793558 0.121159
vt 0.793377 0.121155
vt 0.793377 0.121069
vt 0.793558 0.121250
vt 0.793377 0.121250
vt 0.840516 0.052495
vt 0.840697 0.052495
vt 0.840697 0.052581
vt 0.840517 0.052585
vt 0.374558 0.779889
vt 0.374558 0.779980
vt 0.374472 0.779984
vt 0.374472 0.779889
vt 0.374558 0.780070
vt 0.374468 0.780070
vt 0.374377 0.780070
vt 0.374377 0.779984
vt 0.836197 0.242219
vt 0.836197 0.242038
vt 0.836378 0.242132
vt 0.836378 0.242219
vt 0.840516 0.052675
vt 0.840697 0.052675
vt 0.501888 0.167402
vt 0.501888 0.167222
vt 0.501975 0.167222
vt 0.502069 0.167402
vt 0.446853 0.549254
vt 0.446853 0.549163
vt 0.446939 0.549159
vt 0.446939 0.549254
vt 0.446853 0.549073
vt 0.447033 0.549073
vt 0.077865 0.401710
vt 0.077865 0.401619
vt 0.077951 0.401615
vt 0.077951 0.401662
vt 0.077865 0.401529
vt 0.077955 0.401529
vt 0.078045 0.401529
vt 0.078045 0.401710
vt 0.446986 0.549159
vt 0.005570 0.401529
vt 0.005570 0.401619
vt 0.005484 0.401615
vt 0.005480 0.401529
vt 0.005570 0.401710
vt 0.005484 0.401710
vt 0.446853 0.476779
vt 0.446853 0.476688
vt 0.447033 0.476692
vt 0.447033 0.476779
vt 0.446853 0.476598
vt 0.447033 0.476598
vt 0.431924 0.005570
vt 0.431743 0.005570
vt 0.431743 0.005484
vt 0.431924 0.005390
vt 0.005390 0.401529
vt 0.005390 0.401615
vt 0.077865 0.329234
vt 0.077865 0.329144
vt 0.077951 0.329148
vt 0.077955 0.329234
vt 0.077865 0.329054
vt 0.077951 0.329054
vt 0.457993 0.465638
vt 0.457993 0.465728
vt 0.457812 0.465724
vt 0.457812 0.465638
vt 0.457993 0.465819
vt 0.457812 0.465819
vt 0.501888 0.239697
vt 0.502069 0.239697
vt 0.502069 0.239783
vt 0.501888 0.239877
vt 0.078045 0.329234
vt 0.078045 0.329148
vt 0.431924 0.077865
vt 0.431924 0.078045
vt 0.431837 0.078045
vt 0.431743 0.077865
vt 0.457993 0.393163
vt 0.457993 0.393253
vt 0.457907 0.393257
vt 0.457907 0.393163
vt 0.457993 0.393343
vt 0.457812 0.393343
vt 0.005570 0.329054
vt 0.005570 0.329144
vt 0.005484 0.329148
vt 0.005484 0.329101
vt 0.005570 0.329234
vt 0.005480 0.329234
vt 0.005390 0.329234
vt 0.005390 0.329054
vt 0.457860 0.393257
vt 0.161300 0.329234
vt 0.161300 0.329144
vt 0.161386 0.329148
vt 0.161390 0.329234
vt 0.161300 0.329054
vt 0.161386 0.329054
vt 0.374558 0.549073
vt 0.374558 0.549163
vt 0.374377 0.549159
vt 0.374377 0.549073
vt 0.374558 0.549254
vt 0.374377 0.549254
vt 0.429594 0.167402
vt 0.429413 0.167402
vt 0.429413 0.167316
vt 0.429594 0.167222
vt 0.161480 0.329234
vt 0.161480 0.329148
vt 0.504218 0.005570
vt 0.504218 0.005390
vt 0.504305 0.005390
vt 0.504399 0.005570
vt 0.374558 0.476598
vt 0.374558 0.476688
vt 0.374472 0.476692
vt 0.374472 0.476598
vt 0.374558 0.476779
vt 0.374377 0.476779
vt 0.089005 0.329054
vt 0.089005 0.329144
vt 0.088919 0.329148
vt 0.088919 0.329101
vt 0.089005 0.329234
vt 0.088915 0.329234
vt 0.088825 0.329234
vt 0.088825 0.329054
vt 0.374425 0.476692
vt 0.530288 0.465638
vt 0.530378 0.465638
vt 0.530374 0.465724
vt 0.530288 0.465728
vt 0.530468 0.465638
vt 0.530468 0.465724
vt 0.161300 0.401529
vt 0.161390 0.401529
vt 0.161386 0.401710
vt 0.161300 0.401710
vt 0.161480 0.401529
vt 0.161480 0.401710
vt 0.429594 0.239697
vt 0.429594 0.239877
vt 0.429507 0.239877
vt 0.429413 0.239697
vt 0.530288 0.465819
vt 0.530374 0.465819
vt 0.504218 0.077865
vt 0.504399 0.077865
vt 0.504399 0.077951
vt 0.504218 0.078045
vt 0.088825 0.401529
vt 0.088915 0.401529
vt 0.088919 0.401615
vt 0.088825 0.401615
vt 0.089005 0.401529
vt 0.089005 0.401710
vt 0.530468 0.393343
vt 0.530378 0.393343
vt 0.530374 0.393257
vt 0.530421 0.393257
vt 0.530288 0.393343
vt 0.530288 0.393253
vt 0.530288 0.393163
vt 0.530468 0.393163
vt 0.088919 0.401662
vt 0.530288 0.476779
vt 0.530288 0.476598
vt 0.530374 0.476598
vt 0.530468 0.476779
vt 0.161300 0.568580
vt 0.161300 0.568489
vt 0.161386 0.568485
vt 0.161386 0.568580
vt 0.161300 0.568399
vt 0.161480 0.568399
vt 0.244735 0.401710
vt 0.244735 0.401619
vt 0.244821 0.401615
vt 0.244821 0.401662
vt 0.244735 0.401529
vt 0.244825 0.401529
vt 0.244915 0.401529
vt 0.244915 0.401710
vt 0.161433 0.568485
vt 0.172440 0.401529
vt 0.172440 0.401619
vt 0.172354 0.401615
vt 0.172350 0.401529
vt 0.172440 0.401710
vt 0.172354 0.401710
vt 0.161300 0.496104
vt 0.161300 0.496014
vt 0.161480 0.496018
vt 0.161480 0.496104
vt 0.161300 0.495924
vt 0.161480 0.495924
vt 0.288253 0.479649
vt 0.288072 0.479649
vt 0.288072 0.479563
vt 0.288253 0.479468
vt 0.172260 0.401529
vt 0.172260 0.401615
vt 0.244735 0.329234
vt 0.244735 0.329144
vt 0.244821 0.329148
vt 0.244825 0.329234
vt 0.244735 0.329054
vt 0.244821 0.329054
vt 0.005570 0.568399
vt 0.005570 0.568489
vt 0.005390 0.568485
vt 0.005390 0.568399
vt 0.005570 0.568580
vt 0.005390 0.568580
vt 0.530288 0.549073
vt 0.530468 0.549073
vt 0.530468 0.549159
vt 0.530288 0.549254
vt 0.244915 0.329234
vt 0.244915 0.329148
vt 0.288253 0.551944
vt 0.288253 0.552124
vt 0.288166 0.552124
vt 0.288072 0.551944
vt 0.005570 0.495924
vt 0.005570 0.496014
vt 0.005484 0.496018
vt 0.005484 0.495924
vt 0.005570 0.496104
vt 0.005390 0.496104
vt 0.172440 0.329054
vt 0.172440 0.329144
vt 0.172354 0.329148
vt 0.172354 0.329101
vt 0.172440 0.329234
vt 0.172350 0.329234
vt 0.172260 0.329234
vt 0.172260 0.329054
vt 0.005437 0.496018
vt 0.446853 0.309909
vt 0.446853 0.309818
vt 0.446939 0.309822
vt 0.446943 0.309909
vt 0.446853 0.309728
vt 0.446939 0.309728
vt 0.089005 0.568399
vt 0.089005 0.568489
vt 0.088825 0.568485
vt 0.088825 0.568399
vt 0.089005 0.568580
vt 0.088825 0.568580
vt 0.457993 0.476779
vt 0.457812 0.476779
vt 0.457812 0.476692
vt 0.457993 0.476598
vt 0.447033 0.309908
vt 0.447033 0.309822
vt 0.360547 0.479649
vt 0.360547 0.479468
vt 0.360633 0.479468
vt 0.360728 0.479649
vt 0.089005 0.495924
vt 0.089005 0.496014
vt 0.088919 0.496018
vt 0.088919 0.495924
vt 0.089005 0.496104
vt 0.088825 0.496104
vt 0.374558 0.309728
vt 0.374558 0.309818
vt 0.374472 0.309822
vt 0.374472 0.309775
vt 0.374558 0.309909
vt 0.374468 0.309909
vt 0.374377 0.309909
vt 0.374377 0.309728
vt 0.088872 0.496018
vt 0.077865 0.568399
vt 0.077955 0.568399
vt 0.077951 0.568485
vt 0.077865 0.568489
vt 0.078045 0.568399
vt 0.078045 0.568485
vt 0.446853 0.382203
vt 0.446943 0.382203
vt 0.446939 0.382384
vt 0.446853 0.382384
vt 0.447033 0.382203
vt 0.447033 0.382384
vt 0.457993 0.549073
vt 0.457993 0.549254
vt 0.457907 0.549254
vt 0.457812 0.549073
vt 0.077865 0.568580
vt 0.077951 0.568580
vt 0.360547 0.551944
vt 0.360728 0.551944
vt 0.360728 0.552030
vt 0.360547 0.552124
vt 0.374377 0.382203
vt 0.374468 0.382203
vt 0.374472 0.382289
vt 0.374377 0.382289
vt 0.374558 0.382203
vt 0.374558 0.382384
vt 0.078045 0.496104
vt 0.077955 0.496104
vt 0.077951 0.496018
vt 0.077998 0.496018
vt 0.077865 0.496104
vt 0.077865 0.496014
vt 0.077865 0.495924
vt 0.078045 0.495924
vt 0.374472 0.382336
vt 0.530288 0.309908
vt 0.530288 0.309728
vt 0.530374 0.309728
vt 0.530468 0.309908
vt 0.161300 0.485145
vt 0.161300 0.485054
vt 0.161386 0.485050
vt 0.161386 0.485145
vt 0.161300 0.484964
vt 0.161480 0.484964
vt 0.374377 0.465638
vt 0.374468 0.465638
vt 0.374472 0.465724
vt 0.374425 0.465724
vt 0.374558 0.465638
vt 0.374558 0.465728
vt 0.374558 0.465819
vt 0.374377 0.465819
vt 0.161433 0.485050
vt 0.374558 0.393344
vt 0.374468 0.393344
vt 0.374472 0.393257
vt 0.374558 0.393253
vt 0.374377 0.393344
vt 0.374377 0.393257
vt 0.161300 0.412669
vt 0.161300 0.412579
vt 0.161480 0.412583
vt 0.161480 0.412669
vt 0.161300 0.412489
vt 0.161480 0.412489
vt 0.172440 0.484964
vt 0.172440 0.485145
vt 0.172354 0.485145
vt 0.172260 0.484964
vt 0.374558 0.393163
vt 0.374472 0.393163
vt 0.446853 0.465638
vt 0.446943 0.465638
vt 0.446939 0.465724
vt 0.446853 0.465728
vt 0.447033 0.465638
vt 0.447033 0.465724
vt 0.288253 0.468509
vt 0.288253 0.468599
vt 0.288072 0.468595
vt 0.288072 0.468509
vt 0.288253 0.468689
vt 0.288072 0.468689
vt 0.530288 0.382203
vt 0.530468 0.382203
vt 0.530468 0.382289
vt 0.530288 0.382384
vt 0.446853 0.465819
vt 0.446939 0.465819
vt 0.244735 0.484964
vt 0.244915 0.484964
vt 0.244915 0.485050
vt 0.244735 0.485145
vt 0.288252 0.396033
vt 0.288252 0.396124
vt 0.288166 0.396128
vt 0.288166 0.396033
vt 0.288253 0.396214
vt 0.288072 0.396214
vt 0.447033 0.393344
vt 0.446943 0.393344
vt 0.446939 0.393257
vt 0.446986 0.393257
vt 0.446853 0.393344
vt 0.446853 0.393253
vt 0.446853 0.393163
vt 0.447033 0.393163
vt 0.288119 0.396128
vt 0.077865 0.484964
vt 0.077955 0.484964
vt 0.077951 0.485050
vt 0.077865 0.485054
vt 0.078045 0.484964
vt 0.078045 0.485050
vt 0.089005 0.484964
vt 0.089005 0.485054
vt 0.088825 0.485050
vt 0.088825 0.484964
vt 0.089005 0.485145
vt 0.088825 0.485145
vt 0.457993 0.309908
vt 0.457812 0.309908
vt 0.457812 0.309822
vt 0.457993 0.309728
vt 0.077865 0.485145
vt 0.077951 0.485145
vt 0.172440 0.412669
vt 0.172260 0.412669
vt 0.172260 0.412583
vt 0.172440 0.412489
vt 0.089005 0.412489
vt 0.089005 0.412579
vt 0.088919 0.412583
vt 0.088919 0.412489
vt 0.089005 0.412669
vt 0.088825 0.412669
vt 0.078045 0.412669
vt 0.077955 0.412669
vt 0.077951 0.412583
vt 0.077998 0.412583
vt 0.077865 0.412669
vt 0.077865 0.412579
vt 0.077865 0.412489
vt 0.078045 0.412489
vt 0.088872 0.412583
vt 0.360547 0.468509
vt 0.360637 0.468509
vt 0.360633 0.468595
vt 0.360547 0.468599
vt 0.360728 0.468509
vt 0.360728 0.468595
vt 0.005570 0.484964
vt 0.005570 0.485054
vt 0.005390 0.485050
vt 0.005390 0.484964
vt 0.005570 0.485145
vt 0.005390 0.485145
vt 0.457993 0.382203
vt 0.457993 0.382384
vt 0.457907 0.382384
vt 0.457812 0.382203
vt 0.360547 0.468689
vt 0.360633 0.468689
vt 0.244735 0.412669
vt 0.244735 0.412489
vt 0.244821 0.412489
vt 0.244915 0.412669
vt 0.005570 0.412489
vt 0.005570 0.412579
vt 0.005484 0.412583
vt 0.005484 0.412489
vt 0.005570 0.412669
vt 0.005390 0.412669
vt 0.360728 0.396214
vt 0.360637 0.396214
vt 0.360633 0.396128
vt 0.360680 0.396128
vt 0.360547 0.396214
vt 0.360547 0.396124
vt 0.360547 0.396033
vt 0.360728 0.396033
vt 0.005437 0.412583
vt 0.821181 0.917223
vt 0.821181 0.917042
vt 0.821268 0.917042
vt 0.821362 0.917223
vt 0.752548 0.955110
vt 0.752548 0.955020
vt 0.752634 0.955016
vt 0.752634 0.955110
vt 0.752548 0.954930
vt 0.752729 0.954930
vt 0.208188 0.937944
vt 0.208188 0.937854
vt 0.208274 0.937850
vt 0.208274 0.937897
vt 0.208188 0.937764
vt 0.208278 0.937764
vt 0.208369 0.937764
vt 0.208369 0.937944
vt 0.752681 0.955016
vt 0.172440 0.937764
vt 0.172440 0.937854
vt 0.172354 0.937850
vt 0.172350 0.937764
vt 0.172440 0.937944
vt 0.172354 0.937944
vt 0.752548 0.919182
vt 0.752548 0.919092
vt 0.752729 0.919095
vt 0.752729 0.919182
vt 0.752548 0.919001
vt 0.752729 0.919001
vt 0.623024 0.919182
vt 0.622843 0.919182
vt 0.622843 0.919095
vt 0.623024 0.919001
vt 0.172260 0.937764
vt 0.172260 0.937850
vt 0.208188 0.902016
vt 0.208188 0.901926
vt 0.208274 0.901930
vt 0.208278 0.902016
vt 0.208188 0.901835
vt 0.208274 0.901835
vt 0.669912 0.954930
vt 0.669912 0.955020
vt 0.669731 0.955016
vt 0.669731 0.954930
vt 0.669912 0.955110
vt 0.669731 0.955110
vt 0.821181 0.952970
vt 0.821362 0.952970
vt 0.821362 0.953057
vt 0.821181 0.953151
vt 0.208369 0.902016
vt 0.208369 0.901930
vt 0.623024 0.954930
vt 0.623024 0.955110
vt 0.622937 0.955110
vt 0.622843 0.954930
vt 0.669912 0.919001
vt 0.669912 0.919092
vt 0.669826 0.919096
vt 0.669826 0.919001
vt 0.669912 0.919182
vt 0.669731 0.919182
vt 0.172440 0.901835
vt 0.172440 0.901926
vt 0.172354 0.901930
vt 0.172354 0.901883
vt 0.172440 0.902016
vt 0.172350 0.902016
vt 0.172260 0.902016
vt 0.172260 0.901835
vt 0.669779 0.919095
vt 0.577176 0.900351
vt 0.577176 0.900261
vt 0.577262 0.900265
vt 0.577266 0.900351
vt 0.577176 0.900171
vt 0.577262 0.900171
vt 0.716800 0.954930
vt 0.716800 0.955020
vt 0.716620 0.955016
vt 0.716620 0.954930
vt 0.716800 0.955110
vt 0.716620 0.955110
vt 0.785434 0.917223
vt 0.785253 0.917223
vt 0.785253 0.917136
vt 0.785434 0.917042
vt 0.577357 0.900351
vt 0.577357 0.900265
vt 0.658772 0.919182
vt 0.658772 0.919001
vt 0.658858 0.919001
vt 0.658952 0.919182
vt 0.716800 0.919001
vt 0.716800 0.919092
vt 0.716714 0.919096
vt 0.716714 0.919001
vt 0.716800 0.919182
vt 0.716620 0.919182
vt 0.541428 0.900171
vt 0.541428 0.900261
vt 0.541342 0.900265
vt 0.541342 0.900218
vt 0.541428 0.900351
vt 0.541338 0.900351
vt 0.541247 0.900351
vt 0.541247 0.900171
vt 0.716667 0.919095
vt 0.705660 0.954930
vt 0.705750 0.954930
vt 0.705746 0.955016
vt 0.705660 0.955020
vt 0.705840 0.954930
vt 0.705840 0.955016
vt 0.577176 0.936099
vt 0.577266 0.936099
vt 0.577262 0.936280
vt 0.577176 0.936280
vt 0.577357 0.936099
vt 0.577357 0.936280
vt 0.785434 0.952970
vt 0.785434 0.953151
vt 0.785347 0.953151
vt 0.785253 0.952970
vt 0.705660 0.955110
vt 0.705746 0.955110
vt 0.658772 0.954930
vt 0.658952 0.954930
vt 0.658952 0.955016
vt 0.658772 0.955110
vt 0.541247 0.936099
vt 0.541338 0.936099
vt 0.541342 0.936186
vt 0.541247 0.936186
vt 0.541428 0.936099
vt 0.541428 0.936280
vt 0.705840 0.919182
vt 0.705750 0.919182
vt 0.705746 0.919095
vt 0.705793 0.919096
vt 0.705660 0.919182
vt 0.705660 0.919092
vt 0.705660 0.919001
vt 0.705840 0.919001
vt 0.541342 0.936232
vt 0.894964 0.514738
vt 0.894964 0.514557
vt 0.895050 0.514557
vt 0.895145 0.514738
vt 0.887195 0.868226
vt 0.887195 0.868136
vt 0.887282 0.868132
vt 0.887282 0.868226
vt 0.887195 0.868045
vt 0.887376 0.868045
vt 0.684089 0.589090
vt 0.684089 0.589000
vt 0.684175 0.588996
vt 0.684175 0.589043
vt 0.684089 0.588910
vt 0.684179 0.588910
vt 0.684270 0.588910
vt 0.684270 0.589090
vt 0.887328 0.868132
vt 0.623024 0.588910
vt 0.623024 0.589000
vt 0.622938 0.588996
vt 0.622934 0.588910
vt 0.623024 0.589090
vt 0.622937 0.589090
vt 0.887195 0.806980
vt 0.887195 0.806890
vt 0.887376 0.806894
vt 0.887376 0.806980
vt 0.887195 0.806800
vt 0.887376 0.806800
vt 0.867215 0.672256
vt 0.867034 0.672256
vt 0.867034 0.672169
vt 0.867215 0.672075
vt 0.622843 0.588910
vt 0.622843 0.588996
vt 0.684089 0.527845
vt 0.684089 0.527755
vt 0.684175 0.527758
vt 0.684179 0.527845
vt 0.684089 0.527664
vt 0.684175 0.527664
vt 0.127308 0.872857
vt 0.127308 0.872947
vt 0.127128 0.872944
vt 0.127128 0.872857
vt 0.127308 0.873038
vt 0.127128 0.873038
vt 0.894964 0.575803
vt 0.895145 0.575803
vt 0.895145 0.575889
vt 0.894964 0.575984
vt 0.684270 0.527845
vt 0.684270 0.527758
vt 0.867215 0.733321
vt 0.867215 0.733501
vt 0.867128 0.733501
vt 0.867034 0.733321
vt 0.127308 0.811611
vt 0.127309 0.811702
vt 0.127222 0.811706
vt 0.127222 0.811611
vt 0.127308 0.811792
vt 0.127128 0.811792
vt 0.623024 0.527664
vt 0.623024 0.527755
vt 0.622937 0.527758
vt 0.622938 0.527712
vt 0.623024 0.527845
vt 0.622934 0.527845
vt 0.622843 0.527845
vt 0.622843 0.527664
vt 0.127175 0.811706
vt 0.684089 0.600050
vt 0.684089 0.599960
vt 0.684175 0.599964
vt 0.684179 0.600050
vt 0.684089 0.599870
vt 0.684175 0.599870
vt 0.855283 0.868045
vt 0.855283 0.868136
vt 0.855102 0.868132
vt 0.855102 0.868046
vt 0.855283 0.868226
vt 0.855102 0.868226
vt 0.863052 0.514738
vt 0.862871 0.514738
vt 0.862871 0.514651
vt 0.863052 0.514557
vt 0.684270 0.600050
vt 0.684270 0.599964
vt 0.899127 0.672256
vt 0.899127 0.672075
vt 0.899213 0.672075
vt 0.899307 0.672256
vt 0.855283 0.806800
vt 0.855283 0.806890
vt 0.855197 0.806894
vt 0.855197 0.806800
vt 0.855283 0.806980
vt 0.855102 0.806980
vt 0.623024 0.599869
vt 0.623024 0.599960
vt 0.622938 0.599964
vt 0.622937 0.599917
vt 0.623024 0.600050
vt 0.622934 0.600050
vt 0.622843 0.600050
vt 0.622843 0.599869
vt 0.855150 0.806894
vt 0.159221 0.872857
vt 0.159311 0.872857
vt 0.159307 0.872944
vt 0.159221 0.872947
vt 0.159401 0.872857
vt 0.159401 0.872944
vt 0.684089 0.661115
vt 0.684179 0.661115
vt 0.684175 0.661296
vt 0.684089 0.661296
vt 0.684270 0.661115
vt 0.684270 0.661296
vt 0.863052 0.575803
vt 0.863052 0.575984
vt 0.862965 0.575984
vt 0.862871 0.575803
vt 0.159221 0.873038
vt 0.159307 0.873038
vt 0.899127 0.733321
vt 0.899307 0.733321
vt 0.899307 0.733407
vt 0.899127 0.733501
vt 0.622843 0.661115
vt 0.622934 0.661115
vt 0.622937 0.661202
vt 0.622843 0.661202
vt 0.623024 0.661115
vt 0.623024 0.661296
vt 0.159401 0.811792
vt 0.159311 0.811792
vt 0.159307 0.811706
vt 0.159354 0.811706
vt 0.159221 0.811792
vt 0.159221 0.811702
vt 0.159221 0.811611
vt 0.159401 0.811611
vt 0.622937 0.661248
vt 0.476420 0.948807
vt 0.476420 0.948627
vt 0.476506 0.948627
vt 0.476601 0.948807
vt 0.978240 0.836947
vt 0.978240 0.836856
vt 0.978326 0.836852
vt 0.978326 0.836947
vt 0.978240 0.836766
vt 0.978421 0.836766
vt 0.005390 0.975036
vt 0.005480 0.975036
vt 0.005484 0.975123
vt 0.005437 0.975123
vt 0.005570 0.975036
vt 0.005570 0.975127
vt 0.005570 0.975217
vt 0.005390 0.975217
vt 0.978373 0.836852
vt 0.005570 0.945251
vt 0.005480 0.945251
vt 0.005484 0.945164
vt 0.005570 0.945160
vt 0.005390 0.945251
vt 0.005390 0.945164
vt 0.978240 0.806980
vt 0.978240 0.806890
vt 0.978421 0.806894
vt 0.978421 0.806980
vt 0.978240 0.806800
vt 0.978421 0.806800
vt 0.172440 0.948904
vt 0.172260 0.948904
vt 0.172260 0.948818
vt 0.172440 0.948724
vt 0.005570 0.945070
vt 0.005484 0.945070
vt 0.035356 0.975036
vt 0.035446 0.975036
vt 0.035442 0.975123
vt 0.035356 0.975126
vt 0.035537 0.975036
vt 0.035537 0.975123
vt 0.947529 0.908972
vt 0.947529 0.909062
vt 0.947348 0.909058
vt 0.947348 0.908972
vt 0.947529 0.909152
vt 0.947348 0.909152
vt 0.476420 0.978593
vt 0.476601 0.978593
vt 0.476601 0.978679
vt 0.476420 0.978774
vt 0.035356 0.975217
vt 0.035442 0.975217
vt 0.172440 0.978690
vt 0.172440 0.978870
vt 0.172354 0.978870
vt 0.172260 0.978690
vt 0.947529 0.879005
vt 0.947529 0.879096
vt 0.947442 0.879100
vt 0.947442 0.879005
vt 0.947529 0.879186
vt 0.947348 0.879186
vt 0.035537 0.945251
vt 0.035446 0.945251
vt 0.035442 0.945164
vt 0.035489 0.945164
vt 0.035356 0.945251
vt 0.035356 0.945160
vt 0.035356 0.945070
vt 0.035537 0.945070
vt 0.947396 0.879100
vt 0.571214 0.977025
vt 0.571304 0.977025
vt 0.571300 0.977112
vt 0.571214 0.977115
vt 0.571394 0.977025
vt 0.571394 0.977112
vt 0.948454 0.836766
vt 0.948454 0.836856
vt 0.948274 0.836852
vt 0.948274 0.836766
vt 0.948454 0.836947
vt 0.948274 0.836947
vt 0.446634 0.948807
vt 0.446454 0.948807
vt 0.446454 0.948721
vt 0.446634 0.948627
vt 0.571214 0.977206
vt 0.571300 0.977206
vt 0.202226 0.948904
vt 0.202226 0.948723
vt 0.202312 0.948723
vt 0.202407 0.948904
vt 0.948454 0.806800
vt 0.948454 0.806890
vt 0.948368 0.806894
vt 0.948368 0.806800
vt 0.948454 0.806980
vt 0.948274 0.806980
vt 0.571394 0.947240
vt 0.571304 0.947240
vt 0.571300 0.947153
vt 0.571347 0.947153
vt 0.571214 0.947240
vt 0.571214 0.947149
vt 0.571214 0.947059
vt 0.571394 0.947059
vt 0.948321 0.806894
vt 0.977314 0.908972
vt 0.977405 0.908972
vt 0.977401 0.909058
vt 0.977314 0.909062
vt 0.977495 0.908972
vt 0.977495 0.909058
vt 0.541428 0.977025
vt 0.541428 0.977115
vt 0.541247 0.977112
vt 0.541247 0.977025
vt 0.541428 0.977206
vt 0.541247 0.977206
vt 0.446634 0.978593
vt 0.446634 0.978774
vt 0.446548 0.978774
vt 0.446454 0.978593
vt 0.977314 0.909152
vt 0.977401 0.909152
vt 0.202226 0.978690
vt 0.202407 0.978690
vt 0.202407 0.978776
vt 0.202226 0.978871
vt 0.541428 0.947059
vt 0.541428 0.947149
vt 0.541342 0.947153
vt 0.541342 0.947059
vt 0.541428 0.947240
vt 0.541247 0.947240
vt 0.977495 0.879186
vt 0.977405 0.879186
vt 0.977401 0.879100
vt 0.977448 0.879100
vt 0.977314 0.879186
vt 0.977314 0.879096
vt 0.977314 0.879005
vt 0.977495 0.879005
vt 0.541295 0.947153
vt 0.782452 0.005570
vt 0.782452 0.005390
vt 0.782538 0.005390
vt 0.782632 0.005570
vt 0.782417 0.129369
vt 0.782417 0.129279
vt 0.782504 0.129275
vt 0.782504 0.129369
vt 0.782417 0.129189
vt 0.782598 0.129189
vt 0.750714 0.499002
vt 0.750714 0.498911
vt 0.750800 0.498907
vt 0.750800 0.498954
vt 0.750714 0.498821
vt 0.750804 0.498821
vt 0.750894 0.498821
vt 0.750894 0.499002
vt 0.782550 0.129275
vt 0.695669 0.498821
vt 0.695669 0.498911
vt 0.695583 0.498907
vt 0.695579 0.498821
vt 0.695669 0.499002
vt 0.695583 0.499002
vt 0.782417 0.074145
vt 0.782417 0.074054
vt 0.782598 0.074058
vt 0.782598 0.074145
vt 0.782417 0.073964
vt 0.782598 0.073964
vt 0.623024 0.740796
vt 0.622843 0.740796
vt 0.622843 0.740709
vt 0.623024 0.740615
vt 0.695489 0.498821
vt 0.695489 0.498907
vt 0.750714 0.443777
vt 0.750714 0.443686
vt 0.750800 0.443690
vt 0.750804 0.443777
vt 0.750714 0.443596
vt 0.750800 0.443596
vt 0.172440 0.778674
vt 0.172440 0.778764
vt 0.172260 0.778760
vt 0.172260 0.778674
vt 0.172440 0.778855
vt 0.172260 0.778855
vt 0.782452 0.060615
vt 0.782632 0.060615
vt 0.782632 0.060701
vt 0.782452 0.060795
vt 0.750894 0.443777
vt 0.750894 0.443690
vt 0.623024 0.795840
vt 0.623024 0.796021
vt 0.622937 0.796021
vt 0.622843 0.795840
vt 0.172440 0.723449
vt 0.172440 0.723540
vt 0.172354 0.723543
vt 0.172354 0.723449
vt 0.172440 0.723630
vt 0.172260 0.723630
vt 0.695669 0.443596
vt 0.695669 0.443686
vt 0.695583 0.443690
vt 0.695583 0.443644
vt 0.695669 0.443777
vt 0.695579 0.443777
vt 0.695489 0.443777
vt 0.695489 0.443596
vt 0.172307 0.723543
vt 0.501679 0.710384
vt 0.501679 0.710293
vt 0.501765 0.710297
vt 0.501769 0.710384
vt 0.501679 0.710203
vt 0.501765 0.710203
vt 0.727373 0.129189
vt 0.727373 0.129279
vt 0.727192 0.129275
vt 0.727192 0.129189
vt 0.727373 0.129369
vt 0.727192 0.129369
vt 0.727407 0.005570
vt 0.727227 0.005570
vt 0.727227 0.005484
vt 0.727407 0.005390
vt 0.501859 0.710384
vt 0.501859 0.710297
vt 0.678068 0.740796
vt 0.678068 0.740615
vt 0.678155 0.740615
vt 0.678249 0.740796
vt 0.727373 0.073964
vt 0.727373 0.074054
vt 0.727287 0.074058
vt 0.727287 0.073964
vt 0.727373 0.074145
vt 0.727192 0.074145
vt 0.446634 0.710203
vt 0.446634 0.710293
vt 0.446548 0.710297
vt 0.446548 0.710251
vt 0.446634 0.710384
vt 0.446544 0.710384
vt 0.446454 0.710384
vt 0.446454 0.710203
vt 0.727240 0.074058
vt 0.227485 0.778674
vt 0.227575 0.778674
vt 0.227571 0.778760
vt 0.227485 0.778764
vt 0.227665 0.778674
vt 0.227665 0.778760
vt 0.501679 0.765428
vt 0.501769 0.765428
vt 0.501765 0.765609
vt 0.501679 0.765609
vt 0.501859 0.765428
vt 0.501859 0.765609
vt 0.727407 0.060615
vt 0.727407 0.060795
vt 0.727321 0.060795
vt 0.727227 0.060615
vt 0.227485 0.778855
vt 0.227571 0.778855
vt 0.678068 0.795840
vt 0.678249 0.795840
vt 0.678249 0.795926
vt 0.678068 0.796021
vt 0.446454 0.765428
vt 0.446544 0.765428
vt 0.446548 0.765514
vt 0.446454 0.765514
vt 0.446634 0.765428
vt 0.446634 0.765609
vt 0.227665 0.723630
vt 0.227575 0.723630
vt 0.227571 0.723543
vt 0.227618 0.723543
vt 0.227485 0.723630
vt 0.227485 0.723540
vt 0.227485 0.723449
vt 0.227665 0.723449
vt 0.446548 0.765561
vt 0.720157 0.865045
vt 0.720157 0.864865
vt 0.720243 0.864865
vt 0.720337 0.865045
vt 0.666020 0.908222
vt 0.666020 0.908132
vt 0.666106 0.908128
vt 0.666106 0.908222
vt 0.666020 0.908041
vt 0.666201 0.908041
vt 0.827858 0.502235
vt 0.827948 0.502235
vt 0.827952 0.502321
vt 0.827906 0.502321
vt 0.828039 0.502235
vt 0.828039 0.502325
vt 0.828039 0.502415
vt 0.827858 0.502415
vt 0.666153 0.908128
vt 0.828039 0.459239
vt 0.827948 0.459239
vt 0.827952 0.459152
vt 0.828039 0.459148
vt 0.827858 0.459239
vt 0.827858 0.459152
vt 0.666020 0.865045
vt 0.666020 0.864955
vt 0.666201 0.864959
vt 0.666201 0.865045
vt 0.666020 0.864865
vt 0.666201 0.864865
vt 0.731297 0.865045
vt 0.731116 0.865045
vt 0.731116 0.864959
vt 0.731297 0.864865
vt 0.828039 0.459058
vt 0.827952 0.459058
vt 0.871035 0.502235
vt 0.871125 0.502235
vt 0.871121 0.502321
vt 0.871035 0.502325
vt 0.871215 0.502235
vt 0.871215 0.502321
vt 0.851657 0.048566
vt 0.851657 0.048657
vt 0.851476 0.048653
vt 0.851476 0.048566
vt 0.851657 0.048747
vt 0.851476 0.048747
vt 0.720157 0.908041
vt 0.720337 0.908041
vt 0.720337 0.908128
vt 0.720157 0.908222
vt 0.871035 0.502415
vt 0.871121 0.502415
vt 0.731297 0.908041
vt 0.731297 0.908222
vt 0.731211 0.908222
vt 0.731116 0.908041
vt 0.851657 0.005390
vt 0.851657 0.005480
vt 0.851571 0.005484
vt 0.851571 0.005390
vt 0.851657 0.005570
vt 0.851476 0.005570
vt 0.871215 0.459239
vt 0.871125 0.459239
vt 0.871121 0.459152
vt 0.871168 0.459152
vt 0.871035 0.459239
vt 0.871035 0.459148
vt 0.871035 0.459058
vt 0.871215 0.459058
vt 0.851524 0.005484
vt 0.215436 0.890875
vt 0.215527 0.890876
vt 0.215523 0.890962
vt 0.215436 0.890966
vt 0.215617 0.890875
vt 0.215617 0.890962
vt 0.623024 0.908041
vt 0.623024 0.908132
vt 0.622843 0.908128
vt 0.622843 0.908041
vt 0.623024 0.908222
vt 0.622843 0.908222
vt 0.677161 0.865045
vt 0.676980 0.865045
vt 0.676980 0.864959
vt 0.677160 0.864865
vt 0.215436 0.891056
vt 0.215523 0.891056
vt 0.774293 0.865045
vt 0.774293 0.864865
vt 0.774379 0.864865
vt 0.774474 0.865045
vt 0.623024 0.864865
vt 0.623024 0.864955
vt 0.622937 0.864959
vt 0.622938 0.864865
vt 0.623024 0.865045
vt 0.622843 0.865045
vt 0.215617 0.847879
vt 0.215527 0.847879
vt 0.215523 0.847793
vt 0.215569 0.847793
vt 0.215436 0.847879
vt 0.215436 0.847789
vt 0.215436 0.847699
vt 0.215617 0.847699
vt 0.622891 0.864959
vt 0.894653 0.048566
vt 0.894743 0.048566
vt 0.894739 0.048653
vt 0.894653 0.048657
vt 0.894834 0.048566
vt 0.894834 0.048653
vt 0.172440 0.890876
vt 0.172440 0.890966
vt 0.172260 0.890962
vt 0.172260 0.890875
vt 0.172440 0.891056
vt 0.172260 0.891056
vt 0.677160 0.908041
vt 0.677160 0.908222
vt 0.677074 0.908222
vt 0.676980 0.908041
vt 0.894653 0.048747
vt 0.894739 0.048747
vt 0.774293 0.908041
vt 0.774474 0.908041
vt 0.774474 0.908128
vt 0.774293 0.908222
vt 0.172440 0.847699
vt 0.172440 0.847789
vt 0.172354 0.847793
vt 0.172354 0.847699
vt 0.172440 0.847879
vt 0.172260 0.847879
vt 0.894834 0.005570
vt 0.894743 0.005570
vt 0.894740 0.005484
vt 0.894786 0.005484
vt 0.894653 0.005570
vt 0.894653 0.005480
vt 0.894653 0.005390
vt 0.894834 0.005390
vt 0.172307 0.847793
vt 0.937171 0.294082
vt 0.937171 0.293901
vt 0.937258 0.293901
vt 0.937352 0.294082
vt 0.911086 0.145072
vt 0.911086 0.144981
vt 0.911172 0.144977
vt 0.911172 0.145072
vt 0.911086 0.144891
vt 0.911266 0.144891
vt 0.907147 0.313146
vt 0.907147 0.313055
vt 0.907234 0.313052
vt 0.907234 0.313098
vt 0.907147 0.312965
vt 0.907237 0.312965
vt 0.907328 0.312965
vt 0.907328 0.313146
vt 0.911219 0.144977
vt 0.888264 0.312965
vt 0.888264 0.313055
vt 0.888177 0.313052
vt 0.888173 0.312965
vt 0.888264 0.313146
vt 0.888177 0.313146
vt 0.911086 0.126007
vt 0.911086 0.125917
vt 0.911266 0.125921
vt 0.911266 0.126007
vt 0.911086 0.125827
vt 0.911266 0.125827
vt 0.942047 0.421919
vt 0.941867 0.421919
vt 0.941867 0.421833
vt 0.942048 0.421739
vt 0.888083 0.312965
vt 0.888083 0.313052
vt 0.907147 0.294082
vt 0.907147 0.293991
vt 0.907234 0.293995
vt 0.907237 0.294082
vt 0.907147 0.293901
vt 0.907234 0.293901
vt 0.344188 0.910955
vt 0.344188 0.911046
vt 0.344008 0.911042
vt 0.344008 0.910955
vt 0.344188 0.911136
vt 0.344008 0.911136
vt 0.937171 0.312965
vt 0.937352 0.312965
vt 0.937352 0.313052
vt 0.937171 0.313146
vt 0.907328 0.294082
vt 0.907328 0.293995
vt 0.942047 0.440803
vt 0.942048 0.440984
vt 0.941961 0.440984
vt 0.941867 0.440803
vt 0.344188 0.891891
vt 0.344188 0.891982
vt 0.344102 0.891985
vt 0.344102 0.891891
vt 0.344188 0.892072
vt 0.344008 0.892072
vt 0.888264 0.293901
vt 0.888264 0.293991
vt 0.888177 0.293995
vt 0.888177 0.293949
vt 0.888264 0.294082
vt 0.888173 0.294082
vt 0.888083 0.294082
vt 0.888083 0.293901
vt 0.344055 0.891985
vt 0.812441 0.132209
vt 0.812441 0.132119
vt 0.812528 0.132123
vt 0.812532 0.132209
vt 0.812441 0.132029
vt 0.812528 0.132029
vt 0.892202 0.144891
vt 0.892202 0.144981
vt 0.892021 0.144977
vt 0.892021 0.144891
vt 0.892202 0.145072
vt 0.892021 0.145072
vt 0.918288 0.294082
vt 0.918107 0.294082
vt 0.918107 0.293995
vt 0.918288 0.293901
vt 0.812622 0.132209
vt 0.812622 0.132123
vt 0.960931 0.421919
vt 0.960931 0.421739
vt 0.961018 0.421739
vt 0.961112 0.421919
vt 0.892202 0.125827
vt 0.892202 0.125917
vt 0.892116 0.125921
vt 0.892116 0.125827
vt 0.892202 0.126007
vt 0.892021 0.126007
vt 0.793558 0.132029
vt 0.793558 0.132119
vt 0.793471 0.132123
vt 0.793471 0.132076
vt 0.793558 0.132209
vt 0.793468 0.132209
vt 0.793377 0.132209
vt 0.793377 0.132029
vt 0.892069 0.125921
vt 0.363072 0.910955
vt 0.363162 0.910955
vt 0.363158 0.911042
vt 0.363072 0.911046
vt 0.363253 0.910955
vt 0.363253 0.911042
vt 0.812441 0.151093
vt 0.812532 0.151093
vt 0.812528 0.151274
vt 0.812441 0.151274
vt 0.812622 0.151093
vt 0.812622 0.151274
vt 0.918288 0.312965
vt 0.918288 0.313146
vt 0.918201 0.313146
vt 0.918107 0.312965
vt 0.363072 0.911136
vt 0.363158 0.911136
vt 0.960931 0.440803
vt 0.961112 0.440803
vt 0.961112 0.440889
vt 0.960931 0.440984
vt 0.793377 0.151093
vt 0.793467 0.151093
vt 0.793471 0.151179
vt 0.793377 0.151179
vt 0.793558 0.151093
vt 0.793558 0.151274
vt 0.363253 0.892072
vt 0.363162 0.892072
vt 0.363158 0.891985
vt 0.363205 0.891985
vt 0.363072 0.892072
vt 0.363072 0.891982
vt 0.363072 0.891891
vt 0.363253 0.891891
vt 0.793471 0.151226
vt 0.238625 0.798446
vt 0.238444 0.798446
vt 0.238444 0.798360
vt 0.238625 0.798266
vt 0.852092 0.514738
vt 0.852001 0.514738
vt 0.851998 0.514651
vt 0.852092 0.514651
vt 0.851911 0.514738
vt 0.851911 0.514557
vt 0.643078 0.295283
vt 0.643078 0.295192
vt 0.643164 0.295188
vt 0.643164 0.295235
vt 0.643078 0.295102
vt 0.643168 0.295102
vt 0.643258 0.295102
vt 0.643258 0.295283
vt 0.851998 0.514605
vt 0.613292 0.295102
vt 0.613292 0.295192
vt 0.613205 0.295188
vt 0.613202 0.295102
vt 0.613292 0.295283
vt 0.613205 0.295283
vt 0.822125 0.514738
vt 0.822035 0.514738
vt 0.822039 0.514557
vt 0.822126 0.514557
vt 0.821945 0.514738
vt 0.821945 0.514557
vt 0.826288 0.742762
vt 0.826288 0.742943
vt 0.826202 0.742943
vt 0.826108 0.742762
vt 0.613111 0.295102
vt 0.613111 0.295188
vt 0.643078 0.265316
vt 0.643078 0.265226
vt 0.643164 0.265230
vt 0.643168 0.265316
vt 0.643078 0.265136
vt 0.643164 0.265136
vt 0.274871 0.652916
vt 0.274962 0.652916
vt 0.274958 0.653097
vt 0.274871 0.653097
vt 0.275052 0.652916
vt 0.275052 0.653097
vt 0.268411 0.798446
vt 0.268411 0.798266
vt 0.268497 0.798266
vt 0.268591 0.798446
vt 0.643258 0.265316
vt 0.643258 0.265230
vt 0.856074 0.742762
vt 0.856255 0.742762
vt 0.856255 0.742848
vt 0.856074 0.742943
vt 0.244905 0.652916
vt 0.244995 0.652916
vt 0.244999 0.653003
vt 0.244905 0.653003
vt 0.245086 0.652916
vt 0.245086 0.653097
vt 0.613292 0.265136
vt 0.613292 0.265226
vt 0.613206 0.265230
vt 0.613205 0.265183
vt 0.613292 0.265316
vt 0.613202 0.265316
vt 0.613111 0.265316
vt 0.613111 0.265136
vt 0.244999 0.653049
vt 0.527903 0.908938
vt 0.527903 0.908848
vt 0.527989 0.908851
vt 0.527993 0.908938
vt 0.527903 0.908757
vt 0.527989 0.908757
vt 0.851911 0.585244
vt 0.852001 0.585244
vt 0.851998 0.585425
vt 0.851911 0.585425
vt 0.852092 0.585244
vt 0.852092 0.585425
vt 0.238625 0.868952
vt 0.238625 0.869133
vt 0.238539 0.869133
vt 0.238444 0.868952
vt 0.528084 0.908938
vt 0.528084 0.908851
vt 0.826288 0.672256
vt 0.826108 0.672256
vt 0.826108 0.672169
vt 0.826288 0.672075
vt 0.821945 0.585244
vt 0.822035 0.585244
vt 0.822039 0.585331
vt 0.821945 0.585330
vt 0.822126 0.585244
vt 0.822126 0.585425
vt 0.498117 0.908757
vt 0.498117 0.908848
vt 0.498031 0.908851
vt 0.498031 0.908805
vt 0.498117 0.908938
vt 0.498027 0.908938
vt 0.497937 0.908938
vt 0.497937 0.908757
vt 0.822039 0.585377
vt 0.274871 0.582410
vt 0.274871 0.582320
vt 0.274958 0.582324
vt 0.274962 0.582410
vt 0.274871 0.582229
vt 0.274958 0.582229
vt 0.527903 0.938724
vt 0.527993 0.938723
vt 0.527989 0.938904
vt 0.527903 0.938904
vt 0.528084 0.938723
vt 0.528084 0.938904
vt 0.268411 0.868953
vt 0.268591 0.868952
vt 0.268591 0.869039
vt 0.268411 0.869133
vt 0.275052 0.582410
vt 0.275052 0.582324
vt 0.856074 0.672256
vt 0.856074 0.672075
vt 0.856160 0.672075
vt 0.856255 0.672256
vt 0.497937 0.938723
vt 0.498027 0.938723
vt 0.498031 0.938810
vt 0.497937 0.938810
vt 0.498117 0.938724
vt 0.498117 0.938904
vt 0.245086 0.582229
vt 0.245086 0.582320
vt 0.244999 0.582324
vt 0.244999 0.582277
vt 0.245086 0.582410
vt 0.244995 0.582410
vt 0.244905 0.582410
vt 0.244905 0.582229
vt 0.498031 0.938857
vt 0.823582 0.132209
vt 0.823401 0.132209
vt 0.823401 0.132123
vt 0.823582 0.132029
vt 0.770490 0.140329
vt 0.770399 0.140329
vt 0.770396 0.140243
vt 0.770490 0.140243
vt 0.770309 0.140329
vt 0.770309 0.140149
vt 0.958475 0.575144
vt 0.958475 0.575053
vt 0.958562 0.575049
vt 0.958562 0.575096
vt 0.958475 0.574963
vt 0.958566 0.574963
vt 0.958656 0.574963
vt 0.958656 0.575144
vt 0.770396 0.140196
vt 0.942578 0.574963
vt 0.942578 0.575053
vt 0.942491 0.575049
vt 0.942487 0.574963
vt 0.942578 0.575144
vt 0.942491 0.575144
vt 0.754411 0.140329
vt 0.754321 0.140329
vt 0.754325 0.140149
vt 0.754411 0.140149
vt 0.754231 0.140329
vt 0.754231 0.140149
vt 0.936896 0.658267
vt 0.936896 0.658447
vt 0.936810 0.658447
vt 0.936715 0.658267
vt 0.942397 0.574963
vt 0.942397 0.575050
vt 0.958475 0.559065
vt 0.958475 0.558975
vt 0.958562 0.558979
vt 0.958566 0.559065
vt 0.958475 0.558885
vt 0.958562 0.558885
vt 0.743271 0.156227
vt 0.743361 0.156227
vt 0.743357 0.156408
vt 0.743271 0.156408
vt 0.743451 0.156227
vt 0.743451 0.156408
vt 0.839480 0.132209
vt 0.839480 0.132029
vt 0.839566 0.132029
vt 0.839660 0.132209
vt 0.958656 0.559065
vt 0.958656 0.558979
vt 0.952794 0.658267
vt 0.952975 0.658267
vt 0.952975 0.658353
vt 0.952794 0.658447
vt 0.727192 0.156227
vt 0.727283 0.156227
vt 0.727287 0.156314
vt 0.727192 0.156314
vt 0.727373 0.156227
vt 0.727373 0.156408
vt 0.942578 0.558885
vt 0.942578 0.558975
vt 0.942491 0.558979
vt 0.942491 0.558932
vt 0.942578 0.559065
vt 0.942487 0.559065
vt 0.942397 0.559065
vt 0.942397 0.558885
vt 0.727287 0.156360
vt 0.959179 0.731372
vt 0.959270 0.731372
vt 0.959266 0.731458
vt 0.959179 0.731462
vt 0.959360 0.731372
vt 0.959360 0.731458
vt 0.770309 0.156227
vt 0.770400 0.156227
vt 0.770396 0.156408
vt 0.770309 0.156408
vt 0.770490 0.156227
vt 0.770490 0.156408
vt 0.823582 0.148107
vt 0.823582 0.148288
vt 0.823495 0.148288
vt 0.823401 0.148107
vt 0.959179 0.731553
vt 0.959266 0.731552
vt 0.936896 0.642369
vt 0.936715 0.642369
vt 0.936715 0.642282
vt 0.936896 0.642188
vt 0.754231 0.156227
vt 0.754321 0.156227
vt 0.754325 0.156314
vt 0.754231 0.156314
vt 0.754411 0.156227
vt 0.754411 0.156408
vt 0.959360 0.715474
vt 0.959270 0.715474
vt 0.959266 0.715388
vt 0.959313 0.715388
vt 0.959180 0.715474
vt 0.959179 0.715384
vt 0.959179 0.715293
vt 0.959360 0.715293
vt 0.754325 0.156360
vt 0.743271 0.140329
vt 0.743271 0.140239
vt 0.743357 0.140243
vt 0.743361 0.140329
vt 0.743271 0.140149
vt 0.743357 0.140149
vt 0.943282 0.731372
vt 0.943282 0.731462
vt 0.943101 0.731458
vt 0.943101 0.731372
vt 0.943282 0.731552
vt 0.943101 0.731553
vt 0.839480 0.148107
vt 0.839660 0.148107
vt 0.839660 0.148194
vt 0.839480 0.148288
vt 0.743451 0.140329
vt 0.743451 0.140243
vt 0.952794 0.642369
vt 0.952794 0.642188
vt 0.952880 0.642188
vt 0.952975 0.642369
vt 0.943282 0.715293
vt 0.943282 0.715384
vt 0.943195 0.715388
vt 0.943195 0.715293
vt 0.943282 0.715474
vt 0.943101 0.715474
vt 0.727373 0.140149
vt 0.727373 0.140239
vt 0.727287 0.140243
vt 0.727287 0.140196
vt 0.727373 0.140329
vt 0.727283 0.140329
vt 0.727192 0.140329
vt 0.727192 0.140149
vt 0.943149 0.715388
vt 0.611883 0.558374
vt 0.611883 0.558194
vt 0.611970 0.558194
vt 0.612064 0.558374
vt 0.611883 0.547414
vt 0.611883 0.547324
vt 0.611970 0.547320
vt 0.611970 0.547414
vt 0.611883 0.547234
vt 0.612064 0.547234
vt 0.585814 0.076206
vt 0.585814 0.076116
vt 0.585900 0.076112
vt 0.585900 0.076159
vt 0.585814 0.076025
vt 0.585904 0.076025
vt 0.585995 0.076025
vt 0.585995 0.076206
vt 0.612016 0.547320
vt 0.515359 0.076025
vt 0.515359 0.076116
vt 0.515272 0.076112
vt 0.515178 0.076025
vt 0.515359 0.076206
vt 0.515272 0.076206
vt 0.611883 0.476779
vt 0.611883 0.476598
vt 0.612064 0.476692
vt 0.612064 0.476779
vt 0.374558 0.560033
vt 0.374558 0.560123
vt 0.374472 0.560127
vt 0.374377 0.560033
vt 0.374558 0.560214
vt 0.374468 0.560214
vt 0.374377 0.560214
vt 0.374425 0.560127
vt 0.515226 0.076112
vt 0.585814 0.005570
vt 0.585814 0.005480
vt 0.585900 0.005484
vt 0.585904 0.005570
vt 0.585814 0.005390
vt 0.585900 0.005390
vt 0.541428 0.463799
vt 0.541428 0.463889
vt 0.541247 0.463885
vt 0.541247 0.463799
vt 0.541428 0.463979
vt 0.541247 0.463979
vt 0.611883 0.628829
vt 0.612064 0.628829
vt 0.612064 0.628916
vt 0.611883 0.629010
vt 0.585995 0.005570
vt 0.585995 0.005484
vt 0.374558 0.630669
vt 0.374558 0.630759
vt 0.374472 0.630755
vt 0.374468 0.630669
vt 0.374558 0.630849
vt 0.374472 0.630849
vt 0.541428 0.393343
vt 0.541247 0.393343
vt 0.541342 0.393163
vt 0.541428 0.393163
vt 0.515359 0.005390
vt 0.515359 0.005480
vt 0.515178 0.005484
vt 0.515178 0.005390
vt 0.515359 0.005570
vt 0.515178 0.005570
vt 0.374377 0.630669
vt 0.374377 0.630755
vt 0.611883 0.309909
vt 0.611883 0.309818
vt 0.611970 0.309822
vt 0.611973 0.309908
vt 0.611883 0.309728
vt 0.611970 0.309728
vt 0.541428 0.547234
vt 0.541428 0.547324
vt 0.541247 0.547320
vt 0.541247 0.547234
vt 0.541428 0.547414
vt 0.541247 0.547414
vt 0.541428 0.558374
vt 0.541247 0.558374
vt 0.541247 0.558288
vt 0.541428 0.558194
vt 0.612064 0.309908
vt 0.612064 0.309822
vt 0.445013 0.560214
vt 0.445013 0.560123
vt 0.445100 0.560127
vt 0.445103 0.560213
vt 0.445013 0.560033
vt 0.445100 0.560033
vt 0.541428 0.476779
vt 0.541247 0.476779
vt 0.541342 0.476598
vt 0.541428 0.476598
vt 0.541428 0.309728
vt 0.541428 0.309818
vt 0.541247 0.309822
vt 0.541247 0.309728
vt 0.541428 0.309908
vt 0.541247 0.309908
vt 0.445194 0.560214
vt 0.445194 0.560127
vt 0.611883 0.463799
vt 0.611973 0.463799
vt 0.611970 0.463885
vt 0.611883 0.463889
vt 0.612064 0.463799
vt 0.612064 0.463885
vt 0.611883 0.380364
vt 0.611973 0.380364
vt 0.611970 0.380544
vt 0.611883 0.380544
vt 0.612064 0.380364
vt 0.612064 0.380544
vt 0.541428 0.628829
vt 0.541428 0.629010
vt 0.541342 0.629010
vt 0.541247 0.628829
vt 0.611883 0.463979
vt 0.611970 0.463979
vt 0.445013 0.630669
vt 0.445103 0.630669
vt 0.445100 0.630755
vt 0.445013 0.630759
vt 0.445194 0.630669
vt 0.445194 0.630755
vt 0.541428 0.380364
vt 0.541428 0.380544
vt 0.541247 0.380450
vt 0.541247 0.380364
vt 0.612064 0.393343
vt 0.611974 0.393343
vt 0.611970 0.393163
vt 0.612064 0.393163
vt 0.611883 0.393343
vt 0.611883 0.393163
vt 0.445013 0.630849
vt 0.445100 0.630849
vt 0.748963 0.672256
vt 0.748963 0.672075
vt 0.749049 0.672075
vt 0.749144 0.672256
vt 0.131509 0.734648
vt 0.131509 0.734557
vt 0.131596 0.734553
vt 0.131596 0.734648
vt 0.131509 0.734467
vt 0.131690 0.734467
vt 0.716233 0.131725
vt 0.716232 0.131634
vt 0.716319 0.131630
vt 0.716319 0.131677
vt 0.716233 0.131544
vt 0.716323 0.131544
vt 0.716413 0.131544
vt 0.716413 0.131725
vt 0.131643 0.734553
vt 0.658833 0.131544
vt 0.658833 0.131634
vt 0.658747 0.131630
vt 0.658743 0.131544
vt 0.658833 0.131725
vt 0.658747 0.131725
vt 0.131509 0.677067
vt 0.131509 0.676977
vt 0.131690 0.676981
vt 0.131690 0.677067
vt 0.131509 0.676887
vt 0.131690 0.676887
vt 0.695229 0.527845
vt 0.695049 0.527845
vt 0.695049 0.527758
vt 0.695229 0.527664
vt 0.658652 0.131544
vt 0.658652 0.131630
vt 0.716233 0.074145
vt 0.716233 0.074054
vt 0.716319 0.074058
vt 0.716323 0.074145
vt 0.716233 0.073964
vt 0.716319 0.073964
vt 0.005570 0.734467
vt 0.005570 0.734557
vt 0.005390 0.734553
vt 0.005390 0.734467
vt 0.005570 0.734648
vt 0.005390 0.734648
vt 0.748963 0.729655
vt 0.749144 0.729655
vt 0.749144 0.729742
vt 0.748963 0.729836
vt 0.716413 0.074145
vt 0.716413 0.074058
vt 0.695229 0.585244
vt 0.695229 0.585425
vt 0.695143 0.585425
vt 0.695049 0.585244
vt 0.005570 0.676887
vt 0.005570 0.676977
vt 0.005484 0.676981
vt 0.005484 0.676887
vt 0.005570 0.677067
vt 0.005390 0.677067
vt 0.658833 0.073964
vt 0.658833 0.074054
vt 0.658747 0.074058
vt 0.658747 0.074011
vt 0.658833 0.074145
vt 0.658743 0.074145
vt 0.658652 0.074145
vt 0.658652 0.073964
vt 0.005437 0.676981
vt 0.680423 0.729655
vt 0.680513 0.729655
vt 0.680510 0.729742
vt 0.680423 0.729746
vt 0.680604 0.729655
vt 0.680604 0.729742
vt 0.074110 0.734467
vt 0.074110 0.734557
vt 0.073929 0.734553
vt 0.073929 0.734467
vt 0.074110 0.734648
vt 0.073929 0.734648
vt 0.691564 0.672256
vt 0.691383 0.672256
vt 0.691383 0.672169
vt 0.691564 0.672075
vt 0.680423 0.729836
vt 0.680510 0.729836
vt 0.752629 0.527845
vt 0.752629 0.527664
vt 0.752715 0.527664
vt 0.752809 0.527845
vt 0.074110 0.676887
vt 0.074110 0.676977
vt 0.074024 0.676981
vt 0.074024 0.676887
vt 0.074110 0.677067
vt 0.073929 0.677067
vt 0.680604 0.672256
vt 0.680513 0.672256
vt 0.680510 0.672169
vt 0.680556 0.672169
vt 0.680423 0.672256
vt 0.680423 0.672166
vt 0.680423 0.672075
vt 0.680604 0.672075
vt 0.073977 0.676981
vt 0.062970 0.734467
vt 0.063060 0.734467
vt 0.063056 0.734553
vt 0.062970 0.734557
vt 0.063150 0.734467
vt 0.063150 0.734553
vt 0.623024 0.729655
vt 0.623024 0.729745
vt 0.622843 0.729742
vt 0.622843 0.729655
vt 0.623024 0.729836
vt 0.622843 0.729836
vt 0.691564 0.729655
vt 0.691564 0.729836
vt 0.691477 0.729836
vt 0.691383 0.729655
vt 0.062970 0.734648
vt 0.063056 0.734648
vt 0.752629 0.585244
vt 0.752809 0.585244
vt 0.752809 0.585331
vt 0.752629 0.585425
vt 0.623024 0.672075
vt 0.623024 0.672166
vt 0.622937 0.672169
vt 0.622937 0.672075
vt 0.623024 0.672256
vt 0.622843 0.672256
vt 0.063150 0.677067
vt 0.063060 0.677067
vt 0.063056 0.676981
vt 0.063103 0.676981
vt 0.062970 0.677067
vt 0.062970 0.676977
vt 0.062970 0.676887
vt 0.063150 0.676887
vt 0.622891 0.672169
vt 0.973313 0.242219
vt 0.973313 0.242038
vt 0.973400 0.242038
vt 0.973494 0.242219
vt 0.975765 0.548105
vt 0.975765 0.548015
vt 0.975851 0.548011
vt 0.975851 0.548105
vt 0.975765 0.547925
vt 0.975945 0.547925
vt 0.602152 0.298684
vt 0.602152 0.298593
vt 0.602238 0.298590
vt 0.602238 0.298636
vt 0.602152 0.298503
vt 0.602242 0.298503
vt 0.602332 0.298503
vt 0.602332 0.298684
vt 0.975898 0.548011
vt 0.568965 0.298503
vt 0.568965 0.298593
vt 0.568878 0.298590
vt 0.568874 0.298503
vt 0.568965 0.298684
vt 0.568878 0.298684
vt 0.975765 0.514738
vt 0.975765 0.514648
vt 0.975945 0.514651
vt 0.975945 0.514738
vt 0.975765 0.514557
vt 0.975945 0.514557
vt 0.942048 0.377592
vt 0.941867 0.377592
vt 0.941867 0.377506
vt 0.942048 0.377411
vt 0.568784 0.298503
vt 0.568784 0.298590
vt 0.602152 0.265316
vt 0.602152 0.265226
vt 0.602238 0.265230
vt 0.602242 0.265316
vt 0.602152 0.265136
vt 0.602238 0.265136
vt 0.942267 0.038757
vt 0.942267 0.038847
vt 0.942086 0.038844
vt 0.942086 0.038757
vt 0.942267 0.038938
vt 0.942086 0.038938
vt 0.973313 0.275406
vt 0.973494 0.275406
vt 0.973494 0.275492
vt 0.973313 0.275586
vt 0.602332 0.265316
vt 0.602332 0.265230
vt 0.942047 0.410779
vt 0.942048 0.410960
vt 0.941961 0.410960
vt 0.941867 0.410779
vt 0.942267 0.005390
vt 0.942267 0.005480
vt 0.942181 0.005484
vt 0.942180 0.005390
vt 0.942267 0.005570
vt 0.942086 0.005570
vt 0.568965 0.265136
vt 0.568965 0.265226
vt 0.568878 0.265230
vt 0.568878 0.265183
vt 0.568964 0.265316
vt 0.568874 0.265316
vt 0.568784 0.265316
vt 0.568784 0.265136
vt 0.942134 0.005484
vt 0.940648 0.937542
vt 0.940648 0.937452
vt 0.940734 0.937456
vt 0.940738 0.937542
vt 0.940648 0.937362
vt 0.940734 0.937362
vt 0.942578 0.547925
vt 0.942578 0.548015
vt 0.942397 0.548011
vt 0.942397 0.547925
vt 0.942578 0.548105
vt 0.942397 0.548105
vt 0.940126 0.242219
vt 0.939946 0.242219
vt 0.939946 0.242132
vt 0.940126 0.242038
vt 0.940828 0.937542
vt 0.940828 0.937456
vt 0.975235 0.377592
vt 0.975235 0.377411
vt 0.975321 0.377411
vt 0.975415 0.377592
vt 0.942578 0.514557
vt 0.942578 0.514648
vt 0.942491 0.514651
vt 0.942491 0.514557
vt 0.942578 0.514738
vt 0.942397 0.514738
vt 0.907461 0.937362
vt 0.907461 0.937452
vt 0.907374 0.937456
vt 0.907374 0.937409
vt 0.907461 0.937542
vt 0.907370 0.937542
vt 0.907280 0.937542
vt 0.907280 0.937362
vt 0.942445 0.514651
vt 0.975454 0.038757
vt 0.975544 0.038757
vt 0.975540 0.038844
vt 0.975454 0.038847
vt 0.975635 0.038757
vt 0.975635 0.038844
vt 0.940648 0.970729
vt 0.940738 0.970729
vt 0.940734 0.970910
vt 0.940648 0.970910
vt 0.940828 0.970729
vt 0.940828 0.970910
vt 0.940126 0.275406
vt 0.940126 0.275586
vt 0.940040 0.275586
vt 0.939946 0.275406
vt 0.975454 0.038938
vt 0.975540 0.038938
vt 0.975235 0.410779
vt 0.975415 0.410779
vt 0.975415 0.410865
vt 0.975235 0.410960
vt 0.907280 0.970729
vt 0.907370 0.970729
vt 0.907374 0.970816
vt 0.907280 0.970816
vt 0.907461 0.970729
vt 0.907461 0.970910
vt 0.975635 0.005570
vt 0.975544 0.005570
vt 0.975540 0.005484
vt 0.975587 0.005484
vt 0.975454 0.005570
vt 0.975454 0.005480
vt 0.975454 0.005390
vt 0.975635 0.005390
vt 0.907374 0.970862
vt 0.491430 0.842753
vt 0.491430 0.842572
vt 0.491516 0.842572
vt 0.491610 0.842753
vt 0.419353 0.883111
vt 0.419353 0.883021
vt 0.419440 0.883017
vt 0.419440 0.883111
vt 0.419353 0.882930
vt 0.419534 0.882930
vt 0.557824 0.298684
vt 0.557824 0.298593
vt 0.557911 0.298590
vt 0.557911 0.298636
vt 0.557824 0.298503
vt 0.557914 0.298503
vt 0.558005 0.298503
vt 0.558005 0.298684
vt 0.419487 0.883017
vt 0.513029 0.298503
vt 0.513029 0.298593
vt 0.512942 0.298590
vt 0.512938 0.298503
vt 0.513029 0.298684
vt 0.512942 0.298684
vt 0.419353 0.838135
vt 0.419353 0.838045
vt 0.419534 0.838049
vt 0.419534 0.838135
vt 0.419353 0.837954
vt 0.419534 0.837954
vt 0.541428 0.844416
vt 0.541247 0.844416
vt 0.541247 0.844329
vt 0.541428 0.844235
vt 0.512848 0.298503
vt 0.512848 0.298590
vt 0.557824 0.253708
vt 0.557824 0.253618
vt 0.557911 0.253622
vt 0.557914 0.253708
vt 0.557824 0.253527
vt 0.557911 0.253527
vt 0.288253 0.882299
vt 0.288253 0.882389
vt 0.288072 0.882385
vt 0.288072 0.882299
vt 0.288253 0.882480
vt 0.288072 0.882480
vt 0.491430 0.887548
vt 0.491610 0.887548
vt 0.491610 0.887635
vt 0.491430 0.887729
vt 0.558005 0.253708
vt 0.558005 0.253622
vt 0.541428 0.889211
vt 0.541428 0.889392
vt 0.541342 0.889392
vt 0.541247 0.889211
vt 0.288253 0.837323
vt 0.288253 0.837413
vt 0.288166 0.837417
vt 0.288166 0.837323
vt 0.288253 0.837504
vt 0.288072 0.837504
vt 0.513029 0.253527
vt 0.513029 0.253618
vt 0.512942 0.253622
vt 0.512942 0.253575
vt 0.513029 0.253708
vt 0.512938 0.253708
vt 0.512848 0.253708
vt 0.512848 0.253527
vt 0.288119 0.837417
vt 0.873893 0.596384
vt 0.873893 0.596294
vt 0.873979 0.596298
vt 0.873983 0.596384
vt 0.873893 0.596204
vt 0.873979 0.596204
vt 0.374558 0.882930
vt 0.374558 0.883021
vt 0.374377 0.883017
vt 0.374377 0.882930
vt 0.374558 0.883111
vt 0.374377 0.883111
vt 0.446634 0.842753
vt 0.446454 0.842753
vt 0.446454 0.842667
vt 0.446634 0.842572
vt 0.874074 0.596384
vt 0.874074 0.596298
vt 0.586223 0.844416
vt 0.586223 0.844235
vt 0.586310 0.844235
vt 0.586404 0.844416
vt 0.374558 0.837954
vt 0.374558 0.838045
vt 0.374472 0.838049
vt 0.374472 0.837954
vt 0.374558 0.838135
vt 0.374377 0.838135
vt 0.829097 0.596204
vt 0.829098 0.596294
vt 0.829011 0.596298
vt 0.829011 0.596251
vt 0.829098 0.596384
vt 0.829007 0.596384
vt 0.828917 0.596384
vt 0.828917 0.596204
vt 0.374425 0.838049
vt 0.333048 0.882299
vt 0.333138 0.882299
vt 0.333134 0.882385
vt 0.333048 0.882389
vt 0.333228 0.882299
vt 0.333228 0.882385
vt 0.873893 0.641180
vt 0.873983 0.641180
vt 0.873979 0.641361
vt 0.873893 0.641361
vt 0.874074 0.641180
vt 0.874074 0.641361
vt 0.446634 0.887548
vt 0.446634 0.887729
vt 0.446548 0.887729
vt 0.446454 0.887548
vt 0.333048 0.882480
vt 0.333134 0.882480
vt 0.586224 0.889211
vt 0.586404 0.889211
vt 0.586404 0.889297
vt 0.586223 0.889392
vt 0.828917 0.641180
vt 0.829007 0.641180
vt 0.829011 0.641266
vt 0.828917 0.641266
vt 0.829098 0.641180
vt 0.829098 0.641360
vt 0.333228 0.837504
vt 0.333138 0.837504
vt 0.333134 0.837417
vt 0.333181 0.837417
vt 0.333048 0.837504
vt 0.333048 0.837413
vt 0.333048 0.837323
vt 0.333228 0.837323
vt 0.829011 0.641313
vt 0.968882 0.459239
vt 0.968882 0.459058
vt 0.968969 0.459058
vt 0.969063 0.459239
vt 0.262532 0.966980
vt 0.262532 0.966890
vt 0.262619 0.966886
vt 0.262619 0.966980
vt 0.262532 0.966800
vt 0.262713 0.966800
vt 0.960777 0.789827
vt 0.960777 0.789737
vt 0.960863 0.789733
vt 0.960863 0.789780
vt 0.960777 0.789647
vt 0.960867 0.789647
vt 0.960957 0.789647
vt 0.960957 0.789827
vt 0.262665 0.966886
vt 0.925933 0.789647
vt 0.925933 0.789737
vt 0.925847 0.789733
vt 0.925843 0.789647
vt 0.925933 0.789827
vt 0.925847 0.789827
vt 0.262532 0.931956
vt 0.262532 0.931866
vt 0.262713 0.931869
vt 0.262713 0.931956
vt 0.262532 0.931775
vt 0.262713 0.931775
vt 0.936896 0.596385
vt 0.936715 0.596385
vt 0.936715 0.596298
vt 0.936896 0.596204
vt 0.925752 0.789647
vt 0.925752 0.789733
vt 0.960777 0.754803
vt 0.960777 0.754713
vt 0.960863 0.754717
vt 0.960867 0.754803
vt 0.960777 0.754622
vt 0.960863 0.754622
vt 0.855283 0.966207
vt 0.855283 0.966297
vt 0.855102 0.966294
vt 0.855102 0.966207
vt 0.855283 0.966388
vt 0.855102 0.966388
vt 0.968882 0.494082
vt 0.969063 0.494082
vt 0.969063 0.494169
vt 0.968882 0.494263
vt 0.960957 0.754803
vt 0.960957 0.754717
vt 0.936896 0.631228
vt 0.936896 0.631409
vt 0.936810 0.631409
vt 0.936715 0.631228
vt 0.855283 0.931183
vt 0.855283 0.931273
vt 0.855197 0.931277
vt 0.855197 0.931183
vt 0.855283 0.931363
vt 0.855102 0.931363
vt 0.925933 0.754622
vt 0.925933 0.754713
vt 0.925847 0.754717
vt 0.925847 0.754670
vt 0.925933 0.754803
vt 0.925843 0.754803
vt 0.925752 0.754803
vt 0.925752 0.754622
vt 0.855150 0.931277
vt 0.960908 0.325414
vt 0.960908 0.325324
vt 0.960994 0.325328
vt 0.960998 0.325414
vt 0.960907 0.325234
vt 0.960994 0.325234
vt 0.227688 0.966800
vt 0.227688 0.966890
vt 0.227508 0.966886
vt 0.227508 0.966800
vt 0.227688 0.966980
vt 0.227508 0.966980
vt 0.934038 0.459239
vt 0.933858 0.459239
vt 0.933858 0.459152
vt 0.934038 0.459058
vt 0.961088 0.325414
vt 0.961088 0.325328
vt 0.971740 0.596385
vt 0.971740 0.596204
vt 0.971826 0.596204
vt 0.971921 0.596385
vt 0.227688 0.931775
vt 0.227688 0.931866
vt 0.227602 0.931870
vt 0.227602 0.931775
vt 0.227688 0.931956
vt 0.227508 0.931956
vt 0.926064 0.325234
vt 0.926064 0.325324
vt 0.925977 0.325328
vt 0.925977 0.325281
vt 0.926064 0.325414
vt 0.925973 0.325414
vt 0.925883 0.325414
vt 0.925883 0.325234
vt 0.227555 0.931869
vt 0.890127 0.966207
vt 0.890217 0.966207
vt 0.890213 0.966294
vt 0.890127 0.966297
vt 0.890308 0.966207
vt 0.890308 0.966294
vt 0.960908 0.360258
vt 0.960998 0.360258
vt 0.960994 0.360439
vt 0.960908 0.360439
vt 0.961088 0.360258
vt 0.961088 0.360439
vt 0.934038 0.494082
vt 0.934038 0.494263
vt 0.933952 0.494263
vt 0.933858 0.494082
vt 0.890127 0.966388
vt 0.890213 0.966388
vt 0.971740 0.631228
vt 0.971921 0.631228
vt 0.971921 0.631315
vt 0.971740 0.631409
vt 0.925883 0.360258
vt 0.925973 0.360258
vt 0.925977 0.360345
vt 0.925883 0.360345
vt 0.926064 0.360258
vt 0.926064 0.360439
vt 0.890308 0.931363
vt 0.890217 0.931363
vt 0.890213 0.931277
vt 0.890260 0.931277
vt 0.890127 0.931363
vt 0.890127 0.931273
vt 0.890127 0.931183
vt 0.890308 0.931183
vt 0.925977 0.360391
vt 0.684529 0.382554
vt 0.684529 0.382464
vt 0.684615 0.382467
vt 0.684619 0.382554
vt 0.684529 0.382373
vt 0.684615 0.382373
vt 0.684529 0.371413
vt 0.684709 0.371413
vt 0.684615 0.371594
vt 0.684529 0.371594
vt 0.493429 0.150691
vt 0.493429 0.150600
vt 0.493609 0.150597
vt 0.493609 0.150691
vt 0.493429 0.150510
vt 0.493609 0.150510
vt 0.684709 0.382554
vt 0.684709 0.382468
vt 0.431924 0.150510
vt 0.431924 0.150600
vt 0.431837 0.150597
vt 0.431834 0.150510
vt 0.431924 0.150691
vt 0.431837 0.150691
vt 0.684529 0.309909
vt 0.684529 0.309818
vt 0.684709 0.309822
vt 0.684709 0.309908
vt 0.684529 0.309728
vt 0.684709 0.309728
vt 0.623024 0.455199
vt 0.622843 0.455199
vt 0.622843 0.455113
vt 0.623024 0.455019
vt 0.431743 0.150510
vt 0.431743 0.150597
vt 0.493429 0.089005
vt 0.493429 0.088915
vt 0.493515 0.088919
vt 0.493609 0.089005
vt 0.493429 0.088825
vt 0.493515 0.088825
vt 0.172440 0.643915
vt 0.172440 0.644096
vt 0.172260 0.644001
vt 0.172260 0.643915
vt 0.684529 0.444239
vt 0.684529 0.444149
vt 0.684615 0.444145
vt 0.684709 0.444239
vt 0.684529 0.444059
vt 0.684619 0.444059
vt 0.684709 0.444059
vt 0.684662 0.444145
vt 0.493562 0.088919
vt 0.623024 0.516704
vt 0.623024 0.516885
vt 0.622938 0.516885
vt 0.622843 0.516704
vt 0.172440 0.582229
vt 0.172440 0.582320
vt 0.172354 0.582324
vt 0.172354 0.582229
vt 0.172440 0.582410
vt 0.172260 0.582410
vt 0.431924 0.088825
vt 0.431924 0.088915
vt 0.431837 0.088919
vt 0.431837 0.088872
vt 0.431924 0.089005
vt 0.431833 0.089005
vt 0.431743 0.089005
vt 0.431743 0.088825
vt 0.172307 0.582324
vt 0.566074 0.089005
vt 0.566074 0.088915
vt 0.566160 0.088919
vt 0.566255 0.089005
vt 0.566074 0.088825
vt 0.566160 0.088825
vt 0.623024 0.371413
vt 0.623024 0.371594
vt 0.622843 0.371500
vt 0.622843 0.371413
vt 0.623024 0.382373
vt 0.623024 0.382464
vt 0.622937 0.382467
vt 0.622843 0.382373
vt 0.623024 0.382554
vt 0.622934 0.382554
vt 0.622843 0.382554
vt 0.622891 0.382468
vt 0.566207 0.088919
vt 0.684529 0.455199
vt 0.684529 0.455019
vt 0.684615 0.455019
vt 0.684709 0.455199
vt 0.623024 0.309728
vt 0.623024 0.309818
vt 0.622937 0.309822
vt 0.622937 0.309728
vt 0.623024 0.309909
vt 0.622843 0.309908
vt 0.504569 0.088825
vt 0.504569 0.088915
vt 0.504483 0.088919
vt 0.504483 0.088872
vt 0.504569 0.089005
vt 0.504479 0.089005
vt 0.504389 0.089005
vt 0.504389 0.088825
vt 0.622891 0.309822
vt 0.233945 0.643915
vt 0.234035 0.643915
vt 0.234032 0.644001
vt 0.233945 0.644096
vt 0.234126 0.643915
vt 0.234126 0.644001
vt 0.566074 0.150510
vt 0.566255 0.150510
vt 0.566161 0.150691
vt 0.566074 0.150691
vt 0.622843 0.444059
vt 0.622934 0.444059
vt 0.622937 0.444145
vt 0.622843 0.444239
vt 0.623024 0.444059
vt 0.623024 0.444149
vt 0.623024 0.444239
vt 0.622937 0.444192
vt 0.234032 0.644048
vt 0.684529 0.516704
vt 0.684709 0.516704
vt 0.684709 0.516791
vt 0.684529 0.516885
vt 0.504388 0.150510
vt 0.504479 0.150510
vt 0.504483 0.150597
vt 0.504388 0.150597
vt 0.504569 0.150510
vt 0.504569 0.150691
vt 0.234126 0.582410
vt 0.234035 0.582410
vt 0.234032 0.582324
vt 0.234078 0.582324
vt 0.233945 0.582410
vt 0.233945 0.582320
vt 0.233945 0.582229
vt 0.234126 0.582229
vt 0.504483 0.150643
vt 0.229874 0.655055
vt 0.229874 0.654875
vt 0.229961 0.654875
vt 0.230055 0.655055
vt 0.711947 0.293591
vt 0.711947 0.293501
vt 0.712034 0.293497
vt 0.712034 0.293591
vt 0.711947 0.293410
vt 0.712128 0.293410
vt 0.504068 0.699424
vt 0.504068 0.699333
vt 0.504155 0.699330
vt 0.504155 0.699376
vt 0.504068 0.699243
vt 0.504158 0.699243
vt 0.504249 0.699243
vt 0.504249 0.699424
vt 0.712080 0.293497
vt 0.446634 0.699243
vt 0.446634 0.699333
vt 0.446548 0.699329
vt 0.446544 0.699243
vt 0.446634 0.699424
vt 0.446548 0.699424
vt 0.711947 0.235977
vt 0.711947 0.235886
vt 0.712128 0.235890
vt 0.712128 0.235977
vt 0.711947 0.235796
vt 0.712128 0.235796
vt 0.658833 0.005570
vt 0.658653 0.005570
vt 0.658653 0.005484
vt 0.658833 0.005390
vt 0.446454 0.699243
vt 0.446454 0.699329
vt 0.504068 0.641809
vt 0.504068 0.641719
vt 0.504155 0.641723
vt 0.504158 0.641809
vt 0.504068 0.641629
vt 0.504155 0.641629
vt 0.654514 0.224836
vt 0.654514 0.224926
vt 0.654333 0.224923
vt 0.654333 0.224836
vt 0.654514 0.225017
vt 0.654333 0.225017
vt 0.229874 0.712489
vt 0.230055 0.712489
vt 0.230055 0.712576
vt 0.229874 0.712670
vt 0.504249 0.641809
vt 0.504249 0.641723
vt 0.658833 0.063004
vt 0.658833 0.063185
vt 0.658747 0.063185
vt 0.658653 0.063004
vt 0.654514 0.167222
vt 0.654514 0.167312
vt 0.654427 0.167316
vt 0.654427 0.167222
vt 0.654514 0.167402
vt 0.654333 0.167402
vt 0.446634 0.641629
vt 0.446634 0.641719
vt 0.446548 0.641723
vt 0.446548 0.641676
vt 0.446634 0.641809
vt 0.446544 0.641809
vt 0.446454 0.641809
vt 0.446454 0.641629
vt 0.654381 0.167316
vt 0.345686 0.644680
vt 0.345686 0.644590
vt 0.345773 0.644594
vt 0.345777 0.644680
vt 0.345686 0.644499
vt 0.345773 0.644499
vt 0.654513 0.293410
vt 0.654514 0.293501
vt 0.654333 0.293497
vt 0.654333 0.293410
vt 0.654514 0.293591
vt 0.654333 0.293591
vt 0.172440 0.655055
vt 0.172260 0.655055
vt 0.172260 0.654969
vt 0.172440 0.654875
vt 0.345867 0.644680
vt 0.345867 0.644593
vt 0.716267 0.005570
vt 0.716267 0.005390
vt 0.716353 0.005390
vt 0.716448 0.005570
vt 0.654514 0.235796
vt 0.654514 0.235886
vt 0.654427 0.235890
vt 0.654427 0.235796
vt 0.654514 0.235977
vt 0.654333 0.235977
vt 0.288253 0.644499
vt 0.288253 0.644590
vt 0.288166 0.644593
vt 0.288166 0.644547
vt 0.288253 0.644680
vt 0.288162 0.644680
vt 0.288072 0.644680
vt 0.288072 0.644499
vt 0.654381 0.235890
vt 0.711947 0.224836
vt 0.712038 0.224836
vt 0.712034 0.224923
vt 0.711947 0.224926
vt 0.712128 0.224836
vt 0.712128 0.224923
vt 0.345686 0.702114
vt 0.345777 0.702114
vt 0.345773 0.702294
vt 0.345686 0.702294
vt 0.345867 0.702114
vt 0.345867 0.702294
vt 0.172440 0.712489
vt 0.172440 0.712670
vt 0.172354 0.712670
vt 0.172260 0.712489
vt 0.711947 0.225017
vt 0.712034 0.225017
vt 0.716267 0.063004
vt 0.716448 0.063004
vt 0.716448 0.063090
vt 0.716267 0.063185
vt 0.288072 0.702114
vt 0.288162 0.702114
vt 0.288166 0.702200
vt 0.288072 0.702200
vt 0.288253 0.702114
vt 0.288253 0.702294
vt 0.712128 0.167402
vt 0.712038 0.167402
vt 0.712034 0.167316
vt 0.712081 0.167316
vt 0.711947 0.167402
vt 0.711947 0.167312
vt 0.711947 0.167222
vt 0.712128 0.167222
vt 0.288166 0.702247
vt 0.838447 0.160572
vt 0.838266 0.160572
vt 0.838266 0.160486
vt 0.838447 0.160391
vt 0.877304 0.242219
vt 0.877213 0.242219
vt 0.877209 0.242132
vt 0.877304 0.242132
vt 0.877123 0.242219
vt 0.877123 0.242038
vt 0.361256 0.973524
vt 0.361256 0.973434
vt 0.361343 0.973430
vt 0.361343 0.973477
vt 0.361256 0.973344
vt 0.361347 0.973344
vt 0.361437 0.973344
vt 0.361437 0.973524
vt 0.877209 0.242086
vt 0.331471 0.973344
vt 0.331471 0.973434
vt 0.331384 0.973430
vt 0.331381 0.973344
vt 0.331471 0.973524
vt 0.331384 0.973524
vt 0.847337 0.242219
vt 0.847247 0.242219
vt 0.847251 0.242038
vt 0.847337 0.242038
vt 0.847157 0.242219
vt 0.847157 0.242038
vt 0.129328 0.650046
vt 0.129328 0.650226
vt 0.129241 0.650226
vt 0.129147 0.650046
vt 0.331290 0.973344
vt 0.331290 0.973430
vt 0.361256 0.943558
vt 0.361256 0.943468
vt 0.361343 0.943472
vt 0.361347 0.943558
vt 0.361256 0.943377
vt 0.361343 0.943377
vt 0.857824 0.448098
vt 0.857915 0.448098
vt 0.857911 0.448279
vt 0.857824 0.448279
vt 0.858005 0.448098
vt 0.858005 0.448279
vt 0.868233 0.160572
vt 0.868233 0.160391
vt 0.868319 0.160391
vt 0.868413 0.160572
vt 0.361437 0.943558
vt 0.361437 0.943472
vt 0.159113 0.650046
vt 0.159294 0.650046
vt 0.159294 0.650132
vt 0.159113 0.650226
vt 0.827858 0.448098
vt 0.827949 0.448098
vt 0.827952 0.448184
vt 0.827858 0.448184
vt 0.828039 0.448098
vt 0.828039 0.448279
vt 0.331471 0.943377
vt 0.331471 0.943468
vt 0.331384 0.943472
vt 0.331384 0.943425
vt 0.331471 0.943558
vt 0.331381 0.943558
vt 0.331290 0.943558
vt 0.331290 0.943377
vt 0.827952 0.448231
vt 0.973850 0.117363
vt 0.973850 0.117273
vt 0.973937 0.117276
vt 0.973941 0.117363
vt 0.973850 0.117182
vt 0.973937 0.117182
vt 0.877123 0.312725
vt 0.877213 0.312725
vt 0.877209 0.312906
vt 0.877123 0.312906
vt 0.877304 0.312725
vt 0.877304 0.312906
vt 0.838447 0.231078
vt 0.838447 0.231259
vt 0.838361 0.231259
vt 0.838266 0.231078
vt 0.974031 0.117363
vt 0.974031 0.117276
vt 0.129328 0.579539
vt 0.129147 0.579539
vt 0.129147 0.579453
vt 0.129328 0.579359
vt 0.847157 0.312725
vt 0.847247 0.312725
vt 0.847251 0.312811
vt 0.847157 0.312811
vt 0.847337 0.312725
vt 0.847337 0.312906
vt 0.944065 0.117182
vt 0.944065 0.117273
vt 0.943978 0.117276
vt 0.943978 0.117230
vt 0.944065 0.117363
vt 0.943975 0.117363
vt 0.943884 0.117363
vt 0.943884 0.117182
vt 0.847251 0.312858
vt 0.857824 0.377592
vt 0.857824 0.377502
vt 0.857911 0.377505
vt 0.857915 0.377592
vt 0.857824 0.377411
vt 0.857911 0.377411
vt 0.973850 0.147148
vt 0.973941 0.147148
vt 0.973937 0.147329
vt 0.973850 0.147329
vt 0.974031 0.147148
vt 0.974031 0.147329
vt 0.868233 0.231078
vt 0.868413 0.231078
vt 0.868413 0.231165
vt 0.868233 0.231259
vt 0.858005 0.377592
vt 0.858005 0.377505
vt 0.159113 0.579539
vt 0.159113 0.579359
vt 0.159200 0.579359
vt 0.159294 0.579539
vt 0.943884 0.147148
vt 0.943974 0.147148
vt 0.943978 0.147235
vt 0.943884 0.147235
vt 0.944065 0.147148
vt 0.944065 0.147329
vt 0.828039 0.377411
vt 0.828039 0.377502
vt 0.827952 0.377505
vt 0.827952 0.377459
vt 0.828039 0.377592
vt 0.827949 0.377592
vt 0.827858 0.377592
vt 0.827858 0.377411
vt 0.943978 0.147282
vt 0.272453 0.329234
vt 0.272453 0.329054
vt 0.272539 0.329054
vt 0.272633 0.329234
vt 0.362895 0.817653
vt 0.362895 0.817563
vt 0.362981 0.817559
vt 0.362981 0.817653
vt 0.362895 0.817473
vt 0.363075 0.817473
vt 0.827306 0.231259
vt 0.827307 0.231169
vt 0.827393 0.231165
vt 0.827393 0.231211
vt 0.827306 0.231078
vt 0.827397 0.231078
vt 0.827487 0.231078
vt 0.827487 0.231259
vt 0.363028 0.817559
vt 0.789272 0.231078
vt 0.789273 0.231168
vt 0.789186 0.231165
vt 0.789182 0.231078
vt 0.789273 0.231259
vt 0.789186 0.231259
vt 0.362895 0.779439
vt 0.362895 0.779349
vt 0.363075 0.779352
vt 0.363075 0.779439
vt 0.362895 0.779258
vt 0.363075 0.779258
vt 0.255875 0.404051
vt 0.255695 0.404051
vt 0.255695 0.403964
vt 0.255875 0.403870
vt 0.789092 0.231078
vt 0.789092 0.231165
vt 0.827306 0.167402
vt 0.827307 0.167312
vt 0.827393 0.167316
vt 0.827397 0.167402
vt 0.827306 0.167222
vt 0.827393 0.167222
vt 0.512819 0.748417
vt 0.512819 0.748508
vt 0.512638 0.748504
vt 0.512638 0.748417
vt 0.512819 0.748598
vt 0.512638 0.748598
vt 0.272453 0.392910
vt 0.272633 0.392910
vt 0.272633 0.392997
vt 0.272453 0.393091
vt 0.827487 0.167402
vt 0.827487 0.167316
vt 0.255875 0.467727
vt 0.255875 0.467907
vt 0.255789 0.467907
vt 0.255695 0.467727
vt 0.512819 0.710203
vt 0.512819 0.710293
vt 0.512733 0.710297
vt 0.512733 0.710203
vt 0.512819 0.710384
vt 0.512638 0.710384
vt 0.789273 0.167222
vt 0.789273 0.167312
vt 0.789186 0.167316
vt 0.789186 0.167269
vt 0.789273 0.167402
vt 0.789182 0.167402
vt 0.789092 0.167402
vt 0.789092 0.167222
vt 0.512686 0.710297
vt 0.276659 0.723630
vt 0.276659 0.723540
vt 0.276745 0.723543
vt 0.276749 0.723630
vt 0.276659 0.723449
vt 0.276745 0.723449
vt 0.346317 0.817473
vt 0.346317 0.817563
vt 0.346137 0.817559
vt 0.346137 0.817473
vt 0.346317 0.817653
vt 0.346137 0.817653
vt 0.255875 0.329234
vt 0.255695 0.329234
vt 0.255695 0.329148
vt 0.255875 0.329054
vt 0.276840 0.723630
vt 0.276840 0.723543
vt 0.272453 0.404051
vt 0.272453 0.403870
vt 0.272539 0.403870
vt 0.272633 0.404051
vt 0.346317 0.779258
vt 0.346317 0.779349
vt 0.346231 0.779352
vt 0.346231 0.779258
vt 0.346317 0.779439
vt 0.346137 0.779439
vt 0.238625 0.723449
vt 0.238625 0.723540
vt 0.238539 0.723543
vt 0.238539 0.723497
vt 0.238625 0.723630
vt 0.238535 0.723630
vt 0.238444 0.723630
vt 0.238444 0.723449
vt 0.346184 0.779353
vt 0.529396 0.748417
vt 0.529487 0.748417
vt 0.529483 0.748504
vt 0.529396 0.748508
vt 0.529577 0.748417
vt 0.529577 0.748504
vt 0.276659 0.787306
vt 0.276749 0.787306
vt 0.276745 0.787486
vt 0.276659 0.787486
vt 0.276840 0.787306
vt 0.276840 0.787486
vt 0.255875 0.392910
vt 0.255875 0.393091
vt 0.255789 0.393091
vt 0.255695 0.392910
vt 0.529396 0.748598
vt 0.529483 0.748598
vt 0.272453 0.467727
vt 0.272633 0.467727
vt 0.272633 0.467813
vt 0.272453 0.467907
vt 0.238444 0.787306
vt 0.238535 0.787306
vt 0.238539 0.787392
vt 0.238444 0.787392
vt 0.238625 0.787306
vt 0.238625 0.787486
vt 0.529577 0.710384
vt 0.529487 0.710384
vt 0.529483 0.710297
vt 0.529530 0.710297
vt 0.529396 0.710384
vt 0.529396 0.710293
vt 0.529396 0.710203
vt 0.529577 0.710203
vt 0.238539 0.787439
vt 0.980815 0.200072
vt 0.980815 0.199891
vt 0.980902 0.199891
vt 0.980996 0.200072
vt 0.980996 0.160572
vt 0.980906 0.160572
vt 0.980902 0.160486
vt 0.980996 0.160486
vt 0.980815 0.160572
vt 0.980815 0.160391
vt 0.526477 0.978404
vt 0.526477 0.978314
vt 0.526563 0.978310
vt 0.526563 0.978357
vt 0.526477 0.978224
vt 0.526567 0.978224
vt 0.526658 0.978224
vt 0.526658 0.978404
vt 0.980902 0.160439
vt 0.498117 0.978224
vt 0.498117 0.978314
vt 0.498031 0.978310
vt 0.498027 0.978224
vt 0.498117 0.978404
vt 0.498031 0.978404
vt 0.952456 0.160572
vt 0.952366 0.160572
vt 0.952369 0.160391
vt 0.952456 0.160391
vt 0.952275 0.160572
vt 0.952275 0.160391
vt 0.785434 0.964111
vt 0.785253 0.964111
vt 0.785253 0.964025
vt 0.785434 0.963930
vt 0.497937 0.978224
vt 0.497937 0.978310
vt 0.526477 0.949864
vt 0.526477 0.949774
vt 0.526563 0.949778
vt 0.526567 0.949864
vt 0.526477 0.949683
vt 0.526563 0.949683
vt 0.623024 0.994430
vt 0.623024 0.994520
vt 0.622843 0.994516
vt 0.622843 0.994430
vt 0.623024 0.994610
vt 0.622843 0.994610
vt 0.980815 0.228432
vt 0.980996 0.228432
vt 0.980996 0.228518
vt 0.980815 0.228612
vt 0.526658 0.949864
vt 0.526658 0.949778
vt 0.785434 0.992471
vt 0.785434 0.992651
vt 0.785347 0.992651
vt 0.785253 0.992471
vt 0.623024 0.965889
vt 0.623024 0.965980
vt 0.622937 0.965984
vt 0.622938 0.965889
vt 0.623024 0.966070
vt 0.622843 0.966070
vt 0.498117 0.949683
vt 0.498117 0.949774
vt 0.498031 0.949778
vt 0.498031 0.949731
vt 0.498117 0.949864
vt 0.498027 0.949864
vt 0.497937 0.949864
vt 0.497937 0.949683
vt 0.622891 0.965984
vt 0.980148 0.937542
vt 0.980148 0.937452
vt 0.980234 0.937456
vt 0.980238 0.937542
vt 0.980148 0.937362
vt 0.980234 0.937362
vt 0.980815 0.188932
vt 0.980906 0.188932
vt 0.980902 0.189112
vt 0.980815 0.189112
vt 0.980996 0.188932
vt 0.980996 0.189112
vt 0.952456 0.200072
vt 0.952275 0.200072
vt 0.952275 0.199986
vt 0.952456 0.199891
vt 0.980328 0.937542
vt 0.980328 0.937456
vt 0.813793 0.964111
vt 0.813793 0.963930
vt 0.813880 0.963930
vt 0.813974 0.964111
vt 0.952275 0.188932
vt 0.952366 0.188932
vt 0.952369 0.189018
vt 0.952275 0.189018
vt 0.952456 0.188932
vt 0.952456 0.189112
vt 0.951788 0.937362
vt 0.951788 0.937452
vt 0.951702 0.937456
vt 0.951702 0.937409
vt 0.951788 0.937542
vt 0.951698 0.937542
vt 0.951607 0.937542
vt 0.951607 0.937362
vt 0.952369 0.189065
vt 0.651384 0.994430
vt 0.651474 0.994430
vt 0.651470 0.994516
vt 0.651384 0.994520
vt 0.651564 0.994430
vt 0.651564 0.994516
vt 0.980148 0.965902
vt 0.980238 0.965902
vt 0.980234 0.966083
vt 0.980148 0.966083
vt 0.980328 0.965902
vt 0.980328 0.966083
vt 0.952456 0.228432
vt 0.952456 0.228612
vt 0.952369 0.228612
vt 0.952275 0.228432
vt 0.651384 0.994610
vt 0.651470 0.994610
vt 0.813793 0.992471
vt 0.813974 0.992471
vt 0.813974 0.992557
vt 0.813793 0.992651
vt 0.951607 0.965902
vt 0.951698 0.965902
vt 0.951702 0.965988
vt 0.951608 0.965988
vt 0.951788 0.965902
vt 0.951788 0.966083
vt 0.651564 0.966070
vt 0.651474 0.966070
vt 0.651470 0.965984
vt 0.651517 0.965984
vt 0.651384 0.966070
vt 0.651383 0.965980
vt 0.651384 0.965889
vt 0.651564 0.965889
vt 0.951702 0.966035
vt 0.868965 0.377592
vt 0.868784 0.377592
vt 0.868784 0.377505
vt 0.868965 0.377411
vt 0.811166 0.526900
vt 0.811075 0.526900
vt 0.811072 0.526813
vt 0.811166 0.526813
vt 0.810985 0.526900
vt 0.810985 0.526719
vt 0.244905 0.711273
vt 0.244995 0.711273
vt 0.244999 0.711359
vt 0.244953 0.711359
vt 0.245086 0.711273
vt 0.245086 0.711363
vt 0.245086 0.711453
vt 0.244905 0.711453
vt 0.811071 0.526767
vt 0.245086 0.664057
vt 0.244995 0.664057
vt 0.244999 0.663970
vt 0.245086 0.663967
vt 0.244905 0.664057
vt 0.244905 0.663970
vt 0.763769 0.526900
vt 0.763679 0.526900
vt 0.763683 0.526719
vt 0.763769 0.526719
vt 0.763589 0.526900
vt 0.763589 0.526719
vt 0.879373 0.218916
vt 0.879373 0.219097
vt 0.879287 0.219097
vt 0.879192 0.218916
vt 0.245086 0.663876
vt 0.244999 0.663876
vt 0.274013 0.711273
vt 0.274104 0.711273
vt 0.274100 0.711359
vt 0.274013 0.711363
vt 0.274194 0.711273
vt 0.274194 0.711359
vt 0.810568 0.366451
vt 0.810659 0.366451
vt 0.810655 0.366632
vt 0.810568 0.366632
vt 0.810749 0.366451
vt 0.810749 0.366632
vt 0.897893 0.377592
vt 0.897893 0.377411
vt 0.897979 0.377411
vt 0.898073 0.377592
vt 0.274013 0.711453
vt 0.274100 0.711453
vt 0.908301 0.218916
vt 0.908481 0.218916
vt 0.908481 0.219003
vt 0.908301 0.219097
vt 0.763172 0.366451
vt 0.763262 0.366451
vt 0.763266 0.366538
vt 0.763172 0.366538
vt 0.763353 0.366451
vt 0.763353 0.366632
vt 0.274194 0.664057
vt 0.274104 0.664057
vt 0.274100 0.663970
vt 0.274146 0.663970
vt 0.274013 0.664057
vt 0.274013 0.663967
vt 0.274013 0.663876
vt 0.274194 0.663876
vt 0.763266 0.366584
vt 0.936388 0.926402
vt 0.936479 0.926402
vt 0.936475 0.926488
vt 0.936388 0.926492
vt 0.936569 0.926402
vt 0.936569 0.926488
vt 0.810985 0.585244
vt 0.811075 0.585244
vt 0.811072 0.585425
vt 0.810985 0.585425
vt 0.811166 0.585244
vt 0.811166 0.585425
vt 0.868965 0.435936
vt 0.868965 0.436117
vt 0.868879 0.436117
vt 0.868784 0.435936
vt 0.936388 0.926582
vt 0.936475 0.926582
vt 0.879373 0.160572
vt 0.879192 0.160572
vt 0.879192 0.160486
vt 0.879373 0.160391
vt 0.763589 0.585244
vt 0.763679 0.585244
vt 0.763683 0.585330
vt 0.763589 0.585330
vt 0.763769 0.585244
vt 0.763769 0.585425
vt 0.936569 0.879186
vt 0.936479 0.879186
vt 0.936475 0.879100
vt 0.936521 0.879100
vt 0.936388 0.879186
vt 0.936388 0.879096
vt 0.936388 0.879005
vt 0.936569 0.879005
vt 0.763683 0.585377
vt 0.810568 0.308107
vt 0.810568 0.308017
vt 0.810655 0.308021
vt 0.810659 0.308107
vt 0.810568 0.307926
vt 0.810655 0.307926
vt 0.907461 0.926402
vt 0.907461 0.926492
vt 0.907280 0.926488
vt 0.907280 0.926402
vt 0.907461 0.926582
vt 0.907280 0.926582
vt 0.897893 0.435936
vt 0.898073 0.435936
vt 0.898073 0.436023
vt 0.897893 0.436117
vt 0.810749 0.308107
vt 0.810749 0.308021
vt 0.908301 0.160572
vt 0.908301 0.160391
vt 0.908387 0.160391
vt 0.908481 0.160572
vt 0.907461 0.879005
vt 0.907461 0.879096
vt 0.907374 0.879100
vt 0.907374 0.879005
vt 0.907461 0.879186
vt 0.907280 0.879186
vt 0.763353 0.307926
vt 0.763353 0.308017
vt 0.763266 0.308021
vt 0.763266 0.307974
vt 0.763353 0.308107
vt 0.763262 0.308107
vt 0.763172 0.308107
vt 0.763172 0.307926
vt 0.907328 0.879100
vt 0.129154 0.745607
vt 0.129154 0.745427
vt 0.129241 0.745427
vt 0.129335 0.745607
vt 0.060614 0.800832
vt 0.060614 0.800742
vt 0.060701 0.800738
vt 0.060701 0.800832
vt 0.060614 0.800652
vt 0.060795 0.800652
vt 0.596472 0.767271
vt 0.596472 0.767180
vt 0.596559 0.767177
vt 0.596559 0.767223
vt 0.596472 0.767090
vt 0.596563 0.767090
vt 0.596653 0.767090
vt 0.596653 0.767271
vt 0.060748 0.800738
vt 0.541428 0.767090
vt 0.541428 0.767181
vt 0.541342 0.767177
vt 0.541338 0.767090
vt 0.541428 0.767271
vt 0.541342 0.767271
vt 0.060614 0.745607
vt 0.060614 0.745517
vt 0.060795 0.745521
vt 0.060795 0.745607
vt 0.060614 0.745427
vt 0.060795 0.745427
vt 0.755393 0.740796
vt 0.755213 0.740796
vt 0.755213 0.740709
vt 0.755393 0.740615
vt 0.541247 0.767090
vt 0.541247 0.767177
vt 0.596472 0.712046
vt 0.596472 0.711956
vt 0.596559 0.711960
vt 0.596563 0.712046
vt 0.596472 0.711865
vt 0.596559 0.711865
vt 0.689209 0.795840
vt 0.689209 0.795930
vt 0.689028 0.795926
vt 0.689028 0.795840
vt 0.689209 0.796021
vt 0.689028 0.796021
vt 0.129154 0.800652
vt 0.129335 0.800652
vt 0.129335 0.800738
vt 0.129154 0.800832
vt 0.596653 0.712046
vt 0.596653 0.711960
vt 0.755393 0.795840
vt 0.755393 0.796021
vt 0.755307 0.796021
vt 0.755213 0.795840
vt 0.689209 0.740615
vt 0.689209 0.740706
vt 0.689122 0.740709
vt 0.689122 0.740615
vt 0.689209 0.740796
vt 0.689028 0.740796
vt 0.541428 0.711865
vt 0.541428 0.711956
vt 0.541342 0.711960
vt 0.541342 0.711913
vt 0.541428 0.712046
vt 0.541338 0.712046
vt 0.541247 0.712046
vt 0.541247 0.711865
vt 0.689076 0.740709
vt 0.343297 0.768298
vt 0.343387 0.768298
vt 0.343383 0.768385
vt 0.343297 0.768389
vt 0.343477 0.768298
vt 0.343477 0.768385
vt 0.005570 0.800652
vt 0.005570 0.800742
vt 0.005390 0.800738
vt 0.005390 0.800652
vt 0.005570 0.800832
vt 0.005390 0.800832
vt 0.074110 0.745607
vt 0.073929 0.745607
vt 0.073929 0.745521
vt 0.074110 0.745427
vt 0.343297 0.768479
vt 0.343383 0.768479
vt 0.810438 0.740796
vt 0.810438 0.740615
vt 0.810524 0.740615
vt 0.810618 0.740796
vt 0.005570 0.745427
vt 0.005570 0.745517
vt 0.005484 0.745521
vt 0.005484 0.745427
vt 0.005570 0.745607
vt 0.005390 0.745607
vt 0.343477 0.713254
vt 0.343387 0.713254
vt 0.343383 0.713168
vt 0.343430 0.713168
vt 0.343297 0.713254
vt 0.343297 0.713164
vt 0.343297 0.713073
vt 0.343477 0.713073
vt 0.005437 0.745521
vt 0.744253 0.795840
vt 0.744343 0.795840
vt 0.744339 0.795926
vt 0.744253 0.795930
vt 0.744433 0.795840
vt 0.744433 0.795926
vt 0.288253 0.768298
vt 0.288252 0.768389
vt 0.288072 0.768385
vt 0.288072 0.768298
vt 0.288253 0.768479
vt 0.288072 0.768479
vt 0.074110 0.800652
vt 0.074110 0.800832
vt 0.074024 0.800832
vt 0.073929 0.800652
vt 0.744253 0.796021
vt 0.744339 0.796021
vt 0.810438 0.795840
vt 0.810618 0.795840
vt 0.810618 0.795926
vt 0.810438 0.796021
vt 0.288253 0.713073
vt 0.288253 0.713164
vt 0.288166 0.713168
vt 0.288166 0.713073
vt 0.288253 0.713254
vt 0.288072 0.713254
vt 0.744433 0.740796
vt 0.744343 0.740796
vt 0.744339 0.740709
vt 0.744386 0.740709
vt 0.744253 0.740796
vt 0.744253 0.740706
vt 0.744253 0.740615
vt 0.744433 0.740615
vt 0.288119 0.713168
vt 0.786078 0.806980
vt 0.786078 0.806800
vt 0.786164 0.806800
vt 0.786259 0.806980
vt 0.728013 0.854085
vt 0.728013 0.853995
vt 0.728099 0.853991
vt 0.728099 0.854085
vt 0.728013 0.853905
vt 0.728194 0.853905
vt 0.476518 0.297942
vt 0.476518 0.297852
vt 0.476604 0.297848
vt 0.476604 0.297895
vt 0.476518 0.297762
vt 0.476608 0.297762
vt 0.476699 0.297762
vt 0.476699 0.297942
vt 0.728146 0.853991
vt 0.429594 0.297762
vt 0.429594 0.297852
vt 0.429507 0.297848
vt 0.429504 0.297762
vt 0.429594 0.297942
vt 0.429507 0.297942
vt 0.728013 0.806980
vt 0.728013 0.806890
vt 0.728194 0.806894
vt 0.728194 0.806980
vt 0.728013 0.806800
vt 0.728194 0.806800
vt 0.797218 0.806980
vt 0.797038 0.806980
vt 0.797038 0.806894
vt 0.797218 0.806800
vt 0.429413 0.297762
vt 0.429413 0.297848
vt 0.476518 0.250837
vt 0.476518 0.250747
vt 0.476604 0.250751
vt 0.476608 0.250837
vt 0.476518 0.250657
vt 0.476604 0.250657
vt 0.623024 0.853905
vt 0.623024 0.853995
vt 0.622843 0.853991
vt 0.622843 0.853905
vt 0.623024 0.854085
vt 0.622843 0.854085
vt 0.786078 0.853905
vt 0.786259 0.853905
vt 0.786259 0.853991
vt 0.786078 0.854085
vt 0.476699 0.250837
vt 0.476699 0.250751
vt 0.797218 0.853905
vt 0.797218 0.854085
vt 0.797132 0.854085
vt 0.797038 0.853905
vt 0.623024 0.806800
vt 0.623024 0.806890
vt 0.622937 0.806894
vt 0.622937 0.806800
vt 0.623024 0.806980
vt 0.622843 0.806980
vt 0.429594 0.250657
vt 0.429594 0.250747
vt 0.429507 0.250751
vt 0.429507 0.250704
vt 0.429594 0.250837
vt 0.429503 0.250837
vt 0.429413 0.250837
vt 0.429413 0.250657
vt 0.622891 0.806894
vt 0.624139 0.103586
vt 0.624139 0.103496
vt 0.624225 0.103499
vt 0.624229 0.103586
vt 0.624139 0.103405
vt 0.624225 0.103405
vt 0.681089 0.853905
vt 0.681089 0.853995
vt 0.680908 0.853991
vt 0.680908 0.853905
vt 0.681089 0.854085
vt 0.680908 0.854085
vt 0.739153 0.806980
vt 0.738973 0.806980
vt 0.738973 0.806894
vt 0.739154 0.806800
vt 0.624320 0.103586
vt 0.624320 0.103499
vt 0.844143 0.806980
vt 0.844143 0.806800
vt 0.844229 0.806800
vt 0.844323 0.806980
vt 0.681089 0.806800
vt 0.681089 0.806890
vt 0.681002 0.806894
vt 0.681002 0.806800
vt 0.681089 0.806980
vt 0.680908 0.806980
vt 0.577215 0.103405
vt 0.577215 0.103496
vt 0.577128 0.103499
vt 0.577128 0.103453
vt 0.577215 0.103586
vt 0.577124 0.103586
vt 0.577034 0.103586
vt 0.577034 0.103405
vt 0.680956 0.806894
vt 0.669948 0.853905
vt 0.670038 0.853905
vt 0.670034 0.853991
vt 0.669948 0.853995
vt 0.670129 0.853905
vt 0.670129 0.853991
vt 0.624139 0.150510
vt 0.624229 0.150510
vt 0.624225 0.150691
vt 0.624139 0.150691
vt 0.624320 0.150510
vt 0.624320 0.150691
vt 0.739153 0.853905
vt 0.739154 0.854085
vt 0.739067 0.854085
vt 0.738973 0.853905
vt 0.669948 0.854085
vt 0.670034 0.854085
vt 0.844143 0.853905
vt 0.844323 0.853905
vt 0.844323 0.853991
vt 0.844143 0.854085
vt 0.577034 0.150510
vt 0.577124 0.150510
vt 0.577128 0.150597
vt 0.577034 0.150597
vt 0.577215 0.150510
vt 0.577215 0.150691
vt 0.670129 0.806980
vt 0.670038 0.806980
vt 0.670035 0.806894
vt 0.670081 0.806894
vt 0.669948 0.806980
vt 0.669948 0.806890
vt 0.669948 0.806800
vt 0.670129 0.806800
vt 0.577128 0.150643
vt 0.976143 0.074145
vt 0.976143 0.073964
vt 0.976229 0.073964
vt 0.976323 0.074145
vt 0.320330 0.975816
vt 0.320330 0.975726
vt 0.320417 0.975722
vt 0.320417 0.975816
vt 0.320330 0.975636
vt 0.320511 0.975636
vt 0.943101 0.704333
vt 0.943191 0.704333
vt 0.943195 0.704420
vt 0.943148 0.704420
vt 0.943282 0.704333
vt 0.943282 0.704424
vt 0.943282 0.704514
vt 0.943101 0.704514
vt 0.320463 0.975722
vt 0.943282 0.672256
vt 0.943191 0.672256
vt 0.943195 0.672169
vt 0.943282 0.672166
vt 0.943101 0.672256
vt 0.943101 0.672169
vt 0.320330 0.943558
vt 0.320330 0.943468
vt 0.320511 0.943472
vt 0.320511 0.943558
vt 0.320330 0.943377
vt 0.320511 0.943377
vt 0.374558 0.944189
vt 0.374377 0.944189
vt 0.374377 0.944103
vt 0.374558 0.944009
vt 0.943282 0.672075
vt 0.943195 0.672075
vt 0.975359 0.704334
vt 0.975450 0.704333
vt 0.975446 0.704420
vt 0.975359 0.704424
vt 0.975540 0.704333
vt 0.975540 0.704420
vt 0.100651 0.975584
vt 0.100651 0.975674
vt 0.100471 0.975670
vt 0.100471 0.975584
vt 0.100651 0.975765
vt 0.100471 0.975765
vt 0.976143 0.106222
vt 0.976323 0.106222
vt 0.976323 0.106309
vt 0.976143 0.106403
vt 0.975359 0.704514
vt 0.975446 0.704514
vt 0.374558 0.976267
vt 0.374558 0.976448
vt 0.374472 0.976448
vt 0.374377 0.976267
vt 0.100651 0.943326
vt 0.100651 0.943416
vt 0.100565 0.943420
vt 0.100565 0.943326
vt 0.100651 0.943506
vt 0.100471 0.943506
vt 0.975540 0.672256
vt 0.975450 0.672256
vt 0.975446 0.672169
vt 0.975492 0.672169
vt 0.975359 0.672256
vt 0.975359 0.672166
vt 0.975359 0.672075
vt 0.975540 0.672075
vt 0.100518 0.943420
vt 0.089511 0.975584
vt 0.089601 0.975584
vt 0.089597 0.975670
vt 0.089511 0.975674
vt 0.089692 0.975584
vt 0.089692 0.975670
vt 0.288253 0.975636
vt 0.288253 0.975726
vt 0.288072 0.975722
vt 0.288072 0.975636
vt 0.288253 0.975816
vt 0.288072 0.975816
vt 0.944065 0.074145
vt 0.943884 0.074145
vt 0.943884 0.074058
vt 0.944065 0.073964
vt 0.089511 0.975765
vt 0.089597 0.975765
vt 0.406636 0.944189
vt 0.406636 0.944009
vt 0.406722 0.944009
vt 0.406817 0.944189
vt 0.288253 0.943377
vt 0.288253 0.943468
vt 0.288166 0.943472
vt 0.288166 0.943377
vt 0.288253 0.943558
vt 0.288072 0.943558
vt 0.089692 0.943506
vt 0.089601 0.943506
vt 0.089597 0.943420
vt 0.089644 0.943420
vt 0.089511 0.943506
vt 0.089511 0.943416
vt 0.089511 0.943326
vt 0.089692 0.943326
vt 0.288119 0.943472
vt 0.132729 0.975584
vt 0.132819 0.975584
vt 0.132815 0.975670
vt 0.132729 0.975674
vt 0.132910 0.975584
vt 0.132910 0.975670
vt 0.057433 0.975584
vt 0.057433 0.975674
vt 0.057252 0.975670
vt 0.057252 0.975584
vt 0.057433 0.975765
vt 0.057252 0.975765
vt 0.944065 0.106222
vt 0.944065 0.106403
vt 0.943978 0.106403
vt 0.943884 0.106222
vt 0.132729 0.975765
vt 0.132815 0.975765
vt 0.406636 0.976267
vt 0.406817 0.976267
vt 0.406817 0.976353
vt 0.406636 0.976448
vt 0.057433 0.943326
vt 0.057433 0.943416
vt 0.057347 0.943420
vt 0.057347 0.943326
vt 0.057433 0.943506
vt 0.057252 0.943506
vt 0.132910 0.943506
vt 0.132819 0.943506
vt 0.132816 0.943420
vt 0.132862 0.943420
vt 0.132729 0.943506
vt 0.132729 0.943416
vt 0.132729 0.943326
vt 0.132910 0.943326
vt 0.057300 0.943420
vt 0.816898 0.443777
vt 0.816898 0.443596
vt 0.816985 0.443596
vt 0.817079 0.443777
vt 0.816898 0.432817
vt 0.816898 0.432726
vt 0.816985 0.432723
vt 0.816985 0.432817
vt 0.816898 0.432636
vt 0.817079 0.432636
vt 0.429602 0.769110
vt 0.429602 0.769020
vt 0.429689 0.769016
vt 0.429689 0.769063
vt 0.429602 0.768930
vt 0.429693 0.768930
vt 0.429783 0.768930
vt 0.429783 0.769110
vt 0.817031 0.432723
vt 0.374558 0.768930
vt 0.374558 0.769020
vt 0.374472 0.769016
vt 0.374468 0.768930
vt 0.374558 0.769110
vt 0.374472 0.769110
vt 0.816898 0.377592
vt 0.816898 0.377502
vt 0.817079 0.377505
vt 0.817079 0.377592
vt 0.816898 0.377411
vt 0.817079 0.377411
vt 0.762913 0.596385
vt 0.762732 0.596385
vt 0.762732 0.596298
vt 0.762913 0.596204
vt 0.374377 0.768930
vt 0.374377 0.769016
vt 0.429602 0.713885
vt 0.429602 0.713795
vt 0.429689 0.713799
vt 0.429693 0.713885
vt 0.429602 0.713705
vt 0.429689 0.713705
vt 0.760104 0.727300
vt 0.760104 0.727390
vt 0.759923 0.727387
vt 0.759923 0.727300
vt 0.760104 0.727481
vt 0.759923 0.727481
vt 0.816898 0.498821
vt 0.817079 0.498821
vt 0.817079 0.498907
vt 0.816898 0.499002
vt 0.429783 0.713885
vt 0.429783 0.713799
vt 0.762913 0.651429
vt 0.762913 0.651610
vt 0.762826 0.651610
vt 0.762732 0.651429
vt 0.760104 0.672075
vt 0.760104 0.672166
vt 0.760017 0.672169
vt 0.760017 0.672075
vt 0.760104 0.672256
vt 0.759923 0.672256
vt 0.374558 0.713705
vt 0.374558 0.713795
vt 0.374472 0.713799
vt 0.374472 0.713752
vt 0.374558 0.713885
vt 0.374468 0.713885
vt 0.374377 0.713885
vt 0.374377 0.713705
vt 0.759971 0.672170
vt 0.778132 0.167402
vt 0.778132 0.167312
vt 0.778218 0.167316
vt 0.778222 0.167402
vt 0.778132 0.167222
vt 0.778219 0.167222
vt 0.761854 0.432636
vt 0.761854 0.432726
vt 0.761673 0.432723
vt 0.761673 0.432636
vt 0.761854 0.432817
vt 0.761673 0.432817
vt 0.761854 0.443777
vt 0.761673 0.443777
vt 0.761673 0.443690
vt 0.761854 0.443596
vt 0.778313 0.167402
vt 0.778313 0.167316
vt 0.817957 0.596385
vt 0.817957 0.596204
vt 0.818043 0.596204
vt 0.818138 0.596385
vt 0.761854 0.377411
vt 0.761854 0.377502
vt 0.761768 0.377505
vt 0.761768 0.377411
vt 0.761854 0.377592
vt 0.761673 0.377592
vt 0.723088 0.167222
vt 0.723088 0.167312
vt 0.723002 0.167316
vt 0.723002 0.167269
vt 0.723088 0.167402
vt 0.722998 0.167402
vt 0.722907 0.167402
vt 0.722907 0.167222
vt 0.761721 0.377505
vt 0.815148 0.727300
vt 0.815238 0.727300
vt 0.815234 0.727386
vt 0.815148 0.727390
vt 0.815329 0.727300
vt 0.815329 0.727387
vt 0.778132 0.222447
vt 0.778222 0.222447
vt 0.778219 0.222627
vt 0.778132 0.222627
vt 0.778313 0.222447
vt 0.778313 0.222627
vt 0.761854 0.498821
vt 0.761854 0.499002
vt 0.761768 0.499002
vt 0.761673 0.498821
vt 0.815148 0.727481
vt 0.815234 0.727481
vt 0.817957 0.651429
vt 0.818138 0.651429
vt 0.818138 0.651515
vt 0.817957 0.651609
vt 0.722907 0.222447
vt 0.722998 0.222447
vt 0.723002 0.222533
vt 0.722907 0.222533
vt 0.723088 0.222447
vt 0.723088 0.222627
vt 0.815329 0.672256
vt 0.815238 0.672256
vt 0.815234 0.672170
vt 0.815281 0.672170
vt 0.815148 0.672256
vt 0.815148 0.672166
vt 0.815148 0.672075
vt 0.815329 0.672075
vt 0.723001 0.222580
vt 0.751772 0.596385
vt 0.751772 0.596204
vt 0.751859 0.596204
vt 0.751953 0.596385
vt 0.941496 0.160572
vt 0.941405 0.160572
vt 0.941402 0.160486
vt 0.941496 0.160486
vt 0.941315 0.160572
vt 0.941315 0.160391
vt 0.273920 0.552828
vt 0.273920 0.552737
vt 0.274007 0.552734
vt 0.274007 0.552780
vt 0.273920 0.552647
vt 0.274011 0.552647
vt 0.274101 0.552647
vt 0.274101 0.552828
vt 0.941402 0.160439
vt 0.252046 0.552647
vt 0.252046 0.552737
vt 0.251960 0.552734
vt 0.251956 0.552647
vt 0.252046 0.552828
vt 0.251960 0.552828
vt 0.919441 0.160572
vt 0.919351 0.160572
vt 0.919355 0.160391
vt 0.919441 0.160391
vt 0.919261 0.160572
vt 0.919261 0.160391
vt 0.695669 0.309908
vt 0.695489 0.309908
vt 0.695489 0.309822
vt 0.695669 0.309728
vt 0.251866 0.552647
vt 0.251866 0.552734
vt 0.273920 0.496104
vt 0.273920 0.496014
vt 0.274007 0.496018
vt 0.274011 0.496104
vt 0.273920 0.495924
vt 0.274007 0.495924
vt 0.932141 0.728799
vt 0.932231 0.728799
vt 0.932228 0.728979
vt 0.932141 0.728979
vt 0.932322 0.728799
vt 0.932322 0.728979
vt 0.751772 0.652927
vt 0.751953 0.652927
vt 0.751953 0.653014
vt 0.751772 0.653108
vt 0.274101 0.496104
vt 0.274101 0.496018
vt 0.695669 0.366451
vt 0.695669 0.366632
vt 0.695583 0.366632
vt 0.695489 0.366451
vt 0.910087 0.728799
vt 0.910177 0.728799
vt 0.910181 0.728885
vt 0.910087 0.728885
vt 0.910267 0.728799
vt 0.910267 0.728979
vt 0.252046 0.495924
vt 0.252046 0.496014
vt 0.251960 0.496018
vt 0.251960 0.495971
vt 0.252046 0.496104
vt 0.251956 0.496104
vt 0.251866 0.496104
vt 0.251866 0.495924
vt 0.910181 0.728932
vt 0.930907 0.377592
vt 0.930907 0.377502
vt 0.930993 0.377505
vt 0.930997 0.377592
vt 0.930907 0.377411
vt 0.930993 0.377411
vt 0.941315 0.217115
vt 0.941405 0.217115
vt 0.941402 0.217296
vt 0.941315 0.217296
vt 0.941496 0.217115
vt 0.941496 0.217296
vt 0.695229 0.596385
vt 0.695049 0.596385
vt 0.695049 0.596298
vt 0.695229 0.596204
vt 0.931088 0.377592
vt 0.931088 0.377506
vt 0.752212 0.309908
vt 0.752212 0.309728
vt 0.752298 0.309728
vt 0.752393 0.309908
vt 0.919261 0.217115
vt 0.919351 0.217115
vt 0.919355 0.217201
vt 0.919261 0.217201
vt 0.919441 0.217115
vt 0.919441 0.217296
vt 0.909033 0.377411
vt 0.909033 0.377502
vt 0.908947 0.377505
vt 0.908947 0.377459
vt 0.909033 0.377592
vt 0.908943 0.377592
vt 0.908852 0.377592
vt 0.908852 0.377411
vt 0.919355 0.217248
vt 0.932141 0.672256
vt 0.932141 0.672166
vt 0.932228 0.672169
vt 0.932231 0.672256
vt 0.932141 0.672075
vt 0.932228 0.672075
vt 0.930907 0.434135
vt 0.930997 0.434135
vt 0.930993 0.434315
vt 0.930907 0.434315
vt 0.931088 0.434135
vt 0.931088 0.434315
vt 0.695229 0.652927
vt 0.695229 0.653108
vt 0.695143 0.653108
vt 0.695049 0.652927
vt 0.932322 0.672256
vt 0.932322 0.672169
vt 0.752212 0.366451
vt 0.752393 0.366451
vt 0.752393 0.366538
vt 0.752212 0.366632
vt 0.908852 0.434135
vt 0.908943 0.434135
vt 0.908947 0.434221
vt 0.908852 0.434221
vt 0.909033 0.434135
vt 0.909033 0.434315
vt 0.910267 0.672075
vt 0.910267 0.672166
vt 0.910181 0.672169
vt 0.910181 0.672123
vt 0.910267 0.672256
vt 0.910177 0.672256
vt 0.910087 0.672256
vt 0.910087 0.672075
vt 0.908947 0.434268
vt 0.932924 0.074145
vt 0.932924 0.073964
vt 0.933011 0.073964
vt 0.933105 0.074145
vt 0.928986 0.283122
vt 0.928986 0.283031
vt 0.929072 0.283028
vt 0.929072 0.283122
vt 0.928986 0.282941
vt 0.929167 0.282941
vt 0.227508 0.920815
vt 0.227598 0.920815
vt 0.227602 0.920902
vt 0.227555 0.920902
vt 0.227688 0.920815
vt 0.227688 0.920906
vt 0.227688 0.920996
vt 0.227508 0.920996
vt 0.929119 0.283028
vt 0.227688 0.880093
vt 0.227598 0.880093
vt 0.227602 0.880007
vt 0.227688 0.880003
vt 0.227508 0.880093
vt 0.227508 0.880006
vt 0.928986 0.242219
vt 0.928986 0.242129
vt 0.929167 0.242132
vt 0.929167 0.242219
vt 0.928986 0.242038
vt 0.929167 0.242038
vt 0.005570 0.893388
vt 0.005390 0.893388
vt 0.005390 0.893301
vt 0.005570 0.893207
vt 0.227688 0.879912
vt 0.227602 0.879912
vt 0.268411 0.920815
vt 0.268501 0.920815
vt 0.268497 0.920902
vt 0.268411 0.920906
vt 0.268591 0.920815
vt 0.268591 0.920902
vt 0.885033 0.637107
vt 0.885033 0.637197
vt 0.884853 0.637193
vt 0.884853 0.637107
vt 0.885033 0.637288
vt 0.884853 0.637288
vt 0.932924 0.114867
vt 0.933105 0.114867
vt 0.933105 0.114953
vt 0.932924 0.115048
vt 0.268411 0.920996
vt 0.268497 0.920996
vt 0.005570 0.934110
vt 0.005570 0.934291
vt 0.005484 0.934291
vt 0.005390 0.934110
vt 0.885033 0.596204
vt 0.885033 0.596294
vt 0.884947 0.596298
vt 0.884947 0.596204
vt 0.885033 0.596385
vt 0.884853 0.596385
vt 0.268591 0.880093
vt 0.268501 0.880093
vt 0.268497 0.880007
vt 0.268544 0.880006
vt 0.268411 0.880093
vt 0.268411 0.880003
vt 0.268411 0.879912
vt 0.268591 0.879912
vt 0.884900 0.596298
vt 0.922898 0.499961
vt 0.922988 0.499961
vt 0.922984 0.500047
vt 0.922898 0.500051
vt 0.923078 0.499961
vt 0.923078 0.500047
vt 0.888264 0.282941
vt 0.888264 0.283031
vt 0.888083 0.283028
vt 0.888083 0.282941
vt 0.888264 0.283122
vt 0.888083 0.283122
vt 0.892202 0.074145
vt 0.892021 0.074145
vt 0.892021 0.074058
vt 0.892202 0.073964
vt 0.922898 0.500142
vt 0.922984 0.500142
vt 0.046293 0.893388
vt 0.046293 0.893207
vt 0.046379 0.893207
vt 0.046473 0.893388
vt 0.888264 0.242038
vt 0.888264 0.242129
vt 0.888177 0.242132
vt 0.888177 0.242038
vt 0.888264 0.242219
vt 0.888083 0.242219
vt 0.923078 0.459239
vt 0.922988 0.459239
vt 0.922984 0.459152
vt 0.923031 0.459152
vt 0.922898 0.459239
vt 0.922898 0.459148
vt 0.922898 0.459058
vt 0.923078 0.459058
vt 0.888131 0.242132
vt 0.925756 0.637107
vt 0.925846 0.637107
vt 0.925842 0.637193
vt 0.925756 0.637197
vt 0.925936 0.637107
vt 0.925936 0.637193
vt 0.882175 0.499961
vt 0.882175 0.500051
vt 0.881995 0.500047
vt 0.881995 0.499961
vt 0.882175 0.500142
vt 0.881995 0.500142
vt 0.892202 0.114867
vt 0.892202 0.115048
vt 0.892116 0.115048
vt 0.892021 0.114867
vt 0.925756 0.637288
vt 0.925842 0.637288
vt 0.046293 0.934110
vt 0.046473 0.934110
vt 0.046473 0.934197
vt 0.046293 0.934291
vt 0.882175 0.459058
vt 0.882175 0.459148
vt 0.882089 0.459152
vt 0.882089 0.459058
vt 0.882175 0.459239
vt 0.881995 0.459239
vt 0.925936 0.596385
vt 0.925846 0.596385
vt 0.925842 0.596298
vt 0.925889 0.596298
vt 0.925756 0.596385
vt 0.925756 0.596294
vt 0.925756 0.596204
vt 0.925936 0.596204
vt 0.882042 0.459152
vt 0.937314 0.806980
vt 0.937314 0.806800
vt 0.937400 0.806800
vt 0.937495 0.806980
vt 0.413536 0.933230
vt 0.413536 0.933139
vt 0.413623 0.933135
vt 0.413622 0.933230
vt 0.413536 0.933049
vt 0.413717 0.933049
vt 0.096411 0.932546
vt 0.096411 0.932456
vt 0.096498 0.932452
vt 0.096498 0.932499
vt 0.096411 0.932366
vt 0.096501 0.932366
vt 0.096592 0.932366
vt 0.096592 0.932546
vt 0.413669 0.933135
vt 0.057433 0.932366
vt 0.057433 0.932456
vt 0.057347 0.932452
vt 0.057343 0.932366
vt 0.057433 0.932546
vt 0.057347 0.932546
vt 0.413536 0.894071
vt 0.413536 0.893981
vt 0.413717 0.893984
vt 0.413717 0.894071
vt 0.413536 0.893890
vt 0.413717 0.893890
vt 0.446634 0.898689
vt 0.446454 0.898689
vt 0.446454 0.898602
vt 0.446634 0.898508
vt 0.057252 0.932366
vt 0.057252 0.932452
vt 0.096411 0.893388
vt 0.096411 0.893297
vt 0.096498 0.893301
vt 0.096501 0.893388
vt 0.096411 0.893207
vt 0.096498 0.893207
vt 0.288252 0.932418
vt 0.288252 0.932508
vt 0.288072 0.932504
vt 0.288072 0.932418
vt 0.288253 0.932598
vt 0.288072 0.932598
vt 0.937314 0.845958
vt 0.937495 0.845958
vt 0.937495 0.846045
vt 0.937314 0.846139
vt 0.096592 0.893388
vt 0.096592 0.893301
vt 0.446634 0.937667
vt 0.446634 0.937848
vt 0.446548 0.937848
vt 0.446454 0.937667
vt 0.288253 0.893259
vt 0.288252 0.893349
vt 0.288166 0.893353
vt 0.288166 0.893259
vt 0.288253 0.893440
vt 0.288072 0.893440
vt 0.057433 0.893207
vt 0.057433 0.893298
vt 0.057347 0.893301
vt 0.057347 0.893255
vt 0.057433 0.893388
vt 0.057343 0.893388
vt 0.057252 0.893388
vt 0.057252 0.893207
vt 0.288119 0.893353
vt 0.146530 0.893388
vt 0.146530 0.893297
vt 0.146616 0.893301
vt 0.146620 0.893388
vt 0.146530 0.893207
vt 0.146616 0.893207
vt 0.374558 0.933049
vt 0.374558 0.933139
vt 0.374377 0.933135
vt 0.374377 0.933049
vt 0.374558 0.933230
vt 0.374377 0.933230
vt 0.898336 0.806980
vt 0.898155 0.806980
vt 0.898155 0.806894
vt 0.898336 0.806800
vt 0.146710 0.893388
vt 0.146710 0.893301
vt 0.485612 0.898689
vt 0.485612 0.898508
vt 0.485699 0.898508
vt 0.485793 0.898689
vt 0.374558 0.893890
vt 0.374558 0.893981
vt 0.374472 0.893984
vt 0.374472 0.893890
vt 0.374558 0.894071
vt 0.374377 0.894071
vt 0.107552 0.893207
vt 0.107552 0.893297
vt 0.107465 0.893301
vt 0.107465 0.893255
vt 0.107552 0.893388
vt 0.107461 0.893388
vt 0.107371 0.893388
vt 0.107371 0.893207
vt 0.374425 0.893984
vt 0.327230 0.932417
vt 0.327321 0.932418
vt 0.327317 0.932504
vt 0.327231 0.932508
vt 0.327411 0.932418
vt 0.327411 0.932504
vt 0.146530 0.932366
vt 0.146620 0.932366
vt 0.146616 0.932546
vt 0.146530 0.932546
vt 0.146710 0.932366
vt 0.146710 0.932546
vt 0.898336 0.845958
vt 0.898336 0.846139
vt 0.898250 0.846139
vt 0.898155 0.845958
vt 0.327231 0.932598
vt 0.327317 0.932598
vt 0.485612 0.937667
vt 0.485793 0.937667
vt 0.485793 0.937753
vt 0.485612 0.937848
vt 0.107371 0.932366
vt 0.107461 0.932366
vt 0.107465 0.932452
vt 0.107371 0.932452
vt 0.107552 0.932366
vt 0.107552 0.932546
vt 0.327411 0.893440
vt 0.327321 0.893439
vt 0.327317 0.893353
vt 0.327364 0.893353
vt 0.327231 0.893439
vt 0.327230 0.893349
vt 0.327231 0.893259
vt 0.327411 0.893259
vt 0.107465 0.932499
vt 0.931126 0.005570
vt 0.931126 0.005390
vt 0.931213 0.005390
vt 0.931307 0.005570
vt 0.527903 0.897978
vt 0.527903 0.897887
vt 0.527989 0.897884
vt 0.527989 0.897978
vt 0.527903 0.897797
vt 0.528084 0.897797
vt 0.750713 0.432817
vt 0.750713 0.432726
vt 0.750800 0.432723
vt 0.750800 0.432769
vt 0.750714 0.432636
vt 0.750804 0.432636
vt 0.750894 0.432636
vt 0.750894 0.432817
vt 0.528036 0.897884
vt 0.695669 0.432636
vt 0.695669 0.432726
vt 0.695583 0.432723
vt 0.695579 0.432636
vt 0.695669 0.432817
vt 0.695583 0.432817
vt 0.527903 0.842753
vt 0.527903 0.842663
vt 0.528084 0.842667
vt 0.528084 0.842753
vt 0.527903 0.842572
vt 0.528084 0.842572
vt 0.906104 0.514738
vt 0.905924 0.514738
vt 0.905924 0.514651
vt 0.906104 0.514557
vt 0.695489 0.432636
vt 0.695489 0.432722
vt 0.750714 0.377592
vt 0.750713 0.377502
vt 0.750800 0.377505
vt 0.750804 0.377592
vt 0.750714 0.377411
vt 0.750800 0.377411
vt 0.501202 0.831613
vt 0.501202 0.831703
vt 0.501022 0.831699
vt 0.501022 0.831613
vt 0.501202 0.831793
vt 0.501022 0.831793
vt 0.931126 0.060615
vt 0.931307 0.060615
vt 0.931307 0.060701
vt 0.931126 0.060795
vt 0.750894 0.377592
vt 0.750894 0.377505
vt 0.906104 0.569782
vt 0.906104 0.569963
vt 0.906018 0.569963
vt 0.905924 0.569782
vt 0.501202 0.776388
vt 0.501202 0.776478
vt 0.501116 0.776482
vt 0.501116 0.776388
vt 0.501202 0.776568
vt 0.501022 0.776568
vt 0.695669 0.377411
vt 0.695669 0.377502
vt 0.695583 0.377505
vt 0.695583 0.377459
vt 0.695669 0.377592
vt 0.695579 0.377592
vt 0.695489 0.377592
vt 0.695489 0.377411
vt 0.501069 0.776482
vt 0.778132 0.291021
vt 0.778222 0.291021
vt 0.778219 0.291107
vt 0.778132 0.291111
vt 0.778313 0.291021
vt 0.778313 0.291107
vt 0.502570 0.897797
vt 0.502570 0.897887
vt 0.502389 0.897884
vt 0.502389 0.897797
vt 0.502570 0.897978
vt 0.502389 0.897978
vt 0.905794 0.005570
vt 0.905613 0.005570
vt 0.905613 0.005484
vt 0.905794 0.005390
vt 0.778132 0.291202
vt 0.778219 0.291202
vt 0.931437 0.514738
vt 0.931437 0.514557
vt 0.931524 0.514557
vt 0.931618 0.514738
vt 0.502570 0.842572
vt 0.502570 0.842663
vt 0.502484 0.842667
vt 0.502484 0.842572
vt 0.502570 0.842753
vt 0.502389 0.842753
vt 0.778313 0.235977
vt 0.778222 0.235977
vt 0.778219 0.235890
vt 0.778265 0.235890
vt 0.778132 0.235977
vt 0.778132 0.235886
vt 0.778132 0.235796
vt 0.778313 0.235796
vt 0.502437 0.842667
vt 0.526535 0.831613
vt 0.526625 0.831613
vt 0.526622 0.831699
vt 0.526535 0.831703
vt 0.526716 0.831613
vt 0.526716 0.831699
vt 0.723088 0.291021
vt 0.723088 0.291111
vt 0.722907 0.291107
vt 0.722907 0.291021
vt 0.723088 0.291202
vt 0.722907 0.291202
vt 0.905794 0.060615
vt 0.905794 0.060795
vt 0.905707 0.060795
vt 0.905613 0.060615
vt 0.526535 0.831793
vt 0.526622 0.831793
vt 0.931437 0.569782
vt 0.931618 0.569782
vt 0.931618 0.569868
vt 0.931437 0.569963
vt 0.723088 0.235796
vt 0.723088 0.235886
vt 0.723001 0.235890
vt 0.723002 0.235796
vt 0.723088 0.235977
vt 0.722907 0.235977
vt 0.526716 0.776568
vt 0.526625 0.776568
vt 0.526622 0.776482
vt 0.526668 0.776482
vt 0.526535 0.776568
vt 0.526535 0.776478
vt 0.526535 0.776388
vt 0.526716 0.776388
vt 0.722955 0.235890
vt 0.490062 0.776568
vt 0.490062 0.776388
vt 0.490148 0.776388
vt 0.490243 0.776568
vt 0.606000 0.900351
vt 0.605909 0.900351
vt 0.605906 0.900265
vt 0.606000 0.900265
vt 0.605819 0.900351
vt 0.605819 0.900171
vt 0.160153 0.732292
vt 0.160153 0.732202
vt 0.160239 0.732198
vt 0.160239 0.732245
vt 0.160153 0.732112
vt 0.160243 0.732112
vt 0.160333 0.732112
vt 0.160333 0.732292
vt 0.605905 0.900218
vt 0.142650 0.732112
vt 0.142650 0.732202
vt 0.142564 0.732198
vt 0.142560 0.732112
vt 0.142650 0.732292
vt 0.142564 0.732292
vt 0.588316 0.900351
vt 0.588226 0.900351
vt 0.588230 0.900171
vt 0.588316 0.900171
vt 0.588136 0.900351
vt 0.588136 0.900171
vt 0.541428 0.778231
vt 0.541247 0.778231
vt 0.541247 0.778144
vt 0.541428 0.778050
vt 0.142469 0.732112
vt 0.142469 0.732198
vt 0.160153 0.677068
vt 0.160153 0.676977
vt 0.160239 0.676981
vt 0.160243 0.677068
vt 0.160153 0.676887
vt 0.160239 0.676887
vt 0.361691 0.880931
vt 0.361781 0.880931
vt 0.361777 0.881112
vt 0.361691 0.881112
vt 0.361872 0.880931
vt 0.361872 0.881112
vt 0.490062 0.831613
vt 0.490243 0.831613
vt 0.490243 0.831699
vt 0.490062 0.831793
vt 0.160333 0.677068
vt 0.160333 0.676981
vt 0.541428 0.833275
vt 0.541428 0.833456
vt 0.541342 0.833456
vt 0.541247 0.833275
vt 0.344008 0.880931
vt 0.344098 0.880931
vt 0.344102 0.881018
vt 0.344008 0.881018
vt 0.344188 0.880931
vt 0.344188 0.881112
vt 0.142650 0.676887
vt 0.142650 0.676977
vt 0.142564 0.676981
vt 0.142564 0.676934
vt 0.142650 0.677067
vt 0.142560 0.677068
vt 0.142469 0.677068
vt 0.142469 0.676887
vt 0.344102 0.881064
vt 0.160153 0.743252
vt 0.160153 0.743162
vt 0.160239 0.743166
vt 0.160243 0.743252
vt 0.160153 0.743071
vt 0.160239 0.743071
vt 0.605819 0.943779
vt 0.605909 0.943779
vt 0.605905 0.943960
vt 0.605819 0.943960
vt 0.606000 0.943779
vt 0.606000 0.943960
vt 0.446634 0.776568
vt 0.446454 0.776568
vt 0.446454 0.776482
vt 0.446634 0.776388
vt 0.160333 0.743252
vt 0.160333 0.743166
vt 0.584856 0.778231
vt 0.584856 0.778050
vt 0.584942 0.778050
vt 0.585036 0.778231
vt 0.588136 0.943779
vt 0.588226 0.943779
vt 0.588230 0.943865
vt 0.588136 0.943865
vt 0.588317 0.943779
vt 0.588316 0.943960
vt 0.142650 0.743071
vt 0.142650 0.743162
vt 0.142564 0.743166
vt 0.142564 0.743119
vt 0.142650 0.743252
vt 0.142560 0.743252
vt 0.142469 0.743252
vt 0.142469 0.743071
vt 0.588230 0.943912
vt 0.361691 0.837504
vt 0.361691 0.837413
vt 0.361777 0.837417
vt 0.361781 0.837504
vt 0.361691 0.837323
vt 0.361777 0.837323
vt 0.160153 0.798296
vt 0.160243 0.798296
vt 0.160239 0.798477
vt 0.160153 0.798477
vt 0.160333 0.798296
vt 0.160333 0.798477
vt 0.446634 0.831613
vt 0.446634 0.831793
vt 0.446548 0.831793
vt 0.446454 0.831613
vt 0.361872 0.837504
vt 0.361872 0.837417
vt 0.584856 0.833275
vt 0.585036 0.833275
vt 0.585036 0.833362
vt 0.584856 0.833456
vt 0.142469 0.798296
vt 0.142560 0.798297
vt 0.142564 0.798383
vt 0.142469 0.798383
vt 0.142650 0.798296
vt 0.142650 0.798477
vt 0.344188 0.837323
vt 0.344188 0.837413
vt 0.344102 0.837417
vt 0.344102 0.837371
vt 0.344188 0.837504
vt 0.344098 0.837504
vt 0.344008 0.837504
vt 0.344008 0.837323
vt 0.142564 0.798430
vt 0.914923 0.325414
vt 0.914923 0.325234
vt 0.915010 0.325234
vt 0.915104 0.325414
vt 0.914792 0.796021
vt 0.914792 0.795930
vt 0.914879 0.795926
vt 0.914879 0.796021
vt 0.914792 0.795840
vt 0.914973 0.795840
vt 0.821397 0.795840
vt 0.821488 0.795840
vt 0.821492 0.795926
vt 0.821445 0.795926
vt 0.821578 0.795840
vt 0.821578 0.795930
vt 0.821578 0.796021
vt 0.821397 0.796021
vt 0.914925 0.795926
vt 0.821578 0.754803
vt 0.821488 0.754803
vt 0.821492 0.754717
vt 0.821578 0.754713
vt 0.821397 0.754803
vt 0.821397 0.754717
vt 0.914792 0.754803
vt 0.914792 0.754713
vt 0.914973 0.754717
vt 0.914973 0.754803
vt 0.914792 0.754622
vt 0.914973 0.754622
vt 0.855283 0.879186
vt 0.855103 0.879186
vt 0.855103 0.879100
vt 0.855283 0.879005
vt 0.821578 0.754622
vt 0.821492 0.754622
vt 0.862615 0.795840
vt 0.862705 0.795840
vt 0.862701 0.795926
vt 0.862615 0.795930
vt 0.862796 0.795840
vt 0.862796 0.795926
vt 0.821709 0.366451
vt 0.821709 0.366542
vt 0.821528 0.366538
vt 0.821528 0.366451
vt 0.821709 0.366632
vt 0.821528 0.366632
vt 0.914923 0.366451
vt 0.915104 0.366451
vt 0.915104 0.366538
vt 0.914923 0.366632
vt 0.862615 0.796021
vt 0.862701 0.796021
vt 0.855283 0.920223
vt 0.855283 0.920404
vt 0.855197 0.920404
vt 0.855103 0.920223
vt 0.821709 0.325234
vt 0.821709 0.325324
vt 0.821622 0.325328
vt 0.821622 0.325234
vt 0.821709 0.325414
vt 0.821528 0.325414
vt 0.862796 0.754803
vt 0.862705 0.754803
vt 0.862701 0.754717
vt 0.862748 0.754717
vt 0.862615 0.754803
vt 0.862615 0.754713
vt 0.862615 0.754622
vt 0.862796 0.754622
vt 0.821576 0.325328
vt 0.826470 0.906082
vt 0.826561 0.906082
vt 0.826557 0.906169
vt 0.826470 0.906172
vt 0.826651 0.906082
vt 0.826651 0.906169
vt 0.873756 0.795840
vt 0.873756 0.795930
vt 0.873575 0.795926
vt 0.873575 0.795840
vt 0.873756 0.796021
vt 0.873575 0.796021
vt 0.873886 0.325414
vt 0.873706 0.325414
vt 0.873706 0.325328
vt 0.873886 0.325234
vt 0.826470 0.906263
vt 0.826557 0.906263
vt 0.896320 0.879186
vt 0.896320 0.879005
vt 0.896407 0.879005
vt 0.896501 0.879186
vt 0.873756 0.754622
vt 0.873756 0.754713
vt 0.873669 0.754717
vt 0.873669 0.754622
vt 0.873756 0.754803
vt 0.873575 0.754803
vt 0.826651 0.865045
vt 0.826561 0.865045
vt 0.826557 0.864959
vt 0.826604 0.864959
vt 0.826470 0.865045
vt 0.826470 0.864955
vt 0.826470 0.864865
vt 0.826651 0.864865
vt 0.873622 0.754717
vt 0.862746 0.366451
vt 0.862836 0.366451
vt 0.862832 0.366538
vt 0.862746 0.366542
vt 0.862926 0.366451
vt 0.862926 0.366538
vt 0.785433 0.906082
vt 0.785433 0.906172
vt 0.785253 0.906169
vt 0.785253 0.906082
vt 0.785434 0.906263
vt 0.785253 0.906263
vt 0.873886 0.366451
vt 0.873886 0.366632
vt 0.873800 0.366632
vt 0.873706 0.366451
vt 0.862746 0.366632
vt 0.862832 0.366632
vt 0.896320 0.920223
vt 0.896501 0.920223
vt 0.896501 0.920309
vt 0.896320 0.920404
vt 0.785433 0.864865
vt 0.785434 0.864955
vt 0.785347 0.864959
vt 0.785347 0.864865
vt 0.785433 0.865045
vt 0.785253 0.865045
vt 0.862926 0.325414
vt 0.862836 0.325414
vt 0.862832 0.325328
vt 0.862879 0.325328
vt 0.862746 0.325414
vt 0.862746 0.325324
vt 0.862746 0.325234
vt 0.862926 0.325234
vt 0.785300 0.864959
vt 0.290583 0.005570
vt 0.290402 0.005570
vt 0.290402 0.005484
vt 0.290583 0.005390
vt 0.279442 0.156442
vt 0.279442 0.156352
vt 0.279529 0.156348
vt 0.279529 0.156442
vt 0.279442 0.156262
vt 0.279623 0.156262
vt 0.005390 0.318094
vt 0.005480 0.318094
vt 0.005484 0.318180
vt 0.005437 0.318180
vt 0.005570 0.318094
vt 0.005570 0.318184
vt 0.005570 0.318275
vt 0.005390 0.318275
vt 0.279575 0.156348
vt 0.005570 0.167402
vt 0.005480 0.167402
vt 0.005484 0.167316
vt 0.005570 0.167312
vt 0.005390 0.167402
vt 0.005390 0.167316
vt 0.279442 0.005570
vt 0.279442 0.005480
vt 0.279623 0.005484
vt 0.279623 0.005570
vt 0.279442 0.005390
vt 0.279623 0.005390
vt 0.288253 0.298768
vt 0.288253 0.298949
vt 0.288166 0.298949
vt 0.288072 0.298768
vt 0.005570 0.167222
vt 0.005484 0.167222
vt 0.135771 0.318094
vt 0.135861 0.318094
vt 0.135857 0.318180
vt 0.135771 0.318184
vt 0.135952 0.318094
vt 0.135952 0.318180
vt 0.005570 0.156262
vt 0.005570 0.156352
vt 0.005390 0.156348
vt 0.005390 0.156262
vt 0.005570 0.156442
vt 0.005390 0.156442
vt 0.420783 0.005570
vt 0.420783 0.005390
vt 0.420870 0.005390
vt 0.420964 0.005570
vt 0.135771 0.318275
vt 0.135857 0.318275
vt 0.418453 0.298768
vt 0.418634 0.298768
vt 0.418634 0.298854
vt 0.418453 0.298949
vt 0.005570 0.005390
vt 0.005570 0.005480
vt 0.005484 0.005484
vt 0.005484 0.005390
vt 0.005570 0.005570
vt 0.005390 0.005570
vt 0.135952 0.167402
vt 0.135861 0.167402
vt 0.135857 0.167316
vt 0.135904 0.167316
vt 0.135771 0.167402
vt 0.135771 0.167312
vt 0.135771 0.167222
vt 0.135952 0.167222
vt 0.005437 0.005484
vt 0.288253 0.167402
vt 0.288072 0.167402
vt 0.288072 0.167316
vt 0.288253 0.167222
vt 0.148076 0.005390
vt 0.148076 0.005480
vt 0.147990 0.005484
vt 0.147990 0.005390
vt 0.148076 0.005570
vt 0.147896 0.005570
vt 0.277293 0.167402
vt 0.277202 0.167402
vt 0.277198 0.167316
vt 0.277245 0.167316
vt 0.277112 0.167402
vt 0.277112 0.167312
vt 0.277112 0.167222
vt 0.277293 0.167222
vt 0.147943 0.005484
vt 0.136936 0.156262
vt 0.137026 0.156262
vt 0.137022 0.156348
vt 0.136936 0.156352
vt 0.137117 0.156262
vt 0.137117 0.156348
vt 0.146911 0.318094
vt 0.146911 0.318184
vt 0.146731 0.318180
vt 0.146731 0.318094
vt 0.146911 0.318275
vt 0.146731 0.318275
vt 0.420783 0.136936
vt 0.420964 0.136936
vt 0.420964 0.137022
vt 0.420783 0.137117
vt 0.136936 0.156442
vt 0.137022 0.156442
vt 0.418453 0.167402
vt 0.418453 0.167222
vt 0.418540 0.167222
vt 0.418634 0.167402
vt 0.146911 0.167222
vt 0.146911 0.167312
vt 0.146825 0.167316
vt 0.146825 0.167222
vt 0.146911 0.167402
vt 0.146731 0.167402
vt 0.137117 0.005570
vt 0.137026 0.005570
vt 0.137022 0.005484
vt 0.137069 0.005484
vt 0.136936 0.005570
vt 0.136936 0.005480
vt 0.136936 0.005390
vt 0.137117 0.005390
vt 0.146778 0.167316
vt 0.148076 0.080735
vt 0.148076 0.080826
vt 0.147990 0.080822
vt 0.147896 0.080735
vt 0.148076 0.080916
vt 0.147990 0.080916
vt 0.513029 0.167402
vt 0.512848 0.167402
vt 0.512942 0.167222
vt 0.513029 0.167222
vt 0.277112 0.242748
vt 0.277112 0.242658
vt 0.277198 0.242654
vt 0.277293 0.242748
vt 0.277112 0.242567
vt 0.277202 0.242567
vt 0.277293 0.242567
vt 0.277245 0.242654
vt 0.147943 0.080822
vt 0.172440 0.571270
vt 0.172440 0.571450
vt 0.172354 0.571450
vt 0.172260 0.571270
vt 0.365928 0.136936
vt 0.366019 0.136936
vt 0.366023 0.137022
vt 0.365928 0.137022
vt 0.366109 0.136936
vt 0.366109 0.137117
vt 0.201586 0.318275
vt 0.201586 0.318184
vt 0.201672 0.318180
vt 0.201672 0.318227
vt 0.201586 0.318094
vt 0.201676 0.318094
vt 0.201766 0.318094
vt 0.201766 0.318275
vt 0.366023 0.137069
vt 0.513029 0.242567
vt 0.513029 0.242748
vt 0.512943 0.242748
vt 0.512848 0.242682
vt 0.172440 0.495924
vt 0.172440 0.496016
vt 0.172355 0.495954
vt 0.172355 0.495924
vt 0.172440 0.496104
vt 0.172260 0.495990
vt 0.201766 0.242814
vt 0.201674 0.242682
vt 0.201736 0.242718
vt 0.201766 0.242778
vt 0.201586 0.242567
vt 0.201700 0.242656
vt 0.201832 0.242748
vt 0.201766 0.242748
vt 0.172306 0.495893
vt 0.290583 0.068109
vt 0.290583 0.068199
vt 0.290496 0.068195
vt 0.290402 0.068109
vt 0.290583 0.068290
vt 0.290496 0.068290
vt 0.363418 0.385074
vt 0.363598 0.385074
vt 0.363504 0.385254
vt 0.363418 0.385254
vt 0.216723 0.156262
vt 0.216813 0.156262
vt 0.216817 0.156348
vt 0.216723 0.156442
vt 0.216903 0.156262
vt 0.216903 0.156352
vt 0.216903 0.156442
vt 0.216817 0.156395
vt 0.290450 0.068195
vt 0.581494 0.167402
vt 0.581609 0.167222
vt 0.581645 0.167317
vt 0.581675 0.167402
vt 0.216657 0.080916
vt 0.216789 0.080824
vt 0.216753 0.080886
vt 0.216693 0.080916
vt 0.216903 0.080735
vt 0.216815 0.080850
vt 0.216723 0.080982
vt 0.216723 0.080946
vt 0.363418 0.309908
vt 0.363418 0.309820
vt 0.363503 0.309758
vt 0.363598 0.309794
vt 0.363418 0.309728
vt 0.363503 0.309728
vt 0.240906 0.571270
vt 0.241087 0.571270
vt 0.241087 0.571355
vt 0.241021 0.571450
vt 0.288072 0.385074
vt 0.288164 0.385074
vt 0.288102 0.385159
vt 0.288072 0.385159
vt 0.288252 0.385074
vt 0.288138 0.385254
vt 0.365863 0.068290
vt 0.365994 0.068197
vt 0.365959 0.068259
vt 0.365898 0.068290
vt 0.366109 0.068109
vt 0.366021 0.068224
vt 0.365928 0.068356
vt 0.365928 0.068290
vt 0.288042 0.385208
vt 0.240906 0.496104
vt 0.240906 0.496014
vt 0.240992 0.496018
vt 0.241087 0.496104
vt 0.240906 0.495924
vt 0.240992 0.495924
vt 0.581494 0.242567
vt 0.581675 0.242567
vt 0.581581 0.242748
vt 0.581494 0.242748
vt 0.288253 0.309728
vt 0.288252 0.309818
vt 0.288166 0.309822
vt 0.288072 0.309728
vt 0.288253 0.309909
vt 0.288162 0.309908
vt 0.288072 0.309908
vt 0.288119 0.309822
vt 0.241039 0.496018
vt 0.526609 0.560213
vt 0.526609 0.560033
vt 0.526695 0.560033
vt 0.526790 0.560214
vt 0.116349 0.811792
vt 0.116258 0.811792
vt 0.116254 0.811706
vt 0.116349 0.811706
vt 0.116168 0.811792
vt 0.116168 0.811611
vt 0.881062 0.144780
vt 0.881062 0.144690
vt 0.881148 0.144686
vt 0.881148 0.144733
vt 0.881062 0.144600
vt 0.881152 0.144600
vt 0.881242 0.144600
vt 0.881242 0.144780
vt 0.116254 0.811659
vt 0.851623 0.144600
vt 0.851623 0.144690
vt 0.851536 0.144686
vt 0.851532 0.144600
vt 0.851623 0.144780
vt 0.851536 0.144780
vt 0.086729 0.811792
vt 0.086639 0.811792
vt 0.086643 0.811611
vt 0.086729 0.811611
vt 0.086548 0.811792
vt 0.086548 0.811611
vt 0.288253 0.563084
vt 0.288072 0.563084
vt 0.288072 0.562998
vt 0.288253 0.562903
vt 0.851442 0.144600
vt 0.851442 0.144686
vt 0.881062 0.074145
vt 0.881062 0.074054
vt 0.881148 0.074058
vt 0.881152 0.074145
vt 0.881062 0.073964
vt 0.881148 0.073964
vt 0.075589 0.882247
vt 0.075679 0.882247
vt 0.075675 0.882428
vt 0.075589 0.882428
vt 0.075769 0.882247
vt 0.075769 0.882428
vt 0.526609 0.630669
vt 0.526790 0.630669
vt 0.526790 0.630755
vt 0.526609 0.630849
vt 0.881242 0.074145
vt 0.881242 0.074058
vt 0.288253 0.633539
vt 0.288253 0.633720
vt 0.288166 0.633720
vt 0.288072 0.633539
vt 0.045969 0.882247
vt 0.046059 0.882247
vt 0.046063 0.882334
vt 0.045969 0.882334
vt 0.046150 0.882247
vt 0.046150 0.882428
vt 0.851623 0.073964
vt 0.851623 0.074054
vt 0.851536 0.074058
vt 0.851536 0.074011
vt 0.851623 0.074145
vt 0.851532 0.074145
vt 0.851442 0.074145
vt 0.851442 0.073964
vt 0.046063 0.882380
vt 0.035009 0.811792
vt 0.035009 0.811702
vt 0.035096 0.811706
vt 0.035099 0.811792
vt 0.035009 0.811611
vt 0.035096 0.811611
vt 0.116168 0.882247
vt 0.116258 0.882247
vt 0.116254 0.882428
vt 0.116168 0.882428
vt 0.116349 0.882247
vt 0.116349 0.882428
vt 0.456154 0.560214
vt 0.455973 0.560214
vt 0.455973 0.560127
vt 0.456154 0.560033
vt 0.035190 0.811792
vt 0.035190 0.811706
vt 0.358708 0.563084
vt 0.358708 0.562903
vt 0.358794 0.562903
vt 0.358888 0.563084
vt 0.086548 0.882247
vt 0.086639 0.882247
vt 0.086643 0.882334
vt 0.086548 0.882334
vt 0.086729 0.882247
vt 0.086729 0.882428
vt 0.005570 0.811611
vt 0.005570 0.811702
vt 0.005484 0.811706
vt 0.005484 0.811659
vt 0.005570 0.811792
vt 0.005480 0.811792
vt 0.005390 0.811792
vt 0.005390 0.811611
vt 0.086643 0.882380
vt 0.075589 0.811792
vt 0.075589 0.811702
vt 0.075675 0.811706
vt 0.075679 0.811792
vt 0.075589 0.811611
vt 0.075675 0.811611
vt 0.035009 0.882247
vt 0.035099 0.882247
vt 0.035096 0.882428
vt 0.035009 0.882428
vt 0.035190 0.882247
vt 0.035190 0.882428
vt 0.456154 0.630669
vt 0.456154 0.630849
vt 0.456067 0.630849
vt 0.455973 0.630669
vt 0.075769 0.811792
vt 0.075769 0.811706
vt 0.358708 0.633539
vt 0.358888 0.633539
vt 0.358888 0.633626
vt 0.358708 0.633720
vt 0.005390 0.882247
vt 0.005480 0.882247
vt 0.005484 0.882334
vt 0.005390 0.882334
vt 0.005570 0.882247
vt 0.005570 0.882428
vt 0.046150 0.811611
vt 0.046150 0.811702
vt 0.046063 0.811706
vt 0.046063 0.811659
vt 0.046150 0.811792
vt 0.046059 0.811792
vt 0.045969 0.811792
vt 0.045969 0.811611
vt 0.005484 0.882380
vt 0.840482 0.097607
vt 0.840572 0.097607
vt 0.840663 0.097607
vt 0.311715 0.826544
vt 0.311715 0.826363
vt 0.219365 0.813277
vt 0.219455 0.813277
vt 0.219545 0.813277
vt 0.288072 0.802901
vt 0.288253 0.802901
vt 0.793592 0.029032
vt 0.793502 0.029032
vt 0.793411 0.029032
vt 0.311715 0.779258
vt 0.311715 0.779439
vt 0.789273 0.265681
vt 0.789092 0.265681
vt 0.335357 0.802901
vt 0.335267 0.802901
vt 0.335177 0.802901
vt 0.817020 0.121069
vt 0.817020 0.121159
vt 0.817020 0.121250
vt 0.812735 0.289324
vt 0.812735 0.289143
vt 0.817054 0.052495
vt 0.817054 0.052585
vt 0.817054 0.052675
vt 0.812735 0.242038
vt 0.812735 0.242219
vt 0.374558 0.803532
vt 0.374468 0.803532
vt 0.374377 0.803532
vt 0.836378 0.265681
vt 0.836197 0.265681
vt 0.793558 0.097607
vt 0.793377 0.097607
vt 0.398020 0.827175
vt 0.398020 0.827085
vt 0.398020 0.826994
vt 0.840516 0.029032
vt 0.840697 0.029032
vt 0.398020 0.779889
vt 0.398020 0.779980
vt 0.398020 0.780070
vt 0.172440 0.813277
vt 0.172260 0.813277
vt 0.421663 0.803532
vt 0.421573 0.803532
vt 0.421482 0.803532
vt 0.817020 0.074145
vt 0.817020 0.073964
vt 0.195902 0.836919
vt 0.195902 0.836829
vt 0.195902 0.836739
vt 0.817054 0.005570
vt 0.817054 0.005390
vt 0.195902 0.789634
vt 0.195902 0.789724
vt 0.195902 0.789814
vt 0.501888 0.203550
vt 0.502069 0.203550
vt 0.078045 0.365382
vt 0.077955 0.365382
vt 0.077865 0.365382
vt 0.446853 0.512926
vt 0.447033 0.512926
vt 0.041718 0.401710
vt 0.041718 0.401619
vt 0.041718 0.401529
vt 0.431924 0.041718
vt 0.431743 0.041718
vt 0.005390 0.365382
vt 0.005480 0.365382
vt 0.005570 0.365382
vt 0.457993 0.429491
vt 0.457812 0.429491
vt 0.041718 0.329054
vt 0.041718 0.329144
vt 0.041718 0.329234
vt 0.465741 0.239697
vt 0.465741 0.239877
vt 0.494140 0.465819
vt 0.494140 0.465728
vt 0.494140 0.465638
vt 0.468071 0.077865
vt 0.468071 0.078045
vt 0.494140 0.393163
vt 0.494140 0.393253
vt 0.494140 0.393343
vt 0.125153 0.401529
vt 0.125153 0.401710
vt 0.530468 0.429491
vt 0.530378 0.429491
vt 0.530288 0.429491
vt 0.429594 0.203550
vt 0.429413 0.203550
vt 0.161480 0.365382
vt 0.161390 0.365382
vt 0.161300 0.365382
vt 0.504218 0.041718
vt 0.504399 0.041718
vt 0.088825 0.365382
vt 0.088915 0.365382
vt 0.089005 0.365382
vt 0.374558 0.512926
vt 0.374377 0.512926
vt 0.125153 0.329054
vt 0.125153 0.329144
vt 0.125153 0.329234
vt 0.465741 0.167402
vt 0.465741 0.167222
vt 0.410705 0.549254
vt 0.410705 0.549163
vt 0.410705 0.549073
vt 0.468071 0.005570
vt 0.468071 0.005390
vt 0.410705 0.476598
vt 0.410705 0.476688
vt 0.410705 0.476779
vt 0.530288 0.512926
vt 0.530468 0.512926
vt 0.244915 0.365382
vt 0.244825 0.365382
vt 0.244735 0.365382
vt 0.161300 0.532252
vt 0.161480 0.532252
vt 0.208588 0.401710
vt 0.208588 0.401619
vt 0.208588 0.401529
vt 0.288253 0.515796
vt 0.288072 0.515796
vt 0.172260 0.365382
vt 0.172350 0.365382
vt 0.172440 0.365382
vt 0.005570 0.532252
vt 0.005390 0.532252
vt 0.208588 0.329054
vt 0.208588 0.329144
vt 0.208588 0.329234
vt 0.494140 0.549073
vt 0.494140 0.549254
vt 0.041718 0.568580
vt 0.041718 0.568489
vt 0.041718 0.568399
vt 0.324400 0.551944
vt 0.324400 0.552124
vt 0.041717 0.495924
vt 0.041717 0.496014
vt 0.041717 0.496104
vt 0.410705 0.382203
vt 0.410705 0.382384
vt 0.078045 0.532252
vt 0.077955 0.532252
vt 0.077865 0.532252
vt 0.457993 0.512926
vt 0.457812 0.512926
vt 0.447033 0.346056
vt 0.446943 0.346056
vt 0.446853 0.346056
vt 0.360547 0.515796
vt 0.360728 0.515796
vt 0.374377 0.346056
vt 0.374468 0.346056
vt 0.374558 0.346056
vt 0.089005 0.532252
vt 0.088825 0.532252
vt 0.410705 0.309728
vt 0.410705 0.309818
vt 0.410705 0.309909
vt 0.494140 0.476779
vt 0.494140 0.476598
vt 0.125153 0.568580
vt 0.125153 0.568489
vt 0.125153 0.568399
vt 0.324400 0.479649
vt 0.324400 0.479468
vt 0.125153 0.495924
vt 0.125153 0.496014
vt 0.125153 0.496104
vt 0.530288 0.346056
vt 0.530468 0.346056
vt 0.410705 0.465819
vt 0.410705 0.465728
vt 0.410705 0.465638
vt 0.161300 0.448817
vt 0.161480 0.448817
vt 0.374377 0.429491
vt 0.374468 0.429491
vt 0.374558 0.429491
vt 0.208588 0.484964
vt 0.208588 0.485145
vt 0.410705 0.393163
vt 0.410705 0.393253
vt 0.410705 0.393344
vt 0.288253 0.432361
vt 0.288072 0.432361
vt 0.447033 0.429491
vt 0.446943 0.429491
vt 0.446853 0.429491
vt 0.494140 0.382203
vt 0.494140 0.382384
vt 0.324400 0.468689
vt 0.324400 0.468599
vt 0.324400 0.468509
vt 0.244735 0.448817
vt 0.244915 0.448817
vt 0.324400 0.396033
vt 0.324400 0.396124
vt 0.324400 0.396214
vt 0.005570 0.448817
vt 0.005390 0.448817
vt 0.360728 0.432361
vt 0.360637 0.432361
vt 0.360547 0.432361
vt 0.457993 0.346056
vt 0.457812 0.346056
vt 0.041718 0.485145
vt 0.041718 0.485054
vt 0.041718 0.484964
vt 0.208588 0.412669
vt 0.208588 0.412489
vt 0.041718 0.412489
vt 0.041718 0.412579
vt 0.041718 0.412669
vt 0.089005 0.448817
vt 0.088825 0.448817
vt 0.078045 0.448817
vt 0.077955 0.448817
vt 0.077865 0.448817
vt 0.494140 0.309908
vt 0.494140 0.309728
vt 0.125153 0.485145
vt 0.125153 0.485054
vt 0.125153 0.484964
vt 0.172440 0.448817
vt 0.172260 0.448817
vt 0.125153 0.412489
vt 0.125153 0.412579
vt 0.125153 0.412669
vt 0.821181 0.935097
vt 0.821362 0.935097
vt 0.208369 0.919890
vt 0.208278 0.919890
vt 0.208188 0.919890
vt 0.752548 0.937056
vt 0.752729 0.937056
vt 0.190314 0.937944
vt 0.190314 0.937854
vt 0.190314 0.937764
vt 0.623024 0.937056
vt 0.622843 0.937056
vt 0.172260 0.919890
vt 0.172350 0.919890
vt 0.172440 0.919890
vt 0.669912 0.937056
vt 0.669731 0.937056
vt 0.190314 0.901835
vt 0.190314 0.901926
vt 0.190314 0.902016
vt 0.803307 0.952970
vt 0.803307 0.953151
vt 0.687786 0.955110
vt 0.687786 0.955020
vt 0.687786 0.954930
vt 0.640898 0.954930
vt 0.640898 0.955110
vt 0.687786 0.919001
vt 0.687786 0.919092
vt 0.687786 0.919182
vt 0.559302 0.936099
vt 0.559302 0.936280
vt 0.705840 0.937056
vt 0.705750 0.937056
vt 0.705660 0.937056
vt 0.785434 0.935097
vt 0.785253 0.935097
vt 0.577357 0.918225
vt 0.577266 0.918225
vt 0.577176 0.918225
vt 0.658772 0.937056
vt 0.658952 0.937056
vt 0.541247 0.918225
vt 0.541338 0.918225
vt 0.541428 0.918225
vt 0.716800 0.937056
vt 0.716620 0.937056
vt 0.559302 0.900171
vt 0.559302 0.900261
vt 0.559302 0.900351
vt 0.803307 0.917223
vt 0.803307 0.917042
vt 0.734674 0.955110
vt 0.734674 0.955020
vt 0.734674 0.954930
vt 0.640898 0.919182
vt 0.640898 0.919001
vt 0.734674 0.919001
vt 0.734674 0.919092
vt 0.734674 0.919182
vt 0.894964 0.545270
vt 0.895145 0.545270
vt 0.684270 0.558377
vt 0.684179 0.558377
vt 0.684089 0.558377
vt 0.887195 0.837513
vt 0.887376 0.837513
vt 0.653556 0.589090
vt 0.653556 0.589000
vt 0.653556 0.588910
vt 0.867215 0.702788
vt 0.867034 0.702788
vt 0.622843 0.558377
vt 0.622934 0.558377
vt 0.623024 0.558377
vt 0.127308 0.842325
vt 0.127128 0.842325
vt 0.653556 0.527664
vt 0.653556 0.527754
vt 0.653556 0.527845
vt 0.879008 0.575803
vt 0.879008 0.575984
vt 0.143265 0.873038
vt 0.143265 0.872948
vt 0.143265 0.872857
vt 0.883171 0.733321
vt 0.883171 0.733501
vt 0.143265 0.811611
vt 0.143265 0.811702
vt 0.143265 0.811792
vt 0.653556 0.661115
vt 0.653556 0.661296
vt 0.159401 0.842325
vt 0.159311 0.842325
vt 0.159221 0.842325
vt 0.863052 0.545270
vt 0.862871 0.545270
vt 0.684270 0.630583
vt 0.684179 0.630583
vt 0.684089 0.630583
vt 0.899127 0.702788
vt 0.899307 0.702788
vt 0.622843 0.630583
vt 0.622934 0.630583
vt 0.623024 0.630583
vt 0.855283 0.837513
vt 0.855102 0.837513
vt 0.653556 0.599870
vt 0.653556 0.599960
vt 0.653556 0.600050
vt 0.879008 0.514738
vt 0.879008 0.514557
vt 0.871239 0.868226
vt 0.871239 0.868136
vt 0.871239 0.868046
vt 0.883171 0.672256
vt 0.883171 0.672075
vt 0.871239 0.806800
vt 0.871239 0.806890
vt 0.871239 0.806980
vt 0.476420 0.963700
vt 0.476601 0.963700
vt 0.020463 0.975217
vt 0.020463 0.975127
vt 0.020463 0.975036
vt 0.978240 0.821873
vt 0.978421 0.821873
vt 0.005390 0.960143
vt 0.005480 0.960143
vt 0.005570 0.960143
vt 0.172440 0.963797
vt 0.172260 0.963797
vt 0.020463 0.945070
vt 0.020463 0.945160
vt 0.020463 0.945251
vt 0.947529 0.894079
vt 0.947348 0.894079
vt 0.035537 0.960143
vt 0.035446 0.960143
vt 0.035356 0.960143
vt 0.461527 0.978593
vt 0.461527 0.978774
vt 0.962422 0.909152
vt 0.962422 0.909062
vt 0.962422 0.908972
vt 0.187333 0.978690
vt 0.187333 0.978870
vt 0.962422 0.879005
vt 0.962422 0.879096
vt 0.962422 0.879186
vt 0.541428 0.962132
vt 0.541247 0.962132
vt 0.977495 0.894079
vt 0.977405 0.894079
vt 0.977314 0.894079
vt 0.446634 0.963700
vt 0.446454 0.963700
vt 0.556321 0.977206
vt 0.556321 0.977116
vt 0.556321 0.977025
vt 0.202226 0.963797
vt 0.202407 0.963797
vt 0.556321 0.947059
vt 0.556321 0.947149
vt 0.556321 0.947240
vt 0.948454 0.821873
vt 0.948274 0.821873
vt 0.571394 0.962132
vt 0.571304 0.962132
vt 0.571214 0.962132
vt 0.461527 0.948807
vt 0.461527 0.948627
vt 0.963347 0.836947
vt 0.963347 0.836856
vt 0.963347 0.836766
vt 0.187333 0.948904
vt 0.187333 0.948723
vt 0.963347 0.806800
vt 0.963347 0.806890
vt 0.963347 0.806980
vt 0.782452 0.033092
vt 0.782632 0.033092
vt 0.750894 0.471299
vt 0.750804 0.471299
vt 0.750714 0.471299
vt 0.782417 0.101667
vt 0.782598 0.101667
vt 0.723191 0.499002
vt 0.723191 0.498911
vt 0.723191 0.498821
vt 0.623024 0.768318
vt 0.622843 0.768318
vt 0.695489 0.471299
vt 0.695579 0.471299
vt 0.695669 0.471299
vt 0.172440 0.751152
vt 0.172260 0.751152
vt 0.723191 0.443596
vt 0.723191 0.443686
vt 0.723191 0.443777
vt 0.754929 0.060615
vt 0.754929 0.060795
vt 0.199962 0.778855
vt 0.199962 0.778764
vt 0.199962 0.778674
vt 0.650546 0.795840
vt 0.650546 0.796021
vt 0.199962 0.723449
vt 0.199962 0.723539
vt 0.199962 0.723630
vt 0.474156 0.765428
vt 0.474156 0.765609
vt 0.227665 0.751152
vt 0.227575 0.751152
vt 0.227485 0.751152
vt 0.727407 0.033092
vt 0.727227 0.033092
vt 0.501859 0.737906
vt 0.501769 0.737906
vt 0.501679 0.737906
vt 0.678068 0.768318
vt 0.678249 0.768318
vt 0.446454 0.737906
vt 0.446544 0.737906
vt 0.446634 0.737906
vt 0.727373 0.101667
vt 0.727192 0.101667
vt 0.474156 0.710203
vt 0.474157 0.710293
vt 0.474156 0.710384
vt 0.754929 0.005570
vt 0.754929 0.005390
vt 0.754895 0.129369
vt 0.754895 0.129279
vt 0.754895 0.129189
vt 0.650546 0.740796
vt 0.650546 0.740615
vt 0.754895 0.073964
vt 0.754895 0.074054
vt 0.754895 0.074145
vt 0.720157 0.886543
vt 0.720337 0.886543
vt 0.849537 0.502415
vt 0.849537 0.502325
vt 0.849537 0.502235
vt 0.666020 0.886543
vt 0.666201 0.886543
vt 0.827858 0.480737
vt 0.827948 0.480737
vt 0.828039 0.480737
vt 0.731297 0.886543
vt 0.731116 0.886543
vt 0.849537 0.459058
vt 0.849537 0.459148
vt 0.849537 0.459239
vt 0.851657 0.027068
vt 0.851476 0.027068
vt 0.871215 0.480737
vt 0.871125 0.480737
vt 0.871035 0.480737
vt 0.698658 0.908041
vt 0.698658 0.908222
vt 0.873155 0.048747
vt 0.873155 0.048657
vt 0.873155 0.048566
vt 0.752795 0.908041
vt 0.752795 0.908222
vt 0.873155 0.005390
vt 0.873155 0.005480
vt 0.873155 0.005570
vt 0.172440 0.869377
vt 0.172260 0.869377
vt 0.894834 0.027068
vt 0.894743 0.027068
vt 0.894653 0.027068
vt 0.677160 0.886543
vt 0.676980 0.886543
vt 0.193938 0.891056
vt 0.193938 0.890966
vt 0.193938 0.890875
vt 0.774293 0.886543
vt 0.774474 0.886543
vt 0.193938 0.847699
vt 0.193938 0.847789
vt 0.193938 0.847879
vt 0.623024 0.886543
vt 0.622843 0.886543
vt 0.215617 0.869377
vt 0.215527 0.869377
vt 0.215436 0.869377
vt 0.698658 0.865045
vt 0.698658 0.864865
vt 0.644522 0.908222
vt 0.644522 0.908132
vt 0.644522 0.908041
vt 0.752795 0.865045
vt 0.752795 0.864865
vt 0.644522 0.864865
vt 0.644522 0.864955
vt 0.644522 0.865045
vt 0.937171 0.303523
vt 0.937352 0.303523
vt 0.907328 0.303523
vt 0.907237 0.303523
vt 0.907147 0.303523
vt 0.911086 0.135449
vt 0.911266 0.135449
vt 0.897705 0.313146
vt 0.897705 0.313056
vt 0.897705 0.312965
vt 0.942048 0.431361
vt 0.941867 0.431361
vt 0.888083 0.303523
vt 0.888173 0.303523
vt 0.888264 0.303523
vt 0.344188 0.901514
vt 0.344008 0.901514
vt 0.897705 0.293901
vt 0.897705 0.293991
vt 0.897705 0.294082
vt 0.927730 0.312965
vt 0.927730 0.313146
vt 0.353630 0.911136
vt 0.353630 0.911046
vt 0.353630 0.910955
vt 0.951489 0.440803
vt 0.951489 0.440984
vt 0.353630 0.891891
vt 0.353630 0.891981
vt 0.353630 0.892072
vt 0.803000 0.151093
vt 0.803000 0.151274
vt 0.363253 0.901514
vt 0.363162 0.901514
vt 0.363072 0.901514
vt 0.918288 0.303523
vt 0.918107 0.303523
vt 0.812622 0.141651
vt 0.812532 0.141651
vt 0.812441 0.141651
vt 0.960931 0.431361
vt 0.961112 0.431361
vt 0.793377 0.141651
vt 0.793467 0.141651
vt 0.793558 0.141651
vt 0.892202 0.135449
vt 0.892021 0.135449
vt 0.803000 0.132029
vt 0.803000 0.132119
vt 0.803000 0.132209
vt 0.927730 0.294082
vt 0.927730 0.293901
vt 0.901644 0.145072
vt 0.901644 0.144981
vt 0.901644 0.144891
vt 0.951489 0.421919
vt 0.951489 0.421739
vt 0.901644 0.125827
vt 0.901644 0.125917
vt 0.901644 0.126007
vt 0.253518 0.798446
vt 0.253518 0.798266
vt 0.643258 0.280209
vt 0.643168 0.280209
vt 0.643078 0.280209
vt 0.837018 0.514738
vt 0.837018 0.514557
vt 0.628185 0.295283
vt 0.628185 0.295192
vt 0.628185 0.295102
vt 0.841181 0.742762
vt 0.841181 0.742943
vt 0.613111 0.280209
vt 0.613202 0.280209
vt 0.613292 0.280209
vt 0.259979 0.652916
vt 0.259979 0.653097
vt 0.628185 0.265136
vt 0.628185 0.265226
vt 0.628185 0.265316
vt 0.268411 0.833699
vt 0.268591 0.833699
vt 0.275052 0.617663
vt 0.274962 0.617663
vt 0.274871 0.617663
vt 0.856074 0.707509
vt 0.856255 0.707509
vt 0.244905 0.617663
vt 0.244995 0.617663
vt 0.245086 0.617663
vt 0.513010 0.938723
vt 0.513010 0.938904
vt 0.259979 0.582229
vt 0.259978 0.582320
vt 0.259979 0.582410
vt 0.253518 0.868953
vt 0.253518 0.869133
vt 0.528084 0.923831
vt 0.527993 0.923831
vt 0.527903 0.923831
vt 0.841181 0.672256
vt 0.841181 0.672075
vt 0.497937 0.923831
vt 0.498027 0.923831
vt 0.498117 0.923831
vt 0.837018 0.585244
vt 0.837018 0.585425
vt 0.513010 0.908757
vt 0.513010 0.908847
vt 0.513010 0.908938
vt 0.238625 0.833699
vt 0.238444 0.833699
vt 0.852092 0.549991
vt 0.852002 0.549991
vt 0.851911 0.549991
vt 0.826288 0.707509
vt 0.826108 0.707509
vt 0.821945 0.549991
vt 0.822035 0.549991
vt 0.822126 0.549991
vt 0.831531 0.132209
vt 0.831531 0.132029
vt 0.958656 0.567014
vt 0.958566 0.567014
vt 0.958475 0.567014
vt 0.762360 0.140329
vt 0.762360 0.140149
vt 0.950527 0.575144
vt 0.950527 0.575053
vt 0.950527 0.574963
vt 0.944845 0.658267
vt 0.944845 0.658447
vt 0.942397 0.567014
vt 0.942487 0.567014
vt 0.942578 0.567014
vt 0.735322 0.156227
vt 0.735322 0.156408
vt 0.950527 0.558885
vt 0.950527 0.558975
vt 0.950527 0.559065
vt 0.839480 0.140158
vt 0.839660 0.140158
vt 0.743451 0.148278
vt 0.743361 0.148278
vt 0.743271 0.148278
vt 0.952794 0.650318
vt 0.952975 0.650318
vt 0.727192 0.148278
vt 0.727283 0.148278
vt 0.727373 0.148278
vt 0.943282 0.723423
vt 0.943101 0.723423
vt 0.735322 0.140149
vt 0.735322 0.140239
vt 0.735322 0.140329
vt 0.831531 0.148107
vt 0.831531 0.148288
vt 0.951231 0.731553
vt 0.951231 0.731462
vt 0.951231 0.731372
vt 0.944845 0.642369
vt 0.944845 0.642188
vt 0.951231 0.715293
vt 0.951231 0.715384
vt 0.951231 0.715474
vt 0.762360 0.156227
vt 0.762360 0.156408
vt 0.959360 0.723423
vt 0.959270 0.723423
vt 0.959179 0.723423
vt 0.823582 0.140158
vt 0.823401 0.140158
vt 0.770490 0.148278
vt 0.770400 0.148278
vt 0.770309 0.148278
vt 0.936896 0.650318
vt 0.936715 0.650318
vt 0.754231 0.148278
vt 0.754321 0.148278
vt 0.754411 0.148278
vt 0.611883 0.593602
vt 0.612064 0.593602
vt 0.585995 0.040798
vt 0.585904 0.040798
vt 0.585814 0.040798
vt 0.611883 0.512006
vt 0.612064 0.512006
vt 0.550586 0.076206
vt 0.550586 0.076116
vt 0.550586 0.076025
vt 0.374558 0.595441
vt 0.374468 0.595441
vt 0.374377 0.595441
vt 0.515178 0.040798
vt 0.515359 0.040798
vt 0.541428 0.428571
vt 0.541247 0.428571
vt 0.550586 0.005390
vt 0.550586 0.005480
vt 0.550586 0.005570
vt 0.576656 0.628829
vt 0.576656 0.629010
vt 0.576656 0.463979
vt 0.576656 0.463889
vt 0.576656 0.463799
vt 0.409786 0.630669
vt 0.409786 0.630759
vt 0.409786 0.630849
vt 0.576656 0.393163
vt 0.576656 0.393343
vt 0.576656 0.380364
vt 0.576656 0.380544
vt 0.612064 0.428571
vt 0.611974 0.428571
vt 0.611883 0.428571
vt 0.541428 0.593602
vt 0.541247 0.593602
vt 0.612064 0.345136
vt 0.611974 0.345136
vt 0.611883 0.345136
vt 0.445013 0.595441
vt 0.445104 0.595441
vt 0.445194 0.595441
vt 0.541247 0.345136
vt 0.541428 0.345136
vt 0.541428 0.512006
vt 0.541247 0.512006
vt 0.576656 0.309728
vt 0.576656 0.309818
vt 0.576656 0.309908
vt 0.576656 0.558374
vt 0.576656 0.558194
vt 0.576656 0.547414
vt 0.576656 0.547324
vt 0.576656 0.547234
vt 0.409786 0.560214
vt 0.409786 0.560123
vt 0.409786 0.560033
vt 0.576656 0.476598
vt 0.576656 0.476779
vt 0.748963 0.700956
vt 0.749144 0.700956
vt 0.716413 0.102844
vt 0.716323 0.102844
vt 0.716233 0.102844
vt 0.131509 0.705767
vt 0.131690 0.705767
vt 0.687533 0.131725
vt 0.687533 0.131634
vt 0.687533 0.131544
vt 0.695229 0.556544
vt 0.695049 0.556544
vt 0.658652 0.102844
vt 0.658743 0.102844
vt 0.658833 0.102844
vt 0.005570 0.705767
vt 0.005390 0.705767
vt 0.687533 0.073964
vt 0.687533 0.074054
vt 0.687533 0.074145
vt 0.720263 0.729655
vt 0.720263 0.729836
vt 0.034270 0.734648
vt 0.034270 0.734557
vt 0.034270 0.734467
vt 0.723929 0.585244
vt 0.723929 0.585425
vt 0.034270 0.676887
vt 0.034270 0.676977
vt 0.034270 0.677067
vt 0.623024 0.700956
vt 0.622843 0.700956
vt 0.063150 0.705767
vt 0.063060 0.705767
vt 0.062970 0.705767
vt 0.691564 0.700956
vt 0.691383 0.700956
vt 0.651724 0.729836
vt 0.651724 0.729746
vt 0.651724 0.729655
vt 0.752629 0.556544
vt 0.752809 0.556544
vt 0.651724 0.672075
vt 0.651724 0.672166
vt 0.651724 0.672256
vt 0.074110 0.705767
vt 0.073929 0.705767
vt 0.680604 0.700956
vt 0.680514 0.700956
vt 0.680423 0.700956
vt 0.720263 0.672256
vt 0.720263 0.672075
vt 0.102810 0.734648
vt 0.102810 0.734557
vt 0.102810 0.734467
vt 0.723929 0.527845
vt 0.723929 0.527664
vt 0.102810 0.676887
vt 0.102810 0.676977
vt 0.102810 0.677067
vt 0.973313 0.258812
vt 0.973494 0.258812
vt 0.602332 0.281910
vt 0.602242 0.281910
vt 0.602152 0.281910
vt 0.975765 0.531331
vt 0.975945 0.531331
vt 0.585558 0.298684
vt 0.585558 0.298594
vt 0.585558 0.298503
vt 0.942048 0.394185
vt 0.941867 0.394185
vt 0.568784 0.281910
vt 0.568874 0.281910
vt 0.568965 0.281910
vt 0.942267 0.022164
vt 0.942086 0.022164
vt 0.585558 0.265136
vt 0.585558 0.265226
vt 0.585558 0.265316
vt 0.956720 0.275406
vt 0.956720 0.275586
vt 0.958860 0.038938
vt 0.958860 0.038848
vt 0.958860 0.038757
vt 0.958641 0.410779
vt 0.958641 0.410960
vt 0.958860 0.005390
vt 0.958860 0.005480
vt 0.958860 0.005570
vt 0.924054 0.970729
vt 0.924054 0.970910
vt 0.975635 0.022164
vt 0.975544 0.022164
vt 0.975454 0.022164
vt 0.940126 0.258812
vt 0.939946 0.258812
vt 0.940828 0.954136
vt 0.940738 0.954136
vt 0.940648 0.954136
vt 0.975235 0.394185
vt 0.975415 0.394185
vt 0.907280 0.954136
vt 0.907370 0.954136
vt 0.907461 0.954136
vt 0.942578 0.531331
vt 0.942397 0.531331
vt 0.924054 0.937362
vt 0.924054 0.937452
vt 0.924054 0.937542
vt 0.956720 0.242219
vt 0.956720 0.242038
vt 0.959171 0.548105
vt 0.959171 0.548015
vt 0.959171 0.547925
vt 0.958641 0.377592
vt 0.958641 0.377411
vt 0.959171 0.514557
vt 0.959171 0.514647
vt 0.959171 0.514738
vt 0.491430 0.865151
vt 0.491610 0.865151
vt 0.558005 0.276106
vt 0.557914 0.276106
vt 0.557824 0.276106
vt 0.419353 0.860533
vt 0.419534 0.860533
vt 0.535426 0.298684
vt 0.535426 0.298594
vt 0.535426 0.298503
vt 0.541428 0.866813
vt 0.541247 0.866813
vt 0.512848 0.276106
vt 0.512938 0.276106
vt 0.513029 0.276106
vt 0.288253 0.859901
vt 0.288072 0.859901
vt 0.535426 0.253527
vt 0.535426 0.253618
vt 0.535426 0.253708
vt 0.469032 0.887548
vt 0.469032 0.887729
vt 0.310650 0.882480
vt 0.310650 0.882389
vt 0.310650 0.882299
vt 0.563826 0.889211
vt 0.563826 0.889392
vt 0.310650 0.837323
vt 0.310650 0.837413
vt 0.310650 0.837504
vt 0.851495 0.641180
vt 0.851495 0.641360
vt 0.333228 0.859901
vt 0.333138 0.859901
vt 0.333048 0.859901
vt 0.446634 0.865151
vt 0.446454 0.865151
vt 0.874074 0.618782
vt 0.873983 0.618782
vt 0.873893 0.618782
vt 0.586223 0.866813
vt 0.586404 0.866813
vt 0.828917 0.618782
vt 0.829007 0.618782
vt 0.829098 0.618782
vt 0.374558 0.860533
vt 0.374377 0.860533
vt 0.851495 0.596204
vt 0.851495 0.596294
vt 0.851495 0.596384
vt 0.469032 0.842753
vt 0.469032 0.842572
vt 0.396956 0.883111
vt 0.396956 0.883021
vt 0.396956 0.882930
vt 0.563826 0.844416
vt 0.563826 0.844235
vt 0.396956 0.837954
vt 0.396956 0.838045
vt 0.396956 0.838135
vt 0.968882 0.476661
vt 0.969063 0.476661
vt 0.960957 0.772225
vt 0.960867 0.772225
vt 0.960777 0.772225
vt 0.262532 0.949378
vt 0.262713 0.949378
vt 0.943355 0.789827
vt 0.943355 0.789737
vt 0.943355 0.789647
vt 0.936896 0.613806
vt 0.936715 0.613806
vt 0.925752 0.772225
vt 0.925843 0.772225
vt 0.925933 0.772225
vt 0.855283 0.948785
vt 0.855102 0.948785
vt 0.943355 0.754622
vt 0.943355 0.754713
vt 0.943355 0.754803
vt 0.951460 0.494082
vt 0.951460 0.494263
vt 0.872705 0.966388
vt 0.872705 0.966298
vt 0.872705 0.966207
vt 0.954318 0.631228
vt 0.954318 0.631409
vt 0.872705 0.931183
vt 0.872705 0.931273
vt 0.872705 0.931363
vt 0.943486 0.360258
vt 0.943486 0.360439
vt 0.890308 0.948785
vt 0.890217 0.948785
vt 0.890127 0.948785
vt 0.934038 0.476661
vt 0.933858 0.476661
vt 0.961088 0.342836
vt 0.960998 0.342836
vt 0.960908 0.342836
vt 0.971740 0.613806
vt 0.971921 0.613806
vt 0.925883 0.342836
vt 0.925973 0.342836
vt 0.926064 0.342836
vt 0.227688 0.949378
vt 0.227508 0.949378
vt 0.943486 0.325234
vt 0.943486 0.325324
vt 0.943486 0.325414
vt 0.951460 0.459239
vt 0.951460 0.459058
vt 0.245110 0.966980
vt 0.245110 0.966890
vt 0.245110 0.966800
vt 0.954318 0.596385
vt 0.954318 0.596204
vt 0.245110 0.931775
vt 0.245110 0.931866
vt 0.245110 0.931956
vt 0.684529 0.413306
vt 0.684619 0.413306
vt 0.684709 0.413306
vt 0.493609 0.119758
vt 0.493429 0.119758
vt 0.684529 0.340661
vt 0.684709 0.340661
vt 0.462676 0.150691
vt 0.462676 0.150601
vt 0.462676 0.150510
vt 0.623024 0.485952
vt 0.622843 0.485952
vt 0.431743 0.119758
vt 0.431833 0.119758
vt 0.431924 0.119758
vt 0.172440 0.613162
vt 0.172260 0.613162
vt 0.462676 0.088825
vt 0.462676 0.088915
vt 0.462676 0.089005
vt 0.653776 0.444059
vt 0.653776 0.444149
vt 0.653776 0.444239
vt 0.203193 0.644096
vt 0.203193 0.643915
vt 0.653776 0.516704
vt 0.653776 0.516885
vt 0.203193 0.582229
vt 0.203193 0.582320
vt 0.203193 0.582410
vt 0.535322 0.150510
vt 0.535322 0.150691
vt 0.234126 0.613162
vt 0.234036 0.613162
vt 0.233945 0.613162
vt 0.623024 0.413306
vt 0.622933 0.413306
vt 0.622843 0.413306
vt 0.566255 0.119758
vt 0.566074 0.119758
vt 0.684529 0.485952
vt 0.684709 0.485952
vt 0.504388 0.119758
vt 0.504479 0.119758
vt 0.504569 0.119758
vt 0.623024 0.340661
vt 0.622843 0.340661
vt 0.535322 0.088825
vt 0.535322 0.088915
vt 0.535322 0.089005
vt 0.653776 0.382554
vt 0.653776 0.382464
vt 0.653776 0.382373
vt 0.653776 0.371594
vt 0.653776 0.371413
vt 0.653776 0.455199
vt 0.653776 0.455019
vt 0.653776 0.309728
vt 0.653776 0.309818
vt 0.653776 0.309908
vt 0.229874 0.683772
vt 0.230055 0.683772
vt 0.504249 0.670526
vt 0.504158 0.670526
vt 0.504068 0.670526
vt 0.711947 0.264694
vt 0.712128 0.264694
vt 0.475351 0.699424
vt 0.475351 0.699333
vt 0.475351 0.699243
vt 0.658833 0.034287
vt 0.658653 0.034287
vt 0.446454 0.670526
vt 0.446544 0.670526
vt 0.446634 0.670526
vt 0.654514 0.196119
vt 0.654333 0.196119
vt 0.475351 0.641629
vt 0.475351 0.641719
vt 0.475351 0.641809
vt 0.201157 0.712489
vt 0.201157 0.712670
vt 0.683231 0.225017
vt 0.683231 0.224926
vt 0.683231 0.224836
vt 0.687550 0.063004
vt 0.687550 0.063185
vt 0.683231 0.167222
vt 0.683231 0.167312
vt 0.683231 0.167402
vt 0.316969 0.702114
vt 0.316969 0.702294
vt 0.712128 0.196119
vt 0.712038 0.196119
vt 0.711947 0.196119
vt 0.172440 0.683772
vt 0.172260 0.683772
vt 0.345867 0.673397
vt 0.345777 0.673397
vt 0.345686 0.673397
vt 0.716267 0.034287
vt 0.716448 0.034287
vt 0.288072 0.673397
vt 0.288162 0.673397
vt 0.288253 0.673397
vt 0.654514 0.264694
vt 0.654333 0.264694
vt 0.316969 0.644499
vt 0.316969 0.644590
vt 0.316969 0.644680
vt 0.201157 0.655055
vt 0.201157 0.654875
vt 0.683230 0.293591
vt 0.683230 0.293501
vt 0.683230 0.293410
vt 0.687550 0.005570
vt 0.687550 0.005390
vt 0.683230 0.235796
vt 0.683230 0.235886
vt 0.683230 0.235977
vt 0.853340 0.160572
vt 0.853340 0.160391
vt 0.361437 0.958451
vt 0.361347 0.958451
vt 0.361256 0.958451
vt 0.862230 0.242219
vt 0.862230 0.242038
vt 0.346364 0.973524
vt 0.346364 0.973434
vt 0.346364 0.973344
vt 0.144221 0.650046
vt 0.144221 0.650226
vt 0.331290 0.958451
vt 0.331380 0.958451
vt 0.331471 0.958451
vt 0.842932 0.448098
vt 0.842932 0.448279
vt 0.346364 0.943377
vt 0.346364 0.943468
vt 0.346364 0.943558
vt 0.868233 0.195825
vt 0.868413 0.195825
vt 0.858005 0.412845
vt 0.857915 0.412845
vt 0.857824 0.412845
vt 0.159113 0.614793
vt 0.159294 0.614793
vt 0.827858 0.412845
vt 0.827948 0.412845
vt 0.828039 0.412845
vt 0.958958 0.147148
vt 0.958958 0.147329
vt 0.842932 0.377411
vt 0.842932 0.377502
vt 0.842932 0.377592
vt 0.853340 0.231078
vt 0.853340 0.231259
vt 0.974031 0.132256
vt 0.973941 0.132256
vt 0.973850 0.132256
vt 0.144221 0.579539
vt 0.144221 0.579359
vt 0.943884 0.132256
vt 0.943974 0.132256
vt 0.944065 0.132256
vt 0.862230 0.312725
vt 0.862230 0.312906
vt 0.958958 0.117182
vt 0.958958 0.117272
vt 0.958958 0.117363
vt 0.838447 0.195825
vt 0.838266 0.195825
vt 0.877304 0.277472
vt 0.877213 0.277472
vt 0.877123 0.277472
vt 0.129328 0.614793
vt 0.129147 0.614793
vt 0.847157 0.277472
vt 0.847247 0.277472
vt 0.847337 0.277472
vt 0.272453 0.361072
vt 0.272633 0.361072
vt 0.827487 0.199240
vt 0.827397 0.199240
vt 0.827306 0.199240
vt 0.362895 0.798456
vt 0.363075 0.798456
vt 0.808289 0.231259
vt 0.808289 0.231169
vt 0.808289 0.231078
vt 0.255875 0.435889
vt 0.255695 0.435889
vt 0.789092 0.199240
vt 0.789182 0.199240
vt 0.789273 0.199240
vt 0.512819 0.729401
vt 0.512638 0.729401
vt 0.808290 0.167222
vt 0.808290 0.167312
vt 0.808290 0.167402
vt 0.264164 0.392910
vt 0.264164 0.393091
vt 0.521108 0.748598
vt 0.521108 0.748508
vt 0.521108 0.748417
vt 0.264164 0.467727
vt 0.264164 0.467907
vt 0.521108 0.710203
vt 0.521108 0.710293
vt 0.521108 0.710384
vt 0.257642 0.787306
vt 0.257642 0.787486
vt 0.529577 0.729401
vt 0.529487 0.729401
vt 0.529396 0.729401
vt 0.255875 0.361072
vt 0.255695 0.361072
vt 0.276840 0.755468
vt 0.276749 0.755468
vt 0.276659 0.755468
vt 0.272453 0.435889
vt 0.272633 0.435889
vt 0.238444 0.755468
vt 0.238535 0.755468
vt 0.238625 0.755468
vt 0.346317 0.798456
vt 0.346137 0.798456
vt 0.257642 0.723449
vt 0.257642 0.723539
vt 0.257642 0.723630
vt 0.264164 0.329234
vt 0.264164 0.329054
vt 0.354606 0.817653
vt 0.354606 0.817563
vt 0.354606 0.817473
vt 0.264164 0.404051
vt 0.264164 0.403870
vt 0.354606 0.779258
vt 0.354606 0.779349
vt 0.354606 0.779439
vt 0.980815 0.214252
vt 0.980996 0.214252
vt 0.526658 0.964044
vt 0.526567 0.964044
vt 0.526477 0.964044
vt 0.966636 0.160572
vt 0.966636 0.160391
vt 0.512297 0.978404
vt 0.512297 0.978314
vt 0.512297 0.978224
vt 0.785434 0.978291
vt 0.785253 0.978291
vt 0.497937 0.964044
vt 0.498027 0.964044
vt 0.498117 0.964044
vt 0.623024 0.980250
vt 0.622843 0.980250
vt 0.512297 0.949683
vt 0.512297 0.949774
vt 0.512297 0.949864
vt 0.966636 0.228432
vt 0.966636 0.228612
vt 0.637204 0.994610
vt 0.637204 0.994520
vt 0.637204 0.994430
vt 0.799613 0.992471
vt 0.799613 0.992651
vt 0.637204 0.965889
vt 0.637204 0.965980
vt 0.637204 0.966070
vt 0.965968 0.965902
vt 0.965968 0.966083
vt 0.651564 0.980250
vt 0.651474 0.980250
vt 0.651384 0.980250
vt 0.952456 0.214252
vt 0.952275 0.214252
vt 0.980328 0.951722
vt 0.980238 0.951722
vt 0.980148 0.951722
vt 0.813793 0.978291
vt 0.813974 0.978291
vt 0.951607 0.951722
vt 0.951698 0.951722
vt 0.951788 0.951722
vt 0.966636 0.188932
vt 0.966636 0.189112
vt 0.965968 0.937362
vt 0.965968 0.937452
vt 0.965968 0.937542
vt 0.966636 0.200072
vt 0.966636 0.199891
vt 0.980996 0.174752
vt 0.980906 0.174752
vt 0.980815 0.174752
vt 0.799613 0.964111
vt 0.799613 0.963930
vt 0.952275 0.174752
vt 0.952365 0.174752
vt 0.952456 0.174752
vt 0.883429 0.377592
vt 0.883429 0.377411
vt 0.259550 0.711453
vt 0.259550 0.711363
vt 0.259550 0.711273
vt 0.787377 0.526900
vt 0.787377 0.526719
vt 0.244905 0.687665
vt 0.244995 0.687665
vt 0.245086 0.687665
vt 0.893837 0.218916
vt 0.893837 0.219097
vt 0.259550 0.663876
vt 0.259550 0.663966
vt 0.259550 0.664057
vt 0.786960 0.366451
vt 0.786960 0.366632
vt 0.274194 0.687665
vt 0.274104 0.687665
vt 0.274013 0.687665
vt 0.897893 0.406764
vt 0.898073 0.406764
vt 0.810749 0.337279
vt 0.810659 0.337279
vt 0.810568 0.337279
vt 0.908301 0.189744
vt 0.908481 0.189744
vt 0.763172 0.337279
vt 0.763262 0.337279
vt 0.763353 0.337279
vt 0.907461 0.902794
vt 0.907280 0.902794
vt 0.786960 0.307926
vt 0.786960 0.308017
vt 0.786960 0.308107
vt 0.883429 0.435936
vt 0.883429 0.436117
vt 0.921925 0.926582
vt 0.921925 0.926492
vt 0.921925 0.926402
vt 0.893837 0.160572
vt 0.893837 0.160391
vt 0.921925 0.879005
vt 0.921925 0.879096
vt 0.921925 0.879186
vt 0.787377 0.585244
vt 0.787377 0.585425
vt 0.936569 0.902794
vt 0.936479 0.902794
vt 0.936388 0.902794
vt 0.868965 0.406764
vt 0.868784 0.406764
vt 0.811166 0.556072
vt 0.811075 0.556072
vt 0.810985 0.556072
vt 0.879373 0.189744
vt 0.879192 0.189744
vt 0.763589 0.556072
vt 0.763679 0.556072
vt 0.763769 0.556072
vt 0.129154 0.773130
vt 0.129335 0.773130
vt 0.596653 0.739568
vt 0.596563 0.739568
vt 0.596472 0.739568
vt 0.060615 0.773130
vt 0.060795 0.773130
vt 0.568950 0.767271
vt 0.568950 0.767181
vt 0.568950 0.767090
vt 0.755393 0.768318
vt 0.755213 0.768318
vt 0.541247 0.739568
vt 0.541338 0.739568
vt 0.541428 0.739568
vt 0.689209 0.768318
vt 0.689028 0.768318
vt 0.568950 0.711865
vt 0.568950 0.711956
vt 0.568950 0.712046
vt 0.101632 0.800652
vt 0.101632 0.800832
vt 0.716731 0.796021
vt 0.716731 0.795930
vt 0.716731 0.795840
vt 0.782915 0.795840
vt 0.782915 0.796021
vt 0.716731 0.740615
vt 0.716731 0.740705
vt 0.716731 0.740796
vt 0.288253 0.740776
vt 0.288072 0.740776
vt 0.744433 0.768318
vt 0.744343 0.768318
vt 0.744253 0.768318
vt 0.074110 0.773130
vt 0.073929 0.773130
vt 0.315775 0.768479
vt 0.315775 0.768389
vt 0.315775 0.768298
vt 0.810438 0.768318
vt 0.810618 0.768318
vt 0.315775 0.713073
vt 0.315775 0.713164
vt 0.315775 0.713254
vt 0.005570 0.773130
vt 0.005390 0.773130
vt 0.343477 0.740776
vt 0.343387 0.740776
vt 0.343297 0.740776
vt 0.101632 0.745607
vt 0.101632 0.745427
vt 0.033092 0.800832
vt 0.033092 0.800742
vt 0.033092 0.800652
vt 0.782915 0.740796
vt 0.782915 0.740615
vt 0.033092 0.745427
vt 0.033092 0.745517
vt 0.033092 0.745607
vt 0.786078 0.830443
vt 0.786259 0.830443
vt 0.476699 0.274300
vt 0.476608 0.274300
vt 0.476518 0.274300
vt 0.728013 0.830443
vt 0.728194 0.830443
vt 0.453056 0.297942
vt 0.453056 0.297852
vt 0.453056 0.297762
vt 0.797218 0.830443
vt 0.797038 0.830443
vt 0.429413 0.274300
vt 0.429503 0.274300
vt 0.429594 0.274300
vt 0.623024 0.830443
vt 0.622843 0.830443
vt 0.453056 0.250657
vt 0.453056 0.250747
vt 0.453056 0.250837
vt 0.762616 0.853905
vt 0.762616 0.854085
vt 0.646486 0.854085
vt 0.646486 0.853995
vt 0.646486 0.853905
vt 0.820680 0.853905
vt 0.820680 0.854085
vt 0.646486 0.806800
vt 0.646486 0.806890
vt 0.646486 0.806980
vt 0.600677 0.150510
vt 0.600677 0.150691
vt 0.670129 0.830443
vt 0.670038 0.830443
vt 0.669948 0.830443
vt 0.739154 0.830443
vt 0.738973 0.830443
vt 0.624320 0.127048
vt 0.624229 0.127048
vt 0.624139 0.127048
vt 0.844143 0.830443
vt 0.844323 0.830443
vt 0.577034 0.127048
vt 0.577124 0.127048
vt 0.577215 0.127048
vt 0.681089 0.830443
vt 0.680908 0.830443
vt 0.600677 0.103405
vt 0.600677 0.103496
vt 0.600677 0.103586
vt 0.762616 0.806980
vt 0.762616 0.806800
vt 0.704551 0.854085
vt 0.704551 0.853995
vt 0.704551 0.853905
vt 0.820680 0.806980
vt 0.820680 0.806800
vt 0.704551 0.806800
vt 0.704551 0.806890
vt 0.704551 0.806980
vt 0.976143 0.090183
vt 0.976323 0.090183
vt 0.959320 0.704514
vt 0.959320 0.704424
vt 0.959320 0.704333
vt 0.320330 0.959597
vt 0.320511 0.959597
vt 0.943101 0.688295
vt 0.943191 0.688295
vt 0.943282 0.688295
vt 0.374558 0.960228
vt 0.374377 0.960228
vt 0.959320 0.672075
vt 0.959320 0.672165
vt 0.959320 0.672256
vt 0.100651 0.959545
vt 0.100471 0.959545
vt 0.975540 0.688295
vt 0.975450 0.688295
vt 0.975359 0.688295
vt 0.960104 0.106222
vt 0.960104 0.106403
vt 0.116690 0.975765
vt 0.116690 0.975674
vt 0.116690 0.975584
vt 0.390597 0.976267
vt 0.390597 0.976448
vt 0.116690 0.943326
vt 0.116690 0.943416
vt 0.116690 0.943506
vt 0.057433 0.959545
vt 0.057252 0.959545
vt 0.132910 0.959545
vt 0.132819 0.959545
vt 0.132729 0.959545
vt 0.944065 0.090183
vt 0.943884 0.090183
vt 0.073472 0.975765
vt 0.073472 0.975674
vt 0.073472 0.975584
vt 0.406636 0.960228
vt 0.406817 0.960228
vt 0.073472 0.943326
vt 0.073472 0.943416
vt 0.073472 0.943506
vt 0.288253 0.959597
vt 0.288072 0.959597
vt 0.089692 0.959545
vt 0.089601 0.959545
vt 0.089511 0.959545
vt 0.960104 0.074145
vt 0.960104 0.073964
vt 0.304291 0.975816
vt 0.304291 0.975726
vt 0.304291 0.975636
vt 0.390597 0.944189
vt 0.390597 0.944009
vt 0.304291 0.943377
vt 0.304291 0.943468
vt 0.304291 0.943558
vt 0.816898 0.471299
vt 0.817079 0.471299
vt 0.429783 0.741408
vt 0.429693 0.741408
vt 0.429602 0.741408
vt 0.816898 0.405114
vt 0.817079 0.405114
vt 0.402080 0.769110
vt 0.402080 0.769020
vt 0.402080 0.768930
vt 0.762913 0.623907
vt 0.762732 0.623907
vt 0.374377 0.741408
vt 0.374468 0.741408
vt 0.374558 0.741408
vt 0.760104 0.699778
vt 0.759923 0.699778
vt 0.402080 0.713705
vt 0.402080 0.713795
vt 0.402080 0.713885
vt 0.789376 0.498821
vt 0.789376 0.499002
vt 0.787626 0.727481
vt 0.787626 0.727390
vt 0.787626 0.727300
vt 0.790435 0.651429
vt 0.790435 0.651610
vt 0.787626 0.672075
vt 0.787626 0.672166
vt 0.787626 0.672256
vt 0.750610 0.222447
vt 0.750610 0.222627
vt 0.815329 0.699778
vt 0.815238 0.699778
vt 0.815148 0.699778
vt 0.761854 0.471299
vt 0.761673 0.471299
vt 0.778313 0.194924
vt 0.778223 0.194924
vt 0.778132 0.194924
vt 0.817957 0.623907
vt 0.818138 0.623907
vt 0.722907 0.194924
vt 0.722998 0.194924
vt 0.723088 0.194924
vt 0.761854 0.405114
vt 0.761673 0.405114
vt 0.750610 0.167222
vt 0.750610 0.167312
vt 0.750610 0.167402
vt 0.789376 0.443777
vt 0.789376 0.443596
vt 0.789376 0.432817
vt 0.789376 0.432726
vt 0.789376 0.432636
vt 0.790435 0.596385
vt 0.790435 0.596204
vt 0.789376 0.377411
vt 0.789376 0.377502
vt 0.789376 0.377592
vt 0.751772 0.624656
vt 0.751953 0.624656
vt 0.274101 0.524376
vt 0.274011 0.524376
vt 0.273920 0.524376
vt 0.930378 0.160572
vt 0.930378 0.160391
vt 0.262983 0.552828
vt 0.262983 0.552738
vt 0.262983 0.552647
vt 0.695669 0.338180
vt 0.695489 0.338180
vt 0.251866 0.524376
vt 0.251956 0.524376
vt 0.252046 0.524376
vt 0.921204 0.728799
vt 0.921204 0.728979
vt 0.262983 0.495924
vt 0.262983 0.496014
vt 0.262983 0.496104
vt 0.723501 0.652927
vt 0.723501 0.653108
vt 0.932322 0.700527
vt 0.932232 0.700527
vt 0.932141 0.700527
vt 0.723941 0.366451
vt 0.723941 0.366632
vt 0.910087 0.700527
vt 0.910177 0.700527
vt 0.910267 0.700527
vt 0.919970 0.434135
vt 0.919970 0.434315
vt 0.921204 0.672075
vt 0.921204 0.672166
vt 0.921204 0.672256
vt 0.695229 0.624656
vt 0.695049 0.624656
vt 0.931088 0.405863
vt 0.930997 0.405863
vt 0.930907 0.405863
vt 0.752212 0.338180
vt 0.752393 0.338180
vt 0.908852 0.405863
vt 0.908943 0.405863
vt 0.909033 0.405863
vt 0.930378 0.217115
vt 0.930378 0.217296
vt 0.919970 0.377411
vt 0.919970 0.377502
vt 0.919970 0.377592
vt 0.723501 0.596385
vt 0.723501 0.596204
vt 0.941496 0.188843
vt 0.941406 0.188843
vt 0.941315 0.188843
vt 0.723941 0.309909
vt 0.723941 0.309728
vt 0.919261 0.188843
vt 0.919351 0.188843
vt 0.919441 0.188843
vt 0.932924 0.094506
vt 0.933105 0.094506
vt 0.248050 0.920996
vt 0.248050 0.920906
vt 0.248050 0.920815
vt 0.928986 0.262580
vt 0.929167 0.262580
vt 0.227508 0.900454
vt 0.227598 0.900454
vt 0.227688 0.900454
vt 0.005570 0.913749
vt 0.005390 0.913749
vt 0.248050 0.879912
vt 0.248050 0.880003
vt 0.248050 0.880093
vt 0.885033 0.616746
vt 0.884853 0.616746
vt 0.268591 0.900454
vt 0.268501 0.900454
vt 0.268411 0.900454
vt 0.912563 0.114867
vt 0.912563 0.115048
vt 0.905394 0.637288
vt 0.905395 0.637197
vt 0.905394 0.637107
vt 0.025931 0.934110
vt 0.025931 0.934291
vt 0.905394 0.596204
vt 0.905394 0.596294
vt 0.905394 0.596385
vt 0.882175 0.479600
vt 0.881995 0.479600
vt 0.925936 0.616746
vt 0.925846 0.616746
vt 0.925756 0.616746
vt 0.892202 0.094506
vt 0.892021 0.094506
vt 0.902537 0.500142
vt 0.902537 0.500051
vt 0.902537 0.499961
vt 0.046293 0.913749
vt 0.046473 0.913749
vt 0.902537 0.459058
vt 0.902537 0.459148
vt 0.902537 0.459239
vt 0.888264 0.262580
vt 0.888083 0.262580
vt 0.923078 0.479600
vt 0.922988 0.479600
vt 0.922898 0.479600
vt 0.912563 0.074145
vt 0.912563 0.073964
vt 0.908625 0.283122
vt 0.908625 0.283031
vt 0.908625 0.282941
vt 0.025931 0.893388
vt 0.025931 0.893207
vt 0.908625 0.242038
vt 0.908625 0.242128
vt 0.908625 0.242219
vt 0.937314 0.826469
vt 0.937495 0.826469
vt 0.096592 0.912877
vt 0.096501 0.912877
vt 0.096411 0.912877
vt 0.413536 0.913560
vt 0.413717 0.913560
vt 0.076922 0.932546
vt 0.076922 0.932456
vt 0.076922 0.932366
vt 0.446634 0.918178
vt 0.446454 0.918178
vt 0.057252 0.912877
vt 0.057343 0.912877
vt 0.057433 0.912877
vt 0.288253 0.912929
vt 0.288072 0.912929
vt 0.076922 0.893207
vt 0.076922 0.893297
vt 0.076922 0.893388
vt 0.917825 0.845958
vt 0.917825 0.846139
vt 0.307742 0.932598
vt 0.307742 0.932508
vt 0.307742 0.932418
vt 0.466123 0.937667
vt 0.466123 0.937848
vt 0.307742 0.893259
vt 0.307742 0.893349
vt 0.307742 0.893440
vt 0.127041 0.932366
vt 0.127041 0.932546
vt 0.327411 0.912929
vt 0.327321 0.912929
vt 0.327231 0.912929
vt 0.898336 0.826469
vt 0.898155 0.826469
vt 0.146710 0.912877
vt 0.146620 0.912877
vt 0.146530 0.912877
vt 0.485612 0.918178
vt 0.485793 0.918178
vt 0.107371 0.912877
vt 0.107461 0.912877
vt 0.107552 0.912877
vt 0.374558 0.913560
vt 0.374377 0.913560
vt 0.127041 0.893207
vt 0.127041 0.893297
vt 0.127041 0.893388
vt 0.917825 0.806980
vt 0.917825 0.806800
vt 0.394047 0.933230
vt 0.394047 0.933139
vt 0.394047 0.933049
vt 0.466123 0.898689
vt 0.466123 0.898508
vt 0.394047 0.893890
vt 0.394047 0.893980
vt 0.394047 0.894071
vt 0.931126 0.033092
vt 0.931307 0.033092
vt 0.750894 0.405114
vt 0.750804 0.405114
vt 0.750714 0.405114
vt 0.527903 0.870275
vt 0.528084 0.870275
vt 0.723191 0.432817
vt 0.723191 0.432726
vt 0.723191 0.432636
vt 0.906104 0.542260
vt 0.905924 0.542260
vt 0.695489 0.405114
vt 0.695579 0.405114
vt 0.695669 0.405114
vt 0.501202 0.804090
vt 0.501022 0.804090
vt 0.723191 0.377411
vt 0.723191 0.377501
vt 0.723191 0.377592
vt 0.918460 0.060615
vt 0.918460 0.060795
vt 0.513869 0.831793
vt 0.513869 0.831703
vt 0.513869 0.831613
vt 0.918771 0.569782
vt 0.918771 0.569963
vt 0.513869 0.776388
vt 0.513869 0.776478
vt 0.513869 0.776568
vt 0.723088 0.263499
vt 0.722907 0.263499
vt 0.526716 0.804090
vt 0.526626 0.804090
vt 0.526535 0.804090
vt 0.905794 0.033092
vt 0.905613 0.033092
vt 0.750610 0.291202
vt 0.750610 0.291111
vt 0.750610 0.291021
vt 0.931437 0.542260
vt 0.931618 0.542260
vt 0.750610 0.235796
vt 0.750610 0.235886
vt 0.750610 0.235977
vt 0.502570 0.870275
vt 0.502389 0.870275
vt 0.778313 0.263499
vt 0.778223 0.263499
vt 0.778132 0.263499
vt 0.918460 0.005570
vt 0.918460 0.005390
vt 0.515236 0.897978
vt 0.515236 0.897888
vt 0.515236 0.897797
vt 0.918771 0.514738
vt 0.918771 0.514557
vt 0.515236 0.842572
vt 0.515236 0.842663
vt 0.515236 0.842753
vt 0.490062 0.804090
vt 0.490243 0.804090
vt 0.160333 0.704590
vt 0.160243 0.704590
vt 0.160153 0.704590
vt 0.597068 0.900351
vt 0.597068 0.900171
vt 0.151401 0.732292
vt 0.151401 0.732202
vt 0.151401 0.732112
vt 0.541428 0.805753
vt 0.541247 0.805753
vt 0.142469 0.704590
vt 0.142560 0.704590
vt 0.142650 0.704590
vt 0.352940 0.880931
vt 0.352940 0.881112
vt 0.151401 0.676887
vt 0.151401 0.676977
vt 0.151401 0.677068
vt 0.468348 0.831613
vt 0.468348 0.831793
vt 0.361872 0.859217
vt 0.361781 0.859217
vt 0.361691 0.859217
vt 0.563142 0.833275
vt 0.563142 0.833456
vt 0.344008 0.859217
vt 0.344098 0.859217
vt 0.344188 0.859217
vt 0.151401 0.798296
vt 0.151401 0.798477
vt 0.352940 0.837323
vt 0.352940 0.837413
vt 0.352940 0.837504
vt 0.446634 0.804090
vt 0.446454 0.804090
vt 0.160333 0.770774
vt 0.160243 0.770774
vt 0.160153 0.770774
vt 0.584856 0.805753
vt 0.585036 0.805753
vt 0.142469 0.770774
vt 0.142560 0.770774
vt 0.142650 0.770774
vt 0.597068 0.943779
vt 0.597068 0.943960
vt 0.151401 0.743071
vt 0.151401 0.743162
vt 0.151401 0.743252
vt 0.468348 0.776568
vt 0.468348 0.776388
vt 0.606000 0.922065
vt 0.605909 0.922065
vt 0.605819 0.922065
vt 0.563142 0.778231
vt 0.563142 0.778050
vt 0.588136 0.922065
vt 0.588226 0.922065
vt 0.588316 0.922065
vt 0.914923 0.345933
vt 0.915104 0.345933
vt 0.842097 0.796021
vt 0.842097 0.795930
vt 0.842097 0.795840
vt 0.914792 0.775321
vt 0.914973 0.775321
vt 0.821397 0.775321
vt 0.821488 0.775321
vt 0.821578 0.775321
vt 0.855283 0.899704
vt 0.855103 0.899704
vt 0.842097 0.754622
vt 0.842097 0.754713
vt 0.842097 0.754803
vt 0.821709 0.345933
vt 0.821528 0.345933
vt 0.862796 0.775321
vt 0.862705 0.775321
vt 0.862615 0.775321
vt 0.894405 0.366451
vt 0.894405 0.366632
vt 0.842227 0.366632
vt 0.842227 0.366542
vt 0.842227 0.366451
vt 0.875802 0.920223
vt 0.875802 0.920404
vt 0.842227 0.325234
vt 0.842227 0.325324
vt 0.842227 0.325414
vt 0.785433 0.885564
vt 0.785253 0.885564
vt 0.862926 0.345933
vt 0.862836 0.345933
vt 0.862746 0.345933
vt 0.873886 0.345933
vt 0.873706 0.345933
vt 0.805952 0.906263
vt 0.805952 0.906173
vt 0.805952 0.906082
vt 0.896320 0.899704
vt 0.896501 0.899704
vt 0.805952 0.864865
vt 0.805952 0.864955
vt 0.805952 0.865045
vt 0.873756 0.775321
vt 0.873575 0.775321
vt 0.826651 0.885564
vt 0.826561 0.885564
vt 0.826470 0.885564
vt 0.894405 0.325414
vt 0.894405 0.325234
vt 0.894274 0.796021
vt 0.894274 0.795930
vt 0.894274 0.795840
vt 0.875802 0.879186
vt 0.875802 0.879005
vt 0.894274 0.754622
vt 0.894274 0.754713
vt 0.894274 0.754803
vt 0.328165 0.005570
vt 0.328165 0.005390
vt 0.043153 0.318275
vt 0.043153 0.318184
vt 0.043153 0.318094
vt 0.279442 0.043153
vt 0.279623 0.043153
vt 0.005390 0.204985
vt 0.005480 0.204985
vt 0.005570 0.204985
vt 0.391116 0.298768
vt 0.391116 0.298949
vt 0.108434 0.167222
vt 0.108434 0.167312
vt 0.108434 0.167402
vt 0.005570 0.118679
vt 0.005390 0.118679
vt 0.135952 0.280511
vt 0.135861 0.280511
vt 0.135771 0.280511
vt 0.420783 0.036840
vt 0.420964 0.036840
vt 0.036840 0.156442
vt 0.036840 0.156352
vt 0.036840 0.156262
vt 0.418453 0.201635
vt 0.418634 0.201635
vt 0.102703 0.005390
vt 0.102703 0.005480
vt 0.102703 0.005570
vt 0.146911 0.280511
vt 0.146731 0.280511
vt 0.137117 0.118679
vt 0.137026 0.118679
vt 0.136936 0.118679
vt 0.393446 0.136936
vt 0.393446 0.137117
vt 0.174248 0.318275
vt 0.174248 0.318184
vt 0.174248 0.318094
vt 0.325835 0.167402
vt 0.325835 0.167222
vt 0.239529 0.167222
vt 0.239529 0.167312
vt 0.239529 0.167402
vt 0.288253 0.267499
vt 0.288072 0.267499
vt 0.248173 0.005390
vt 0.248173 0.005480
vt 0.248173 0.005570
vt 0.279442 0.118679
vt 0.279442 0.080916
vt 0.279623 0.080916
vt 0.279623 0.118679
vt 0.005390 0.280511
vt 0.005390 0.242748
vt 0.005480 0.242748
vt 0.005480 0.280511
vt 0.005570 0.242748
vt 0.005570 0.280511
vt 0.005570 0.043153
vt 0.005570 0.080916
vt 0.005390 0.080916
vt 0.005390 0.043153
vt 0.135952 0.204985
vt 0.135952 0.242748
vt 0.135861 0.242748
vt 0.135861 0.204985
vt 0.135771 0.242748
vt 0.135771 0.204985
vt 0.146911 0.204985
vt 0.146911 0.242748
vt 0.146731 0.242748
vt 0.146731 0.204985
vt 0.137117 0.043153
vt 0.137117 0.080916
vt 0.137026 0.080916
vt 0.137026 0.043153
vt 0.136936 0.080916
vt 0.136936 0.043153
vt 0.148076 0.043153
vt 0.147896 0.043153
vt 0.277293 0.204985
vt 0.277202 0.204985
vt 0.277112 0.204985
vt 0.239529 0.242567
vt 0.239529 0.242658
vt 0.239529 0.242748
vt 0.512848 0.204985
vt 0.513029 0.204985
vt 0.393446 0.005570
vt 0.365928 0.005570
vt 0.365928 0.005390
vt 0.393446 0.005390
vt 0.108434 0.318275
vt 0.080916 0.318275
vt 0.080916 0.318184
vt 0.108434 0.318184
vt 0.080916 0.318094
vt 0.108434 0.318094
vt 0.325835 0.298768
vt 0.363598 0.298768
vt 0.363598 0.298949
vt 0.325835 0.298949
vt 0.043153 0.167222
vt 0.080916 0.167222
vt 0.080916 0.167312
vt 0.043153 0.167312
vt 0.080916 0.167402
vt 0.043153 0.167402
vt 0.391116 0.167402
vt 0.363598 0.167402
vt 0.363598 0.167222
vt 0.391116 0.167222
vt 0.174248 0.167222
vt 0.201766 0.167222
vt 0.201766 0.167312
vt 0.174248 0.167312
vt 0.201766 0.167402
vt 0.174248 0.167402
vt 0.172440 0.533687
vt 0.172260 0.533687
vt 0.201766 0.280511
vt 0.201676 0.280511
vt 0.201586 0.280511
vt 0.420783 0.102703
vt 0.420783 0.068290
vt 0.420964 0.068290
vt 0.420964 0.102703
vt 0.102703 0.156442
vt 0.068290 0.156442
vt 0.068290 0.156352
vt 0.102703 0.156352
vt 0.068290 0.156262
vt 0.102703 0.156262
vt 0.418453 0.267499
vt 0.418453 0.236049
vt 0.418634 0.236049
vt 0.418634 0.267499
vt 0.036840 0.005390
vt 0.068290 0.005390
vt 0.068290 0.005480
vt 0.036840 0.005480
vt 0.068290 0.005570
vt 0.036840 0.005570
vt 0.290583 0.036840
vt 0.290402 0.036840
vt 0.248173 0.156442
vt 0.248173 0.156352
vt 0.248173 0.156262
vt 0.288253 0.201635
vt 0.288253 0.236049
vt 0.288072 0.236049
vt 0.288072 0.201635
vt 0.182309 0.005390
vt 0.216723 0.005390
vt 0.216723 0.005480
vt 0.182309 0.005480
vt 0.216723 0.005570
vt 0.182309 0.005570
vt 0.182309 0.080735
vt 0.182309 0.080826
vt 0.182309 0.080916
vt 0.547262 0.167222
vt 0.547262 0.167402
vt 0.206673 0.571270
vt 0.206673 0.571450
vt 0.365928 0.102703
vt 0.366019 0.102703
vt 0.366109 0.102703
vt 0.216903 0.118679
vt 0.216813 0.118679
vt 0.216723 0.118679
vt 0.363598 0.347491
vt 0.363418 0.347491
vt 0.325835 0.385074
vt 0.325835 0.385254
vt 0.328165 0.068290
vt 0.328165 0.068199
vt 0.328165 0.068109
vt 0.581494 0.204985
vt 0.581675 0.204985
vt 0.325835 0.309728
vt 0.325835 0.309818
vt 0.325835 0.309908
vt 0.547262 0.242567
vt 0.547262 0.242748
vt 0.206673 0.495924
vt 0.206673 0.496014
vt 0.206673 0.496104
vt 0.288253 0.347491
vt 0.288162 0.347491
vt 0.288072 0.347491
vt 0.241087 0.533687
vt 0.240906 0.533687
vt 0.526609 0.595441
vt 0.526790 0.595441
vt 0.881242 0.109372
vt 0.881152 0.109372
vt 0.881062 0.109372
vt 0.101449 0.811792
vt 0.101449 0.811611
vt 0.866342 0.144780
vt 0.866342 0.144690
vt 0.866342 0.144600
vt 0.288253 0.598312
vt 0.288072 0.598312
vt 0.851442 0.109372
vt 0.851532 0.109372
vt 0.851623 0.109372
vt 0.060869 0.882247
vt 0.060869 0.882428
vt 0.866342 0.073964
vt 0.866342 0.074054
vt 0.866342 0.074145
vt 0.491381 0.630669
vt 0.491381 0.630849
vt 0.075769 0.847020
vt 0.075679 0.847020
vt 0.075589 0.847020
vt 0.323480 0.633539
vt 0.323480 0.633720
vt 0.045969 0.847020
vt 0.046059 0.847020
vt 0.046150 0.847020
vt 0.020290 0.882247
vt 0.020290 0.882428
vt 0.060869 0.811611
vt 0.060869 0.811702
vt 0.060869 0.811792
vt 0.456154 0.595441
vt 0.455973 0.595441
vt 0.035190 0.847020
vt 0.035099 0.847020
vt 0.035009 0.847020
vt 0.358708 0.598312
vt 0.358888 0.598312
vt 0.005390 0.847020
vt 0.005480 0.847020
vt 0.005570 0.847020
vt 0.101449 0.882247
vt 0.101449 0.882428
vt 0.020290 0.811611
vt 0.020290 0.811702
vt 0.020290 0.811792
vt 0.491381 0.560214
vt 0.491381 0.560033
vt 0.116349 0.847020
vt 0.116258 0.847020
vt 0.116168 0.847020
vt 0.323480 0.563084
vt 0.323480 0.562903
vt 0.086548 0.847020
vt 0.086639 0.847020
vt 0.086729 0.847020
vt 0.311715 0.802901
vt 0.195902 0.813277
vt 0.817020 0.097607
vt 0.817054 0.029032
vt 0.812735 0.265681
vt 0.398020 0.803532
vt 0.041718 0.365382
vt 0.410705 0.512926
vt 0.465741 0.203550
vt 0.468071 0.041718
vt 0.494140 0.429491
vt 0.125153 0.365382
vt 0.208588 0.365382
vt 0.125153 0.532252
vt 0.494140 0.512926
vt 0.324400 0.515796
vt 0.041717 0.532252
vt 0.410705 0.346056
vt 0.410705 0.429491
vt 0.125153 0.448817
vt 0.494140 0.346056
vt 0.208588 0.448817
vt 0.324400 0.432361
vt 0.041718 0.448817
vt 0.190314 0.919890
vt 0.734674 0.937056
vt 0.803307 0.935097
vt 0.640898 0.937056
vt 0.687786 0.937056
vt 0.559302 0.918225
vt 0.653556 0.558377
vt 0.871239 0.837513
vt 0.879008 0.545270
vt 0.883171 0.702788
vt 0.143265 0.842325
vt 0.653556 0.630583
vt 0.020463 0.960143
vt 0.963347 0.821873
vt 0.461527 0.963700
vt 0.187333 0.963797
vt 0.962422 0.894079
vt 0.556321 0.962132
vt 0.723191 0.471299
vt 0.754895 0.101667
vt 0.754929 0.033092
vt 0.650546 0.768318
vt 0.199962 0.751152
vt 0.474156 0.737906
vt 0.849537 0.480737
vt 0.644522 0.886543
vt 0.698658 0.886543
vt 0.752795 0.886543
vt 0.873155 0.027068
vt 0.193938 0.869377
vt 0.897705 0.303523
vt 0.901644 0.135449
vt 0.927730 0.303523
vt 0.951489 0.431361
vt 0.353630 0.901514
vt 0.803000 0.141651
vt 0.628185 0.280209
vt 0.837018 0.549991
vt 0.253518 0.833699
vt 0.841181 0.707509
vt 0.259979 0.617663
vt 0.513010 0.923831
vt 0.950527 0.567014
vt 0.762360 0.148278
vt 0.831531 0.140158
vt 0.944845 0.650318
vt 0.735322 0.148278
vt 0.951231 0.723423
vt 0.550586 0.040798
vt 0.576656 0.512006
vt 0.576656 0.593602
vt 0.409786 0.595441
vt 0.576656 0.428571
vt 0.576656 0.345136
vt 0.687533 0.102844
vt 0.102810 0.705767
vt 0.720263 0.700956
vt 0.723929 0.556544
vt 0.034270 0.705767
vt 0.651724 0.700956
vt 0.585558 0.281910
vt 0.959171 0.531331
vt 0.956720 0.258812
vt 0.958641 0.394185
vt 0.958860 0.022164
vt 0.924054 0.954136
vt 0.535426 0.276106
vt 0.396956 0.860533
vt 0.469032 0.865151
vt 0.563826 0.866813
vt 0.310650 0.859901
vt 0.851495 0.618782
vt 0.943355 0.772225
vt 0.245110 0.949378
vt 0.951460 0.476661
vt 0.954318 0.613806
vt 0.872705 0.948785
vt 0.943486 0.342836
vt 0.462676 0.119758
vt 0.653776 0.340661
vt 0.653776 0.413306
vt 0.653776 0.485952
vt 0.203193 0.613162
vt 0.535322 0.119758
vt 0.475351 0.670526
vt 0.683230 0.264694
vt 0.201157 0.683772
vt 0.687550 0.034287
vt 0.683231 0.196119
vt 0.316969 0.673397
vt 0.346364 0.958451
vt 0.862230 0.277472
vt 0.853340 0.195825
vt 0.144221 0.614793
vt 0.842932 0.412845
vt 0.958958 0.132256
vt 0.808290 0.199240
vt 0.354606 0.798456
vt 0.264164 0.361072
vt 0.264164 0.435889
vt 0.521108 0.729401
vt 0.257642 0.755468
vt 0.512297 0.964044
vt 0.966636 0.174752
vt 0.966636 0.214252
vt 0.799613 0.978291
vt 0.637204 0.980250
vt 0.965968 0.951722
vt 0.259550 0.687665
vt 0.787377 0.556072
vt 0.883429 0.406764
vt 0.893837 0.189744
vt 0.786960 0.337279
vt 0.921925 0.902794
vt 0.568950 0.739568
vt 0.033092 0.773130
vt 0.101632 0.773130
vt 0.782915 0.768318
vt 0.716731 0.768318
vt 0.315775 0.740776
vt 0.453056 0.274300
vt 0.704551 0.830443
vt 0.762616 0.830443
vt 0.820680 0.830443
vt 0.646486 0.830443
vt 0.600677 0.127048
vt 0.959320 0.688295
vt 0.304291 0.959597
vt 0.960104 0.090183
vt 0.390597 0.960228
vt 0.116690 0.959545
vt 0.073472 0.959545
vt 0.402080 0.741408
vt 0.789376 0.405114
vt 0.789376 0.471299
vt 0.790435 0.623907
vt 0.787626 0.699778
vt 0.750610 0.194924
vt 0.262983 0.524376
vt 0.930378 0.188843
vt 0.723501 0.624656
vt 0.723941 0.338180
vt 0.921204 0.700527
vt 0.919970 0.405863
vt 0.248050 0.900454
vt 0.908625 0.262580
vt 0.912563 0.094506
vt 0.025931 0.913749
vt 0.905394 0.616746
vt 0.902537 0.479600
vt 0.076922 0.912877
vt 0.394047 0.913560
vt 0.917825 0.826469
vt 0.466123 0.918178
vt 0.307742 0.912929
vt 0.127041 0.912877
vt 0.723191 0.405114
vt 0.515236 0.870275
vt 0.918460 0.033092
vt 0.918771 0.542260
vt 0.513869 0.804090
vt 0.750610 0.263499
vt 0.151401 0.704590
vt 0.597068 0.922065
vt 0.468348 0.804090
vt 0.563142 0.805753
vt 0.352940 0.859217
vt 0.151401 0.770774
vt 0.842097 0.775321
vt 0.894274 0.775321
vt 0.894405 0.345933
vt 0.875802 0.899704
vt 0.842227 0.345933
vt 0.805952 0.885564
vt 0.248173 0.118679
vt 0.328165 0.036840
vt 0.248173 0.043153
vt 0.393446 0.036840
vt 0.239529 0.204985
vt 0.182309 0.043153
vt 0.174248 0.280511
vt 0.393446 0.102703
vt 0.174248 0.204985
vt 0.248173 0.080916
vt 0.174248 0.242748
vt 0.547262 0.204985
vt 0.365928 0.036840
vt 0.206673 0.533687
vt 0.201766 0.204985
vt 0.393446 0.068290
vt 0.325835 0.347491
vt 0.216723 0.043153
vt 0.866342 0.109372
vt 0.101449 0.847020
vt 0.491381 0.595441
vt 0.323480 0.598312
vt 0.060869 0.847020
vt 0.020290 0.847020
s 1
usemtl Sci-Fi_Detailed_Tesseract_Inside
f 2/1/1 10/2/2 12/3/3 4/4/4
f 4/4/4 12/3/3 11/5/5 3/6/6
f 3/7/6 11/8/5 9/9/7 1/10/8
f 14/11/9 6/12/10 8/13/11 16/14/12
f 16/14/12 8/13/11 7/15/13 15/16/14
f 15/17/14 7/18/13 5/19/15 13/20/16
f 10/2/2 18/21/17 20/22/18 12/3/3
f 12/3/3 20/22/18 19/23/19 11/5/5
f 11/8/5 19/24/19 17/25/20 9/9/7
f 22/26/21 14/11/9 16/14/12 24/27/22
f 24/27/22 16/14/12 15/16/14 23/28/23
f 23/29/23 15/17/14 13/20/16 21/30/24
f 18/21/17 26/31/25 28/32/26 20/22/18
f 20/22/18 28/32/26 27/33/27 19/23/19
f 19/24/19 27/34/27 25/35/28 17/25/20
f 30/36/29 22/26/21 24/27/22 32/37/30
f 32/37/30 24/27/22 23/28/23 31/38/31
f 31/39/31 23/29/23 21/30/24 29/40/32
f 26/31/25 34/41/33 36/42/34 28/32/26
f 28/32/26 36/42/34 35/43/35 27/33/27
f 27/34/27 35/44/35 33/45/36 25/35/28
f 38/46/37 30/36/29 32/37/30 40/47/38
f 40/47/38 32/37/30 31/38/31 39/48/39
f 39/49/39 31/39/31 29/40/32 37/50/40
f 34/51/33 42/52/41 44/53/42 36/54/34
f 36/54/34 44/53/42 43/55/43 35/56/35
f 35/44/35 43/57/43 41/58/44 33/45/36
f 46/59/45 38/60/37 40/61/38 48/62/46
f 48/62/46 40/61/38 39/63/39 47/64/47
f 47/65/47 39/49/39 37/50/40 45/66/48
f 42/52/41 50/67/49 52/68/50 44/53/42
f 44/53/42 52/68/50 51/69/51 43/55/43
f 43/57/43 51/70/51 49/71/52 41/58/44
f 54/72/53 46/59/45 48/62/46 56/73/54
f 56/73/54 48/62/46 47/64/47 55/74/55
f 55/75/55 47/65/47 45/66/48 53/76/56
f 50/67/49 58/77/57 60/78/58 52/68/50
f 52/68/50 60/78/58 59/79/59 51/69/51
f 51/70/51 59/80/59 57/81/60 49/71/52
f 62/82/61 54/72/53 56/73/54 64/83/62
f 64/83/62 56/73/54 55/74/55 63/84/63
f 63/85/63 55/75/55 53/76/56 61/86/64
f 58/77/57 66/87/65 68/88/66 60/78/58
f 60/78/58 68/88/66 67/89/67 59/79/59
f 59/80/59 67/90/67 65/91/68 57/81/60
f 70/92/69 62/82/61 64/83/62 72/93/70
f 72/93/70 64/83/62 63/84/63 71/94/71
f 71/95/71 63/85/63 61/86/64 69/96/72
f 66/87/65 74/97/73 76/98/74 68/88/66
f 68/88/66 76/98/74 75/99/75 67/89/67
f 67/90/67 75/100/75 73/101/76 65/91/68
f 78/102/77 70/92/69 72/93/70 80/103/78
f 80/103/78 72/93/70 71/94/71 79/104/79
f 79/105/79 71/95/71 69/96/72 77/106/80
f 74/107/73 82/108/81 84/109/82 76/110/74
f 76/110/74 84/109/82 83/111/83 75/112/75
f 75/100/75 83/113/83 81/114/84 73/101/76
f 86/115/85 78/116/77 80/117/78 88/118/86
f 88/118/86 80/117/78 79/119/79 87/120/87
f 87/121/87 79/105/79 77/106/80 85/122/88
f 82/108/81 90/123/89 92/124/90 84/109/82
f 84/109/82 92/124/90 91/125/91 83/111/83
f 83/113/83 91/126/91 89/127/92 81/114/84
f 94/128/93 86/115/85 88/118/86 96/129/94
f 96/129/94 88/118/86 87/120/87 95/130/95
f 95/131/95 87/121/87 85/122/88 93/132/96
f 90/123/89 98/133/97 100/134/98 92/124/90
f 92/124/90 100/134/98 99/135/99 91/125/91
f 91/126/91 99/136/99 97/137/100 89/127/92
f 102/138/101 94/128/93 96/129/94 104/139/102
f 104/139/102 96/129/94 95/130/95 103/140/103
f 103/141/103 95/131/95 93/132/96 101/142/104
f 98/133/97 106/143/105 108/144/106 100/134/98
f 100/134/98 108/144/106 107/145/107 99/135/99
f 99/136/99 107/146/107 105/147/108 97/137/100
f 110/148/109 102/138/101 104/139/102 112/149/110
f 112/149/110 104/139/102 103/140/103 111/150/111
f 111/151/111 103/141/103 101/142/104 109/152/112
f 106/143/105 114/153/113 116/154/114 108/144/106
f 108/144/106 116/154/114 115/155/115 107/145/107
f 107/146/107 115/156/115 113/157/116 105/147/108
f 118/158/117 110/148/109 112/149/110 120/159/118
f 120/159/118 112/149/110 111/150/111 119/160/119
f 119/161/119 111/151/111 109/152/112 117/162/120
f 114/163/113 122/164/121 124/165/122 116/166/114
f 116/166/114 124/165/122 123/167/123 115/168/115
f 115/156/115 123/169/123 121/170/124 113/157/116
f 126/171/125 118/172/117 120/173/118 128/174/126
f 128/174/126 120/173/118 119/175/119 127/176/127
f 127/177/127 119/161/119 117/162/120 125/178/128
f 122/164/121 130/179/129 132/180/130 124/165/122
f 124/165/122 132/180/130 131/181/131 123/167/123
f 123/169/123 131/182/131 129/183/132 121/170/124
f 134/184/133 126/171/125 128/174/126 136/185/134
f 136/185/134 128/174/126 127/176/127 135/186/135
f 135/187/135 127/177/127 125/178/128 133/188/136
f 130/179/129 138/189/137 140/190/138 132/180/130
f 132/180/130 140/190/138 139/191/139 131/181/131
f 131/182/131 139/192/139 137/193/140 129/183/132
f 142/194/141 134/184/133 136/185/134 144/195/142
f 144/195/142 136/185/134 135/186/135 143/196/143
f 143/197/143 135/187/135 133/188/136 141/198/144
f 138/189/137 146/199/145 148/200/146 140/190/138
f 140/190/138 148/200/146 147/201/147 139/191/139
f 139/192/139 147/202/147 145/203/148 137/193/140
f 150/204/149 142/194/141 144/195/142 152/205/150
f 152/205/150 144/195/142 143/196/143 151/206/151
f 151/207/151 143/197/143 141/198/144 149/208/152
f 146/199/145 154/209/153 156/210/154 148/200/146
f 148/200/146 156/210/154 155/211/155 147/201/147
f 147/202/147 155/212/155 153/213/156 145/203/148
f 158/214/157 150/204/149 152/205/150 160/215/158
f 160/215/158 152/205/150 151/206/151 159/216/159
f 159/217/159 151/207/151 149/208/152 157/218/160
f 154/219/153 2/1/1 4/4/4 156/220/154
f 156/220/154 4/4/4 3/6/6 155/221/155
f 155/212/155 3/7/6 1/10/8 153/213/156
f 6/12/10 158/222/157 160/223/158 8/13/11
f 8/13/11 160/223/158 159/224/159 7/15/13
f 7/18/13 159/217/159 157/218/160 5/19/15
f 1/10/8 9/9/7 17/25/20 25/35/28 33/45/36 41/58/44 49/71/52 57/81/60 65/91/68 73/101/76 81/114/84 89/127/92 97/137/100 105/147/108 113/157/116 121/170/124 129/183/132 137/193/140 145/203/148 153/213/156
f 2/1/1 6/12/10 14/11/9 10/2/2
f 154/219/153 158/222/157 6/12/10 2/1/1
f 13/20/16 5/19/15 157/218/160 149/208/152 141/198/144 133/188/136 125/178/128 117/162/120 109/152/112 101/142/104 93/132/96 85/122/88 77/106/80 69/96/72 61/86/64 53/76/56 45/66/48 37/50/40 29/40/32 21/30/24
f 10/2/2 14/11/9 22/26/21 18/21/17
f 18/21/17 22/26/21 30/36/29 26/31/25
f 26/31/25 30/36/29 38/46/37 34/41/33
f 34/51/33 38/60/37 46/59/45 42/52/41
f 42/52/41 46/59/45 54/72/53 50/67/49
f 50/67/49 54/72/53 62/82/61 58/77/57
f 58/77/57 62/82/61 70/92/69 66/87/65
f 66/87/65 70/92/69 78/102/77 74/97/73
f 74/107/73 78/116/77 86/115/85 82/108/81
f 82/108/81 86/115/85 94/128/93 90/123/89
f 90/123/89 94/128/93 102/138/101 98/133/97
f 98/133/97 102/138/101 110/148/109 106/143/105
f 106/143/105 110/148/109 118/158/117 114/153/113
f 114/163/113 118/172/117 126/171/125 122/164/121
f 122/164/121 126/171/125 134/184/133 130/179/129
f 130/179/129 134/184/133 142/194/141 138/189/137
f 138/189/137 142/194/141 150/204/149 146/199/145
f 146/199/145 150/204/149 158/214/157 154/209/153
usemtl Sci-Fi_Detailed_Tesseract
f 203/225/161 168/226/161 161/227/161 169/228/161
f 196/229/162 177/230/162 163/231/162 170/232/162
f 195/233/163 174/234/163 162/235/163 178/236/163
f 174/234/163 191/237/163 181/238/163 162/235/163
f 170/232/162 163/231/162 179/239/162 194/240/162
f 168/226/161 198/241/161 173/242/161 161/227/161
f 177/230/162 201/243/162 175/244/162 163/231/162
f 169/228/161 161/227/161 166/245/161 204/246/161
f 178/236/163 162/235/163 165/247/163 205/248/163
f 163/231/162 175/244/162 207/249/162 179/239/162
f 162/235/163 181/238/163 210/250/163 165/247/163
f 161/227/161 173/242/161 211/251/161 166/245/161
f 410/252/164 413/253/165 415/254/166 414/255/167
f 413/256/165 417/257/168 418/258/169 415/259/166
f 411/260/170 416/261/171 418/258/169 417/257/168
f 416/261/171 420/262/172 421/263/173 418/258/169
f 412/264/174 419/265/175 421/266/173 420/267/172
f 419/268/175 414/255/167 415/254/166 421/269/173
f 415/259/166 418/258/169 421/263/173
f 422/270/176 425/271/177 427/272/178 426/273/179
f 425/274/177 429/275/180 430/276/181 427/277/178
f 423/278/182 428/279/183 430/276/181 429/275/180
f 428/279/183 432/280/184 433/281/185 430/276/181
f 424/282/186 431/283/187 433/284/185 432/285/184
f 431/283/187 426/286/179 427/287/178 433/284/185
f 427/277/178 430/276/181 433/281/185
f 434/288/188 437/289/189 439/290/190 438/291/191
f 437/289/189 441/292/192 442/293/193 439/290/190
f 435/294/194 440/295/195 442/296/193 441/297/192
f 440/298/195 444/299/196 445/300/197 442/301/193
f 436/302/198 443/303/199 445/300/197 444/299/196
f 443/303/199 438/304/191 439/305/190 445/300/197
f 439/290/190 442/293/193 445/306/197
f 446/307/200 449/308/201 451/309/202 450/310/203
f 449/308/201 453/311/204 454/312/205 451/309/202
f 447/313/206 452/314/207 454/315/205 453/316/204
f 452/317/207 456/318/208 457/319/209 454/320/205
f 448/321/210 455/322/211 457/319/209 456/318/208
f 455/323/211 450/310/203 451/309/202 457/324/209
f 451/309/202 454/312/205 457/324/209
f 458/325/212 461/326/213 463/327/214 462/328/215
f 461/326/213 465/329/216 466/330/217 463/327/214
f 459/331/218 464/332/219 466/333/217 465/334/216
f 464/332/219 468/335/220 469/336/221 466/333/217
f 460/337/222 467/338/223 469/339/221 468/340/220
f 467/341/223 462/328/215 463/327/214 469/342/221
f 463/327/214 466/330/217 469/342/221
f 470/343/224 473/344/225 475/345/226 474/346/227
f 473/347/225 477/348/228 478/349/229 475/350/226
f 471/351/230 476/352/231 478/349/229 477/348/228
f 476/353/231 480/354/232 481/355/233 478/356/229
f 472/357/234 479/358/235 481/355/233 480/354/232
f 479/358/235 474/359/227 475/360/226 481/355/233
f 475/350/226 478/349/229 481/361/233
f 482/362/236 485/363/237 487/364/238 486/365/239
f 485/366/237 489/367/240 490/368/241 487/369/238
f 483/370/242 488/371/243 490/368/241 489/367/240
f 488/371/243 492/372/244 493/373/245 490/368/241
f 484/374/246 491/375/247 493/376/245 492/377/244
f 491/375/247 486/378/239 487/379/238 493/376/245
f 487/369/238 490/368/241 493/373/245
f 494/380/248 497/381/249 499/382/250 498/383/251
f 497/384/249 501/385/252 502/386/253 499/387/250
f 495/388/254 500/389/255 502/386/253 501/385/252
f 500/389/255 504/390/256 505/391/257 502/386/253
f 496/392/258 503/393/259 505/394/257 504/395/256
f 503/396/259 498/383/251 499/382/250 505/397/257
f 499/387/250 502/386/253 505/391/257
f 506/398/260 509/399/261 511/400/262 510/401/263
f 509/402/261 513/403/264 514/404/265 511/405/262
f 507/406/266 512/407/267 514/404/265 513/403/264
f 512/408/267 516/409/268 517/410/269 514/411/265
f 508/412/270 515/413/271 517/410/269 516/409/268
f 515/413/271 510/414/263 511/415/262 517/410/269
f 511/405/262 514/404/265 517/416/269
f 518/417/272 521/418/273 523/419/178 522/420/274
f 521/418/273 525/421/275 526/422/276 523/419/178
f 519/423/277 524/424/278 526/425/276 525/426/275
f 524/424/278 528/427/279 529/428/185 526/425/276
f 520/429/280 527/430/281 529/431/185 528/432/279
f 527/433/281 522/420/274 523/419/178 529/434/185
f 523/419/178 526/422/276 529/434/185
f 530/435/282 533/436/283 535/437/284 534/438/285
f 533/436/283 537/439/286 538/440/287 535/437/284
f 531/441/288 536/442/289 538/443/287 537/444/286
f 536/442/289 540/445/290 541/446/291 538/443/287
f 532/447/292 539/448/293 541/449/291 540/450/290
f 539/451/293 534/438/285 535/437/284 541/452/291
f 535/437/284 538/440/287 541/452/291
f 542/453/294 545/454/295 547/455/202 546/456/296
f 545/457/295 549/458/297 550/459/205 547/460/202
f 543/461/298 548/462/299 550/459/205 549/458/297
f 548/463/299 552/464/300 553/465/209 550/466/205
f 544/467/301 551/468/302 553/465/209 552/464/300
f 551/468/302 546/469/296 547/470/202 553/465/209
f 547/460/202 550/459/205 553/471/209
f 554/472/303 557/473/304 559/474/305 558/475/306
f 557/473/304 561/476/307 562/477/308 559/474/305
f 555/478/309 560/479/310 562/480/308 561/481/307
f 560/479/310 564/482/311 565/483/312 562/480/308
f 556/484/313 563/485/314 565/486/312 564/487/311
f 563/488/314 558/475/306 559/474/305 565/489/312
f 559/474/305 562/477/308 565/489/312
f 566/490/315 569/491/316 571/492/317 570/493/318
f 569/494/316 573/495/319 574/496/320 571/497/317
f 567/498/321 572/499/322 574/496/320 573/495/319
f 572/500/322 576/501/323 577/502/324 574/503/320
f 568/504/325 575/505/326 577/502/324 576/501/323
f 575/505/326 570/506/318 571/507/317 577/502/324
f 571/497/317 574/496/320 577/508/324
f 578/509/327 581/510/328 583/511/329 582/512/330
f 581/510/328 585/513/331 586/514/332 583/511/329
f 579/515/333 584/516/334 586/517/332 585/518/331
f 584/516/334 588/519/335 589/520/336 586/517/332
f 580/521/337 587/522/338 589/523/336 588/524/335
f 587/525/338 582/512/330 583/511/329 589/526/336
f 583/511/329 586/514/332 589/526/336
f 590/527/339 593/528/340 595/529/250 594/530/341
f 593/531/340 597/532/342 598/533/253 595/534/250
f 591/535/343 596/536/344 598/533/253 597/532/342
f 596/537/344 600/538/345 601/539/346 598/540/253
f 592/541/347 599/542/348 601/539/346 600/538/345
f 599/542/348 594/543/341 595/544/250 601/539/346
f 595/534/250 598/533/253 601/545/346
f 602/546/349 605/547/261 607/548/350 606/549/263
f 605/550/261 609/551/351 610/552/352 607/553/350
f 603/554/266 608/555/267 610/552/352 609/551/351
f 608/556/267 612/557/268 613/558/353 610/559/352
f 604/560/270 611/561/271 613/558/353 612/557/268
f 611/561/271 606/562/263 607/563/350 613/558/353
f 607/553/350 610/552/352 613/564/353
f 614/565/272 617/566/273 619/567/354 618/568/274
f 617/566/273 621/569/275 622/570/355 619/567/354
f 615/571/277 620/572/356 622/573/355 621/574/275
f 620/572/356 624/575/357 625/576/358 622/573/355
f 616/577/280 623/578/359 625/579/358 624/580/357
f 623/581/359 618/568/274 619/567/354 625/582/358
f 619/567/354 622/570/355 625/582/358
f 626/583/360 629/584/361 631/585/362 630/586/363
f 629/584/361 633/587/364 634/588/365 631/585/362
f 627/589/288 632/590/289 634/591/365 633/592/364
f 632/590/289 636/593/290 637/594/197 634/591/365
f 628/595/292 635/596/366 637/597/197 636/598/290
f 635/599/366 630/586/363 631/585/362 637/600/197
f 631/585/362 634/588/365 637/600/197
f 638/601/294 641/602/367 643/603/202 642/604/368
f 641/605/367 645/606/297 646/607/369 643/608/202
f 639/609/298 644/610/299 646/607/369 645/606/297
f 644/611/299 648/612/370 649/613/371 646/614/369
f 640/615/372 647/616/302 649/613/371 648/612/370
f 647/616/302 642/617/368 643/618/202 649/613/371
f 643/608/202 646/607/369 649/619/371
f 650/620/303 653/621/304 655/622/373 654/623/306
f 653/621/304 657/624/307 658/625/374 655/622/373
f 651/626/375 656/627/310 658/628/374 657/629/307
f 656/627/310 660/630/311 661/631/376 658/628/374
f 652/632/377 659/633/314 661/634/376 660/635/311
f 659/636/314 654/623/306 655/622/373 661/637/376
f 655/622/373 658/625/374 661/637/376
f 662/638/378 665/639/379 667/640/380 666/641/381
f 665/642/379 669/643/319 670/644/320 667/645/380
f 663/646/321 668/647/382 670/644/320 669/643/319
f 668/648/382 672/649/323 673/650/383 670/651/320
f 664/652/325 671/653/326 673/650/383 672/649/323
f 671/653/326 666/654/381 667/655/380 673/650/383
f 667/645/380 670/644/320 673/656/383
f 674/657/384 677/658/385 679/659/238 678/660/386
f 677/658/385 681/661/387 682/662/241 679/659/238
f 675/663/388 680/664/334 682/665/241 681/666/387
f 680/664/334 684/667/389 685/668/390 682/665/241
f 676/669/337 683/670/391 685/671/390 684/672/389
f 683/673/391 678/660/386 679/659/238 685/674/390
f 679/659/238 682/662/241 685/674/390
f 686/675/392 689/676/393 691/677/394 690/678/395
f 689/679/393 693/680/342 694/681/396 691/682/394
f 687/683/343 692/684/397 694/681/396 693/680/342
f 692/685/397 696/686/398 697/687/399 694/688/396
f 688/689/400 695/690/401 697/687/399 696/686/398
f 695/690/401 690/691/395 691/692/394 697/687/399
f 691/682/394 694/681/396 697/693/399
f 698/694/349 701/695/261 703/696/262 702/697/263
f 701/698/261 705/699/351 706/700/402 703/701/262
f 699/702/403 704/703/267 706/700/402 705/699/351
f 704/704/267 708/705/268 709/706/173 706/707/402
f 700/708/270 707/709/271 709/706/173 708/705/268
f 707/709/271 702/710/263 703/711/262 709/706/173
f 703/701/262 706/700/402 709/712/173
f 710/713/404 713/714/273 715/715/405 714/716/274
f 713/714/273 717/717/275 718/718/406 715/715/405
f 711/719/407 716/720/278 718/721/406 717/722/275
f 716/720/278 720/723/408 721/724/409 718/721/406
f 712/725/410 719/726/411 721/727/409 720/728/408
f 719/729/411 714/716/274 715/715/405 721/730/409
f 715/715/405 718/718/406 721/730/409
f 722/731/360 725/732/412 727/733/284 726/734/363
f 725/732/412 729/735/364 730/736/193 727/733/284
f 723/737/288 728/738/289 730/739/193 729/740/364
f 728/738/289 732/741/413 733/742/414 730/739/193
f 724/743/292 731/744/366 733/745/414 732/746/413
f 731/747/366 726/734/363 727/733/284 733/748/414
f 727/733/284 730/736/193 733/748/414
f 734/749/415 737/750/295 739/751/416 738/752/417
f 737/753/295 741/754/418 742/755/419 739/756/416
f 735/757/298 740/758/299 742/755/419 741/754/418
f 740/759/299 744/760/370 745/761/420 742/762/419
f 736/763/421 743/764/422 745/761/420 744/760/370
f 743/764/422 738/765/417 739/766/416 745/761/420
f 739/756/416 742/755/419 745/767/420
f 746/768/303 749/769/423 751/770/424 750/771/425
f 749/769/423 753/772/426 754/773/217 751/770/424
f 747/774/375 752/775/427 754/776/217 753/777/426
f 752/775/427 756/778/428 757/779/376 754/776/217
f 748/780/429 755/781/430 757/782/376 756/783/428
f 755/784/430 750/771/425 751/770/424 757/785/376
f 751/770/424 754/773/217 757/785/376
f 758/786/431 761/787/316 763/788/432 762/789/433
f 761/790/316 765/791/319 766/792/434 763/793/432
f 759/794/321 764/795/435 766/792/434 765/791/319
f 764/796/435 768/797/436 769/798/383 766/799/434
f 760/800/325 767/801/437 769/798/383 768/797/436
f 767/801/437 762/802/433 763/803/432 769/798/383
f 763/793/432 766/792/434 769/804/383
f 770/805/327 773/806/438 775/807/238 774/808/439
f 773/806/438 777/809/440 778/810/241 775/807/238
f 771/811/388 776/812/441 778/813/241 777/814/440
f 776/812/441 780/815/442 781/816/245 778/813/241
f 772/817/443 779/818/444 781/819/245 780/820/442
f 779/821/444 774/808/439 775/807/238 781/822/245
f 775/807/238 778/810/241 781/822/245
f 782/823/445 785/824/446 787/825/447 786/826/448
f 785/827/446 789/828/342 790/829/396 787/830/447
f 783/831/343 788/832/449 790/829/396 789/828/342
f 788/833/449 792/834/398 793/835/399 790/836/396
f 784/837/400 791/838/450 793/835/399 792/834/398
f 791/838/450 786/839/448 787/840/447 793/835/399
f 787/830/447 790/829/396 793/841/399
f 794/842/451 797/843/452 799/844/453 798/845/454
f 797/846/452 801/847/455 802/848/456 799/849/453
f 795/850/457 800/851/458 802/848/456 801/847/455
f 800/852/458 804/853/459 805/854/353 802/855/456
f 796/856/460 803/857/461 805/854/353 804/853/459
f 803/857/461 798/858/454 799/859/453 805/854/353
f 799/849/453 802/848/456 805/860/353
f 806/861/462 809/862/463 811/863/178 810/864/464
f 809/862/463 813/865/465 814/866/466 811/863/178
f 807/867/467 812/868/468 814/869/466 813/870/465
f 812/868/468 816/871/469 817/872/358 814/869/466
f 808/873/470 815/874/471 817/875/358 816/876/469
f 815/877/471 810/864/464 811/863/178 817/878/358
f 811/863/178 814/866/466 817/878/358
f 818/879/472 821/880/473 823/881/284 822/882/474
f 821/880/473 825/883/475 826/884/365 823/881/284
f 819/885/476 824/886/477 826/887/365 825/888/475
f 824/886/477 828/889/478 829/890/414 826/887/365
f 820/891/479 827/892/480 829/893/414 828/894/478
f 827/895/480 822/882/474 823/881/284 829/896/414
f 823/881/284 826/884/365 829/896/414
f 830/897/481 833/898/482 835/899/483 834/900/484
f 833/901/482 837/902/485 838/903/486 835/904/483
f 831/905/487 836/906/488 838/903/486 837/902/485
f 836/907/488 840/908/489 841/909/490 838/910/486
f 832/911/491 839/912/492 841/909/490 840/908/489
f 839/912/492 834/913/484 835/914/483 841/909/490
f 835/904/483 838/903/486 841/915/490
f 842/916/493 845/917/494 847/918/495 846/919/496
f 845/917/494 849/920/497 850/921/498 847/918/495
f 843/922/499 848/923/500 850/924/498 849/925/497
f 848/923/500 852/926/501 853/927/502 850/924/498
f 844/928/503 851/929/504 853/930/502 852/931/501
f 851/932/504 846/919/496 847/918/495 853/933/502
f 847/918/495 850/921/498 853/933/502
f 854/934/505 857/935/506 859/936/432 858/937/507
f 857/938/506 861/939/508 862/940/509 859/941/432
f 855/942/510 860/943/511 862/940/509 861/939/508
f 860/944/511 864/945/512 865/946/383 862/947/509
f 856/948/513 863/949/514 865/946/383 864/945/512
f 863/949/514 858/950/507 859/951/432 865/946/383
f 859/941/432 862/940/509 865/952/383
f 866/953/515 869/954/516 871/955/517 870/956/518
f 869/954/516 873/957/519 874/958/332 871/955/517
f 867/959/520 872/960/521 874/961/332 873/962/519
f 872/960/521 876/963/522 877/964/523 874/961/332
f 868/965/524 875/966/525 877/967/523 876/968/522
f 875/969/525 870/956/518 871/955/517 877/970/523
f 871/955/517 874/958/332 877/970/523
f 878/971/526 881/972/527 883/973/394 882/974/528
f 881/975/527 885/976/529 886/977/530 883/978/394
f 879/979/531 884/980/532 886/977/530 885/976/529
f 884/981/532 888/982/533 889/983/534 886/984/530
f 880/985/535 887/986/536 889/983/534 888/982/533
f 887/986/536 882/987/528 883/988/394 889/983/534
f 883/978/394 886/977/530 889/989/534
f 890/990/537 893/991/538 895/992/539 894/993/540
f 893/994/538 897/995/541 898/996/456 895/997/539
f 891/998/542 896/999/543 898/996/456 897/995/541
f 896/1000/543 900/1001/544 901/1002/545 898/1003/456
f 892/1004/546 899/1005/547 901/1002/545 900/1001/544
f 899/1005/547 894/1006/540 895/1007/539 901/1002/545
f 895/997/539 898/996/456 901/1008/545
f 902/1009/548 905/1010/549 907/1011/550 906/1012/551
f 905/1010/549 909/1013/552 910/1014/466 907/1011/550
f 903/1015/553 908/1016/554 910/1017/466 909/1018/552
f 908/1016/554 912/1019/555 913/1020/185 910/1017/466
f 904/1021/556 911/1022/557 913/1023/185 912/1024/555
f 911/1025/557 906/1012/551 907/1011/550 913/1026/185
f 907/1011/550 910/1014/466 913/1026/185
f 914/1027/282 917/1028/558 919/1029/362 918/1030/285
f 917/1028/558 921/1031/364 922/1032/365 919/1029/362
f 915/1033/559 920/1034/560 922/1035/365 921/1036/364
f 920/1034/560 924/1037/561 925/1038/562 922/1035/365
f 916/1039/563 923/1040/564 925/1041/562 924/1042/561
f 923/1043/564 918/1030/285 919/1029/362 925/1044/562
f 919/1029/362 922/1032/365 925/1044/562
f 926/1045/565 929/1046/566 931/1047/202 930/1048/368
f 929/1049/566 933/1050/567 934/1051/486 931/1052/202
f 927/1053/568 932/1054/569 934/1051/486 933/1050/567
f 932/1055/569 936/1056/570 937/1057/209 934/1058/486
f 928/1059/571 935/1060/422 937/1057/209 936/1056/570
f 935/1060/422 930/1061/368 931/1062/202 937/1057/209
f 931/1052/202 934/1051/486 937/1063/209
f 938/1064/572 941/1065/304 943/1066/305 942/1067/573
f 941/1065/304 945/1068/574 946/1069/575 943/1066/305
f 939/1070/576 944/1071/577 946/1072/575 945/1073/574
f 944/1071/577 948/1074/578 949/1075/312 946/1072/575
f 940/1076/579 947/1077/430 949/1078/312 948/1079/578
f 947/1080/430 942/1067/573 943/1066/305 949/1081/312
f 943/1066/305 946/1069/575 949/1081/312
f 950/1082/580 953/1083/581 955/1084/582 954/1085/583
f 953/1086/581 957/1087/584 958/1088/229 955/1089/582
f 951/1090/585 956/1091/435 958/1088/229 957/1087/584
f 956/1092/435 960/1093/586 961/1094/324 958/1095/229
f 952/1096/587 959/1097/588 961/1094/324 960/1093/586
f 959/1097/588 954/1098/583 955/1099/582 961/1094/324
f 955/1089/582 958/1088/229 961/1100/324
f 962/1101/589 965/1102/590 967/1103/329 966/1104/591
f 965/1102/590 969/1105/592 970/1106/593 967/1103/329
f 963/1107/594 968/1108/595 970/1109/593 969/1110/592
f 968/1108/595 972/1111/596 973/1112/597 970/1109/593
f 964/1113/598 971/1114/599 973/1115/597 972/1116/596
f 971/1117/599 966/1104/591 967/1103/329 973/1118/597
f 967/1103/329 970/1106/593 973/1118/597
f 974/1119/600 977/1120/601 979/1121/250 978/1122/602
f 977/1123/601 981/1124/603 982/1125/604 979/1126/250
f 975/1127/605 980/1128/606 982/1125/604 981/1124/603
f 980/1129/606 984/1130/345 985/1131/399 982/1132/604
f 976/1133/607 983/1134/608 985/1131/399 984/1130/345
f 983/1134/608 978/1135/602 979/1136/250 985/1131/399
f 979/1126/250 982/1125/604 985/1137/399
f 986/1138/609 989/1139/610 991/1140/166 990/1141/611
f 989/1142/610 993/1143/612 994/1144/265 991/1145/166
f 987/1146/613 992/1147/614 994/1144/265 993/1143/612
f 992/1148/614 996/1149/615 997/1150/269 994/1151/265
f 988/1152/616 995/1153/617 997/1150/269 996/1149/615
f 995/1153/617 990/1154/611 991/1155/166 997/1150/269
f 991/1145/166 994/1144/265 997/1156/269
f 998/1157/618 1001/1158/619 1003/1159/178 1002/1160/620
f 1001/1158/619 1005/1161/621 1006/1162/276 1003/1159/178
f 999/1163/622 1004/1164/623 1006/1165/276 1005/1166/621
f 1004/1164/623 1008/1167/555 1009/1168/185 1006/1165/276
f 1000/1169/624 1007/1170/625 1009/1171/185 1008/1172/555
f 1007/1173/625 1002/1160/620 1003/1159/178 1009/1174/185
f 1003/1159/178 1006/1162/276 1009/1174/185
f 1010/1175/626 1013/1176/627 1015/1177/284 1014/1178/628
f 1013/1176/627 1017/1179/629 1018/1180/630 1015/1177/284
f 1011/1181/631 1016/1182/632 1018/1183/630 1017/1184/629
f 1016/1182/632 1020/1185/633 1021/1186/414 1018/1183/630
f 1012/1187/634 1019/1188/635 1021/1189/414 1020/1190/633
f 1019/1191/635 1014/1178/628 1015/1177/284 1021/1192/414
f 1015/1177/284 1018/1180/630 1021/1192/414
f 1022/1193/636 1025/1194/637 1027/1195/202 1026/1196/638
f 1025/1197/637 1029/1198/639 1030/1199/486 1027/1200/202
f 1023/1201/640 1028/1202/641 1030/1199/486 1029/1198/639
f 1028/1203/641 1032/1204/642 1033/1205/371 1030/1206/486
f 1024/1207/643 1031/1208/644 1033/1205/371 1032/1204/642
f 1031/1208/644 1026/1209/638 1027/1210/202 1033/1205/371
f 1027/1200/202 1030/1199/486 1033/1211/371
f 1034/1212/645 1037/1213/646 1039/1214/214 1038/1215/647
f 1037/1213/646 1041/1216/648 1042/1217/308 1039/1214/214
f 1035/1218/649 1040/1219/650 1042/1220/308 1041/1221/648
f 1040/1219/650 1044/1222/651 1045/1223/652 1042/1220/308
f 1036/1224/653 1043/1225/654 1045/1226/652 1044/1227/651
f 1043/1228/654 1038/1215/647 1039/1214/214 1045/1229/652
f 1039/1214/214 1042/1217/308 1045/1229/652
f 1046/1230/655 1049/1231/656 1051/1232/226 1050/1233/657
f 1049/1234/656 1053/1235/658 1054/1236/659 1051/1237/226
f 1047/1238/660 1052/1239/661 1054/1236/659 1053/1235/658
f 1052/1240/661 1056/1241/662 1057/1242/233 1054/1243/659
f 1048/1244/663 1055/1245/664 1057/1242/233 1056/1241/662
f 1055/1245/664 1050/1246/657 1051/1247/226 1057/1242/233
f 1051/1237/226 1054/1236/659 1057/1248/233
f 1058/1249/665 1061/1250/666 1063/1251/517 1062/1252/667
f 1061/1250/666 1065/1253/668 1066/1254/241 1063/1251/517
f 1059/1255/669 1064/1256/670 1066/1257/241 1065/1258/668
f 1064/1256/670 1068/1259/671 1069/1260/672 1066/1257/241
f 1060/1261/673 1067/1262/674 1069/1263/672 1068/1264/671
f 1067/1265/674 1062/1252/667 1063/1251/517 1069/1266/672
f 1063/1251/517 1066/1254/241 1069/1266/672
f 1070/1267/675 1073/1268/676 1075/1269/250 1074/1270/677
f 1073/1271/676 1077/1272/678 1078/1273/396 1075/1274/250
f 1071/1275/679 1076/1276/680 1078/1273/396 1077/1272/678
f 1076/1277/680 1080/1278/681 1081/1279/257 1078/1280/396
f 1072/1281/682 1079/1282/683 1081/1279/257 1080/1278/681
f 1079/1282/683 1074/1283/677 1075/1284/250 1081/1279/257
f 1075/1274/250 1078/1273/396 1081/1285/257
f 1082/1286/684 1085/1287/685 1087/1288/539 1086/1289/686
f 1085/1290/685 1089/1291/687 1090/1292/456 1087/1293/539
f 1083/1294/688 1088/1295/689 1090/1292/456 1089/1291/687
f 1088/1296/689 1092/1297/172 1093/1298/353 1090/1299/456
f 1084/1300/690 1091/1301/691 1093/1298/353 1092/1297/172
f 1091/1301/691 1086/1302/686 1087/1303/539 1093/1298/353
f 1087/1293/539 1090/1292/456 1093/1304/353
f 1094/1305/692 1097/1306/177 1099/1307/178 1098/1308/693
f 1097/1306/177 1101/1309/694 1102/1310/695 1099/1307/178
f 1095/1311/696 1100/1312/697 1102/1313/695 1101/1314/694
f 1100/1312/697 1104/1315/184 1105/1316/185 1102/1313/695
f 1096/1317/698 1103/1318/699 1105/1319/185 1104/1320/184
f 1103/1321/699 1098/1308/693 1099/1307/178 1105/1322/185
f 1099/1307/178 1102/1310/695 1105/1322/185
f 1106/1323/700 1109/1324/701 1111/1325/362 1110/1326/702
f 1109/1324/701 1113/1327/703 1114/1328/287 1111/1325/362
f 1107/1329/704 1112/1330/705 1114/1331/287 1113/1332/703
f 1112/1330/705 1116/1333/706 1117/1334/707 1114/1331/287
f 1108/1335/708 1115/1336/709 1117/1337/707 1116/1338/706
f 1115/1339/709 1110/1326/702 1111/1325/362 1117/1340/707
f 1111/1325/362 1114/1328/287 1117/1340/707
f 1118/1341/710 1121/1342/711 1123/1343/712 1122/1344/713
f 1121/1345/711 1125/1346/714 1126/1347/715 1123/1348/712
f 1119/1349/716 1124/1350/717 1126/1347/715 1125/1346/714
f 1124/1351/717 1128/1352/718 1129/1353/371 1126/1354/715
f 1120/1355/719 1127/1356/720 1129/1353/371 1128/1352/718
f 1127/1356/720 1122/1357/713 1123/1358/712 1129/1353/371
f 1123/1348/712 1126/1347/715 1129/1359/371
f 1130/1360/721 1133/1361/722 1135/1362/424 1134/1363/215
f 1133/1361/722 1137/1364/723 1138/1365/217 1135/1362/424
f 1131/1366/724 1136/1367/725 1138/1368/217 1137/1369/723
f 1136/1367/725 1140/1370/726 1141/1371/312 1138/1368/217
f 1132/1372/727 1139/1373/728 1141/1374/312 1140/1375/726
f 1139/1376/728 1134/1363/215 1135/1362/424 1141/1377/312
f 1135/1362/424 1138/1365/217 1141/1377/312
f 1142/1378/729 1145/1379/225 1147/1380/226 1146/1381/227
f 1145/1382/225 1149/1383/730 1150/1384/229 1147/1385/226
f 1143/1386/731 1148/1387/732 1150/1384/229 1149/1383/730
f 1148/1388/732 1152/1389/733 1153/1390/233 1150/1391/229
f 1144/1392/734 1151/1393/735 1153/1390/233 1152/1389/733
f 1151/1393/735 1146/1394/227 1147/1395/226 1153/1390/233
f 1147/1385/226 1150/1384/229 1153/1396/233
f 1154/1397/736 1157/1398/237 1159/1399/737 1158/1400/239
f 1157/1398/237 1161/1401/738 1162/1402/593 1159/1399/737
f 1155/1403/739 1160/1404/740 1162/1405/593 1161/1406/738
f 1160/1404/740 1164/1407/741 1165/1408/672 1162/1405/593
f 1156/1409/742 1163/1410/743 1165/1411/672 1164/1412/741
f 1163/1413/743 1158/1400/239 1159/1399/737 1165/1414/672
f 1159/1399/737 1162/1402/593 1165/1414/672
f 1166/1415/744 1169/1416/745 1171/1417/250 1170/1418/746
f 1169/1419/745 1173/1420/747 1174/1421/748 1171/1422/250
f 1167/1423/749 1172/1424/255 1174/1421/748 1173/1420/747
f 1172/1425/255 1176/1426/750 1177/1427/257 1174/1428/748
f 1168/1429/751 1175/1430/752 1177/1427/257 1176/1426/750
f 1175/1430/752 1170/1431/746 1171/1432/250 1177/1427/257
f 1171/1422/250 1174/1421/748 1177/1433/257
f 1178/1434/753 1181/1435/754 1183/1436/755 1182/1437/756
f 1181/1438/754 1185/1439/757 1186/1440/758 1183/1441/755
f 1179/1442/759 1184/1443/760 1186/1440/758 1185/1439/757
f 1184/1444/760 1188/1445/459 1189/1446/353 1186/1447/758
f 1180/1448/761 1187/1449/762 1189/1446/353 1188/1445/459
f 1187/1449/762 1182/1450/756 1183/1451/755 1189/1446/353
f 1183/1441/755 1186/1440/758 1189/1452/353
f 1190/1453/763 1193/1454/764 1195/1455/765 1194/1456/766
f 1193/1454/764 1197/1457/767 1198/1458/355 1195/1455/765
f 1191/1459/768 1196/1460/769 1198/1461/355 1197/1462/767
f 1196/1460/769 1200/1463/770 1201/1464/771 1198/1461/355
f 1192/1465/772 1199/1466/773 1201/1467/771 1200/1468/770
f 1199/1469/773 1194/1456/766 1195/1455/765 1201/1470/771
f 1195/1455/765 1198/1458/355 1201/1470/771
f 1202/1471/774 1205/1472/775 1207/1473/190 1206/1474/776
f 1205/1472/775 1209/1475/777 1210/1476/193 1207/1473/190
f 1203/1477/778 1208/1478/779 1210/1479/193 1209/1480/777
f 1208/1478/779 1212/1481/196 1213/1482/197 1210/1479/193
f 1204/1483/780 1211/1484/781 1213/1485/197 1212/1486/196
f 1211/1487/781 1206/1474/776 1207/1473/190 1213/1488/197
f 1207/1473/190 1210/1476/193 1213/1488/197
f 1214/1489/200 1217/1490/782 1219/1491/483 1218/1492/783
f 1217/1493/782 1221/1494/784 1222/1495/715 1219/1496/483
f 1215/1497/785 1220/1498/786 1222/1495/715 1221/1494/784
f 1220/1499/786 1224/1500/787 1225/1501/371 1222/1502/715
f 1216/1503/788 1223/1504/211 1225/1501/371 1224/1500/787
f 1223/1504/211 1218/1505/783 1219/1506/483 1225/1501/371
f 1219/1496/483 1222/1495/715 1225/1507/371
f 1226/1508/789 1229/1509/790 1231/1510/305 1230/1511/791
f 1229/1509/790 1233/1512/792 1234/1513/308 1231/1510/305
f 1227/1514/793 1232/1515/794 1234/1516/308 1233/1517/792
f 1232/1515/794 1236/1518/795 1237/1519/221 1234/1516/308
f 1228/1520/796 1235/1521/797 1237/1522/221 1236/1523/795
f 1235/1524/797 1230/1511/791 1231/1510/305 1237/1525/221
f 1231/1510/305 1234/1513/308 1237/1525/221
f 1238/1526/798 1241/1527/799 1243/1528/380 1242/1529/800
f 1241/1530/799 1245/1531/801 1246/1532/802 1243/1533/380
f 1239/1534/803 1244/1535/804 1246/1532/802 1245/1531/801
f 1244/1536/804 1248/1537/805 1249/1538/383 1246/1539/802
f 1240/1540/806 1247/1541/807 1249/1538/383 1248/1537/805
f 1247/1541/807 1242/1542/800 1243/1543/380 1249/1538/383
f 1243/1533/380 1246/1532/802 1249/1544/383
f 1250/1545/808 1253/1546/809 1255/1547/810 1254/1548/811
f 1253/1546/809 1257/1549/812 1258/1550/813 1255/1547/810
f 1251/1551/814 1256/1552/815 1258/1553/813 1257/1554/812
f 1256/1552/815 1260/1555/816 1261/1556/336 1258/1553/813
f 1252/1557/817 1259/1558/247 1261/1559/336 1260/1560/816
f 1259/1561/247 1254/1548/811 1255/1547/810 1261/1562/336
f 1255/1547/810 1258/1550/813 1261/1562/336
f 1262/1563/248 1265/1564/249 1267/1565/818 1266/1566/819
f 1265/1567/249 1269/1568/252 1270/1569/604 1267/1570/818
f 1263/1571/254 1268/1572/820 1270/1569/604 1269/1568/252
f 1268/1573/820 1272/1574/256 1273/1575/346 1270/1576/604
f 1264/1577/821 1271/1578/822 1273/1575/346 1272/1574/256
f 1271/1578/822 1266/1579/819 1267/1580/818 1273/1575/346
f 1267/1570/818 1270/1569/604 1273/1581/346
f 1274/1582/823 1277/1583/824 1279/1584/453 1278/1585/825
f 1277/1586/824 1281/1587/826 1282/1588/402 1279/1589/453
f 1275/1590/827 1280/1591/828 1282/1588/402 1281/1587/826
f 1280/1592/828 1284/1593/829 1285/1594/545 1282/1595/402
f 1276/1596/830 1283/1597/831 1285/1594/545 1284/1593/829
f 1283/1597/831 1278/1598/825 1279/1599/453 1285/1594/545
f 1279/1589/453 1282/1588/402 1285/1600/545
f 1286/1601/832 1289/1602/833 1291/1603/550 1290/1604/834
f 1289/1602/833 1293/1605/835 1294/1606/695 1291/1603/550
f 1287/1607/836 1292/1608/837 1294/1609/695 1293/1610/835
f 1292/1608/837 1296/1611/838 1297/1612/839 1294/1609/695
f 1288/1613/840 1295/1614/841 1297/1615/839 1296/1616/838
f 1295/1617/841 1290/1604/834 1291/1603/550 1297/1618/839
f 1291/1603/550 1294/1606/695 1297/1618/839
f 1298/1619/842 1301/1620/843 1303/1621/284 1302/1622/844
f 1301/1620/843 1305/1623/845 1306/1624/365 1303/1621/284
f 1299/1625/846 1304/1626/847 1306/1627/365 1305/1628/845
f 1304/1626/847 1308/1629/848 1309/1630/414 1306/1627/365
f 1300/1631/849 1307/1632/850 1309/1633/414 1308/1634/848
f 1307/1635/850 1302/1622/844 1303/1621/284 1309/1636/414
f 1303/1621/284 1306/1624/365 1309/1636/414
f 1310/1637/851 1313/1638/852 1315/1639/416 1314/1640/853
f 1313/1641/852 1317/1642/854 1318/1643/486 1315/1644/416
f 1311/1645/855 1316/1646/856 1318/1643/486 1317/1642/854
f 1316/1647/856 1320/1648/857 1321/1649/209 1318/1650/486
f 1312/1651/858 1319/1652/859 1321/1649/209 1320/1648/857
f 1319/1652/859 1314/1653/853 1315/1654/416 1321/1649/209
f 1315/1644/416 1318/1643/486 1321/1655/209
f 1322/1656/860 1325/1657/861 1327/1658/305 1326/1659/862
f 1325/1657/861 1329/1660/863 1330/1661/498 1327/1658/305
f 1323/1662/864 1328/1663/865 1330/1664/498 1329/1665/863
f 1328/1663/865 1332/1666/866 1333/1667/376 1330/1664/498
f 1324/1668/867 1331/1669/868 1333/1670/376 1332/1671/866
f 1331/1672/868 1326/1659/862 1327/1658/305 1333/1673/376
f 1327/1658/305 1330/1661/498 1333/1673/376
f 1334/1674/869 1337/1675/870 1339/1676/226 1338/1677/871
f 1337/1678/870 1341/1679/872 1342/1680/320 1339/1681/226
f 1335/1682/873 1340/1683/874 1342/1680/320 1341/1679/872
f 1340/1684/874 1344/1685/875 1345/1686/876 1342/1687/320
f 1336/1688/877 1343/1689/878 1345/1686/876 1344/1685/875
f 1343/1689/878 1338/1690/871 1339/1691/226 1345/1686/876
f 1339/1681/226 1342/1680/320 1345/1692/876
f 1346/1693/879 1349/1694/880 1351/1695/737 1350/1696/881
f 1349/1694/880 1353/1697/882 1354/1698/883 1351/1695/737
f 1347/1699/884 1352/1700/885 1354/1701/883 1353/1702/882
f 1352/1700/885 1356/1703/886 1357/1704/523 1354/1701/883
f 1348/1705/887 1355/1706/888 1357/1707/523 1356/1708/886
f 1355/1709/888 1350/1696/881 1351/1695/737 1357/1710/523
f 1351/1695/737 1354/1698/883 1357/1710/523
f 1358/1711/889 1361/1712/890 1363/1713/394 1362/1714/891
f 1361/1715/890 1365/1716/892 1366/1717/253 1363/1718/394
f 1359/1719/893 1364/1720/894 1366/1717/253 1365/1716/892
f 1364/1721/894 1368/1722/895 1369/1723/896 1366/1724/253
f 1360/1725/897 1367/1726/898 1369/1723/896 1368/1722/895
f 1367/1726/898 1362/1727/891 1363/1728/394 1369/1723/896
f 1363/1718/394 1366/1717/253 1369/1729/896
f 1370/1730/899 1373/1731/261 1375/1732/262 1374/1733/900
f 1373/1734/261 1377/1735/351 1378/1736/402 1375/1737/262
f 1371/1738/901 1376/1739/614 1378/1736/402 1377/1735/351
f 1376/1740/614 1380/1741/615 1381/1742/269 1378/1743/402
f 1372/1744/616 1379/1745/617 1381/1742/269 1380/1741/615
f 1379/1745/617 1374/1746/900 1375/1747/262 1381/1742/269
f 1375/1737/262 1378/1736/402 1381/1748/269
f 1382/1749/618 1385/1750/619 1387/1751/178 1386/1752/620
f 1385/1750/619 1389/1753/621 1390/1754/181 1387/1751/178
f 1383/1755/902 1388/1756/903 1390/1757/181 1389/1758/621
f 1388/1756/903 1392/1759/279 1393/1760/358 1390/1757/181
f 1384/1761/904 1391/1762/625 1393/1763/358 1392/1764/279
f 1391/1765/625 1386/1752/620 1387/1751/178 1393/1766/358
f 1387/1751/178 1390/1754/181 1393/1766/358
f 1394/1767/905 1397/1768/627 1399/1769/190 1398/1770/628
f 1397/1768/627 1401/1771/906 1402/1772/630 1399/1769/190
f 1395/1773/907 1400/1774/908 1402/1775/630 1401/1776/906
f 1400/1774/908 1404/1777/909 1405/1778/562 1402/1775/630
f 1396/1779/910 1403/1780/635 1405/1781/562 1404/1782/909
f 1403/1783/635 1398/1770/628 1399/1769/190 1405/1784/562
f 1399/1769/190 1402/1772/630 1405/1784/562
f 1406/1785/911 1409/1786/295 1411/1787/202 1410/1788/912
f 1409/1789/295 1413/1790/297 1414/1791/419 1411/1792/202
f 1407/1793/913 1412/1794/914 1414/1791/419 1413/1790/297
f 1412/1795/914 1416/1796/642 1417/1797/209 1414/1798/419
f 1408/1799/915 1415/1800/916 1417/1797/209 1416/1796/642
f 1415/1800/916 1410/1801/912 1411/1802/202 1417/1797/209
f 1411/1792/202 1414/1791/419 1417/1803/209
f 1418/1804/917 1421/1805/646 1423/1806/424 1422/1807/647
f 1421/1805/646 1425/1808/648 1426/1809/575 1423/1806/424
f 1419/1810/918 1424/1811/310 1426/1812/575 1425/1813/648
f 1424/1811/310 1428/1814/311 1429/1815/919 1426/1812/575
f 1420/1816/920 1427/1817/654 1429/1818/919 1428/1819/311
f 1427/1820/654 1422/1807/647 1423/1806/424 1429/1821/919
f 1423/1806/424 1426/1809/575 1429/1821/919
f 1430/1822/921 1433/1823/922 1435/1824/432 1434/1825/657
f 1433/1826/922 1437/1827/319 1438/1828/229 1435/1829/432
f 1431/1830/923 1436/1831/924 1438/1828/229 1437/1827/319
f 1436/1832/924 1440/1833/662 1441/1834/876 1438/1835/229
f 1432/1836/663 1439/1837/925 1441/1834/876 1440/1833/662
f 1439/1837/925 1434/1838/657 1435/1839/432 1441/1834/876
f 1435/1829/432 1438/1828/229 1441/1840/876
f 1442/1841/926 1445/1842/666 1447/1843/810 1446/1844/386
f 1445/1842/666 1449/1845/927 1450/1846/928 1447/1843/810
f 1443/1847/669 1448/1848/670 1450/1849/928 1449/1850/927
f 1448/1848/670 1452/1851/671 1453/1852/245 1450/1849/928
f 1444/1853/929 1451/1854/338 1453/1855/245 1452/1856/671
f 1451/1857/338 1446/1844/386 1447/1843/810 1453/1858/245
f 1447/1843/810 1450/1846/928 1453/1858/245
f 1454/1859/930 1457/1860/676 1459/1861/447 1458/1862/341
f 1457/1863/676 1461/1864/678 1462/1865/931 1459/1866/447
f 1455/1867/932 1460/1868/933 1462/1865/931 1461/1864/678
f 1460/1869/933 1464/1870/934 1465/1871/399 1462/1872/931
f 1456/1873/935 1463/1874/401 1465/1871/399 1464/1870/934
f 1463/1874/401 1458/1875/341 1459/1876/447 1465/1871/399
f 1459/1866/447 1462/1865/931 1465/1877/399
f 1466/1878/936 1469/1879/937 1471/1880/262 1470/1881/938
f 1469/1882/937 1473/1883/939 1474/1884/456 1471/1885/262
f 1467/1886/940 1472/1887/941 1474/1884/456 1473/1883/939
f 1472/1888/941 1476/1889/942 1477/1890/943 1474/1891/456
f 1468/1892/944 1475/1893/945 1477/1890/943 1476/1889/942
f 1475/1893/945 1470/1894/938 1471/1895/262 1477/1890/943
f 1471/1885/262 1474/1884/456 1477/1896/943
f 1478/1897/946 1481/1898/947 1483/1899/550 1482/1900/948
f 1481/1898/947 1485/1901/949 1486/1902/466 1483/1899/550
f 1479/1903/950 1484/1904/951 1486/1905/466 1485/1906/949
f 1484/1904/951 1488/1907/952 1489/1908/185 1486/1905/466
f 1480/1909/953 1487/1910/954 1489/1911/185 1488/1912/952
f 1487/1913/954 1482/1900/948 1483/1899/550 1489/1914/185
f 1483/1899/550 1486/1902/466 1489/1914/185
f 1490/1915/955 1493/1916/956 1495/1917/362 1494/1918/957
f 1493/1916/956 1497/1919/958 1498/1920/630 1495/1917/362
f 1491/1921/959 1496/1922/960 1498/1923/630 1497/1924/958
f 1496/1922/960 1500/1925/961 1501/1926/562 1498/1923/630
f 1492/1927/962 1499/1928/963 1501/1929/562 1500/1930/961
f 1499/1931/963 1494/1918/957 1495/1917/362 1501/1932/562
f 1495/1917/362 1498/1920/630 1501/1932/562
f 1502/1933/964 1505/1934/965 1507/1935/202 1506/1936/966
f 1505/1937/965 1509/1938/967 1510/1939/419 1507/1940/202
f 1503/1941/968 1508/1942/969 1510/1939/419 1509/1938/967
f 1508/1943/969 1512/1944/970 1513/1945/971 1510/1946/419
f 1504/1947/972 1511/1948/973 1513/1945/971 1512/1944/970
f 1511/1948/973 1506/1949/966 1507/1950/202 1513/1945/971
f 1507/1940/202 1510/1939/419 1513/1951/971
f 1514/1952/974 1517/1953/975 1519/1954/424 1518/1955/976
f 1517/1953/975 1521/1956/977 1522/1957/308 1519/1954/424
f 1515/1958/978 1520/1959/979 1522/1960/308 1521/1961/977
f 1520/1959/979 1524/1962/980 1525/1963/376 1522/1960/308
f 1516/1964/981 1523/1965/982 1525/1966/376 1524/1967/980
f 1523/1968/982 1518/1955/976 1519/1954/424 1525/1969/376
f 1519/1954/424 1522/1957/308 1525/1969/376
f 1526/1970/983 1529/1971/984 1531/1972/226 1530/1973/985
f 1529/1974/984 1533/1975/986 1534/1976/802 1531/1977/226
f 1527/1978/987 1532/1979/988 1534/1976/802 1533/1975/986
f 1532/1980/988 1536/1981/989 1537/1982/876 1534/1983/802
f 1528/1984/990 1535/1985/991 1537/1982/876 1536/1981/989
f 1535/1985/991 1530/1986/985 1531/1987/226 1537/1982/876
f 1531/1977/226 1534/1976/802 1537/1988/876
f 1538/1989/992 1541/1990/993 1543/1991/238 1542/1992/994
f 1541/1990/993 1545/1993/995 1546/1994/593 1543/1991/238
f 1539/1995/996 1544/1996/997 1546/1997/593 1545/1998/995
f 1544/1996/997 1548/1999/998 1549/2000/523 1546/1997/593
f 1540/2001/999 1547/2002/1000 1549/2003/523 1548/2004/998
f 1547/2005/1000 1542/1992/994 1543/1991/238 1549/2006/523
f 1543/1991/238 1546/1994/593 1549/2006/523
f 1550/2007/1001 1553/2008/1002 1555/2009/250 1554/2010/1003
f 1553/2011/1002 1557/2012/1004 1558/2013/253 1555/2014/250
f 1551/2015/1005 1556/2016/1006 1558/2013/253 1557/2012/1004
f 1556/2017/1006 1560/2018/1007 1561/2019/399 1558/2020/253
f 1552/2021/1008 1559/2022/1009 1561/2019/399 1560/2018/1007
f 1559/2022/1009 1554/2023/1003 1555/2024/250 1561/2019/399
f 1555/2014/250 1558/2013/253 1561/2025/399
f 1562/2026/349 1565/2027/1010 1567/2028/166 1566/2029/263
f 1565/2030/1010 1569/2031/351 1570/2032/402 1567/2033/166
f 1563/2034/403 1568/2035/1011 1570/2032/402 1569/2031/351
f 1568/2036/1011 1572/2037/544 1573/2038/353 1570/2039/402
f 1564/2040/270 1571/2041/271 1573/2038/353 1572/2037/544
f 1571/2041/271 1566/2042/263 1567/2043/166 1573/2038/353
f 1567/2033/166 1570/2032/402 1573/2044/353
f 1574/2045/272 1577/2046/273 1579/2047/550 1578/2048/274
f 1577/2046/273 1581/2049/552 1582/2050/695 1579/2047/550
f 1575/2051/277 1580/2052/903 1582/2053/695 1581/2054/552
f 1580/2055/903 1584/2056/408 1585/2057/358 1582/2058/695
f 1576/2059/410 1583/2060/557 1585/2057/358 1584/2056/408
f 1583/2060/557 1578/2061/274 1579/2062/550 1585/2057/358
f 1579/2047/550 1582/2050/695 1585/2063/358
f 1586/2064/360 1589/2065/283 1591/2066/284 1590/2067/285
f 1589/2065/283 1593/2068/364 1594/2069/193 1591/2066/284
f 1587/2070/288 1592/2071/289 1594/2072/193 1593/2073/364
f 1592/2071/289 1596/2074/909 1597/2075/197 1594/2072/193
f 1588/2076/292 1595/2077/293 1597/2078/197 1596/2079/909
f 1595/2080/293 1590/2067/285 1591/2066/284 1597/2081/197
f 1591/2066/284 1594/2069/193 1597/2081/197
f 1598/2082/415 1601/2083/295 1603/2084/483 1602/2085/368
f 1601/2083/295 1605/2086/297 1606/2087/205 1603/2084/483
f 1599/2088/298 1604/2089/299 1606/2090/205 1605/2091/297
f 1604/2092/299 1608/2093/370 1609/2094/371 1606/2095/205
f 1600/2096/372 1607/2097/422 1609/2094/371 1608/2093/370
f 1607/2098/422 1602/2085/368 1603/2084/483 1609/2099/371
f 1603/2084/483 1606/2087/205 1609/2099/371
f 1610/2100/303 1613/2101/304 1615/2102/424 1614/2103/573
f 1613/2101/304 1617/2104/307 1618/2105/308 1615/2102/424
f 1611/2106/375 1616/2107/310 1618/2108/308 1617/2109/307
f 1616/2107/310 1620/2110/1012 1621/2111/919 1618/2108/308
f 1612/2112/377 1619/2113/314 1621/2114/919 1620/2115/1012
f 1619/2116/314 1614/2103/573 1615/2102/424 1621/2117/919
f 1615/2102/424 1618/2105/308 1621/2117/919
f 1622/2118/315 1625/2119/379 1627/2120/432 1626/2121/1013
f 1625/2119/379 1629/2122/319 1630/2123/229 1627/2120/432
f 1623/2124/321 1628/2125/1014 1630/2126/229 1629/2127/319
f 1628/2128/1014 1632/2129/323 1633/2130/233 1630/2131/229
f 1624/2132/325 1631/2133/437 1633/2130/233 1632/2129/323
f 1631/2134/437 1626/2121/1013 1627/2120/432 1633/2135/233
f 1627/2120/432 1630/2123/229 1633/2135/233
f 1634/2136/327 1637/2137/328 1639/2138/517 1638/2139/330
f 1637/2137/328 1641/2140/387 1642/2141/593 1639/2138/517
f 1635/2142/388 1640/2143/334 1642/2144/593 1641/2145/387
f 1640/2143/334 1644/2146/335 1645/2147/336 1642/2144/593
f 1636/2148/337 1643/2149/338 1645/2150/336 1644/2151/335
f 1643/2152/338 1638/2139/330 1639/2138/517 1645/2153/336
f 1639/2138/517 1642/2141/593 1645/2153/336
f 1646/2154/339 1649/2155/601 1651/2156/447 1650/2157/341
f 1649/2155/601 1653/2158/1015 1654/2159/253 1651/2156/447
f 1647/2160/343 1652/2161/344 1654/2162/253 1653/2163/1015
f 1652/2164/344 1656/2165/398 1657/2166/1016 1654/2167/253
f 1648/2168/400 1655/2169/401 1657/2166/1016 1656/2165/398
f 1655/2170/401 1650/2157/341 1651/2156/447 1657/2171/1016
f 1651/2156/447 1654/2159/253 1657/2171/1016
f 1658/2172/1017 1661/2173/1018 1663/2174/350 1662/2175/540
f 1661/2176/1018 1665/2177/264 1666/2178/1019 1663/2179/350
f 1659/2180/688 1664/2181/1020 1666/2178/1019 1665/2177/264
f 1664/2182/1020 1668/2183/544 1669/2184/1021 1666/2185/1019
f 1660/2186/1022 1667/2187/691 1669/2184/1021 1668/2183/544
f 1667/2187/691 1662/2188/540 1663/2189/350 1669/2184/1021
f 1663/2179/350 1666/2178/1019 1669/2190/1021
f 1670/2191/1023 1673/2192/1024 1675/2193/354 1674/2194/551
f 1673/2192/1024 1677/2195/694 1678/2196/695 1675/2193/354
f 1671/2197/696 1676/2198/1025 1678/2199/695 1677/2200/694
f 1676/2198/1025 1680/2201/1026 1681/2202/1027 1678/2199/695
f 1672/2203/698 1679/2204/699 1681/2205/1027 1680/2206/1026
f 1679/2207/699 1674/2194/551 1675/2193/354 1681/2208/1027
f 1675/2193/354 1678/2196/695 1681/2208/1027
f 1682/2209/1028 1685/2210/701 1687/2211/1029 1686/2212/702
f 1685/2210/701 1689/2213/703 1690/2214/1030 1687/2211/1029
f 1683/2215/704 1688/2216/908 1690/2217/1030 1689/2218/703
f 1688/2216/908 1692/2219/909 1693/2220/562 1690/2217/1030
f 1684/2221/1031 1691/2222/564 1693/2223/562 1692/2224/909
f 1691/2225/564 1686/2212/702 1687/2211/1029 1693/2226/562
f 1687/2211/1029 1690/2214/1030 1693/2226/562
f 1694/2227/710 1697/2228/1032 1699/2229/1033 1698/2230/713
f 1697/2231/1032 1701/2232/714 1702/2233/715 1699/2234/1033
f 1695/2235/716 1700/2236/569 1702/2233/715 1701/2232/714
f 1700/2237/569 1704/2238/300 1705/2239/1034 1702/2240/715
f 1696/2241/1035 1703/2242/422 1705/2239/1034 1704/2238/300
f 1703/2242/422 1698/2243/713 1699/2244/1033 1705/2239/1034
f 1699/2234/1033 1702/2233/715 1705/2245/1034
f 1706/2246/721 1709/2247/1036 1711/2248/1037 1710/2249/1038
f 1709/2247/1036 1713/2250/1039 1714/2251/1040 1711/2248/1037
f 1707/2252/724 1712/2253/1041 1714/2254/1040 1713/2255/1039
f 1712/2253/1041 1716/2256/1042 1717/2257/919 1714/2254/1040
f 1708/2258/1043 1715/2259/430 1717/2260/919 1716/2261/1042
f 1715/2262/430 1710/2249/1038 1711/2248/1037 1717/2263/919
f 1711/2248/1037 1714/2251/1040 1717/2263/919
f 1718/2264/1044 1721/2265/1045 1723/2266/226 1722/2267/583
f 1721/2268/1045 1725/2269/1046 1726/2270/1047 1723/2271/226
f 1719/2272/731 1724/2273/1048 1726/2270/1047 1725/2269/1046
f 1724/2274/1048 1728/2275/1049 1729/2276/383 1726/2277/1047
f 1720/2278/1050 1727/2279/588 1729/2276/383 1728/2275/1049
f 1727/2279/588 1722/2280/583 1723/2281/226 1729/2276/383
f 1723/2271/226 1726/2270/1047 1729/2282/383
f 1730/2283/1051 1733/2284/590 1735/2285/238 1734/2286/386
f 1733/2284/590 1737/2287/331 1738/2288/241 1735/2285/238
f 1731/2289/1052 1736/2290/1053 1738/2291/241 1737/2292/331
f 1736/2290/1053 1740/2293/596 1741/2294/336 1738/2291/241
f 1732/2295/1054 1739/2296/338 1741/2297/336 1740/2298/596
f 1739/2299/338 1734/2286/386 1735/2285/238 1741/2300/336
f 1735/2285/238 1738/2288/241 1741/2300/336
f 1742/2301/744 1745/2302/601 1747/2303/250 1746/2304/1055
f 1745/2305/601 1749/2306/603 1750/2307/604 1747/2308/250
f 1743/2309/1056 1748/2310/397 1750/2307/604 1749/2306/603
f 1748/2311/397 1752/2312/345 1753/2313/346 1750/2314/604
f 1744/2315/751 1751/2316/348 1753/2313/346 1752/2312/345
f 1751/2316/348 1746/2317/1055 1747/2318/250 1753/2313/346
f 1747/2308/250 1750/2307/604 1753/2319/346
f 1754/2320/1057 1757/2321/538 1759/2322/262 1758/2323/1058
f 1757/2324/538 1761/2325/541 1762/2326/169 1759/2327/262
f 1755/2328/1059 1760/2329/1060 1762/2326/169 1761/2325/541
f 1760/2330/1060 1764/2331/1061 1765/2332/1062 1762/2333/169
f 1756/2334/1063 1763/2335/1064 1765/2332/1062 1764/2331/1061
f 1763/2335/1064 1758/2336/1058 1759/2337/262 1765/2332/1062
f 1759/2327/262 1762/2326/169 1765/2338/1062
f 1766/2339/1065 1769/2340/1066 1771/2341/1067 1770/2342/1068
f 1769/2340/1066 1773/2343/1069 1774/2344/695 1771/2341/1067
f 1767/2345/1070 1772/2346/554 1774/2347/695 1773/2348/1069
f 1772/2346/554 1776/2349/1071 1777/2350/185 1774/2347/695
f 1768/2351/470 1775/2352/471 1777/2353/185 1776/2354/1071
f 1775/2355/471 1770/2342/1068 1771/2341/1067 1777/2356/185
f 1771/2341/1067 1774/2344/695 1777/2356/185
f 1778/2357/1072 1781/2358/1073 1783/2359/284 1782/2360/1074
f 1781/2358/1073 1785/2361/1075 1786/2362/1076 1783/2359/284
f 1779/2363/1077 1784/2364/560 1786/2365/1076 1785/2366/1075
f 1784/2364/560 1788/2367/561 1789/2368/197 1786/2365/1076
f 1780/2369/1078 1787/2370/1079 1789/2371/197 1788/2372/561
f 1787/2373/1079 1782/2360/1074 1783/2359/284 1789/2374/197
f 1783/2359/284 1786/2362/1076 1789/2374/197
f 1790/2375/1080 1793/2376/566 1795/2377/483 1794/2378/638
f 1793/2379/566 1797/2380/567 1798/2381/205 1795/2382/483
f 1791/2383/1081 1796/2384/1082 1798/2381/205 1797/2380/567
f 1796/2385/1082 1800/2386/1083 1801/2387/1034 1798/2388/205
f 1792/2389/1084 1799/2390/1085 1801/2387/1034 1800/2386/1083
f 1799/2390/1085 1794/2391/638 1795/2392/483 1801/2387/1034
f 1795/2382/483 1798/2381/205 1801/2393/1034
f 1802/2394/1086 1805/2395/1087 1807/2396/305 1806/2397/496
f 1805/2395/1087 1809/2398/1088 1810/2399/217 1807/2396/305
f 1803/2400/1089 1808/2401/577 1810/2402/217 1809/2403/1088
f 1808/2401/577 1812/2404/578 1813/2405/652 1810/2402/217
f 1804/2406/1090 1811/2407/1091 1813/2408/652 1812/2409/578
f 1811/2410/1091 1806/2397/496 1807/2396/305 1813/2411/652
f 1807/2396/305 1810/2399/217 1813/2411/652
f 1814/2412/1092 1817/2413/581 1819/2414/1093 1818/2415/507
f 1817/2416/581 1821/2417/584 1822/2418/1047 1819/2419/1093
f 1815/2420/1094 1820/2421/1095 1822/2418/1047 1821/2417/584
f 1820/2422/1095 1824/2423/1096 1825/2424/233 1822/2425/1047
f 1816/2426/1097 1823/2427/1098 1825/2424/233 1824/2423/1096
f 1823/2427/1098 1818/2428/507 1819/2429/1093 1825/2424/233
f 1819/2419/1093 1822/2418/1047 1825/2430/233
f 1826/2431/1099 1829/2432/1100 1831/2433/238 1830/2434/591
f 1829/2432/1100 1833/2435/1101 1834/2436/241 1831/2433/238
f 1827/2437/1102 1832/2438/1103 1834/2439/241 1833/2440/1101
f 1832/2438/1103 1836/2441/1104 1837/2442/336 1834/2439/241
f 1828/2443/1105 1835/2444/599 1837/2445/336 1836/2446/1104
f 1835/2447/599 1830/2434/591 1831/2433/238 1837/2448/336
f 1831/2433/238 1834/2436/241 1837/2448/336
f 1838/2449/526 1841/2450/1106 1843/2451/447 1842/2452/528
f 1841/2453/1106 1845/2454/1107 1846/2455/748 1843/2456/447
f 1839/2457/1108 1844/2458/1109 1846/2455/748 1845/2454/1107
f 1844/2459/1109 1848/2460/1110 1849/2461/257 1846/2462/748
f 1840/2463/1111 1847/2464/608 1849/2461/257 1848/2460/1110
f 1847/2464/608 1842/2465/528 1843/2466/447 1849/2461/257
f 1843/2456/447 1846/2455/748 1849/2467/257
f 1850/2468/1112 1853/2469/165 1855/2470/539 1854/2471/167
f 1853/2472/165 1857/2473/168 1858/2474/265 1855/2475/539
f 1851/2476/1113 1856/2477/171 1858/2474/265 1857/2473/168
f 1856/2478/171 1860/2479/1114 1861/2480/269 1858/2481/265
f 1852/2482/174 1859/2483/175 1861/2480/269 1860/2479/1114
f 1859/2483/175 1854/2484/167 1855/2485/539 1861/2480/269
f 1855/2475/539 1858/2474/265 1861/2486/269
f 1862/2487/176 1865/2488/1115 1867/2489/178 1866/2490/766
f 1865/2488/1115 1869/2491/180 1870/2492/695 1867/2489/178
f 1863/2493/1116 1868/2494/1117 1870/2495/695 1869/2496/180
f 1868/2494/1117 1872/2497/770 1873/2498/358 1870/2495/695
f 1864/2499/186 1871/2500/773 1873/2501/358 1872/2502/770
f 1871/2503/773 1866/2490/766 1867/2489/178 1873/2504/358
f 1867/2489/178 1870/2492/695 1873/2504/358
f 1874/2505/774 1877/2506/775 1879/2507/362 1878/2508/191
f 1877/2506/775 1881/2509/192 1882/2510/287 1879/2507/362
f 1875/2511/1118 1880/2512/779 1882/2513/287 1881/2514/192
f 1880/2512/779 1884/2515/1119 1885/2516/414 1882/2513/287
f 1876/2517/1120 1883/2518/199 1885/2519/414 1884/2520/1119
f 1883/2521/199 1878/2508/191 1879/2507/362 1885/2522/414
f 1879/2507/362 1882/2510/287 1885/2522/414
f 1886/2523/1121 1889/2524/782 1891/2525/202 1890/2526/1122
f 1889/2527/782 1893/2528/784 1894/2529/419 1891/2530/202
f 1887/2531/1123 1892/2532/207 1894/2529/419 1893/2528/784
f 1892/2533/207 1896/2534/1124 1897/2535/209 1894/2536/419
f 1888/2537/1125 1895/2538/211 1897/2535/209 1896/2534/1124
f 1895/2538/211 1890/2539/1122 1891/2540/202 1897/2535/209
f 1891/2530/202 1894/2529/419 1897/2541/209
f 1898/2542/789 1901/2543/213 1903/2544/373 1902/2545/215
f 1901/2543/213 1905/2546/216 1906/2547/374 1903/2544/373
f 1899/2548/793 1904/2549/219 1906/2550/374 1905/2551/216
f 1904/2549/219 1908/2552/220 1909/2553/652 1906/2550/374
f 1900/2554/1126 1907/2555/223 1909/2556/652 1908/2557/220
f 1907/2558/223 1902/2545/215 1903/2544/373 1909/2559/652
f 1903/2544/373 1906/2547/374 1909/2559/652
f 1910/2560/1127 1913/2561/225 1915/2562/317 1914/2563/227
f 1913/2564/225 1917/2565/228 1918/2566/802 1915/2567/317
f 1911/2568/1128 1916/2569/231 1918/2566/802 1917/2565/228
f 1916/2570/231 1920/2571/232 1921/2572/876 1918/2573/802
f 1912/2574/234 1919/2575/1129 1921/2572/876 1920/2571/232
f 1919/2575/1129 1914/2576/227 1915/2577/317 1921/2572/876
f 1915/2567/317 1918/2566/802 1921/2578/876
f 1922/2579/1130 1925/2580/237 1927/2581/329 1926/2582/239
f 1925/2580/237 1929/2583/240 1930/2584/332 1927/2581/329
f 1923/2585/814 1928/2586/815 1930/2587/332 1929/2588/240
f 1928/2586/815 1932/2589/244 1933/2590/523 1930/2587/332
f 1924/2591/1131 1931/2592/743 1933/2593/523 1932/2594/244
f 1931/2595/743 1926/2582/239 1927/2581/329 1933/2596/523
f 1927/2581/329 1930/2584/332 1933/2596/523
f 1934/2597/1132 1937/2598/745 1939/2599/250 1938/2600/251
f 1937/2601/745 1941/2602/252 1942/2603/604 1939/2604/250
f 1935/2605/254 1940/2606/255 1942/2603/604 1941/2602/252
f 1940/2607/255 1944/2608/750 1945/2609/896 1942/2610/604
f 1936/2611/821 1943/2612/259 1945/2609/896 1944/2608/750
f 1943/2612/259 1938/2613/251 1939/2614/250 1945/2609/896
f 1939/2604/250 1942/2603/604 1945/2615/896
f 1946/2616/451 1949/2617/452 1951/2618/166 1950/2619/454
f 1949/2620/452 1953/2621/1133 1954/2622/169 1951/2623/166
f 1947/2624/457 1952/2625/458 1954/2622/169 1953/2621/1133
f 1952/2626/458 1956/2627/1134 1957/2628/269 1954/2629/169
f 1948/2630/460 1955/2631/461 1957/2628/269 1956/2627/1134
f 1955/2631/461 1950/2632/454 1951/2633/166 1957/2628/269
f 1951/2623/166 1954/2622/169 1957/2634/269
f 1958/2635/462 1961/2636/1066 1963/2637/178 1962/2638/1135
f 1961/2636/1066 1965/2639/465 1966/2640/355 1963/2637/178
f 1959/2641/1136 1964/2642/468 1966/2643/355 1965/2644/465
f 1964/2642/468 1968/2645/469 1969/2646/1137 1966/2643/355
f 1960/2647/1138 1967/2648/1139 1969/2649/1137 1968/2650/469
f 1967/2651/1139 1962/2638/1135 1963/2637/178 1969/2652/1137
f 1963/2637/178 1966/2640/355 1969/2652/1137
f 1970/2653/1140 1973/2654/1141 1975/2655/190 1974/2656/1074
f 1973/2654/1141 1977/2657/475 1978/2658/1142 1975/2655/190
f 1971/2659/476 1976/2660/560 1978/2661/1142 1977/2662/475
f 1976/2660/560 1980/2663/478 1981/2664/197 1978/2661/1142
f 1972/2665/479 1979/2666/480 1981/2667/197 1980/2668/478
f 1979/2669/480 1974/2656/1074 1975/2655/190 1981/2670/197
f 1975/2655/190 1978/2658/1142 1981/2670/197
f 1982/2671/1143 1985/2672/482 1987/2673/202 1986/2674/484
f 1985/2675/482 1989/2676/567 1990/2677/205 1987/2678/202
f 1983/2679/487 1988/2680/488 1990/2677/205 1989/2676/567
f 1988/2681/488 1992/2682/489 1993/2683/209 1990/2684/205
f 1984/2685/491 1991/2686/1144 1993/2683/209 1992/2682/489
f 1991/2686/1144 1986/2687/484 1987/2688/202 1993/2683/209
f 1987/2678/202 1990/2677/205 1993/2689/209
f 1994/2690/1145 1997/2691/1146 1999/2692/424 1998/2693/1147
f 1997/2691/1146 2001/2694/497 2002/2695/217 1999/2692/424
f 1995/2696/499 2000/2697/1148 2002/2698/217 2001/2699/497
f 2000/2697/1148 2004/2700/501 2005/2701/221 2002/2698/217
f 1996/2702/503 2003/2703/504 2005/2704/221 2004/2705/501
f 2003/2706/504 1998/2693/1147 1999/2692/424 2005/2707/221
f 1999/2692/424 2002/2695/217 2005/2707/221
f 2006/2708/1149 2009/2709/506 2011/2710/1150 2010/2711/507
f 2009/2712/506 2013/2713/508 2014/2714/229 2011/2715/1150
f 2007/2716/510 2012/2717/1095 2014/2714/229 2013/2713/508
f 2012/2718/1095 2016/2719/512 2017/2720/876 2014/2721/229
f 2008/2722/1151 2015/2723/514 2017/2720/876 2016/2719/512
f 2015/2723/514 2010/2724/507 2011/2725/1150 2017/2720/876
f 2011/2715/1150 2014/2714/229 2017/2726/876
f 2018/2727/515 2021/2728/516 2023/2729/329 2022/2730/591
f 2021/2728/516 2025/2731/519 2026/2732/593 2023/2729/329
f 2019/2733/520 2024/2734/521 2026/2735/593 2025/2736/519
f 2024/2734/521 2028/2737/522 2029/2738/245 2026/2735/593
f 2020/2739/1152 2027/2740/599 2029/2741/245 2028/2742/522
f 2027/2743/599 2022/2730/591 2023/2729/329 2029/2744/245
f 2023/2729/329 2026/2732/593 2029/2744/245
f 2030/2745/1153 2033/2746/1106 2035/2747/250 2034/2748/528
f 2033/2749/1106 2037/2750/1154 2038/2751/253 2035/2752/250
f 2031/2753/531 2036/2754/532 2038/2751/253 2037/2750/1154
f 2036/2755/532 2040/2756/533 2041/2757/399 2038/2758/253
f 2032/2759/1155 2039/2760/608 2041/2757/399 2040/2756/533
f 2039/2760/608 2034/2761/528 2035/2762/250 2041/2757/399
f 2035/2752/250 2038/2751/253 2041/2763/399
f 2042/2764/1156 2045/2765/1010 2047/2766/539 2046/2767/540
f 2045/2765/1010 2049/2768/1157 2050/2769/402 2047/2766/539
f 2043/2770/1158 2048/2771/689 2050/2772/402 2049/2773/1157
f 2048/2774/689 2052/2775/1159 2053/2776/545 2050/2777/402
f 2044/2778/1022 2051/2779/547 2053/2776/545 2052/2775/1159
f 2051/2780/547 2046/2767/540 2047/2766/539 2053/2781/545
f 2047/2766/539 2050/2769/402 2053/2781/545
f 2054/2782/548 2057/2783/1024 2059/2784/1160 2058/2785/551
f 2057/2783/1024 2061/2786/552 2062/2787/695 2059/2784/1160
f 2055/2788/1161 2060/2789/1025 2062/2790/695 2061/2791/552
f 2060/2789/1025 2064/2792/1026 2065/2793/839 2062/2790/695
f 2056/2794/1162 2063/2795/557 2065/2796/839 2064/2797/1026
f 2063/2798/557 2058/2785/551 2059/2784/1160 2065/2799/839
f 2059/2784/1160 2062/2787/695 2065/2799/839
f 2066/2800/282 2069/2801/412 2071/2802/362 2070/2803/285
f 2069/2801/412 2073/2804/364 2074/2805/1076 2071/2802/362
f 2067/2806/1163 2072/2807/908 2074/2808/1076 2073/2809/364
f 2072/2810/908 2076/2811/909 2077/2812/1164 2074/2813/1076
f 2068/2814/1165 2075/2815/564 2077/2812/1164 2076/2811/909
f 2075/2815/564 2070/2816/285 2071/2817/362 2077/2812/1164
f 2071/2802/362 2074/2805/1076 2077/2818/1164
f 2078/2819/1166 2081/2820/1032 2083/2821/202 2082/2822/368
f 2081/2823/1032 2085/2824/418 2086/2825/715 2083/2826/202
f 2079/2827/1167 2084/2828/569 2086/2825/715 2085/2824/418
f 2084/2829/569 2088/2830/300 2089/2831/209 2086/2832/715
f 2080/2833/1168 2087/2834/422 2089/2831/209 2088/2830/300
f 2087/2834/422 2082/2835/368 2083/2836/202 2089/2831/209
f 2083/2826/202 2086/2825/715 2089/2837/209
f 2090/2838/572 2093/2839/1036 2095/2840/424 2094/2841/573
f 2093/2839/1036 2097/2842/574 2098/2843/217 2095/2840/424
f 2091/2844/724 2096/2845/1041 2098/2846/217 2097/2847/574
f 2096/2848/1041 2100/2849/1169 2101/2850/919 2098/2851/217
f 2092/2852/1170 2099/2853/430 2101/2850/919 2100/2849/1169
f 2099/2853/430 2094/2854/573 2095/2855/424 2101/2850/919
f 2095/2840/424 2098/2843/217 2101/2856/919
f 2102/2857/1171 2105/2858/1045 2107/2859/226 2106/2860/1172
f 2105/2861/1045 2109/2862/730 2110/2863/229 2107/2864/226
f 2103/2865/1173 2108/2866/435 2110/2863/229 2109/2862/730
f 2108/2867/435 2112/2868/1049 2113/2869/876 2110/2870/229
f 2104/2871/587 2111/2872/1174 2113/2869/876 2112/2868/1049
f 2111/2872/1174 2106/2873/1172 2107/2874/226 2113/2869/876
f 2107/2864/226 2110/2863/229 2113/2875/876
f 2114/2876/1175 2117/2877/590 2119/2878/238 2118/2879/1176
f 2117/2877/590 2121/2880/331 2122/2881/332 2119/2878/238
f 2115/2882/1177 2120/2883/595 2122/2884/332 2121/2885/331
f 2120/2886/595 2124/2887/596 2125/2888/336 2122/2889/332
f 2116/2890/1178 2123/2891/1179 2125/2888/336 2124/2887/596
f 2123/2891/1179 2118/2892/1176 2119/2893/238 2125/2888/336
f 2119/2878/238 2122/2881/332 2125/2894/336
f 2126/2895/1180 2129/2896/601 2131/2897/447 2130/2898/1055
f 2129/2899/601 2133/2900/603 2134/2901/604 2131/2902/447
f 2127/2903/1181 2132/2904/397 2134/2901/604 2133/2900/603
f 2132/2905/397 2136/2906/345 2137/2907/257 2134/2908/604
f 2128/2909/1182 2135/2910/348 2137/2907/257 2136/2906/345
f 2135/2910/348 2130/2911/1055 2131/2912/447 2137/2907/257
f 2131/2902/447 2134/2901/604 2137/2913/257
f 2138/2914/684 2141/2915/1010 2143/2916/166 2142/2917/540
f 2141/2918/1010 2145/2919/264 2146/2920/265 2143/2921/166
f 2139/2922/688 2144/2923/689 2146/2920/265 2145/2919/264
f 2144/2924/689 2148/2925/544 2149/2926/353 2146/2927/265
f 2140/2928/1183 2147/2929/547 2149/2926/353 2148/2925/544
f 2147/2929/547 2142/2930/540 2143/2931/166 2149/2926/353
f 2143/2921/166 2146/2920/265 2149/2932/353
f 2150/2933/1184 2153/2934/1185 2155/2935/1160 2154/2936/1186
f 2153/2934/1185 2157/2937/694 2158/2938/695 2155/2935/1160
f 2151/2939/696 2156/2940/1025 2158/2941/695 2157/2942/694
f 2156/2940/1025 2160/2943/1187 2161/2944/358 2158/2941/695
f 2152/2945/698 2159/2946/359 2161/2947/358 2160/2948/1187
f 2159/2949/359 2154/2936/1186 2155/2935/1160 2161/2950/358
f 2155/2935/1160 2158/2938/695 2161/2950/358
f 2162/2951/1028 2165/2952/701 2167/2953/284 2166/2954/285
f 2165/2952/701 2169/2955/364 2170/2956/630 2167/2953/284
f 2163/2957/704 2168/2958/908 2170/2959/630 2169/2960/364
f 2168/2958/908 2172/2961/909 2173/2962/291 2170/2959/630
f 2164/2963/1188 2171/2964/564 2173/2965/291 2172/2966/909
f 2171/2967/564 2166/2954/285 2167/2953/284 2173/2968/291
f 2167/2953/284 2170/2956/630 2173/2968/291
f 2174/2969/1189 2177/2970/1032 2179/2971/483 2178/2972/368
f 2177/2973/1032 2181/2974/418 2182/2975/486 2179/2976/483
f 2175/2977/1167 2180/2978/717 2182/2975/486 2181/2974/418
f 2180/2979/717 2184/2980/300 2185/2981/490 2182/2982/486
f 2176/2983/1035 2183/2984/422 2185/2981/490 2184/2980/300
f 2183/2984/422 2178/2985/368 2179/2986/483 2185/2981/490
f 2179/2976/483 2182/2975/486 2185/2987/490
f 2186/2988/1190 2189/2989/1036 2191/2990/214 2190/2991/573
f 2189/2989/1036 2193/2992/574 2194/2993/374 2191/2990/214
f 2187/2994/724 2192/2995/1041 2194/2996/374 2193/2997/574
f 2192/2995/1041 2196/2998/1169 2197/2999/919 2194/2996/374
f 2188/3000/1043 2195/3001/430 2197/3002/919 2196/3003/1169
f 2195/3004/430 2190/2991/573 2191/2990/214 2197/3005/919
f 2191/2990/214 2194/2993/374 2197/3005/919
f 2198/3006/729 2201/3007/1191 2203/3008/432 2202/3009/433
f 2201/3010/1191 2205/3011/1046 2206/3012/802 2203/3013/432
f 2199/3014/1192 2204/3015/435 2206/3012/802 2205/3011/1046
f 2204/3016/435 2208/3017/1049 2209/3018/383 2206/3019/802
f 2200/3020/734 2207/3021/588 2209/3018/383 2208/3017/1049
f 2207/3021/588 2202/3022/433 2203/3023/432 2209/3018/383
f 2203/3013/432 2206/3012/802 2209/3024/383
f 2210/3025/736 2213/3026/590 2215/3027/329 2214/3028/386
f 2213/3026/590 2217/3029/331 2218/3030/1193 2215/3027/329
f 2211/3031/1194 2216/3032/595 2218/3033/1193 2217/3034/331
f 2216/3032/595 2220/3035/596 2221/3036/245 2218/3033/1193
f 2212/3037/742 2219/3038/338 2221/3039/245 2220/3040/596
f 2219/3041/338 2214/3028/386 2215/3027/329 2221/3042/245
f 2215/3027/329 2218/3030/1193 2221/3042/245
f 2222/3043/744 2225/3044/1195 2227/3045/447 2226/3046/1055
f 2225/3047/1195 2229/3048/603 2230/3049/396 2227/3050/447
f 2223/3051/749 2228/3052/397 2230/3049/396 2229/3048/603
f 2228/3053/397 2232/3054/345 2233/3055/399 2230/3056/396
f 2224/3057/1196 2231/3058/1197 2233/3055/399 2232/3054/345
f 2231/3058/1197 2226/3059/1055 2227/3060/447 2233/3055/399
f 2227/3050/447 2230/3049/396 2233/3061/399
f 2234/3062/1198 2237/3063/261 2239/3064/1199 2238/3065/900
f 2237/3066/261 2241/3067/351 2242/3068/169 2239/3069/1199
f 2235/3070/1200 2240/3071/614 2242/3068/169 2241/3067/351
f 2240/3072/614 2244/3073/615 2245/3074/173 2242/3075/169
f 2236/3076/1201 2243/3077/1202 2245/3074/173 2244/3073/615
f 2243/3077/1202 2238/3078/900 2239/3079/1199 2245/3074/173
f 2239/3069/1199 2242/3068/169 2245/3080/173
f 2246/3081/1203 2249/3082/619 2251/3083/178 2250/3084/620
f 2249/3082/619 2253/3085/621 2254/3086/181 2251/3083/178
f 2247/3087/902 2252/3088/903 2254/3089/181 2253/3090/621
f 2252/3088/903 2256/3091/279 2257/3092/358 2254/3089/181
f 2248/3093/904 2255/3094/625 2257/3095/358 2256/3096/279
f 2255/3097/625 2250/3084/620 2251/3083/178 2257/3098/358
f 2251/3083/178 2254/3086/181 2257/3098/358
f 2258/3099/905 2261/3100/627 2263/3101/190 2262/3102/628
f 2261/3100/627 2265/3103/906 2266/3104/287 2263/3101/190
f 2259/3105/907 2264/3106/1204 2266/3107/287 2265/3108/906
f 2264/3106/1204 2268/3109/413 2269/3110/414 2266/3107/287
f 2260/3111/1205 2267/3112/635 2269/3113/414 2268/3114/413
f 2267/3115/635 2262/3102/628 2263/3101/190 2269/3116/414
f 2263/3101/190 2266/3104/287 2269/3116/414
f 2270/3117/1206 2273/3118/295 2275/3119/416 2274/3120/638
f 2273/3121/295 2277/3122/1207 2278/3123/205 2275/3124/416
f 2271/3125/913 2276/3126/914 2278/3123/205 2277/3122/1207
f 2276/3127/914 2280/3128/642 2281/3129/209 2278/3130/205
f 2272/3131/1208 2279/3132/916 2281/3129/209 2280/3128/642
f 2279/3132/916 2274/3133/638 2275/3134/416 2281/3129/209
f 2275/3124/416 2278/3123/205 2281/3135/209
f 2282/3136/917 2285/3137/646 2287/3138/214 2286/3139/647
f 2285/3137/646 2289/3140/648 2290/3141/217 2287/3138/214
f 2283/3142/918 2288/3143/310 2290/3144/217 2289/3145/648
f 2288/3143/310 2292/3146/311 2293/3147/376 2290/3144/217
f 2284/3148/920 2291/3149/654 2293/3150/376 2292/3151/311
f 2291/3152/654 2286/3139/647 2287/3138/214 2293/3153/376
f 2287/3138/214 2290/3141/217 2293/3153/376
f 2294/3154/1209 2297/3155/316 2299/3156/226 2298/3157/1210
f 2297/3158/316 2301/3159/319 2302/3160/1211 2299/3161/226
f 2295/3162/923 2300/3163/924 2302/3160/1211 2301/3159/319
f 2300/3164/924 2304/3165/1212 2305/3166/876 2302/3167/1211
f 2296/3168/663 2303/3169/925 2305/3166/876 2304/3165/1212
f 2303/3169/925 2298/3170/1210 2299/3171/226 2305/3166/876
f 2299/3161/226 2302/3160/1211 2305/3172/876
f 2306/3173/1213 2309/3174/666 2311/3175/329 2310/3176/386
f 2309/3174/666 2313/3177/668 2314/3178/593 2311/3175/329
f 2307/3179/669 2312/3180/670 2314/3181/593 2313/3182/668
f 2312/3180/670 2316/3183/671 2317/3184/336 2314/3181/593
f 2308/3185/929 2315/3186/391 2317/3187/336 2316/3188/671
f 2315/3189/391 2310/3176/386 2311/3175/329 2317/3190/336
f 2311/3175/329 2314/3178/593 2317/3190/336
f 2318/3191/1214 2321/3192/1215 2323/3193/394 2322/3194/448
f 2321/3195/1215 2325/3196/678 2326/3197/604 2323/3198/394
f 2319/3199/679 2324/3200/1216 2326/3197/604 2325/3196/678
f 2324/3201/1216 2328/3202/934 2329/3203/346 2326/3204/604
f 2320/3205/935 2327/3206/1217 2329/3203/346 2328/3202/934
f 2327/3206/1217 2322/3207/448 2323/3208/394 2329/3203/346
f 2323/3198/394 2326/3197/604 2329/3209/346
f 2330/3210/1218 2333/3211/1219 2335/3212/166 2334/3213/540
f 2333/3214/1219 2337/3215/1220 2338/3216/169 2335/3217/166
f 2331/3218/1221 2336/3219/1222 2338/3216/169 2337/3215/1220
f 2336/3220/1222 2340/3221/1134 2341/3222/1223 2338/3223/169
f 2332/3224/1224 2339/3225/547 2341/3222/1223 2340/3221/1134
f 2339/3225/547 2334/3226/540 2335/3227/166 2341/3222/1223
f 2335/3217/166 2338/3216/169 2341/3228/1223
f 2342/3229/1225 2345/3230/1226 2347/3231/178 2346/3232/551
f 2345/3230/1226 2349/3233/1227 2350/3234/695 2347/3231/178
f 2343/3235/1228 2348/3236/1229 2350/3237/695 2349/3238/1227
f 2348/3236/1229 2352/3239/1230 2353/3240/185 2350/3237/695
f 2344/3241/1231 2351/3242/557 2353/3243/185 2352/3244/1230
f 2351/3245/557 2346/3232/551 2347/3231/178 2353/3246/185
f 2347/3231/178 2350/3234/695 2353/3246/185
f 2354/3247/1232 2357/3248/473 2359/3249/1233 2358/3250/285
f 2357/3248/473 2361/3251/475 2362/3252/193 2359/3249/1233
f 2355/3253/1234 2360/3254/1235 2362/3255/193 2361/3256/475
f 2360/3254/1235 2364/3257/1236 2365/3258/1164 2362/3255/193
f 2356/3259/1237 2363/3260/1238 2365/3261/1164 2364/3262/1236
f 2363/3263/1238 2358/3250/285 2359/3249/1233 2365/3264/1164
f 2359/3249/1233 2362/3252/193 2365/3264/1164
f 2366/3265/1239 2369/3266/1240 2371/3267/1241 2370/3268/368
f 2369/3269/1240 2373/3270/1242 2374/3271/715 2371/3272/1241
f 2367/3273/1243 2372/3274/488 2374/3271/715 2373/3270/1242
f 2372/3275/488 2376/3276/787 2377/3277/371 2374/3278/715
f 2368/3279/1244 2375/3280/422 2377/3277/371 2376/3276/787
f 2375/3280/422 2370/3281/368 2371/3282/1241 2377/3277/371
f 2371/3272/1241 2374/3271/715 2377/3283/371
f 2378/3284/1245 2381/3285/494 2383/3286/305 2382/3287/573
f 2381/3285/494 2385/3288/792 2386/3289/217 2383/3286/305
f 2379/3290/1246 2384/3291/1247 2386/3292/217 2385/3293/792
f 2384/3291/1247 2388/3294/1248 2389/3295/221 2386/3292/217
f 2380/3296/1249 2387/3297/430 2389/3298/221 2388/3299/1248
f 2387/3300/430 2382/3287/573 2383/3286/305 2389/3301/221
f 2383/3286/305 2386/3289/217 2389/3301/221
f 2390/3302/1250 2393/3303/1251 2395/3304/317 2394/3305/1172
f 2393/3306/1251 2397/3307/1252 2398/3308/1047 2395/3309/317
f 2391/3310/1253 2396/3311/1254 2398/3308/1047 2397/3307/1252
f 2396/3312/1254 2400/3313/805 2401/3314/324 2398/3315/1047
f 2392/3316/1255 2399/3317/588 2401/3314/324 2400/3313/805
f 2399/3317/588 2394/3318/1172 2395/3319/317 2401/3314/324
f 2395/3309/317 2398/3308/1047 2401/3320/324
f 2402/3321/1256 2405/3322/809 2407/3323/329 2406/3324/1257
f 2405/3322/809 2409/3325/1258 2410/3326/1193 2407/3323/329
f 2403/3327/1259 2408/3328/1053 2410/3329/1193 2409/3330/1258
f 2408/3328/1053 2412/3331/596 2413/3332/597 2410/3329/1193
f 2404/3333/1260 2411/3334/1261 2413/3335/597 2412/3336/596
f 2411/3337/1261 2406/3324/1257 2407/3323/329 2413/3338/597
f 2407/3323/329 2410/3326/1193 2413/3338/597
f 2414/3339/1262 2417/3340/601 2419/3341/250 2418/3342/1263
f 2417/3343/601 2421/3344/603 2422/3345/604 2419/3346/250
f 2415/3347/1264 2420/3348/1265 2422/3345/604 2421/3344/603
f 2420/3349/1265 2424/3350/1266 2425/3351/534 2422/3352/604
f 2416/3353/1267 2423/3354/1009 2425/3351/534 2424/3350/1266
f 2423/3354/1009 2418/3355/1263 2419/3356/250 2425/3351/534
f 2419/3346/250 2422/3345/604 2425/3357/534
f 2426/3358/1268 2429/3359/610 2431/3360/166 2430/3361/900
f 2429/3362/610 2433/3363/612 2434/3364/169 2431/3365/166
f 2427/3366/1269 2432/3367/614 2434/3364/169 2433/3363/612
f 2432/3368/614 2436/3369/615 2437/3370/545 2434/3371/169
f 2428/3372/1270 2435/3373/1202 2437/3370/545 2436/3369/615
f 2435/3373/1202 2430/3374/900 2431/3375/166 2437/3370/545
f 2431/3365/166 2434/3364/169 2437/3376/545
f 2438/3377/1271 2441/3378/619 2443/3379/550 2442/3380/620
f 2441/3378/619 2445/3381/621 2446/3382/695 2443/3379/550
f 2439/3383/1272 2444/3384/1273 2446/3385/695 2445/3386/621
f 2444/3384/1273 2448/3387/555 2449/3388/358 2446/3385/695
f 2440/3389/1274 2447/3390/1275 2449/3391/358 2448/3392/555
f 2447/3393/1275 2442/3380/620 2443/3379/550 2449/3394/358
f 2443/3379/550 2446/3382/695 2449/3394/358
f 2450/3395/1276 2453/3396/627 2455/3397/362 2454/3398/628
f 2453/3396/627 2457/3399/906 2458/3400/287 2455/3397/362
f 2451/3401/1277 2456/3402/632 2458/3403/287 2457/3404/906
f 2456/3402/632 2460/3405/633 2461/3406/197 2458/3403/287
f 2452/3407/1278 2459/3408/1279 2461/3409/197 2460/3410/633
f 2459/3411/1279 2454/3398/628 2455/3397/362 2461/3412/197
f 2455/3397/362 2458/3400/287 2461/3412/197
f 2462/3413/1280 2465/3414/637 2467/3415/1281 2466/3416/1282
f 2465/3417/637 2469/3418/639 2470/3419/1283 2467/3420/1281
f 2463/3421/1284 2468/3422/914 2470/3419/1283 2469/3418/639
f 2468/3423/914 2472/3424/642 2473/3425/371 2470/3426/1283
f 2464/3427/1285 2471/3428/916 2473/3425/371 2472/3424/642
f 2471/3428/916 2466/3429/1282 2467/3430/1281 2473/3425/371
f 2467/3420/1281 2470/3419/1283 2473/3431/371
f 2474/3432/1286 2477/3433/646 2479/3434/214 2478/3435/1287
f 2477/3433/646 2481/3436/648 2482/3437/575 2479/3434/214
f 2475/3438/1288 2480/3439/650 2482/3440/575 2481/3441/648
f 2480/3439/650 2484/3442/1289 2485/3443/221 2482/3440/575
f 2476/3444/1290 2483/3445/1291 2485/3446/221 2484/3447/1289
f 2483/3448/1291 2478/3435/1287 2479/3434/214 2485/3449/221
f 2479/3434/214 2482/3437/575 2485/3449/221
f 2486/3450/1292 2489/3451/656 2491/3452/380 2490/3453/1293
f 2489/3454/656 2493/3455/1294 2494/3456/1047 2491/3457/380
f 2487/3458/1295 2492/3459/1296 2494/3456/1047 2493/3455/1294
f 2492/3460/1296 2496/3461/662 2497/3462/1297 2494/3463/1047
f 2488/3464/1298 2495/3465/664 2497/3462/1297 2496/3461/662
f 2495/3465/664 2490/3466/1293 2491/3467/380 2497/3462/1297
f 2491/3457/380 2494/3456/1047 2497/3468/1297
f 2498/3469/1299 2501/3470/1300 2503/3471/810 2502/3472/1301
f 2501/3470/1300 2505/3473/668 2506/3474/241 2503/3471/810
f 2499/3475/1302 2504/3476/1303 2506/3477/241 2505/3478/668
f 2504/3476/1303 2508/3479/1304 2509/3480/245 2506/3477/241
f 2500/3481/1305 2507/3482/1306 2509/3483/245 2508/3484/1304
f 2507/3485/1306 2502/3472/1301 2503/3471/810 2509/3486/245
f 2503/3471/810 2506/3474/241 2509/3486/245
f 2510/3487/1307 2513/3488/1308 2515/3489/394 2514/3490/677
f 2513/3491/1308 2517/3492/1309 2518/3493/1310 2515/3494/394
f 2511/3495/1311 2516/3496/933 2518/3493/1310 2517/3492/1309
f 2516/3497/933 2520/3498/1312 2521/3499/896 2518/3500/1310
f 2512/3501/1313 2519/3502/1314 2521/3499/896 2520/3498/1312
f 2519/3502/1314 2514/3503/677 2515/3504/394 2521/3499/896
f 2515/3494/394 2518/3493/1310 2521/3505/896
f 2522/3506/1315 2525/3507/1010 2527/3508/166 2526/3509/900
f 2525/3510/1010 2529/3511/264 2530/3512/265 2527/3513/166
f 2523/3514/1316 2528/3515/171 2530/3512/265 2529/3511/264
f 2528/3516/171 2532/3517/172 2533/3518/545 2530/3519/265
f 2524/3520/1317 2531/3521/1202 2533/3518/545 2532/3517/172
f 2531/3521/1202 2526/3522/900 2527/3523/166 2533/3518/545
f 2527/3513/166 2530/3512/265 2533/3524/545
f 2534/3525/1318 2537/3526/177 2539/3527/178 2538/3528/1319
f 2537/3526/177 2541/3529/767 2542/3530/355 2539/3527/178
f 2535/3531/1320 2540/3532/1025 2542/3533/355 2541/3534/767
f 2540/3532/1025 2544/3535/1026 2545/3536/358 2542/3533/355
f 2536/3537/1321 2543/3538/625 2545/3539/358 2544/3540/1026
f 2543/3541/625 2538/3528/1319 2539/3527/178 2545/3542/358
f 2539/3527/178 2542/3530/355 2545/3542/358
f 2546/3543/1322 2549/3544/189 2551/3545/284 2550/3546/628
f 2549/3544/189 2553/3547/192 2554/3548/1076 2551/3545/284
f 2547/3549/1323 2552/3550/908 2554/3551/1076 2553/3552/192
f 2552/3550/908 2556/3553/1324 2557/3554/197 2554/3551/1076
f 2548/3555/1325 2555/3556/635 2557/3557/197 2556/3558/1324
f 2555/3559/635 2550/3546/628 2551/3545/284 2557/3560/197
f 2551/3545/284 2554/3548/1076 2557/3560/197
f 2558/3561/1326 2561/3562/1032 2563/3563/202 2562/3564/912
f 2561/3565/1032 2565/3566/418 2566/3567/715 2563/3568/202
f 2559/3569/1327 2564/3570/207 2566/3567/715 2565/3566/418
f 2564/3571/207 2568/3572/208 2569/3573/209 2566/3574/715
f 2560/3575/1328 2567/3576/916 2569/3573/209 2568/3572/208
f 2567/3576/916 2562/3577/912 2563/3578/202 2569/3573/209
f 2563/3568/202 2566/3567/715 2569/3579/209
f 2570/3580/1329 2573/3581/213 2575/3582/214 2574/3583/647
f 2573/3581/213 2577/3584/216 2578/3585/308 2575/3582/214
f 2571/3586/1330 2576/3587/1041 2578/3588/308 2577/3589/216
f 2576/3587/1041 2580/3590/1169 2581/3591/652 2578/3588/308
f 2572/3592/1331 2579/3593/1291 2581/3594/652 2580/3595/1169
f 2579/3596/1291 2574/3583/647 2575/3582/214 2581/3597/652
f 2575/3582/214 2578/3585/308 2581/3597/652
f 2582/3598/1332 2585/3599/1333 2587/3600/226 2586/3601/1334
f 2585/3602/1333 2589/3603/1046 2590/3604/229 2587/3605/226
f 2583/3606/1335 2588/3607/231 2590/3604/229 2589/3603/1046
f 2588/3608/231 2592/3609/232 2593/3610/233 2590/3611/229
f 2584/3612/1336 2591/3613/925 2593/3610/233 2592/3609/232
f 2591/3613/925 2586/3614/1334 2587/3615/226 2593/3610/233
f 2587/3605/226 2590/3604/229 2593/3616/233
f 2594/3617/1337 2597/3618/1338 2599/3619/810 2598/3620/386
f 2597/3618/1338 2601/3621/240 2602/3622/241 2599/3619/810
f 2595/3623/1339 2600/3624/670 2602/3625/241 2601/3626/240
f 2600/3624/670 2604/3627/1304 2605/3628/597 2602/3625/241
f 2596/3629/1340 2603/3630/338 2605/3631/597 2604/3632/1304
f 2603/3633/338 2598/3620/386 2599/3619/810 2605/3634/597
f 2599/3619/810 2602/3622/241 2605/3634/597
f 2606/3635/1341 2609/3636/676 2611/3637/250 2610/3638/1342
f 2609/3639/676 2613/3640/1309 2614/3641/1343 2611/3642/250
f 2607/3643/1344 2612/3644/255 2614/3641/1343 2613/3640/1309
f 2612/3645/255 2616/3646/750 2617/3647/346 2614/3648/1343
f 2608/3649/1345 2615/3650/348 2617/3647/346 2616/3646/750
f 2615/3650/348 2610/3651/1342 2611/3652/250 2617/3647/346
f 2611/3642/250 2614/3641/1343 2617/3653/346
f 2618/3654/1346 2621/3655/685 2623/3656/262 2622/3657/686
f 2621/3658/685 2625/3659/687 2626/3660/352 2623/3661/262
f 2619/3662/688 2624/3663/689 2626/3660/352 2625/3659/687
f 2624/3664/689 2628/3665/1159 2629/3666/353 2626/3667/352
f 2620/3668/1183 2627/3669/691 2629/3666/353 2628/3665/1159
f 2627/3669/691 2622/3670/686 2623/3671/262 2629/3666/353
f 2623/3661/262 2626/3660/352 2629/3672/353
f 2630/3673/692 2633/3674/1185 2635/3675/550 2634/3676/693
f 2633/3674/1185 2637/3677/694 2638/3678/276 2635/3675/550
f 2631/3679/696 2636/3680/697 2638/3681/276 2637/3682/694
f 2636/3680/697 2640/3683/1347 2641/3684/185 2638/3681/276
f 2632/3685/698 2639/3686/699 2641/3687/185 2640/3688/1347
f 2639/3689/699 2634/3676/693 2635/3675/550 2641/3690/185
f 2635/3675/550 2638/3678/276 2641/3690/185
f 2642/3691/1028 2645/3692/701 2647/3693/362 2646/3694/702
f 2645/3692/701 2649/3695/703 2650/3696/365 2647/3693/362
f 2643/3697/1348 2648/3698/705 2650/3699/365 2649/3700/703
f 2648/3698/705 2652/3701/1119 2653/3702/414 2650/3699/365
f 2644/3703/708 2651/3704/1238 2653/3705/414 2652/3706/1119
f 2651/3707/1238 2646/3694/702 2647/3693/362 2653/3708/414
f 2647/3693/362 2650/3696/365 2653/3708/414
f 2654/3709/710 2657/3710/201 2659/3711/1241 2658/3712/713
f 2657/3713/201 2661/3714/204 2662/3715/419 2659/3716/1241
f 2655/3717/716 2660/3718/717 2662/3715/419 2661/3714/204
f 2660/3719/717 2664/3720/570 2665/3721/971 2662/3722/419
f 2656/3723/1035 2663/3724/720 2665/3721/971 2664/3720/570
f 2663/3724/720 2658/3725/713 2659/3726/1241 2665/3721/971
f 2659/3716/1241 2662/3715/419 2665/3727/971
f 2666/3728/721 2669/3729/213 2671/3730/214 2670/3731/1038
f 2669/3729/213 2673/3732/723 2674/3733/575 2671/3730/214
f 2667/3734/724 2672/3735/725 2674/3736/575 2673/3737/723
f 2672/3735/725 2676/3738/726 2677/3739/312 2674/3736/575
f 2668/3740/1349 2675/3741/1350 2677/3742/312 2676/3743/726
f 2675/3744/1350 2670/3731/1038 2671/3730/214 2677/3745/312
f 2671/3730/214 2674/3733/575 2677/3745/312
f 2678/3746/729 2681/3747/1351 2683/3748/317 2682/3749/583
f 2681/3750/1351 2685/3751/730 2686/3752/320 2683/3753/317
f 2679/3754/731 2684/3755/732 2686/3752/320 2685/3751/730
f 2684/3756/732 2688/3757/733 2689/3758/233 2686/3759/320
f 2680/3760/734 2687/3761/735 2689/3758/233 2688/3757/733
f 2687/3761/735 2682/3762/583 2683/3763/317 2689/3758/233
f 2683/3753/317 2686/3752/320 2689/3764/233
f 2690/3765/736 2693/3766/1352 2695/3767/517 2694/3768/239
f 2693/3766/1352 2697/3769/240 2698/3770/1193 2695/3767/517
f 2691/3771/739 2696/3772/1053 2698/3773/1193 2697/3774/240
f 2696/3772/1053 2700/3775/741 2701/3776/245 2698/3773/1193
f 2692/3777/742 2699/3778/743 2701/3779/245 2700/3780/741
f 2699/3781/743 2694/3768/239 2695/3767/517 2701/3782/245
f 2695/3767/517 2698/3770/1193 2701/3782/245
f 2702/3783/744 2705/3784/1353 2707/3785/447 2706/3786/746
f 2705/3787/1353 2709/3788/747 2710/3789/530 2707/3790/447
f 2703/3791/749 2708/3792/255 2710/3789/530 2709/3788/747
f 2708/3793/255 2712/3794/1354 2713/3795/896 2710/3796/530
f 2704/3797/751 2711/3798/752 2713/3795/896 2712/3794/1354
f 2711/3798/752 2706/3799/746 2707/3800/447 2713/3795/896
f 2707/3790/447 2710/3789/530 2713/3801/896
f 2714/3802/1112 2717/3803/165 2719/3804/350 2718/3805/167
f 2717/3806/165 2721/3807/168 2722/3808/169 2719/3809/350
f 2715/3810/170 2720/3811/171 2722/3808/169 2721/3807/168
f 2720/3812/171 2724/3813/172 2725/3814/545 2722/3815/169
f 2716/3816/174 2723/3817/175 2725/3814/545 2724/3813/172
f 2723/3817/175 2718/3818/167 2719/3819/350 2725/3814/545
f 2719/3809/350 2722/3808/169 2725/3820/545
f 2726/3821/1355 2729/3822/1115 2731/3823/1356 2730/3824/766
f 2729/3822/1115 2733/3825/767 2734/3826/181 2731/3823/1356
f 2727/3827/182 2732/3828/1117 2734/3829/181 2733/3830/767
f 2732/3828/1117 2736/3831/184 2737/3832/185 2734/3829/181
f 2728/3833/186 2735/3834/187 2737/3835/185 2736/3836/184
f 2735/3837/187 2730/3824/766 2731/3823/1356 2737/3838/185
f 2731/3823/1356 2734/3826/181 2737/3838/185
f 2738/3839/1357 2741/3840/189 2743/3841/362 2742/3842/191
f 2741/3840/189 2745/3843/192 2746/3844/287 2743/3841/362
f 2739/3845/1118 2744/3846/195 2746/3847/287 2745/3848/192
f 2744/3846/195 2748/3849/1119 2749/3850/1164 2746/3847/287
f 2740/3851/1120 2747/3852/199 2749/3853/1164 2748/3854/1119
f 2747/3855/199 2742/3842/191 2743/3841/362 2749/3856/1164
f 2743/3841/362 2746/3844/287 2749/3856/1164
f 2750/3857/200 2753/3858/201 2755/3859/202 2754/3860/203
f 2753/3861/201 2757/3862/204 2758/3863/419 2755/3864/202
f 2751/3865/1123 2756/3866/1358 2758/3863/419 2757/3862/204
f 2756/3867/1358 2760/3868/1124 2761/3869/1034 2758/3870/419
f 2752/3871/210 2759/3872/1359 2761/3869/1034 2760/3868/1124
f 2759/3872/1359 2754/3873/203 2755/3874/202 2761/3869/1034
f 2755/3864/202 2758/3863/419 2761/3875/1034
f 2762/3876/789 2765/3877/213 2767/3878/214 2766/3879/215
f 2765/3877/213 2769/3880/1360 2770/3881/217 2767/3878/214
f 2763/3882/218 2768/3883/219 2770/3884/217 2769/3885/1360
f 2768/3883/219 2772/3886/220 2773/3887/376 2770/3884/217
f 2764/3888/1126 2771/3889/223 2773/3890/376 2772/3891/220
f 2771/3892/223 2766/3879/215 2767/3878/214 2773/3893/376
f 2767/3878/214 2770/3881/217 2773/3893/376
f 2774/3894/1127 2777/3895/1361 2779/3896/380 2778/3897/1362
f 2777/3898/1361 2781/3899/228 2782/3900/802 2779/3901/380
f 2775/3902/230 2780/3903/804 2782/3900/802 2781/3899/228
f 2780/3904/804 2784/3905/232 2785/3906/233 2782/3907/802
f 2776/3908/234 2783/3909/1129 2785/3906/233 2784/3905/232
f 2783/3909/1129 2778/3910/1362 2779/3911/380 2785/3906/233
f 2779/3901/380 2782/3900/802 2785/3912/233
f 2786/3913/1130 2789/3914/237 2791/3915/238 2790/3916/811
f 2789/3914/237 2793/3917/240 2794/3918/241 2791/3915/238
f 2787/3919/1363 2792/3920/243 2794/3921/241 2793/3922/240
f 2792/3920/243 2796/3923/244 2797/3924/672 2794/3921/241
f 2788/3925/1131 2795/3926/743 2797/3927/672 2796/3928/244
f 2795/3929/743 2790/3916/811 2791/3915/238 2797/3930/672
f 2791/3915/238 2794/3918/241 2797/3930/672
f 2798/3931/248 2801/3932/745 2803/3933/1364 2802/3934/819
f 2801/3935/745 2805/3936/252 2806/3937/748 2803/3938/1364
f 2799/3939/1365 2804/3940/820 2806/3937/748 2805/3936/252
f 2804/3941/820 2808/3942/256 2809/3943/257 2806/3944/748
f 2800/3945/821 2807/3946/822 2809/3943/257 2808/3942/256
f 2807/3946/822 2802/3947/819 2803/3948/1364 2809/3943/257
f 2803/3938/1364 2806/3937/748 2809/3949/257
f 2810/3950/1366 2813/3951/538 2815/3952/262 2814/3953/1058
f 2813/3954/538 2817/3955/612 2818/3956/169 2815/3957/262
f 2811/3958/1059 2816/3959/614 2818/3956/169 2817/3955/612
f 2816/3960/614 2820/3961/1061 2821/3962/545 2818/3963/169
f 2812/3964/1367 2819/3965/1064 2821/3962/545 2820/3961/1061
f 2819/3965/1064 2814/3966/1058 2815/3967/262 2821/3962/545
f 2815/3957/262 2818/3956/169 2821/3968/545
f 2822/3969/1368 2825/3970/1066 2827/3971/765 2826/3972/620
f 2825/3970/1066 2829/3973/1069 2830/3974/181 2827/3971/765
f 2823/3975/1369 2828/3976/554 2830/3977/181 2829/3978/1069
f 2828/3976/554 2832/3979/1071 2833/3980/358 2830/3977/181
f 2824/3981/470 2831/3982/625 2833/3983/358 2832/3984/1071
f 2831/3985/625 2826/3972/620 2827/3971/765 2833/3986/358
f 2827/3971/765 2830/3974/181 2833/3986/358
f 2834/3987/1072 2837/3988/1073 2839/3989/190 2838/3990/1074
f 2837/3988/1073 2841/3991/1075 2842/3992/1142 2839/3989/190
f 2835/3993/1077 2840/3994/560 2842/3995/1142 2841/3996/1075
f 2840/3994/560 2844/3997/561 2845/3998/562 2842/3995/1142
f 2836/3999/1078 2843/4000/1079 2845/4001/562 2844/4002/561
f 2843/4003/1079 2838/3990/1074 2839/3989/190 2845/4004/562
f 2839/3989/190 2842/3992/1142 2845/4004/562
f 2846/4005/1080 2849/4006/566 2851/4007/202 2850/4008/1370
f 2849/4009/566 2853/4010/567 2854/4011/1371 2851/4012/202
f 2847/4013/1081 2852/4014/1082 2854/4011/1371 2853/4010/567
f 2852/4015/1082 2856/4016/1083 2857/4017/490 2854/4018/1371
f 2848/4019/1372 2855/4020/916 2857/4017/490 2856/4016/1083
f 2855/4020/916 2850/4021/1370 2851/4022/202 2857/4017/490
f 2851/4012/202 2854/4011/1371 2857/4023/490
f 2858/4024/1086 2861/4025/1087 2863/4026/214 2862/4027/496
f 2861/4025/1087 2865/4028/1088 2866/4029/217 2863/4026/214
f 2859/4030/1089 2864/4031/650 2866/4032/217 2865/4033/1088
f 2864/4031/650 2868/4034/578 2869/4035/652 2866/4032/217
f 2860/4036/1090 2867/4037/1091 2869/4038/652 2868/4039/578
f 2867/4040/1091 2862/4027/496 2863/4026/214 2869/4041/652
f 2863/4026/214 2866/4029/217 2869/4041/652
f 2870/4042/1373 2873/4043/581 2875/4044/317 2874/4045/657
f 2873/4046/581 2877/4047/658 2878/4048/229 2875/4049/317
f 2871/4050/1374 2876/4051/1095 2878/4048/229 2877/4047/658
f 2876/4052/1095 2880/4053/1096 2881/4054/1297 2878/4055/229
f 2872/4056/1097 2879/4057/925 2881/4054/1297 2880/4053/1096
f 2879/4057/925 2874/4058/657 2875/4059/317 2881/4054/1297
f 2875/4049/317 2878/4048/229 2881/4060/1297
f 2882/4061/1099 2885/4062/1100 2887/4063/238 2886/4064/591
f 2885/4062/1100 2889/4065/1101 2890/4066/1193 2887/4063/238
f 2883/4067/1102 2888/4068/1103 2890/4069/1193 2889/4070/1101
f 2888/4068/1103 2892/4071/1104 2893/4072/336 2890/4069/1193
f 2884/4073/1375 2891/4074/599 2893/4075/336 2892/4076/1104
f 2891/4077/599 2886/4064/591 2887/4063/238 2893/4078/336
f 2887/4063/238 2890/4066/1193 2893/4078/336
f 2894/4079/1376 2897/4080/527 2899/4081/447 2898/4082/677
f 2897/4083/527 2901/4084/678 2902/4085/530 2899/4086/447
f 2895/4087/1377 2900/4088/1109 2902/4085/530 2901/4084/678
f 2900/4089/1109 2904/4090/1110 2905/4091/1378 2902/4092/530
f 2896/4093/1111 2903/4094/608 2905/4091/1378 2904/4090/1110
f 2903/4094/608 2898/4095/677 2899/4096/447 2905/4091/1378
f 2899/4086/447 2902/4085/530 2905/4097/1378
f 2906/4098/1379 2909/4099/165 2911/4100/262 2910/4101/167
f 2909/4102/165 2913/4103/687 2914/4104/169 2911/4105/262
f 2907/4106/688 2912/4107/689 2914/4104/169 2913/4103/687
f 2912/4108/689 2916/4109/1159 2917/4110/1062 2914/4111/169
f 2908/4112/1183 2915/4113/691 2917/4110/1062 2916/4109/1159
f 2915/4113/691 2910/4114/167 2911/4115/262 2917/4110/1062
f 2911/4105/262 2914/4104/169 2917/4116/1062
f 2918/4117/1380 2921/4118/177 2923/4119/550 2922/4120/693
f 2921/4118/177 2925/4121/694 2926/4122/355 2923/4119/550
f 2919/4123/696 2924/4124/697 2926/4125/355 2925/4126/694
f 2924/4124/697 2928/4127/1347 2929/4128/358 2926/4125/355
f 2920/4129/698 2927/4130/699 2929/4131/358 2928/4132/1347
f 2927/4133/699 2922/4120/693 2923/4119/550 2929/4134/358
f 2923/4119/550 2926/4122/355 2929/4134/358
f 2930/4135/1028 2933/4136/701 2935/4137/284 2934/4138/702
f 2933/4136/701 2937/4139/703 2938/4140/1076 2935/4137/284
f 2931/4141/704 2936/4142/705 2938/4143/1076 2937/4144/703
f 2936/4142/705 2940/4145/706 2941/4146/197 2938/4143/1076
f 2932/4147/1031 2939/4148/199 2941/4149/197 2940/4150/706
f 2939/4151/199 2934/4138/702 2935/4137/284 2941/4152/197
f 2935/4137/284 2938/4140/1076 2941/4152/197
f 2942/4153/710 2945/4154/711 2947/4155/202 2946/4156/713
f 2945/4157/711 2949/4158/1381 2950/4159/715 2947/4160/202
f 2943/4161/716 2948/4162/717 2950/4159/715 2949/4158/1381
f 2948/4163/717 2952/4164/718 2953/4165/1034 2950/4166/715
f 2944/4167/1035 2951/4168/720 2953/4165/1034 2952/4164/718
f 2951/4168/720 2946/4169/713 2947/4170/202 2953/4165/1034
f 2947/4160/202 2950/4159/715 2953/4171/1034
f 2954/4172/721 2957/4173/722 2959/4174/373 2958/4175/573
f 2957/4173/722 2961/4176/723 2962/4177/374 2959/4174/373
f 2955/4178/724 2960/4179/725 2962/4180/374 2961/4181/723
f 2960/4179/725 2964/4182/1169 2965/4183/221 2962/4180/374
f 2956/4184/727 2963/4185/1350 2965/4186/221 2964/4187/1169
f 2963/4188/1350 2958/4175/573 2959/4174/373 2965/4189/221
f 2959/4174/373 2962/4177/374 2965/4189/221
f 2966/4190/1382 2969/4191/1351 2971/4192/380 2970/4193/583
f 2969/4194/1351 2973/4195/730 2974/4196/229 2971/4197/380
f 2967/4198/731 2972/4199/732 2974/4196/229 2973/4195/730
f 2972/4200/732 2976/4201/733 2977/4202/233 2974/4203/229
f 2968/4204/734 2975/4205/735 2977/4202/233 2976/4201/733
f 2975/4205/735 2970/4206/583 2971/4207/380 2977/4202/233
f 2971/4197/380 2974/4196/229 2977/4208/233
f 2978/4209/736 2981/4210/1352 2983/4211/329 2982/4212/1176
f 2981/4210/1352 2985/4213/331 2986/4214/593 2983/4211/329
f 2979/4215/739 2984/4216/595 2986/4217/593 2985/4218/331
f 2984/4216/595 2988/4219/741 2989/4220/336 2986/4217/593
f 2980/4221/742 2987/4222/338 2989/4223/336 2988/4224/741
f 2987/4225/338 2982/4212/1176 2983/4211/329 2989/4226/336
f 2983/4211/329 2986/4214/593 2989/4226/336
f 2990/4227/744 2993/4228/1353 2995/4229/394 2994/4230/746
f 2993/4231/1353 2997/4232/603 2998/4233/253 2995/4234/394
f 2991/4235/749 2996/4236/397 2998/4233/253 2997/4232/603
f 2996/4237/397 3000/4238/1383 3001/4239/257 2998/4240/253
f 2992/4241/1384 2999/4242/752 3001/4239/257 3000/4238/1383
f 2999/4242/752 2994/4243/746 2995/4244/394 3001/4239/257
f 2995/4234/394 2998/4233/253 3001/4245/257
f 3002/4246/1346 3005/4247/685 3007/4248/262 3006/4249/686
f 3005/4250/685 3009/4251/264 3010/4252/169 3007/4253/262
f 3003/4254/1385 3008/4255/1386 3010/4252/169 3009/4251/264
f 3008/4256/1386 3012/4257/1387 3013/4258/173 3010/4259/169
f 3004/4260/1388 3011/4261/547 3013/4258/173 3012/4257/1387
f 3011/4261/547 3006/4262/686 3007/4263/262 3013/4258/173
f 3007/4253/262 3010/4252/169 3013/4264/173
f 3014/4265/1389 3017/4266/1390 3019/4267/1356 3018/4268/1391
f 3017/4266/1390 3021/4269/1392 3022/4270/695 3019/4267/1356
f 3015/4271/1393 3020/4272/1025 3022/4273/695 3021/4274/1392
f 3020/4272/1025 3024/4275/1347 3025/4276/185 3022/4273/695
f 3016/4277/698 3023/4278/359 3025/4279/185 3024/4280/1347
f 3023/4281/359 3018/4268/1391 3019/4267/1356 3025/4282/185
f 3019/4267/1356 3022/4270/695 3025/4282/185
f 3026/4283/1394 3029/4284/1395 3031/4285/284 3030/4286/285
f 3029/4284/1395 3033/4287/1396 3034/4288/287 3031/4285/284
f 3027/4289/1397 3032/4290/705 3034/4291/287 3033/4292/1396
f 3032/4290/705 3036/4293/909 3037/4294/414 3034/4291/287
f 3028/4295/708 3035/4296/564 3037/4297/414 3036/4298/909
f 3035/4299/564 3030/4286/285 3031/4285/284 3037/4300/414
f 3031/4285/284 3034/4288/287 3037/4300/414
f 3038/4301/710 3041/4302/711 3043/4303/202 3042/4304/368
f 3041/4305/711 3045/4306/418 3046/4307/715 3043/4308/202
f 3039/4309/1398 3044/4310/1399 3046/4307/715 3045/4306/418
f 3044/4311/1399 3048/4312/1400 3049/4313/209 3046/4314/715
f 3040/4315/1401 3047/4316/422 3049/4313/209 3048/4312/1400
f 3047/4316/422 3042/4317/368 3043/4318/202 3049/4313/209
f 3043/4308/202 3046/4307/715 3049/4319/209
f 3050/4320/1402 3053/4321/1403 3055/4322/424 3054/4323/573
f 3053/4321/1403 3057/4324/1404 3058/4325/308 3055/4322/424
f 3051/4326/1405 3056/4327/1041 3058/4328/308 3057/4329/1404
f 3056/4327/1041 3060/4330/726 3061/4331/376 3058/4328/308
f 3052/4332/727 3059/4333/430 3061/4334/376 3060/4335/726
f 3059/4336/430 3054/4323/573 3055/4322/424 3061/4337/376
f 3055/4322/424 3058/4325/308 3061/4337/376
f 3062/4338/729 3065/4339/1333 3067/4340/1150 3066/4341/1172
f 3065/4342/1333 3069/4343/1406 3070/4344/320 3067/4345/1150
f 3063/4346/1407 3068/4347/1408 3070/4344/320 3069/4343/1406
f 3068/4348/1408 3072/4349/1409 3073/4350/876 3070/4351/320
f 3064/4352/1410 3071/4353/735 3073/4350/876 3072/4349/1409
f 3071/4353/735 3066/4354/1172 3067/4355/1150 3073/4350/876
f 3067/4345/1150 3070/4344/320 3073/4356/876
f 3074/4357/1411 3077/4358/1412 3079/4359/737 3078/4360/1176
f 3077/4358/1412 3081/4361/1413 3082/4362/593 3079/4359/737
f 3075/4363/1414 3080/4364/595 3082/4365/593 3081/4366/1413
f 3080/4364/595 3084/4367/596 3085/4368/523 3082/4365/593
f 3076/4369/1415 3083/4370/1179 3085/4371/523 3084/4372/596
f 3083/4373/1179 3078/4360/1176 3079/4359/737 3085/4374/523
f 3079/4359/737 3082/4362/593 3085/4374/523
f 3086/4375/744 3089/4376/601 3091/4377/250 3090/4378/746
f 3089/4379/601 3093/4380/1416 3094/4381/253 3091/4382/250
f 3087/4383/1417 3092/4384/1418 3094/4381/253 3093/4380/1416
f 3092/4385/1418 3096/4386/1419 3097/4387/896 3094/4388/253
f 3088/4389/1420 3095/4390/348 3097/4387/896 3096/4386/1419
f 3095/4390/348 3090/4391/746 3091/4392/250 3097/4387/896
f 3091/4382/250 3094/4381/253 3097/4393/896
f 3098/4394/753 3101/4395/1421 3103/4396/166 3102/4397/1422
f 3101/4398/1421 3105/4399/1423 3106/4400/265 3103/4401/166
f 3099/4402/1424 3104/4403/760 3106/4400/265 3105/4399/1423
f 3104/4404/760 3108/4405/1425 3109/4406/1062 3106/4407/265
f 3100/4408/1426 3107/4409/1427 3109/4406/1062 3108/4405/1425
f 3107/4409/1427 3102/4410/1422 3103/4411/166 3109/4406/1062
f 3103/4401/166 3106/4400/265 3109/4412/1062
f 3110/4413/763 3113/4414/764 3115/4415/178 3114/4416/179
f 3113/4414/764 3117/4417/767 3118/4418/355 3115/4415/178
f 3111/4419/1428 3116/4420/183 3118/4421/355 3117/4422/767
f 3116/4420/183 3120/4423/1429 3121/4424/771 3118/4421/355
f 3112/4425/1430 3119/4426/773 3121/4427/771 3120/4428/1429
f 3119/4429/773 3114/4416/179 3115/4415/178 3121/4430/771
f 3115/4415/178 3118/4418/355 3121/4430/771
f 3122/4431/1431 3125/4432/775 3127/4433/1432 3126/4434/474
f 3125/4432/775 3129/4435/777 3130/4436/1433 3127/4433/1432
f 3123/4437/778 3128/4438/1434 3130/4439/1433 3129/4440/777
f 3128/4438/1434 3132/4441/1435 3133/4442/1436 3130/4439/1433
f 3124/4443/1437 3131/4444/1438 3133/4445/1436 3132/4446/1435
f 3131/4447/1438 3126/4434/474 3127/4433/1432 3133/4448/1436
f 3127/4433/1432 3130/4436/1433 3133/4448/1436
f 3134/4449/1439 3137/4450/1440 3139/4451/1441 3138/4452/1122
f 3137/4453/1440 3141/4454/784 3142/4455/419 3139/4456/1441
f 3135/4457/1442 3140/4458/1358 3142/4455/419 3141/4454/784
f 3140/4459/1358 3144/4460/1124 3145/4461/490 3142/4462/419
f 3136/4463/1443 3143/4464/211 3145/4461/490 3144/4460/1124
f 3143/4464/211 3138/4465/1122 3139/4466/1441 3145/4461/490
f 3139/4456/1441 3142/4455/419 3145/4467/490
f 3146/4468/1444 3149/4469/790 3151/4470/305 3150/4471/791
f 3149/4469/790 3153/4472/792 3154/4473/498 3151/4470/305
f 3147/4474/1445 3152/4475/794 3154/4476/498 3153/4477/792
f 3152/4475/794 3156/4478/795 3157/4479/221 3154/4476/498
f 3148/4480/796 3155/4481/797 3157/4482/221 3156/4483/795
f 3155/4484/797 3150/4471/791 3151/4470/305 3157/4485/221
f 3151/4470/305 3154/4473/498 3157/4485/221
f 3158/4486/1446 3161/4487/1361 3163/4488/380 3162/4489/800
f 3161/4490/1361 3165/4491/801 3166/4492/229 3163/4493/380
f 3159/4494/1447 3164/4495/1254 3166/4492/229 3165/4491/801
f 3164/4496/1254 3168/4497/1448 3169/4498/324 3166/4499/229
f 3160/4500/1449 3167/4501/807 3169/4498/324 3168/4497/1448
f 3167/4501/807 3162/4502/800 3163/4503/380 3169/4498/324
f 3163/4493/380 3166/4492/229 3169/4504/324
f 3170/4505/808 3173/4506/1338 3175/4507/1450 3174/4508/1451
f 3173/4506/1338 3177/4509/812 3178/4510/1193 3175/4507/1450
f 3171/4511/1452 3176/4512/1453 3178/4513/1193 3177/4514/812
f 3176/4512/1453 3180/4515/1454 3181/4516/245 3178/4513/1193
f 3172/4517/1455 3179/4518/247 3181/4519/245 3180/4520/1454
f 3179/4521/247 3174/4508/1451 3175/4507/1450 3181/4522/245
f 3175/4507/1450 3178/4510/1193 3181/4522/245
f 3182/4523/1456 3185/4524/1106 3187/4525/394 3186/4526/819
f 3185/4527/1106 3189/4528/1154 3190/4529/604 3187/4530/394
f 3183/4531/1457 3188/4532/820 3190/4529/604 3189/4528/1154
f 3188/4533/820 3192/4534/1266 3193/4535/346 3190/4536/604
f 3184/4537/1458 3191/4538/822 3193/4535/346 3192/4534/1266
f 3191/4538/822 3186/4539/819 3187/4540/394 3193/4535/346
f 3187/4530/394 3190/4529/604 3193/4541/346
f 3194/4542/753 3197/4543/1459 3199/4544/262 3198/4545/454
f 3197/4546/1459 3201/4547/1423 3202/4548/265 3199/4549/262
f 3195/4550/1460 3200/4551/1222 3202/4548/265 3201/4547/1423
f 3200/4552/1222 3204/4553/459 3205/4554/173 3202/4555/265
f 3196/4556/1461 3203/4557/461 3205/4554/173 3204/4553/459
f 3203/4557/461 3198/4558/454 3199/4559/262 3205/4554/173
f 3199/4549/262 3202/4548/265 3205/4560/173
f 3206/4561/1462 3209/4562/764 3211/4563/765 3210/4564/1135
f 3209/4562/764 3213/4565/767 3214/4566/355 3211/4563/765
f 3207/4567/1463 3212/4568/769 3214/4569/355 3213/4570/767
f 3212/4568/769 3216/4571/1464 3217/4572/358 3214/4569/355
f 3208/4573/1465 3215/4574/1466 3217/4575/358 3216/4576/1464
f 3215/4577/1466 3210/4564/1135 3211/4563/765 3217/4578/358
f 3211/4563/765 3214/4566/355 3217/4578/358
f 3218/4579/1467 3221/4580/473 3223/4581/284 3222/4582/1468
f 3221/4580/473 3225/4583/1469 3226/4584/1142 3223/4581/284
f 3219/4585/1470 3224/4586/1434 3226/4587/1142 3225/4588/1469
f 3224/4586/1434 3228/4589/1435 3229/4590/1164 3226/4587/1142
f 3220/4591/1471 3227/4592/781 3229/4593/1164 3228/4594/1435
f 3227/4595/781 3222/4582/1468 3223/4581/284 3229/4596/1164
f 3223/4581/284 3226/4584/1142 3229/4596/1164
f 3230/4597/1472 3233/4598/1440 3235/4599/483 3234/4600/1122
f 3233/4601/1440 3237/4602/1473 3238/4603/715 3235/4604/483
f 3231/4605/1474 3236/4606/786 3238/4603/715 3237/4602/1473
f 3236/4607/786 3240/4608/787 3241/4609/371 3238/4610/715
f 3232/4611/1475 3239/4612/1144 3241/4609/371 3240/4608/787
f 3239/4612/1144 3234/4613/1122 3235/4614/483 3241/4609/371
f 3235/4604/483 3238/4603/715 3241/4615/371
f 3242/4616/1476 3245/4617/790 3247/4618/214 3246/4619/1477
f 3245/4617/790 3249/4620/792 3250/4621/575 3247/4618/214
f 3243/4622/1478 3248/4623/794 3250/4624/575 3249/4625/792
f 3248/4623/794 3252/4626/1479 3253/4627/376 3250/4624/575
f 3244/4628/1480 3251/4629/797 3253/4630/376 3252/4631/1479
f 3251/4632/797 3246/4619/1477 3247/4618/214 3253/4633/376
f 3247/4618/214 3250/4621/575 3253/4633/376
f 3254/4634/1481 3257/4635/799 3259/4636/380 3258/4637/1482
f 3257/4638/799 3261/4639/1483 3262/4640/320 3259/4641/380
f 3255/4642/1484 3260/4643/1254 3262/4640/320 3261/4639/1483
f 3260/4644/1254 3264/4645/805 3265/4646/876 3262/4647/320
f 3256/4648/1485 3263/4649/514 3265/4646/876 3264/4645/805
f 3263/4649/514 3258/4650/1482 3259/4651/380 3265/4646/876
f 3259/4641/380 3262/4640/320 3265/4652/876
f 3266/4653/1486 3269/4654/809 3271/4655/238 3270/4656/1451
f 3269/4654/809 3273/4657/812 3274/4658/593 3271/4655/238
f 3267/4659/1487 3272/4660/521 3274/4661/593 3273/4662/812
f 3272/4660/521 3276/4663/816 3277/4664/1488 3274/4661/593
f 3268/4665/1489 3275/4666/1490 3277/4667/1488 3276/4668/816
f 3275/4669/1490 3270/4656/1451 3271/4655/238 3277/4670/1488
f 3271/4655/238 3274/4658/593 3277/4670/1488
f 3278/4671/1456 3281/4672/1491 3283/4673/394 3282/4674/1492
f 3281/4675/1491 3285/4676/1154 3286/4677/604 3283/4678/394
f 3279/4679/1493 3284/4680/820 3286/4677/604 3285/4676/1154
f 3284/4681/820 3288/4682/1266 3289/4683/896 3286/4684/604
f 3280/4685/1494 3287/4686/1495 3289/4683/896 3288/4682/1266
f 3287/4686/1495 3282/4687/1492 3283/4688/394 3289/4683/896
f 3283/4678/394 3286/4677/604 3289/4689/896
f 3290/4690/1496 3293/4691/1497 3295/4692/262 3294/4693/686
f 3293/4694/1497 3297/4695/1498 3298/4696/352 3295/4697/262
f 3291/4698/1499 3296/4699/689 3298/4696/352 3297/4695/1498
f 3296/4700/689 3300/4701/1159 3301/4702/353 3298/4703/352
f 3292/4704/1183 3299/4705/691 3301/4702/353 3300/4701/1159
f 3299/4705/691 3294/4706/686 3295/4707/262 3301/4702/353
f 3295/4697/262 3298/4696/352 3301/4708/353
f 3302/4709/692 3305/4710/1185 3307/4711/178 3306/4712/1391
f 3305/4710/1185 3309/4713/694 3310/4714/695 3307/4711/178
f 3303/4715/1500 3308/4716/1501 3310/4717/695 3309/4718/694
f 3308/4716/1501 3312/4719/1502 3313/4720/185 3310/4717/695
f 3304/4721/1503 3311/4722/187 3313/4723/185 3312/4724/1502
f 3311/4725/187 3306/4712/1391 3307/4711/178 3313/4726/185
f 3307/4711/178 3310/4714/695 3313/4726/185
f 3314/4727/1028 3317/4728/701 3319/4729/190 3318/4730/702
f 3317/4728/701 3321/4731/703 3322/4732/365 3319/4729/190
f 3315/4733/1504 3320/4734/1505 3322/4735/365 3321/4736/703
f 3320/4734/1505 3324/4737/1506 3325/4738/414 3322/4735/365
f 3316/4739/1507 3323/4740/1238 3325/4741/414 3324/4742/1506
f 3323/4743/1238 3318/4730/702 3319/4729/190 3325/4744/414
f 3319/4729/190 3322/4732/365 3325/4744/414
f 3326/4745/1508 3329/4746/1509 3331/4747/202 3330/4748/203
f 3329/4749/1509 3333/4750/1510 3334/4751/419 3331/4752/202
f 3327/4753/1511 3332/4754/717 3334/4751/419 3333/4750/1510
f 3332/4755/717 3336/4756/718 3337/4757/209 3334/4758/419
f 3328/4759/1035 3335/4760/422 3337/4757/209 3336/4756/718
f 3335/4760/422 3330/4761/203 3331/4762/202 3337/4757/209
f 3331/4752/202 3334/4751/419 3337/4763/209
f 3338/4764/721 3341/4765/213 3343/4766/424 3342/4767/1038
f 3341/4765/213 3345/4768/723 3346/4769/498 3343/4766/424
f 3339/4770/1512 3344/4771/1513 3346/4772/498 3345/4773/723
f 3344/4771/1513 3348/4774/1514 3349/4775/919 3346/4772/498
f 3340/4776/1515 3347/4777/1350 3349/4778/919 3348/4779/1514
f 3347/4780/1350 3342/4767/1038 3343/4766/424 3349/4781/919
f 3343/4766/424 3346/4769/498 3349/4781/919
f 3350/4782/1516 3353/4783/1517 3355/4784/317 3354/4785/227
f 3353/4786/1517 3357/4787/1518 3358/4788/509 3355/4789/317
f 3351/4790/1519 3356/4791/732 3358/4788/509 3357/4787/1518
f 3356/4792/732 3360/4793/733 3361/4794/324 3358/4795/509
f 3352/4796/734 3359/4797/1520 3361/4794/324 3360/4793/733
f 3359/4797/1520 3354/4798/227 3355/4799/317 3361/4794/324
f 3355/4789/317 3358/4788/509 3361/4800/324
f 3362/4801/1521 3365/4802/1352 3367/4803/517 3366/4804/1522
f 3365/4802/1352 3369/4805/738 3370/4806/928 3367/4803/517
f 3363/4807/739 3368/4808/1053 3370/4809/928 3369/4810/738
f 3368/4808/1053 3372/4811/741 3373/4812/597 3370/4809/928
f 3364/4813/1523 3371/4814/1524 3373/4815/597 3372/4816/741
f 3371/4817/1524 3366/4804/1522 3367/4803/517 3373/4818/597
f 3367/4803/517 3370/4806/928 3373/4818/597
f 3374/4819/1525 3377/4820/745 3379/4821/818 3378/4822/1526
f 3377/4823/745 3381/4824/1527 3382/4825/1310 3379/4826/818
f 3375/4827/1528 3380/4828/1529 3382/4825/1310 3381/4824/1527
f 3380/4829/1529 3384/4830/1354 3385/4831/534 3382/4832/1310
f 3376/4833/1530 3383/4834/1531 3385/4831/534 3384/4830/1354
f 3383/4834/1531 3378/4835/1526 3379/4836/818 3385/4831/534
f 3379/4826/818 3382/4825/1310 3385/4837/534
f 3386/4838/1532 3389/4839/1421 3391/4840/453 3390/4841/686
f 3389/4842/1421 3393/4843/1423 3394/4844/456 3391/4845/453
f 3387/4846/1533 3392/4847/1534 3394/4844/456 3393/4843/1423
f 3392/4848/1534 3396/4849/1535 3397/4850/173 3394/4851/456
f 3388/4852/1536 3395/4853/691 3397/4850/173 3396/4849/1535
f 3395/4853/691 3390/4854/686 3391/4855/453 3397/4850/173
f 3391/4845/453 3394/4844/456 3397/4856/173
f 3398/4857/1537 3401/4858/1538 3403/4859/765 3402/4860/693
f 3401/4858/1538 3405/4861/1539 3406/4862/466 3403/4859/765
f 3399/4863/1540 3404/4864/1117 3406/4865/466 3405/4866/1539
f 3404/4864/1117 3408/4867/770 3409/4868/358 3406/4865/466
f 3400/4869/1541 3407/4870/699 3409/4871/358 3408/4872/770
f 3407/4873/699 3402/4860/693 3403/4859/765 3409/4874/358
f 3403/4859/765 3406/4862/466 3409/4874/358
f 3410/4875/1542 3413/4876/1543 3415/4877/190 3414/4878/191
f 3413/4876/1543 3417/4879/1544 3418/4880/630 3415/4877/190
f 3411/4881/1545 3416/4882/779 3418/4883/630 3417/4884/1544
f 3416/4882/779 3420/4885/1435 3421/4886/1164 3418/4883/630
f 3412/4887/1546 3419/4888/199 3421/4889/1164 3420/4890/1435
f 3419/4891/199 3414/4878/191 3415/4877/190 3421/4892/1164
f 3415/4877/190 3418/4880/630 3421/4892/1164
f 3422/4893/1547 3425/4894/1440 3427/4895/416 3426/4896/713
f 3425/4897/1440 3429/4898/1473 3430/4899/419 3427/4900/416
f 3423/4901/1548 3428/4902/1549 3430/4899/419 3429/4898/1473
f 3428/4903/1549 3432/4904/1550 3433/4905/371 3430/4906/419
f 3424/4907/1551 3431/4908/720 3433/4905/371 3432/4904/1550
f 3431/4908/720 3426/4909/713 3427/4910/416 3433/4905/371
f 3427/4900/416 3430/4899/419 3433/4911/371
f 3434/4912/1552 3437/4913/1553 3439/4914/305 3438/4915/1038
f 3437/4913/1553 3441/4916/1554 3442/4917/575 3439/4914/305
f 3435/4918/1555 3440/4919/219 3442/4920/575 3441/4921/1554
f 3440/4919/219 3444/4922/1479 3445/4923/312 3442/4920/575
f 3436/4924/1556 3443/4925/1350 3445/4926/312 3444/4927/1479
f 3443/4928/1350 3438/4915/1038 3439/4914/305 3445/4929/312
f 3439/4914/305 3442/4917/575 3445/4929/312
f 3446/4930/1557 3449/4931/1361 3451/4932/432 3450/4933/227
f 3449/4934/1361 3453/4935/801 3454/4936/1047 3451/4937/432
f 3447/4938/1558 3452/4939/1559 3454/4936/1047 3453/4935/801
f 3452/4940/1559 3456/4941/1560 3457/4942/324 3454/4943/1047
f 3448/4944/1561 3455/4945/735 3457/4942/324 3456/4941/1560
f 3455/4945/735 3450/4946/227 3451/4947/432 3457/4942/324
f 3451/4937/432 3454/4936/1047 3457/4948/324
f 3458/4949/1562 3461/4950/1563 3463/4951/810 3462/4952/811
f 3461/4950/1563 3465/4953/1564 3466/4954/593 3463/4951/810
f 3459/4955/1565 3464/4956/1053 3466/4957/593 3465/4958/1564
f 3464/4956/1053 3468/4959/741 3469/4960/336 3466/4957/593
f 3460/4961/1566 3467/4962/247 3469/4963/336 3468/4964/741
f 3467/4965/247 3462/4952/811 3463/4951/810 3469/4966/336
f 3463/4951/810 3466/4954/593 3469/4966/336
f 3470/4967/1567 3473/4968/1353 3475/4969/447 3474/4970/1492
f 3473/4971/1353 3477/4972/1527 3478/4973/604 3475/4974/447
f 3471/4975/1568 3476/4976/1569 3478/4973/604 3477/4972/1527
f 3476/4977/1569 3480/4978/1570 3481/4979/257 3478/4980/604
f 3472/4981/1571 3479/4982/1572 3481/4979/257 3480/4978/1570
f 3479/4982/1572 3474/4983/1492 3475/4984/447 3481/4979/257
f 3475/4974/447 3478/4973/604 3481/4985/257
f 3482/4986/1573 3485/4987/1421 3487/4988/262 3486/4989/1574
f 3485/4990/1421 3489/4991/757 3490/4992/169 3487/4993/262
f 3483/4994/1575 3488/4995/760 3490/4992/169 3489/4991/757
f 3488/4996/760 3492/4997/1425 3493/4998/353 3490/4999/169
f 3484/5000/1426 3491/5001/1427 3493/4998/353 3492/4997/1425
f 3491/5001/1427 3486/5002/1574 3487/5003/262 3493/4998/353
f 3487/4993/262 3490/4992/169 3493/5004/353
f 3494/5005/763 3497/5006/1115 3499/5007/550 3498/5008/179
f 3497/5006/1115 3501/5009/1227 3502/5010/695 3499/5007/550
f 3495/5011/1428 3500/5012/183 3502/5013/695 3501/5014/1227
f 3500/5012/183 3504/5015/770 3505/5016/1027 3502/5013/695
f 3496/5017/1465 3503/5018/773 3505/5019/1027 3504/5020/770
f 3503/5021/773 3498/5008/179 3499/5007/550 3505/5022/1027
f 3499/5007/550 3502/5010/695 3505/5022/1027
f 3506/5023/1431 3509/5024/775 3511/5025/362 3510/5026/776
f 3509/5024/775 3513/5027/777 3514/5028/193 3511/5025/362
f 3507/5029/778 3512/5030/779 3514/5031/193 3513/5032/777
f 3512/5030/779 3516/5033/196 3517/5034/1164 3514/5031/193
f 3508/5035/1576 3515/5036/1438 3517/5037/1164 3516/5038/196
f 3515/5039/1438 3510/5026/776 3511/5025/362 3517/5040/1164
f 3511/5025/362 3514/5028/193 3517/5040/1164
f 3518/5041/1439 3521/5042/782 3523/5043/202 3522/5044/1122
f 3521/5045/782 3525/5046/784 3526/5047/715 3523/5048/202
f 3519/5049/1474 3524/5050/786 3526/5047/715 3525/5046/784
f 3524/5051/786 3528/5052/1124 3529/5053/371 3526/5054/715
f 3520/5055/1443 3527/5056/211 3529/5053/371 3528/5052/1124
f 3527/5056/211 3522/5057/1122 3523/5058/202 3529/5053/371
f 3523/5048/202 3526/5047/715 3529/5059/371
f 3530/5060/1444 3533/5061/790 3535/5062/305 3534/5063/791
f 3533/5061/790 3537/5064/1360 3538/5065/217 3535/5062/305
f 3531/5066/1445 3536/5067/794 3538/5068/217 3537/5069/1360
f 3536/5067/794 3540/5070/795 3541/5071/376 3538/5068/217
f 3532/5072/796 3539/5073/797 3541/5074/376 3540/5075/795
f 3539/5076/797 3534/5063/791 3535/5062/305 3541/5077/376
f 3535/5062/305 3538/5065/217 3541/5077/376
f 3542/5078/1577 3545/5079/1361 3547/5080/317 3546/5081/1362
f 3545/5082/1361 3549/5083/1578 3550/5084/1047 3547/5085/317
f 3543/5086/1579 3548/5087/804 3550/5084/1047 3549/5083/1578
f 3548/5088/804 3552/5089/1448 3553/5090/876 3550/5091/1047
f 3544/5092/1449 3551/5093/1129 3553/5090/876 3552/5089/1448
f 3551/5093/1129 3546/5094/1362 3547/5095/317 3553/5090/876
f 3547/5085/317 3550/5084/1047 3553/5096/876
f 3554/5097/808 3557/5098/1338 3559/5099/238 3558/5100/811
f 3557/5098/1338 3561/5101/812 3562/5102/593 3559/5099/238
f 3555/5103/1452 3560/5104/815 3562/5105/593 3561/5106/812
f 3560/5104/815 3564/5107/1454 3565/5108/597 3562/5105/593
f 3556/5109/1455 3563/5110/247 3565/5111/597 3564/5112/1454
f 3563/5113/247 3558/5100/811 3559/5099/238 3565/5114/597
f 3559/5099/238 3562/5102/593 3565/5114/597
f 3566/5115/1456 3569/5116/249 3571/5117/1580 3570/5118/819
f 3569/5119/249 3573/5120/529 3574/5121/253 3571/5122/1580
f 3567/5123/1457 3572/5124/820 3574/5121/253 3573/5120/529
f 3572/5125/820 3576/5126/256 3577/5127/257 3574/5128/253
f 3568/5129/1458 3575/5130/822 3577/5127/257 3576/5126/256
f 3575/5130/822 3570/5131/819 3571/5132/1580 3577/5127/257
f 3571/5122/1580 3574/5121/253 3577/5133/257
f 3578/5134/1581 3581/5135/1010 3583/5136/262 3582/5137/1582
f 3581/5138/1010 3585/5139/264 3586/5140/169 3583/5141/262
f 3579/5142/266 3584/5143/1583 3586/5140/169 3585/5139/264
f 3584/5144/1583 3588/5145/544 3589/5146/269 3586/5147/169
f 3580/5148/1584 3587/5149/271 3589/5146/269 3588/5145/544
f 3587/5149/271 3582/5150/1582 3583/5151/262 3589/5146/269
f 3583/5141/262 3586/5140/169 3589/5152/269
f 3590/5153/272 3593/5154/273 3595/5155/354 3594/5156/551
f 3593/5154/273 3597/5157/1585 3598/5158/1586 3595/5155/354
f 3591/5159/1161 3596/5160/1025 3598/5161/1586 3597/5162/1585
f 3596/5160/1025 3600/5163/1026 3601/5164/771 3598/5161/1586
f 3592/5165/1587 3599/5166/557 3601/5167/771 3600/5168/1026
f 3599/5169/557 3594/5156/551 3595/5155/354 3601/5170/771
f 3595/5155/354 3598/5158/1586 3601/5170/771
f 3602/5171/1588 3605/5172/283 3607/5173/284 3606/5174/191
f 3605/5172/283 3609/5175/1589 3610/5176/193 3607/5173/284
f 3603/5177/1590 3608/5178/908 3610/5179/193 3609/5180/1589
f 3608/5178/908 3612/5181/909 3613/5182/197 3610/5179/193
f 3604/5183/1591 3611/5184/1238 3613/5185/197 3612/5186/909
f 3611/5187/1238 3606/5174/191 3607/5173/284 3613/5188/197
f 3607/5173/284 3610/5176/193 3613/5188/197
f 3614/5189/1592 3617/5190/1032 3619/5191/483 3618/5192/203
f 3617/5193/1032 3621/5194/714 3622/5195/205 3619/5196/483
f 3615/5197/1593 3620/5198/299 3622/5195/205 3621/5194/714
f 3620/5199/299 3624/5200/300 3625/5201/420 3622/5202/205
f 3616/5203/1594 3623/5204/1359 3625/5201/420 3624/5200/300
f 3623/5204/1359 3618/5205/203 3619/5206/483 3625/5201/420
f 3619/5196/483 3622/5195/205 3625/5207/420
f 3626/5208/378 3629/5209/1333 3631/5210/1595 3630/5211/1013
f 3629/5212/1333 3633/5213/1596 3634/5214/1597 3631/5215/1595
f 3627/5216/321 3632/5217/1014 3634/5214/1597 3633/5213/1596
f 3632/5218/1014 3636/5219/1598 3637/5220/233 3634/5221/1597
f 3628/5222/325 3635/5223/588 3637/5220/233 3636/5219/1598
f 3635/5223/588 3630/5224/1013 3631/5225/1595 3637/5220/233
f 3631/5215/1595 3634/5214/1597 3637/5226/233
f 3638/5227/384 3641/5228/328 3643/5229/1599 3642/5230/330
f 3641/5228/328 3645/5231/440 3646/5232/241 3643/5229/1599
f 3639/5233/1194 3644/5234/1600 3646/5235/241 3645/5236/440
f 3644/5234/1600 3648/5237/741 3649/5238/523 3646/5235/241
f 3640/5239/1054 3647/5240/391 3649/5241/523 3648/5242/741
f 3647/5243/391 3642/5230/330 3643/5229/1599 3649/5244/523
f 3643/5229/1599 3646/5232/241 3649/5244/523
f 3650/5245/1601 3653/5246/1602 3655/5247/447 3654/5248/341
f 3653/5249/1602 3657/5250/747 3658/5251/748 3655/5252/447
f 3651/5253/1603 3656/5254/606 3658/5251/748 3657/5250/747
f 3656/5255/606 3660/5256/1604 3661/5257/1605 3658/5258/748
f 3652/5259/400 3659/5260/401 3661/5257/1605 3660/5256/1604
f 3659/5260/401 3654/5261/341 3655/5262/447 3661/5257/1605
f 3655/5252/447 3658/5251/748 3661/5263/1605
f 3674/5264/375 3677/5265/1606 3679/5266/217 3678/5267/1607
f 3677/5265/1606 3681/5268/1169 3682/5269/312 3679/5266/217
f 3675/5270/377 3680/5271/430 3682/5272/312 3681/5273/1169
f 3680/5274/430 3684/5275/1608 3685/5276/214 3682/5277/312
f 3676/5278/1609 3683/5279/423 3685/5276/214 3684/5275/1608
f 3683/5279/423 3678/5280/1607 3679/5281/217 3685/5276/214
f 3679/5266/217 3682/5269/312 3685/5282/214
f 3694/5283/375 3697/5284/310 3699/5285/217 3698/5286/426
f 3697/5287/310 3701/5288/311 3702/5289/221 3699/5290/217
f 3695/5291/1610 3700/5292/1350 3702/5289/221 3701/5288/311
f 3700/5293/1350 3704/5294/1611 3705/5295/1612 3702/5296/221
f 3696/5297/1613 3703/5298/423 3705/5295/1612 3704/5294/1611
f 3703/5298/423 3698/5299/426 3699/5300/217 3705/5295/1612
f 3699/5290/217 3702/5289/221 3705/5301/1612
f 3710/5302/1614 3713/5303/1615 3715/5304/1616 3714/5305/1617
f 3713/5306/1615 3717/5307/1618 3718/5308/1619 3715/5309/1616
f 3711/5310/1620 3716/5311/1621 3718/5308/1619 3717/5307/1618
f 3716/5312/1621 3720/5313/1622 3721/5314/1623 3718/5315/1619
f 3712/5316/1624 3719/5317/1625 3721/5314/1623 3720/5313/1622
f 3719/5317/1625 3714/5318/1617 3715/5319/1616 3721/5314/1623
f 3715/5309/1616 3718/5308/1619 3721/5320/1623
f 3730/5321/313 3733/5322/314 3735/5323/652 3734/5324/1169
f 3733/5322/314 3737/5325/573 3738/5326/214 3735/5323/652
f 3731/5327/1626 3736/5328/304 3738/5329/214 3737/5330/573
f 3736/5331/304 3740/5332/426 3741/5333/1040 3738/5334/214
f 3732/5335/1627 3739/5336/1628 3741/5333/1040 3740/5332/426
f 3739/5336/1628 3734/5337/1169 3735/5338/652 3741/5333/1040
f 3735/5323/652 3738/5326/214 3741/5339/1040
f 3746/5340/313 3749/5341/1629 3751/5342/1630 3750/5343/1631
f 3749/5344/1629 3753/5345/1632 3754/5346/1633 3751/5347/1630
f 3747/5348/1634 3752/5349/1635 3754/5346/1633 3753/5345/1632
f 3752/5349/1635 3756/5350/1636 3757/5351/1637 3754/5346/1633
f 3748/5352/303 3755/5353/1638 3757/5354/1637 3756/5355/1636
f 3755/5353/1638 3750/5356/1631 3751/5357/1630 3757/5354/1637
f 3751/5347/1630 3754/5346/1633 3757/5351/1637
f 3758/5358/309 3761/5359/1639 3763/5360/1640 3762/5361/1641
f 3761/5362/1639 3765/5363/1642 3766/5364/1643 3763/5365/1640
f 3759/5366/1644 3764/5367/1645 3766/5364/1643 3765/5363/1642
f 3764/5368/1645 3768/5369/1646 3769/5370/1647 3766/5371/1643
f 3760/5372/1648 3767/5373/1649 3769/5370/1647 3768/5369/1646
f 3767/5373/1649 3762/5374/1641 3763/5375/1640 3769/5370/1647
f 3763/5365/1640 3766/5364/1643 3769/5376/1647
f 3770/5377/375 3773/5378/310 3775/5379/575 3774/5380/307
f 3773/5378/310 3777/5381/311 3778/5382/376 3775/5379/575
f 3771/5383/377 3776/5384/314 3778/5385/376 3777/5386/311
f 3776/5387/314 3780/5388/306 3781/5389/214 3778/5390/376
f 3772/5391/1626 3779/5392/304 3781/5389/214 3780/5388/306
f 3779/5392/304 3774/5393/307 3775/5394/575 3781/5389/214
f 3775/5379/575 3778/5382/376 3781/5395/214
f 3782/5396/260 3785/5397/1650 3787/5398/262 3786/5399/540
f 3785/5400/1650 3789/5401/351 3790/5402/402 3787/5403/262
f 3783/5404/901 3788/5405/614 3790/5402/402 3789/5401/351
f 3788/5406/614 3792/5407/615 3793/5408/353 3790/5409/402
f 3784/5410/1651 3791/5411/271 3793/5408/353 3792/5407/615
f 3791/5411/271 3786/5412/540 3787/5413/262 3793/5408/353
f 3787/5403/262 3790/5402/402 3793/5414/353
f 3794/5415/1652 3797/5416/619 3799/5417/1653 3798/5418/551
f 3797/5416/619 3801/5419/621 3802/5420/466 3799/5417/1653
f 3795/5421/902 3800/5422/903 3802/5423/466 3801/5424/621
f 3800/5422/903 3804/5425/279 3805/5426/1137 3802/5423/466
f 3796/5427/410 3803/5428/557 3805/5429/1137 3804/5430/279
f 3803/5431/557 3798/5418/551 3799/5417/1653 3805/5432/1137
f 3799/5417/1653 3802/5420/466 3805/5432/1137
f 3806/5433/1654 3809/5434/627 3811/5435/362 3810/5436/1655
f 3809/5434/627 3813/5437/906 3814/5438/287 3811/5435/362
f 3807/5439/907 3812/5440/1656 3814/5441/287 3813/5442/906
f 3812/5440/1656 3816/5443/290 3817/5444/562 3814/5441/287
f 3808/5445/292 3815/5446/366 3817/5447/562 3816/5448/290
f 3815/5449/366 3810/5436/1655 3811/5435/362 3817/5450/562
f 3811/5435/362 3814/5438/287 3817/5450/562
f 3818/5451/294 3821/5452/1657 3823/5453/483 3822/5454/368
f 3821/5455/1657 3825/5456/297 3826/5457/419 3823/5458/483
f 3819/5459/913 3824/5460/1658 3826/5457/419 3825/5456/297
f 3824/5461/1658 3828/5462/642 3829/5463/1659 3826/5464/419
f 3820/5465/1660 3827/5466/302 3829/5463/1659 3828/5462/642
f 3827/5466/302 3822/5467/368 3823/5468/483 3829/5463/1659
f 3823/5458/483 3826/5457/419 3829/5469/1659
f 3830/5470/1661 3833/5471/646 3835/5472/424 3834/5473/306
f 3833/5471/646 3837/5474/648 3838/5475/374 3835/5472/424
f 3831/5476/918 3836/5477/1662 3838/5478/374 3837/5479/648
f 3836/5477/1662 3840/5480/1012 3841/5481/919 3838/5478/374
f 3832/5482/377 3839/5483/1663 3841/5484/919 3840/5485/1012
f 3839/5486/1663 3834/5473/306 3835/5472/424 3841/5487/919
f 3835/5472/424 3838/5475/374 3841/5487/919
f 3842/5488/378 3845/5489/316 3847/5490/1093 3846/5491/318
f 3845/5492/316 3849/5493/319 3850/5494/320 3847/5495/1093
f 3843/5496/1664 3848/5497/924 3850/5494/320 3849/5493/319
f 3848/5498/924 3852/5499/1212 3853/5500/876 3850/5501/320
f 3844/5502/1665 3851/5503/326 3853/5500/876 3852/5499/1212
f 3851/5503/326 3846/5504/318 3847/5505/1093 3853/5500/876
f 3847/5495/1093 3850/5494/320 3853/5506/876
f 3854/5507/926 3857/5508/666 3859/5509/737 3858/5510/330
f 3857/5508/666 3861/5511/668 3862/5512/593 3859/5509/737
f 3855/5513/1666 3860/5514/1667 3862/5515/593 3861/5516/668
f 3860/5514/1667 3864/5517/335 3865/5518/336 3862/5515/593
f 3856/5519/337 3863/5520/391 3865/5521/336 3864/5522/335
f 3863/5523/391 3858/5510/330 3859/5509/737 3865/5524/336
f 3859/5509/737 3862/5512/593 3865/5524/336
f 3866/5525/392 3869/5526/601 3871/5527/447 3870/5528/1668
f 3869/5529/601 3873/5530/1669 3874/5531/604 3871/5532/447
f 3867/5533/1670 3872/5534/1216 3874/5531/604 3873/5530/1669
f 3872/5535/1216 3876/5536/934 3877/5537/399 3874/5538/604
f 3868/5539/935 3875/5540/1671 3877/5537/399 3876/5536/934
f 3875/5540/1671 3870/5541/1668 3871/5542/447 3877/5537/399
f 3871/5532/447 3874/5531/604 3877/5543/399
f 3879/5544/1672 410/252/164 414/255/167 3881/5545/1673
f 3881/5545/1673 414/255/167 419/268/175 3880/5546/1674
f 3880/5547/1674 419/265/175 412/264/174 3878/5548/1675
f 3883/5549/1676 423/278/182 429/275/180 3885/5550/1677
f 3885/5550/1677 429/275/180 425/274/177 3884/5551/1678
f 3884/5552/1678 425/271/177 422/270/176 3882/5553/1679
f 3887/5554/1680 446/307/200 450/310/203 3889/5555/1681
f 3889/5555/1681 450/310/203 455/323/211 3888/5556/1682
f 3888/5557/1682 455/322/211 448/321/210 3886/5558/1683
f 3891/5559/1684 435/294/194 441/297/192 3893/5560/1685
f 3893/5561/1685 441/292/192 437/289/189 3892/5562/1686
f 3892/5562/1686 437/289/189 434/288/188 3890/5563/1687
f 3895/5564/1688 436/302/198 444/299/196 3897/5565/1689
f 3897/5565/1689 444/299/196 440/298/195 3896/5566/1690
f 3896/5567/1690 440/295/195 435/294/194 3894/5568/1691
f 3899/5569/1692 494/380/248 498/383/251 3901/5570/1693
f 3901/5570/1693 498/383/251 503/396/259 3900/5571/1694
f 3900/5572/1694 503/393/259 496/392/258 3898/5573/1695
f 3903/5574/1696 483/370/242 489/367/240 3905/5575/1697
f 3905/5575/1697 489/367/240 485/366/237 3904/5576/1698
f 3904/5577/1698 485/363/237 482/362/236 3902/5578/1699
f 3907/5579/1700 484/374/246 492/377/244 3909/5580/1701
f 3909/5581/1701 492/372/244 488/371/243 3908/5582/1702
f 3908/5582/1702 488/371/243 483/370/242 3906/5583/1703
f 3911/5584/1704 470/343/224 474/346/227 3913/5585/1705
f 3913/5586/1705 474/359/227 479/358/235 3912/5587/1706
f 3912/5587/1706 479/358/235 472/357/234 3910/5588/1707
f 3915/5589/1708 459/331/218 465/334/216 3917/5590/1709
f 3917/5591/1709 465/329/216 461/326/213 3916/5592/1710
f 3916/5592/1710 461/326/213 458/325/212 3914/5593/1711
f 3919/5594/1712 460/337/222 468/340/220 3921/5595/1713
f 3921/5596/1713 468/335/220 464/332/219 3920/5597/1714
f 3920/5597/1714 464/332/219 459/331/218 3918/5598/1715
f 3923/5599/1716 424/282/186 432/285/184 3925/5600/1717
f 3925/5601/1717 432/280/184 428/279/183 3924/5602/1718
f 3924/5602/1718 428/279/183 423/278/182 3922/5603/1719
f 3927/5604/1720 506/398/260 510/401/263 3929/5605/1721
f 3929/5606/1721 510/414/263 515/413/271 3928/5607/1674
f 3928/5607/1674 515/413/271 508/412/270 3926/5608/1722
f 3931/5609/1723 519/423/277 525/426/275 3933/5610/1677
f 3933/5611/1677 525/421/275 521/418/273 3932/5612/1724
f 3932/5612/1724 521/418/273 518/417/272 3930/5613/1725
f 3935/5614/1726 542/453/294 546/456/296 3937/5615/1727
f 3937/5616/1727 546/469/296 551/468/302 3936/5617/1728
f 3936/5617/1728 551/468/302 544/467/301 3934/5618/1729
f 3939/5619/1730 531/441/288 537/444/286 3941/5620/1731
f 3941/5621/1731 537/439/286 533/436/283 3940/5622/1732
f 3940/5622/1732 533/436/283 530/435/282 3938/5623/1733
f 3943/5624/1734 532/447/292 540/450/290 3945/5625/1689
f 3945/5626/1689 540/445/290 536/442/289 3944/5627/1735
f 3944/5627/1735 536/442/289 531/441/288 3942/5628/1736
f 3947/5629/1737 590/527/339 594/530/341 3949/5630/1738
f 3949/5631/1738 594/543/341 599/542/348 3948/5632/1739
f 3948/5632/1739 599/542/348 592/541/347 3946/5633/1740
f 3951/5634/1741 579/515/333 585/518/331 3953/5635/1697
f 3953/5636/1697 585/513/331 581/510/328 3952/5637/1742
f 3952/5637/1742 581/510/328 578/509/327 3950/5638/1743
f 3955/5639/1744 580/521/337 588/524/335 3957/5640/1701
f 3957/5641/1701 588/519/335 584/516/334 3956/5642/1745
f 3956/5642/1745 584/516/334 579/515/333 3954/5643/1746
f 3959/5644/1747 566/490/315 570/493/318 3961/5645/1748
f 3961/5646/1748 570/506/318 575/505/326 3960/5647/1706
f 3960/5647/1706 575/505/326 568/504/325 3958/5648/1749
f 3963/5649/1750 555/478/309 561/481/307 3965/5650/1709
f 3965/5651/1709 561/476/307 557/473/304 3964/5652/1751
f 3964/5652/1751 557/473/304 554/472/303 3962/5653/1752
f 3967/5654/1753 556/484/313 564/487/311 3969/5655/1713
f 3969/5656/1713 564/482/311 560/479/310 3968/5657/1754
f 3968/5657/1754 560/479/310 555/478/309 3966/5658/1755
f 3971/5659/1756 520/429/280 528/432/279 3973/5660/1757
f 3973/5661/1757 528/427/279 524/424/278 3972/5662/1758
f 3972/5662/1758 524/424/278 519/423/277 3970/5663/1759
f 3975/5664/1760 602/546/349 606/549/263 3977/5665/1673
f 3977/5666/1673 606/562/263 611/561/271 3976/5667/1761
f 3976/5667/1761 611/561/271 604/560/270 3974/5668/1762
f 3979/5669/1723 615/571/277 621/574/275 3981/5670/1677
f 3981/5671/1677 621/569/275 617/566/273 3980/5672/1724
f 3980/5672/1724 617/566/273 614/565/272 3978/5673/1763
f 3983/5674/1726 638/601/294 642/604/368 3985/5675/1727
f 3985/5676/1727 642/617/368 647/616/302 3984/5677/1682
f 3984/5677/1682 647/616/302 640/615/372 3982/5678/1764
f 3987/5679/1730 627/589/288 633/592/364 3989/5680/1731
f 3989/5681/1731 633/587/364 629/584/361 3988/5682/1732
f 3988/5682/1732 629/584/361 626/583/360 3986/5683/1765
f 3991/5684/1734 628/595/292 636/598/290 3993/5685/1689
f 3993/5686/1689 636/593/290 632/590/289 3992/5687/1766
f 3992/5687/1766 632/590/289 627/589/288 3990/5688/1736
f 3995/5689/1767 686/675/392 690/678/395 3997/5690/1693
f 3997/5691/1693 690/691/395 695/690/401 3996/5692/1768
f 3996/5692/1768 695/690/401 688/689/400 3994/5693/1769
f 3999/5694/1741 675/663/388 681/666/387 4001/5695/1697
f 4001/5696/1697 681/661/387 677/658/385 4000/5697/1742
f 4000/5697/1742 677/658/385 674/657/384 3998/5698/1743
f 4003/5699/1744 676/669/337 684/672/389 4005/5700/1701
f 4005/5701/1701 684/667/389 680/664/334 4004/5702/1770
f 4004/5702/1770 680/664/334 675/663/388 4002/5703/1746
f 4007/5704/1747 662/638/378 666/641/381 4009/5705/1771
f 4009/5706/1771 666/654/381 671/653/326 4008/5707/1772
f 4008/5707/1772 671/653/326 664/652/325 4006/5708/1749
f 4011/5709/1750 651/626/375 657/629/307 4013/5710/1709
f 4013/5711/1709 657/624/307 653/621/304 4012/5712/1751
f 4012/5712/1751 653/621/304 650/620/303 4010/5713/1752
f 4015/5714/1753 652/632/377 660/635/311 4017/5715/1773
f 4017/5716/1773 660/630/311 656/627/310 4016/5717/1714
f 4016/5717/1714 656/627/310 651/626/375 4014/5718/1755
f 4019/5719/1774 616/577/280 624/580/357 4021/5720/1775
f 4021/5721/1775 624/575/357 620/572/356 4020/5722/1776
f 4020/5722/1776 620/572/356 615/571/277 4018/5723/1759
f 4023/5724/1720 698/694/349 702/697/263 4025/5725/1673
f 4025/5726/1673 702/710/263 707/709/271 4024/5727/1674
f 4024/5727/1674 707/709/271 700/708/270 4022/5728/1762
f 4027/5729/1777 711/719/407 717/722/275 4029/5730/1778
f 4029/5731/1778 717/717/275 713/714/273 4028/5732/1678
f 4028/5732/1678 713/714/273 710/713/404 4026/5733/1779
f 4031/5734/1780 734/749/415 738/752/417 4033/5735/1781
f 4033/5736/1781 738/765/417 743/764/422 4032/5737/1682
f 4032/5737/1682 743/764/422 736/763/421 4030/5738/1764
f 4035/5739/1782 723/737/288 729/740/364 4037/5740/1783
f 4037/5741/1783 729/735/364 725/732/412 4036/5742/1686
f 4036/5742/1686 725/732/412 722/731/360 4034/5743/1765
f 4039/5744/1784 724/743/292 732/746/413 4041/5745/1689
f 4041/5746/1689 732/741/413 728/738/289 4040/5747/1766
f 4040/5747/1766 728/738/289 723/737/288 4038/5748/1736
f 4043/5749/1785 782/823/445 786/826/448 4045/5750/1738
f 4045/5751/1738 786/839/448 791/838/450 4044/5752/1739
f 4044/5752/1739 791/838/450 784/837/400 4042/5753/1740
f 4047/5754/1741 771/811/388 777/814/440 4049/5755/1786
f 4049/5756/1786 777/809/440 773/806/438 4048/5757/1787
f 4048/5757/1787 773/806/438 770/805/327 4046/5758/1788
f 4051/5759/1789 772/817/443 780/820/442 4053/5760/1790
f 4053/5761/1790 780/815/442 776/812/441 4052/5762/1791
f 4052/5762/1791 776/812/441 771/811/388 4050/5763/1746
f 4055/5764/1747 758/786/431 762/789/433 4057/5765/1792
f 4057/5766/1792 762/802/433 767/801/437 4056/5767/1706
f 4056/5767/1706 767/801/437 760/800/325 4054/5768/1749
f 4059/5769/1750 747/774/375 753/777/426 4061/5770/1709
f 4061/5771/1709 753/772/426 749/769/423 4060/5772/1710
f 4060/5772/1710 749/769/423 746/768/303 4058/5773/1752
f 4063/5774/1793 748/780/429 756/783/428 4065/5775/1713
f 4065/5776/1713 756/778/428 752/775/427 4064/5777/1794
f 4064/5777/1794 752/775/427 747/774/375 4062/5778/1795
f 4067/5779/1756 712/725/410 720/728/408 4069/5780/1757
f 4069/5781/1757 720/723/408 716/720/278 4068/5782/1796
f 4068/5782/1796 716/720/278 711/719/407 4066/5783/1759
f 4071/5784/1797 794/842/451 798/845/454 4073/5785/1798
f 4073/5786/1798 798/858/454 803/857/461 4072/5787/1674
f 4072/5787/1674 803/857/461 796/856/460 4070/5788/1799
f 4075/5789/1800 807/867/467 813/870/465 4077/5790/1677
f 4077/5791/1677 813/865/465 809/862/463 4076/5792/1801
f 4076/5792/1801 809/862/463 806/861/462 4074/5793/1802
f 4079/5794/1803 830/897/481 834/900/484 4081/5795/1681
f 4081/5796/1681 834/913/484 839/912/492 4080/5797/1728
f 4080/5797/1728 839/912/492 832/911/491 4078/5798/1804
f 4083/5799/1805 819/885/476 825/888/475 4085/5800/1783
f 4085/5801/1783 825/883/475 821/880/473 4084/5802/1686
f 4084/5802/1686 821/880/473 818/879/472 4082/5803/1806
f 4087/5804/1807 820/891/479 828/894/478 4089/5805/1808
f 4089/5806/1808 828/889/478 824/886/477 4088/5807/1809
f 4088/5807/1809 824/886/477 819/885/476 4086/5808/1810
f 4091/5809/1811 878/971/526 882/974/528 4093/5810/1693
f 4093/5811/1693 882/987/528 887/986/536 4092/5812/1812
f 4092/5812/1812 887/986/536 880/985/535 4090/5813/1813
f 4095/5814/1814 867/959/520 873/962/519 4097/5815/1697
f 4097/5816/1697 873/957/519 869/954/516 4096/5817/1742
f 4096/5817/1742 869/954/516 866/953/515 4094/5818/1815
f 4099/5819/1816 868/965/524 876/968/522 4101/5820/1817
f 4101/5821/1817 876/963/522 872/960/521 4100/5822/1702
f 4100/5822/1702 872/960/521 867/959/520 4098/5823/1818
f 4103/5824/1819 854/934/505 858/937/507 4105/5825/1771
f 4105/5826/1771 858/950/507 863/949/514 4104/5827/1820
f 4104/5827/1820 863/949/514 856/948/513 4102/5828/1821
f 4107/5829/1822 843/922/499 849/925/497 4109/5830/1709
f 4109/5831/1709 849/920/497 845/917/494 4108/5832/1710
f 4108/5832/1710 845/917/494 842/916/493 4106/5833/1823
f 4111/5834/1824 844/928/503 852/931/501 4113/5835/1825
f 4113/5836/1825 852/926/501 848/923/500 4112/5837/1714
f 4112/5837/1714 848/923/500 843/922/499 4110/5838/1826
f 4115/5839/1827 808/873/470 816/876/469 4117/5840/1717
f 4117/5841/1717 816/871/469 812/868/468 4116/5842/1828
f 4116/5842/1828 812/868/468 807/867/467 4114/5843/1829
f 4119/5844/1830 890/990/537 894/993/540 4121/5845/1831
f 4121/5846/1831 894/1006/540 899/1005/547 4120/5847/1674
f 4120/5847/1674 899/1005/547 892/1004/546 4118/5848/1832
f 4123/5849/1833 903/1015/553 909/1018/552 4125/5850/1778
f 4125/5851/1778 909/1013/552 905/1010/549 4124/5852/1678
f 4124/5852/1678 905/1010/549 902/1009/548 4122/5853/1779
f 4127/5854/1834 926/1045/565 930/1048/368 4129/5855/1727
f 4129/5856/1727 930/1061/368 935/1060/422 4128/5857/1682
f 4128/5857/1682 935/1060/422 928/1059/571 4126/5858/1835
f 4131/5859/1836 915/1033/559 921/1036/364 4133/5860/1783
f 4133/5861/1783 921/1031/364 917/1028/558 4132/5862/1686
f 4132/5862/1686 917/1028/558 914/1027/282 4130/5863/1733
f 4135/5864/1784 916/1039/563 924/1042/561 4137/5865/1808
f 4137/5866/1808 924/1037/561 920/1034/560 4136/5867/1809
f 4136/5867/1809 920/1034/560 915/1033/559 4134/5868/1837
f 4139/5869/1767 974/1119/600 978/1122/602 4141/5870/1738
f 4141/5871/1738 978/1135/602 983/1134/608 4140/5872/1694
f 4140/5872/1694 983/1134/608 976/1133/607 4138/5873/1769
f 4143/5874/1838 963/1107/594 969/1110/592 4145/5875/1786
f 4145/5876/1786 969/1105/592 965/1102/590 4144/5877/1742
f 4144/5877/1742 965/1102/590 962/1101/589 4142/5878/1839
f 4147/5879/1840 964/1113/598 972/1116/596 4149/5880/1701
f 4149/5881/1701 972/1111/596 968/1108/595 4148/5882/1841
f 4148/5882/1841 968/1108/595 963/1107/594 4146/5883/1842
f 4151/5884/1843 950/1082/580 954/1085/583 4153/5885/1748
f 4153/5886/1748 954/1098/583 959/1097/588 4152/5887/1844
f 4152/5887/1844 959/1097/588 952/1096/587 4150/5888/1845
f 4155/5889/1846 939/1070/576 945/1073/574 4157/5890/1847
f 4157/5891/1847 945/1068/574 941/1065/304 4156/5892/1848
f 4156/5892/1848 941/1065/304 938/1064/572 4154/5893/1849
f 4159/5894/1793 940/1076/579 948/1079/578 4161/5895/1713
f 4161/5896/1713 948/1074/578 944/1071/577 4160/5897/1714
f 4160/5897/1714 944/1071/577 939/1070/576 4158/5898/1850
f 4163/5899/1851 904/1021/556 912/1024/555 4165/5900/1757
f 4165/5901/1757 912/1019/555 908/1016/554 4164/5902/1852
f 4164/5902/1852 908/1016/554 903/1015/553 4162/5903/1853
f 4167/5904/1854 986/1138/609 990/1141/611 4169/5905/1673
f 4169/5906/1673 990/1154/611 995/1153/617 4168/5907/1674
f 4168/5907/1674 995/1153/617 988/1152/616 4166/5908/1855
f 4171/5909/1856 999/1163/622 1005/1166/621 4173/5910/1677
f 4173/5911/1677 1005/1161/621 1001/1158/619 4172/5912/1857
f 4172/5912/1857 1001/1158/619 998/1157/618 4170/5913/1858
f 4175/5914/1859 1022/1193/636 1026/1196/638 4177/5915/1727
f 4177/5916/1727 1026/1209/638 1031/1208/644 4176/5917/1682
f 4176/5917/1682 1031/1208/644 1024/1207/643 4174/5918/1860
f 4179/5919/1861 1011/1181/631 1017/1184/629 4181/5920/1862
f 4181/5921/1862 1017/1179/629 1013/1176/627 4180/5922/1863
f 4180/5922/1863 1013/1176/627 1010/1175/626 4178/5923/1864
f 4183/5924/1865 1012/1187/634 1020/1190/633 4185/5925/1866
f 4185/5926/1866 1020/1185/633 1016/1182/632 4184/5927/1867
f 4184/5927/1867 1016/1182/632 1011/1181/631 4182/5928/1868
f 4187/5929/1869 1070/1267/675 1074/1270/677 4189/5930/1870
f 4189/5931/1870 1074/1283/677 1079/1282/683 4188/5932/1871
f 4188/5932/1871 1079/1282/683 1072/1281/682 4186/5933/1872
f 4191/5934/1873 1059/1255/669 1065/1258/668 4193/5935/1874
f 4193/5936/1874 1065/1253/668 1061/1250/666 4192/5937/1875
f 4192/5937/1875 1061/1250/666 1058/1249/665 4190/5938/1876
f 4195/5939/1840 1060/1261/673 1068/1264/671 4197/5940/1877
f 4197/5941/1877 1068/1259/671 1064/1256/670 4196/5942/1878
f 4196/5942/1878 1064/1256/670 1059/1255/669 4194/5943/1879
f 4199/5944/1843 1046/1230/655 1050/1233/657 4201/5945/1880
f 4201/5946/1880 1050/1246/657 1055/1245/664 4200/5947/1844
f 4200/5947/1844 1055/1245/664 1048/1244/663 4198/5948/1881
f 4203/5949/1882 1035/1218/649 1041/1221/648 4205/5950/1883
f 4205/5951/1883 1041/1216/648 1037/1213/646 4204/5952/1884
f 4204/5952/1884 1037/1213/646 1034/1212/645 4202/5953/1885
f 4207/5954/1886 1036/1224/653 1044/1227/651 4209/5955/1713
f 4209/5956/1713 1044/1222/651 1040/1219/650 4208/5957/1714
f 4208/5957/1714 1040/1219/650 1035/1218/649 4206/5958/1887
f 4211/5959/1888 1000/1169/624 1008/1172/555 4213/5960/1775
f 4213/5961/1775 1008/1167/555 1004/1164/623 4212/5962/1758
f 4212/5962/1758 1004/1164/623 999/1163/622 4210/5963/1889
f 4215/5964/1890 1082/1286/684 1086/1289/686 4217/5965/1673
f 4217/5966/1673 1086/1302/686 1091/1301/691 4216/5967/1674
f 4216/5967/1674 1091/1301/691 1084/1300/690 4214/5968/1832
f 4219/5969/1891 1095/1311/696 1101/1314/694 4221/5970/1677
f 4221/5971/1677 1101/1309/694 1097/1306/177 4220/5972/1678
f 4220/5972/1678 1097/1306/177 1094/1305/692 4218/5973/1892
f 4223/5974/1893 1118/1341/710 1122/1344/713 4225/5975/1727
f 4225/5976/1727 1122/1357/713 1127/1356/720 4224/5977/1682
f 4224/5977/1682 1127/1356/720 1120/1355/719 4222/5978/1835
f 4227/5979/1894 1107/1329/704 1113/1332/703 4229/5980/1783
f 4229/5981/1783 1113/1327/703 1109/1324/701 4228/5982/1686
f 4228/5982/1686 1109/1324/701 1106/1323/700 4226/5983/1895
f 4231/5984/1896 1108/1335/708 1116/1338/706 4233/5985/1689
f 4233/5986/1689 1116/1333/706 1112/1330/705 4232/5987/1897
f 4232/5987/1897 1112/1330/705 1107/1329/704 4230/5988/1898
f 4235/5989/1899 1166/1415/744 1170/1418/746 4237/5990/1900
f 4237/5991/1900 1170/1431/746 1175/1430/752 4236/5992/1739
f 4236/5992/1739 1175/1430/752 1168/1429/751 4234/5993/1901
f 4239/5994/1902 1155/1403/739 1161/1406/738 4241/5995/1903
f 4241/5996/1903 1161/1401/738 1157/1398/237 4240/5997/1742
f 4240/5997/1742 1157/1398/237 1154/1397/736 4238/5998/1904
f 4243/5999/1905 1156/1409/742 1164/1412/741 4245/6000/1701
f 4245/6001/1701 1164/1407/741 1160/1404/740 4244/6002/1906
f 4244/6002/1906 1160/1404/740 1155/1403/739 4242/6003/1907
f 4247/6004/1908 1142/1378/729 1146/1381/227 4249/6005/1748
f 4249/6006/1748 1146/1394/227 1151/1393/735 4248/6007/1909
f 4248/6007/1909 1151/1393/735 1144/1392/734 4246/6008/1910
f 4251/6009/1911 1131/1366/724 1137/1369/723 4253/6010/1847
f 4253/6011/1847 1137/1364/723 1133/1361/722 4252/6012/1912
f 4252/6012/1912 1133/1361/722 1130/1360/721 4250/6013/1849
f 4255/6014/1913 1132/1372/727 1140/1375/726 4257/6015/1713
f 4257/6016/1713 1140/1370/726 1136/1367/725 4256/6017/1914
f 4256/6017/1914 1136/1367/725 1131/1366/724 4254/6018/1850
f 4259/6019/1851 1096/1317/698 1104/1320/184 4261/6020/1757
f 4261/6021/1757 1104/1315/184 1100/1312/697 4260/6022/1796
f 4260/6022/1796 1100/1312/697 1095/1311/696 4258/6023/1915
f 4263/6024/1672 1178/1434/753 1182/1437/756 4265/6025/1673
f 4265/6026/1673 1182/1450/756 1187/1449/762 4264/6027/1916
f 4264/6027/1916 1187/1449/762 1180/1448/761 4262/6028/1917
f 4267/6029/1918 1191/1459/768 1197/1462/767 4269/6030/1677
f 4269/6031/1677 1197/1457/767 1193/1454/764 4268/6032/1919
f 4268/6032/1919 1193/1454/764 1190/1453/763 4266/6033/1920
f 4271/6034/1680 1214/1489/200 1218/1492/783 4273/6035/1781
f 4273/6036/1781 1218/1505/783 1223/1504/211 4272/6037/1921
f 4272/6037/1921 1223/1504/211 1216/1503/788 4270/6038/1683
f 4275/6039/1922 1203/1477/778 1209/1480/777 4277/6040/1923
f 4277/6041/1923 1209/1475/777 1205/1472/775 4276/6042/1686
f 4276/6042/1686 1205/1472/775 1202/1471/774 4274/6043/1687
f 4279/6044/1924 1204/1483/780 1212/1486/196 4281/6045/1925
f 4281/6046/1925 1212/1481/196 1208/1478/779 4280/6047/1809
f 4280/6047/1809 1208/1478/779 1203/1477/778 4278/6048/1926
f 4283/6049/1692 1262/1563/248 1266/1566/819 4285/6050/1927
f 4285/6051/1927 1266/1579/819 1271/1578/822 4284/6052/1928
f 4284/6052/1928 1271/1578/822 1264/1577/821 4282/6053/1695
f 4287/6054/1929 1251/1551/814 1257/1554/812 4289/6055/1930
f 4289/6056/1930 1257/1549/812 1253/1546/809 4288/6057/1931
f 4288/6057/1931 1253/1546/809 1250/1545/808 4286/6058/1699
f 4291/6059/1932 1252/1557/817 1260/1560/816 4293/6060/1933
f 4293/6061/1933 1260/1555/816 1256/1552/815 4292/6062/1934
f 4292/6062/1934 1256/1552/815 1251/1551/814 4290/6063/1935
f 4295/6064/1704 1238/1526/798 1242/1529/800 4297/6065/1936
f 4297/6066/1936 1242/1542/800 1247/1541/807 4296/6067/1937
f 4296/6067/1937 1247/1541/807 1240/1540/806 4294/6068/1938
f 4299/6069/1939 1227/1514/793 1233/1517/792 4301/6070/1709
f 4301/6071/1709 1233/1512/792 1229/1509/790 4300/6072/1710
f 4300/6072/1710 1229/1509/790 1226/1508/789 4298/6073/1711
f 4303/6074/1940 1228/1520/796 1236/1523/795 4305/6075/1941
f 4305/6076/1941 1236/1518/795 1232/1515/794 4304/6077/1714
f 4304/6077/1714 1232/1515/794 1227/1514/793 4302/6078/1942
f 4307/6079/1716 1192/1465/772 1200/1468/770 4309/6080/1943
f 4309/6081/1943 1200/1463/770 1196/1460/769 4308/6082/1852
f 4308/6082/1852 1196/1460/769 1191/1459/768 4306/6083/1944
f 4311/6084/1945 1274/1582/823 1278/1585/825 4313/6085/1673
f 4313/6086/1673 1278/1598/825 1283/1597/831 4312/6087/1674
f 4312/6087/1674 1283/1597/831 1276/1596/830 4310/6088/1946
f 4315/6089/1947 1287/1607/836 1293/1610/835 4317/6090/1677
f 4317/6091/1677 1293/1605/835 1289/1602/833 4316/6092/1724
f 4316/6092/1724 1289/1602/833 1286/1601/832 4314/6093/1948
f 4319/6094/1949 1310/1637/851 1314/1640/853 4321/6095/1727
f 4321/6096/1727 1314/1653/853 1319/1652/859 4320/6097/1728
f 4320/6097/1728 1319/1652/859 1312/1651/858 4318/6098/1950
f 4323/6099/1951 1299/1625/846 1305/1628/845 4325/6100/1783
f 4325/6101/1783 1305/1623/845 1301/1620/843 4324/6102/1952
f 4324/6102/1952 1301/1620/843 1298/1619/842 4322/6103/1953
f 4327/6104/1954 1300/1631/849 1308/1634/848 4329/6105/1955
f 4329/6106/1955 1308/1629/848 1304/1626/847 4328/6107/1766
f 4328/6107/1766 1304/1626/847 1299/1625/846 4326/6108/1956
f 4331/6109/1957 1358/1711/889 1362/1714/891 4333/6110/1738
f 4333/6111/1738 1362/1727/891 1367/1726/898 4332/6112/1739
f 4332/6112/1739 1367/1726/898 1360/1725/897 4330/6113/1958
f 4335/6114/1959 1347/1699/884 1353/1702/882 4337/6115/1697
f 4337/6116/1697 1353/1697/882 1349/1694/880 4336/6117/1742
f 4336/6117/1742 1349/1694/880 1346/1693/879 4334/6118/1960
f 4339/6119/1961 1348/1705/887 1356/1708/886 4341/6120/1962
f 4341/6121/1962 1356/1703/886 1352/1700/885 4340/6122/1702
f 4340/6122/1702 1352/1700/885 1347/1699/884 4338/6123/1963
f 4343/6124/1964 1334/1674/869 1338/1677/871 4345/6125/1748
f 4345/6126/1748 1338/1690/871 1343/1689/878 4344/6127/1706
f 4344/6127/1706 1343/1689/878 1336/1688/877 4342/6128/1965
f 4347/6129/1966 1323/1662/864 1329/1665/863 4349/6130/1709
f 4349/6131/1709 1329/1660/863 1325/1657/861 4348/6132/1710
f 4348/6132/1710 1325/1657/861 1322/1656/860 4346/6133/1967
f 4351/6134/1968 1324/1668/867 1332/1671/866 4353/6135/1713
f 4353/6136/1713 1332/1666/866 1328/1663/865 4352/6137/1914
f 4352/6137/1914 1328/1663/865 1323/1662/864 4350/6138/1969
f 4355/6139/1970 1288/1613/840 1296/1616/838 4357/6140/1757
f 4357/6141/1757 1296/1611/838 1292/1608/837 4356/6142/1758
f 4356/6142/1758 1292/1608/837 1287/1607/836 4354/6143/1971
f 4359/6144/1720 1370/1730/899 1374/1733/900 4361/6145/1972
f 4361/6146/1972 1374/1746/900 1379/1745/617 4360/6147/1973
f 4360/6147/1973 1379/1745/617 1372/1744/616 4358/6148/1974
f 4363/6149/1777 1383/1755/902 1389/1758/621 4365/6150/1677
f 4365/6151/1677 1389/1753/621 1385/1750/619 4364/6152/1678
f 4364/6152/1678 1385/1750/619 1382/1749/618 4362/6153/1858
f 4367/6154/1780 1406/1785/911 1410/1788/912 4369/6155/1727
f 4369/6156/1727 1410/1801/912 1415/1800/916 4368/6157/1975
f 4368/6157/1975 1415/1800/916 1408/1799/915 4366/6158/1976
f 4371/6159/1782 1395/1773/907 1401/1776/906 4373/6160/1783
f 4373/6161/1783 1401/1771/906 1397/1768/627 4372/6162/1686
f 4372/6162/1686 1397/1768/627 1394/1767/905 4370/6163/1977
f 4375/6164/1865 1396/1779/910 1404/1782/909 4377/6165/1689
f 4377/6166/1689 1404/1777/909 1400/1774/908 4376/6167/1897
f 4376/6167/1897 1400/1774/908 1395/1773/907 4374/6168/1978
f 4379/6169/1979 1454/1859/930 1458/1862/341 4381/6170/1738
f 4381/6171/1738 1458/1875/341 1463/1874/401 4380/6172/1694
f 4380/6172/1694 1463/1874/401 1456/1873/935 4378/6173/1872
f 4383/6174/1873 1443/1847/669 1449/1850/927 4385/6175/1980
f 4385/6176/1980 1449/1845/927 1445/1842/666 4384/6177/1742
f 4384/6177/1742 1445/1842/666 1442/1841/926 4382/6178/1743
f 4387/6179/1744 1444/1853/929 1452/1856/671 4389/6180/1790
f 4389/6181/1790 1452/1851/671 1448/1848/670 4388/6182/1841
f 4388/6182/1841 1448/1848/670 1443/1847/669 4386/6183/1879
f 4391/6184/1747 1430/1822/921 1434/1825/657 4393/6185/1748
f 4393/6186/1748 1434/1838/657 1439/1837/925 4392/6187/1706
f 4392/6187/1706 1439/1837/925 1432/1836/663 4390/6188/1881
f 4395/6189/1750 1419/1810/918 1425/1813/648 4397/6190/1709
f 4397/6191/1709 1425/1808/648 1421/1805/646 4396/6192/1710
f 4396/6192/1710 1421/1805/646 1418/1804/917 4394/6193/1885
f 4399/6194/1886 1420/1816/920 1428/1819/311 4401/6195/1713
f 4401/6196/1713 1428/1814/311 1424/1811/310 4400/6197/1914
f 4400/6197/1914 1424/1811/310 1419/1810/918 4398/6198/1887
f 4403/6199/1981 1384/1761/904 1392/1764/279 4405/6200/1757
f 4405/6201/1757 1392/1759/279 1388/1756/903 4404/6202/1758
f 4404/6202/1758 1388/1756/903 1383/1755/902 4402/6203/1889
f 4407/6204/1982 1466/1878/936 1470/1881/938 4409/6205/1972
f 4409/6206/1972 1470/1894/938 1475/1893/945 4408/6207/1916
f 4408/6207/1916 1475/1893/945 1468/1892/944 4406/6208/1983
f 4411/6209/1984 1479/1903/950 1485/1906/949 4413/6210/1677
f 4413/6211/1677 1485/1901/949 1481/1898/947 4412/6212/1724
f 4412/6212/1724 1481/1898/947 1478/1897/946 4410/6213/1985
f 4415/6214/1986 1502/1933/964 1506/1936/966 4417/6215/1987
f 4417/6216/1987 1506/1949/966 1511/1948/973 4416/6217/1921
f 4416/6217/1921 1511/1948/973 1504/1947/972 4414/6218/1988
f 4419/6219/1989 1491/1921/959 1497/1924/958 4421/6220/1862
f 4421/6221/1862 1497/1919/958 1493/1916/956 4420/6222/1952
f 4420/6222/1952 1493/1916/956 1490/1915/955 4418/6223/1990
f 4423/6224/1991 1492/1927/962 1500/1930/961 4425/6225/1689
f 4425/6226/1689 1500/1925/961 1496/1922/960 4424/6227/1766
f 4424/6227/1766 1496/1922/960 1491/1921/959 4422/6228/1992
f 4427/6229/1993 1550/2007/1001 1554/2010/1003 4429/6230/1994
f 4429/6231/1994 1554/2023/1003 1559/2022/1009 4428/6232/1739
f 4428/6232/1739 1559/2022/1009 1552/2021/1008 4426/6233/1995
f 4431/6234/1996 1539/1995/996 1545/1998/995 4433/6235/1786
f 4433/6236/1786 1545/1993/995 1541/1990/993 4432/6237/1997
f 4432/6237/1997 1541/1990/993 1538/1989/992 4430/6238/1998
f 4435/6239/1999 1540/2001/999 1548/2004/998 4437/6240/2000
f 4437/6241/2000 1548/1999/998 1544/1996/997 4436/6242/1702
f 4436/6242/1702 1544/1996/997 1539/1995/996 4434/6243/2001
f 4439/6244/2002 1526/1970/983 1530/1973/985 4441/6245/2003
f 4441/6246/2003 1530/1986/985 1535/1985/991 4440/6247/1820
f 4440/6247/1820 1535/1985/991 1528/1984/990 4438/6248/2004
f 4443/6249/2005 1515/1958/978 1521/1961/977 4445/6250/2006
f 4445/6251/2006 1521/1956/977 1517/1953/975 4444/6252/2007
f 4444/6252/2007 1517/1953/975 1514/1952/974 4442/6253/2008
f 4447/6254/2009 1516/1964/981 1524/1967/980 4449/6255/1713
f 4449/6256/1713 1524/1962/980 1520/1959/979 4448/6257/1714
f 4448/6257/1714 1520/1959/979 1515/1958/978 4446/6258/2010
f 4451/6259/2011 1480/1909/953 1488/1912/952 4453/6260/2012
f 4453/6261/2012 1488/1907/952 1484/1904/951 4452/6262/1758
f 4452/6262/1758 1484/1904/951 1479/1903/950 4450/6263/2013
f 4455/6264/1720 1562/2026/349 1566/2029/263 4457/6265/1831
f 4457/6266/1831 1566/2042/263 1571/2041/271 4456/6267/2014
f 4456/6267/2014 1571/2041/271 1564/2040/270 4454/6268/2015
f 4459/6269/1723 1575/2051/277 1581/2054/552 4461/6270/2016
f 4461/6271/2016 1581/2049/552 1577/2046/273 4460/6272/1724
f 4460/6272/1724 1577/2046/273 1574/2045/272 4458/6273/1763
f 4463/6274/1780 1598/2082/415 1602/2085/368 4465/6275/1727
f 4465/6275/1727 1602/2085/368 1607/2098/422 4464/6276/2017
f 4464/6277/2017 1607/2097/422 1600/2096/372 4462/6278/1764
f 4467/6279/1782 1587/2070/288 1593/2073/364 4469/6280/1783
f 4469/6281/1783 1593/2068/364 1589/2065/283 4468/6282/1686
f 4468/6282/1686 1589/2065/283 1586/2064/360 4466/6283/1765
f 4471/6284/1734 1588/2076/292 1596/2079/909 4473/6285/1689
f 4473/6286/1689 1596/2074/909 1592/2071/289 4472/6287/1766
f 4472/6287/1766 1592/2071/289 1587/2070/288 4470/6288/1736
f 4475/6289/1737 1646/2154/339 1650/2157/341 4477/6290/1870
f 4477/6290/1870 1650/2157/341 1655/2170/401 4476/6291/2018
f 4476/6292/2018 1655/2169/401 1648/2168/400 4474/6293/1740
f 4479/6294/1741 1635/2142/388 1641/2145/387 4481/6295/2019
f 4481/6296/2019 1641/2140/387 1637/2137/328 4480/6297/1742
f 4480/6297/1742 1637/2137/328 1634/2136/327 4478/6298/1743
f 4483/6299/1744 1636/2148/337 1644/2151/335 4485/6300/1962
f 4485/6301/1962 1644/2146/335 1640/2143/334 4484/6302/1791
f 4484/6302/1791 1640/2143/334 1635/2142/388 4482/6303/1746
f 4487/6304/1747 1622/2118/315 1626/2121/1013 4489/6305/1705
f 4489/6305/1705 1626/2121/1013 1631/2134/437 4488/6306/2020
f 4488/6307/2020 1631/2133/437 1624/2132/325 4486/6308/1749
f 4491/6309/2021 1611/2106/375 1617/2109/307 4493/6310/2022
f 4493/6311/2022 1617/2104/307 1613/2101/304 4492/6312/2023
f 4492/6312/2023 1613/2101/304 1610/2100/303 4490/6313/1752
f 4495/6314/1753 1612/2112/377 1620/2115/1012 4497/6315/1825
f 4497/6316/1825 1620/2110/1012 1616/2107/310 4496/6317/1714
f 4496/6317/1714 1616/2107/310 1611/2106/375 4494/6318/1755
f 4499/6319/1756 1576/2059/410 1584/2056/408 4501/6320/1757
f 4501/6320/1757 1584/2056/408 1580/2055/903 4500/6321/1852
f 4500/6322/1852 1580/2052/903 1575/2051/277 4498/6323/1759
f 4503/6324/1890 1658/2172/1017 1662/2175/540 4505/6325/1673
f 4505/6326/1673 1662/2188/540 1667/2187/691 4504/6327/1674
f 4504/6327/1674 1667/2187/691 1660/2186/1022 4502/6328/1832
f 4507/6329/1891 1671/2197/696 1677/2200/694 4509/6330/2024
f 4509/6331/2024 1677/2195/694 1673/2192/1024 4508/6332/1678
f 4508/6332/1678 1673/2192/1024 1670/2191/1023 4506/6333/2025
f 4511/6334/1893 1694/2227/710 1698/2230/713 4513/6335/1727
f 4513/6336/1727 1698/2243/713 1703/2242/422 4512/6337/1682
f 4512/6337/1682 1703/2242/422 1696/2241/1035 4510/6338/1835
f 4515/6339/1894 1683/2215/704 1689/2218/703 4517/6340/1862
f 4517/6341/1862 1689/2213/703 1685/2210/701 4516/6342/1686
f 4516/6342/1686 1685/2210/701 1682/2209/1028 4514/6343/2026
f 4519/6344/1896 1684/2221/1031 1692/2224/909 4521/6345/1689
f 4521/6346/1689 1692/2219/909 1688/2216/908 4520/6347/2027
f 4520/6347/2027 1688/2216/908 1683/2215/704 4518/6348/1898
f 4523/6349/1899 1742/2301/744 1746/2304/1055 4525/6350/1738
f 4525/6351/1738 1746/2317/1055 1751/2316/348 4524/6352/1739
f 4524/6352/1739 1751/2316/348 1744/2315/751 4522/6353/2028
f 4527/6354/1838 1731/2289/1052 1737/2292/331 4529/6355/1786
f 4529/6356/1786 1737/2287/331 1733/2284/590 4528/6357/1742
f 4528/6357/1742 1733/2284/590 1730/2283/1051 4526/6358/1904
f 4531/6359/2029 1732/2295/1054 1740/2298/596 4533/6360/1701
f 4533/6361/1701 1740/2293/596 1736/2290/1053 4532/6362/1791
f 4532/6362/1791 1736/2290/1053 1731/2289/1052 4530/6363/1907
f 4535/6364/2030 1718/2264/1044 1722/2267/583 4537/6365/1748
f 4537/6366/1748 1722/2280/583 1727/2279/588 4536/6367/1820
f 4536/6367/1820 1727/2279/588 1720/2278/1050 4534/6368/2031
f 4539/6369/1911 1707/2252/724 1713/2255/1039 4541/6370/2006
f 4541/6371/2006 1713/2250/1039 1709/2247/1036 4540/6372/1884
f 4540/6372/1884 1709/2247/1036 1706/2246/721 4538/6373/1849
f 4543/6374/1913 1708/2258/1043 1716/2261/1042 4545/6375/1713
f 4545/6376/1713 1716/2256/1042 1712/2253/1041 4544/6377/2032
f 4544/6377/2032 1712/2253/1041 1707/2252/724 4542/6378/1850
f 4547/6379/1851 1672/2203/698 1680/2206/1026 4549/6380/2033
f 4549/6381/2033 1680/2201/1026 1676/2198/1025 4548/6382/2034
f 4548/6382/2034 1676/2198/1025 1671/2197/696 4546/6383/1915
f 4551/6384/1830 1754/2320/1057 1758/2323/1058 4553/6385/2035
f 4553/6386/2035 1758/2336/1058 1763/2335/1064 4552/6387/2036
f 4552/6387/2036 1763/2335/1064 1756/2334/1063 4550/6388/1974
f 4555/6389/1833 1767/2345/1070 1773/2348/1069 4557/6390/1778
f 4557/6391/1778 1773/2343/1069 1769/2340/1066 4556/6392/1724
f 4556/6392/1724 1769/2340/1066 1766/2339/1065 4554/6393/2037
f 4559/6394/1834 1790/2375/1080 1794/2378/638 4561/6395/2038
f 4561/6396/2038 1794/2391/638 1799/2390/1085 4560/6397/1975
f 4560/6397/1975 1799/2390/1085 1792/2389/1084 4558/6398/1976
f 4563/6399/1836 1779/2363/1077 1785/2366/1075 4565/6400/2039
f 4565/6401/2039 1785/2361/1075 1781/2358/1073 4564/6402/1686
f 4564/6402/1686 1781/2358/1073 1778/2357/1072 4562/6403/2040
f 4567/6404/2041 1780/2369/1078 1788/2372/561 4569/6405/1689
f 4569/6406/1689 1788/2367/561 1784/2364/560 4568/6407/1766
f 4568/6407/1766 1784/2364/560 1779/2363/1077 4566/6408/2042
f 4571/6409/2043 1838/2449/526 1842/2452/528 4573/6410/1738
f 4573/6411/1738 1842/2465/528 1847/2464/608 4572/6412/2044
f 4572/6412/2044 1847/2464/608 1840/2463/1111 4570/6413/2045
f 4575/6414/2046 1827/2437/1102 1833/2440/1101 4577/6415/1786
f 4577/6416/1786 1833/2435/1101 1829/2432/1100 4576/6417/2047
f 4576/6417/2047 1829/2432/1100 1826/2431/1099 4574/6418/2048
f 4579/6419/1840 1828/2443/1105 1836/2446/1104 4581/6420/1701
f 4581/6421/1701 1836/2441/1104 1832/2438/1103 4580/6422/1791
f 4580/6422/1791 1832/2438/1103 1827/2437/1102 4578/6423/2049
f 4583/6424/1843 1814/2412/1092 1818/2415/507 4585/6425/1748
f 4585/6426/1748 1818/2428/507 1823/2427/1098 4584/6427/1820
f 4584/6427/1820 1823/2427/1098 1816/2426/1097 4582/6428/1821
f 4587/6429/1882 1803/2400/1089 1809/2403/1088 4589/6430/2050
f 4589/6431/2050 1809/2398/1088 1805/2395/1087 4588/6432/1751
f 4588/6432/1751 1805/2395/1087 1802/2394/1086 4586/6433/1885
f 4591/6434/1886 1804/2406/1090 1812/2409/578 4593/6435/2051
f 4593/6436/2051 1812/2404/578 1808/2401/577 4592/6437/1794
f 4592/6437/1794 1808/2401/577 1803/2400/1089 4590/6438/2052
f 4595/6439/1888 1768/2351/470 1776/2354/1071 4597/6440/1775
f 4597/6441/1775 1776/2349/1071 1772/2346/554 4596/6442/1852
f 4596/6442/1852 1772/2346/554 1767/2345/1070 4594/6443/2053
f 4599/6444/1672 1850/2468/1112 1854/2471/167 4601/6445/2035
f 4601/6446/2035 1854/2484/167 1859/2483/175 4600/6447/2054
f 4600/6447/2054 1859/2483/175 1852/2482/174 4598/6448/1917
f 4603/6449/1676 1863/2493/1116 1869/2496/180 4605/6450/1677
f 4605/6451/1677 1869/2491/180 1865/2488/1115 4604/6452/1678
f 4604/6452/1678 1865/2488/1115 1862/2487/176 4602/6453/1679
f 4607/6454/1680 1886/2523/1121 1890/2526/1122 4609/6455/1727
f 4609/6456/1727 1890/2539/1122 1895/2538/211 4608/6457/2055
f 4608/6457/2055 1895/2538/211 1888/2537/1125 4606/6458/1683
f 4611/6459/1684 1875/2511/1118 1881/2514/192 4613/6460/1783
f 4613/6461/1783 1881/2509/192 1877/2506/775 4612/6462/1686
f 4612/6462/1686 1877/2506/775 1874/2505/774 4610/6463/2056
f 4615/6464/2057 1876/2517/1120 1884/2520/1119 4617/6465/1925
f 4617/6466/1925 1884/2515/1119 1880/2512/779 4616/6467/1809
f 4616/6467/1809 1880/2512/779 1875/2511/1118 4614/6468/1926
f 4619/6469/2058 1934/2597/1132 1938/2600/251 4621/6470/1738
f 4621/6471/1738 1938/2613/251 1943/2612/259 4620/6472/1739
f 4620/6472/1739 1943/2612/259 1936/2611/821 4618/6473/1695
f 4623/6474/1929 1923/2585/814 1929/2588/240 4625/6475/1786
f 4625/6476/1786 1929/2583/240 1925/2580/237 4624/6477/1742
f 4624/6477/1742 1925/2580/237 1922/2579/1130 4622/6478/1699
f 4627/6479/1932 1924/2591/1131 1932/2594/244 4629/6480/1701
f 4629/6481/1701 1932/2589/244 1928/2586/815 4628/6482/1934
f 4628/6482/1934 1928/2586/815 1923/2585/814 4626/6483/1703
f 4631/6484/1704 1910/2560/1127 1914/2563/227 4633/6485/1748
f 4633/6486/1748 1914/2576/227 1919/2575/1129 4632/6487/1820
f 4632/6487/1820 1919/2575/1129 1912/2574/234 4630/6488/1938
f 4635/6489/1708 1899/2548/793 1905/2551/216 4637/6490/1709
f 4637/6491/1709 1905/2546/216 1901/2543/213 4636/6492/2007
f 4636/6492/2007 1901/2543/213 1898/2542/789 4634/6493/1711
f 4639/6494/1712 1900/2554/1126 1908/2557/220 4641/6495/2059
f 4641/6496/2059 1908/2552/220 1904/2549/219 4640/6497/1714
f 4640/6497/1714 1904/2549/219 1899/2548/793 4638/6498/1715
f 4643/6499/2060 1864/2499/186 1872/2502/770 4645/6500/1757
f 4645/6501/1757 1872/2497/770 1868/2494/1117 4644/6502/1758
f 4644/6502/1758 1868/2494/1117 1863/2493/1116 4642/6503/1719
f 4647/6504/1797 1946/2616/451 1950/2619/454 4649/6505/1673
f 4649/6506/1673 1950/2632/454 1955/2631/461 4648/6507/1674
f 4648/6507/1674 1955/2631/461 1948/2630/460 4646/6508/2061
f 4651/6509/1800 1959/2641/1136 1965/2644/465 4653/6510/2062
f 4653/6511/2062 1965/2639/465 1961/2636/1066 4652/6512/1857
f 4652/6512/1857 1961/2636/1066 1958/2635/462 4650/6513/2037
f 4655/6514/1803 1982/2671/1143 1986/2674/484 4657/6515/1727
f 4657/6516/1727 1986/2687/484 1991/2686/1144 4656/6517/1682
f 4656/6517/1682 1991/2686/1144 1984/2685/491 4654/6518/1804
f 4659/6519/1805 1971/2659/476 1977/2662/475 4661/6520/1783
f 4661/6521/1783 1977/2657/475 1973/2654/1141 4660/6522/1686
f 4660/6522/1686 1973/2654/1141 1970/2653/1140 4658/6523/1806
f 4663/6524/2041 1972/2665/479 1980/2668/478 4665/6525/1689
f 4665/6526/1689 1980/2663/478 1976/2660/560 4664/6527/1766
f 4664/6527/1766 1976/2660/560 1971/2659/476 4662/6528/1810
f 4667/6529/1811 2030/2745/1153 2034/2748/528 4669/6530/2063
f 4669/6531/2063 2034/2761/528 2039/2760/608 4668/6532/1739
f 4668/6532/1739 2039/2760/608 2032/2759/1155 4666/6533/1813
f 4671/6534/1814 2019/2733/520 2025/2736/519 4673/6535/1980
f 4673/6536/1980 2025/2731/519 2021/2728/516 4672/6537/1787
f 4672/6537/1787 2021/2728/516 2018/2727/515 4670/6538/1815
f 4675/6539/2064 2020/2739/1152 2028/2742/522 4677/6540/1701
f 4677/6541/1701 2028/2737/522 2024/2734/521 4676/6542/1702
f 4676/6542/1702 2024/2734/521 2019/2733/520 4674/6543/2065
f 4679/6544/1819 2006/2708/1149 2010/2711/507 4681/6545/1748
f 4681/6546/1748 2010/2724/507 2015/2723/514 4680/6547/1706
f 4680/6547/1706 2015/2723/514 2008/2722/1151 4678/6548/2066
f 4683/6549/1822 1995/2696/499 2001/2699/497 4685/6550/2006
f 4685/6551/2006 2001/2694/497 1997/2691/1146 4684/6552/1710
f 4684/6552/1710 1997/2691/1146 1994/2690/1145 4682/6553/1823
f 4687/6554/1824 1996/2702/503 2004/2705/501 4689/6555/1713
f 4689/6556/1713 2004/2700/501 2000/2697/1148 4688/6557/1794
f 4688/6557/1794 2000/2697/1148 1995/2696/499 4686/6558/1826
f 4691/6559/1827 1960/2647/1138 1968/2650/469 4693/6560/2067
f 4693/6561/2067 1968/2645/469 1964/2642/468 4692/6562/1852
f 4692/6562/1852 1964/2642/468 1959/2641/1136 4690/6563/2068
f 4695/6564/1760 2042/2764/1156 2046/2767/540 4697/6565/1673
f 4697/6565/1673 2046/2767/540 2051/2780/547 4696/6566/1674
f 4696/6567/1674 2051/2779/547 2044/2778/1022 4694/6568/2015
f 4699/6569/1723 2055/2788/1161 2061/2791/552 4701/6570/1778
f 4701/6571/1778 2061/2786/552 2057/2783/1024 4700/6572/2069
f 4700/6572/2069 2057/2783/1024 2054/2782/548 4698/6573/2025
f 4703/6574/1726 2078/2819/1166 2082/2822/368 4705/6575/1727
f 4705/6576/1727 2082/2835/368 2087/2834/422 4704/6577/2055
f 4704/6577/2055 2087/2834/422 2080/2833/1168 4702/6578/1729
f 4707/6579/1730 2067/2806/1163 2073/2809/364 4709/6580/1862
f 4709/6581/1862 2073/2804/364 2069/2801/412 4708/6582/2070
f 4708/6582/2070 2069/2801/412 2066/2800/282 4706/6583/1733
f 4711/6584/1784 2068/2814/1165 2076/2811/909 4713/6585/1955
f 4713/6585/1955 2076/2811/909 2072/2810/908 4712/6586/1766
f 4712/6587/1766 2072/2807/908 2067/2806/1163 4710/6588/1898
f 4715/6589/1767 2126/2895/1180 2130/2898/1055 4717/6590/1738
f 4717/6591/1738 2130/2911/1055 2135/2910/348 4716/6592/1694
f 4716/6592/1694 2135/2910/348 2128/2909/1182 4714/6593/1769
f 4719/6594/1838 2115/2882/1177 2121/2885/331 4721/6595/2071
f 4721/6596/2071 2121/2880/331 2117/2877/590 4720/6597/1742
f 4720/6597/1742 2117/2877/590 2114/2876/1175 4718/6598/1788
f 4723/6599/1789 2116/2890/1178 2124/2887/596 4725/6600/1962
f 4725/6600/1962 2124/2887/596 2120/2886/595 4724/6601/2072
f 4724/6602/2072 2120/2883/595 2115/2882/1177 4722/6603/2073
f 4727/6604/2074 2102/2857/1171 2106/2860/1172 4729/6605/1748
f 4729/6606/1748 2106/2873/1172 2111/2872/1174 4728/6607/2020
f 4728/6607/2020 2111/2872/1174 2104/2871/587 4726/6608/2075
f 4731/6609/2021 2091/2844/724 2097/2847/574 4733/6610/2076
f 4733/6611/2076 2097/2842/574 2093/2839/1036 4732/6612/2007
f 4732/6612/2007 2093/2839/1036 2090/2838/572 4730/6613/1849
f 4735/6614/1793 2092/2852/1170 2100/2849/1169 4737/6615/2059
f 4737/6615/2059 2100/2849/1169 2096/2848/1041 4736/6616/2077
f 4736/6617/2077 2096/2845/1041 2091/2844/724 4734/6618/1795
f 4739/6619/1851 2056/2794/1162 2064/2797/1026 4741/6620/1757
f 4741/6621/1757 2064/2792/1026 2060/2789/1025 4740/6622/2078
f 4740/6622/2078 2060/2789/1025 2055/2788/1161 4738/6623/1853
f 4743/6624/1890 2138/2914/684 2142/2917/540 4745/6625/1831
f 4745/6626/1831 2142/2930/540 2147/2929/547 4744/6627/1674
f 4744/6627/1674 2147/2929/547 2140/2928/1183 4742/6628/1832
f 4747/6629/1891 2151/2939/696 2157/2942/694 4749/6630/1677
f 4749/6631/1677 2157/2937/694 2153/2934/1185 4748/6632/1801
f 4748/6632/1801 2153/2934/1185 2150/2933/1184 4746/6633/2025
f 4751/6634/1893 2174/2969/1189 2178/2972/368 4753/6635/1681
f 4753/6636/1681 2178/2985/368 2183/2984/422 4752/6637/1682
f 4752/6637/1682 2183/2984/422 2176/2983/1035 4750/6638/2079
f 4755/6639/1894 2163/2957/704 2169/2960/364 4757/6640/2080
f 4757/6641/2080 2169/2955/364 2165/2952/701 4756/6642/2081
f 4756/6642/2081 2165/2952/701 2162/2951/1028 4754/6643/2082
f 4759/6644/1896 2164/2963/1188 2172/2966/909 4761/6645/1808
f 4761/6646/1808 2172/2961/909 2168/2958/908 4760/6647/1809
f 4760/6647/1809 2168/2958/908 2163/2957/704 4758/6648/1898
f 4763/6649/2083 2222/3043/744 2226/3046/1055 4765/6650/1693
f 4765/6651/1693 2226/3059/1055 2231/3058/1197 4764/6652/1812
f 4764/6652/1812 2231/3058/1197 2224/3057/1196 4762/6653/1901
f 4767/6654/2084 2211/3031/1194 2217/3034/331 4769/6655/2019
f 4769/6656/2019 2217/3029/331 2213/3026/590 4768/6657/1997
f 4768/6657/1997 2213/3026/590 2210/3025/736 4766/6658/1904
f 4771/6659/1905 2212/3037/742 2220/3040/596 4773/6660/2085
f 4773/6661/2085 2220/3035/596 2216/3032/595 4772/6662/1702
f 4772/6662/1702 2216/3032/595 2211/3031/1194 4770/6663/2086
f 4775/6664/2030 2198/3006/729 2202/3009/433 4777/6665/2087
f 4777/6666/2087 2202/3022/433 2207/3021/588 4776/6667/1844
f 4776/6667/1844 2207/3021/588 2200/3020/734 4774/6668/1910
f 4779/6669/1911 2187/2994/724 2193/2997/574 4781/6670/1709
f 4781/6671/1709 2193/2992/574 2189/2989/1036 4780/6672/1710
f 4780/6672/1710 2189/2989/1036 2186/2988/1190 4778/6673/1849
f 4783/6674/2088 2188/3000/1043 2196/3003/1169 4785/6675/1773
f 4785/6676/1773 2196/2998/1169 2192/2995/1041 4784/6677/1714
f 4784/6677/1714 2192/2995/1041 2187/2994/724 4782/6678/2089
f 4787/6679/2090 2152/2945/698 2160/2948/1187 4789/6680/1717
f 4789/6681/1717 2160/2943/1187 2156/2940/1025 4788/6682/1796
f 4788/6682/1796 2156/2940/1025 2151/2939/696 4786/6683/2091
f 4791/6684/1720 2234/3062/1198 2238/3065/900 4793/6685/1972
f 4793/6686/1972 2238/3078/900 2243/3077/1202 4792/6687/2036
f 4792/6687/2036 2243/3077/1202 2236/3076/1201 4790/6688/1855
f 4795/6689/1777 2247/3087/902 2253/3090/621 4797/6690/2016
f 4797/6691/2016 2253/3085/621 2249/3082/619 4796/6692/1678
f 4796/6692/1678 2249/3082/619 2246/3081/1203 4794/6693/1858
f 4799/6694/1780 2270/3117/1206 2274/3120/638 4801/6695/1681
f 4801/6696/1681 2274/3133/638 2279/3132/916 4800/6697/1682
f 4800/6697/1682 2279/3132/916 2272/3131/1208 4798/6698/1860
f 4803/6699/1782 2259/3105/907 2265/3108/906 4805/6700/1783
f 4805/6701/1783 2265/3103/906 2261/3100/627 4804/6702/1686
f 4804/6702/1686 2261/3100/627 2258/3099/905 4802/6703/1977
f 4807/6704/1865 2260/3111/1205 2268/3114/413 4809/6705/2092
f 4809/6706/2092 2268/3109/413 2264/3106/1204 4808/6707/1766
f 4808/6707/1766 2264/3106/1204 2259/3105/907 4806/6708/1978
f 4811/6709/1979 2318/3191/1214 2322/3194/448 4813/6710/1693
f 4813/6711/1693 2322/3207/448 2327/3206/1217 4812/6712/1739
f 4812/6712/1739 2327/3206/1217 2320/3205/935 4810/6713/1872
f 4815/6714/1873 2307/3179/669 2313/3182/668 4817/6715/1980
f 4817/6716/1980 2313/3177/668 2309/3174/666 4816/6717/1742
f 4816/6717/1742 2309/3174/666 2306/3173/1213 4814/6718/2093
f 4819/6719/1744 2308/3185/929 2316/3188/671 4821/6720/1962
f 4821/6721/1962 2316/3183/671 2312/3180/670 4820/6722/1702
f 4820/6722/1702 2312/3180/670 2307/3179/669 4818/6723/2049
f 4823/6724/1747 2294/3154/1209 2298/3157/1210 4825/6725/1705
f 4825/6726/1705 2298/3170/1210 2303/3169/925 4824/6727/2094
f 4824/6727/2094 2303/3169/925 2296/3168/663 4822/6728/2095
f 4827/6729/1750 2283/3142/918 2289/3145/648 4829/6730/1709
f 4829/6731/1709 2289/3140/648 2285/3137/646 4828/6732/1710
f 4828/6732/1710 2285/3137/646 2282/3136/917 4826/6733/1885
f 4831/6734/2096 2284/3148/920 2292/3151/311 4833/6735/1713
f 4833/6736/1713 2292/3146/311 2288/3143/310 4832/6737/1914
f 4832/6737/1914 2288/3143/310 2283/3142/918 4830/6738/1887
f 4835/6739/1981 2248/3093/904 2256/3096/279 4837/6740/2097
f 4837/6741/2097 2256/3091/279 2252/3088/903 4836/6742/1718
f 4836/6742/1718 2252/3088/903 2247/3087/902 4834/6743/1889
f 4839/6744/2098 2330/3210/1218 2334/3213/540 4841/6745/1673
f 4841/6746/1673 2334/3226/540 2339/3225/547 4840/6747/1674
f 4840/6747/1674 2339/3225/547 2332/3224/1224 4838/6748/2061
f 4843/6749/2099 2343/3235/1228 2349/3238/1227 4845/6750/2100
f 4845/6751/2100 2349/3233/1227 2345/3230/1226 4844/6752/1678
f 4844/6752/1678 2345/3230/1226 2342/3229/1225 4842/6753/1779
f 4847/6754/2101 2366/3265/1239 2370/3268/368 4849/6755/1727
f 4849/6756/1727 2370/3281/368 2375/3280/422 4848/6757/1682
f 4848/6757/1682 2375/3280/422 2368/3279/1244 4846/6758/1804
f 4851/6759/2102 2355/3253/1234 2361/3256/475 4853/6760/1783
f 4853/6761/1783 2361/3251/475 2357/3248/473 4852/6762/1686
f 4852/6762/1686 2357/3248/473 2354/3247/1232 4850/6763/1733
f 4855/6764/1784 2356/3259/1237 2364/3262/1236 4857/6765/1689
f 4857/6766/1689 2364/3257/1236 2360/3254/1235 4856/6767/2027
f 4856/6767/2027 2360/3254/1235 2355/3253/1234 4854/6768/2103
f 4859/6769/1767 2414/3339/1262 2418/3342/1263 4861/6770/1738
f 4861/6771/1738 2418/3355/1263 2423/3354/1009 4860/6772/1694
f 4860/6772/1694 2423/3354/1009 2416/3353/1267 4858/6773/2104
f 4863/6774/1902 2403/3327/1259 2409/3330/1258 4865/6775/1697
f 4865/6776/1697 2409/3325/1258 2405/3322/809 4864/6777/1931
f 4864/6777/1931 2405/3322/809 2402/3321/1256 4862/6778/2105
f 4867/6779/2106 2404/3333/1260 2412/3336/596 4869/6780/1701
f 4869/6781/1701 2412/3331/596 2408/3328/1053 4868/6782/1702
f 4868/6782/1702 2408/3328/1053 2403/3327/1259 4866/6783/2107
f 4871/6784/2108 2390/3302/1250 2394/3305/1172 4873/6785/1748
f 4873/6786/1748 2394/3318/1172 2399/3317/588 4872/6787/1706
f 4872/6787/1706 2399/3317/588 2392/3316/1255 4870/6788/2109
f 4875/6789/2110 2379/3290/1246 2385/3293/792 4877/6790/2111
f 4877/6791/2111 2385/3288/792 2381/3285/494 4876/6792/1710
f 4876/6792/1710 2381/3285/494 2378/3284/1245 4874/6793/2112
f 4879/6794/1793 2380/3296/1249 2388/3299/1248 4881/6795/1941
f 4881/6796/1941 2388/3294/1248 2384/3291/1247 4880/6797/1794
f 4880/6797/1794 2384/3291/1247 2379/3290/1246 4878/6798/2113
f 4883/6799/1774 2344/3241/1231 2352/3244/1230 4885/6800/2067
f 4885/6801/2067 2352/3239/1230 2348/3236/1229 4884/6802/1852
f 4884/6802/1852 2348/3236/1229 2343/3235/1228 4882/6803/2114
f 4887/6804/2115 2426/3358/1268 2430/3361/900 4889/6805/1972
f 4889/6806/1972 2430/3374/900 2435/3373/1202 4888/6807/1674
f 4888/6807/1674 2435/3373/1202 2428/3372/1270 4886/6808/1855
f 4891/6809/2116 2439/3383/1272 2445/3386/621 4893/6810/2016
f 4893/6811/2016 2445/3381/621 2441/3378/619 4892/6812/2069
f 4892/6812/2069 2441/3378/619 2438/3377/1271 4890/6813/2117
f 4895/6814/1859 2462/3413/1280 2466/3416/1282 4897/6815/1727
f 4897/6816/1727 2466/3429/1282 2471/3428/916 4896/6817/1682
f 4896/6817/1682 2471/3428/916 2464/3427/1285 4894/6818/1860
f 4899/6819/1861 2451/3401/1277 2457/3404/906 4901/6820/1783
f 4901/6821/1783 2457/3399/906 2453/3396/627 4900/6822/2081
f 4900/6822/2081 2453/3396/627 2450/3395/1276 4898/6823/2118
f 4903/6824/1865 2452/3407/1278 2460/3410/633 4905/6825/1689
f 4905/6826/1689 2460/3405/633 2456/3402/632 4904/6827/1735
f 4904/6827/1735 2456/3402/632 2451/3401/1277 4902/6828/1868
f 4907/6829/1979 2510/3487/1307 2514/3490/677 4909/6830/1738
f 4909/6831/1738 2514/3503/677 2519/3502/1314 4908/6832/2044
f 4908/6832/2044 2519/3502/1314 2512/3501/1313 4906/6833/2119
f 4911/6834/2120 2499/3475/1302 2505/3478/668 4913/6835/1697
f 4913/6836/1697 2505/3473/668 2501/3470/1300 4912/6837/1742
f 4912/6837/1742 2501/3470/1300 2498/3469/1299 4910/6838/1876
f 4915/6839/2121 2500/3481/1305 2508/3484/1304 4917/6840/1701
f 4917/6841/1701 2508/3479/1304 2504/3476/1303 4916/6842/1702
f 4916/6842/1702 2504/3476/1303 2499/3475/1302 4914/6843/1879
f 4919/6844/2122 2486/3450/1292 2490/3453/1293 4921/6845/1748
f 4921/6846/1748 2490/3466/1293 2495/3465/664 4920/6847/1706
f 4920/6847/1706 2495/3465/664 2488/3464/1298 4918/6848/1881
f 4923/6849/2123 2475/3438/1288 2481/3441/648 4925/6850/1847
f 4925/6851/1847 2481/3436/648 2477/3433/646 4924/6852/1710
f 4924/6852/1710 2477/3433/646 2474/3432/1286 4922/6853/2124
f 4927/6854/2096 2476/3444/1290 2484/3447/1289 4929/6855/2125
f 4929/6856/2125 2484/3442/1289 2480/3439/650 4928/6857/1914
f 4928/6857/1914 2480/3439/650 2475/3438/1288 4926/6858/2126
f 4931/6859/1981 2440/3389/1274 2448/3392/555 4933/6860/1757
f 4933/6861/1757 2448/3387/555 2444/3384/1273 4932/6862/1758
f 4932/6862/1758 2444/3384/1273 2439/3383/1272 4930/6863/2127
f 4935/6864/1890 2522/3506/1315 2526/3509/900 4937/6865/1721
f 4937/6866/1721 2526/3522/900 2531/3521/1202 4936/6867/2128
f 4936/6867/2128 2531/3521/1202 2524/3520/1317 4934/6868/1675
f 4939/6869/1891 2535/3531/1320 2541/3534/767 4941/6870/2016
f 4941/6871/2016 2541/3529/767 2537/3526/177 4940/6872/1678
f 4940/6872/1678 2537/3526/177 2534/3525/1318 4938/6873/2129
f 4943/6874/1893 2558/3561/1326 2562/3564/912 4945/6875/1727
f 4945/6876/1727 2562/3577/912 2567/3576/916 4944/6877/1682
f 4944/6877/1682 2567/3576/916 2560/3575/1328 4942/6878/2130
f 4947/6879/1894 2547/3549/1323 2553/3552/192 4949/6880/1731
f 4949/6881/1731 2553/3547/192 2549/3544/189 4948/6882/2131
f 4948/6882/2131 2549/3544/189 2546/3543/1322 4946/6883/2132
f 4951/6884/1865 2548/3555/1325 2556/3558/1324 4953/6885/1955
f 4953/6886/1955 2556/3553/1324 2552/3550/908 4952/6887/1897
f 4952/6887/1897 2552/3550/908 2547/3549/1323 4950/6888/1926
f 4955/6889/1979 2606/3635/1341 2610/3638/1342 4957/6890/1927
f 4957/6891/1927 2610/3651/1342 2615/3650/348 4956/6892/1739
f 4956/6892/1739 2615/3650/348 2608/3649/1345 4954/6893/1695
f 4959/6894/2120 2595/3623/1339 2601/3626/240 4961/6895/1697
f 4961/6896/1697 2601/3621/240 2597/3618/1338 4960/6897/1742
f 4960/6897/1742 2597/3618/1338 2594/3617/1337 4958/6898/1904
f 4963/6899/1905 2596/3629/1340 2604/3632/1304 4965/6900/1701
f 4965/6901/1701 2604/3627/1304 2600/3624/670 4964/6902/1770
f 4964/6902/1770 2600/3624/670 2595/3623/1339 4962/6903/1703
f 4967/6904/2030 2582/3598/1332 2586/3601/1334 4969/6905/1771
f 4969/6906/1771 2586/3614/1334 2591/3613/925 4968/6907/1706
f 4968/6907/1706 2591/3613/925 2584/3612/1336 4966/6908/1707
f 4971/6909/1911 2571/3586/1330 2577/3589/216 4973/6910/2006
f 4973/6911/2006 2577/3584/216 2573/3581/213 4972/6912/1884
f 4972/6912/1884 2573/3581/213 2570/3580/1329 4970/6913/2133
f 4975/6914/2096 2572/3592/1331 2580/3595/1169 4977/6915/2059
f 4977/6916/2059 2580/3590/1169 2576/3587/1041 4976/6917/2134
f 4976/6917/2134 2576/3587/1041 2571/3586/1330 4974/6918/2135
f 4979/6919/1981 2536/3537/1321 2544/3540/1026 4981/6920/2067
f 4981/6921/2067 2544/3535/1026 2540/3532/1025 4980/6922/1796
f 4980/6922/1796 2540/3532/1025 2535/3531/1320 4978/6923/2091
f 4983/6924/1890 2618/3654/1346 2622/3657/686 4985/6925/2035
f 4985/6926/2035 2622/3670/686 2627/3669/691 4984/6927/1674
f 4984/6927/1674 2627/3669/691 2620/3668/1183 4982/6928/1832
f 4987/6929/2136 2631/3679/696 2637/3682/694 4989/6930/1677
f 4989/6931/1677 2637/3677/694 2633/3674/1185 4988/6932/1678
f 4988/6932/1678 2633/3674/1185 2630/3673/692 4986/6933/2137
f 4991/6934/2138 2654/3709/710 2658/3712/713 4993/6935/1681
f 4993/6936/1681 2658/3725/713 2663/3724/720 4992/6937/1682
f 4992/6937/1682 2663/3724/720 2656/3723/1035 4990/6938/1835
f 4995/6939/2139 2643/3697/1348 2649/3700/703 4997/6940/1685
f 4997/6941/1685 2649/3695/703 2645/3692/701 4996/6942/1686
f 4996/6942/1686 2645/3692/701 2642/3691/1028 4994/6943/2026
f 4999/6944/1896 2644/3703/708 2652/3706/1119 5001/6945/2092
f 5001/6946/2092 2652/3701/1119 2648/3698/705 5000/6947/2140
f 5000/6947/2140 2648/3698/705 2643/3697/1348 4998/6948/2141
f 5003/6949/1899 2702/3783/744 2706/3786/746 5005/6950/1693
f 5005/6951/1693 2706/3799/746 2711/3798/752 5004/6952/1739
f 5004/6952/1739 2711/3798/752 2704/3797/751 5002/6953/2028
f 5007/6954/1902 2691/3771/739 2697/3774/240 5009/6955/2142
f 5009/6956/2142 2697/3769/240 2693/3766/1352 5008/6957/1875
f 5008/6957/1875 2693/3766/1352 2690/3765/736 5006/6958/1904
f 5011/6959/1905 2692/3777/742 2700/3780/741 5013/6960/1817
f 5013/6961/1817 2700/3775/741 2696/3772/1053 5012/6962/1702
f 5012/6962/1702 2696/3772/1053 2691/3771/739 5010/6963/1907
f 5015/6964/2030 2678/3746/729 2682/3749/583 5017/6965/2143
f 5017/6966/2143 2682/3762/583 2687/3761/735 5016/6967/1772
f 5016/6967/1772 2687/3761/735 2680/3760/734 5014/6968/2144
f 5019/6969/1911 2667/3734/724 2673/3737/723 5021/6970/2006
f 5021/6971/2006 2673/3732/723 2669/3729/213 5020/6972/1710
f 5020/6972/1710 2669/3729/213 2666/3728/721 5018/6973/1849
f 5023/6974/2088 2668/3740/1349 2676/3743/726 5025/6975/1713
f 5025/6976/1713 2676/3738/726 2672/3735/725 5024/6977/2145
f 5024/6977/2145 2672/3735/725 2667/3734/724 5022/6978/2135
f 5027/6979/1851 2632/3685/698 2640/3688/1347 5029/6980/2146
f 5029/6981/2146 2640/3683/1347 2636/3680/697 5028/6982/1718
f 5028/6982/1718 2636/3680/697 2631/3679/696 5026/6983/1915
f 5031/6984/1672 2714/3802/1112 2718/3805/167 5033/6985/1673
f 5033/6986/1673 2718/3818/167 2723/3817/175 5032/6987/1674
f 5032/6987/1674 2723/3817/175 2716/3816/174 5030/6988/1675
f 5035/6989/1676 2727/3827/182 2733/3830/767 5037/6990/1677
f 5037/6991/1677 2733/3825/767 2729/3822/1115 5036/6992/1678
f 5036/6992/1678 2729/3822/1115 2726/3821/1355 5034/6993/1679
f 5039/6994/2147 2750/3857/200 2754/3860/203 5041/6995/1727
f 5041/6996/1727 2754/3873/203 2759/3872/1359 5040/6997/1682
f 5040/6997/1682 2759/3872/1359 2752/3871/210 5038/6998/2130
f 5043/6999/1684 2739/3845/1118 2745/3848/192 5045/7000/1783
f 5045/7001/1783 2745/3843/192 2741/3840/189 5044/7002/1686
f 5044/7002/1686 2741/3840/189 2738/3839/1357 5042/7003/2056
f 5047/7004/2057 2740/3851/1120 2748/3854/1119 5049/7005/1689
f 5049/7006/1689 2748/3849/1119 2744/3846/195 5048/7007/2027
f 5048/7007/2027 2744/3846/195 2739/3845/1118 5046/7008/1926
f 5051/7009/1692 2798/3931/248 2802/3934/819 5053/7010/1900
f 5053/7011/1900 2802/3947/819 2807/3946/822 5052/7012/1739
f 5052/7012/1739 2807/3946/822 2800/3945/821 5050/7013/1695
f 5055/7014/2084 2787/3919/1363 2793/3922/240 5057/7015/1786
f 5057/7016/1786 2793/3917/240 2789/3914/237 5056/7017/2047
f 5056/7017/2047 2789/3914/237 2786/3913/1130 5054/7018/1699
f 5059/7019/1700 2788/3925/1131 2796/3928/244 5061/7020/2000
f 5061/7021/2000 2796/3923/244 2792/3920/243 5060/7022/1791
f 5060/7022/1791 2792/3920/243 2787/3919/1363 5058/7023/1703
f 5063/7024/2148 2774/3894/1127 2778/3897/1362 5065/7025/2149
f 5065/7026/2149 2778/3910/1362 2783/3909/1129 5064/7027/1937
f 5064/7027/1937 2783/3909/1129 2776/3908/234 5062/7028/1938
f 5067/7029/1708 2763/3882/218 2769/3885/1360 5069/7030/2150
f 5069/7031/2150 2769/3880/1360 2765/3877/213 5068/7032/2007
f 5068/7032/2007 2765/3877/213 2762/3876/789 5066/7033/2151
f 5071/7034/1712 2764/3888/1126 2772/3891/220 5073/7035/1713
f 5073/7036/1713 2772/3886/220 2768/3883/219 5072/7037/1714
f 5072/7037/1714 2768/3883/219 2763/3882/218 5070/7038/1715
f 5075/7039/1716 2728/3833/186 2736/3836/184 5077/7040/1757
f 5077/7041/1757 2736/3831/184 2732/3828/1117 5076/7042/1758
f 5076/7042/1758 2732/3828/1117 2727/3827/182 5074/7043/1719
f 5079/7044/1854 2810/3950/1366 2814/3953/1058 5081/7045/1798
f 5081/7046/1798 2814/3966/1058 2819/3965/1064 5080/7047/1674
f 5080/7047/1674 2819/3965/1064 2812/3964/1367 5078/7048/1799
f 5083/7049/1833 2823/3975/1369 2829/3978/1069 5085/7050/2152
f 5085/7051/2152 2829/3973/1069 2825/3970/1066 5084/7052/1678
f 5084/7052/1678 2825/3970/1066 2822/3969/1368 5082/7053/2037
f 5087/7054/1834 2846/4005/1080 2850/4008/1370 5089/7055/1727
f 5089/7056/1727 2850/4021/1370 2855/4020/916 5088/7057/1682
f 5088/7057/1682 2855/4020/916 2848/4019/1372 5086/7058/2153
f 5091/7059/1836 2835/3993/1077 2841/3996/1075 5093/7060/1783
f 5093/7061/1783 2841/3991/1075 2837/3988/1073 5092/7062/2081
f 5092/7062/2081 2837/3988/1073 2834/3987/1072 5090/7063/2040
f 5095/7064/2154 2836/3999/1078 2844/4002/561 5097/7065/2092
f 5097/7066/2092 2844/3997/561 2840/3994/560 5096/7067/1766
f 5096/7067/1766 2840/3994/560 2835/3993/1077 5094/7068/1978
f 5099/7069/2043 2894/4079/1376 2898/4082/677 5101/7070/1738
f 5101/7071/1738 2898/4095/677 2903/4094/608 5100/7072/1739
f 5100/7072/1739 2903/4094/608 2896/4093/1111 5098/7073/2045
f 5103/7074/2046 2883/4067/1102 2889/4070/1101 5105/7075/1980
f 5105/7076/1980 2889/4065/1101 2885/4062/1100 5104/7077/1931
f 5104/7077/1931 2885/4062/1100 2882/4061/1099 5102/7078/2155
f 5107/7079/1840 2884/4073/1375 2892/4076/1104 5109/7080/1962
f 5109/7081/1962 2892/4071/1104 2888/4068/1103 5108/7082/1702
f 5108/7082/1702 2888/4068/1103 2883/4067/1102 5106/7083/2156
f 5111/7084/2157 2870/4042/1373 2874/4045/657 5113/7085/1748
f 5113/7086/1748 2874/4058/657 2879/4057/925 5112/7087/1706
f 5112/7087/1706 2879/4057/925 2872/4056/1097 5110/7088/1821
f 5115/7089/1846 2859/4030/1089 2865/4033/1088 5117/7090/1709
f 5117/7091/1709 2865/4028/1088 2861/4025/1087 5116/7092/1751
f 5116/7092/1751 2861/4025/1087 2858/4024/1086 5114/7093/2158
f 5119/7094/1886 2860/4036/1090 2868/4039/578 5121/7095/1773
f 5121/7096/1773 2868/4034/578 2864/4031/650 5120/7097/1714
f 5120/7097/1714 2864/4031/650 2859/4030/1089 5118/7098/2159
f 5123/7099/2160 2824/3981/470 2832/3984/1071 5125/7100/1757
f 5125/7101/1757 2832/3979/1071 2828/3976/554 5124/7102/1758
f 5124/7102/1758 2828/3976/554 2823/3975/1369 5122/7103/2161
f 5127/7104/2162 2906/4098/1379 2910/4101/167 5129/7105/2163
f 5129/7106/2163 2910/4114/167 2915/4113/691 5128/7107/1916
f 5128/7107/1916 2915/4113/691 2908/4112/1183 5126/7108/1832
f 5131/7109/1891 2919/4123/696 2925/4126/694 5133/7110/1677
f 5133/7111/1677 2925/4121/694 2921/4118/177 5132/7112/2164
f 5132/7112/2164 2921/4118/177 2918/4117/1380 5130/7113/2137
f 5135/7114/2138 2942/4153/710 2946/4156/713 5137/7115/2165
f 5137/7116/2165 2946/4169/713 2951/4168/720 5136/7117/2017
f 5136/7117/2017 2951/4168/720 2944/4167/1035 5134/7118/1835
f 5139/7119/1894 2931/4141/704 2937/4144/703 5141/7120/1783
f 5141/7121/1783 2937/4139/703 2933/4136/701 5140/7122/1686
f 5140/7122/1686 2933/4136/701 2930/4135/1028 5138/7123/2026
f 5143/7124/1896 2932/4147/1031 2940/4150/706 5145/7125/1925
f 5145/7126/1925 2940/4145/706 2936/4142/705 5144/7127/1690
f 5144/7127/1690 2936/4142/705 2931/4141/704 5142/7128/1898
f 5147/7129/1899 2990/4227/744 2994/4230/746 5149/7130/1738
f 5149/7131/1738 2994/4243/746 2999/4242/752 5148/7132/2166
f 5148/7132/2166 2999/4242/752 2992/4241/1384 5146/7133/2028
f 5151/7134/1902 2979/4215/739 2985/4218/331 5153/7135/2019
f 5153/7136/2019 2985/4213/331 2981/4210/1352 5152/7137/1997
f 5152/7137/1997 2981/4210/1352 2978/4209/736 5150/7138/1904
f 5155/7139/1905 2980/4221/742 2988/4224/741 5157/7140/1701
f 5157/7141/1701 2988/4219/741 2984/4216/595 5156/7142/1702
f 5156/7142/1702 2984/4216/595 2979/4215/739 5154/7143/1907
f 5159/7144/2030 2966/4190/1382 2970/4193/583 5161/7145/1748
f 5161/7146/1748 2970/4206/583 2975/4205/735 5160/7147/1909
f 5160/7147/1909 2975/4205/735 2968/4204/734 5158/7148/1910
f 5163/7149/1911 2955/4178/724 2961/4181/723 5165/7150/1709
f 5165/7151/1709 2961/4176/723 2957/4173/722 5164/7152/1710
f 5164/7152/1710 2957/4173/722 2954/4172/721 5162/7153/1849
f 5167/7154/1913 2956/4184/727 2964/4187/1169 5169/7155/2059
f 5169/7156/2059 2964/4182/1169 2960/4179/725 5168/7157/1794
f 5168/7157/1794 2960/4179/725 2955/4178/724 5166/7158/1850
f 5171/7159/2090 2920/4129/698 2928/4132/1347 5173/7160/1757
f 5173/7161/1757 2928/4127/1347 2924/4124/697 5172/7162/1852
f 5172/7162/1852 2924/4124/697 2919/4123/696 5170/7163/1915
f 5175/7164/1890 3002/4246/1346 3006/4249/686 5177/7165/1798
f 5177/7166/1798 3006/4262/686 3011/4261/547 5176/7167/1674
f 5176/7167/1674 3011/4261/547 3004/4260/1388 5174/7168/2167
f 5179/7169/1891 3015/4271/1393 3021/4274/1392 5181/7170/1677
f 5181/7171/1677 3021/4269/1392 3017/4266/1390 5180/7172/1678
f 5180/7172/1678 3017/4266/1390 3014/4265/1389 5178/7173/2025
f 5183/7174/1893 3038/4301/710 3042/4304/368 5185/7175/1727
f 5185/7176/1727 3042/4317/368 3047/4316/422 5184/7177/1682
f 5184/7177/1682 3047/4316/422 3040/4315/1401 5182/7178/2168
f 5187/7179/1894 3027/4289/1397 3033/4292/1396 5189/7180/1783
f 5189/7181/1783 3033/4287/1396 3029/4284/1395 5188/7182/1686
f 5188/7182/1686 3029/4284/1395 3026/4283/1394 5186/7183/2026
f 5191/7184/1896 3028/4295/708 3036/4298/909 5193/7185/1808
f 5193/7186/1808 3036/4293/909 3032/4290/705 5192/7187/1897
f 5192/7187/1897 3032/4290/705 3027/4289/1397 5190/7188/2169
f 5195/7189/1899 3086/4375/744 3090/4378/746 5197/7190/1738
f 5197/7191/1738 3090/4391/746 3095/4390/348 5196/7192/1739
f 5196/7192/1739 3095/4390/348 3088/4389/1420 5194/7193/2170
f 5199/7194/1902 3075/4363/1414 3081/4366/1413 5201/7195/1697
f 5201/7196/1697 3081/4361/1413 3077/4358/1412 5200/7197/1742
f 5200/7197/1742 3077/4358/1412 3074/4357/1411 5198/7198/1904
f 5203/7199/1905 3076/4369/1415 3084/4372/596 5205/7200/1817
f 5205/7201/1817 3084/4367/596 3080/4364/595 5204/7202/1702
f 5204/7202/1702 3080/4364/595 3075/4363/1414 5202/7203/2171
f 5207/7204/2030 3062/4338/729 3066/4341/1172 5209/7205/1748
f 5209/7206/1748 3066/4354/1172 3071/4353/735 5208/7207/2172
f 5208/7207/2172 3071/4353/735 3064/4352/1410 5206/7208/2173
f 5211/7209/1911 3051/4326/1405 3057/4329/1404 5213/7210/1709
f 5213/7211/1709 3057/4324/1404 3053/4321/1403 5212/7212/1710
f 5212/7212/1710 3053/4321/1403 3050/4320/1402 5210/7213/1849
f 5215/7214/1913 3052/4332/727 3060/4335/726 5217/7215/1941
f 5217/7216/1941 3060/4330/726 3056/4327/1041 5216/7217/1914
f 5216/7217/1914 3056/4327/1041 3051/4326/1405 5214/7218/2174
f 5219/7219/1851 3016/4277/698 3024/4280/1347 5221/7220/2067
f 5221/7221/2067 3024/4275/1347 3020/4272/1025 5220/7222/1758
f 5220/7222/1758 3020/4272/1025 3015/4271/1393 5218/7223/2175
f 5223/7224/2176 3098/4394/753 3102/4397/1422 5225/7225/1673
f 5225/7226/1673 3102/4410/1422 3107/4409/1427 5224/7227/1916
f 5224/7227/1916 3107/4409/1427 3100/4408/1426 5222/7228/1917
f 5227/7229/2177 3111/4419/1428 3117/4422/767 5229/7230/1677
f 5229/7231/1677 3117/4417/767 3113/4414/764 5228/7232/1724
f 5228/7232/1724 3113/4414/764 3110/4413/763 5226/7233/1920
f 5231/7234/1680 3134/4449/1439 3138/4452/1122 5233/7235/1727
f 5233/7236/1727 3138/4465/1122 3143/4464/211 5232/7237/1728
f 5232/7237/1728 3143/4464/211 3136/4463/1443 5230/7238/1683
f 5235/7239/2178 3123/4437/778 3129/4440/777 5237/7240/1783
f 5237/7241/1783 3129/4435/777 3125/4432/775 5236/7242/1952
f 5236/7242/1952 3125/4432/775 3122/4431/1431 5234/7243/1687
f 5239/7244/1688 3124/4443/1437 3132/4446/1435 5241/7245/2092
f 5241/7246/2092 3132/4441/1435 3128/4438/1434 5240/7247/1897
f 5240/7247/1897 3128/4438/1434 3123/4437/778 5238/7248/2179
f 5243/7249/2058 3182/4523/1456 3186/4526/819 5245/7250/2180
f 5245/7251/2180 3186/4539/819 3191/4538/822 5244/7252/2044
f 5244/7252/2044 3191/4538/822 3184/4537/1458 5242/7253/2104
f 5247/7254/1696 3171/4511/1452 3177/4514/812 5249/7255/1697
f 5249/7256/1697 3177/4509/812 3173/4506/1338 5248/7257/2047
f 5248/7257/2047 3173/4506/1338 3170/4505/808 5246/7258/2181
f 5251/7259/1932 3172/4517/1455 3180/4520/1454 5253/7260/1701
f 5253/7261/1701 3180/4515/1454 3176/4512/1453 5252/7262/1770
f 5252/7262/1770 3176/4512/1453 3171/4511/1452 5250/7263/1935
f 5255/7264/2148 3158/4486/1446 3162/4489/800 5257/7265/1748
f 5257/7266/1748 3162/4502/800 3167/4501/807 5256/7267/1706
f 5256/7267/1706 3167/4501/807 3160/4500/1449 5254/7268/1707
f 5259/7269/1939 3147/4474/1445 3153/4477/792 5261/7270/1883
f 5261/7271/1883 3153/4472/792 3149/4469/790 5260/7272/1751
f 5260/7272/1751 3149/4469/790 3146/4468/1444 5258/7273/2182
f 5263/7274/1940 3148/4480/796 3156/4483/795 5265/7275/1713
f 5265/7276/1713 3156/4478/795 3152/4475/794 5264/7277/1914
f 5264/7277/1914 3152/4475/794 3147/4474/1445 5262/7278/1942
f 5267/7279/2060 3112/4425/1430 3120/4428/1429 5269/7280/1757
f 5269/7281/1757 3120/4423/1429 3116/4420/183 5268/7282/1758
f 5268/7282/1758 3116/4420/183 3111/4419/1428 5266/7283/2114
f 5271/7284/2176 3194/4542/753 3198/4545/454 5273/7285/1673
f 5273/7286/1673 3198/4558/454 3203/4557/461 5272/7287/2183
f 5272/7287/2183 3203/4557/461 3196/4556/1461 5270/7288/2184
f 5275/7289/2177 3207/4567/1463 3213/4570/767 5277/7290/2152
f 5277/7291/2152 3213/4565/767 3209/4562/764 5276/7292/1678
f 5276/7292/1678 3209/4562/764 3206/4561/1462 5274/7293/2185
f 5279/7294/1680 3230/4597/1472 3234/4600/1122 5281/7295/1727
f 5281/7296/1727 3234/4613/1122 3239/4612/1144 5280/7297/1682
f 5280/7297/1682 3239/4612/1144 3232/4611/1475 5278/7298/2186
f 5283/7299/2178 3219/4585/1470 3225/4588/1469 5285/7300/1685
f 5285/7301/1685 3225/4583/1469 3221/4580/473 5284/7302/2131
f 5284/7302/2131 3221/4580/473 3218/4579/1467 5282/7303/2187
f 5287/7304/1924 3220/4591/1471 3228/4594/1435 5289/7305/1689
f 5289/7306/1689 3228/4589/1435 3224/4586/1434 5288/7307/1897
f 5288/7307/1897 3224/4586/1434 3219/4585/1470 5286/7308/2103
f 5291/7309/2188 3278/4671/1456 3282/4674/1492 5293/7310/2189
f 5293/7311/2189 3282/4687/1492 3287/4686/1495 5292/7312/1812
f 5292/7312/1812 3287/4686/1495 3280/4685/1494 5290/7313/2104
f 5295/7314/2190 3267/4659/1487 3273/4662/812 5297/7315/1697
f 5297/7316/1697 3273/4657/812 3269/4654/809 5296/7317/1997
f 5296/7317/1997 3269/4654/809 3266/4653/1486 5294/7318/2191
f 5299/7319/2192 3268/4665/1489 3276/4668/816 5301/7320/1701
f 5301/7321/1701 3276/4663/816 3272/4660/521 5300/7322/1702
f 5300/7322/1702 3272/4660/521 3267/4659/1487 5298/7323/2107
f 5303/7324/2193 3254/4634/1481 3258/4637/1482 5305/7325/1748
f 5305/7326/1748 3258/4650/1482 3263/4649/514 5304/7327/1706
f 5304/7327/1706 3263/4649/514 3256/4648/1485 5302/7328/1707
f 5307/7329/2194 3243/4622/1478 3249/4625/792 5309/7330/1847
f 5309/7331/1847 3249/4620/792 3245/4617/790 5308/7332/2195
f 5308/7332/2195 3245/4617/790 3242/4616/1476 5306/7333/2196
f 5311/7334/2197 3244/4628/1480 3252/4631/1479 5313/7335/1713
f 5313/7336/1713 3252/4626/1479 3248/4623/794 5312/7337/1714
f 5312/7337/1714 3248/4623/794 3243/4622/1478 5310/7338/2198
f 5315/7339/2199 3208/4573/1465 3216/4576/1464 5317/7340/1757
f 5317/7341/1757 3216/4571/1464 3212/4568/769 5316/7342/1758
f 5316/7342/1758 3212/4568/769 3207/4567/1463 5314/7343/2114
f 5319/7344/2200 3290/4690/1496 3294/4693/686 5321/7345/1831
f 5321/7346/1831 3294/4706/686 3299/4705/691 5320/7347/2128
f 5320/7347/2128 3299/4705/691 3292/4704/1183 5318/7348/1832
f 5323/7349/2201 3303/4715/1500 3309/4718/694 5325/7350/1677
f 5325/7351/1677 3309/4713/694 3305/4710/1185 5324/7352/1724
f 5324/7352/1724 3305/4710/1185 3302/4709/692 5322/7353/2025
f 5327/7354/2202 3326/4745/1508 3330/4748/203 5329/7355/1681
f 5329/7356/1681 3330/4761/203 3335/4760/422 5328/7357/1682
f 5328/7357/1682 3335/4760/422 3328/4759/1035 5326/7358/1835
f 5331/7359/2203 3315/4733/1504 3321/4736/703 5333/7360/1783
f 5333/7361/1783 3321/4731/703 3317/4728/701 5332/7362/1952
f 5332/7362/1952 3317/4728/701 3314/4727/1028 5330/7363/2026
f 5335/7364/1896 3316/4739/1507 3324/4742/1506 5337/7365/2204
f 5337/7366/2204 3324/4737/1506 3320/4734/1505 5336/7367/1766
f 5336/7367/1766 3320/4734/1505 3315/4733/1504 5334/7368/1898
f 5339/7369/2083 3374/4819/1525 3378/4822/1526 5341/7370/1693
f 5341/7371/1693 3378/4835/1526 3383/4834/1531 5340/7372/1739
f 5340/7372/1739 3383/4834/1531 3376/4833/1530 5338/7373/2205
f 5343/7374/1902 3363/4807/739 3369/4810/738 5345/7375/1697
f 5345/7376/1697 3369/4805/738 3365/4802/1352 5344/7377/1742
f 5344/7377/1742 3365/4802/1352 3362/4801/1521 5342/7378/2206
f 5347/7379/2207 3364/4813/1523 3372/4816/741 5349/7380/2208
f 5349/7381/2208 3372/4811/741 3368/4808/1053 5348/7382/1702
f 5348/7382/1702 3368/4808/1053 3363/4807/739 5346/7383/1907
f 5351/7384/2209 3350/4782/1516 3354/4785/227 5353/7385/1771
f 5353/7386/1771 3354/4798/227 3359/4797/1520 5352/7387/1706
f 5352/7387/1706 3359/4797/1520 3352/4796/734 5350/7388/2210
f 5355/7389/2211 3339/4770/1512 3345/4773/723 5357/7390/1847
f 5357/7391/1847 3345/4768/723 3341/4765/213 5356/7392/1710
f 5356/7392/1710 3341/4765/213 3338/4764/721 5354/7393/1849
f 5359/7394/2088 3340/4776/1515 3348/4779/1514 5361/7395/2212
f 5361/7396/2212 3348/4774/1514 3344/4771/1513 5360/7397/1714
f 5360/7397/1714 3344/4771/1513 3339/4770/1512 5358/7398/1850
f 5363/7399/2090 3304/4721/1503 3312/4724/1502 5365/7400/1717
f 5365/7401/1717 3312/4719/1502 3308/4716/1501 5364/7402/1718
f 5364/7402/1718 3308/4716/1501 3303/4715/1500 5362/7403/2213
f 5367/7404/1672 3386/4838/1532 3390/4841/686 5369/7405/1831
f 5369/7406/1831 3390/4854/686 3395/4853/691 5368/7407/1674
f 5368/7407/1674 3395/4853/691 3388/4852/1536 5366/7408/2214
f 5371/7409/1676 3399/4863/1540 3405/4866/1539 5373/7410/1677
f 5373/7411/1677 3405/4861/1539 3401/4858/1538 5372/7412/1678
f 5372/7412/1678 3401/4858/1538 3398/4857/1537 5370/7413/2215
f 5375/7414/2147 3422/4893/1547 3426/4896/713 5377/7415/1727
f 5377/7416/1727 3426/4909/713 3431/4908/720 5376/7417/1682
f 5376/7417/1682 3431/4908/720 3424/4907/1551 5374/7418/2216
f 5379/7419/1684 3411/4881/1545 3417/4884/1544 5381/7420/1685
f 5381/7421/1685 3417/4879/1544 3413/4876/1543 5380/7422/2131
f 5380/7422/2131 3413/4876/1543 3410/4875/1542 5378/7423/2026
f 5383/7424/1896 3412/4887/1546 3420/4890/1435 5385/7425/1689
f 5385/7426/1689 3420/4885/1435 3416/4882/779 5384/7427/1809
f 5384/7427/1809 3416/4882/779 3411/4881/1545 5382/7428/2217
f 5387/7429/1899 3470/4967/1567 3474/4970/1492 5389/7430/1738
f 5389/7431/1738 3474/4983/1492 3479/4982/1572 5388/7432/1739
f 5388/7432/1739 3479/4982/1572 3472/4981/1571 5386/7433/2218
f 5391/7434/1902 3459/4955/1565 3465/4958/1564 5393/7435/2219
f 5393/7436/2219 3465/4953/1564 3461/4950/1563 5392/7437/1997
f 5392/7437/1997 3461/4950/1563 3458/4949/1562 5390/7438/1699
f 5395/7439/1700 3460/4961/1566 3468/4964/741 5397/7440/1701
f 5397/7441/1701 3468/4959/741 3464/4956/1053 5396/7442/2220
f 5396/7442/2220 3464/4956/1053 3459/4955/1565 5394/7443/2221
f 5399/7444/1704 3446/4930/1557 3450/4933/227 5401/7445/1792
f 5401/7446/1792 3450/4946/227 3455/4945/735 5400/7447/1844
f 5400/7447/1844 3455/4945/735 3448/4944/1561 5398/7448/2222
f 5403/7449/1939 3435/4918/1555 3441/4921/1554 5405/7450/1709
f 5405/7451/1709 3441/4916/1554 3437/4913/1553 5404/7452/2007
f 5404/7452/2007 3437/4913/1553 3434/4912/1552 5402/7453/1849
f 5407/7454/1913 3436/4924/1556 3444/4927/1479 5409/7455/2051
f 5409/7456/2051 3444/4922/1479 3440/4919/219 5408/7457/1714
f 5408/7457/1714 3440/4919/219 3435/4918/1555 5406/7458/2223
f 5411/7459/1851 3400/4869/1541 3408/4872/770 5413/7460/1757
f 5413/7461/1757 3408/4867/770 3404/4864/1117 5412/7462/1758
f 5412/7462/1758 3404/4864/1117 3399/4863/1540 5410/7463/2224
f 5415/7464/2176 3482/4986/1573 3486/4989/1574 5417/7465/2225
f 5417/7466/2225 3486/5002/1574 3491/5001/1427 5416/7467/1916
f 5416/7467/1916 3491/5001/1427 3484/5000/1426 5414/7468/1917
f 5419/7469/2177 3495/5011/1428 3501/5014/1227 5421/7470/1677
f 5421/7471/1677 3501/5009/1227 3497/5006/1115 5420/7472/1724
f 5420/7472/1724 3497/5006/1115 3494/5005/763 5418/7473/1920
f 5423/7474/2226 3518/5041/1439 3522/5044/1122 5425/7475/1781
f 5425/7476/1781 3522/5057/1122 3527/5056/211 5424/7477/1728
f 5424/7477/1728 3527/5056/211 3520/5055/1443 5422/7478/1683
f 5427/7479/1922 3507/5029/778 3513/5032/777 5429/7480/1783
f 5429/7481/1783 3513/5027/777 3509/5024/775 5428/7482/1952
f 5428/7482/1952 3509/5024/775 3506/5023/1431 5426/7483/1687
f 5431/7484/1688 3508/5035/1576 3516/5038/196 5433/7485/1925
f 5433/7486/1925 3516/5033/196 3512/5030/779 5432/7487/1766
f 5432/7487/1766 3512/5030/779 3507/5029/778 5430/7488/2179
f 5435/7489/2058 3566/5115/1456 3570/5118/819 5437/7490/1738
f 5437/7491/1738 3570/5131/819 3575/5130/822 5436/7492/2044
f 5436/7492/2044 3575/5130/822 3568/5129/1458 5434/7493/2227
f 5439/7494/1696 3555/5103/1452 3561/5106/812 5441/7495/1786
f 5441/7496/1786 3561/5101/812 3557/5098/1338 5440/7497/2228
f 5440/7497/2228 3557/5098/1338 3554/5097/808 5438/7498/2181
f 5443/7499/2192 3556/5109/1455 3564/5112/1454 5445/7500/1817
f 5445/7501/1817 3564/5107/1454 3560/5104/815 5444/7502/1791
f 5444/7502/1791 3560/5104/815 3555/5103/1452 5442/7503/2229
f 5447/7504/2193 3542/5078/1577 3546/5081/1362 5449/7505/1771
f 5449/7506/1771 3546/5094/1362 3551/5093/1129 5448/7507/1820
f 5448/7507/1820 3551/5093/1129 3544/5092/1449 5446/7508/2230
f 5451/7509/2194 3531/5066/1445 3537/5069/1360 5453/7510/2006
f 5453/7511/2006 3537/5064/1360 3533/5061/790 5452/7512/2007
f 5452/7512/2007 3533/5061/790 3530/5060/1444 5450/7513/2182
f 5455/7514/1940 3532/5072/796 3540/5075/795 5457/7515/1713
f 5457/7516/1713 3540/5070/795 3536/5067/794 5456/7517/1714
f 5456/7517/1714 3536/5067/794 3531/5066/1445 5454/7518/1942
f 5459/7519/2060 3496/5017/1465 3504/5020/770 5461/7520/2067
f 5461/7521/2067 3504/5015/770 3500/5012/183 5460/7522/1796
f 5460/7522/1796 3500/5012/183 3495/5011/1428 5458/7523/2231
f 5463/7524/1760 3578/5134/1581 3582/5137/1582 5465/7525/2225
f 5465/7526/2225 3582/5150/1582 3587/5149/271 5464/7527/2036
f 5464/7527/2036 3587/5149/271 3580/5148/1584 5462/7528/1762
f 5467/7529/1723 3591/5159/1161 3597/5162/1585 5469/7530/1677
f 5469/7531/1677 3597/5157/1585 3593/5154/273 5468/7532/1724
f 5468/7532/1724 3593/5154/273 3590/5153/272 5466/7533/1763
f 5471/7534/1726 3614/5189/1592 3618/5192/203 5473/7535/1727
f 5473/7536/1727 3618/5205/203 3623/5204/1359 5472/7537/1728
f 5472/7537/1728 3623/5204/1359 3616/5203/1594 5470/7538/1764
f 5475/7539/1730 3603/5177/1590 3609/5180/1589 5477/7540/1783
f 5477/7541/1783 3609/5175/1589 3605/5172/283 5476/7542/1952
f 5476/7542/1952 3605/5172/283 3602/5171/1588 5474/7543/2026
f 5479/7544/1896 3604/5183/1591 3612/5186/909 5481/7545/1866
f 5481/7546/1866 3612/5181/909 3608/5178/908 5480/7547/1766
f 5480/7547/1766 3608/5178/908 3603/5177/1590 5478/7548/1736
f 5483/7549/1899 3650/5245/1601 3654/5248/341 5485/7550/2189
f 5485/7551/2189 3654/5261/341 3659/5260/401 5484/7552/1812
f 5484/7552/1812 3659/5260/401 3652/5259/400 5482/7553/1740
f 5487/7554/1902 3639/5233/1194 3645/5236/440 5489/7555/1786
f 5489/7556/1786 3645/5231/440 3641/5228/328 5488/7557/1742
f 5488/7557/1742 3641/5228/328 3638/5227/384 5486/7558/1788
f 5491/7559/1744 3640/5239/1054 3648/5242/741 5493/7560/2232
f 5493/7561/2232 3648/5237/741 3644/5234/1600 5492/7562/1702
f 5492/7562/1702 3644/5234/1600 3639/5233/1194 5490/7563/2233
f 5495/7564/1747 3626/5208/378 3630/5211/1013 5497/7565/1748
f 5497/7566/1748 3630/5224/1013 3635/5223/588 5496/7567/1820
f 5496/7567/1820 3635/5223/588 3628/5222/325 5494/7568/1749
f 5499/7569/1756 3592/5165/1587 3600/5168/1026 5501/7570/1757
f 5501/7571/1757 3600/5163/1026 3596/5160/1025 5500/7572/1852
f 5500/7572/1852 3596/5160/1025 3591/5159/1161 5498/7573/1759
f 5503/7574/1723 3662/7575/1723 3664/7576/1778 5505/7577/1677
f 5505/7578/1677 3664/7579/1778 3665/7580/1724 5504/7581/1724
f 5504/7581/1724 3665/7580/1724 3663/7582/1763 5502/7583/1763
f 5507/7584/1730 3666/7585/1730 3668/7586/1685 5509/7587/1783
f 5509/7588/1783 3668/7589/1685 3669/7590/1952 5508/7591/1952
f 5508/7591/1952 3669/7590/1952 3667/7592/2026 5506/7593/2026
f 5511/7594/1902 3670/7595/1902 3672/7596/1786 5513/7597/1786
f 5513/7598/1786 3672/7599/1786 3673/7600/1997 5512/7601/1742
f 5512/7601/1742 3673/7600/1997 3671/7602/1743 5510/7603/2234
f 5515/7604/2021 3674/5264/375 3678/5267/1607 5517/7605/2006
f 5517/7606/2006 3678/5280/1607 3683/5279/423 5516/7607/2007
f 5516/7607/2007 3683/5279/423 3676/5278/1609 5514/7608/1752
f 5519/7609/1746 3676/5278/1609 3684/5275/1608 5521/7610/2235
f 5521/7610/2235 3684/5275/1608 3680/5274/430 5520/7611/2236
f 5520/7612/2236 3680/5271/430 3675/5270/377 5518/7613/1744
f 5523/7614/1760 3686/7615/2237 3688/7616/1721 5525/7617/1972
f 5525/7618/1972 3688/7619/1721 3689/7620/1916 5524/7621/2014
f 5524/7621/2014 3689/7620/1916 3687/7622/1762 5522/7623/1762
f 5527/7624/1726 3690/7625/1726 3692/7626/1681 5529/7627/1987
f 5529/7628/1987 3692/7629/1681 3693/7630/1728 5528/7631/1728
f 5528/7631/1728 3693/7630/1728 3691/7632/1764 5526/7633/1764
f 5531/7634/1747 3706/7635/1747 3708/7636/1771 5533/7637/1748
f 5533/7638/1748 3708/7639/1771 3709/7640/1820 5532/7641/1844
f 5532/7641/1844 3709/7640/1820 3707/7642/1749 5530/7643/1749
f 5535/7644/1750 3694/5283/375 3698/5286/426 5537/7645/2238
f 5537/7646/2238 3698/5299/426 3703/5298/423 5536/7647/2239
f 5536/7647/2239 3703/5298/423 3696/5297/1613 5534/7648/1849
f 5539/7649/1896 3722/7650/1896 3724/7651/1866 5541/7652/1866
f 5541/7653/1866 3724/7654/1866 3725/7655/1690 5540/7656/1766
f 5540/7656/1766 3725/7655/1690 3723/7657/1736 5538/7658/1736
f 5543/7659/1899 3726/7660/2083 3728/7661/1693 5545/7662/1693
f 5545/7663/1693 3728/7664/1693 3729/7665/1812 5544/7666/1812
f 5544/7666/1812 3729/7665/1812 3727/7667/1740 5542/7668/1740
f 5547/7669/1753 3730/5321/313 3734/5324/1169 5549/7670/2125
f 5549/7671/2125 3734/5337/1169 3739/5336/1628 5548/7672/1714
f 5548/7672/1714 3739/5336/1628 3732/5335/1627 5546/7673/2240
f 5551/7674/1756 3742/7675/1774 3744/7676/1717 5553/7677/1757
f 5553/7678/1757 3744/7679/1717 3745/7680/1852 5552/7681/1852
f 5552/7681/1852 3745/7680/1852 3743/7682/1759 5550/7683/1759
f 5555/7684/1755 3747/5348/1634 3753/5345/1632 5557/7685/2241
f 5557/7685/2241 3753/5345/1632 3749/5344/1629 5556/7686/2242
f 5556/7687/2242 3749/5341/1629 3746/5340/313 5554/7688/1753
f 5559/7689/1755 3758/5358/309 3762/5361/1641 5561/7690/2243
f 5561/7691/2243 3762/5374/1641 3767/5373/1649 5560/7692/2244
f 5560/7692/2244 3767/5373/1649 3760/5372/1648 5558/7693/2088
f 5563/7694/2021 3732/5335/1627 3740/5332/426 5565/7695/2245
f 5565/7695/2245 3740/5332/426 3736/5331/304 5564/7696/2246
f 5564/7697/2246 3736/5328/304 3731/5327/1626 5562/7698/1752
f 5567/7699/1746 3731/5327/1626 3737/5330/573 5569/7700/2247
f 5569/7701/2247 3737/5325/573 3733/5322/314 5568/7702/2248
f 5568/7702/2248 3733/5322/314 3730/5321/313 5566/7703/1789
f 5571/7704/1744 3746/5340/313 3750/5343/1631 5573/7705/2249
f 5573/7706/2249 3750/5356/1631 3755/5353/1638 5572/7707/2250
f 5572/7707/2250 3755/5353/1638 3748/5352/303 5570/7708/1842
f 5575/7709/1753 3771/5383/377 3777/5386/311 5577/7710/2251
f 5577/7711/2251 3777/5381/311 3773/5378/310 5576/7712/2252
f 5576/7712/2252 3773/5378/310 3770/5377/375 5574/7713/1755
f 5579/7714/2112 3759/5366/1644 3765/5363/1642 5581/7715/2239
f 5581/7715/2239 3765/5363/1642 3761/5362/1639 5580/7716/2245
f 5580/7717/2245 3761/5359/1639 3758/5358/309 5578/7718/2021
f 5583/7719/1720 3782/5396/260 3786/5399/540 5585/7720/2035
f 5585/7721/2035 3786/5412/540 3791/5411/271 5584/7722/2128
f 5584/7722/2128 3791/5411/271 3784/5410/1651 5582/7723/1855
f 5587/7724/1777 3795/5421/902 3801/5424/621 5589/7725/1677
f 5589/7726/1677 3801/5419/621 3797/5416/619 5588/7727/1678
f 5588/7727/1678 3797/5416/619 3794/5415/1652 5586/7728/1763
f 5591/7729/1780 3818/5451/294 3822/5454/368 5593/7730/1727
f 5593/7731/1727 3822/5467/368 3827/5466/302 5592/7732/2253
f 5592/7732/2253 3827/5466/302 3820/5465/1660 5590/7733/1860
f 5595/7734/1782 3807/5439/907 3813/5442/906 5597/7735/1862
f 5597/7736/1862 3813/5437/906 3809/5434/627 5596/7737/1686
f 5596/7737/1686 3809/5434/627 3806/5433/1654 5594/7738/1765
f 5599/7739/1734 3808/5445/292 3816/5448/290 5601/7740/1689
f 5601/7741/1689 3816/5443/290 3812/5440/1656 5600/7742/1766
f 5600/7742/1766 3812/5440/1656 3807/5439/907 5598/7743/1868
f 5603/7744/1767 3866/5525/392 3870/5528/1668 5605/7745/1693
f 5605/7746/1693 3870/5541/1668 3875/5540/1671 5604/7747/1739
f 5604/7747/1739 3875/5540/1671 3868/5539/935 5602/7748/2119
f 5607/7749/1741 3855/5513/1666 3861/5516/668 5609/7750/1903
f 5609/7751/1903 3861/5511/668 3857/5508/666 5608/7752/1787
f 5608/7752/1787 3857/5508/666 3854/5507/926 5606/7753/1743
f 5611/7754/1744 3856/5519/337 3864/5522/335 5613/7755/1701
f 5613/7756/1701 3864/5517/335 3860/5514/1667 5612/7757/2254
f 5612/7757/2254 3860/5514/1667 3855/5513/1666 5610/7758/2255
f 5615/7759/1747 3842/5488/378 3846/5491/318 5617/7760/1748
f 5617/7761/1748 3846/5504/318 3851/5503/326 5616/7762/1909
f 5616/7762/1909 3851/5503/326 3844/5502/1665 5614/7763/2256
f 5619/7764/1750 3831/5476/918 3837/5479/648 5621/7765/1709
f 5621/7766/1709 3837/5474/648 3833/5471/646 5620/7767/2023
f 5620/7767/2023 3833/5471/646 3830/5470/1661 5618/7768/2112
f 5623/7769/1793 3832/5482/377 3840/5485/1012 5625/7770/2125
f 5625/7771/2125 3840/5480/1012 3836/5477/1662 5624/7772/1794
f 5624/7772/1794 3836/5477/1662 3831/5476/918 5622/7773/2257
f 5627/7774/1774 3796/5427/410 3804/5430/279 5629/7775/1757
f 5629/7776/1757 3804/5425/279 3800/5422/903 5628/7777/1758
f 5628/7777/1758 3800/5422/903 3795/5421/902 5626/7778/2127
f 436/302/198 3879/5544/1672 3881/5545/1673 443/303/199
f 443/303/199 3881/5545/1673 3880/5546/1674 438/304/191
f 438/291/191 3880/5547/1674 3878/5548/1675 434/288/188
f 411/260/170 3883/5549/1676 3885/5550/1677 416/261/171
f 416/261/171 3885/5550/1677 3884/5551/1678 420/262/172
f 420/267/172 3884/5552/1678 3882/5553/1679 412/264/174
f 424/282/186 3887/5554/1680 3889/5555/1681 431/283/187
f 431/283/187 3889/5555/1681 3888/5556/1682 426/286/179
f 426/273/179 3888/5557/1682 3886/5558/1683 422/270/176
f 447/313/206 3891/5559/1684 3893/5560/1685 452/314/207
f 452/317/207 3893/5561/1685 3892/5562/1686 456/318/208
f 456/318/208 3892/5562/1686 3890/5563/1687 448/321/210
f 484/374/246 3895/5564/1688 3897/5565/1689 491/375/247
f 491/375/247 3897/5565/1689 3896/5566/1690 486/378/239
f 486/365/239 3896/5567/1690 3894/5568/1691 482/362/236
f 446/307/200 3899/5569/1692 3901/5570/1693 449/308/201
f 449/308/201 3901/5570/1693 3900/5571/1694 453/311/204
f 453/316/204 3900/5572/1694 3898/5573/1695 447/313/206
f 495/388/254 3903/5574/1696 3905/5575/1697 500/389/255
f 500/389/255 3905/5575/1697 3904/5576/1698 504/390/256
f 504/395/256 3904/5577/1698 3902/5578/1699 496/392/258
f 460/337/222 3907/5579/1700 3909/5580/1701 467/338/223
f 467/341/223 3909/5581/1701 3908/5582/1702 462/328/215
f 462/328/215 3908/5582/1702 3906/5583/1703 458/325/212
f 494/380/248 3911/5584/1704 3913/5585/1705 497/381/249
f 497/384/249 3913/5586/1705 3912/5587/1706 501/385/252
f 501/385/252 3912/5587/1706 3910/5588/1707 495/388/254
f 471/351/230 3915/5589/1708 3917/5590/1709 476/352/231
f 476/353/231 3917/5591/1709 3916/5592/1710 480/354/232
f 480/354/232 3916/5592/1710 3914/5593/1711 472/357/234
f 410/252/164 3919/5594/1712 3921/5595/1713 413/253/165
f 413/256/165 3921/5596/1713 3920/5597/1714 417/257/168
f 417/257/168 3920/5597/1714 3918/5598/1715 411/260/170
f 470/343/224 3923/5599/1716 3925/5600/1717 473/344/225
f 473/347/225 3925/5601/1717 3924/5602/1718 477/348/228
f 477/348/228 3924/5602/1718 3922/5603/1719 471/351/230
f 532/447/292 3927/5604/1720 3929/5605/1721 539/448/293
f 539/451/293 3929/5606/1721 3928/5607/1674 534/438/285
f 534/438/285 3928/5607/1674 3926/5608/1722 530/435/282
f 507/406/266 3931/5609/1723 3933/5610/1677 512/407/267
f 512/408/267 3933/5611/1677 3932/5612/1724 516/409/268
f 516/409/268 3932/5612/1724 3930/5613/1725 508/412/270
f 520/429/280 3935/5614/1726 3937/5615/1727 527/430/281
f 527/433/281 3937/5616/1727 3936/5617/1728 522/420/274
f 522/420/274 3936/5617/1728 3934/5618/1729 518/417/272
f 543/461/298 3939/5619/1730 3941/5620/1731 548/462/299
f 548/463/299 3941/5621/1731 3940/5622/1732 552/464/300
f 552/464/300 3940/5622/1732 3938/5623/1733 544/467/301
f 580/521/337 3943/5624/1734 3945/5625/1689 587/522/338
f 587/525/338 3945/5626/1689 3944/5627/1735 582/512/330
f 582/512/330 3944/5627/1735 3942/5628/1736 578/509/327
f 542/453/294 3947/5629/1737 3949/5630/1738 545/454/295
f 545/457/295 3949/5631/1738 3948/5632/1739 549/458/297
f 549/458/297 3948/5632/1739 3946/5633/1740 543/461/298
f 591/535/343 3951/5634/1741 3953/5635/1697 596/536/344
f 596/537/344 3953/5636/1697 3952/5637/1742 600/538/345
f 600/538/345 3952/5637/1742 3950/5638/1743 592/541/347
f 556/484/313 3955/5639/1744 3957/5640/1701 563/485/314
f 563/488/314 3957/5641/1701 3956/5642/1745 558/475/306
f 558/475/306 3956/5642/1745 3954/5643/1746 554/472/303
f 590/527/339 3959/5644/1747 3961/5645/1748 593/528/340
f 593/531/340 3961/5646/1748 3960/5647/1706 597/532/342
f 597/532/342 3960/5647/1706 3958/5648/1749 591/535/343
f 567/498/321 3963/5649/1750 3965/5650/1709 572/499/322
f 572/500/322 3965/5651/1709 3964/5652/1751 576/501/323
f 576/501/323 3964/5652/1751 3962/5653/1752 568/504/325
f 506/398/260 3967/5654/1753 3969/5655/1713 509/399/261
f 509/402/261 3969/5656/1713 3968/5657/1754 513/403/264
f 513/403/264 3968/5657/1754 3966/5658/1755 507/406/266
f 566/490/315 3971/5659/1756 3973/5660/1757 569/491/316
f 569/494/316 3973/5661/1757 3972/5662/1758 573/495/319
f 573/495/319 3972/5662/1758 3970/5663/1759 567/498/321
f 628/595/292 3975/5664/1760 3977/5665/1673 635/596/366
f 635/599/366 3977/5666/1673 3976/5667/1761 630/586/363
f 630/586/363 3976/5667/1761 3974/5668/1762 626/583/360
f 603/554/266 3979/5669/1723 3981/5670/1677 608/555/267
f 608/556/267 3981/5671/1677 3980/5672/1724 612/557/268
f 612/557/268 3980/5672/1724 3978/5673/1763 604/560/270
f 616/577/280 3983/5674/1726 3985/5675/1727 623/578/359
f 623/581/359 3985/5676/1727 3984/5677/1682 618/568/274
f 618/568/274 3984/5677/1682 3982/5678/1764 614/565/272
f 639/609/298 3987/5679/1730 3989/5680/1731 644/610/299
f 644/611/299 3989/5681/1731 3988/5682/1732 648/612/370
f 648/612/370 3988/5682/1732 3986/5683/1765 640/615/372
f 676/669/337 3991/5684/1734 3993/5685/1689 683/670/391
f 683/673/391 3993/5686/1689 3992/5687/1766 678/660/386
f 678/660/386 3992/5687/1766 3990/5688/1736 674/657/384
f 638/601/294 3995/5689/1767 3997/5690/1693 641/602/367
f 641/605/367 3997/5691/1693 3996/5692/1768 645/606/297
f 645/606/297 3996/5692/1768 3994/5693/1769 639/609/298
f 687/683/343 3999/5694/1741 4001/5695/1697 692/684/397
f 692/685/397 4001/5696/1697 4000/5697/1742 696/686/398
f 696/686/398 4000/5697/1742 3998/5698/1743 688/689/400
f 652/632/377 4003/5699/1744 4005/5700/1701 659/633/314
f 659/636/314 4005/5701/1701 4004/5702/1770 654/623/306
f 654/623/306 4004/5702/1770 4002/5703/1746 650/620/303
f 686/675/392 4007/5704/1747 4009/5705/1771 689/676/393
f 689/679/393 4009/5706/1771 4008/5707/1772 693/680/342
f 693/680/342 4008/5707/1772 4006/5708/1749 687/683/343
f 663/646/321 4011/5709/1750 4013/5710/1709 668/647/382
f 668/648/382 4013/5711/1709 4012/5712/1751 672/649/323
f 672/649/323 4012/5712/1751 4010/5713/1752 664/652/325
f 602/546/349 4015/5714/1753 4017/5715/1773 605/547/261
f 605/550/261 4017/5716/1773 4016/5717/1714 609/551/351
f 609/551/351 4016/5717/1714 4014/5718/1755 603/554/266
f 662/638/378 4019/5719/1774 4021/5720/1775 665/639/379
f 665/642/379 4021/5721/1775 4020/5722/1776 669/643/319
f 669/643/319 4020/5722/1776 4018/5723/1759 663/646/321
f 724/743/292 4023/5724/1720 4025/5725/1673 731/744/366
f 731/747/366 4025/5726/1673 4024/5727/1674 726/734/363
f 726/734/363 4024/5727/1674 4022/5728/1762 722/731/360
f 699/702/403 4027/5729/1777 4029/5730/1778 704/703/267
f 704/704/267 4029/5731/1778 4028/5732/1678 708/705/268
f 708/705/268 4028/5732/1678 4026/5733/1779 700/708/270
f 712/725/410 4031/5734/1780 4033/5735/1781 719/726/411
f 719/729/411 4033/5736/1781 4032/5737/1682 714/716/274
f 714/716/274 4032/5737/1682 4030/5738/1764 710/713/404
f 735/757/298 4035/5739/1782 4037/5740/1783 740/758/299
f 740/759/299 4037/5741/1783 4036/5742/1686 744/760/370
f 744/760/370 4036/5742/1686 4034/5743/1765 736/763/421
f 772/817/443 4039/5744/1784 4041/5745/1689 779/818/444
f 779/821/444 4041/5746/1689 4040/5747/1766 774/808/439
f 774/808/439 4040/5747/1766 4038/5748/1736 770/805/327
f 734/749/415 4043/5749/1785 4045/5750/1738 737/750/295
f 737/753/295 4045/5751/1738 4044/5752/1739 741/754/418
f 741/754/418 4044/5752/1739 4042/5753/1740 735/757/298
f 783/831/343 4047/5754/1741 4049/5755/1786 788/832/449
f 788/833/449 4049/5756/1786 4048/5757/1787 792/834/398
f 792/834/398 4048/5757/1787 4046/5758/1788 784/837/400
f 748/780/429 4051/5759/1789 4053/5760/1790 755/781/430
f 755/784/430 4053/5761/1790 4052/5762/1791 750/771/425
f 750/771/425 4052/5762/1791 4050/5763/1746 746/768/303
f 782/823/445 4055/5764/1747 4057/5765/1792 785/824/446
f 785/827/446 4057/5766/1792 4056/5767/1706 789/828/342
f 789/828/342 4056/5767/1706 4054/5768/1749 783/831/343
f 759/794/321 4059/5769/1750 4061/5770/1709 764/795/435
f 764/796/435 4061/5771/1709 4060/5772/1710 768/797/436
f 768/797/436 4060/5772/1710 4058/5773/1752 760/800/325
f 698/694/349 4063/5774/1793 4065/5775/1713 701/695/261
f 701/698/261 4065/5776/1713 4064/5777/1794 705/699/351
f 705/699/351 4064/5777/1794 4062/5778/1795 699/702/403
f 758/786/431 4067/5779/1756 4069/5780/1757 761/787/316
f 761/790/316 4069/5781/1757 4068/5782/1796 765/791/319
f 765/791/319 4068/5782/1796 4066/5783/1759 759/794/321
f 820/891/479 4071/5784/1797 4073/5785/1798 827/892/480
f 827/895/480 4073/5786/1798 4072/5787/1674 822/882/474
f 822/882/474 4072/5787/1674 4070/5788/1799 818/879/472
f 795/850/457 4075/5789/1800 4077/5790/1677 800/851/458
f 800/852/458 4077/5791/1677 4076/5792/1801 804/853/459
f 804/853/459 4076/5792/1801 4074/5793/1802 796/856/460
f 808/873/470 4079/5794/1803 4081/5795/1681 815/874/471
f 815/877/471 4081/5796/1681 4080/5797/1728 810/864/464
f 810/864/464 4080/5797/1728 4078/5798/1804 806/861/462
f 831/905/487 4083/5799/1805 4085/5800/1783 836/906/488
f 836/907/488 4085/5801/1783 4084/5802/1686 840/908/489
f 840/908/489 4084/5802/1686 4082/5803/1806 832/911/491
f 868/965/524 4087/5804/1807 4089/5805/1808 875/966/525
f 875/969/525 4089/5806/1808 4088/5807/1809 870/956/518
f 870/956/518 4088/5807/1809 4086/5808/1810 866/953/515
f 830/897/481 4091/5809/1811 4093/5810/1693 833/898/482
f 833/901/482 4093/5811/1693 4092/5812/1812 837/902/485
f 837/902/485 4092/5812/1812 4090/5813/1813 831/905/487
f 879/979/531 4095/5814/1814 4097/5815/1697 884/980/532
f 884/981/532 4097/5816/1697 4096/5817/1742 888/982/533
f 888/982/533 4096/5817/1742 4094/5818/1815 880/985/535
f 844/928/503 4099/5819/1816 4101/5820/1817 851/929/504
f 851/932/504 4101/5821/1817 4100/5822/1702 846/919/496
f 846/919/496 4100/5822/1702 4098/5823/1818 842/916/493
f 878/971/526 4103/5824/1819 4105/5825/1771 881/972/527
f 881/975/527 4105/5826/1771 4104/5827/1820 885/976/529
f 885/976/529 4104/5827/1820 4102/5828/1821 879/979/531
f 855/942/510 4107/5829/1822 4109/5830/1709 860/943/511
f 860/944/511 4109/5831/1709 4108/5832/1710 864/945/512
f 864/945/512 4108/5832/1710 4106/5833/1823 856/948/513
f 794/842/451 4111/5834/1824 4113/5835/1825 797/843/452
f 797/846/452 4113/5836/1825 4112/5837/1714 801/847/455
f 801/847/455 4112/5837/1714 4110/5838/1826 795/850/457
f 854/934/505 4115/5839/1827 4117/5840/1717 857/935/506
f 857/938/506 4117/5841/1717 4116/5842/1828 861/939/508
f 861/939/508 4116/5842/1828 4114/5843/1829 855/942/510
f 916/1039/563 4119/5844/1830 4121/5845/1831 923/1040/564
f 923/1043/564 4121/5846/1831 4120/5847/1674 918/1030/285
f 918/1030/285 4120/5847/1674 4118/5848/1832 914/1027/282
f 891/998/542 4123/5849/1833 4125/5850/1778 896/999/543
f 896/1000/543 4125/5851/1778 4124/5852/1678 900/1001/544
f 900/1001/544 4124/5852/1678 4122/5853/1779 892/1004/546
f 904/1021/556 4127/5854/1834 4129/5855/1727 911/1022/557
f 911/1025/557 4129/5856/1727 4128/5857/1682 906/1012/551
f 906/1012/551 4128/5857/1682 4126/5858/1835 902/1009/548
f 927/1053/568 4131/5859/1836 4133/5860/1783 932/1054/569
f 932/1055/569 4133/5861/1783 4132/5862/1686 936/1056/570
f 936/1056/570 4132/5862/1686 4130/5863/1733 928/1059/571
f 964/1113/598 4135/5864/1784 4137/5865/1808 971/1114/599
f 971/1117/599 4137/5866/1808 4136/5867/1809 966/1104/591
f 966/1104/591 4136/5867/1809 4134/5868/1837 962/1101/589
f 926/1045/565 4139/5869/1767 4141/5870/1738 929/1046/566
f 929/1049/566 4141/5871/1738 4140/5872/1694 933/1050/567
f 933/1050/567 4140/5872/1694 4138/5873/1769 927/1053/568
f 975/1127/605 4143/5874/1838 4145/5875/1786 980/1128/606
f 980/1129/606 4145/5876/1786 4144/5877/1742 984/1130/345
f 984/1130/345 4144/5877/1742 4142/5878/1839 976/1133/607
f 940/1076/579 4147/5879/1840 4149/5880/1701 947/1077/430
f 947/1080/430 4149/5881/1701 4148/5882/1841 942/1067/573
f 942/1067/573 4148/5882/1841 4146/5883/1842 938/1064/572
f 974/1119/600 4151/5884/1843 4153/5885/1748 977/1120/601
f 977/1123/601 4153/5886/1748 4152/5887/1844 981/1124/603
f 981/1124/603 4152/5887/1844 4150/5888/1845 975/1127/605
f 951/1090/585 4155/5889/1846 4157/5890/1847 956/1091/435
f 956/1092/435 4157/5891/1847 4156/5892/1848 960/1093/586
f 960/1093/586 4156/5892/1848 4154/5893/1849 952/1096/587
f 890/990/537 4159/5894/1793 4161/5895/1713 893/991/538
f 893/994/538 4161/5896/1713 4160/5897/1714 897/995/541
f 897/995/541 4160/5897/1714 4158/5898/1850 891/998/542
f 950/1082/580 4163/5899/1851 4165/5900/1757 953/1083/581
f 953/1086/581 4165/5901/1757 4164/5902/1852 957/1087/584
f 957/1087/584 4164/5902/1852 4162/5903/1853 951/1090/585
f 1012/1187/634 4167/5904/1854 4169/5905/1673 1019/1188/635
f 1019/1191/635 4169/5906/1673 4168/5907/1674 1014/1178/628
f 1014/1178/628 4168/5907/1674 4166/5908/1855 1010/1175/626
f 987/1146/613 4171/5909/1856 4173/5910/1677 992/1147/614
f 992/1148/614 4173/5911/1677 4172/5912/1857 996/1149/615
f 996/1149/615 4172/5912/1857 4170/5913/1858 988/1152/616
f 1000/1169/624 4175/5914/1859 4177/5915/1727 1007/1170/625
f 1007/1173/625 4177/5916/1727 4176/5917/1682 1002/1160/620
f 1002/1160/620 4176/5917/1682 4174/5918/1860 998/1157/618
f 1023/1201/640 4179/5919/1861 4181/5920/1862 1028/1202/641
f 1028/1203/641 4181/5921/1862 4180/5922/1863 1032/1204/642
f 1032/1204/642 4180/5922/1863 4178/5923/1864 1024/1207/643
f 1060/1261/673 4183/5924/1865 4185/5925/1866 1067/1262/674
f 1067/1265/674 4185/5926/1866 4184/5927/1867 1062/1252/667
f 1062/1252/667 4184/5927/1867 4182/5928/1868 1058/1249/665
f 1022/1193/636 4187/5929/1869 4189/5930/1870 1025/1194/637
f 1025/1197/637 4189/5931/1870 4188/5932/1871 1029/1198/639
f 1029/1198/639 4188/5932/1871 4186/5933/1872 1023/1201/640
f 1071/1275/679 4191/5934/1873 4193/5935/1874 1076/1276/680
f 1076/1277/680 4193/5936/1874 4192/5937/1875 1080/1278/681
f 1080/1278/681 4192/5937/1875 4190/5938/1876 1072/1281/682
f 1036/1224/653 4195/5939/1840 4197/5940/1877 1043/1225/654
f 1043/1228/654 4197/5941/1877 4196/5942/1878 1038/1215/647
f 1038/1215/647 4196/5942/1878 4194/5943/1879 1034/1212/645
f 1070/1267/675 4199/5944/1843 4201/5945/1880 1073/1268/676
f 1073/1271/676 4201/5946/1880 4200/5947/1844 1077/1272/678
f 1077/1272/678 4200/5947/1844 4198/5948/1881 1071/1275/679
f 1047/1238/660 4203/5949/1882 4205/5950/1883 1052/1239/661
f 1052/1240/661 4205/5951/1883 4204/5952/1884 1056/1241/662
f 1056/1241/662 4204/5952/1884 4202/5953/1885 1048/1244/663
f 986/1138/609 4207/5954/1886 4209/5955/1713 989/1139/610
f 989/1142/610 4209/5956/1713 4208/5957/1714 993/1143/612
f 993/1143/612 4208/5957/1714 4206/5958/1887 987/1146/613
f 1046/1230/655 4211/5959/1888 4213/5960/1775 1049/1231/656
f 1049/1234/656 4213/5961/1775 4212/5962/1758 1053/1235/658
f 1053/1235/658 4212/5962/1758 4210/5963/1889 1047/1238/660
f 1108/1335/708 4215/5964/1890 4217/5965/1673 1115/1336/709
f 1115/1339/709 4217/5966/1673 4216/5967/1674 1110/1326/702
f 1110/1326/702 4216/5967/1674 4214/5968/1832 1106/1323/700
f 1083/1294/688 4219/5969/1891 4221/5970/1677 1088/1295/689
f 1088/1296/689 4221/5971/1677 4220/5972/1678 1092/1297/172
f 1092/1297/172 4220/5972/1678 4218/5973/1892 1084/1300/690
f 1096/1317/698 4223/5974/1893 4225/5975/1727 1103/1318/699
f 1103/1321/699 4225/5976/1727 4224/5977/1682 1098/1308/693
f 1098/1308/693 4224/5977/1682 4222/5978/1835 1094/1305/692
f 1119/1349/716 4227/5979/1894 4229/5980/1783 1124/1350/717
f 1124/1351/717 4229/5981/1783 4228/5982/1686 1128/1352/718
f 1128/1352/718 4228/5982/1686 4226/5983/1895 1120/1355/719
f 1156/1409/742 4231/5984/1896 4233/5985/1689 1163/1410/743
f 1163/1413/743 4233/5986/1689 4232/5987/1897 1158/1400/239
f 1158/1400/239 4232/5987/1897 4230/5988/1898 1154/1397/736
f 1118/1341/710 4235/5989/1899 4237/5990/1900 1121/1342/711
f 1121/1345/711 4237/5991/1900 4236/5992/1739 1125/1346/714
f 1125/1346/714 4236/5992/1739 4234/5993/1901 1119/1349/716
f 1167/1423/749 4239/5994/1902 4241/5995/1903 1172/1424/255
f 1172/1425/255 4241/5996/1903 4240/5997/1742 1176/1426/750
f 1176/1426/750 4240/5997/1742 4238/5998/1904 1168/1429/751
f 1132/1372/727 4243/5999/1905 4245/6000/1701 1139/1373/728
f 1139/1376/728 4245/6001/1701 4244/6002/1906 1134/1363/215
f 1134/1363/215 4244/6002/1906 4242/6003/1907 1130/1360/721
f 1166/1415/744 4247/6004/1908 4249/6005/1748 1169/1416/745
f 1169/1419/745 4249/6006/1748 4248/6007/1909 1173/1420/747
f 1173/1420/747 4248/6007/1909 4246/6008/1910 1167/1423/749
f 1143/1386/731 4251/6009/1911 4253/6010/1847 1148/1387/732
f 1148/1388/732 4253/6011/1847 4252/6012/1912 1152/1389/733
f 1152/1389/733 4252/6012/1912 4250/6013/1849 1144/1392/734
f 1082/1286/684 4255/6014/1913 4257/6015/1713 1085/1287/685
f 1085/1290/685 4257/6016/1713 4256/6017/1914 1089/1291/687
f 1089/1291/687 4256/6017/1914 4254/6018/1850 1083/1294/688
f 1142/1378/729 4259/6019/1851 4261/6020/1757 1145/1379/225
f 1145/1382/225 4261/6021/1757 4260/6022/1796 1149/1383/730
f 1149/1383/730 4260/6022/1796 4258/6023/1915 1143/1386/731
f 1204/1483/780 4263/6024/1672 4265/6025/1673 1211/1484/781
f 1211/1487/781 4265/6026/1673 4264/6027/1916 1206/1474/776
f 1206/1474/776 4264/6027/1916 4262/6028/1917 1202/1471/774
f 1179/1442/759 4267/6029/1918 4269/6030/1677 1184/1443/760
f 1184/1444/760 4269/6031/1677 4268/6032/1919 1188/1445/459
f 1188/1445/459 4268/6032/1919 4266/6033/1920 1180/1448/761
f 1192/1465/772 4271/6034/1680 4273/6035/1781 1199/1466/773
f 1199/1469/773 4273/6036/1781 4272/6037/1921 1194/1456/766
f 1194/1456/766 4272/6037/1921 4270/6038/1683 1190/1453/763
f 1215/1497/785 4275/6039/1922 4277/6040/1923 1220/1498/786
f 1220/1499/786 4277/6041/1923 4276/6042/1686 1224/1500/787
f 1224/1500/787 4276/6042/1686 4274/6043/1687 1216/1503/788
f 1252/1557/817 4279/6044/1924 4281/6045/1925 1259/1558/247
f 1259/1561/247 4281/6046/1925 4280/6047/1809 1254/1548/811
f 1254/1548/811 4280/6047/1809 4278/6048/1926 1250/1545/808
f 1214/1489/200 4283/6049/1692 4285/6050/1927 1217/1490/782
f 1217/1493/782 4285/6051/1927 4284/6052/1928 1221/1494/784
f 1221/1494/784 4284/6052/1928 4282/6053/1695 1215/1497/785
f 1263/1571/254 4287/6054/1929 4289/6055/1930 1268/1572/820
f 1268/1573/820 4289/6056/1930 4288/6057/1931 1272/1574/256
f 1272/1574/256 4288/6057/1931 4286/6058/1699 1264/1577/821
f 1228/1520/796 4291/6059/1932 4293/6060/1933 1235/1521/797
f 1235/1524/797 4293/6061/1933 4292/6062/1934 1230/1511/791
f 1230/1511/791 4292/6062/1934 4290/6063/1935 1226/1508/789
f 1262/1563/248 4295/6064/1704 4297/6065/1936 1265/1564/249
f 1265/1567/249 4297/6066/1936 4296/6067/1937 1269/1568/252
f 1269/1568/252 4296/6067/1937 4294/6068/1938 1263/1571/254
f 1239/1534/803 4299/6069/1939 4301/6070/1709 1244/1535/804
f 1244/1536/804 4301/6071/1709 4300/6072/1710 1248/1537/805
f 1248/1537/805 4300/6072/1710 4298/6073/1711 1240/1540/806
f 1178/1434/753 4303/6074/1940 4305/6075/1941 1181/1435/754
f 1181/1438/754 4305/6076/1941 4304/6077/1714 1185/1439/757
f 1185/1439/757 4304/6077/1714 4302/6078/1942 1179/1442/759
f 1238/1526/798 4307/6079/1716 4309/6080/1943 1241/1527/799
f 1241/1530/799 4309/6081/1943 4308/6082/1852 1245/1531/801
f 1245/1531/801 4308/6082/1852 4306/6083/1944 1239/1534/803
f 1300/1631/849 4311/6084/1945 4313/6085/1673 1307/1632/850
f 1307/1635/850 4313/6086/1673 4312/6087/1674 1302/1622/844
f 1302/1622/844 4312/6087/1674 4310/6088/1946 1298/1619/842
f 1275/1590/827 4315/6089/1947 4317/6090/1677 1280/1591/828
f 1280/1592/828 4317/6091/1677 4316/6092/1724 1284/1593/829
f 1284/1593/829 4316/6092/1724 4314/6093/1948 1276/1596/830
f 1288/1613/840 4319/6094/1949 4321/6095/1727 1295/1614/841
f 1295/1617/841 4321/6096/1727 4320/6097/1728 1290/1604/834
f 1290/1604/834 4320/6097/1728 4318/6098/1950 1286/1601/832
f 1311/1645/855 4323/6099/1951 4325/6100/1783 1316/1646/856
f 1316/1647/856 4325/6101/1783 4324/6102/1952 1320/1648/857
f 1320/1648/857 4324/6102/1952 4322/6103/1953 1312/1651/858
f 1348/1705/887 4327/6104/1954 4329/6105/1955 1355/1706/888
f 1355/1709/888 4329/6106/1955 4328/6107/1766 1350/1696/881
f 1350/1696/881 4328/6107/1766 4326/6108/1956 1346/1693/879
f 1310/1637/851 4331/6109/1957 4333/6110/1738 1313/1638/852
f 1313/1641/852 4333/6111/1738 4332/6112/1739 1317/1642/854
f 1317/1642/854 4332/6112/1739 4330/6113/1958 1311/1645/855
f 1359/1719/893 4335/6114/1959 4337/6115/1697 1364/1720/894
f 1364/1721/894 4337/6116/1697 4336/6117/1742 1368/1722/895
f 1368/1722/895 4336/6117/1742 4334/6118/1960 1360/1725/897
f 1324/1668/867 4339/6119/1961 4341/6120/1962 1331/1669/868
f 1331/1672/868 4341/6121/1962 4340/6122/1702 1326/1659/862
f 1326/1659/862 4340/6122/1702 4338/6123/1963 1322/1656/860
f 1358/1711/889 4343/6124/1964 4345/6125/1748 1361/1712/890
f 1361/1715/890 4345/6126/1748 4344/6127/1706 1365/1716/892
f 1365/1716/892 4344/6127/1706 4342/6128/1965 1359/1719/893
f 1335/1682/873 4347/6129/1966 4349/6130/1709 1340/1683/874
f 1340/1684/874 4349/6131/1709 4348/6132/1710 1344/1685/875
f 1344/1685/875 4348/6132/1710 4346/6133/1967 1336/1688/877
f 1274/1582/823 4351/6134/1968 4353/6135/1713 1277/1583/824
f 1277/1586/824 4353/6136/1713 4352/6137/1914 1281/1587/826
f 1281/1587/826 4352/6137/1914 4350/6138/1969 1275/1590/827
f 1334/1674/869 4355/6139/1970 4357/6140/1757 1337/1675/870
f 1337/1678/870 4357/6141/1757 4356/6142/1758 1341/1679/872
f 1341/1679/872 4356/6142/1758 4354/6143/1971 1335/1682/873
f 1396/1779/910 4359/6144/1720 4361/6145/1972 1403/1780/635
f 1403/1783/635 4361/6146/1972 4360/6147/1973 1398/1770/628
f 1398/1770/628 4360/6147/1973 4358/6148/1974 1394/1767/905
f 1371/1738/901 4363/6149/1777 4365/6150/1677 1376/1739/614
f 1376/1740/614 4365/6151/1677 4364/6152/1678 1380/1741/615
f 1380/1741/615 4364/6152/1678 4362/6153/1858 1372/1744/616
f 1384/1761/904 4367/6154/1780 4369/6155/1727 1391/1762/625
f 1391/1765/625 4369/6156/1727 4368/6157/1975 1386/1752/620
f 1386/1752/620 4368/6157/1975 4366/6158/1976 1382/1749/618
f 1407/1793/913 4371/6159/1782 4373/6160/1783 1412/1794/914
f 1412/1795/914 4373/6161/1783 4372/6162/1686 1416/1796/642
f 1416/1796/642 4372/6162/1686 4370/6163/1977 1408/1799/915
f 1444/1853/929 4375/6164/1865 4377/6165/1689 1451/1854/338
f 1451/1857/338 4377/6166/1689 4376/6167/1897 1446/1844/386
f 1446/1844/386 4376/6167/1897 4374/6168/1978 1442/1841/926
f 1406/1785/911 4379/6169/1979 4381/6170/1738 1409/1786/295
f 1409/1789/295 4381/6171/1738 4380/6172/1694 1413/1790/297
f 1413/1790/297 4380/6172/1694 4378/6173/1872 1407/1793/913
f 1455/1867/932 4383/6174/1873 4385/6175/1980 1460/1868/933
f 1460/1869/933 4385/6176/1980 4384/6177/1742 1464/1870/934
f 1464/1870/934 4384/6177/1742 4382/6178/1743 1456/1873/935
f 1420/1816/920 4387/6179/1744 4389/6180/1790 1427/1817/654
f 1427/1820/654 4389/6181/1790 4388/6182/1841 1422/1807/647
f 1422/1807/647 4388/6182/1841 4386/6183/1879 1418/1804/917
f 1454/1859/930 4391/6184/1747 4393/6185/1748 1457/1860/676
f 1457/1863/676 4393/6186/1748 4392/6187/1706 1461/1864/678
f 1461/1864/678 4392/6187/1706 4390/6188/1881 1455/1867/932
f 1431/1830/923 4395/6189/1750 4397/6190/1709 1436/1831/924
f 1436/1832/924 4397/6191/1709 4396/6192/1710 1440/1833/662
f 1440/1833/662 4396/6192/1710 4394/6193/1885 1432/1836/663
f 1370/1730/899 4399/6194/1886 4401/6195/1713 1373/1731/261
f 1373/1734/261 4401/6196/1713 4400/6197/1914 1377/1735/351
f 1377/1735/351 4400/6197/1914 4398/6198/1887 1371/1738/901
f 1430/1822/921 4403/6199/1981 4405/6200/1757 1433/1823/922
f 1433/1826/922 4405/6201/1757 4404/6202/1758 1437/1827/319
f 1437/1827/319 4404/6202/1758 4402/6203/1889 1431/1830/923
f 1492/1927/962 4407/6204/1982 4409/6205/1972 1499/1928/963
f 1499/1931/963 4409/6206/1972 4408/6207/1916 1494/1918/957
f 1494/1918/957 4408/6207/1916 4406/6208/1983 1490/1915/955
f 1467/1886/940 4411/6209/1984 4413/6210/1677 1472/1887/941
f 1472/1888/941 4413/6211/1677 4412/6212/1724 1476/1889/942
f 1476/1889/942 4412/6212/1724 4410/6213/1985 1468/1892/944
f 1480/1909/953 4415/6214/1986 4417/6215/1987 1487/1910/954
f 1487/1913/954 4417/6216/1987 4416/6217/1921 1482/1900/948
f 1482/1900/948 4416/6217/1921 4414/6218/1988 1478/1897/946
f 1503/1941/968 4419/6219/1989 4421/6220/1862 1508/1942/969
f 1508/1943/969 4421/6221/1862 4420/6222/1952 1512/1944/970
f 1512/1944/970 4420/6222/1952 4418/6223/1990 1504/1947/972
f 1540/2001/999 4423/6224/1991 4425/6225/1689 1547/2002/1000
f 1547/2005/1000 4425/6226/1689 4424/6227/1766 1542/1992/994
f 1542/1992/994 4424/6227/1766 4422/6228/1992 1538/1989/992
f 1502/1933/964 4427/6229/1993 4429/6230/1994 1505/1934/965
f 1505/1937/965 4429/6231/1994 4428/6232/1739 1509/1938/967
f 1509/1938/967 4428/6232/1739 4426/6233/1995 1503/1941/968
f 1551/2015/1005 4431/6234/1996 4433/6235/1786 1556/2016/1006
f 1556/2017/1006 4433/6236/1786 4432/6237/1997 1560/2018/1007
f 1560/2018/1007 4432/6237/1997 4430/6238/1998 1552/2021/1008
f 1516/1964/981 4435/6239/1999 4437/6240/2000 1523/1965/982
f 1523/1968/982 4437/6241/2000 4436/6242/1702 1518/1955/976
f 1518/1955/976 4436/6242/1702 4434/6243/2001 1514/1952/974
f 1550/2007/1001 4439/6244/2002 4441/6245/2003 1553/2008/1002
f 1553/2011/1002 4441/6246/2003 4440/6247/1820 1557/2012/1004
f 1557/2012/1004 4440/6247/1820 4438/6248/2004 1551/2015/1005
f 1527/1978/987 4443/6249/2005 4445/6250/2006 1532/1979/988
f 1532/1980/988 4445/6251/2006 4444/6252/2007 1536/1981/989
f 1536/1981/989 4444/6252/2007 4442/6253/2008 1528/1984/990
f 1466/1878/936 4447/6254/2009 4449/6255/1713 1469/1879/937
f 1469/1882/937 4449/6256/1713 4448/6257/1714 1473/1883/939
f 1473/1883/939 4448/6257/1714 4446/6258/2010 1467/1886/940
f 1526/1970/983 4451/6259/2011 4453/6260/2012 1529/1971/984
f 1529/1974/984 4453/6261/2012 4452/6262/1758 1533/1975/986
f 1533/1975/986 4452/6262/1758 4450/6263/2013 1527/1978/987
f 1588/2076/292 4455/6264/1720 4457/6265/1831 1595/2077/293
f 1595/2080/293 4457/6266/1831 4456/6267/2014 1590/2067/285
f 1590/2067/285 4456/6267/2014 4454/6268/2015 1586/2064/360
f 1563/2034/403 4459/6269/1723 4461/6270/2016 1568/2035/1011
f 1568/2036/1011 4461/6271/2016 4460/6272/1724 1572/2037/544
f 1572/2037/544 4460/6272/1724 4458/6273/1763 1564/2040/270
f 1576/2059/410 4463/6274/1780 4465/6275/1727 1583/2060/557
f 1583/2060/557 4465/6275/1727 4464/6276/2017 1578/2061/274
f 1578/2048/274 4464/6277/2017 4462/6278/1764 1574/2045/272
f 1599/2088/298 4467/6279/1782 4469/6280/1783 1604/2089/299
f 1604/2092/299 4469/6281/1783 4468/6282/1686 1608/2093/370
f 1608/2093/370 4468/6282/1686 4466/6283/1765 1600/2096/372
f 1636/2148/337 4471/6284/1734 4473/6285/1689 1643/2149/338
f 1643/2152/338 4473/6286/1689 4472/6287/1766 1638/2139/330
f 1638/2139/330 4472/6287/1766 4470/6288/1736 1634/2136/327
f 1598/2082/415 4475/6289/1737 4477/6290/1870 1601/2083/295
f 1601/2083/295 4477/6290/1870 4476/6291/2018 1605/2086/297
f 1605/2091/297 4476/6292/2018 4474/6293/1740 1599/2088/298
f 1647/2160/343 4479/6294/1741 4481/6295/2019 1652/2161/344
f 1652/2164/344 4481/6296/2019 4480/6297/1742 1656/2165/398
f 1656/2165/398 4480/6297/1742 4478/6298/1743 1648/2168/400
f 1612/2112/377 4483/6299/1744 4485/6300/1962 1619/2113/314
f 1619/2116/314 4485/6301/1962 4484/6302/1791 1614/2103/573
f 1614/2103/573 4484/6302/1791 4482/6303/1746 1610/2100/303
f 1646/2154/339 4487/6304/1747 4489/6305/1705 1649/2155/601
f 1649/2155/601 4489/6305/1705 4488/6306/2020 1653/2158/1015
f 1653/2163/1015 4488/6307/2020 4486/6308/1749 1647/2160/343
f 1623/2124/321 4491/6309/2021 4493/6310/2022 1628/2125/1014
f 1628/2128/1014 4493/6311/2022 4492/6312/2023 1632/2129/323
f 1632/2129/323 4492/6312/2023 4490/6313/1752 1624/2132/325
f 1562/2026/349 4495/6314/1753 4497/6315/1825 1565/2027/1010
f 1565/2030/1010 4497/6316/1825 4496/6317/1714 1569/2031/351
f 1569/2031/351 4496/6317/1714 4494/6318/1755 1563/2034/403
f 1622/2118/315 4499/6319/1756 4501/6320/1757 1625/2119/379
f 1625/2119/379 4501/6320/1757 4500/6321/1852 1629/2122/319
f 1629/2127/319 4500/6322/1852 4498/6323/1759 1623/2124/321
f 1684/2221/1031 4503/6324/1890 4505/6325/1673 1691/2222/564
f 1691/2225/564 4505/6326/1673 4504/6327/1674 1686/2212/702
f 1686/2212/702 4504/6327/1674 4502/6328/1832 1682/2209/1028
f 1659/2180/688 4507/6329/1891 4509/6330/2024 1664/2181/1020
f 1664/2182/1020 4509/6331/2024 4508/6332/1678 1668/2183/544
f 1668/2183/544 4508/6332/1678 4506/6333/2025 1660/2186/1022
f 1672/2203/698 4511/6334/1893 4513/6335/1727 1679/2204/699
f 1679/2207/699 4513/6336/1727 4512/6337/1682 1674/2194/551
f 1674/2194/551 4512/6337/1682 4510/6338/1835 1670/2191/1023
f 1695/2235/716 4515/6339/1894 4517/6340/1862 1700/2236/569
f 1700/2237/569 4517/6341/1862 4516/6342/1686 1704/2238/300
f 1704/2238/300 4516/6342/1686 4514/6343/2026 1696/2241/1035
f 1732/2295/1054 4519/6344/1896 4521/6345/1689 1739/2296/338
f 1739/2299/338 4521/6346/1689 4520/6347/2027 1734/2286/386
f 1734/2286/386 4520/6347/2027 4518/6348/1898 1730/2283/1051
f 1694/2227/710 4523/6349/1899 4525/6350/1738 1697/2228/1032
f 1697/2231/1032 4525/6351/1738 4524/6352/1739 1701/2232/714
f 1701/2232/714 4524/6352/1739 4522/6353/2028 1695/2235/716
f 1743/2309/1056 4527/6354/1838 4529/6355/1786 1748/2310/397
f 1748/2311/397 4529/6356/1786 4528/6357/1742 1752/2312/345
f 1752/2312/345 4528/6357/1742 4526/6358/1904 1744/2315/751
f 1708/2258/1043 4531/6359/2029 4533/6360/1701 1715/2259/430
f 1715/2262/430 4533/6361/1701 4532/6362/1791 1710/2249/1038
f 1710/2249/1038 4532/6362/1791 4530/6363/1907 1706/2246/721
f 1742/2301/744 4535/6364/2030 4537/6365/1748 1745/2302/601
f 1745/2305/601 4537/6366/1748 4536/6367/1820 1749/2306/603
f 1749/2306/603 4536/6367/1820 4534/6368/2031 1743/2309/1056
f 1719/2272/731 4539/6369/1911 4541/6370/2006 1724/2273/1048
f 1724/2274/1048 4541/6371/2006 4540/6372/1884 1728/2275/1049
f 1728/2275/1049 4540/6372/1884 4538/6373/1849 1720/2278/1050
f 1658/2172/1017 4543/6374/1913 4545/6375/1713 1661/2173/1018
f 1661/2176/1018 4545/6376/1713 4544/6377/2032 1665/2177/264
f 1665/2177/264 4544/6377/2032 4542/6378/1850 1659/2180/688
f 1718/2264/1044 4547/6379/1851 4549/6380/2033 1721/2265/1045
f 1721/2268/1045 4549/6381/2033 4548/6382/2034 1725/2269/1046
f 1725/2269/1046 4548/6382/2034 4546/6383/1915 1719/2272/731
f 1780/2369/1078 4551/6384/1830 4553/6385/2035 1787/2370/1079
f 1787/2373/1079 4553/6386/2035 4552/6387/2036 1782/2360/1074
f 1782/2360/1074 4552/6387/2036 4550/6388/1974 1778/2357/1072
f 1755/2328/1059 4555/6389/1833 4557/6390/1778 1760/2329/1060
f 1760/2330/1060 4557/6391/1778 4556/6392/1724 1764/2331/1061
f 1764/2331/1061 4556/6392/1724 4554/6393/2037 1756/2334/1063
f 1768/2351/470 4559/6394/1834 4561/6395/2038 1775/2352/471
f 1775/2355/471 4561/6396/2038 4560/6397/1975 1770/2342/1068
f 1770/2342/1068 4560/6397/1975 4558/6398/1976 1766/2339/1065
f 1791/2383/1081 4563/6399/1836 4565/6400/2039 1796/2384/1082
f 1796/2385/1082 4565/6401/2039 4564/6402/1686 1800/2386/1083
f 1800/2386/1083 4564/6402/1686 4562/6403/2040 1792/2389/1084
f 1828/2443/1105 4567/6404/2041 4569/6405/1689 1835/2444/599
f 1835/2447/599 4569/6406/1689 4568/6407/1766 1830/2434/591
f 1830/2434/591 4568/6407/1766 4566/6408/2042 1826/2431/1099
f 1790/2375/1080 4571/6409/2043 4573/6410/1738 1793/2376/566
f 1793/2379/566 4573/6411/1738 4572/6412/2044 1797/2380/567
f 1797/2380/567 4572/6412/2044 4570/6413/2045 1791/2383/1081
f 1839/2457/1108 4575/6414/2046 4577/6415/1786 1844/2458/1109
f 1844/2459/1109 4577/6416/1786 4576/6417/2047 1848/2460/1110
f 1848/2460/1110 4576/6417/2047 4574/6418/2048 1840/2463/1111
f 1804/2406/1090 4579/6419/1840 4581/6420/1701 1811/2407/1091
f 1811/2410/1091 4581/6421/1701 4580/6422/1791 1806/2397/496
f 1806/2397/496 4580/6422/1791 4578/6423/2049 1802/2394/1086
f 1838/2449/526 4583/6424/1843 4585/6425/1748 1841/2450/1106
f 1841/2453/1106 4585/6426/1748 4584/6427/1820 1845/2454/1107
f 1845/2454/1107 4584/6427/1820 4582/6428/1821 1839/2457/1108
f 1815/2420/1094 4587/6429/1882 4589/6430/2050 1820/2421/1095
f 1820/2422/1095 4589/6431/2050 4588/6432/1751 1824/2423/1096
f 1824/2423/1096 4588/6432/1751 4586/6433/1885 1816/2426/1097
f 1754/2320/1057 4591/6434/1886 4593/6435/2051 1757/2321/538
f 1757/2324/538 4593/6436/2051 4592/6437/1794 1761/2325/541
f 1761/2325/541 4592/6437/1794 4590/6438/2052 1755/2328/1059
f 1814/2412/1092 4595/6439/1888 4597/6440/1775 1817/2413/581
f 1817/2416/581 4597/6441/1775 4596/6442/1852 1821/2417/584
f 1821/2417/584 4596/6442/1852 4594/6443/2053 1815/2420/1094
f 1876/2517/1120 4599/6444/1672 4601/6445/2035 1883/2518/199
f 1883/2521/199 4601/6446/2035 4600/6447/2054 1878/2508/191
f 1878/2508/191 4600/6447/2054 4598/6448/1917 1874/2505/774
f 1851/2476/1113 4603/6449/1676 4605/6450/1677 1856/2477/171
f 1856/2478/171 4605/6451/1677 4604/6452/1678 1860/2479/1114
f 1860/2479/1114 4604/6452/1678 4602/6453/1679 1852/2482/174
f 1864/2499/186 4607/6454/1680 4609/6455/1727 1871/2500/773
f 1871/2503/773 4609/6456/1727 4608/6457/2055 1866/2490/766
f 1866/2490/766 4608/6457/2055 4606/6458/1683 1862/2487/176
f 1887/2531/1123 4611/6459/1684 4613/6460/1783 1892/2532/207
f 1892/2533/207 4613/6461/1783 4612/6462/1686 1896/2534/1124
f 1896/2534/1124 4612/6462/1686 4610/6463/2056 1888/2537/1125
f 1924/2591/1131 4615/6464/2057 4617/6465/1925 1931/2592/743
f 1931/2595/743 4617/6466/1925 4616/6467/1809 1926/2582/239
f 1926/2582/239 4616/6467/1809 4614/6468/1926 1922/2579/1130
f 1886/2523/1121 4619/6469/2058 4621/6470/1738 1889/2524/782
f 1889/2527/782 4621/6471/1738 4620/6472/1739 1893/2528/784
f 1893/2528/784 4620/6472/1739 4618/6473/1695 1887/2531/1123
f 1935/2605/254 4623/6474/1929 4625/6475/1786 1940/2606/255
f 1940/2607/255 4625/6476/1786 4624/6477/1742 1944/2608/750
f 1944/2608/750 4624/6477/1742 4622/6478/1699 1936/2611/821
f 1900/2554/1126 4627/6479/1932 4629/6480/1701 1907/2555/223
f 1907/2558/223 4629/6481/1701 4628/6482/1934 1902/2545/215
f 1902/2545/215 4628/6482/1934 4626/6483/1703 1898/2542/789
f 1934/2597/1132 4631/6484/1704 4633/6485/1748 1937/2598/745
f 1937/2601/745 4633/6486/1748 4632/6487/1820 1941/2602/252
f 1941/2602/252 4632/6487/1820 4630/6488/1938 1935/2605/254
f 1911/2568/1128 4635/6489/1708 4637/6490/1709 1916/2569/231
f 1916/2570/231 4637/6491/1709 4636/6492/2007 1920/2571/232
f 1920/2571/232 4636/6492/2007 4634/6493/1711 1912/2574/234
f 1850/2468/1112 4639/6494/1712 4641/6495/2059 1853/2469/165
f 1853/2472/165 4641/6496/2059 4640/6497/1714 1857/2473/168
f 1857/2473/168 4640/6497/1714 4638/6498/1715 1851/2476/1113
f 1910/2560/1127 4643/6499/2060 4645/6500/1757 1913/2561/225
f 1913/2564/225 4645/6501/1757 4644/6502/1758 1917/2565/228
f 1917/2565/228 4644/6502/1758 4642/6503/1719 1911/2568/1128
f 1972/2665/479 4647/6504/1797 4649/6505/1673 1979/2666/480
f 1979/2669/480 4649/6506/1673 4648/6507/1674 1974/2656/1074
f 1974/2656/1074 4648/6507/1674 4646/6508/2061 1970/2653/1140
f 1947/2624/457 4651/6509/1800 4653/6510/2062 1952/2625/458
f 1952/2626/458 4653/6511/2062 4652/6512/1857 1956/2627/1134
f 1956/2627/1134 4652/6512/1857 4650/6513/2037 1948/2630/460
f 1960/2647/1138 4655/6514/1803 4657/6515/1727 1967/2648/1139
f 1967/2651/1139 4657/6516/1727 4656/6517/1682 1962/2638/1135
f 1962/2638/1135 4656/6517/1682 4654/6518/1804 1958/2635/462
f 1983/2679/487 4659/6519/1805 4661/6520/1783 1988/2680/488
f 1988/2681/488 4661/6521/1783 4660/6522/1686 1992/2682/489
f 1992/2682/489 4660/6522/1686 4658/6523/1806 1984/2685/491
f 2020/2739/1152 4663/6524/2041 4665/6525/1689 2027/2740/599
f 2027/2743/599 4665/6526/1689 4664/6527/1766 2022/2730/591
f 2022/2730/591 4664/6527/1766 4662/6528/1810 2018/2727/515
f 1982/2671/1143 4667/6529/1811 4669/6530/2063 1985/2672/482
f 1985/2675/482 4669/6531/2063 4668/6532/1739 1989/2676/567
f 1989/2676/567 4668/6532/1739 4666/6533/1813 1983/2679/487
f 2031/2753/531 4671/6534/1814 4673/6535/1980 2036/2754/532
f 2036/2755/532 4673/6536/1980 4672/6537/1787 2040/2756/533
f 2040/2756/533 4672/6537/1787 4670/6538/1815 2032/2759/1155
f 1996/2702/503 4675/6539/2064 4677/6540/1701 2003/2703/504
f 2003/2706/504 4677/6541/1701 4676/6542/1702 1998/2693/1147
f 1998/2693/1147 4676/6542/1702 4674/6543/2065 1994/2690/1145
f 2030/2745/1153 4679/6544/1819 4681/6545/1748 2033/2746/1106
f 2033/2749/1106 4681/6546/1748 4680/6547/1706 2037/2750/1154
f 2037/2750/1154 4680/6547/1706 4678/6548/2066 2031/2753/531
f 2007/2716/510 4683/6549/1822 4685/6550/2006 2012/2717/1095
f 2012/2718/1095 4685/6551/2006 4684/6552/1710 2016/2719/512
f 2016/2719/512 4684/6552/1710 4682/6553/1823 2008/2722/1151
f 1946/2616/451 4687/6554/1824 4689/6555/1713 1949/2617/452
f 1949/2620/452 4689/6556/1713 4688/6557/1794 1953/2621/1133
f 1953/2621/1133 4688/6557/1794 4686/6558/1826 1947/2624/457
f 2006/2708/1149 4691/6559/1827 4693/6560/2067 2009/2709/506
f 2009/2712/506 4693/6561/2067 4692/6562/1852 2013/2713/508
f 2013/2713/508 4692/6562/1852 4690/6563/2068 2007/2716/510
f 2068/2814/1165 4695/6564/1760 4697/6565/1673 2075/2815/564
f 2075/2815/564 4697/6565/1673 4696/6566/1674 2070/2816/285
f 2070/2803/285 4696/6567/1674 4694/6568/2015 2066/2800/282
f 2043/2770/1158 4699/6569/1723 4701/6570/1778 2048/2771/689
f 2048/2774/689 4701/6571/1778 4700/6572/2069 2052/2775/1159
f 2052/2775/1159 4700/6572/2069 4698/6573/2025 2044/2778/1022
f 2056/2794/1162 4703/6574/1726 4705/6575/1727 2063/2795/557
f 2063/2798/557 4705/6576/1727 4704/6577/2055 2058/2785/551
f 2058/2785/551 4704/6577/2055 4702/6578/1729 2054/2782/548
f 2079/2827/1167 4707/6579/1730 4709/6580/1862 2084/2828/569
f 2084/2829/569 4709/6581/1862 4708/6582/2070 2088/2830/300
f 2088/2830/300 4708/6582/2070 4706/6583/1733 2080/2833/1168
f 2116/2890/1178 4711/6584/1784 4713/6585/1955 2123/2891/1179
f 2123/2891/1179 4713/6585/1955 4712/6586/1766 2118/2892/1176
f 2118/2879/1176 4712/6587/1766 4710/6588/1898 2114/2876/1175
f 2078/2819/1166 4715/6589/1767 4717/6590/1738 2081/2820/1032
f 2081/2823/1032 4717/6591/1738 4716/6592/1694 2085/2824/418
f 2085/2824/418 4716/6592/1694 4714/6593/1769 2079/2827/1167
f 2127/2903/1181 4719/6594/1838 4721/6595/2071 2132/2904/397
f 2132/2905/397 4721/6596/2071 4720/6597/1742 2136/2906/345
f 2136/2906/345 4720/6597/1742 4718/6598/1788 2128/2909/1182
f 2092/2852/1170 4723/6599/1789 4725/6600/1962 2099/2853/430
f 2099/2853/430 4725/6600/1962 4724/6601/2072 2094/2854/573
f 2094/2841/573 4724/6602/2072 4722/6603/2073 2090/2838/572
f 2126/2895/1180 4727/6604/2074 4729/6605/1748 2129/2896/601
f 2129/2899/601 4729/6606/1748 4728/6607/2020 2133/2900/603
f 2133/2900/603 4728/6607/2020 4726/6608/2075 2127/2903/1181
f 2103/2865/1173 4731/6609/2021 4733/6610/2076 2108/2866/435
f 2108/2867/435 4733/6611/2076 4732/6612/2007 2112/2868/1049
f 2112/2868/1049 4732/6612/2007 4730/6613/1849 2104/2871/587
f 2042/2764/1156 4735/6614/1793 4737/6615/2059 2045/2765/1010
f 2045/2765/1010 4737/6615/2059 4736/6616/2077 2049/2768/1157
f 2049/2773/1157 4736/6617/2077 4734/6618/1795 2043/2770/1158
f 2102/2857/1171 4739/6619/1851 4741/6620/1757 2105/2858/1045
f 2105/2861/1045 4741/6621/1757 4740/6622/2078 2109/2862/730
f 2109/2862/730 4740/6622/2078 4738/6623/1853 2103/2865/1173
f 2164/2963/1188 4743/6624/1890 4745/6625/1831 2171/2964/564
f 2171/2967/564 4745/6626/1831 4744/6627/1674 2166/2954/285
f 2166/2954/285 4744/6627/1674 4742/6628/1832 2162/2951/1028
f 2139/2922/688 4747/6629/1891 4749/6630/1677 2144/2923/689
f 2144/2924/689 4749/6631/1677 4748/6632/1801 2148/2925/544
f 2148/2925/544 4748/6632/1801 4746/6633/2025 2140/2928/1183
f 2152/2945/698 4751/6634/1893 4753/6635/1681 2159/2946/359
f 2159/2949/359 4753/6636/1681 4752/6637/1682 2154/2936/1186
f 2154/2936/1186 4752/6637/1682 4750/6638/2079 2150/2933/1184
f 2175/2977/1167 4755/6639/1894 4757/6640/2080 2180/2978/717
f 2180/2979/717 4757/6641/2080 4756/6642/2081 2184/2980/300
f 2184/2980/300 4756/6642/2081 4754/6643/2082 2176/2983/1035
f 2212/3037/742 4759/6644/1896 4761/6645/1808 2219/3038/338
f 2219/3041/338 4761/6646/1808 4760/6647/1809 2214/3028/386
f 2214/3028/386 4760/6647/1809 4758/6648/1898 2210/3025/736
f 2174/2969/1189 4763/6649/2083 4765/6650/1693 2177/2970/1032
f 2177/2973/1032 4765/6651/1693 4764/6652/1812 2181/2974/418
f 2181/2974/418 4764/6652/1812 4762/6653/1901 2175/2977/1167
f 2223/3051/749 4767/6654/2084 4769/6655/2019 2228/3052/397
f 2228/3053/397 4769/6656/2019 4768/6657/1997 2232/3054/345
f 2232/3054/345 4768/6657/1997 4766/6658/1904 2224/3057/1196
f 2188/3000/1043 4771/6659/1905 4773/6660/2085 2195/3001/430
f 2195/3004/430 4773/6661/2085 4772/6662/1702 2190/2991/573
f 2190/2991/573 4772/6662/1702 4770/6663/2086 2186/2988/1190
f 2222/3043/744 4775/6664/2030 4777/6665/2087 2225/3044/1195
f 2225/3047/1195 4777/6666/2087 4776/6667/1844 2229/3048/603
f 2229/3048/603 4776/6667/1844 4774/6668/1910 2223/3051/749
f 2199/3014/1192 4779/6669/1911 4781/6670/1709 2204/3015/435
f 2204/3016/435 4781/6671/1709 4780/6672/1710 2208/3017/1049
f 2208/3017/1049 4780/6672/1710 4778/6673/1849 2200/3020/734
f 2138/2914/684 4783/6674/2088 4785/6675/1773 2141/2915/1010
f 2141/2918/1010 4785/6676/1773 4784/6677/1714 2145/2919/264
f 2145/2919/264 4784/6677/1714 4782/6678/2089 2139/2922/688
f 2198/3006/729 4787/6679/2090 4789/6680/1717 2201/3007/1191
f 2201/3010/1191 4789/6681/1717 4788/6682/1796 2205/3011/1046
f 2205/3011/1046 4788/6682/1796 4786/6683/2091 2199/3014/1192
f 2260/3111/1205 4791/6684/1720 4793/6685/1972 2267/3112/635
f 2267/3115/635 4793/6686/1972 4792/6687/2036 2262/3102/628
f 2262/3102/628 4792/6687/2036 4790/6688/1855 2258/3099/905
f 2235/3070/1200 4795/6689/1777 4797/6690/2016 2240/3071/614
f 2240/3072/614 4797/6691/2016 4796/6692/1678 2244/3073/615
f 2244/3073/615 4796/6692/1678 4794/6693/1858 2236/3076/1201
f 2248/3093/904 4799/6694/1780 4801/6695/1681 2255/3094/625
f 2255/3097/625 4801/6696/1681 4800/6697/1682 2250/3084/620
f 2250/3084/620 4800/6697/1682 4798/6698/1860 2246/3081/1203
f 2271/3125/913 4803/6699/1782 4805/6700/1783 2276/3126/914
f 2276/3127/914 4805/6701/1783 4804/6702/1686 2280/3128/642
f 2280/3128/642 4804/6702/1686 4802/6703/1977 2272/3131/1208
f 2308/3185/929 4807/6704/1865 4809/6705/2092 2315/3186/391
f 2315/3189/391 4809/6706/2092 4808/6707/1766 2310/3176/386
f 2310/3176/386 4808/6707/1766 4806/6708/1978 2306/3173/1213
f 2270/3117/1206 4811/6709/1979 4813/6710/1693 2273/3118/295
f 2273/3121/295 4813/6711/1693 4812/6712/1739 2277/3122/1207
f 2277/3122/1207 4812/6712/1739 4810/6713/1872 2271/3125/913
f 2319/3199/679 4815/6714/1873 4817/6715/1980 2324/3200/1216
f 2324/3201/1216 4817/6716/1980 4816/6717/1742 2328/3202/934
f 2328/3202/934 4816/6717/1742 4814/6718/2093 2320/3205/935
f 2284/3148/920 4819/6719/1744 4821/6720/1962 2291/3149/654
f 2291/3152/654 4821/6721/1962 4820/6722/1702 2286/3139/647
f 2286/3139/647 4820/6722/1702 4818/6723/2049 2282/3136/917
f 2318/3191/1214 4823/6724/1747 4825/6725/1705 2321/3192/1215
f 2321/3195/1215 4825/6726/1705 4824/6727/2094 2325/3196/678
f 2325/3196/678 4824/6727/2094 4822/6728/2095 2319/3199/679
f 2295/3162/923 4827/6729/1750 4829/6730/1709 2300/3163/924
f 2300/3164/924 4829/6731/1709 4828/6732/1710 2304/3165/1212
f 2304/3165/1212 4828/6732/1710 4826/6733/1885 2296/3168/663
f 2234/3062/1198 4831/6734/2096 4833/6735/1713 2237/3063/261
f 2237/3066/261 4833/6736/1713 4832/6737/1914 2241/3067/351
f 2241/3067/351 4832/6737/1914 4830/6738/1887 2235/3070/1200
f 2294/3154/1209 4835/6739/1981 4837/6740/2097 2297/3155/316
f 2297/3158/316 4837/6741/2097 4836/6742/1718 2301/3159/319
f 2301/3159/319 4836/6742/1718 4834/6743/1889 2295/3162/923
f 2356/3259/1237 4839/6744/2098 4841/6745/1673 2363/3260/1238
f 2363/3263/1238 4841/6746/1673 4840/6747/1674 2358/3250/285
f 2358/3250/285 4840/6747/1674 4838/6748/2061 2354/3247/1232
f 2331/3218/1221 4843/6749/2099 4845/6750/2100 2336/3219/1222
f 2336/3220/1222 4845/6751/2100 4844/6752/1678 2340/3221/1134
f 2340/3221/1134 4844/6752/1678 4842/6753/1779 2332/3224/1224
f 2344/3241/1231 4847/6754/2101 4849/6755/1727 2351/3242/557
f 2351/3245/557 4849/6756/1727 4848/6757/1682 2346/3232/551
f 2346/3232/551 4848/6757/1682 4846/6758/1804 2342/3229/1225
f 2367/3273/1243 4851/6759/2102 4853/6760/1783 2372/3274/488
f 2372/3275/488 4853/6761/1783 4852/6762/1686 2376/3276/787
f 2376/3276/787 4852/6762/1686 4850/6763/1733 2368/3279/1244
f 2404/3333/1260 4855/6764/1784 4857/6765/1689 2411/3334/1261
f 2411/3337/1261 4857/6766/1689 4856/6767/2027 2406/3324/1257
f 2406/3324/1257 4856/6767/2027 4854/6768/2103 2402/3321/1256
f 2366/3265/1239 4859/6769/1767 4861/6770/1738 2369/3266/1240
f 2369/3269/1240 4861/6771/1738 4860/6772/1694 2373/3270/1242
f 2373/3270/1242 4860/6772/1694 4858/6773/2104 2367/3273/1243
f 2415/3347/1264 4863/6774/1902 4865/6775/1697 2420/3348/1265
f 2420/3349/1265 4865/6776/1697 4864/6777/1931 2424/3350/1266
f 2424/3350/1266 4864/6777/1931 4862/6778/2105 2416/3353/1267
f 2380/3296/1249 4867/6779/2106 4869/6780/1701 2387/3297/430
f 2387/3300/430 4869/6781/1701 4868/6782/1702 2382/3287/573
f 2382/3287/573 4868/6782/1702 4866/6783/2107 2378/3284/1245
f 2414/3339/1262 4871/6784/2108 4873/6785/1748 2417/3340/601
f 2417/3343/601 4873/6786/1748 4872/6787/1706 2421/3344/603
f 2421/3344/603 4872/6787/1706 4870/6788/2109 2415/3347/1264
f 2391/3310/1253 4875/6789/2110 4877/6790/2111 2396/3311/1254
f 2396/3312/1254 4877/6791/2111 4876/6792/1710 2400/3313/805
f 2400/3313/805 4876/6792/1710 4874/6793/2112 2392/3316/1255
f 2330/3210/1218 4879/6794/1793 4881/6795/1941 2333/3211/1219
f 2333/3214/1219 4881/6796/1941 4880/6797/1794 2337/3215/1220
f 2337/3215/1220 4880/6797/1794 4878/6798/2113 2331/3218/1221
f 2390/3302/1250 4883/6799/1774 4885/6800/2067 2393/3303/1251
f 2393/3306/1251 4885/6801/2067 4884/6802/1852 2397/3307/1252
f 2397/3307/1252 4884/6802/1852 4882/6803/2114 2391/3310/1253
f 2452/3407/1278 4887/6804/2115 4889/6805/1972 2459/3408/1279
f 2459/3411/1279 4889/6806/1972 4888/6807/1674 2454/3398/628
f 2454/3398/628 4888/6807/1674 4886/6808/1855 2450/3395/1276
f 2427/3366/1269 4891/6809/2116 4893/6810/2016 2432/3367/614
f 2432/3368/614 4893/6811/2016 4892/6812/2069 2436/3369/615
f 2436/3369/615 4892/6812/2069 4890/6813/2117 2428/3372/1270
f 2440/3389/1274 4895/6814/1859 4897/6815/1727 2447/3390/1275
f 2447/3393/1275 4897/6816/1727 4896/6817/1682 2442/3380/620
f 2442/3380/620 4896/6817/1682 4894/6818/1860 2438/3377/1271
f 2463/3421/1284 4899/6819/1861 4901/6820/1783 2468/3422/914
f 2468/3423/914 4901/6821/1783 4900/6822/2081 2472/3424/642
f 2472/3424/642 4900/6822/2081 4898/6823/2118 2464/3427/1285
f 2500/3481/1305 4903/6824/1865 4905/6825/1689 2507/3482/1306
f 2507/3485/1306 4905/6826/1689 4904/6827/1735 2502/3472/1301
f 2502/3472/1301 4904/6827/1735 4902/6828/1868 2498/3469/1299
f 2462/3413/1280 4907/6829/1979 4909/6830/1738 2465/3414/637
f 2465/3417/637 4909/6831/1738 4908/6832/2044 2469/3418/639
f 2469/3418/639 4908/6832/2044 4906/6833/2119 2463/3421/1284
f 2511/3495/1311 4911/6834/2120 4913/6835/1697 2516/3496/933
f 2516/3497/933 4913/6836/1697 4912/6837/1742 2520/3498/1312
f 2520/3498/1312 4912/6837/1742 4910/6838/1876 2512/3501/1313
f 2476/3444/1290 4915/6839/2121 4917/6840/1701 2483/3445/1291
f 2483/3448/1291 4917/6841/1701 4916/6842/1702 2478/3435/1287
f 2478/3435/1287 4916/6842/1702 4914/6843/1879 2474/3432/1286
f 2510/3487/1307 4919/6844/2122 4921/6845/1748 2513/3488/1308
f 2513/3491/1308 4921/6846/1748 4920/6847/1706 2517/3492/1309
f 2517/3492/1309 4920/6847/1706 4918/6848/1881 2511/3495/1311
f 2487/3458/1295 4923/6849/2123 4925/6850/1847 2492/3459/1296
f 2492/3460/1296 4925/6851/1847 4924/6852/1710 2496/3461/662
f 2496/3461/662 4924/6852/1710 4922/6853/2124 2488/3464/1298
f 2426/3358/1268 4927/6854/2096 4929/6855/2125 2429/3359/610
f 2429/3362/610 4929/6856/2125 4928/6857/1914 2433/3363/612
f 2433/3363/612 4928/6857/1914 4926/6858/2126 2427/3366/1269
f 2486/3450/1292 4931/6859/1981 4933/6860/1757 2489/3451/656
f 2489/3454/656 4933/6861/1757 4932/6862/1758 2493/3455/1294
f 2493/3455/1294 4932/6862/1758 4930/6863/2127 2487/3458/1295
f 2548/3555/1325 4935/6864/1890 4937/6865/1721 2555/3556/635
f 2555/3559/635 4937/6866/1721 4936/6867/2128 2550/3546/628
f 2550/3546/628 4936/6867/2128 4934/6868/1675 2546/3543/1322
f 2523/3514/1316 4939/6869/1891 4941/6870/2016 2528/3515/171
f 2528/3516/171 4941/6871/2016 4940/6872/1678 2532/3517/172
f 2532/3517/172 4940/6872/1678 4938/6873/2129 2524/3520/1317
f 2536/3537/1321 4943/6874/1893 4945/6875/1727 2543/3538/625
f 2543/3541/625 4945/6876/1727 4944/6877/1682 2538/3528/1319
f 2538/3528/1319 4944/6877/1682 4942/6878/2130 2534/3525/1318
f 2559/3569/1327 4947/6879/1894 4949/6880/1731 2564/3570/207
f 2564/3571/207 4949/6881/1731 4948/6882/2131 2568/3572/208
f 2568/3572/208 4948/6882/2131 4946/6883/2132 2560/3575/1328
f 2596/3629/1340 4951/6884/1865 4953/6885/1955 2603/3630/338
f 2603/3633/338 4953/6886/1955 4952/6887/1897 2598/3620/386
f 2598/3620/386 4952/6887/1897 4950/6888/1926 2594/3617/1337
f 2558/3561/1326 4955/6889/1979 4957/6890/1927 2561/3562/1032
f 2561/3565/1032 4957/6891/1927 4956/6892/1739 2565/3566/418
f 2565/3566/418 4956/6892/1739 4954/6893/1695 2559/3569/1327
f 2607/3643/1344 4959/6894/2120 4961/6895/1697 2612/3644/255
f 2612/3645/255 4961/6896/1697 4960/6897/1742 2616/3646/750
f 2616/3646/750 4960/6897/1742 4958/6898/1904 2608/3649/1345
f 2572/3592/1331 4963/6899/1905 4965/6900/1701 2579/3593/1291
f 2579/3596/1291 4965/6901/1701 4964/6902/1770 2574/3583/647
f 2574/3583/647 4964/6902/1770 4962/6903/1703 2570/3580/1329
f 2606/3635/1341 4967/6904/2030 4969/6905/1771 2609/3636/676
f 2609/3639/676 4969/6906/1771 4968/6907/1706 2613/3640/1309
f 2613/3640/1309 4968/6907/1706 4966/6908/1707 2607/3643/1344
f 2583/3606/1335 4971/6909/1911 4973/6910/2006 2588/3607/231
f 2588/3608/231 4973/6911/2006 4972/6912/1884 2592/3609/232
f 2592/3609/232 4972/6912/1884 4970/6913/2133 2584/3612/1336
f 2522/3506/1315 4975/6914/2096 4977/6915/2059 2525/3507/1010
f 2525/3510/1010 4977/6916/2059 4976/6917/2134 2529/3511/264
f 2529/3511/264 4976/6917/2134 4974/6918/2135 2523/3514/1316
f 2582/3598/1332 4979/6919/1981 4981/6920/2067 2585/3599/1333
f 2585/3602/1333 4981/6921/2067 4980/6922/1796 2589/3603/1046
f 2589/3603/1046 4980/6922/1796 4978/6923/2091 2583/3606/1335
f 2644/3703/708 4983/6924/1890 4985/6925/2035 2651/3704/1238
f 2651/3707/1238 4985/6926/2035 4984/6927/1674 2646/3694/702
f 2646/3694/702 4984/6927/1674 4982/6928/1832 2642/3691/1028
f 2619/3662/688 4987/6929/2136 4989/6930/1677 2624/3663/689
f 2624/3664/689 4989/6931/1677 4988/6932/1678 2628/3665/1159
f 2628/3665/1159 4988/6932/1678 4986/6933/2137 2620/3668/1183
f 2632/3685/698 4991/6934/2138 4993/6935/1681 2639/3686/699
f 2639/3689/699 4993/6936/1681 4992/6937/1682 2634/3676/693
f 2634/3676/693 4992/6937/1682 4990/6938/1835 2630/3673/692
f 2655/3717/716 4995/6939/2139 4997/6940/1685 2660/3718/717
f 2660/3719/717 4997/6941/1685 4996/6942/1686 2664/3720/570
f 2664/3720/570 4996/6942/1686 4994/6943/2026 2656/3723/1035
f 2692/3777/742 4999/6944/1896 5001/6945/2092 2699/3778/743
f 2699/3781/743 5001/6946/2092 5000/6947/2140 2694/3768/239
f 2694/3768/239 5000/6947/2140 4998/6948/2141 2690/3765/736
f 2654/3709/710 5003/6949/1899 5005/6950/1693 2657/3710/201
f 2657/3713/201 5005/6951/1693 5004/6952/1739 2661/3714/204
f 2661/3714/204 5004/6952/1739 5002/6953/2028 2655/3717/716
f 2703/3791/749 5007/6954/1902 5009/6955/2142 2708/3792/255
f 2708/3793/255 5009/6956/2142 5008/6957/1875 2712/3794/1354
f 2712/3794/1354 5008/6957/1875 5006/6958/1904 2704/3797/751
f 2668/3740/1349 5011/6959/1905 5013/6960/1817 2675/3741/1350
f 2675/3744/1350 5013/6961/1817 5012/6962/1702 2670/3731/1038
f 2670/3731/1038 5012/6962/1702 5010/6963/1907 2666/3728/721
f 2702/3783/744 5015/6964/2030 5017/6965/2143 2705/3784/1353
f 2705/3787/1353 5017/6966/2143 5016/6967/1772 2709/3788/747
f 2709/3788/747 5016/6967/1772 5014/6968/2144 2703/3791/749
f 2679/3754/731 5019/6969/1911 5021/6970/2006 2684/3755/732
f 2684/3756/732 5021/6971/2006 5020/6972/1710 2688/3757/733
f 2688/3757/733 5020/6972/1710 5018/6973/1849 2680/3760/734
f 2618/3654/1346 5023/6974/2088 5025/6975/1713 2621/3655/685
f 2621/3658/685 5025/6976/1713 5024/6977/2145 2625/3659/687
f 2625/3659/687 5024/6977/2145 5022/6978/2135 2619/3662/688
f 2678/3746/729 5027/6979/1851 5029/6980/2146 2681/3747/1351
f 2681/3750/1351 5029/6981/2146 5028/6982/1718 2685/3751/730
f 2685/3751/730 5028/6982/1718 5026/6983/1915 2679/3754/731
f 2740/3851/1120 5031/6984/1672 5033/6985/1673 2747/3852/199
f 2747/3855/199 5033/6986/1673 5032/6987/1674 2742/3842/191
f 2742/3842/191 5032/6987/1674 5030/6988/1675 2738/3839/1357
f 2715/3810/170 5035/6989/1676 5037/6990/1677 2720/3811/171
f 2720/3812/171 5037/6991/1677 5036/6992/1678 2724/3813/172
f 2724/3813/172 5036/6992/1678 5034/6993/1679 2716/3816/174
f 2728/3833/186 5039/6994/2147 5041/6995/1727 2735/3834/187
f 2735/3837/187 5041/6996/1727 5040/6997/1682 2730/3824/766
f 2730/3824/766 5040/6997/1682 5038/6998/2130 2726/3821/1355
f 2751/3865/1123 5043/6999/1684 5045/7000/1783 2756/3866/1358
f 2756/3867/1358 5045/7001/1783 5044/7002/1686 2760/3868/1124
f 2760/3868/1124 5044/7002/1686 5042/7003/2056 2752/3871/210
f 2788/3925/1131 5047/7004/2057 5049/7005/1689 2795/3926/743
f 2795/3929/743 5049/7006/1689 5048/7007/2027 2790/3916/811
f 2790/3916/811 5048/7007/2027 5046/7008/1926 2786/3913/1130
f 2750/3857/200 5051/7009/1692 5053/7010/1900 2753/3858/201
f 2753/3861/201 5053/7011/1900 5052/7012/1739 2757/3862/204
f 2757/3862/204 5052/7012/1739 5050/7013/1695 2751/3865/1123
f 2799/3939/1365 5055/7014/2084 5057/7015/1786 2804/3940/820
f 2804/3941/820 5057/7016/1786 5056/7017/2047 2808/3942/256
f 2808/3942/256 5056/7017/2047 5054/7018/1699 2800/3945/821
f 2764/3888/1126 5059/7019/1700 5061/7020/2000 2771/3889/223
f 2771/3892/223 5061/7021/2000 5060/7022/1791 2766/3879/215
f 2766/3879/215 5060/7022/1791 5058/7023/1703 2762/3876/789
f 2798/3931/248 5063/7024/2148 5065/7025/2149 2801/3932/745
f 2801/3935/745 5065/7026/2149 5064/7027/1937 2805/3936/252
f 2805/3936/252 5064/7027/1937 5062/7028/1938 2799/3939/1365
f 2775/3902/230 5067/7029/1708 5069/7030/2150 2780/3903/804
f 2780/3904/804 5069/7031/2150 5068/7032/2007 2784/3905/232
f 2784/3905/232 5068/7032/2007 5066/7033/2151 2776/3908/234
f 2714/3802/1112 5071/7034/1712 5073/7035/1713 2717/3803/165
f 2717/3806/165 5073/7036/1713 5072/7037/1714 2721/3807/168
f 2721/3807/168 5072/7037/1714 5070/7038/1715 2715/3810/170
f 2774/3894/1127 5075/7039/1716 5077/7040/1757 2777/3895/1361
f 2777/3898/1361 5077/7041/1757 5076/7042/1758 2781/3899/228
f 2781/3899/228 5076/7042/1758 5074/7043/1719 2775/3902/230
f 2836/3999/1078 5079/7044/1854 5081/7045/1798 2843/4000/1079
f 2843/4003/1079 5081/7046/1798 5080/7047/1674 2838/3990/1074
f 2838/3990/1074 5080/7047/1674 5078/7048/1799 2834/3987/1072
f 2811/3958/1059 5083/7049/1833 5085/7050/2152 2816/3959/614
f 2816/3960/614 5085/7051/2152 5084/7052/1678 2820/3961/1061
f 2820/3961/1061 5084/7052/1678 5082/7053/2037 2812/3964/1367
f 2824/3981/470 5087/7054/1834 5089/7055/1727 2831/3982/625
f 2831/3985/625 5089/7056/1727 5088/7057/1682 2826/3972/620
f 2826/3972/620 5088/7057/1682 5086/7058/2153 2822/3969/1368
f 2847/4013/1081 5091/7059/1836 5093/7060/1783 2852/4014/1082
f 2852/4015/1082 5093/7061/1783 5092/7062/2081 2856/4016/1083
f 2856/4016/1083 5092/7062/2081 5090/7063/2040 2848/4019/1372
f 2884/4073/1375 5095/7064/2154 5097/7065/2092 2891/4074/599
f 2891/4077/599 5097/7066/2092 5096/7067/1766 2886/4064/591
f 2886/4064/591 5096/7067/1766 5094/7068/1978 2882/4061/1099
f 2846/4005/1080 5099/7069/2043 5101/7070/1738 2849/4006/566
f 2849/4009/566 5101/7071/1738 5100/7072/1739 2853/4010/567
f 2853/4010/567 5100/7072/1739 5098/7073/2045 2847/4013/1081
f 2895/4087/1377 5103/7074/2046 5105/7075/1980 2900/4088/1109
f 2900/4089/1109 5105/7076/1980 5104/7077/1931 2904/4090/1110
f 2904/4090/1110 5104/7077/1931 5102/7078/2155 2896/4093/1111
f 2860/4036/1090 5107/7079/1840 5109/7080/1962 2867/4037/1091
f 2867/4040/1091 5109/7081/1962 5108/7082/1702 2862/4027/496
f 2862/4027/496 5108/7082/1702 5106/7083/2156 2858/4024/1086
f 2894/4079/1376 5111/7084/2157 5113/7085/1748 2897/4080/527
f 2897/4083/527 5113/7086/1748 5112/7087/1706 2901/4084/678
f 2901/4084/678 5112/7087/1706 5110/7088/1821 2895/4087/1377
f 2871/4050/1374 5115/7089/1846 5117/7090/1709 2876/4051/1095
f 2876/4052/1095 5117/7091/1709 5116/7092/1751 2880/4053/1096
f 2880/4053/1096 5116/7092/1751 5114/7093/2158 2872/4056/1097
f 2810/3950/1366 5119/7094/1886 5121/7095/1773 2813/3951/538
f 2813/3954/538 5121/7096/1773 5120/7097/1714 2817/3955/612
f 2817/3955/612 5120/7097/1714 5118/7098/2159 2811/3958/1059
f 2870/4042/1373 5123/7099/2160 5125/7100/1757 2873/4043/581
f 2873/4046/581 5125/7101/1757 5124/7102/1758 2877/4047/658
f 2877/4047/658 5124/7102/1758 5122/7103/2161 2871/4050/1374
f 2932/4147/1031 5127/7104/2162 5129/7105/2163 2939/4148/199
f 2939/4151/199 5129/7106/2163 5128/7107/1916 2934/4138/702
f 2934/4138/702 5128/7107/1916 5126/7108/1832 2930/4135/1028
f 2907/4106/688 5131/7109/1891 5133/7110/1677 2912/4107/689
f 2912/4108/689 5133/7111/1677 5132/7112/2164 2916/4109/1159
f 2916/4109/1159 5132/7112/2164 5130/7113/2137 2908/4112/1183
f 2920/4129/698 5135/7114/2138 5137/7115/2165 2927/4130/699
f 2927/4133/699 5137/7116/2165 5136/7117/2017 2922/4120/693
f 2922/4120/693 5136/7117/2017 5134/7118/1835 2918/4117/1380
f 2943/4161/716 5139/7119/1894 5141/7120/1783 2948/4162/717
f 2948/4163/717 5141/7121/1783 5140/7122/1686 2952/4164/718
f 2952/4164/718 5140/7122/1686 5138/7123/2026 2944/4167/1035
f 2980/4221/742 5143/7124/1896 5145/7125/1925 2987/4222/338
f 2987/4225/338 5145/7126/1925 5144/7127/1690 2982/4212/1176
f 2982/4212/1176 5144/7127/1690 5142/7128/1898 2978/4209/736
f 2942/4153/710 5147/7129/1899 5149/7130/1738 2945/4154/711
f 2945/4157/711 5149/7131/1738 5148/7132/2166 2949/4158/1381
f 2949/4158/1381 5148/7132/2166 5146/7133/2028 2943/4161/716
f 2991/4235/749 5151/7134/1902 5153/7135/2019 2996/4236/397
f 2996/4237/397 5153/7136/2019 5152/7137/1997 3000/4238/1383
f 3000/4238/1383 5152/7137/1997 5150/7138/1904 2992/4241/1384
f 2956/4184/727 5155/7139/1905 5157/7140/1701 2963/4185/1350
f 2963/4188/1350 5157/7141/1701 5156/7142/1702 2958/4175/573
f 2958/4175/573 5156/7142/1702 5154/7143/1907 2954/4172/721
f 2990/4227/744 5159/7144/2030 5161/7145/1748 2993/4228/1353
f 2993/4231/1353 5161/7146/1748 5160/7147/1909 2997/4232/603
f 2997/4232/603 5160/7147/1909 5158/7148/1910 2991/4235/749
f 2967/4198/731 5163/7149/1911 5165/7150/1709 2972/4199/732
f 2972/4200/732 5165/7151/1709 5164/7152/1710 2976/4201/733
f 2976/4201/733 5164/7152/1710 5162/7153/1849 2968/4204/734
f 2906/4098/1379 5167/7154/1913 5169/7155/2059 2909/4099/165
f 2909/4102/165 5169/7156/2059 5168/7157/1794 2913/4103/687
f 2913/4103/687 5168/7157/1794 5166/7158/1850 2907/4106/688
f 2966/4190/1382 5171/7159/2090 5173/7160/1757 2969/4191/1351
f 2969/4194/1351 5173/7161/1757 5172/7162/1852 2973/4195/730
f 2973/4195/730 5172/7162/1852 5170/7163/1915 2967/4198/731
f 3028/4295/708 5175/7164/1890 5177/7165/1798 3035/4296/564
f 3035/4299/564 5177/7166/1798 5176/7167/1674 3030/4286/285
f 3030/4286/285 5176/7167/1674 5174/7168/2167 3026/4283/1394
f 3003/4254/1385 5179/7169/1891 5181/7170/1677 3008/4255/1386
f 3008/4256/1386 5181/7171/1677 5180/7172/1678 3012/4257/1387
f 3012/4257/1387 5180/7172/1678 5178/7173/2025 3004/4260/1388
f 3016/4277/698 5183/7174/1893 5185/7175/1727 3023/4278/359
f 3023/4281/359 5185/7176/1727 5184/7177/1682 3018/4268/1391
f 3018/4268/1391 5184/7177/1682 5182/7178/2168 3014/4265/1389
f 3039/4309/1398 5187/7179/1894 5189/7180/1783 3044/4310/1399
f 3044/4311/1399 5189/7181/1783 5188/7182/1686 3048/4312/1400
f 3048/4312/1400 5188/7182/1686 5186/7183/2026 3040/4315/1401
f 3076/4369/1415 5191/7184/1896 5193/7185/1808 3083/4370/1179
f 3083/4373/1179 5193/7186/1808 5192/7187/1897 3078/4360/1176
f 3078/4360/1176 5192/7187/1897 5190/7188/2169 3074/4357/1411
f 3038/4301/710 5195/7189/1899 5197/7190/1738 3041/4302/711
f 3041/4305/711 5197/7191/1738 5196/7192/1739 3045/4306/418
f 3045/4306/418 5196/7192/1739 5194/7193/2170 3039/4309/1398
f 3087/4383/1417 5199/7194/1902 5201/7195/1697 3092/4384/1418
f 3092/4385/1418 5201/7196/1697 5200/7197/1742 3096/4386/1419
f 3096/4386/1419 5200/7197/1742 5198/7198/1904 3088/4389/1420
f 3052/4332/727 5203/7199/1905 5205/7200/1817 3059/4333/430
f 3059/4336/430 5205/7201/1817 5204/7202/1702 3054/4323/573
f 3054/4323/573 5204/7202/1702 5202/7203/2171 3050/4320/1402
f 3086/4375/744 5207/7204/2030 5209/7205/1748 3089/4376/601
f 3089/4379/601 5209/7206/1748 5208/7207/2172 3093/4380/1416
f 3093/4380/1416 5208/7207/2172 5206/7208/2173 3087/4383/1417
f 3063/4346/1407 5211/7209/1911 5213/7210/1709 3068/4347/1408
f 3068/4348/1408 5213/7211/1709 5212/7212/1710 3072/4349/1409
f 3072/4349/1409 5212/7212/1710 5210/7213/1849 3064/4352/1410
f 3002/4246/1346 5215/7214/1913 5217/7215/1941 3005/4247/685
f 3005/4250/685 5217/7216/1941 5216/7217/1914 3009/4251/264
f 3009/4251/264 5216/7217/1914 5214/7218/2174 3003/4254/1385
f 3062/4338/729 5219/7219/1851 5221/7220/2067 3065/4339/1333
f 3065/4342/1333 5221/7221/2067 5220/7222/1758 3069/4343/1406
f 3069/4343/1406 5220/7222/1758 5218/7223/2175 3063/4346/1407
f 3124/4443/1437 5223/7224/2176 5225/7225/1673 3131/4444/1438
f 3131/4447/1438 5225/7226/1673 5224/7227/1916 3126/4434/474
f 3126/4434/474 5224/7227/1916 5222/7228/1917 3122/4431/1431
f 3099/4402/1424 5227/7229/2177 5229/7230/1677 3104/4403/760
f 3104/4404/760 5229/7231/1677 5228/7232/1724 3108/4405/1425
f 3108/4405/1425 5228/7232/1724 5226/7233/1920 3100/4408/1426
f 3112/4425/1430 5231/7234/1680 5233/7235/1727 3119/4426/773
f 3119/4429/773 5233/7236/1727 5232/7237/1728 3114/4416/179
f 3114/4416/179 5232/7237/1728 5230/7238/1683 3110/4413/763
f 3135/4457/1442 5235/7239/2178 5237/7240/1783 3140/4458/1358
f 3140/4459/1358 5237/7241/1783 5236/7242/1952 3144/4460/1124
f 3144/4460/1124 5236/7242/1952 5234/7243/1687 3136/4463/1443
f 3172/4517/1455 5239/7244/1688 5241/7245/2092 3179/4518/247
f 3179/4521/247 5241/7246/2092 5240/7247/1897 3174/4508/1451
f 3174/4508/1451 5240/7247/1897 5238/7248/2179 3170/4505/808
f 3134/4449/1439 5243/7249/2058 5245/7250/2180 3137/4450/1440
f 3137/4453/1440 5245/7251/2180 5244/7252/2044 3141/4454/784
f 3141/4454/784 5244/7252/2044 5242/7253/2104 3135/4457/1442
f 3183/4531/1457 5247/7254/1696 5249/7255/1697 3188/4532/820
f 3188/4533/820 5249/7256/1697 5248/7257/2047 3192/4534/1266
f 3192/4534/1266 5248/7257/2047 5246/7258/2181 3184/4537/1458
f 3148/4480/796 5251/7259/1932 5253/7260/1701 3155/4481/797
f 3155/4484/797 5253/7261/1701 5252/7262/1770 3150/4471/791
f 3150/4471/791 5252/7262/1770 5250/7263/1935 3146/4468/1444
f 3182/4523/1456 5255/7264/2148 5257/7265/1748 3185/4524/1106
f 3185/4527/1106 5257/7266/1748 5256/7267/1706 3189/4528/1154
f 3189/4528/1154 5256/7267/1706 5254/7268/1707 3183/4531/1457
f 3159/4494/1447 5259/7269/1939 5261/7270/1883 3164/4495/1254
f 3164/4496/1254 5261/7271/1883 5260/7272/1751 3168/4497/1448
f 3168/4497/1448 5260/7272/1751 5258/7273/2182 3160/4500/1449
f 3098/4394/753 5263/7274/1940 5265/7275/1713 3101/4395/1421
f 3101/4398/1421 5265/7276/1713 5264/7277/1914 3105/4399/1423
f 3105/4399/1423 5264/7277/1914 5262/7278/1942 3099/4402/1424
f 3158/4486/1446 5267/7279/2060 5269/7280/1757 3161/4487/1361
f 3161/4490/1361 5269/7281/1757 5268/7282/1758 3165/4491/801
f 3165/4491/801 5268/7282/1758 5266/7283/2114 3159/4494/1447
f 3220/4591/1471 5271/7284/2176 5273/7285/1673 3227/4592/781
f 3227/4595/781 5273/7286/1673 5272/7287/2183 3222/4582/1468
f 3222/4582/1468 5272/7287/2183 5270/7288/2184 3218/4579/1467
f 3195/4550/1460 5275/7289/2177 5277/7290/2152 3200/4551/1222
f 3200/4552/1222 5277/7291/2152 5276/7292/1678 3204/4553/459
f 3204/4553/459 5276/7292/1678 5274/7293/2185 3196/4556/1461
f 3208/4573/1465 5279/7294/1680 5281/7295/1727 3215/4574/1466
f 3215/4577/1466 5281/7296/1727 5280/7297/1682 3210/4564/1135
f 3210/4564/1135 5280/7297/1682 5278/7298/2186 3206/4561/1462
f 3231/4605/1474 5283/7299/2178 5285/7300/1685 3236/4606/786
f 3236/4607/786 5285/7301/1685 5284/7302/2131 3240/4608/787
f 3240/4608/787 5284/7302/2131 5282/7303/2187 3232/4611/1475
f 3268/4665/1489 5287/7304/1924 5289/7305/1689 3275/4666/1490
f 3275/4669/1490 5289/7306/1689 5288/7307/1897 3270/4656/1451
f 3270/4656/1451 5288/7307/1897 5286/7308/2103 3266/4653/1486
f 3230/4597/1472 5291/7309/2188 5293/7310/2189 3233/4598/1440
f 3233/4601/1440 5293/7311/2189 5292/7312/1812 3237/4602/1473
f 3237/4602/1473 5292/7312/1812 5290/7313/2104 3231/4605/1474
f 3279/4679/1493 5295/7314/2190 5297/7315/1697 3284/4680/820
f 3284/4681/820 5297/7316/1697 5296/7317/1997 3288/4682/1266
f 3288/4682/1266 5296/7317/1997 5294/7318/2191 3280/4685/1494
f 3244/4628/1480 5299/7319/2192 5301/7320/1701 3251/4629/797
f 3251/4632/797 5301/7321/1701 5300/7322/1702 3246/4619/1477
f 3246/4619/1477 5300/7322/1702 5298/7323/2107 3242/4616/1476
f 3278/4671/1456 5303/7324/2193 5305/7325/1748 3281/4672/1491
f 3281/4675/1491 5305/7326/1748 5304/7327/1706 3285/4676/1154
f 3285/4676/1154 5304/7327/1706 5302/7328/1707 3279/4679/1493
f 3255/4642/1484 5307/7329/2194 5309/7330/1847 3260/4643/1254
f 3260/4644/1254 5309/7331/1847 5308/7332/2195 3264/4645/805
f 3264/4645/805 5308/7332/2195 5306/7333/2196 3256/4648/1485
f 3194/4542/753 5311/7334/2197 5313/7335/1713 3197/4543/1459
f 3197/4546/1459 5313/7336/1713 5312/7337/1714 3201/4547/1423
f 3201/4547/1423 5312/7337/1714 5310/7338/2198 3195/4550/1460
f 3254/4634/1481 5315/7339/2199 5317/7340/1757 3257/4635/799
f 3257/4638/799 5317/7341/1757 5316/7342/1758 3261/4639/1483
f 3261/4639/1483 5316/7342/1758 5314/7343/2114 3255/4642/1484
f 3316/4739/1507 5319/7344/2200 5321/7345/1831 3323/4740/1238
f 3323/4743/1238 5321/7346/1831 5320/7347/2128 3318/4730/702
f 3318/4730/702 5320/7347/2128 5318/7348/1832 3314/4727/1028
f 3291/4698/1499 5323/7349/2201 5325/7350/1677 3296/4699/689
f 3296/4700/689 5325/7351/1677 5324/7352/1724 3300/4701/1159
f 3300/4701/1159 5324/7352/1724 5322/7353/2025 3292/4704/1183
f 3304/4721/1503 5327/7354/2202 5329/7355/1681 3311/4722/187
f 3311/4725/187 5329/7356/1681 5328/7357/1682 3306/4712/1391
f 3306/4712/1391 5328/7357/1682 5326/7358/1835 3302/4709/692
f 3327/4753/1511 5331/7359/2203 5333/7360/1783 3332/4754/717
f 3332/4755/717 5333/7361/1783 5332/7362/1952 3336/4756/718
f 3336/4756/718 5332/7362/1952 5330/7363/2026 3328/4759/1035
f 3364/4813/1523 5335/7364/1896 5337/7365/2204 3371/4814/1524
f 3371/4817/1524 5337/7366/2204 5336/7367/1766 3366/4804/1522
f 3366/4804/1522 5336/7367/1766 5334/7368/1898 3362/4801/1521
f 3326/4745/1508 5339/7369/2083 5341/7370/1693 3329/4746/1509
f 3329/4749/1509 5341/7371/1693 5340/7372/1739 3333/4750/1510
f 3333/4750/1510 5340/7372/1739 5338/7373/2205 3327/4753/1511
f 3375/4827/1528 5343/7374/1902 5345/7375/1697 3380/4828/1529
f 3380/4829/1529 5345/7376/1697 5344/7377/1742 3384/4830/1354
f 3384/4830/1354 5344/7377/1742 5342/7378/2206 3376/4833/1530
f 3340/4776/1515 5347/7379/2207 5349/7380/2208 3347/4777/1350
f 3347/4780/1350 5349/7381/2208 5348/7382/1702 3342/4767/1038
f 3342/4767/1038 5348/7382/1702 5346/7383/1907 3338/4764/721
f 3374/4819/1525 5351/7384/2209 5353/7385/1771 3377/4820/745
f 3377/4823/745 5353/7386/1771 5352/7387/1706 3381/4824/1527
f 3381/4824/1527 5352/7387/1706 5350/7388/2210 3375/4827/1528
f 3351/4790/1519 5355/7389/2211 5357/7390/1847 3356/4791/732
f 3356/4792/732 5357/7391/1847 5356/7392/1710 3360/4793/733
f 3360/4793/733 5356/7392/1710 5354/7393/1849 3352/4796/734
f 3290/4690/1496 5359/7394/2088 5361/7395/2212 3293/4691/1497
f 3293/4694/1497 5361/7396/2212 5360/7397/1714 3297/4695/1498
f 3297/4695/1498 5360/7397/1714 5358/7398/1850 3291/4698/1499
f 3350/4782/1516 5363/7399/2090 5365/7400/1717 3353/4783/1517
f 3353/4786/1517 5365/7401/1717 5364/7402/1718 3357/4787/1518
f 3357/4787/1518 5364/7402/1718 5362/7403/2213 3351/4790/1519
f 3412/4887/1546 5367/7404/1672 5369/7405/1831 3419/4888/199
f 3419/4891/199 5369/7406/1831 5368/7407/1674 3414/4878/191
f 3414/4878/191 5368/7407/1674 5366/7408/2214 3410/4875/1542
f 3387/4846/1533 5371/7409/1676 5373/7410/1677 3392/4847/1534
f 3392/4848/1534 5373/7411/1677 5372/7412/1678 3396/4849/1535
f 3396/4849/1535 5372/7412/1678 5370/7413/2215 3388/4852/1536
f 3400/4869/1541 5375/7414/2147 5377/7415/1727 3407/4870/699
f 3407/4873/699 5377/7416/1727 5376/7417/1682 3402/4860/693
f 3402/4860/693 5376/7417/1682 5374/7418/2216 3398/4857/1537
f 3423/4901/1548 5379/7419/1684 5381/7420/1685 3428/4902/1549
f 3428/4903/1549 5381/7421/1685 5380/7422/2131 3432/4904/1550
f 3432/4904/1550 5380/7422/2131 5378/7423/2026 3424/4907/1551
f 3460/4961/1566 5383/7424/1896 5385/7425/1689 3467/4962/247
f 3467/4965/247 5385/7426/1689 5384/7427/1809 3462/4952/811
f 3462/4952/811 5384/7427/1809 5382/7428/2217 3458/4949/1562
f 3422/4893/1547 5387/7429/1899 5389/7430/1738 3425/4894/1440
f 3425/4897/1440 5389/7431/1738 5388/7432/1739 3429/4898/1473
f 3429/4898/1473 5388/7432/1739 5386/7433/2218 3423/4901/1548
f 3471/4975/1568 5391/7434/1902 5393/7435/2219 3476/4976/1569
f 3476/4977/1569 5393/7436/2219 5392/7437/1997 3480/4978/1570
f 3480/4978/1570 5392/7437/1997 5390/7438/1699 3472/4981/1571
f 3436/4924/1556 5395/7439/1700 5397/7440/1701 3443/4925/1350
f 3443/4928/1350 5397/7441/1701 5396/7442/2220 3438/4915/1038
f 3438/4915/1038 5396/7442/2220 5394/7443/2221 3434/4912/1552
f 3470/4967/1567 5399/7444/1704 5401/7445/1792 3473/4968/1353
f 3473/4971/1353 5401/7446/1792 5400/7447/1844 3477/4972/1527
f 3477/4972/1527 5400/7447/1844 5398/7448/2222 3471/4975/1568
f 3447/4938/1558 5403/7449/1939 5405/7450/1709 3452/4939/1559
f 3452/4940/1559 5405/7451/1709 5404/7452/2007 3456/4941/1560
f 3456/4941/1560 5404/7452/2007 5402/7453/1849 3448/4944/1561
f 3386/4838/1532 5407/7454/1913 5409/7455/2051 3389/4839/1421
f 3389/4842/1421 5409/7456/2051 5408/7457/1714 3393/4843/1423
f 3393/4843/1423 5408/7457/1714 5406/7458/2223 3387/4846/1533
f 3446/4930/1557 5411/7459/1851 5413/7460/1757 3449/4931/1361
f 3449/4934/1361 5413/7461/1757 5412/7462/1758 3453/4935/801
f 3453/4935/801 5412/7462/1758 5410/7463/2224 3447/4938/1558
f 3508/5035/1576 5415/7464/2176 5417/7465/2225 3515/5036/1438
f 3515/5039/1438 5417/7466/2225 5416/7467/1916 3510/5026/776
f 3510/5026/776 5416/7467/1916 5414/7468/1917 3506/5023/1431
f 3483/4994/1575 5419/7469/2177 5421/7470/1677 3488/4995/760
f 3488/4996/760 5421/7471/1677 5420/7472/1724 3492/4997/1425
f 3492/4997/1425 5420/7472/1724 5418/7473/1920 3484/5000/1426
f 3496/5017/1465 5423/7474/2226 5425/7475/1781 3503/5018/773
f 3503/5021/773 5425/7476/1781 5424/7477/1728 3498/5008/179
f 3498/5008/179 5424/7477/1728 5422/7478/1683 3494/5005/763
f 3519/5049/1474 5427/7479/1922 5429/7480/1783 3524/5050/786
f 3524/5051/786 5429/7481/1783 5428/7482/1952 3528/5052/1124
f 3528/5052/1124 5428/7482/1952 5426/7483/1687 3520/5055/1443
f 3556/5109/1455 5431/7484/1688 5433/7485/1925 3563/5110/247
f 3563/5113/247 5433/7486/1925 5432/7487/1766 3558/5100/811
f 3558/5100/811 5432/7487/1766 5430/7488/2179 3554/5097/808
f 3518/5041/1439 5435/7489/2058 5437/7490/1738 3521/5042/782
f 3521/5045/782 5437/7491/1738 5436/7492/2044 3525/5046/784
f 3525/5046/784 5436/7492/2044 5434/7493/2227 3519/5049/1474
f 3567/5123/1457 5439/7494/1696 5441/7495/1786 3572/5124/820
f 3572/5125/820 5441/7496/1786 5440/7497/2228 3576/5126/256
f 3576/5126/256 5440/7497/2228 5438/7498/2181 3568/5129/1458
f 3532/5072/796 5443/7499/2192 5445/7500/1817 3539/5073/797
f 3539/5076/797 5445/7501/1817 5444/7502/1791 3534/5063/791
f 3534/5063/791 5444/7502/1791 5442/7503/2229 3530/5060/1444
f 3566/5115/1456 5447/7504/2193 5449/7505/1771 3569/5116/249
f 3569/5119/249 5449/7506/1771 5448/7507/1820 3573/5120/529
f 3573/5120/529 5448/7507/1820 5446/7508/2230 3567/5123/1457
f 3543/5086/1579 5451/7509/2194 5453/7510/2006 3548/5087/804
f 3548/5088/804 5453/7511/2006 5452/7512/2007 3552/5089/1448
f 3552/5089/1448 5452/7512/2007 5450/7513/2182 3544/5092/1449
f 3482/4986/1573 5455/7514/1940 5457/7515/1713 3485/4987/1421
f 3485/4990/1421 5457/7516/1713 5456/7517/1714 3489/4991/757
f 3489/4991/757 5456/7517/1714 5454/7518/1942 3483/4994/1575
f 3542/5078/1577 5459/7519/2060 5461/7520/2067 3545/5079/1361
f 3545/5082/1361 5461/7521/2067 5460/7522/1796 3549/5083/1578
f 3549/5083/1578 5460/7522/1796 5458/7523/2231 3543/5086/1579
f 3686/7615/2237 5463/7524/1760 5465/7525/2225 3688/7616/1721
f 3688/7619/1721 5465/7526/2225 5464/7527/2036 3689/7620/1916
f 3689/7620/1916 5464/7527/2036 5462/7528/1762 3687/7622/1762
f 3662/7575/1723 5467/7529/1723 5469/7530/1677 3664/7576/1778
f 3664/7579/1778 5469/7531/1677 5468/7532/1724 3665/7580/1724
f 3665/7580/1724 5468/7532/1724 5466/7533/1763 3663/7582/1763
f 3690/7625/1726 5471/7534/1726 5473/7535/1727 3692/7626/1681
f 3692/7629/1681 5473/7536/1727 5472/7537/1728 3693/7630/1728
f 3693/7630/1728 5472/7537/1728 5470/7538/1764 3691/7632/1764
f 3666/7585/1730 5475/7539/1730 5477/7540/1783 3668/7586/1685
f 3668/7589/1685 5477/7541/1783 5476/7542/1952 3669/7590/1952
f 3669/7590/1952 5476/7542/1952 5474/7543/2026 3667/7592/2026
f 3722/7650/1896 5479/7544/1896 5481/7545/1866 3724/7651/1866
f 3724/7654/1866 5481/7546/1866 5480/7547/1766 3725/7655/1690
f 3725/7655/1690 5480/7547/1766 5478/7548/1736 3723/7657/1736
f 3726/7660/2083 5483/7549/1899 5485/7550/2189 3728/7661/1693
f 3728/7664/1693 5485/7551/2189 5484/7552/1812 3729/7665/1812
f 3729/7665/1812 5484/7552/1812 5482/7553/1740 3727/7667/1740
f 3670/7595/1902 5487/7554/1902 5489/7555/1786 3672/7596/1786
f 3672/7599/1786 5489/7556/1786 5488/7557/1742 3673/7600/1997
f 3673/7600/1997 5488/7557/1742 5486/7558/1788 3671/7602/1743
f 3695/5291/1610 5491/7559/1744 5493/7560/2232 3700/5292/1350
f 3700/5293/1350 5493/7561/2232 5492/7562/1702 3704/5294/1611
f 3704/5294/1611 5492/7562/1702 5490/7563/2233 3696/5297/1613
f 3706/7635/1747 5495/7564/1747 5497/7565/1748 3708/7636/1771
f 3708/7639/1771 5497/7566/1748 5496/7567/1820 3709/7640/1820
f 3709/7640/1820 5496/7567/1820 5494/7568/1749 3707/7642/1749
f 3742/7675/1774 5499/7569/1756 5501/7570/1757 3744/7676/1717
f 3744/7679/1717 5501/7571/1757 5500/7572/1852 3745/7680/1852
f 3745/7680/1852 5500/7572/1852 5498/7573/1759 3743/7682/1759
f 3579/5142/266 5503/7574/1723 5505/7577/1677 3584/5143/1583
f 3584/5144/1583 5505/7578/1677 5504/7581/1724 3588/5145/544
f 3588/5145/544 5504/7581/1724 5502/7583/1763 3580/5148/1584
f 3615/5197/1593 5507/7584/1730 5509/7587/1783 3620/5198/299
f 3620/5199/299 5509/7588/1783 5508/7591/1952 3624/5200/300
f 3624/5200/300 5508/7591/1952 5506/7593/2026 3616/5203/1594
f 3651/5253/1603 5511/7594/1902 5513/7597/1786 3656/5254/606
f 3656/5255/606 5513/7598/1786 5512/7601/1742 3660/5256/1604
f 3660/5256/1604 5512/7601/1742 5510/7603/2234 3652/5259/400
f 3627/5216/321 5515/7604/2021 5517/7605/2006 3632/5217/1014
f 3632/5218/1014 5517/7606/2006 5516/7607/2007 3636/5219/1598
f 3636/5219/1598 5516/7607/2007 5514/7608/1752 3628/5222/325
f 3712/5316/1624 5519/7609/1746 5521/7610/2235 3719/5317/1625
f 3719/5317/1625 5521/7610/2235 5520/7611/2236 3714/5318/1617
f 3714/5305/1617 5520/7612/2236 5518/7613/1744 3710/5302/1614
f 3604/5183/1591 5523/7614/1760 5525/7617/1972 3611/5184/1238
f 3611/5187/1238 5525/7618/1972 5524/7621/2014 3606/5174/191
f 3606/5174/191 5524/7621/2014 5522/7623/1762 3602/5171/1588
f 3592/5165/1587 5527/7624/1726 5529/7627/1987 3599/5166/557
f 3599/5169/557 5529/7628/1987 5528/7631/1728 3594/5156/551
f 3594/5156/551 5528/7631/1728 5526/7633/1764 3590/5153/272
f 3650/5245/1601 5531/7634/1747 5533/7637/1748 3653/5246/1602
f 3653/5249/1602 5533/7638/1748 5532/7641/1844 3657/5250/747
f 3657/5250/747 5532/7641/1844 5530/7643/1749 3651/5253/1603
f 3711/5310/1620 5535/7644/1750 5537/7645/2238 3716/5311/1621
f 3716/5312/1621 5537/7646/2238 5536/7647/2239 3720/5313/1622
f 3720/5313/1622 5536/7647/2239 5534/7648/1849 3712/5316/1624
f 3640/5239/1054 5539/7649/1896 5541/7652/1866 3647/5240/391
f 3647/5243/391 5541/7653/1866 5540/7656/1766 3642/5230/330
f 3642/5230/330 5540/7656/1766 5538/7658/1736 3638/5227/384
f 3614/5189/1592 5543/7659/1899 5545/7662/1693 3617/5190/1032
f 3617/5193/1032 5545/7663/1693 5544/7666/1812 3621/5194/714
f 3621/5194/714 5544/7666/1812 5542/7668/1740 3615/5197/1593
f 3578/5134/1581 5547/7669/1753 5549/7670/2125 3581/5135/1010
f 3581/5138/1010 5549/7671/2125 5548/7672/1714 3585/5139/264
f 3585/5139/264 5548/7672/1714 5546/7673/2240 3579/5142/266
f 3626/5208/378 5551/7674/1756 5553/7677/1757 3629/5209/1333
f 3629/5212/1333 5553/7678/1757 5552/7681/1852 3633/5213/1596
f 3633/5213/1596 5552/7681/1852 5550/7683/1759 3627/5216/321
f 3674/5264/375 5555/7684/1755 5557/7685/2241 3677/5265/1606
f 3677/5265/1606 5557/7685/2241 5556/7686/2242 3681/5268/1169
f 3681/5273/1169 5556/7687/2242 5554/7688/1753 3675/5270/377
f 3694/5283/375 5559/7689/1755 5561/7690/2243 3697/5284/310
f 3697/5287/310 5561/7691/2243 5560/7692/2244 3701/5288/311
f 3701/5288/311 5560/7692/2244 5558/7693/2088 3695/5291/1610
f 3747/5348/1634 5563/7694/2021 5565/7695/2245 3752/5349/1635
f 3752/5349/1635 5565/7695/2245 5564/7696/2246 3756/5350/1636
f 3756/5355/1636 5564/7697/2246 5562/7698/1752 3748/5352/303
f 3759/5366/1644 5567/7699/1746 5569/7700/2247 3764/5367/1645
f 3764/5368/1645 5569/7701/2247 5568/7702/2248 3768/5369/1646
f 3768/5369/1646 5568/7702/2248 5566/7703/1789 3760/5372/1648
f 3771/5383/377 5571/7704/1744 5573/7705/2249 3776/5384/314
f 3776/5387/314 5573/7706/2249 5572/7707/2250 3780/5388/306
f 3780/5388/306 5572/7707/2250 5570/7708/1842 3772/5391/1626
f 3710/5302/1614 5575/7709/1753 5577/7710/2251 3713/5303/1615
f 3713/5306/1615 5577/7711/2251 5576/7712/2252 3717/5307/1618
f 3717/5307/1618 5576/7712/2252 5574/7713/1755 3711/5310/1620
f 3772/5391/1626 5579/7714/2112 5581/7715/2239 3779/5392/304
f 3779/5392/304 5581/7715/2239 5580/7716/2245 3774/5393/307
f 3774/5380/307 5580/7717/2245 5578/7718/2021 3770/5377/375
f 3808/5445/292 5583/7719/1720 5585/7720/2035 3815/5446/366
f 3815/5449/366 5585/7721/2035 5584/7722/2128 3810/5436/1655
f 3810/5436/1655 5584/7722/2128 5582/7723/1855 3806/5433/1654
f 3783/5404/901 5587/7724/1777 5589/7725/1677 3788/5405/614
f 3788/5406/614 5589/7726/1677 5588/7727/1678 3792/5407/615
f 3792/5407/615 5588/7727/1678 5586/7728/1763 3784/5410/1651
f 3796/5427/410 5591/7729/1780 5593/7730/1727 3803/5428/557
f 3803/5431/557 5593/7731/1727 5592/7732/2253 3798/5418/551
f 3798/5418/551 5592/7732/2253 5590/7733/1860 3794/5415/1652
f 3819/5459/913 5595/7734/1782 5597/7735/1862 3824/5460/1658
f 3824/5461/1658 5597/7736/1862 5596/7737/1686 3828/5462/642
f 3828/5462/642 5596/7737/1686 5594/7738/1765 3820/5465/1660
f 3856/5519/337 5599/7739/1734 5601/7740/1689 3863/5520/391
f 3863/5523/391 5601/7741/1689 5600/7742/1766 3858/5510/330
f 3858/5510/330 5600/7742/1766 5598/7743/1868 3854/5507/926
f 3818/5451/294 5603/7744/1767 5605/7745/1693 3821/5452/1657
f 3821/5455/1657 5605/7746/1693 5604/7747/1739 3825/5456/297
f 3825/5456/297 5604/7747/1739 5602/7748/2119 3819/5459/913
f 3867/5533/1670 5607/7749/1741 5609/7750/1903 3872/5534/1216
f 3872/5535/1216 5609/7751/1903 5608/7752/1787 3876/5536/934
f 3876/5536/934 5608/7752/1787 5606/7753/1743 3868/5539/935
f 3832/5482/377 5611/7754/1744 5613/7755/1701 3839/5483/1663
f 3839/5486/1663 5613/7756/1701 5612/7757/2254 3834/5473/306
f 3834/5473/306 5612/7757/2254 5610/7758/2255 3830/5470/1661
f 3866/5525/392 5615/7759/1747 5617/7760/1748 3869/5526/601
f 3869/5529/601 5617/7761/1748 5616/7762/1909 3873/5530/1669
f 3873/5530/1669 5616/7762/1909 5614/7763/2256 3867/5533/1670
f 3843/5496/1664 5619/7764/1750 5621/7765/1709 3848/5497/924
f 3848/5498/924 5621/7766/1709 5620/7767/2023 3852/5499/1212
f 3852/5499/1212 5620/7767/2023 5618/7768/2112 3844/5502/1665
f 3782/5396/260 5623/7769/1793 5625/7770/2125 3785/5397/1650
f 3785/5400/1650 5625/7771/2125 5624/7772/1794 3789/5401/351
f 3789/5401/351 5624/7772/1794 5622/7773/2257 3783/5404/901
f 3842/5488/378 5627/7774/1774 5629/7775/1757 3845/5489/316
f 3845/5492/316 5629/7776/1757 5628/7777/1758 3849/5493/319
f 3849/5493/319 5628/7777/1758 5626/7778/2127 3843/5496/1664
f 412/264/174 3882/5553/1679 409/7779/161 3878/5548/1675
f 3918/5598/1715 406/7780/2258 3883/5549/1676 411/260/170
f 3879/5544/1672 405/7781/2259 3919/5594/1712 410/252/164
f 3882/5553/1679 422/270/176 3886/5558/1683 409/7779/161
f 406/7780/2258 3922/5603/1719 423/278/182 3883/5549/1676
f 404/7782/162 3887/5554/1680 424/282/186 3923/5599/1716
f 3878/5548/1675 409/7779/161 3890/5563/1687 434/288/188
f 435/294/194 3891/5559/1684 408/7783/163 3894/5568/1691
f 436/302/198 3895/5564/1688 405/7781/2259 3879/5544/1672
f 3899/5569/1692 446/307/200 3887/5554/1680 404/7782/162
f 409/7779/161 3886/5558/1683 448/321/210 3890/5563/1687
f 3891/5559/1684 447/313/206 3898/5573/1695 408/7783/163
f 3906/5583/1703 407/7784/2260 3914/5593/1711 458/325/212
f 459/331/218 3915/5589/1708 406/7780/2258 3918/5598/1715
f 405/7781/2259 3907/5579/1700 460/337/222 3919/5594/1712
f 3911/5584/1704 404/7782/162 3923/5599/1716 470/343/224
f 407/7784/2260 3910/5588/1707 472/357/234 3914/5593/1711
f 3915/5589/1708 471/351/230 3922/5603/1719 406/7780/2258
f 3894/5568/1691 408/7783/163 3902/5578/1699 482/362/236
f 483/370/242 3903/5574/1696 407/7784/2260 3906/5583/1703
f 3895/5564/1688 484/374/246 3907/5579/1700 405/7781/2259
f 494/380/248 3899/5569/1692 404/7782/162 3911/5584/1704
f 408/7783/163 3898/5573/1695 496/392/258 3902/5578/1699
f 3903/5574/1696 495/388/254 3910/5588/1707 407/7784/2260
f 508/412/270 3930/5613/1725 403/7785/161 3926/5608/1722
f 3966/5658/1755 400/7786/2258 3931/5609/1723 507/406/266
f 3927/5604/1720 399/7787/2259 3967/5654/1753 506/398/260
f 3930/5613/1725 518/417/272 3934/5618/1729 403/7785/161
f 400/7786/2258 3970/5663/1759 519/423/277 3931/5609/1723
f 398/7788/162 3935/5614/1726 520/429/280 3971/5659/1756
f 3926/5608/1722 403/7785/161 3938/5623/1733 530/435/282
f 531/441/288 3939/5619/1730 402/7789/163 3942/5628/1736
f 532/447/292 3943/5624/1734 399/7787/2259 3927/5604/1720
f 3947/5629/1737 542/453/294 3935/5614/1726 398/7788/162
f 403/7785/161 3934/5618/1729 544/467/301 3938/5623/1733
f 3939/5619/1730 543/461/298 3946/5633/1740 402/7789/163
f 3954/5643/1746 401/7790/2260 3962/5653/1752 554/472/303
f 555/478/309 3963/5649/1750 400/7786/2258 3966/5658/1755
f 399/7787/2259 3955/5639/1744 556/484/313 3967/5654/1753
f 3959/5644/1747 398/7788/162 3971/5659/1756 566/490/315
f 401/7790/2260 3958/5648/1749 568/504/325 3962/5653/1752
f 3963/5649/1750 567/498/321 3970/5663/1759 400/7786/2258
f 3942/5628/1736 402/7789/163 3950/5638/1743 578/509/327
f 579/515/333 3951/5634/1741 401/7790/2260 3954/5643/1746
f 3943/5624/1734 580/521/337 3955/5639/1744 399/7787/2259
f 590/527/339 3947/5629/1737 398/7788/162 3959/5644/1747
f 402/7789/163 3946/5633/1740 592/541/347 3950/5638/1743
f 3951/5634/1741 591/535/343 3958/5648/1749 401/7790/2260
f 604/560/270 3978/5673/1763 397/7791/161 3974/5668/1762
f 4014/5718/1755 394/7792/2258 3979/5669/1723 603/554/266
f 3975/5664/1760 393/7793/2259 4015/5714/1753 602/546/349
f 3978/5673/1763 614/565/272 3982/5678/1764 397/7791/161
f 394/7792/2258 4018/5723/1759 615/571/277 3979/5669/1723
f 392/7794/162 3983/5674/1726 616/577/280 4019/5719/1774
f 3974/5668/1762 397/7791/161 3986/5683/1765 626/583/360
f 627/589/288 3987/5679/1730 396/7795/163 3990/5688/1736
f 628/595/292 3991/5684/1734 393/7793/2259 3975/5664/1760
f 3995/5689/1767 638/601/294 3983/5674/1726 392/7794/162
f 397/7791/161 3982/5678/1764 640/615/372 3986/5683/1765
f 3987/5679/1730 639/609/298 3994/5693/1769 396/7795/163
f 4002/5703/1746 395/7796/2260 4010/5713/1752 650/620/303
f 651/626/375 4011/5709/1750 394/7792/2258 4014/5718/1755
f 393/7793/2259 4003/5699/1744 652/632/377 4015/5714/1753
f 4007/5704/1747 392/7794/162 4019/5719/1774 662/638/378
f 395/7796/2260 4006/5708/1749 664/652/325 4010/5713/1752
f 4011/5709/1750 663/646/321 4018/5723/1759 394/7792/2258
f 3990/5688/1736 396/7795/163 3998/5698/1743 674/657/384
f 675/663/388 3999/5694/1741 395/7796/2260 4002/5703/1746
f 3991/5684/1734 676/669/337 4003/5699/1744 393/7793/2259
f 686/675/392 3995/5689/1767 392/7794/162 4007/5704/1747
f 396/7795/163 3994/5693/1769 688/689/400 3998/5698/1743
f 3999/5694/1741 687/683/343 4006/5708/1749 395/7796/2260
f 700/708/270 4026/5733/1779 391/7797/161 4022/5728/1762
f 4062/5778/1795 388/7798/2258 4027/5729/1777 699/702/403
f 4023/5724/1720 387/7799/2259 4063/5774/1793 698/694/349
f 4026/5733/1779 710/713/404 4030/5738/1764 391/7797/161
f 388/7798/2258 4066/5783/1759 711/719/407 4027/5729/1777
f 386/7800/162 4031/5734/1780 712/725/410 4067/5779/1756
f 4022/5728/1762 391/7797/161 4034/5743/1765 722/731/360
f 723/737/288 4035/5739/1782 390/7801/163 4038/5748/1736
f 724/743/292 4039/5744/1784 387/7799/2259 4023/5724/1720
f 4043/5749/1785 734/749/415 4031/5734/1780 386/7800/162
f 391/7797/161 4030/5738/1764 736/763/421 4034/5743/1765
f 4035/5739/1782 735/757/298 4042/5753/1740 390/7801/163
f 4050/5763/1746 389/7802/2260 4058/5773/1752 746/768/303
f 747/774/375 4059/5769/1750 388/7798/2258 4062/5778/1795
f 387/7799/2259 4051/5759/1789 748/780/429 4063/5774/1793
f 4055/5764/1747 386/7800/162 4067/5779/1756 758/786/431
f 389/7802/2260 4054/5768/1749 760/800/325 4058/5773/1752
f 4059/5769/1750 759/794/321 4066/5783/1759 388/7798/2258
f 4038/5748/1736 390/7801/163 4046/5758/1788 770/805/327
f 771/811/388 4047/5754/1741 389/7802/2260 4050/5763/1746
f 4039/5744/1784 772/817/443 4051/5759/1789 387/7799/2259
f 782/823/445 4043/5749/1785 386/7800/162 4055/5764/1747
f 390/7801/163 4042/5753/1740 784/837/400 4046/5758/1788
f 4047/5754/1741 783/831/343 4054/5768/1749 389/7802/2260
f 796/856/460 4074/5793/1802 385/7803/161 4070/5788/1799
f 4110/5838/1826 382/7804/2258 4075/5789/1800 795/850/457
f 4071/5784/1797 381/7805/2259 4111/5834/1824 794/842/451
f 4074/5793/1802 806/861/462 4078/5798/1804 385/7803/161
f 382/7804/2258 4114/5843/1829 807/867/467 4075/5789/1800
f 380/7806/162 4079/5794/1803 808/873/470 4115/5839/1827
f 4070/5788/1799 385/7803/161 4082/5803/1806 818/879/472
f 819/885/476 4083/5799/1805 384/7807/163 4086/5808/1810
f 820/891/479 4087/5804/1807 381/7805/2259 4071/5784/1797
f 4091/5809/1811 830/897/481 4079/5794/1803 380/7806/162
f 385/7803/161 4078/5798/1804 832/911/491 4082/5803/1806
f 4083/5799/1805 831/905/487 4090/5813/1813 384/7807/163
f 4098/5823/1818 383/7808/2260 4106/5833/1823 842/916/493
f 843/922/499 4107/5829/1822 382/7804/2258 4110/5838/1826
f 381/7805/2259 4099/5819/1816 844/928/503 4111/5834/1824
f 4103/5824/1819 380/7806/162 4115/5839/1827 854/934/505
f 383/7808/2260 4102/5828/1821 856/948/513 4106/5833/1823
f 4107/5829/1822 855/942/510 4114/5843/1829 382/7804/2258
f 4086/5808/1810 384/7807/163 4094/5818/1815 866/953/515
f 867/959/520 4095/5814/1814 383/7808/2260 4098/5823/1818
f 4087/5804/1807 868/965/524 4099/5819/1816 381/7805/2259
f 878/971/526 4091/5809/1811 380/7806/162 4103/5824/1819
f 384/7807/163 4090/5813/1813 880/985/535 4094/5818/1815
f 4095/5814/1814 879/979/531 4102/5828/1821 383/7808/2260
f 892/1004/546 4122/5853/1779 379/7809/161 4118/5848/1832
f 4158/5898/1850 376/7810/2258 4123/5849/1833 891/998/542
f 4119/5844/1830 375/7811/2259 4159/5894/1793 890/990/537
f 4122/5853/1779 902/1009/548 4126/5858/1835 379/7809/161
f 376/7810/2258 4162/5903/1853 903/1015/553 4123/5849/1833
f 374/7812/162 4127/5854/1834 904/1021/556 4163/5899/1851
f 4118/5848/1832 379/7809/161 4130/5863/1733 914/1027/282
f 915/1033/559 4131/5859/1836 378/7813/163 4134/5868/1837
f 916/1039/563 4135/5864/1784 375/7811/2259 4119/5844/1830
f 4139/5869/1767 926/1045/565 4127/5854/1834 374/7812/162
f 379/7809/161 4126/5858/1835 928/1059/571 4130/5863/1733
f 4131/5859/1836 927/1053/568 4138/5873/1769 378/7813/163
f 4146/5883/1842 377/7814/2260 4154/5893/1849 938/1064/572
f 939/1070/576 4155/5889/1846 376/7810/2258 4158/5898/1850
f 375/7811/2259 4147/5879/1840 940/1076/579 4159/5894/1793
f 4151/5884/1843 374/7812/162 4163/5899/1851 950/1082/580
f 377/7814/2260 4150/5888/1845 952/1096/587 4154/5893/1849
f 4155/5889/1846 951/1090/585 4162/5903/1853 376/7810/2258
f 4134/5868/1837 378/7813/163 4142/5878/1839 962/1101/589
f 963/1107/594 4143/5874/1838 377/7814/2260 4146/5883/1842
f 4135/5864/1784 964/1113/598 4147/5879/1840 375/7811/2259
f 974/1119/600 4139/5869/1767 374/7812/162 4151/5884/1843
f 378/7813/163 4138/5873/1769 976/1133/607 4142/5878/1839
f 4143/5874/1838 975/1127/605 4150/5888/1845 377/7814/2260
f 988/1152/616 4170/5913/1858 373/7815/161 4166/5908/1855
f 4206/5958/1887 370/7816/2258 4171/5909/1856 987/1146/613
f 4167/5904/1854 369/7817/2259 4207/5954/1886 986/1138/609
f 4170/5913/1858 998/1157/618 4174/5918/1860 373/7815/161
f 370/7816/2258 4210/5963/1889 999/1163/622 4171/5909/1856
f 368/7818/162 4175/5914/1859 1000/1169/624 4211/5959/1888
f 4166/5908/1855 373/7815/161 4178/5923/1864 1010/1175/626
f 1011/1181/631 4179/5919/1861 372/7819/163 4182/5928/1868
f 1012/1187/634 4183/5924/1865 369/7817/2259 4167/5904/1854
f 4187/5929/1869 1022/1193/636 4175/5914/1859 368/7818/162
f 373/7815/161 4174/5918/1860 1024/1207/643 4178/5923/1864
f 4179/5919/1861 1023/1201/640 4186/5933/1872 372/7819/163
f 4194/5943/1879 371/7820/2260 4202/5953/1885 1034/1212/645
f 1035/1218/649 4203/5949/1882 370/7816/2258 4206/5958/1887
f 369/7817/2259 4195/5939/1840 1036/1224/653 4207/5954/1886
f 4199/5944/1843 368/7818/162 4211/5959/1888 1046/1230/655
f 371/7820/2260 4198/5948/1881 1048/1244/663 4202/5953/1885
f 4203/5949/1882 1047/1238/660 4210/5963/1889 370/7816/2258
f 4182/5928/1868 372/7819/163 4190/5938/1876 1058/1249/665
f 1059/1255/669 4191/5934/1873 371/7820/2260 4194/5943/1879
f 4183/5924/1865 1060/1261/673 4195/5939/1840 369/7817/2259
f 1070/1267/675 4187/5929/1869 368/7818/162 4199/5944/1843
f 372/7819/163 4186/5933/1872 1072/1281/682 4190/5938/1876
f 4191/5934/1873 1071/1275/679 4198/5948/1881 371/7820/2260
f 1084/1300/690 4218/5973/1892 367/7821/161 4214/5968/1832
f 4254/6018/1850 364/7822/2258 4219/5969/1891 1083/1294/688
f 4215/5964/1890 363/7823/2259 4255/6014/1913 1082/1286/684
f 4218/5973/1892 1094/1305/692 4222/5978/1835 367/7821/161
f 364/7822/2258 4258/6023/1915 1095/1311/696 4219/5969/1891
f 362/7824/162 4223/5974/1893 1096/1317/698 4259/6019/1851
f 4214/5968/1832 367/7821/161 4226/5983/1895 1106/1323/700
f 1107/1329/704 4227/5979/1894 366/7825/163 4230/5988/1898
f 1108/1335/708 4231/5984/1896 363/7823/2259 4215/5964/1890
f 4235/5989/1899 1118/1341/710 4223/5974/1893 362/7824/162
f 367/7821/161 4222/5978/1835 1120/1355/719 4226/5983/1895
f 4227/5979/1894 1119/1349/716 4234/5993/1901 366/7825/163
f 4242/6003/1907 365/7826/2260 4250/6013/1849 1130/1360/721
f 1131/1366/724 4251/6009/1911 364/7822/2258 4254/6018/1850
f 363/7823/2259 4243/5999/1905 1132/1372/727 4255/6014/1913
f 4247/6004/1908 362/7824/162 4259/6019/1851 1142/1378/729
f 365/7826/2260 4246/6008/1910 1144/1392/734 4250/6013/1849
f 4251/6009/1911 1143/1386/731 4258/6023/1915 364/7822/2258
f 4230/5988/1898 366/7825/163 4238/5998/1904 1154/1397/736
f 1155/1403/739 4239/5994/1902 365/7826/2260 4242/6003/1907
f 4231/5984/1896 1156/1409/742 4243/5999/1905 363/7823/2259
f 1166/1415/744 4235/5989/1899 362/7824/162 4247/6004/1908
f 366/7825/163 4234/5993/1901 1168/1429/751 4238/5998/1904
f 4239/5994/1902 1167/1423/749 4246/6008/1910 365/7826/2260
f 1180/1448/761 4266/6033/1920 361/7827/161 4262/6028/1917
f 4302/6078/1942 358/7828/2258 4267/6029/1918 1179/1442/759
f 4263/6024/1672 357/7829/2259 4303/6074/1940 1178/1434/753
f 4266/6033/1920 1190/1453/763 4270/6038/1683 361/7827/161
f 358/7828/2258 4306/6083/1944 1191/1459/768 4267/6029/1918
f 356/7830/162 4271/6034/1680 1192/1465/772 4307/6079/1716
f 4262/6028/1917 361/7827/161 4274/6043/1687 1202/1471/774
f 1203/1477/778 4275/6039/1922 360/7831/163 4278/6048/1926
f 1204/1483/780 4279/6044/1924 357/7829/2259 4263/6024/1672
f 4283/6049/1692 1214/1489/200 4271/6034/1680 356/7830/162
f 361/7827/161 4270/6038/1683 1216/1503/788 4274/6043/1687
f 4275/6039/1922 1215/1497/785 4282/6053/1695 360/7831/163
f 4290/6063/1935 359/7832/2260 4298/6073/1711 1226/1508/789
f 1227/1514/793 4299/6069/1939 358/7828/2258 4302/6078/1942
f 357/7829/2259 4291/6059/1932 1228/1520/796 4303/6074/1940
f 4295/6064/1704 356/7830/162 4307/6079/1716 1238/1526/798
f 359/7832/2260 4294/6068/1938 1240/1540/806 4298/6073/1711
f 4299/6069/1939 1239/1534/803 4306/6083/1944 358/7828/2258
f 4278/6048/1926 360/7831/163 4286/6058/1699 1250/1545/808
f 1251/1551/814 4287/6054/1929 359/7832/2260 4290/6063/1935
f 4279/6044/1924 1252/1557/817 4291/6059/1932 357/7829/2259
f 1262/1563/248 4283/6049/1692 356/7830/162 4295/6064/1704
f 360/7831/163 4282/6053/1695 1264/1577/821 4286/6058/1699
f 4287/6054/1929 1263/1571/254 4294/6068/1938 359/7832/2260
f 1276/1596/830 4314/6093/1948 355/7833/161 4310/6088/1946
f 4350/6138/1969 352/7834/2258 4315/6089/1947 1275/1590/827
f 4311/6084/1945 351/7835/2259 4351/6134/1968 1274/1582/823
f 4314/6093/1948 1286/1601/832 4318/6098/1950 355/7833/161
f 352/7834/2258 4354/6143/1971 1287/1607/836 4315/6089/1947
f 350/7836/162 4319/6094/1949 1288/1613/840 4355/6139/1970
f 4310/6088/1946 355/7833/161 4322/6103/1953 1298/1619/842
f 1299/1625/846 4323/6099/1951 354/7837/163 4326/6108/1956
f 1300/1631/849 4327/6104/1954 351/7835/2259 4311/6084/1945
f 4331/6109/1957 1310/1637/851 4319/6094/1949 350/7836/162
f 355/7833/161 4318/6098/1950 1312/1651/858 4322/6103/1953
f 4323/6099/1951 1311/1645/855 4330/6113/1958 354/7837/163
f 4338/6123/1963 353/7838/2260 4346/6133/1967 1322/1656/860
f 1323/1662/864 4347/6129/1966 352/7834/2258 4350/6138/1969
f 351/7835/2259 4339/6119/1961 1324/1668/867 4351/6134/1968
f 4343/6124/1964 350/7836/162 4355/6139/1970 1334/1674/869
f 353/7838/2260 4342/6128/1965 1336/1688/877 4346/6133/1967
f 4347/6129/1966 1335/1682/873 4354/6143/1971 352/7834/2258
f 4326/6108/1956 354/7837/163 4334/6118/1960 1346/1693/879
f 1347/1699/884 4335/6114/1959 353/7838/2260 4338/6123/1963
f 4327/6104/1954 1348/1705/887 4339/6119/1961 351/7835/2259
f 1358/1711/889 4331/6109/1957 350/7836/162 4343/6124/1964
f 354/7837/163 4330/6113/1958 1360/1725/897 4334/6118/1960
f 4335/6114/1959 1359/1719/893 4342/6128/1965 353/7838/2260
f 1372/1744/616 4362/6153/1858 349/7839/161 4358/6148/1974
f 4398/6198/1887 346/7840/2258 4363/6149/1777 1371/1738/901
f 4359/6144/1720 345/7841/2259 4399/6194/1886 1370/1730/899
f 4362/6153/1858 1382/1749/618 4366/6158/1976 349/7839/161
f 346/7840/2258 4402/6203/1889 1383/1755/902 4363/6149/1777
f 344/7842/162 4367/6154/1780 1384/1761/904 4403/6199/1981
f 4358/6148/1974 349/7839/161 4370/6163/1977 1394/1767/905
f 1395/1773/907 4371/6159/1782 348/7843/163 4374/6168/1978
f 1396/1779/910 4375/6164/1865 345/7841/2259 4359/6144/1720
f 4379/6169/1979 1406/1785/911 4367/6154/1780 344/7842/162
f 349/7839/161 4366/6158/1976 1408/1799/915 4370/6163/1977
f 4371/6159/1782 1407/1793/913 4378/6173/1872 348/7843/163
f 4386/6183/1879 347/7844/2260 4394/6193/1885 1418/1804/917
f 1419/1810/918 4395/6189/1750 346/7840/2258 4398/6198/1887
f 345/7841/2259 4387/6179/1744 1420/1816/920 4399/6194/1886
f 4391/6184/1747 344/7842/162 4403/6199/1981 1430/1822/921
f 347/7844/2260 4390/6188/1881 1432/1836/663 4394/6193/1885
f 4395/6189/1750 1431/1830/923 4402/6203/1889 346/7840/2258
f 4374/6168/1978 348/7843/163 4382/6178/1743 1442/1841/926
f 1443/1847/669 4383/6174/1873 347/7844/2260 4386/6183/1879
f 4375/6164/1865 1444/1853/929 4387/6179/1744 345/7841/2259
f 1454/1859/930 4379/6169/1979 344/7842/162 4391/6184/1747
f 348/7843/163 4378/6173/1872 1456/1873/935 4382/6178/1743
f 4383/6174/1873 1455/1867/932 4390/6188/1881 347/7844/2260
f 1468/1892/944 4410/6213/1985 343/7845/161 4406/6208/1983
f 4446/6258/2010 340/7846/2258 4411/6209/1984 1467/1886/940
f 4407/6204/1982 339/7847/2259 4447/6254/2009 1466/1878/936
f 4410/6213/1985 1478/1897/946 4414/6218/1988 343/7845/161
f 340/7846/2258 4450/6263/2013 1479/1903/950 4411/6209/1984
f 338/7848/162 4415/6214/1986 1480/1909/953 4451/6259/2011
f 4406/6208/1983 343/7845/161 4418/6223/1990 1490/1915/955
f 1491/1921/959 4419/6219/1989 342/7849/163 4422/6228/1992
f 1492/1927/962 4423/6224/1991 339/7847/2259 4407/6204/1982
f 4427/6229/1993 1502/1933/964 4415/6214/1986 338/7848/162
f 343/7845/161 4414/6218/1988 1504/1947/972 4418/6223/1990
f 4419/6219/1989 1503/1941/968 4426/6233/1995 342/7849/163
f 4434/6243/2001 341/7850/2260 4442/6253/2008 1514/1952/974
f 1515/1958/978 4443/6249/2005 340/7846/2258 4446/6258/2010
f 339/7847/2259 4435/6239/1999 1516/1964/981 4447/6254/2009
f 4439/6244/2002 338/7848/162 4451/6259/2011 1526/1970/983
f 341/7850/2260 4438/6248/2004 1528/1984/990 4442/6253/2008
f 4443/6249/2005 1527/1978/987 4450/6263/2013 340/7846/2258
f 4422/6228/1992 342/7849/163 4430/6238/1998 1538/1989/992
f 1539/1995/996 4431/6234/1996 341/7850/2260 4434/6243/2001
f 4423/6224/1991 1540/2001/999 4435/6239/1999 339/7847/2259
f 1550/2007/1001 4427/6229/1993 338/7848/162 4439/6244/2002
f 342/7849/163 4426/6233/1995 1552/2021/1008 4430/6238/1998
f 4431/6234/1996 1551/2015/1005 4438/6248/2004 341/7850/2260
f 1564/2040/270 4458/6273/1763 337/7851/161 4454/6268/2015
f 4494/6318/1755 334/7852/2258 4459/6269/1723 1563/2034/403
f 4455/6264/1720 333/7853/2259 4495/6314/1753 1562/2026/349
f 4458/6273/1763 1574/2045/272 4462/6278/1764 337/7851/161
f 334/7852/2258 4498/6323/1759 1575/2051/277 4459/6269/1723
f 332/7854/162 4463/6274/1780 1576/2059/410 4499/6319/1756
f 4454/6268/2015 337/7851/161 4466/6283/1765 1586/2064/360
f 1587/2070/288 4467/6279/1782 336/7855/163 4470/6288/1736
f 1588/2076/292 4471/6284/1734 333/7853/2259 4455/6264/1720
f 4475/6289/1737 1598/2082/415 4463/6274/1780 332/7854/162
f 337/7851/161 4462/6278/1764 1600/2096/372 4466/6283/1765
f 4467/6279/1782 1599/2088/298 4474/6293/1740 336/7855/163
f 4482/6303/1746 335/7856/2260 4490/6313/1752 1610/2100/303
f 1611/2106/375 4491/6309/2021 334/7852/2258 4494/6318/1755
f 333/7853/2259 4483/6299/1744 1612/2112/377 4495/6314/1753
f 4487/6304/1747 332/7854/162 4499/6319/1756 1622/2118/315
f 335/7856/2260 4486/6308/1749 1624/2132/325 4490/6313/1752
f 4491/6309/2021 1623/2124/321 4498/6323/1759 334/7852/2258
f 4470/6288/1736 336/7855/163 4478/6298/1743 1634/2136/327
f 1635/2142/388 4479/6294/1741 335/7856/2260 4482/6303/1746
f 4471/6284/1734 1636/2148/337 4483/6299/1744 333/7853/2259
f 1646/2154/339 4475/6289/1737 332/7854/162 4487/6304/1747
f 336/7855/163 4474/6293/1740 1648/2168/400 4478/6298/1743
f 4479/6294/1741 1647/2160/343 4486/6308/1749 335/7856/2260
f 1660/2186/1022 4506/6333/2025 331/7857/161 4502/6328/1832
f 4542/6378/1850 328/7858/2258 4507/6329/1891 1659/2180/688
f 4503/6324/1890 327/7859/2259 4543/6374/1913 1658/2172/1017
f 4506/6333/2025 1670/2191/1023 4510/6338/1835 331/7857/161
f 328/7858/2258 4546/6383/1915 1671/2197/696 4507/6329/1891
f 326/7860/162 4511/6334/1893 1672/2203/698 4547/6379/1851
f 4502/6328/1832 331/7857/161 4514/6343/2026 1682/2209/1028
f 1683/2215/704 4515/6339/1894 330/7861/163 4518/6348/1898
f 1684/2221/1031 4519/6344/1896 327/7859/2259 4503/6324/1890
f 4523/6349/1899 1694/2227/710 4511/6334/1893 326/7860/162
f 331/7857/161 4510/6338/1835 1696/2241/1035 4514/6343/2026
f 4515/6339/1894 1695/2235/716 4522/6353/2028 330/7861/163
f 4530/6363/1907 329/7862/2260 4538/6373/1849 1706/2246/721
f 1707/2252/724 4539/6369/1911 328/7858/2258 4542/6378/1850
f 327/7859/2259 4531/6359/2029 1708/2258/1043 4543/6374/1913
f 4535/6364/2030 326/7860/162 4547/6379/1851 1718/2264/1044
f 329/7862/2260 4534/6368/2031 1720/2278/1050 4538/6373/1849
f 4539/6369/1911 1719/2272/731 4546/6383/1915 328/7858/2258
f 4518/6348/1898 330/7861/163 4526/6358/1904 1730/2283/1051
f 1731/2289/1052 4527/6354/1838 329/7862/2260 4530/6363/1907
f 4519/6344/1896 1732/2295/1054 4531/6359/2029 327/7859/2259
f 1742/2301/744 4523/6349/1899 326/7860/162 4535/6364/2030
f 330/7861/163 4522/6353/2028 1744/2315/751 4526/6358/1904
f 4527/6354/1838 1743/2309/1056 4534/6368/2031 329/7862/2260
f 1756/2334/1063 4554/6393/2037 325/7863/161 4550/6388/1974
f 4590/6438/2052 322/7864/2258 4555/6389/1833 1755/2328/1059
f 4551/6384/1830 321/7865/2259 4591/6434/1886 1754/2320/1057
f 4554/6393/2037 1766/2339/1065 4558/6398/1976 325/7863/161
f 322/7864/2258 4594/6443/2053 1767/2345/1070 4555/6389/1833
f 320/7866/162 4559/6394/1834 1768/2351/470 4595/6439/1888
f 4550/6388/1974 325/7863/161 4562/6403/2040 1778/2357/1072
f 1779/2363/1077 4563/6399/1836 324/7867/163 4566/6408/2042
f 1780/2369/1078 4567/6404/2041 321/7865/2259 4551/6384/1830
f 4571/6409/2043 1790/2375/1080 4559/6394/1834 320/7866/162
f 325/7863/161 4558/6398/1976 1792/2389/1084 4562/6403/2040
f 4563/6399/1836 1791/2383/1081 4570/6413/2045 324/7867/163
f 4578/6423/2049 323/7868/2260 4586/6433/1885 1802/2394/1086
f 1803/2400/1089 4587/6429/1882 322/7864/2258 4590/6438/2052
f 321/7865/2259 4579/6419/1840 1804/2406/1090 4591/6434/1886
f 4583/6424/1843 320/7866/162 4595/6439/1888 1814/2412/1092
f 323/7868/2260 4582/6428/1821 1816/2426/1097 4586/6433/1885
f 4587/6429/1882 1815/2420/1094 4594/6443/2053 322/7864/2258
f 4566/6408/2042 324/7867/163 4574/6418/2048 1826/2431/1099
f 1827/2437/1102 4575/6414/2046 323/7868/2260 4578/6423/2049
f 4567/6404/2041 1828/2443/1105 4579/6419/1840 321/7865/2259
f 1838/2449/526 4571/6409/2043 320/7866/162 4583/6424/1843
f 324/7867/163 4570/6413/2045 1840/2463/1111 4574/6418/2048
f 4575/6414/2046 1839/2457/1108 4582/6428/1821 323/7868/2260
f 1852/2482/174 4602/6453/1679 319/7869/161 4598/6448/1917
f 4638/6498/1715 316/7870/2258 4603/6449/1676 1851/2476/1113
f 4599/6444/1672 315/7871/2259 4639/6494/1712 1850/2468/1112
f 4602/6453/1679 1862/2487/176 4606/6458/1683 319/7869/161
f 316/7870/2258 4642/6503/1719 1863/2493/1116 4603/6449/1676
f 314/7872/162 4607/6454/1680 1864/2499/186 4643/6499/2060
f 4598/6448/1917 319/7869/161 4610/6463/2056 1874/2505/774
f 1875/2511/1118 4611/6459/1684 318/7873/163 4614/6468/1926
f 1876/2517/1120 4615/6464/2057 315/7871/2259 4599/6444/1672
f 4619/6469/2058 1886/2523/1121 4607/6454/1680 314/7872/162
f 319/7869/161 4606/6458/1683 1888/2537/1125 4610/6463/2056
f 4611/6459/1684 1887/2531/1123 4618/6473/1695 318/7873/163
f 4626/6483/1703 317/7874/2260 4634/6493/1711 1898/2542/789
f 1899/2548/793 4635/6489/1708 316/7870/2258 4638/6498/1715
f 315/7871/2259 4627/6479/1932 1900/2554/1126 4639/6494/1712
f 4631/6484/1704 314/7872/162 4643/6499/2060 1910/2560/1127
f 317/7874/2260 4630/6488/1938 1912/2574/234 4634/6493/1711
f 4635/6489/1708 1911/2568/1128 4642/6503/1719 316/7870/2258
f 4614/6468/1926 318/7873/163 4622/6478/1699 1922/2579/1130
f 1923/2585/814 4623/6474/1929 317/7874/2260 4626/6483/1703
f 4615/6464/2057 1924/2591/1131 4627/6479/1932 315/7871/2259
f 1934/2597/1132 4619/6469/2058 314/7872/162 4631/6484/1704
f 318/7873/163 4618/6473/1695 1936/2611/821 4622/6478/1699
f 4623/6474/1929 1935/2605/254 4630/6488/1938 317/7874/2260
f 1948/2630/460 4650/6513/2037 313/7875/161 4646/6508/2061
f 4686/6558/1826 310/7876/2258 4651/6509/1800 1947/2624/457
f 4647/6504/1797 309/7877/2259 4687/6554/1824 1946/2616/451
f 4650/6513/2037 1958/2635/462 4654/6518/1804 313/7875/161
f 310/7876/2258 4690/6563/2068 1959/2641/1136 4651/6509/1800
f 308/7878/162 4655/6514/1803 1960/2647/1138 4691/6559/1827
f 4646/6508/2061 313/7875/161 4658/6523/1806 1970/2653/1140
f 1971/2659/476 4659/6519/1805 312/7879/163 4662/6528/1810
f 1972/2665/479 4663/6524/2041 309/7877/2259 4647/6504/1797
f 4667/6529/1811 1982/2671/1143 4655/6514/1803 308/7878/162
f 313/7875/161 4654/6518/1804 1984/2685/491 4658/6523/1806
f 4659/6519/1805 1983/2679/487 4666/6533/1813 312/7879/163
f 4674/6543/2065 311/7880/2260 4682/6553/1823 1994/2690/1145
f 1995/2696/499 4683/6549/1822 310/7876/2258 4686/6558/1826
f 309/7877/2259 4675/6539/2064 1996/2702/503 4687/6554/1824
f 4679/6544/1819 308/7878/162 4691/6559/1827 2006/2708/1149
f 311/7880/2260 4678/6548/2066 2008/2722/1151 4682/6553/1823
f 4683/6549/1822 2007/2716/510 4690/6563/2068 310/7876/2258
f 4662/6528/1810 312/7879/163 4670/6538/1815 2018/2727/515
f 2019/2733/520 4671/6534/1814 311/7880/2260 4674/6543/2065
f 4663/6524/2041 2020/2739/1152 4675/6539/2064 309/7877/2259
f 2030/2745/1153 4667/6529/1811 308/7878/162 4679/6544/1819
f 312/7879/163 4666/6533/1813 2032/2759/1155 4670/6538/1815
f 4671/6534/1814 2031/2753/531 4678/6548/2066 311/7880/2260
f 2044/2778/1022 4698/6573/2025 307/7881/161 4694/6568/2015
f 4734/6618/1795 304/7882/2258 4699/6569/1723 2043/2770/1158
f 4695/6564/1760 303/7883/2259 4735/6614/1793 2042/2764/1156
f 4698/6573/2025 2054/2782/548 4702/6578/1729 307/7881/161
f 304/7882/2258 4738/6623/1853 2055/2788/1161 4699/6569/1723
f 302/7884/162 4703/6574/1726 2056/2794/1162 4739/6619/1851
f 4694/6568/2015 307/7881/161 4706/6583/1733 2066/2800/282
f 2067/2806/1163 4707/6579/1730 306/7885/163 4710/6588/1898
f 2068/2814/1165 4711/6584/1784 303/7883/2259 4695/6564/1760
f 4715/6589/1767 2078/2819/1166 4703/6574/1726 302/7884/162
f 307/7881/161 4702/6578/1729 2080/2833/1168 4706/6583/1733
f 4707/6579/1730 2079/2827/1167 4714/6593/1769 306/7885/163
f 4722/6603/2073 305/7886/2260 4730/6613/1849 2090/2838/572
f 2091/2844/724 4731/6609/2021 304/7882/2258 4734/6618/1795
f 303/7883/2259 4723/6599/1789 2092/2852/1170 4735/6614/1793
f 4727/6604/2074 302/7884/162 4739/6619/1851 2102/2857/1171
f 305/7886/2260 4726/6608/2075 2104/2871/587 4730/6613/1849
f 4731/6609/2021 2103/2865/1173 4738/6623/1853 304/7882/2258
f 4710/6588/1898 306/7885/163 4718/6598/1788 2114/2876/1175
f 2115/2882/1177 4719/6594/1838 305/7886/2260 4722/6603/2073
f 4711/6584/1784 2116/2890/1178 4723/6599/1789 303/7883/2259
f 2126/2895/1180 4715/6589/1767 302/7884/162 4727/6604/2074
f 306/7885/163 4714/6593/1769 2128/2909/1182 4718/6598/1788
f 4719/6594/1838 2127/2903/1181 4726/6608/2075 305/7886/2260
f 2140/2928/1183 4746/6633/2025 301/7887/161 4742/6628/1832
f 4782/6678/2089 298/7888/2258 4747/6629/1891 2139/2922/688
f 4743/6624/1890 297/7889/2259 4783/6674/2088 2138/2914/684
f 4746/6633/2025 2150/2933/1184 4750/6638/2079 301/7887/161
f 298/7888/2258 4786/6683/2091 2151/2939/696 4747/6629/1891
f 296/7890/162 4751/6634/1893 2152/2945/698 4787/6679/2090
f 4742/6628/1832 301/7887/161 4754/6643/2082 2162/2951/1028
f 2163/2957/704 4755/6639/1894 300/7891/163 4758/6648/1898
f 2164/2963/1188 4759/6644/1896 297/7889/2259 4743/6624/1890
f 4763/6649/2083 2174/2969/1189 4751/6634/1893 296/7890/162
f 301/7887/161 4750/6638/2079 2176/2983/1035 4754/6643/2082
f 4755/6639/1894 2175/2977/1167 4762/6653/1901 300/7891/163
f 4770/6663/2086 299/7892/2260 4778/6673/1849 2186/2988/1190
f 2187/2994/724 4779/6669/1911 298/7888/2258 4782/6678/2089
f 297/7889/2259 4771/6659/1905 2188/3000/1043 4783/6674/2088
f 4775/6664/2030 296/7890/162 4787/6679/2090 2198/3006/729
f 299/7892/2260 4774/6668/1910 2200/3020/734 4778/6673/1849
f 4779/6669/1911 2199/3014/1192 4786/6683/2091 298/7888/2258
f 4758/6648/1898 300/7891/163 4766/6658/1904 2210/3025/736
f 2211/3031/1194 4767/6654/2084 299/7892/2260 4770/6663/2086
f 4759/6644/1896 2212/3037/742 4771/6659/1905 297/7889/2259
f 2222/3043/744 4763/6649/2083 296/7890/162 4775/6664/2030
f 300/7891/163 4762/6653/1901 2224/3057/1196 4766/6658/1904
f 4767/6654/2084 2223/3051/749 4774/6668/1910 299/7892/2260
f 2236/3076/1201 4794/6693/1858 295/7893/161 4790/6688/1855
f 4830/6738/1887 292/7894/2258 4795/6689/1777 2235/3070/1200
f 4791/6684/1720 291/7895/2259 4831/6734/2096 2234/3062/1198
f 4794/6693/1858 2246/3081/1203 4798/6698/1860 295/7893/161
f 292/7894/2258 4834/6743/1889 2247/3087/902 4795/6689/1777
f 290/7896/162 4799/6694/1780 2248/3093/904 4835/6739/1981
f 4790/6688/1855 295/7893/161 4802/6703/1977 2258/3099/905
f 2259/3105/907 4803/6699/1782 294/7897/163 4806/6708/1978
f 2260/3111/1205 4807/6704/1865 291/7895/2259 4791/6684/1720
f 4811/6709/1979 2270/3117/1206 4799/6694/1780 290/7896/162
f 295/7893/161 4798/6698/1860 2272/3131/1208 4802/6703/1977
f 4803/6699/1782 2271/3125/913 4810/6713/1872 294/7897/163
f 4818/6723/2049 293/7898/2260 4826/6733/1885 2282/3136/917
f 2283/3142/918 4827/6729/1750 292/7894/2258 4830/6738/1887
f 291/7895/2259 4819/6719/1744 2284/3148/920 4831/6734/2096
f 4823/6724/1747 290/7896/162 4835/6739/1981 2294/3154/1209
f 293/7898/2260 4822/6728/2095 2296/3168/663 4826/6733/1885
f 4827/6729/1750 2295/3162/923 4834/6743/1889 292/7894/2258
f 4806/6708/1978 294/7897/163 4814/6718/2093 2306/3173/1213
f 2307/3179/669 4815/6714/1873 293/7898/2260 4818/6723/2049
f 4807/6704/1865 2308/3185/929 4819/6719/1744 291/7895/2259
f 2318/3191/1214 4811/6709/1979 290/7896/162 4823/6724/1747
f 294/7897/163 4810/6713/1872 2320/3205/935 4814/6718/2093
f 4815/6714/1873 2319/3199/679 4822/6728/2095 293/7898/2260
f 2332/3224/1224 4842/6753/1779 289/7899/161 4838/6748/2061
f 4878/6798/2113 286/7900/2258 4843/6749/2099 2331/3218/1221
f 4839/6744/2098 285/7901/2259 4879/6794/1793 2330/3210/1218
f 4842/6753/1779 2342/3229/1225 4846/6758/1804 289/7899/161
f 286/7900/2258 4882/6803/2114 2343/3235/1228 4843/6749/2099
f 284/7902/162 4847/6754/2101 2344/3241/1231 4883/6799/1774
f 4838/6748/2061 289/7899/161 4850/6763/1733 2354/3247/1232
f 2355/3253/1234 4851/6759/2102 288/7903/163 4854/6768/2103
f 2356/3259/1237 4855/6764/1784 285/7901/2259 4839/6744/2098
f 4859/6769/1767 2366/3265/1239 4847/6754/2101 284/7902/162
f 289/7899/161 4846/6758/1804 2368/3279/1244 4850/6763/1733
f 4851/6759/2102 2367/3273/1243 4858/6773/2104 288/7903/163
f 4866/6783/2107 287/7904/2260 4874/6793/2112 2378/3284/1245
f 2379/3290/1246 4875/6789/2110 286/7900/2258 4878/6798/2113
f 285/7901/2259 4867/6779/2106 2380/3296/1249 4879/6794/1793
f 4871/6784/2108 284/7902/162 4883/6799/1774 2390/3302/1250
f 287/7904/2260 4870/6788/2109 2392/3316/1255 4874/6793/2112
f 4875/6789/2110 2391/3310/1253 4882/6803/2114 286/7900/2258
f 4854/6768/2103 288/7903/163 4862/6778/2105 2402/3321/1256
f 2403/3327/1259 4863/6774/1902 287/7904/2260 4866/6783/2107
f 4855/6764/1784 2404/3333/1260 4867/6779/2106 285/7901/2259
f 2414/3339/1262 4859/6769/1767 284/7902/162 4871/6784/2108
f 288/7903/163 4858/6773/2104 2416/3353/1267 4862/6778/2105
f 4863/6774/1902 2415/3347/1264 4870/6788/2109 287/7904/2260
f 2428/3372/1270 4890/6813/2117 283/7905/161 4886/6808/1855
f 4926/6858/2126 280/7906/2258 4891/6809/2116 2427/3366/1269
f 4887/6804/2115 279/7907/2259 4927/6854/2096 2426/3358/1268
f 4890/6813/2117 2438/3377/1271 4894/6818/1860 283/7905/161
f 280/7906/2258 4930/6863/2127 2439/3383/1272 4891/6809/2116
f 278/7908/162 4895/6814/1859 2440/3389/1274 4931/6859/1981
f 4886/6808/1855 283/7905/161 4898/6823/2118 2450/3395/1276
f 2451/3401/1277 4899/6819/1861 282/7909/163 4902/6828/1868
f 2452/3407/1278 4903/6824/1865 279/7907/2259 4887/6804/2115
f 4907/6829/1979 2462/3413/1280 4895/6814/1859 278/7908/162
f 283/7905/161 4894/6818/1860 2464/3427/1285 4898/6823/2118
f 4899/6819/1861 2463/3421/1284 4906/6833/2119 282/7909/163
f 4914/6843/1879 281/7910/2260 4922/6853/2124 2474/3432/1286
f 2475/3438/1288 4923/6849/2123 280/7906/2258 4926/6858/2126
f 279/7907/2259 4915/6839/2121 2476/3444/1290 4927/6854/2096
f 4919/6844/2122 278/7908/162 4931/6859/1981 2486/3450/1292
f 281/7910/2260 4918/6848/1881 2488/3464/1298 4922/6853/2124
f 4923/6849/2123 2487/3458/1295 4930/6863/2127 280/7906/2258
f 4902/6828/1868 282/7909/163 4910/6838/1876 2498/3469/1299
f 2499/3475/1302 4911/6834/2120 281/7910/2260 4914/6843/1879
f 4903/6824/1865 2500/3481/1305 4915/6839/2121 279/7907/2259
f 2510/3487/1307 4907/6829/1979 278/7908/162 4919/6844/2122
f 282/7909/163 4906/6833/2119 2512/3501/1313 4910/6838/1876
f 4911/6834/2120 2511/3495/1311 4918/6848/1881 281/7910/2260
f 2524/3520/1317 4938/6873/2129 277/7911/161 4934/6868/1675
f 4974/6918/2135 274/7912/2258 4939/6869/1891 2523/3514/1316
f 4935/6864/1890 273/7913/2259 4975/6914/2096 2522/3506/1315
f 4938/6873/2129 2534/3525/1318 4942/6878/2130 277/7911/161
f 274/7912/2258 4978/6923/2091 2535/3531/1320 4939/6869/1891
f 272/7914/162 4943/6874/1893 2536/3537/1321 4979/6919/1981
f 4934/6868/1675 277/7911/161 4946/6883/2132 2546/3543/1322
f 2547/3549/1323 4947/6879/1894 276/7915/163 4950/6888/1926
f 2548/3555/1325 4951/6884/1865 273/7913/2259 4935/6864/1890
f 4955/6889/1979 2558/3561/1326 4943/6874/1893 272/7914/162
f 277/7911/161 4942/6878/2130 2560/3575/1328 4946/6883/2132
f 4947/6879/1894 2559/3569/1327 4954/6893/1695 276/7915/163
f 4962/6903/1703 275/7916/2260 4970/6913/2133 2570/3580/1329
f 2571/3586/1330 4971/6909/1911 274/7912/2258 4974/6918/2135
f 273/7913/2259 4963/6899/1905 2572/3592/1331 4975/6914/2096
f 4967/6904/2030 272/7914/162 4979/6919/1981 2582/3598/1332
f 275/7916/2260 4966/6908/1707 2584/3612/1336 4970/6913/2133
f 4971/6909/1911 2583/3606/1335 4978/6923/2091 274/7912/2258
f 4950/6888/1926 276/7915/163 4958/6898/1904 2594/3617/1337
f 2595/3623/1339 4959/6894/2120 275/7916/2260 4962/6903/1703
f 4951/6884/1865 2596/3629/1340 4963/6899/1905 273/7913/2259
f 2606/3635/1341 4955/6889/1979 272/7914/162 4967/6904/2030
f 276/7915/163 4954/6893/1695 2608/3649/1345 4958/6898/1904
f 4959/6894/2120 2607/3643/1344 4966/6908/1707 275/7916/2260
f 2620/3668/1183 4986/6933/2137 271/7917/161 4982/6928/1832
f 5022/6978/2135 268/7918/2258 4987/6929/2136 2619/3662/688
f 4983/6924/1890 267/7919/2259 5023/6974/2088 2618/3654/1346
f 4986/6933/2137 2630/3673/692 4990/6938/1835 271/7917/161
f 268/7918/2258 5026/6983/1915 2631/3679/696 4987/6929/2136
f 266/7920/162 4991/6934/2138 2632/3685/698 5027/6979/1851
f 4982/6928/1832 271/7917/161 4994/6943/2026 2642/3691/1028
f 2643/3697/1348 4995/6939/2139 270/7921/163 4998/6948/2141
f 2644/3703/708 4999/6944/1896 267/7919/2259 4983/6924/1890
f 5003/6949/1899 2654/3709/710 4991/6934/2138 266/7920/162
f 271/7917/161 4990/6938/1835 2656/3723/1035 4994/6943/2026
f 4995/6939/2139 2655/3717/716 5002/6953/2028 270/7921/163
f 5010/6963/1907 269/7922/2260 5018/6973/1849 2666/3728/721
f 2667/3734/724 5019/6969/1911 268/7918/2258 5022/6978/2135
f 267/7919/2259 5011/6959/1905 2668/3740/1349 5023/6974/2088
f 5015/6964/2030 266/7920/162 5027/6979/1851 2678/3746/729
f 269/7922/2260 5014/6968/2144 2680/3760/734 5018/6973/1849
f 5019/6969/1911 2679/3754/731 5026/6983/1915 268/7918/2258
f 4998/6948/2141 270/7921/163 5006/6958/1904 2690/3765/736
f 2691/3771/739 5007/6954/1902 269/7922/2260 5010/6963/1907
f 4999/6944/1896 2692/3777/742 5011/6959/1905 267/7919/2259
f 2702/3783/744 5003/6949/1899 266/7920/162 5015/6964/2030
f 270/7921/163 5002/6953/2028 2704/3797/751 5006/6958/1904
f 5007/6954/1902 2703/3791/749 5014/6968/2144 269/7922/2260
f 2716/3816/174 5034/6993/1679 265/7923/161 5030/6988/1675
f 5070/7038/1715 262/7924/2258 5035/6989/1676 2715/3810/170
f 5031/6984/1672 261/7925/2259 5071/7034/1712 2714/3802/1112
f 5034/6993/1679 2726/3821/1355 5038/6998/2130 265/7923/161
f 262/7924/2258 5074/7043/1719 2727/3827/182 5035/6989/1676
f 260/7926/162 5039/6994/2147 2728/3833/186 5075/7039/1716
f 5030/6988/1675 265/7923/161 5042/7003/2056 2738/3839/1357
f 2739/3845/1118 5043/6999/1684 264/7927/163 5046/7008/1926
f 2740/3851/1120 5047/7004/2057 261/7925/2259 5031/6984/1672
f 5051/7009/1692 2750/3857/200 5039/6994/2147 260/7926/162
f 265/7923/161 5038/6998/2130 2752/3871/210 5042/7003/2056
f 5043/6999/1684 2751/3865/1123 5050/7013/1695 264/7927/163
f 5058/7023/1703 263/7928/2260 5066/7033/2151 2762/3876/789
f 2763/3882/218 5067/7029/1708 262/7924/2258 5070/7038/1715
f 261/7925/2259 5059/7019/1700 2764/3888/1126 5071/7034/1712
f 5063/7024/2148 260/7926/162 5075/7039/1716 2774/3894/1127
f 263/7928/2260 5062/7028/1938 2776/3908/234 5066/7033/2151
f 5067/7029/1708 2775/3902/230 5074/7043/1719 262/7924/2258
f 5046/7008/1926 264/7927/163 5054/7018/1699 2786/3913/1130
f 2787/3919/1363 5055/7014/2084 263/7928/2260 5058/7023/1703
f 5047/7004/2057 2788/3925/1131 5059/7019/1700 261/7925/2259
f 2798/3931/248 5051/7009/1692 260/7926/162 5063/7024/2148
f 264/7927/163 5050/7013/1695 2800/3945/821 5054/7018/1699
f 5055/7014/2084 2799/3939/1365 5062/7028/1938 263/7928/2260
f 2812/3964/1367 5082/7053/2037 259/7929/161 5078/7048/1799
f 5118/7098/2159 256/7930/2258 5083/7049/1833 2811/3958/1059
f 5079/7044/1854 255/7931/2259 5119/7094/1886 2810/3950/1366
f 5082/7053/2037 2822/3969/1368 5086/7058/2153 259/7929/161
f 256/7930/2258 5122/7103/2161 2823/3975/1369 5083/7049/1833
f 254/7932/162 5087/7054/1834 2824/3981/470 5123/7099/2160
f 5078/7048/1799 259/7929/161 5090/7063/2040 2834/3987/1072
f 2835/3993/1077 5091/7059/1836 258/7933/163 5094/7068/1978
f 2836/3999/1078 5095/7064/2154 255/7931/2259 5079/7044/1854
f 5099/7069/2043 2846/4005/1080 5087/7054/1834 254/7932/162
f 259/7929/161 5086/7058/2153 2848/4019/1372 5090/7063/2040
f 5091/7059/1836 2847/4013/1081 5098/7073/2045 258/7933/163
f 5106/7083/2156 257/7934/2260 5114/7093/2158 2858/4024/1086
f 2859/4030/1089 5115/7089/1846 256/7930/2258 5118/7098/2159
f 255/7931/2259 5107/7079/1840 2860/4036/1090 5119/7094/1886
f 5111/7084/2157 254/7932/162 5123/7099/2160 2870/4042/1373
f 257/7934/2260 5110/7088/1821 2872/4056/1097 5114/7093/2158
f 5115/7089/1846 2871/4050/1374 5122/7103/2161 256/7930/2258
f 5094/7068/1978 258/7933/163 5102/7078/2155 2882/4061/1099
f 2883/4067/1102 5103/7074/2046 257/7934/2260 5106/7083/2156
f 5095/7064/2154 2884/4073/1375 5107/7079/1840 255/7931/2259
f 2894/4079/1376 5099/7069/2043 254/7932/162 5111/7084/2157
f 258/7933/163 5098/7073/2045 2896/4093/1111 5102/7078/2155
f 5103/7074/2046 2895/4087/1377 5110/7088/1821 257/7934/2260
f 2908/4112/1183 5130/7113/2137 253/7935/161 5126/7108/1832
f 5166/7158/1850 250/7936/2258 5131/7109/1891 2907/4106/688
f 5127/7104/2162 249/7937/2259 5167/7154/1913 2906/4098/1379
f 5130/7113/2137 2918/4117/1380 5134/7118/1835 253/7935/161
f 250/7936/2258 5170/7163/1915 2919/4123/696 5131/7109/1891
f 248/7938/162 5135/7114/2138 2920/4129/698 5171/7159/2090
f 5126/7108/1832 253/7935/161 5138/7123/2026 2930/4135/1028
f 2931/4141/704 5139/7119/1894 252/7939/163 5142/7128/1898
f 2932/4147/1031 5143/7124/1896 249/7937/2259 5127/7104/2162
f 5147/7129/1899 2942/4153/710 5135/7114/2138 248/7938/162
f 253/7935/161 5134/7118/1835 2944/4167/1035 5138/7123/2026
f 5139/7119/1894 2943/4161/716 5146/7133/2028 252/7939/163
f 5154/7143/1907 251/7940/2260 5162/7153/1849 2954/4172/721
f 2955/4178/724 5163/7149/1911 250/7936/2258 5166/7158/1850
f 249/7937/2259 5155/7139/1905 2956/4184/727 5167/7154/1913
f 5159/7144/2030 248/7938/162 5171/7159/2090 2966/4190/1382
f 251/7940/2260 5158/7148/1910 2968/4204/734 5162/7153/1849
f 5163/7149/1911 2967/4198/731 5170/7163/1915 250/7936/2258
f 5142/7128/1898 252/7939/163 5150/7138/1904 2978/4209/736
f 2979/4215/739 5151/7134/1902 251/7940/2260 5154/7143/1907
f 5143/7124/1896 2980/4221/742 5155/7139/1905 249/7937/2259
f 2990/4227/744 5147/7129/1899 248/7938/162 5159/7144/2030
f 252/7939/163 5146/7133/2028 2992/4241/1384 5150/7138/1904
f 5151/7134/1902 2991/4235/749 5158/7148/1910 251/7940/2260
f 3004/4260/1388 5178/7173/2025 247/7941/161 5174/7168/2167
f 5214/7218/2174 244/7942/2258 5179/7169/1891 3003/4254/1385
f 5175/7164/1890 243/7943/2259 5215/7214/1913 3002/4246/1346
f 5178/7173/2025 3014/4265/1389 5182/7178/2168 247/7941/161
f 244/7942/2258 5218/7223/2175 3015/4271/1393 5179/7169/1891
f 242/7944/162 5183/7174/1893 3016/4277/698 5219/7219/1851
f 5174/7168/2167 247/7941/161 5186/7183/2026 3026/4283/1394
f 3027/4289/1397 5187/7179/1894 246/7945/163 5190/7188/2169
f 3028/4295/708 5191/7184/1896 243/7943/2259 5175/7164/1890
f 5195/7189/1899 3038/4301/710 5183/7174/1893 242/7944/162
f 247/7941/161 5182/7178/2168 3040/4315/1401 5186/7183/2026
f 5187/7179/1894 3039/4309/1398 5194/7193/2170 246/7945/163
f 5202/7203/2171 245/7946/2260 5210/7213/1849 3050/4320/1402
f 3051/4326/1405 5211/7209/1911 244/7942/2258 5214/7218/2174
f 243/7943/2259 5203/7199/1905 3052/4332/727 5215/7214/1913
f 5207/7204/2030 242/7944/162 5219/7219/1851 3062/4338/729
f 245/7946/2260 5206/7208/2173 3064/4352/1410 5210/7213/1849
f 5211/7209/1911 3063/4346/1407 5218/7223/2175 244/7942/2258
f 5190/7188/2169 246/7945/163 5198/7198/1904 3074/4357/1411
f 3075/4363/1414 5199/7194/1902 245/7946/2260 5202/7203/2171
f 5191/7184/1896 3076/4369/1415 5203/7199/1905 243/7943/2259
f 3086/4375/744 5195/7189/1899 242/7944/162 5207/7204/2030
f 246/7945/163 5194/7193/2170 3088/4389/1420 5198/7198/1904
f 5199/7194/1902 3087/4383/1417 5206/7208/2173 245/7946/2260
f 3100/4408/1426 5226/7233/1920 241/7947/161 5222/7228/1917
f 5262/7278/1942 238/7948/2258 5227/7229/2177 3099/4402/1424
f 5223/7224/2176 237/7949/2259 5263/7274/1940 3098/4394/753
f 5226/7233/1920 3110/4413/763 5230/7238/1683 241/7947/161
f 238/7948/2258 5266/7283/2114 3111/4419/1428 5227/7229/2177
f 236/7950/162 5231/7234/1680 3112/4425/1430 5267/7279/2060
f 5222/7228/1917 241/7947/161 5234/7243/1687 3122/4431/1431
f 3123/4437/778 5235/7239/2178 240/7951/163 5238/7248/2179
f 3124/4443/1437 5239/7244/1688 237/7949/2259 5223/7224/2176
f 5243/7249/2058 3134/4449/1439 5231/7234/1680 236/7950/162
f 241/7947/161 5230/7238/1683 3136/4463/1443 5234/7243/1687
f 5235/7239/2178 3135/4457/1442 5242/7253/2104 240/7951/163
f 5250/7263/1935 239/7952/2260 5258/7273/2182 3146/4468/1444
f 3147/4474/1445 5259/7269/1939 238/7948/2258 5262/7278/1942
f 237/7949/2259 5251/7259/1932 3148/4480/796 5263/7274/1940
f 5255/7264/2148 236/7950/162 5267/7279/2060 3158/4486/1446
f 239/7952/2260 5254/7268/1707 3160/4500/1449 5258/7273/2182
f 5259/7269/1939 3159/4494/1447 5266/7283/2114 238/7948/2258
f 5238/7248/2179 240/7951/163 5246/7258/2181 3170/4505/808
f 3171/4511/1452 5247/7254/1696 239/7952/2260 5250/7263/1935
f 5239/7244/1688 3172/4517/1455 5251/7259/1932 237/7949/2259
f 3182/4523/1456 5243/7249/2058 236/7950/162 5255/7264/2148
f 240/7951/163 5242/7253/2104 3184/4537/1458 5246/7258/2181
f 5247/7254/1696 3183/4531/1457 5254/7268/1707 239/7952/2260
f 3196/4556/1461 5274/7293/2185 235/7953/161 5270/7288/2184
f 5310/7338/2198 232/7954/2258 5275/7289/2177 3195/4550/1460
f 5271/7284/2176 231/7955/2259 5311/7334/2197 3194/4542/753
f 5274/7293/2185 3206/4561/1462 5278/7298/2186 235/7953/161
f 232/7954/2258 5314/7343/2114 3207/4567/1463 5275/7289/2177
f 230/7956/162 5279/7294/1680 3208/4573/1465 5315/7339/2199
f 5270/7288/2184 235/7953/161 5282/7303/2187 3218/4579/1467
f 3219/4585/1470 5283/7299/2178 234/7957/163 5286/7308/2103
f 3220/4591/1471 5287/7304/1924 231/7955/2259 5271/7284/2176
f 5291/7309/2188 3230/4597/1472 5279/7294/1680 230/7956/162
f 235/7953/161 5278/7298/2186 3232/4611/1475 5282/7303/2187
f 5283/7299/2178 3231/4605/1474 5290/7313/2104 234/7957/163
f 5298/7323/2107 233/7958/2260 5306/7333/2196 3242/4616/1476
f 3243/4622/1478 5307/7329/2194 232/7954/2258 5310/7338/2198
f 231/7955/2259 5299/7319/2192 3244/4628/1480 5311/7334/2197
f 5303/7324/2193 230/7956/162 5315/7339/2199 3254/4634/1481
f 233/7958/2260 5302/7328/1707 3256/4648/1485 5306/7333/2196
f 5307/7329/2194 3255/4642/1484 5314/7343/2114 232/7954/2258
f 5286/7308/2103 234/7957/163 5294/7318/2191 3266/4653/1486
f 3267/4659/1487 5295/7314/2190 233/7958/2260 5298/7323/2107
f 5287/7304/1924 3268/4665/1489 5299/7319/2192 231/7955/2259
f 3278/4671/1456 5291/7309/2188 230/7956/162 5303/7324/2193
f 234/7957/163 5290/7313/2104 3280/4685/1494 5294/7318/2191
f 5295/7314/2190 3279/4679/1493 5302/7328/1707 233/7958/2260
f 3292/4704/1183 5322/7353/2025 229/7959/161 5318/7348/1832
f 5358/7398/1850 226/7960/2258 5323/7349/2201 3291/4698/1499
f 5319/7344/2200 225/7961/2259 5359/7394/2088 3290/4690/1496
f 5322/7353/2025 3302/4709/692 5326/7358/1835 229/7959/161
f 226/7960/2258 5362/7403/2213 3303/4715/1500 5323/7349/2201
f 224/7962/162 5327/7354/2202 3304/4721/1503 5363/7399/2090
f 5318/7348/1832 229/7959/161 5330/7363/2026 3314/4727/1028
f 3315/4733/1504 5331/7359/2203 228/7963/163 5334/7368/1898
f 3316/4739/1507 5335/7364/1896 225/7961/2259 5319/7344/2200
f 5339/7369/2083 3326/4745/1508 5327/7354/2202 224/7962/162
f 229/7959/161 5326/7358/1835 3328/4759/1035 5330/7363/2026
f 5331/7359/2203 3327/4753/1511 5338/7373/2205 228/7963/163
f 5346/7383/1907 227/7964/2260 5354/7393/1849 3338/4764/721
f 3339/4770/1512 5355/7389/2211 226/7960/2258 5358/7398/1850
f 225/7961/2259 5347/7379/2207 3340/4776/1515 5359/7394/2088
f 5351/7384/2209 224/7962/162 5363/7399/2090 3350/4782/1516
f 227/7964/2260 5350/7388/2210 3352/4796/734 5354/7393/1849
f 5355/7389/2211 3351/4790/1519 5362/7403/2213 226/7960/2258
f 5334/7368/1898 228/7963/163 5342/7378/2206 3362/4801/1521
f 3363/4807/739 5343/7374/1902 227/7964/2260 5346/7383/1907
f 5335/7364/1896 3364/4813/1523 5347/7379/2207 225/7961/2259
f 3374/4819/1525 5339/7369/2083 224/7962/162 5351/7384/2209
f 228/7963/163 5338/7373/2205 3376/4833/1530 5342/7378/2206
f 5343/7374/1902 3375/4827/1528 5350/7388/2210 227/7964/2260
f 3388/4852/1536 5370/7413/2215 223/7965/161 5366/7408/2214
f 5406/7458/2223 220/7966/2258 5371/7409/1676 3387/4846/1533
f 5367/7404/1672 219/7967/2259 5407/7454/1913 3386/4838/1532
f 5370/7413/2215 3398/4857/1537 5374/7418/2216 223/7965/161
f 220/7966/2258 5410/7463/2224 3399/4863/1540 5371/7409/1676
f 218/7968/162 5375/7414/2147 3400/4869/1541 5411/7459/1851
f 5366/7408/2214 223/7965/161 5378/7423/2026 3410/4875/1542
f 3411/4881/1545 5379/7419/1684 222/7969/163 5382/7428/2217
f 3412/4887/1546 5383/7424/1896 219/7967/2259 5367/7404/1672
f 5387/7429/1899 3422/4893/1547 5375/7414/2147 218/7968/162
f 223/7965/161 5374/7418/2216 3424/4907/1551 5378/7423/2026
f 5379/7419/1684 3423/4901/1548 5386/7433/2218 222/7969/163
f 5394/7443/2221 221/7970/2260 5402/7453/1849 3434/4912/1552
f 3435/4918/1555 5403/7449/1939 220/7966/2258 5406/7458/2223
f 219/7967/2259 5395/7439/1700 3436/4924/1556 5407/7454/1913
f 5399/7444/1704 218/7968/162 5411/7459/1851 3446/4930/1557
f 221/7970/2260 5398/7448/2222 3448/4944/1561 5402/7453/1849
f 5403/7449/1939 3447/4938/1558 5410/7463/2224 220/7966/2258
f 5382/7428/2217 222/7969/163 5390/7438/1699 3458/4949/1562
f 3459/4955/1565 5391/7434/1902 221/7970/2260 5394/7443/2221
f 5383/7424/1896 3460/4961/1566 5395/7439/1700 219/7967/2259
f 3470/4967/1567 5387/7429/1899 218/7968/162 5399/7444/1704
f 222/7969/163 5386/7433/2218 3472/4981/1571 5390/7438/1699
f 5391/7434/1902 3471/4975/1568 5398/7448/2222 221/7970/2260
f 3484/5000/1426 5418/7473/1920 217/7971/161 5414/7468/1917
f 5454/7518/1942 214/7972/2258 5419/7469/2177 3483/4994/1575
f 5415/7464/2176 213/7973/2259 5455/7514/1940 3482/4986/1573
f 5418/7473/1920 3494/5005/763 5422/7478/1683 217/7971/161
f 214/7972/2258 5458/7523/2231 3495/5011/1428 5419/7469/2177
f 212/7974/162 5423/7474/2226 3496/5017/1465 5459/7519/2060
f 5414/7468/1917 217/7971/161 5426/7483/1687 3506/5023/1431
f 3507/5029/778 5427/7479/1922 216/7975/163 5430/7488/2179
f 3508/5035/1576 5431/7484/1688 213/7973/2259 5415/7464/2176
f 5435/7489/2058 3518/5041/1439 5423/7474/2226 212/7974/162
f 217/7971/161 5422/7478/1683 3520/5055/1443 5426/7483/1687
f 5427/7479/1922 3519/5049/1474 5434/7493/2227 216/7975/163
f 5442/7503/2229 215/7976/2260 5450/7513/2182 3530/5060/1444
f 3531/5066/1445 5451/7509/2194 214/7972/2258 5454/7518/1942
f 213/7973/2259 5443/7499/2192 3532/5072/796 5455/7514/1940
f 5447/7504/2193 212/7974/162 5459/7519/2060 3542/5078/1577
f 215/7976/2260 5446/7508/2230 3544/5092/1449 5450/7513/2182
f 5451/7509/2194 3543/5086/1579 5458/7523/2231 214/7972/2258
f 5430/7488/2179 216/7975/163 5438/7498/2181 3554/5097/808
f 3555/5103/1452 5439/7494/1696 215/7976/2260 5442/7503/2229
f 5431/7484/1688 3556/5109/1455 5443/7499/2192 213/7973/2259
f 3566/5115/1456 5435/7489/2058 212/7974/162 5447/7504/2193
f 216/7975/163 5434/7493/2227 3568/5129/1458 5438/7498/2181
f 5439/7494/1696 3567/5123/1457 5446/7508/2230 215/7976/2260
f 3580/5148/1584 5502/7583/1763 203/225/161 5462/7528/1762
f 5546/7673/2240 206/7977/2258 5503/7574/1723 3579/5142/266
f 5463/7524/1760 193/7978/2259 5547/7669/1753 3578/5134/1581
f 5466/7533/1763 3590/5153/272 5526/7633/1764 198/241/161
f 208/7979/2258 5498/7573/1759 3591/5159/1161 5467/7529/1723
f 207/249/162 5527/7624/1726 3592/5165/1587 5499/7569/1756
f 5522/7623/1762 204/246/161 5474/7543/2026 3602/5171/1588
f 3603/5177/1590 5475/7539/1730 195/233/163 5478/7548/1736
f 3604/5183/1591 5479/7544/1896 197/7980/2259 5523/7614/1760
f 5543/7659/1899 3614/5189/1592 5471/7534/1726 201/243/162
f 211/251/161 5470/7538/1764 3616/5203/1594 5506/7593/2026
f 5507/7584/1730 3615/5197/1593 5542/7668/1740 191/237/163
f 5495/7564/1747 194/240/162 5551/7674/1756 3626/5208/378
f 209/7981/2260 5494/7568/1749 3628/5222/325 5514/7608/1752
f 5515/7604/2021 3627/5216/321 5550/7683/1759 192/7982/2258
f 5538/7658/1736 205/248/163 5486/7558/1788 3638/5227/384
f 3639/5233/1194 5487/7554/1902 202/7983/2260 5490/7563/2233
f 5539/7649/1896 3640/5239/1054 5491/7559/1744 200/7984/2259
f 3650/5245/1601 5483/7549/1899 196/229/162 5531/7634/1747
f 210/250/163 5482/7553/1740 3652/5259/400 5510/7603/2234
f 5511/7594/1902 3651/5253/1603 5530/7643/1749 199/7985/2260
f 5502/7583/1763 3663/7582/1763 168/226/161 203/225/161
f 206/7977/2258 164/7986/2258 3662/7575/1723 5503/7574/1723
f 164/7986/2258 208/7979/2258 5467/7529/1723 3662/7575/1723
f 3663/7582/1763 5466/7533/1763 198/241/161 168/226/161
f 166/245/161 211/251/161 5506/7593/2026 3667/7592/2026
f 204/246/161 166/245/161 3667/7592/2026 5474/7543/2026
f 5475/7539/1730 3666/7585/1730 174/234/163 195/233/163
f 3666/7585/1730 5507/7584/1730 191/237/163 174/234/163
f 165/247/163 210/250/163 5510/7603/2234 3671/7602/1743
f 205/248/163 165/247/163 3671/7602/1743 5486/7558/1788
f 5487/7554/1902 3670/7595/1902 167/7987/2260 202/7983/2260
f 3670/7595/1902 5511/7594/1902 199/7985/2260 167/7987/2260
f 5519/7609/1746 209/7981/2260 5514/7608/1752 3676/5278/1609
f 3675/5270/377 5554/7688/1753 188/7988/2259 5518/7613/1744
f 3674/5264/375 5515/7604/2021 192/7982/2258 5555/7684/1755
f 3687/7622/1762 169/228/161 204/246/161 5522/7623/1762
f 3686/7615/2237 171/7989/2259 193/7978/2259 5463/7524/1760
f 5462/7528/1762 203/225/161 169/228/161 3687/7622/1762
f 5523/7614/1760 197/7980/2259 171/7989/2259 3686/7615/2237
f 175/244/162 3690/7625/1726 5527/7624/1726 207/249/162
f 173/242/161 3691/7632/1764 5470/7538/1764 211/251/161
f 198/241/161 5526/7633/1764 3691/7632/1764 173/242/161
f 201/243/162 5471/7534/1726 3690/7625/1726 175/244/162
f 5490/7563/2233 202/7983/2260 5534/7648/1849 3696/5297/1613
f 200/7984/2259 5491/7559/1744 3695/5291/1610 5558/7693/2088
f 3694/5283/375 5535/7644/1750 189/7990/2258 5559/7689/1755
f 5531/7634/1747 196/229/162 170/232/162 3706/7635/1747
f 3706/7635/1747 170/232/162 194/240/162 5495/7564/1747
f 172/7991/2260 3707/7642/1749 5494/7568/1749 209/7981/2260
f 199/7985/2260 5530/7643/1749 3707/7642/1749 172/7991/2260
f 167/7987/2260 199/7985/2260 172/7991/2260 3712/5316/1624
f 3712/5316/1624 172/7991/2260 209/7981/2260 5519/7609/1746
f 5518/7613/1744 188/7988/2259 5575/7709/1753 3710/5302/1614
f 202/7983/2260 167/7987/2260 3712/5316/1624 5534/7648/1849
f 5535/7644/1750 3711/5310/1620 5574/7713/1755 189/7990/2258
f 3723/7657/1736 178/236/163 205/248/163 5538/7658/1736
f 5478/7548/1736 195/233/163 178/236/163 3723/7657/1736
f 5479/7544/1896 3722/7650/1896 176/7992/2259 197/7980/2259
f 3722/7650/1896 5539/7649/1896 200/7984/2259 176/7992/2259
f 3726/7660/2083 5543/7659/1899 201/243/162 177/230/162
f 181/238/163 3727/7667/1740 5482/7553/1740 210/250/163
f 5483/7549/1899 3726/7660/2083 177/230/162 196/229/162
f 191/237/163 5542/7668/1740 3727/7667/1740 181/238/163
f 3732/5335/1627 5563/7694/2021 206/7977/2258 5546/7673/2240
f 5562/7698/1752 3731/5327/1626 5567/7699/1746 190/7993/2260
f 193/7978/2259 5566/7703/1789 3730/5321/313 5547/7669/1753
f 192/7982/2258 5550/7683/1759 3743/7682/1759 180/7994/2258
f 194/240/162 179/239/162 3742/7675/1774 5551/7674/1756
f 179/239/162 207/249/162 5499/7569/1756 3742/7675/1774
f 180/7994/2258 3743/7682/1759 5498/7573/1759 208/7979/2258
f 5555/7684/1755 192/7982/2258 180/7994/2258 3747/5348/1634
f 3747/5348/1634 180/7994/2258 208/7979/2258 164/7986/2258
f 5554/7688/1753 3746/5340/313 5571/7704/1744 188/7988/2259
f 5563/7694/2021 3747/5348/1634 164/7986/2258 206/7977/2258
f 3748/5352/303 5562/7698/1752 190/7993/2260 5570/7708/1842
f 176/7992/2259 200/7984/2259 5558/7693/2088 3760/5372/1648
f 190/7993/2260 5567/7699/1746 3759/5366/1644 5579/7714/2112
f 197/7980/2259 176/7992/2259 3760/5372/1648 171/7989/2259
f 171/7989/2259 3760/5372/1648 5566/7703/1789 193/7978/2259
f 5559/7689/1755 189/7990/2258 5578/7718/2021 3758/5358/309
f 188/7988/2259 5571/7704/1744 3771/5383/377 5575/7709/1753
f 5570/7708/1842 190/7993/2260 5579/7714/2112 3772/5391/1626
f 189/7990/2258 5574/7713/1755 3770/5377/375 5578/7718/2021
f 3784/5410/1651 5586/7728/1763 187/7995/161 5582/7723/1855
f 5622/7773/2257 184/7996/2258 5587/7724/1777 3783/5404/901
f 5583/7719/1720 183/7997/2259 5623/7769/1793 3782/5396/260
f 5586/7728/1763 3794/5415/1652 5590/7733/1860 187/7995/161
f 184/7996/2258 5626/7778/2127 3795/5421/902 5587/7724/1777
f 182/7998/162 5591/7729/1780 3796/5427/410 5627/7774/1774
f 5582/7723/1855 187/7995/161 5594/7738/1765 3806/5433/1654
f 3807/5439/907 5595/7734/1782 186/7999/163 5598/7743/1868
f 3808/5445/292 5599/7739/1734 183/7997/2259 5583/7719/1720
f 5603/7744/1767 3818/5451/294 5591/7729/1780 182/7998/162
f 187/7995/161 5590/7733/1860 3820/5465/1660 5594/7738/1765
f 5595/7734/1782 3819/5459/913 5602/7748/2119 186/7999/163
f 5610/7758/2255 185/8000/2260 5618/7768/2112 3830/5470/1661
f 3831/5476/918 5619/7764/1750 184/7996/2258 5622/7773/2257
f 183/7997/2259 5611/7754/1744 3832/5482/377 5623/7769/1793
f 5615/7759/1747 182/7998/162 5627/7774/1774 3842/5488/378
f 185/8000/2260 5614/7763/2256 3844/5502/1665 5618/7768/2112
f 5619/7764/1750 3843/5496/1664 5626/7778/2127 184/7996/2258
f 5598/7743/1868 186/7999/163 5606/7753/1743 3854/5507/926
f 3855/5513/1666 5607/7749/1741 185/8000/2260 5610/7758/2255
f 5599/7739/1734 3856/5519/337 5611/7754/1744 183/7997/2259
f 3866/5525/392 5603/7744/1767 182/7998/162 5615/7759/1747
f 186/7999/163 5602/7748/2119 3868/5539/935 5606/7753/1743
f 5607/7749/1741 3867/5533/1670 5614/7763/2256 185/8000/2260
