# Blender 5.0.1
# www.blender.org
mtllib Untitled.mtl
o MIddble_Wheel_BAse.001
v -0.001897 -2.233943 1.118239
v -0.001897 -2.233943 1.266344
v 0.660758 -2.233943 1.266344
v -0.001897 -4.677005 1.266344
v 0.660758 -4.677005 1.266344
v -0.661613 -2.233943 1.266344
v -0.661613 -4.677005 1.266344
v -0.001897 -4.677005 1.118239
v 0.743721 -4.677005 1.118239
v 0.743721 -2.233943 1.118239
v -0.744576 -2.233943 1.118239
v -0.744576 -4.677005 1.118239
v -0.001897 -0.607274 0.607297
v 0.130136 0.770308 0.905278
v -0.001049 0.770308 0.905278
v -0.001049 0.542249 0.987765
v 0.148316 0.542249 0.987765
v -0.001897 -0.483689 0.995347
v -0.148597 0.542249 0.987765
v -0.130636 0.770308 0.905278
v -0.000890 0.961900 0.844540
v -0.100849 0.961900 0.844540
v 0.100435 0.961900 0.844540
v 0.273398 0.536561 0.599715
v 0.130136 0.763953 0.642984
v 0.629535 -0.607274 0.607297
v -0.273679 0.536561 0.599715
v -0.630393 -0.607274 0.607297
v -0.130636 0.763953 0.642984
v -0.000890 1.102615 0.663241
v -0.100849 1.102615 0.663241
v 0.100435 1.102615 0.663241
v -0.552791 -0.530601 0.848047
v -0.196077 0.540089 0.840465
v -0.130636 0.767896 0.805714
v -0.100849 1.015314 0.775721
v -0.000890 1.015314 0.775720
v 0.100435 1.015314 0.775721
v 0.130136 0.767896 0.805714
v 0.195795 0.540089 0.840465
v 0.551933 -0.530601 0.848047
v -0.001897 -0.530601 0.848047
v 0.551933 -1.299054 0.902291
v -0.001897 -1.299054 0.902291
v -0.001897 -1.252142 1.049590
v -0.552791 -1.299054 0.902291
v 0.528190 -0.507142 0.921704
v 0.483616 -0.423662 0.994903
v 0.425680 -0.483689 0.995347
v 0.425680 -1.252142 1.049590
v 0.528190 -1.275596 0.975948
v -0.426538 -0.483689 0.995347
v -0.484443 -0.423673 0.994903
v -0.529048 -0.507142 0.921704
v -0.529048 -1.275596 0.975948
v -0.426538 -1.252142 1.049590
v -0.001188 -2.312498 -1.079413
v 0.341211 -2.312498 -1.079414
v -0.768414 -2.312498 -0.834258
v -0.341635 -2.312498 -1.079414
v -0.000809 -2.320017 -1.330674
v 0.101507 -2.319568 -1.298490
v 0.200655 -2.318472 -1.267302
v 0.213184 -2.318387 -1.260965
v 0.258337 -2.316278 -1.196934
v 0.288554 -2.315059 -1.154085
v 0.316159 -2.314139 -1.114939
v -0.316583 -2.314139 -1.114939
v -0.288978 -2.315059 -1.154085
v -0.258761 -2.316278 -1.196934
v -0.213608 -2.318387 -1.260965
v -0.201079 -2.318472 -1.267302
v -0.102519 -2.319568 -1.298490
v -0.102519 -2.324091 -1.408693
v -0.000809 -2.324814 -1.440878
v 0.101507 -2.324091 -1.408693
v 0.767990 -2.312498 -0.834258
v -0.002408 -2.312498 -0.834257
v 0.341211 -1.742156 -1.079414
v 0.767990 -1.742156 -0.834258
v -0.002408 -1.742156 -0.834257
v -0.768414 -1.742156 -0.834258
v -0.341635 -1.742156 -1.079414
v 0.101507 -1.821404 -1.298490
v 0.200655 -1.821404 -1.267302
v 0.213184 -1.818731 -1.260965
v 0.258337 -1.791724 -1.196934
v 0.288554 -1.773651 -1.154085
v 0.316159 -1.757140 -1.114939
v -0.316583 -1.757140 -1.114939
v -0.288978 -1.773651 -1.154085
v -0.258761 -1.791724 -1.196934
v -0.213608 -1.818731 -1.260965
v -0.201079 -1.821404 -1.267302
v -0.102519 -1.821404 -1.298490
v -0.102519 -1.821404 -1.408693
v -0.000809 -1.821404 -1.440878
v 0.101507 -1.821404 -1.408693
v 0.200655 -1.821404 -1.541967
v 0.213184 -1.818731 -1.535630
v 0.213184 -2.318387 -1.535630
v 0.200655 -2.318472 -1.541967
v 0.258337 -1.791724 -1.471600
v 0.258337 -2.316278 -1.471600
v -0.258761 -1.791724 -1.471600
v -0.213608 -1.818731 -1.535630
v -0.213608 -2.318387 -1.535630
v -0.258761 -2.316278 -1.471600
v -0.201079 -1.821404 -1.541967
v -0.201079 -2.318472 -1.541967
v 0.365843 -1.773651 -1.208589
v 0.335627 -1.791724 -1.251438
v 0.365843 -2.315059 -1.208589
v 0.335627 -2.316278 -1.251438
v 0.393448 -1.757140 -1.169443
v 0.393448 -2.314139 -1.169443
v 0.418501 -1.742156 -1.133917
v 0.418501 -2.312498 -1.133917
v -0.418925 -1.742156 -1.133917
v -0.393872 -1.757140 -1.169443
v -0.393872 -2.314139 -1.169443
v -0.418925 -2.312498 -1.133917
v -0.366267 -1.773651 -1.208588
v -0.366267 -2.315059 -1.208588
v -0.336051 -1.791724 -1.251438
v -0.336051 -2.316278 -1.251438
v 0.298361 -1.809776 -1.161001
v 0.274682 -1.823938 -1.194578
v 0.356037 -1.809776 -1.201673
v 0.332358 -1.823938 -1.235251
v 0.325966 -1.793265 -1.121855
v 0.383641 -1.793265 -1.162527
v 0.344480 -1.782191 -1.095601
v 0.402156 -1.782191 -1.136273
v -0.344904 -1.782191 -1.095601
v -0.326390 -1.793265 -1.121855
v -0.384066 -1.793265 -1.162527
v -0.402580 -1.782191 -1.136273
v -0.298785 -1.809776 -1.161001
v -0.356461 -1.809776 -1.201673
v -0.275106 -1.823938 -1.194578
v -0.332782 -1.823938 -1.235251
v 0.293458 -1.773651 -1.157543
v 0.298361 -1.779650 -1.161001
v 0.266019 -1.790101 -1.196588
v 0.274682 -1.794301 -1.194578
v 0.360940 -1.773651 -1.205130
v 0.356037 -1.779650 -1.201673
v 0.333395 -1.790148 -1.244269
v 0.332358 -1.794436 -1.235251
v 0.321063 -1.757140 -1.118397
v 0.325966 -1.763139 -1.121855
v 0.388544 -1.757140 -1.165985
v 0.383641 -1.763139 -1.162527
v 0.342369 -1.744437 -1.088330
v 0.344480 -1.751537 -1.095601
v 0.409869 -1.744404 -1.135810
v 0.402156 -1.751650 -1.136273
v -0.342750 -1.744404 -1.088180
v -0.344904 -1.751650 -1.095601
v -0.321487 -1.757140 -1.118397
v -0.326390 -1.763139 -1.121855
v -0.388968 -1.757140 -1.165985
v -0.384066 -1.763139 -1.162527
v -0.410137 -1.744437 -1.135820
v -0.402580 -1.751537 -1.136273
v -0.293882 -1.773651 -1.157543
v -0.298785 -1.779650 -1.161001
v -0.361364 -1.773651 -1.205130
v -0.356461 -1.779650 -1.201673
v -0.266263 -1.790148 -1.196630
v -0.275106 -1.794436 -1.194578
v -0.333798 -1.790101 -1.244086
v -0.332782 -1.794301 -1.235251
v 0.767990 -1.742156 -0.834258
v 0.341211 -1.742156 -1.079414
v 0.767990 -2.312498 -0.834258
v 0.341211 -2.312498 -1.079414
v -0.768414 -1.742156 -0.834258
v -0.341635 -1.742156 -1.079414
v -0.341635 -2.312498 -1.079414
v -0.768414 -2.312498 -0.834258
v 0.718131 -1.812156 -0.887994
v 0.412748 -1.812156 -1.063416
v 0.718131 -2.242498 -0.887994
v 0.412748 -2.242498 -1.063416
v -0.718555 -1.812156 -0.887994
v -0.413172 -1.812156 -1.063416
v -0.413172 -2.242498 -1.063416
v -0.718555 -2.242498 -0.887994
v 0.683446 -1.852156 -0.907918
v 0.447433 -1.852156 -1.043492
v 0.683446 -2.202498 -0.907918
v 0.447433 -2.202498 -1.043492
v -0.683870 -1.852156 -0.907918
v -0.447857 -1.852156 -1.043492
v -0.447857 -2.202498 -1.043492
v -0.683870 -2.202498 -0.907918
v 0.683446 -1.852156 -0.889859
v 0.447433 -1.852156 -1.025432
v 0.683446 -2.202498 -0.889859
v 0.447433 -2.202498 -1.025432
v -0.683870 -1.852156 -0.889859
v -0.447857 -1.852156 -1.025432
v -0.447857 -2.202498 -1.025432
v -0.683870 -2.202498 -0.889859
v 0.775837 -0.663027 0.467458
v 0.629534 -0.663027 0.607297
v -0.001897 -0.663027 0.607297
v -0.630393 -0.663027 0.607297
v -0.776717 -0.663027 0.467458
v 0.916542 -2.233943 0.978400
v 0.743721 -2.233943 1.118239
v -0.001897 -2.233943 1.118239
v -0.744576 -2.233943 1.118239
v -0.917422 -2.233943 0.978400
v -0.001897 -2.233943 0.199478
v 0.916542 -2.233943 0.199478
v -0.917422 -2.233943 0.199478
v 0.775837 -0.607274 0.199478
v 0.775837 -0.607274 0.467458
v 0.775837 -0.663027 0.199478
v 0.629535 -0.607274 0.607297
v -0.001897 -0.607274 0.607297
v -0.630393 -0.607274 0.607297
v -0.776717 -0.607274 0.467458
v -0.776717 -0.607274 0.199478
v -0.776717 -0.663027 0.199478
v -0.776717 -1.736452 0.199478
v -0.776717 -1.736452 0.644968
v -0.630393 -1.736452 0.784807
v -0.001897 -1.736452 0.784807
v 0.629534 -1.736452 0.784807
v 0.775837 -1.736452 0.644968
v 0.775837 -1.736452 0.199478
v -0.917422 -1.923557 0.199478
v -0.917422 -1.923557 0.978400
v -0.744576 -1.923557 1.118239
v -0.001897 -1.923557 1.118239
v 0.743721 -1.923557 1.118239
v 0.916542 -1.923557 0.978400
v 0.916542 -1.923557 0.199478
v -0.001897 -0.589006 0.786587
v 0.629534 -0.589006 0.786587
v -0.001897 -1.736452 0.876815
v 0.629534 -1.736452 0.876815
v -0.630393 -0.589006 0.786587
v -0.630393 -1.736452 0.876815
v -0.001897 -0.656540 0.623010
v 0.612534 -0.656540 0.623010
v -0.001897 -0.595494 0.770874
v 0.612534 -0.595494 0.770874
v -0.613393 -0.656540 0.623010
v -0.613393 -0.595494 0.770874
v -0.001897 -0.728893 0.623010
v 0.612534 -0.728893 0.623010
v -0.001897 -0.667847 0.770874
v 0.612534 -0.667847 0.770874
v -0.613393 -0.728893 0.623010
v -0.613393 -0.667847 0.770874
v 1.123446 -0.645250 0.650356
v 1.078063 -0.663027 0.607297
v 1.123446 -1.736452 0.830806
v 1.078063 -1.736452 0.784807
v 1.123446 -0.607210 0.742496
v 1.078063 -0.589006 0.786587
v 1.123446 -1.736452 0.831292
v 1.078063 -1.736452 0.876815
v -1.124304 -0.645250 0.650356
v -1.078921 -0.663027 0.607297
v -1.124304 -1.736452 0.830806
v -1.078921 -1.736452 0.784807
v -1.124304 -1.736452 0.831292
v -1.078921 -1.736452 0.876815
v -1.124304 -0.607210 0.742496
v -1.078921 -0.589006 0.786587
v -0.001897 -4.677005 0.199478
v 0.916542 -4.677005 0.199478
v -0.917422 -4.677005 0.199478
v -0.173883 1.926335 -0.510215
v 0.173884 1.926335 -0.510215
v -0.000497 1.926335 -0.510215
v -0.366906 0.763953 -0.849328
v -0.001049 0.763953 -0.849328
v 0.366906 0.763953 -0.849328
v -0.147528 2.025624 -0.469455
v -0.000422 2.025624 -0.469455
v 0.147528 2.025624 -0.469455
v -0.715269 -0.890572 -0.834335
v 0.715269 -0.890572 -0.834335
v 0.366906 0.536561 -0.849328
v -0.001049 0.536561 -0.849328
v -0.366906 0.536561 -0.849328
v -0.663671 -0.679190 -0.836556
v 0.663671 -0.679190 -0.836556
v -0.262286 1.926335 -0.323716
v -0.222531 2.025624 -0.302942
v -0.002045 -0.803929 -0.375430
v -1.155596 -0.803929 -0.375430
v 1.155596 -0.803929 -0.375430
v 0.222531 2.025624 -0.302942
v 0.262286 1.926335 -0.323716
v -0.553442 0.763953 -0.376464
v 0.553443 0.763953 -0.376465
v -0.113259 2.240418 -0.130711
v -0.075085 2.240418 -0.181483
v -0.000215 2.240418 -0.181483
v 0.075085 2.240418 -0.181483
v 0.113259 2.240418 -0.130711
v -0.553442 0.536561 -0.376465
v 0.553442 0.536561 -0.376465
v 1.001084 -0.605380 -0.375583
v -1.001084 -0.605380 -0.375583
v 0.078590 2.240418 -0.176821
v 0.154414 2.025624 -0.454168
v 0.182000 1.926335 -0.493093
v 0.384032 0.763953 -0.805915
v 0.384032 0.536561 -0.805915
v 0.694649 -0.672414 -0.794234
v -0.694648 -0.672414 -0.794234
v -0.384032 0.536561 -0.805915
v -0.384032 0.763953 -0.805914
v -0.182000 1.926335 -0.493093
v -0.154414 2.025624 -0.454168
v -0.078590 2.240418 -0.176821
v 0.068451 2.240418 -0.181483
v 0.134492 2.025624 -0.469455
v 0.158519 1.926335 -0.510215
v 0.334486 0.763953 -0.849328
v 0.334486 0.536561 -0.849328
v 0.605028 -0.679190 -0.836556
v 0.652067 -0.890572 -0.834335
v 0.983673 -0.803929 -0.375430
v -0.068488 2.240418 -0.181483
v -0.134566 2.025624 -0.469455
v -0.158606 1.926335 -0.510215
v -0.334671 0.763953 -0.849328
v -0.334671 0.536561 -0.849328
v -0.605362 -0.679190 -0.836556
v -0.652427 -0.890572 -0.834335
v -0.984033 -0.803929 -0.375430
v -0.821100 -0.890572 -0.834335
v -0.854486 -0.882617 -0.792203
v 0.854486 -0.882617 -0.792203
v 0.821100 -0.890572 -0.834335
v -1.176238 -0.402100 -0.375583
v -1.248092 -0.803929 -0.375430
v -0.807765 -0.890572 -0.834335
v -0.756167 -0.679190 -0.836556
v -0.787144 -0.672414 -0.794234
v 1.176239 -0.402100 -0.375583
v 0.787145 -0.672414 -0.794234
v 0.756167 -0.679190 -0.836556
v 0.807765 -0.890572 -0.834335
v 1.248092 -0.803929 -0.375430
v -1.008547 -0.624417 -0.375569
v -1.183701 -0.440628 -0.375569
v -0.805658 -0.692569 -0.794040
v -0.774449 -0.699458 -0.836343
v -0.761114 -0.699458 -0.836343
v -0.668618 -0.699458 -0.836343
v -0.609875 -0.699458 -0.836343
v 0.609538 -0.699458 -0.836343
v 0.668618 -0.699458 -0.836343
v 0.761114 -0.699458 -0.836343
v 0.774449 -0.699458 -0.836343
v 0.805658 -0.692569 -0.794040
v 1.183701 -0.440628 -0.375569
v 1.008547 -0.624417 -0.375569
v -0.763833 -0.679190 -0.836556
v -0.770592 -0.683654 -0.836509
v -0.795674 -0.672414 -0.794234
v -0.801652 -0.676975 -0.794190
v -1.182907 -0.387446 -0.375583
v 0.801652 -0.676975 -0.794190
v 0.795674 -0.672414 -0.794234
v 0.763833 -0.679190 -0.836556
v 0.770592 -0.683654 -0.836509
v 1.182907 -0.387446 -0.375583
v -0.754209 -0.673286 -0.774111
v -1.031345 -0.618676 -0.404714
v -0.810640 -0.707417 -0.787811
v -1.172149 -0.454844 -0.400477
v 1.031346 -0.618676 -0.404714
v 0.754209 -0.673286 -0.774111
v 1.172149 -0.454844 -0.400477
v 0.810640 -0.707417 -0.787811
v -0.842428 -1.742156 -0.834335
v -0.768414 -1.742156 -0.834335
v -0.002408 -1.742156 -0.834335
v 0.767990 -1.742156 -0.834335
v 1.158548 -1.655509 -0.375430
v -0.002408 -1.655509 -0.375430
v -1.158972 -1.655509 -0.375430
v -1.270722 -1.655509 -0.375430
v 0.842428 -1.742156 -0.834335
v 1.270722 -1.655509 -0.375430
v -0.990689 -1.734200 -0.792203
v -0.951368 -1.742156 -0.834335
v -1.379663 -1.655509 -0.375430
v 0.951368 -1.742156 -0.834335
v 0.990689 -1.734200 -0.792203
v 1.379663 -1.655509 -0.375430
v -1.006394 -1.734200 -0.792203
v -0.967074 -1.742156 -0.834335
v 0.967074 -1.742156 -0.834335
v 1.006395 -1.734200 -0.792203
v 0.650109 0.289963 -0.376274
v 0.451108 0.275487 -0.803392
v 0.430991 0.274024 -0.846570
v 0.392908 0.274024 -0.846570
v -0.001232 0.274024 -0.846569
v -0.393125 0.274024 -0.846570
v -0.430991 0.274024 -0.846570
v -0.451108 0.275487 -0.803392
v -0.650109 0.289963 -0.376274
v 0.683435 0.204949 -0.376209
v 0.474233 0.185483 -0.802523
v 0.453085 0.183515 -0.845619
v 0.413050 0.183515 -0.845619
v -0.413278 0.183515 -0.845619
v -0.453085 0.183515 -0.845619
v -0.474233 0.185483 -0.802523
v -0.683435 0.204949 -0.376209
v -1.252470 -0.803929 -0.375430
v -1.255226 -0.805128 -0.381781
v -1.192396 -0.423351 -0.375569
v -1.190695 -0.418643 -0.382348
v -1.185982 -0.390094 -0.381926
v 1.255226 -0.805128 -0.381781
v 1.252470 -0.803929 -0.375430
v 1.192390 -0.423364 -0.375569
v 1.190687 -0.418649 -0.382358
v 1.185983 -0.390094 -0.381926
v -1.389502 -1.656696 -0.381715
v -1.386586 -1.655509 -0.375430
v 1.386586 -1.655509 -0.375430
v 1.389502 -1.656696 -0.381715
v 0.157833 1.926335 -0.493093
v 0.333039 0.763953 -0.805915
v 0.227459 1.926335 -0.323716
v 0.479955 0.763953 -0.376465
v -0.157833 1.926335 -0.493093
v -0.227459 1.926335 -0.323716
v -0.333039 0.763953 -0.805914
v -0.479955 0.763953 -0.376464
v -0.888698 -0.916729 -0.763335
v -1.234266 -0.849924 -0.410654
v -1.026926 -1.689259 -0.763739
v -1.355702 -1.622725 -0.410190
v 1.234266 -0.849924 -0.410654
v 0.888698 -0.916729 -0.763335
v 1.355702 -1.622725 -0.410190
v 1.026926 -1.689259 -0.763739
v 0.841833 -0.716017 -0.763533
v 0.874541 -0.835962 -0.764240
v 1.171594 -0.481787 -0.412448
v 1.218339 -0.769482 -0.410714
v -1.171601 -0.481782 -0.412440
v -0.841833 -0.716017 -0.763533
v -0.874540 -0.835962 -0.764240
v -1.218340 -0.769482 -0.410713
v 0.876871 -0.716017 -0.763533
v 0.909578 -0.835962 -0.764240
v 1.206632 -0.481787 -0.412448
v 1.253377 -0.769482 -0.410714
v -1.206639 -0.481782 -0.412440
v -0.876871 -0.716017 -0.763533
v -0.909578 -0.835962 -0.764240
v -1.253378 -0.769482 -0.410713
v -0.923735 -0.916729 -0.763335
v -1.269304 -0.849924 -0.410654
v -1.061964 -1.689259 -0.763739
v -1.390740 -1.622725 -0.410190
v 1.269304 -0.849924 -0.410654
v 0.923736 -0.916729 -0.763335
v 1.390740 -1.622725 -0.410190
v 1.061964 -1.689259 -0.763739
v 0.501275 0.156078 -0.775055
v 0.701943 -0.637384 -0.765501
v 0.676668 0.171205 -0.403482
v 0.973421 -0.577490 -0.404769
v -0.501275 0.156078 -0.775055
v -0.676668 0.171205 -0.403482
v -0.701943 -0.637384 -0.765501
v -0.973420 -0.577490 -0.404769
v 0.460371 0.156078 -0.775055
v 0.661039 -0.637384 -0.765501
v 0.635763 0.171205 -0.403482
v 0.932516 -0.577490 -0.404769
v -0.460371 0.156078 -0.775055
v -0.635763 0.171205 -0.403482
v -0.661039 -0.637384 -0.765501
v -0.932516 -0.577490 -0.404769
v 0.391371 0.743953 -0.787310
v 0.391412 0.537601 -0.787326
v 0.546103 0.743953 -0.395069
v 0.546166 0.535147 -0.395094
v 0.452985 0.295066 -0.784687
v 0.635849 0.308662 -0.395268
v -0.391412 0.537601 -0.787326
v -0.546165 0.535147 -0.395094
v -0.452985 0.295066 -0.784687
v -0.635849 0.308662 -0.395268
v -0.391371 0.743953 -0.787310
v -0.546103 0.743953 -0.395069
v 0.366041 0.743953 -0.787310
v 0.366082 0.537601 -0.787326
v 0.520773 0.743953 -0.395069
v 0.520835 0.535147 -0.395094
v 0.427655 0.295066 -0.784687
v 0.610519 0.308662 -0.395268
v -0.366081 0.537601 -0.787326
v -0.520835 0.535147 -0.395094
v -0.427655 0.295066 -0.784687
v -0.610519 0.308662 -0.395268
v -0.366041 0.743953 -0.787310
v -0.520773 0.743953 -0.395069
v -0.001999 -5.724237 -2.186407
v -0.000865 -5.678193 -3.734559
v 0.056451 -5.800814 -3.734560
v 0.056451 -6.112085 -3.954681
v -0.000865 -6.112084 -3.954680
v -0.056803 -6.112085 -3.954681
v -0.056803 -5.800814 -3.734560
v -0.000865 -5.815345 -4.201241
v 0.056451 -5.815345 -4.201241
v 0.056451 -5.972592 -4.348710
v -0.000865 -5.972591 -4.348709
v -0.056803 -5.972592 -4.348710
v -0.056803 -5.815345 -4.201241
v -0.000271 -5.374934 -3.959941
v -0.000271 -5.104548 -4.201241
v 0.000660 -5.374934 -3.959941
v 0.009438 -5.390689 -3.951604
v 0.002018 -5.104548 -4.201241
v 0.009111 -5.126081 -4.201241
v -0.009790 -5.390689 -3.951604
v -0.001012 -5.374934 -3.959941
v -0.002369 -5.104548 -4.201241
v -0.009463 -5.126081 -4.201241
v -0.056803 -5.964853 -3.850563
v -0.056803 -5.898213 -4.278956
v -0.000865 -5.898213 -4.278956
v 0.056451 -5.898213 -4.278956
v 0.056451 -5.964853 -3.850563
v -0.092553 -5.964853 -3.850563
v -0.092553 -5.800814 -3.734560
v 0.185468 -5.846859 -2.186408
v 0.185468 -6.179364 -2.302411
v 0.092201 -5.964853 -3.850563
v 0.092201 -5.800814 -3.734560
v -0.183824 -6.147392 -2.321898
v -0.094914 -5.942660 -3.799462
v -0.184233 -5.874660 -2.226776
v -0.094199 -5.830254 -3.719917
v 0.183881 -5.874660 -2.226776
v 0.183472 -6.147392 -2.321898
v 0.094562 -5.942660 -3.799462
v 0.093847 -5.830254 -3.719917
v -0.159843 -6.147392 -2.321898
v -0.070932 -5.942660 -3.799462
v -0.160251 -5.874660 -2.226776
v -0.070217 -5.830254 -3.719917
v 0.159899 -5.874660 -2.226776
v 0.159491 -6.147392 -2.321898
v 0.070580 -5.942660 -3.799462
v 0.069865 -5.830254 -3.719917
v 0.229037 -6.207712 -2.356670
v 0.228553 -6.432044 -2.434903
v 0.140552 -6.086554 -3.897425
v 0.139716 -6.002475 -3.837906
v -0.228904 -6.432044 -2.434903
v -0.229389 -6.207712 -2.356670
v -0.140068 -6.002475 -3.837906
v -0.140904 -6.086554 -3.897425
v 0.056451 -5.800814 -3.734560
v 0.056451 -5.815345 -4.201241
v 0.009111 -5.126081 -4.201241
v 0.009438 -5.390689 -3.951604
v -0.056803 -5.800814 -3.734560
v -0.056803 -5.815345 -4.201241
v -0.009790 -5.390689 -3.951604
v -0.009463 -5.126081 -4.201241
v 0.056451 -5.800814 -3.734560
v 0.056451 -5.815345 -4.201241
v 0.009111 -5.126081 -4.201241
v 0.009438 -5.390689 -3.951604
v -0.056803 -5.800814 -3.734560
v -0.056803 -5.815345 -4.201241
v -0.009790 -5.390689 -3.951604
v -0.009463 -5.126081 -4.201241
v -0.001986 -5.724344 -2.221407
v 0.125480 -5.818603 -2.221431
v 0.035195 -5.775695 -3.699529
v -0.000882 -5.678133 -3.699559
v -0.126150 -5.818347 -2.221438
v -0.035872 -5.775411 -3.699520
v -0.001986 -5.766036 -2.221407
v 0.125480 -5.860294 -2.221431
v 0.035195 -5.817387 -3.699529
v -0.000882 -5.719825 -3.699559
v -0.126150 -5.860039 -2.221438
v -0.035872 -5.817103 -3.699520
v -0.002450 -5.688412 -2.171094
v -0.145056 -5.802967 -2.152681
v -0.002450 -5.688412 -2.152680
v 0.144727 -5.802967 -2.152681
v -0.145056 -4.556408 -1.717785
v -0.002450 -4.556408 -1.717785
v 0.144727 -4.556408 -1.717785
v 0.149718 -6.477802 -2.406528
v -0.001999 -6.477801 -2.406528
v -0.150070 -6.477802 -2.406528
v -0.150070 -6.179364 -2.302411
v -0.185820 -6.179364 -2.302411
v -0.185820 -5.846859 -2.186408
v -0.150070 -5.846859 -2.186408
v 0.149718 -5.846859 -2.186408
v 0.149718 -6.179364 -2.302411
v -0.145056 -5.802967 -2.171095
v -0.150070 -4.512516 -1.720886
v -0.001999 -4.512516 -1.720886
v -0.002450 -4.556408 -1.736199
v -0.145056 -4.556408 -1.736199
v 0.149718 -4.512516 -1.720886
v 0.144727 -4.556408 -1.736199
v 0.144727 -5.802967 -2.171095
v -0.001999 -6.471134 -2.434751
v 0.118968 -6.471135 -2.434751
v -0.000865 -6.118752 -3.926457
v 0.029101 -6.118752 -3.926457
v -0.119320 -6.471135 -2.434751
v -0.029453 -6.118752 -3.926457
v -0.001999 -6.415510 -2.434751
v 0.118968 -6.415510 -2.434751
v -0.000865 -6.063127 -3.926457
v 0.029101 -6.063128 -3.926457
v -0.119320 -6.415510 -2.434751
v -0.029453 -6.063128 -3.926457
v 0.270788 -0.699458 -1.081421
v 0.289690 -0.890572 -1.079414
v -0.271173 -0.699458 -1.081421
v -0.290085 -0.890572 -1.079414
v -0.000961 -0.679190 -1.082200
v 0.341211 -1.742156 -1.079414
v -0.341635 -1.742156 -1.079414
v 0.108519 0.165960 -0.901147
v -0.000478 0.165960 -0.901147
v 0.114089 0.058247 -0.930918
v -0.000495 0.058247 -0.931484
v -0.108853 0.165960 -0.901147
v -0.114426 0.058247 -0.930918
v -0.000674 -0.809827 -1.324913
v -0.000710 -1.093318 -1.372275
v -0.000670 -0.789559 -1.325125
v 0.609538 -0.699458 -0.836266
v 0.652067 -0.890572 -0.834258
v -0.652427 -0.890572 -0.834258
v -0.609875 -0.699458 -0.836266
v -0.605362 -0.679190 -0.836478
v 0.605028 -0.679190 -0.836478
v 0.767990 -1.742156 -0.834258
v -0.768414 -1.742156 -0.834258
v -0.001232 0.274024 -0.846492
v 0.392908 0.274024 -0.846492
v 0.413050 0.183515 -0.845542
v -0.413278 0.183515 -0.845541
v -0.393125 0.274024 -0.846492
v 0.550914 -0.436012 -0.839033
v 0.244733 -0.471322 -1.073266
v -0.000886 -0.471322 -1.073832
v -0.245104 -0.471322 -1.073266
v -0.551218 -0.436012 -0.839033
v 0.706608 -1.291234 -0.834258
v 0.313930 -1.291234 -1.079414
v -0.314339 -1.291234 -1.079414
v -0.706998 -1.291234 -0.834258
v 0.674108 -1.052485 -0.834258
v 0.299486 -1.052485 -1.079414
v -0.299887 -1.052485 -1.079414
v -0.674480 -1.052485 -0.834258
v 0.689823 -1.167927 -0.834258
v 0.306470 -1.167927 -1.079414
v -0.306875 -1.167927 -1.079414
v -0.690204 -1.167927 -0.834258
v 0.728523 -1.452225 -0.834258
v 0.323670 -1.452225 -1.079414
v -0.324084 -1.452225 -1.079414
v -0.728925 -1.452225 -0.834258
v 0.169055 -0.803208 -1.255660
v 0.156160 -0.809827 -1.261540
v 0.167460 -1.093318 -1.308903
v 0.180548 -1.087262 -1.302048
v -0.156560 -0.809827 -1.261540
v -0.169454 -0.803208 -1.255659
v -0.180954 -1.087262 -1.302048
v -0.167866 -1.093318 -1.308903
v -0.268199 -0.670823 -1.081297
v -0.260270 -0.679190 -1.081634
v -0.270247 -0.690093 -1.081520
v -0.275979 -0.679190 -1.076668
v -0.169373 -0.792838 -1.254874
v -0.156372 -0.789559 -1.261753
v 0.267815 -0.670823 -1.081297
v 0.275595 -0.679190 -1.076668
v 0.269862 -0.690093 -1.081520
v 0.259886 -0.679190 -1.081634
v 0.155973 -0.789559 -1.261753
v 0.168974 -0.792838 -1.254874
v 0.186315 -1.226922 -1.357127
v 0.173584 -1.231750 -1.364815
v -0.173994 -1.231750 -1.364815
v -0.186724 -1.226921 -1.357127
v 0.195101 -1.432221 -1.359728
v 0.183360 -1.435875 -1.366993
v 0.201735 -1.569896 -1.295967
v 0.189590 -1.573519 -1.302634
v -0.183775 -1.435875 -1.366993
v -0.195515 -1.432221 -1.359728
v -0.190008 -1.573519 -1.302634
v -0.202153 -1.569896 -1.295967
v 0.190506 -1.326285 -1.381962
v 0.178451 -1.330450 -1.389920
v -0.178863 -1.330450 -1.389920
v -0.190918 -1.326285 -1.381962
v 0.213184 -1.818731 -1.260965
v 0.200655 -1.821404 -1.267302
v -0.201079 -1.821404 -1.267302
v -0.213608 -1.818731 -1.260965
v 0.101507 -1.821404 -1.298490
v 0.095904 -1.573519 -1.333822
v 0.092749 -1.435875 -1.398181
v 0.090263 -1.330450 -1.412531
v 0.087798 -1.231750 -1.396003
v 0.084697 -1.093318 -1.340091
v 0.078976 -0.809827 -1.292728
v 0.078883 -0.789559 -1.292941
v 0.131514 -0.679190 -1.081913
v -0.102519 -1.821404 -1.298490
v -0.096880 -1.573519 -1.333822
v -0.093705 -1.435875 -1.398181
v -0.091204 -1.330450 -1.412531
v -0.088724 -1.231750 -1.396003
v -0.085603 -1.093318 -1.340091
v -0.079843 -0.809827 -1.292728
v -0.079746 -0.789559 -1.292941
v -0.132655 -0.679190 -1.081913
v 0.288554 -1.773651 -1.154085
v 0.273519 -1.500623 -1.168481
v 0.265056 -1.349221 -1.194706
v 0.258775 -1.233059 -1.203851
v 0.252939 -1.124231 -1.193636
v 0.244800 -0.971470 -1.170982
v 0.228945 -0.742130 -1.153085
v 0.228367 -0.732352 -1.152820
v 0.217147 -0.724584 -1.155716
v -0.217537 -0.724584 -1.155716
v -0.228758 -0.732352 -1.152820
v -0.229336 -0.742130 -1.153085
v -0.245200 -0.971470 -1.170982
v -0.253343 -1.124230 -1.193636
v -0.259182 -1.233059 -1.203851
v -0.265467 -1.349221 -1.194706
v -0.273934 -1.500623 -1.168481
v -0.288978 -1.773651 -1.154085
v 0.258337 -1.791724 -1.196934
v 0.244740 -1.528395 -1.219592
v 0.237010 -1.382497 -1.260865
v 0.231405 -1.270434 -1.275257
v 0.226229 -1.165401 -1.259181
v 0.219041 -1.017892 -1.223528
v 0.204935 -0.766617 -1.194208
v 0.204556 -0.756601 -1.193734
v 0.192621 -0.750633 -1.198227
v -0.193016 -0.750633 -1.198227
v -0.204950 -0.756601 -1.193734
v -0.205329 -0.766616 -1.194208
v -0.219443 -1.017892 -1.223528
v -0.226635 -1.165400 -1.259181
v -0.231815 -1.270434 -1.275257
v -0.237423 -1.382497 -1.260865
v -0.245157 -1.528395 -1.219592
v -0.258761 -1.791724 -1.196934
v 0.316159 -1.757140 -1.114939
v 0.299810 -1.475250 -1.121789
v 0.290678 -1.318822 -1.134265
v 0.283778 -1.198914 -1.138616
v 0.277341 -1.086619 -1.133756
v 0.268333 -0.929060 -1.122979
v 0.250881 -0.719760 -1.115516
v 0.250120 -0.710198 -1.115441
v 0.239552 -0.700787 -1.116880
v -0.239940 -0.700787 -1.116880
v -0.250508 -0.710198 -1.115441
v -0.251269 -0.719759 -1.115516
v -0.268731 -0.929060 -1.122979
v -0.277743 -1.086619 -1.133756
v -0.284185 -1.198914 -1.138616
v -0.291088 -1.318822 -1.134265
v -0.300225 -1.475250 -1.121789
v -0.316583 -1.757140 -1.114939
v 0.447973 0.026579 -0.843893
v 0.147183 -0.075901 -0.966977
v -0.000594 -0.075901 -0.967543
v -0.147529 -0.075901 -0.966976
v -0.448220 0.026579 -0.843893
v 0.507008 -0.238712 -0.841106
v 0.203127 -0.302671 -1.027932
v -0.000761 -0.302671 -1.028498
v -0.203487 -0.302671 -1.027932
v -0.507288 -0.238712 -0.841106
v -0.141074 -0.471322 -1.073507
v -0.117132 -0.302671 -1.028173
v -0.084939 -0.075901 -0.967218
v -0.065895 0.058247 -0.931159
v -0.062689 0.165960 -0.901147
v -0.226191 0.274024 -0.846492
v 0.140107 -0.471322 -1.073507
v 0.116277 -0.302671 -1.028173
v 0.084235 -0.075901 -0.967218
v 0.065280 0.058247 -0.931159
v 0.062090 0.165960 -0.901147
v 0.225017 0.274024 -0.846492
v 0.609538 -0.699458 -0.836266
v 0.652067 -0.890572 -0.834258
v 0.289690 -0.890572 -1.079414
v 0.270788 -0.699458 -1.081421
v 0.674108 -1.052485 -0.834258
v 0.299486 -1.052485 -1.079414
v 0.706608 -1.291234 -0.834258
v 0.728523 -1.452225 -0.834258
v 0.323670 -1.452225 -1.079414
v 0.313930 -1.291234 -1.079414
v 0.689823 -1.167927 -0.834258
v 0.306470 -1.167927 -1.079414
v 0.767990 -1.742156 -0.834258
v 0.341211 -1.742156 -1.079414
v -0.609875 -0.699458 -0.836266
v -0.652427 -0.890572 -0.834258
v -0.271173 -0.699458 -1.081421
v -0.290085 -0.890572 -1.079414
v -0.674480 -1.052485 -0.834258
v -0.299887 -1.052485 -1.079414
v -0.706998 -1.291234 -0.834258
v -0.728925 -1.452225 -0.834258
v -0.314339 -1.291234 -1.079414
v -0.324084 -1.452225 -1.079414
v -0.690204 -1.167927 -0.834258
v -0.306875 -1.167927 -1.079414
v -0.768414 -1.742156 -0.834258
v -0.341635 -1.742156 -1.079414
v 0.413050 0.183515 -0.845542
v 0.447973 0.026579 -0.843893
v 0.147183 -0.075901 -0.966977
v 0.114089 0.058247 -0.930918
v 0.550914 -0.436012 -0.839033
v 0.605028 -0.679190 -0.836478
v 0.275595 -0.679190 -1.076668
v 0.267815 -0.670823 -1.081297
v 0.244733 -0.471322 -1.073266
v 0.507008 -0.238712 -0.841106
v 0.203127 -0.302671 -1.027932
v -0.413278 0.183515 -0.845541
v -0.448220 0.026579 -0.843893
v -0.114426 0.058247 -0.930918
v -0.147529 -0.075901 -0.966976
v -0.551218 -0.436012 -0.839033
v -0.605362 -0.679190 -0.836478
v -0.245104 -0.471322 -1.073266
v -0.268199 -0.670823 -1.081297
v -0.275979 -0.679190 -1.076668
v -0.507288 -0.238712 -0.841106
v -0.203487 -0.302671 -1.027932
v 0.583609 -0.740361 -0.858566
v 0.618792 -0.896639 -0.857486
v 0.323374 -0.887770 -1.056189
v 0.309386 -0.740256 -1.058586
v 0.640181 -1.057104 -0.856813
v 0.333663 -1.050418 -1.056859
v 0.672170 -1.295922 -0.856009
v 0.693756 -1.456957 -0.855472
v 0.358694 -1.450106 -1.058200
v 0.348622 -1.289135 -1.057662
v 0.655635 -1.172581 -0.856407
v 0.340910 -1.165843 -1.057264
v 0.727257 -1.701181 -0.855898
v 0.373700 -1.701229 -1.057886
v -0.583951 -0.740361 -0.858568
v -0.619154 -0.896642 -0.857488
v -0.309773 -0.740255 -1.058584
v -0.323769 -0.887768 -1.056187
v -0.640555 -1.057106 -0.856814
v -0.334063 -1.050417 -1.056857
v -0.672561 -1.295924 -0.856010
v -0.694159 -1.456960 -0.855472
v -0.349031 -1.289134 -1.057662
v -0.359108 -1.450105 -1.058200
v -0.656017 -1.172583 -0.856408
v -0.341314 -1.165843 -1.057263
v -0.727678 -1.701181 -0.855899
v -0.374123 -1.701229 -1.057886
v 0.583609 -0.740361 -0.830433
v 0.618792 -0.896639 -0.829353
v 0.323374 -0.887770 -1.028056
v 0.309386 -0.740256 -1.030453
v 0.640181 -1.057104 -0.828680
v 0.333663 -1.050418 -1.028726
v 0.672170 -1.295922 -0.827876
v 0.693756 -1.456957 -0.827339
v 0.358694 -1.450106 -1.030067
v 0.348622 -1.289135 -1.029530
v 0.655635 -1.172581 -0.828274
v 0.340910 -1.165843 -1.029132
v 0.727257 -1.701181 -0.827766
v 0.373700 -1.701229 -1.029753
v -0.583951 -0.740361 -0.830435
v -0.619154 -0.896642 -0.829355
v -0.309773 -0.740255 -1.030452
v -0.323769 -0.887768 -1.028054
v -0.640555 -1.057106 -0.828681
v -0.334063 -1.050417 -1.028725
v -0.672561 -1.295924 -0.827877
v -0.694159 -1.456960 -0.827339
v -0.349031 -1.289134 -1.029529
v -0.359108 -1.450105 -1.030067
v -0.656017 -1.172583 -0.828275
v -0.341314 -1.165843 -1.029130
v -0.727678 -1.701181 -0.827766
v -0.374123 -1.701229 -1.029753
v 0.380023 0.113620 -0.867527
v 0.400713 0.015860 -0.863168
v 0.195345 -0.069076 -0.948165
v 0.171400 0.025822 -0.920924
v 0.463142 -0.248751 -0.867451
v 0.248327 -0.298416 -1.002281
v 0.493582 -0.391455 -0.864094
v 0.278785 -0.415219 -1.036149
v -0.380261 0.113616 -0.867531
v -0.400963 0.015855 -0.863173
v -0.171736 0.025828 -0.920920
v -0.195688 -0.069075 -0.948161
v -0.463426 -0.248755 -0.867456
v -0.248684 -0.298415 -1.002276
v -0.493884 -0.391457 -0.864100
v -0.279149 -0.415219 -1.036143
v 0.380023 0.113620 -0.885499
v 0.400713 0.015860 -0.881140
v 0.195345 -0.069076 -0.966138
v 0.171400 0.025822 -0.938896
v 0.463142 -0.248751 -0.885423
v 0.248327 -0.298416 -1.020254
v 0.493582 -0.391455 -0.882066
v 0.278785 -0.415219 -1.054122
v -0.380261 0.113616 -0.885503
v -0.400963 0.015855 -0.881145
v -0.171736 0.025828 -0.938892
v -0.195688 -0.069075 -0.966133
v -0.463426 -0.248755 -0.885428
v -0.248684 -0.298415 -1.020249
v -0.493884 -0.391457 -0.882072
v -0.279149 -0.415219 -1.054116
v -0.132047 -0.694544 -1.115709
v -0.001776 -0.694544 -1.115917
v 0.223878 -0.694544 -1.115508
v 0.131224 -0.694544 -1.115709
v 0.209202 -0.710132 -1.140947
v -0.224155 -0.694544 -1.115508
v -0.209481 -0.710132 -1.140947
v 0.193030 -0.727308 -1.168978
v 0.175329 -0.746109 -1.199661
v -0.193312 -0.727308 -1.168978
v -0.175613 -0.746109 -1.199661
v 0.148877 -0.774205 -1.245511
v 0.093236 -0.774205 -1.268022
v -0.001069 -0.774205 -1.291251
v -0.093859 -0.774205 -1.268022
v -0.149165 -0.774205 -1.245511
v -0.124575 -0.727958 -1.145514
v -0.132047 -0.712370 -1.115709
v -0.001776 -0.712370 -1.115917
v -0.001626 -0.727958 -1.150226
v 0.223878 -0.712370 -1.115508
v 0.131224 -0.712370 -1.115709
v 0.209202 -0.727958 -1.140947
v 0.123790 -0.727958 -1.145514
v -0.224155 -0.712370 -1.115508
v -0.209481 -0.727958 -1.140947
v 0.193030 -0.745134 -1.168978
v 0.115600 -0.745134 -1.178355
v 0.175329 -0.763934 -1.199661
v 0.106634 -0.763934 -1.214303
v -0.001468 -0.745134 -1.188031
v -0.001302 -0.763934 -1.229413
v -0.107328 -0.763934 -1.214303
v -0.116341 -0.745134 -1.178355
v -0.193312 -0.745134 -1.168978
v -0.175613 -0.763934 -1.199661
v 0.148877 -0.792031 -1.245511
v 0.093236 -0.792031 -1.268022
v -0.001069 -0.792031 -1.291251
v -0.093859 -0.792031 -1.268022
v -0.149165 -0.792031 -1.245511
v -0.001036 -1.093318 -1.447552
v -0.059311 -1.093318 -1.415367
v -0.088724 -1.231750 -1.506207
v -0.093705 -1.435875 -1.508385
v -0.096880 -1.573519 -1.444026
v -0.091204 -1.330450 -1.522735
v -0.000809 -1.821404 -1.440878
v -0.102519 -1.821404 -1.408693
v 0.095904 -1.573519 -1.444026
v 0.101507 -1.821404 -1.408693
v 0.092749 -1.435875 -1.508385
v 0.090263 -1.330450 -1.522735
v 0.087798 -1.231750 -1.506207
v 0.058967 -1.093318 -1.415367
v -0.000866 -1.093318 -1.378644
v -0.073057 -1.093318 -1.355972
v -0.001364 -1.093318 -1.431671
v -0.054537 -1.093318 -1.408999
v 0.072419 -1.093318 -1.355972
v 0.054294 -1.093318 -1.408999
v -0.000866 -1.114425 -1.378644
v -0.073057 -1.114425 -1.355972
v -0.001364 -1.114425 -1.431671
v -0.054537 -1.114425 -1.408999
v 0.072419 -1.114425 -1.355972
v 0.054294 -1.114425 -1.408999
v -0.001082 -1.106827 -1.455215
v -0.048167 -1.106604 -1.429605
v -0.074584 -1.231197 -1.511224
v -0.079338 -1.437411 -1.512465
v -0.082551 -1.575079 -1.448231
v -0.076834 -1.330722 -1.527080
v -0.000811 -1.806510 -1.442754
v -0.087903 -1.806550 -1.415512
v 0.081568 -1.575070 -1.448208
v 0.086885 -1.806550 -1.415486
v 0.078375 -1.437403 -1.512442
v 0.075887 -1.330720 -1.527056
v 0.073640 -1.231198 -1.511172
v 0.047736 -1.106548 -1.429520
v -0.001082 -1.106827 -1.468416
v -0.048167 -1.106604 -1.442806
v -0.000729 -1.231750 -1.551592
v -0.074584 -1.231197 -1.524425
v -0.079338 -1.437411 -1.525666
v -0.000757 -1.435875 -1.553770
v -0.000776 -1.573519 -1.489411
v -0.082551 -1.575079 -1.461432
v -0.000743 -1.330450 -1.559270
v -0.076834 -1.330722 -1.540281
v -0.000811 -1.806510 -1.455955
v -0.087903 -1.806550 -1.428713
v 0.081568 -1.575070 -1.461409
v 0.086885 -1.806550 -1.428687
v 0.078375 -1.437403 -1.525643
v 0.075887 -1.330720 -1.540257
v 0.073640 -1.231198 -1.524373
v 0.047736 -1.106548 -1.442721
v -0.001897 -0.607274 0.199478
v -0.000504 1.750794 0.508149
v -0.000825 1.235401 0.557019
v 0.133447 1.926336 0.248257
v -0.000497 1.926336 0.248257
v 0.221501 1.235401 0.297975
v 0.429020 0.536561 0.191896
v 0.281582 0.763953 0.331900
v 0.775837 -0.607274 0.199478
v -0.429300 0.536561 0.191896
v -0.776717 -0.607274 0.199478
v -0.282069 0.763953 0.331900
v -0.133677 1.926336 0.248257
v -0.221883 1.235401 0.297975
v 0.238921 1.098704 0.307812
v -0.000890 1.102615 0.663241
v -0.239334 1.098704 0.307812
v 0.133447 1.845071 0.368571
v 0.000273 1.750794 0.508149
v 0.221501 1.235401 0.403104
v 0.078620 1.235401 0.557019
v 0.130136 0.763953 0.642984
v 0.281582 0.763953 0.492456
v 0.429020 0.536561 0.450968
v 0.273398 0.536561 0.599715
v 0.629535 -0.607274 0.607297
v 0.775837 -0.607274 0.467458
v -0.429300 0.536561 0.450991
v -0.273679 0.536561 0.599715
v -0.630393 -0.607274 0.607297
v -0.776717 -0.607274 0.467458
v -0.282069 0.763953 0.492474
v -0.130636 0.763953 0.642984
v -0.133677 1.845059 0.368589
v -0.079005 1.235401 0.557019
v -0.221883 1.235401 0.403114
v -0.100849 1.102615 0.663241
v -0.244872 1.057616 0.519548
v 0.244450 1.057614 0.519550
v 0.100435 1.102615 0.663241
v 0.220764 1.236886 0.319920
v 0.138150 1.883354 0.273388
v 0.136169 1.833128 0.347243
v 0.222974 1.228461 0.381462
v 0.431911 0.532139 0.213929
v 0.284444 0.760228 0.354243
v 0.280540 0.766347 0.470594
v 0.428153 0.537819 0.428945
v 0.769369 -0.569849 0.221337
v 0.769369 -0.569849 0.445148
v 0.238741 1.100261 0.329756
v 0.245143 1.052068 0.496946
v -0.770238 -0.569852 0.221337
v -0.432190 0.532136 0.213929
v -0.770238 -0.569852 0.445149
v -0.428434 0.537820 0.428968
v -0.284929 0.760225 0.354243
v -0.281027 0.766347 0.470612
v -0.221145 1.236886 0.319920
v -0.138388 1.883356 0.273388
v -0.223359 1.228462 0.381473
v -0.136404 1.833117 0.347261
v -0.239154 1.100260 0.329756
v -0.245566 1.052070 0.496945
v 0.161074 1.236886 0.319920
v 0.078460 1.883354 0.273388
v 0.076479 1.833128 0.347243
v 0.163285 1.228461 0.381462
v 0.372221 0.532139 0.213929
v 0.224755 0.760228 0.354243
v 0.220850 0.766347 0.470594
v 0.368464 0.537819 0.428945
v 0.709679 -0.569849 0.221337
v 0.709679 -0.569849 0.445148
v 0.179052 1.100261 0.329756
v 0.185453 1.052068 0.496946
v -0.710549 -0.569852 0.221337
v -0.372500 0.532136 0.213929
v -0.710549 -0.569852 0.445149
v -0.368745 0.537820 0.428968
v -0.225239 0.760225 0.354243
v -0.221337 0.766347 0.470612
v -0.161456 1.236886 0.319920
v -0.078699 1.883356 0.273388
v -0.163669 1.228462 0.381473
v -0.076714 1.833117 0.347261
v -0.179464 1.100260 0.329756
v -0.185876 1.052070 0.496945
v -0.001897 -0.663027 0.199478
v 0.775837 -0.663027 0.199478
v -0.776717 -0.663027 0.199478
v -0.001897 -2.233943 0.199478
v 0.775837 -2.233943 0.199478
v -0.776717 -2.233943 0.199478
v -0.075085 2.240418 0.025775
v 0.075085 2.240418 0.025775
v -0.075085 2.240418 -0.181405
v 0.075085 2.240418 -0.181405
v -0.173883 1.926336 0.248257
v 0.173884 1.926336 0.248257
v -0.000215 2.240418 0.025775
v -0.000215 2.240418 -0.181405
v -0.000497 1.926336 0.248257
v -0.153172 2.240418 -0.077549
v -0.354719 1.926335 -0.077152
v 0.354719 1.926335 -0.077152
v 0.153172 2.240418 -0.077549
v -0.000323 2.240418 -0.077193
v -0.748482 0.763953 -0.097465
v -0.366906 0.763953 0.331900
v 0.748482 0.763953 -0.097465
v 0.366906 0.763953 0.331900
v -0.147528 2.025624 0.125849
v -0.300954 2.025624 -0.077274
v 0.300954 2.025624 -0.077274
v 0.147528 2.025624 0.125849
v -0.000422 2.025624 0.125849
v -0.748482 0.536561 -0.097465
v -0.366906 0.536561 0.191896
v 0.366906 0.536561 0.191896
v 0.748482 0.536561 -0.097465
v -1.078915 -0.803929 -0.375353
v -0.553442 0.536561 -0.376387
v -0.553442 0.763953 -0.376387
v -0.262286 1.926335 -0.323639
v -0.222531 2.025624 -0.302865
v -0.113259 2.240418 -0.130634
v -0.000268 2.240418 -0.130460
v 0.113259 2.240418 -0.130634
v 0.222531 2.025624 -0.302865
v 0.262286 1.926335 -0.323639
v 0.553443 0.763953 -0.376387
v 0.553442 0.536561 -0.376387
v 1.078916 -0.803929 -0.375353
v -0.002045 -0.803929 -0.375353
v -1.001084 -0.605380 -0.375506
v -1.353878 -0.590877 -0.093812
v -0.663671 -0.590877 0.199478
v 0.663671 -0.590877 0.199478
v 1.353878 -0.590877 -0.093812
v 1.001084 -0.605380 -0.375506
v -0.344855 1.926335 -0.103454
v -0.292586 2.025624 -0.101347
v -0.148913 2.240418 -0.083213
v -0.000317 2.240418 -0.082877
v 0.148913 2.240418 -0.083213
v 0.292586 2.025624 -0.101347
v 0.344855 1.926335 -0.103454
v 0.727669 0.763953 -0.127229
v 0.727669 0.536561 -0.127229
v 1.316231 -0.592424 -0.123872
v -1.316231 -0.592424 -0.123872
v -0.727669 0.536561 -0.127229
v -0.727669 0.763953 -0.127229
v -0.337808 1.926335 -0.046722
v -0.286607 2.025624 -0.058279
v -0.145870 2.240418 -0.067887
v -0.000313 2.240418 -0.067564
v 0.145870 2.240418 -0.067887
v 0.286607 2.025624 -0.058279
v 0.337808 1.926335 -0.046722
v 0.712800 0.763953 -0.057314
v 0.712800 0.536561 -0.070406
v 1.289334 -0.590877 -0.066385
v -1.289334 -0.590877 -0.066385
v -0.712800 0.536561 -0.070406
v -0.712800 0.763953 -0.057314
v -0.194793 1.926336 0.210631
v -0.165268 2.025624 0.102363
v -0.084114 2.240418 0.013828
v -0.000227 2.240418 0.013869
v 0.084114 2.240418 0.013828
v 0.165268 2.025624 0.102363
v 0.194793 1.926336 0.210631
v 0.411027 0.763953 0.282253
v 0.411027 0.536561 0.158437
v 0.743479 -0.590877 0.165565
v -0.743479 -0.590877 0.165565
v -0.411027 0.536561 0.158437
v -0.411027 0.763953 0.282253
v -0.829203 -0.803929 -0.375353
v -0.510214 -0.590877 0.199478
v -0.282069 0.536561 0.191896
v -0.282069 0.763953 0.331900
v -0.133677 1.926336 0.248257
v -0.113416 2.025624 0.125849
v -0.057724 2.240418 0.025775
v -0.064662 2.240418 0.013837
v -0.112117 2.240418 -0.067812
v -0.117729 2.240418 -0.077466
v -0.114456 2.240418 -0.083135
v -0.087058 2.240418 -0.130594
v -0.057724 2.240418 -0.181405
v 0.828255 -0.803929 -0.375353
v 0.509335 -0.590877 0.199478
v 0.281582 0.536561 0.191896
v 0.281582 0.763953 0.331900
v 0.133447 1.926336 0.248257
v 0.113220 2.025624 0.125849
v 0.057624 2.240418 0.025775
v 0.064557 2.240418 0.013837
v 0.111972 2.240418 -0.067812
v 0.117579 2.240418 -0.077466
v 0.114309 2.240418 -0.083135
v 0.086933 2.240418 -0.130594
v 0.057624 2.240418 -0.181405
v -0.435353 1.235401 -0.354993
v -0.572405 1.235401 -0.117586
v -0.588777 1.235401 -0.089226
v -0.560708 1.235401 -0.053018
v -0.323325 1.235401 0.253204
v -0.288619 1.235401 0.297975
v -0.221883 1.235401 0.297975
v 0.221501 1.235401 0.297975
v 0.288619 1.235401 0.297975
v 0.323326 1.235401 0.253204
v 0.560708 1.235401 -0.053018
v 0.588777 1.235401 -0.089226
v 0.572405 1.235401 -0.117586
v 0.435353 1.235401 -0.354993
v -0.002045 -0.889938 -0.375353
v 0.828255 -0.889938 -0.375353
v -0.829203 -0.889938 -0.375353
v -1.078915 -0.889938 -0.375353
v 1.078916 -0.889938 -0.375353
v -0.578393 0.541668 -0.343805
v -0.703133 0.530009 -0.160101
v -1.014347 -0.566528 -0.344242
v -1.266633 -0.553113 -0.155959
v -0.575848 0.765819 -0.342025
v -0.705513 0.760913 -0.161765
v -0.562325 1.195344 -0.152813
v -0.468243 1.196239 -0.322619
v 0.575848 0.765819 -0.342025
v 0.578393 0.541668 -0.343805
v 0.705513 0.760913 -0.161765
v 0.703133 0.530010 -0.160101
v 1.014347 -0.566528 -0.344242
v 1.266633 -0.553113 -0.155959
v 0.468243 1.196239 -0.322619
v 0.562325 1.195344 -0.152813
v -0.567728 0.541668 -0.318493
v -0.692468 0.530009 -0.134789
v -1.003682 -0.566528 -0.318930
v -1.255967 -0.553113 -0.130647
v -0.565183 0.765819 -0.316713
v -0.694848 0.760913 -0.136453
v -0.551660 1.195344 -0.127501
v -0.457577 1.196239 -0.297306
v 0.565183 0.765819 -0.316713
v 0.567728 0.541668 -0.318493
v 0.694848 0.760913 -0.136453
v 0.692468 0.530010 -0.134789
v 1.003682 -0.566528 -0.318930
v 1.255967 -0.553113 -0.130647
v 0.457577 1.196239 -0.297306
v 0.551660 1.195344 -0.127501
v 0.817590 -0.803929 -0.350041
v -0.000982 -0.803929 -0.350040
v 0.817590 -0.889938 -0.350041
v -0.000982 -0.889938 -0.350040
v -0.818538 -0.803929 -0.350041
v -1.068250 -0.803929 -0.350041
v -0.818538 -0.889938 -0.350041
v -1.068250 -0.889938 -0.350041
v 1.068250 -0.803929 -0.350041
v 1.068250 -0.889938 -0.350041
v -0.667548 -6.682858 -0.792203
v -0.731855 -6.682858 -0.792203
v 0.667196 -6.682858 -0.792203
v -0.001999 -6.682858 -0.792202
v -0.001999 -6.690813 -0.834334
v 0.961600 -6.359037 -0.375429
v -0.001999 -6.359037 -0.375429
v -0.961951 -6.359037 -0.375429
v -1.054709 -6.359037 -0.375429
v 0.731855 -6.682858 -0.792203
v 1.054709 -6.359037 -0.375429
v -0.001999 -6.521730 -1.995783
v 0.275708 -6.521730 -1.995784
v 0.637435 -6.833825 -1.274330
v -0.637787 -6.833825 -1.274330
v -0.276060 -6.521730 -1.995784
v -0.699219 -6.690813 -0.834335
v -0.637787 -6.690813 -0.834335
v 0.637435 -6.690813 -0.834335
v 0.699219 -6.690813 -0.834335
v -0.731855 -4.460632 -0.792203
v -0.699219 -4.468587 -0.834335
v 0.961600 -4.553816 -0.375429
v -0.001999 -4.553816 -0.375429
v -0.961951 -4.553816 -0.375429
v -1.054709 -4.553816 -0.375429
v 0.699219 -4.468587 -0.834335
v 0.731855 -4.460632 -0.792203
v 1.054709 -4.553816 -0.375429
v -0.001999 -4.468587 -1.539553
v 0.275708 -4.468587 -1.539554
v 0.637435 -4.468587 -1.274330
v 0.637435 -4.468587 -0.834335
v -0.637787 -4.468587 -0.834335
v -0.637787 -4.468587 -1.274330
v -0.276060 -4.468587 -1.539554
v -0.001999 -4.512516 -1.549315
v 0.230708 -4.512516 -1.549315
v 0.230708 -6.477802 -1.986023
v -0.001999 -6.477801 -1.986022
v -0.231060 -4.512516 -1.549315
v -0.231060 -6.477802 -1.986023
v -0.001999 -4.512516 -1.720886
v -0.001999 -6.477801 -2.406528
v 0.149718 -4.512516 -1.720886
v 0.230708 -4.512516 -1.635109
v 0.149718 -6.477802 -2.406528
v -0.150070 -4.512516 -1.720886
v -0.150070 -6.477802 -2.406528
v -0.001999 -4.512516 -1.720886
v 0.149718 -4.512516 -1.720886
v 0.149718 -6.477802 -2.406528
v -0.001999 -6.477801 -2.406528
v -0.150070 -6.477802 -2.406528
v -0.150070 -4.512516 -1.720886
v -0.637787 -5.977382 -0.834335
v -0.637787 -6.074480 -1.274330
v -0.276060 -5.862582 -1.849314
v -0.231060 -5.846859 -1.845821
v -0.150070 -5.846859 -2.186408
v -0.150070 -5.846859 -2.186408
v 0.149718 -5.846859 -2.186408
v 0.149718 -5.846859 -2.186408
v 0.230708 -5.846859 -1.845821
v 0.275708 -5.862582 -1.849314
v 0.637435 -6.074480 -1.274330
v 0.637435 -5.977382 -0.834335
v -0.637787 -6.353357 -0.834335
v -0.637787 -6.474652 -1.274330
v -0.276060 -6.209951 -1.926503
v -0.231060 -6.179364 -1.919707
v -0.150070 -6.179364 -2.302411
v -0.150070 -6.179364 -2.302411
v 0.149718 -6.179364 -2.302411
v 0.149718 -6.179364 -2.302411
v 0.230708 -6.179364 -1.919707
v 0.275708 -6.209951 -1.926503
v 0.637435 -6.474652 -1.274330
v 0.637435 -6.353357 -0.834335
v -0.185820 -6.179364 -2.302411
v -0.185820 -5.846859 -2.186408
v -0.145056 -5.802967 -2.171095
v -0.145056 -4.556408 -1.736199
v -0.002450 -4.556408 -1.736199
v 0.144727 -4.556408 -1.736199
v 0.144727 -5.802967 -2.171095
v -0.145056 -4.556408 -1.717785
v -0.002450 -4.556408 -1.717785
v 0.144727 -4.556408 -1.717785
v -0.637787 -4.560587 -0.926335
v -0.639643 -4.560587 -1.276862
v -0.644609 -5.979739 -1.271938
v -0.637787 -5.903471 -0.926335
v -0.330638 -4.561651 -1.484126
v -0.339767 -5.798322 -1.766764
v 0.330286 -4.561651 -1.484126
v 0.639291 -4.560587 -1.276862
v 0.644257 -5.979739 -1.271938
v 0.339415 -5.798322 -1.766763
v 0.637435 -4.560587 -0.926335
v 0.637435 -5.903471 -0.926335
v -0.544619 -4.560587 -0.926335
v -0.546475 -4.560587 -1.276862
v -0.551441 -5.979739 -1.271938
v -0.544619 -5.903471 -0.926335
v -0.237470 -4.561651 -1.484126
v -0.246599 -5.798322 -1.766764
v 0.237118 -4.561651 -1.484126
v 0.546123 -4.560587 -1.276862
v 0.551089 -5.979739 -1.271938
v 0.246247 -5.798322 -1.766763
v 0.544267 -4.560587 -0.926335
v 0.544267 -5.903471 -0.926335
v -0.871926 -4.505938 -0.852641
v -1.148237 -4.585688 -0.495949
v -0.871926 -6.614922 -0.852641
v -1.148237 -6.337782 -0.495949
v 0.871926 -4.505938 -0.852641
v 1.148237 -4.585688 -0.495949
v 1.148237 -6.337782 -0.495949
v 0.871926 -6.614922 -0.852641
v -0.871926 -4.505938 -0.852641
v -1.148237 -4.585688 -0.495949
v -0.871926 -6.614922 -0.852641
v -1.148237 -6.337782 -0.495949
v 0.871926 -4.505938 -0.852641
v 1.148237 -4.585688 -0.495949
v 1.148237 -6.337782 -0.495949
v 0.871926 -6.614922 -0.852641
v -0.864166 -4.559589 -0.789707
v -1.085362 -4.623432 -0.504165
v -0.864166 -6.534470 -0.789707
v -1.085362 -6.312612 -0.504165
v 0.864166 -4.559589 -0.789707
v 1.085362 -4.623432 -0.504165
v 1.085362 -6.312612 -0.504165
v 0.864166 -6.534470 -0.789707
v 0.961600 -6.677361 -0.375429
v -0.001999 -6.677361 -0.375429
v -0.001999 -7.001182 -0.792202
v 0.667196 -7.001182 -0.792203
v -0.667548 -7.001182 -0.792203
v -0.961951 -6.677361 -0.375429
v 0.857725 -6.714787 -0.423599
v -0.001999 -6.714787 -0.423599
v -0.001999 -6.963756 -0.744033
v 0.631374 -6.963756 -0.744034
v -0.631726 -6.963756 -0.744034
v -0.858077 -6.714787 -0.423599
v 0.857725 -6.555184 -0.423599
v -0.001999 -6.555184 -0.423599
v -0.001999 -6.804153 -0.744033
v 0.631374 -6.804153 -0.744034
v -0.631726 -6.804153 -0.744034
v -0.858077 -6.555184 -0.423599
v -0.001999 -6.683850 -0.917042
v 0.562301 -6.669179 -0.915804
v -0.001999 -6.528693 -1.913076
v 0.227161 -6.519243 -1.912279
v 0.554299 -6.819111 -1.255183
v -0.562706 -6.669121 -0.915805
v -0.554661 -6.818991 -1.255181
v -0.227546 -6.519148 -1.912275
v -0.001999 -6.560160 -0.917042
v 0.562301 -6.545489 -0.915804
v -0.001999 -6.405003 -1.913076
v 0.227161 -6.395553 -1.912279
v 0.554299 -6.695421 -1.255183
v -0.562706 -6.545431 -0.915805
v -0.554661 -6.695301 -1.255181
v -0.227546 -6.395458 -1.912275
v -1.459137 -0.786904 -0.093177
v -0.002045 -0.786904 0.200796
v -0.715269 -0.786904 0.200796
v 1.459138 -0.786904 -0.093177
v 0.715269 -0.786904 0.200796
v 1.418565 -0.788720 -0.123288
v -1.418564 -0.788720 -0.123288
v 1.389576 -0.786904 -0.065686
v -1.389576 -0.786904 -0.065686
v 0.801282 -0.786904 0.166804
v -0.801282 -0.786904 0.166804
v -0.549882 -0.786904 0.200796
v 0.548934 -0.786904 0.200796
v -0.801282 -0.872913 0.166804
v -0.002045 -0.872913 0.200796
v 0.548934 -0.872913 0.200796
v -0.549882 -0.872913 0.200796
v -0.715269 -0.872913 0.200796
v 0.801282 -0.872913 0.166804
v 0.715269 -0.872913 0.200796
v -0.001813 -2.224669 -0.370234
v 0.825934 -2.224669 -0.370234
v -0.826882 -2.224669 -0.370234
v -1.076594 -2.224669 -0.370234
v -0.798961 -2.207644 0.166804
v -0.002045 -2.204897 0.200796
v 0.546613 -2.207644 0.200796
v -0.547561 -2.207644 0.200796
v -0.712948 -2.207644 0.200796
v 1.076595 -2.224669 -0.370234
v 0.798961 -2.207644 0.166804
v 0.712948 -2.207644 0.200796
v -1.316230 -0.592424 -0.123872
v -1.001084 -0.605380 -0.375506
v -1.289334 -0.590877 -0.066386
v -1.353878 -0.590877 -0.093812
v -0.510214 -0.590877 0.199478
v -0.663671 -0.590877 0.199478
v 0.509335 -0.590877 0.199478
v -0.001897 -0.590877 0.199478
v 1.353878 -0.590877 -0.093812
v 1.289334 -0.590877 -0.066386
v 1.001084 -0.605380 -0.375506
v 1.316231 -0.592424 -0.123872
v 0.743479 -0.590877 0.165565
v -0.743479 -0.590877 0.165565
v 0.663671 -0.590877 0.199478
v -1.078915 -0.803929 -0.370234
v -1.078915 -0.889938 -0.370234
v 1.078916 -0.889938 -0.370234
v 1.078916 -0.803929 -0.370234
v -0.002045 -0.889938 -0.370234
v 0.828255 -0.889938 -0.370234
v -0.829203 -0.889938 -0.370234
v -1.690566 -0.786904 -0.093177
v -1.609971 -0.786904 -0.065686
v -1.690565 -0.872913 -0.093177
v -1.609972 -0.872913 -0.065686
v -1.250038 -0.803929 -0.370234
v -1.643557 -0.788720 -0.123288
v -1.643557 -0.874730 -0.123288
v -0.928370 -0.786904 0.166804
v -0.928370 -0.872913 0.166804
v -1.688245 -2.207644 -0.093177
v -1.607651 -2.207644 -0.065686
v -1.641236 -2.209461 -0.123288
v -0.926049 -2.207644 0.166804
v 1.250039 -0.803929 -0.370234
v 1.643557 -0.788720 -0.123288
v 1.643557 -0.874730 -0.123288
v 1.250039 -0.889938 -0.370234
v 1.690566 -0.786904 -0.093177
v 1.690566 -0.872913 -0.093177
v 1.609971 -0.786904 -0.065686
v 1.609971 -0.872913 -0.065686
v 0.928370 -0.786904 0.166804
v 0.928370 -0.872913 0.166804
v 1.641236 -2.209461 -0.123288
v 1.247717 -2.224669 -0.370234
v 1.688245 -2.207644 -0.093177
v 1.607650 -2.207644 -0.065686
v 0.926049 -2.207644 0.166804
v -1.250038 -0.889938 -0.370234
v -1.247717 -2.224669 -0.370234
v -1.497761 -0.788839 -0.088011
v -1.396559 -0.786904 -0.048016
v -1.647334 -0.784365 -0.098505
v -1.603838 -0.786904 -0.083669
v -1.137268 -0.802761 -0.351270
v -1.429826 -0.789651 -0.138562
v -1.244561 -0.802761 -0.351270
v -1.633369 -0.787744 -0.107279
v -0.901055 -0.786904 0.147804
v -0.925219 -0.786904 0.147804
v 1.137268 -0.802761 -0.351270
v 1.429826 -0.789651 -0.138562
v 1.633370 -0.787744 -0.107279
v 1.244562 -0.802761 -0.351270
v 1.497761 -0.788839 -0.088010
v 1.647335 -0.784365 -0.098505
v 1.396559 -0.786904 -0.048016
v 1.603837 -0.786904 -0.083669
v 0.901056 -0.786904 0.147804
v 0.925219 -0.786904 0.147804
v -1.497761 -0.831080 -0.088011
v -1.396559 -0.829144 -0.048016
v -1.647334 -0.826605 -0.098505
v -1.603838 -0.829144 -0.083669
v -1.137268 -0.845001 -0.351270
v -1.429826 -0.831891 -0.138562
v -1.244561 -0.845001 -0.351270
v -1.633369 -0.829985 -0.107279
v -0.901055 -0.829144 0.147804
v -0.925219 -0.829144 0.147804
v 1.137268 -0.845001 -0.351270
v 1.429826 -0.831891 -0.138562
v 1.633370 -0.829985 -0.107279
v 1.244562 -0.845001 -0.351270
v 1.497761 -0.831080 -0.088010
v 1.647335 -0.826605 -0.098505
v 1.396559 -0.829144 -0.048016
v 1.603837 -0.829144 -0.083669
v 0.901056 -0.829144 0.147804
v 0.925219 -0.829144 0.147804
v -1.001084 -0.605380 -0.375506
v -1.316230 -0.592424 -0.123872
v -1.078915 -0.803929 -0.370234
v -1.418564 -0.788720 -0.123288
v -1.353878 -0.590877 -0.093812
v -1.289334 -0.590877 -0.066386
v -1.459137 -0.786904 -0.093177
v -1.389576 -0.786904 -0.065686
v -0.743479 -0.590877 0.165565
v -0.801282 -0.786904 0.166804
v 1.289334 -0.590877 -0.066386
v 1.353878 -0.590877 -0.093812
v 1.389576 -0.786904 -0.065686
v 1.459138 -0.786904 -0.093177
v 1.001084 -0.605380 -0.375506
v 1.078916 -0.803929 -0.370234
v 1.316231 -0.592424 -0.123872
v 1.418565 -0.788720 -0.123288
v 0.743479 -0.590877 0.165565
v 0.801282 -0.786904 0.166804
v -1.021129 -0.631522 -0.347929
v -1.297682 -0.620406 -0.125740
v -1.079565 -0.784305 -0.342225
v -1.377549 -0.770702 -0.126942
v 1.021130 -0.631522 -0.347929
v 1.079566 -0.784305 -0.342225
v 1.297683 -0.620406 -0.125740
v 1.377550 -0.770702 -0.126942
v 1.270448 -0.617160 -0.072088
v 1.347231 -0.765669 -0.069863
v 0.767714 -0.617066 0.142187
v 0.810779 -0.765775 0.141417
v -1.270448 -0.617160 -0.072088
v -0.767714 -0.617066 0.142187
v -1.347232 -0.765669 -0.069863
v -0.810779 -0.765775 0.141417
v -1.307655 -0.937360 -0.369864
v -1.618164 -0.925360 -0.175009
v -1.307655 -2.171292 -0.369864
v -1.618164 -2.159292 -0.175009
v -1.573381 -0.921913 -0.021179
v -0.984532 -0.921913 0.179675
v -1.573381 -2.155898 -0.021179
v -0.984532 -2.155898 0.179675
v 1.307655 -0.937360 -0.369864
v 1.307655 -2.171292 -0.369864
v 1.618165 -0.925360 -0.175009
v 1.618165 -2.159292 -0.175009
v 1.573381 -0.921913 -0.021179
v 0.984532 -0.921913 0.179675
v 0.984532 -2.155898 0.179675
v 1.573381 -2.155898 -0.021179
v -2.124079 -0.872913 -0.093177
v -2.043486 -0.872913 -0.065686
v -2.124080 -2.204897 -0.093177
v -2.043486 -2.204897 -0.065686
v -2.077071 -0.874730 -0.123288
v -2.077071 -2.206714 -0.123288
v 2.077071 -0.874730 -0.123288
v 2.124080 -0.872913 -0.093177
v 2.124080 -2.204897 -0.093177
v 2.077071 -2.206714 -0.123288
v 2.043485 -0.872913 -0.065686
v 2.043485 -2.204897 -0.065686
v -1.835557 -2.014715 -0.123288
v 1.835557 -2.014715 -0.123288
v -1.855361 -1.066730 -0.123288
v -1.825655 -1.056828 -0.123288
v -1.835557 -1.086533 -0.123288
v -1.855361 -1.066730 -0.190379
v -1.835557 -1.086533 -0.190379
v -1.855361 -1.086533 -0.210183
v -1.855361 -1.994911 -0.210183
v -1.835557 -2.014715 -0.190379
v -1.865267 -2.014715 -0.123288
v -1.894973 -2.024617 -0.123288
v -1.885071 -1.994911 -0.123288
v -1.865267 -1.994911 -0.210183
v -1.865267 -2.014715 -0.190379
v -1.885071 -1.994911 -0.190379
v -1.885071 -1.086533 -0.123288
v -1.894973 -1.056828 -0.123288
v -1.865267 -1.066730 -0.123288
v -1.865267 -1.086533 -0.210183
v -1.885071 -1.086533 -0.190379
v -1.865267 -1.066730 -0.190379
v 1.835557 -1.086533 -0.123288
v 1.825655 -1.056828 -0.123288
v 1.855361 -1.066730 -0.123288
v 1.855361 -1.086533 -0.210183
v 1.835557 -1.086533 -0.190379
v 1.855361 -1.066730 -0.190379
v 1.835557 -2.014715 -0.190379
v 1.855361 -1.994911 -0.210183
v 1.865268 -1.066730 -0.123288
v 1.894973 -1.056828 -0.123288
v 1.885071 -1.086533 -0.123288
v 1.865268 -1.086533 -0.210183
v 1.865268 -1.066730 -0.190379
v 1.885071 -1.086533 -0.190379
v 1.885071 -1.994911 -0.123288
v 1.894973 -2.024617 -0.123288
v 1.865268 -2.014715 -0.123288
v 1.865268 -1.994911 -0.210183
v 1.885071 -1.994911 -0.190379
v 1.865268 -2.014715 -0.190379
v -0.001813 -2.926664 -0.370234
v 0.825934 -2.926664 -0.370234
v -0.826882 -2.926664 -0.370234
v -1.076594 -2.926664 -0.370234
v -0.798961 -2.909639 0.166804
v -0.001813 -2.909639 0.200796
v 0.546613 -2.909639 0.200796
v -0.547561 -2.909639 0.200796
v -0.712948 -2.909639 0.200796
v 1.076595 -2.926664 -0.370234
v 0.798961 -2.909639 0.166804
v 0.712948 -2.909639 0.200796
v -1.607651 -2.909639 -0.065686
v -1.688245 -2.909639 -0.093177
v -1.641236 -2.911455 -0.123288
v -1.247717 -2.926664 -0.370234
v -0.926049 -2.909639 0.166804
v 1.247717 -2.926664 -0.370234
v 1.641236 -2.911455 -0.123288
v 1.688245 -2.909639 -0.093177
v 1.607650 -2.909639 -0.065686
v 0.926049 -2.909639 0.166804
v -0.001813 -4.706253 -0.370234
v 0.825934 -4.706253 -0.370234
v -0.826882 -4.706253 -0.370234
v -1.076594 -4.706253 -0.370234
v -0.798961 -4.689228 0.166804
v 0.546613 -4.689228 0.200796
v -0.547561 -4.689228 0.200796
v -0.712948 -4.689228 0.200796
v 1.076595 -4.706253 -0.370234
v 0.798961 -4.689228 0.166804
v 0.712948 -4.689228 0.200796
v -1.607651 -4.689228 -0.065686
v -1.688245 -4.689228 -0.093177
v -1.641236 -4.691045 -0.123288
v -1.247717 -4.706253 -0.370234
v -0.926049 -4.689228 0.166804
v 1.247717 -4.706253 -0.370234
v 1.641236 -4.691045 -0.123288
v 1.688245 -4.689228 -0.093177
v 1.607650 -4.689228 -0.065686
v 0.926049 -4.689228 0.166804
v -3.099623 -2.909639 -0.093177
v -3.019029 -2.909639 -0.065686
v -3.099623 -4.689228 -0.093177
v -3.019029 -4.689228 -0.065686
v -2.659096 -2.926664 -0.370234
v -3.052614 -2.911455 -0.123288
v -2.659096 -4.706253 -0.370234
v -3.052614 -4.691045 -0.123288
v -2.337428 -2.909639 0.166804
v -2.337428 -4.689228 0.166804
v 2.659096 -2.926664 -0.370234
v 3.052615 -2.911455 -0.123288
v 3.052615 -4.691045 -0.123288
v 2.659096 -4.706253 -0.370234
v 3.099623 -2.909639 -0.093177
v 3.099623 -4.689228 -0.093177
v 3.019029 -2.909639 -0.065686
v 3.019029 -4.689228 -0.065686
v 2.337428 -2.909639 0.166804
v 2.337428 -4.689228 0.166804
v -3.806503 -2.909639 -0.093177
v -3.725909 -2.909639 -0.065686
v -3.806503 -4.689228 -0.093177
v -3.725909 -4.689228 -0.065686
v -3.365975 -2.926664 -0.370234
v -3.759494 -2.911455 -0.123288
v -3.365975 -4.706253 -0.370234
v -3.759494 -4.691045 -0.123288
v 3.365976 -2.926664 -0.370234
v 3.759494 -2.911455 -0.123288
v 3.759494 -4.691045 -0.123288
v 3.365976 -4.706253 -0.370234
v 3.806503 -2.909639 -0.093177
v 3.806503 -4.689228 -0.093177
v 3.725908 -2.909639 -0.065686
v 3.725908 -4.689228 -0.065686
v 0.546613 -6.348827 0.200796
v -0.547561 -6.348827 0.200796
v -0.001813 -4.569238 0.200796
v 0.546613 -4.569238 0.200796
v -0.547561 -4.569238 0.200796
v -1.674494 -2.926664 -0.506120
v -1.674494 -4.706253 -0.506120
v -2.232318 -4.706253 -0.506120
v -2.232318 -2.926664 -0.506120
v 1.674495 -2.926664 -0.506120
v 1.674495 -4.706253 -0.506120
v 2.232318 -2.926664 -0.506120
v 2.232318 -4.706253 -0.506120
v -1.732494 -2.984664 -0.506120
v -1.732494 -4.648253 -0.506120
v -2.174318 -4.648253 -0.506120
v -2.174318 -2.984664 -0.506120
v 1.732494 -2.984664 -0.506120
v 1.732494 -4.648253 -0.506120
v 2.174318 -2.984664 -0.506120
v 2.174318 -4.648253 -0.506120
v -1.732494 -2.984664 -0.469072
v -1.732494 -4.648253 -0.469072
v -2.174318 -4.648253 -0.469072
v -2.174318 -2.984664 -0.469072
v 1.732494 -2.984664 -0.469072
v 1.732494 -4.648253 -0.469072
v 2.174318 -2.984664 -0.469072
v 2.174318 -4.648253 -0.469072
v -1.879494 -3.131664 -0.469072
v -1.879494 -4.501253 -0.469072
v -2.027318 -4.501253 -0.469072
v -2.027318 -3.131664 -0.469072
v 1.879494 -3.131664 -0.469072
v 1.879494 -4.501253 -0.469072
v 2.027318 -3.131664 -0.469072
v 2.027318 -4.501253 -0.469072
v -1.934110 -3.131664 -0.870786
v -1.879494 -3.131664 -0.816171
v -1.934110 -4.501253 -0.870786
v -1.879494 -4.501253 -0.816171
v -1.972703 -4.501253 -0.870786
v -2.027318 -4.501253 -0.816171
v -1.972703 -3.131664 -0.870786
v -2.027318 -3.131664 -0.816171
v 1.934110 -3.131664 -0.870786
v 1.879494 -3.131664 -0.816171
v 1.934110 -4.501253 -0.870786
v 1.879494 -4.501253 -0.816171
v 1.972703 -3.131664 -0.870786
v 2.027318 -3.131664 -0.816171
v 1.972703 -4.501253 -0.870786
v 2.027318 -4.501253 -0.816171
v -3.841150 -2.909639 -0.093177
v -3.760556 -2.909639 -0.065686
v -3.841150 -4.689228 -0.093177
v -3.760556 -4.689228 -0.065686
v -3.794141 -2.911455 -0.123288
v -3.794141 -4.691045 -0.123288
v 3.794142 -2.911455 -0.123288
v 3.841150 -2.909639 -0.093177
v 3.841150 -4.689228 -0.093177
v 3.794142 -4.691045 -0.123288
v 3.760556 -2.909639 -0.065686
v 3.760556 -4.689228 -0.065686
v -3.861301 -2.909639 -0.093177
v -3.780707 -2.909639 -0.065686
v -3.861301 -4.689228 -0.093177
v -3.780707 -4.689228 -0.065686
v -3.814292 -2.911455 -0.123288
v -3.814292 -4.691045 -0.123288
v 3.814293 -2.911455 -0.123288
v 3.861301 -2.909639 -0.093177
v 3.861301 -4.689228 -0.093177
v 3.814293 -4.691045 -0.123288
v 3.780707 -2.909639 -0.065686
v 3.780707 -4.689228 -0.065686
v -3.759494 -3.125587 -0.615900
v -3.759494 -4.691045 -1.052480
v -3.794141 -4.691045 -1.052480
v -3.794141 -3.125587 -0.615900
v 3.759494 -3.125587 -0.615900
v 3.759494 -4.691045 -1.052480
v 3.794142 -3.125587 -0.615900
v 3.794142 -4.691045 -1.052480
v -3.760556 -2.909639 0.646888
v -3.760556 -4.320840 0.407828
v -3.780707 -2.909639 0.646888
v -3.780707 -4.320840 0.407828
v 3.760556 -2.909639 0.646888
v 3.760556 -4.320840 0.407828
v 3.780707 -4.320840 0.407828
v 3.780707 -2.909639 0.646888
v -1.407305 -2.923836 -0.324322
v -1.654495 -2.914283 -0.169201
v -2.645836 -2.923836 -0.324322
v -2.893027 -2.914283 -0.169201
v -1.615280 -2.909639 -0.019686
v -1.203398 -2.909639 0.120804
v -2.741680 -2.909639 -0.019686
v -2.329798 -2.909639 0.120804
v 1.407305 -2.923836 -0.324322
v 1.654495 -2.914283 -0.169201
v 2.893027 -2.914283 -0.169201
v 2.645837 -2.923836 -0.324322
v 1.615280 -2.909639 -0.019686
v 1.203398 -2.909639 0.120805
v 2.329798 -2.909639 0.120804
v 2.741680 -2.909639 -0.019686
v -1.407305 -3.017153 -0.324322
v -1.654495 -3.007600 -0.169201
v -2.645836 -3.017153 -0.324322
v -2.893027 -3.007600 -0.169201
v -1.615280 -3.002956 -0.019686
v -1.203398 -3.002956 0.120804
v -2.741680 -3.002956 -0.019686
v -2.329798 -3.002956 0.120804
v 1.407305 -3.017153 -0.324322
v 1.654495 -3.007600 -0.169201
v 2.893027 -3.007600 -0.169201
v 2.645837 -3.017153 -0.324322
v 1.615280 -3.002956 -0.019686
v 1.203398 -3.002956 0.120805
v 2.329798 -3.002956 0.120804
v 2.741680 -3.002956 -0.019686
v -1.357939 -4.642538 -0.358176
v -1.654783 -4.623422 -0.174542
v -2.889558 -4.623422 -0.174541
v -2.639124 -4.634431 -0.329440
v -2.225016 -4.635608 -0.459120
v -1.681796 -4.635608 -0.459120
v -1.615446 -4.618583 -0.018687
v -1.209427 -4.618583 0.119804
v -2.329632 -4.618583 0.119804
v -2.735651 -4.618583 -0.018686
v 1.357939 -4.642538 -0.358176
v 1.654784 -4.623422 -0.174542
v 2.639125 -4.634431 -0.329440
v 2.889558 -4.623422 -0.174541
v 1.681796 -4.635608 -0.459120
v 2.225017 -4.635608 -0.459120
v 1.615445 -4.618583 -0.018687
v 1.209427 -4.618583 0.119805
v 2.735651 -4.618583 -0.018686
v 2.329633 -4.618583 0.119804
v -1.357939 -4.715990 -0.358176
v -1.654783 -4.696874 -0.174542
v -2.889558 -4.696874 -0.174541
v -2.639124 -4.707883 -0.329440
v -2.225016 -4.709060 -0.459120
v -1.681796 -4.709060 -0.459120
v -1.615446 -4.692035 -0.018687
v -1.209427 -4.692035 0.119804
v -2.329632 -4.692035 0.119804
v -2.735651 -4.692035 -0.018686
v 1.357939 -4.715990 -0.358176
v 1.654784 -4.696874 -0.174542
v 2.639125 -4.707883 -0.329440
v 2.889558 -4.696874 -0.174541
v 1.681796 -4.709060 -0.459120
v 2.225017 -4.709060 -0.459120
v 1.615445 -4.692035 -0.018687
v 1.209427 -4.692035 0.119805
v 2.735651 -4.692035 -0.018686
v 2.329633 -4.692035 0.119804
v -1.430783 -4.724387 -0.348647
v -1.663636 -4.699491 -0.205431
v -2.780732 -4.699753 -0.205409
v -2.626089 -4.707188 -0.301005
v -2.220279 -4.709915 -0.428132
v -1.686522 -4.709869 -0.428130
v -1.620587 -4.692035 0.012313
v -1.396336 -4.692035 0.088804
v -2.324491 -4.692035 0.088804
v -2.548742 -4.692035 0.012314
v 1.430784 -4.724387 -0.348647
v 1.663636 -4.699491 -0.205431
v 2.626089 -4.707188 -0.301005
v 2.780733 -4.699753 -0.205409
v 1.686522 -4.709869 -0.428130
v 2.220279 -4.709915 -0.428132
v 1.620587 -4.692035 0.012313
v 1.396336 -4.692035 0.088804
v 2.548742 -4.692035 0.012314
v 2.324491 -4.692035 0.088804
v -1.430783 -4.551965 -0.348647
v -1.663636 -4.527069 -0.205431
v -2.780732 -4.527331 -0.205409
v -2.626089 -4.534766 -0.301005
v -2.220279 -4.537493 -0.428132
v -1.686522 -4.537447 -0.428130
v -1.620587 -4.519613 0.012313
v -1.396336 -4.519613 0.088804
v -2.324491 -4.519613 0.088804
v -2.548742 -4.519613 0.012314
v 1.430784 -4.551965 -0.348647
v 1.663636 -4.527069 -0.205431
v 2.626089 -4.534766 -0.301005
v 2.780733 -4.527331 -0.205409
v 1.686522 -4.537447 -0.428130
v 2.220279 -4.537493 -0.428132
v 1.620587 -4.519613 0.012313
v 1.396336 -4.519613 0.088804
v 2.548742 -4.519613 0.012314
v 2.324491 -4.519613 0.088804
v -1.879494 -3.177664 -0.515072
v -1.879494 -4.455253 -0.515072
v -1.879494 -4.455253 -0.770171
v -1.879494 -3.177664 -0.770171
v -2.027318 -3.177664 -0.515072
v -2.027318 -4.455253 -0.515072
v -2.027318 -3.177664 -0.770171
v -2.027318 -4.455253 -0.770171
v 1.879494 -3.177664 -0.515072
v 1.879494 -4.455253 -0.515072
v 1.879494 -3.177664 -0.770171
v 1.879494 -4.455253 -0.770171
v 2.027318 -3.177664 -0.515072
v 2.027318 -4.455253 -0.515072
v 2.027318 -4.455253 -0.770171
v 2.027318 -3.177664 -0.770171
v -1.890346 -3.177664 -0.515072
v -1.890346 -4.455253 -0.515072
v -1.890346 -4.455253 -0.770171
v -1.890346 -3.177664 -0.770171
v -2.016467 -3.177664 -0.515072
v -2.016467 -4.455253 -0.515072
v -2.016467 -3.177664 -0.770171
v -2.016467 -4.455253 -0.770171
v 1.890346 -3.177664 -0.515072
v 1.890346 -4.455253 -0.515072
v 1.890346 -3.177664 -0.770171
v 1.890346 -4.455253 -0.770171
v 2.016467 -3.177664 -0.515072
v 2.016467 -4.455253 -0.515072
v 2.016467 -4.455253 -0.770171
v 2.016467 -3.177664 -0.770171
v -1.921494 -3.131664 -0.511072
v -1.985318 -3.131664 -0.511072
v -1.921494 -3.131664 -0.798774
v -1.951506 -3.131664 -0.828786
v -1.955306 -3.131664 -0.828786
v -1.985318 -3.131664 -0.798774
v 1.921494 -3.131664 -0.511072
v 1.985318 -3.131664 -0.511072
v 1.985318 -3.131664 -0.798774
v 1.955306 -3.131664 -0.828786
v 1.951507 -3.131664 -0.828786
v 1.921494 -3.131664 -0.798774
v -1.921494 -3.211870 -0.511072
v -1.985318 -3.211870 -0.511072
v -1.921494 -3.211870 -0.798774
v -1.951506 -3.211870 -0.828786
v -1.955306 -3.211870 -0.828786
v -1.985318 -3.211870 -0.798774
v 1.921494 -3.211870 -0.511072
v 1.985318 -3.211870 -0.511072
v 1.985318 -3.211870 -0.798774
v 1.955306 -3.211870 -0.828786
v 1.951507 -3.211870 -0.828786
v 1.921494 -3.211870 -0.798774
v -1.904494 -4.501253 -0.494072
v -2.002318 -4.501253 -0.494072
v -2.002318 -4.501253 -0.805815
v -1.962347 -4.501253 -0.845786
v -1.944465 -4.501253 -0.845786
v -1.904494 -4.501253 -0.805815
v 1.904494 -4.501253 -0.494072
v 2.002318 -4.501253 -0.494072
v 1.904494 -4.501253 -0.805815
v 1.944465 -4.501253 -0.845786
v 1.962348 -4.501253 -0.845786
v 2.002318 -4.501253 -0.805815
v -1.904494 -4.414845 -0.494072
v -2.002318 -4.414845 -0.494072
v -2.002318 -4.414845 -0.805815
v -1.962347 -4.414845 -0.845786
v -1.944465 -4.414845 -0.845786
v -1.904494 -4.414845 -0.805815
v 1.904494 -4.414845 -0.494072
v 2.002318 -4.414845 -0.494072
v 1.904494 -4.414845 -0.805815
v 1.944465 -4.414845 -0.845786
v 1.962348 -4.414845 -0.845786
v 2.002318 -4.414845 -0.805815
v 0.916542 -4.677005 0.978400
v 0.743721 -4.677005 1.118239
v -0.744576 -4.677005 1.118239
v -0.917422 -4.677005 0.978400
v -0.001897 -4.677005 0.199478
v 0.916542 -4.677005 0.199478
v -0.917422 -4.677005 0.199478
v 0.916542 -2.233943 0.199478
v 0.916542 -2.233943 0.978400
v 0.743721 -2.233943 1.118239
v -0.744576 -2.233943 1.118239
v -0.917422 -2.233943 0.978400
v -0.917422 -2.233943 0.199478
v 1.016059 -2.233943 0.216139
v 1.100827 -2.316314 0.312701
v 1.100827 -2.331251 0.911945
v 1.008693 -2.233943 0.993827
v 1.100827 -4.587481 0.919728
v 1.008693 -4.677005 0.993827
v 1.100827 -4.594634 0.312701
v 1.016059 -4.677005 0.216139
v -1.101707 -2.316314 0.312701
v -1.016939 -2.233943 0.216139
v -1.009573 -2.233943 0.993828
v -1.101707 -2.331251 0.911945
v -1.101707 -4.587481 0.319854
v -1.016939 -4.677005 0.216139
v -1.101707 -4.579698 0.911945
v -1.009573 -4.677005 0.993828
v 1.196543 -2.331251 0.911945
v 1.196543 -2.316314 0.312701
v 1.196543 -4.587481 0.919728
v 1.196543 -4.594634 0.312701
v -1.197423 -2.316314 0.312701
v -1.197423 -2.331251 0.911945
v -1.197423 -4.587481 0.319854
v -1.197423 -4.579698 0.911945
v 1.196543 -2.381000 0.861116
v 1.196543 -2.368601 0.363701
v 1.196543 -4.537080 0.868554
v 1.196543 -4.543029 0.363701
v -1.197423 -2.368605 0.363866
v -1.197423 -2.380995 0.860945
v -1.197423 -4.535808 0.370691
v -1.197423 -4.529364 0.860945
v 1.128787 -2.381000 0.861116
v 1.128787 -2.368601 0.363701
v 1.128787 -4.537080 0.868554
v 1.128787 -4.543029 0.363701
v -1.129667 -2.368605 0.363866
v -1.129667 -2.380995 0.860945
v -1.129667 -4.535808 0.370691
v -1.129667 -4.529364 0.860945
v 1.131827 -2.330478 0.880954
v 1.131827 -2.317087 0.343691
v 1.165543 -2.330478 0.880954
v 1.165543 -2.317087 0.343691
v -1.132707 -2.317087 0.343691
v -1.132707 -2.330478 0.880955
v -1.166423 -2.317087 0.343691
v -1.166423 -2.330478 0.880955
v 1.131827 -2.371045 0.880954
v 1.131827 -2.357653 0.343691
v 1.165543 -2.371045 0.880954
v 1.165543 -2.357653 0.343691
v -1.132707 -2.357653 0.343691
v -1.132707 -2.371045 0.880955
v -1.166423 -2.357653 0.343691
v -1.166423 -2.371045 0.880955
v -0.001897 -6.025392 0.199478
v 0.916542 -6.025392 0.199478
v -0.917421 -6.025392 0.199478
v -1.456816 -6.228534 -0.093177
v -1.118936 -6.228534 -0.093177
v -1.065505 -6.228534 -0.065686
v -1.387256 -6.228534 -0.065686
v 1.117988 -6.228534 -0.093177
v 1.064557 -6.228534 -0.065686
v 1.086823 -6.230350 -0.123288
v -0.001813 -6.365852 -0.370234
v 0.825934 -6.365852 -0.370234
v -0.826882 -6.365852 -0.370234
v -1.076594 -6.365852 -0.370234
v -1.087771 -6.230350 -0.123288
v -1.416243 -6.230350 -0.123288
v 0.612680 -6.044334 0.166804
v -0.613628 -6.044334 0.166804
v -0.798961 -6.044334 0.166804
v -0.001813 -6.044334 0.200796
v -0.712948 -6.044334 0.200796
v 1.416243 -6.230350 -0.123288
v 1.076595 -6.365852 -0.370234
v 1.456817 -6.228534 -0.093177
v 1.387255 -6.228534 -0.065686
v 0.798961 -6.044334 0.166804
v 0.712948 -6.044334 0.200796
v -1.607651 -6.228534 -0.065686
v -1.688245 -6.228534 -0.093177
v -1.641236 -6.230350 -0.123288
v -1.247717 -6.365852 -0.370234
v -0.926049 -6.044334 0.166804
v 1.247717 -6.365852 -0.370234
v 1.641236 -6.230350 -0.123288
v 1.688245 -6.228534 -0.093177
v 1.607650 -6.228534 -0.065686
v 0.926049 -6.044334 0.166804
v 0.546613 -4.569238 0.200796
v -0.001813 -4.569238 0.200796
v 0.546613 -6.044334 0.200796
v -0.547561 -4.569238 0.200796
v -0.547561 -6.044334 0.200796
v -0.001813 -4.706253 -0.370234
v 0.825934 -4.706253 -0.370234
v -1.076594 -4.706253 -0.370234
v -0.826882 -4.706253 -0.370234
v -0.547561 -4.689228 0.200796
v -0.712948 -4.689228 0.200796
v -0.798961 -4.689228 0.166804
v 1.076595 -4.706253 -0.370234
v 0.798961 -4.689228 0.166804
v 0.712948 -4.689228 0.200796
v 0.546613 -4.689228 0.200796
v -1.607651 -4.689228 -0.065686
v -1.688245 -4.689228 -0.093177
v -1.641236 -4.691045 -0.123288
v -1.247717 -4.706253 -0.370234
v -0.926049 -4.689228 0.166804
v 1.247717 -4.706253 -0.370234
v 1.641236 -4.691045 -0.123288
v 1.688245 -4.689228 -0.093177
v 1.607650 -4.689228 -0.065686
v 0.926049 -4.689228 0.166804
v 1.117988 -6.285388 -0.091463
v 1.064557 -6.279288 -0.048017
v 1.086823 -6.283696 -0.107887
v -0.001813 -6.415740 -0.342860
v 0.825934 -6.415740 -0.342860
v 0.612680 -6.095089 0.184474
v -0.001813 -6.101240 0.200796
v 0.546613 -6.101240 0.200796
v -0.826882 -6.415740 -0.342860
v -1.087771 -6.283696 -0.107887
v -1.118936 -6.285388 -0.091463
v -1.065505 -6.279288 -0.048017
v -0.613628 -6.095089 0.184474
v -0.547561 -6.101240 0.200796
v -0.001813 -6.582314 -0.091462
v -0.001813 -6.579177 -0.046977
v 1.117988 -6.582289 -0.091463
v 1.064557 -6.576189 -0.048017
v 1.086823 -6.580597 -0.107887
v -0.001813 -6.581924 -0.107504
v -0.001813 -6.712641 -0.342860
v 0.825934 -6.712641 -0.342860
v -0.001813 -6.394978 0.185514
v 0.612680 -6.391990 0.184474
v -0.001813 -6.398141 0.200796
v 0.546613 -6.398141 0.200796
v -0.826882 -6.712641 -0.342860
v -1.087771 -6.580597 -0.107887
v -1.118936 -6.582289 -0.091463
v -1.065505 -6.576189 -0.048017
v -0.613628 -6.391990 0.184474
v -0.547561 -6.398141 0.200796
v 1.027815 -6.592827 -0.129711
v -0.001813 -6.594110 -0.129333
v -0.001813 -6.700456 -0.321031
v 0.815340 -6.700462 -0.321027
v -0.816288 -6.700462 -0.321027
v -1.028763 -6.592827 -0.129711
v -0.001813 -6.563599 -0.027424
v -0.001813 -6.410555 0.165961
v 0.981038 -6.560894 -0.028343
v 0.605227 -6.407596 0.164927
v -0.981987 -6.560895 -0.028343
v -0.606176 -6.407597 0.164927
v 1.027815 -6.485541 -0.129711
v -0.001813 -6.486824 -0.129333
v -0.001813 -6.593170 -0.321031
v 0.815340 -6.593176 -0.321027
v -0.816288 -6.593176 -0.321027
v -1.028763 -6.485541 -0.129711
v -0.001813 -6.456313 -0.027424
v -0.001813 -6.303269 0.165961
v 0.981038 -6.453608 -0.028343
v 0.605227 -6.300310 0.164927
v -0.981987 -6.453609 -0.028343
v -0.606176 -6.300311 0.164927
v 0.230708 -6.477802 -2.320752
v -0.231060 -4.512516 -1.635109
v -0.231060 -6.477802 -2.320752
v -0.231060 -5.846859 -2.100631
v 0.230708 -5.846859 -2.100631
v -0.231060 -6.179364 -2.216634
v 0.230708 -6.179364 -2.216634
v 0.230708 -6.179364 -1.919707
v 0.230708 -6.477802 -1.986023
v -0.001999 -6.477801 -1.986022
v -0.001999 -6.477801 -2.406528
v 0.149718 -6.477802 -2.406528
v -0.231060 -4.512516 -1.549315
v -0.001999 -4.512516 -1.549315
v -0.001999 -4.512516 -1.720886
v -0.150070 -4.512516 -1.720886
v -0.231060 -6.477802 -1.986023
v -0.150070 -6.477802 -2.406528
v -0.231060 -6.179364 -1.919707
v 0.149718 -6.179364 -2.302411
v -0.150070 -6.179364 -2.302411
v -0.231060 -5.846859 -1.845821
v -0.150070 -5.846859 -2.186408
v 0.149718 -4.512516 -1.720886
v 0.230708 -4.512516 -1.635109
v 0.149718 -5.846859 -2.186408
v 0.230708 -4.512516 -1.549315
v 0.230708 -5.846859 -1.845821
v 0.230708 -6.179364 -1.919707
v 0.230708 -6.477802 -1.986023
v 0.230708 -6.477802 -2.320752
v 0.230708 -6.179364 -2.216634
v 0.230708 -4.512516 -1.549315
v 0.230708 -5.846859 -1.845821
v 0.230708 -5.846859 -2.100631
v 0.230708 -4.512516 -1.635109
v -0.231060 -6.179364 -1.919707
v -0.231060 -6.477802 -1.986023
v -0.231060 -6.179364 -2.216634
v -0.231060 -6.477802 -2.320752
v -0.231060 -5.846859 -1.845821
v -0.231060 -5.846859 -2.100631
v -0.231060 -4.512516 -1.549315
v -0.231060 -4.512516 -1.635109
v -0.231060 -6.179364 -1.919707
v -0.231060 -6.179364 -2.216634
v -0.231060 -5.846859 -1.845821
v -0.231060 -5.846859 -2.100631
v 0.230708 -5.846859 -1.845821
v 0.230708 -6.179364 -1.919707
v 0.230708 -6.179364 -2.216634
v 0.230708 -5.846859 -2.100631
v -0.319460 -6.156364 -1.938157
v -0.319460 -6.156364 -2.184250
v -0.319460 -5.869859 -1.874492
v -0.319460 -5.869859 -2.084295
v 0.319109 -5.869859 -1.874492
v 0.319109 -6.156364 -1.938157
v 0.319109 -6.156364 -2.184250
v 0.319109 -5.869859 -2.084295
v -0.240737 -5.849377 -1.859441
v -0.240737 -5.849377 -2.088683
v -0.309783 -5.867341 -2.075925
v -0.309783 -5.867341 -1.881835
v 0.240385 -5.849377 -2.088683
v 0.240385 -5.849377 -1.859441
v 0.309431 -5.867341 -1.881835
v 0.309431 -5.867341 -2.075925
v -0.240737 -5.890254 -1.859441
v -0.240737 -5.890254 -2.088683
v -0.309783 -5.908217 -2.075925
v -0.309783 -5.908217 -1.881835
v 0.240385 -5.890254 -2.088683
v 0.240385 -5.890254 -1.859441
v 0.309431 -5.908217 -1.881835
v 0.309431 -5.908217 -2.075925
v -0.001999 -6.395985 -2.023022
v 0.193708 -6.395985 -2.023022
v -0.001999 -6.395985 -2.369528
v 0.133766 -6.395985 -2.369528
v 0.193708 -6.395985 -2.306044
v -0.194060 -6.395985 -2.023022
v -0.194060 -6.395985 -2.306044
v -0.134118 -6.395985 -2.369528
v -0.001999 -6.477801 -1.986022
v 0.230708 -6.477802 -1.986023
v -0.001999 -6.477801 -2.023022
v 0.193708 -6.477802 -2.023022
v -0.001999 -6.477801 -2.406528
v 0.149718 -6.477802 -2.406528
v 0.133766 -6.477802 -2.369528
v -0.001999 -6.477801 -2.369528
v 0.230708 -6.477802 -2.320752
v 0.193708 -6.477802 -2.306044
v -0.231060 -6.477802 -1.986023
v -0.194060 -6.477802 -2.023022
v -0.231060 -6.477802 -2.320752
v -0.194060 -6.477802 -2.306044
v -0.150070 -6.477802 -2.406528
v -0.134118 -6.477802 -2.369528
v -0.231060 -5.846859 -1.845821
v -0.231060 -5.846859 -2.100631
v -0.231060 -4.512516 -1.549315
v -0.231060 -4.512516 -1.635109
v 0.230708 -4.512516 -1.549315
v 0.230708 -5.846859 -1.845821
v 0.230708 -5.846859 -2.100631
v 0.230708 -4.512516 -1.635109
v -0.231060 -5.846859 -1.845821
v -0.231060 -5.846859 -2.100631
v -0.231060 -4.512516 -1.549315
v -0.231060 -4.512516 -1.635109
v 0.230708 -4.512516 -1.549315
v 0.230708 -5.846859 -1.845821
v 0.230708 -5.846859 -2.100631
v 0.230708 -4.512516 -1.635109
v -0.001897 -4.677005 1.118239
v 0.916542 -5.547086 1.060866
v 0.743721 -5.547086 1.200705
v -0.001897 -5.482367 1.109536
v -0.744575 -5.547086 1.200705
v -0.917421 -5.547086 1.060866
v -0.001897 -6.025392 0.199478
v 0.916542 -6.025392 0.199478
v -0.917421 -6.025392 0.199478
v 0.916542 -4.677005 0.199478
v 0.916542 -4.677005 0.978400
v 0.743721 -4.677005 1.118239
v -0.744576 -4.677005 1.118239
v -0.917422 -4.677005 0.978400
v -0.917422 -4.677005 0.199478
v -0.001897 -6.025392 0.199478
v 0.916542 -6.025392 0.199478
v 0.916542 -5.547086 1.060866
v 0.743721 -5.547086 1.200705
v -0.001897 -5.482367 1.109536
v -0.917421 -6.025392 0.199478
v -0.744575 -5.547086 1.200705
v -0.917421 -5.547086 1.060866
v -0.001897 -6.025392 0.199478
v 0.916542 -6.025392 0.199478
v 0.916542 -5.547086 1.060866
v 0.743721 -5.547086 1.200705
v -0.001897 -5.482367 1.109536
v -0.917421 -6.025392 0.199478
v -0.744575 -5.547086 1.200705
v -0.917421 -5.547086 1.060866
v -0.001897 -5.985087 0.275448
v 0.830526 -5.983491 0.274602
v 0.830578 -5.566132 1.021116
v 0.718578 -5.587807 1.122824
v -0.001908 -5.522870 1.033451
v -0.831406 -5.983487 0.274599
v -0.719446 -5.587809 1.122817
v -0.831458 -5.566128 1.021111
v -0.001897 -6.319795 0.275448
v 0.830526 -6.318199 0.274602
v 0.830578 -5.900840 1.021116
v 0.718578 -5.922515 1.122824
v -0.001908 -5.857578 1.033451
v -0.831406 -6.318195 0.274599
v -0.719446 -5.922517 1.122817
v -0.831458 -5.900836 1.021111
v -0.001897 -6.280399 0.349637
v 0.746512 -6.277320 0.348003
v 0.746611 -5.919544 0.982317
v 0.694040 -5.962340 1.046784
v -0.001920 -5.897163 0.959148
v -0.747392 -6.277312 0.347998
v -0.694920 -5.962343 1.046769
v -0.747491 -5.919537 0.982307
v -0.001897 -6.161725 0.349637
v 0.746512 -6.158647 0.348003
v 0.746611 -5.800870 0.982317
v 0.694040 -5.843667 1.046784
v -0.001920 -5.778490 0.959148
v -0.747392 -6.158638 0.347998
v -0.694920 -5.843669 1.046769
v -0.747491 -5.800863 0.982307
v -0.842428 -2.317542 -0.834335
v -0.002408 -2.317542 -0.834334
v 1.156227 -2.233642 -0.375429
v -0.002092 -2.233642 -0.375429
v -1.156651 -2.233642 -0.375429
v -1.270722 -2.230895 -0.375429
v 0.842428 -2.317542 -0.834335
v 1.270722 -2.230895 -0.375429
v -0.990689 -2.309586 -0.792203
v -0.951368 -2.317542 -0.834335
v 0.951368 -2.317542 -0.834335
v 0.990689 -2.309586 -0.792203
v -0.699219 -4.468587 -0.834335
v -0.637787 -4.468587 -0.834335
v -0.731855 -4.460632 -0.792203
v 0.637435 -4.468587 -0.834335
v 0.961600 -4.553816 -0.375429
v -0.001999 -4.553816 -0.375429
v -0.961951 -4.553816 -0.375429
v -1.054709 -4.553816 -0.375429
v 0.731855 -4.460632 -0.792203
v 0.699219 -4.468587 -0.834335
v 1.054709 -4.553816 -0.375429
v -0.822276 -4.460632 -0.792203
v -0.789639 -4.468587 -0.834335
v 0.789639 -4.468587 -0.834335
v 0.822276 -4.460632 -0.792203
v -0.842428 -1.742156 -0.834335
v -0.768414 -1.742156 -0.834335
v -0.002408 -1.742156 -0.834334
v 0.767990 -1.742156 -0.834335
v 1.158548 -1.655509 -0.375429
v -0.002408 -1.655509 -0.375429
v -1.158972 -1.655509 -0.375429
v -1.270722 -1.655509 -0.375429
v 0.842428 -1.742156 -0.834335
v 1.270722 -1.655509 -0.375429
v -0.990689 -1.734200 -0.792203
v -0.951368 -1.742156 -0.834335
v 0.951368 -1.742156 -0.834335
v 0.990689 -1.734200 -0.792203
v -1.086650 -3.879844 -0.375429
v -0.988767 -3.882591 -0.375429
v -0.001825 -3.882591 -0.375429
v 0.988405 -3.882591 -0.375429
v 1.086651 -3.879844 -0.375429
v 0.847182 -3.958535 -0.792203
v 0.813556 -3.966491 -0.834335
v 0.720397 -3.966491 -0.834335
v 0.509572 -3.966491 -0.834335
v -0.509935 -3.966491 -0.834335
v -0.720397 -3.966491 -0.834335
v -0.813556 -3.966491 -0.834335
v -0.847182 -3.958535 -0.792203
v -0.002059 -3.966491 -1.635908
v -0.001999 -4.468587 -1.539553
v 0.229268 -3.949138 -1.635908
v 0.509572 -4.230592 -1.274330
v -0.509935 -4.230592 -1.274330
v -0.229631 -3.949128 -1.635908
v 0.275708 -4.468587 -1.539554
v 0.637435 -4.468587 -1.274330
v -0.276060 -4.468587 -1.539554
v -0.637787 -4.468587 -1.274330
v -0.002408 -2.317542 -0.916334
v 0.685990 -2.317542 -0.916335
v 0.685990 -2.317542 -1.240310
v 0.371679 -2.317542 -1.553909
v -0.002408 -2.317542 -1.553908
v -0.686414 -2.317542 -0.916335
v -0.372102 -2.317542 -1.553909
v -0.686414 -2.317542 -1.240310
v 0.726995 -2.317542 -0.875330
v 0.739995 -2.317542 -0.834335
v 0.767990 -2.289546 -0.834335
v 0.795986 -2.317542 -0.834335
v 0.765244 -2.358243 -1.274330
v 0.726995 -2.317542 -1.257322
v -0.002400 -2.357133 -1.635908
v -0.002408 -2.317542 -1.596317
v 0.388813 -2.317542 -1.595340
v -0.727418 -2.317542 -0.875331
v -0.796410 -2.317542 -0.834335
v -0.768414 -2.289546 -0.834335
v -0.740419 -2.317542 -0.834335
v -0.765667 -2.358243 -1.274330
v -0.727822 -2.317542 -1.257489
v -0.389631 -2.317542 -1.596295
v 0.708747 -4.230592 -1.388439
v 0.428443 -3.949138 -1.750017
v -0.428806 -3.949128 -1.750017
v -0.709109 -4.230592 -1.388439
v 0.806245 -2.358236 -1.291338
v 0.474150 -2.357644 -1.622720
v 0.980922 -2.192215 -1.371431
v 0.650518 -2.191609 -1.701126
v 0.806233 -2.358423 -0.897432
v 0.980910 -2.358423 -0.975086
v -0.474572 -2.357644 -1.622720
v -0.806667 -2.358236 -1.291338
v -0.650939 -2.191609 -1.701126
v -0.981345 -2.192215 -1.371431
v -0.806655 -2.358424 -0.897431
v -0.981332 -2.358424 -0.975086
v 0.806245 -2.442311 -1.291338
v 0.474150 -2.441719 -1.622720
v 0.980922 -2.442325 -1.371431
v 0.650518 -2.441719 -1.701126
v 0.806233 -2.442498 -0.897432
v 0.980910 -2.442498 -0.975086
v -0.474572 -2.441719 -1.622720
v -0.806667 -2.442311 -1.291338
v -0.650939 -2.441719 -1.701126
v -0.981345 -2.442325 -1.371431
v -0.806655 -2.442499 -0.897431
v -0.981332 -2.442499 -0.975086
v 0.747485 -2.470060 -0.834335
v 1.000185 -2.469872 -1.388439
v 0.643524 -2.468058 -1.750017
v 0.390837 -2.468058 -1.635908
v -0.002376 -2.468840 -1.635908
v -0.391254 -2.468058 -1.635908
v -0.643941 -2.468058 -1.750017
v -1.000603 -2.469873 -1.388439
v -0.747904 -2.470060 -0.834335
v -0.437492 -2.357615 -1.629582
v -0.785334 -2.358240 -1.282489
v -0.785321 -2.358435 -0.864601
v -1.002665 -2.358435 -0.961223
v -1.002678 -2.192212 -1.380280
v -0.655647 -2.191580 -1.726565
v 0.437071 -2.357615 -1.629582
v 0.655226 -2.191580 -1.726565
v 1.002256 -2.192211 -1.380280
v 1.002243 -2.358434 -0.961223
v 0.784898 -2.358434 -0.864601
v 0.784911 -2.358239 -1.282489
v -0.661829 -3.011324 -0.834335
v -0.895169 -3.011204 -1.388439
v -0.566126 -3.003766 -1.750017
v -0.332795 -3.003766 -1.635908
v 0.332397 -3.003769 -1.635908
v 0.565728 -3.003769 -1.750017
v 0.894771 -3.011204 -1.388439
v 0.661431 -3.011324 -0.834335
v 0.196495 -3.003769 -1.835469
v 0.135504 -3.949138 -1.716241
v -0.001303 -3.966491 -1.716241
v -0.196900 -3.003766 -1.835469
v -0.135889 -3.949128 -1.716241
v -0.231473 -2.468058 -1.835469
v -0.001490 -2.468840 -1.835469
v 0.231056 -2.468058 -1.835469
v -0.002376 -2.468802 -1.673908
v -0.312150 -2.468219 -1.673908
v -0.001490 -2.468878 -1.797469
v -0.213219 -2.468143 -1.797469
v 0.311733 -2.468218 -1.673908
v 0.212802 -2.468142 -1.797469
v -0.002376 -2.518441 -1.673908
v -0.312150 -2.517859 -1.673908
v -0.001490 -2.518518 -1.797469
v -0.213219 -2.517782 -1.797469
v 0.311733 -2.517858 -1.673908
v 0.212802 -2.517781 -1.797469
v 0.176959 -3.024974 -1.829549
v 0.122026 -3.876452 -1.722162
v -0.001194 -3.892082 -1.722162
v -0.177366 -3.024970 -1.829549
v -0.122414 -3.876444 -1.722162
v -0.208505 -2.542467 -1.829549
v -0.001363 -2.543171 -1.829549
v 0.208088 -2.542467 -1.829549
v -0.001302 -3.031076 -1.810353
v 0.176959 -3.024974 -1.810353
v 0.122026 -3.876452 -1.702966
v -0.001194 -3.892082 -1.702966
v -0.177366 -3.024970 -1.810353
v -0.122414 -3.876444 -1.702966
v -0.208505 -2.542467 -1.810353
v -0.001363 -2.543171 -1.810353
v 0.208088 -2.542467 -1.810353
v 1.000174 -2.470031 -1.015963
v 1.011039 -2.414257 -0.948444
v 0.937681 -2.470060 -0.920223
v 0.894764 -3.011306 -1.015382
v 0.835962 -2.999432 -0.918763
v -0.938099 -2.470060 -0.920223
v -1.011460 -2.414258 -0.948443
v -1.000592 -2.470031 -1.015963
v -0.836361 -2.999430 -0.918763
v -0.895162 -3.011306 -1.015382
v -0.709109 -4.002825 -0.984387
v -0.647532 -3.966491 -0.893468
v 0.647169 -3.966491 -0.893468
v 0.708747 -4.002825 -0.984388
v 0.401241 -2.372684 -1.635908
v 0.397088 -2.357581 -1.635908
v 0.401498 -2.353632 -1.631901
v 0.408508 -2.357598 -1.630300
v 0.419978 -2.357601 -1.632746
v 0.657869 -2.191563 -1.740847
v 0.659094 -2.199687 -1.750017
v 1.021270 -2.200544 -1.388439
v 1.013661 -2.192209 -1.385012
v 0.773709 -2.358439 -0.847381
v 0.765231 -2.358441 -0.839639
v 0.762035 -2.355025 -0.837761
v 0.768716 -2.353808 -0.834335
v 0.763886 -2.366904 -0.834335
v 1.020002 -2.368238 -0.948444
v 1.012332 -2.358439 -0.954667
v -0.420399 -2.357601 -1.632746
v -0.407626 -2.357595 -1.631601
v -0.401941 -2.353581 -1.631945
v -0.397510 -2.357581 -1.635908
v -0.401662 -2.372684 -1.635908
v -0.659516 -2.199687 -1.750017
v -0.658291 -2.191563 -1.740847
v -1.014083 -2.192210 -1.385012
v -1.021692 -2.200545 -1.388439
v -0.774131 -2.358440 -0.847381
v -0.764308 -2.366904 -0.834335
v -0.769139 -2.353809 -0.834335
v -0.762458 -2.355026 -0.837761
v -0.765653 -2.358441 -0.842233
v -1.020424 -2.368239 -0.948443
v -1.012754 -2.358440 -0.954667
v -1.281279 -2.224955 -0.375429
v -1.313112 -2.244359 -0.446737
v -1.312066 -1.669184 -0.447857
v -1.280592 -1.655509 -0.375429
v 1.313112 -2.244359 -0.446737
v 1.281279 -2.224955 -0.375429
v 1.280592 -1.655509 -0.375429
v 1.312066 -1.669184 -0.447857
v -1.088971 -3.872011 -0.375429
v -1.123565 -3.893150 -0.445903
v 1.089625 -3.872068 -0.375429
v 1.123970 -3.893054 -0.445396
v -1.090111 -4.537937 -0.446449
v 1.090111 -4.537937 -0.446449
v -0.699219 -6.690813 -0.834335
v -0.637787 -6.690813 -0.834335
v 0.637435 -6.690813 -0.834335
v 0.699219 -6.690813 -0.834335
v -0.002059 -3.966491 -1.787206
v -0.001999 -4.468587 -1.784139
v 0.162966 -4.027315 -1.786752
v -0.002106 -4.039698 -1.786766
v 0.195890 -4.395588 -1.784593
v -0.001999 -4.395588 -1.784576
v -0.163336 -4.027397 -1.786751
v -0.196244 -4.395588 -1.784593
v 0.162966 -4.027315 -1.750230
v -0.002106 -4.039698 -1.750245
v 0.195890 -4.395588 -1.748071
v -0.001999 -4.395588 -1.748055
v -0.163336 -4.027397 -1.750230
v -0.196244 -4.395588 -1.748072
v 0.196121 -3.988223 -1.786979
v 0.203539 -3.951068 -1.787207
v 0.229268 -3.949138 -1.750710
v 0.235808 -4.432096 -1.784366
v 0.275708 -4.468587 -1.747646
v 0.249804 -4.468587 -1.784139
v -0.196487 -3.988258 -1.786979
v -0.229631 -3.949128 -1.750710
v -0.203905 -3.951091 -1.787207
v -0.236160 -4.432096 -1.784366
v -0.250156 -4.468587 -1.784139
v -0.276060 -4.468587 -1.747646
v -1.017758 -2.351470 -0.755218
v -1.276073 -2.300064 -0.483830
v -0.883558 -3.902775 -0.755897
v -1.096932 -3.851303 -0.482368
v 1.276089 -2.300061 -0.483814
v 1.017757 -2.351469 -0.755217
v 1.097328 -3.851209 -0.481874
v 0.883558 -3.902775 -0.755896
v -0.949956 -2.351470 -0.738796
v -1.208271 -2.300064 -0.467408
v -0.815756 -3.902775 -0.739475
v -1.029130 -3.851303 -0.465946
v 1.208287 -2.300061 -0.467391
v 0.949955 -2.351469 -0.738794
v 1.029526 -3.851209 -0.465452
v 0.815756 -3.902775 -0.739474
v 1.230151 -3.893054 -0.445396
v 0.953363 -3.958535 -0.792203
v 1.196292 -4.537937 -0.446449
v 0.928457 -4.460632 -0.792203
v -0.953363 -3.958535 -0.792203
v -1.229746 -3.893150 -0.445903
v -0.928457 -4.460632 -0.792203
v -1.196292 -4.537937 -0.446449
v 1.131756 -3.896023 -0.461118
v 0.880063 -3.955567 -0.776480
v 1.197269 -3.896023 -0.461118
v 0.945577 -3.955567 -0.776480
v -0.880063 -3.955567 -0.776480
v -1.131351 -3.896119 -0.461625
v -0.945577 -3.955567 -0.776480
v -1.196864 -3.896119 -0.461625
v 1.131756 -3.930248 -0.461118
v 0.880063 -3.989791 -0.776480
v 1.197269 -3.930248 -0.461118
v 0.945577 -3.989791 -0.776480
v -0.880063 -3.989791 -0.776480
v -1.131351 -3.930343 -0.461625
v -0.945577 -3.989791 -0.776480
v -1.196864 -3.930343 -0.461625
vn -0.0000 -0.0000 1.0000
vn -0.0000 1.0000 -0.0000
vn -0.0000 -1.0000 -0.0000
vn 0.8724 -0.0000 0.4887
vn -0.8724 -0.0000 0.4887
vn -0.0000 0.3261 0.9454
vn -0.0000 0.3247 0.9458
vn -0.0000 0.0383 0.9993
vn -0.0000 0.0322 0.9995
vn -0.0000 0.0074 1.0000
vn -0.0000 0.0321 0.9995
vn -0.0000 0.3022 0.9532
vn 0.8975 0.4089 0.1651
vn 0.9215 0.3488 0.1708
vn 0.9247 0.3400 0.1715
vn -0.0000 -0.9528 0.3035
vn 0.9219 0.2982 0.2475
vn 0.9202 0.3043 0.2462
vn 0.9208 0.3022 0.2467
vn -0.9217 0.2986 0.2474
vn -0.9207 0.3027 0.2465
vn -0.9201 0.3046 0.2461
vn -0.8979 0.4081 0.1651
vn -0.9249 0.3392 0.1716
vn -0.9218 0.3480 0.1708
vn -0.0000 0.7900 0.6131
vn -0.9944 0.1016 0.0308
vn -0.9927 0.1153 0.0349
vn -0.9937 0.1070 0.0324
vn 0.9944 0.1013 0.0307
vn 0.9938 0.1066 0.0323
vn 0.9928 0.1150 0.0348
vn -0.9175 0.3139 0.2442
vn -0.9583 0.2217 0.1802
vn -0.9888 0.1431 0.0434
vn 0.9888 0.1427 0.0432
vn 0.9581 0.2225 0.1802
vn 0.9177 0.3134 0.2443
vn -0.0000 -0.0704 -0.9975
vn 0.9535 0.0212 0.3006
vn -0.0000 0.0704 0.9975
vn -0.9535 0.0212 0.3006
vn 0.5899 0.0473 0.8061
vn 0.5888 0.0384 0.8074
vn 0.5910 0.0568 0.8046
vn -0.5888 0.0384 0.8074
vn -0.5899 0.0474 0.8061
vn -0.5910 0.0568 0.8046
vn 0.4573 -0.4356 0.7753
vn -0.4573 -0.4355 0.7753
vn 0.0009 -0.9995 0.0318
vn -0.0015 -0.9995 0.0320
vn -0.0009 -0.9995 0.0314
vn -0.0004 -0.9995 0.0308
vn -0.0003 -0.9995 0.0313
vn 0.0015 -0.9995 0.0320
vn -0.0009 -0.9995 0.0318
vn 0.0003 -0.9995 0.0313
vn 0.0005 -0.9995 0.0308
vn 0.0009 -0.9995 0.0314
vn 0.0076 -0.9991 0.0422
vn -0.0076 -0.9991 0.0422
vn 0.4981 -0.0000 -0.8671
vn -0.4981 -0.0000 -0.8671
vn 0.3001 -0.0000 -0.9539
vn 0.4514 -0.0000 -0.8923
vn 0.8172 -0.0000 -0.5763
vn -0.8172 -0.0000 -0.5763
vn -0.4514 -0.0000 -0.8923
vn -0.3017 -0.0000 -0.9534
vn -1.0000 -0.0000 -0.0000
vn 1.0000 -0.0000 -0.0000
vn -0.2086 0.9780 -0.0000
vn 0.0068 -1.0000 -0.0000
vn -0.5133 0.8582 -0.0000
vn 0.0466 -0.9989 -0.0000
vn 0.5133 0.8582 -0.0000
vn -0.0466 -0.9989 -0.0000
vn 0.2086 0.9780 -0.0000
vn -0.0068 -1.0000 -0.0000
vn -0.1878 0.9454 -0.2663
vn 0.0134 -0.9997 0.0190
vn 0.0122 -0.9998 0.0173
vn -0.5763 -0.0000 -0.8172
vn 0.0162 -0.9996 0.0230
vn 0.5763 -0.0000 0.8172
vn 0.0217 -0.9993 0.0308
vn 0.1878 0.9454 -0.2663
vn -0.0217 -0.9993 0.0308
vn -0.0162 -0.9996 0.0230
vn -0.5763 -0.0000 0.8172
vn -0.0122 -0.9998 0.0173
vn 0.5763 -0.0000 -0.8172
vn -0.0134 -0.9997 0.0190
vn 0.4316 0.6800 -0.5927
vn 0.4336 0.6778 -0.5938
vn 0.4404 0.6705 -0.5971
vn 0.4156 0.6930 -0.5891
vn 0.4184 0.6912 -0.5892
vn 0.3095 0.8449 0.4363
vn -0.7036 0.6798 0.2069
vn -0.7056 0.6772 0.2085
vn -0.6952 0.6913 0.1971
vn -0.6940 0.6931 0.1948
vn -0.7116 0.6695 0.2132
vn 0.4057 0.6993 -0.5886
vn -0.6899 0.6994 0.1868
vn -0.4791 0.5541 -0.6808
vn 0.4804 0.5541 -0.6799
vn -0.4076 0.6994 -0.5871
vn -0.4165 0.6931 -0.5884
vn -0.4190 0.6913 -0.5887
vn -0.4310 0.6799 -0.5932
vn -0.4335 0.6770 -0.5948
vn 0.6944 0.6930 0.1937
vn 0.6955 0.6912 0.1963
vn 0.7048 0.6779 0.2090
vn 0.7030 0.6803 0.2073
vn 0.6906 0.6993 0.1845
vn -0.4398 0.6695 -0.5987
vn 0.7103 0.6705 0.2143
vn -0.3070 0.8449 0.4380
vn -0.8172 -0.0000 0.5763
vn 0.8172 -0.0000 0.5763
vn -0.0000 -0.0000 -0.0000
vn 0.3437 0.1389 -0.9288
vn 0.6292 0.1389 -0.7648
vn 0.6143 0.1218 -0.7796
vn 0.3639 0.1218 -0.9234
vn 0.6292 -0.1389 -0.7648
vn 0.6143 -0.1218 -0.7796
vn 0.3437 -0.1389 -0.9288
vn 0.3639 -0.1218 -0.9234
vn -0.6292 0.1389 -0.7648
vn -0.3436 0.1389 -0.9288
vn -0.3639 0.1218 -0.9234
vn -0.6143 0.1218 -0.7796
vn -0.3437 -0.1389 -0.9288
vn -0.3639 -0.1218 -0.9234
vn -0.6292 -0.1389 -0.7648
vn -0.6143 -0.1218 -0.7796
vn 0.6910 -0.0000 0.7229
vn -0.6909 -0.0000 0.7229
vn 0.9671 0.2544 -0.0000
vn 0.9853 0.1706 -0.0000
vn 0.6861 0.1187 0.7178
vn 0.6250 0.4086 0.6651
vn 0.6547 0.3039 0.6921
vn -0.0000 0.0784 0.9969
vn -0.6860 0.1187 0.7178
vn -0.6546 0.3039 0.6921
vn -0.6250 0.4086 0.6652
vn -0.9853 0.1706 -0.0000
vn -0.9671 0.2544 -0.0000
vn -0.9720 0.2350 -0.0000
vn -0.9932 0.1164 -0.0000
vn -0.5214 0.5820 0.6241
vn -0.5558 0.4925 0.6697
vn -0.0000 0.8721 0.4894
vn -0.0000 0.4860 0.8740
vn -0.0000 0.5373 0.8434
vn -0.0000 0.5374 0.8433
vn -0.0000 0.4861 0.8739
vn 0.5558 0.4925 0.6697
vn 0.5214 0.5820 0.6241
vn 0.9932 0.1164 -0.0000
vn 0.9720 0.2350 -0.0000
vn -0.6290 -0.0000 0.7774
vn 0.6290 -0.0000 0.7774
vn -0.0000 0.9243 -0.3816
vn -0.0000 -0.0000 -1.0000
vn -0.0000 -0.1632 -0.9866
vn 0.7071 -0.1154 -0.6976
vn 0.7071 0.0554 0.7049
vn -0.7071 -0.1154 -0.6976
vn -0.7071 0.0554 0.7049
vn -0.0000 0.6710 -0.7415
vn -0.0000 0.6773 -0.7357
vn -0.0000 0.3798 -0.9251
vn -0.0000 0.6957 -0.7184
vn -0.8331 0.3964 -0.3857
vn -0.7605 0.5327 -0.3714
vn -0.7665 0.5234 -0.3723
vn -0.8382 0.3834 -0.3880
vn 0.7605 0.5327 -0.3714
vn 0.8331 0.3965 -0.3856
vn 0.8382 0.3834 -0.3880
vn 0.7665 0.5234 -0.3723
vn -0.0000 0.2801 -0.9600
vn -0.8922 0.2560 -0.3720
vn 0.8922 0.2560 -0.3720
vn -0.6698 0.6555 -0.3489
vn -0.6547 0.6747 -0.3410
vn -0.0000 0.8016 -0.5979
vn 0.6698 0.6555 -0.3489
vn 0.6547 0.6747 -0.3410
vn -0.0000 -0.0062 -1.0000
vn -0.0000 -0.0061 -1.0000
vn -0.9301 -0.0000 -0.3672
vn -0.9302 -0.0000 -0.3670
vn -0.9172 0.1171 -0.3808
vn -0.9183 0.1244 -0.3759
vn -0.0000 -0.0059 -1.0000
vn 0.9302 -0.0000 -0.3670
vn 0.9301 -0.0000 -0.3672
vn 0.9183 0.1244 -0.3759
vn 0.9172 0.1171 -0.3808
vn 0.8724 0.2596 -0.4141
vn 0.8907 0.2191 -0.3982
vn -0.0000 -0.0105 -0.9999
vn -0.8907 0.2191 -0.3982
vn -0.8724 0.2596 -0.4141
vn -0.7034 0.1526 -0.6942
vn -0.7654 0.1855 -0.6162
vn -0.7645 0.1853 -0.6174
vn -0.7251 0.1355 -0.6752
vn 0.7654 0.1855 -0.6162
vn 0.7034 0.1526 -0.6942
vn 0.7251 0.1355 -0.6752
vn 0.7645 0.1853 -0.6174
vn 0.6706 0.6545 -0.3493
vn 0.7304 0.5775 -0.3647
vn 0.8325 0.3981 -0.3853
vn 0.9172 0.2209 -0.3317
vn 0.9129 0.1495 -0.3797
vn 0.9302 0.0003 -0.3670
vn 0.9107 0.1610 -0.3804
vn 0.8794 0.2816 -0.3839
vn -0.9107 0.1610 -0.3804
vn -0.9129 0.1495 -0.3797
vn -0.8794 0.2816 -0.3839
vn -0.9302 0.0003 -0.3670
vn -0.9172 0.2209 -0.3317
vn -0.8325 0.3981 -0.3853
vn -0.7304 0.5775 -0.3647
vn -0.6706 0.6545 -0.3493
vn -0.0000 -0.0058 -1.0000
vn -0.0000 0.9874 -0.1581
vn 0.5415 0.8322 0.1192
vn 0.0003 0.0004 1.0000
vn 0.0004 0.0003 1.0000
vn 0.0002 0.0002 1.0000
vn -0.5415 0.8322 0.1192
vn -0.0003 0.0004 1.0000
vn -0.0002 0.0002 1.0000
vn -0.0004 0.0003 1.0000
vn -0.0000 -0.9826 0.1855
vn 0.0004 0.0004 1.0000
vn 0.0005 0.0003 1.0000
vn -0.0004 0.0004 1.0000
vn -0.0005 0.0003 1.0000
vn -0.5066 0.7099 -0.4893
vn -0.1654 0.7486 -0.6421
vn -0.1886 0.7493 -0.6349
vn -0.1442 0.7475 -0.6484
vn 0.1653 0.7486 -0.6421
vn 0.1886 0.7493 -0.6348
vn 0.1442 0.7475 -0.6484
vn 0.5066 0.7099 -0.4893
vn 0.6847 0.7101 0.1639
vn -0.6847 0.7101 0.1639
vn -0.6811 0.1406 -0.7185
vn -0.7764 0.1884 -0.6015
vn 0.7764 0.1884 -0.6015
vn 0.6811 0.1406 -0.7185
vn -0.1274 0.9617 -0.2428
vn -0.2391 0.8710 0.4291
vn 0.5994 -0.2896 0.7462
vn 0.4879 0.4287 -0.7604
vn 0.1274 0.9617 -0.2428
vn -0.4879 0.4287 -0.7604
vn -0.5994 -0.2896 0.7462
vn 0.2391 0.8710 0.4291
vn -0.7386 0.1292 -0.6617
vn -0.7284 0.1273 -0.6732
vn 0.7386 0.1292 -0.6617
vn 0.7283 0.1273 -0.6733
vn 0.8463 0.2364 -0.4773
vn 0.8638 0.2792 -0.4195
vn 0.8477 0.2853 -0.4472
vn 0.8322 0.2033 -0.5159
vn -0.8322 0.2033 -0.5159
vn -0.8463 0.2364 -0.4773
vn -0.8638 0.2792 -0.4195
vn -0.8478 0.2853 -0.4471
vn 0.8124 0.2592 -0.5223
vn 0.8188 0.2076 -0.5352
vn 0.8267 0.2018 -0.5252
vn -0.8267 0.2018 -0.5252
vn -0.8188 0.2076 -0.5352
vn -0.8124 0.2592 -0.5223
vn -0.0000 -0.0053 -1.0000
vn -0.9456 0.1508 0.2883
vn -0.9354 0.1486 0.3208
vn -0.9127 0.1438 0.3825
vn -0.9794 0.1612 0.1218
vn -0.9780 0.1680 0.1235
vn -0.9678 0.2124 0.1347
vn 0.9354 0.1486 0.3208
vn 0.9456 0.1508 0.2883
vn 0.9127 0.1438 0.3825
vn 0.9780 0.1680 0.1233
vn 0.9794 0.1611 0.1216
vn 0.9679 0.2121 0.1345
vn 0.6877 0.1322 -0.7138
vn -0.6877 0.1322 -0.7138
vn 0.0002 0.0001 1.0000
vn -0.0002 0.0001 1.0000
vn 0.0006 0.0003 1.0000
vn -0.0006 0.0003 1.0000
vn -0.6798 0.1314 -0.7215
vn -0.6754 0.1379 -0.7245
vn 0.6798 0.1311 -0.7216
vn 0.6754 0.1379 -0.7245
vn -0.7068 0.1187 -0.6973
vn 0.7068 0.1187 -0.6973
vn -0.0000 -0.2599 0.9656
vn -0.0000 0.0453 -0.9990
vn -0.7010 0.1186 -0.7033
vn -0.7028 0.1227 -0.7007
vn -0.7045 0.1137 -0.7005
vn -0.7092 0.1238 -0.6941
vn -0.7108 0.1147 -0.6939
vn 0.7010 0.1186 -0.7032
vn 0.7045 0.1137 -0.7006
vn 0.7028 0.1227 -0.7007
vn 0.7109 0.1147 -0.6939
vn 0.7108 0.1147 -0.6939
vn 0.7092 0.1238 -0.6940
vn 0.6778 0.1400 -0.7218
vn 0.6918 0.1435 -0.7076
vn 0.6845 0.1237 -0.7184
vn 0.6960 0.1257 -0.7070
vn -0.6778 0.1400 -0.7218
vn -0.6845 0.1237 -0.7184
vn -0.6918 0.1435 -0.7076
vn -0.6960 0.1256 -0.7070
vn -0.0000 0.0059 -1.0000
vn -0.0000 0.8319 -0.5550
vn -0.0000 0.0060 1.0000
vn -0.0000 -0.9828 0.1848
vn -0.0000 0.9825 -0.1861
vn -0.0000 0.0005 -1.0000
vn -0.0000 -0.9827 0.1849
vn -0.0000 0.0006 1.0000
vn 0.8395 0.2294 -0.4925
vn 0.8031 0.2186 -0.5543
vn 0.8197 0.3010 -0.4873
vn 0.7839 0.2877 -0.5502
vn 0.7839 0.2878 -0.5501
vn -0.8395 0.2294 -0.4925
vn -0.8197 0.3010 -0.4873
vn -0.8031 0.2186 -0.5543
vn -0.7839 0.2877 -0.5502
vn -0.7839 0.2878 -0.5501
vn -0.0000 0.0120 0.9999
vn -0.0000 -0.9992 0.0407
vn -0.0000 0.0017 -1.0000
vn -0.0000 0.9865 -0.1638
vn 0.9300 0.0001 -0.3674
vn 0.9240 0.1253 -0.3614
vn 0.9304 -0.0000 -0.3665
vn 0.9305 0.0001 -0.3662
vn 0.9144 0.1882 -0.3585
vn 0.9143 0.1886 -0.3585
vn 0.8826 0.2596 -0.3921
vn 0.8704 0.3018 -0.3891
vn -0.8826 0.2596 -0.3921
vn -0.9240 0.1253 -0.3614
vn -0.8704 0.3018 -0.3891
vn -0.9144 0.1882 -0.3585
vn -0.9143 0.1886 -0.3584
vn -0.9305 0.0001 -0.3662
vn -0.9302 -0.0000 -0.3671
vn -0.0000 -0.0001 1.0000
vn -0.0000 0.0001 -1.0000
vn -0.0000 0.0109 0.9999
vn -0.0000 0.0008 -1.0000
vn -0.0000 0.9994 -0.0349
vn -0.0000 0.6841 -0.7294
vn -0.1366 0.3402 -0.9304
vn 0.1325 0.3404 -0.9309
vn 0.7610 0.6488 -0.0034
vn 0.9981 0.0258 -0.0553
vn -0.0000 -0.9732 -0.2299
vn -0.9981 0.0258 -0.0553
vn -0.7687 0.6396 -0.0045
vn -0.0000 0.6658 0.7461
vn 0.7356 0.4079 0.5408
vn 0.6493 0.5113 0.5630
vn 0.2828 -0.9246 -0.2551
vn -0.0000 -0.9445 -0.3286
vn -0.0000 -0.9427 -0.3337
vn -0.6622 0.5039 0.5546
vn -0.7440 0.4039 0.5323
vn -0.2840 -0.9244 -0.2547
vn 0.7683 0.3944 0.5042
vn 0.7916 0.6037 0.0945
vn 0.7383 0.3922 0.5487
vn 0.7368 0.3903 0.5521
vn 0.9953 0.0916 0.0315
vn -0.7986 0.5951 0.0899
vn -0.7771 0.3893 0.4946
vn -0.7465 0.3859 0.5420
vn -0.7476 0.3881 0.5390
vn -0.9953 0.0916 0.0315
vn 0.7677 0.4325 0.4729
vn -0.7677 0.4325 0.4729
vn -0.9980 0.0270 -0.0578
vn 0.9980 0.0270 -0.0578
vn -0.0000 -0.9905 -0.1372
vn -0.0000 0.9996 0.0297
vn -0.0000 0.5774 -0.8165
vn -0.0000 -0.3294 0.9442
vn -0.9980 0.0278 -0.0564
vn -0.9981 0.0251 -0.0568
vn -0.9979 0.0263 -0.0591
vn -0.9978 0.0292 -0.0590
vn 0.9979 0.0263 -0.0592
vn 0.9981 0.0251 -0.0568
vn 0.9980 0.0278 -0.0564
vn 0.9978 0.0292 -0.0590
vn -0.0000 0.9905 0.1372
vn -0.0000 0.3293 -0.9442
vn -0.0000 -0.9996 -0.0297
vn -0.0000 -0.5777 0.8163
vn 0.4680 -0.2914 0.8343
vn 0.3521 -0.9059 -0.2352
vn 0.4241 -0.8753 -0.2323
vn 0.3573 0.5403 -0.7619
vn 0.3964 0.9123 0.1025
vn -0.4680 -0.2914 0.8343
vn -0.3964 0.9123 0.1025
vn -0.3573 0.5403 -0.7619
vn -0.3522 -0.9059 -0.2352
vn -0.4241 -0.8753 -0.2323
vn -0.0000 -0.9997 0.0251
vn -0.0000 0.2241 -0.9746
vn -0.0000 0.6727 0.7399
vn -0.0000 0.6783 0.7348
vn -0.0000 -0.9994 0.0335
vn -0.0000 0.7280 0.6856
vn 0.0001 0.7280 0.6856
vn -0.0000 0.6934 0.7205
vn -0.0000 0.6934 0.7206
vn -0.0000 0.0815 -0.9967
vn -0.0000 0.9997 -0.0251
vn -0.0000 -0.2241 0.9746
vn -0.0000 -0.6727 -0.7399
vn -0.0000 -0.6783 -0.7348
vn -0.0000 0.9994 -0.0335
vn -0.0000 0.9467 -0.3222
vn -0.0000 -0.6969 -0.7171
vn -0.0000 -0.6969 -0.7172
vn -0.0000 0.5260 0.8505
vn 0.6101 0.7854 0.1046
vn 0.7467 0.6650 -0.0130
vn 0.7472 0.6645 -0.0134
vn 0.7748 0.6321 -0.0152
vn 0.9118 0.3868 0.1379
vn -0.7548 0.6558 -0.0139
vn -0.6193 0.7782 0.1040
vn -0.7552 0.6553 -0.0143
vn -0.7821 0.6230 -0.0161
vn -0.9156 0.3786 0.1357
vn -0.0002 -0.0000 -1.0000
vn -0.9981 -0.0000 0.0610
vn -0.0008 -0.0000 1.0000
vn 0.0003 -0.0000 -1.0000
vn 0.0011 -0.0000 1.0000
vn 0.9981 -0.0000 0.0610
vn -0.2917 0.3575 -0.8872
vn -0.0000 0.3294 -0.9442
vn 0.2861 0.3606 -0.8878
vn -0.6263 0.7796 -0.0000
vn 0.6142 0.7891 -0.0000
vn -0.9982 -0.0000 0.0601
vn 0.9982 -0.0000 0.0601
vn 0.0024 0.2687 -0.9632
vn 0.0024 0.2675 -0.9636
vn 0.0035 0.2631 -0.9648
vn 0.0035 0.2635 -0.9646
vn -0.0035 0.2635 -0.9646
vn -0.0025 0.2687 -0.9632
vn -0.0025 0.2698 -0.9629
vn -0.0035 0.2640 -0.9645
vn 0.0036 0.2602 -0.9655
vn 0.0036 0.2600 -0.9656
vn -0.0033 0.2599 -0.9656
vn -0.0037 0.2598 -0.9656
vn 0.5723 0.0833 -0.8158
vn -0.5724 0.0834 -0.8157
vn -0.5856 0.0859 -0.8060
vn -0.5818 0.0853 -0.8088
vn -0.5910 0.1063 -0.7996
vn -0.7175 0.0866 -0.6911
vn 0.5855 0.0858 -0.8061
vn 0.7175 0.0865 -0.6911
vn 0.5910 0.1062 -0.7996
vn 0.5818 0.0853 -0.8089
vn 0.5524 0.0542 -0.8318
vn 0.5476 0.0538 -0.8350
vn 0.5483 0.0538 -0.8346
vn -0.5477 0.0538 -0.8349
vn -0.5525 0.0542 -0.8318
vn -0.5484 0.0538 -0.8345
vn -0.0000 0.4513 -0.8924
vn 0.1681 0.1631 -0.9722
vn -0.1682 0.1632 -0.9722
vn 0.2476 0.1706 -0.9537
vn 0.3562 0.1914 -0.9146
vn 0.3707 0.1940 -0.9083
vn -0.3562 0.1914 -0.9146
vn -0.2477 0.1707 -0.9537
vn -0.3708 0.1940 -0.9082
vn 0.5856 0.1205 -0.8016
vn 0.5903 0.1126 -0.7993
vn 0.5842 0.1305 -0.8011
vn 0.0023 0.1058 -0.9944
vn 0.0023 0.0991 -0.9951
vn 0.0023 0.0843 -0.9964
vn 0.0028 0.0403 -0.9992
vn 0.0073 0.0443 -0.9990
vn 0.0022 0.0403 -0.9992
vn -0.5903 0.1127 -0.7993
vn -0.5857 0.1205 -0.8015
vn -0.5842 0.1305 -0.8010
vn 0.5273 0.0518 -0.8481
vn 0.5123 0.0504 -0.8573
vn 0.5133 0.0505 -0.8567
vn 0.5279 0.0519 -0.8477
vn -0.5123 0.0504 -0.8573
vn -0.5273 0.0519 -0.8481
vn -0.5280 0.0519 -0.8477
vn -0.5134 0.0505 -0.8567
vn 0.5371 0.0528 -0.8419
vn 0.5378 0.0529 -0.8414
vn -0.5375 0.0529 -0.8416
vn -0.5381 0.0529 -0.8412
vn 0.5064 0.0498 -0.8608
vn -0.5064 0.0498 -0.8608
vn -0.0074 0.0443 -0.9990
vn -0.0028 0.0403 -0.9992
vn -0.0023 0.0843 -0.9964
vn -0.0023 0.0991 -0.9951
vn -0.0024 0.1058 -0.9944
vn -0.0022 0.0403 -0.9992
vn 0.3745 0.1530 -0.9145
vn 0.3615 0.1548 -0.9194
vn 0.4268 0.1344 -0.8943
vn 0.5087 0.5068 -0.6960
vn 0.3623 0.2088 -0.9084
vn 0.3492 0.2359 -0.9069
vn 0.3723 0.3267 -0.8687
vn 0.3229 0.3031 -0.8966
vn -0.3631 0.1548 -0.9188
vn -0.3745 0.1531 -0.9145
vn -0.5087 0.5068 -0.6960
vn -0.4283 0.1349 -0.8935
vn -0.3508 0.2359 -0.9062
vn -0.3623 0.2088 -0.9084
vn -0.3244 0.3031 -0.8961
vn -0.3723 0.3267 -0.8687
vn -0.5563 0.5287 -0.6411
vn -0.5572 0.5278 -0.6410
vn 0.5572 0.5278 -0.6411
vn 0.5563 0.5287 -0.6411
vn 0.5157 0.0671 -0.8542
vn 0.3227 0.0125 -0.9464
vn -0.3242 0.0126 -0.9459
vn -0.5157 0.0671 -0.8542
vn 0.5591 -0.2528 -0.7896
vn 0.5585 -0.2580 -0.7884
vn 0.8486 -0.0656 -0.5250
vn 0.3329 -0.2118 -0.9188
vn 0.8058 -0.0316 -0.5913
vn 0.3281 -0.1217 -0.9368
vn -0.5585 -0.2579 -0.7884
vn -0.5591 -0.2528 -0.7896
vn -0.3345 -0.2116 -0.9183
vn -0.8486 -0.0656 -0.5250
vn -0.3297 -0.1215 -0.9362
vn -0.8058 -0.0316 -0.5913
vn 0.3599 0.1501 -0.9208
vn 0.3521 0.2065 -0.9129
vn -0.3540 0.2065 -0.9122
vn -0.3618 0.1501 -0.9201
vn -0.0000 0.1578 -0.9875
vn -0.0000 0.1686 -0.9857
vn -0.3768 -0.0079 -0.9263
vn -0.0001 -0.0096 -1.0000
vn 0.3748 -0.0080 -0.9271
vn 0.3097 0.2977 -0.9031
vn -0.3328 0.5437 -0.7705
vn -0.0006 0.5764 -0.8172
vn 0.0007 0.3668 -0.9303
vn -0.3238 0.3683 -0.8715
vn 0.8641 0.0796 -0.4969
vn 0.8680 0.0848 -0.4893
vn 0.8501 0.0876 -0.5193
vn -0.8642 0.0797 -0.4968
vn -0.8501 0.0877 -0.5193
vn -0.8680 0.0849 -0.4893
vn -0.8425 0.0720 -0.5338
vn -0.0218 0.8864 -0.4624
vn -0.0107 0.8857 -0.4642
vn -0.0001 0.8989 -0.4381
vn 0.0001 0.8985 -0.4390
vn 0.0105 0.8858 -0.4639
vn 0.0133 0.8685 -0.4955
vn 0.0234 0.8666 -0.4984
vn 0.0215 0.8866 -0.4621
vn 0.8426 0.0717 -0.5338
vn 0.8994 0.0661 -0.4321
vn 0.8981 0.0794 -0.4326
vn -0.8994 0.0661 -0.4321
vn -0.8981 0.0795 -0.4325
vn 0.9077 0.0270 -0.4187
vn 0.9079 0.0424 -0.4171
vn 0.8673 0.0390 -0.4963
vn 0.8638 0.0263 -0.5031
vn 0.2923 -0.2931 -0.9103
vn 0.2929 -0.3119 -0.9038
vn 0.3039 -0.2349 -0.9233
vn -0.2969 -0.2905 -0.9097
vn 0.0002 -0.2809 -0.9597
vn 0.0001 -0.2569 -0.9664
vn -0.3058 -0.2249 -0.9251
vn -0.8673 0.0390 -0.4963
vn -0.9079 0.0424 -0.4170
vn -0.9077 0.0270 -0.4187
vn -0.8638 0.0263 -0.5031
vn 0.9165 0.0566 -0.3961
vn 0.9164 0.0558 -0.3964
vn 0.2916 0.0205 -0.9563
vn 0.0002 0.0103 -0.9999
vn -0.2920 0.0083 -0.9564
vn -0.9164 0.0569 -0.3961
vn -0.9164 0.0558 -0.3964
vn 0.8365 0.0430 -0.5462
vn 0.8390 0.0335 -0.5431
vn 0.3054 -0.1243 -0.9441
vn -0.0000 -0.1374 -0.9905
vn -0.3070 -0.1307 -0.9427
vn -0.8365 0.0431 -0.5462
vn -0.8390 0.0335 -0.5431
vn 0.3041 -0.2252 -0.9256
vn 0.3054 -0.1309 -0.9432
vn 0.2952 -0.2906 -0.9102
vn 0.2905 0.0083 -0.9568
vn 0.3205 0.3700 -0.8720
vn 0.3280 0.5444 -0.7721
vn -0.3055 -0.2347 -0.9228
vn -0.3070 -0.1241 -0.9436
vn -0.2945 -0.3117 -0.9034
vn -0.2939 -0.2928 -0.9099
vn -0.2932 0.0206 -0.9558
vn -0.3113 0.2976 -0.9025
vn -0.0236 0.8666 -0.4985
vn -0.0133 0.8685 -0.4955
vn 0.8788 -0.0372 -0.4758
vn 0.8703 -0.0003 -0.4925
vn 0.8433 0.0157 -0.5372
vn 0.8488 -0.0088 -0.5287
vn 0.9207 -0.0445 -0.3878
vn 0.9139 -0.0040 -0.4059
vn 0.9163 0.0541 -0.3969
vn 0.9166 0.0538 -0.3961
vn 0.8680 0.1535 -0.4722
vn 0.8880 0.1075 -0.4472
vn 0.8583 0.1049 -0.5024
vn 0.8448 0.1283 -0.5195
vn 0.8461 0.0968 -0.5242
vn 0.8415 0.1070 -0.5295
vn 0.8475 0.0568 -0.5278
vn 0.8448 0.0650 -0.5311
vn 0.5397 0.5453 -0.6414
vn 0.5426 0.5424 -0.6414
vn 0.5210 0.5631 -0.6414
vn 0.5139 0.5698 -0.6413
vn 0.0472 0.8834 -0.4663
vn 0.0562 0.8597 -0.5077
vn 0.1103 0.8460 -0.5216
vn 0.0904 0.8760 -0.4738
vn -0.0001 0.8976 -0.4409
vn -0.0002 0.8961 -0.4439
vn -0.0917 0.8756 -0.4743
vn -0.0479 0.8831 -0.4667
vn -0.1110 0.8458 -0.5218
vn -0.0564 0.8597 -0.5078
vn -0.5426 0.5425 -0.6414
vn -0.5397 0.5453 -0.6414
vn -0.5139 0.5698 -0.6413
vn -0.5211 0.5631 -0.6414
vn -0.8461 0.0969 -0.5242
vn -0.8448 0.0653 -0.5312
vn -0.8476 0.0567 -0.5277
vn -0.8415 0.1070 -0.5295
vn -0.8583 0.1049 -0.5023
vn -0.8448 0.1283 -0.5195
vn -0.8879 0.1075 -0.4472
vn -0.8680 0.1535 -0.4722
vn -0.9166 0.0539 -0.3961
vn -0.9163 0.0541 -0.3969
vn -0.9139 -0.0040 -0.4059
vn -0.9207 -0.0444 -0.3878
vn -0.8703 -0.0003 -0.4925
vn -0.8788 -0.0372 -0.4758
vn -0.8433 0.0160 -0.5373
vn -0.8488 -0.0088 -0.5286
vn 0.9220 -0.0660 -0.3815
vn 0.9231 0.0230 -0.3838
vn 0.8803 0.1463 -0.4512
vn 0.8342 0.1719 -0.5239
vn 0.8385 0.1144 -0.5327
vn 0.8491 0.0516 -0.5256
vn 0.1592 0.8311 -0.5328
vn 0.0997 0.8809 -0.4626
vn 0.0004 0.8954 -0.4453
vn -0.1013 0.8805 -0.4631
vn -0.1602 0.8307 -0.5331
vn -0.8492 0.0516 -0.5256
vn -0.8385 0.1144 -0.5327
vn -0.8342 0.1719 -0.5239
vn -0.8804 0.1463 -0.4512
vn -0.9231 0.0230 -0.3838
vn -0.9220 -0.0660 -0.3815
vn 0.4547 0.2086 -0.8659
vn 0.4598 0.2095 -0.8629
vn 0.0027 0.2601 -0.9656
vn 0.0028 0.2599 -0.9656
vn -0.0028 0.2599 -0.9656
vn -0.0028 0.2598 -0.9657
vn -0.4548 0.2087 -0.8658
vn -0.4599 0.2095 -0.8629
vn 0.5413 0.2224 -0.8109
vn -0.5413 0.2224 -0.8109
vn -0.0027 0.2601 -0.9656
vn -0.0036 0.2602 -0.9655
vn -0.0035 0.2632 -0.9647
vn -0.0025 0.2675 -0.9636
vn 0.0028 0.2598 -0.9657
vn 0.0036 0.2598 -0.9656
vn 0.0035 0.2639 -0.9645
vn 0.0024 0.2698 -0.9629
vn 0.5732 0.0949 -0.8139
vn 0.5501 0.0948 -0.8297
vn 0.5501 0.0949 -0.8297
vn 0.5733 0.0949 -0.8138
vn 0.5550 0.0395 -0.8309
vn 0.5756 0.0723 -0.8146
vn 0.5756 0.0723 -0.8145
vn 0.5481 0.0723 -0.8333
vn 0.5482 0.0723 -0.8332
vn 0.5517 0.0357 -0.8333
vn 0.5245 0.0695 -0.8486
vn 0.5185 0.0706 -0.8522
vn 0.5186 0.0704 -0.8521
vn 0.5215 0.0320 -0.8526
vn 0.5279 0.0339 -0.8487
vn 0.5278 0.0339 -0.8487
vn 0.5214 0.0318 -0.8527
vn 0.5353 0.0709 -0.8417
vn 0.5392 0.0346 -0.8415
vn 0.5047 0.0573 -0.8614
vn 0.5057 0.0420 -0.8617
vn -0.5501 0.0950 -0.8297
vn -0.5733 0.0950 -0.8138
vn -0.5501 0.0949 -0.8297
vn -0.5756 0.0724 -0.8145
vn -0.5550 0.0396 -0.8309
vn -0.5481 0.0723 -0.8333
vn -0.5482 0.0723 -0.8332
vn -0.5517 0.0357 -0.8333
vn -0.5186 0.0706 -0.8521
vn -0.5244 0.0695 -0.8486
vn -0.5245 0.0695 -0.8486
vn -0.5278 0.0339 -0.8487
vn -0.5214 0.0319 -0.8527
vn -0.5279 0.0339 -0.8486
vn -0.5356 0.0709 -0.8415
vn -0.5392 0.0346 -0.8415
vn -0.5047 0.0573 -0.8614
vn -0.5057 0.0421 -0.8617
vn -0.5057 0.0420 -0.8617
vn -0.9756 -0.2196 -0.0000
vn 0.9955 0.0944 -0.0000
vn -0.0004 -1.0000 -0.0000
vn -0.9912 -0.1321 -0.0000
vn 0.9980 0.0631 -0.0000
vn -0.9911 -0.1329 -0.0000
vn 0.9980 0.0624 -0.0000
vn -0.9912 -0.1326 -0.0000
vn 0.9980 0.0627 -0.0000
vn -0.9907 -0.1359 -0.0000
vn -0.0001 1.0000 -0.0000
vn 0.9982 0.0597 -0.0000
vn 0.9756 -0.2197 -0.0000
vn 0.0004 -1.0000 -0.0000
vn -0.9955 0.0945 -0.0000
vn 0.9912 -0.1322 -0.0000
vn -0.9980 0.0632 -0.0000
vn 0.9911 -0.1329 -0.0000
vn -0.9980 0.0625 -0.0000
vn 0.9912 -0.1327 -0.0000
vn -0.9980 0.0627 -0.0000
vn 0.9907 -0.1360 -0.0000
vn -0.9982 0.0597 -0.0000
vn 0.0001 1.0000 -0.0000
vn 0.2641 0.1311 -0.9555
vn 0.4191 0.0893 -0.9035
vn 0.2635 0.1313 -0.9557
vn 0.3595 0.3157 -0.8781
vn 0.2362 0.2115 -0.9484
vn 0.2360 0.2112 -0.9485
vn 0.4461 0.0964 -0.8898
vn 0.4461 0.0963 -0.8898
vn 0.3916 0.3215 -0.8622
vn 0.3916 0.3215 -0.8621
vn 0.5480 0.1813 -0.8166
vn 0.5313 0.2643 -0.8049
vn -0.4192 0.0894 -0.9035
vn -0.2642 0.1311 -0.9555
vn -0.2636 0.1314 -0.9557
vn -0.2363 0.2116 -0.9484
vn -0.2361 0.2112 -0.9485
vn -0.3596 0.3157 -0.8781
vn -0.3595 0.3158 -0.8781
vn -0.4462 0.0964 -0.8897
vn -0.3917 0.3215 -0.8621
vn -0.5481 0.1814 -0.8165
vn -0.5314 0.2644 -0.8048
vn 0.9783 0.2071 -0.0000
vn -0.9696 -0.2447 -0.0000
vn -0.3879 0.9217 -0.0000
vn 0.9733 0.2296 -0.0000
vn -0.9743 -0.2251 -0.0000
vn 0.9780 0.2086 -0.0000
vn 0.1100 -0.9939 -0.0000
vn -0.9676 -0.2523 -0.0000
vn -0.9783 0.2072 -0.0000
vn 0.3880 0.9217 -0.0000
vn 0.9696 -0.2447 -0.0000
vn -0.9733 0.2297 -0.0000
vn 0.9743 -0.2251 -0.0000
vn -0.9780 0.2087 -0.0000
vn 0.9676 -0.2524 -0.0000
vn -0.1100 -0.9939 -0.0000
vn -0.0008 0.9103 -0.4140
vn 0.0009 0.9104 -0.4136
vn 0.2479 0.7557 -0.6061
vn 0.0008 0.9103 -0.4141
vn -0.2465 0.7565 -0.6058
vn -0.0009 0.9104 -0.4137
vn 0.2456 0.7557 -0.6071
vn 0.1549 0.8601 -0.4860
vn -0.1572 0.8589 -0.4874
vn -0.2466 0.7565 -0.6058
vn -0.0016 -0.0000 -1.0000
vn 0.0022 -0.0000 -1.0000
vn -0.8662 -0.0000 0.4997
vn 0.0016 -0.0000 -1.0000
vn 0.8662 -0.0000 0.4997
vn -0.0022 -0.0000 -1.0000
vn -0.3750 -0.0000 0.9270
vn -0.2392 -0.0000 0.9710
vn 0.2429 -0.0000 0.9701
vn 0.3770 -0.0000 0.9262
vn -0.9726 0.1874 -0.1379
vn -0.9997 0.0231 -0.0000
vn -0.9997 0.0251 -0.0000
vn -0.9997 0.0237 -0.0000
vn -0.9997 0.0227 -0.0000
vn 0.9997 0.0226 -0.0000
vn 0.9997 0.0229 -0.0000
vn 0.9997 0.0236 -0.0000
vn 0.9997 0.0250 -0.0000
vn 0.9736 0.1839 -0.1351
vn -0.2996 -0.0000 -0.9541
vn 0.3922 -0.0000 0.9199
vn 0.9441 -0.0000 0.3297
vn 0.2955 -0.0000 -0.9553
vn -0.9462 -0.0000 0.3234
vn -0.3773 -0.0000 0.9261
vn -0.3350 0.5390 -0.7729
vn -0.4263 0.4600 -0.7789
vn -0.3349 0.5390 -0.7728
vn -0.3103 0.4186 -0.8535
vn -0.3102 0.4209 -0.8524
vn -0.3014 -0.2341 -0.9243
vn -0.2937 -0.2878 -0.9116
vn -0.3014 -0.2343 -0.9243
vn -0.3005 0.0143 -0.9537
vn -0.3005 0.0145 -0.9537
vn -0.2977 -0.1302 -0.9458
vn -0.3003 -0.1281 -0.9452
vn 0.2997 -0.2343 -0.9248
vn 0.2987 -0.1282 -0.9457
vn 0.2997 -0.2346 -0.9247
vn 0.2960 -0.1302 -0.9463
vn 0.2921 -0.2880 -0.9120
vn 0.2985 0.0143 -0.9543
vn 0.2985 0.0145 -0.9543
vn 0.3077 0.4181 -0.8547
vn 0.3076 0.4203 -0.8536
vn 0.4152 0.4636 -0.7828
vn 0.3306 0.5387 -0.7749
vn 0.3305 0.5388 -0.7749
vn 0.0047 1.0000 -0.0000
vn -0.9783 0.2074 -0.0000
vn -0.9997 0.0233 -0.0000
vn -0.9997 0.0226 -0.0000
vn -0.9997 0.0235 -0.0000
vn 0.0005 -1.0000 -0.0000
vn 0.9997 0.0230 -0.0000
vn -0.0005 -1.0000 -0.0000
vn 0.9997 0.0232 -0.0000
vn 0.9997 0.0233 -0.0000
vn -0.0057 1.0000 -0.0000
vn 0.9791 0.2035 -0.0000
vn -0.0000 0.8287 0.5597
vn 0.6943 0.1548 0.7028
vn 0.6946 0.2575 0.6717
vn 0.6953 0.2312 0.6805
vn 0.7102 0.2190 0.6691
vn 0.7116 0.1901 0.6764
vn 0.6996 0.1149 0.7052
vn 0.6920 0.1716 0.7012
vn 0.6732 0.2352 0.7010
vn 0.6741 0.2241 0.7038
vn 0.6748 0.2148 0.7060
vn -0.6740 0.2243 0.7038
vn -0.6731 0.2354 0.7011
vn -0.6996 0.1149 0.7052
vn -0.6920 0.1714 0.7013
vn -0.6747 0.2151 0.7060
vn -0.7102 0.2192 0.6691
vn -0.7115 0.1902 0.6764
vn -0.6943 0.1550 0.7028
vn -0.6952 0.2313 0.6805
vn -0.6945 0.2576 0.6717
vn -0.0000 0.0944 0.9955
vn 0.9899 0.1347 0.0432
vn 0.9888 0.1376 0.0580
vn 0.9906 0.1326 0.0326
vn 0.9471 0.3208 0.0039
vn 0.9277 0.3733 0.0046
vn 0.9480 0.3183 0.0060
vn 0.9417 0.3365 0.0036
vn 0.9559 0.2936 0.0044
vn -0.9470 0.3211 0.0032
vn -0.9558 0.2941 0.0044
vn -0.9416 0.3368 0.0037
vn -0.9279 0.3729 0.0046
vn -0.9481 0.3180 0.0060
vn -0.9887 0.1379 0.0580
vn -0.9899 0.1349 0.0432
vn -0.9906 0.1328 0.0327
vn -0.9919 0.1273 0.0042
vn -0.9917 0.1282 0.0081
vn 0.9919 0.1271 0.0042
vn 0.9917 0.1280 0.0082
vn -0.0000 0.6247 0.7809
vn 0.9913 0.1288 0.0268
vn 0.9906 0.1304 0.0410
vn 0.9886 0.1437 0.0447
vn 0.9896 0.1415 0.0274
vn 0.9324 0.3432 -0.1134
vn 0.9419 0.3344 -0.0330
vn 0.9429 0.3315 -0.0333
vn 0.9322 0.3437 -0.1131
vn 0.9423 0.3347 -0.0046
vn 0.9363 0.3417 0.0812
vn 0.9363 0.3416 0.0812
vn 0.9417 0.3363 -0.0046
vn 0.9671 0.2407 -0.0826
vn 0.9589 0.2623 -0.1084
vn 0.9685 0.2424 0.0573
vn 0.9612 0.2653 0.0757
vn 0.9913 0.1269 -0.0349
vn 0.9913 0.1269 -0.0350
vn 0.9916 0.1290 -0.0051
vn -0.9323 0.3434 -0.1134
vn -0.9670 0.2411 -0.0826
vn -0.9588 0.2627 -0.1084
vn -0.9321 0.3440 -0.1132
vn -0.9684 0.2428 0.0574
vn -0.9611 0.2657 0.0759
vn -0.9362 0.3420 0.0813
vn -0.9362 0.3418 0.0814
vn -0.9419 0.3342 -0.0329
vn -0.9429 0.3313 -0.0332
vn -0.9424 0.3345 -0.0047
vn -0.9418 0.3361 -0.0046
vn -0.9906 0.1307 0.0411
vn -0.9913 0.1290 0.0268
vn -0.9906 0.1306 0.0411
vn -0.9895 0.1417 0.0275
vn -0.9886 0.1440 0.0448
vn -0.9913 0.1271 -0.0349
vn -0.9916 0.1292 -0.0051
vn -0.0000 0.0718 0.9974
vn -0.0000 -0.8269 -0.5623
vn -0.0000 -0.0565 -0.9984
vn -0.0000 -0.5240 0.8517
vn -0.0000 0.1793 -0.9838
vn -0.0000 0.0067 1.0000
vn -0.0000 -0.0146 -0.9999
vn -0.0000 0.0918 -0.9958
vn -0.0000 -0.5477 -0.8366
vn -0.0000 -0.8269 -0.5624
vn -0.0000 -0.5477 -0.8367
vn -0.0000 0.7766 0.6299
vn -0.0000 0.6228 0.7824
vn -0.0000 0.6392 0.7690
vn 0.7048 0.5144 0.4884
vn 0.7109 0.5409 0.4496
vn 0.8710 0.4801 0.1036
vn 0.8446 0.5233 0.1134
vn -0.7109 0.5409 0.4496
vn -0.7048 0.5144 0.4884
vn -0.8446 0.5233 0.1134
vn -0.8710 0.4801 0.1036
vn -0.0000 0.6115 0.7912
vn -0.7797 0.2177 0.5871
vn -0.8079 0.2233 0.5453
vn -0.8009 0.2576 0.5406
vn -0.7729 0.2478 0.5842
vn 0.8009 0.2576 0.5406
vn 0.8079 0.2233 0.5453
vn 0.7797 0.2177 0.5871
vn 0.7729 0.2478 0.5842
vn -0.6992 0.4818 0.5282
vn -0.8155 0.5648 0.1259
vn 0.6992 0.4818 0.5282
vn 0.8155 0.5648 0.1259
vn -0.0000 0.4223 0.9064
vn -0.0000 -0.5243 0.8515
vn -0.0000 -0.0615 0.9981
vn -0.0000 -0.0810 0.9967
vn -0.6724 -0.1954 0.7140
vn -0.6854 -0.0210 0.7278
vn -0.4930 0.2154 0.8429
vn -0.4999 0.1495 0.8531
vn 0.6854 -0.0210 0.7278
vn 0.6724 -0.1954 0.7140
vn 0.4999 0.1495 0.8531
vn 0.4930 0.2154 0.8429
vn -0.4630 0.2456 0.8517
vn -0.4677 0.2023 0.8604
vn 0.4677 0.2023 0.8604
vn 0.4630 0.2456 0.8517
vn -0.6908 0.2697 -0.6708
vn -0.7004 0.2544 -0.6669
vn -0.6684 0.3037 -0.6789
vn -0.8196 0.0004 -0.5729
vn -0.8607 0.2704 -0.4313
vn -0.8684 0.2686 -0.4168
vn -0.8691 0.2657 -0.4171
vn -0.8662 0.2640 -0.4242
vn -0.8481 0.4319 -0.3069
vn -0.7975 0.5146 -0.3151
vn -0.8023 0.5076 -0.3140
vn -0.8494 0.4290 -0.3074
vn -0.7487 0.5817 -0.3179
vn -0.7507 0.5786 -0.3188
vn 0.7507 0.5786 -0.3188
vn 0.7975 0.5146 -0.3151
vn 0.8023 0.5076 -0.3140
vn 0.7487 0.5817 -0.3179
vn 0.8481 0.4319 -0.3069
vn 0.8494 0.4290 -0.3074
vn 0.8662 0.2640 -0.4242
vn 0.8691 0.2657 -0.4171
vn 0.8684 0.2686 -0.4168
vn 0.8607 0.2704 -0.4313
vn 0.7004 0.2544 -0.6669
vn 0.8196 0.0004 -0.5729
vn 0.6908 0.2697 -0.6708
vn 0.6684 0.3037 -0.6789
vn 0.8613 0.2955 -0.4134
vn 0.8374 0.2885 -0.4643
vn 0.7144 0.3025 -0.6310
vn 0.8160 0.1900 -0.5460
vn 0.8195 -0.0000 -0.5731
vn 0.6899 0.3100 -0.6542
vn 0.6686 0.3475 -0.6574
vn 0.6654 0.3501 -0.6593
vn -0.6899 0.3100 -0.6542
vn -0.7144 0.3025 -0.6310
vn -0.6686 0.3475 -0.6574
vn -0.6654 0.3501 -0.6593
vn -0.8195 -0.0000 -0.5731
vn -0.8160 0.1900 -0.5460
vn -0.8613 0.2955 -0.4134
vn -0.8373 0.2885 -0.4644
vn -0.6885 0.5799 0.4355
vn -0.7002 0.5234 0.4855
vn 0.7002 0.5234 0.4855
vn 0.6885 0.5799 0.4355
vn 0.8095 0.2148 0.5464
vn 0.7849 0.2101 0.5830
vn 0.6639 -0.2496 0.7049
vn 0.5146 0.1104 0.8503
vn 0.4691 0.1880 0.8629
vn -0.5146 0.1104 0.8503
vn -0.4691 0.1880 0.8629
vn -0.6639 -0.2496 0.7049
vn -0.7849 0.2101 0.5830
vn -0.8095 0.2148 0.5464
vn -0.6412 0.6515 0.4055
vn -0.6704 0.5807 0.4618
vn -0.6991 0.4819 0.5282
vn 0.6991 0.4819 0.5282
vn 0.6704 0.5807 0.4618
vn 0.6412 0.6515 0.4055
vn 0.8153 0.1803 0.5503
vn 0.7899 0.1782 0.5868
vn 0.6316 -0.3890 0.6706
vn 0.5202 0.0307 0.8535
vn 0.4731 0.1377 0.8702
vn -0.5202 0.0307 0.8535
vn -0.4731 0.1377 0.8702
vn -0.6316 -0.3890 0.6706
vn -0.8153 0.1803 0.5503
vn -0.7899 0.1782 0.5868
vn -0.8169 0.2539 -0.5179
vn -0.8087 0.2799 -0.5174
vn -0.7502 0.2116 0.6264
vn -0.7455 0.2383 0.6224
vn -0.7515 0.2037 0.6274
vn -0.7558 0.1752 0.6310
vn 0.7515 0.2037 0.6274
vn 0.7558 0.1752 0.6310
vn 0.7502 0.2116 0.6264
vn 0.7455 0.2383 0.6224
vn 0.8087 0.2799 -0.5174
vn 0.8169 0.2539 -0.5179
vn -0.7425 0.2424 -0.6245
vn -0.6939 0.2803 -0.6632
vn -0.6942 0.2803 -0.6630
vn -0.7428 0.2415 -0.6244
vn -0.6766 0.3416 -0.6523
vn -0.7257 0.3090 -0.6147
vn -0.8154 0.1560 -0.5575
vn -0.8154 0.1557 -0.5576
vn -0.8127 0.1848 -0.5526
vn -0.8121 0.2691 -0.5178
vn -0.8197 0.2378 -0.5211
vn 0.7425 0.2424 -0.6245
vn 0.8154 0.1560 -0.5575
vn 0.8154 0.1557 -0.5576
vn 0.7428 0.2415 -0.6244
vn 0.7257 0.3090 -0.6147
vn 0.8127 0.1848 -0.5526
vn 0.6939 0.2803 -0.6632
vn 0.6942 0.2803 -0.6630
vn 0.6766 0.3416 -0.6523
vn 0.8197 0.2378 -0.5211
vn 0.8121 0.2691 -0.5178
vn -0.8664 0.3407 0.3651
vn 0.0404 0.9990 -0.0170
vn 0.8305 -0.4334 -0.3499
vn -0.9215 0.0074 0.3883
vn 0.9215 0.0067 -0.3883
vn 0.8837 -0.2836 -0.3723
vn 0.0054 -1.0000 -0.0023
vn -0.9013 0.2082 0.3798
vn 0.9215 0.0074 0.3883
vn -0.9215 0.0067 -0.3883
vn 0.8664 0.3407 0.3651
vn -0.8305 -0.4334 -0.3499
vn -0.0404 0.9990 -0.0170
vn 0.9013 0.2082 0.3798
vn -0.0054 -1.0000 -0.0023
vn -0.8837 -0.2836 -0.3723
vn 0.9215 -0.0000 -0.3883
vn -0.9215 -0.0000 -0.3883
vn -0.0050 -0.9991 0.0414
vn -0.0000 -0.8965 0.4430
vn -0.0000 -0.7973 0.6035
vn -0.0000 -0.8966 0.4429
vn -0.0000 -0.9989 -0.0478
vn 0.0049 -0.9991 0.0416
vn -0.0000 -0.7897 0.6135
vn -0.1921 -0.9781 -0.0804
vn 0.1934 -0.9779 -0.0799
vn -0.7906 -0.0000 -0.6124
vn -0.7905 -0.0000 -0.6124
vn 0.7906 -0.0000 -0.6124
vn 0.7905 -0.0000 -0.6124
vn 0.8793 0.0489 -0.4737
vn 0.8829 0.0482 -0.4671
vn 0.8917 0.0465 -0.4501
vn -0.8830 0.0482 -0.4668
vn -0.8795 0.0489 -0.4734
vn -0.8917 0.0465 -0.4501
vn -0.0000 0.2169 -0.9762
vn -0.0000 0.3845 -0.9231
vn -0.0000 0.3161 -0.9487
vn -0.9999 0.0018 0.0123
vn -0.7599 0.0716 -0.6460
vn 0.7599 0.0716 -0.6460
vn 0.9999 0.0018 0.0123
vn -1.0000 -0.0028 0.0014
vn -1.0000 -0.0044 0.0022
vn -0.8650 0.0334 -0.5006
vn -0.8492 0.0566 -0.5250
vn -0.0000 0.2955 -0.9553
vn -0.0000 0.1529 -0.9882
vn 0.8492 0.0566 -0.5250
vn 0.8650 0.0334 -0.5006
vn 1.0000 -0.0044 0.0022
vn 1.0000 -0.0028 0.0014
vn -1.0000 0.0020 0.0005
vn -1.0000 0.0089 0.0023
vn -1.0000 0.0019 0.0005
vn -1.0000 -0.0071 0.0035
vn -0.9994 -0.0321 0.0158
vn -0.5750 -0.0579 -0.8161
vn -0.7278 0.0965 -0.6790
vn -0.7290 0.0979 -0.6775
vn -0.7933 0.0715 -0.6046
vn -0.8332 -0.0771 -0.5475
vn 0.7278 0.0965 -0.6790
vn 0.5750 -0.0579 -0.8161
vn 0.7290 0.0979 -0.6775
vn 0.7933 0.0715 -0.6046
vn 0.8332 -0.0771 -0.5475
vn 1.0000 0.0089 0.0023
vn 1.0000 0.0019 0.0005
vn 1.0000 -0.0071 0.0035
vn 0.9994 -0.0321 0.0158
vn -0.0000 0.9765 -0.2155
vn -0.0000 -1.0000 0.0051
vn -0.0000 -0.2228 0.9749
vn -0.0000 0.9389 0.3442
vn -0.3001 0.9537 -0.0193
vn 0.3962 -0.0000 -0.9182
vn -0.5073 -0.8252 0.2482
vn -0.7900 -0.0000 0.6131
vn 0.3002 0.9537 -0.0193
vn 0.7900 -0.0000 0.6131
vn 0.5073 -0.8252 0.2482
vn -0.3962 -0.0000 -0.9182
vn -0.4859 -0.6938 -0.5315
vn -0.9925 -0.0000 0.1224
vn -0.3352 0.6003 -0.7261
vn -0.1296 -0.0000 -0.9916
vn 0.4859 -0.6938 -0.5315
vn 0.1296 -0.0000 -0.9916
vn 0.3352 0.6003 -0.7261
vn 0.9925 -0.0000 0.1224
vn 0.8168 -0.0000 -0.5770
vn -0.8168 -0.0000 -0.5770
vn -0.8168 -0.0000 0.5770
vn 0.8168 -0.0000 0.5770
vn -0.0001 -0.9842 -0.1772
vn 0.0122 -0.9841 -0.1770
vn -0.0002 -0.9998 -0.0211
vn -0.2399 -0.9501 -0.1992
vn -0.3142 -0.9160 -0.2496
vn -0.3341 -0.8811 0.3346
vn -0.0123 -0.9841 -0.1774
vn 0.3351 -0.8808 0.3345
vn 0.3153 -0.9158 -0.2490
vn 0.2415 -0.9497 -0.1991
vn 0.2415 -0.9498 -0.1991
vn -0.0035 -0.0000 1.0000
vn -0.8952 -0.0000 0.4457
vn -0.9997 -0.0000 0.0236
vn 0.9997 -0.0000 0.0237
vn 0.8952 -0.0000 0.4457
vn 0.0036 -0.0000 1.0000
vn -0.5792 0.2528 -0.7750
vn -0.3715 0.1978 0.9071
vn 0.3715 0.1978 0.9071
vn 0.5792 0.2528 -0.7750
vn 0.5733 0.3010 -0.7621
vn -0.5733 0.3010 -0.7621
vn 0.3744 0.1554 0.9142
vn -0.3744 0.1554 0.9142
vn 0.3766 0.1111 0.9197
vn -0.3766 0.1111 0.9197
vn -0.3228 -0.0000 0.9465
vn -0.5315 -0.0000 -0.8470
vn -0.5394 -0.0000 -0.8421
vn -0.3675 -0.0000 0.9300
vn 0.5315 -0.0000 -0.8470
vn 0.5394 -0.0000 -0.8421
vn 0.3228 -0.0000 0.9465
vn 0.3675 -0.0000 0.9300
vn -0.3675 -0.0006 0.9300
vn 0.3675 -0.0006 0.9300
vn 0.0169 0.9993 -0.0335
vn -0.0001 0.9981 -0.0616
vn 0.0151 0.9987 -0.0497
vn -0.0010 -0.0000 -1.0000
vn -0.0011 -0.0000 -1.0000
vn 0.0434 -0.0000 0.9991
vn 0.0429 -0.0000 0.9991
vn 0.0001 0.9981 -0.0616
vn -0.0151 0.9987 -0.0497
vn -0.0169 0.9993 -0.0335
vn 0.0011 -0.0000 -1.0000
vn 0.0009 -0.0000 -1.0000
vn -0.0429 -0.0000 0.9991
vn -0.0434 -0.0000 0.9991
vn -0.0034 1.0000 0.0047
vn -0.0314 0.9994 -0.0165
vn -0.0313 0.9994 -0.0165
vn -0.0168 0.9998 -0.0068
vn -0.0008 1.0000 0.0074
vn -0.0167 0.9998 -0.0057
vn -0.0058 0.9979 -0.0649
vn 0.0001 0.9981 -0.0614
vn -0.0020 0.9976 -0.0698
vn -0.0001 0.9981 -0.0614
vn 0.0058 0.9979 -0.0649
vn 0.0020 0.9976 -0.0698
vn 0.0314 0.9994 -0.0165
vn 0.0313 0.9994 -0.0165
vn 0.0168 0.9998 -0.0068
vn 0.0167 0.9998 -0.0057
vn 0.0034 1.0000 0.0047
vn 0.0008 1.0000 0.0074
vn 0.3228 -0.0000 -0.9465
vn -0.5881 -0.0000 -0.8088
vn 0.5315 -0.0000 0.8470
vn -0.5970 -0.0000 -0.8023
vn 0.5320 -0.0000 0.8467
vn 0.5881 -0.0000 -0.8088
vn -0.5315 -0.0000 0.8470
vn 0.5970 -0.0000 -0.8023
vn -0.5320 -0.0000 0.8467
vn -0.3228 -0.0000 -0.9465
vn -0.5981 -0.3303 -0.7302
vn -0.8944 0.3377 -0.2934
vn -0.3660 0.7494 -0.5517
vn -0.0846 0.0462 -0.9953
vn 0.8944 0.3377 -0.2934
vn 0.5981 -0.3303 -0.7302
vn 0.0846 0.0462 -0.9953
vn 0.3660 0.7494 -0.5517
vn -0.1532 -0.0704 0.9857
vn 0.3543 -0.4254 0.8328
vn 0.8102 0.2378 0.5358
vn 0.2682 0.6825 0.6799
vn -0.3543 -0.4254 0.8328
vn 0.1532 -0.0704 0.9857
vn -0.2682 0.6825 0.6799
vn -0.8102 0.2378 0.5358
vn -0.4375 0.5258 -0.7295
vn -0.0063 -0.0000 -1.0000
vn -0.4681 -0.5207 -0.7139
vn -0.9055 -0.0008 -0.4243
vn -0.2745 0.5261 0.8049
vn -0.7824 -0.0007 0.6228
vn -0.2768 -0.5147 0.8115
vn 0.2191 0.0002 0.9757
vn 0.0063 -0.0000 -1.0000
vn 0.4375 0.5258 -0.7295
vn 0.9055 -0.0008 -0.4243
vn 0.4681 -0.5207 -0.7139
vn 0.2745 0.5261 0.8049
vn -0.2191 0.0002 0.9757
vn 0.2768 -0.5147 0.8115
vn 0.7824 -0.0007 0.6228
vn -0.0063 -0.9998 0.0185
vn -0.0000 0.9982 -0.0602
vn -0.0063 -0.9987 0.0504
vn 0.0063 -0.9987 0.0504
vn 0.0063 -0.9998 0.0185
vn 0.7071 0.7071 -0.0000
vn -0.0000 0.7071 -0.7071
vn 0.7071 -0.0000 -0.7071
vn -0.0000 -0.7071 -0.7071
vn -0.7071 -0.7071 -0.0000
vn -0.7071 -0.0000 -0.7071
vn -0.7071 0.7071 -0.0000
vn 0.7071 -0.7071 -0.0000
vn 0.5774 0.5774 -0.5773
vn -0.5773 -0.5774 -0.5773
vn -0.5773 0.5774 -0.5773
vn 0.5774 -0.5774 -0.5773
vn -0.0000 0.9981 -0.0615
vn -0.0047 -0.9919 0.1267
vn -0.0000 0.9981 -0.0612
vn -0.0000 -0.9982 0.0602
vn 0.0047 -0.9919 0.1267
vn -0.0000 0.9987 -0.0510
vn -0.0000 -0.9981 0.0615
vn -0.0000 0.9987 -0.0509
vn 0.3034 -0.0000 -0.9529
vn 0.2816 -0.0000 -0.9595
vn -0.0117 -0.9978 -0.0654
vn -0.3034 -0.0000 -0.9529
vn -0.2816 -0.0000 -0.9595
vn -0.0000 0.9998 -0.0214
vn -0.2816 -0.0001 -0.9595
vn 0.2816 0.0001 -0.9595
vn 0.0117 -0.9978 -0.0654
vn -0.0000 0.2686 -0.9632
vn -0.0000 -0.1670 0.9860
vn -0.0000 0.9171 -0.3987
vn -0.0000 -0.7893 0.6140
vn -0.4405 -0.6113 -0.6575
vn -0.1017 -0.6173 -0.7801
vn -0.1007 -0.6172 -0.7803
vn -0.0000 -0.6040 -0.7970
vn 0.4373 -0.5188 0.7346
vn 0.3394 -0.5340 0.7743
vn 0.3397 -0.5340 0.7742
vn 0.1131 -0.5531 0.8254
vn -0.1033 -0.5633 0.8197
vn -0.1026 -0.5633 0.8199
vn -0.2528 -0.5660 0.7847
vn -0.0846 -0.5584 0.8253
vn -0.2688 -0.5539 0.7880
vn -0.0000 -0.5539 -0.8326
vn 0.0846 -0.5584 -0.8253
vn 0.2688 -0.5539 -0.7880
vn -0.0000 -0.5539 0.8326
vn 0.1017 -0.6173 -0.7801
vn 0.4405 -0.6113 -0.6575
vn 0.1007 -0.6172 -0.7803
vn -0.3394 -0.5340 0.7743
vn -0.4373 -0.5188 0.7346
vn -0.3398 -0.5340 0.7742
vn 0.2528 -0.5660 0.7847
vn 0.1033 -0.5633 0.8197
vn 0.1027 -0.5631 0.8200
vn -0.1131 -0.5531 0.8254
vn 0.2688 -0.5539 0.7880
vn 0.0846 -0.5584 0.8253
vn -0.2688 -0.5539 -0.7880
vn -0.0846 -0.5584 -0.8253
vn 0.5261 -0.0000 0.8504
vn -0.5260 -0.0000 -0.8505
vn -0.2988 -0.0000 -0.9543
vn 0.2976 -0.0000 -0.9547
vn -0.5261 -0.0000 0.8504
vn 0.5260 -0.0000 -0.8505
vn -0.2976 -0.0000 -0.9547
vn 0.2988 -0.0000 -0.9543
vn 0.0457 -0.9984 0.0330
vn 0.0145 -0.9925 0.1212
vn 0.0456 -0.9984 0.0320
vn -0.0028 -0.9967 0.0816
vn -0.0094 -0.9998 0.0157
vn -0.0022 -0.9999 -0.0155
vn -0.0023 -0.9999 -0.0154
vn 0.0076 -0.9964 -0.0841
vn 0.0076 -0.9964 -0.0840
vn -0.0145 -0.9925 0.1212
vn -0.0457 -0.9984 0.0330
vn -0.0456 -0.9984 0.0319
vn 0.0094 -0.9998 0.0157
vn 0.0028 -0.9967 0.0816
vn -0.0076 -0.9964 -0.0841
vn -0.0076 -0.9964 -0.0840
vn 0.0022 -0.9999 -0.0155
vn -0.5239 -0.0000 -0.8518
vn 0.5258 -0.0000 0.8506
vn 0.2989 -0.0000 0.9543
vn -0.2968 -0.0000 0.9549
vn 0.5239 -0.0000 -0.8518
vn -0.5258 -0.0000 0.8506
vn 0.2968 -0.0000 0.9549
vn -0.2989 -0.0000 0.9543
vn -0.7071 -0.0000 0.7071
vn 0.7071 -0.0000 0.7071
vn 0.7515 -0.0000 -0.6597
vn 0.7121 0.7020 0.0114
vn 0.6461 0.0013 0.7632
vn 0.6964 -0.7176 0.0074
vn -0.7633 -0.0010 -0.6461
vn -0.7121 0.7020 0.0114
vn -0.6643 -0.0000 0.7475
vn -0.7257 -0.6880 0.0078
vn -0.1651 -0.0000 0.9863
vn 0.1651 -0.0000 -0.9863
vn -0.1651 -0.0000 -0.9863
vn 0.1651 -0.0000 0.9863
vn -0.0000 0.9997 0.0249
vn -0.0000 0.0034 1.0000
vn -0.0000 -0.9999 0.0118
vn -0.0000 -0.0031 -1.0000
vn -0.0000 -0.9999 0.0131
vn -0.0000 -0.9997 -0.0249
vn -0.0000 -0.0034 -1.0000
vn -0.0000 0.9999 -0.0118
vn -0.0000 0.0031 1.0000
vn -0.0000 0.9999 -0.0131
vn -0.0000 -0.9992 0.0393
vn -0.0000 -0.9996 0.0299
vn -0.0000 -0.7922 0.6102
vn -0.0000 -0.9237 0.3830
vn -0.0000 -0.9944 0.1053
vn -0.0000 -0.9982 0.0594
vn 0.0013 -0.9975 0.0700
vn 0.0014 -0.9944 0.1053
vn 0.0007 -0.8732 0.4874
vn -0.0000 -0.8732 0.4874
vn -0.0000 -0.8767 0.4810
vn -0.0000 -0.8847 0.4661
vn -0.0000 -0.9335 0.3586
vn -0.0000 -0.9979 -0.0646
vn 0.0006 -0.9979 -0.0646
vn -0.0000 -0.7821 0.6231
vn 0.0036 -0.7821 0.6231
vn -0.0000 -0.8795 0.4759
vn -0.0000 -0.7881 0.6156
vn -0.0000 -0.9605 -0.2784
vn 0.0022 -0.9605 -0.2784
vn -0.0007 -0.8732 0.4874
vn -0.0013 -0.9975 0.0700
vn -0.0006 -0.9979 -0.0646
vn -0.0014 -0.9944 0.1053
vn -0.0036 -0.7821 0.6231
vn -0.0022 -0.9605 -0.2784
vn -0.0000 -0.8847 0.4662
vn -0.0000 -0.9237 0.3831
vn -0.0000 -0.8796 0.4757
vn -0.0000 -0.7838 0.6210
vn 0.0016 0.0007 1.0000
vn -0.0016 0.0007 1.0000
vn -0.0000 -0.0160 -0.9999
vn -0.0000 -0.0161 -0.9999
vn 0.5528 0.1477 0.8201
vn 0.5301 0.2655 0.8053
vn 0.5303 0.2648 0.8054
vn -0.0000 -0.4811 -0.8767
vn 0.7240 -0.2641 -0.6373
vn 0.7137 -0.2516 -0.6537
vn 0.5938 -0.1235 -0.7951
vn 0.5067 0.2649 0.8204
vn 0.5073 0.2653 0.8199
vn 0.0362 0.0159 0.9992
vn -0.7137 -0.2516 -0.6537
vn -0.7240 -0.2641 -0.6373
vn -0.5938 -0.1235 -0.7951
vn -0.5301 0.2655 0.8053
vn -0.5528 0.1477 0.8201
vn -0.5303 0.2648 0.8054
vn -0.5067 0.2649 0.8204
vn -0.5073 0.2653 0.8199
vn -0.0363 0.0160 0.9992
vn 0.6309 -0.0000 0.7759
vn 0.6692 -0.0000 -0.7430
vn 0.4662 -0.0000 -0.8847
vn 0.4575 -0.0000 0.8892
vn 0.2398 -0.0000 0.9708
vn -0.6692 -0.0000 -0.7430
vn -0.4662 -0.0000 -0.8847
vn -0.6309 -0.0000 0.7759
vn -0.4575 -0.0000 0.8892
vn -0.2398 -0.0000 0.9708
vn 0.0011 -0.8731 0.4876
vn -0.0000 -0.8735 0.4869
vn 0.0011 -0.8730 0.4877
vn -0.0000 -0.8732 0.4873
vn 0.0002 -0.8729 0.4879
vn 0.0002 -0.8728 0.4880
vn -0.0002 -0.8729 0.4878
vn -0.0002 -0.8729 0.4879
vn -0.0011 -0.8731 0.4876
vn -0.0000 -0.7829 0.6221
vn 0.0030 -0.7820 0.6232
vn 0.0030 -0.7821 0.6231
vn 0.0042 -0.7813 0.6242
vn -0.0000 -0.7823 0.6230
vn -0.0042 -0.7813 0.6242
vn -0.0030 -0.7821 0.6231
vn -0.0004 -0.0000 -1.0000
vn -0.6691 -0.0000 0.7431
vn 0.0004 -0.0000 -1.0000
vn 0.6691 -0.0000 0.7431
vn 0.0009 -0.0000 1.0000
vn -0.4573 -0.0000 -0.8893
vn -0.0017 -0.0000 -1.0000
vn 0.4573 -0.0000 -0.8893
vn -0.0009 -0.0000 1.0000
vn 0.0017 -0.0000 -1.0000
vn 0.7071 0.2329 -0.6676
vn -0.7071 0.2329 -0.6676
vn -0.7271 -0.0000 0.6865
vn 0.7271 -0.0000 0.6865
vn -0.2518 -0.9678 -0.0000
vn -0.2518 -0.2099 0.9447
vn -0.2518 0.9678 -0.0000
vn -0.2518 0.3188 -0.9138
vn 0.2518 -0.2099 0.9447
vn 0.2518 -0.9678 -0.0000
vn 0.2518 0.3188 -0.9138
vn 0.2518 0.9678 -0.0000
vn 0.1817 -0.0000 0.9834
vn 0.3085 -0.0000 -0.9512
vn -0.3085 -0.0000 -0.9512
vn -0.1817 -0.0000 0.9834
vn -0.0184 -0.8828 0.4695
vn 0.0185 -0.8828 0.4695
vn 0.6273 0.0735 0.7753
vn -0.0591 0.0439 0.9973
vn 0.0593 0.0439 0.9973
vn -0.6273 0.0735 0.7753
vn -0.0000 -0.8782 0.4784
vn -0.0075 -0.8759 0.4825
vn 0.0326 -0.8941 0.4467
vn 0.0306 -0.8933 0.4483
vn -0.0554 -0.8981 0.4363
vn -0.0575 -0.8974 0.4374
vn -0.0001 -0.8750 0.4840
vn -0.0002 -0.8750 0.4840
vn 0.0075 -0.8759 0.4825
vn 0.0078 -0.8758 0.4826
vn 0.0556 -0.8982 0.4362
vn 0.0577 -0.8975 0.4373
vn -0.0325 -0.8941 0.4467
vn -0.0305 -0.8933 0.4483
vn 1.0000 -0.0000 -0.0001
vn 0.6723 -0.0000 0.7403
vn -0.1231 -0.0000 0.9924
vn 0.0010 -0.0000 -1.0000
vn 0.1236 -0.0000 0.9923
vn -0.6722 -0.0000 0.7403
vn -1.0000 -0.0000 -0.0001
vn -0.0000 -0.8777 0.4793
vn -0.0055 -0.8748 0.4844
vn -0.0143 -0.8719 0.4895
vn 0.4199 -0.9053 0.0646
vn -0.1396 -0.8660 0.4802
vn 0.0003 -0.8745 0.4850
vn -0.0001 -0.8745 0.4850
vn 0.0055 -0.8748 0.4844
vn 0.1401 -0.8659 0.4802
vn -0.4199 -0.9053 0.0646
vn 0.0143 -0.8719 0.4895
vn 0.0022 -0.0000 1.0000
vn -1.0000 -0.0000 0.0002
vn -0.7750 -0.0000 -0.6320
vn 0.1249 -0.0000 -0.9922
vn -0.0022 -0.0000 1.0000
vn -0.1254 -0.0000 -0.9921
vn 0.7750 -0.0000 -0.6320
vn 1.0000 -0.0000 0.0002
vn -0.0000 -0.9759 -0.2182
vn -0.0012 0.0007 -1.0000
vn -0.0023 0.0015 -1.0000
vn 0.0012 0.0007 -1.0000
vn 0.0014 0.0009 -1.0000
vn 0.0023 0.0015 -1.0000
vn -0.0015 0.0009 -1.0000
vn -0.7311 -0.0000 -0.6823
vn -0.7403 -0.0213 -0.6719
vn 0.7311 -0.0000 -0.6823
vn 0.7403 -0.0213 -0.6719
vn -0.0029 0.0018 -1.0000
vn -0.7605 -0.0649 -0.6461
vn -0.7684 -0.0577 -0.6373
vn -0.7661 -0.0621 -0.6397
vn 0.7605 -0.0649 -0.6461
vn 0.7661 -0.0621 -0.6397
vn 0.7684 -0.0577 -0.6373
vn 0.7890 -0.0384 -0.6132
vn -0.7890 -0.0384 -0.6132
vn 0.7133 0.0755 -0.6967
vn -0.7133 0.0755 -0.6968
vn -0.0000 -0.0060 -1.0000
vn 0.0002 -0.0060 -1.0000
vn -0.0002 -0.0060 -1.0000
vn 0.9407 0.3250 -0.0975
vn -0.9407 0.3250 -0.0975
vn 0.7296 0.6839 0.0002
vn 0.5095 0.6934 -0.5095
vn 0.0004 0.7074 -0.7068
vn 0.0013 0.7095 -0.7047
vn -0.0004 0.7052 -0.7090
vn -0.5141 0.6870 -0.5135
vn 0.0008 0.0016 -1.0000
vn -0.2018 0.0148 -0.9793
vn -0.3466 0.0396 -0.9372
vn 0.3473 0.0397 -0.9369
vn 0.2031 0.0148 -0.9791
vn -0.0008 0.0013 -1.0000
vn 0.3472 0.2187 -0.9119
vn 0.0029 0.0018 -1.0000
vn -0.3472 0.2187 -0.9119
vn 0.0006 1.0000 0.0012
vn -0.2623 -0.8494 -0.4579
vn 0.0002 1.0000 0.0005
vn 0.2452 -0.8380 0.4875
vn -0.0006 1.0000 0.0012
vn 0.2623 -0.8494 -0.4579
vn -0.0002 1.0000 0.0005
vn -0.2452 -0.8380 0.4875
vn 0.0003 1.0000 0.0009
vn 0.0001 1.0000 0.0005
vn -0.0003 1.0000 0.0009
vn -0.0005 1.0000 0.0013
vn 0.1323 0.9839 0.1205
vn 0.7063 -0.0000 -0.7079
vn -0.7063 -0.0000 0.7079
vn 0.4062 -0.0000 0.9138
vn -0.4062 -0.0000 -0.9138
vn -0.7063 -0.0000 -0.7079
vn -0.4062 -0.0000 0.9138
vn 0.7063 -0.0000 0.7079
vn 0.4062 -0.0000 -0.9138
vn 0.7321 -0.1141 -0.6715
vn 0.7312 -0.1147 -0.6725
vn 0.7379 -0.1102 -0.6658
vn -0.4659 0.0592 -0.8829
vn -0.4513 0.0574 -0.8905
vn -0.4484 0.0570 -0.8920
vn -0.0000 -0.0738 -0.9973
vn 0.0049 -0.0686 -0.9976
vn 0.0090 -0.1247 -0.9922
vn -0.0001 -0.1247 -0.9922
vn -0.0091 -0.1247 -0.9921
vn -0.0050 -0.0686 -0.9976
vn 0.4484 0.0570 -0.8920
vn 0.4513 0.0574 -0.8905
vn 0.4659 0.0593 -0.8829
vn -0.7312 -0.1147 -0.6724
vn -0.7321 -0.1141 -0.6715
vn -0.7379 -0.1102 -0.6658
vn 0.1607 0.9735 0.1628
vn 0.0250 0.9680 0.2495
vn 0.0299 0.9662 0.2562
vn 0.0180 0.9837 0.1787
vn 0.0211 0.9828 0.1834
vn 0.1724 0.9721 0.1593
vn 0.1664 0.9715 0.1685
vn -0.1724 0.9721 0.1593
vn -0.1324 0.9838 0.1205
vn -0.1607 0.9735 0.1628
vn -0.1664 0.9715 0.1685
vn -0.0180 0.9837 0.1787
vn -0.0211 0.9828 0.1834
vn -0.0250 0.9680 0.2495
vn -0.0299 0.9662 0.2562
vn -0.7159 -0.0955 -0.6917
vn -0.7163 -0.0989 -0.6907
vn 0.4222 0.0472 -0.9053
vn -0.4222 0.0472 -0.9053
vn 0.7163 -0.0989 -0.6907
vn 0.7159 -0.0955 -0.6917
vn 0.7687 -0.1065 -0.6307
vn 0.0937 -0.9941 -0.0543
vn -0.7687 -0.1065 -0.6307
vn -0.0953 -0.9939 -0.0560
vn -0.8016 -0.0696 -0.5938
vn 0.0025 1.0000 0.0010
vn -0.0025 1.0000 0.0010
vn 0.8016 -0.0696 -0.5938
vn 0.0022 1.0000 0.0013
vn -0.0000 1.0000 0.0004
vn 0.0021 1.0000 0.0010
vn -0.0000 1.0000 0.0008
vn 0.0030 1.0000 0.0015
vn -0.0022 1.0000 0.0013
vn -0.0029 1.0000 0.0015
vn 0.7806 -0.0000 0.6250
vn -0.7806 -0.0000 0.6250
vn -0.1748 -0.1121 -0.9782
vn 0.0101 -0.0793 -0.9968
vn 0.1748 -0.1121 -0.9782
vn -0.0102 -0.0793 -0.9968
vn 0.3098 0.0200 -0.9506
vn -0.0003 -0.0794 -0.9968
vn 0.0003 -0.0794 -0.9968
vn -0.3098 0.0200 -0.9506
vn -0.9979 0.0644 -0.0000
vn -0.1258 0.9921 -0.0000
vn 0.9979 0.0644 -0.0000
vn 0.1280 0.9918 -0.0000
vn -0.0034 -1.0000 -0.0000
vn 0.0034 -1.0000 -0.0000
vn 0.8306 -0.1597 0.5336
vn 0.8216 -0.1471 0.5508
vn 0.8216 -0.1471 0.5507
vn 0.8165 -0.1401 0.5601
vn -0.8306 -0.1597 0.5336
vn -0.8216 -0.1472 0.5507
vn -0.8215 -0.1471 0.5509
vn -0.8165 -0.1402 0.5601
vn 0.4207 -0.0660 0.9048
vn 0.4190 -0.0623 0.9058
vn 0.4214 -0.0675 0.9044
vn 0.9843 -0.1735 0.0329
vn 0.9843 -0.1734 0.0331
vn 0.9851 -0.1651 0.0484
vn -0.9851 -0.1651 0.0484
vn -0.9843 -0.1734 0.0331
vn -0.9843 -0.1735 0.0329
vn -0.4190 -0.0624 0.9058
vn -0.4207 -0.0660 0.9048
vn -0.4213 -0.0674 0.9044
vn -0.4212 -0.0729 0.9040
vn -0.4190 -0.0727 0.9051
vn -0.9871 -0.1598 -0.0076
vn -0.9858 -0.1678 -0.0056
vn 0.9858 -0.1678 -0.0056
vn 0.9871 -0.1598 -0.0076
vn 0.4212 -0.0729 0.9040
vn 0.4190 -0.0726 0.9051
vn 0.6461 -0.6362 0.4216
vn -0.6461 -0.6362 0.4216
vn 0.0005 1.0000 0.0013
vn -0.0001 1.0000 0.0005
vn -0.7314 0.6820 0.0005
vn -0.6320 0.6772 -0.3768
vn 0.5207 0.6773 -0.5197
vn 0.7211 0.6461 0.2500
vn 0.3031 0.6745 0.6732
vn 0.6320 0.6772 -0.3768
vn -0.5208 0.6773 -0.5197
vn -0.7211 0.6461 0.2500
vn -0.3031 0.6745 0.6732
vn 0.7083 -0.0483 -0.7043
vn -0.7083 -0.0483 -0.7043
vn 0.9940 -0.1076 -0.0199
vn -0.4163 0.0297 -0.9087
vn 0.4079 -0.0716 0.9102
vn 0.4163 0.0297 -0.9087
vn -0.4079 -0.0716 0.9102
vn -0.0142 0.9849 0.1723
vn -0.4364 0.8234 0.3628
vn -0.0205 0.9696 0.2437
vn 0.4364 0.8234 0.3629
vn 0.0142 0.9849 0.1723
vn 0.0205 0.9696 0.2437
vn -0.9940 -0.1076 -0.0199
vn 0.1682 0.3035 -0.9379
vn 0.9653 0.2168 0.1455
vn -0.1610 0.2492 -0.9550
vn -0.9176 0.3754 0.1304
vn -0.8986 -0.0705 0.4332
vn -0.8955 -0.0815 0.4376
vn -0.8914 -0.0831 0.4456
vn -0.8906 -0.0898 0.4457
vn -0.9153 0.0018 0.4027
vn 0.8956 -0.0812 0.4375
vn 0.8986 -0.0701 0.4330
vn 0.8907 -0.0897 0.4456
vn 0.8914 -0.0832 0.4455
vn 0.9153 0.0018 0.4027
vn -0.8947 -0.0459 0.4443
vn 0.8947 -0.0467 0.4443
vn -0.7345 -0.0107 -0.6785
vn 0.7345 -0.0107 -0.6785
vn -0.7610 -0.0770 -0.6442
vn 0.7610 -0.0770 -0.6442
vn 0.7851 -0.0397 -0.6181
vn -0.7851 -0.0397 -0.6181
vn -0.0748 0.9972 -0.0000
vn 0.9960 0.0890 -0.0000
vn 0.0761 0.9971 -0.0000
vn -0.9960 0.0890 -0.0000
vn 0.0005 -0.0061 -1.0000
vn 0.0004 -0.0061 -1.0000
vn 0.0003 -0.0060 -1.0000
vn 0.0001 -0.0060 -1.0000
vn -0.0001 -0.0060 -1.0000
vn -0.0004 -0.0061 -1.0000
vn -0.0004 -0.0060 -1.0000
vn 0.0748 -0.9972 -0.0000
vn -0.9960 -0.0890 -0.0000
vn -0.0761 -0.9971 -0.0000
vn 0.9960 -0.0890 -0.0000
vn -0.0005 -0.0061 -1.0000
vn 0.7061 0.0562 -0.7058
vn 0.7075 0.0540 -0.7047
vn 0.7069 0.0643 -0.7043
vn 0.7057 0.0615 -0.7058
vn -0.7075 0.0540 -0.7047
vn -0.7062 0.0562 -0.7058
vn -0.7057 0.0615 -0.7058
vn -0.7070 0.0643 -0.7043
vn 0.8102 -0.1652 -0.5624
vn 0.7791 0.2954 -0.5530
vn -0.8103 -0.1652 -0.5623
vn -0.7791 0.2953 -0.5530
vn -0.7549 -0.0676 -0.6524
vn -0.7555 -0.0852 -0.6496
vn -0.7664 -0.0686 -0.6386
vn -0.7670 -0.0865 -0.6358
vn 0.7555 -0.0853 -0.6495
vn 0.7549 -0.0676 -0.6523
vn 0.7670 -0.0865 -0.6357
vn 0.7665 -0.0687 -0.6386
vn -0.0368 -0.9877 0.1520
vn -0.2354 -0.0208 0.9717
vn 0.0378 0.9870 -0.1562
vn 0.2353 0.0263 -0.9716
vn 0.0368 -0.9877 0.1520
vn -0.2353 0.0259 -0.9716
vn -0.0378 0.9870 -0.1562
vn 0.2354 -0.0208 0.9717
vn -0.0000 0.9826 -0.1855
vn -0.0000 -0.0016 1.0000
vn -0.0000 -0.0008 1.0000
vn 0.7816 -0.0000 -0.6238
vn -0.7816 -0.0000 0.6238
vn -0.7816 -0.0000 -0.6238
vn 0.7816 -0.0000 0.6238
s 1
usemtl Middle_Wheel_Base.001
f 3//1 2//1 4//1 5//1
f 2//1 6//1 7//1 4//1
f 10//2 1//2 2//2 3//2
f 8//3 9//3 5//3 4//3
f 9//4 10//4 3//4 5//4
f 1//2 11//2 6//2 2//2
f 11//5 12//5 7//5 6//5
f 12//3 8//3 4//3 7//3
usemtl Wheel_base.001
f 14//6 15//7 16//8 17//9
f 17//9 16//8 18//10 49//10 48//10
f 16//8 19//11 53//10 52//10 18//10
f 15//7 20//6 19//11 16//8
f 21//12 22//12 20//6 15//7
f 23//12 21//12 15//7 14//6
f 24//13 25//13 39//14 40//15
f 13//16 26//16 41//16 42//16
f 26//17 24//17 40//18 41//19
f 27//20 28//20 33//21 34//22
f 28//16 13//16 42//16 33//16
f 29//23 27//23 34//24 35//25
f 30//26 31//26 36//26 37//26
f 31//27 29//27 35//28 36//29
f 32//26 30//26 37//26 38//26
f 25//30 32//30 38//31 39//32
f 34//22 33//21 54//33 53//33 19//33
f 35//25 34//24 19//34 20//34
f 36//29 35//28 20//35 22//35
f 37//26 36//26 22//26 21//26
f 38//26 37//26 21//26 23//26
f 39//32 38//31 23//36 14//36
f 40//15 39//14 14//37 17//37
f 41//19 40//18 17//38 48//38 47//38
f 44//16 43//16 51//16 50//16 45//16
f 46//16 44//16 45//16 56//16 55//16
f 42//39 41//39 43//39 44//39
f 41//40 47//40 51//40 43//40
f 50//41 49//41 18//41 45//41
f 33//39 42//39 44//39 46//39
f 18//41 52//41 56//41 45//41
f 55//42 54//42 33//42 46//42
f 47//43 49//44 50//45 51//45
f 52//46 54//47 55//48 56//48
f 47//43 48//49 49//44
f 52//46 53//50 54//47
usemtl rear_cockpit.001
f 77//3 78//3 57//3 58//3
f 78//3 59//3 60//3 57//3
f 58//51 57//52 61//52 62//52 63//52 64//52 65//53 66//54 67//55
f 57//56 60//57 68//58 69//59 70//60 71//56 72//56 73//56 61//56
f 61//61 73//61 74//61 75//61
f 62//62 61//62 75//62 76//62
f 200//63 199//63 201//63 202//63
f 81//1 82//1 59//1 78//1
f 203//64 204//64 205//64 206//64
f 84//65 85//65 63//65 62//65
f 99//66 100//66 101//66 102//66
f 100//67 103//67 104//67 101//67
f 112//67 111//67 113//67 114//67
f 111//67 115//67 116//67 113//67
f 115//67 117//67 118//67 116//67
f 119//68 120//68 121//68 122//68
f 120//68 123//68 124//68 121//68
f 123//68 125//68 126//68 124//68
f 105//68 106//68 107//68 108//68
f 106//69 109//69 110//69 107//69
f 94//70 95//70 73//70 72//70
f 95//71 96//71 74//71 73//71
f 96//70 97//70 75//70 74//70
f 97//65 98//65 76//65 75//65
f 98//72 84//72 62//72 76//72
f 85//73 86//73 100//73 99//73
f 64//74 63//74 102//74 101//74
f 63//71 85//71 99//71 102//71
f 86//75 87//75 103//75 100//75
f 87//72 65//72 104//72 103//72
f 65//76 64//76 101//76 104//76
f 92//77 93//77 106//77 105//77
f 71//78 70//78 108//78 107//78
f 70//71 92//71 105//71 108//71
f 93//79 94//79 109//79 106//79
f 94//72 72//72 110//72 109//72
f 72//80 71//80 107//80 110//80
f 128//81 127//81 129//81 130//81
f 66//54 65//53 114//82 113//83
f 65//84 87//84 112//84 114//84
f 127//81 131//81 132//81 129//81
f 67//55 66//54 113//83 116//85
f 131//81 133//81 134//81 132//81
f 79//86 58//86 118//86 117//86
f 58//51 67//55 116//85 118//87
f 135//88 136//88 137//88 138//88
f 68//58 60//57 122//89 121//90
f 60//91 83//91 119//91 122//91
f 136//88 139//88 140//88 137//88
f 69//59 68//58 121//90 124//92
f 139//88 141//88 142//88 140//88
f 92//93 70//93 126//93 125//93
f 70//60 69//59 124//92 126//94
f 143//95 144//96 146//97 145//97
f 144//96 143//95 151//98 152//99
f 145//100 146//100 150//100 149//100
f 147//101 148//102 154//103 153//104
f 148//102 147//101 149//105 150//105
f 152//99 151//98 155//106 156//106
f 153//104 154//103 158//107 157//107
f 156//108 155//108 157//108 158//108
f 159//109 160//109 166//109 165//109
f 160//110 159//110 161//111 162//112
f 162//112 161//111 167//113 168//114
f 163//115 164//116 170//117 169//118
f 164//116 163//115 165//119 166//119
f 168//114 167//113 171//120 172//120
f 169//118 170//117 174//121 173//121
f 172//122 171//122 173//122 174//122
f 87//81 88//81 143//81 145//81
f 111//81 112//81 149//81 147//81
f 112//81 87//81 145//81 149//81
f 88//81 89//81 151//81 143//81
f 115//81 111//81 147//81 153//81
f 89//81 79//81 155//81 151//81
f 79//81 117//81 157//81 155//81
f 117//81 115//81 153//81 157//81
f 83//88 90//88 161//88 159//88
f 120//88 119//88 165//88 163//88
f 119//88 83//88 159//88 165//88
f 90//88 91//88 167//88 161//88
f 123//88 120//88 163//88 169//88
f 91//88 92//88 171//88 167//88
f 92//88 125//88 173//88 171//88
f 125//88 123//88 169//88 173//88
f 146//67 144//67 127//67 128//67
f 148//123 150//123 130//123 129//123
f 150//86 146//86 128//86 130//86
f 144//67 152//67 131//67 127//67
f 154//123 148//123 129//123 132//123
f 152//67 156//67 133//67 131//67
f 156//84 158//84 134//84 133//84
f 158//123 154//123 132//123 134//123
f 160//68 162//68 136//68 135//68
f 164//124 166//124 138//124 137//124
f 166//93 160//93 135//93 138//93
f 162//68 168//68 139//68 136//68
f 170//124 164//124 137//124 140//124
f 168//68 172//68 141//68 139//68
f 172//91 174//91 142//91 141//91
f 174//124 170//124 140//124 142//124
f 79//2 80//2 175//2 176//2
f 80//125 77//125 177//125 175//125
f 77//2 58//2 178//2 177//2
f 58//125 79//125 176//125 178//125
f 82//2 83//2 180//2 179//2
f 83//125 60//125 181//125 180//125
f 60//2 59//2 182//2 181//2
f 59//125 82//125 179//125 182//125
f 176//126 175//127 183//128 184//129
f 175//127 177//130 185//131 183//128
f 177//130 178//132 186//133 185//131
f 178//132 176//126 184//129 186//133
f 179//134 180//135 188//136 187//137
f 180//135 181//138 189//139 188//136
f 181//138 182//140 190//141 189//139
f 182//140 179//134 187//137 190//141
f 184//129 183//128 191//63 192//63
f 183//128 185//131 193//63 191//63
f 185//131 186//133 194//63 193//63
f 186//133 184//129 192//63 194//63
f 187//137 188//136 196//64 195//64
f 188//136 189//139 197//64 196//64
f 189//139 190//141 198//64 197//64
f 190//141 187//137 195//64 198//64
f 192//3 191//3 199//3 200//3
f 191//71 193//71 201//71 199//71
f 193//2 194//2 202//2 201//2
f 194//72 192//72 200//72 202//72
f 195//3 196//3 204//3 203//3
f 196//71 197//71 205//71 204//71
f 197//2 198//2 206//2 205//2
f 198//72 195//72 203//72 206//72
usemtl Bottom_Middle_Support.001
f 220//72 221//72 207//72 222//72
f 221//142 223//142 208//142 207//142
f 223//1 224//1 209//1 208//1
f 224//1 225//1 210//1 209//1
f 225//143 226//143 211//143 210//143
f 226//71 227//71 228//71 211//71
f 222//72 207//72 234//144 235//145
f 207//146 208//146 233//147 234//148
f 244//149 243//149 245//149 246//149
f 243//149 247//149 248//149 245//149
f 210//150 211//150 230//151 231//152
f 211//71 228//71 229//153 230//154
f 230//154 229//153 236//155 237//156
f 231//152 230//151 237//157 238//158
f 232//159 231//159 238//160 239//161
f 233//159 232//159 239//162 240//163
f 234//148 233//147 240//164 241//165
f 235//145 234//144 241//166 242//167
f 237//156 236//155 219//71 216//71
f 238//158 237//157 216//168 215//168
f 239//161 238//160 215//1 214//1
f 240//163 239//162 214//1 213//1
f 241//165 240//164 213//169 212//169
f 242//167 241//166 212//72 218//72
f 256//170 255//170 257//170 258//170
f 232//3 233//3 246//3 245//3
f 263//72 261//72 265//72 267//72
f 255//170 259//170 260//170 257//170
f 269//71 271//71 273//71 275//71
f 231//3 232//3 245//3 248//3
f 208//170 209//170 249//170 250//170
f 243//170 244//170 252//170 251//170
f 244//170 208//170 250//170 252//170
f 209//170 210//170 253//170 249//170
f 210//170 247//170 254//170 253//170
f 247//170 243//170 251//170 254//170
f 250//1 249//1 255//1 256//1
f 251//171 252//171 258//171 257//171
f 252//71 250//71 256//71 258//71
f 249//1 253//1 259//1 255//1
f 253//72 254//72 260//72 259//72
f 254//171 251//171 257//171 260//171
f 233//172 208//172 262//172 264//172
f 208//170 244//170 266//170 265//170 261//170 262//170
f 244//149 246//149 268//149 266//149
f 246//3 233//3 264//3 263//3 267//3 268//3
f 210//172 231//172 272//172 270//172
f 231//3 248//3 274//3 273//3 271//3 272//3
f 248//149 247//149 276//149 274//149
f 247//170 210//170 270//170 269//170 275//170 276//170
f 262//173 261//173 263//173 264//173
f 265//174 266//174 268//174 267//174
f 269//175 270//175 272//175 271//175
f 273//176 274//176 276//176 275//176
f 217//171 218//171 278//171 277//171
f 219//171 217//171 277//171 279//171
usemtl Top_Base1.001
f 286//177 335//178 336//179 280//179
f 282//179 287//180 327//178 328//179
f 323//181 324//182 286//183 280//184
f 315//185 316//186 281//187 288//188
f 280//189 336//189 337//189 283//189
f 323//190 280//190 283//190 322//190
f 282//189 328//189 329//189 284//189
f 281//191 316//191 317//191 285//191
f 286//183 324//182 325//192 306//193
f 306//194 334//194 335//178 286//177
f 327//178 287//180 307//194 326//194
f 314//195 315//185 288//188 308//196
f 283//171 337//171 338//197 293//198
f 322//199 283//200 293//201 321//202
f 284//171 329//171 330//197 292//203
f 285//204 317//205 318//206 291//207
f 291//207 318//206 409//208 410//209
f 292//203 330//197 411//210 412//210
f 293//198 338//197 413//210 414//210
f 321//202 293//201 414//211 415//212
f 358//213 359//214 342//215 343//216
f 366//217 367//218 344//219 345//220
f 361//210 362//210 340//210 289//210
f 309//221 301//222 315//185 314//195
f 301//222 302//223 316//186 315//185
f 440//224 439//224 441//224 442//224
f 508//225 507//226 509//226 510//227
f 511//228 508//225 510//227 512//228
f 514//229 513//230 515//231 516//231
f 518//232 517//232 513//230 514//229
f 444//233 443//233 445//233 446//233
f 296//234 297//235 324//182 323//181
f 325//192 324//182 297//235 305//236
f 288//177 327//178 326//194 308//194
f 328//179 327//178 288//177 281//179
f 329//189 328//189 281//189 285//189
f 330//197 329//171 285//171 291//198
f 411//210 330//197 291//198 410//210
f 332//210 363//210 364//210 290//210
f 334//194 307//194 287//180 335//178
f 336//179 335//178 287//180 282//179
f 337//189 336//189 282//189 284//189
f 338//197 337//171 284//171 292//237
f 413//210 338//197 292//237 412//210
f 320//238 294//238 349//238 350//238
f 361//210 289//210 348//210 360//210
f 381//239 380//239 382//239 383//239
f 299//240 356//240 357//241 347//242
f 295//238 319//238 352//238 353//238
f 290//210 364//210 365//210 354//210
f 385//243 384//243 386//243 387//243
f 369//244 300//244 355//245 368//246
f 398//247 400//247 436//247 435//247 404//247
f 399//247 398//247 404//247 405//247
f 360//210 348//210 342//210 359//210
f 354//210 365//210 366//210 345//210
f 402//247 401//247 406//247 407//247
f 403//247 402//247 407//247 438//247 437//247
f 356//240 313//248 346//249 357//241
f 349//210 360//210 359//210 371//210 370//210
f 294//210 361//210 360//210 349//210
f 294//210 339//210 362//210 361//210
f 364//210 363//210 331//210 295//210
f 365//210 364//210 295//210 353//210
f 366//210 365//210 353//210 377//210 378//210
f 312//250 369//244 368//246 351//251
f 370//252 371//252 373//253 372//254
f 372//254 373//253 429//255 374//255
f 375//256 376//257 379//258 434//258
f 376//257 375//256 378//259 377//259
f 350//238 349//238 370//238 372//238
f 346//260 350//260 372//260 374//260
f 352//261 351//261 379//261 376//261
f 353//238 352//238 376//238 377//238
f 373//262 371//263 359//214 358//213
f 378//264 375//265 367//218 366//217
f 313//266 320//266 380//266 381//266
f 320//267 350//267 382//267 380//267
f 350//268 346//268 383//268 382//268
f 346//269 313//269 381//269 383//269
f 319//270 312//270 384//270 385//270
f 312//271 351//271 386//271 384//271
f 351//272 352//272 387//272 386//272
f 352//273 319//273 385//273 387//273
f 289//171 340//171 389//171 388//171
f 333//1 298//1 393//1 392//1
f 341//1 299//1 395//1 394//1
f 332//171 290//171 396//171 391//171
f 300//1 333//1 392//1 397//1
f 298//1 341//1 394//1 393//1
f 348//171 289//171 388//171 399//171
f 299//1 347//242 400//1 395//1
f 290//171 354//171 401//171 396//171
f 355//245 300//1 397//1 403//1
f 343//216 342//274 405//274 404//275
f 342//171 348//171 399//171 405//171
f 354//171 345//171 406//171 401//171
f 345//276 344//219 407//277 406//276
f 418//278 409//208 408//279 417//280
f 410//209 409//208 418//278 419//281
f 420//210 411//210 410//210 419//210
f 414//210 413//210 421//210 422//210
f 415//212 414//211 422//282 423//283
f 416//284 415//212 423//283 424//285
f 488//286 487//286 489//286 490//286
f 419//281 418//278 319//287 295//288
f 331//210 420//210 419//210 295//210
f 422//210 421//210 339//210 294//210
f 423//283 422//282 294//289 320//290
f 492//291 491//291 493//291 494//291
f 363//292 332//292 391//292 390//292 389//292 340//292 362//292 339//292 421//292 413//292 412//292 411//292 420//292 331//292
f 425//293 426//294 435//295 436//295
f 426//294 425//293 427//296 428//297
f 428//297 427//296 374//298 429//298
f 430//299 431//300 437//301 438//301
f 431//300 430//299 433//302 432//303
f 432//303 433//302 434//304 379//304
f 464//305 463//305 465//305 466//305
f 467//306 468//306 469//306 470//306
f 347//242 357//241 427//249 425//307
f 368//246 355//245 431//308 432//251
f 427//249 357//241 346//249 374//309
f 351//251 368//246 432//251 379//310
f 428//311 429//312 373//262 358//213
f 433//313 367//218 375//265 434//314
f 347//242 425//307 436//1 400//1
f 472//315 471//315 473//315 474//315
f 476//316 475//316 477//316 478//316
f 431//308 355//245 403//1 437//1
f 317//317 316//317 439//317 440//317
f 316//3 302//3 441//3 439//3
f 302//318 304//318 442//318 441//318
f 304//2 317//2 440//2 442//2
f 296//3 323//3 443//3 444//3
f 323//317 322//317 445//317 443//317
f 322//2 303//2 446//2 445//2
f 303//318 296//318 444//318 446//318
f 426//319 343//216 447//320 448//321
f 343//216 404//275 449//322 447//320
f 404//275 435//323 450//323 449//322
f 435//323 426//319 448//321 450//323
f 344//219 430//324 451//325 452//326
f 430//324 438//327 453//328 451//325
f 438//327 407//277 454//329 453//328
f 407//277 344//219 452//326 454//329
f 344//219 367//218 455//330 456//331
f 367//218 433//313 457//332 455//330
f 433//313 430//324 458//333 457//332
f 430//324 344//219 456//331 458//333
f 428//311 358//213 460//334 459//335
f 358//213 343//216 461//336 460//334
f 343//216 426//319 462//337 461//336
f 426//319 428//311 459//335 462//337
f 456//338 455//338 463//338 464//338
f 455//339 457//339 465//339 463//339
f 457//340 458//340 466//340 465//340
f 458//341 456//341 464//341 466//341
f 459//339 460//339 468//339 467//339
f 460//338 461//338 469//338 468//338
f 461//341 462//341 470//341 469//341
f 462//340 459//340 467//340 470//340
f 448//342 447//342 471//342 472//342
f 447//343 449//343 473//343 471//343
f 449//344 450//344 474//344 473//344
f 450//345 448//345 472//345 474//345
f 452//342 451//342 475//342 476//342
f 451//345 453//345 477//345 475//345
f 453//344 454//344 478//344 477//344
f 454//343 452//343 476//343 478//343
f 319//287 418//278 479//346 480//347
f 418//278 417//280 481//348 479//346
f 417//280 312//349 482//350 481//348
f 312//349 319//287 480//347 482//350
f 424//285 423//283 483//351 484//352
f 423//283 320//290 485//353 483//351
f 320//290 313//354 486//355 485//353
f 313//354 424//285 484//352 486//355
f 480//356 479//356 487//356 488//356
f 479//357 481//357 489//357 487//357
f 481//358 482//358 490//358 489//358
f 482//359 480//359 488//359 490//359
f 484//357 483//357 491//357 492//357
f 483//356 485//356 493//356 491//356
f 485//359 486//359 494//359 493//359
f 486//358 484//358 492//358 494//358
f 318//206 317//205 495//360 496//361
f 317//205 304//362 497//363 495//360
f 304//362 311//364 498//365 497//363
f 409//208 318//206 496//361 499//366
f 311//364 408//279 500//367 498//365
f 408//279 409//208 499//366 500//367
f 321//202 415//212 503//368 501//369
f 415//212 416//284 504//370 503//368
f 416//284 310//371 502//372 504//370
f 303//373 322//199 505//374 506//373
f 322//199 321//202 501//369 505//374
f 310//371 303//373 506//373 502//372
f 496//375 495//375 507//375 508//375
f 495//3 497//3 509//3 507//3
f 497//376 498//376 510//376 509//376
f 499//377 496//377 508//377 511//377
f 498//378 500//378 512//378 510//378
f 500//379 499//379 511//379 512//379
f 501//377 503//377 515//377 513//377
f 503//379 504//379 516//379 515//379
f 504//378 502//378 514//378 516//378
f 506//3 505//3 517//3 518//3
f 505//375 501//375 513//375 517//375
f 502//376 506//376 518//376 514//376
usemtl Tail_Wing1.001
f 544//380 545//380 528//380 529//380
f 530//380 543//380 544//380 529//380
f 607//381 606//381 609//381 610//381
f 610//382 611//382 608//382 607//382
f 599//383 600//383 601//383 602//383
f 569//384 570//384 571//384 572//384
f 636//385 635//385 637//385 638//385
f 573//386 574//386 575//386 576//386
f 603//387 599//387 602//387 604//387
f 635//385 639//385 640//385 637//385
f 532//388 534//389 536//390 533//388
f 546//72 522//72 528//72 545//72
f 522//391 523//392 529//393 528//393
f 524//71 542//71 543//71 530//71
f 540//394 539//395 532//388 533//388
f 523//392 524//396 530//393 529//393
f 520//397 521//398 535//399 534//389 532//400
f 585//401 586//401 587//401 588//401
f 527//171 526//171 533//171 536//171 537//171
f 525//402 520//403 532//404 539//395 538//405
f 526//171 531//171 541//171 540//171 533//171
f 590//406 589//406 591//406 592//406
f 534//389 535//399 537//407 536//390
f 538//405 539//395 540//394 541//408
f 562//409 561//409 563//409 564//409
f 543//71 542//71 525//71 531//71
f 544//380 543//380 531//380 526//380
f 526//380 527//380 545//380 544//380
f 521//72 546//72 545//72 527//72
f 565//410 566//410 567//410 568//410
f 542//411 615//411 616//411 547//411
f 618//412 525//412 548//412 617//412
f 525//413 542//413 547//413 548//413
f 619//414 620//414 550//414 549//414
f 620//411 546//411 551//411 550//411
f 546//413 521//413 552//413 551//413
f 521//412 619//412 549//412 552//412
f 547//415 616//416 553//416 554//415
f 616//416 617//417 555//417 553//416
f 617//417 548//418 556//418 555//417
f 548//418 547//415 554//415 556//418
f 549//419 550//420 558//420 557//419
f 550//420 551//421 559//421 558//420
f 551//421 552//422 560//422 559//421
f 552//422 549//419 557//419 560//422
f 554//423 553//423 561//423 562//423
f 553//424 555//424 563//424 561//424
f 555//425 556//425 564//425 563//425
f 556//426 554//426 562//426 564//426
f 557//424 558//424 566//424 565//424
f 558//423 559//423 567//423 566//423
f 559//426 560//426 568//426 567//426
f 560//425 557//425 565//425 568//425
f 620//427 612//427 570//427 569//427
f 612//428 522//391 571//429 570//429
f 522//430 546//430 572//430 571//430
f 546//431 620//431 569//431 572//431
f 614//432 615//432 574//432 573//432
f 615//433 542//433 575//433 574//433
f 542//434 524//434 576//434 575//434
f 524//396 614//435 573//436 576//436
f 521//437 527//437 578//437 577//437
f 527//438 537//438 579//438 578//438
f 537//439 535//440 580//440 579//439
f 535//1 521//1 577//1 580//1
f 531//441 525//441 581//441 582//441
f 525//442 538//442 583//443 581//442
f 538//444 541//445 584//444 583//445
f 541//446 531//446 582//446 584//446
f 577//447 578//447 586//447 585//447
f 578//448 579//448 587//448 586//448
f 579//449 580//450 588//450 587//449
f 580//171 577//171 585//171 588//171
f 582//451 581//451 589//451 590//451
f 581//452 583//452 591//452 589//452
f 583//453 584//454 592//454 591//453
f 584//455 582//455 590//455 592//455
f 519//456 619//457 594//458 593//456
f 619//457 521//398 595//459 594//458
f 521//398 520//397 596//460 595//459
f 618//461 519//462 593//462 597//463
f 520//403 525//402 598//464 596//465
f 525//402 618//461 597//463 598//464
f 593//466 594//466 600//466 599//466
f 594//467 595//467 601//467 600//467
f 595//468 596//468 602//468 601//468
f 597//469 593//469 599//469 603//469
f 596//470 598//470 604//470 602//470
f 598//471 597//471 603//471 604//471
f 519//472 618//472 621//472 605//472
f 622//473 623//473 624//473 625//473
f 623//473 626//473 627//473 624//473
f 619//474 519//474 605//474 628//474
f 605//475 621//475 606//475 607//475
f 621//72 625//72 609//72 606//72
f 627//71 628//71 608//71 611//71
f 628//476 605//476 607//476 608//476
f 612//428 613//385 629//385 630//385
f 523//392 522//391 632//385 631//385
f 522//391 612//428 630//385 632//385
f 613//385 614//435 633//385 629//385
f 614//435 524//396 634//385 633//385
f 524//396 523//392 631//385 634//385
f 630//171 629//171 635//171 636//171
f 631//1 632//1 638//1 637//1
f 632//477 630//477 636//477 638//477
f 629//171 633//171 639//171 635//171
f 633//478 634//478 640//478 639//478
f 634//1 631//1 637//1 640//1
usemtl Front_Cockpit.001
f 823//479 648//480 650//481 822//482
f 816//483 817//484 649//485 651//486
f 822//482 650//481 804//487 821//488
f 815//489 816//483 651//486 805//490
f 903//491 904//491 905//491 906//491
f 918//492 917//492 919//492 920//492
f 660//493 661//493 702//494 701//495 643//496
f 662//497 657//497 641//498 707//499 706//500
f 904//501 907//502 908//503 905//501
f 921//504 918//505 920//505 922//506
f 824//507 666//507 648//507 823//507
f 666//508 667//508 650//508 648//508
f 668//509 669//509 652//509 653//509
f 818//507 665//507 649//507 817//507
f 947//510 948//511 949//512 950//510
f 956//513 955//514 957//514 958//515
f 857//516 858//517 859//517 860//517 861//518
f 672//519 819//520 671//521 705//522 708//523 739//524 645//524
f 869//525 868//526 870//527 871//525 872//525
f 909//528 910//529 911//530 912//531
f 924//532 923//533 925//534 926//535
f 907//502 913//536 914//537 908//503
f 927//538 921//504 922//506 928//539
f 913//536 909//528 912//531 914//537
f 923//533 927//538 928//539 925//534
f 910//529 915//540 916//540 911//530
f 929//541 924//532 926//535 930//541
f 700//542 699//543 673//544 813//545 672//546 645//547 748//547
f 691//548 692//549 709//550 710//551
f 692//549 691//548 694//552 693//553
f 693//553 694//552 711//554 712//555
f 695//556 696//557 703//558 704//559
f 696//557 695//556 698//560 697//561
f 697//561 698//560 713//562 714//563
f 701//495 700//542 794//564 795//565
f 708//523 707//499 792//566 793//567
f 712//555 711//554 723//568 724//569
f 714//563 713//562 725//570 726//571
f 715//572 716//573 724//569 723//568
f 716//573 715//572 717//574 718//575
f 718//575 717//574 727//576 728//577
f 719//578 720//579 726//571 725//570
f 720//579 719//578 721//580 722//581
f 722//581 721//580 729//582 730//583
f 737//584 692//549 693//553 736//585
f 745//586 746//587 654//588 655//589
f 654//588 746//587 747//590 656//591
f 738//592 709//550 692//549 737//584
f 736//585 693//553 712//555 735//593
f 1045//594 1044//595 1046//596 1047//597
f 641//498 642//598 790//599 791//600
f 644//601 643//496 796//602 797//603
f 643//496 701//495 795//604 796//602
f 979//605 980//606 981//607 982//608
f 984//609 983//610 985//611 986//612
f 792//613 707//499 641//498 791//600
f 642//598 680//614 789//615 790//599
f 681//616 644//601 797//603 798//617
f 787//618 676//619 688//620 786//621
f 733//622 716//623 718//575 732//624
f 1048//625 1049//626 1050//627 1051//628
f 689//629 677//630 800//631 801//632
f 789//615 680//614 684//633 788//634
f 735//593 712//555 724//569 734//635
f 1047//597 1046//596 1052//636 1053//637
f 685//638 681//616 798//617 799//639
f 788//634 684//633 676//619 787//618
f 734//635 724//569 716//623 733//622
f 1053//637 1052//636 1049//626 1048//625
f 677//630 685//638 799//639 800//631
f 786//621 688//620 646//640 785//641
f 732//624 718//575 728//577 731//642
f 1051//628 1050//627 1054//643 1055//644
f 647//645 689//629 801//632 802//646
f 699//543 700//542 701//495 702//494
f 705//522 706//500 707//499 708//523
f 1050//627 1056//647 1057//648 1054//643
f 1049//626 1058//649 1056//647 1050//627
f 1052//636 1059//650 1058//649 1049//626
f 1046//596 1060//651 1059//650 1052//636
f 1044//595 1061//652 1060//651 1046//596
f 654//588 737//584 736//585 655//589
f 656//591 738//592 737//584 654//588
f 981//607 984//609 986//612 982//608
f 721//580 741//653 740//654 729//582
f 719//655 742//656 741//653 721//580
f 725//570 743//657 742//656 719//655
f 713//562 744//658 743//657 725//570
f 698//560 745//586 744//658 713//562
f 698//560 695//556 746//587 745//586
f 747//590 746//587 695//556 704//559
f 988//659 987//660 980//606 979//605
f 768//661 750//662 749//663 767//664
f 769//665 751//666 750//662 768//661
f 770//667 752//668 751//666 769//665
f 771//669 753//670 752//668 770//667
f 754//671 753//670 771//669 772//672
f 755//673 754//671 772//672 773//674
f 774//675 756//676 755//673 773//674
f 757//677 756//678 774//679 775//680
f 990//681 989//682 991//683 992//684
f 993//685 990//681 992//684 994//686
f 995//687 996//688 993//685 994//686
f 998//689 997//690 996//688 995//687
f 759//691 758//692 776//693 777//694
f 760//695 759//696 777//697 778//698
f 761//699 760//695 778//698 779//700
f 762//701 761//699 779//700 780//702
f 763//703 762//701 780//702 781//704
f 764//705 763//703 781//704 782//706
f 765//707 764//705 782//706 783//708
f 766//709 765//707 783//708 784//710
f 717//574 768//661 767//664 727//576
f 715//711 769//665 768//661 717//574
f 723//712 770//667 769//665 715//711
f 711//713 771//669 770//667 723//712
f 772//672 771//669 711//713 694//714
f 773//674 772//672 694//714 691//715
f 710//716 774//675 773//674 691//715
f 775//680 774//679 710//551 709//550
f 992//684 991//683 999//717 1000//718
f 994//686 992//684 1000//718 1001//719
f 1002//720 995//687 994//686 1001//719
f 1003//721 998//689 995//687 1002//720
f 777//694 776//693 704//559 703//558
f 778//698 777//697 703//722 696//723
f 779//700 778//698 696//723 697//724
f 780//702 779//700 697//724 714//725
f 781//704 780//702 714//725 726//726
f 782//706 781//704 726//726 720//727
f 783//708 782//706 720//727 722//581
f 784//710 783//708 722//581 730//583
f 750//662 786//621 785//641 749//663
f 751//666 787//618 786//621 750//662
f 752//668 788//634 787//618 751//666
f 753//670 789//615 788//634 752//668
f 790//599 789//615 753//670 754//671
f 791//600 790//599 754//671 755//673
f 756//676 792//613 791//600 755//673
f 793//567 792//566 756//678 757//677
f 986//612 985//611 989//682 990//681
f 982//608 986//612 990//681 993//685
f 996//688 979//605 982//608 993//685
f 997//690 988//659 979//605 996//688
f 795//565 794//564 758//692 759//691
f 796//602 795//604 759//696 760//695
f 797//603 796//602 760//695 761//699
f 798//617 797//603 761//699 762//701
f 799//639 798//617 762//701 763//703
f 800//631 799//639 763//703 764//705
f 801//632 800//631 764//705 765//707
f 802//646 801//632 765//707 766//709
f 948//511 951//728 952//729 949//512
f 821//488 804//487 809//730 820//731
f 814//732 815//489 805//490 810//733
f 959//734 956//513 958//515 960//735
f 951//728 953//736 954//736 952//729
f 820//731 809//730 671//521 819//520
f 813//545 814//732 810//733 672//546
f 961//737 959//734 960//735 962//737
f 673//544 811//738 814//732 813//545
f 811//738 806//739 815//489 814//732
f 806//739 653//740 816//483 815//489
f 653//740 652//741 817//484 816//483
f 669//507 818//507 817//507 652//507
f 810//742 820//731 819//520 672//519
f 805//743 821//488 820//731 810//742
f 651//744 822//482 821//488 805//743
f 649//745 823//479 822//482 651//744
f 665//507 824//507 823//507 649//507
f 657//2 658//2 826//2 825//2
f 642//2 641//2 828//2 827//2
f 641//2 657//2 825//2 828//2
f 658//2 679//2 829//2 826//2
f 680//2 642//2 827//2 830//2
f 675//2 687//2 832//2 831//2
f 688//2 676//2 834//2 833//2
f 679//2 683//2 835//2 829//2
f 684//2 680//2 830//2 836//2
f 683//2 675//2 831//2 835//2
f 676//2 684//2 836//2 834//2
f 687//2 663//2 837//2 832//2
f 663//2 646//2 838//2 837//2
f 646//2 688//2 833//2 838//2
f 659//2 660//2 839//2 840//2
f 660//2 643//2 841//2 839//2
f 643//2 644//2 842//2 841//2
f 682//2 659//2 840//2 843//2
f 644//2 681//2 844//2 842//2
f 690//2 678//2 845//2 846//2
f 677//2 689//2 848//2 847//2
f 686//2 682//2 843//2 849//2
f 681//2 685//2 850//2 844//2
f 678//2 686//2 849//2 845//2
f 685//2 677//2 847//2 850//2
f 664//2 690//2 846//2 851//2
f 689//2 647//2 852//2 848//2
f 647//2 664//2 851//2 852//2
f 667//2 803//2 854//2 853//2
f 804//2 650//2 856//2 855//2
f 650//2 667//2 853//2 856//2
f 670//2 662//2 858//2 857//2
f 662//2 706//2 859//2 858//2
f 706//2 705//2 860//2 859//2
f 705//2 671//2 861//2 860//2
f 803//2 808//2 862//2 854//2
f 809//2 804//2 855//2 863//2
f 808//2 670//2 857//2 862//2
f 671//2 809//2 863//2 861//2
f 807//2 668//2 864//2 865//2
f 668//2 653//2 866//2 864//2
f 653//2 806//2 867//2 866//2
f 661//2 674//2 868//2 869//2
f 673//2 699//2 871//2 870//2
f 699//2 702//2 872//2 871//2
f 702//2 661//2 869//2 872//2
f 812//2 807//2 865//2 873//2
f 806//2 811//2 874//2 867//2
f 674//2 812//2 873//2 868//2
f 811//2 673//2 870//2 874//2
f 825//746 826//747 876//748 875//749
f 827//750 828//751 878//752 877//750
f 828//751 825//746 875//749 878//752
f 826//747 829//753 879//754 876//748
f 830//755 827//750 877//750 880//755
f 831//756 832//757 882//758 881//756
f 833//759 834//760 884//761 883//762
f 829//753 835//763 885//763 879//754
f 836//764 830//755 880//755 886//764
f 835//763 831//756 881//756 885//763
f 834//760 836//764 886//764 884//761
f 832//757 837//765 887//765 882//758
f 837//765 838//766 888//766 887//765
f 838//766 833//759 883//762 888//766
f 840//767 839//768 889//768 890//769
f 839//768 841//770 891//770 889//768
f 841//770 842//771 892//771 891//770
f 843//772 840//767 890//769 893//773
f 842//771 844//774 894//774 892//771
f 846//775 845//776 895//777 896//775
f 847//778 848//779 898//779 897//780
f 849//781 843//772 893//773 899//781
f 844//774 850//782 900//782 894//774
f 845//776 849//781 899//781 895//777
f 850//782 847//778 897//780 900//782
f 851//783 846//775 896//775 901//783
f 848//779 852//784 902//785 898//779
f 852//784 851//783 901//783 902//785
f 875//786 876//786 904//786 903//786
f 877//787 878//787 906//787 905//787
f 878//788 875//788 903//788 906//788
f 876//789 879//789 907//789 904//789
f 880//790 877//790 905//790 908//790
f 881//791 882//791 910//791 909//791
f 883//792 884//792 912//792 911//792
f 879//793 885//793 913//793 907//793
f 886//794 880//794 908//794 914//794
f 885//791 881//791 909//791 913//791
f 884//792 886//792 914//792 912//792
f 882//795 887//795 915//795 910//795
f 887//796 888//796 916//796 915//796
f 888//797 883//797 911//797 916//797
f 890//798 889//798 917//798 918//798
f 889//799 891//799 919//799 917//799
f 891//800 892//800 920//800 919//800
f 893//801 890//801 918//801 921//801
f 892//802 894//802 922//802 920//802
f 896//803 895//803 923//803 924//803
f 897//804 898//804 926//804 925//804
f 899//805 893//805 921//805 927//805
f 894//806 900//806 928//806 922//806
f 895//803 899//803 927//803 923//803
f 900//804 897//804 925//804 928//804
f 901//807 896//807 924//807 929//807
f 898//808 902//808 930//808 926//808
f 902//809 901//809 929//809 930//809
f 853//810 854//811 932//811 931//812
f 855//813 856//814 934//815 933//813
f 856//814 853//810 931//812 934//815
f 854//811 862//816 935//817 932//811
f 863//818 855//813 933//813 936//819
f 862//816 857//516 937//820 935//817
f 857//516 861//518 938//821 937//820
f 861//518 863//818 936//819 938//821
f 865//822 864//823 939//824 940//822
f 864//823 866//825 941//826 939//824
f 866//825 867//827 942//828 941//826
f 873//829 865//822 940//822 943//829
f 867//827 874//830 944//830 942//828
f 868//526 873//829 943//829 945//831
f 874//830 870//527 946//832 944//830
f 870//527 868//526 945//831 946//832
f 931//833 932//833 948//833 947//833
f 933//834 934//834 950//834 949//834
f 934//835 931//835 947//835 950//835
f 932//836 935//836 951//836 948//836
f 936//837 933//837 949//837 952//837
f 935//838 937//838 953//838 951//838
f 937//839 938//839 954//839 953//839
f 938//840 936//840 952//840 954//840
f 940//841 939//841 955//841 956//841
f 939//842 941//842 957//842 955//842
f 941//843 942//843 958//843 957//843
f 943//844 940//844 956//844 959//844
f 942//845 944//845 960//845 958//845
f 945//846 943//846 959//846 961//846
f 944//847 946//847 962//847 960//847
f 946//848 945//848 961//848 962//848
f 748//849 645//849 964//849 963//849
f 739//850 708//850 965//850 966//850
f 708//851 793//851 967//851 965//851
f 645//852 739//852 966//852 964//852
f 794//853 700//853 968//853 969//853
f 700//854 748//854 963//854 968//854
f 757//851 775//851 971//851 970//851
f 776//853 758//853 972//853 973//853
f 775//851 709//851 974//851 971//851
f 709//855 738//855 975//855 974//855
f 738//856 656//856 976//856 975//856
f 656//857 747//857 977//857 976//857
f 704//853 776//853 973//853 978//853
f 747//858 704//858 978//858 977//858
f 793//851 757//851 970//851 967//851
f 758//853 794//853 969//853 972//853
f 963//859 964//859 981//859 980//859
f 966//860 965//860 983//860 984//860
f 965//861 967//861 985//861 983//861
f 964//862 966//862 984//862 981//862
f 969//863 968//863 987//863 988//863
f 968//864 963//864 980//864 987//864
f 970//861 971//861 991//861 989//861
f 973//863 972//863 997//863 998//863
f 971//861 974//861 999//861 991//861
f 974//865 975//865 1000//865 999//865
f 975//866 976//866 1001//866 1000//866
f 976//867 977//867 1002//867 1001//867
f 978//863 973//863 998//863 1003//863
f 977//868 978//868 1003//868 1002//868
f 967//861 970//861 989//861 985//861
f 972//863 969//863 988//863 997//863
f 1025//2 1024//2 1026//2 1027//2
f 744//869 745//869 1005//869 1006//869
f 741//870 742//870 1007//870 1008//870
f 743//871 744//871 1006//871 1009//871
f 742//872 743//872 1009//872 1007//872
f 740//873 741//873 1008//873 1011//873
f 732//874 731//874 1013//874 1012//874
f 733//875 732//875 1012//875 1014//875
f 734//876 733//876 1014//876 1015//876
f 735//877 734//877 1015//877 1016//877
f 1024//2 1028//2 1029//2 1026//2
f 736//878 735//878 1016//878 1017//878
f 745//2 655//2 1018//2 1019//2
f 1004//2 1005//2 1021//2 1020//2
f 1005//2 745//2 1019//2 1021//2
f 655//2 736//2 1022//2 1018//2
f 736//2 1017//2 1023//2 1022//2
f 1017//2 1004//2 1020//2 1023//2
f 1019//879 1018//879 1024//879 1025//879
f 1020//880 1021//880 1027//880 1026//880
f 1021//881 1019//881 1025//881 1027//881
f 1018//882 1022//882 1028//882 1024//882
f 1022//883 1023//883 1029//883 1028//883
f 1023//884 1020//884 1026//884 1029//884
f 1005//885 1004//886 1030//886 1031//887
f 1006//888 1005//885 1031//887 1032//889
f 1008//890 1007//891 1033//891 1034//892
f 1009//893 1006//888 1032//889 1035//894
f 1007//891 1009//893 1035//894 1033//891
f 1010//895 1011//896 1037//896 1036//895
f 1011//896 1008//890 1034//892 1037//896
f 1012//897 1013//898 1039//898 1038//899
f 1013//898 1010//900 1036//900 1039//898
f 1014//901 1012//897 1038//899 1040//901
f 1015//902 1014//901 1040//901 1041//903
f 1016//904 1015//902 1041//903 1042//905
f 1004//906 1017//907 1043//908 1030//906
f 1017//907 1016//904 1042//905 1043//908
f 1031//909 1030//909 1044//909 1045//909
f 1032//910 1031//910 1045//910 1047//910
f 1034//911 1033//911 1048//911 1051//911
f 1035//912 1032//912 1047//912 1053//912
f 1033//913 1035//913 1053//913 1048//913
f 1036//914 1037//914 1055//914 1054//914
f 1037//870 1034//870 1051//870 1055//870
f 1038//915 1039//915 1057//915 1056//915
f 1039//916 1036//916 1054//916 1057//916
f 1040//917 1038//917 1056//917 1058//917
f 1041//918 1040//918 1058//918 1059//918
f 1042//874 1041//874 1059//874 1060//874
f 1030//919 1043//919 1061//919 1044//919
f 1043//920 1042//920 1060//920 1061//920
usemtl Bottom_Front_Base1.001
f 1065//921 1066//921 1063//921 1080//921 1079//921
f 1066//921 1074//921 1095//921 1063//921
f 1079//922 1080//922 1082//923 1081//924
f 1081//924 1082//923 1101//925 1100//926
f 1083//927 1084//928 1100//926 1101//925
f 1084//928 1083//927 1086//929 1085//930
f 1085//930 1086//929 1087//931 1088//931
f 1089//932 1090//933 1094//934 1093//935
f 1090//933 1089//932 1092//936 1091//936
f 1093//935 1094//934 1098//937 1099//938
f 1063//939 1095//939 1097//940 1096//941
f 1096//941 1097//940 1099//938 1098//937
f 1082//942 1080//942 1063//942 1064//942
f 1063//942 1096//942 1064//942
f 1126//943 1127//944 1128//944 1129//945
f 1130//946 1131//947 1132//948 1133//949
f 1134//950 1130//946 1133//949 1135//950
f 1139//951 1138//952 1140//952 1141//953
f 1142//954 1139//951 1141//953 1143//955
f 1145//956 1144//957 1146//958 1147//956
f 1148//959 1142//954 1143//955 1149//960
f 1131//947 1136//961 1137//962 1132//948
f 1136//961 1126//943 1129//945 1137//962
f 1082//963 1064//963 1077//963 1101//963
f 1064//963 1096//963 1098//963 1077//963
f 1144//957 1148//959 1149//960 1146//958
f 1067//964 1065//965 1103//965 1102//964
f 1065//965 1079//966 1104//966 1103//965
f 1079//966 1081//967 1105//967 1104//966
f 1068//968 1069//969 1107//970 1106//971
f 1084//972 1085//973 1109//974 1108//975
f 1070//976 1068//968 1106//971 1110//977
f 1085//973 1088//978 1111//979 1109//974
f 1088//978 1070//976 1110//977 1111//979
f 1069//969 1076//980 1112//981 1107//970
f 1100//982 1084//972 1108//975 1113//982
f 1076//980 1067//964 1102//964 1112//981
f 1081//967 1100//982 1113//982 1105//967
f 1071//983 1072//984 1114//985 1115//986
f 1072//984 1092//987 1116//988 1114//985
f 1092//987 1089//989 1117//990 1116//988
f 1073//991 1071//983 1115//986 1118//992
f 1089//989 1093//993 1119//994 1117//990
f 1074//995 1075//996 1120//996 1121//997
f 1097//998 1095//999 1123//999 1122//998
f 1095//999 1074//995 1121//997 1123//999
f 1078//1000 1073//991 1118//992 1124//1000
f 1093//993 1099//1001 1125//1001 1119//994
f 1075//996 1078//1000 1124//1000 1120//996
f 1099//1001 1097//998 1122//998 1125//1001
f 1102//1002 1103//1002 1127//1002 1126//1002
f 1103//1003 1104//1003 1128//1003 1127//1003
f 1104//1004 1105//1004 1129//1004 1128//1004
f 1106//1005 1107//1005 1131//1005 1130//1005
f 1108//1006 1109//1006 1133//1006 1132//1006
f 1110//1007 1106//1007 1130//1007 1134//1007
f 1109//1008 1111//1008 1135//1008 1133//1008
f 1111//2 1110//2 1134//2 1135//2
f 1107//1002 1112//1002 1136//1002 1131//1002
f 1113//1009 1108//1009 1132//1009 1137//1009
f 1112//1002 1102//1002 1126//1002 1136//1002
f 1105//1010 1113//1010 1137//1010 1129//1010
f 1115//1007 1114//1007 1138//1007 1139//1007
f 1114//2 1116//2 1140//2 1138//2
f 1116//1008 1117//1008 1141//1008 1140//1008
f 1118//1005 1115//1005 1139//1005 1142//1005
f 1117//1006 1119//1006 1143//1006 1141//1006
f 1121//1002 1120//1002 1144//1002 1145//1002
f 1122//1004 1123//1004 1147//1004 1146//1004
f 1123//1011 1121//1011 1145//1011 1147//1011
f 1124//1002 1118//1002 1142//1002 1148//1002
f 1119//1009 1125//1009 1149//1009 1143//1009
f 1120//1002 1124//1002 1148//1002 1144//1002
f 1125//1012 1122//1012 1146//1012 1149//1012
f 1062//171 1070//171 1151//171 1150//171
f 1072//171 1062//171 1150//171 1152//171
f 1150//171 1151//171 1154//171 1153//171
f 1152//171 1150//171 1153//171 1155//171
usemtl MIddle_Base1.001
f 1218//2 1250//2 1251//2 1165//2
f 1160//1013 1246//1013 1247//1014 1174//1015
f 1221//1016 1222//1017 1167//1018 1176//1019
f 1216//1020 1217//1021 1175//1022 1166//1023
f 1219//2 1263//2 1264//2 1169//2
f 1178//1024 1164//1013 1259//1013 1260//1014
f 1189//2 1266//2 1267//2 1163//2
f 1188//2 1253//2 1254//2 1158//2
f 1246//1002 1160//1002 1273//1002 1274//1002
f 1271//1025 1216//1026 1166//1027 1270//1028
f 1167//1029 1222//1030 1278//1031 1279//1032
f 1217//1021 1218//1033 1165//1034 1175//1022
f 1220//1035 1221//1016 1176//1019 1168//1036
f 1162//1037 1178//1024 1260//1014 1261//1037
f 1174//1015 1247//1014 1248//1037 1156//1037
f 1245//1038 1171//1038 1180//1039 1244//1040
f 1228//1041 1170//1042 1179//1043 1227//1044
f 1172//1045 1223//1046 1224//1047 1182//1048
f 1227//1044 1179//1043 1198//1049 1226//1050
f 1244//1040 1180//1039 1199//1007 1243//1007
f 1182//1048 1224//1047 1225//1051 1201//1052
f 1304//1053 1303//1054 1305//1055 1306//1055
f 1308//1056 1307//1056 1303//1054 1304//1053
f 1269//1057 1203//1058 1186//1059 1268//1060
f 1203//1061 1204//1062 1187//1063 1186//1064
f 1188//1065 1187//1063 1204//1062 1205//1066
f 1205//2 1252//2 1253//2 1188//2
f 1206//2 1265//2 1266//2 1189//2
f 1207//1067 1208//1068 1191//1069 1190//1070
f 1208//1068 1209//1071 1192//1072 1191//1069
f 1281//1073 1192//1074 1209//1075 1280//1076
f 1312//1077 1311//1078 1313//1078 1314//1079
f 1315//1080 1312//1077 1314//1079 1316//1080
f 1166//1023 1175//1022 1204//1062 1203//1061
f 1205//1066 1204//1062 1175//1022 1165//1034
f 1165//2 1251//2 1252//2 1205//2
f 1169//2 1264//2 1265//2 1206//2
f 1168//1036 1176//1019 1208//1068 1207//1067
f 1176//1019 1167//1018 1209//1071 1208//1068
f 1280//1076 1209//1075 1167//1081 1279//1082
f 1211//1083 1210//1084 1172//1085 1182//1086
f 1212//1087 1211//1083 1182//1086 1201//1088
f 1179//1089 1214//1090 1213//1091 1198//1092
f 1170//1093 1215//1094 1214//1090 1179//1089
f 1166//1095 1203//1058 1269//1057 1270//1096
f 1229//1097 1230//1098 1217//1021 1216//1020
f 1230//1098 1231//1033 1218//1033 1217//1021
f 1231//2 1249//2 1250//2 1218//2
f 1232//2 1262//2 1263//2 1219//2
f 1233//1035 1234//1099 1221//1016 1220//1035
f 1234//1099 1235//1100 1222//1017 1221//1016
f 1278//1031 1222//1030 1235//1101 1277//1102
f 1224//1047 1223//1046 1236//1103 1237//1104
f 1225//1051 1224//1047 1237//1104 1238//1105
f 1240//1106 1227//1044 1226//1050 1239//1107
f 1241//1108 1228//1041 1227//1044 1240//1106
f 1272//1109 1229//1110 1216//1026 1271//1025
f 1160//1111 1174//1112 1230//1098 1229//1097
f 1174//1112 1156//1113 1231//1033 1230//1098
f 1156//2 1248//2 1249//2 1231//2
f 1162//2 1261//2 1262//2 1232//2
f 1157//1114 1177//1115 1234//1099 1233//1035
f 1177//1115 1161//1116 1235//1100 1234//1099
f 1277//1102 1235//1101 1161//1117 1276//1118
f 1237//1104 1236//1103 1173//1119 1181//1120
f 1238//1105 1237//1104 1181//1120 1200//1121
f 1180//1122 1240//1106 1239//1107 1199//1123
f 1171//1124 1241//1108 1240//1106 1180//1122
f 1160//1125 1229//1110 1272//1109 1273//1126
f 1247//1014 1246//1013 1164//1013 1178//1024
f 1248//1037 1247//1014 1178//1024 1162//1037
f 1249//2 1248//2 1162//2 1232//2
f 1250//2 1249//2 1232//2 1219//2
f 1251//2 1250//2 1219//2 1169//2
f 1252//2 1251//2 1169//2 1206//2
f 1253//2 1252//2 1206//2 1189//2
f 1254//2 1253//2 1189//2 1163//2
f 1181//1039 1257//1040 1256//1007 1200//1007
f 1173//1038 1258//1038 1257//1040 1181//1039
f 1161//1002 1259//1002 1275//1002 1276//1002
f 1260//1014 1259//1013 1161//1013 1177//1015
f 1261//1037 1260//1014 1177//1015 1157//1037
f 1262//2 1261//2 1157//2 1233//2
f 1263//2 1262//2 1233//2 1220//2
f 1264//2 1263//2 1220//2 1168//2
f 1265//2 1264//2 1168//2 1207//2
f 1266//2 1265//2 1207//2 1190//2
f 1267//2 1266//2 1190//2 1159//2
f 1308//1127 1309//1127 1310//1127 1307//1127
f 1270//1096 1269//1057 1215//1094 1170//1128
f 1228//1129 1271//1025 1270//1028 1170//1130
f 1241//1131 1272//1109 1271//1025 1228//1129
f 1273//1126 1272//1109 1241//1131 1171//1132
f 1274//1002 1273//1002 1171//1002 1245//1002
f 1276//1002 1275//1002 1258//1002 1173//1002
f 1236//1133 1277//1102 1276//1118 1173//1134
f 1223//1135 1278//1031 1277//1102 1236//1133
f 1279//1032 1278//1031 1223//1135 1172//1136
f 1210//1084 1280//1076 1279//1082 1172//1137
f 1311//1138 1317//1138 1318//1138 1313//1138
f 1320//171 1319//171 1321//171 1322//171
f 1324//171 1323//171 1325//171 1326//171
f 1323//171 1320//171 1322//171 1325//171
f 1319//171 1327//171 1328//171 1321//171
f 1184//1139 1197//1140 1289//1141 1287//1142
f 1197//1140 1213//1091 1290//1143 1289//1141
f 1213//1091 1214//1090 1288//1144 1290//1143
f 1185//1145 1184//1139 1287//1142 1291//1146
f 1214//1090 1215//1094 1292//1147 1288//1144
f 1215//1094 1269//1057 1293//1148 1292//1147
f 1269//1057 1268//1060 1294//1149 1293//1148
f 1268//1060 1185//1145 1291//1146 1294//1149
f 1194//1150 1193//1151 1295//1152 1296//1153
f 1210//1084 1211//1083 1298//1154 1297//1155
f 1202//1156 1194//1150 1296//1153 1299//1157
f 1211//1083 1212//1087 1300//1158 1298//1154
f 1212//1087 1202//1156 1299//1157 1300//1158
f 1193//1151 1281//1073 1301//1159 1295//1152
f 1281//1073 1280//1076 1302//1160 1301//1159
f 1280//1076 1210//1084 1297//1155 1302//1160
f 1287//1161 1289//1161 1305//1161 1303//1161
f 1289//1162 1290//1162 1306//1162 1305//1162
f 1290//1163 1288//1163 1304//1163 1306//1163
f 1291//1164 1287//1164 1303//1164 1307//1164
f 1288//1165 1292//1165 1308//1165 1304//1165
f 1292//1166 1293//1166 1309//1166 1308//1166
f 1293//1167 1294//1167 1310//1167 1309//1167
f 1294//1168 1291//1168 1307//1168 1310//1168
f 1296//1169 1295//1169 1311//1169 1312//1169
f 1297//1170 1298//1170 1314//1170 1313//1170
f 1299//1171 1296//1171 1312//1171 1315//1171
f 1298//1172 1300//1172 1316//1172 1314//1172
f 1300//1173 1299//1173 1315//1173 1316//1173
f 1295//1174 1301//1174 1317//1174 1311//1174
f 1301//1175 1302//1175 1318//1175 1317//1175
f 1302//1176 1297//1176 1313//1176 1318//1176
f 1196//3 1255//3 1319//3 1320//3
f 1283//2 1282//2 1322//2 1321//2
f 1183//3 1242//3 1323//3 1324//3
f 1284//2 1285//2 1326//2 1325//2
f 1285//1177 1183//1177 1324//1177 1326//1177
f 1242//3 1196//3 1320//3 1323//3
f 1282//2 1284//2 1325//2 1322//2
f 1255//3 1195//3 1327//3 1319//3
f 1195//1178 1286//1178 1328//1178 1327//1178
f 1286//2 1283//2 1321//2 1328//2
usemtl Back_portion1.001
f 1345//247 1346//1179 1329//1180 1330//1181
f 1331//1182 1332//247 1333//1183 1347//1184
f 1478//1185 1479//1185 1480//1185 1481//1185
f 1330//1181 1329//1180 1336//1185 1337//1185
f 1338//1181 1331//1182 1347//1184 1348//247
f 1339//1185 1334//1185 1331//1182 1338//1181
f 1329//1180 1346//1179 1333//1183 1332//247
f 1483//1185 1482//1185 1480//1185 1479//1185
f 1493//1186 1492//1186 1494//1186 1495//1186 1496//1186
f 1492//1187 1497//1187 1498//1187 1499//1187 1494//1187
f 1349//1188 1350//1188 1345//1188 1330//1188
f 1351//1 1352//1 1335//1 1334//1
f 1353//1 1354//1 1337//1 1336//1
f 1459//1189 1458//1189 1460//1189 1461//1189
f 1355//1190 1356//1190 1338//1190 1348//1190
f 1357//1 1351//1 1334//1 1339//1
f 1462//1191 1463//1191 1464//1191 1465//1191
f 1352//1 1353//1 1336//1 1335//1
f 1405//1192 1406//1193 1342//1194 1341//1194
f 1406//72 1407//72 1347//72 1342//72
f 1396//71 1397//71 1343//71 1346//71
f 1397//1195 1398//1196 1344//1197 1343//1197
f 1358//1198 1359//1198 1366//1198 1365//1198
f 1405//1198 1341//1198 1367//1198 1404//1198
f 1341//1198 1340//1198 1368//1198 1367//1198
f 1364//1198 1358//1198 1365//1198 1369//1198
f 1340//1198 1344//1198 1370//1198 1368//1198
f 1344//1198 1398//1198 1399//1198 1370//1198
f 1365//2 1366//2 1374//2 1373//2 1371//2
f 1371//2 1373//2 1379//2 1378//2
f 1403//1199 1375//1199 1380//1199 1402//1199
f 1375//1 1372//1 1381//1 1380//3
f 1377//1200 1400//1200 1401//1200 1382//1200
f 1376//2 1371//2 1378//2 1383//2
f 1372//1 1377//1 1382//1 1381//1
f 1430//1201 1431//1201 1432//1201 1433//1201
f 1431//1202 1434//1202 1435//1202 1432//1202
f 1387//1198 1386//1198 1364//1198 1369//1198
f 1389//2 1388//2 1376//2 1383//2
f 1373//2 1391//2 1390//2 1379//2
f 1359//1198 1393//1198 1392//1198 1366//1198
f 1436//1203 1437//1203 1438//1203 1439//1203
f 1437//1204 1440//1204 1441//1204 1438//1204
f 1384//1205 1385//1206 1397//71 1396//71
f 1385//1207 1386//1208 1398//1196 1397//1195
f 1399//1198 1398//1198 1386//1198 1387//1198
f 1401//1209 1400//1209 1388//1209 1389//1209
f 1391//1210 1403//1210 1402//1210 1390//1210
f 1393//1198 1405//1198 1404//1198 1392//1198
f 1393//1211 1394//1212 1406//1193 1405//1192
f 1394//1213 1395//1214 1407//72 1406//72
f 1401//414 1389//414 1409//414 1408//414
f 1389//473 1383//473 1411//473 1410//473
f 1379//473 1390//473 1414//473 1413//473
f 1411//3 1412//3 1416//3 1415//3
f 1412//3 1413//3 1417//3 1416//3
f 1362//1215 1363//1216 1419//1216 1418//1217
f 1385//1206 1384//1205 1421//1218 1420//1219
f 1384//1205 1362//1215 1418//1217 1421//1218
f 1363//1220 1364//1221 1422//1222 1419//1220
f 1364//1221 1386//1208 1423//1223 1422//1222
f 1386//1208 1385//1207 1420//1224 1423//1223
f 1359//1225 1360//1226 1425//1226 1424//1227
f 1394//1212 1393//1211 1427//1228 1426//1229
f 1393//1211 1359//1225 1424//1227 1427//1228
f 1360//1230 1361//1231 1428//1231 1425//1230
f 1361//1231 1395//1214 1429//1232 1428//1231
f 1395//1214 1394//1213 1426//1233 1429//1232
f 1418//3 1419//3 1431//3 1430//3
f 1420//1234 1421//1234 1433//1234 1432//1234
f 1421//171 1418//171 1430//171 1433//171
f 1419//1235 1422//1235 1434//1235 1431//1235
f 1422//1236 1423//1236 1435//1236 1434//1236
f 1423//1237 1420//1237 1432//1237 1435//1237
f 1424//1235 1425//1235 1437//1235 1436//1235
f 1426//1237 1427//1237 1439//1237 1438//1237
f 1427//1236 1424//1236 1436//1236 1439//1236
f 1425//3 1428//3 1440//3 1437//3
f 1428//171 1429//171 1441//171 1440//171
f 1429//1234 1426//1234 1438//1234 1441//1234
f 1354//1238 1349//1238 1442//1238 1443//1238
f 1349//1239 1330//1239 1444//1239 1442//1239
f 1330//1240 1337//1240 1445//1240 1444//1240
f 1337//1241 1354//1241 1443//1241 1445//1241
f 1356//1242 1357//1242 1447//1242 1446//1242
f 1357//1243 1339//1243 1448//1243 1447//1243
f 1339//1244 1338//1244 1449//1244 1448//1244
f 1338//1245 1356//1245 1446//1245 1449//1245
f 1443//2 1442//2 1450//2 1451//2
f 1442//125 1444//125 1452//125 1450//125
f 1444//2 1445//2 1453//2 1452//2
f 1445//125 1443//125 1451//125 1453//125
f 1446//2 1447//2 1455//2 1454//2
f 1447//125 1448//125 1456//125 1455//125
f 1448//2 1449//2 1457//2 1456//2
f 1449//125 1446//125 1454//125 1457//125
f 1451//1246 1450//1246 1458//1246 1459//1246
f 1450//1247 1452//1247 1460//1247 1458//1247
f 1452//1248 1453//1248 1461//1248 1460//1248
f 1453//1249 1451//1249 1459//1249 1461//1249
f 1454//1250 1455//1250 1463//1250 1462//1250
f 1455//1251 1456//1251 1464//1251 1463//1251
f 1456//1252 1457//1252 1465//1252 1464//1252
f 1457//1253 1454//1253 1462//1253 1465//1253
f 1334//1 1335//1 1467//1 1466//1
f 1332//171 1331//171 1469//171 1468//171
f 1331//1254 1334//1254 1466//1254 1469//1254
f 1336//1255 1329//1255 1470//1255 1471//1255
f 1329//171 1332//171 1468//171 1470//171
f 1335//1 1336//1 1471//1 1467//1
f 1466//1185 1467//1185 1473//1185 1472//1185
f 1468//1185 1469//1185 1475//1185 1474//1185
f 1469//1185 1466//1185 1472//1185 1475//1185
f 1471//1185 1470//1185 1476//1185 1477//1185
f 1470//1185 1468//1185 1474//1185 1476//1185
f 1467//1185 1471//1185 1477//1185 1473//1185
f 1472//171 1473//171 1479//171 1478//171
f 1474//1 1475//1 1481//1 1480//1
f 1475//1256 1472//1256 1478//1256 1481//1256
f 1477//1257 1476//1257 1482//1257 1483//1257
f 1476//1 1474//1 1480//1 1482//1
f 1473//171 1477//171 1483//171 1479//171
f 1347//1184 1333//1183 1484//1258 1485//1259
f 1340//1260 1341//1261 1487//1261 1486//1260
f 1341//1261 1342//1262 1488//1262 1487//1261
f 1342//1263 1347//1263 1485//1263 1488//1263
f 1333//1183 1346//1179 1489//1264 1484//1258
f 1346//1265 1343//1265 1490//1265 1489//1265
f 1343//1266 1344//1267 1491//1268 1490//1266
f 1344//1267 1340//1260 1486//1260 1491//1268
f 1485//860 1484//860 1492//860 1493//860
f 1486//1269 1487//1269 1495//1269 1494//1269
f 1487//1270 1488//1270 1496//1270 1495//1270
f 1488//1271 1485//1271 1493//1271 1496//1271
f 1484//864 1489//864 1497//864 1492//864
f 1489//1272 1490//1272 1498//1272 1497//1272
f 1490//1273 1491//1273 1499//1273 1498//1273
f 1491//1274 1486//1274 1494//1274 1499//1274
usemtl Wings1.001
f 1645//1275 1644//1275 1646//1275 1647//1275
f 1629//1276 1628//1276 1630//1276 1631//1276
f 1536//1007 1537//1007 1502//1007 1511//1007
f 1538//1007 1539//1007 1501//1007 1512//1007
f 1635//1277 1634//1277 1636//1277 1637//1277
f 1649//1278 1648//1278 1650//1278 1651//1278
f 1641//1279 1640//1279 1635//1279 1637//1279
f 1628//1280 1625//1280 1627//1280 1630//1280
f 1653//1281 1652//1281 1654//1281 1655//1281
f 1657//1282 1656//1282 1658//1282 1659//1282
f 1509//1283 1544//1283 1546//1283 1504//1283
f 1537//1284 1545//1284 1510//1284 1502//1284
f 1539//1007 1536//1007 1511//1007 1501//1007
f 1546//1007 1538//1007 1512//1007 1504//1007
f 1555//1285 1554//1285 1556//1285 1557//1285
f 1559//1286 1558//1286 1582//1286 1560//1286
f 1554//1287 1559//1287 1560//1287 1556//1287
f 1561//1285 1555//1285 1557//1285 1562//1285
f 1512//1 1501//1 1514//1 1515//1
f 1511//1 1502//1 1517//1 1516//1
f 1502//1288 1510//1288 1513//1288 1517//1288
f 1501//1 1511//1 1516//1 1514//1
f 1567//1289 1568//1289 1569//1289 1570//1289
f 1568//1290 1571//1290 1572//1290 1569//1290
f 1571//1291 1573//1291 1574//1291 1572//1291
f 1573//1291 1575//1291 1576//1291 1574//1291
f 1509//1292 1504//1292 1519//1292 1518//1292
f 1504//1 1512//1 1515//1 1519//1
f 1677//1285 1676//1285 1678//1285 1679//1285
f 1551//171 1552//171 1521//171 1520//171
f 1548//171 1553//171 1522//171 1523//171
f 1661//1286 1660//1286 1662//1286 1663//1286
f 1676//1287 1680//1287 1681//1287 1678//1287
f 1665//1285 1664//1285 1666//1285 1667//1285
f 1515//1 1514//1 1525//1 1526//1
f 1516//1 1517//1 1528//1 1527//1
f 1517//1293 1513//1293 1524//1293 1528//1293
f 1553//171 1551//171 1520//171 1522//171
f 1514//1 1516//1 1527//1 1525//1
f 1552//171 1549//171 1529//171 1521//171
f 1669//1289 1668//1289 1670//1289 1671//1289
f 1682//1290 1683//1290 1684//1290 1685//1290
f 1683//1291 1686//1291 1687//1291 1684//1291
f 1672//1291 1673//1291 1674//1291 1675//1291
f 1518//1294 1519//1294 1531//1294 1530//1294
f 1519//1 1515//1 1526//1 1531//1
f 1605//1295 1604//1295 1606//1295 1607//1295
f 1609//1296 1608//1296 1610//1296 1611//1296
f 1547//171 1548//171 1582//171 1558//171
f 1604//1297 1609//1297 1611//1297 1606//1297
f 1612//2 1605//2 1607//2 1613//2
f 1513//1 1510//1 1561//1 1562//1
f 1548//171 1523//171 1583//1298 1582//1299
f 1524//1 1513//1 1562//1300 1566//1301
f 1614//1302 1615//1302 1616//1302 1617//1302
f 1549//171 1550//171 1567//171 1570//171
f 1615//1303 1618//1303 1619//1303 1616//1303
f 1618//1304 1620//1304 1621//1304 1619//1304
f 1620//2 1622//2 1623//2 1621//2
f 1509//1 1518//1 1576//1 1575//1
f 1529//171 1549//171 1570//1305 1578//1306
f 1518//1 1530//1 1581//1307 1576//1308
f 1508//1309 1500//1310 1584//1311 1585//1309
f 1554//1312 1555//1313 1587//1313 1586//1314
f 1506//1315 1547//1316 1588//1316 1589//1315
f 1547//1316 1558//1316 1590//1316 1588//1316
f 1558//1316 1559//1317 1591//1317 1590//1316
f 1500//1310 1506//1315 1589//1315 1584//1311
f 1559//1317 1554//1312 1586//1314 1591//1317
f 1510//2 1508//1309 1585//1309 1592//2
f 1555//1313 1561//2 1593//2 1587//1313
f 1561//2 1510//2 1592//2 1593//2
f 1550//1318 1505//1319 1595//1319 1594//1318
f 1568//1320 1567//1318 1597//1318 1596//1320
f 1567//1318 1550//1318 1594//1318 1597//1318
f 1505//1319 1503//1321 1598//1322 1595//1319
f 1571//1323 1568//1320 1596//1320 1599//1324
f 1503//1321 1507//1325 1600//1325 1598//1322
f 1573//1326 1571//1323 1599//1324 1601//1326
f 1507//1325 1509//2 1602//2 1600//1325
f 1509//2 1575//2 1603//2 1602//2
f 1575//2 1573//1326 1601//1326 1603//2
f 1585//1288 1584//1288 1604//1288 1605//1288
f 1586//1327 1587//1327 1607//1327 1606//1327
f 1589//1328 1588//1328 1608//1328 1609//1328
f 1588//1 1590//1 1610//1 1608//1
f 1590//1329 1591//1329 1611//1329 1610//1329
f 1584//1330 1589//1330 1609//1330 1604//1330
f 1591//1331 1586//1331 1606//1331 1611//1331
f 1592//1288 1585//1288 1605//1288 1612//1288
f 1587//1327 1593//1327 1613//1327 1607//1327
f 1593//171 1592//171 1612//171 1613//171
f 1594//1332 1595//1332 1615//1332 1614//1332
f 1596//1333 1597//1333 1617//1333 1616//1333
f 1597//1 1594//1 1614//1 1617//1
f 1595//1334 1598//1334 1618//1334 1615//1334
f 1599//1335 1596//1335 1616//1335 1619//1335
f 1598//1292 1600//1292 1620//1292 1618//1292
f 1601//1336 1599//1336 1619//1336 1621//1336
f 1600//1292 1602//1292 1622//1292 1620//1292
f 1602//171 1603//171 1623//171 1622//171
f 1603//1336 1601//1336 1621//1336 1623//1336
f 1532//2 1533//2 1624//2 1625//2
f 1533//2 1547//2 1626//2 1624//2
f 1547//2 1506//2 1627//2 1626//2
f 1534//2 1535//2 1628//2 1629//2
f 1500//2 1508//2 1631//2 1630//2
f 1535//2 1532//2 1625//2 1628//2
f 1506//2 1500//2 1630//2 1627//2
f 1545//2 1534//2 1629//2 1632//2
f 1508//2 1510//2 1633//2 1631//2
f 1510//2 1545//2 1632//2 1633//2
f 1540//2 1541//2 1634//2 1635//2
f 1507//2 1503//2 1637//2 1636//2
f 1550//2 1542//2 1638//2 1639//2
f 1542//2 1543//2 1640//2 1638//2
f 1505//2 1550//2 1639//2 1641//2
f 1543//2 1540//2 1635//2 1640//2
f 1503//2 1505//2 1641//2 1637//2
f 1541//2 1544//2 1642//2 1634//2
f 1544//2 1509//2 1643//2 1642//2
f 1509//2 1507//2 1636//2 1643//2
f 1625//1337 1624//1337 1644//1337 1645//1337
f 1624//1338 1626//1338 1646//1338 1644//1338
f 1626//1339 1627//1339 1647//1339 1646//1339
f 1627//1340 1625//1340 1645//1340 1647//1340
f 1639//1341 1638//1341 1648//1341 1649//1341
f 1638//1342 1640//1342 1650//1342 1648//1342
f 1640//1343 1641//1343 1651//1343 1650//1343
f 1641//1344 1639//1344 1649//1344 1651//1344
f 1636//1345 1634//1345 1652//1345 1653//1345
f 1634//1346 1642//1346 1654//1346 1652//1346
f 1642//1347 1643//1347 1655//1347 1654//1347
f 1643//1348 1636//1348 1653//1348 1655//1348
f 1632//1349 1629//1349 1656//1349 1657//1349
f 1629//1350 1631//1350 1658//1350 1656//1350
f 1631//1351 1633//1351 1659//1351 1658//1351
f 1633//1352 1632//1352 1657//1352 1659//1352
f 1560//1353 1582//1353 1660//1353 1661//1353
f 1582//1299 1583//1298 1662//1354 1660//1354
f 1583//1355 1565//1355 1663//1355 1662//1355
f 1565//1356 1560//1356 1661//1356 1663//1356
f 1562//1357 1557//1357 1664//1357 1665//1357
f 1557//1358 1564//1358 1666//1358 1664//1358
f 1564//1359 1566//1359 1667//1359 1666//1359
f 1566//1301 1562//1300 1665//1360 1667//1360
f 1578//1306 1570//1305 1668//1361 1669//1361
f 1570//1362 1569//1362 1670//1362 1668//1362
f 1569//1363 1577//1363 1671//1363 1670//1363
f 1577//1364 1578//1364 1669//1364 1671//1364
f 1574//1365 1576//1365 1673//1365 1672//1365
f 1576//1308 1581//1307 1674//1366 1673//1366
f 1581//1367 1580//1367 1675//1367 1674//1367
f 1580//1368 1574//1368 1672//1368 1675//1368
f 1557//2 1556//2 1676//2 1677//2
f 1563//1369 1564//1369 1679//1369 1678//1369
f 1564//1 1557//1 1677//1 1679//1
f 1556//1370 1560//1370 1680//1370 1676//1370
f 1565//1371 1563//1371 1678//1371 1681//1371
f 1569//1370 1572//1370 1683//1370 1682//1370
f 1579//1372 1577//1372 1685//1372 1684//1372
f 1572//2 1574//2 1686//2 1683//2
f 1574//1 1580//1 1687//1 1686//1
f 1580//1373 1579//1373 1684//1373 1687//1373
f 1560//171 1565//171 1688//171 1692//171 1691//171
f 1565//171 1681//171 1699//171 1698//171 1688//171
f 1681//171 1680//171 1705//171 1704//171 1700//171 1699//171
f 1680//171 1560//171 1691//171 1690//171 1706//171 1705//171
f 1577//171 1569//171 1711//171 1710//171 1689//171
f 1569//171 1682//171 1719//171 1718//171 1712//171 1711//171
f 1682//171 1685//171 1725//171 1724//171 1720//171 1719//171
f 1685//171 1577//171 1689//171 1726//171 1725//171
f 1690//1374 1692//1374 1694//1374 1693//1374
f 1693//1375 1695//1375 1707//1375 1709//1375
f 1695//1376 1694//1376 1697//1376 1696//1376
f 1696//1377 1697//1377 1702//1377 1701//1377
f 1698//1378 1700//1378 1703//1378 1702//1378
f 1701//1379 1703//1379 1708//1379 1707//1379
f 1704//1380 1706//1380 1709//1380 1708//1380
f 1710//1380 1712//1380 1715//1380 1714//1380
f 1713//1375 1715//1375 1722//1375 1721//1375
f 1714//1379 1713//1379 1717//1379 1716//1379
f 1716//1377 1717//1377 1727//1377 1729//1377
f 1718//1374 1720//1374 1723//1374 1722//1374
f 1721//1376 1723//1376 1728//1376 1727//1376
f 1724//1381 1726//1381 1729//1381 1728//1381
f 1695//171 1696//171 1701//171 1707//171
f 1717//171 1713//171 1721//171 1727//171
f 1694//72 1692//72 1688//72 1697//72
f 1688//3 1698//3 1702//3 1697//3
f 1703//71 1700//71 1704//71 1708//71
f 1709//2 1706//2 1690//2 1693//2
f 1689//71 1710//71 1714//71 1716//71
f 1715//2 1712//2 1718//2 1722//2
f 1723//72 1720//72 1724//72 1728//72
f 1729//3 1726//3 1689//3 1716//3
f 1690//171 1691//171 1692//171
f 1693//1382 1694//1382 1695//1382
f 1698//171 1699//171 1700//171
f 1701//1383 1702//1383 1703//1383
f 1704//171 1705//171 1706//171
f 1707//1384 1708//1384 1709//1384
f 1710//171 1711//171 1712//171
f 1713//1384 1714//1384 1715//1384
f 1718//171 1719//171 1720//171
f 1721//1382 1722//1382 1723//1382
f 1724//171 1725//171 1726//171
f 1727//1385 1728//1385 1729//1385
f 1520//171 1521//171 1731//171 1730//171
f 1523//171 1522//171 1732//171 1733//171
f 1526//1 1525//1 1735//1 1736//1
f 1527//1 1528//1 1738//1 1737//1
f 1528//1288 1524//1288 1734//1288 1738//1288
f 1522//171 1520//171 1730//171 1732//171
f 1525//1 1527//1 1737//1 1735//1
f 1521//171 1529//171 1739//171 1731//171
f 1530//1292 1531//1292 1741//1292 1740//1292
f 1531//1 1526//1 1736//1 1741//1
f 1564//1285 1563//1285 1743//1285 1742//1285
f 1565//1286 1583//1286 1745//1286 1744//1286
f 1583//171 1523//171 1733//171 1745//171
f 1563//1287 1565//1287 1744//1287 1743//1287
f 1524//1 1566//1 1746//1 1734//1
f 1566//1285 1564//1285 1742//1285 1746//1285
f 1529//171 1578//171 1747//171 1739//171
f 1578//1289 1577//1289 1748//1289 1747//1289
f 1577//1290 1579//1290 1749//1290 1748//1290
f 1579//1291 1580//1291 1750//1291 1749//1291
f 1580//1291 1581//1291 1751//1291 1750//1291
f 1581//1 1530//1 1740//1 1751//1
f 1730//171 1731//171 1753//171 1752//171
f 1733//171 1732//171 1754//171 1755//171
f 1737//1 1738//1 1759//1 1758//1
f 1738//1288 1734//1288 1756//1288 1759//1288
f 1732//171 1730//171 1752//171 1754//171
f 1731//171 1739//171 1760//171 1753//171
f 1740//1292 1741//1292 1762//1292 1761//1292
f 1741//1 1736//1 1757//1 1762//1
f 1875//1285 1874//1285 1876//1285 1877//1285
f 1798//1286 1797//1286 1799//1286 1800//1286
f 1745//171 1733//171 1755//171 1766//171
f 1874//1287 1878//1287 1879//1287 1876//1287
f 1734//1 1746//1 1767//1 1756//1
f 1781//1285 1774//1285 1776//1285 1782//1285
f 1739//171 1747//171 1768//171 1760//171
f 1801//1289 1802//1289 1803//1289 1804//1289
f 1880//1290 1881//1290 1882//1290 1883//1290
f 1881//1291 1884//1291 1885//1291 1882//1291
f 1789//1291 1791//1291 1792//1291 1790//1291
f 1751//1 1740//1 1761//1 1772//1
f 1742//2 1743//2 1773//2 1774//2
f 1764//3 1763//3 1776//3 1775//3
f 1919//1386 1918//1386 1920//1386 1921//1386
f 1846//171 1848//171 1850//171 1852//171
f 1994//1387 1995//1387 1996//1387 1997//1387
f 1743//1370 1744//1388 1778//1388 1773//1370
f 1765//1389 1764//1389 1775//1389 1780//1389
f 1923//2 1922//2 1924//2 1925//2
f 2000//3 2001//3 2002//3 2003//3
f 1767//1 1746//1 1781//1 1782//1
f 1926//1386 1927//1386 1928//1386 1929//1386
f 2005//1390 2004//1390 2006//1390 2007//1390
f 1856//171 1854//171 1858//171 1860//171
f 1748//1388 1749//1370 1787//1370 1784//1388
f 1770//1389 1769//1389 1785//1389 1788//1389
f 1749//2 1750//2 1789//2 1787//2
f 1771//3 1770//3 1788//3 1790//3
f 1930//2 1931//2 1932//2 1933//2
f 1751//1 1772//1 1792//1 1791//1
f 2011//3 2010//3 2012//3 2013//3
f 1774//2 1773//2 1793//2 1794//2
f 1775//3 1776//3 1796//3 1795//3
f 1776//1 1774//1 1794//1 1796//1
f 1778//1388 1777//1391 1797//1386 1798//1386
f 1777//171 1779//171 1799//171 1797//171
f 1779//1392 1780//1392 1800//1392 1799//1392
f 1773//1370 1778//1370 1798//1370 1793//1370
f 1780//1389 1775//1389 1795//1389 1800//1389
f 1783//1393 1784//1388 1802//1386 1801//1386
f 1785//1392 1786//1392 1804//1392 1803//1392
f 1786//171 1783//171 1801//171 1804//171
f 1784//1370 1787//1370 1805//1370 1802//1370
f 1788//1389 1785//1389 1803//1389 1806//1389
f 1787//2 1789//2 1807//2 1805//2
f 1789//1 1790//1 1808//1 1807//1
f 1790//3 1788//3 1806//3 1808//3
f 1736//1 1735//1 1811//1 1812//1
f 1757//125 1736//125 1812//125 1809//125
f 1735//1 1737//1 1813//1 1811//1
f 1737//125 1758//125 1810//125 1813//125
f 1745//1394 1766//1394 1815//1395 1814//1395
f 1994//1396 1997//1396 1998//1396 1999//1396
f 1779//1397 1777//1397 1817//1398 1816//1398
f 1777//1391 1745//1399 1814//2 1817//2
f 1768//1397 1747//1397 1818//1400 1819//1398
f 1747//1399 1783//1393 1820//2 1818//2
f 1783//1394 1786//1394 1821//1401 1820//1395
f 2006//1402 2004//1402 2008//1402 2009//1402
f 1814//1395 1815//1395 1823//171 1822//171
f 1815//1395 1816//1398 1824//171 1823//171
f 1816//1398 1817//1398 1825//171 1824//171
f 1817//1398 1814//1395 1822//171 1825//171
f 1819//1398 1818//1400 1826//171 1827//171
f 1818//1400 1820//1395 1828//171 1826//171
f 1820//1395 1821//1401 1829//171 1828//171
f 1821//1401 1819//1398 1827//171 1829//171
f 1822//71 1823//71 1831//71 1830//71
f 1823//2 1824//2 1832//2 1831//2
f 1824//72 1825//72 1833//72 1832//72
f 1825//3 1822//3 1830//3 1833//3
f 1827//72 1826//72 1834//72 1835//72
f 1826//3 1828//3 1836//3 1834//3
f 1828//71 1829//71 1837//71 1836//71
f 1829//2 1827//2 1835//2 1837//2
f 1830//171 1831//171 1839//171 1838//171
f 1831//171 1832//171 1840//171 1839//171
f 1832//171 1833//171 1841//171 1840//171
f 1833//171 1830//171 1838//171 1841//171
f 1835//171 1834//171 1842//171 1843//171
f 1834//171 1836//171 1844//171 1842//171
f 1836//171 1837//171 1845//171 1844//171
f 1837//171 1835//171 1843//171 1845//171
f 2030//72 2031//72 2032//72 2033//72
f 2082//3 2083//3 2084//3 2085//3 2086//3 2087//3
f 2035//71 2034//71 2036//71 2037//71
f 2059//2 2058//2 2060//2 2061//2 2062//2 2063//2
f 2039//71 2038//71 2040//71 2041//71
f 2064//2 2065//2 2066//2 2067//2 2068//2 2069//2
f 2042//72 2043//72 2044//72 2045//72
f 2089//3 2088//3 2090//3 2091//3 2092//3 2093//3
f 1846//1376 1847//1376 1849//1376 1848//1376
f 1850//1379 1851//1379 1853//1379 1852//1379
f 1855//1379 1854//1379 1856//1379 1857//1379
f 1858//1376 1859//1376 1861//1376 1860//1376
f 1794//2 1793//2 1862//2 1863//2
f 1795//3 1796//3 1865//3 1864//3
f 1796//1 1794//1 1863//1 1865//1
f 1793//1370 1798//1370 1866//1370 1862//1370
f 1886//1403 1887//1403 1888//1403 1889//1403
f 1800//1389 1795//1389 1864//1389 1867//1389
f 1802//1370 1805//1370 1869//1370 1868//1370
f 1806//1389 1803//1389 1871//1389 1870//1389
f 1891//1403 1890//1403 1892//1403 1893//1403
f 1805//2 1807//2 1872//2 1869//2
f 1807//1 1808//1 1873//1 1872//1
f 1808//3 1806//3 1870//3 1873//3
f 1863//2 1862//2 1874//2 1875//2
f 1864//3 1865//3 1877//3 1876//3
f 1895//1404 1894//1404 1896//1404 1897//1404
f 1862//1370 1866//1370 1878//1370 1874//1370
f 1866//171 1867//171 1879//171 1878//171
f 1867//1389 1864//1389 1876//1389 1879//1389
f 1868//1370 1869//1370 1881//1370 1880//1370
f 1870//1389 1871//1389 1883//1389 1882//1389
f 1871//171 1868//171 1880//171 1883//171
f 1869//2 1872//2 1884//2 1881//2
f 1898//1404 1899//1404 1900//1404 1901//1404
f 1873//3 1870//3 1882//3 1885//3
f 1798//72 1800//72 1887//72 1886//72
f 1800//3 1867//3 1888//3 1887//3
f 1867//71 1866//71 1889//71 1888//71
f 1866//1405 1798//1405 1886//1405 1889//1405
f 1803//71 1802//71 1890//71 1891//71
f 1802//1405 1868//1405 1892//1405 1890//1405
f 1868//72 1871//72 1893//72 1892//72
f 1871//3 1803//3 1891//3 1893//3
f 1865//72 1863//72 1894//72 1895//72
f 1863//2 1875//2 1896//2 1894//2
f 1875//71 1877//71 1897//71 1896//71
f 1877//1406 1865//1406 1895//1406 1897//1406
f 1872//71 1873//71 1899//71 1898//71
f 1873//1406 1885//1406 1900//1406 1899//1406
f 1885//72 1884//72 1901//72 1900//72
f 1884//2 1872//2 1898//2 1901//2
f 1744//1388 1745//1399 1902//1386 1903//1386
f 1745//1399 1777//1391 1904//1386 1902//1386
f 1777//1391 1778//1388 1905//1386 1904//1386
f 1778//1388 1744//1388 1903//1386 1905//1386
f 1746//2 1742//2 1906//2 1907//2
f 1742//2 1774//2 1908//2 1906//2
f 1774//2 1781//2 1909//2 1908//2
f 1781//2 1746//2 1907//2 1909//2
f 1747//1399 1748//1388 1911//1386 1910//1386
f 1748//1388 1784//1388 1912//1386 1911//1386
f 1784//1388 1783//1393 1913//1386 1912//1386
f 1783//1393 1747//1399 1910//1386 1913//1386
f 1750//2 1751//2 1915//2 1914//2
f 1751//2 1791//2 1916//2 1915//2
f 1791//2 1789//2 1917//2 1916//2
f 1789//2 1750//2 1914//2 1917//2
f 1903//1286 1902//1286 1918//1286 1919//1286
f 1902//1 1904//1 1920//1 1918//1
f 1904//1329 1905//1329 1921//1329 1920//1329
f 1905//171 1903//171 1919//171 1921//171
f 1907//1285 1906//1285 1922//1285 1923//1285
f 1906//1 1908//1 1924//1 1922//1
f 1908//1327 1909//1327 1925//1327 1924//1327
f 1909//171 1907//171 1923//171 1925//171
f 1910//1289 1911//1289 1927//1289 1926//1289
f 1911//171 1912//171 1928//171 1927//171
f 1912//1333 1913//1333 1929//1333 1928//1333
f 1913//1 1910//1 1926//1 1929//1
f 1914//1291 1915//1291 1931//1291 1930//1291
f 1915//171 1916//171 1932//171 1931//171
f 1916//1336 1917//1336 1933//1336 1932//1336
f 1917//1 1914//1 1930//1 1933//1
f 1766//1407 1765//1408 1935//1409 1934//1407
f 1765//1408 1780//1410 1936//1410 1935//1409
f 1780//1411 1779//1412 1937//1413 1936//1411
f 1779//1412 1816//1414 1938//1414 1937//1413
f 1816//1414 1815//1415 1939//1416 1938//1414
f 1815//1415 1766//1417 1934//1417 1939//1416
f 1763//1418 1767//1419 1941//1419 1940//1418
f 1767//1420 1782//1421 1942//1421 1941//1420
f 1782//1421 1776//1422 1943//1422 1942//1421
f 1776//1423 1763//1418 1940//1418 1943//1423
f 1769//1424 1768//1425 1944//1425 1945//1426
f 1786//1427 1785//1428 1947//1428 1946//1429
f 1785//1410 1769//1424 1945//1426 1947//1410
f 1768//1430 1819//1431 1948//1432 1944//1430
f 1819//1431 1821//1433 1949//1433 1948//1432
f 1821//1433 1786//1427 1946//1429 1949//1433
f 1772//1434 1771//1435 1950//1435 1951//1434
f 1771//1435 1790//1423 1952//1423 1950//1435
f 1790//1436 1792//1437 1953//1437 1952//1436
f 1792//1437 1772//1420 1951//1420 1953//1437
f 1934//1438 1935//1438 1955//1438 1954//1438
f 1935//1 1936//1 1956//1 1955//1
f 1936//1439 1937//1439 1957//1439 1956//1439
f 1937//1440 1938//1440 1958//1440 1957//1440
f 1938//171 1939//171 1959//171 1958//171
f 1939//1441 1934//1441 1954//1441 1959//1441
f 1940//1327 1941//1327 1961//1327 1960//1327
f 1941//1 1942//1 1962//1 1961//1
f 1942//1285 1943//1285 1963//1285 1962//1285
f 1943//171 1940//171 1960//171 1963//171
f 1945//1442 1944//1442 1964//1442 1965//1442
f 1946//1443 1947//1443 1967//1443 1966//1443
f 1947//1 1945//1 1965//1 1967//1
f 1944//1444 1948//1444 1968//1444 1964//1444
f 1948//171 1949//171 1969//171 1968//171
f 1949//1445 1946//1445 1966//1445 1969//1445
f 1951//1336 1950//1336 1970//1336 1971//1336
f 1950//171 1952//171 1972//171 1970//171
f 1952//1291 1953//1291 1973//1291 1972//1291
f 1953//1 1951//1 1971//1 1973//1
f 1954//1446 1955//1447 1975//1447 1974//1448
f 1955//1447 1956//1449 1976//1449 1975//1447
f 1956//1449 1957//1450 1977//1450 1976//1449
f 1957//1450 1958//1451 1978//1452 1977//1450
f 1958//1451 1959//1453 1979//1454 1978//1452
f 1959//1453 1954//1446 1974//1448 1979//1454
f 1960//3 1961//3 1981//3 1980//3
f 1961//3 1962//3 1982//3 1981//3
f 1962//3 1963//3 1983//3 1982//3
f 1963//3 1960//3 1980//3 1983//3
f 1965//1455 1964//1456 1984//1457 1985//1455
f 1966//1458 1967//1459 1987//1459 1986//1458
f 1967//1459 1965//1455 1985//1455 1987//1459
f 1964//1456 1968//1460 1988//1461 1984//1457
f 1968//1460 1969//1462 1989//1462 1988//1461
f 1969//1462 1966//1458 1986//1458 1989//1462
f 1971//3 1970//3 1990//3 1991//3
f 1970//3 1972//3 1992//3 1990//3
f 1972//3 1973//3 1993//3 1992//3
f 1973//3 1971//3 1991//3 1993//3
f 1974//1463 1975//1463 1995//1463 1994//1463
f 1975//171 1976//171 1996//171 1995//171
f 1976//1464 1977//1464 1997//1464 1996//1464
f 1977//1465 1978//1465 1998//1465 1997//1465
f 1978//1 1979//1 1999//1 1998//1
f 1979//1466 1974//1466 1994//1466 1999//1466
f 1980//1285 1981//1285 2001//1285 2000//1285
f 1981//171 1982//171 2002//171 2001//171
f 1982//1327 1983//1327 2003//1327 2002//1327
f 1983//1 1980//1 2000//1 2003//1
f 1985//1467 1984//1467 2004//1467 2005//1467
f 1986//1468 1987//1468 2007//1468 2006//1468
f 1987//171 1985//171 2005//171 2007//171
f 1984//1469 1988//1469 2008//1469 2004//1469
f 1988//1 1989//1 2009//1 2008//1
f 1989//1470 1986//1470 2006//1470 2009//1470
f 1991//1291 1990//1291 2010//1291 2011//1291
f 1990//1 1992//1 2012//1 2010//1
f 1992//1336 1993//1336 2013//1336 2012//1336
f 1993//171 1991//171 2011//171 2013//171
f 1838//72 1839//72 2015//72 2014//72
f 1839//72 1849//72 2016//72 2015//72
f 1849//72 1847//72 2017//72 2016//72
f 1847//72 1838//72 2014//72 2017//72
f 1840//71 1841//71 2018//71 2019//71
f 1841//71 1853//71 2020//71 2018//71
f 1853//71 1851//71 2021//71 2020//71
f 1851//71 1840//71 2019//71 2021//71
f 1843//71 1842//71 2022//71 2023//71
f 1842//71 1855//71 2024//71 2022//71
f 1855//71 1857//71 2025//71 2024//71
f 1857//71 1843//71 2023//71 2025//71
f 1844//72 1845//72 2027//72 2026//72
f 1845//72 1861//72 2028//72 2027//72
f 1861//72 1859//72 2029//72 2028//72
f 1859//72 1844//72 2026//72 2029//72
f 2014//171 2015//171 2031//171 2030//171
f 2015//2 2016//2 2032//2 2031//2
f 2016//1 2017//1 2033//1 2032//1
f 2017//3 2014//3 2030//3 2033//3
f 2019//171 2018//171 2034//171 2035//171
f 2018//3 2020//3 2036//3 2034//3
f 2020//1 2021//1 2037//1 2036//1
f 2021//2 2019//2 2035//2 2037//2
f 2023//171 2022//171 2038//171 2039//171
f 2022//3 2024//3 2040//3 2038//3
f 2024//1 2025//1 2041//1 2040//1
f 2025//2 2023//2 2039//2 2041//2
f 2026//171 2027//171 2043//171 2042//171
f 2027//2 2028//2 2044//2 2043//2
f 2028//1 2029//1 2045//1 2044//1
f 2029//3 2026//3 2042//3 2045//3
f 1841//2 1838//2 2046//2 2047//2
f 1838//2 1847//2 2048//2 2046//2
f 1847//2 1846//2 2049//2 2048//2
f 1846//2 1852//2 2050//2 2049//2
f 1852//2 1853//2 2051//2 2050//2
f 1853//2 1841//2 2047//2 2051//2
f 1842//2 1844//2 2053//2 2052//2
f 1844//2 1859//2 2054//2 2053//2
f 1859//2 1858//2 2055//2 2054//2
f 1858//2 1854//2 2056//2 2055//2
f 1854//2 1855//2 2057//2 2056//2
f 1855//2 1842//2 2052//2 2057//2
f 2047//171 2046//171 2058//171 2059//171
f 2046//71 2048//71 2060//71 2058//71
f 2048//1471 2049//1471 2061//1471 2060//1471
f 2049//1 2050//1 2062//1 2061//1
f 2050//1472 2051//1472 2063//1472 2062//1472
f 2051//72 2047//72 2059//72 2063//72
f 2052//171 2053//171 2065//171 2064//171
f 2053//71 2054//71 2066//71 2065//71
f 2054//1471 2055//1471 2067//1471 2066//1471
f 2055//1 2056//1 2068//1 2067//1
f 2056//1472 2057//1472 2069//1472 2068//1472
f 2057//72 2052//72 2064//72 2069//72
f 1839//3 1840//3 2071//3 2070//3
f 1840//3 1851//3 2072//3 2071//3
f 1851//3 1850//3 2073//3 2072//3
f 1850//3 1848//3 2074//3 2073//3
f 1848//3 1849//3 2075//3 2074//3
f 1849//3 1839//3 2070//3 2075//3
f 1845//3 1843//3 2076//3 2077//3
f 1843//3 1857//3 2078//3 2076//3
f 1857//3 1856//3 2079//3 2078//3
f 1856//3 1860//3 2080//3 2079//3
f 1860//3 1861//3 2081//3 2080//3
f 1861//3 1845//3 2077//3 2081//3
f 2070//171 2071//171 2083//171 2082//171
f 2071//72 2072//72 2084//72 2083//72
f 2072//1472 2073//1472 2085//1472 2084//1472
f 2073//1 2074//1 2086//1 2085//1
f 2074//1471 2075//1471 2087//1471 2086//1471
f 2075//71 2070//71 2082//71 2087//71
f 2077//171 2076//171 2088//171 2089//171
f 2076//72 2078//72 2090//72 2088//72
f 2078//1472 2079//1472 2091//1472 2090//1472
f 2079//1 2080//1 2092//1 2091//1
f 2080//1471 2081//1471 2093//1471 2092//1471
f 2081//71 2077//71 2089//71 2093//71
usemtl Below_Wings1.001
f 2102//169 2103//169 2095//169 2094//169
f 2104//168 2105//168 2097//168 2096//168
f 2107//1473 2108//1473 2113//1473 2114//1473
f 2108//1474 2107//1474 2110//1474 2109//1474
f 2109//1475 2110//1475 2112//1475 2111//1475
f 2111//1476 2112//1476 2114//1476 2113//1476
f 2115//1477 2116//1477 2120//1477 2119//1477
f 2116//1478 2115//1478 2118//1478 2117//1478
f 2117//1479 2118//1479 2121//1479 2122//1479
f 2119//1480 2120//1480 2122//1480 2121//1480
f 2140//72 2139//72 2141//72 2142//72
f 2144//71 2143//71 2145//71 2146//71
f 2101//2 2102//2 2110//2 2107//2
f 2102//1481 2094//1481 2112//1481 2110//1481
f 2094//3 2099//3 2114//3 2112//3
f 2099//1482 2101//1482 2107//1482 2114//1482
f 2105//2 2106//2 2116//2 2117//2
f 2106//1483 2100//1483 2120//1483 2116//1483
f 2100//3 2097//3 2122//3 2120//3
f 2097//1484 2105//1484 2117//1484 2122//1484
f 2156//1485 2155//1485 2157//1485 2158//1485
f 2109//1486 2111//1486 2125//1486 2123//1486
f 2111//1487 2113//1487 2126//1487 2125//1487
f 2113//171 2108//171 2124//171 2126//171
f 2160//1485 2159//1485 2161//1485 2162//1485
f 2115//1488 2119//1488 2129//1488 2127//1488
f 2119//1489 2121//1489 2130//1489 2129//1489
f 2121//1 2118//1 2128//1 2130//1
f 2124//72 2123//72 2131//72 2132//72
f 2123//72 2125//72 2133//72 2131//72
f 2125//72 2126//72 2134//72 2133//72
f 2126//72 2124//72 2132//72 2134//72
f 2128//71 2127//71 2135//71 2136//71
f 2127//71 2129//71 2137//71 2135//71
f 2129//71 2130//71 2138//71 2137//71
f 2130//71 2128//71 2136//71 2138//71
f 2132//1490 2131//1490 2139//1490 2140//1490
f 2131//1491 2133//1491 2141//1491 2139//1491
f 2133//1492 2134//1492 2142//1492 2141//1492
f 2134//1 2132//1 2140//1 2142//1
f 2136//1490 2135//1490 2143//1490 2144//1490
f 2135//1493 2137//1493 2145//1493 2143//1493
f 2137//1494 2138//1494 2146//1494 2145//1494
f 2138//171 2136//171 2144//171 2146//171
f 2108//1485 2109//1485 2147//1485 2148//1485
f 2109//1485 2123//1485 2149//1485 2147//1485
f 2123//1485 2124//1485 2150//1485 2149//1485
f 2124//1485 2108//1485 2148//1485 2150//1485
f 2118//1485 2115//1485 2151//1485 2152//1485
f 2115//1485 2127//1485 2153//1485 2151//1485
f 2127//1485 2128//1485 2154//1485 2153//1485
f 2128//1485 2118//1485 2152//1485 2154//1485
f 2148//72 2147//72 2155//72 2156//72
f 2147//171 2149//171 2157//171 2155//171
f 2149//71 2150//71 2158//71 2157//71
f 2150//1 2148//1 2156//1 2158//1
f 2152//71 2151//71 2159//71 2160//71
f 2151//1 2153//1 2161//1 2159//1
f 2153//72 2154//72 2162//72 2161//72
f 2154//171 2152//171 2160//171 2162//171
f 2098//171 2099//171 2164//171 2163//171
f 2100//171 2098//171 2163//171 2165//171
usemtl back_Burner.001
f 2166//1495 2167//1496 2168//1497 2169//1498
f 2241//1499 2240//1500 2242//1501 2243//1502
f 2270//1503 2271//1504 2272//1504 2273//1503
f 2176//1505 2175//1505 2177//1506 2178//1507
f 2242//1501 2240//1500 2245//1508 2244//1509
f 2178//1507 2177//1506 2167//1496 2166//1495
f 2277//1510 2276//1510 2278//1511 2279//1511
f 2169//1498 2168//1497 2180//1512 2181//1513
f 2250//1514 2248//1514 2249//1515 2251//1515
f 2181//1513 2180//1512 2204//3 2183//3
f 2274//1516 2272//1504 2271//1504 2275//1516
f 2254//1517 2253//1518 2245//1508 2240//1500
f 2255//1519 2254//1517 2240//1500 2241//1499
f 2281//1520 2280//1520 2276//1510 2277//1510
f 2257//1521 2256//1521 2248//1514 2250//1514
f 2184//1507 2172//1522 2174//1505 2185//1505
f 2186//1495 2170//1496 2172//1522 2184//1507
f 2171//1497 2170//1496 2186//1495 2187//1523
f 2179//1524 2171//1497 2187//1523 2188//1513
f 2202//3 2179//1524 2188//1513 2189//3
f 2166//3 2169//3 2190//3 2191//3
f 2176//1505 2178//1505 2192//1505 2193//1505
f 2178//1389 2166//1389 2191//1389 2192//1389
f 2169//1525 2181//1525 2194//1525 2190//1525
f 2184//1505 2185//1505 2195//1505 2196//1505
f 2186//1389 2184//1389 2196//1389 2197//1389
f 2187//3 2186//3 2197//3 2198//3
f 2188//1525 2187//1525 2198//1525 2199//1525
f 2200//1 2201//1 2182//1 2202//1526
f 2201//1 2203//1 2204//1527 2182//1
f 2205//171 2206//171 2174//1528 2173//1529
f 2207//171 2208//171 2175//171 2176//171
f 2209//1 2210//1 2183//1 2204//1
f 2210//1288 2211//1288 2181//1288 2183//1288
f 2208//171 2205//171 2173//1529 2175//1528
f 2206//171 2212//171 2185//171 2174//171
f 2213//1292 2214//1292 2189//1292 2188//1292
f 2214//1 2215//1 2202//1 2189//1
f 2216//1285 2217//1285 2191//1285 2190//1285
f 2218//1286 2219//1286 2193//1286 2192//1286
f 2219//171 2207//171 2176//171 2193//171
f 2217//1287 2218//1287 2192//1287 2191//1287
f 2211//1 2220//1 2194//1 2181//1
f 2220//1285 2216//1285 2190//1285 2194//1285
f 2212//171 2221//171 2195//171 2185//171
f 2221//1289 2222//1289 2196//1289 2195//1289
f 2222//1290 2223//1290 2197//1290 2196//1290
f 2223//1291 2224//1291 2198//1291 2197//1291
f 2224//1291 2225//1291 2199//1291 2198//1291
f 2225//1 2213//1 2188//1 2199//1
f 2170//1530 2171//1531 2227//1532 2226//1530
f 2173//1529 2174//1528 2230//1533 2229//1533
f 2174//1534 2172//1535 2228//1535 2230//1534
f 2172//1535 2170//1536 2226//1536 2228//1535
f 2171//1531 2179//1537 2231//1538 2227//1532
f 2179//1537 2202//1526 2233//1539 2231//1538
f 2202//1526 2182//1 2232//1 2233//1539
f 2175//1528 2173//1529 2229//1533 2234//1533
f 2177//1540 2175//1541 2234//1541 2235//1540
f 2167//1542 2177//1540 2235//1540 2236//1542
f 2168//1543 2167//1544 2236//1544 2237//1545
f 2180//1546 2168//1543 2237//1545 2238//1547
f 2204//1527 2180//1546 2238//1547 2239//1548
f 2182//1 2204//1527 2239//1548 2232//1
f 2226//1549 2227//1549 2243//1549 2242//1549
f 2229//171 2230//171 2247//171 2246//171
f 2230//1550 2228//1550 2244//1550 2247//1550
f 2228//1551 2226//1551 2242//1551 2244//1551
f 2227//1552 2231//1552 2249//1552 2243//1552
f 2231//1553 2233//1553 2251//1553 2249//1553
f 2233//1 2232//1 2250//1 2251//1
f 2234//171 2229//171 2246//171 2252//171
f 2235//1554 2234//1554 2252//1554 2253//1554
f 2236//1555 2235//1555 2253//1555 2254//1555
f 2237//1556 2236//1556 2254//1556 2255//1556
f 2238//1557 2237//1557 2255//1557 2256//1557
f 2239//1558 2238//1558 2256//1558 2257//1558
f 2232//1 2239//1 2257//1 2250//1
f 2244//1559 2245//1560 2259//1560 2258//1561
f 2246//1562 2247//1563 2261//1564 2260//1562
f 2247//1563 2244//1559 2258//1561 2261//1564
f 2252//1565 2246//1562 2260//1562 2262//1566
f 2245//1560 2253//1567 2263//1567 2259//1560
f 2253//1567 2252//1565 2262//1566 2263//1567
f 2241//1568 2243//1569 2266//1570 2264//1568
f 2243//1569 2249//1571 2267//1571 2266//1570
f 2249//1571 2248//1572 2265//1572 2267//1571
f 2256//1573 2255//1574 2268//1574 2269//1573
f 2255//1574 2241//1568 2264//1568 2268//1574
f 2248//1572 2256//1573 2269//1573 2265//1572
f 2258//1575 2259//1575 2271//1575 2270//1575
f 2260//1 2261//1 2273//1 2272//1
f 2261//1576 2258//1576 2270//1576 2273//1576
f 2262//1 2260//1 2272//1 2274//1
f 2259//1577 2263//1577 2275//1577 2271//1577
f 2263//1578 2262//1578 2274//1578 2275//1578
f 2264//1579 2266//1579 2278//1579 2276//1579
f 2266//1580 2267//1580 2279//1580 2278//1580
f 2267//1581 2265//1581 2277//1581 2279//1581
f 2269//1582 2268//1582 2280//1582 2281//1582
f 2268//1583 2264//1583 2276//1583 2280//1583
f 2265//1584 2269//1584 2281//1584 2277//1584
usemtl Tail_Wing_Base1.001
f 2310//72 2311//72 2312//72 2313//72
f 2359//3 2358//3 2360//3 2361//3 2362//3
f 2294//2 2295//2 2296//2 2297//2 2283//2
f 2358//3 2363//3 2364//3 2365//3 2360//3
f 2319//71 2318//71 2320//71 2321//71
f 2301//1585 2288//1585 2282//1585 2293//1585
f 2287//1586 2302//1586 2299//1586 2284//1586
f 2391//71 2390//71 2392//71 2393//71
f 2283//1586 2297//1586 2304//1586 2285//1586
f 2305//1585 2306//1585 2286//1585 2307//1585
f 2394//72 2395//72 2396//72 2397//72
f 2335//71 2334//71 2336//71 2337//71
f 2285//1586 2304//1586 2302//1586 2287//1586
f 2307//1585 2286//1585 2288//1585 2301//1585
f 2338//72 2339//72 2340//72 2341//72
f 2367//3 2366//3 2368//3 2369//3
f 2370//3 2371//3 2372//3 2373//3
f 2371//3 2374//3 2375//3 2372//3
f 2374//3 2367//3 2369//3 2375//3
f 2366//3 2376//3 2377//3 2368//3
f 2376//3 2378//3 2379//3 2377//3
f 2378//3 2380//3 2381//3 2379//3
f 2380//3 2370//3 2373//3 2381//3
f 2369//171 2368//171 2358//171 2359//171
f 2373//1 2372//1 2361//1 2360//1
f 2372//1587 2375//1587 2362//1587 2361//1587
f 2375//71 2369//71 2359//71 2362//71
f 2368//171 2377//171 2363//171 2358//171
f 2377//72 2379//72 2364//72 2363//72
f 2379//1588 2381//1588 2365//1588 2364//1588
f 2381//1 2373//1 2360//1 2365//1
f 2289//2 2290//2 2311//2 2310//2
f 2290//2 2282//2 2312//2 2311//2
f 2282//2 2288//2 2313//2 2312//2
f 2308//2 2309//2 2315//2 2314//2
f 2286//2 2306//2 2317//2 2316//2
f 2306//2 2308//2 2314//2 2317//2
f 2309//2 2289//2 2310//2 2315//2
f 2288//2 2286//2 2316//2 2313//2
f 2298//2 2300//2 2318//2 2319//2
f 2287//2 2284//2 2321//2 2320//2
f 2284//2 2298//2 2319//2 2321//2
f 2303//2 2294//2 2324//2 2322//2
f 2294//2 2283//2 2325//2 2324//2
f 2283//2 2285//2 2323//2 2325//2
f 2300//2 2303//2 2322//2 2318//2
f 2285//2 2287//2 2320//2 2323//2
f 2320//2 2318//2 2326//2 2327//2
f 2318//2 2322//2 2328//2 2326//2
f 2322//2 2323//2 2329//2 2328//2
f 2323//2 2320//2 2327//2 2329//2
f 2315//2 2310//2 2331//2 2330//2
f 2310//2 2313//2 2332//2 2331//2
f 2313//2 2316//2 2333//2 2332//2
f 2316//2 2315//2 2330//2 2333//2
f 2327//1589 2326//1589 2334//1589 2335//1589
f 2326//1590 2328//1590 2336//1590 2334//1590
f 2350//1591 2351//1591 2352//1591 2353//1591
f 2329//1592 2327//1592 2335//1592 2337//1592
f 2330//1593 2331//1593 2339//1593 2338//1593
f 2331//1594 2332//1594 2340//1594 2339//1594
f 2332//1595 2333//1595 2341//1595 2340//1595
f 2354//1596 2355//1596 2356//1596 2357//1596
f 2328//1591 2329//1591 2343//1591 2342//1591
f 2329//1591 2337//1591 2344//1591 2343//1591
f 2337//1591 2336//1591 2345//1591 2344//1591
f 2336//1591 2328//1591 2342//1591 2345//1591
f 2333//1596 2330//1596 2347//1596 2346//1596
f 2330//1596 2338//1596 2348//1596 2347//1596
f 2338//1596 2341//1596 2349//1596 2348//1596
f 2341//1596 2333//1596 2346//1596 2349//1596
f 2342//71 2343//71 2351//71 2350//71
f 2343//1597 2344//1597 2352//1597 2351//1597
f 2344//72 2345//72 2353//72 2352//72
f 2345//1598 2342//1598 2350//1598 2353//1598
f 2346//72 2347//72 2355//72 2354//72
f 2347//1599 2348//1599 2356//1599 2355//1599
f 2348//71 2349//71 2357//71 2356//71
f 2349//1600 2346//1600 2354//1600 2357//1600
f 2290//2 2291//2 2366//2 2367//2
f 2292//2 2293//2 2371//2 2370//2
f 2293//2 2282//2 2374//2 2371//2
f 2282//2 2290//2 2367//2 2374//2
f 2291//2 2298//2 2376//2 2366//2
f 2298//2 2284//2 2378//2 2376//2
f 2284//2 2299//2 2380//2 2378//2
f 2299//2 2292//2 2370//2 2380//2
f 2323//2 2322//2 2382//2 2383//2
f 2322//2 2324//2 2384//2 2382//2
f 2324//2 2325//2 2385//2 2384//2
f 2325//2 2323//2 2383//2 2385//2
f 2314//2 2315//2 2387//2 2386//2
f 2315//2 2316//2 2388//2 2387//2
f 2316//2 2317//2 2389//2 2388//2
f 2317//2 2314//2 2386//2 2389//2
f 2383//2 2382//2 2390//2 2391//2
f 2382//2 2384//2 2392//2 2390//2
f 2384//2 2385//2 2393//2 2392//2
f 2385//2 2383//2 2391//2 2393//2
f 2386//2 2387//2 2395//2 2394//2
f 2387//2 2388//2 2396//2 2395//2
f 2388//2 2389//2 2397//2 2396//2
f 2389//2 2386//2 2394//2 2397//2
usemtl Lower_Burner_Wings.001
f 2453//1601 2454//1601 2455//1601 2456//1601 2457//1601
f 2458//1602 2453//1602 2457//1602 2459//1602 2460//1602
f 2407//72 2408//72 2399//72 2405//72
f 2408//1603 2409//1603 2400//1603 2399//1603
f 2409//1604 2398//1604 2401//1604 2400//1604
f 2398//1605 2410//1605 2402//1605 2401//1605
f 2410//1606 2411//1606 2403//1606 2402//1606
f 2411//71 2412//71 2406//71 2403//71
f 2404//2 2405//2 2414//2 2413//2
f 2405//2 2399//2 2415//2 2414//2
f 2399//2 2400//2 2416//2 2415//2
f 2400//2 2401//2 2417//2 2416//2
f 2406//2 2404//2 2413//2 2418//2
f 2401//2 2402//2 2419//2 2417//2
f 2402//2 2403//2 2420//2 2419//2
f 2403//2 2406//2 2418//2 2420//2
f 2413//2 2414//2 2422//2 2421//2
f 2414//2 2415//2 2423//2 2422//2
f 2415//2 2416//2 2424//2 2423//2
f 2416//2 2417//2 2425//2 2424//2
f 2418//2 2413//2 2421//2 2426//2
f 2417//2 2419//2 2427//2 2425//2
f 2419//2 2420//2 2428//2 2427//2
f 2420//2 2418//2 2426//2 2428//2
f 2421//1607 2422//1608 2430//1608 2429//1607
f 2422//1608 2423//1609 2431//1610 2430//1608
f 2423//1609 2424//1611 2432//1612 2431//1610
f 2424//1611 2425//1613 2433//1614 2432//1612
f 2426//1615 2421//1607 2429//1607 2434//1616
f 2425//1613 2427//1617 2435//1618 2433//1614
f 2427//1617 2428//1619 2436//1620 2435//1618
f 2428//1619 2426//1615 2434//1616 2436//1620
f 2429//1298 2430//1298 2438//1298 2437//1298
f 2430//1621 2431//1621 2439//1621 2438//1621
f 2431//1622 2432//1622 2440//1622 2439//1622
f 2432//1623 2433//1623 2441//1623 2440//1623
f 2434//1624 2429//1624 2437//1624 2442//1624
f 2433//1625 2435//1625 2443//1625 2441//1625
f 2435//1626 2436//1626 2444//1626 2443//1626
f 2436//1627 2434//1627 2442//1627 2444//1627
f 2437//1628 2438//1629 2446//1629 2445//1628
f 2438//1629 2439//1630 2447//1630 2446//1629
f 2439//1631 2440//1631 2448//1631 2447//1631
f 2440//1632 2441//1633 2449//1634 2448//1632
f 2442//1635 2437//1628 2445//1628 2450//1635
f 2441//1633 2443//1636 2451//1636 2449//1634
f 2443//1637 2444//1637 2452//1637 2451//1637
f 2444//1638 2442//1635 2450//1635 2452//1638
f 2445//1639 2446//1639 2454//1639 2453//1639
f 2446//1640 2447//1640 2455//1640 2454//1640
f 2447//1641 2448//1641 2456//1641 2455//1641
f 2448//1642 2449//1642 2457//1642 2456//1642
f 2450//1643 2445//1643 2453//1643 2458//1643
f 2449//1644 2451//1644 2459//1644 2457//1644
f 2451//1645 2452//1645 2460//1645 2459//1645
f 2452//1646 2450//1646 2458//1646 2460//1646
usemtl Top_Wing1.001
f 2473//247 2475//247 2484//247 2485//247
f 2475//1647 2480//1647 2701//1647 2484//1647
f 2481//247 2482//247 2486//247 2487//247
f 2483//1647 2481//1647 2487//1647 2702//1647
f 2488//171 2489//171 2544//1648 2543//1649 2461//171
f 2490//171 2491//171 2535//1650 2534//1651 2462//171
f 2492//1 2493//1 2464//1 2463//1
f 2494//1 2495//1 2466//1 2465//1
f 2491//171 2496//171 2467//171 2536//1652 2535//1650
f 2497//1 2492//1 2463//1 2468//1
f 2489//171 2490//171 2462//171 2545//1653 2544//1648
f 2493//1 2494//1 2465//1 2464//1
f 2498//1654 2499//1654 2470//1654 2469//1655
f 2499//171 2488//171 2461//171 2470//171
f 2496//171 2500//171 2471//171 2467//171
f 2500//1656 2501//1656 2472//1657 2471//1656
f 2461//171 2543//1649 2684//1658 2683//171 2585//171 2598//171 2511//171 2512//171
f 2463//1 2464//1 2504//1 2505//1
f 2465//1 2466//1 2502//1 2503//1
f 2468//1 2463//1 2505//1 2506//1
f 2464//1 2465//1 2503//1 2504//1
f 2469//1655 2470//1659 2513//1660 2514//1661
f 2470//171 2461//171 2512//171 2513//171
f 2467//171 2471//171 2508//171 2509//171
f 2471//1662 2472//1657 2507//1663 2508//1664
f 2503//1 2502//1 2480//1 2479//1
f 2504//1 2503//1 2479//1 2478//1
f 2505//1 2504//1 2478//1 2477//1
f 2506//1 2505//1 2477//1 2483//1
f 2508//1664 2507//1663 2487//1665 2486//1665
f 2509//171 2508//171 2486//171 2482//171
f 2510//171 2509//171 2482//171 2476//171
f 2512//171 2511//171 2474//171 2473//171
f 2513//171 2512//171 2473//171 2485//171
f 2514//1661 2513//1660 2485//1666 2484//1666
f 2525//2 2526//2 2527//2 2528//2 2529//2
f 2530//2 2525//2 2529//2 2531//2 2532//2
f 2517//1667 2518//1667 2522//1667 2521//1667
f 2519//1668 2520//1668 2523//1668 2524//1668
f 2716//1669 2715//1670 2717//1670 2718//1669
f 2719//1671 2716//1669 2718//1669 2720//1671
f 2510//1672 2476//1672 2522//1672 2518//1672
f 2474//1673 2511//1673 2519//1673 2524//1673
f 2462//2 2534//2 2533//2 2526//2 2525//2
f 2542//2 2545//2 2462//2 2525//2 2530//2
f 2533//1674 2668//1674 2667//1674 2537//1674 2538//1674
f 2538//1675 2537//1675 2660//1675 2659//1675 2541//1675
f 2539//1676 2540//1676 2541//1677 2659//1677 2658//1677
f 2540//1676 2539//1676 2676//1678 2675//1678 2548//1678
f 2546//1679 2547//1679 2548//1679 2675//1679 2674//1679
f 2539//171 2658//1680 2657//1681 2580//1682 2581//171
f 2582//1683 2677//1684 2676//1685 2539//171 2581//171
f 2533//2 2538//2 2527//2 2526//2
f 2538//2 2541//2 2528//2 2527//2
f 2541//2 2540//2 2529//2 2528//2
f 2540//2 2548//2 2531//2 2529//2
f 2548//2 2547//2 2532//2 2531//2
f 2547//2 2542//2 2530//2 2532//2
f 2533//1686 2534//1651 2535//1650 2536//1652 2669//1687 2668//1686
f 2542//1688 2685//1688 2684//1658 2543//1649 2544//1648 2545//1653
f 2566//1689 2565//1689 2567//1689 2568//1689
f 2518//1690 2517//1690 2550//1690 2549//1690
f 2565//1691 2569//1691 2570//1691 2567//1691
f 2510//1692 2518//1692 2549//1692 2656//1692 2655//1692
f 2572//1693 2571//1693 2573//1693 2574//1693
f 2520//1694 2519//1694 2552//1694 2551//1694
f 2575//1695 2572//1695 2574//1695 2576//1695
f 2519//1696 2511//1696 2654//1696 2653//1696 2552//1696
f 2537//1697 2667//1698 2666//1698 2596//1691 2597//1697
f 2546//1699 2674//1700 2673//1700 2586//1701 2587//1699
f 2554//1702 2553//1702 2565//1702 2566//1702
f 2555//1703 2556//1703 2568//1703 2567//1703
f 2556//1704 2554//1704 2566//1704 2568//1704
f 2553//72 2557//72 2569//72 2565//72
f 2557//1705 2558//1705 2570//1705 2569//1705
f 2558//71 2555//71 2567//71 2570//71
f 2560//1706 2559//1706 2571//1706 2572//1706
f 2559//1707 2561//1707 2573//1707 2571//1707
f 2561//1708 2562//1708 2574//1708 2573//1708
f 2563//71 2560//71 2572//71 2575//71
f 2562//72 2564//72 2576//72 2574//72
f 2564//1709 2563//1709 2575//1709 2576//1709
f 2603//1710 2604//1711 2549//1712 2550//1712
f 2517//1713 2602//1714 2603//1715 2550//1713
f 2634//1716 2635//1717 2636//1718 2637//1719
f 2639//1720 2638//1721 2634//1716 2637//1719
f 2600//1722 2601//1723 2520//1724 2551//1724
f 2599//1725 2600//1726 2551//1727 2552//1727
f 2587//1699 2586//1701 2559//1728 2560//1699
f 2588//1695 2587//1699 2560//1699 2563//1695
f 2589//1729 2588//1695 2563//1695 2564//1730
f 2590//1731 2589//1729 2564//1730 2562//1732
f 2591//1733 2590//1731 2562//1732 2561//1734
f 2586//1701 2591//1733 2561//1734 2559//1728
f 2593//1735 2592//1736 2554//1737 2556//1738
f 2594//1739 2593//1735 2556//1738 2555//1740
f 2595//1741 2594//1739 2555//1740 2558//1742
f 2596//1691 2595//1741 2558//1742 2557//1691
f 2597//1697 2596//1691 2557//1691 2553//1697
f 2592//1736 2597//1697 2553//1697 2554//1737
f 2584//1743 2583//1744 2600//1726 2599//1725
f 2583//1745 2582//1683 2601//1723 2600//1722
f 2634//1716 2638//1721 2640//171 2641//171
f 2641//171 2642//171 2635//1717 2634//1716
f 2603//1715 2602//1714 2580//1682 2579//1746
f 2579//1747 2578//1748 2604//1711 2603//1710
f 2602//1749 2517//1749 2607//1749 2606//1749
f 2517//1750 2515//1750 2608//1750 2607//1750
f 2520//1751 2601//1751 2609//1751 2610//1751
f 2515//1752 2520//1752 2610//1752 2608//1752
f 2601//1753 2582//1753 2611//1753 2609//1753
f 2621//1754 2620//1754 2622//1754 2623//1754
f 2620//1755 2624//1755 2625//1755 2622//1755
f 2580//1756 2602//1756 2606//1756 2613//1756
f 2582//1757 2581//1758 2614//1758 2615//1759
f 2612//1760 2611//1761 2617//1761 2616//1760
f 2611//1761 2582//1757 2615//1759 2617//1761
f 2581//1758 2580//1762 2618//1762 2614//1758
f 2580//1762 2613//1763 2619//1763 2618//1762
f 2613//1763 2612//1760 2616//1760 2619//1763
f 2615//171 2614//171 2620//171 2621//171
f 2616//1 2617//1 2623//1 2622//1
f 2617//1764 2615//1764 2621//1764 2623//1764
f 2614//171 2618//171 2624//171 2620//171
f 2618//1765 2619//1765 2625//1765 2624//1765
f 2619//1 2616//1 2622//1 2625//1
f 2606//1766 2607//1766 2627//1766 2626//1766
f 2607//1767 2608//1767 2628//1767 2627//1767
f 2610//1768 2609//1768 2629//1768 2630//1768
f 2608//1769 2610//1769 2630//1769 2628//1769
f 2609//1770 2611//1770 2631//1770 2629//1770
f 2611//1771 2612//1771 2632//1771 2631//1771
f 2612//1772 2613//1772 2633//1772 2632//1772
f 2613//1773 2606//1773 2626//1773 2633//1773
f 2626//1774 2627//1774 2636//1774 2635//1774
f 2627//1775 2628//1775 2637//1775 2636//1775
f 2630//1776 2629//1776 2638//1776 2639//1776
f 2628//1777 2630//1777 2639//1777 2637//1777
f 2629//1776 2631//1776 2640//1776 2638//1776
f 2631//1778 2632//1778 2641//1778 2640//1778
f 2632//1779 2633//1779 2642//1779 2641//1779
f 2633//1774 2626//1774 2635//1774 2642//1774
f 2643//1780 2645//1780 2647//1781 2646//1782
f 2646//1782 2647//1781 2655//1783 2656//1783
f 2648//1784 2650//1784 2652//1785 2651//1786
f 2651//1786 2652//1785 2653//1787 2654//1787
f 2605//1788 2510//1789 2655//1789 2647//1790
f 2604//1791 2646//1792 2656//1793 2549//1793
f 2653//1794 2652//1795 2599//1796 2552//1794
f 2511//1797 2598//1798 2651//1799 2654//1797
f 2598//1798 2585//1800 2648//1801 2651//1799
f 2599//1796 2652//1795 2650//1802 2584//1803
f 2578//1804 2643//1805 2646//1792 2604//1791
f 2577//1806 2605//1788 2647//1790 2645//1807
f 2643//1808 2644//1808 2645//1808
f 2648//1809 2649//1809 2650//1809
f 2661//1810 2660//1810 2537//1697 2597//1697 2592//1736
f 2670//171 2669//1687 2536//1652 2467//171 2509//171 2510//171 2605//171 2577//171
f 2682//1811 2686//1811 2546//1699 2587//1699 2588//1695
f 2686//1812 2685//1812 2542//1812 2547//1812 2546//1812
f 2657//1813 2661//1813 2662//1813 2663//1813
f 2663//1814 2662//1814 2665//1814 2664//1814
f 2664//1815 2665//1815 2672//1815 2671//1815
f 2666//1816 2670//1816 2671//1816 2672//1816
f 2673//1817 2677//1817 2678//1817 2679//1817
f 2679//1818 2678//1818 2681//1818 2680//1818
f 2680//1819 2681//1819 2687//1819 2688//1819
f 2683//1820 2682//1820 2688//1820 2687//1820
f 2663//1821 2664//1821 2578//1748 2579//1747
f 2681//1822 2678//1822 2583//1744 2584//1743
f 2664//1823 2671//1823 2644//1823 2643//1805 2578//1804
f 2580//1682 2657//1681 2663//1824 2579//1746
f 2671//1825 2670//1825 2577//1806 2645//1807 2644//1825
f 2678//1826 2677//1684 2582//1683 2583//1745
f 2585//1800 2683//1827 2687//1827 2649//1827 2648//1801
f 2665//1828 2662//1810 2593//1735 2594//1739
f 2662//1829 2661//1829 2592//1736 2593//1735
f 2666//1698 2672//1830 2595//1741 2596//1691
f 2672//1830 2665//1828 2594//1739 2595//1741
f 2673//1831 2679//1831 2591//1733 2586//1701
f 2679//1700 2680//1832 2590//1731 2591//1733
f 2680//1832 2688//1833 2589//1729 2590//1731
f 2688//1833 2682//1811 2588//1695 2589//1729
f 2650//1802 2649//1834 2687//1834 2681//1834 2584//1803
f 2657//1681 2658//1680 2659//1835 2660//1835 2661//1835
f 2666//1836 2667//1836 2668//1836 2669//1836 2670//1836
f 2673//1837 2674//1837 2675//1837 2676//1685 2677//1684
f 2682//1838 2683//1838 2684//1838 2685//1838 2686//1838
f 2689//1839 2690//1840 2698//1841 2697//1842
f 2690//1840 2689//1839 2692//1843 2691//1843
f 2693//1844 2694//1845 2699//1846 2700//1847
f 2694//1845 2693//1844 2696//1848 2695//1848
f 2697//1842 2698//1841 2701//1849 2480//1849
f 2700//1847 2699//1846 2483//1850 2702//1850
f 2495//1 2692//1 2689//1 2466//1
f 2690//1851 2691//1654 2498//1654 2469//1655
f 2501//1656 2696//1656 2693//1852 2472//1657
f 2694//1 2695//1 2497//1 2468//1
f 2466//1 2689//1 2697//1 2502//1
f 2742//1853 2741//1853 2743//1853 2744//1853
f 2746//1854 2745//1854 2747//1854 2748//1854
f 2694//1 2468//1 2506//1 2699//1
f 2502//1 2697//1 2480//1
f 2699//1 2506//1 2483//1
f 2750//1855 2749//1855 2751//1855 2752//1855
f 2754//1856 2753//1856 2755//1856 2756//1856
f 2473//171 2474//171 2704//171 2703//171
f 2476//171 2482//171 2706//171 2705//171
f 2515//1857 2517//1857 2723//1857 2722//1857 2707//1857
f 2517//1858 2521//1858 2725//1858 2723//1858
f 2521//3 2516//3 2708//3 2726//3 2725//3
f 2520//1859 2515//1859 2707//1859 2729//1859 2728//1859
f 2516//3 2523//3 2732//3 2731//3 2708//3
f 2523//1860 2520//1860 2728//1860 2732//1860
f 2707//198 2722//1861 2721//1862 2709//1863 2710//198
f 2721//1862 2724//198 2711//1864 2709//1863
f 2708//198 2731//198 2730//198 2714//1865 2712//198
f 2730//198 2727//1866 2713//1867 2714//1865
f 2710//1868 2709//1868 2715//1868 2716//1868
f 2709//1869 2711//1869 2717//1869 2715//1869
f 2711//2 2712//2 2718//2 2717//2
f 2713//1870 2710//1870 2716//1870 2719//1870
f 2712//2 2714//2 2720//2 2718//2
f 2714//1871 2713//1871 2719//1871 2720//1871
f 2724//198 2726//198 2708//198 2712//198 2711//1864
f 2727//1866 2729//1872 2707//198 2710//198 2713//1867
f 2721//1873 2723//1874 2725//1875 2724//1876
f 2728//1877 2727//1878 2730//1879 2732//1880
f 2721//1873 2722//1881 2723//1874
f 2724//1876 2725//1875 2726//1882
f 2727//1878 2728//1877 2729//1883
f 2730//1879 2731//1884 2732//1880
f 2690//1851 2469//1655 2733//1885 2734//1886
f 2469//1655 2514//1661 2735//1887 2733//1885
f 2514//1661 2698//1888 2736//1888 2735//1887
f 2698//1888 2690//1851 2734//1886 2736//1888
f 2472//1657 2693//1852 2737//1889 2738//1890
f 2693//1852 2700//1891 2739//1891 2737//1889
f 2700//1891 2507//1663 2740//1892 2739//1891
f 2507//1663 2472//1657 2738//1890 2740//1892
f 2734//1893 2733//1893 2741//1893 2742//1893
f 2733//1894 2735//1894 2743//1894 2741//1894
f 2735//1895 2736//1895 2744//1895 2743//1895
f 2736//1896 2734//1896 2742//1896 2744//1896
f 2738//1897 2737//1897 2745//1897 2746//1897
f 2737//1898 2739//1898 2747//1898 2745//1898
f 2739//1899 2740//1899 2748//1899 2747//1899
f 2740//1900 2738//1900 2746//1900 2748//1900
f 2766//1901 2765//1901 2767//1901 2768//1901
f 2700//1902 2702//1902 2751//1902 2749//1902
f 2702//1647 2487//1647 2752//1647 2751//1647
f 2487//171 2507//171 2750//171 2752//171
f 2770//1901 2769//1901 2771//1901 2772//1901
f 2514//171 2484//171 2755//171 2753//171
f 2484//1647 2701//1647 2756//1647 2755//1647
f 2701//1903 2698//1903 2754//1903 2756//1903
f 2507//1901 2700//1901 2757//1901 2758//1901
f 2700//1901 2749//1901 2759//1901 2757//1901
f 2749//1901 2750//1901 2760//1901 2759//1901
f 2750//1901 2507//1901 2758//1901 2760//1901
f 2698//1901 2514//1901 2761//1901 2762//1901
f 2514//1901 2753//1901 2763//1901 2761//1901
f 2753//1901 2754//1901 2764//1901 2763//1901
f 2754//1901 2698//1901 2762//1901 2764//1901
f 2758//1904 2757//1904 2765//1904 2766//1904
f 2757//171 2759//171 2767//171 2765//171
f 2759//1905 2760//1905 2768//1905 2767//1905
f 2760//1 2758//1 2766//1 2768//1
f 2762//1906 2761//1906 2769//1906 2770//1906
f 2761//1 2763//1 2771//1 2769//1
f 2763//1907 2764//1907 2772//1907 2771//1907
f 2764//171 2762//171 2770//171 2772//171
