# Blender 5.0.1
# www.blender.org
mtllib GroundTower.mtl
o hi.futuristic_signaltower_pillar.004
v -0.172713 0.994084 18.232693
v -0.452168 0.994084 18.435728
v -0.558910 0.994084 18.764246
v -0.452167 0.994084 19.092766
v -0.172712 0.994084 19.295801
v 0.172712 0.994084 19.295801
v 0.452167 0.994084 19.092766
v 0.558910 0.994084 18.764246
v 0.452168 0.994084 18.435728
v 0.172713 0.994084 18.232693
v -0.383384 0.994084 17.584312
v -1.003712 0.994084 18.035007
v -1.240655 0.994084 18.764246
v -1.003710 0.994084 19.493484
v -0.383383 0.994084 19.944180
v 0.383383 0.994084 19.944180
v 1.003710 0.994084 19.493484
v 1.240655 0.994084 18.764246
v 1.003712 0.994084 18.035007
v 0.383384 0.994084 17.584312
v -0.080759 2.202644 18.515697
v -0.211429 2.202644 18.610634
v -0.261340 2.202644 18.764246
v -0.211428 2.202644 18.917858
v -0.080759 2.202644 19.012796
v 0.080759 2.202644 19.012796
v 0.211428 2.202644 18.917858
v 0.261340 2.202644 18.764246
v 0.211429 2.202644 18.610634
v 0.080759 2.202644 18.515697
v -0.172713 2.202644 18.232693
v -0.452168 2.202644 18.435728
v -0.558910 2.202644 18.764246
v -0.452167 2.202644 19.092766
v -0.172712 2.202644 19.295801
v 0.172712 2.202644 19.295801
v 0.452167 2.202644 19.092766
v 0.558910 2.202644 18.764246
v 0.452168 2.202644 18.435728
v 0.172713 2.202644 18.232693
v 0.453966 1.293927 18.434422
v 0.453966 1.535336 18.434422
v 0.173400 1.535336 19.297916
v 0.173400 1.293927 19.297916
v -0.453966 1.293927 18.434422
v -0.453966 1.535336 18.434422
v 0.173400 1.535336 18.230577
v 0.173400 1.293927 18.230577
v -0.561133 1.535336 18.764246
v -0.561133 1.293927 18.764246
v 0.453966 1.535336 19.094072
v 0.453966 1.293927 19.094072
v -0.453966 1.535336 19.094072
v -0.453966 1.293927 19.094072
v 0.561133 1.535336 18.764246
v 0.561133 1.293927 18.764246
v -0.173400 1.535336 18.230577
v -0.173400 1.293927 18.230577
v -0.173400 1.535336 19.297916
v -0.173400 1.293927 19.297916
v 0.453966 1.749134 18.434422
v 0.453966 1.869764 18.434422
v 0.173400 1.869764 19.297916
v 0.173400 1.749134 19.297916
v -0.453966 1.749134 18.434422
v -0.453966 1.869764 18.434422
v 0.173400 1.869764 18.230577
v 0.173400 1.749134 18.230577
v -0.561133 1.869764 18.764246
v -0.561133 1.749134 18.764246
v 0.453966 1.869764 19.094072
v 0.453966 1.749134 19.094072
v -0.453966 1.869764 19.094072
v -0.453966 1.749134 19.094072
v 0.561133 1.869764 18.764246
v 0.561133 1.749134 18.764246
v -0.173400 1.869764 18.230577
v -0.173400 1.749134 18.230577
v -0.173400 1.869764 19.297916
v -0.173400 1.749134 19.297916
v -0.627622 1.414632 18.308252
v -0.627622 1.535336 18.308252
v -0.627622 1.293927 18.308252
v -0.239730 1.535336 19.502058
v -0.239730 1.414632 19.502058
v -0.239730 1.293927 19.502058
v 0.627622 1.414632 18.308252
v 0.627622 1.535336 18.308252
v 0.627622 1.293927 18.308252
v -0.239730 1.535336 18.026432
v -0.239730 1.414632 18.026432
v -0.239730 1.293927 18.026432
v 0.775782 1.535336 18.764244
v 0.775782 1.414632 18.764244
v 0.775782 1.293927 18.764244
v -0.627621 1.535336 19.220238
v -0.627621 1.414632 19.220238
v -0.627621 1.293927 19.220238
v 0.627621 1.535336 19.220238
v 0.627621 1.414632 19.220238
v 0.627621 1.293927 19.220238
v -0.775782 1.535336 18.764244
v -0.775782 1.414632 18.764244
v -0.775782 1.293927 18.764244
v 0.239730 1.535336 18.026432
v 0.239730 1.414632 18.026432
v 0.239730 1.293927 18.026432
v 0.239730 1.535336 19.502058
v 0.239730 1.414632 19.502058
v 0.239730 1.293927 19.502058
v -0.627622 1.749134 18.308252
v -0.627622 1.869764 18.308252
v -0.239730 1.869764 19.502058
v -0.239730 1.749134 19.502058
v 0.627622 1.749134 18.308252
v 0.627622 1.869764 18.308252
v -0.239730 1.869764 18.026432
v -0.239730 1.749134 18.026432
v 0.775782 1.869764 18.764244
v 0.775782 1.749134 18.764244
v -0.627621 1.869764 19.220238
v -0.627621 1.749134 19.220238
v 0.627621 1.869764 19.220238
v 0.627621 1.749134 19.220238
v -0.775782 1.869764 18.764244
v -0.775782 1.749134 18.764244
v 0.239730 1.869764 18.026432
v 0.239730 1.749134 18.026432
v 0.239730 1.869764 19.502058
v 0.239730 1.749134 19.502058
v -0.493230 0.009291 17.246241
v 0.493230 0.009291 17.246241
v 1.291293 0.009291 17.826069
v 1.596125 0.009291 18.764246
v 1.291292 0.009291 19.702425
v 0.493230 0.009291 20.282251
v -0.493230 0.009291 20.282251
v -1.291292 0.009291 19.702425
v -1.596125 0.009291 18.764246
v -1.291293 0.009291 17.826069
v -0.401143 0.544615 17.529657
v -1.050205 0.544615 18.001228
v -1.298124 0.544615 18.764246
v -1.050204 0.544615 19.527264
v -0.401142 0.544615 19.998835
v 0.401142 0.544615 19.998835
v 1.050204 0.544615 19.527264
v 1.298124 0.544615 18.764246
v 1.050205 0.544615 18.001228
v 0.401143 0.544615 17.529657
v -0.468166 0.544615 17.323380
v 0.468166 0.544615 17.323380
v 1.225675 0.544615 17.873743
v 1.515017 0.544615 18.764246
v 1.225675 0.544615 19.654751
v 0.468166 0.544615 20.205114
v -0.468166 0.544615 20.205114
v -1.225675 0.544615 19.654751
v -1.515017 0.544615 18.764246
v -1.225675 0.544615 17.873743
v -0.080759 2.256958 18.515697
v -0.211429 2.256958 18.610634
v -0.261340 2.256958 18.764246
v -0.211428 2.256958 18.917858
v -0.080759 2.256958 19.012796
v 0.080759 2.256958 19.012796
v 0.211428 2.256958 18.917858
v 0.261340 2.256958 18.764246
v 0.211429 2.256958 18.610634
v 0.080759 2.256958 18.515697
v -0.272928 2.256951 17.924271
v -0.714530 2.256951 18.245110
v -0.883207 2.256951 18.764244
v -0.714529 2.256951 19.283381
v -0.272926 2.256951 19.604227
v 0.272926 2.256951 19.604227
v 0.714529 2.256951 19.283381
v 0.883207 2.256951 18.764244
v 0.714530 2.256951 18.245110
v 0.272928 2.256951 17.924271
v -0.169570 2.494483 18.242376
v -0.443932 2.494483 18.441710
v -0.548729 2.494483 18.764244
v -0.443931 2.494483 19.086781
v -0.169567 2.494483 19.286121
v 0.169567 2.494483 19.286121
v 0.443931 2.494483 19.086781
v 0.548729 2.494483 18.764244
v 0.443932 2.494483 18.441710
v 0.169571 2.494483 18.242376
v -0.272928 2.494483 17.924271
v -0.714530 2.494483 18.245110
v -0.883207 2.494483 18.764244
v -0.714529 2.494483 19.283381
v -0.272926 2.494483 19.604227
v 0.272926 2.494483 19.604227
v 0.714529 2.494483 19.283381
v 0.883207 2.494483 18.764244
v 0.714530 2.494483 18.245110
v 0.272928 2.494483 17.924271
vn -0.5835 0.1207 -0.8031
vn -0.0000 0.1207 -0.9927
vn 0.5835 0.1207 -0.8031
vn 0.9441 0.1207 -0.3068
vn 0.9441 0.1207 0.3068
vn 0.5835 0.1207 0.8031
vn -0.0000 0.1207 0.9927
vn -0.5835 0.1207 0.8031
vn -0.9441 0.1207 0.3068
vn -0.9441 0.1207 -0.3068
vn -0.0000 1.0000 -0.0000
vn 0.5878 -0.0000 -0.8090
vn -0.0000 -1.0000 -0.0000
vn 0.5878 0.0063 -0.8090
vn 0.9510 0.0064 -0.3090
vn 0.9511 -0.0000 -0.3090
vn 0.5878 0.0064 0.8090
vn -0.0000 -0.0000 1.0000
vn 0.5878 -0.0000 0.8090
vn -0.0000 0.0064 1.0000
vn -0.9510 0.0063 -0.3090
vn -0.9511 -0.0000 -0.3090
vn -0.5878 0.0063 -0.8090
vn -0.5878 -0.0000 -0.8090
vn -0.0000 0.0064 -1.0000
vn -0.0000 -0.0000 -1.0000
vn -0.9510 0.0064 0.3090
vn -0.9511 -0.0000 0.3090
vn 0.9510 0.0064 0.3090
vn 0.9511 -0.0000 0.3090
vn -0.5878 0.0064 0.8090
vn -0.5878 -0.0000 0.8090
vn 0.9510 -0.0071 0.3090
vn -0.5878 -0.0071 0.8090
vn 0.5878 -0.0070 -0.8090
vn -0.5878 -0.0070 -0.8090
vn 0.5878 -0.0071 0.8090
vn 0.9510 -0.0071 -0.3090
vn -0.0000 -0.0071 1.0000
vn -0.9510 -0.0071 -0.3090
vn -0.9510 -0.0071 0.3090
vn -0.0000 -0.0071 -1.0000
vn -0.0000 0.1426 -0.9898
vn -0.5818 0.1426 0.8007
vn -0.9413 0.1426 0.3059
vn 0.5818 0.1426 -0.8007
vn -0.9413 0.1426 -0.3059
vn -0.5818 0.1426 -0.8007
vn 0.9413 0.1426 -0.3059
vn -0.0000 0.1426 0.9898
vn 0.5818 0.1426 0.8007
vn 0.9413 0.1426 0.3059
vt 0.743075 0.805130
vt 0.743075 0.866470
vt 0.708612 0.865112
vt 0.708612 0.806487
vt 0.919597 0.838271
vt 0.918649 0.887896
vt 0.884228 0.884342
vt 0.885134 0.836913
vt 0.919597 0.776931
vt 0.885134 0.778289
vt 0.918649 0.727306
vt 0.884228 0.730861
vt 0.921318 0.621815
vt 0.920369 0.671440
vt 0.885948 0.667886
vt 0.886855 0.620457
vt 0.921318 0.560475
vt 0.886855 0.561833
vt 0.920369 0.510850
vt 0.885948 0.514405
vt 0.921318 0.461225
vt 0.920369 0.510850
vt 0.885948 0.507295
vt 0.886855 0.459867
vt 0.921318 0.399884
vt 0.886855 0.401242
vt 0.920369 0.350259
vt 0.885948 0.353814
vt 0.521505 0.487051
vt 0.521505 0.460640
vt 0.571078 0.444533
vt 0.571078 0.503158
vt 0.505982 0.508417
vt 0.536620 0.550586
vt 0.480864 0.516578
vt 0.480864 0.568702
vt 0.455747 0.508417
vt 0.425109 0.550586
vt 0.440223 0.487051
vt 0.390650 0.503158
vt 0.440223 0.460640
vt 0.390650 0.444533
vt 0.455747 0.439274
vt 0.425109 0.397105
vt 0.480864 0.431113
vt 0.480864 0.378989
vt 0.505982 0.439274
vt 0.536620 0.397105
vt 0.852114 0.867971
vt 0.852114 0.855622
vt 0.873752 0.848591
vt 0.873752 0.875001
vt 0.741388 0.780625
vt 0.741388 0.792974
vt 0.737237 0.792974
vt 0.737237 0.780625
vt 0.844856 0.877961
vt 0.858229 0.896367
vt 0.833111 0.881777
vt 0.833111 0.904529
vt 0.821366 0.877961
vt 0.807993 0.896367
vt 0.814108 0.867971
vt 0.792470 0.875001
vt 0.814108 0.855622
vt 0.792470 0.848591
vt 0.821366 0.845631
vt 0.807993 0.827225
vt 0.833111 0.841815
vt 0.833111 0.819064
vt 0.844856 0.845631
vt 0.858229 0.827225
vt 0.301957 0.744459
vt 0.317542 0.723008
vt 0.333150 0.728080
vt 0.311603 0.757737
vt 0.680635 0.702913
vt 0.655418 0.711107
vt 0.645771 0.697830
vt 0.680635 0.686502
vt 0.276739 0.666848
vt 0.251522 0.675042
vt 0.241875 0.661765
vt 0.276739 0.650437
vt 0.487864 0.776328
vt 0.487864 0.749813
vt 0.503472 0.744741
vt 0.503472 0.781399
vt 0.472278 0.728361
vt 0.447061 0.720168
vt 0.447061 0.703756
vt 0.481925 0.715084
vt 0.317542 0.696493
vt 0.333150 0.691422
vt 0.421843 0.728361
vt 0.406258 0.749813
vt 0.390650 0.744741
vt 0.412197 0.715084
vt 0.655418 0.780525
vt 0.680636 0.788718
vt 0.680636 0.805130
vt 0.645772 0.793802
vt 0.421843 0.797779
vt 0.447061 0.805973
vt 0.447061 0.822384
vt 0.412197 0.811056
vt 0.593031 0.735977
vt 0.567813 0.727783
vt 0.567814 0.711371
vt 0.602677 0.722699
vt 0.567813 0.813588
vt 0.593031 0.805394
vt 0.602677 0.818671
vt 0.567813 0.829999
vt 0.639833 0.759073
vt 0.624224 0.764145
vt 0.624224 0.727487
vt 0.639833 0.732558
vt 0.472278 0.797779
vt 0.481925 0.811056
vt 0.311603 0.661765
vt 0.301957 0.675042
vt 0.527011 0.783943
vt 0.542596 0.805394
vt 0.532950 0.818671
vt 0.511403 0.789014
vt 0.276739 0.769065
vt 0.276739 0.752653
vt 0.608616 0.783943
vt 0.608616 0.757428
vt 0.624224 0.752356
vt 0.624224 0.789014
vt 0.406258 0.776328
vt 0.390650 0.781399
vt 0.527011 0.757428
vt 0.511403 0.752356
vt 0.532950 0.722699
vt 0.542596 0.735976
vt 0.705853 0.780525
vt 0.721438 0.759073
vt 0.737046 0.764145
vt 0.715499 0.793802
vt 0.235937 0.696493
vt 0.220328 0.691422
vt 0.721438 0.732558
vt 0.737046 0.727487
vt 0.705853 0.711107
vt 0.715499 0.697830
vt 0.235937 0.723008
vt 0.251522 0.744460
vt 0.241875 0.757737
vt 0.220328 0.728080
vt 0.272038 0.894381
vt 0.272038 0.920896
vt 0.246591 0.920844
vt 0.246591 0.894434
vt 0.900978 0.935863
vt 0.884638 0.935863
vt 0.884638 0.909348
vt 0.900978 0.909348
vt 0.271628 0.872930
vt 0.246183 0.873067
vt 0.900568 0.887896
vt 0.884228 0.887896
vt 0.734467 0.914436
vt 0.709020 0.914384
vt 0.709020 0.887974
vt 0.734467 0.887921
vt 0.156901 0.887278
vt 0.157311 0.908729
vt 0.140970 0.908729
vt 0.140561 0.887278
vt 0.157311 0.935245
vt 0.140970 0.935245
vt 0.734057 0.866470
vt 0.708612 0.866607
vt 0.245773 0.872930
vt 0.246183 0.894381
vt 0.220737 0.894434
vt 0.220328 0.873067
vt 0.844379 0.301462
vt 0.860719 0.301322
vt 0.860492 0.322776
vt 0.844152 0.322915
vt 0.649949 0.380510
vt 0.649949 0.407025
vt 0.624503 0.406973
vt 0.624503 0.380562
vt 0.844379 0.349430
vt 0.860719 0.349290
vt 0.271628 0.942348
vt 0.246183 0.942210
vt 0.900568 0.957314
vt 0.884228 0.957314
vt 0.246183 0.920896
vt 0.220737 0.920844
vt 0.827585 0.322915
vt 0.843925 0.322776
vt 0.844152 0.349290
vt 0.827812 0.349430
vt 0.734057 0.935888
vt 0.708612 0.935750
vt 0.156901 0.956696
vt 0.140561 0.956696
vt 0.245773 0.942348
vt 0.220328 0.942210
vt 0.827812 0.301461
vt 0.844152 0.301322
vt 0.606052 0.417168
vt 0.606052 0.380510
vt 0.615277 0.380510
vt 0.615277 0.417168
vt 0.624503 0.380510
vt 0.624503 0.417168
vt 0.349520 0.866588
vt 0.348953 0.836931
vt 0.358179 0.836931
vt 0.358746 0.866588
vt 0.367404 0.836931
vt 0.367971 0.866588
vt 0.368538 0.866588
vt 0.367971 0.836931
vt 0.377197 0.836931
vt 0.377763 0.866588
vt 0.386422 0.836931
vt 0.386989 0.866588
vt 0.930247 0.312554
vt 0.930813 0.282897
vt 0.940039 0.282897
vt 0.939472 0.312554
vt 0.949264 0.282897
vt 0.948698 0.312554
vt 0.367971 0.932903
vt 0.368538 0.903246
vt 0.377763 0.903246
vt 0.377197 0.932903
vt 0.386989 0.903246
vt 0.386422 0.932903
vt 0.348953 0.932903
vt 0.349520 0.903246
vt 0.358746 0.903246
vt 0.358179 0.932903
vt 0.511403 0.953333
vt 0.511813 0.931881
vt 0.534726 0.931829
vt 0.534317 0.953195
vt 0.930813 0.246239
vt 0.930247 0.216582
vt 0.939472 0.216582
vt 0.940039 0.246239
vt 0.367971 0.903246
vt 0.367404 0.932903
vt 0.295169 0.942348
vt 0.295579 0.920896
vt 0.318492 0.920844
vt 0.318084 0.942210
vt 0.535136 0.931881
vt 0.535136 0.905366
vt 0.558048 0.905419
vt 0.558048 0.931829
vt 0.949264 0.246239
vt 0.649949 0.407025
vt 0.649949 0.380510
vt 0.672862 0.380563
vt 0.672862 0.406973
vt 0.511813 0.905366
vt 0.534726 0.905419
vt 0.534726 0.883915
vt 0.557640 0.884052
vt 0.511403 0.883915
vt 0.534317 0.884052
vt 0.295579 0.894381
vt 0.295169 0.872930
vt 0.318084 0.873067
vt 0.318492 0.894434
vt 0.948698 0.216582
vt 0.534726 0.953333
vt 0.557640 0.953195
vt 0.876584 0.604994
vt 0.876584 0.568336
vt 0.885804 0.568336
vt 0.885804 0.604994
vt 0.049434 0.917989
vt 0.048867 0.888333
vt 0.058087 0.888333
vt 0.058654 0.917989
vt 0.735033 0.896127
vt 0.734467 0.866470
vt 0.743687 0.866470
vt 0.744253 0.896127
vt 0.209441 0.963927
vt 0.210008 0.934271
vt 0.219228 0.934271
vt 0.218661 0.963927
vt 0.734467 0.962442
vt 0.735033 0.932785
vt 0.744253 0.932785
vt 0.743687 0.962442
vt 0.048867 0.984305
vt 0.049434 0.954648
vt 0.058654 0.954648
vt 0.058087 0.984305
vt 0.210008 0.897612
vt 0.219228 0.897612
vt 0.209441 0.867956
vt 0.218661 0.867956
vt 0.869762 0.136439
vt 0.868596 0.197456
vt 0.827586 0.192439
vt 0.828692 0.134523
vt 0.348954 0.761512
vt 0.349598 0.700487
vt 0.390650 0.705153
vt 0.390039 0.763077
vt 0.349598 0.836931
vt 0.390650 0.834664
vt 0.869762 0.061017
vt 0.828692 0.062933
vt 0.676204 0.487565
vt 0.676849 0.426540
vt 0.717901 0.431206
vt 0.717289 0.489130
vt 0.676849 0.562984
vt 0.717901 0.560717
vt 0.015771 0.518805
vt 0.051826 0.568431
vt 0.042079 0.581847
vt -0.000000 0.523930
vt 0.868596 -0.000000
vt 0.827586 0.005017
vt 0.015771 0.457465
vt -0.000000 0.452341
vt 0.051826 0.407840
vt 0.042079 0.394424
vt 0.110164 0.388885
vt 0.110164 0.372302
vt 0.168502 0.407840
vt 0.178249 0.394424
vt 0.204557 0.457465
vt 0.220328 0.452341
vt 0.204557 0.518805
vt 0.220328 0.523930
vt 0.168502 0.568430
vt 0.178249 0.581846
vt 0.110164 0.587386
vt 0.110164 0.603969
vt 0.785920 0.687534
vt 0.787086 0.748551
vt 0.746016 0.750467
vt 0.744910 0.692551
vt 0.787086 0.823973
vt 0.746016 0.822056
vt 0.785920 0.884990
vt 0.744909 0.879973
vt 0.791237 0.771666
vt 0.791428 0.781657
vt 0.787277 0.781657
vt 0.787086 0.771666
vt 0.296295 0.599075
vt 0.303554 0.589084
vt 0.348772 0.603777
vt 0.324242 0.637540
vt 0.348633 0.779055
vt 0.348633 0.791404
vt 0.344482 0.791404
vt 0.344482 0.779055
vt 0.741197 0.802965
vt 0.737046 0.802965
vt 0.791428 0.794006
vt 0.787277 0.794006
vt 0.348442 0.801395
vt 0.344291 0.801395
vt 0.791237 0.803997
vt 0.787086 0.803997
vt 0.741197 0.770635
vt 0.737046 0.770635
vt 0.823368 0.337504
vt 0.823368 0.349853
vt 0.819216 0.349853
vt 0.819216 0.337504
vt 0.348442 0.769065
vt 0.344291 0.769065
vt 0.296295 0.566744
vt 0.284550 0.562928
vt 0.284551 0.515382
vt 0.324242 0.528279
vt 0.565964 0.939260
vt 0.565318 0.905497
vt 0.583473 0.905497
vt 0.584118 0.939260
vt 0.265547 0.589084
vt 0.272806 0.599075
vt 0.244859 0.637540
vt 0.220328 0.603777
vt 0.303554 0.576735
vt 0.348772 0.562042
vt 0.272806 0.566744
vt 0.244859 0.528279
vt 0.284550 0.602891
vt 0.284551 0.650437
vt 0.265547 0.576735
vt 0.220328 0.562042
vt 0.565318 0.863763
vt 0.565964 0.829999
vt 0.584118 0.829999
vt 0.583473 0.863763
vt 0.494773 0.649194
vt 0.479533 0.670171
vt 0.454873 0.678183
vt 0.430212 0.670171
vt 0.414971 0.649194
vt 0.414971 0.623265
vt 0.430212 0.602288
vt 0.454873 0.594275
vt 0.479533 0.602288
vt 0.494773 0.623264
vt 0.930247 0.292080
vt 0.929601 0.325844
vt 0.911447 0.325844
vt 0.912092 0.292080
vt 0.606052 0.380510
vt 0.606052 0.422244
vt 0.587897 0.422244
vt 0.587897 0.380510
vt 0.099822 0.827040
vt 0.100467 0.860804
vt 0.082313 0.860804
vt 0.081667 0.827040
vt 0.929601 0.216582
vt 0.930247 0.250345
vt 0.912092 0.250345
vt 0.911447 0.216582
vt 0.100467 0.902538
vt 0.082313 0.902538
vt 0.099822 0.936301
vt 0.081667 0.936301
vt 0.519094 0.615362
vt 0.519094 0.657097
vt 0.494564 0.690860
vt 0.454873 0.703757
vt 0.415181 0.690860
vt 0.390650 0.657096
vt 0.390650 0.615362
vt 0.415181 0.581599
vt 0.454873 0.568702
vt 0.494564 0.581599
s 1
usemtl LupaTower.002
f 141/1/1 142/2/1 12/3/1 11/4/1
f 150/5/2 141/6/2 11/7/2 20/8/2
f 149/9/3 150/5/3 20/8/3 19/10/3
f 148/11/4 149/9/4 19/10/4 18/12/4
f 147/13/5 148/14/5 18/15/5 17/16/5
f 146/17/6 147/13/6 17/16/6 16/18/6
f 145/19/7 146/17/7 16/18/7 15/20/7
f 144/21/8 145/22/8 15/23/8 14/24/8
f 143/25/9 144/21/9 14/24/9 13/26/9
f 142/27/10 143/25/10 13/26/10 12/28/10
f 1/29/11 10/30/11 20/31/11 11/32/11
f 2/33/11 1/29/11 11/32/11 12/34/11
f 3/35/11 2/33/11 12/34/11 13/36/11
f 4/37/11 3/35/11 13/36/11 14/38/11
f 5/39/11 4/37/11 14/38/11 15/40/11
f 6/41/11 5/39/11 15/40/11 16/42/11
f 7/43/11 6/41/11 16/42/11 17/44/11
f 8/45/11 7/43/11 17/44/11 18/46/11
f 9/47/11 8/45/11 18/46/11 19/48/11
f 10/30/11 9/47/11 19/48/11 20/31/11
f 21/49/11 30/50/11 40/51/11 31/52/11
f 29/53/12 30/54/12 170/55/12 169/56/12
f 22/57/11 21/49/11 31/52/11 32/58/11
f 23/59/11 22/57/11 32/58/11 33/60/11
f 24/61/11 23/59/11 33/60/11 34/62/11
f 25/63/11 24/61/11 34/62/11 35/64/11
f 26/65/11 25/63/11 35/64/11 36/66/11
f 27/67/11 26/65/11 36/66/11 37/68/11
f 28/69/11 27/67/11 37/68/11 38/70/11
f 29/71/11 28/69/11 38/70/11 39/72/11
f 30/50/11 29/71/11 39/72/11 40/51/11
f 70/73/13 74/74/13 122/75/13 126/76/13
f 52/77/13 56/78/13 95/79/13 101/80/13
f 72/81/13 76/82/13 120/83/13 124/84/13
f 67/85/11 62/86/11 116/87/11 127/88/11
f 75/89/11 71/90/11 123/91/11 119/92/11
f 80/93/13 114/94/13 122/75/13 74/74/13
f 63/95/11 79/96/11 113/97/11 129/98/11
f 58/99/13 45/100/13 83/101/13 92/102/13
f 69/103/11 66/104/11 112/105/11 125/106/11
f 55/107/11 51/108/11 99/109/11 93/110/11
f 46/111/11 57/112/11 90/113/11 82/114/11
f 71/90/11 63/95/11 129/98/11 123/91/11
f 48/115/13 107/116/13 89/117/13 41/118/13
f 66/104/11 77/119/11 117/120/11 112/105/11
f 72/81/13 124/84/13 130/121/13 64/122/13
f 53/123/11 49/124/11 102/125/11 96/126/11
f 62/86/11 75/89/11 119/92/11 116/87/11
f 70/73/13 126/76/13 111/127/13 65/128/13
f 47/129/11 42/130/11 88/131/11 105/132/11
f 79/96/11 73/133/11 121/134/11 113/97/11
f 59/135/11 84/136/11 108/137/11 43/138/11
f 50/139/13 54/140/13 98/141/13 104/142/13
f 51/108/11 43/138/11 108/137/11 99/109/11
f 61/143/13 115/144/13 120/83/13 76/82/13
f 57/112/11 47/129/11 105/132/11 90/113/11
f 77/119/11 67/85/11 127/88/11 117/120/11
f 56/78/13 41/118/13 89/117/13 95/79/13
f 59/135/11 53/123/11 96/126/11 84/136/11
f 54/140/13 60/145/13 86/146/13 98/141/13
f 80/93/13 64/122/13 130/121/13 114/94/13
f 45/100/13 50/139/13 104/142/13 83/101/13
f 44/147/13 52/77/13 101/80/13 110/148/13
f 68/149/13 78/150/13 118/151/13 128/152/13
f 65/128/13 111/127/13 118/151/13 78/150/13
f 58/99/13 92/102/13 107/116/13 48/115/13
f 60/145/13 44/147/13 110/148/13 86/146/13
f 42/130/11 55/107/11 93/110/11 88/131/11
f 68/149/13 128/152/13 115/144/13 61/143/13
f 62/153/14 67/154/14 40/155/14 39/156/14
f 49/124/11 46/111/11 82/114/11 102/125/11
f 47/157/12 68/158/12 61/159/12 42/160/12
f 75/161/15 62/153/15 39/156/15 38/162/15
f 55/163/16 42/160/16 61/159/16 76/164/16
f 71/165/17 37/166/17 36/167/17 63/168/17
f 59/169/18 43/170/18 64/171/18 80/172/18
f 51/173/19 72/174/19 64/171/19 43/170/19
f 79/175/20 63/168/20 36/167/20 35/176/20
f 66/177/21 69/178/21 33/179/21 32/180/21
f 49/181/22 70/182/22 65/183/22 46/184/22
f 77/185/23 66/186/23 32/187/23 31/188/23
f 57/189/24 46/184/24 65/183/24 78/190/24
f 77/191/25 31/192/25 40/155/25 67/154/25
f 57/193/26 78/194/26 68/158/26 47/157/26
f 73/195/27 34/196/27 33/179/27 69/178/27
f 53/197/28 74/198/28 70/199/28 49/200/28
f 75/201/29 38/202/29 37/166/29 71/165/29
f 55/203/30 76/204/30 72/174/30 51/173/30
f 79/205/31 35/206/31 34/196/31 73/195/31
f 59/207/32 80/208/32 74/198/32 53/197/32
f 82/209/24 90/210/24 91/211/24 81/212/24
f 81/212/24 91/211/24 92/213/24 83/214/24
f 108/215/18 84/216/18 85/217/18 109/218/18
f 109/218/18 85/217/18 86/219/18 110/220/18
f 88/221/16 93/222/16 94/223/16 87/224/16
f 87/224/16 94/223/16 95/225/16 89/226/16
f 84/227/32 96/228/32 97/229/32 85/230/32
f 85/230/32 97/229/32 98/231/32 86/232/32
f 90/233/26 105/234/26 106/235/26 91/236/26
f 91/236/26 106/235/26 107/237/26 92/238/26
f 93/239/30 99/240/30 100/241/30 94/242/30
f 56/243/33 52/244/33 7/245/33 8/246/33
f 99/240/19 108/215/19 109/218/19 100/241/19
f 102/247/22 82/248/22 81/249/22 103/250/22
f 94/242/30 100/241/30 101/251/30 95/252/30
f 96/228/28 102/247/28 103/250/28 97/229/28
f 60/253/34 54/254/34 4/255/34 5/256/34
f 48/257/35 41/258/35 9/259/35 10/260/35
f 97/229/28 103/250/28 104/261/28 98/231/28
f 45/262/36 58/263/36 1/264/36 2/265/36
f 52/244/37 44/266/37 6/267/37 7/245/37
f 41/258/38 56/268/38 8/269/38 9/259/38
f 105/234/12 88/221/12 87/224/12 106/235/12
f 100/241/19 109/218/19 110/220/19 101/251/19
f 44/266/39 60/270/39 5/271/39 6/267/39
f 50/272/40 45/273/40 2/274/40 3/275/40
f 103/250/22 81/249/22 83/276/22 104/261/22
f 54/254/41 50/272/41 3/275/41 4/255/41
f 58/277/42 48/257/42 10/260/42 1/278/42
f 106/235/12 87/224/12 89/226/12 107/237/12
f 112/279/24 117/280/24 118/281/24 111/282/24
f 129/283/18 113/284/18 114/285/18 130/286/18
f 116/287/16 119/288/16 120/289/16 115/290/16
f 113/291/32 121/292/32 122/293/32 114/294/32
f 117/295/26 127/296/26 128/297/26 118/298/26
f 119/299/30 123/300/30 124/301/30 120/302/30
f 121/292/28 125/303/28 126/304/28 122/293/28
f 123/300/19 129/283/19 130/286/19 124/301/19
f 125/303/22 112/305/22 111/306/22 126/304/22
f 127/296/12 116/287/12 115/290/12 128/297/12
f 132/307/43 131/308/43 151/309/43 152/310/43
f 73/133/11 69/103/11 125/106/11 121/134/11
f 138/311/44 137/312/44 157/313/44 158/314/44
f 139/315/45 138/311/45 158/314/45 159/316/45
f 133/317/46 132/307/46 152/310/46 153/318/46
f 140/319/47 139/320/47 159/321/47 160/322/47
f 131/323/48 140/319/48 160/322/48 151/324/48
f 141/325/11 150/326/11 152/327/11 151/328/11
f 134/329/49 133/317/49 153/318/49 154/330/49
f 142/331/11 141/325/11 151/328/11 160/332/11
f 143/333/11 142/331/11 160/332/11 159/334/11
f 144/335/11 143/333/11 159/334/11 158/336/11
f 145/337/11 144/335/11 158/336/11 157/338/11
f 146/339/11 145/337/11 157/338/11 156/340/11
f 147/341/11 146/339/11 156/340/11 155/342/11
f 148/343/11 147/341/11 155/342/11 154/344/11
f 149/345/11 148/343/11 154/344/11 153/346/11
f 150/326/11 149/345/11 153/346/11 152/327/11
f 137/347/50 136/348/50 156/349/50 157/350/50
f 136/348/51 135/351/51 155/352/51 156/349/51
f 135/351/52 134/353/52 154/354/52 155/352/52
f 22/355/22 23/356/22 163/357/22 162/358/22
f 169/359/13 170/360/13 180/361/13 179/362/13
f 26/363/19 27/364/19 167/365/19 166/366/19
f 21/367/26 161/368/26 170/55/26 30/54/26
f 23/356/28 24/369/28 164/370/28 163/357/28
f 27/364/30 28/371/30 168/372/30 167/365/30
f 24/369/32 25/373/32 165/374/32 164/370/32
f 28/375/16 29/53/16 169/56/16 168/376/16
f 21/377/24 22/378/24 162/379/24 161/380/24
f 25/381/18 26/363/18 166/366/18 165/382/18
f 162/383/13 163/384/13 173/385/13 172/386/13
f 178/387/16 179/388/16 199/389/16 198/390/16
f 166/391/13 167/392/13 177/393/13 176/394/13
f 161/395/13 171/396/13 180/361/13 170/360/13
f 163/384/13 164/397/13 174/398/13 173/385/13
f 167/392/13 168/399/13 178/400/13 177/393/13
f 164/397/13 165/401/13 175/402/13 174/398/13
f 168/399/13 169/359/13 179/362/13 178/400/13
f 161/395/13 162/383/13 172/386/13 171/396/13
f 165/401/13 166/391/13 176/394/13 175/402/13
f 180/403/26 171/404/26 191/405/26 200/406/26
f 181/407/11 182/408/11 183/409/11 184/410/11 185/411/11 186/412/11 187/413/11 188/414/11 189/415/11 190/416/11
f 174/417/32 175/418/32 195/419/32 194/420/32
f 171/421/24 172/422/24 192/423/24 191/424/24
f 175/425/18 176/426/18 196/427/18 195/428/18
f 179/388/12 180/403/12 200/406/12 199/389/12
f 172/429/22 173/430/22 193/431/22 192/432/22
f 176/426/19 177/433/19 197/434/19 196/427/19
f 173/430/28 174/417/28 194/420/28 193/431/28
f 177/433/30 178/435/30 198/436/30 197/434/30
f 181/407/11 190/416/11 200/437/11 191/438/11
f 182/408/11 181/407/11 191/438/11 192/439/11
f 183/409/11 182/408/11 192/439/11 193/440/11
f 184/410/11 183/409/11 193/440/11 194/441/11
f 185/411/11 184/410/11 194/441/11 195/442/11
f 186/412/11 185/411/11 195/442/11 196/443/11
f 187/413/11 186/412/11 196/443/11 197/444/11
f 188/414/11 187/413/11 197/444/11 198/445/11
f 189/415/11 188/414/11 198/445/11 199/446/11
f 190/416/11 189/415/11 199/446/11 200/437/11
o hi.futuristic_signaltower_antennaline.002
v -0.443208 3.148064 17.521683
v -0.431371 3.122826 17.491058
v -0.427039 3.084596 17.475744
v -0.431371 3.043616 17.479843
v -0.443208 3.010868 17.502256
v -0.459378 2.995127 17.536978
v -0.475548 3.000610 17.574705
v -0.487385 3.025848 17.605330
v -0.491717 3.064078 17.620644
v -0.487385 3.105058 17.616545
v -0.475548 3.137806 17.594131
v -0.459378 3.153547 17.559410
v -0.712377 3.028573 17.402824
v -0.682871 3.010526 17.380053
v -0.652082 2.983062 17.376495
v -0.628260 2.953540 17.393105
v -0.617788 2.929872 17.425430
v -0.623472 2.918398 17.464813
v -0.643789 2.922193 17.500696
v -0.673295 2.940241 17.523470
v -0.704083 2.967705 17.527027
v -0.727905 2.997226 17.510418
v -0.738377 3.020895 17.478092
v -0.732693 3.032369 17.438709
v -0.853150 2.694139 17.334896
v -0.817236 2.688081 17.315191
v -0.777019 2.678253 17.316143
v -0.743275 2.667292 17.337500
v -0.725047 2.658133 17.373537
v -0.727218 2.653230 17.414600
v -0.749207 2.653897 17.449684
v -0.785121 2.659957 17.469391
v -0.825338 2.669784 17.468437
v -0.859081 2.680745 17.447081
v -0.877310 2.689904 17.411043
v -0.875139 2.694807 17.369982
v -0.895670 2.217875 17.300112
v -0.858941 2.218188 17.280987
v -0.817577 2.217334 17.282759
v -0.782661 2.215541 17.304953
v -0.763549 2.213290 17.341621
v -0.765363 2.211185 17.382938
v -0.787615 2.209788 17.417835
v -0.824344 2.209476 17.436958
v -0.865709 2.210330 17.435186
v -0.900624 2.212123 17.412994
v -0.919736 2.214374 17.376326
v -0.917923 2.216479 17.335007
v -0.866210 1.635029 17.281847
v -0.829610 1.638874 17.262859
v -0.788413 1.642595 17.264811
v -0.753657 1.645196 17.287174
v -0.734656 1.645978 17.323961
v -0.736501 1.644733 17.365313
v -0.758697 1.641794 17.400148
v -0.795298 1.637949 17.419134
v -0.836495 1.634227 17.417185
v -0.871250 1.631627 17.394821
v -0.890252 1.630844 17.358034
v -0.888407 1.632090 17.316683
v -0.779868 0.984186 17.268309
v -0.743586 0.990542 17.249386
v -0.702749 0.997114 17.251408
v -0.668301 1.002140 17.273834
v -0.649471 1.004274 17.310654
v -0.651305 1.002944 17.352003
v -0.673312 0.998507 17.386801
v -0.709594 0.992150 17.405724
v -0.750430 0.985579 17.403702
v -0.784879 0.980553 17.381275
v -0.803708 0.978419 17.344456
v -0.801874 0.979749 17.303106
v -0.649961 0.307240 17.248526
v -0.614103 0.315831 17.229679
v -0.573669 0.324529 17.231773
v -0.539495 0.331001 17.254248
v -0.520738 0.333515 17.291080
v -0.522422 0.331395 17.332403
v -0.544097 0.325212 17.367144
v -0.579956 0.316620 17.385990
v -0.620389 0.307922 17.383896
v -0.654563 0.301450 17.361422
v -0.673321 0.298936 17.324589
v -0.671636 0.301055 17.283266
vn -0.1903 0.8735 -0.4480
vn 0.0593 0.6318 -0.7728
vn 0.3191 0.2000 -0.9264
vn 0.5009 -0.3189 -0.8046
vn 0.5289 -0.7293 -0.4340
vn 0.4076 -0.9123 0.0404
vn 0.1768 -0.8500 0.4963
vn -0.1156 -0.5439 0.8312
vn -0.3817 -0.0538 0.9227
vn -0.5199 0.4409 0.7316
vn -0.5085 0.7790 0.3669
vn -0.3870 0.9208 -0.0490
vn -0.4352 0.6766 -0.5940
vn -0.0879 0.4690 -0.8788
vn 0.2853 0.1404 -0.9481
vn 0.5955 -0.2321 -0.7691
vn 0.7542 -0.5460 -0.3648
vn 0.6934 -0.7026 0.1598
vn 0.4163 -0.6498 0.6360
vn 0.0190 -0.4063 0.9135
vn -0.3667 -0.0515 0.9289
vn -0.6408 0.3103 0.7022
vn -0.7497 0.5877 0.3041
vn -0.6749 0.7191 -0.1656
vn -0.6589 0.2586 -0.7064
vn -0.2250 0.1847 -0.9567
vn 0.2765 0.0611 -0.9591
vn 0.7111 -0.0783 -0.6987
vn 0.9509 -0.1924 -0.2423
vn 0.9265 -0.2520 0.2795
vn 0.6462 -0.2447 0.7229
vn 0.1860 -0.1707 0.9676
vn -0.3247 -0.0462 0.9447
vn -0.7405 0.0931 0.6656
vn -0.9540 0.2068 0.2169
vn -0.9221 0.2663 -0.2806
vn -0.6803 0.0512 -0.7312
vn -0.2272 0.0550 -0.9723
vn 0.2893 0.0443 -0.9562
vn 0.7308 0.0220 -0.6823
vn 0.9751 -0.0059 -0.2217
vn 0.9534 -0.0322 0.2999
vn 0.6714 -0.0499 0.7394
vn 0.2070 -0.0541 0.9769
vn -0.3119 -0.0433 0.9491
vn -0.7445 -0.0206 0.6673
vn -0.9775 0.0078 0.2106
vn -0.9535 0.0340 -0.2994
vn -0.6752 -0.0425 -0.7364
vn -0.2208 0.0052 -0.9753
vn 0.2942 0.0518 -0.9544
vn 0.7315 0.0846 -0.6765
vn 0.9720 0.0947 -0.2151
vn 0.9490 0.0791 0.3051
vn 0.6688 0.0420 0.7422
vn 0.2084 -0.0063 0.9780
vn -0.3067 -0.0528 0.9503
vn -0.7385 -0.0850 0.6689
vn -0.9730 -0.0945 0.2106
vn -0.9498 -0.0789 -0.3028
vn -0.6689 -0.0900 -0.7379
vn -0.2171 -0.0108 -0.9761
vn 0.2939 0.0715 -0.9532
vn 0.7268 0.1347 -0.6735
vn 0.9639 0.1616 -0.2116
vn 0.9404 0.1449 0.3076
vn 0.6631 0.0890 0.7432
vn 0.2079 0.0093 0.9781
vn -0.3020 -0.0727 0.9505
vn -0.7304 -0.1352 0.6695
vn -0.9641 -0.1616 0.2109
vn -0.9417 -0.1451 -0.3036
vn -0.6663 -0.1063 -0.7380
vn -0.2162 -0.0130 -0.9763
vn 0.2930 0.0840 -0.9524
vn 0.7238 0.1585 -0.6716
vn 0.9592 0.1902 -0.2093
vn 0.9356 0.1705 0.3093
vn 0.6600 0.1049 0.7439
vn 0.2078 0.0113 0.9781
vn -0.2990 -0.0851 0.9505
vn -0.7253 -0.1588 0.6699
vn -0.9587 -0.1902 0.2116
vn -0.9375 -0.1710 -0.3031
vt 0.347649 0.482325
vt 0.347647 0.506606
vt 0.344485 0.506786
vt 0.344489 0.482135
vt 0.350353 0.483161
vt 0.350353 0.505866
vt 0.898505 0.002951
vt 0.886207 0.011437
vt 0.883937 0.009395
vt 0.897678 0.000000
vt 0.921351 0.003091
vt 0.908633 0.010536
vt 0.906450 0.008402
vt 0.921002 -0.000000
vt 0.922571 0.005428
vt 0.911306 0.012115
vt 0.924334 0.006385
vt 0.913752 0.012715
vt 0.921932 0.732290
vt 0.931264 0.738604
vt 0.928700 0.738996
vt 0.919597 0.732819
vt 0.923720 0.730272
vt 0.934029 0.737169
vt 0.924483 0.727306
vt 0.936254 0.735077
vt 0.857423 0.352540
vt 0.872898 0.361553
vt 0.870668 0.363658
vt 0.857018 0.355613
vt 0.858674 0.350259
vt 0.875597 0.360039
vt 0.341717 0.506358
vt 0.341719 0.482642
vt 0.881141 0.008020
vt 0.873860 0.034038
vt 0.871202 0.033943
vt 0.878570 0.007681
vt 0.876991 0.034476
vt 0.879754 0.035139
vt 0.902272 0.032709
vt 0.899507 0.032020
vt 0.905400 0.033157
vt 0.908053 0.033246
vt 0.937145 0.759316
vt 0.934489 0.759466
vt 0.940265 0.758811
vt 0.943013 0.758085
vt 0.879780 0.386083
vt 0.876992 0.386741
vt 0.882915 0.385700
vt 0.878040 0.359522
vt 0.885555 0.385695
vt 0.872431 0.070597
vt 0.869762 0.070660
vt 0.875594 0.070544
vt 0.878403 0.070518
vt 0.901315 0.067328
vt 0.898505 0.067343
vt 0.904477 0.067247
vt 0.907143 0.067120
vt 0.939151 0.793363
vt 0.936481 0.793354
vt 0.942314 0.793346
vt 0.945122 0.793309
vt 0.880139 0.421949
vt 0.877319 0.421905
vt 0.883298 0.422096
vt 0.885948 0.422306
vt 0.875542 0.115102
vt 0.872880 0.115283
vt 0.878688 0.114780
vt 0.881476 0.114404
vt 0.904658 0.110881
vt 0.901868 0.111231
vt 0.907805 0.110567
vt 0.910467 0.110375
vt 0.937054 0.836792
vt 0.934388 0.836665
vt 0.940207 0.837046
vt 0.943001 0.837358
vt 0.875874 0.466205
vt 0.873081 0.465826
vt 0.879014 0.466583
vt 0.881658 0.466859
vt 0.882496 0.164669
vt 0.879850 0.164964
vt 0.885616 0.164155
vt 0.888375 0.163562
vt 0.910885 0.159943
vt 0.908118 0.160479
vt 0.914020 0.159526
vt 0.916683 0.159341
vt 0.931248 0.885929
vt 0.928595 0.885687
vt 0.934379 0.886374
vt 0.937149 0.886905
vt 0.868570 0.515808
vt 0.865803 0.515243
vt 0.871695 0.516289
vt 0.874341 0.516558
vt 0.892692 0.216153
vt 0.890072 0.216582
vt 0.895778 0.215470
vt 0.898505 0.214715
vt 0.918531 0.211190
vt 0.915780 0.211836
vt 0.921662 0.210745
vt 0.924334 0.210619
vt 0.922227 0.937354
vt 0.919597 0.936979
vt 0.925328 0.937971
vt 0.928069 0.938663
vt 0.859767 0.567617
vt 0.857018 0.566942
vt 0.862887 0.568127
vt 0.865542 0.568336
s 1
usemtl LupaTower.003
f 201/447/53 213/448/65 224/449/76 212/450/64
f 202/451/54 214/452/66 213/448/65 201/447/53
f 203/453/55 215/454/67 214/455/66 202/456/54
f 204/457/56 216/458/68 215/459/67 203/460/55
f 205/461/57 217/462/69 216/458/68 204/457/56
f 206/463/58 218/464/70 217/462/69 205/461/57
f 207/465/59 219/466/71 218/467/70 206/468/58
f 208/469/60 220/470/72 219/466/71 207/465/59
f 209/471/61 221/472/73 220/470/72 208/469/60
f 210/473/62 222/474/74 221/475/73 209/476/61
f 211/477/63 223/478/75 222/474/74 210/473/62
f 212/450/64 224/449/76 223/479/75 211/480/63
f 213/481/65 225/482/77 236/483/88 224/484/76
f 214/455/66 226/485/78 225/482/77 213/481/65
f 215/454/67 227/486/79 226/485/78 214/455/66
f 216/458/68 228/487/80 227/488/79 215/459/67
f 217/462/69 229/489/81 228/487/80 216/458/68
f 218/464/70 230/490/82 229/489/81 217/462/69
f 219/466/71 231/491/83 230/492/82 218/467/70
f 220/470/72 232/493/84 231/491/83 219/466/71
f 221/472/73 233/494/85 232/493/84 220/470/72
f 222/474/74 234/495/86 233/496/85 221/475/73
f 223/478/75 235/497/87 234/495/86 222/474/74
f 224/498/76 236/499/88 235/497/87 223/478/75
f 225/482/77 237/500/89 248/501/100 236/483/88
f 226/485/78 238/502/90 237/500/89 225/482/77
f 227/486/79 239/503/91 238/502/90 226/485/78
f 228/487/80 240/504/92 239/505/91 227/488/79
f 229/489/81 241/506/93 240/504/92 228/487/80
f 230/490/82 242/507/94 241/506/93 229/489/81
f 231/491/83 243/508/95 242/509/94 230/492/82
f 232/493/84 244/510/96 243/508/95 231/491/83
f 233/494/85 245/511/97 244/510/96 232/493/84
f 234/495/86 246/512/98 245/513/97 233/496/85
f 235/497/87 247/514/99 246/512/98 234/495/86
f 236/499/88 248/515/100 247/514/99 235/497/87
f 237/500/89 249/516/101 260/517/112 248/501/100
f 238/502/90 250/518/102 249/516/101 237/500/89
f 239/503/91 251/519/103 250/518/102 238/502/90
f 240/504/92 252/520/104 251/521/103 239/505/91
f 241/506/93 253/522/105 252/520/104 240/504/92
f 242/507/94 254/523/106 253/522/105 241/506/93
f 243/508/95 255/524/107 254/525/106 242/509/94
f 244/510/96 256/526/108 255/524/107 243/508/95
f 245/511/97 257/527/109 256/526/108 244/510/96
f 246/512/98 258/528/110 257/529/109 245/513/97
f 247/514/99 259/530/111 258/528/110 246/512/98
f 248/515/100 260/531/112 259/530/111 247/514/99
f 249/516/101 261/532/113 272/533/124 260/517/112
f 250/518/102 262/534/114 261/532/113 249/516/101
f 251/519/103 263/535/115 262/534/114 250/518/102
f 252/520/104 264/536/116 263/537/115 251/521/103
f 253/522/105 265/538/117 264/536/116 252/520/104
f 254/523/106 266/539/118 265/538/117 253/522/105
f 255/524/107 267/540/119 266/541/118 254/525/106
f 256/526/108 268/542/120 267/540/119 255/524/107
f 257/527/109 269/543/121 268/542/120 256/526/108
f 258/528/110 270/544/122 269/545/121 257/529/109
f 259/530/111 271/546/123 270/544/122 258/528/110
f 260/531/112 272/547/124 271/546/123 259/530/111
f 261/532/113 273/548/125 284/549/136 272/533/124
f 262/534/114 274/550/126 273/548/125 261/532/113
f 263/535/115 275/551/127 274/550/126 262/534/114
f 264/536/116 276/552/128 275/553/127 263/537/115
f 265/538/117 277/554/129 276/552/128 264/536/116
f 266/539/118 278/555/130 277/554/129 265/538/117
f 267/540/119 279/556/131 278/557/130 266/541/118
f 268/542/120 280/558/132 279/556/131 267/540/119
f 269/543/121 281/559/133 280/558/132 268/542/120
f 270/544/122 282/560/134 281/561/133 269/545/121
f 271/546/123 283/562/135 282/560/134 270/544/122
f 272/547/124 284/563/136 283/562/135 271/546/123
o hi.futuristic_signaltower_pillarsupport.004
v 0.622815 2.147491 18.585299
v 0.622815 0.009291 18.585299
v 0.531308 2.147491 18.585783
v 0.531308 0.009291 18.585783
v 0.557727 2.147491 18.522003
v 0.557727 0.009291 18.522003
v 0.621507 2.147491 18.495584
v 0.621507 0.009291 18.495584
v 0.685287 2.147491 18.522003
v 0.685287 0.009291 18.522003
v 0.711705 2.147491 18.585783
v 0.711705 0.009291 18.585783
v 0.685287 2.147491 18.649563
v 0.685287 0.009291 18.649563
v 0.621507 2.147491 18.675982
v 0.621507 0.009291 18.675982
v 0.557727 2.147491 18.649563
v 0.557727 0.009291 18.649563
v 0.622815 2.147491 18.943193
v 0.622815 0.009291 18.943193
v 0.531308 2.147491 18.942709
v 0.531308 0.009291 18.942709
v 0.557727 2.147491 19.006489
v 0.557727 0.009291 19.006489
v 0.621507 2.147491 19.032907
v 0.621507 0.009291 19.032907
v 0.685287 2.147491 19.006489
v 0.685287 0.009291 19.006489
v 0.711705 2.147491 18.942709
v 0.711705 0.009291 18.942709
v 0.685287 2.147491 18.878929
v 0.685287 0.009291 18.878929
v 0.621507 2.147491 18.852510
v 0.621507 0.009291 18.852510
v 0.557727 2.147491 18.878929
v 0.557727 0.009291 18.878929
v -0.622815 2.147491 18.585299
v -0.622815 0.009291 18.585299
v -0.531308 2.147491 18.585783
v -0.531308 0.009291 18.585783
v -0.557727 2.147491 18.522003
v -0.557727 0.009291 18.522003
v -0.621507 2.147491 18.495584
v -0.621507 0.009291 18.495584
v -0.685287 2.147491 18.522003
v -0.685287 0.009291 18.522003
v -0.711705 2.147491 18.585783
v -0.711705 0.009291 18.585783
v -0.685287 2.147491 18.649563
v -0.685287 0.009291 18.649563
v -0.621507 2.147491 18.675982
v -0.621507 0.009291 18.675982
v -0.557727 2.147491 18.649563
v -0.557727 0.009291 18.649563
v -0.622815 2.147491 18.943193
v -0.622815 0.009291 18.943193
v -0.531308 2.147491 18.942709
v -0.531308 0.009291 18.942709
v -0.557727 2.147491 19.006489
v -0.557727 0.009291 19.006489
v -0.621507 2.147491 19.032907
v -0.621507 0.009291 19.032907
v -0.685287 2.147491 19.006489
v -0.685287 0.009291 19.006489
v -0.711705 2.147491 18.942709
v -0.711705 0.009291 18.942709
v -0.685287 2.147491 18.878929
v -0.685287 0.009291 18.878929
v -0.621507 2.147491 18.852510
v -0.621507 0.009291 18.852510
v -0.557727 2.147491 18.878929
v -0.557727 0.009291 18.878929
v 0.131617 2.147491 19.405151
v 0.131617 0.009291 19.405151
v 0.131617 2.147491 19.314953
v 0.131617 0.009291 19.314953
v 0.195397 2.147491 19.341372
v 0.195397 0.009291 19.341372
v 0.221816 2.147491 19.405151
v 0.221816 0.009291 19.405151
v 0.195397 2.147491 19.468931
v 0.195397 0.009291 19.468931
v 0.131617 2.147491 19.495350
v 0.131617 0.009291 19.495350
v 0.067837 2.147491 19.468931
v 0.067837 0.009291 19.468931
v 0.041419 2.147491 19.405151
v 0.041419 0.009291 19.405151
v 0.067837 2.147491 19.341372
v 0.067837 0.009291 19.341372
v -0.131617 2.147491 19.405151
v -0.131617 0.009291 19.405151
v -0.131617 2.147491 19.314953
v -0.131617 0.009291 19.314953
v -0.195397 2.147491 19.341372
v -0.195397 0.009291 19.341372
v -0.221816 2.147491 19.405151
v -0.221816 0.009291 19.405151
v -0.195397 2.147491 19.468931
v -0.195397 0.009291 19.468931
v -0.131617 2.147491 19.495350
v -0.131617 0.009291 19.495350
v -0.067837 2.147491 19.468931
v -0.067837 0.009291 19.468931
v -0.041419 2.147491 19.405151
v -0.041419 0.009291 19.405151
v -0.067837 2.147491 19.341372
v -0.067837 0.009291 19.341372
v 0.131617 2.147491 18.123341
v 0.131617 0.009291 18.123341
v 0.131617 2.147491 18.213539
v 0.131617 0.009291 18.213539
v 0.195397 2.147491 18.187120
v 0.195397 0.009291 18.187120
v 0.221816 2.147491 18.123341
v 0.221816 0.009291 18.123341
v 0.195397 2.147491 18.059561
v 0.195397 0.009291 18.059561
v 0.131617 2.147491 18.033142
v 0.131617 0.009291 18.033142
v 0.067837 2.147491 18.059561
v 0.067837 0.009291 18.059561
v 0.041419 2.147491 18.123341
v 0.041419 0.009291 18.123341
v 0.067837 2.147491 18.187120
v 0.067837 0.009291 18.187120
v -0.131617 2.147491 18.123341
v -0.131617 0.009291 18.123341
v -0.131617 2.147491 18.213539
v -0.131617 0.009291 18.213539
v -0.195397 2.147491 18.187120
v -0.195397 0.009291 18.187120
v -0.221816 2.147491 18.123341
v -0.221816 0.009291 18.123341
v -0.195397 2.147491 18.059561
v -0.195397 0.009291 18.059561
v -0.131617 2.147491 18.033142
v -0.131617 0.009291 18.033142
v -0.067837 2.147491 18.059561
v -0.067837 0.009291 18.059561
v -0.041419 2.147491 18.123341
v -0.041419 0.009291 18.123341
v -0.067837 2.147491 18.187120
v -0.067837 0.009291 18.187120
vn -0.0000 1.0000 -0.0000
vn -0.7069 0.0212 -0.7070
vn -0.9998 0.0214 -0.0000
vn -0.0000 -1.0000 -0.0000
vn -0.9998 -0.0214 0.0001
vn -0.7070 -0.0212 -0.7069
vn 0.0001 0.0209 -0.9998
vn -0.0000 -0.0209 -0.9998
vn 0.7070 0.0207 -0.7069
vn 0.7070 -0.0207 -0.7069
vn 0.9998 0.0207 0.0001
vn 0.9998 -0.0207 -0.0000
vn 0.7069 0.0209 0.7070
vn 0.7069 -0.0209 0.7070
vn -0.0001 0.0212 0.9998
vn -0.0000 -0.0212 0.9998
vn -0.7070 0.0213 0.7069
vn -0.7070 -0.0213 0.7069
vn -0.9998 0.0214 -0.0001
vn -0.7070 0.0212 0.7069
vn -0.7069 -0.0212 0.7070
vn -0.9998 -0.0214 -0.0000
vn -0.0000 0.0209 0.9998
vn 0.0001 -0.0209 0.9998
vn 0.7070 0.0207 0.7069
vn 0.7070 -0.0207 0.7069
vn 0.9998 0.0207 -0.0000
vn 0.9998 -0.0207 -0.0001
vn 0.7069 0.0209 -0.7070
vn 0.7069 -0.0209 -0.7070
vn -0.0000 0.0212 -0.9998
vn -0.0001 -0.0212 -0.9998
vn -0.7070 0.0213 -0.7069
vn -0.7070 -0.0213 -0.7069
vn 0.9998 0.0214 0.0001
vn 0.7070 0.0212 -0.7069
vn 0.7069 -0.0212 -0.7070
vn 0.9998 -0.0214 -0.0000
vn -0.0000 0.0209 -0.9998
vn -0.0001 -0.0209 -0.9998
vn -0.7070 0.0207 -0.7069
vn -0.7070 -0.0207 -0.7069
vn -0.9998 0.0207 -0.0000
vn -0.9998 -0.0207 0.0001
vn -0.7069 0.0209 0.7070
vn -0.7069 -0.0209 0.7070
vn -0.0000 0.0212 0.9998
vn 0.0001 -0.0212 0.9998
vn 0.7070 0.0213 0.7069
vn 0.7070 -0.0213 0.7069
vn 0.7069 0.0212 0.7070
vn 0.9998 0.0214 -0.0000
vn 0.9998 -0.0214 -0.0001
vn 0.7070 -0.0212 0.7069
vn -0.0001 0.0209 0.9998
vn -0.0000 -0.0209 0.9998
vn -0.7070 0.0207 0.7069
vn -0.7070 -0.0207 0.7069
vn -0.9998 0.0207 -0.0001
vn -0.9998 -0.0207 -0.0000
vn -0.7069 0.0209 -0.7070
vn -0.7069 -0.0209 -0.7070
vn 0.0001 0.0212 -0.9998
vn -0.0000 -0.0212 -0.9998
vn 0.7070 0.0213 -0.7069
vn 0.7070 -0.0213 -0.7069
vn 0.7070 0.0211 -0.7069
vn -0.0001 0.0211 -0.9998
vn -0.0001 -0.0211 -0.9998
vn 0.7068 -0.0211 -0.7071
vn 0.9998 0.0211 0.0001
vn 0.9998 -0.0211 -0.0003
vn 0.7069 0.0211 0.7070
vn 0.7068 -0.0211 0.7071
vn -0.0001 0.0211 0.9998
vn -0.0001 -0.0211 0.9998
vn -0.7070 0.0211 0.7069
vn -0.7070 -0.0211 0.7069
vn -0.9998 0.0211 -0.0001
vn -0.9998 -0.0211 0.0003
vn -0.7069 0.0211 -0.7070
vn -0.7069 -0.0211 -0.7070
vn 0.0001 0.0211 -0.9998
vn -0.7068 0.0211 -0.7071
vn -0.7070 -0.0211 -0.7069
vn 0.0002 -0.0211 -0.9998
vn -0.9998 0.0211 -0.0002
vn -0.9998 -0.0211 0.0001
vn -0.7069 0.0211 0.7070
vn -0.7069 -0.0211 0.7070
vn 0.0002 0.0211 0.9998
vn 0.0001 -0.0211 0.9998
vn 0.7070 0.0211 0.7069
vn 0.7070 -0.0211 0.7069
vn 0.9998 0.0211 -0.0001
vn 0.9998 -0.0211 -0.0001
vn 0.7069 0.0211 -0.7070
vn 0.7069 -0.0211 -0.7070
vn 0.9998 0.0211 0.0003
vn -0.7070 0.0211 -0.7069
vn -0.9998 0.0211 -0.0003
vn -0.9998 -0.0211 0.0002
vn 0.7070 -0.0211 -0.7069
vn 0.9998 -0.0211 0.0001
vn 0.7069 -0.0211 0.7070
vt 0.188386 0.710769
vt 0.190953 0.717218
vt 0.185674 0.717218
vt 0.470631 0.904712
vt 0.473342 0.911162
vt 0.468064 0.911162
vt 0.972154 0.727306
vt 0.977432 0.727306
vt 0.977432 0.890786
vt 0.972154 0.890786
vt 0.194685 0.713486
vt 0.464332 0.907430
vt 0.981164 0.727306
vt 0.981164 0.890786
vt 0.194685 0.708208
vt 0.464332 0.902152
vt 0.951929 0.513739
vt 0.957207 0.513739
vt 0.957207 0.677219
vt 0.951929 0.677219
vt 0.190953 0.704475
vt 0.468064 0.898419
vt 0.960940 0.513739
vt 0.960940 0.677219
vt 0.185675 0.704475
vt 0.473342 0.898419
vt 0.972969 0.000000
vt 0.978247 0.000000
vt 0.978247 0.163480
vt 0.972969 0.163480
vt 0.181942 0.708208
vt 0.477075 0.902152
vt 0.981979 0.000000
vt 0.981979 0.163480
vt 0.181942 0.713486
vt 0.477075 0.907430
vt 0.954133 0.727306
vt 0.959411 0.727306
vt 0.959411 0.890786
vt 0.954133 0.890786
vt 0.963143 0.727306
vt 0.963143 0.890786
vt 0.201135 0.710774
vt 0.194685 0.713486
vt 0.194685 0.708208
vt 0.724165 0.386368
vt 0.726911 0.379992
vt 0.730643 0.383725
vt 0.978961 0.186779
vt 0.978961 0.350259
vt 0.975228 0.350259
vt 0.975228 0.186779
vt 0.198417 0.704476
vt 0.721633 0.379992
vt 0.969950 0.350259
vt 0.969950 0.186779
vt 0.203696 0.704476
vt 0.717901 0.383725
vt 0.882762 0.819064
vt 0.882762 0.982544
vt 0.879030 0.982544
vt 0.879030 0.819064
vt 0.207428 0.708208
vt 0.717901 0.389003
vt 0.873752 0.982544
vt 0.873752 0.819064
vt 0.207428 0.713486
vt 0.721633 0.392735
vt 0.963958 0.000000
vt 0.963958 0.163480
vt 0.960226 0.163480
vt 0.960226 0.000000
vt 0.203696 0.717218
vt 0.726911 0.392735
vt 0.954948 0.163480
vt 0.954948 0.000000
vt 0.198417 0.717218
vt 0.730643 0.389003
vt 0.218452 0.704475
vt 0.218452 0.867956
vt 0.214720 0.867956
vt 0.214720 0.704475
vt 0.209441 0.867956
vt 0.209441 0.704475
vt 0.483373 0.904713
vt 0.486085 0.911162
vt 0.480807 0.911162
vt 0.737087 0.386285
vt 0.739654 0.392735
vt 0.734376 0.392735
vt 0.978961 0.350259
vt 0.978961 0.513739
vt 0.975228 0.513739
vt 0.975228 0.350259
vt 0.477074 0.907430
vt 0.743386 0.389003
vt 0.969950 0.513739
vt 0.969950 0.350259
vt 0.477074 0.902152
vt 0.743386 0.383724
vt 0.987971 0.186779
vt 0.987971 0.350259
vt 0.984239 0.350259
vt 0.984239 0.186779
vt 0.480807 0.898419
vt 0.739654 0.379992
vt 0.486085 0.898419
vt 0.734376 0.379992
vt 0.951929 0.513739
vt 0.951929 0.677219
vt 0.948197 0.677219
vt 0.948197 0.513739
vt 0.489817 0.902152
vt 0.730643 0.383724
vt 0.942919 0.677219
vt 0.942919 0.513739
vt 0.489817 0.907430
vt 0.730643 0.389003
vt 0.987971 0.350259
vt 0.987971 0.513739
vt 0.984239 0.513739
vt 0.984239 0.350259
vt 0.978961 0.513739
vt 0.978961 0.350259
vt 0.339415 0.756801
vt 0.342161 0.750426
vt 0.345893 0.754158
vt 0.800180 0.343803
vt 0.793731 0.346514
vt 0.793731 0.341236
vt 0.978961 0.513739
vt 0.984239 0.513739
vt 0.984239 0.677219
vt 0.978961 0.677219
vt 0.336882 0.750426
vt 0.797463 0.337504
vt 0.987971 0.513739
vt 0.987971 0.677219
vt 0.333150 0.754158
vt 0.802741 0.337504
vt 0.969950 0.513739
vt 0.975228 0.513739
vt 0.975228 0.677219
vt 0.969950 0.677219
vt 0.333150 0.759436
vt 0.806473 0.341236
vt 0.978961 0.513739
vt 0.978961 0.677219
vt 0.336882 0.763168
vt 0.806473 0.346514
vt 0.942919 0.350259
vt 0.948197 0.350259
vt 0.948197 0.513739
vt 0.942919 0.513739
vt 0.342161 0.763168
vt 0.802741 0.350246
vt 0.951929 0.350259
vt 0.951929 0.513739
vt 0.345893 0.759436
vt 0.797463 0.350246
vt 0.960940 0.186779
vt 0.966218 0.186779
vt 0.966218 0.350259
vt 0.960940 0.350259
vt 0.879833 0.321441
vt 0.877194 0.327812
vt 0.873461 0.324080
vt 0.812845 0.343875
vt 0.819216 0.346514
vt 0.815484 0.350246
vt 0.960940 0.350259
vt 0.966218 0.350259
vt 0.966218 0.513739
vt 0.960940 0.513739
vt 0.882472 0.327812
vt 0.810206 0.350246
vt 0.886204 0.324080
vt 0.806474 0.346514
vt 0.981164 0.727306
vt 0.986442 0.727306
vt 0.986442 0.890786
vt 0.981164 0.890786
vt 0.886204 0.318801
vt 0.806474 0.341236
vt 0.990174 0.727306
vt 0.990174 0.890786
vt 0.882472 0.315069
vt 0.810206 0.337504
vt 0.945122 0.727306
vt 0.950401 0.727306
vt 0.950401 0.890786
vt 0.945122 0.890786
vt 0.877194 0.315069
vt 0.815484 0.337504
vt 0.954133 0.727306
vt 0.954133 0.890786
vt 0.873461 0.318801
vt 0.819216 0.341236
vt 0.981979 0.000000
vt 0.987257 0.000000
vt 0.987257 0.163480
vt 0.981979 0.163480
vt 0.990990 0.000000
vt 0.990990 0.163480
vt 0.867090 0.321441
vt 0.873461 0.324080
vt 0.869729 0.327812
vt 0.900280 0.319936
vt 0.897641 0.326307
vt 0.893909 0.322575
vt 0.616260 0.829999
vt 0.616260 0.993479
vt 0.612528 0.993479
vt 0.612528 0.829999
vt 0.864451 0.327812
vt 0.902920 0.326307
vt 0.607250 0.993479
vt 0.607250 0.829999
vt 0.860719 0.324080
vt 0.906652 0.322575
vt 0.954948 0.000000
vt 0.954948 0.163480
vt 0.951215 0.163480
vt 0.951215 0.000000
vt 0.860719 0.318802
vt 0.906652 0.317297
vt 0.945937 0.163480
vt 0.945937 0.000000
vt 0.864451 0.315069
vt 0.902920 0.313564
vt 0.996981 0.186779
vt 0.996981 0.350259
vt 0.993249 0.350259
vt 0.993249 0.186779
vt 0.869729 0.315069
vt 0.897641 0.313564
vt 0.987971 0.350259
vt 0.987971 0.186779
vt 0.873461 0.318802
vt 0.893909 0.317297
vt 0.966218 0.677219
vt 0.966218 0.513739
vt 0.960940 0.677219
vt 0.960940 0.513739
vt 0.416274 0.902437
vt 0.422646 0.899798
vt 0.422646 0.905077
vt 0.429017 0.902438
vt 0.431656 0.896066
vt 0.435388 0.899799
vt 0.996981 0.350259
vt 0.996981 0.513739
vt 0.993249 0.513739
vt 0.993249 0.350259
vt 0.418913 0.908809
vt 0.426378 0.896066
vt 0.987971 0.513739
vt 0.987971 0.350259
vt 0.413635 0.908809
vt 0.422646 0.899799
vt 0.972154 0.727306
vt 0.972154 0.890786
vt 0.968421 0.890786
vt 0.968421 0.727306
vt 0.409903 0.905077
vt 0.422646 0.905077
vt 0.963143 0.890786
vt 0.963143 0.727306
vt 0.409903 0.899798
vt 0.426378 0.908809
vt 0.996981 0.513739
vt 0.996981 0.677219
vt 0.993249 0.677219
vt 0.993249 0.513739
vt 0.413635 0.896066
vt 0.431656 0.908809
vt 0.987971 0.677219
vt 0.987971 0.513739
vt 0.418913 0.896066
vt 0.435388 0.905077
vt 0.960940 0.350259
vt 0.960940 0.513739
vt 0.957207 0.513739
vt 0.957207 0.350259
vt 0.441759 0.902438
vt 0.444399 0.896066
vt 0.448131 0.899799
vt 0.454502 0.902437
vt 0.460873 0.899798
vt 0.460873 0.905077
vt 0.951929 0.186779
vt 0.957207 0.186779
vt 0.957207 0.350259
vt 0.951929 0.350259
vt 0.439120 0.896066
vt 0.457141 0.908809
vt 0.960940 0.186779
vt 0.960940 0.350259
vt 0.435388 0.899799
vt 0.451863 0.908809
vt 0.990175 0.727306
vt 0.995453 0.727306
vt 0.995453 0.890786
vt 0.990175 0.890786
vt 0.435388 0.905077
vt 0.448131 0.905077
vt 0.999185 0.727306
vt 0.999185 0.890786
vt 0.439120 0.908809
vt 0.448131 0.899798
vt 0.963958 0.000000
vt 0.969236 0.000000
vt 0.969236 0.163480
vt 0.963958 0.163480
vt 0.444399 0.908809
vt 0.451863 0.896066
vt 0.972969 0.000000
vt 0.972969 0.163480
vt 0.448131 0.905077
vt 0.457141 0.896066
vt 0.990990 0.000000
vt 0.996268 0.000000
vt 0.996268 0.163480
vt 0.990990 0.163480
vt 1.000000 0.000000
vt 1.000000 0.163480
s 1
usemtl LupaTower.001
f 285/564/137 289/565/138 287/566/139
f 286/567/140 288/568/141 290/569/142
f 287/570/139 289/571/138 290/572/142 288/573/141
f 285/564/137 291/574/143 289/565/138
f 286/567/140 290/569/142 292/575/144
f 289/571/138 291/576/143 292/577/144 290/572/142
f 285/564/137 293/578/145 291/574/143
f 286/567/140 292/575/144 294/579/146
f 291/580/143 293/581/145 294/582/146 292/583/144
f 285/564/137 295/584/147 293/578/145
f 286/567/140 294/579/146 296/585/148
f 293/581/145 295/586/147 296/587/148 294/582/146
f 285/564/137 297/588/149 295/584/147
f 286/567/140 296/585/148 298/589/150
f 295/590/147 297/591/149 298/592/150 296/593/148
f 285/564/137 299/594/151 297/588/149
f 286/567/140 298/589/150 300/595/152
f 297/591/149 299/596/151 300/597/152 298/592/150
f 285/564/137 301/598/153 299/594/151
f 286/567/140 300/595/152 302/599/154
f 299/600/151 301/601/153 302/602/154 300/603/152
f 285/564/137 287/566/139 301/598/153
f 286/567/140 302/599/154 288/568/141
f 301/601/153 287/604/139 288/605/141 302/602/154
f 303/606/137 305/607/155 307/608/156
f 304/609/140 308/610/157 306/611/158
f 305/612/155 306/613/158 308/614/157 307/615/156
f 303/606/137 307/608/156 309/616/159
f 304/609/140 310/617/160 308/610/157
f 307/615/156 308/614/157 310/618/160 309/619/159
f 303/606/137 309/616/159 311/620/161
f 304/609/140 312/621/162 310/617/160
f 309/622/159 310/623/160 312/624/162 311/625/161
f 303/606/137 311/620/161 313/626/163
f 304/609/140 314/627/164 312/621/162
f 311/625/161 312/624/162 314/628/164 313/629/163
f 303/606/137 313/626/163 315/630/165
f 304/609/140 316/631/166 314/627/164
f 313/632/163 314/633/164 316/634/166 315/635/165
f 303/606/137 315/630/165 317/636/167
f 304/609/140 318/637/168 316/631/166
f 315/635/165 316/634/166 318/638/168 317/639/167
f 303/606/137 317/636/167 319/640/169
f 304/609/140 320/641/170 318/637/168
f 317/642/167 318/643/168 320/644/170 319/645/169
f 303/606/137 319/640/169 305/607/155
f 304/609/140 306/611/158 320/641/170
f 319/645/169 320/644/170 306/646/158 305/647/155
f 321/648/137 323/649/171 325/650/172
f 322/651/140 326/652/173 324/653/174
f 323/654/171 324/655/174 326/656/173 325/657/172
f 321/648/137 325/650/172 327/658/175
f 322/651/140 328/659/176 326/652/173
f 325/657/172 326/656/173 328/660/176 327/661/175
f 321/648/137 327/658/175 329/662/177
f 322/651/140 330/663/178 328/659/176
f 327/664/175 328/665/176 330/666/178 329/667/177
f 321/648/137 329/662/177 331/668/179
f 322/651/140 332/669/180 330/663/178
f 329/667/177 330/666/178 332/613/180 331/612/179
f 321/648/137 331/668/179 333/670/181
f 322/651/140 334/671/182 332/669/180
f 331/672/179 332/673/180 334/674/182 333/675/181
f 321/648/137 333/670/181 335/676/183
f 322/651/140 336/677/184 334/671/182
f 333/675/181 334/674/182 336/678/184 335/679/183
f 321/648/137 335/676/183 337/680/185
f 322/651/140 338/681/186 336/677/184
f 335/682/183 336/683/184 338/684/186 337/685/185
f 321/648/137 337/680/185 323/649/171
f 322/651/140 324/653/174 338/681/186
f 337/685/185 338/684/186 324/686/174 323/687/171
f 339/688/137 343/689/187 341/690/188
f 340/691/140 342/692/189 344/693/190
f 341/694/188 343/695/187 344/696/190 342/697/189
f 339/688/137 345/698/191 343/689/187
f 340/691/140 344/693/190 346/699/192
f 343/695/187 345/700/191 346/701/192 344/696/190
f 339/688/137 347/702/193 345/698/191
f 340/691/140 346/699/192 348/703/194
f 345/704/191 347/705/193 348/706/194 346/707/192
f 339/688/137 349/708/195 347/702/193
f 340/691/140 348/703/194 350/709/196
f 347/705/193 349/710/195 350/711/196 348/706/194
f 339/688/137 351/712/197 349/708/195
f 340/691/140 350/709/196 352/713/198
f 349/714/195 351/715/197 352/716/198 350/717/196
f 339/688/137 353/718/199 351/712/197
f 340/691/140 352/713/198 354/719/200
f 351/715/197 353/720/199 354/721/200 352/716/198
f 339/688/137 355/722/201 353/718/199
f 340/691/140 354/719/200 356/723/202
f 353/724/199 355/725/201 356/726/202 354/727/200
f 339/688/137 341/690/188 355/722/201
f 340/691/140 356/723/202 342/692/189
f 355/725/201 341/619/188 342/618/189 356/726/202
f 357/728/137 361/729/203 359/730/204
f 358/731/140 360/732/205 362/733/206
f 359/734/204 361/735/203 362/736/206 360/737/205
f 357/728/137 363/738/207 361/729/203
f 358/731/140 362/733/206 364/739/208
f 361/735/203 363/661/207 364/660/208 362/736/206
f 357/728/137 365/740/209 363/738/207
f 358/731/140 364/739/208 366/741/210
f 363/742/207 365/743/209 366/744/210 364/745/208
f 357/728/137 367/746/211 365/740/209
f 358/731/140 366/741/210 368/747/212
f 365/743/209 367/748/211 368/749/212 366/744/210
f 357/728/137 369/750/213 367/746/211
f 358/731/140 368/747/212 370/751/214
f 367/752/211 369/753/213 370/754/214 368/755/212
f 357/728/137 371/756/215 369/750/213
f 358/731/140 370/751/214 372/757/216
f 369/753/213 371/758/215 372/759/216 370/754/214
f 357/728/137 373/760/217 371/756/215
f 358/731/140 372/757/216 374/761/218
f 371/762/215 373/763/217 374/764/218 372/765/216
f 357/728/137 359/730/204 373/760/217
f 358/731/140 374/761/218 360/732/205
f 373/763/217 359/766/204 360/767/205 374/764/218
f 375/768/137 377/769/219 379/770/220
f 376/771/140 380/772/221 378/773/222
f 377/774/219 378/775/222 380/776/221 379/777/220
f 375/768/137 379/770/220 381/778/223
f 376/771/140 382/779/224 380/772/221
f 379/777/220 380/776/221 382/780/224 381/781/223
f 375/768/137 381/778/223 383/782/225
f 376/771/140 384/783/226 382/779/224
f 381/784/223 382/785/224 384/786/226 383/787/225
f 375/768/137 383/782/225 385/788/227
f 376/771/140 386/789/228 384/783/226
f 383/787/225 384/786/226 386/790/228 385/791/227
f 375/768/137 385/788/227 387/792/229
f 376/771/140 388/793/230 386/789/228
f 385/794/227 386/795/228 388/796/230 387/797/229
f 375/768/137 387/792/229 389/798/231
f 376/771/140 390/799/232 388/793/230
f 387/797/229 388/796/230 390/800/232 389/801/231
f 375/768/137 389/798/231 391/802/233
f 376/771/140 392/803/234 390/799/232
f 389/704/231 390/707/232 392/804/234 391/805/233
f 375/768/137 391/802/233 377/769/219
f 376/771/140 378/773/222 392/803/234
f 391/805/233 392/804/234 378/806/222 377/807/219
f 393/808/137 395/809/211 397/810/229
f 394/811/140 398/812/230 396/813/212
f 395/814/211 396/815/212 398/816/230 397/817/229
f 393/808/137 397/810/229 399/818/235
f 394/811/140 400/819/232 398/812/230
f 397/817/229 398/816/230 400/820/232 399/821/235
f 393/808/137 399/818/235 401/822/233
f 394/811/140 402/823/234 400/819/232
f 399/824/235 400/825/232 402/826/234 401/827/233
f 393/808/137 401/822/233 403/828/204
f 394/811/140 404/829/205 402/823/234
f 401/827/233 402/826/234 404/830/205 403/831/204
f 393/808/137 403/828/204 405/832/236
f 394/811/140 406/833/221 404/829/205
f 403/834/204 404/835/205 406/836/221 405/837/236
f 393/808/137 405/832/236 407/838/237
f 394/811/140 408/839/224 406/833/221
f 405/837/236 406/836/221 408/840/224 407/841/237
f 393/808/137 407/838/237 409/842/225
f 394/811/140 410/843/226 408/839/224
f 407/844/237 408/845/224 410/846/226 409/847/225
f 393/808/137 409/842/225 395/809/211
f 394/811/140 396/813/212 410/843/226
f 409/847/225 410/846/226 396/721/212 395/720/211
f 411/848/137 415/849/213 413/850/227
f 412/851/140 414/852/228 416/853/214
f 413/854/227 415/855/213 416/856/214 414/857/228
f 411/848/137 417/858/215 415/849/213
f 412/851/140 416/853/214 418/859/238
f 415/855/213 417/860/215 418/861/238 416/856/214
f 411/848/137 419/862/217 417/858/215
f 412/851/140 418/859/238 420/863/218
f 417/864/215 419/865/217 420/866/218 418/867/238
f 411/848/137 421/868/219 419/862/217
f 412/851/140 420/863/218 422/869/222
f 419/865/217 421/870/219 422/871/222 420/866/218
f 411/848/137 423/872/203 421/868/219
f 412/851/140 422/869/222 424/873/239
f 421/874/219 423/875/203 424/876/239 422/877/222
f 411/848/137 425/878/207 423/872/203
f 412/851/140 424/873/239 426/879/240
f 423/875/203 425/880/207 426/881/240 424/876/239
f 411/848/137 427/882/209 425/878/207
f 412/851/140 426/879/240 428/883/241
f 425/884/207 427/885/209 428/886/241 426/887/240
f 411/848/137 413/850/227 427/882/209
f 412/851/140 428/883/241 414/852/228
f 427/885/209 413/888/227 414/889/228 428/886/241
o hi.futuristic_signaltower_antenna.008
v -0.332282 3.652487 19.724480
v 0.703046 4.513359 19.006666
v 0.721405 4.394197 19.632011
v -0.331859 3.667606 19.749691
v 0.831401 4.159883 19.205561
v 0.642045 4.080652 19.808439
v 0.043602 3.580226 19.765139
v 0.739763 3.797833 19.409281
v 0.393430 3.843698 19.941772
v 0.043561 3.595436 19.790300
v 0.452689 3.524220 19.563236
v 0.042178 3.746821 19.996281
v 0.410584 3.681439 19.708185
v 0.047097 3.412359 19.626181
v -0.317595 3.815983 19.957363
v 0.410090 3.696523 19.733418
v -0.368333 3.492222 19.581244
v -0.589487 4.032654 19.835447
v 0.670331 3.929007 19.568884
v -0.682287 3.742408 19.440468
v -0.700646 4.338772 19.663200
v 0.669516 3.943787 19.594288
v -0.810642 4.095883 19.241573
v -0.621286 4.652316 19.486774
v 0.753245 4.256591 19.384558
v -0.719005 4.457934 19.037853
v -0.372671 4.889272 19.353443
v 0.752328 4.270967 19.410189
v -0.431930 4.731547 18.883894
v -0.021419 4.986148 19.298931
v 0.636335 4.590399 19.230448
v -0.026338 4.843410 18.820951
v 0.338354 4.916986 19.337849
v 0.637108 4.576419 19.204596
v 0.389092 4.763548 18.865889
v 0.610246 4.700315 19.459764
v 0.296648 4.846984 19.377239
v -0.017375 4.907351 19.343269
v -0.323962 4.822794 19.390848
v -0.540963 4.615971 19.507225
v -0.610231 4.342294 19.661217
v -0.513208 4.075103 19.811562
v -0.275889 3.885986 19.917973
v 0.038134 3.825619 19.951944
v 0.344721 3.910174 19.904364
v 0.561721 4.116999 19.787987
v 0.630990 4.390674 19.633995
v 0.533966 4.657865 19.483652
v 0.683397 4.600997 19.188000
v 0.682566 4.617332 19.218111
v 0.807126 4.274305 19.411127
v 0.808111 4.257548 19.381252
v 0.718198 3.922960 19.608820
v 0.719073 3.905768 19.579193
v 0.439611 3.657436 19.758228
v 0.440141 3.639917 19.728783
v 0.046011 3.548881 19.819307
v 0.046056 3.531228 19.789942
v -0.357136 3.626383 19.775700
v -0.357590 3.608824 19.746279
v -0.661807 3.869174 19.639088
v -0.662638 3.851914 19.609497
v -0.786367 4.212198 19.446072
v -0.787352 4.195365 19.416245
v -0.697439 4.563545 19.248377
v -0.698314 4.547143 19.218302
v -0.418852 4.829068 19.098970
v -0.419382 4.812995 19.068712
v -0.025252 4.937624 19.037888
v -0.025297 4.921683 19.007555
v 0.377895 4.860122 19.081495
v 0.378349 4.844088 19.051220
v -0.615576 3.893699 19.622473
v -0.616350 3.878859 19.597103
v -0.731569 4.213131 19.442730
v -0.732486 4.198685 19.417141
v -0.648758 4.540313 19.258633
v -0.649572 4.526270 19.232813
v -0.389331 4.787576 19.119501
v -0.389825 4.773836 19.093512
v -0.022802 4.888663 19.062620
v -0.022843 4.875051 19.036560
v 0.352618 4.816492 19.103231
v 0.353041 4.802791 19.077223
v 0.406121 4.480199 19.334375
v 0.226750 4.623140 19.253948
v -0.010598 4.668768 19.228273
v -0.242325 4.604857 19.264235
v -0.406340 4.448534 19.352198
v -0.458695 4.241683 19.468588
v -0.385362 4.039730 19.582220
v -0.205991 3.896791 19.662653
v 0.031358 3.851164 19.688326
v 0.263084 3.915074 19.652367
v 0.427099 4.071397 19.564404
v 0.479454 4.278247 19.448013
v 0.533966 4.551346 19.294346
v 0.296648 4.740463 19.187933
v -0.017375 4.800832 19.153963
v -0.323962 4.716275 19.201544
v -0.540963 4.509451 19.317919
v -0.610231 4.235777 19.471910
v -0.513208 3.968585 19.622255
v -0.275889 3.779467 19.728668
v 0.038134 3.719100 19.762638
v 0.344721 3.803656 19.715059
v 0.561721 4.010480 19.598680
v 0.630990 4.284154 19.444687
v 0.604231 3.646534 17.594816
v 0.714274 3.343483 17.765333
v 0.635710 3.033083 17.939993
v 0.389589 2.798503 18.071987
v 0.041859 2.702600 18.125950
v -0.314306 2.771070 18.087425
v -0.583472 2.985563 17.966730
v -0.693516 3.288614 17.796209
v -0.614952 3.599014 17.621553
v -0.368830 3.833595 17.489559
v -0.021100 3.929499 17.435595
v 0.335065 3.861029 17.474121
v -0.313663 2.756163 18.058407
v 0.041796 2.687830 18.096859
v 0.388838 2.783544 18.042999
v 0.634471 3.017659 17.911268
v 0.712880 3.327443 17.736954
v 0.603054 3.629893 17.566772
v -0.582296 2.970235 17.937954
v -0.692121 3.272684 17.767769
v -0.613713 3.582468 17.593458
v -0.368079 3.816584 17.461727
v -0.021038 3.912297 17.407871
v 0.334422 3.843965 17.446318
v 0.563551 3.608440 17.580091
v 0.312823 3.808246 17.467665
v 0.313424 3.824172 17.493614
v -0.019002 3.888080 17.457657
v -0.018944 3.872024 17.431778
v -0.573272 3.579622 17.631218
v -0.343555 3.798567 17.508024
v -0.572116 3.564179 17.604998
v -0.646600 3.289911 17.794233
v -0.645298 3.275042 17.767689
v -0.292665 2.806859 18.066038
v -0.543891 3.007061 17.953390
v -0.292065 2.792948 18.038956
v 0.039761 2.742954 18.101999
v 0.039702 2.729168 18.074842
v 0.594031 3.051412 17.928434
v 0.364314 2.832466 18.051632
v 0.592874 3.037013 17.901623
v 0.564649 3.623975 17.606264
v 0.666057 3.326152 17.738930
v 0.667358 3.341122 17.765417
v 0.363613 2.818503 18.024576
v -0.542792 2.992751 17.926531
v -0.342854 3.782690 17.482044
v 0.583888 3.357311 17.107298
v 0.690163 3.064642 17.271978
v 0.614290 2.764875 17.440655
v 0.376599 2.538330 17.568125
v 0.040781 2.445711 17.620239
v -0.303184 2.511835 17.583033
v -0.563130 2.718984 17.466475
v -0.669404 3.011652 17.301794
v -0.593531 3.311421 17.133123
v -0.355841 3.537965 17.005648
v -0.020022 3.630584 16.953533
v 0.323943 3.564461 16.990742
v 0.318031 3.115605 17.023932
v 0.340639 3.131991 17.023613
v 0.401838 2.963456 17.118446
v 0.375041 2.958608 17.112270
v 0.358146 2.790833 17.215578
v 0.334340 2.797800 17.202755
v 0.221270 2.660376 17.288984
v 0.206833 2.676272 17.271135
v 0.027886 2.607040 17.318996
v 0.026687 2.626590 17.299091
v -0.170189 2.645117 17.297569
v -0.157828 2.662060 17.279133
v -0.319881 2.764407 17.230448
v -0.297273 2.773183 17.216606
v -0.381080 2.932941 17.135614
v -0.354282 2.930182 17.128267
v -0.337388 3.105565 17.038483
v -0.313581 3.090988 17.037783
v -0.200512 3.236024 16.965076
v -0.186075 3.212515 16.969402
v -0.007128 3.289357 16.935066
v -0.005929 3.262198 16.941444
v 0.190947 3.251280 16.956491
v 0.178586 3.226728 16.961405
v 0.375041 2.978189 17.147070
v 0.318031 3.135186 17.058729
v 0.334340 2.817381 17.237555
v 0.206833 2.695856 17.305935
v 0.026687 2.646171 17.333893
v -0.157828 2.681642 17.313932
v -0.297273 2.792764 17.251406
v -0.354282 2.949762 17.163065
v -0.313581 3.110569 17.072582
v -0.186075 3.232097 17.004200
v -0.005929 3.281779 16.976244
v 0.178586 3.246310 16.996204
v 0.172445 3.047997 17.107790
v 0.116846 2.828332 17.231392
v -0.096088 3.099619 17.078743
v -0.151687 2.879954 17.202345
v 0.533966 4.642297 19.455984
v 0.630990 4.375105 19.606327
v -0.017375 4.891783 19.315601
v 0.296648 4.831415 19.349571
v 0.344721 3.894607 19.876696
v 0.038134 3.810050 19.924276
v -0.513208 4.059535 19.783894
v -0.610231 4.326726 19.633549
v -0.323962 4.807225 19.363180
v 0.561721 4.101430 19.760319
v -0.275889 3.870418 19.890305
v -0.540963 4.600402 19.479557
v 0.328875 4.901076 19.346802
v 0.592910 4.690667 19.465193
v 0.700856 4.393396 19.632462
v 0.623789 4.088913 19.803791
v 0.382360 3.858806 19.933271
v 0.041259 3.764729 19.986204
v -0.308116 3.831893 19.948410
v -0.572151 4.042301 19.830019
v -0.680097 4.339573 19.662750
v -0.603030 4.644055 19.491423
v -0.361601 4.874163 19.361944
v -0.020500 4.968240 19.309008
v 0.491910 4.528141 19.307867
v 0.273654 4.702068 19.210003
v -0.015146 4.757588 19.178762
v -0.297106 4.679820 19.222519
v -0.496676 4.489611 19.329550
v -0.560381 4.237919 19.471169
v -0.471151 3.992188 19.609438
v -0.252895 3.818261 19.707304
v 0.035905 3.762742 19.738543
v 0.317866 3.840508 19.694786
v 0.517436 4.030718 19.587755
v 0.581140 4.282411 19.446135
v 0.360126 4.597767 19.603212
v 0.201602 4.724094 19.532129
v -0.008160 4.764419 19.509441
v -0.212955 4.707936 19.541222
v -0.357907 4.569781 19.618959
v -0.404177 4.386971 19.721825
v -0.339367 4.208493 19.822248
v -0.180843 4.082165 19.893332
v 0.028919 4.041841 19.916021
v 0.233714 4.098323 19.884243
v 0.378666 4.236478 19.806503
v 0.424936 4.419286 19.703638
v 0.430820 4.637108 19.581074
v 0.240254 4.788970 19.495625
v -0.011908 4.837444 19.468346
v -0.258097 4.769547 19.506554
v -0.432348 4.603466 19.600004
v -0.487971 4.383706 19.723660
v -0.410061 4.169151 19.844387
v -0.219494 4.017288 19.929838
v 0.032667 3.968815 19.957113
v 0.278856 4.036712 19.918907
v 0.453107 4.202792 19.825457
v 0.508730 4.422552 19.701801
v -0.534699 4.326491 19.626240
v -0.473861 4.566857 19.490988
v 0.470244 4.603654 19.470282
v 0.555459 4.368979 19.602329
v -0.013997 4.822776 19.346987
v 0.261808 4.769756 19.376822
v 0.304030 3.946962 19.839794
v 0.034757 3.872695 19.881582
v -0.449484 4.091817 19.758286
v -0.283271 4.748509 19.388773
v 0.494621 4.128614 19.737581
v -0.241049 3.925716 19.851746
v 0.360126 4.663942 19.677021
v 0.201602 4.790270 19.605938
v -0.008160 4.830594 19.583250
v -0.212955 4.774112 19.615030
v -0.357907 4.635957 19.692768
v -0.404177 4.453147 19.795633
v -0.339367 4.274669 19.896057
v -0.180843 4.148340 19.967140
v 0.028919 4.108016 19.989830
v 0.233714 4.164498 19.958052
v 0.378666 4.302653 19.880312
v 0.424936 4.485461 19.777447
v 0.360126 4.567518 19.505655
v 0.201602 4.693846 19.434572
v -0.008160 4.734170 19.411884
v -0.212955 4.677688 19.443665
v -0.357907 4.539533 19.521402
v -0.404177 4.356723 19.624268
v -0.339367 4.178245 19.724691
v -0.180843 4.051916 19.795774
v 0.028919 4.011592 19.818464
v 0.233714 4.068074 19.786686
v 0.378666 4.206229 19.708946
v 0.424936 4.389037 19.606081
v 0.028919 4.016055 19.826395
v -0.180843 4.056379 19.803705
v -0.404177 4.361186 19.632200
v -0.357907 4.543996 19.529333
v 0.360126 4.571981 19.513586
v 0.424936 4.393500 19.614012
v -0.008160 4.738633 19.419817
v 0.201602 4.698309 19.442503
v 0.233714 4.072537 19.794619
v -0.339367 4.182708 19.732622
v -0.212955 4.682151 19.451597
v 0.378666 4.210692 19.716879
vn 0.4606 0.7884 -0.4078
vn -0.0447 0.8855 -0.4625
vn -0.5379 0.7494 -0.3859
vn -0.8871 0.4167 -0.1987
vn -0.5379 0.7495 -0.3859
vn -0.8424 -0.4535 0.2910
vn -0.9985 -0.0236 0.0491
vn -0.4606 -0.7578 0.4622
vn 0.0447 -0.8549 0.5168
vn 0.5379 -0.7189 0.4403
vn 0.8871 -0.3861 0.2531
vn 0.9985 0.0542 0.0053
vn 0.8424 0.4841 -0.2366
vn -0.0236 0.5221 0.8525
vn -0.0389 0.5075 0.8608
vn -0.0020 -0.4510 -0.8925
vn 0.0206 -0.4553 -0.8901
vn -0.0206 -0.5244 -0.8512
vn -0.0377 -0.5109 -0.8588
vn 0.0377 -0.4689 -0.8824
vn 0.0447 -0.4881 -0.8716
vn 0.0240 -0.5227 -0.8522
vn 0.0020 -0.5288 -0.8488
vn 0.0202 0.5238 0.8516
vn -0.0020 0.5281 0.8492
vn -0.0370 0.4693 0.8823
vn -0.0202 0.4560 0.8898
vn -0.0447 -0.4916 -0.8697
vn -0.0397 -0.4719 -0.8807
vn 0.0397 -0.5078 -0.8605
vn 0.0438 0.4916 0.8697
vn 0.0370 0.5105 0.8591
vn -0.0438 0.4882 0.8716
vn 0.0236 0.4577 0.8888
vn 0.0389 0.4723 0.8806
vn -0.9534 -0.2629 0.1480
vn -0.8428 -0.4690 0.2639
vn -0.0000 0.4904 0.8715
vn 0.0020 0.4517 0.8922
vn -0.0241 -0.4571 -0.8891
vn 0.4607 0.7841 -0.4159
vn 0.4577 0.8248 -0.3319
vn 0.8372 0.5224 -0.1618
vn 0.8426 0.4797 -0.2446
vn 0.9923 0.0952 0.0786
vn 0.9988 0.0497 -0.0027
vn 0.7976 0.6023 0.0319
vn 0.9454 0.1953 0.2609
vn 0.4361 0.8904 -0.1302
vn 0.8399 -0.2216 0.4955
vn 0.8816 -0.3424 0.3249
vn 0.8873 -0.3907 0.2451
vn 0.5093 -0.5367 0.6728
vn 0.5346 -0.6731 0.5110
vn 0.5381 -0.7235 0.4324
vn 0.0423 -0.6655 0.7452
vn 0.0444 -0.8083 0.5870
vn 0.0447 -0.8596 0.5090
vn -0.4361 -0.5735 0.6935
vn -0.4577 -0.7118 0.5327
vn -0.4607 -0.7625 0.4543
vn -0.7976 -0.2854 0.5314
vn -0.8372 -0.4094 0.3626
vn -0.8426 -0.4581 0.2831
vn -0.9454 0.1216 0.3024
vn -0.9923 0.0178 0.1222
vn -0.9988 -0.0281 0.0411
vn -0.8399 0.5385 0.0678
vn -0.8816 0.4554 -0.1241
vn -0.8873 0.4123 -0.2067
vn -0.5093 0.8536 -0.1095
vn -0.5346 0.7861 -0.3101
vn -0.5381 0.7452 -0.3940
vn -0.0423 0.9824 -0.1820
vn -0.0444 0.9213 -0.3862
vn -0.0447 0.8812 -0.4706
vn -0.4608 -0.7735 0.4352
vn -0.2154 -0.8510 0.4789
vn -0.3017 0.8309 -0.4675
vn -0.5382 0.7345 -0.4133
vn 0.9990 0.0389 -0.0219
vn 0.8428 0.4690 -0.2639
vn 0.9534 0.2629 -0.1480
vn 0.3017 -0.8309 0.4675
vn 0.5382 -0.7345 0.4133
vn -0.7380 0.5881 -0.3309
vn 0.4608 0.7735 -0.4352
vn 0.7380 -0.5881 0.3309
vn -0.9765 0.1877 -0.1056
vn 0.2154 0.8510 -0.4789
vn 0.2154 0.8511 -0.4789
vn 0.9765 -0.1877 0.1056
vn -0.8407 -0.5025 0.2017
vn -0.4597 -0.8062 0.3726
vn 0.0446 -0.9031 0.4271
vn 0.5368 -0.7673 0.3507
vn 0.8407 0.4332 -0.3248
vn 0.4597 0.7369 -0.4957
vn -0.5368 0.6980 -0.4738
vn -0.8853 0.3660 -0.2870
vn -0.9965 -0.0735 -0.0397
vn 0.8853 -0.4352 0.1638
vn 0.9965 0.0042 -0.0834
vn -0.0446 0.8338 -0.5502
vn 0.8421 0.4478 -0.3008
vn 0.9981 0.0180 -0.0590
vn 0.4604 0.7519 -0.4719
vn 0.8867 -0.4221 0.1887
vn 0.5377 -0.7547 0.3759
vn 0.0446 -0.8907 0.4524
vn -0.4604 -0.7936 0.3977
vn -0.8421 -0.4895 0.2266
vn -0.9981 -0.0598 -0.0152
vn -0.8867 0.3804 -0.2628
vn -0.5377 0.7130 -0.4500
vn -0.0446 0.8490 -0.5265
vn -0.0195 -0.5011 -0.8652
vn -0.0231 -0.4912 -0.8708
vn -0.0205 -0.4810 -0.8765
vn -0.0124 -0.4733 -0.8808
vn -0.0232 0.4894 0.8718
vn -0.0195 0.4794 0.8774
vn 0.0125 0.4732 0.8808
vn 0.0206 0.4810 0.8765
vn -0.0206 0.4996 0.8660
vn 0.0205 -0.4995 -0.8661
vn 0.0124 -0.5072 -0.8617
vn 0.0010 -0.5104 -0.8600
vn 0.0010 0.4701 0.8826
vn -0.0010 -0.4702 -0.8826
vn 0.0196 0.5011 0.8652
vn 0.0107 0.5082 0.8612
vn -0.0107 -0.5081 -0.8612
vn -0.0446 0.8489 -0.5267
vn -0.5377 0.7129 -0.4502
vn -0.8867 0.3802 -0.2631
vn -0.9981 -0.0599 -0.0154
vn -0.4604 -0.7937 0.3975
vn -0.8421 -0.4896 0.2264
vn -0.8420 -0.4896 0.2264
vn 0.0446 -0.8908 0.4521
vn 0.5377 -0.7548 0.3756
vn 0.8867 -0.4222 0.1885
vn 0.9981 0.0179 -0.0592
vn 0.4604 0.7518 -0.4721
vn 0.8420 0.4476 -0.3010
vn 0.8421 0.4476 -0.3010
vn 0.0106 -0.4724 -0.8813
vn 0.0195 -0.4794 -0.8774
vn -0.0107 0.4723 0.8814
vn 0.0232 0.4912 0.8708
vn -0.0125 0.5073 0.8617
vn 0.0231 -0.4894 -0.8718
vn -0.0010 0.5105 0.8599
vn 0.3628 -0.2407 -0.9002
vn 0.4301 -0.4259 -0.7960
vn 0.2776 -0.4602 -0.8433
vn 0.2342 -0.3408 -0.9105
vn 0.2466 -0.5827 -0.7744
vn 0.3821 -0.6155 -0.6893
vn 0.2317 -0.7588 -0.6087
vn 0.1496 -0.6752 -0.7223
vn 0.0124 -0.7130 -0.7011
vn 0.0192 -0.8174 -0.5757
vn -0.1280 -0.6860 -0.7162
vn -0.1984 -0.7756 -0.5993
vn -0.3628 -0.6445 -0.6730
vn -0.2342 -0.6014 -0.7639
vn -0.2775 -0.4819 -0.8311
vn -0.4301 -0.4594 -0.7772
vn -0.2466 -0.3595 -0.9000
vn -0.3821 -0.2697 -0.8839
vn -0.2317 -0.1264 -0.9645
vn -0.1495 -0.2670 -0.9520
vn -0.0124 -0.2292 -0.9733
vn -0.0192 -0.0678 -0.9975
vn 0.1280 -0.2562 -0.9581
vn 0.1984 -0.1097 -0.9740
vn 0.4521 -0.1623 -0.8771
vn 0.5358 -0.3930 -0.7473
vn -0.9990 -0.0389 0.0219
vn 0.2472 0.0010 -0.9690
vn 0.4760 -0.6293 -0.6143
vn 0.2887 -0.8079 -0.5138
vn 0.0240 -0.8809 -0.4728
vn -0.2472 -0.8287 -0.5021
vn -0.4521 -0.6655 -0.5940
vn -0.5358 -0.4348 -0.7238
vn -0.4760 -0.1985 -0.8567
vn -0.2887 -0.0199 -0.9572
vn -0.0240 0.0531 -0.9983
vn -0.0000 -0.4904 -0.8715
vn 0.0447 -0.8706 0.4899
vn 0.8875 -0.4016 0.2260
vn 0.9534 0.2630 -0.1480
vn -0.0447 0.8706 -0.4899
vn -0.6748 -0.6432 0.3619
vn 0.6748 0.6432 -0.3619
vn -0.2154 -0.8511 0.4789
vn -0.3017 0.8309 -0.4676
vn -0.0000 0.4903 0.8715
vn -0.8571 0.5151 0.0079
vn -0.9648 0.0897 0.2473
vn -0.9230 0.1516 0.3537
vn -0.8200 0.5587 0.1246
vn 0.9648 0.1649 0.2050
vn 0.8139 0.5802 -0.0287
vn 0.7787 0.6210 0.0896
vn 0.9230 0.2236 0.3132
vn 0.4450 0.8742 -0.1941
vn -0.0431 0.9681 -0.2470
vn -0.0413 0.9920 -0.1192
vn 0.4257 0.9022 -0.0687
vn 0.0431 -0.7136 0.6993
vn 0.5198 -0.5821 0.6253
vn 0.4972 -0.4910 0.7153
vn 0.0413 -0.6168 0.7860
vn -0.8139 -0.3257 0.4810
vn -0.7787 -0.2457 0.5773
vn -0.5198 0.8366 -0.1730
vn -0.4972 0.8663 -0.0484
vn 0.8571 -0.2606 0.4444
vn 0.8200 -0.1834 0.5422
vn -0.4450 -0.6197 0.6465
vn -0.4258 -0.5270 0.7355
vn -0.4561 -0.6957 0.5549
vn 0.0442 -0.7919 0.6091
vn 0.8342 0.5341 -0.1370
vn 0.4561 0.8354 -0.3066
vn 0.8784 -0.3276 0.3478
vn 0.9888 0.1084 0.1025
vn -0.5327 0.7969 -0.2849
vn -0.8784 0.4674 -0.0995
vn -0.8342 -0.3944 0.3854
vn 0.5327 -0.6572 0.5333
vn -0.0442 0.9316 -0.3607
vn -0.9888 0.0313 0.1459
vn 0.2154 0.8510 -0.4790
vn 0.3017 -0.8308 0.4676
vn 0.3017 -0.8309 0.4676
vn -0.6748 -0.6431 0.3619
vn -0.7380 0.5882 -0.3309
vn 0.6748 0.6431 -0.3619
vn -0.9534 -0.2630 0.1480
vt 0.743849 0.686502
vt 0.744572 0.701224
vt 0.742325 0.701253
vt 0.741603 0.686549
vt 0.744837 0.726714
vt 0.744572 0.756143
vt 0.742325 0.756104
vt 0.742589 0.726712
vt 0.742517 0.594207
vt 0.742024 0.568752
vt 0.744271 0.568702
vt 0.744765 0.594189
vt 0.744765 0.623619
vt 0.744272 0.649106
vt 0.742024 0.649056
vt 0.742517 0.623601
vt 0.342211 0.467420
vt 0.341717 0.441933
vt 0.343965 0.441915
vt 0.344458 0.467371
vt 0.341717 0.412504
vt 0.342211 0.387017
vt 0.344458 0.387066
vt 0.343965 0.412522
vt 0.117945 0.678743
vt 0.102144 0.706112
vt 0.099174 0.703143
vt 0.113889 0.677656
vt 0.742024 0.611820
vt 0.742024 0.643384
vt 0.737973 0.642299
vt 0.737973 0.612905
vt 0.624224 0.611820
vt 0.640006 0.584484
vt 0.642972 0.587450
vt 0.628275 0.612905
vt 0.726242 0.670720
vt 0.698907 0.686502
vt 0.697821 0.682451
vt 0.723277 0.667754
vt 0.640007 0.670720
vt 0.624224 0.643384
vt 0.628275 0.642299
vt 0.642972 0.667754
vt 0.102144 0.619771
vt 0.117945 0.647140
vt 0.113889 0.648227
vt 0.099174 0.622740
vt 0.043171 0.721914
vt 0.015802 0.706112
vt 0.018771 0.703143
vt 0.044258 0.717858
vt 0.667342 0.568702
vt 0.698906 0.568702
vt 0.697821 0.572753
vt 0.668427 0.572753
vt 0.667342 0.686502
vt 0.668428 0.682451
vt 0.043171 0.603969
vt 0.074774 0.603969
vt 0.073688 0.608025
vt 0.044258 0.608025
vt 0.074774 0.721914
vt 0.073688 0.717858
vt 0.000000 0.647140
vt 0.015802 0.619770
vt 0.018771 0.622740
vt 0.004056 0.648226
vt 0.343066 0.372302
vt 0.345312 0.372370
vt 0.743849 0.781624
vt 0.741603 0.781554
vt 0.345312 0.482068
vt 0.343066 0.482135
vt 0.903817 0.955068
vt 0.903404 0.933775
vt 0.917576 0.933775
vt 0.917989 0.955068
vt 0.066240 0.723433
vt 0.064856 0.728598
vt 0.040270 0.728598
vt 0.038886 0.723433
vt 0.018977 0.740891
vt 0.015196 0.737110
vt 0.006684 0.762184
vt 0.001519 0.760800
vt 0.006684 0.786770
vt 0.001519 0.788154
vt 0.018977 0.808063
vt 0.015196 0.811844
vt 0.040270 0.820356
vt 0.038886 0.825521
vt 0.064856 0.820356
vt 0.066240 0.825521
vt 0.086148 0.808063
vt 0.089929 0.811844
vt 0.098442 0.786770
vt 0.103607 0.788154
vt 0.098442 0.762184
vt 0.103607 0.760800
vt 0.086149 0.740891
vt 0.089930 0.737110
vt 0.000000 0.678743
vt 0.004056 0.677656
vt 0.726242 0.584484
vt 0.723277 0.587450
vt 0.220328 0.387678
vt 0.222050 0.372302
vt 0.237852 0.373221
vt 0.236592 0.388623
vt 0.265221 0.373751
vt 0.264760 0.389169
vt 0.187077 0.841776
vt 0.206477 0.846241
vt 0.206223 0.870638
vt 0.186794 0.869115
vt 0.187853 0.825986
vt 0.207168 0.832150
vt 0.206476 0.898806
vt 0.187077 0.900678
vt 0.296825 0.373751
vt 0.297286 0.389168
vt 0.207168 0.923195
vt 0.187853 0.928008
vt 0.324194 0.373221
vt 0.325454 0.388623
vt 0.185734 0.928008
vt 0.166418 0.921844
vt 0.167110 0.907753
vt 0.186510 0.912218
vt 0.339996 0.372302
vt 0.341717 0.387677
vt 0.167364 0.883355
vt 0.186794 0.884878
vt 0.587341 0.441943
vt 0.588602 0.426540
vt 0.615971 0.427071
vt 0.615510 0.442488
vt 0.167110 0.855188
vt 0.186509 0.853315
vt 0.647574 0.427071
vt 0.648035 0.442489
vt 0.166418 0.830799
vt 0.185734 0.825986
vt 0.674944 0.426540
vt 0.676204 0.441943
vt 0.080608 0.929062
vt 0.061293 0.924249
vt 0.061984 0.899860
vt 0.081384 0.901732
vt 0.519095 0.584093
vt 0.520493 0.568702
vt 0.547857 0.569479
vt 0.547257 0.584891
vt 0.062238 0.871692
vt 0.081667 0.870169
vt 0.579459 0.569763
vt 0.579781 0.585184
vt 0.061985 0.847295
vt 0.081384 0.842830
vt 0.606832 0.569479
vt 0.607954 0.584892
vt 0.061293 0.833204
vt 0.080608 0.827040
vt 0.622641 0.568702
vt 0.624225 0.584093
vt 0.903404 0.909189
vt 0.903817 0.887897
vt 0.917989 0.887896
vt 0.917577 0.909189
vt 0.863144 0.349155
vt 0.863144 0.327859
vt 0.877314 0.328133
vt 0.877314 0.349430
vt 0.891484 0.327859
vt 0.891484 0.349155
vt 0.877314 0.349430
vt 0.877314 0.328133
vt 0.687027 0.380985
vt 0.687328 0.393295
vt 0.673164 0.392820
vt 0.672862 0.380510
vt 0.573725 0.426518
vt 0.573504 0.401933
vt 0.587676 0.401805
vt 0.587897 0.426391
vt 0.131392 0.706901
vt 0.143685 0.707616
vt 0.143685 0.721788
vt 0.131392 0.721074
vt 0.687027 0.414590
vt 0.672862 0.414114
vt 0.573725 0.380637
vt 0.587897 0.380510
vt 0.143685 0.707616
vt 0.155978 0.706901
vt 0.155978 0.721074
vt 0.143685 0.721788
vt 0.703925 0.380510
vt 0.703925 0.405097
vt 0.689753 0.405097
vt 0.689753 0.380510
vt 0.829057 0.738508
vt 0.812964 0.747799
vt 0.804763 0.739599
vt 0.826056 0.727306
vt 0.847640 0.738508
vt 0.850642 0.727306
vt 0.863734 0.747799
vt 0.871935 0.739599
vt 0.873025 0.763893
vt 0.884228 0.760891
vt 0.873025 0.782476
vt 0.884228 0.785478
vt 0.863734 0.798570
vt 0.871935 0.806770
vt 0.847640 0.807861
vt 0.850642 0.819063
vt 0.829057 0.807861
vt 0.826056 0.819063
vt 0.812964 0.798570
vt 0.804763 0.806770
vt 0.803672 0.782476
vt 0.792470 0.785478
vt 0.803672 0.763893
vt 0.792470 0.760891
vt 0.645715 0.568702
vt 0.617829 0.568702
vt 0.571078 0.440997
vt 0.593680 0.568234
vt 0.579737 0.567424
vt 0.242930 0.514914
vt 0.228987 0.514104
vt 0.576327 0.711372
vt 0.548442 0.711121
vt 0.669865 0.568234
vt 0.524297 0.710436
vt 0.319116 0.514914
vt 0.294966 0.515382
vt 0.267080 0.515382
vt 0.600480 0.711121
vt 0.614430 0.710436
vt 0.868809 0.211372
vt 0.868342 0.235474
vt 0.827585 0.235924
vt 0.828037 0.212601
vt 0.869618 0.197456
vt 0.828820 0.199136
vt 0.868342 0.263305
vt 0.827585 0.262855
vt 0.868809 0.287407
vt 0.828037 0.286177
vt 0.869618 0.301322
vt 0.828819 0.299642
vt 0.464332 0.898419
vt 0.464799 0.874317
vt 0.505555 0.873867
vt 0.505104 0.897190
vt 0.464799 0.846487
vt 0.505555 0.846937
vt 0.464332 0.822384
vt 0.505104 0.823614
vt 0.869762 0.306536
vt 0.870446 0.282439
vt 0.911205 0.282355
vt 0.910544 0.305673
vt 0.870696 0.254609
vt 0.911447 0.255426
vt 0.870446 0.230504
vt 0.911205 0.232100
vt 0.869762 0.216582
vt 0.910543 0.218628
vt 0.119069 0.735857
vt 0.143219 0.721914
vt 0.144148 0.725383
vt 0.121608 0.738396
vt 0.171104 0.721914
vt 0.195254 0.735857
vt 0.192715 0.738396
vt 0.170175 0.725383
vt 0.286177 0.872930
vt 0.258346 0.872930
vt 0.259273 0.869469
vt 0.285249 0.869469
vt 0.220328 0.807082
vt 0.234244 0.782980
vt 0.236778 0.785514
vt 0.223790 0.808010
vt 0.310278 0.859015
vt 0.307745 0.856481
vt 0.143218 0.825986
vt 0.119068 0.812043
vt 0.121607 0.809504
vt 0.144148 0.822518
vt 0.105126 0.787893
vt 0.108594 0.786964
vt 0.220328 0.834913
vt 0.223790 0.833985
vt 0.209197 0.760007
vt 0.205729 0.760936
vt 0.286176 0.769065
vt 0.310279 0.782980
vt 0.307745 0.785514
vt 0.285249 0.772526
vt 0.105126 0.760007
vt 0.108594 0.760936
vt 0.510989 0.716868
vt 0.511223 0.739366
vt 0.508901 0.739320
vt 0.508667 0.716776
vt 0.510989 0.765341
vt 0.510351 0.787832
vt 0.508028 0.787881
vt 0.508667 0.765346
vt 0.741492 0.538438
vt 0.741492 0.512410
vt 0.743813 0.512436
vt 0.743813 0.538412
vt 0.742246 0.489774
vt 0.741491 0.476786
vt 0.743814 0.476856
vt 0.744570 0.489870
vt 0.741055 0.454290
vt 0.741055 0.428314
vt 0.743377 0.428289
vt 0.743377 0.454316
vt 0.744570 0.392735
vt 0.743814 0.405748
vt 0.741491 0.405819
vt 0.742246 0.392831
vt 0.510351 0.703874
vt 0.508028 0.703757
vt 0.743378 0.489940
vt 0.741055 0.489870
vt 0.743378 0.560907
vt 0.741055 0.560978
vt 0.209197 0.787893
vt 0.195254 0.812043
vt 0.192715 0.809504
vt 0.205729 0.786964
vt 0.234244 0.859015
vt 0.236778 0.856481
vt 0.258346 0.769065
vt 0.259273 0.772526
vt 0.324194 0.834913
vt 0.320732 0.833985
vt 0.171104 0.825986
vt 0.170175 0.822518
vt 0.324194 0.807082
vt 0.320732 0.808010
vt 0.189383 0.675407
vt 0.175952 0.683161
vt 0.175422 0.681180
vt 0.187933 0.673957
vt 0.160975 0.681180
vt 0.160444 0.683161
vt 0.147014 0.675407
vt 0.148464 0.673957
vt 0.141241 0.661445
vt 0.139260 0.661976
vt 0.141241 0.646999
vt 0.139260 0.646468
vt 0.147014 0.633037
vt 0.148464 0.634488
vt 0.160975 0.627264
vt 0.160444 0.625283
vt 0.175422 0.627264
vt 0.175953 0.625283
vt 0.189383 0.633037
vt 0.187933 0.634488
vt 0.195156 0.646999
vt 0.197137 0.646468
vt 0.195156 0.661445
vt 0.197137 0.661976
vt 0.204986 0.691010
vt 0.181664 0.704476
vt 0.348943 0.750426
vt 0.348943 0.762939
vt 0.345893 0.762998
vt 0.345893 0.750485
vt 0.218452 0.667688
vt 0.154733 0.704476
vt 0.131411 0.691010
vt 0.117945 0.667687
vt 0.117945 0.640757
vt 0.131410 0.617434
vt 0.154733 0.603969
vt 0.181664 0.603969
vt 0.204986 0.617434
vt 0.218452 0.640757
vt 0.565318 0.864181
vt 0.552398 0.853668
vt 0.558095 0.837223
vt 0.565318 0.849734
vt 0.744829 0.781624
vt 0.744652 0.788858
vt 0.741603 0.788960
vt 0.741780 0.781727
vt 0.790416 0.804056
vt 0.790137 0.818500
vt 0.787086 0.818440
vt 0.787366 0.803997
vt 0.344533 0.828353
vt 0.344533 0.813906
vt 0.347584 0.813906
vt 0.347584 0.828353
vt 0.347001 0.732625
vt 0.347131 0.745138
vt 0.344080 0.745111
vt 0.343950 0.732598
vt 0.344291 0.840864
vt 0.347342 0.840864
vt 0.344291 0.801395
vt 0.347342 0.801395
vt 0.790137 0.831013
vt 0.790417 0.838243
vt 0.787366 0.838184
vt 0.787086 0.830954
vt 0.347131 0.718179
vt 0.344080 0.718152
vt 0.345312 0.480475
vt 0.345312 0.473239
vt 0.348358 0.473062
vt 0.348359 0.480298
vt 0.744829 0.801370
vt 0.741780 0.801472
vt 0.534190 0.843156
vt 0.545584 0.830000
vt 0.518626 0.837223
vt 0.531137 0.829999
vt 0.558095 0.876692
vt 0.542531 0.870759
vt 0.524323 0.860246
vt 0.511403 0.849734
vt 0.545584 0.883915
vt 0.531137 0.883915
vt 0.518626 0.876692
vt 0.511403 0.864180
vt 0.706351 0.380510
vt 0.706351 0.405096
vt 0.143685 0.705190
vt 0.155978 0.704475
vt 0.900978 0.933775
vt 0.900978 0.909189
vt 0.571078 0.401955
vt 0.571299 0.380659
vt 0.689753 0.393377
vt 0.689451 0.414671
vt 0.131392 0.704475
vt 0.143685 0.705190
vt 0.571299 0.426540
vt 0.689451 0.381066
vt 0.893909 0.327812
vt 0.893909 0.349108
vt 0.860719 0.349108
vt 0.860719 0.327812
vt 0.901391 0.887896
vt 0.901391 0.955068
vt 0.091042 0.735998
vt 0.066647 0.721914
vt 0.105126 0.760393
vt 0.105126 0.788561
vt 0.091041 0.812956
vt 0.066647 0.827040
vt 0.038478 0.827040
vt 0.014084 0.812956
vt -0.000000 0.788561
vt -0.000000 0.760393
vt 0.014084 0.735998
vt 0.038479 0.721914
vt 0.281262 0.925805
vt 0.280731 0.944502
vt 0.272038 0.941895
vt 0.272522 0.924801
vt 0.597832 0.861281
vt 0.598026 0.842577
vt 0.606765 0.845028
vt 0.606587 0.862128
vt 0.280731 0.874706
vt 0.281261 0.885508
vt 0.272523 0.887958
vt 0.272038 0.878082
vt 0.715027 0.415401
vt 0.715027 0.426216
vt 0.706179 0.423270
vt 0.706179 0.413382
vt 0.753626 0.886380
vt 0.753989 0.905081
vt 0.745241 0.906007
vt 0.744910 0.888909
vt 0.281456 0.904211
vt 0.272700 0.905058
vt 0.598556 0.901571
vt 0.598026 0.882874
vt 0.606765 0.881870
vt 0.607250 0.898964
vt 0.753989 0.926675
vt 0.745241 0.925750
vt 0.598556 0.831775
vt 0.607250 0.835151
vt 0.753626 0.945377
vt 0.744910 0.942848
vt 0.405056 0.836791
vt 0.396845 0.851014
vt 0.390650 0.849354
vt 0.400522 0.832256
vt 0.419280 0.828579
vt 0.417620 0.822384
vt 0.435703 0.828579
vt 0.437363 0.822384
vt 0.449926 0.836791
vt 0.454460 0.832256
vt 0.458137 0.851014
vt 0.464332 0.849354
vt 0.458137 0.867437
vt 0.464332 0.869097
vt 0.449926 0.881660
vt 0.454460 0.886195
vt 0.435703 0.889872
vt 0.437363 0.896066
vt 0.419279 0.889872
vt 0.417620 0.896066
vt 0.405056 0.881660
vt 0.400522 0.886195
vt 0.396845 0.867437
vt 0.390650 0.869097
vt 0.767698 0.927184
vt 0.767319 0.946766
vt 0.584321 0.841310
vt 0.584877 0.829999
vt 0.584321 0.883506
vt 0.584118 0.860895
vt 0.295169 0.903826
vt 0.294966 0.926437
vt 0.767698 0.904572
vt 0.584877 0.903084
vt 0.294966 0.884241
vt 0.767319 0.884990
vt 0.585635 0.914383
vt 0.599281 0.912362
vt 0.294410 0.872930
vt 0.294411 0.946015
vt 0.677724 0.805130
vt 0.697306 0.816436
vt 0.708612 0.836018
vt 0.708612 0.858629
vt 0.697306 0.878212
vt 0.677724 0.889517
vt 0.655113 0.889517
vt 0.635530 0.878211
vt 0.624224 0.858629
vt 0.624225 0.836018
vt 0.635530 0.816436
vt 0.655112 0.805130
vt 0.105126 0.848420
vt 0.113337 0.834198
vt 0.127561 0.825986
vt 0.143984 0.825986
vt 0.158207 0.834198
vt 0.166418 0.848420
vt 0.166418 0.864844
vt 0.158207 0.879067
vt 0.143984 0.887278
vt 0.127560 0.887278
vt 0.113337 0.879067
vt 0.105126 0.864844
vt 0.061293 0.865898
vt 0.053081 0.880121
vt 0.038858 0.888333
vt 0.022435 0.888333
vt 0.008212 0.880121
vt 0.000000 0.865898
vt -0.000000 0.849475
vt 0.008212 0.835252
vt 0.022435 0.827040
vt 0.038858 0.827040
vt 0.053081 0.835252
vt 0.061292 0.849475
vt 0.654681 0.920166
vt 0.655376 0.920160
vt 0.655229 0.934384
vt 0.654533 0.934391
vt 0.638957 0.928509
vt 0.639652 0.928516
vt 0.639249 0.942736
vt 0.638554 0.942729
vt 0.904230 0.696035
vt 0.903535 0.696042
vt 0.903683 0.681817
vt 0.904378 0.681810
vt 0.638554 0.889646
vt 0.639249 0.889652
vt 0.639652 0.897868
vt 0.638957 0.897862
vt 0.654825 0.942600
vt 0.654130 0.942606
vt 0.654130 0.889524
vt 0.654825 0.889517
vt 0.655229 0.903737
vt 0.654533 0.903743
vt 0.639800 0.912093
vt 0.639105 0.912087
vt 0.904781 0.726678
vt 0.904086 0.726684
vt 0.903683 0.712464
vt 0.904378 0.712458
vt 0.904086 0.673601
vt 0.904781 0.673595
vt 0.918707 0.681682
vt 0.919111 0.673466
vt 0.918707 0.712329
vt 0.918559 0.695907
vt 0.624775 0.911958
vt 0.624628 0.928381
vt 0.640204 0.903872
vt 0.640352 0.920295
vt 0.919111 0.726549
vt 0.624628 0.897733
vt 0.639800 0.889652
vt 0.640204 0.934520
vt 0.639800 0.942735
vt 0.624224 0.889517
vt 0.624224 0.942601
s 1
usemtl LupaTower_Lights.001
f 512/890/242 510/891/243 509/892/243 511/893/242
f 508/894/244 506/895/245 505/896/245 507/897/246
f 501/898/247 503/899/248 504/900/248 502/901/247
f 429/902/249 435/903/250 438/904/250 432/905/249
f 441/906/251 447/907/252 450/908/252 444/909/251
f 453/910/253 462/911/254 459/912/254 456/913/253
f 462/911/254 512/958/242 511/959/242 459/912/254
f 507/897/246 509/892/243 510/891/243 508/894/244
f 506/895/245 504/960/248 503/961/248 505/896/245
f 502/901/247 429/902/249 432/905/249 501/898/247
f 444/909/251 438/962/250 435/963/250 441/906/251
f 447/907/252 453/910/253 456/913/253 450/908/252
f 514/1092/279 513/1093/279 525/1094/279 526/1095/279
f 515/1096/279 514/1092/279 526/1095/279 527/1097/279
f 516/1098/279 515/1096/279 527/1097/279 528/1099/279
f 517/1100/279 516/1098/279 528/1099/279 529/1101/279
f 518/1102/279 517/1100/279 529/1101/279 530/1103/279
f 519/1104/279 518/1102/279 530/1103/279 531/1105/279
f 520/1106/279 519/1104/279 531/1105/279 532/1107/279
f 521/1108/279 520/1106/279 532/1107/279 533/1109/279
f 522/1110/279 521/1108/279 533/1109/279 534/1111/279
f 523/1112/279 522/1110/279 534/1111/279 535/1113/279
f 524/1114/279 523/1112/279 535/1113/279 536/1115/279
f 513/1093/279 524/1114/279 536/1115/279 525/1094/279
f 565/1196/375 584/1197/376 567/1198/376 564/1199/375
f 568/1200/377 570/1201/378 569/1202/378 566/1203/377
f 571/1204/379 572/1205/380 583/1206/381 573/1207/379
f 575/1208/382 582/1209/383 577/1210/383 574/1211/382
f 578/1212/384 580/1213/385 581/1214/385 576/1215/384
f 563/1216/386 579/1217/387 561/1218/388 562/1219/386
f 562/1220/386 565/1196/375 564/1199/375 563/1221/386
f 566/1203/377 567/1198/376 584/1197/376 568/1200/377
f 570/1222/378 583/1206/381 572/1205/380 569/1223/378
f 573/1207/379 575/1224/382 574/1225/382 571/1204/379
f 576/1215/384 577/1210/383 582/1209/383 578/1212/384
f 579/1217/387 581/1214/385 580/1213/385 561/1218/388
f 621/1280/433 633/1281/433 632/1282/433 622/1283/433
f 633/1281/433 635/1316/433 631/1317/433 632/1282/433
f 635/1316/433 629/1318/433 630/1319/433 631/1317/433
f 623/1320/433 634/1321/433 633/1281/433 621/1280/433
f 634/1321/433 636/1322/433 635/1316/433 633/1281/433
f 636/1322/433 628/1323/433 629/1318/433 635/1316/433
f 624/1324/433 625/1325/433 634/1321/433 623/1320/433
f 625/1325/433 626/1326/433 636/1322/433 634/1321/433
f 626/1326/433 627/1327/433 628/1323/433 636/1322/433
f 710/1444/279 711/1445/279 712/1446/279 713/1447/279 714/1448/279 715/1449/279 716/1450/279 717/1451/279 718/1452/279 719/1453/279 720/1454/279 709/1455/279
f 709/1498/323 737/1479/323 740/1497/484 710/1499/439
f 719/1500/435 744/1495/435 738/1476/333 720/1501/333
f 712/1502/327 743/1491/327 736/1472/327 713/1503/327
f 715/1504/278 742/1489/278 734/1468/482 716/1505/438
f 718/1506/329 741/1492/329 744/1495/435 719/1500/435
f 711/1507/437 739/1483/437 743/1491/320 712/1502/320
f 714/1508/485 735/1486/277 742/1489/278 715/1504/278
f 717/1509/434 733/1471/434 741/1485/481 718/1510/325
f 710/1511/332 740/1480/331 739/1483/437 711/1507/437
f 720/1501/324 738/1476/436 737/1479/323 709/1498/323
f 713/1503/330 736/1472/330 735/1475/330 714/1512/330
f 716/1505/440 734/1468/319 733/1471/434 717/1509/434
usemtl LupaTower.001
f 496/914/255 494/915/256 506/916/256 508/917/255
f 497/918/257 499/919/258 511/920/258 509/921/257
f 487/922/259 489/923/260 501/924/260 432/925/259
f 478/926/261 479/927/262 456/928/262 459/929/261
f 483/930/263 485/931/264 438/932/264 444/933/263
f 500/934/265 498/935/266 510/936/266 512/937/265
f 490/938/267 488/939/268 429/940/268 502/941/267
f 491/942/269 493/943/270 505/944/270 503/945/269
f 481/946/271 483/930/263 444/933/263 450/947/271
f 480/948/272 477/949/273 462/950/273 453/951/272
f 494/915/256 492/952/274 504/953/274 506/916/256
f 484/954/275 482/955/276 447/956/276 441/957/275
f 638/964/277 637/965/278 525/966/278 536/967/277
f 649/968/279 465/969/279 476/970/279 650/971/279
f 650/971/279 476/970/279 475/972/279 651/973/279
f 651/973/279 475/972/279 474/974/279 652/975/279
f 652/975/279 474/974/279 473/976/279 653/977/279
f 653/977/279 473/976/279 472/978/279 654/979/279
f 654/979/279 472/978/279 471/980/279 655/981/279
f 655/981/279 471/980/279 470/982/279 656/983/279
f 656/983/279 470/982/279 469/984/279 657/985/279
f 657/985/279 469/984/279 468/986/279 658/987/279
f 658/987/279 468/986/279 467/988/279 659/989/279
f 659/989/279 467/988/279 466/990/279 660/991/279
f 660/991/279 466/990/279 465/969/279 649/968/279
f 498/935/266 496/914/255 508/917/255 510/936/266
f 485/931/264 487/922/259 432/925/259 438/932/264
f 488/939/268 486/992/280 435/993/280 429/940/268
f 492/952/274 490/938/267 502/941/267 504/953/274
f 479/927/262 481/946/271 450/947/271 456/928/262
f 495/994/281 497/918/257 509/921/257 507/995/281
f 499/919/258 478/926/261 459/929/261 511/920/258
f 482/955/276 480/948/272 453/951/272 447/956/276
f 493/943/270 495/994/281 507/995/281 505/944/270
f 486/992/280 484/954/275 441/957/275 435/993/280
f 477/949/273 500/934/265 512/937/265 462/950/273
f 489/923/260 491/942/269 503/945/269 501/924/260
f 463/996/282 500/997/283 477/998/284 430/999/285
f 430/999/285 477/998/284 480/1000/286 433/1001/287
f 478/1002/288 464/1003/288 431/1004/289 479/1005/289
f 499/1006/290 461/1007/290 464/1003/288 478/1002/288
f 479/1005/289 431/1004/289 434/1008/291 481/1009/291
f 433/1001/287 480/1000/286 482/1010/292 436/1011/293
f 481/1009/291 434/1008/291 437/1012/294 483/1013/294
f 436/1011/293 482/1010/292 484/1014/295 439/1015/296
f 483/1016/294 437/1017/294 440/1018/297 485/1019/297
f 439/1015/296 484/1014/295 486/1020/298 442/1021/299
f 485/1019/297 440/1018/297 443/1022/300 487/1023/300
f 442/1024/299 486/1025/298 488/1026/301 445/1027/302
f 487/1023/300 443/1022/300 446/1028/303 489/1029/303
f 445/1027/302 488/1026/301 490/1030/304 448/1031/305
f 489/1029/303 446/1028/303 449/1032/306 491/1033/306
f 448/1031/305 490/1030/304 492/1034/307 451/1035/308
f 491/1036/306 449/1037/306 452/1038/309 493/1039/309
f 451/1040/308 492/1041/307 494/1042/310 454/1043/311
f 493/1039/309 452/1038/309 455/1044/312 495/1045/312
f 454/1043/311 494/1042/310 496/1046/313 457/1047/314
f 495/1045/312 455/1044/312 458/1048/315 497/1049/315
f 457/1047/314 496/1046/313 498/1050/316 460/1051/317
f 497/1049/315 458/1048/315 461/1052/290 499/1053/290
f 460/1051/317 498/1050/316 500/1054/283 463/1055/282
f 640/1056/318 639/1057/319 527/1058/319 526/1059/318
f 642/1060/320 641/1061/321 534/1062/320 533/1063/320
f 644/1064/322 643/1065/323 531/1066/323 530/1067/324
f 639/1068/325 645/1069/326 528/1070/326 527/1071/325
f 641/1072/321 646/1073/327 535/1074/327 534/1075/327
f 643/1076/323 647/1077/328 532/1078/328 531/1079/323
f 645/1069/326 648/1080/329 529/1081/329 528/1070/326
f 646/1073/330 638/1082/330 536/1083/330 535/1074/330
f 637/965/278 640/1056/318 526/1059/318 525/966/278
f 647/1084/328 642/1085/331 533/1086/332 532/1087/328
f 648/1088/333 644/1089/322 530/1090/333 529/1091/333
f 445/1027/302 448/1031/305 543/1116/334 542/1117/335
f 439/1118/296 442/1024/299 541/1119/336 540/1120/337
f 463/996/282 430/999/285 537/1121/338 548/1122/339
f 442/1024/299 445/1027/302 542/1117/335 541/1119/336
f 454/1043/311 457/1047/314 546/1123/340 545/1124/341
f 448/1031/305 451/1035/308 544/1125/342 543/1116/334
f 451/1040/308 454/1043/311 545/1124/341 544/1126/342
f 436/1011/293 439/1015/296 540/1127/337 539/1128/343
f 433/1001/287 436/1011/293 539/1128/343 538/1129/344
f 457/1047/314 460/1051/317 547/1130/345 546/1123/340
f 460/1051/317 463/1055/282 548/1131/339 547/1130/345
f 430/999/285 433/1001/287 538/1129/344 537/1121/338
f 554/1132/346 553/1133/347 586/1134/347 585/1135/346
f 560/1136/348 554/1132/346 585/1135/346 596/1137/348
f 553/1133/347 552/1138/349 587/1139/349 586/1134/347
f 552/1138/349 551/1140/350 588/1141/350 587/1139/349
f 551/1140/350 550/1142/351 589/1143/351 588/1141/350
f 550/1144/351 549/1145/352 590/1146/352 589/1147/351
f 549/1145/352 555/1148/353 591/1149/353 590/1146/352
f 555/1148/353 556/1150/354 592/1151/354 591/1149/353
f 556/1152/354 557/1153/355 593/1154/355 592/1155/354
f 557/1153/355 558/1156/356 594/1157/356 593/1154/355
f 558/1156/356 559/1158/357 595/1159/357 594/1157/356
f 559/1158/357 560/1160/348 596/1161/348 595/1159/357
f 543/1162/358 544/1163/359 569/1164/359 572/1165/358
f 545/1166/360 546/1167/361 567/1168/361 566/1169/360
f 556/1170/362 555/1171/363 583/1172/363 570/1173/362
f 551/1174/364 552/1175/365 578/1176/365 582/1177/364
f 557/1178/366 556/1170/362 570/1173/362 568/1179/366
f 539/1180/367 540/1181/368 577/1182/368 576/1183/367
f 540/1181/368 541/1184/369 574/1185/369 577/1182/368
f 544/1163/359 545/1166/360 566/1169/360 569/1164/359
f 550/1186/370 551/1174/364 582/1177/364 575/1187/370
f 546/1167/361 547/1188/371 564/1189/371 567/1168/361
f 554/1190/372 560/1191/373 562/1192/373 561/1193/372
f 541/1184/369 542/1194/374 571/1195/374 574/1185/369
f 548/1226/389 537/1227/390 579/1228/390 563/1229/389
f 555/1171/363 549/1230/391 573/1231/391 583/1172/363
f 552/1175/365 553/1232/392 580/1233/392 578/1176/365
f 553/1232/392 554/1190/372 561/1193/372 580/1233/392
f 558/1234/393 557/1178/366 568/1179/366 584/1235/393
f 549/1230/391 550/1186/370 575/1187/370 573/1231/391
f 537/1227/390 538/1236/394 581/1237/394 579/1228/390
f 560/1191/373 559/1238/395 565/1239/395 562/1192/373
f 542/1194/374 543/1162/358 572/1165/358 571/1195/374
f 538/1236/394 539/1180/367 576/1183/367 581/1237/394
f 547/1188/371 548/1226/389 563/1229/389 564/1189/371
f 559/1238/395 558/1234/393 584/1235/393 565/1239/395
f 598/1240/396 599/1241/397 600/1242/398 597/1243/399
f 602/1244/400 600/1242/398 599/1241/397 601/1245/401
f 601/1245/401 603/1246/402 604/1247/403 602/1244/400
f 606/1248/404 604/1247/403 603/1246/402 605/1249/405
f 608/1250/406 606/1248/404 605/1249/405 607/1251/407
f 607/1251/407 609/1252/408 610/1253/409 608/1250/406
f 612/1254/410 610/1253/409 609/1252/408 611/1255/411
f 614/1256/412 612/1254/410 611/1255/411 613/1257/413
f 613/1257/413 615/1258/414 616/1259/415 614/1256/412
f 618/1260/416 616/1259/415 615/1258/414 617/1261/417
f 620/1262/418 618/1260/416 617/1261/417 619/1263/419
f 619/1263/419 598/1240/396 597/1243/399 620/1262/418
f 599/1241/397 598/1240/396 585/1264/420 586/1265/421
f 600/1266/422 602/1267/330 623/1268/330 621/1269/422
f 598/1240/396 619/1263/419 596/1270/423 585/1264/420
f 601/1245/401 599/1241/397 586/1265/421 587/1271/424
f 603/1246/402 601/1245/401 587/1271/424 588/1272/425
f 605/1249/405 603/1246/402 588/1272/425 589/1273/426
f 607/1251/407 605/1249/405 589/1273/426 590/1274/427
f 609/1252/408 607/1251/407 590/1274/427 591/1275/428
f 611/1255/411 609/1252/408 591/1275/428 592/1276/429
f 613/1257/413 611/1255/411 592/1276/429 593/1277/430
f 615/1258/414 613/1257/413 593/1277/430 594/1278/431
f 617/1261/417 615/1258/414 594/1278/431 595/1279/432
f 619/1263/419 617/1261/417 595/1279/432 596/1270/423
f 616/1284/325 618/1285/434 631/1286/434 630/1287/325
f 602/1288/327 604/1289/321 624/1290/321 623/1291/327
f 612/1292/322 614/1293/435 629/1294/435 628/1295/322
f 597/1296/278 600/1297/422 621/1298/422 622/1299/278
f 610/1300/436 612/1292/322 628/1295/322 627/1301/436
f 614/1293/435 616/1302/329 630/1303/329 629/1294/435
f 606/1304/437 608/1305/332 626/1306/332 625/1307/437
f 604/1289/321 606/1304/437 625/1307/437 624/1290/321
f 620/1308/438 597/1296/278 622/1299/278 632/1309/438
f 608/1310/439 610/1311/439 627/1312/439 626/1313/439
f 618/1285/434 620/1314/440 632/1315/440 631/1286/434
f 468/1328/333 469/1329/322 644/1089/322 648/1088/333
f 471/1330/328 472/1331/331 642/1085/331 647/1084/328
f 476/1332/278 465/1333/438 640/1056/318 637/965/278
f 474/1334/330 475/1335/330 638/1082/330 646/1073/330
f 467/1336/326 468/1337/329 648/1080/329 645/1069/326
f 470/1338/439 471/1339/328 647/1077/328 643/1076/323
f 473/1340/321 474/1334/327 646/1073/327 641/1072/321
f 466/1341/325 467/1336/326 645/1069/326 639/1068/325
f 469/1342/322 470/1343/436 643/1065/323 644/1064/322
f 472/1344/441 473/1345/321 641/1061/321 642/1060/320
f 465/1333/319 466/1346/319 639/1057/319 640/1056/318
f 475/1347/277 476/1332/278 637/965/278 638/964/277
f 458/1348/279 660/991/279 649/968/279 461/1349/279
f 455/1350/442 659/989/279 660/991/279 458/1348/279
f 452/1351/279 658/987/279 659/989/279 455/1350/442
f 449/1352/279 657/985/279 658/987/279 452/1351/279
f 446/1353/279 656/983/279 657/985/279 449/1352/279
f 443/1354/279 655/981/279 656/983/279 446/1353/279
f 440/1355/279 654/979/279 655/981/279 443/1354/279
f 437/1356/279 653/977/279 654/979/279 440/1355/279
f 434/1357/279 652/975/279 653/977/279 437/1356/279
f 431/1358/279 651/973/279 652/975/279 434/1357/279
f 464/1359/279 650/971/279 651/973/279 431/1358/279
f 461/1349/279 649/968/279 650/971/279 464/1359/279
f 698/1360/443 697/1361/444 690/1362/445 689/1363/446
f 700/1364/447 699/1365/448 685/1366/449 696/1367/450
f 702/1368/451 701/1369/452 687/1370/453 686/1371/454
f 704/1372/455 703/1373/456 694/1374/457 693/1375/458
f 697/1376/444 705/1377/459 691/1378/460 690/1379/445
f 701/1369/452 706/1380/461 688/1381/462 687/1370/453
f 703/1382/456 707/1383/463 695/1384/464 694/1385/457
f 705/1377/459 708/1386/465 692/1387/466 691/1378/460
f 706/1380/461 698/1360/443 689/1363/446 688/1381/462
f 707/1383/463 700/1364/447 696/1367/450 695/1384/464
f 699/1365/448 702/1388/451 686/1389/454 685/1366/449
f 708/1386/465 704/1390/455 693/1391/458 692/1387/466
f 674/1392/279 673/1393/279 685/1394/279 686/1395/279
f 675/1396/279 674/1392/279 686/1395/279 687/1397/279
f 676/1398/279 675/1396/279 687/1397/279 688/1399/279
f 677/1400/279 676/1398/279 688/1399/279 689/1401/279
f 678/1402/279 677/1400/279 689/1401/279 690/1403/279
f 679/1404/279 678/1402/279 690/1403/279 691/1405/279
f 680/1406/279 679/1404/279 691/1405/279 692/1407/279
f 681/1408/279 680/1406/279 692/1407/279 693/1409/279
f 682/1410/279 681/1408/279 693/1409/279 694/1411/279
f 683/1412/279 682/1410/279 694/1411/279 695/1413/279
f 684/1414/279 683/1412/279 695/1413/279 696/1415/279
f 673/1393/279 684/1414/279 696/1415/279 685/1394/279
f 668/1416/467 669/1417/468 704/1390/455 708/1386/465
f 661/1418/469 662/1419/470 702/1388/451 699/1365/448
f 671/1420/471 672/1421/472 700/1364/447 707/1383/463
f 664/1422/473 665/1423/474 698/1360/443 706/1380/461
f 667/1424/475 668/1416/467 708/1386/465 705/1377/459
f 670/1425/476 671/1420/471 707/1383/463 703/1382/456
f 663/1426/477 664/1422/473 706/1380/461 701/1369/452
f 666/1427/478 667/1424/475 705/1377/459 697/1376/444
f 669/1428/468 670/1425/476 703/1382/456 704/1429/455
f 662/1430/470 663/1426/477 701/1369/452 702/1368/451
f 672/1421/472 661/1418/469 699/1365/448 700/1364/447
f 665/1423/474 666/1431/478 697/1361/444 698/1360/443
f 661/1432/433 672/1433/433 671/1434/433 670/1435/433 669/1436/433 668/1437/433 667/1438/433 666/1439/433 665/1440/433 664/1441/433 663/1442/433 662/1443/433
f 722/1456/433 721/1457/433 732/1458/433 731/1459/433 730/1460/433 729/1461/433 728/1462/433 727/1463/433 726/1464/433 725/1465/433 724/1466/433 723/1467/433
f 734/1468/319 728/1469/319 729/1470/434 733/1471/434
f 736/1472/330 725/1473/330 726/1474/330 735/1475/330
f 738/1476/436 732/1477/436 721/1478/323 737/1479/323
f 740/1480/331 722/1481/479 723/1482/437 739/1483/437
f 733/1471/434 729/1470/434 730/1484/480 741/1485/481
f 735/1486/277 726/1487/277 727/1488/278 742/1489/278
f 739/1483/437 723/1482/437 724/1490/320 743/1491/320
f 741/1492/329 730/1493/329 731/1494/435 744/1495/435
f 742/1489/278 727/1488/278 728/1469/482 734/1468/482
f 743/1491/327 724/1490/483 725/1473/483 736/1472/327
f 744/1495/435 731/1494/435 732/1477/333 738/1476/333
f 737/1479/323 721/1478/323 722/1496/484 740/1497/484
o hi.futuristic_signaltower_antenna.011
v -2.465746 3.538909 18.807608
v -2.465746 3.906145 18.599470
v -2.465746 3.469254 18.684711
v -2.465746 3.836491 18.476574
v 2.465746 3.538909 18.807608
v 2.465746 3.906145 18.599470
v 2.465746 3.469254 18.684711
v 2.465746 3.836491 18.476574
vn -1.0000 -0.0000 -0.0000
vn -0.0000 -0.4931 -0.8700
vn 1.0000 -0.0000 -0.0000
vn -0.0000 0.4931 0.8700
vn -0.0000 -0.8700 0.4931
vn -0.0000 0.8700 -0.4931
vt 0.706351 0.412784
vt 0.706351 0.380510
vt 0.717152 0.380510
vt 0.717152 0.412784
vt 0.824744 0.727306
vt 0.792470 0.727306
vt 0.792470 0.350259
vt 0.824744 0.350259
vt 0.333150 0.750426
vt 0.333150 0.718152
vt 0.343951 0.718152
vt 0.343951 0.750426
vt 0.857018 0.727306
vt 0.857018 0.350259
vt 0.932118 0.350259
vt 0.932118 0.727306
vt 0.921317 0.727306
vt 0.921317 0.350259
vt 0.942919 0.350259
vt 0.942919 0.727306
vt 0.932118 0.727306
vt 0.932118 0.350259
s 0
usemtl LupaTower.003
f 745/1513/486 746/1514/486 748/1515/486 747/1516/486
f 747/1517/487 748/1518/487 752/1519/487 751/1520/487
f 751/1521/488 752/1522/488 750/1523/488 749/1524/488
f 749/1525/489 750/1517/489 746/1520/489 745/1526/489
f 747/1527/490 751/1528/490 749/1529/490 745/1530/490
f 752/1531/491 748/1532/491 746/1533/491 750/1534/491
o hi.futuristic_signaltower_antenna.013
v -0.564100 3.549324 19.481588
v -0.598306 3.706187 19.384962
v -0.564100 3.443969 19.295700
v -0.598306 3.607457 19.210762
v -0.479597 3.549324 19.481588
v -0.519117 3.706187 19.384962
v -0.479597 3.443969 19.295700
v -0.519117 3.607457 19.210762
v 0.564100 3.549324 19.481588
v 0.598306 3.706187 19.384962
v 0.564100 3.443969 19.295700
v 0.598306 3.607457 19.210762
v 0.479597 3.549324 19.481588
v 0.519117 3.706187 19.384962
v 0.479597 3.443969 19.295700
v 0.519117 3.607457 19.210762
v 0.428346 3.420333 19.554697
v 0.352092 3.476015 19.545038
v 0.127993 3.379355 19.600250
v -0.428346 3.420333 19.554697
v -0.364179 3.454942 19.535082
v -0.127993 3.379355 19.600250
v -0.352092 3.476015 19.545038
v 0.364179 3.454942 19.535082
v -0.364179 3.349586 19.349192
v -0.442830 3.414129 19.576378
v -0.165212 3.296941 19.643204
v 0.364179 3.349586 19.349192
v -0.428346 3.314976 19.368807
v 0.165212 3.296941 19.643204
v 0.442830 3.414129 19.576378
v 0.428346 3.314976 19.368807
v -0.352092 3.351871 19.325998
v -0.127993 3.254844 19.380560
v 0.127993 3.254844 19.380560
v 0.352092 3.351871 19.325998
v -0.442830 3.293188 19.362991
v -0.165212 3.175651 19.429199
v 0.165212 3.175651 19.429199
v 0.442830 3.293188 19.362991
vn -0.9832 -0.1589 0.0901
vn -0.0000 -0.4610 -0.8874
vn 0.9777 0.1826 -0.1035
vn -0.0000 0.5245 0.8514
vn -0.6849 0.6339 -0.3593
vn -0.0000 0.8700 -0.4931
vn 0.9832 -0.1589 0.0901
vn -0.9777 0.1826 -0.1035
vn -0.0000 0.4931 0.8700
vn -0.0000 -0.4931 -0.8700
vn 0.7375 -0.5875 0.3330
vn -0.4449 0.7792 -0.4416
vn -0.0153 0.4684 0.8834
vn -0.0000 0.4622 0.8868
vn 0.0153 0.4684 0.8834
vn 0.6849 0.6339 -0.3593
vn -0.7375 -0.5875 0.3330
vn 0.5759 0.6997 -0.4228
vn 0.7432 0.5821 -0.3299
vn -0.5759 0.7222 -0.3831
vn -0.7431 0.5821 -0.3299
vn 0.5759 0.7222 -0.3831
vn -0.5759 0.6997 -0.4228
vn 0.7431 0.5821 -0.3299
vn -0.7432 0.5821 -0.3299
vn 0.4449 0.7792 -0.4416
vn 0.0153 -0.5173 -0.8557
vn -0.0000 -0.5234 -0.8521
vn -0.0153 -0.5173 -0.8557
vn 0.4371 -0.7825 0.4435
vn -0.0000 -0.8700 0.4931
vn -0.4371 -0.7825 0.4435
vt 0.624503 0.407025
vt 0.638801 0.407539
vt 0.638801 0.422848
vt 0.624503 0.423362
vt 0.681470 0.903180
vt 0.685746 0.889517
vt 0.691097 0.892351
vt 0.687180 0.906204
vt 0.168960 0.720812
vt 0.155978 0.720299
vt 0.155978 0.704989
vt 0.168960 0.704476
vt 0.394567 0.912752
vt 0.390650 0.898899
vt 0.396001 0.896066
vt 0.400277 0.909729
vt 0.885408 0.621330
vt 0.885408 0.637667
vt 0.876584 0.637667
vt 0.876584 0.621330
vt 0.672601 0.422334
vt 0.666546 0.422334
vt 0.666546 0.407025
vt 0.672601 0.407025
vt 0.653099 0.407025
vt 0.653099 0.423362
vt 0.638801 0.422848
vt 0.638801 0.407539
vt 0.700723 0.903180
vt 0.695014 0.906204
vt 0.691097 0.892351
vt 0.696448 0.889517
vt 0.168960 0.720812
vt 0.168960 0.704476
vt 0.181942 0.704989
vt 0.181942 0.720298
vt 0.405986 0.912752
vt 0.400277 0.909729
vt 0.404552 0.896066
vt 0.409903 0.898899
vt 0.409903 0.924212
vt 0.404144 0.924604
vt 0.616260 0.864558
vt 0.616260 0.849249
vt 0.622315 0.849249
vt 0.622315 0.864558
vt 0.696856 0.918056
vt 0.691097 0.917664
vt 0.117945 0.720812
vt 0.117945 0.704476
vt 0.131392 0.704475
vt 0.131392 0.720812
vt 0.903506 0.727306
vt 0.884256 0.727306
vt 0.884228 0.710172
vt 0.903535 0.710172
vt 0.048867 0.909558
vt 0.041766 0.912404
vt 0.033255 0.895270
vt 0.038553 0.888333
vt 0.048867 0.934822
vt 0.041766 0.931976
vt 0.396409 0.924604
vt 0.390650 0.924212
vt 0.038553 0.956047
vt 0.033255 0.949110
vt 0.885408 0.604994
vt 0.885408 0.621330
vt 0.876584 0.621330
vt 0.876584 0.604994
vt 0.691097 0.917664
vt 0.685338 0.918056
vt 0.653099 0.423362
vt 0.653099 0.407025
vt 0.666546 0.407025
vt 0.666546 0.423362
vt 0.504396 0.805683
vt 0.509302 0.805683
vt 0.510409 0.806891
vt 0.503472 0.807139
vt 0.509302 0.789346
vt 0.510409 0.788138
vt 0.622274 0.831456
vt 0.617368 0.831456
vt 0.616260 0.830248
vt 0.623198 0.829999
vt 0.622274 0.847793
vt 0.623198 0.849249
vt 0.504396 0.789346
vt 0.503472 0.787889
vt 0.617368 0.847793
vt 0.616260 0.849001
vt 0.884228 0.690600
vt 0.903535 0.690600
vt 0.884256 0.673466
vt 0.903506 0.673466
vt 0.333150 0.657374
vt 0.338449 0.650437
vt 0.348763 0.671663
vt 0.341661 0.674508
vt 0.348763 0.696926
vt 0.341661 0.694080
vt 0.338449 0.718152
vt 0.333150 0.711214
vt 0.140533 0.954993
vt 0.121780 0.954993
vt 0.121753 0.933767
vt 0.140560 0.933767
vt 0.121753 0.908504
vt 0.140560 0.908504
vt 0.121780 0.887278
vt 0.140533 0.887278
s 0
usemtl LupaTower.003
f 753/1535/492 754/1536/492 756/1537/492 755/1538/492
f 755/1539/493 756/1540/493 760/1541/493 759/1542/493
f 759/1543/494 760/1544/494 758/1545/494 757/1546/494
f 757/1547/495 758/1548/495 754/1549/495 753/1550/495
f 765/1551/496 767/1552/496 780/1553/496 776/1554/496
f 760/1555/497 756/1556/497 754/1557/497 758/1558/497
f 761/1559/498 763/1560/498 764/1561/498 762/1562/498
f 763/1563/493 767/1564/493 768/1565/493 764/1566/493
f 767/1567/499 765/1568/499 766/1569/499 768/1570/499
f 765/1571/495 761/1572/495 762/1573/495 766/1574/495
f 761/1572/500 765/1571/500 776/1575/500 769/1576/500
f 768/1577/497 766/1578/497 762/1579/497 764/1580/497
f 767/1564/501 763/1563/501 784/1581/501 780/1582/501
f 763/1583/502 761/1584/502 769/1585/502 784/1586/502
f 770/1587/503 788/1588/503 787/1589/503 771/1590/503
f 779/1591/504 774/1592/504 775/1593/504 778/1594/504
f 782/1595/505 771/1596/505 774/1592/505 779/1591/505
f 772/1597/500 773/1598/500 757/1547/500 753/1550/500
f 783/1599/506 770/1600/506 771/1596/506 782/1595/506
f 773/1601/507 777/1602/507 759/1603/507 757/1604/507
f 777/1605/501 781/1606/501 755/1539/501 759/1542/501
f 781/1607/508 772/1608/508 753/1609/508 755/1610/508
f 780/1611/509 784/1612/509 792/1613/509 788/1614/509
f 784/1612/510 769/1615/510 783/1616/510 792/1613/510
f 773/1617/511 772/1618/511 778/1619/511 775/1620/511
f 777/1621/512 773/1617/512 775/1620/512 785/1622/512
f 769/1615/513 776/1623/513 770/1624/513 783/1616/513
f 781/1625/514 777/1621/514 785/1622/514 789/1626/514
f 776/1623/515 780/1611/515 788/1614/515 770/1624/515
f 772/1618/516 781/1625/516 789/1626/516 778/1619/516
f 771/1590/497 787/1589/497 786/1627/497 774/1628/497
f 774/1628/517 786/1627/517 785/1629/517 775/1630/517
f 788/1631/518 792/1632/518 791/1633/518 787/1634/518
f 787/1634/519 791/1633/519 790/1635/519 786/1636/519
f 786/1636/520 790/1635/520 789/1637/520 785/1638/520
f 792/1639/521 783/1640/521 782/1641/521 791/1642/521
f 791/1642/522 782/1641/522 779/1643/522 790/1644/522
f 790/1644/523 779/1643/523 778/1645/523 789/1646/523
o hi.futuristic_signaltower_antenna.014
v -0.798318 2.432664 19.018913
v -0.473101 3.464219 19.018913
v -0.798318 2.432664 18.801439
v -0.473101 3.464219 18.801439
v -0.735831 2.432664 19.018913
v -0.410615 3.464219 19.018913
v -0.735831 2.432664 18.801439
v -0.410615 3.464219 18.801439
v 0.798318 2.432664 19.018913
v 0.473101 3.464219 19.018913
v 0.798318 2.432664 18.801439
v 0.473101 3.464219 18.801439
v 0.735831 2.432664 19.018913
v 0.410615 3.464219 19.018913
v 0.735831 2.432664 18.801439
v 0.410615 3.464219 18.801439
vn -0.9537 0.3007 -0.0000
vn -0.0000 -0.0000 -1.0000
vn 0.9537 -0.3007 -0.0000
vn -0.0000 -0.0000 1.0000
vn -0.0000 -1.0000 -0.0000
vn -0.0000 1.0000 -0.0000
vn 0.9537 0.3007 -0.0000
vn -0.9537 -0.3007 -0.0000
vt 0.000000 0.956076
vt 0.000000 0.888332
vt 0.016628 0.888332
vt 0.016628 0.956076
vt 0.345312 0.456435
vt 0.345312 0.373738
vt 0.349869 0.372302
vt 0.349869 0.454998
vt 0.016627 0.956076
vt 0.016627 0.888333
vt 0.033255 0.888333
vt 0.033255 0.956076
vt 0.737046 0.769198
vt 0.737046 0.686502
vt 0.741603 0.687938
vt 0.741603 0.770635
vt 0.510409 0.840394
vt 0.505632 0.840394
vt 0.505632 0.823767
vt 0.510409 0.823767
vt 0.350090 0.473062
vt 0.345312 0.473062
vt 0.345312 0.456435
vt 0.350090 0.456435
vt 0.784325 0.967686
vt 0.767698 0.967686
vt 0.767698 0.884990
vt 0.784325 0.884990
vt 0.508028 0.787889
vt 0.503472 0.786453
vt 0.503472 0.703757
vt 0.508028 0.705193
vt 0.121753 0.969975
vt 0.105126 0.969975
vt 0.105126 0.887278
vt 0.121753 0.887278
vt 0.791643 0.770230
vt 0.787086 0.771667
vt 0.787086 0.688970
vt 0.791643 0.687534
vt 0.787086 0.854871
vt 0.787086 0.838243
vt 0.791864 0.838243
vt 0.791864 0.854871
vt 0.505632 0.807139
vt 0.510409 0.807139
s 0
usemtl LupaTower.003
f 793/1647/524 794/1648/524 796/1649/524 795/1650/524
f 795/1651/525 796/1652/525 800/1653/525 799/1654/525
f 799/1655/526 800/1656/526 798/1657/526 797/1658/526
f 797/1659/527 798/1660/527 794/1661/527 793/1662/527
f 795/1663/528 799/1664/528 797/1665/528 793/1666/528
f 800/1667/529 796/1668/529 794/1669/529 798/1670/529
f 801/1671/530 803/1672/530 804/1673/530 802/1674/530
f 803/1675/525 807/1676/525 808/1677/525 804/1678/525
f 807/1679/531 805/1680/531 806/1681/531 808/1682/531
f 805/1683/527 801/1684/527 802/1685/527 806/1686/527
f 803/1687/528 801/1688/528 805/1689/528 807/1690/528
f 808/1665/529 806/1691/529 802/1692/529 804/1666/529
o hi.futuristic_signaltower_antenna.015
v 3.076724 5.288354 17.573345
v 3.195758 4.477224 17.807564
v 3.349067 3.723926 18.109222
v 3.558367 3.065099 18.521053
v 3.801941 2.464102 19.000322
v 1.486017 2.464102 20.177317
v 1.242443 3.065098 19.698050
v 1.033144 3.723923 19.286221
v 0.879836 4.477223 18.984562
v 0.760800 5.288354 18.750341
v 3.174230 5.410330 17.765203
v 3.293265 4.599200 17.999424
v 3.446573 3.845901 18.301081
v 3.655873 3.187076 18.712912
v 3.899447 2.586078 19.192181
v 1.583523 2.586078 20.369177
v 1.339949 3.187075 19.889908
v 1.130650 3.845899 19.478079
v 0.977342 4.599199 19.176420
v 0.858306 5.410330 18.942200
v 3.638608 1.865970 19.690590
v 3.904421 2.214189 19.201967
v 3.823779 1.912623 19.549118
v 3.921074 2.040079 19.370270
v 1.588496 2.214189 20.378963
v 2.139891 1.865970 20.452267
v 1.714634 2.040079 20.491623
v 1.916458 1.912622 20.518454
v 3.023728 5.655995 17.469067
v 2.550783 6.102348 17.550125
v 2.936815 5.879170 17.433586
v 2.763705 6.042548 17.463257
v 1.052066 6.102348 18.311802
v 0.707804 5.655995 18.646063
v 0.856384 6.042548 18.432592
v 0.730376 5.879170 18.554941
v 4.001927 2.336164 19.393826
v 3.736114 1.987947 19.882448
v 4.018580 2.162055 19.562128
v 3.921286 2.034600 19.740976
v 2.237397 1.987947 20.644125
v 1.686003 2.336164 20.570822
v 2.013964 2.034598 20.710312
v 1.812141 2.162055 20.683483
v 2.648289 6.224324 17.741983
v 3.121234 5.777971 17.660925
v 2.861211 6.164524 17.655115
v 3.034321 6.001147 17.625444
v 0.805311 5.777971 18.837923
v 1.149572 6.224324 18.503660
v 0.827883 6.001147 18.746801
v 0.953890 6.164524 18.624451
v -3.325389 5.288354 17.732071
v -3.399440 4.477224 17.984150
v -3.494812 3.723926 18.308813
v -3.625016 3.065099 18.752048
v -3.776542 2.464102 19.267866
v -1.284012 2.464102 20.000065
v -1.132486 3.065098 19.484249
v -1.002283 3.723923 19.041016
v -0.906911 4.477223 18.716354
v -0.832860 5.288354 18.464272
v -3.386047 5.410330 17.938559
v -3.460098 4.599200 18.190641
v -3.555470 3.845901 18.515301
v -3.685674 3.187076 18.958536
v -3.837199 2.586078 19.474354
v -1.344670 2.586078 20.206554
v -1.193144 3.187075 19.690739
v -1.062941 3.845899 19.247505
v -0.967569 4.599199 18.922842
v -0.893517 5.410330 18.670761
v -3.489360 1.865970 19.916458
v -3.840294 2.214189 19.484888
v -3.697340 1.912623 19.811354
v -3.825792 2.040079 19.653389
v -1.347764 2.214189 20.217087
v -1.876355 1.865970 20.390293
v -1.451095 2.040079 20.350975
v -1.644573 1.912622 20.414371
v -3.292421 5.655995 17.619841
v -2.812632 6.102348 17.612768
v -3.213491 5.879170 17.569019
v -3.037876 6.042548 17.566431
v -1.199627 6.102348 18.086601
v -0.799891 5.655995 18.352041
v -0.985108 6.042548 18.169449
v -0.838795 5.879170 18.266607
v -3.900952 2.336164 19.691376
v -3.550018 1.987947 20.122948
v -3.886450 2.162055 19.859879
v -3.757999 2.034600 20.017845
v -1.937013 1.987947 20.596781
v -1.408422 2.336164 20.423578
v -1.705231 2.034598 20.620861
v -1.511754 2.162055 20.557465
v -2.873290 6.224324 17.819258
v -3.353079 5.777971 17.826330
v -3.098534 6.164524 17.772919
v -3.274149 6.001147 17.775509
v -0.860549 5.777971 18.558533
v -1.260285 6.224324 18.293091
v -0.899453 6.001147 18.473097
v -1.045766 6.164524 18.375937
vn -0.3368 -0.6689 -0.6627
vn -0.3549 -0.6215 -0.6984
vn -0.3939 -0.4941 -0.7750
vn -0.4228 -0.3595 -0.8319
vn -0.4314 -0.3057 -0.8488
vn 0.3368 0.6689 0.6627
vn 0.3549 0.6215 0.6984
vn 0.3939 0.4941 0.7750
vn 0.3939 0.4942 0.7750
vn 0.4228 0.3595 0.8319
vn 0.4314 0.3057 0.8488
vn 0.8915 -0.0000 -0.4531
vn -0.8915 -0.0000 0.4531
vn -0.8607 -0.0979 0.4997
vn -0.8033 -0.2252 0.5514
vn -0.8484 -0.1292 0.5133
vn -0.4724 -0.6152 0.6312
vn -0.2679 -0.7456 0.6102
vn -0.2355 -0.7615 0.6038
vn 0.1030 -0.8623 0.4959
vn 0.1074 -0.8628 0.4940
vn 0.9148 -0.1292 -0.3828
vn 0.9189 -0.2252 -0.3239
vn 0.9110 -0.0979 -0.4007
vn 0.7883 -0.6152 -0.0095
vn 0.6266 -0.7615 0.1657
vn 0.6508 -0.7456 0.1433
vn 0.3357 -0.8628 0.3779
vn 0.3399 -0.8623 0.3755
vn -0.3398 0.8623 -0.3755
vn -0.4465 0.8403 -0.3073
vn -0.3359 0.8628 -0.3778
vn -0.7883 0.6152 0.0095
vn -0.8907 0.4128 0.1903
vn -0.8757 0.4576 0.1542
vn -0.9111 0.0988 0.4002
vn -0.9147 0.1283 0.3833
vn 0.8603 0.0988 -0.5001
vn 0.8033 0.2252 -0.5514
vn 0.8488 0.1283 -0.5129
vn 0.4724 0.6152 -0.6312
vn 0.2670 0.7460 -0.6100
vn 0.2365 0.7610 -0.6040
vn -0.1031 0.8623 -0.4958
vn -0.1072 0.8628 -0.4940
vn -0.3359 -0.6710 -0.6610
vn -0.4317 -0.3032 -0.8495
vn 0.3359 0.6710 0.6610
vn 0.4317 0.3032 0.8495
vn 0.2095 -0.6689 -0.7132
vn 0.2208 -0.6215 -0.7517
vn 0.2450 -0.4942 -0.8341
vn 0.2630 -0.3595 -0.8953
vn 0.2684 -0.3057 -0.9135
vn -0.2095 0.6689 0.7132
vn -0.2208 0.6215 0.7517
vn -0.2450 0.4941 0.8341
vn -0.2630 0.3595 0.8953
vn -0.2684 0.3057 0.9135
vn -0.9595 -0.0000 -0.2818
vn 0.9595 -0.0000 0.2818
vn 0.9377 -0.0979 0.3333
vn 0.9282 -0.1292 0.3490
vn 0.8908 -0.2252 0.3947
vn 0.5802 -0.6152 0.5338
vn 0.3423 -0.7615 0.5504
vn 0.3753 -0.7456 0.5507
vn -0.0149 -0.8628 0.5053
vn -0.0102 -0.8623 0.5063
vn -0.9695 -0.1292 -0.2085
vn -0.9690 -0.0979 -0.2268
vn -0.9627 -0.2252 -0.1498
vn -0.7767 -0.6152 0.1352
vn -0.6135 -0.7456 0.2602
vn -0.5856 -0.7615 0.2778
vn -0.2652 -0.8623 0.4314
vn -0.2607 -0.8628 0.4331
vn 0.2651 0.8623 -0.4315
vn 0.2609 0.8628 -0.4330
vn 0.3826 0.8403 -0.3840
vn 0.7767 0.6152 -0.1352
vn 0.8891 0.4576 -0.0091
vn 0.9105 0.4128 0.0236
vn 0.9695 0.1283 0.2090
vn 0.9690 0.0988 0.2263
vn -0.9375 0.0988 -0.3338
vn -0.9285 0.1283 -0.3485
vn -0.8908 0.2252 -0.3947
vn -0.5802 0.6152 -0.5338
vn -0.1141 0.8403 -0.5299
vn 0.0148 0.8628 -0.5053
vn 0.0104 0.8623 -0.5063
vn 0.2090 -0.6710 -0.7114
vn 0.2686 -0.3032 -0.9143
vn -0.2090 0.6710 0.7114
vn -0.2686 0.3032 0.9143
vt 0.567683 0.305956
vt 0.408749 0.320509
vt 0.400836 0.259446
vt 0.559769 0.244893
vt 0.397247 0.198091
vt 0.556181 0.183538
vt 0.400724 0.136256
vt 0.559657 0.121703
vt 0.408524 0.074128
vt 0.567458 0.059575
vt 0.574474 0.305956
vt 0.582387 0.244893
vt 0.741321 0.259446
vt 0.733408 0.320509
vt 0.585976 0.183538
vt 0.744909 0.198091
vt 0.582499 0.121703
vt 0.741433 0.136256
vt 0.574698 0.059575
vt 0.733632 0.074128
vt 0.355490 0.607278
vt 0.370112 0.603213
vt 0.380273 0.657090
vt 0.365651 0.661155
vt 0.812789 0.300625
vt 0.798169 0.296554
vt 0.808354 0.242681
vt 0.822974 0.246753
vt 0.812966 0.186320
vt 0.827586 0.190392
vt 0.808471 0.125894
vt 0.823092 0.129965
vt 0.365522 0.427579
vt 0.380144 0.423514
vt 0.370047 0.486425
vt 0.355425 0.490490
vt 0.798403 0.062979
vt 0.813023 0.067050
vt 0.365526 0.546849
vt 0.350904 0.550914
vt 0.808418 0.323083
vt 0.808351 0.337504
vt 0.793731 0.333432
vt 0.793798 0.319011
vt 0.741055 0.392735
vt 0.737735 0.409161
vt 0.718855 0.409162
vt 0.722175 0.392736
vt 0.736781 0.427235
vt 0.717901 0.427236
vt 0.384634 0.679549
vt 0.390650 0.696423
vt 0.376028 0.700487
vt 0.370012 0.683614
vt 0.908220 0.331360
vt 0.908220 0.349430
vt 0.893909 0.344377
vt 0.893909 0.326307
vt 0.722175 0.562984
vt 0.720509 0.548105
vt 0.739389 0.548103
vt 0.741055 0.562982
vt 0.857708 0.583609
vt 0.857018 0.568741
vt 0.875894 0.568336
vt 0.876584 0.583203
vt 0.814555 0.004071
vt 0.808494 0.020070
vt 0.793874 0.015999
vt 0.799935 -0.000000
vt 0.808351 0.038579
vt 0.793731 0.034507
vt 0.370206 0.399110
vt 0.376028 0.383054
vt 0.390650 0.378989
vt 0.384828 0.395045
vt 0.706179 0.426216
vt 0.689753 0.423977
vt 0.689753 0.405096
vt 0.706179 0.407336
vt 0.857018 0.722599
vt 0.857708 0.704506
vt 0.876584 0.704100
vt 0.875893 0.722193
vt 0.547769 0.369571
vt 0.444917 0.378989
vt 0.430262 0.375511
vt 0.418267 0.363442
vt 0.412144 0.346016
vt 0.571078 0.331463
vt 0.569687 0.349577
vt 0.561155 0.363526
vt 0.412144 0.046061
vt 0.418099 0.028679
vt 0.429971 0.015266
vt 0.444581 0.009418
vt 0.547432 -0.000000
vt 0.560864 0.003281
vt 0.569519 0.014814
vt 0.571078 0.031508
vt 0.571078 0.331463
vt 0.730012 0.346016
vt 0.723890 0.363442
vt 0.711894 0.375511
vt 0.697240 0.378989
vt 0.594388 0.369571
vt 0.581001 0.363526
vt 0.572469 0.349578
vt 0.571078 0.031508
vt 0.572638 0.014814
vt 0.581293 0.003282
vt 0.594724 -0.000000
vt 0.697576 0.009418
vt 0.712185 0.015267
vt 0.724058 0.028679
vt 0.730012 0.046061
vt 0.000000 0.312049
vt 0.000000 0.251748
vt 0.198624 0.251748
vt 0.198624 0.312049
vt 0.000000 0.190484
vt 0.198624 0.190484
vt 0.000000 0.127647
vt 0.198624 0.127647
vt 0.000000 0.063847
vt 0.198624 0.063847
vt 0.397247 0.312049
vt 0.198624 0.312049
vt 0.198624 0.251748
vt 0.397247 0.251747
vt 0.198624 0.190484
vt 0.397247 0.190484
vt 0.198624 0.127647
vt 0.397247 0.127647
vt 0.198624 0.063847
vt 0.397247 0.063847
vt 0.786537 0.584633
vt 0.773394 0.644868
vt 0.754480 0.644855
vt 0.767624 0.584620
vt 0.764919 0.307668
vt 0.751312 0.247536
vt 0.770225 0.247378
vt 0.783832 0.307510
vt 0.744909 0.186349
vt 0.763822 0.186191
vt 0.750274 0.123439
vt 0.769187 0.123280
vt 0.773561 0.396664
vt 0.786621 0.460531
vt 0.767707 0.460518
vt 0.754648 0.396651
vt 0.762842 0.059473
vt 0.781755 0.059315
vt 0.792470 0.523398
vt 0.773556 0.523386
vt 0.770753 0.332771
vt 0.789666 0.332612
vt 0.793731 0.350101
vt 0.774817 0.350259
vt 0.924334 -0.000000
vt 0.943226 0.000274
vt 0.945332 0.013573
vt 0.926440 0.013299
vt 0.945937 0.031259
vt 0.927045 0.030985
vt 0.748839 0.670002
vt 0.767753 0.670015
vt 0.763823 0.687534
vt 0.744909 0.687521
vt 0.681471 0.892385
vt 0.681471 0.911299
vt 0.668644 0.908431
vt 0.668644 0.889517
vt 0.943226 0.177040
vt 0.924334 0.176766
vt 0.925391 0.159432
vt 0.944282 0.159706
vt 0.343087 0.786414
vt 0.324194 0.786444
vt 0.325397 0.769095
vt 0.344291 0.769065
vt 0.774818 0.000158
vt 0.793731 -0.000000
vt 0.791137 0.012849
vt 0.772224 0.013007
vt 0.787593 0.030401
vt 0.768680 0.030559
vt 0.767502 0.367796
vt 0.748588 0.367783
vt 0.744909 0.350259
vt 0.763823 0.350272
vt 0.655376 0.911677
vt 0.655376 0.892783
vt 0.668644 0.889517
vt 0.668644 0.908411
vt 0.344291 0.932545
vt 0.325397 0.932575
vt 0.324194 0.914902
vt 0.343088 0.914872
vt 0.035044 0.372302
vt 0.017522 0.367602
vt 0.004695 0.354763
vt 0.000000 0.337224
vt 0.198623 0.337224
vt 0.193929 0.354763
vt 0.181102 0.367602
vt 0.163580 0.372302
vt 0.000000 0.035011
vt 0.004695 0.017505
vt 0.017522 0.004691
vt 0.035044 0.000000
vt 0.163580 0.000000
vt 0.181102 0.004691
vt 0.193929 0.017505
vt 0.198623 0.035011
vt 0.397247 0.337224
vt 0.392552 0.354763
vt 0.379725 0.367602
vt 0.362204 0.372302
vt 0.233667 0.372302
vt 0.216145 0.367602
vt 0.203319 0.354763
vt 0.198624 0.337224
vt 0.198624 0.035011
vt 0.203319 0.017505
vt 0.216145 0.004690
vt 0.233667 0.000000
vt 0.362203 0.000000
vt 0.379725 0.004691
vt 0.392552 0.017505
vt 0.397247 0.035011
s 1
usemtl LupaTower.001
f 813/1693/532 814/1694/532 815/1695/533 812/1696/533
f 812/1696/533 815/1695/533 816/1697/534 811/1698/534
f 811/1698/534 816/1697/534 817/1699/535 810/1700/535
f 810/1700/535 817/1699/535 818/1701/536 809/1702/536
f 823/1703/537 822/1704/538 825/1705/538 824/1706/537
f 822/1704/538 821/1707/539 826/1708/540 825/1705/538
f 821/1707/539 820/1709/541 827/1710/541 826/1708/540
f 820/1709/541 819/1711/542 828/1712/542 827/1710/541
f 812/1713/543 822/1714/543 823/1715/543 813/1716/543
f 814/1717/544 824/1718/544 825/1719/544 815/1720/544
f 815/1720/544 825/1719/544 826/1721/544 816/1722/544
f 816/1722/544 826/1721/544 827/1723/544 817/1724/544
f 809/1725/543 819/1726/543 820/1727/543 810/1728/543
f 817/1724/544 827/1723/544 828/1729/544 818/1730/544
f 810/1728/543 820/1727/543 821/1731/543 811/1732/543
f 811/1732/543 821/1731/543 822/1714/543 812/1713/543
f 833/1733/545 835/1734/546 852/1735/546 850/1736/547
f 835/1737/548 836/1738/549 851/1739/550 852/1740/548
f 836/1738/549 834/1741/551 849/1742/552 851/1739/550
f 845/1743/553 847/1744/554 832/1745/554 830/1746/555
f 847/1747/556 848/1748/557 831/1749/558 832/1750/556
f 848/1751/557 846/1752/559 829/1753/560 831/1754/558
f 841/1755/561 843/1756/562 860/1757/562 858/1758/563
f 843/1759/564 844/1760/565 859/1761/566 860/1762/564
f 844/1760/565 842/1763/567 857/1764/568 859/1761/566
f 837/1765/569 839/1766/570 856/1767/570 854/1768/571
f 839/1769/572 840/1770/573 855/1771/574 856/1772/572
f 840/1773/573 838/1774/575 853/1775/576 855/1776/574
f 813/1716/543 823/1715/543 845/1743/553 830/1746/555
f 829/1777/577 834/1778/577 836/1779/577 835/1780/577 833/1781/577 814/1694/532 813/1693/532 830/1782/577 832/1783/577 831/1784/577
f 829/1753/560 846/1752/559 849/1742/552 834/1741/551
f 833/1733/545 850/1736/547 824/1718/544 814/1717/544
f 841/1755/561 858/1758/563 853/1775/576 838/1774/575
f 809/1702/536 818/1701/536 842/1785/578 844/1786/578 843/1787/578 841/1788/578 838/1789/578 840/1790/578 839/1791/578 837/1792/578
f 837/1765/569 854/1768/571 819/1726/543 809/1725/543
f 818/1730/544 828/1729/544 857/1764/568 842/1763/567
f 845/1793/579 823/1703/537 824/1706/537 850/1794/579 852/1795/579 851/1796/579 849/1797/579 846/1798/579 848/1799/579 847/1800/579
f 819/1711/542 854/1801/580 856/1802/580 855/1803/580 853/1804/580 858/1805/580 860/1806/580 859/1807/580 857/1808/580 828/1712/542
f 865/1809/581 864/1810/582 867/1811/582 866/1812/581
f 864/1810/582 863/1813/583 868/1814/583 867/1811/582
f 863/1813/583 862/1815/584 869/1816/584 868/1814/583
f 862/1815/584 861/1817/585 870/1818/585 869/1816/584
f 875/1819/586 876/1820/586 877/1821/587 874/1822/587
f 874/1822/587 877/1821/587 878/1823/588 873/1824/588
f 873/1824/588 878/1823/588 879/1825/589 872/1826/589
f 872/1826/589 879/1825/589 880/1827/590 871/1828/590
f 864/1829/591 865/1830/591 875/1831/591 874/1832/591
f 866/1833/592 867/1834/592 877/1835/592 876/1836/592
f 867/1834/592 868/1837/592 878/1838/592 877/1835/592
f 868/1837/592 869/1839/592 879/1840/592 878/1838/592
f 861/1841/591 862/1842/591 872/1843/591 871/1844/591
f 869/1839/592 870/1845/592 880/1846/592 879/1840/592
f 862/1842/591 863/1847/591 873/1848/591 872/1843/591
f 863/1847/591 864/1829/591 874/1832/591 873/1848/591
f 885/1849/593 902/1850/594 904/1851/595 887/1852/595
f 887/1853/596 904/1854/596 903/1855/597 888/1856/598
f 888/1856/598 903/1855/597 901/1857/599 886/1858/600
f 897/1859/601 882/1860/602 884/1861/603 899/1862/603
f 899/1863/604 884/1864/604 883/1865/605 900/1866/606
f 900/1867/606 883/1868/605 881/1869/607 898/1870/608
f 893/1871/609 910/1872/610 912/1873/611 895/1874/611
f 895/1875/612 912/1876/612 911/1877/613 896/1878/614
f 896/1878/614 911/1877/613 909/1879/615 894/1880/616
f 889/1881/617 906/1882/618 908/1883/619 891/1884/619
f 891/1885/620 908/1886/620 907/1887/620 892/1888/620
f 892/1889/621 907/1890/621 905/1891/622 890/1892/623
f 865/1830/591 882/1860/602 897/1859/601 875/1831/591
f 881/1893/624 883/1894/624 884/1895/624 882/1896/624 865/1809/581 866/1812/581 885/1897/624 887/1898/624 888/1899/624 886/1900/624
f 881/1869/607 886/1858/600 901/1857/599 898/1870/608
f 885/1849/593 866/1833/592 876/1836/592 902/1850/594
f 893/1871/609 890/1892/623 905/1891/622 910/1872/610
f 861/1817/585 889/1901/625 891/1902/625 892/1903/625 890/1904/625 893/1905/625 895/1906/625 896/1907/625 894/1908/625 870/1818/585
f 889/1881/617 861/1841/591 871/1844/591 906/1882/618
f 870/1845/592 894/1880/616 909/1879/615 880/1846/592
f 897/1909/626 899/1910/626 900/1911/626 898/1912/626 901/1913/626 903/1914/626 904/1915/626 902/1916/626 876/1820/586 875/1819/586
f 871/1828/590 880/1827/590 909/1917/627 911/1918/627 912/1919/627 910/1920/627 905/1921/627 907/1922/627 908/1923/627 906/1924/627
