# Blender 5.1.0
# www.blender.org
mtllib Building 2.mtl
o Building6b_T_B6base_gray_0
v 14.977716 1.108444 0.979005
v 15.101637 2.814261 1.640060
v 15.128738 2.214522 1.739619
v 14.800055 7.631844 2.252835
v 14.775869 7.666255 2.123816
v 14.646713 7.582684 1.434828
v 13.413706 7.631844 2.512717
v 13.389521 7.666255 2.383698
v 13.260365 7.582684 1.694711
v 12.803051 1.108444 1.386664
v 12.926971 2.814261 2.047719
v 12.936405 2.214522 2.150590
v 14.940815 0.474293 0.782151
v 15.149759 1.329660 1.896768
v 14.940815 -0.002549 0.782151
v 15.149759 -0.002549 1.896768
v 14.977716 1.108444 0.979005
v 15.128738 2.214522 1.739619
v 14.940815 0.474293 0.782151
v 15.149759 1.329660 1.896768
v 15.096413 1.329660 1.927421
v 15.096413 -0.002549 1.927421
v 15.153500 1.329660 1.916720
v 15.153500 -0.002549 1.916720
v 14.879740 -0.002549 0.771571
v 14.879740 0.479209 0.771571
v 14.936825 -0.002549 0.760870
v 14.936825 0.479209 0.760870
v 15.075645 2.214522 1.771601
v 15.096413 1.329660 1.927421
v 15.132729 2.214522 1.760900
v 15.153500 1.329660 1.916720
v 14.879740 0.479209 0.771571
v 14.915781 1.113360 0.971339
v 14.936825 0.479209 0.760870
v 14.972866 1.113360 0.960638
v 15.044937 2.888000 1.660327
v 15.075645 2.214522 1.771601
v 15.101772 2.888000 1.648296
v 15.132729 2.214522 1.760900
v 14.915781 1.113360 0.971339
v 15.044937 2.888000 1.660327
v 14.972866 1.113360 0.960638
v 15.101772 2.888000 1.648296
v 15.153500 1.329660 1.916720
v 15.153500 -0.002549 1.916720
v 15.149759 1.329660 1.896768
v 15.149759 -0.002549 1.896768
v 15.096413 -0.002549 1.927421
v 15.096413 1.329660 1.927421
v 15.092672 -0.002549 1.907469
v 15.092672 1.329660 1.907469
v 14.936825 -0.002549 0.760870
v 14.936825 0.479209 0.760870
v 14.940815 -0.002549 0.782151
v 14.940815 0.474293 0.782151
v 14.879740 0.479209 0.771571
v 14.879740 -0.002549 0.771571
v 14.883728 0.474293 0.792852
v 14.883728 -0.002549 0.792852
v 15.132729 2.214522 1.760900
v 15.153500 1.329660 1.916720
v 15.128738 2.214522 1.739619
v 15.149759 1.329660 1.896768
v 15.096413 1.329660 1.927421
v 15.075645 2.214522 1.771601
v 15.092672 1.329660 1.907469
v 15.071905 2.214522 1.751650
v 14.936825 0.479209 0.760870
v 14.972866 1.113360 0.960638
v 14.940815 0.474293 0.782151
v 14.977716 1.108444 0.979005
v 14.915781 1.113360 0.971339
v 14.879740 0.479209 0.771571
v 14.920879 1.108444 0.991036
v 14.883728 0.474293 0.792852
v 15.101772 2.888000 1.648296
v 15.132729 2.214522 1.760900
v 15.101637 2.814261 1.640060
v 15.128738 2.214522 1.739619
v 15.075645 2.214522 1.771601
v 15.044937 2.888000 1.660327
v 15.071905 2.214522 1.751650
v 15.044800 2.814261 1.652092
v 14.972866 1.113360 0.960638
v 15.101772 2.888000 1.648296
v 14.977716 1.108444 0.979005
v 15.101637 2.814261 1.640060
v 15.044937 2.888000 1.660327
v 14.915781 1.113360 0.971339
v 15.044800 2.814261 1.652092
v 14.920879 1.108444 0.991036
v 13.190002 9.357324 2.287547
v 13.190002 9.829251 2.287547
v 13.107971 9.357324 1.849946
v 13.107971 9.608035 1.849946
v 13.190002 7.469619 2.287547
v 13.190002 7.794068 2.287547
v 13.107971 7.764573 1.849946
v 13.107971 7.862890 1.849946
v 13.190002 7.794068 2.287547
v 13.190002 8.093938 2.287547
v 13.107971 7.862890 1.849946
v 13.107971 8.093938 1.849946
v 13.190002 8.093938 2.287547
v 13.190002 8.177508 2.287547
v 13.107971 8.093938 1.849946
v 13.107971 8.398724 1.849946
v 13.190002 8.300406 2.287547
v 13.190002 8.905062 2.287547
v 13.107971 8.521622 1.849946
v 13.107971 8.683846 1.849946
v 13.190002 9.037791 2.287547
v 13.190002 9.082034 2.287547
v 13.107971 8.811660 1.849946
v 13.107971 9.082034 1.849946
v 13.190002 9.082034 2.287547
v 13.190002 9.357324 2.287547
v 13.107971 9.082034 1.849946
v 13.107971 9.357324 1.849946
v 13.104231 7.754741 1.829995
v 13.143646 7.754741 1.822606
v 13.193993 7.435207 2.308828
v 13.233408 7.435207 2.301440
v 13.193993 7.435207 2.308828
v 13.233408 7.435207 2.301440
v 13.193993 7.794068 2.308828
v 13.233408 7.794068 2.301440
v 13.193993 9.863662 2.308828
v 13.233408 9.863662 2.301440
v 13.104231 9.622783 1.829995
v 13.143646 9.622783 1.822606
v 13.104231 9.622783 1.829995
v 13.143646 9.622783 1.822606
v 13.104231 9.357324 1.829995
v 13.143646 9.357324 1.822606
v 13.104231 7.862890 1.829995
v 13.143646 7.862890 1.822606
v 13.104231 7.754741 1.829995
v 13.143646 7.754741 1.822606
v 13.193993 7.794068 2.308828
v 13.233408 7.794068 2.301440
v 13.193993 8.093938 2.308828
v 13.233408 8.093938 2.301440
v 13.104231 8.093938 1.829995
v 13.143646 8.093938 1.822606
v 13.104231 7.862890 1.829995
v 13.143646 7.862890 1.822606
v 13.193993 8.093938 2.308828
v 13.233408 8.093938 2.301440
v 13.193993 8.187340 2.308828
v 13.233408 8.187340 2.301440
v 13.104231 9.082034 1.829995
v 13.143646 9.082034 1.822606
v 13.104231 8.782165 1.829995
v 13.143646 8.782165 1.822606
v 13.193993 9.082034 2.308828
v 13.233408 9.082034 2.301440
v 13.193993 9.357324 2.308828
v 13.233408 9.357324 2.301440
v 13.104231 9.357324 1.829995
v 13.143646 9.357324 1.822606
v 13.104231 9.082034 1.829995
v 13.143646 9.082034 1.822606
v 13.193993 9.357324 2.308828
v 13.233408 9.357324 2.301440
v 13.193993 9.863662 2.308828
v 13.233408 9.863662 2.301440
v 13.104231 8.428220 1.829995
v 13.143646 8.428220 1.822606
v 13.104231 8.093938 1.829995
v 13.143646 8.093938 1.822606
v 13.193993 8.265995 2.308828
v 13.233408 8.265995 2.301440
v 13.193993 8.939473 2.308828
v 13.233408 8.939473 2.301440
v 13.104231 8.693678 1.829995
v 13.143646 8.693678 1.822606
v 13.104231 8.511789 1.829995
v 13.143646 8.511789 1.822606
v 13.193993 9.023043 2.308828
v 13.233408 9.023043 2.301440
v 13.193993 9.082034 2.308828
v 13.233408 9.082034 2.301440
v 13.104231 8.511789 1.829995
v 13.143646 8.511789 1.822606
v 13.193993 8.265995 2.308828
v 13.233408 8.265995 2.301440
v 13.193993 8.187340 2.308828
v 13.233408 8.187340 2.301440
v 13.104231 8.428220 1.829995
v 13.143646 8.428220 1.822606
v 13.104231 8.782165 1.829995
v 13.143646 8.782165 1.822606
v 13.193993 9.023043 2.308828
v 13.233408 9.023043 2.301440
v 13.193993 8.939473 2.308828
v 13.233408 8.939473 2.301440
v 13.104231 8.693678 1.829995
v 13.143646 8.693678 1.822606
v 13.229418 9.829251 2.280158
v 13.387081 9.829251 2.250603
v 13.147387 9.608035 1.842558
v 13.305050 9.608035 1.813003
v 13.147387 8.811660 1.842558
v 13.305050 8.811660 1.813003
v 13.229418 9.037791 2.280158
v 13.387081 9.037791 2.250603
v 13.229418 8.905062 2.280158
v 13.387081 8.905062 2.250603
v 13.147387 8.683846 1.842558
v 13.305050 8.683846 1.813003
v 13.147387 8.521622 1.842558
v 13.305050 8.521622 1.813003
v 13.229418 8.300406 2.280158
v 13.387081 8.300406 2.250603
v 13.229418 8.177508 2.280158
v 13.387081 8.177508 2.250603
v 13.147387 8.398724 1.842558
v 13.305050 8.398724 1.813003
v 13.147387 7.764573 1.842558
v 13.305050 7.764573 1.813003
v 13.229418 7.469619 2.280158
v 13.387081 7.469619 2.250603
v 13.107971 7.764573 1.849946
v 13.104231 7.754741 1.829995
v 13.190002 7.469619 2.287547
v 13.193993 7.435207 2.308828
v 13.229418 7.469619 2.280158
v 13.233408 7.435207 2.301440
v 13.147387 7.764573 1.842558
v 13.143646 7.754741 1.822606
v 13.190002 7.469619 2.287547
v 13.193993 7.435207 2.308828
v 13.190002 7.794068 2.287547
v 13.193993 7.794068 2.308828
v 13.229418 7.794068 2.280158
v 13.233408 7.794068 2.301440
v 13.229418 7.469619 2.280158
v 13.233408 7.435207 2.301440
v 13.107971 7.862890 1.849946
v 13.104231 7.862890 1.829995
v 13.107971 7.764573 1.849946
v 13.104231 7.754741 1.829995
v 13.147387 7.764573 1.842558
v 13.143646 7.754741 1.822606
v 13.147387 7.862890 1.842558
v 13.143646 7.862890 1.822606
v 13.190002 7.794068 2.287547
v 13.193993 7.794068 2.308828
v 13.190002 8.093938 2.287547
v 13.193993 8.093938 2.308828
v 13.229418 8.093938 2.280158
v 13.233408 8.093938 2.301440
v 13.229418 7.794068 2.280158
v 13.233408 7.794068 2.301440
v 13.107971 8.093938 1.849946
v 13.104231 8.093938 1.829995
v 13.107971 7.862890 1.849946
v 13.104231 7.862890 1.829995
v 13.147387 7.862890 1.842558
v 13.143646 7.862890 1.822606
v 13.147387 8.093938 1.842558
v 13.143646 8.093938 1.822606
v 13.190002 8.093938 2.287547
v 13.193993 8.093938 2.308828
v 13.190002 8.177508 2.287547
v 13.193993 8.187340 2.308828
v 13.229418 8.177508 2.280158
v 13.233408 8.187340 2.301440
v 13.229418 8.093938 2.280158
v 13.233408 8.093938 2.301440
v 13.107971 8.398724 1.849946
v 13.104231 8.428220 1.829995
v 13.107971 8.093938 1.849946
v 13.104231 8.093938 1.829995
v 13.147387 8.093938 1.842558
v 13.143646 8.093938 1.822606
v 13.147387 8.398724 1.842558
v 13.143646 8.428220 1.822606
v 13.190002 8.177508 2.287547
v 13.193993 8.187340 2.308828
v 13.107971 8.398724 1.849946
v 13.104231 8.428220 1.829995
v 13.147387 8.398724 1.842558
v 13.143646 8.428220 1.822606
v 13.229418 8.177508 2.280158
v 13.233408 8.187340 2.301440
v 13.190002 9.829251 2.287547
v 13.193993 9.863662 2.308828
v 13.107971 9.608035 1.849946
v 13.104231 9.622783 1.829995
v 13.147387 9.608035 1.842558
v 13.143646 9.622783 1.822606
v 13.229418 9.829251 2.280158
v 13.233408 9.863662 2.301440
v 13.107971 9.608035 1.849946
v 13.104231 9.622783 1.829995
v 13.107971 9.357324 1.849946
v 13.104231 9.357324 1.829995
v 13.147387 9.357324 1.842558
v 13.143646 9.357324 1.822606
v 13.147387 9.608035 1.842558
v 13.143646 9.622783 1.822606
v 13.107971 9.082034 1.849946
v 13.104231 9.082034 1.829995
v 13.107971 8.811660 1.849946
v 13.104231 8.782165 1.829995
v 13.147387 8.811660 1.842558
v 13.143646 8.782165 1.822606
v 13.147387 9.082034 1.842558
v 13.143646 9.082034 1.822606
v 13.190002 9.082034 2.287547
v 13.193993 9.082034 2.308828
v 13.190002 9.357324 2.287547
v 13.193993 9.357324 2.308828
v 13.229418 9.357324 2.280158
v 13.233408 9.357324 2.301440
v 13.229418 9.082034 2.280158
v 13.233408 9.082034 2.301440
v 13.107971 9.357324 1.849946
v 13.104231 9.357324 1.829995
v 13.107971 9.082034 1.849946
v 13.104231 9.082034 1.829995
v 13.147387 9.082034 1.842558
v 13.143646 9.082034 1.822606
v 13.147387 9.357324 1.842558
v 13.143646 9.357324 1.822606
v 13.190002 9.357324 2.287547
v 13.193993 9.357324 2.308828
v 13.190002 9.829251 2.287547
v 13.193993 9.863662 2.308828
v 13.229418 9.829251 2.280158
v 13.233408 9.863662 2.301440
v 13.229418 9.357324 2.280158
v 13.233408 9.357324 2.301440
v 13.190002 9.037791 2.287547
v 13.193993 9.023043 2.308828
v 13.190002 9.082034 2.287547
v 13.193993 9.082034 2.308828
v 13.229418 9.082034 2.280158
v 13.233408 9.082034 2.301440
v 13.229418 9.037791 2.280158
v 13.233408 9.023043 2.301440
v 13.107971 8.811660 1.849946
v 13.104231 8.782165 1.829995
v 13.190002 9.037791 2.287547
v 13.193993 9.023043 2.308828
v 13.229418 9.037791 2.280158
v 13.233408 9.023043 2.301440
v 13.147387 8.811660 1.842558
v 13.143646 8.782165 1.822606
v 13.190002 8.300406 2.287547
v 13.193993 8.265995 2.308828
v 13.190002 8.905062 2.287547
v 13.193993 8.939473 2.308828
v 13.229418 8.905062 2.280158
v 13.233408 8.939473 2.301440
v 13.229418 8.300406 2.280158
v 13.233408 8.265995 2.301440
v 13.107971 8.683846 1.849946
v 13.104231 8.693678 1.829995
v 13.107971 8.521622 1.849946
v 13.104231 8.511789 1.829995
v 13.147387 8.521622 1.842558
v 13.143646 8.511789 1.822606
v 13.147387 8.683846 1.842558
v 13.143646 8.693678 1.822606
v 13.107971 8.521622 1.849946
v 13.104231 8.511789 1.829995
v 13.190002 8.300406 2.287547
v 13.193993 8.265995 2.308828
v 13.229418 8.300406 2.280158
v 13.233408 8.265995 2.301440
v 13.147387 8.521622 1.842558
v 13.143646 8.511789 1.822606
v 13.190002 8.905062 2.287547
v 13.193993 8.939473 2.308828
v 13.107971 8.683846 1.849946
v 13.104231 8.693678 1.829995
v 13.147387 8.683846 1.842558
v 13.143646 8.693678 1.822606
v 13.229418 8.905062 2.280158
v 13.233408 8.939473 2.301440
v 14.683043 0.548032 0.585396
v 14.980751 1.604950 2.173526
v 14.683043 -0.002549 0.585396
v 14.980751 -0.002549 2.173526
v 14.722437 1.319828 0.795551
v 14.944275 2.666785 1.933911
v 14.683043 0.548032 0.585396
v 14.980751 1.604950 2.173526
v 14.860071 3.959666 1.529762
v 14.936119 3.959666 1.935440
v 14.722437 1.319828 0.795551
v 14.944275 2.666785 1.933911
v 14.860071 5.783465 1.529762
v 14.935621 5.881783 1.932780
v 14.860071 4.043237 1.529762
v 14.936119 4.043237 1.935440
v 14.860071 6.078419 1.529762
v 14.948088 6.343877 1.999284
v 14.860071 5.783465 1.529762
v 14.935621 5.881783 1.932780
v 14.860071 7.602348 1.529762
v 14.949583 7.292646 2.007265
v 14.860071 6.078419 1.529762
v 14.948088 6.343877 1.999284
v 14.860071 4.043237 1.529762
v 14.936119 4.043237 1.935440
v 14.860071 3.959666 1.529762
v 14.936119 3.959666 1.935440
v 14.934202 1.604950 2.202905
v 14.934202 -0.002549 2.202905
v 14.984491 1.604950 2.193478
v 14.984491 -0.002549 2.193478
v 14.628763 -0.002549 0.573542
v 14.628763 0.552948 0.573542
v 14.679052 -0.002549 0.564115
v 14.679052 0.552948 0.564115
v 14.897726 2.671700 1.963289
v 14.934202 1.604950 2.202905
v 14.948015 2.671700 1.953862
v 14.984491 1.604950 2.193478
v 14.628763 0.552948 0.573542
v 14.668407 1.324744 0.785027
v 14.679052 0.552948 0.564115
v 14.718697 1.324744 0.775599
v 14.889570 3.959666 1.964818
v 14.897726 2.671700 1.963289
v 14.939859 3.959666 1.955391
v 14.948015 2.671700 1.953862
v 14.668407 1.324744 0.785027
v 14.806042 3.959666 1.519237
v 14.718697 1.324744 0.775599
v 14.856083 3.959666 1.508480
v 14.889320 5.881783 1.963488
v 14.889570 4.043237 1.964818
v 14.939610 5.881783 1.954061
v 14.939859 4.043237 1.955391
v 14.805794 4.043237 1.517907
v 14.805794 5.783465 1.517907
v 14.856083 4.043237 1.508480
v 14.856083 5.783465 1.508480
v 14.901787 6.343877 2.029993
v 14.889320 5.881783 1.963488
v 14.952076 6.343877 2.020566
v 14.939610 5.881783 1.954061
v 14.805794 5.783465 1.517907
v 14.805794 6.078419 1.517907
v 14.856083 5.783465 1.508480
v 14.856083 6.078419 1.508480
v 14.903034 7.302478 2.036643
v 14.901787 6.343877 2.029993
v 14.953323 7.302478 2.027216
v 14.952076 6.343877 2.020566
v 14.805794 7.636759 1.517907
v 14.903034 7.302478 2.036643
v 14.856083 7.636759 1.508480
v 14.953323 7.302478 2.027216
v 14.805794 6.078419 1.517907
v 14.805794 7.636759 1.517907
v 14.856083 6.078419 1.508480
v 14.856083 7.636759 1.508480
v 14.889570 4.043237 1.964818
v 14.889570 3.959666 1.964818
v 14.939859 4.043237 1.955391
v 14.939859 3.959666 1.955391
v 14.806042 3.959666 1.519237
v 14.805794 4.043237 1.517907
v 14.856083 3.959666 1.508480
v 14.856083 4.043237 1.508480
v 14.608625 7.582684 1.576897
v 14.698137 7.292646 2.054400
v 14.809782 7.602348 1.539189
v 14.899294 7.292646 2.016692
v 14.608625 3.959666 1.576897
v 14.608625 4.043237 1.576897
v 14.809782 3.959666 1.539189
v 14.809782 4.043237 1.539189
v 14.984491 1.604950 2.193478
v 14.984491 -0.002549 2.193478
v 14.980751 1.604950 2.173526
v 14.980751 -0.002549 2.173526
v 14.934202 -0.002549 2.202905
v 14.934202 1.604950 2.202905
v 14.930462 -0.002549 2.182953
v 14.930462 1.604950 2.182953
v 14.679052 -0.002549 0.564115
v 14.679052 0.552948 0.564115
v 14.683043 -0.002549 0.585396
v 14.683043 0.548032 0.585396
v 14.628763 0.552948 0.573542
v 14.628763 -0.002549 0.573542
v 14.632753 0.548032 0.594823
v 14.632753 -0.002549 0.594823
v 14.948015 2.671700 1.953862
v 14.984491 1.604950 2.193478
v 14.944275 2.666785 1.933911
v 14.980751 1.604950 2.173526
v 14.934202 1.604950 2.202905
v 14.897726 2.671700 1.963289
v 14.930462 1.604950 2.182953
v 14.893986 2.666785 1.943338
v 14.679052 0.552948 0.564115
v 14.718697 1.324744 0.775599
v 14.683043 0.548032 0.585396
v 14.722437 1.319828 0.795551
v 14.668407 1.324744 0.785027
v 14.628763 0.552948 0.573542
v 14.672148 1.319828 0.804978
v 14.632753 0.548032 0.594823
v 14.939859 3.959666 1.955391
v 14.948015 2.671700 1.953862
v 14.936119 3.959666 1.935440
v 14.944275 2.666785 1.933911
v 14.897726 2.671700 1.963289
v 14.889570 3.959666 1.964818
v 14.893986 2.666785 1.943338
v 14.885830 3.959666 1.944867
v 14.718697 1.324744 0.775599
v 14.856083 3.959666 1.508480
v 14.722437 1.319828 0.795551
v 14.860071 3.959666 1.529762
v 14.806042 3.959666 1.519237
v 14.668407 1.324744 0.785027
v 14.809782 3.959666 1.539189
v 14.672148 1.319828 0.804978
v 14.939610 5.881783 1.954061
v 14.939859 4.043237 1.955391
v 14.935621 5.881783 1.932780
v 14.936119 4.043237 1.935440
v 14.889570 4.043237 1.964818
v 14.889320 5.881783 1.963488
v 14.885830 4.043237 1.944867
v 14.885332 5.881783 1.942207
v 14.856083 4.043237 1.508480
v 14.856083 5.783465 1.508480
v 14.860071 4.043237 1.529762
v 14.860071 5.783465 1.529762
v 14.805794 5.783465 1.517907
v 14.805794 4.043237 1.517907
v 14.809782 5.783465 1.539189
v 14.809782 4.043237 1.539189
v 14.952076 6.343877 2.020566
v 14.939610 5.881783 1.954061
v 14.948088 6.343877 1.999284
v 14.935621 5.881783 1.932780
v 14.889320 5.881783 1.963488
v 14.901787 6.343877 2.029993
v 14.885332 5.881783 1.942207
v 14.897799 6.343877 2.008711
v 14.856083 5.783465 1.508480
v 14.856083 6.078419 1.508480
v 14.860071 5.783465 1.529762
v 14.860071 6.078419 1.529762
v 14.805794 6.078419 1.517907
v 14.805794 5.783465 1.517907
v 14.809782 6.078419 1.539189
v 14.809782 5.783465 1.539189
v 14.953323 7.302478 2.027216
v 14.952076 6.343877 2.020566
v 14.949583 7.292646 2.007265
v 14.948088 6.343877 1.999284
v 14.901787 6.343877 2.029993
v 14.903034 7.302478 2.036643
v 14.897799 6.343877 2.008711
v 14.899294 7.292646 2.016692
v 14.856083 7.636759 1.508480
v 14.953323 7.302478 2.027216
v 14.860071 7.602348 1.529762
v 14.949583 7.292646 2.007265
v 14.903034 7.302478 2.036643
v 14.805794 7.636759 1.517907
v 14.899294 7.292646 2.016692
v 14.809782 7.602348 1.539189
v 14.856083 6.078419 1.508480
v 14.856083 7.636759 1.508480
v 14.860071 6.078419 1.529762
v 14.860071 7.602348 1.529762
v 14.805794 7.636759 1.517907
v 14.805794 6.078419 1.517907
v 14.809782 7.602348 1.539189
v 14.809782 6.078419 1.539189
v 14.939859 4.043237 1.955391
v 14.939859 3.959666 1.955391
v 14.936119 4.043237 1.935440
v 14.936119 3.959666 1.935440
v 14.889570 3.959666 1.964818
v 14.889570 4.043237 1.964818
v 14.885830 3.959666 1.944867
v 14.885830 4.043237 1.944867
v 14.856083 3.959666 1.508480
v 14.856083 4.043237 1.508480
v 14.860071 3.959666 1.529762
v 14.860071 4.043237 1.529762
v 14.805794 4.043237 1.517907
v 14.806042 3.959666 1.519237
v 14.809782 4.043237 1.539189
v 14.809782 3.959666 1.539189
v 14.343019 -0.002549 -0.185224
v 14.343019 0.548032 -0.185224
v 14.853413 -0.002549 2.537474
v 14.853413 1.604950 2.537474
v 13.467064 -0.002549 2.797357
v 13.467064 1.604950 2.797357
v 12.956671 -0.002549 0.074658
v 12.956671 0.548032 0.074658
v 13.467064 1.604950 2.797357
v 13.382362 2.666785 2.390548
v 12.956671 0.548032 0.074658
v 13.016264 1.319828 0.392550
v 14.343019 0.548032 -0.185224
v 14.402613 1.319828 0.132668
v 14.853413 1.604950 2.537474
v 14.759197 2.666785 2.132448
v 13.382362 2.666785 2.390548
v 13.390518 3.959666 2.389019
v 13.016264 1.319828 0.392550
v 13.260365 3.959666 1.694711
v 14.402613 1.319828 0.132668
v 14.646713 3.959666 1.434828
v 14.759197 2.666785 2.132448
v 14.776867 3.959666 2.129136
v 14.244226 0.557863 -0.209386
v 14.335291 0.557863 -0.226457
v 14.244226 -0.002549 -0.209386
v 14.335291 -0.002549 -0.226457
v 14.770079 -0.002549 2.595778
v 14.861143 -0.002549 2.578707
v 14.770079 1.609866 2.595778
v 14.861143 1.609866 2.578707
v 14.693533 10.143868 2.187440
v 14.784595 10.143868 2.170369
v 14.548168 9.740765 1.411996
v 14.639233 9.740765 1.394925
v 14.304567 1.334576 0.112496
v 14.395630 1.334576 0.095425
v 14.244226 0.557863 -0.209386
v 14.335291 0.557863 -0.226457
v 14.770079 1.609866 2.595778
v 14.861143 1.609866 2.578707
v 14.693781 2.676616 2.188770
v 14.767176 2.676616 2.175011
v 14.548168 3.964582 1.411996
v 14.639233 3.964582 1.394925
v 14.304567 1.334576 0.112496
v 14.395630 1.334576 0.095425
v 14.693781 2.676616 2.188770
v 14.767176 2.676616 2.175011
v 14.693533 3.959666 2.187440
v 14.784595 3.959666 2.170369
v 13.557703 1.609866 2.823048
v 13.474794 1.609866 2.838590
v 13.557703 -0.002549 2.823048
v 13.474794 -0.002549 2.838590
v 13.031851 -0.002549 0.017884
v 12.948942 -0.002549 0.033426
v 13.031851 0.557863 0.017884
v 12.948942 0.557863 0.033426
v 13.335793 9.740765 1.639266
v 13.252884 9.740765 1.654808
v 13.481157 10.143868 2.414710
v 13.398247 10.143868 2.430252
v 13.481405 2.676616 2.416039
v 13.390341 2.676616 2.433110
v 13.557703 1.609866 2.823048
v 13.474794 1.609866 2.838590
v 13.031851 0.557863 0.017884
v 12.948942 0.557863 0.033426
v 13.092192 1.334576 0.339766
v 13.009281 1.334576 0.355308
v 13.481157 3.959666 2.414710
v 13.398247 3.959666 2.430252
v 13.481405 2.676616 2.416039
v 13.390341 2.676616 2.433110
v 13.092192 1.334576 0.339766
v 13.009281 1.334576 0.355308
v 13.335793 3.964582 1.639266
v 13.252884 3.964582 1.654808
v 13.335793 4.043237 1.639266
v 13.335793 3.964582 1.639266
v 13.252884 4.043237 1.654808
v 13.252884 3.964582 1.654808
v 13.481157 4.043237 2.414710
v 13.398247 4.043237 2.430252
v 13.481157 3.959666 2.414710
v 13.398247 3.959666 2.430252
v 14.693533 3.959666 2.187440
v 14.693533 4.043237 2.187440
v 13.481157 3.959666 2.414710
v 13.481157 4.043237 2.414710
v 14.693533 4.043237 2.187440
v 14.693533 3.959666 2.187440
v 14.784595 4.043237 2.170369
v 14.784595 3.959666 2.170369
v 14.548168 4.043237 1.411996
v 14.639233 4.043237 1.394925
v 14.548168 3.964582 1.411996
v 14.639233 3.964582 1.394925
v 14.548168 4.043237 1.411996
v 14.548168 3.964582 1.411996
v 13.335793 4.043237 1.639266
v 13.335793 3.964582 1.639266
v 14.251957 -0.002549 -0.168154
v 14.244226 -0.002549 -0.209386
v 14.762350 -0.002549 2.554545
v 14.770079 -0.002549 2.595778
v 14.853413 -0.002549 2.537474
v 14.861143 -0.002549 2.578707
v 14.343019 -0.002549 -0.185224
v 14.335291 -0.002549 -0.226457
v 14.251957 0.548032 -0.168154
v 14.244226 0.557863 -0.209386
v 14.251957 -0.002549 -0.168154
v 14.244226 -0.002549 -0.209386
v 14.343019 -0.002549 -0.185224
v 14.335291 -0.002549 -0.226457
v 14.343019 0.548032 -0.185224
v 14.335291 0.557863 -0.226457
v 14.762350 -0.002549 2.554545
v 14.770079 -0.002549 2.595778
v 14.762350 1.604950 2.554545
v 14.770079 1.609866 2.595778
v 14.853413 1.604950 2.537474
v 14.861143 1.609866 2.578707
v 14.853413 -0.002549 2.537474
v 14.861143 -0.002549 2.578707
v 14.646713 9.701437 1.434828
v 14.639233 9.740765 1.394925
v 14.775869 10.065214 2.123816
v 14.784595 10.143868 2.170369
v 14.311548 1.319828 0.149739
v 14.304567 1.334576 0.112496
v 14.251957 0.548032 -0.168154
v 14.244226 0.557863 -0.209386
v 14.343019 0.548032 -0.185224
v 14.335291 0.557863 -0.226457
v 14.402613 1.319828 0.132668
v 14.395630 1.334576 0.095425
v 14.762350 1.604950 2.554545
v 14.770079 1.609866 2.595778
v 14.685802 2.666785 2.146207
v 14.693781 2.676616 2.188770
v 14.759197 2.666785 2.132448
v 14.767176 2.676616 2.175011
v 14.853413 1.604950 2.537474
v 14.861143 1.609866 2.578707
v 14.555649 3.959666 1.451899
v 14.548168 3.964582 1.411996
v 14.311548 1.319828 0.149739
v 14.304567 1.334576 0.112496
v 14.402613 1.319828 0.132668
v 14.395630 1.334576 0.095425
v 14.646713 3.959666 1.434828
v 14.639233 3.964582 1.394925
v 14.685802 2.666785 2.146207
v 14.693781 2.676616 2.188770
v 14.685802 3.959666 2.146207
v 14.693533 3.959666 2.187440
v 14.776867 3.959666 2.129136
v 14.784595 3.959666 2.170369
v 14.759197 2.666785 2.132448
v 14.767176 2.676616 2.175011
v 13.549974 1.604950 2.781815
v 13.557703 1.609866 2.823048
v 13.549974 -0.002549 2.781815
v 13.557703 -0.002549 2.823048
v 13.467064 -0.002549 2.797357
v 13.474794 -0.002549 2.838590
v 13.467064 1.604950 2.797357
v 13.474794 1.609866 2.838590
v 13.039581 -0.002549 0.059116
v 13.031851 -0.002549 0.017884
v 13.039581 0.548032 0.059116
v 13.031851 0.557863 0.017884
v 12.956671 0.548032 0.074658
v 12.948942 0.557863 0.033426
v 12.956671 -0.002549 0.074658
v 12.948942 -0.002549 0.033426
v 13.389521 10.065214 2.383698
v 13.398247 10.143868 2.430252
v 13.260365 9.701437 1.694711
v 13.252884 9.740765 1.654808
v 13.473427 2.666785 2.373477
v 13.481405 2.676616 2.416039
v 13.549974 1.604950 2.781815
v 13.557703 1.609866 2.823048
v 13.467064 1.604950 2.797357
v 13.474794 1.609866 2.838590
v 13.382362 2.666785 2.390548
v 13.390341 2.676616 2.433110
v 13.039581 0.548032 0.059116
v 13.031851 0.557863 0.017884
v 13.099173 1.319828 0.377008
v 13.092192 1.334576 0.339766
v 13.016264 1.319828 0.392550
v 13.009281 1.334576 0.355308
v 12.956671 0.548032 0.074658
v 12.948942 0.557863 0.033426
v 13.473427 3.959666 2.373477
v 13.481157 3.959666 2.414710
v 13.473427 2.666785 2.373477
v 13.481405 2.676616 2.416039
v 13.382362 2.666785 2.390548
v 13.390341 2.676616 2.433110
v 13.390518 3.959666 2.389019
v 13.398247 3.959666 2.430252
v 13.099173 1.319828 0.377008
v 13.092192 1.334576 0.339766
v 13.343273 3.959666 1.679169
v 13.335793 3.964582 1.639266
v 13.260365 3.959666 1.694711
v 13.252884 3.964582 1.654808
v 13.016264 1.319828 0.392550
v 13.009281 1.334576 0.355308
v 14.685802 3.959666 2.146207
v 14.693533 3.959666 2.187440
v 13.473427 3.959666 2.373477
v 13.481157 3.959666 2.414710
v 13.473427 4.043237 2.373477
v 13.481157 4.043237 2.414710
v 14.685802 4.043237 2.146207
v 14.693533 4.043237 2.187440
v 14.555649 4.043237 1.451899
v 14.548168 4.043237 1.411996
v 13.343273 4.043237 1.679169
v 13.335793 4.043237 1.639266
v 13.343273 3.959666 1.679169
v 13.335793 3.964582 1.639266
v 14.555649 3.959666 1.451899
v 14.548168 3.964582 1.411996
v 14.548168 9.740765 1.411996
v 13.335793 9.740765 1.639266
v 14.693533 10.143868 2.187440
v 13.481157 10.143868 2.414710
v 14.685802 10.060298 2.146207
v 14.693533 10.060298 2.187440
v 13.473427 10.060298 2.373477
v 13.481157 10.060298 2.414710
v 13.481157 10.143868 2.414710
v 13.481157 10.060298 2.414710
v 14.693533 10.143868 2.187440
v 14.693533 10.060298 2.187440
v 13.343273 9.701437 1.679169
v 13.335793 9.701437 1.639266
v 14.555649 9.701437 1.451899
v 14.548168 9.701437 1.411996
v 14.548168 9.740765 1.411996
v 14.548168 9.701437 1.411996
v 13.335793 9.740765 1.639266
v 13.335793 9.701437 1.639266
v 13.343273 5.783465 1.679169
v 13.343273 4.043237 1.679169
v 13.335793 5.803129 1.639266
v 13.335793 4.043237 1.639266
v 13.335793 5.803129 1.639266
v 13.335793 4.043237 1.639266
v 13.252884 5.803129 1.654808
v 13.252884 4.043237 1.654808
v 13.260365 5.783465 1.694711
v 13.252884 5.803129 1.654808
v 13.260365 4.043237 1.694711
v 13.252884 4.043237 1.654808
v 13.390518 4.043237 2.389019
v 13.390018 5.881783 2.386358
v 13.260365 4.043237 1.694711
v 13.260365 5.783465 1.694711
v 13.390018 5.881783 2.386358
v 13.390518 4.043237 2.389019
v 13.398247 5.926026 2.430252
v 13.398247 4.043237 2.430252
v 13.481157 4.043237 2.414710
v 13.481157 5.926026 2.414710
v 13.398247 4.043237 2.430252
v 13.398247 5.926026 2.430252
v 13.473427 5.881783 2.373477
v 13.481157 5.926026 2.414710
v 13.473427 4.043237 2.373477
v 13.481157 4.043237 2.414710
v 14.685802 5.881783 2.146207
v 14.685802 4.043237 2.146207
v 14.693533 5.926026 2.187440
v 14.693533 4.043237 2.187440
v 14.693533 5.926026 2.187440
v 14.693533 4.043237 2.187440
v 14.784595 5.926026 2.170369
v 14.784595 4.043237 2.170369
v 14.776367 5.881783 2.126476
v 14.784595 5.926026 2.170369
v 14.776867 4.043237 2.129136
v 14.784595 4.043237 2.170369
v 14.646713 4.043237 1.434828
v 14.646713 5.783465 1.434828
v 14.776867 4.043237 2.129136
v 14.776367 5.881783 2.126476
v 14.646713 5.783465 1.434828
v 14.646713 4.043237 1.434828
v 14.639233 5.803129 1.394925
v 14.639233 4.043237 1.394925
v 14.548168 4.043237 1.411996
v 14.548168 5.803129 1.411996
v 14.639233 4.043237 1.394925
v 14.639233 5.803129 1.394925
v 14.555649 5.783465 1.451899
v 14.548168 5.803129 1.411996
v 14.555649 4.043237 1.451899
v 14.548168 4.043237 1.411996
v 13.343273 6.078419 1.679169
v 13.343273 5.783465 1.679169
v 13.335793 6.107914 1.639266
v 13.335793 5.803129 1.639266
v 13.335793 6.107914 1.639266
v 13.335793 5.803129 1.639266
v 13.252884 6.107914 1.654808
v 13.252884 5.803129 1.654808
v 13.260365 5.783465 1.694711
v 13.260365 6.078419 1.694711
v 13.252884 5.803129 1.654808
v 13.252884 6.107914 1.654808
v 13.390018 5.881783 2.386358
v 13.411463 6.343877 2.500746
v 13.260365 5.783465 1.694711
v 13.260365 6.078419 1.694711
v 13.411463 6.343877 2.500746
v 13.390018 5.881783 2.386358
v 13.419689 6.397953 2.544640
v 13.398247 5.926026 2.430252
v 13.481157 5.926026 2.414710
v 13.502600 6.397953 2.529098
v 13.398247 5.926026 2.430252
v 13.419689 6.397953 2.544640
v 13.473427 5.881783 2.373477
v 13.495119 6.338962 2.489195
v 13.481157 5.926026 2.414710
v 13.502600 6.397953 2.529098
v 14.707495 6.338962 2.261925
v 14.685802 5.881783 2.146207
v 14.714975 6.397953 2.301827
v 14.693533 5.926026 2.187440
v 14.714975 6.397953 2.301827
v 14.693533 5.926026 2.187440
v 14.806038 6.397953 2.284757
v 14.784595 5.926026 2.170369
v 14.776367 5.881783 2.126476
v 14.797812 6.343877 2.240864
v 14.784595 5.926026 2.170369
v 14.806038 6.397953 2.284757
v 14.646713 5.783465 1.434828
v 14.646713 6.078419 1.434828
v 14.776367 5.881783 2.126476
v 14.797812 6.343877 2.240864
v 14.646713 6.078419 1.434828
v 14.646713 5.783465 1.434828
v 14.639233 6.107914 1.394925
v 14.639233 5.803129 1.394925
v 14.548168 5.803129 1.411996
v 14.548168 6.107914 1.411996
v 14.639233 5.803129 1.394925
v 14.639233 6.107914 1.394925
v 14.555649 5.783465 1.451899
v 14.555649 6.078419 1.451899
v 14.548168 5.803129 1.411996
v 14.548168 6.107914 1.411996
v 13.389521 7.666255 2.383698
v 13.389521 10.065214 2.383698
v 13.260365 7.582684 1.694711
v 13.260365 9.701437 1.694711
v 14.646713 7.582684 1.434828
v 14.646713 9.701437 1.434828
v 14.775869 7.666255 2.123816
v 14.775869 10.065214 2.123816
v 14.548168 7.582684 1.411996
v 14.548168 9.740765 1.411996
v 14.639233 7.582684 1.394925
v 14.639233 9.740765 1.394925
v 14.693283 7.666255 2.186110
v 14.784346 7.666255 2.169039
v 14.693533 10.143868 2.187440
v 14.784595 10.143868 2.170369
v 13.480907 7.666255 2.413379
v 13.481157 10.143868 2.414710
v 13.397997 7.666255 2.428921
v 13.398247 10.143868 2.430252
v 13.335793 7.582684 1.639266
v 13.252884 7.582684 1.654808
v 13.335793 9.740765 1.639266
v 13.252884 9.740765 1.654808
v 14.555649 7.582684 1.451899
v 14.555649 9.701437 1.451899
v 14.548168 7.582684 1.411996
v 14.548168 9.740765 1.411996
v 14.646713 7.582684 1.434828
v 14.639233 7.582684 1.394925
v 14.646713 9.701437 1.434828
v 14.639233 9.740765 1.394925
v 14.685553 7.617096 2.144877
v 14.693283 7.666255 2.186110
v 14.685802 10.060298 2.146207
v 14.693533 10.143868 2.187440
v 14.775869 7.666255 2.123816
v 14.775869 10.065214 2.123816
v 14.784346 7.666255 2.169039
v 14.784595 10.143868 2.170369
v 13.473177 7.617096 2.372147
v 13.473427 10.060298 2.373477
v 13.480907 7.666255 2.413379
v 13.481157 10.143868 2.414710
v 13.389521 7.666255 2.383698
v 13.397997 7.666255 2.428921
v 13.389521 10.065214 2.383698
v 13.398247 10.143868 2.430252
v 13.343273 7.582684 1.679169
v 13.335793 7.582684 1.639266
v 13.343273 9.701437 1.679169
v 13.335793 9.740765 1.639266
v 13.260365 7.582684 1.694711
v 13.260365 9.701437 1.694711
v 13.252884 7.582684 1.654808
v 13.252884 9.740765 1.654808
v 13.343273 7.582684 1.679169
v 13.343273 6.078419 1.679169
v 13.335793 7.582684 1.639266
v 13.335793 6.107914 1.639266
v 13.335793 7.582684 1.639266
v 13.335793 6.107914 1.639266
v 13.252884 7.582684 1.654808
v 13.252884 6.107914 1.654808
v 13.260365 6.078419 1.694711
v 13.260365 7.582684 1.694711
v 13.252884 6.107914 1.654808
v 13.252884 7.582684 1.654808
v 13.411463 6.343877 2.500746
v 13.413706 7.631844 2.512717
v 13.260365 6.078419 1.694711
v 13.260365 7.582684 1.694711
v 13.413706 7.631844 2.512717
v 13.411463 6.343877 2.500746
v 13.422184 7.631844 2.557940
v 13.419689 6.397953 2.544640
v 13.502600 6.397953 2.529098
v 13.505093 7.631844 2.542398
v 13.419689 6.397953 2.544640
v 13.422184 7.631844 2.557940
v 13.495119 6.338962 2.489195
v 13.497364 7.592516 2.501165
v 13.502600 6.397953 2.529098
v 13.505093 7.631844 2.542398
v 14.709740 7.592516 2.273896
v 14.707495 6.338962 2.261925
v 14.717468 7.631844 2.315128
v 14.714975 6.397953 2.301827
v 14.717468 7.631844 2.315128
v 14.714975 6.397953 2.301827
v 14.808533 7.631844 2.298058
v 14.806038 6.397953 2.284757
v 14.797812 6.343877 2.240864
v 14.800055 7.631844 2.252835
v 14.806038 6.397953 2.284757
v 14.808533 7.631844 2.298058
v 14.646713 6.078419 1.434828
v 14.646713 7.582684 1.434828
v 14.797812 6.343877 2.240864
v 14.800055 7.631844 2.252835
v 14.646713 7.582684 1.434828
v 14.646713 6.078419 1.434828
v 14.639233 7.582684 1.394925
v 14.639233 6.107914 1.394925
v 14.548168 6.107914 1.411996
v 14.548168 7.582684 1.411996
v 14.639233 6.107914 1.394925
v 14.639233 7.582684 1.394925
v 14.555649 6.078419 1.451899
v 14.555649 7.582684 1.451899
v 14.548168 6.107914 1.411996
v 14.548168 7.582684 1.411996
v 14.808533 7.631844 2.298058
v 14.784346 7.666255 2.169039
v 14.717468 7.631844 2.315128
v 14.693283 7.666255 2.186110
v 13.505093 7.631844 2.542398
v 13.480907 7.666255 2.413379
v 13.422184 7.631844 2.557940
v 13.397997 7.666255 2.428921
v 14.709740 7.592516 2.273896
v 14.685553 7.617096 2.144877
v 13.497364 7.592516 2.501165
v 13.473177 7.617096 2.372147
v 13.497364 7.592516 2.501165
v 13.473177 7.617096 2.372147
v 13.505093 7.631844 2.542398
v 13.480907 7.666255 2.413379
v 14.717468 7.631844 2.315128
v 14.693283 7.666255 2.186110
v 14.709740 7.592516 2.273896
v 14.685553 7.617096 2.144877
v 14.775869 7.666255 2.123816
v 14.784346 7.666255 2.169039
v 14.800055 7.631844 2.252835
v 14.808533 7.631844 2.298058
v 13.397997 7.666255 2.428921
v 13.389521 7.666255 2.383698
v 13.422184 7.631844 2.557940
v 13.413706 7.631844 2.512717
v 14.784595 4.043237 2.170369
v 14.784595 3.959666 2.170369
v 14.776867 4.043237 2.129136
v 14.776867 3.959666 2.129136
v 14.646713 3.959666 1.434828
v 14.646713 4.043237 1.434828
v 14.776867 3.959666 2.129136
v 14.776867 4.043237 2.129136
v 14.646713 4.043237 1.434828
v 14.646713 3.959666 1.434828
v 14.639233 4.043237 1.394925
v 14.639233 3.964582 1.394925
v 13.260365 3.959666 1.694711
v 13.260365 4.043237 1.694711
v 13.252884 3.964582 1.654808
v 13.252884 4.043237 1.654808
v 13.390518 3.959666 2.389019
v 13.390518 4.043237 2.389019
v 13.260365 3.959666 1.694711
v 13.260365 4.043237 1.694711
v 13.398247 3.959666 2.430252
v 13.398247 4.043237 2.430252
v 13.390518 3.959666 2.389019
v 13.390518 4.043237 2.389019
v 13.226068 -0.002549 2.502456
v 13.226068 1.604950 2.502456
v 12.928360 -0.002549 0.914326
v 12.928360 0.548032 0.914326
v 13.226068 1.604950 2.502456
v 13.171923 2.666785 2.266153
v 12.928360 0.548032 0.914326
v 12.967754 1.319828 1.124481
v 13.171923 2.666785 2.266153
v 13.181437 3.959666 2.264369
v 12.967754 1.319828 1.124481
v 13.105389 3.959666 1.858691
v 13.181437 4.043237 2.264369
v 13.180939 5.881783 2.261709
v 13.105389 4.043237 1.858691
v 13.105389 5.783465 1.858691
v 13.180939 5.881783 2.261709
v 13.193405 6.343877 2.328214
v 13.105389 5.783465 1.858691
v 13.105389 6.078419 1.858691
v 13.193405 6.343877 2.328214
v 13.194901 7.258235 2.336195
v 13.105389 6.078419 1.858691
v 13.105389 7.607264 1.858691
v 13.181437 3.959666 2.264369
v 13.181437 4.043237 2.264369
v 13.105389 3.959666 1.858691
v 13.105389 4.043237 1.858691
v 13.229809 -0.002549 2.522408
v 13.280098 -0.002549 2.512980
v 13.229809 1.604950 2.522408
v 13.280098 1.604950 2.512980
v 12.924370 0.552948 0.893045
v 12.974659 0.552948 0.883618
v 12.924370 -0.002549 0.893045
v 12.974659 -0.002549 0.883618
v 13.229809 1.604950 2.522408
v 13.280098 1.604950 2.512980
v 13.175661 2.671700 2.286104
v 13.225950 2.671700 2.276677
v 12.964014 1.324744 1.104529
v 13.014303 1.324744 1.095102
v 12.924370 0.552948 0.893045
v 12.974659 0.552948 0.883618
v 13.175661 2.671700 2.286104
v 13.225950 2.671700 2.276677
v 13.183817 3.959666 2.284576
v 13.234106 3.959666 2.275149
v 13.101400 3.959666 1.837410
v 13.151937 3.959666 1.829313
v 12.964014 1.324744 1.104529
v 13.014303 1.324744 1.095102
v 13.185177 4.043237 2.284321
v 13.235466 4.043237 2.274894
v 13.184927 5.881783 2.282991
v 13.235216 5.881783 2.273564
v 13.101400 5.783465 1.837410
v 13.151690 5.783465 1.827983
v 13.101400 4.043237 1.837410
v 13.151690 4.043237 1.827983
v 13.184927 5.881783 2.282991
v 13.235216 5.881783 2.273564
v 13.197393 6.343877 2.349495
v 13.247683 6.343877 2.340068
v 13.101400 6.078419 1.837410
v 13.151690 6.078419 1.827983
v 13.101400 5.783465 1.837410
v 13.151690 5.783465 1.827983
v 13.197393 6.343877 2.349495
v 13.247683 6.343877 2.340068
v 13.198641 7.268067 2.356146
v 13.248930 7.268067 2.346719
v 13.198641 7.268067 2.356146
v 13.248930 7.268067 2.346719
v 13.101400 7.646591 1.837410
v 13.151690 7.646591 1.827983
v 13.101400 7.646591 1.837410
v 13.151690 7.646591 1.827983
v 13.101400 6.078419 1.837410
v 13.151690 6.078419 1.827983
v 13.183817 3.959666 2.284576
v 13.234106 3.959666 2.275149
v 13.185177 4.043237 2.284321
v 13.235466 4.043237 2.274894
v 13.101400 4.043237 1.837410
v 13.151690 4.043237 1.827983
v 13.101400 3.959666 1.837410
v 13.151937 3.959666 1.829313
v 13.245190 7.258235 2.326767
v 13.446346 7.258235 2.289059
v 13.155678 7.607264 1.849264
v 13.356834 7.607264 1.811556
v 13.276358 -0.002549 2.493029
v 13.280098 -0.002549 2.512980
v 12.978649 -0.002549 0.904899
v 12.974659 -0.002549 0.883618
v 13.226068 -0.002549 2.502456
v 13.229809 -0.002549 2.522408
v 13.226068 1.604950 2.502456
v 13.229809 1.604950 2.522408
v 13.276358 1.604950 2.493029
v 13.280098 1.604950 2.512980
v 13.276358 -0.002549 2.493029
v 13.280098 -0.002549 2.512980
v 12.928360 0.548032 0.914326
v 12.924370 0.552948 0.893045
v 12.928360 -0.002549 0.914326
v 12.924370 -0.002549 0.893045
v 12.978649 -0.002549 0.904899
v 12.974659 -0.002549 0.883618
v 12.978649 0.548032 0.904899
v 12.974659 0.552948 0.883618
v 13.226068 1.604950 2.502456
v 13.229809 1.604950 2.522408
v 13.171923 2.666785 2.266153
v 13.175661 2.671700 2.286104
v 13.222212 2.666785 2.256726
v 13.225950 2.671700 2.276677
v 13.276358 1.604950 2.493029
v 13.280098 1.604950 2.512980
v 12.967754 1.319828 1.124481
v 12.964014 1.324744 1.104529
v 12.928360 0.548032 0.914326
v 12.924370 0.552948 0.893045
v 12.978649 0.548032 0.904899
v 12.974659 0.552948 0.883618
v 13.018044 1.319828 1.115054
v 13.014303 1.324744 1.095102
v 13.171923 2.666785 2.266153
v 13.175661 2.671700 2.286104
v 13.181437 3.959666 2.264369
v 13.183817 3.959666 2.284576
v 13.231726 3.959666 2.254942
v 13.234106 3.959666 2.275149
v 13.222212 2.666785 2.256726
v 13.225950 2.671700 2.276677
v 13.105389 3.959666 1.858691
v 13.101400 3.959666 1.837410
v 12.967754 1.319828 1.124481
v 12.964014 1.324744 1.104529
v 13.018044 1.319828 1.115054
v 13.014303 1.324744 1.095102
v 13.155678 3.959666 1.849264
v 13.151937 3.959666 1.829313
v 13.181437 4.043237 2.264369
v 13.185177 4.043237 2.284321
v 13.180939 5.881783 2.261709
v 13.184927 5.881783 2.282991
v 13.231228 5.881783 2.252282
v 13.235216 5.881783 2.273564
v 13.231726 4.043237 2.254942
v 13.235466 4.043237 2.274894
v 13.105389 5.783465 1.858691
v 13.101400 5.783465 1.837410
v 13.105389 4.043237 1.858691
v 13.101400 4.043237 1.837410
v 13.155678 4.043237 1.849264
v 13.151690 4.043237 1.827983
v 13.155678 5.783465 1.849264
v 13.151690 5.783465 1.827983
v 13.180939 5.881783 2.261709
v 13.184927 5.881783 2.282991
v 13.193405 6.343877 2.328214
v 13.197393 6.343877 2.349495
v 13.243694 6.343877 2.318787
v 13.247683 6.343877 2.340068
v 13.231228 5.881783 2.252282
v 13.235216 5.881783 2.273564
v 13.105389 6.078419 1.858691
v 13.101400 6.078419 1.837410
v 13.105389 5.783465 1.858691
v 13.101400 5.783465 1.837410
v 13.155678 5.783465 1.849264
v 13.151690 5.783465 1.827983
v 13.155678 6.078419 1.849264
v 13.151690 6.078419 1.827983
v 13.193405 6.343877 2.328214
v 13.197393 6.343877 2.349495
v 13.194901 7.258235 2.336195
v 13.198641 7.268067 2.356146
v 13.245190 7.258235 2.326767
v 13.248930 7.268067 2.346719
v 13.243694 6.343877 2.318787
v 13.247683 6.343877 2.340068
v 13.194901 7.258235 2.336195
v 13.198641 7.268067 2.356146
v 13.105389 7.607264 1.858691
v 13.101400 7.646591 1.837410
v 13.155678 7.607264 1.849264
v 13.151690 7.646591 1.827983
v 13.245190 7.258235 2.326767
v 13.248930 7.268067 2.346719
v 13.105389 7.607264 1.858691
v 13.101400 7.646591 1.837410
v 13.105389 6.078419 1.858691
v 13.101400 6.078419 1.837410
v 13.155678 6.078419 1.849264
v 13.151690 6.078419 1.827983
v 13.155678 7.607264 1.849264
v 13.151690 7.646591 1.827983
v 13.181437 3.959666 2.264369
v 13.183817 3.959666 2.284576
v 13.181437 4.043237 2.264369
v 13.185177 4.043237 2.284321
v 13.231726 4.043237 2.254942
v 13.235466 4.043237 2.274894
v 13.231726 3.959666 2.254942
v 13.234106 3.959666 2.275149
v 13.105389 4.043237 1.858691
v 13.101400 4.043237 1.837410
v 13.105389 3.959666 1.858691
v 13.101400 3.959666 1.837410
v 13.155678 3.959666 1.849264
v 13.151937 3.959666 1.829313
v 13.155678 4.043237 1.849264
v 13.151690 4.043237 1.827983
v 12.975092 -0.002549 2.304427
v 12.975092 1.329660 2.304427
v 12.766149 -0.002549 1.189810
v 12.766149 0.474293 1.189810
v 12.975092 1.329660 2.304427
v 12.936405 2.214522 2.150590
v 12.766149 0.474293 1.189810
v 12.803051 1.108444 1.386664
v 12.978832 -0.002549 2.324379
v 13.035917 -0.002549 2.313678
v 12.978832 1.329660 2.324379
v 13.035917 1.329660 2.313678
v 12.762159 0.479209 1.168529
v 12.819244 0.479209 1.157828
v 12.762159 -0.002549 1.168529
v 12.819244 -0.002549 1.157828
v 12.978832 1.329660 2.324379
v 13.035917 1.329660 2.313678
v 12.940395 2.214522 2.171872
v 12.997480 2.214522 2.161170
v 12.799560 1.113360 1.368042
v 12.856644 1.113360 1.357341
v 12.762159 0.479209 1.168529
v 12.819244 0.479209 1.157828
v 12.940395 2.214522 2.171872
v 12.997480 2.214522 2.161170
v 12.928467 2.888000 2.055700
v 12.985802 2.888000 2.046329
v 12.928467 2.888000 2.055700
v 12.985802 2.888000 2.046329
v 12.799560 1.113360 1.368042
v 12.856644 1.113360 1.357341
v 12.975092 -0.002549 2.304427
v 12.978832 -0.002549 2.324379
v 12.975092 1.329660 2.304427
v 12.978832 1.329660 2.324379
v 13.032177 1.329660 2.293726
v 13.035917 1.329660 2.313678
v 13.032177 -0.002549 2.293726
v 13.035917 -0.002549 2.313678
v 12.766149 0.474293 1.189810
v 12.762159 0.479209 1.168529
v 12.766149 -0.002549 1.189810
v 12.762159 -0.002549 1.168529
v 12.823233 -0.002549 1.179109
v 12.819244 -0.002549 1.157828
v 12.823233 0.474293 1.179109
v 12.819244 0.479209 1.157828
v 12.975092 1.329660 2.304427
v 12.978832 1.329660 2.324379
v 12.936405 2.214522 2.150590
v 12.940395 2.214522 2.171872
v 12.993740 2.214522 2.141219
v 12.997480 2.214522 2.161170
v 13.032177 1.329660 2.293726
v 13.035917 1.329660 2.313678
v 12.803051 1.108444 1.386664
v 12.799560 1.113360 1.368042
v 12.766149 0.474293 1.189810
v 12.762159 0.479209 1.168529
v 12.823233 0.474293 1.179109
v 12.819244 0.479209 1.157828
v 12.860384 1.108444 1.377293
v 12.856644 1.113360 1.357341
v 12.936405 2.214522 2.150590
v 12.940395 2.214522 2.171872
v 12.926971 2.814261 2.047719
v 12.928467 2.888000 2.055700
v 12.984304 2.814261 2.038349
v 12.985802 2.888000 2.046329
v 12.993740 2.214522 2.141219
v 12.997480 2.214522 2.161170
v 12.926971 2.814261 2.047719
v 12.928467 2.888000 2.055700
v 12.803051 1.108444 1.386664
v 12.799560 1.113360 1.368042
v 12.860384 1.108444 1.377293
v 12.856644 1.113360 1.357341
v 12.984304 2.814261 2.038349
v 12.985802 2.888000 2.046329
v 14.857216 9.608035 1.522036
v 14.939249 9.829251 1.959636
v 14.857216 9.357324 1.522036
v 14.939249 9.357324 1.959636
v 14.857216 7.862890 1.522036
v 14.939249 7.794068 1.959636
v 14.857216 7.764573 1.522036
v 14.939249 7.469619 1.959636
v 14.857216 8.093938 1.522036
v 14.939249 8.093938 1.959636
v 14.857216 7.862890 1.522036
v 14.939249 7.794068 1.959636
v 14.857216 8.398724 1.522036
v 14.939249 8.177508 1.959636
v 14.857216 8.093938 1.522036
v 14.939249 8.093938 1.959636
v 14.857216 8.683846 1.522036
v 14.939249 8.905062 1.959636
v 14.857216 8.521622 1.522036
v 14.939249 8.300406 1.959636
v 14.857216 9.082034 1.522036
v 14.939249 9.082034 1.959636
v 14.857216 8.811660 1.522036
v 14.939249 9.037791 1.959636
v 14.857216 9.357324 1.522036
v 14.939249 9.357324 1.959636
v 14.857216 9.082034 1.522036
v 14.939249 9.082034 1.959636
v 14.903822 7.435207 1.988307
v 14.814060 7.754741 1.509473
v 14.943237 7.435207 1.980918
v 14.853476 7.754741 1.502084
v 14.903822 7.794068 1.988307
v 14.903822 7.435207 1.988307
v 14.943237 7.794068 1.980918
v 14.943237 7.435207 1.980918
v 14.814060 9.622783 1.509473
v 14.903822 9.863662 1.988307
v 14.853476 9.622783 1.502084
v 14.943237 9.863662 1.980918
v 14.814060 9.357324 1.509473
v 14.814060 9.622783 1.509473
v 14.853476 9.357324 1.502084
v 14.853476 9.622783 1.502084
v 14.814060 7.754741 1.509473
v 14.814060 7.862890 1.509473
v 14.853476 7.754741 1.502084
v 14.853476 7.862890 1.502084
v 14.903822 8.093938 1.988307
v 14.903822 7.794068 1.988307
v 14.943237 8.093938 1.980918
v 14.943237 7.794068 1.980918
v 14.814060 7.862890 1.509473
v 14.814060 8.093938 1.509473
v 14.853476 7.862890 1.502084
v 14.853476 8.093938 1.502084
v 14.903822 8.187340 1.988307
v 14.903822 8.093938 1.988307
v 14.943237 8.187340 1.980918
v 14.943237 8.093938 1.980918
v 14.814060 8.782165 1.509473
v 14.814060 9.082034 1.509473
v 14.853476 8.782165 1.502084
v 14.853476 9.082034 1.502084
v 14.903822 9.357324 1.988307
v 14.903822 9.082034 1.988307
v 14.943237 9.357324 1.980918
v 14.943237 9.082034 1.980918
v 14.814060 9.082034 1.509473
v 14.814060 9.357324 1.509473
v 14.853476 9.082034 1.502084
v 14.853476 9.357324 1.502084
v 14.903822 9.863662 1.988307
v 14.903822 9.357324 1.988307
v 14.943237 9.863662 1.980918
v 14.943237 9.357324 1.980918
v 14.814060 8.093938 1.509473
v 14.814060 8.428220 1.509473
v 14.853476 8.093938 1.502084
v 14.853476 8.428220 1.502084
v 14.903822 8.939473 1.988307
v 14.903822 8.265995 1.988307
v 14.943237 8.939473 1.980918
v 14.943237 8.265995 1.980918
v 14.814060 8.511789 1.509473
v 14.814060 8.693678 1.509473
v 14.853476 8.511789 1.502084
v 14.853476 8.693678 1.502084
v 14.903822 9.082034 1.988307
v 14.903822 9.023043 1.988307
v 14.943237 9.082034 1.980918
v 14.943237 9.023043 1.980918
v 14.903822 8.265995 1.988307
v 14.814060 8.511789 1.509473
v 14.943237 8.265995 1.980918
v 14.853476 8.511789 1.502084
v 14.814060 8.428220 1.509473
v 14.903822 8.187340 1.988307
v 14.853476 8.428220 1.502084
v 14.943237 8.187340 1.980918
v 14.903822 9.023043 1.988307
v 14.814060 8.782165 1.509473
v 14.943237 9.023043 1.980918
v 14.853476 8.782165 1.502084
v 14.814060 8.693678 1.509473
v 14.903822 8.939473 1.988307
v 14.853476 8.693678 1.502084
v 14.943237 8.939473 1.980918
v 14.660137 9.608035 1.558980
v 14.742170 9.829251 1.996580
v 14.817801 9.608035 1.529425
v 14.899832 9.829251 1.967025
v 14.742170 9.037791 1.996580
v 14.660137 8.811660 1.558980
v 14.899832 9.037791 1.967025
v 14.817801 8.811660 1.529425
v 14.660137 8.683846 1.558980
v 14.742170 8.905062 1.996580
v 14.817801 8.683846 1.529425
v 14.899832 8.905062 1.967025
v 14.742170 8.300406 1.996580
v 14.660137 8.521622 1.558980
v 14.899832 8.300406 1.967025
v 14.817801 8.521622 1.529425
v 14.660137 8.398724 1.558980
v 14.742170 8.177508 1.996580
v 14.817801 8.398724 1.529425
v 14.899832 8.177508 1.967025
v 14.742170 7.469619 1.996580
v 14.660137 7.764573 1.558980
v 14.899832 7.469619 1.967025
v 14.817801 7.764573 1.529425
v 14.943237 7.435207 1.980918
v 14.853476 7.754741 1.502084
v 14.939249 7.469619 1.959636
v 14.857216 7.764573 1.522036
v 14.814060 7.754741 1.509473
v 14.903822 7.435207 1.988307
v 14.817801 7.764573 1.529425
v 14.899832 7.469619 1.967025
v 14.943237 7.794068 1.980918
v 14.943237 7.435207 1.980918
v 14.939249 7.794068 1.959636
v 14.939249 7.469619 1.959636
v 14.903822 7.435207 1.988307
v 14.903822 7.794068 1.988307
v 14.899832 7.469619 1.967025
v 14.899832 7.794068 1.967025
v 14.853476 7.754741 1.502084
v 14.853476 7.862890 1.502084
v 14.857216 7.764573 1.522036
v 14.857216 7.862890 1.522036
v 14.814060 7.862890 1.509473
v 14.814060 7.754741 1.509473
v 14.817801 7.862890 1.529425
v 14.817801 7.764573 1.529425
v 14.943237 8.093938 1.980918
v 14.943237 7.794068 1.980918
v 14.939249 8.093938 1.959636
v 14.939249 7.794068 1.959636
v 14.903822 7.794068 1.988307
v 14.903822 8.093938 1.988307
v 14.899832 7.794068 1.967025
v 14.899832 8.093938 1.967025
v 14.853476 7.862890 1.502084
v 14.853476 8.093938 1.502084
v 14.857216 7.862890 1.522036
v 14.857216 8.093938 1.522036
v 14.814060 8.093938 1.509473
v 14.814060 7.862890 1.509473
v 14.817801 8.093938 1.529425
v 14.817801 7.862890 1.529425
v 14.943237 8.187340 1.980918
v 14.943237 8.093938 1.980918
v 14.939249 8.177508 1.959636
v 14.939249 8.093938 1.959636
v 14.903822 8.093938 1.988307
v 14.903822 8.187340 1.988307
v 14.899832 8.093938 1.967025
v 14.899832 8.177508 1.967025
v 14.853476 8.093938 1.502084
v 14.853476 8.428220 1.502084
v 14.857216 8.093938 1.522036
v 14.857216 8.398724 1.522036
v 14.814060 8.428220 1.509473
v 14.814060 8.093938 1.509473
v 14.817801 8.398724 1.529425
v 14.817801 8.093938 1.529425
v 14.853476 8.428220 1.502084
v 14.943237 8.187340 1.980918
v 14.857216 8.398724 1.522036
v 14.939249 8.177508 1.959636
v 14.903822 8.187340 1.988307
v 14.814060 8.428220 1.509473
v 14.899832 8.177508 1.967025
v 14.817801 8.398724 1.529425
v 14.853476 9.622783 1.502084
v 14.943237 9.863662 1.980918
v 14.857216 9.608035 1.522036
v 14.939249 9.829251 1.959636
v 14.903822 9.863662 1.988307
v 14.814060 9.622783 1.509473
v 14.899832 9.829251 1.967025
v 14.817801 9.608035 1.529425
v 14.853476 9.357324 1.502084
v 14.853476 9.622783 1.502084
v 14.857216 9.357324 1.522036
v 14.857216 9.608035 1.522036
v 14.814060 9.622783 1.509473
v 14.814060 9.357324 1.509473
v 14.817801 9.608035 1.529425
v 14.817801 9.357324 1.529425
v 14.853476 8.782165 1.502084
v 14.853476 9.082034 1.502084
v 14.857216 8.811660 1.522036
v 14.857216 9.082034 1.522036
v 14.814060 9.082034 1.509473
v 14.814060 8.782165 1.509473
v 14.817801 9.082034 1.529425
v 14.817801 8.811660 1.529425
v 14.943237 9.357324 1.980918
v 14.943237 9.082034 1.980918
v 14.939249 9.357324 1.959636
v 14.939249 9.082034 1.959636
v 14.903822 9.082034 1.988307
v 14.903822 9.357324 1.988307
v 14.899832 9.082034 1.967025
v 14.899832 9.357324 1.967025
v 14.853476 9.082034 1.502084
v 14.853476 9.357324 1.502084
v 14.857216 9.082034 1.522036
v 14.857216 9.357324 1.522036
v 14.814060 9.357324 1.509473
v 14.814060 9.082034 1.509473
v 14.817801 9.357324 1.529425
v 14.817801 9.082034 1.529425
v 14.943237 9.863662 1.980918
v 14.943237 9.357324 1.980918
v 14.939249 9.829251 1.959636
v 14.939249 9.357324 1.959636
v 14.903822 9.357324 1.988307
v 14.903822 9.863662 1.988307
v 14.899832 9.357324 1.967025
v 14.899832 9.829251 1.967025
v 14.943237 9.082034 1.980918
v 14.943237 9.023043 1.980918
v 14.939249 9.082034 1.959636
v 14.939249 9.037791 1.959636
v 14.903822 9.023043 1.988307
v 14.903822 9.082034 1.988307
v 14.899832 9.037791 1.967025
v 14.899832 9.082034 1.967025
v 14.943237 9.023043 1.980918
v 14.853476 8.782165 1.502084
v 14.939249 9.037791 1.959636
v 14.857216 8.811660 1.522036
v 14.814060 8.782165 1.509473
v 14.903822 9.023043 1.988307
v 14.817801 8.811660 1.529425
v 14.899832 9.037791 1.967025
v 14.943237 8.939473 1.980918
v 14.943237 8.265995 1.980918
v 14.939249 8.905062 1.959636
v 14.939249 8.300406 1.959636
v 14.903822 8.265995 1.988307
v 14.903822 8.939473 1.988307
v 14.899832 8.300406 1.967025
v 14.899832 8.905062 1.967025
v 14.853476 8.511789 1.502084
v 14.853476 8.693678 1.502084
v 14.857216 8.521622 1.522036
v 14.857216 8.683846 1.522036
v 14.814060 8.693678 1.509473
v 14.814060 8.511789 1.509473
v 14.817801 8.683846 1.529425
v 14.817801 8.521622 1.529425
v 14.943237 8.265995 1.980918
v 14.853476 8.511789 1.502084
v 14.939249 8.300406 1.959636
v 14.857216 8.521622 1.522036
v 14.814060 8.511789 1.509473
v 14.903822 8.265995 1.988307
v 14.817801 8.521622 1.529425
v 14.899832 8.300406 1.967025
v 14.853476 8.693678 1.502084
v 14.943237 8.939473 1.980918
v 14.857216 8.683846 1.522036
v 14.939249 8.905062 1.959636
v 14.903822 8.939473 1.988307
v 14.814060 8.693678 1.509473
v 14.899832 8.905062 1.967025
v 14.817801 8.683846 1.529425
v 15.349016 0.779079 1.293538
v 15.314108 0.779079 1.107325
v 15.037767 0.779079 1.351884
v 15.002859 0.779079 1.165671
v 15.324190 -0.002549 0.920939
v 15.324190 0.434966 0.920939
v 15.392508 -0.002549 1.285385
v 15.392508 0.434966 1.285385
v 15.324190 0.434966 0.920939
v 15.357601 0.779079 1.099172
v 15.392508 0.434966 1.285385
v 15.392508 0.779079 1.285385
v 15.353004 -0.002549 1.314819
v 15.396498 -0.002549 1.306666
v 15.353004 0.434966 1.314819
v 15.396498 0.434966 1.306666
v 15.353004 0.434966 1.314819
v 15.396498 0.434966 1.306666
v 15.353004 0.798743 1.314819
v 15.396498 0.798743 1.306666
v 15.353004 0.798743 1.314819
v 15.396498 0.798743 1.306666
v 15.312113 0.798743 1.096684
v 15.355606 0.798743 1.088531
v 15.312113 0.798743 1.096684
v 15.355606 0.798743 1.088531
v 15.276709 0.439882 0.907811
v 15.320200 0.439882 0.899658
v 15.276709 0.439882 0.907811
v 15.320200 0.439882 0.899658
v 15.276709 -0.002549 0.907811
v 15.320200 -0.002549 0.899658
v 15.349016 -0.002549 1.293538
v 15.353004 -0.002549 1.314819
v 15.349016 0.434966 1.293538
v 15.353004 0.434966 1.314819
v 15.392508 -0.002549 1.285385
v 15.396498 -0.002549 1.306666
v 15.349016 -0.002549 1.293538
v 15.353004 -0.002549 1.314819
v 15.392508 0.434966 1.285385
v 15.396498 0.434966 1.306666
v 15.392508 -0.002549 1.285385
v 15.396498 -0.002549 1.306666
v 15.349016 0.434966 1.293538
v 15.353004 0.434966 1.314819
v 15.349016 0.779079 1.293538
v 15.353004 0.798743 1.314819
v 15.392508 0.779079 1.285385
v 15.396498 0.798743 1.306666
v 15.392508 0.434966 1.285385
v 15.396498 0.434966 1.306666
v 15.349016 0.779079 1.293538
v 15.353004 0.798743 1.314819
v 15.314108 0.779079 1.107325
v 15.312113 0.798743 1.096684
v 15.357601 0.779079 1.099172
v 15.355606 0.798743 1.088531
v 15.392508 0.779079 1.285385
v 15.396498 0.798743 1.306666
v 15.314108 0.779079 1.107325
v 15.312113 0.798743 1.096684
v 15.280697 0.434966 0.929092
v 15.276709 0.439882 0.907811
v 15.324190 0.434966 0.920939
v 15.320200 0.439882 0.899658
v 15.357601 0.779079 1.099172
v 15.355606 0.798743 1.088531
v 15.280697 0.434966 0.929092
v 15.276709 0.439882 0.907811
v 15.280697 -0.002549 0.929092
v 15.276709 -0.002549 0.907811
v 15.324190 -0.002549 0.920939
v 15.320200 -0.002549 0.899658
v 15.324190 0.434966 0.920939
v 15.320200 0.439882 0.899658
v 15.280697 -0.002549 0.929092
v 15.276709 -0.002549 0.907811
v 15.324190 -0.002549 0.920939
v 15.320200 -0.002549 0.899658
v 12.844503 0.779079 1.570273
v 12.531897 0.779079 1.628874
v 12.879411 0.779079 1.756486
v 12.566803 0.779079 1.815086
v 12.524669 0.434966 1.822985
v 12.456350 0.434966 1.458540
v 12.524669 -0.002549 1.822985
v 12.456350 -0.002549 1.458540
v 12.524669 0.779079 1.822985
v 12.489761 0.779079 1.636772
v 12.524669 0.434966 1.822985
v 12.456350 0.434966 1.458540
v 12.528658 0.434966 1.844266
v 12.528658 -0.002549 1.844266
v 12.570793 0.434966 1.836368
v 12.570793 -0.002549 1.836368
v 12.528658 0.798743 1.844266
v 12.528658 0.434966 1.844266
v 12.570793 0.798743 1.836368
v 12.570793 0.434966 1.836368
v 12.487766 0.798743 1.626131
v 12.528658 0.798743 1.844266
v 12.529902 0.798743 1.618233
v 12.570793 0.798743 1.836368
v 12.452361 0.439882 1.437258
v 12.487766 0.798743 1.626131
v 12.494495 0.439882 1.429360
v 12.529902 0.798743 1.618233
v 12.452361 -0.002549 1.437258
v 12.452361 0.439882 1.437258
v 12.494495 -0.002549 1.429360
v 12.494495 0.439882 1.429360
v 12.570793 0.434966 1.836368
v 12.570793 -0.002549 1.836368
v 12.566803 0.434966 1.815086
v 12.566803 -0.002549 1.815086
v 12.570793 -0.002549 1.836368
v 12.528658 -0.002549 1.844266
v 12.566803 -0.002549 1.815086
v 12.524669 -0.002549 1.822985
v 12.528658 -0.002549 1.844266
v 12.528658 0.434966 1.844266
v 12.524669 -0.002549 1.822985
v 12.524669 0.434966 1.822985
v 12.570793 0.798743 1.836368
v 12.570793 0.434966 1.836368
v 12.566803 0.779079 1.815086
v 12.566803 0.434966 1.815086
v 12.528658 0.434966 1.844266
v 12.528658 0.798743 1.844266
v 12.524669 0.434966 1.822985
v 12.524669 0.779079 1.822985
v 12.529902 0.798743 1.618233
v 12.570793 0.798743 1.836368
v 12.531897 0.779079 1.628874
v 12.566803 0.779079 1.815086
v 12.528658 0.798743 1.844266
v 12.487766 0.798743 1.626131
v 12.524669 0.779079 1.822985
v 12.489761 0.779079 1.636772
v 12.494495 0.439882 1.429360
v 12.529902 0.798743 1.618233
v 12.498485 0.434966 1.450641
v 12.531897 0.779079 1.628874
v 12.487766 0.798743 1.626131
v 12.452361 0.439882 1.437258
v 12.489761 0.779079 1.636772
v 12.456350 0.434966 1.458540
v 12.494495 -0.002549 1.429360
v 12.494495 0.439882 1.429360
v 12.498485 -0.002549 1.450641
v 12.498485 0.434966 1.450641
v 12.452361 0.439882 1.437258
v 12.452361 -0.002549 1.437258
v 12.456350 0.434966 1.458540
v 12.456350 -0.002549 1.458540
v 12.452361 -0.002549 1.437258
v 12.494495 -0.002549 1.429360
v 12.456350 -0.002549 1.458540
v 12.498485 -0.002549 1.450641
vn 0.9833 -0.0076 -0.1821
vn 0.9790 0.0076 -0.2036
vn 0.9799 -0.0000 -0.1993
vn 0.9833 -0.0000 -0.1821
vn -0.9825 -0.0000 0.1864
vn -0.9824 -0.0075 0.1864
vn -0.9856 -0.0000 0.1692
vn -0.9863 0.0076 0.1649
vn 0.9825 -0.0000 -0.1864
vn 0.9832 -0.0075 -0.1821
vn 0.9799 -0.0000 -0.1992
vn 0.1820 0.0698 0.9808
vn 0.1842 -0.0000 0.9829
vn -0.1843 -0.0000 -0.9829
vn -0.1813 0.1781 -0.9672
vn 0.1925 0.1735 0.9658
vn 0.1820 0.0699 0.9808
vn -0.1813 0.1782 -0.9671
vn -0.1818 0.3505 -0.9187
vn 0.1926 0.1692 0.9666
vn -0.1819 0.3505 -0.9187
vn -0.1844 0.3667 -0.9119
vn -0.1818 0.3506 -0.9187
vn -0.1844 0.3668 -0.9119
vn 0.9825 -0.0076 -0.1864
vn -0.9825 0.0076 0.1864
vn 0.9825 -0.0000 -0.1865
vn 0.9833 -0.0000 -0.1822
vn -0.9825 -0.0000 0.1863
vn 0.9808 -0.0000 -0.1950
vn 0.9824 -0.0076 -0.1865
vn -0.9825 0.0076 0.1863
vn -0.9808 -0.0000 0.1951
vn 0.9825 -0.0000 -0.1862
vn 0.9808 -0.0000 -0.1951
vn 0.9833 -0.0000 -0.1819
vn 0.9832 -0.0075 -0.1823
vn -0.9808 -0.0000 0.1948
vn 0.9799 0.0076 -0.1991
vn 0.9808 -0.0000 -0.1949
vn 0.9791 0.0076 -0.2034
vn 0.9800 -0.0000 -0.1992
vn -0.9808 -0.0000 0.1950
vn -0.9799 -0.0075 0.1991
vn -0.9800 -0.0076 0.1991
vn 0.9799 0.0076 -0.1993
vn 0.9833 -0.0075 -0.1820
vn -0.9799 -0.0075 0.1993
vn -0.9809 -0.0000 0.1947
vn -0.9833 -0.0000 0.1821
vn -0.0978 -0.8346 -0.5421
vn -0.0978 -0.8346 -0.5420
vn -0.0801 0.8956 -0.4375
vn -0.1842 -0.0000 -0.9829
vn 0.1843 -0.0000 0.9829
vn -0.0801 -0.8956 -0.4375
vn 0.0857 0.8956 0.4365
vn 0.0857 -0.8956 0.4365
vn 0.0856 -0.8956 0.4365
vn -0.0801 0.8956 -0.4376
vn -0.0801 -0.8956 -0.4376
vn 0.0782 0.8956 0.4379
vn -0.0991 -0.8298 -0.5492
vn -0.9825 -0.0000 0.1865
vn 0.9833 -0.0000 -0.1820
vn -0.9833 -0.0000 0.1822
vn -0.9833 -0.0000 0.1820
vn 0.9816 -0.0000 -0.1907
vn 0.9816 0.0076 -0.1907
vn 0.9817 -0.0000 -0.1907
vn 0.1871 0.0916 0.9781
vn -0.1800 0.1609 -0.9704
vn 0.1851 0.1004 0.9776
vn -0.1800 0.1610 -0.9704
vn -0.1810 0.2718 -0.9452
vn 0.1885 -0.0000 0.9821
vn 0.1851 0.1003 0.9776
vn -0.1796 0.2634 -0.9478
vn -0.1811 0.2718 -0.9452
vn 0.1824 -0.0305 0.9827
vn 0.1843 0.0001 0.9829
vn 0.1858 -0.0524 0.9812
vn 0.1858 -0.0086 0.9826
vn 0.1858 -0.0523 0.9812
vn 0.1013 0.8418 0.5302
vn -0.1796 0.2633 -0.9478
vn 0.0615 0.8503 0.5226
vn 0.0616 0.8503 0.5226
vn -0.1777 0.2633 -0.9482
vn 0.9825 -0.0000 -0.1863
vn 0.9817 -0.0000 -0.1906
vn 0.9824 0.0076 -0.1864
vn 0.9816 0.0075 -0.1907
vn 0.9816 0.0076 -0.1906
vn -0.9824 -0.0000 0.1865
vn 0.9833 -0.0001 -0.1821
vn -0.9825 0.0001 0.1864
vn -0.9824 -0.0076 0.1864
vn 0.9833 0.0076 -0.1821
vn 0.9824 0.0075 -0.1864
vn 0.9841 -0.0000 -0.1778
vn -0.9840 0.0075 0.1778
vn -0.9840 0.0076 0.1778
vn 0.9848 -0.0075 -0.1735
vn -0.1752 0.2379 -0.9553
vn 0.1842 0.1436 0.9723
vn -0.0841 0.8897 -0.4487
vn -0.0841 0.8897 -0.4488
vn -0.1696 0.4350 -0.8843
vn -0.1752 0.2380 -0.9553
vn 0.1842 0.1437 0.9723
vn 0.1851 0.1739 0.9672
vn -0.1776 0.3301 -0.9271
vn -0.1711 0.4389 -0.8821
vn 0.1851 0.1738 0.9672
vn 0.1838 0.1738 0.9675
vn 0.1820 0.1566 0.9707
vn -0.1827 0.2379 -0.9539
vn 0.1828 0.1739 0.9677
vn 0.1820 0.1567 0.9707
vn -0.1827 0.2380 -0.9539
vn -0.1622 0.4350 -0.8857
vn -0.1689 0.3218 -0.9316
vn -0.1563 0.4388 -0.8849
vn -0.1739 0.3301 -0.9278
vn 0.0301 0.9995 -0.0034
vn 0.9828 -0.0301 -0.1820
vn -0.1548 0.9875 0.0312
vn -0.9701 -0.1582 0.1841
vn 0.9832 0.0076 -0.1821
vn 0.9832 0.0076 -0.1822
vn 0.9848 -0.0075 -0.1734
vn 0.9832 -0.0151 -0.1821
vn -0.9832 0.0075 0.1822
vn 0.0004 -1.0000 0.0022
vn 0.0004 1.0000 0.0022
vn -0.0183 -0.9928 -0.1185
vn -0.0184 -0.9928 -0.1185
vn 0.1858 -0.0480 0.9814
vn 0.1840 -0.0480 0.9817
vn 0.1819 -0.0742 0.9805
vn 0.1858 -0.0481 0.9814
vn 0.1842 -0.0001 0.9829
vn 0.1843 -0.0001 0.9829
vn 0.1842 0.0001 0.9829
vn 0.1857 -0.0086 0.9826
vn 0.0484 0.9675 0.2482
vn 0.0485 0.9675 0.2481
vn 0.0375 0.9812 0.1896
vn 0.0374 0.9812 0.1895
vn 0.9833 0.0001 -0.1821
vn -0.9825 -0.0001 0.1864
vn 0.9848 -0.0076 -0.1735
vn -0.9833 0.0076 0.1821
vn -0.9841 -0.0000 0.1778
vn -0.9848 0.0076 0.1735
vn 0.1798 0.0916 0.9794
vn 0.1799 0.0916 0.9794
vn 0.1844 0.1003 0.9777
vn -0.1736 0.2718 -0.9466
vn 0.1839 0.1003 0.9778
vn 0.1808 0.0026 0.9835
vn -0.1722 0.2633 -0.9492
vn 0.1858 -0.0087 0.9826
vn 0.1049 0.8149 0.5700
vn 0.1050 0.8149 0.5701
vn 0.0070 -1.0000 -0.0035
vn -0.9832 -0.0073 0.1821
vn -0.9832 -0.0073 0.1822
vn -0.9841 -0.0000 0.1777
vn -0.9848 0.0075 0.1734
vn -0.9833 0.0076 0.1819
vn 0.9832 -0.0076 -0.1821
vn -0.9840 0.0076 0.1777
vn -0.9848 0.0075 0.1736
vn 0.9833 -0.0076 -0.1820
vn -0.9825 -0.0075 0.1864
vn 0.1704 0.1735 0.9700
vn -0.1595 0.3504 -0.9229
vn 0.1705 0.1692 0.9707
vn -0.1547 0.3666 -0.9174
vn -0.9833 -0.0076 0.1821
vn -0.9848 -0.0000 0.1735
vn 0.9848 -0.0000 -0.1735
vn 0.9848 -0.0000 -0.1736
vn -0.9863 0.0075 0.1649
vn -0.9856 0.0075 0.1692
vn 0.9855 -0.0076 -0.1693
vn 0.9848 -0.0000 -0.1734
vn -0.9863 0.0075 0.1650
vn -0.9855 0.0075 0.1692
vn -0.9825 -0.0075 0.1863
vn 0.9856 -0.0076 -0.1691
vn 0.9825 0.0001 -0.1864
vn 0.9833 0.0001 -0.1820
vn -0.9824 -0.0000 0.1866
vn -0.1585 0.4739 -0.8662
vn -0.1754 0.2338 -0.9563
vn -0.1754 0.2337 -0.9564
vn -0.9825 -0.0000 0.1862
vt 0.397787 0.010514
vt 0.335159 0.169429
vt 0.325552 0.113483
vt 0.320566 0.847170
vt 0.398152 0.842588
vt 0.332848 0.850425
vt 0.836184 0.852596
vt 0.824023 0.855731
vt 0.758598 0.848014
vt 0.589320 0.311102
vt 0.661677 0.414072
vt 0.651948 0.469897
vt 0.451173 0.700794
vt 0.345496 0.780493
vt 0.451173 0.656303
vt 0.345496 0.656303
vt 0.093889 0.579136
vt 0.021654 0.682105
vt 0.112616 0.520176
vt 0.006939 0.599875
vt 0.932984 0.414433
vt 0.932862 0.290123
vt 0.938335 0.414433
vt 0.938335 0.290123
vt 0.380276 0.909988
vt 0.380276 0.865256
vt 0.385748 0.909988
vt 0.385748 0.865256
vt 0.744613 0.931812
vt 0.743640 0.848134
vt 0.749964 0.931812
vt 0.749113 0.848134
vt 0.250885 0.927110
vt 0.250885 0.864894
vt 0.256357 0.927110
vt 0.256235 0.864894
vt 0.813443 0.924216
vt 0.814295 0.860795
vt 0.818794 0.924216
vt 0.819645 0.860795
vt 0.883246 0.606868
vt 0.883125 0.429143
vt 0.888719 0.606868
vt 0.888475 0.429143
vt 0.415177 0.989567
vt 0.415177 0.865256
vt 0.417123 0.989446
vt 0.417123 0.865256
vt 0.397179 0.865256
vt 0.397179 0.989567
vt 0.395233 0.865256
vt 0.395233 0.989446
vt 0.700834 0.910350
vt 0.700834 0.955083
vt 0.698889 0.910350
vt 0.698889 0.954842
vt 0.947820 0.957253
vt 0.947820 0.912400
vt 0.949766 0.956891
vt 0.949766 0.912400
vt 0.599048 0.738895
vt 0.584455 0.656423
vt 0.600994 0.738654
vt 0.586401 0.656303
vt 0.680647 0.541879
vt 0.665933 0.624351
vt 0.678702 0.541758
vt 0.664109 0.624110
vt 0.565241 0.091539
vt 0.546392 0.150861
vt 0.563296 0.091298
vt 0.544568 0.150258
vt 0.374317 0.195232
vt 0.355346 0.135910
vt 0.376141 0.194629
vt 0.357413 0.135669
vt 0.545419 0.282526
vt 0.534596 0.219949
vt 0.546271 0.275533
vt 0.536542 0.219708
vt 0.451538 0.830290
vt 0.440836 0.892746
vt 0.449592 0.829928
vt 0.439985 0.885753
vt 0.709347 0.011117
vt 0.644165 0.176422
vt 0.707523 0.010514
vt 0.644895 0.169429
vt 0.804079 0.562256
vt 0.738776 0.397071
vt 0.803228 0.555263
vt 0.740600 0.396468
vt 0.685633 0.724427
vt 0.685633 0.768556
vt 0.644165 0.724427
vt 0.644165 0.747938
vt 0.162962 0.138562
vt 0.162962 0.169067
vt 0.121372 0.166415
vt 0.121372 0.175217
vt 0.780244 0.751435
vt 0.780244 0.779167
vt 0.738776 0.757584
vt 0.738776 0.779167
vt 0.262437 0.477372
vt 0.262437 0.485089
vt 0.220969 0.477372
vt 0.220969 0.505828
vt 0.690619 0.481231
vt 0.690619 0.537659
vt 0.649151 0.501969
vt 0.649151 0.516920
vt 0.586036 0.814977
vt 0.586036 0.819197
vt 0.544568 0.794238
vt 0.544568 0.819197
vt 0.396936 0.795082
vt 0.396936 0.820885
vt 0.355346 0.795082
vt 0.355346 0.820885
vt 0.111522 0.544290
vt 0.115170 0.544290
vt 0.111887 0.598669
vt 0.115535 0.598669
vt 0.345496 0.611691
vt 0.349144 0.611691
vt 0.345496 0.645451
vt 0.349144 0.645451
vt 0.654137 0.880930
vt 0.657785 0.880930
vt 0.654258 0.931692
vt 0.658028 0.931571
vt 0.564512 0.311102
vt 0.568282 0.311102
vt 0.564512 0.335699
vt 0.568282 0.335699
vt 0.350482 0.045601
vt 0.354130 0.045480
vt 0.350482 0.055488
vt 0.354252 0.055488
vt 0.644165 0.349203
vt 0.647813 0.349203
vt 0.644165 0.376935
vt 0.647813 0.376935
vt 0.594306 0.101064
vt 0.598076 0.101064
vt 0.594549 0.122647
vt 0.598197 0.122647
vt 0.629207 0.067907
vt 0.632977 0.067907
vt 0.629207 0.076708
vt 0.632977 0.076708
vt 0.295636 0.342090
vt 0.299406 0.342090
vt 0.295636 0.370062
vt 0.299406 0.370062
vt 0.350482 0.156648
vt 0.354130 0.156648
vt 0.350482 0.182451
vt 0.354130 0.182451
vt 0.668973 0.051509
vt 0.672743 0.051509
vt 0.668973 0.077311
vt 0.672743 0.077311
vt 0.086592 0.883101
vt 0.090362 0.883101
vt 0.086592 0.930124
vt 0.090362 0.930124
vt 0.161260 0.175096
vt 0.165029 0.175096
vt 0.161503 0.206445
vt 0.165151 0.206445
vt 0.907933 0.869476
vt 0.911703 0.869476
vt 0.907933 0.931933
vt 0.911703 0.931933
vt 0.683931 0.092986
vt 0.687701 0.092986
vt 0.683931 0.110107
vt 0.687701 0.110107
vt 0.220969 0.010514
vt 0.224739 0.010514
vt 0.220969 0.015819
vt 0.224739 0.015819
vt 0.644165 0.876469
vt 0.647813 0.876469
vt 0.644408 0.927230
vt 0.648056 0.927110
vt 0.898082 0.877916
vt 0.901731 0.877916
vt 0.898204 0.928677
vt 0.901974 0.928557
vt 0.191175 0.875504
vt 0.194823 0.875504
vt 0.191297 0.926145
vt 0.195067 0.926145
vt 0.873153 0.875625
vt 0.876923 0.875625
vt 0.873396 0.926266
vt 0.877044 0.926266
vt 0.569498 0.837524
vt 0.584455 0.837283
vt 0.570227 0.883824
vt 0.585185 0.883583
vt 0.046705 0.828240
vt 0.061663 0.827999
vt 0.047556 0.874660
vt 0.062514 0.874419
vt 0.071635 0.831857
vt 0.086592 0.831616
vt 0.072486 0.878278
vt 0.087322 0.878037
vt 0.459929 0.818112
vt 0.474887 0.817871
vt 0.460780 0.864532
vt 0.475616 0.864291
vt 0.206011 0.820282
vt 0.220969 0.820041
vt 0.206863 0.866703
vt 0.221820 0.866462
vt 0.713846 0.812686
vt 0.729291 0.812686
vt 0.714090 0.862121
vt 0.728926 0.862121
vt 0.446917 0.041622
vt 0.444971 0.040536
vt 0.488507 0.013769
vt 0.490452 0.010514
vt 0.362399 0.371148
vt 0.360332 0.367892
vt 0.403868 0.399000
vt 0.405813 0.397915
vt 0.215983 0.931692
vt 0.217929 0.928436
vt 0.215983 0.962196
vt 0.217929 0.962196
vt 0.855155 0.959785
vt 0.853209 0.959785
vt 0.855155 0.929280
vt 0.853209 0.926025
vt 0.058622 0.215608
vt 0.056677 0.215608
vt 0.058622 0.206686
vt 0.056677 0.205721
vt 0.654137 0.196317
vt 0.656083 0.195352
vt 0.654137 0.205239
vt 0.656083 0.205239
vt 0.191175 0.931209
vt 0.193121 0.931209
vt 0.191175 0.958941
vt 0.193121 0.958941
vt 0.621181 0.958820
vt 0.619235 0.958820
vt 0.621181 0.931089
vt 0.619235 0.931089
vt 0.770516 0.524396
vt 0.768570 0.524396
vt 0.770516 0.502934
vt 0.768570 0.502934
vt 0.992572 0.316046
vt 0.994518 0.316046
vt 0.992572 0.337628
vt 0.994518 0.337628
vt 0.614249 0.253348
vt 0.616195 0.253348
vt 0.614249 0.261065
vt 0.616195 0.262150
vt 0.481818 0.263597
vt 0.479873 0.264682
vt 0.481818 0.256000
vt 0.479873 0.256000
vt 0.690862 0.715022
vt 0.688917 0.718036
vt 0.690862 0.686567
vt 0.688917 0.686567
vt 0.609263 0.719362
vt 0.611209 0.719362
vt 0.609263 0.747697
vt 0.611209 0.750832
vt 0.363980 0.781216
vt 0.365926 0.782302
vt 0.322512 0.801955
vt 0.320566 0.804969
vt 0.503343 0.674750
vt 0.505289 0.677765
vt 0.461875 0.654012
vt 0.459929 0.655218
vt 0.587982 0.803884
vt 0.589928 0.806898
vt 0.546514 0.783266
vt 0.544568 0.784351
vt 0.757260 0.784110
vt 0.759206 0.785195
vt 0.715792 0.804728
vt 0.713846 0.807742
vt 0.626167 0.453258
vt 0.624221 0.454343
vt 0.626167 0.429867
vt 0.624221 0.429867
vt 0.758598 0.399362
vt 0.760544 0.399362
vt 0.758598 0.422873
vt 0.760544 0.423959
vt 0.357413 0.651239
vt 0.355346 0.651239
vt 0.357413 0.626280
vt 0.355346 0.623266
vt 0.101550 0.578654
vt 0.103496 0.575519
vt 0.101550 0.603492
vt 0.103496 0.603492
vt 0.096564 0.931692
vt 0.098510 0.931692
vt 0.096564 0.957494
vt 0.098510 0.957494
vt 0.262802 0.957976
vt 0.260857 0.957976
vt 0.262802 0.932174
vt 0.260857 0.932174
vt 0.700834 0.518970
vt 0.698889 0.518970
vt 0.700834 0.493168
vt 0.698889 0.493168
vt 0.270828 0.932174
vt 0.272774 0.932174
vt 0.270828 0.957976
vt 0.272774 0.957976
vt 0.116508 0.901428
vt 0.118454 0.901428
vt 0.116508 0.945437
vt 0.118454 0.948451
vt 0.128425 0.945437
vt 0.126358 0.948451
vt 0.128425 0.901428
vt 0.126358 0.901428
vt 0.524624 0.020883
vt 0.526570 0.019798
vt 0.524624 0.025103
vt 0.526570 0.025103
vt 0.088538 0.033543
vt 0.086592 0.033543
vt 0.088538 0.029323
vt 0.086592 0.028238
vt 0.412137 0.624472
vt 0.410191 0.621337
vt 0.453605 0.645090
vt 0.455551 0.644004
vt 0.168191 0.034267
vt 0.166246 0.033182
vt 0.209660 0.013649
vt 0.211605 0.010514
vt 0.579470 0.891661
vt 0.581415 0.888647
vt 0.579470 0.948089
vt 0.581415 0.951104
vt 0.506748 0.946040
vt 0.504802 0.949054
vt 0.506748 0.889612
vt 0.504802 0.886597
vt 0.526570 0.255518
vt 0.524624 0.256603
vt 0.526570 0.240567
vt 0.524624 0.239482
vt 0.479873 0.182330
vt 0.481818 0.181245
vt 0.479873 0.197281
vt 0.481818 0.198367
vt 0.038800 0.397071
vt 0.036855 0.395986
vt 0.080269 0.376332
vt 0.082214 0.373318
vt 0.332484 0.485571
vt 0.330538 0.482557
vt 0.373952 0.506310
vt 0.375898 0.505225
vt 0.254533 0.282044
vt 0.256479 0.285058
vt 0.212943 0.261306
vt 0.210997 0.262391
vt 0.120034 0.042586
vt 0.121980 0.043671
vt 0.078566 0.063325
vt 0.076620 0.066339
vt 0.272044 0.566717
vt 0.121372 0.664984
vt 0.272044 0.515353
vt 0.121494 0.515232
vt 0.500911 0.082496
vt 0.392923 0.208133
vt 0.520976 0.010514
vt 0.370304 0.108781
vt 0.592968 0.306159
vt 0.554540 0.306159
vt 0.662528 0.060310
vt 0.554540 0.185948
vt 0.821956 0.318940
vt 0.783649 0.328465
vt 0.821956 0.157131
vt 0.783528 0.157131
vt 0.678823 0.038487
vt 0.634193 0.062963
vt 0.678823 0.010514
vt 0.640517 0.020039
vt 0.833752 0.832581
vt 0.788514 0.803764
vt 0.833752 0.690787
vt 0.789122 0.715263
vt 0.110063 0.397915
vt 0.071635 0.397915
vt 0.110063 0.389716
vt 0.071635 0.389716
vt 0.898082 0.872852
vt 0.898691 0.723100
vt 0.902825 0.872852
vt 0.903433 0.723100
vt 0.873153 0.244787
vt 0.873153 0.193182
vt 0.877896 0.244787
vt 0.877896 0.193182
vt 0.017276 0.944231
vt 0.016911 0.842347
vt 0.022018 0.944231
vt 0.021654 0.842347
vt 0.903068 0.407078
vt 0.902947 0.332203
vt 0.907811 0.407078
vt 0.907811 0.332203
vt 0.912919 0.864412
vt 0.914378 0.744562
vt 0.917783 0.864532
vt 0.919121 0.744562
vt 0.858317 0.640869
vt 0.858195 0.385616
vt 0.863059 0.640869
vt 0.862938 0.385616
vt 0.888111 0.181727
vt 0.888840 0.010514
vt 0.892853 0.181848
vt 0.893583 0.010634
vt 0.912919 0.327259
vt 0.913040 0.165450
vt 0.917783 0.327259
vt 0.917783 0.165450
vt 0.664109 0.294101
vt 0.664230 0.250816
vt 0.668851 0.294101
vt 0.668973 0.250816
vt 0.683931 0.038487
vt 0.683931 0.010514
vt 0.688673 0.038487
vt 0.688795 0.010634
vt 0.758598 0.944231
vt 0.759085 0.854766
vt 0.763462 0.944231
vt 0.763827 0.854766
vt 0.425149 0.923613
vt 0.425392 0.865256
vt 0.429892 0.923613
vt 0.430135 0.865256
vt 0.932862 0.155804
vt 0.932984 0.010514
vt 0.937605 0.155804
vt 0.937727 0.010634
vt 0.569498 0.018713
vt 0.569498 0.010514
vt 0.574240 0.018713
vt 0.574240 0.010634
vt 0.245899 0.069233
vt 0.245899 0.061275
vt 0.250641 0.069233
vt 0.250641 0.061275
vt 0.320566 0.783628
vt 0.320566 0.730817
vt 0.339659 0.784472
vt 0.339659 0.730817
vt 0.782676 0.429867
vt 0.782676 0.438789
vt 0.762003 0.429867
vt 0.762003 0.438789
vt 0.982600 0.679815
vt 0.982600 0.530063
vt 0.984667 0.679694
vt 0.984667 0.530063
vt 0.989532 0.010514
vt 0.989532 0.160386
vt 0.987586 0.010514
vt 0.987586 0.160265
vt 0.611209 0.888768
vt 0.611209 0.940373
vt 0.609263 0.888768
vt 0.609263 0.940132
vt 0.494830 0.940373
vt 0.494830 0.888768
vt 0.496776 0.940132
vt 0.496776 0.888768
vt 0.517328 0.385134
vt 0.494830 0.285782
vt 0.519274 0.385014
vt 0.496776 0.285661
vt 0.728318 0.388872
vt 0.705820 0.488224
vt 0.726372 0.388751
vt 0.703874 0.487983
vt 0.681012 0.118186
vt 0.660947 0.190409
vt 0.679066 0.117944
vt 0.659123 0.189926
vt 0.594549 0.383446
vt 0.574484 0.311343
vt 0.596373 0.383084
vt 0.576429 0.311102
vt 0.713846 0.987155
vt 0.713846 0.867306
vt 0.715792 0.987155
vt 0.715792 0.867064
vt 0.994518 0.795323
vt 0.994518 0.915294
vt 0.992572 0.795203
vt 0.992572 0.915294
vt 0.725521 0.010996
vt 0.656083 0.256603
vt 0.723697 0.010514
vt 0.654137 0.256362
vt 0.698767 0.446626
vt 0.629207 0.201019
vt 0.700713 0.446385
vt 0.631153 0.200537
vt 0.967885 0.181848
vt 0.967764 0.010634
vt 0.969831 0.181969
vt 0.969710 0.010514
vt 0.974817 0.642316
vt 0.974696 0.813530
vt 0.972871 0.642316
vt 0.972750 0.813651
vt 0.974696 0.818594
vt 0.974696 0.980403
vt 0.972750 0.818594
vt 0.972750 0.980403
vt 0.982600 0.339196
vt 0.982600 0.177387
vt 0.984667 0.339196
vt 0.984667 0.177387
vt 0.713846 0.157010
vt 0.720170 0.114086
vt 0.715792 0.157131
vt 0.722116 0.114207
vt 0.496776 0.336061
vt 0.503100 0.378864
vt 0.494830 0.336181
vt 0.501154 0.378985
vt 0.715792 0.767230
vt 0.715792 0.795082
vt 0.713846 0.767230
vt 0.713846 0.795082
vt 0.629207 0.958338
vt 0.629207 0.930486
vt 0.631153 0.958338
vt 0.631153 0.930486
vt 0.474887 0.958820
vt 0.475495 0.869355
vt 0.476832 0.957856
vt 0.477562 0.869476
vt 0.735736 0.867064
vt 0.736344 0.956530
vt 0.733790 0.867185
vt 0.734398 0.955686
vt 0.309986 0.256242
vt 0.260857 0.224893
vt 0.308040 0.252745
vt 0.262802 0.223928
vt 0.469293 0.011478
vt 0.420163 0.042827
vt 0.467347 0.010514
vt 0.422109 0.039331
vt 0.994518 0.494856
vt 0.994518 0.640146
vt 0.992572 0.494856
vt 0.992572 0.636649
vt 0.992572 0.790259
vt 0.992572 0.644969
vt 0.994518 0.786763
vt 0.994518 0.644969
vt 0.624221 0.279150
vt 0.624221 0.270952
vt 0.626167 0.279150
vt 0.626167 0.270952
vt 0.456889 0.243581
vt 0.456889 0.251780
vt 0.454943 0.243581
vt 0.454943 0.251780
vt 0.546514 0.287591
vt 0.546514 0.295548
vt 0.544568 0.287349
vt 0.544568 0.295548
vt 0.340510 0.276860
vt 0.340510 0.268902
vt 0.342456 0.276860
vt 0.342456 0.268661
vt 0.260127 0.404305
vt 0.260127 0.455669
vt 0.001953 0.404305
vt 0.001953 0.553936
vt 0.543960 0.405270
vt 0.543960 0.555021
vt 0.285665 0.405390
vt 0.285665 0.456754
vt 0.260127 0.300010
vt 0.221456 0.399362
vt 0.001953 0.201743
vt 0.032112 0.273725
vt 0.260127 0.010514
vt 0.229968 0.082496
vt 0.001953 0.108781
vt 0.040624 0.208133
vt 0.484980 0.280236
vt 0.484980 0.400326
vt 0.295636 0.154599
vt 0.419069 0.400326
vt 0.360575 0.010514
vt 0.237143 0.256362
vt 0.171231 0.136151
vt 0.171231 0.256362
vt 0.340510 0.855128
vt 0.349144 0.855007
vt 0.340631 0.907095
vt 0.349266 0.907095
vt 0.016911 0.687049
vt 0.025545 0.687049
vt 0.016911 0.837403
vt 0.025545 0.837403
vt 0.738776 0.843070
vt 0.738776 0.834510
vt 0.821348 0.842709
vt 0.821226 0.834148
vt 0.698889 0.826672
vt 0.707523 0.826552
vt 0.699132 0.905407
vt 0.707766 0.905286
vt 0.121372 0.789777
vt 0.130006 0.789777
vt 0.121372 0.896364
vt 0.128425 0.896364
vt 0.768570 0.158095
vt 0.777204 0.157854
vt 0.769300 0.432278
vt 0.778055 0.432278
vt 0.868167 0.395262
vt 0.875099 0.395262
vt 0.868167 0.514750
vt 0.876801 0.514750
vt 0.865978 0.796167
vt 0.858195 0.796167
vt 0.865978 0.645934
vt 0.858195 0.645934
vt 0.039652 0.912159
vt 0.031869 0.912159
vt 0.039773 0.860071
vt 0.031990 0.860071
vt 0.313513 0.838730
vt 0.313513 0.846446
vt 0.230941 0.838971
vt 0.230941 0.846808
vt 0.682593 0.322195
vt 0.673959 0.322195
vt 0.682593 0.215608
vt 0.674810 0.215608
vt 0.562323 0.916017
vt 0.554540 0.916017
vt 0.562566 0.837283
vt 0.554783 0.837283
vt 0.876801 0.390319
vt 0.869018 0.390319
vt 0.876801 0.270831
vt 0.868167 0.270831
vt 0.836184 0.285058
vt 0.828279 0.285058
vt 0.837035 0.010755
vt 0.829252 0.010514
vt 0.069446 0.065736
vt 0.069446 0.073332
vt 0.061663 0.065736
vt 0.061663 0.073091
vt 0.437918 0.052835
vt 0.430135 0.052835
vt 0.437918 0.044636
vt 0.430135 0.044636
vt 0.609750 0.824140
vt 0.609750 0.832339
vt 0.494830 0.824140
vt 0.494830 0.832339
vt 0.425149 0.018713
vt 0.425149 0.010514
vt 0.433783 0.018713
vt 0.433783 0.010514
vt 0.748626 0.010514
vt 0.757260 0.010514
vt 0.748626 0.018230
vt 0.757260 0.017989
vt 0.435486 0.829928
vt 0.435486 0.837645
vt 0.320566 0.829928
vt 0.320566 0.837645
vt 0.001953 0.136392
vt 0.185095 0.926748
vt 0.181203 0.927471
vt 0.185095 0.875384
vt 0.181203 0.875384
vt 0.220969 0.871526
vt 0.224861 0.871526
vt 0.220969 0.922890
vt 0.224861 0.923613
vt 0.957792 0.165812
vt 0.961683 0.165812
vt 0.957792 0.315443
vt 0.961683 0.316166
vt 0.956698 0.497990
vt 0.952806 0.498593
vt 0.956698 0.348359
vt 0.952806 0.348359
vt 0.151288 0.010514
vt 0.155058 0.014252
vt 0.085984 0.044515
vt 0.081606 0.051870
vt 0.036125 0.356679
vt 0.032477 0.358005
vt 0.005845 0.284697
vt 0.001953 0.285420
vt 0.415420 0.010514
vt 0.419433 0.011237
vt 0.385262 0.082496
vt 0.388910 0.083822
vt 0.558310 0.010514
vt 0.562323 0.011237
vt 0.519638 0.109866
vt 0.523651 0.110589
vt 0.333213 0.275895
vt 0.329322 0.276618
vt 0.294542 0.176543
vt 0.290651 0.177266
vt 0.641733 0.504984
vt 0.638085 0.505466
vt 0.518301 0.259256
vt 0.514652 0.260582
vt 0.588347 0.010514
vt 0.591995 0.011840
vt 0.464915 0.256362
vt 0.468685 0.257086
vt 0.355346 0.853319
vt 0.359359 0.853922
vt 0.355346 0.973410
vt 0.359237 0.973410
vt 0.852115 0.505828
vt 0.848345 0.505828
vt 0.852115 0.385616
vt 0.848223 0.386340
vt 0.961683 0.160265
vt 0.957792 0.160868
vt 0.961683 0.010514
vt 0.957792 0.010514
vt 0.952806 0.757222
vt 0.956698 0.757222
vt 0.952806 0.906853
vt 0.956698 0.907456
vt 0.843237 0.874540
vt 0.847129 0.874540
vt 0.843237 0.925904
vt 0.847129 0.926507
vt 0.210024 0.923010
vt 0.206011 0.923734
vt 0.210024 0.871646
vt 0.206011 0.871646
vt 0.110914 0.336905
vt 0.115292 0.344139
vt 0.045489 0.302903
vt 0.041719 0.306641
vt 0.044516 0.338834
vt 0.040624 0.339558
vt 0.005845 0.239482
vt 0.001953 0.240205
vt 0.483642 0.117703
vt 0.487534 0.118306
vt 0.444971 0.217055
vt 0.448984 0.217658
vt 0.604642 0.010514
vt 0.608534 0.011237
vt 0.574484 0.082496
vt 0.578132 0.083822
vt 0.643435 0.342813
vt 0.639787 0.344139
vt 0.613155 0.270952
vt 0.609263 0.271554
vt 0.892002 0.972204
vt 0.888111 0.972204
vt 0.892002 0.851993
vt 0.888111 0.852596
vt 0.230941 0.851752
vt 0.234832 0.852475
vt 0.230941 0.971963
vt 0.234832 0.971963
vt 0.628113 0.010514
vt 0.631761 0.011840
vt 0.504802 0.256362
vt 0.508450 0.256844
vt 0.611939 0.485451
vt 0.608169 0.486174
vt 0.488507 0.239723
vt 0.484858 0.241049
vt 0.793500 0.858383
vt 0.797269 0.858383
vt 0.793500 0.973289
vt 0.797269 0.973289
vt 0.777447 0.970878
vt 0.773556 0.970878
vt 0.777447 0.855972
vt 0.773556 0.855972
vt 0.833265 0.859589
vt 0.837035 0.859589
vt 0.833265 0.974616
vt 0.837035 0.974616
vt 0.807241 0.974495
vt 0.803471 0.974495
vt 0.807241 0.859468
vt 0.803471 0.859468
vt 0.313513 0.718760
vt 0.313999 0.833666
vt 0.230941 0.719121
vt 0.231427 0.834027
vt 0.783528 0.857177
vt 0.787298 0.857177
vt 0.783528 0.972083
vt 0.787298 0.972083
vt 0.691714 0.908300
vt 0.683931 0.908300
vt 0.691714 0.793394
vt 0.683931 0.793394
vt 0.667757 0.974977
vt 0.664109 0.974977
vt 0.667757 0.860071
vt 0.664109 0.860071
vt 0.673959 0.860071
vt 0.677607 0.860071
vt 0.673959 0.974977
vt 0.677607 0.974977
vt 0.947820 0.750109
vt 0.947820 0.588300
vt 0.951590 0.752279
vt 0.951590 0.588300
vt 0.856006 0.216814
vt 0.856006 0.380673
vt 0.848223 0.216814
vt 0.848223 0.380673
vt 0.951590 0.172443
vt 0.947820 0.174493
vt 0.951590 0.010514
vt 0.947820 0.010514
vt 0.112616 0.658353
vt 0.112373 0.829687
vt 0.046705 0.658353
vt 0.046705 0.820162
vt 0.927876 0.774705
vt 0.928241 0.603371
vt 0.932011 0.778805
vt 0.932011 0.603371
vt 0.039652 0.679573
vt 0.039652 0.855128
vt 0.031869 0.679573
vt 0.031869 0.855128
vt 0.941740 0.770847
vt 0.937848 0.775429
vt 0.941740 0.599875
vt 0.937848 0.599875
vt 0.932862 0.590470
vt 0.932862 0.419497
vt 0.936754 0.594931
vt 0.936754 0.419497
vt 0.141316 0.835715
vt 0.141316 0.660161
vt 0.149950 0.835715
vt 0.149950 0.660161
vt 0.927025 0.594208
vt 0.922890 0.598428
vt 0.926782 0.422873
vt 0.922890 0.422873
vt 0.222185 0.650395
vt 0.222185 0.812204
vt 0.156274 0.650395
vt 0.156517 0.821729
vt 0.942834 0.581306
vt 0.942834 0.419497
vt 0.946604 0.583356
vt 0.946604 0.419497
vt 0.001953 0.824864
vt 0.001953 0.660885
vt 0.010587 0.824864
vt 0.010587 0.660885
vt 0.951590 0.341246
vt 0.947820 0.343416
vt 0.951590 0.179437
vt 0.947820 0.179437
vt 0.504802 0.228027
vt 0.504802 0.200055
vt 0.508450 0.230560
vt 0.508450 0.202225
vt 0.373222 0.328103
vt 0.373222 0.356558
vt 0.365318 0.328103
vt 0.365318 0.356558
vt 0.080390 0.192458
vt 0.080390 0.220431
vt 0.076620 0.194629
vt 0.076620 0.222963
vt 0.152139 0.195473
vt 0.163084 0.238276
vt 0.086592 0.185948
vt 0.086592 0.213800
vt 0.012776 0.187394
vt 0.001953 0.144470
vt 0.017033 0.192579
vt 0.006088 0.148690
vt 0.288583 0.864894
vt 0.288583 0.910109
vt 0.280679 0.864894
vt 0.280679 0.910109
vt 0.539339 0.142421
vt 0.528516 0.185224
vt 0.535569 0.147002
vt 0.524624 0.190891
vt 0.650124 0.224049
vt 0.639179 0.181245
vt 0.653894 0.229595
vt 0.642949 0.185706
vt 0.664109 0.478940
vt 0.664109 0.433725
vt 0.672743 0.478940
vt 0.672743 0.433725
vt 0.450079 0.158216
vt 0.439255 0.201019
vt 0.445944 0.162315
vt 0.434999 0.206324
vt 0.078445 0.010514
vt 0.078445 0.038487
vt 0.012776 0.020039
vt 0.001953 0.062963
vt 0.514652 0.208133
vt 0.514652 0.180281
vt 0.518422 0.210786
vt 0.518422 0.182330
vt 0.310594 0.153272
vt 0.310594 0.124817
vt 0.319228 0.153272
vt 0.319228 0.124817
vt 0.618019 0.404546
vt 0.618019 0.432399
vt 0.614249 0.406596
vt 0.614249 0.435051
vt 0.754220 0.170635
vt 0.754342 0.394418
vt 0.688917 0.162798
vt 0.688917 0.360417
vt 0.779271 0.530666
vt 0.779271 0.728164
vt 0.713846 0.538382
vt 0.713846 0.762166
vt 0.843237 0.211750
vt 0.843237 0.010514
vt 0.851871 0.211750
vt 0.851871 0.010514
vt 0.698889 0.590590
vt 0.707523 0.590590
vt 0.698889 0.821608
vt 0.707523 0.821608
vt 0.841170 0.290002
vt 0.841170 0.521020
vt 0.833265 0.290002
vt 0.833265 0.521020
vt 0.851020 0.727200
vt 0.843237 0.727200
vt 0.851020 0.526084
vt 0.843237 0.526084
vt 0.926660 0.010514
vt 0.926660 0.208133
vt 0.922890 0.010514
vt 0.922890 0.211750
vt 0.912919 0.332203
vt 0.916689 0.332203
vt 0.912919 0.529701
vt 0.916689 0.533439
vt 0.888111 0.611691
vt 0.891880 0.616152
vt 0.888232 0.839333
vt 0.892002 0.847170
vt 0.887503 0.193182
vt 0.887381 0.416965
vt 0.883246 0.193182
vt 0.883125 0.424200
vt 0.896988 0.186792
vt 0.896866 0.414313
vt 0.893218 0.191132
vt 0.893097 0.422150
vt 0.873153 0.519694
vt 0.877409 0.519694
vt 0.873153 0.743598
vt 0.877531 0.750832
vt 0.922890 0.216694
vt 0.926660 0.216694
vt 0.922890 0.414313
vt 0.926660 0.417930
vt 0.916689 0.538382
vt 0.916689 0.735881
vt 0.912919 0.538382
vt 0.912919 0.739619
vt 0.962778 0.933259
vt 0.962778 0.793274
vt 0.966426 0.933259
vt 0.966426 0.795926
vt 0.851020 0.732264
vt 0.851020 0.869476
vt 0.843237 0.732264
vt 0.843237 0.869476
vt 0.966426 0.321110
vt 0.966426 0.460975
vt 0.962778 0.323642
vt 0.962778 0.460975
vt 0.536420 0.696333
vt 0.537515 0.816303
vt 0.459929 0.671857
vt 0.459929 0.811721
vt 0.003048 0.949777
vt 0.001953 0.829807
vt 0.007304 0.949777
vt 0.006209 0.834992
vt 0.905865 0.603251
vt 0.905865 0.718036
vt 0.898082 0.603251
vt 0.898082 0.718036
vt 0.534718 0.837283
vt 0.533502 0.954118
vt 0.530826 0.842950
vt 0.529610 0.957735
vt 0.545784 0.954118
vt 0.544568 0.837283
vt 0.549554 0.957735
vt 0.548459 0.842829
vt 0.873153 0.870561
vt 0.873153 0.755776
vt 0.881787 0.870561
vt 0.881787 0.755776
vt 0.943199 0.780252
vt 0.942105 0.900343
vt 0.939064 0.785436
vt 0.937848 0.900343
vt 0.806390 0.010514
vt 0.806390 0.150499
vt 0.729899 0.034990
vt 0.728804 0.155081
vt 0.957792 0.643522
vt 0.957792 0.503537
vt 0.961562 0.643522
vt 0.961440 0.506189
vt 0.813443 0.147846
vt 0.813443 0.010514
vt 0.822077 0.147846
vt 0.822077 0.010514
vt 0.966426 0.648466
vt 0.966426 0.788330
vt 0.962778 0.651118
vt 0.962778 0.788330
vt 0.095348 0.010634
vt 0.095226 0.023295
vt 0.086714 0.010514
vt 0.086592 0.023174
vt 0.741695 0.010634
vt 0.741573 0.023295
vt 0.733790 0.010514
vt 0.733790 0.023174
vt 0.121494 0.669928
vt 0.134019 0.669928
vt 0.121372 0.784834
vt 0.133898 0.784834
vt 0.319350 0.010514
vt 0.331632 0.013046
vt 0.315580 0.014131
vt 0.327863 0.017386
vt 0.117602 0.014131
vt 0.105320 0.017386
vt 0.113711 0.010514
vt 0.101550 0.013046
vt 0.760179 0.162677
vt 0.755923 0.162677
vt 0.747897 0.159421
vt 0.743640 0.159421
vt 0.006209 0.013769
vt 0.001953 0.013769
vt 0.018492 0.010514
vt 0.014236 0.010514
vt 0.051691 0.080446
vt 0.051691 0.072368
vt 0.055582 0.080446
vt 0.055582 0.072368
vt 0.311810 0.851752
vt 0.311810 0.859951
vt 0.245899 0.851752
vt 0.245899 0.859951
vt 0.584455 0.128917
vt 0.584455 0.120838
vt 0.588104 0.128917
vt 0.588104 0.121562
vt 0.493493 0.168585
vt 0.493493 0.176784
vt 0.489844 0.169308
vt 0.489844 0.176784
vt 0.431229 0.852113
vt 0.431229 0.860192
vt 0.365318 0.852113
vt 0.365318 0.860192
vt 0.667879 0.082255
vt 0.667879 0.090454
vt 0.664109 0.082255
vt 0.664109 0.090454
vt 0.575700 0.561412
vt 0.575700 0.711043
vt 0.425149 0.561412
vt 0.425149 0.612776
vt 0.416393 0.552128
vt 0.393896 0.651480
vt 0.265842 0.453861
vt 0.285786 0.525722
vt 0.657542 0.558880
vt 0.657542 0.678971
vt 0.549554 0.433243
vt 0.619114 0.678971
vt 0.826942 0.333408
vt 0.826820 0.504743
vt 0.788514 0.333408
vt 0.788514 0.495217
vt 0.582875 0.719724
vt 0.589198 0.762648
vt 0.544568 0.710199
vt 0.544568 0.738172
vt 0.833144 0.587576
vt 0.833752 0.672942
vt 0.788514 0.563100
vt 0.788514 0.705255
vt 0.184730 0.386219
vt 0.184730 0.394298
vt 0.146302 0.386219
vt 0.146302 0.394298
vt 0.902947 0.010634
vt 0.907811 0.010514
vt 0.903433 0.160386
vt 0.908298 0.160386
vt 0.703874 0.378382
vt 0.708617 0.378382
vt 0.703874 0.429867
vt 0.708617 0.429867
vt 0.515261 0.837283
vt 0.520003 0.837283
vt 0.514652 0.939167
vt 0.519517 0.939167
vt 0.295636 0.864894
vt 0.300501 0.864894
vt 0.295636 0.939770
vt 0.300379 0.939770
vt 0.858195 0.801232
vt 0.862938 0.801232
vt 0.859533 0.921081
vt 0.864275 0.921081
vt 0.863303 0.010514
vt 0.868045 0.010634
vt 0.863181 0.265767
vt 0.867924 0.265767
vt 0.898082 0.427094
vt 0.902825 0.426973
vt 0.898691 0.598307
vt 0.903433 0.598187
vt 0.902947 0.165450
vt 0.907811 0.165450
vt 0.903068 0.327259
vt 0.907811 0.327259
vt 0.245899 0.354388
vt 0.250641 0.354267
vt 0.246020 0.397674
vt 0.250763 0.397674
vt 0.255871 0.037522
vt 0.260613 0.037522
vt 0.255871 0.065495
vt 0.260613 0.065495
vt 0.320566 0.854766
vt 0.325309 0.854766
vt 0.320931 0.941337
vt 0.325674 0.941217
vt 0.912919 0.010634
vt 0.917783 0.010514
vt 0.913162 0.070921
vt 0.917905 0.070921
vt 0.927876 0.783748
vt 0.932619 0.783748
vt 0.927998 0.929642
vt 0.932741 0.929642
vt 0.564512 0.023777
vt 0.569254 0.023777
vt 0.564512 0.031855
vt 0.569254 0.031855
vt 0.718832 0.057296
vt 0.723575 0.057296
vt 0.718832 0.065254
vt 0.723575 0.065254
vt 0.619235 0.789777
vt 0.638328 0.789777
vt 0.619235 0.845241
vt 0.638328 0.845241
vt 0.998044 0.154960
vt 0.998044 0.157010
vt 0.997558 0.003882
vt 0.997558 0.001953
vt 0.982600 0.684879
vt 0.984667 0.684879
vt 0.982600 0.834510
vt 0.984667 0.834630
vt 0.984667 0.989325
vt 0.982600 0.989446
vt 0.984667 0.839574
vt 0.982600 0.839574
vt 0.571443 0.940132
vt 0.569498 0.940373
vt 0.571443 0.888768
vt 0.569498 0.888768
vt 0.599292 0.888768
vt 0.601237 0.888768
vt 0.599292 0.940132
vt 0.601237 0.940373
vt 0.288340 0.327983
vt 0.290286 0.328103
vt 0.265842 0.427214
vt 0.267788 0.427455
vt 0.753247 0.513183
vt 0.751302 0.513424
vt 0.730750 0.413831
vt 0.728804 0.414072
vt 0.023964 0.387063
vt 0.022018 0.387425
vt 0.003899 0.315081
vt 0.001953 0.315202
vt 0.718954 0.074659
vt 0.720900 0.074900
vt 0.698889 0.146641
vt 0.700834 0.147002
vt 0.365318 0.865256
vt 0.367264 0.865376
vt 0.365318 0.985346
vt 0.367264 0.985346
vt 0.725764 0.987155
vt 0.723818 0.987155
vt 0.725764 0.867064
vt 0.723818 0.867306
vt 0.695727 0.476046
vt 0.693781 0.476287
vt 0.626167 0.230318
vt 0.624221 0.230680
vt 0.723697 0.473514
vt 0.725521 0.473876
vt 0.654137 0.719242
vt 0.656083 0.719483
vt 0.967885 0.465918
vt 0.969831 0.465918
vt 0.967764 0.637373
vt 0.969710 0.637252
vt 0.974817 0.358246
vt 0.972871 0.358126
vt 0.974696 0.186912
vt 0.972750 0.186912
vt 0.979681 0.172443
vt 0.977736 0.172443
vt 0.979681 0.010514
vt 0.977736 0.010514
vt 0.977736 0.363190
vt 0.979681 0.363190
vt 0.977736 0.524999
vt 0.979681 0.524999
vt 0.001953 0.356317
vt 0.003899 0.356197
vt 0.008277 0.399121
vt 0.010222 0.399000
vt 0.466861 0.228389
vt 0.464915 0.228269
vt 0.473184 0.185586
vt 0.471238 0.185465
vt 0.412137 0.768315
vt 0.410191 0.768315
vt 0.412137 0.740463
vt 0.410191 0.740463
vt 0.071635 0.929521
vt 0.073580 0.929521
vt 0.071635 0.957374
vt 0.073580 0.957374
vt 0.464915 0.869596
vt 0.466861 0.869476
vt 0.465644 0.955083
vt 0.467590 0.955927
vt 0.456889 0.955083
vt 0.454943 0.955927
vt 0.457618 0.869596
vt 0.455673 0.869476
vt 0.178650 0.010514
vt 0.180595 0.011478
vt 0.133290 0.042827
vt 0.131344 0.046445
vt 0.457375 0.235021
vt 0.459321 0.238638
vt 0.412137 0.202707
vt 0.410191 0.203672
vt 0.989532 0.486295
vt 0.987586 0.489912
vt 0.989532 0.344139
vt 0.987586 0.344139
vt 0.992572 0.165450
vt 0.994518 0.165450
vt 0.992572 0.307485
vt 0.994518 0.311223
vt 0.345496 0.281803
vt 0.347441 0.281803
vt 0.345496 0.289881
vt 0.347441 0.289881
vt 0.203093 0.269505
vt 0.201147 0.269505
vt 0.203093 0.261306
vt 0.201025 0.261306
vt 0.038800 0.296513
vt 0.036855 0.296513
vt 0.038800 0.288314
vt 0.036855 0.288555
vt 0.001953 0.270831
vt 0.003899 0.271072
vt 0.001953 0.279030
vt 0.003899 0.279030
vt 0.336618 0.601683
vt 0.336618 0.725873
vt 0.230941 0.601683
vt 0.230941 0.646175
vt 0.361548 0.313514
vt 0.346833 0.395865
vt 0.255871 0.233815
vt 0.274598 0.292896
vt 0.932984 0.160748
vt 0.938335 0.160748
vt 0.932862 0.285179
vt 0.938335 0.285179
vt 0.728804 0.485089
vt 0.734276 0.485089
vt 0.728804 0.529822
vt 0.734155 0.529822
vt 0.137303 0.840659
vt 0.142654 0.840659
vt 0.136330 0.924457
vt 0.141802 0.924337
vt 0.265842 0.864894
vt 0.271315 0.864894
vt 0.265842 0.927110
vt 0.271193 0.927110
vt 0.305608 0.864894
vt 0.311081 0.864894
vt 0.306460 0.928315
vt 0.311932 0.928315
vt 0.873518 0.010514
vt 0.878868 0.010634
vt 0.873153 0.188238
vt 0.878504 0.188238
vt 0.240913 0.864894
vt 0.242859 0.864894
vt 0.240913 0.989084
vt 0.242859 0.989205
vt 0.407151 0.989446
vt 0.405205 0.989567
vt 0.407151 0.865256
vt 0.405205 0.865256
vt 0.939794 0.949777
vt 0.937848 0.950019
vt 0.939794 0.905286
vt 0.937848 0.905286
vt 0.340510 0.912159
vt 0.342456 0.912159
vt 0.340510 0.956650
vt 0.342456 0.956891
vt 0.270464 0.306641
vt 0.272409 0.306762
vt 0.255871 0.388992
vt 0.257816 0.389234
vt 0.566093 0.556107
vt 0.564147 0.556348
vt 0.551500 0.473876
vt 0.549554 0.473996
vt 0.540433 0.394418
vt 0.538488 0.395021
vt 0.521584 0.335337
vt 0.519638 0.335699
vt 0.623127 0.051629
vt 0.625073 0.051870
vt 0.604278 0.110589
vt 0.606223 0.111192
vt 0.688673 0.643281
vt 0.690619 0.643643
vt 0.678945 0.699227
vt 0.679796 0.706099
vt 0.655718 0.869114
vt 0.654866 0.875987
vt 0.646111 0.813289
vt 0.644165 0.813530
vt 0.648908 0.784231
vt 0.649637 0.791224
vt 0.586280 0.625436
vt 0.584455 0.626039
vt 0.543352 0.010514
vt 0.545176 0.011117
vt 0.480602 0.169429
vt 0.479873 0.176302
vt 0.307311 0.034026
vt 0.265842 0.054644
vt 0.307311 0.010514
vt 0.265842 0.010514
vt 0.162962 0.381276
vt 0.121372 0.375006
vt 0.162962 0.372353
vt 0.121372 0.344501
vt 0.272409 0.710561
vt 0.230941 0.710561
vt 0.272409 0.688978
vt 0.230941 0.682708
vt 0.446674 0.554539
vt 0.405205 0.533801
vt 0.446674 0.526084
vt 0.405205 0.526084
vt 0.093159 0.357885
vt 0.051691 0.378623
vt 0.093159 0.342934
vt 0.051691 0.322195
vt 0.780244 0.809551
vt 0.738776 0.809551
vt 0.780244 0.784713
vt 0.738776 0.805452
vt 0.451660 0.824984
vt 0.410191 0.824984
vt 0.451660 0.799182
vt 0.410191 0.799182
vt 0.330538 0.909747
vt 0.330903 0.855369
vt 0.334308 0.909868
vt 0.334673 0.855369
vt 0.106536 0.919755
vt 0.106536 0.886115
vt 0.110184 0.919755
vt 0.110184 0.886115
vt 0.046948 0.930245
vt 0.046705 0.879604
vt 0.050718 0.930245
vt 0.050475 0.879604
vt 0.380276 0.372474
vt 0.380276 0.347998
vt 0.384045 0.372474
vt 0.384045 0.347998
vt 0.420163 0.057778
vt 0.420163 0.047771
vt 0.423811 0.057778
vt 0.423933 0.047891
vt 0.664109 0.562135
vt 0.664109 0.534283
vt 0.667757 0.562135
vt 0.667757 0.534283
vt 0.509667 0.139768
vt 0.509910 0.118306
vt 0.513436 0.139889
vt 0.513558 0.118306
vt 0.375290 0.093830
vt 0.375290 0.085149
vt 0.379060 0.093830
vt 0.379060 0.085149
vt 0.275693 0.446867
vt 0.275693 0.419015
vt 0.279463 0.446867
vt 0.279463 0.419015
vt 0.693903 0.399000
vt 0.693903 0.373197
vt 0.697672 0.399000
vt 0.697672 0.373197
vt 0.723818 0.467003
vt 0.723818 0.441201
vt 0.727466 0.467003
vt 0.727466 0.441201
vt 0.758598 0.524758
vt 0.758598 0.477734
vt 0.762368 0.524758
vt 0.762368 0.477734
vt 0.544568 0.231404
vt 0.544811 0.199934
vt 0.548338 0.231404
vt 0.548581 0.199934
vt 0.917905 0.931933
vt 0.917905 0.869476
vt 0.921674 0.931933
vt 0.921674 0.869476
vt 0.499816 0.160627
vt 0.499816 0.143506
vt 0.503465 0.160627
vt 0.503465 0.143506
vt 0.439985 0.015819
vt 0.439985 0.010514
vt 0.443755 0.015819
vt 0.443755 0.010514
vt 0.161260 0.929039
vt 0.161503 0.878278
vt 0.165029 0.929039
vt 0.165151 0.878278
vt 0.061663 0.930124
vt 0.061906 0.879483
vt 0.065432 0.930245
vt 0.065676 0.879483
vt 0.151288 0.928918
vt 0.151531 0.878157
vt 0.155058 0.928918
vt 0.155301 0.878157
vt 0.171231 0.929039
vt 0.171475 0.878278
vt 0.175001 0.929039
vt 0.175123 0.878278
vt 0.594306 0.883583
vt 0.595157 0.837283
vt 0.609263 0.883824
vt 0.610115 0.837524
vt 0.096564 0.880810
vt 0.097294 0.834510
vt 0.111522 0.881051
vt 0.112252 0.834751
vt 0.484858 0.883583
vt 0.485588 0.837162
vt 0.499816 0.883824
vt 0.500546 0.837524
vt 0.156274 0.873093
vt 0.157003 0.826672
vt 0.171231 0.873334
vt 0.171961 0.826914
vt 0.181203 0.870199
vt 0.181933 0.823899
vt 0.196161 0.870440
vt 0.196891 0.824140
vt 0.659366 0.855128
vt 0.659123 0.805693
vt 0.674202 0.855128
vt 0.674445 0.805693
vt 0.091578 0.366084
vt 0.136938 0.396106
vt 0.093524 0.369339
vt 0.134992 0.397191
vt 0.026883 0.078396
vt 0.072243 0.048374
vt 0.028828 0.079482
vt 0.070297 0.051629
vt 0.425149 0.962196
vt 0.425149 0.928436
vt 0.427095 0.962196
vt 0.427095 0.931692
vt 0.865127 0.926025
vt 0.865127 0.959785
vt 0.863181 0.929280
vt 0.863181 0.959785
vt 0.272774 0.208977
vt 0.272774 0.218984
vt 0.270828 0.210062
vt 0.270828 0.218984
vt 0.678945 0.207892
vt 0.678945 0.198005
vt 0.680891 0.207892
vt 0.680891 0.199090
vt 0.873153 0.959062
vt 0.873153 0.931330
vt 0.875099 0.959062
vt 0.875099 0.931330
vt 0.845183 0.931571
vt 0.845183 0.959303
vt 0.843237 0.931571
vt 0.843237 0.959303
vt 0.397179 0.507154
vt 0.397179 0.528737
vt 0.395233 0.507154
vt 0.395233 0.528737
vt 0.111522 0.370665
vt 0.111522 0.349203
vt 0.113468 0.370665
vt 0.113468 0.349203
vt 0.873153 0.258532
vt 0.873153 0.249731
vt 0.875099 0.257447
vt 0.875099 0.249731
vt 0.247845 0.253710
vt 0.247845 0.262511
vt 0.245899 0.253710
vt 0.245899 0.261426
vt 0.003899 0.558880
vt 0.003899 0.590349
vt 0.001953 0.558880
vt 0.001953 0.587214
vt 0.415177 0.615790
vt 0.415177 0.584321
vt 0.417123 0.612655
vt 0.417123 0.584321
vt 0.425635 0.786763
vt 0.380276 0.764095
vt 0.423690 0.783628
vt 0.382221 0.763010
vt 0.072243 0.537297
vt 0.026883 0.559965
vt 0.070297 0.536212
vt 0.028828 0.556951
vt 0.689525 0.783146
vt 0.644165 0.805693
vt 0.687579 0.782060
vt 0.646111 0.802678
vt 0.589928 0.794962
vt 0.544568 0.772415
vt 0.587982 0.791827
vt 0.546514 0.771329
vt 0.033814 0.362949
vt 0.033814 0.387546
vt 0.031869 0.362949
vt 0.031869 0.386340
vt 0.310594 0.595775
vt 0.310594 0.571178
vt 0.312540 0.594690
vt 0.312540 0.571178
vt 0.282746 0.536333
vt 0.282746 0.564306
vt 0.280679 0.539468
vt 0.280679 0.564306
vt 0.071635 0.650756
vt 0.071635 0.622783
vt 0.073580 0.650756
vt 0.073580 0.625798
vt 0.250885 0.957976
vt 0.250885 0.932174
vt 0.252830 0.957976
vt 0.252830 0.932174
vt 0.641125 0.932174
vt 0.641125 0.957976
vt 0.639179 0.932174
vt 0.639179 0.957976
vt 0.013871 0.556951
vt 0.013871 0.582753
vt 0.011925 0.556951
vt 0.011925 0.582753
vt 0.728804 0.787848
vt 0.728804 0.762045
vt 0.730750 0.787848
vt 0.730750 0.762045
vt 0.444971 0.944593
vt 0.444971 0.897569
vt 0.446917 0.941579
vt 0.446917 0.897569
vt 0.437067 0.897569
vt 0.437067 0.944593
vt 0.434999 0.897569
vt 0.434999 0.941579
vt 0.763584 0.015819
vt 0.763584 0.010514
vt 0.765530 0.015819
vt 0.765530 0.011599
vt 0.317526 0.021727
vt 0.317526 0.027032
vt 0.315580 0.022812
vt 0.315580 0.027032
vt 0.176217 0.639905
vt 0.221577 0.617237
vt 0.178163 0.640990
vt 0.219631 0.620251
vt 0.370304 0.770485
vt 0.415785 0.793153
vt 0.372249 0.773500
vt 0.413718 0.794238
vt 0.484858 0.951104
vt 0.484858 0.888647
vt 0.486804 0.948089
vt 0.486804 0.891661
vt 0.591387 0.888526
vt 0.591387 0.950983
vt 0.589320 0.891661
vt 0.589320 0.947969
vt 0.496776 0.219829
vt 0.496776 0.236950
vt 0.494830 0.220914
vt 0.494830 0.235865
vt 0.066649 0.216211
vt 0.066649 0.199090
vt 0.068594 0.215126
vt 0.068594 0.200175
vt 0.454943 0.529942
vt 0.500303 0.552489
vt 0.456889 0.532957
vt 0.498357 0.553575
vt 0.166246 0.505466
vt 0.211605 0.482798
vt 0.168191 0.506551
vt 0.209660 0.485813
vt 0.306216 0.565752
vt 0.260857 0.588420
vt 0.304271 0.564667
vt 0.262802 0.585285
vt 0.331146 0.398879
vt 0.285665 0.376212
vt 0.329200 0.395745
vt 0.287610 0.375127
vt 0.629207 0.683914
vt 0.646840 0.683914
vt 0.629207 0.713575
vt 0.646840 0.713575
vt 0.116265 0.608676
vt 0.116265 0.649430
vt 0.081606 0.608676
vt 0.081606 0.649430
vt 0.628964 0.757222
vt 0.612060 0.789054
vt 0.594306 0.757222
vt 0.594306 0.789054
vt 0.096564 0.885994
vt 0.100577 0.885994
vt 0.096564 0.926748
vt 0.100577 0.926748
vt 0.549554 0.394539
vt 0.553567 0.394539
vt 0.549554 0.428179
vt 0.553567 0.428179
vt 0.425149 0.181366
vt 0.429162 0.181366
vt 0.425149 0.202104
vt 0.429162 0.202104
vt 0.778542 0.437342
vt 0.782555 0.437342
vt 0.778663 0.474961
vt 0.782676 0.474961
vt 0.619235 0.884789
vt 0.623248 0.884789
vt 0.619357 0.926025
vt 0.623492 0.926025
vt 0.106536 0.924819
vt 0.108482 0.924819
vt 0.106536 0.965573
vt 0.108482 0.965573
vt 0.156274 0.037281
vt 0.158219 0.037281
vt 0.156274 0.041260
vt 0.158219 0.041260
vt 0.561472 0.961714
vt 0.559526 0.961714
vt 0.561472 0.921081
vt 0.559526 0.921081
vt 0.136330 0.929401
vt 0.138276 0.929401
vt 0.136330 0.961232
vt 0.138276 0.963041
vt 0.815389 0.961111
vt 0.813443 0.962920
vt 0.815389 0.929159
vt 0.813443 0.929159
vt 0.140100 0.238397
vt 0.142046 0.240205
vt 0.122467 0.238397
vt 0.121372 0.240205
vt 0.160895 0.245149
vt 0.161989 0.246957
vt 0.143262 0.245149
vt 0.141316 0.246957
vt 0.294664 0.226098
vt 0.293569 0.227907
vt 0.277760 0.194267
vt 0.275693 0.194749
vt 0.018857 0.064772
vt 0.020924 0.065254
vt 0.001953 0.096603
vt 0.003048 0.098412
vt 0.387207 0.955686
vt 0.385262 0.956288
vt 0.387207 0.914932
vt 0.385262 0.914932
vt 0.375290 0.914932
vt 0.377235 0.914932
vt 0.375290 0.955686
vt 0.377235 0.956288
vt 0.561472 0.040898
vt 0.559526 0.040898
vt 0.561472 0.036919
vt 0.559526 0.036919
vt 0.636868 0.850184
vt 0.636868 0.879845
vt 0.619235 0.850184
vt 0.619235 0.879845
vt 0.454700 0.773620
vt 0.420163 0.773620
vt 0.454700 0.732987
vt 0.420163 0.732987
vt 0.838008 0.557915
vt 0.820375 0.557915
vt 0.838008 0.526084
vt 0.803471 0.526084
vt 0.629207 0.925542
vt 0.629207 0.884789
vt 0.633220 0.925542
vt 0.633220 0.884789
vt 0.604278 0.412987
vt 0.604278 0.379226
vt 0.608291 0.412987
vt 0.608291 0.379226
vt 0.410191 0.070680
vt 0.410191 0.049941
vt 0.414204 0.070680
vt 0.414204 0.049941
vt 0.041719 0.382120
vt 0.041962 0.344501
vt 0.045854 0.382120
vt 0.045975 0.344501
vt 0.071635 0.924457
vt 0.071756 0.883221
vt 0.075648 0.924457
vt 0.075891 0.883221
vt 0.031869 0.957856
vt 0.031869 0.917102
vt 0.033814 0.957856
vt 0.033814 0.917102
vt 0.531556 0.010514
vt 0.531556 0.014613
vt 0.529610 0.010514
vt 0.529610 0.014613
vt 0.994518 0.920237
vt 0.994518 0.960991
vt 0.992572 0.920237
vt 0.992572 0.960991
vt 0.201025 0.962438
vt 0.201025 0.928677
vt 0.203093 0.960629
vt 0.203093 0.928677
vt 0.825361 0.929159
vt 0.825361 0.962920
vt 0.823294 0.929159
vt 0.823294 0.961111
vt 0.152017 0.181366
vt 0.131344 0.181366
vt 0.151045 0.179557
vt 0.133290 0.179557
vt 0.117238 0.181125
vt 0.096564 0.181125
vt 0.115292 0.179316
vt 0.097659 0.179316
vt 0.379303 0.011117
vt 0.361426 0.044274
vt 0.377357 0.010514
vt 0.360332 0.042466
vt 0.622154 0.333288
vt 0.604278 0.300130
vt 0.623248 0.331479
vt 0.606223 0.299648
vt 0.685876 0.913244
vt 0.685876 0.954600
vt 0.683931 0.913244
vt 0.683931 0.953998
vt 0.280679 0.956409
vt 0.280679 0.915052
vt 0.282746 0.955806
vt 0.282746 0.915052
vt 0.693903 0.014613
vt 0.693903 0.010514
vt 0.695848 0.014613
vt 0.695848 0.010514
s 1
usemtl Metal2
f 4/4/4 6/5/4 5/6/4
f 7/7/5 8/8/5 9/9/5
f 201/201/53 202/202/53 203/203/53
f 202/202/53 204/204/60 203/203/53
f 205/205/58 206/206/58 207/207/58
f 206/206/58 208/208/58 207/207/58
f 209/209/53 210/210/53 211/211/60
f 210/210/53 212/212/60 211/211/60
f 213/213/56 214/214/56 215/215/56
f 214/214/56 216/216/61 215/215/56
f 217/217/62 218/218/62 219/219/62
f 218/218/62 220/220/62 219/219/62
f 221/221/63 222/222/63 223/223/63
f 222/222/63 224/224/63 223/223/63
f 473/473/87 474/474/87 475/475/87
f 474/474/87 476/476/88 475/475/87
f 477/477/89 478/478/14 479/479/86
f 478/478/14 480/480/54 479/479/86
f 601/601/4 602/602/9 603/603/4
f 602/602/9 604/604/92 603/603/4
f 605/605/5 606/606/5 607/607/5
f 606/606/5 608/608/5 607/607/5
f 609/609/5 610/610/50 611/611/5
f 610/610/50 612/612/50 611/611/5
f 613/613/9 614/614/99 615/615/100
f 614/614/99 616/616/101 615/615/100
f 617/617/50 618/618/102 619/619/50
f 618/618/102 620/620/103 619/619/50
f 621/621/99 622/622/104 623/623/101
f 622/622/104 624/624/104 623/623/101
f 625/625/105 626/626/105 627/627/14
f 626/626/105 628/628/14 627/627/14
f 629/629/13 630/630/13 631/631/106
f 630/630/13 632/632/106 631/631/106
f 633/633/107 634/634/108 635/635/108
f 634/634/108 636/636/107 635/635/108
f 637/637/109 638/638/109 639/639/110
f 638/638/109 640/640/110 639/639/110
f 641/641/111 642/642/111 643/643/112
f 642/642/111 644/644/112 643/643/112
f 645/645/113 646/646/114 647/647/109
f 646/646/114 648/648/109 647/647/109
f 649/649/115 650/650/116 651/651/55
f 650/650/116 652/652/55 651/651/55
f 653/653/117 654/654/117 655/655/55
f 654/654/117 656/656/55 655/655/55
f 657/657/14 658/658/14 659/659/118
f 658/658/14 660/660/118 659/659/118
f 661/661/107 662/662/107 663/663/107
f 662/662/107 664/664/107 663/663/107
f 665/665/112 666/666/119 667/667/120
f 666/666/119 668/668/120 667/667/120
f 669/669/121 670/670/121 671/671/122
f 670/670/121 672/672/122 671/671/122
f 673/673/13 674/674/13 675/675/115
f 674/674/13 676/676/115 675/675/115
f 677/677/122 678/678/122 679/679/123
f 678/678/122 680/680/124 679/679/123
f 681/681/54 682/682/123 683/683/54
f 682/682/123 684/684/124 683/683/54
s 0
f 685/685/13 686/686/13 687/687/13
f 686/686/13 688/688/13 687/687/13
f 689/689/13 690/690/13 691/691/13
f 690/690/55 692/692/55 691/691/55
f 693/693/13 694/694/13 695/695/13
f 694/694/55 696/696/55 695/695/55
s 1
f 697/697/54 698/698/54 699/699/125
f 698/698/54 700/700/114 699/699/125
f 701/701/54 702/702/113 703/703/54
f 702/702/113 704/704/123 703/703/54
f 705/705/126 706/705/13 707/705/127
f 706/705/13 708/705/127 707/705/127
f 709/705/128 710/705/13 711/705/129
f 710/705/13 712/705/129 711/705/129
f 713/706/5 714/707/5 715/708/64
f 714/707/5 716/709/64 715/708/64
f 717/710/4 718/711/4 719/712/9
f 718/711/4 720/713/4 719/712/9
f 721/714/5 722/715/5 723/716/5
f 722/715/5 724/717/5 723/716/5
f 725/718/92 726/719/92 727/720/4
f 726/719/92 728/721/4 727/720/4
f 729/722/4 730/723/4 731/724/4
f 730/723/4 732/725/4 731/724/4
f 733/726/29 734/727/29 735/728/64
f 734/727/29 736/729/64 735/728/64
f 737/730/9 738/731/65 739/732/130
f 738/731/65 740/733/4 739/732/130
f 741/734/5 742/735/5 743/736/50
f 742/735/5 744/737/50 743/736/50
f 745/738/101 746/739/9 747/740/100
f 746/739/9 748/741/100 747/740/100
f 749/742/5 750/743/5 751/744/64
f 750/743/5 752/745/64 751/744/64
f 753/746/131 754/747/28 755/748/104
f 754/747/28 756/749/4 755/748/104
f 757/750/50 758/751/50 759/752/50
f 758/751/50 760/753/50 759/752/50
f 761/754/132 762/755/133 763/756/101
f 762/755/133 764/757/9 763/756/101
f 765/758/65 766/759/65 767/760/4
f 766/759/65 768/761/4 767/760/4
f 769/762/64 770/763/64 771/764/5
f 770/763/64 772/765/64 771/764/5
f 773/766/4 774/767/4 775/768/4
f 774/767/4 776/769/4 775/768/4
f 777/770/5 778/771/5 779/772/5
f 778/771/5 780/773/5 779/772/5
f 781/774/5 782/775/5 783/776/5
f 782/775/5 784/777/5 783/776/5
f 785/778/4 786/779/4 787/780/4
f 786/779/4 788/781/4 787/780/4
f 789/782/5 790/783/5 791/784/50
f 790/783/5 792/785/5 791/784/50
f 793/786/4 794/787/4 795/788/4
f 794/787/4 796/789/4 795/788/4
f 797/790/50 798/791/64 799/792/5
f 798/791/64 800/793/5 799/792/5
f 801/794/4 802/795/4 803/796/65
f 802/795/4 804/797/65 803/796/65
f 805/798/50 806/799/5 807/800/103
f 806/799/5 808/801/134 807/800/103
f 809/802/4 810/803/4 811/804/4
f 810/803/4 812/805/4 811/804/4
f 813/806/103 814/807/64 815/808/66
f 814/807/64 816/809/95 815/808/66
f 817/810/135 818/811/135 819/812/135
f 818/811/135 820/813/135 819/812/135
f 821/814/136 822/815/136 823/816/136
f 822/815/136 824/817/136 823/816/136
f 825/818/136 826/819/136 827/820/136
f 826/819/136 828/821/136 827/820/136
f 829/822/137 830/823/137 831/824/137
f 830/823/137 832/825/138 831/824/137
f 833/826/107 834/827/107 835/828/107
f 834/827/107 836/829/107 835/828/107
f 837/830/135 838/831/135 839/832/135
f 838/831/135 840/833/135 839/832/135
s 0
f 841/834/13 842/835/13 843/836/13
f 842/835/55 844/837/55 843/836/55
s 1
f 845/838/135 846/839/135 847/840/135
f 846/839/135 848/841/135 847/840/135
s 0
f 849/842/14 850/843/14 851/844/14
f 850/843/54 852/845/54 851/844/54
s 1
f 853/846/28 854/847/4 855/848/28
f 854/847/4 856/849/4 855/848/28
s 0
f 857/850/54 858/851/54 859/852/54
f 858/851/14 860/853/14 859/852/14
s 1
f 861/854/5 862/855/5 863/856/5
f 862/855/5 864/857/5 863/856/5
f 865/858/5 866/859/5 867/860/5
f 866/859/5 868/861/5 867/860/5
f 869/862/5 870/863/5 871/864/5
f 870/863/5 872/865/5 871/864/5
f 873/866/13 874/867/139 875/868/13
f 874/867/139 876/869/139 875/868/13
f 877/870/4 878/871/4 879/872/4
f 878/871/4 880/873/4 879/872/4
f 881/874/5 882/875/5 883/876/5
f 882/875/5 884/877/5 883/876/5
f 885/878/139 886/879/55 887/880/139
f 886/879/55 888/881/55 887/880/139
f 889/882/4 890/883/4 891/884/65
f 890/883/4 892/885/65 891/884/65
f 893/886/4 894/887/4 895/888/4
f 894/887/4 896/889/4 895/888/4
f 897/890/4 898/891/4 899/892/4
f 898/891/4 900/893/4 899/892/4
s 0
f 901/894/54 902/895/54 903/896/54
f 902/895/54 904/897/54 903/896/54
s 1
f 905/898/50 906/899/50 907/900/50
f 906/899/50 908/901/50 907/900/50
f 909/902/4 910/903/65 911/904/4
f 910/903/65 912/905/65 911/904/4
s 0
f 913/906/54 914/907/54 915/908/54
f 914/907/54 916/909/54 915/908/54
s 1
f 917/910/5 918/911/5 919/912/5
f 918/911/5 920/913/5 919/912/5
f 921/914/5 922/915/5 923/916/5
f 922/915/5 924/917/5 923/916/5
f 925/918/5 926/919/64 927/920/5
f 926/919/64 928/921/64 927/920/5
f 929/922/140 930/923/141 931/924/142
f 930/923/141 932/925/141 931/924/142
f 933/926/4 934/927/4 935/928/4
f 934/927/4 936/929/4 935/928/4
f 937/930/5 938/931/64 939/932/5
f 938/931/64 940/933/64 939/932/5
f 941/934/141 942/935/142 943/936/141
f 942/935/142 944/937/140 943/936/141
f 945/938/4 946/939/4 947/940/4
f 946/939/4 948/941/4 947/940/4
f 949/942/4 950/943/4 951/944/4
f 950/943/4 952/945/4 951/944/4
f 953/946/4 954/947/4 955/948/4
f 954/947/4 956/949/4 955/948/4
s 0
f 957/950/54 958/951/54 959/952/54
f 958/951/14 960/953/14 959/952/14
s 1
f 961/954/67 962/955/5 963/956/50
f 962/955/5 964/957/64 963/956/50
f 965/958/5 966/959/5 967/960/5
f 966/959/5 968/961/5 967/960/5
f 969/962/4 970/963/4 971/964/4
f 970/963/4 972/965/4 971/964/4
s 0
f 973/966/14 974/967/14 975/968/14
f 974/967/54 976/969/54 975/968/54
s 1
f 977/970/143 978/971/13 979/972/55
f 978/971/13 980/973/144 979/972/55
f 981/974/145 982/975/13 983/976/13
f 982/975/13 984/977/145 983/976/13
s 0
f 985/978/54 986/979/54 987/980/54
f 986/979/14 988/981/14 987/980/14
s 1
f 989/982/5 990/983/5 991/984/5
f 990/983/5 992/985/5 991/984/5
f 993/986/4 994/987/4 995/988/4
f 994/987/4 996/989/4 995/988/4
f 997/990/5 998/991/5 999/992/5
f 998/991/5 1000/993/5 999/992/5
f 1001/994/4 1002/995/4 1003/996/4
f 1002/995/4 1004/997/4 1003/996/4
f 1005/998/9 1006/999/27 1007/1000/9
f 1006/999/27 1008/1001/27 1007/1000/9
f 1009/1002/5 1010/1003/5 1011/1004/5
f 1010/1003/5 1012/1005/5 1011/1004/5
f 1013/1006/4 1014/1007/4 1015/1008/4
f 1014/1007/4 1016/1009/4 1015/1008/4
f 1017/1010/5 1018/1011/5 1019/1012/5
f 1018/1011/5 1020/1013/5 1019/1012/5
f 1021/1014/4 1022/1015/4 1023/1016/4
f 1022/1015/4 1024/1017/4 1023/1016/4
s 0
f 1025/1018/54 1026/1019/54 1027/1020/54
f 1026/1019/14 1028/1021/14 1027/1020/14
s 1
f 1029/1022/5 1030/1023/5 1031/1024/5
f 1030/1023/5 1032/1025/5 1031/1024/5
f 1033/1026/5 1034/1027/5 1035/1028/5
f 1034/1027/5 1036/1029/5 1035/1028/5
f 1037/1030/64 1038/1031/29 1039/1032/64
f 1038/1031/29 1040/1033/29 1039/1032/64
f 1041/1034/141 1042/1035/146 1043/1036/141
f 1042/1035/146 1044/1037/146 1043/1036/141
f 1045/1038/4 1046/1039/28 1047/1040/4
f 1046/1039/28 1048/1041/28 1047/1040/4
f 1049/1042/5 1050/1043/64 1051/1044/5
f 1050/1043/64 1052/1045/64 1051/1044/5
f 1053/1046/146 1054/1047/141 1055/1048/146
f 1054/1047/141 1056/1049/141 1055/1048/146
f 1057/1050/4 1058/1051/4 1059/1052/4
f 1058/1051/4 1060/1053/4 1059/1052/4
f 1061/1054/4 1062/1055/4 1063/1056/4
f 1062/1055/4 1064/1057/4 1063/1056/4
f 1065/1058/4 1066/1059/65 1067/1060/4
f 1066/1059/65 1068/1061/65 1067/1060/4
s 0
f 1069/1062/54 1070/1063/54 1071/1064/54
f 1070/1063/14 1072/1065/14 1071/1064/14
s 1
f 1073/1066/5 1074/1067/5 1075/1068/5
f 1074/1067/5 1076/1069/5 1075/1068/5
f 1077/1070/147 1078/1071/148 1079/1072/147
f 1078/1071/148 1080/1073/147 1079/1072/147
f 1081/1074/148 1082/1075/147 1083/1076/147
f 1082/1075/147 1084/1077/148 1083/1076/147
f 1085/1078/149 1086/1079/149 1087/1080/150
f 1086/1079/149 1088/1081/149 1087/1080/150
f 1089/1082/4 1090/1083/9 1091/1084/4
f 1090/1083/9 1092/1085/9 1091/1084/4
f 1093/1086/5 1094/1087/5 1095/1088/5
f 1094/1087/5 1096/1089/5 1095/1088/5
f 1097/1090/151 1098/1091/151 1099/1092/4
f 1098/1091/151 1100/1093/4 1099/1092/4
f 1101/1094/152 1102/1095/152 1103/1096/5
f 1102/1095/152 1104/1097/97 1103/1096/5
f 1105/1098/4 1106/1099/133 1107/1100/4
f 1106/1099/133 1108/1101/153 1107/1100/4
f 1109/1102/153 1110/1103/4 1111/1104/153
f 1110/1103/4 1112/1105/4 1111/1104/153
f 1113/1106/4 1114/1107/104 1115/1108/4
f 1114/1107/104 1116/1109/4 1115/1108/4
f 1117/1110/103 1118/1111/5 1119/1112/5
f 1118/1111/5 1120/1113/5 1119/1112/5
f 1121/1114/103 1122/1115/5 1123/1116/103
f 1122/1115/5 1124/1117/5 1123/1116/103
f 1125/1118/154 1126/1119/5 1127/1120/103
f 1126/1119/5 1128/1121/5 1127/1120/103
f 1217/1210/165 1218/1211/165 1219/1212/165
f 1218/1211/165 1220/1213/165 1219/1212/165
f 1533/1526/60 1534/1527/53 1535/1528/60
f 1534/1527/53 1536/1529/60 1535/1528/60
f 1537/1530/58 1538/1531/58 1539/1532/58
f 1538/1531/58 1540/1533/58 1539/1532/58
f 1541/1534/60 1542/1535/53 1543/1536/53
f 1542/1535/53 1544/1537/53 1543/1536/53
f 1545/1538/61 1546/1539/56 1547/1540/61
f 1546/1539/56 1548/1541/61 1547/1540/61
f 1549/1542/57 1550/1543/57 1551/1544/57
f 1550/1543/57 1552/1545/57 1551/1544/57
f 1553/1546/63 1554/1547/63 1555/1548/63
f 1554/1547/63 1556/1549/63 1555/1548/63
usemtl Metal1
f 1/1/1 2/2/2 3/3/3
f 10/10/6 12/11/7 11/12/8
f 13/13/4 14/14/4 15/15/9
f 14/14/4 16/16/9 15/15/9
f 17/17/10 18/18/11 19/19/4
f 18/18/11 20/20/4 19/19/4
f 21/21/12 22/22/13 23/23/12
f 22/22/13 24/24/13 23/23/12
f 25/25/14 26/26/15 27/27/14
f 26/26/15 28/28/15 27/27/14
f 29/29/16 30/30/17 31/31/16
f 30/30/17 32/32/17 31/31/16
f 33/33/18 34/34/19 35/35/18
f 34/34/19 36/36/19 35/35/18
f 37/37/20 38/38/16 39/39/20
f 38/38/16 40/40/16 39/39/20
f 41/41/21 42/42/22 43/43/23
f 42/42/22 44/44/24 43/43/23
f 45/45/25 46/46/9 47/47/4
f 46/46/9 48/48/9 47/47/4
f 49/49/5 50/50/26 51/51/5
f 50/50/26 52/52/26 51/51/5
f 53/53/9 54/54/27 55/55/9
f 54/54/27 56/56/28 55/55/9
f 57/57/29 58/58/5 59/59/29
f 58/58/5 60/60/5 59/59/29
f 61/61/30 62/62/31 63/63/3
f 62/62/31 64/64/28 63/63/3
f 65/65/32 66/66/33 67/67/26
f 66/66/33 68/68/33 67/67/26
f 69/69/34 70/70/35 71/71/36
f 70/70/35 72/72/37 71/71/36
f 73/73/38 74/74/5 75/75/38
f 74/74/5 76/76/29 75/75/38
f 77/77/39 78/78/40 79/79/41
f 78/78/40 80/80/42 79/79/41
f 81/81/43 82/82/44 83/83/43
f 82/82/44 84/84/45 83/83/43
f 85/85/40 86/86/46 87/87/47
f 86/86/46 88/88/2 87/87/47
f 89/89/48 90/90/49 91/91/48
f 90/90/49 92/92/49 91/91/48
f 1345/1338/50 1346/1339/5 1347/1340/50
f 1346/1339/5 1348/1341/5 1347/1340/50
f 1349/1342/5 1350/1343/7 1351/1344/5
f 1350/1343/7 1352/1345/177 1351/1344/5
f 1353/1346/13 1354/1347/13 1355/1348/12
f 1354/1347/13 1356/1349/12 1355/1348/12
f 1357/1350/15 1358/1351/15 1359/1352/54
f 1358/1351/15 1360/1353/54 1359/1352/54
f 1361/1354/12 1362/1355/12 1363/1356/178
f 1362/1355/12 1364/1357/178 1363/1356/178
f 1365/1358/179 1366/1359/179 1367/1360/18
f 1366/1359/179 1368/1361/18 1367/1360/18
f 1369/1362/178 1370/1363/178 1371/1364/180
f 1370/1363/178 1372/1365/180 1371/1364/180
f 1373/1366/181 1374/1367/181 1375/1368/179
f 1374/1367/181 1376/1369/179 1375/1368/179
f 1377/1370/66 1378/1371/66 1379/1372/5
f 1378/1371/66 1380/1373/182 1379/1372/5
f 1381/1374/99 1382/1375/99 1383/1376/4
f 1382/1375/99 1384/1377/4 1383/1376/4
f 1385/1378/5 1386/1379/67 1387/1380/50
f 1386/1379/67 1388/1381/50 1387/1380/50
f 1389/1382/4 1390/1383/4 1391/1384/65
f 1390/1383/4 1392/1385/65 1391/1384/65
f 1393/1386/5 1394/1387/182 1395/1388/7
f 1394/1387/182 1396/1389/183 1395/1388/7
f 1397/1390/184 1398/1391/184 1399/1392/99
f 1398/1391/184 1400/1393/99 1399/1392/99
f 1401/1394/98 1402/1395/183 1403/1396/5
f 1402/1395/183 1404/1397/50 1403/1396/5
f 1405/1398/65 1406/1399/65 1407/1400/185
f 1406/1399/65 1408/1401/185 1407/1400/185
f 1409/1402/7 1410/1403/183 1411/1404/186
f 1410/1403/183 1412/1405/187 1411/1404/186
f 1413/1406/188 1414/1407/188 1415/1408/189
f 1414/1407/188 1416/1409/189 1415/1408/189
f 1417/1410/190 1418/1411/191 1419/1412/192
f 1418/1411/191 1420/1413/183 1419/1412/192
f 1421/1414/185 1422/1415/185 1423/1416/193
f 1422/1415/185 1424/1417/193 1423/1416/193
f 1717/1710/136 1718/1711/136 1719/1712/136
f 1718/1711/136 1720/1713/136 1719/1712/136
f 1721/1714/4 1722/1715/4 1723/1716/4
f 1722/1715/4 1724/1717/4 1723/1716/4
f 1725/1718/4 1726/1719/4 1727/1720/4
f 1726/1719/4 1728/1721/4 1727/1720/4
s 0
f 1729/1722/13 1730/1723/13 1731/1724/13
f 1730/1723/13 1732/1725/13 1731/1724/13
f 1733/1726/13 1734/1727/13 1735/1728/13
f 1734/1727/55 1736/1729/55 1735/1728/55
s 1
f 1737/1730/136 1738/1731/136 1739/1732/136
f 1738/1731/136 1740/1733/136 1739/1732/136
f 1741/1734/197 1742/1735/197 1743/1736/198
f 1742/1735/197 1744/1737/198 1743/1736/198
f 1745/1738/199 1746/1739/199 1747/1740/54
f 1746/1739/199 1748/1741/54 1747/1740/54
f 1749/1742/5 1750/1743/5 1751/1744/5
f 1750/1743/5 1752/1745/5 1751/1744/5
f 1753/1746/135 1754/1747/135 1755/1748/135
f 1754/1747/135 1756/1749/135 1755/1748/135
f 1757/1750/28 1758/1751/28 1759/1752/4
f 1758/1751/28 1760/1753/4 1759/1752/4
f 1761/1754/5 1762/1755/5 1763/1756/29
f 1762/1755/5 1764/1757/29 1763/1756/29
f 1765/1758/65 1766/1759/65 1767/1760/4
f 1766/1759/65 1768/1761/4 1767/1760/4
f 1769/1762/152 1770/1763/152 1771/1764/5
f 1770/1763/152 1772/1765/5 1771/1764/5
f 1773/1766/4 1774/1767/4 1775/1768/4
f 1774/1767/4 1776/1769/4 1775/1768/4
f 1777/1770/29 1778/1771/29 1779/1772/5
f 1778/1771/29 1780/1773/5 1779/1772/5
f 1781/1774/28 1782/1775/28 1783/1776/4
f 1782/1775/28 1784/1777/4 1783/1776/4
f 1785/1778/5 1786/1779/5 1787/1780/29
f 1786/1779/5 1788/1781/29 1787/1780/29
f 1789/1782/4 1790/1783/4 1791/1784/4
f 1790/1783/4 1792/1785/4 1791/1784/4
f 1793/1786/135 1794/1787/135 1795/1788/135
f 1794/1787/135 1796/1789/135 1795/1788/135
f 1797/1790/136 1798/1791/136 1799/1792/136
f 1798/1791/136 1800/1793/136 1799/1792/136
f 1801/1794/5 1802/1795/5 1803/1796/5
f 1802/1795/5 1804/1797/5 1803/1796/5
f 1805/1798/5 1806/1799/5 1807/1800/5
f 1806/1799/5 1808/1801/5 1807/1800/5
s 0
f 1809/1802/13 1810/1803/13 1811/1804/13
f 1810/1803/13 1812/1805/13 1811/1804/13
f 1813/1806/13 1814/1807/13 1815/1808/13
f 1814/1807/13 1816/1809/13 1815/1808/13
s 1
f 1817/1810/136 1818/1811/136 1819/1812/136
f 1818/1811/136 1820/1813/136 1819/1812/136
f 1821/1814/198 1822/1815/197 1823/1816/198
f 1822/1815/197 1824/1817/197 1823/1816/198
f 1825/1818/54 1826/1819/199 1827/1820/54
f 1826/1819/199 1828/1821/199 1827/1820/54
f 1829/1822/28 1830/1823/28 1831/1824/28
f 1830/1823/28 1832/1825/28 1831/1824/28
f 1833/1826/135 1834/1827/135 1835/1828/135
f 1834/1827/135 1836/1829/135 1835/1828/135
f 1837/1830/64 1838/1831/29 1839/1832/64
f 1838/1831/29 1840/1833/29 1839/1832/64
f 1841/1834/28 1842/1835/65 1843/1836/28
f 1842/1835/65 1844/1837/65 1843/1836/28
f 1845/1838/5 1846/1839/5 1847/1840/5
f 1846/1839/5 1848/1841/5 1847/1840/5
f 1849/1842/4 1850/1843/4 1851/1844/4
f 1850/1843/4 1852/1845/4 1851/1844/4
f 1853/1846/5 1854/1847/5 1855/1848/5
f 1854/1847/5 1856/1849/5 1855/1848/5
f 1857/1850/4 1858/1851/4 1859/1852/4
f 1858/1851/4 1860/1853/4 1859/1852/4
f 1861/1854/29 1862/1855/200 1863/1856/29
f 1862/1855/200 1864/1857/200 1863/1856/29
f 1865/1858/4 1866/1859/4 1867/1860/4
f 1866/1859/4 1868/1861/4 1867/1860/4
f 1869/1862/29 1870/1863/5 1871/1864/29
f 1870/1863/5 1872/1865/5 1871/1864/29
f 1873/1866/135 1874/1867/135 1875/1868/135
f 1874/1867/135 1876/1869/135 1875/1868/135
usemtl Metal1
f 93/93/50 94/94/50 95/95/50
f 94/94/50 96/96/50 95/95/50
f 97/97/5 98/98/5 99/99/5
f 98/98/5 100/100/5 99/99/5
f 101/101/5 102/102/50 103/103/5
f 102/102/50 104/104/50 103/103/5
f 105/105/50 106/106/50 107/107/50
f 106/106/50 108/108/50 107/107/50
f 109/109/5 110/110/5 111/111/5
f 110/110/5 112/112/5 111/111/5
f 113/113/5 114/114/5 115/115/5
f 114/114/5 116/116/5 115/115/5
f 117/117/5 118/118/50 119/119/5
f 118/118/50 120/120/50 119/119/5
f 121/121/51 122/122/51 123/123/52
f 122/122/51 124/124/52 123/123/52
s 0
f 125/125/13 126/126/13 127/127/13
f 126/126/13 128/128/13 127/127/13
s 1
f 129/129/53 130/130/53 131/131/53
f 130/130/53 132/132/53 131/131/53
s 0
f 133/133/54 134/134/54 135/135/54
f 134/134/14 136/136/14 135/135/14
f 137/137/54 138/138/54 139/139/54
f 138/138/14 140/140/14 139/139/14
f 141/141/55 142/142/55 143/143/55
f 142/142/55 144/144/55 143/143/55
f 145/145/54 146/146/54 147/147/54
f 146/146/14 148/148/14 147/147/14
f 149/149/55 150/150/55 151/151/55
f 150/150/55 152/152/55 151/151/55
f 153/153/14 154/154/14 155/155/14
f 154/154/14 156/156/14 155/155/14
f 157/157/13 158/158/13 159/159/13
f 158/158/55 160/160/55 159/159/55
f 161/161/14 162/162/14 163/163/14
f 162/162/54 164/164/54 163/163/54
f 165/165/55 166/166/55 167/167/55
f 166/166/55 168/168/55 167/167/55
f 169/169/54 170/170/54 171/171/54
f 170/170/54 172/172/54 171/171/54
f 173/173/13 174/174/13 175/175/13
f 174/174/55 176/176/55 175/175/55
f 177/177/14 178/178/14 179/179/14
f 178/178/54 180/180/54 179/179/54
f 181/181/13 182/182/13 183/183/13
f 182/182/55 184/184/55 183/183/55
s 1
f 185/185/56 186/186/56 187/187/56
f 186/186/56 188/188/56 187/187/56
f 189/189/57 190/190/57 191/191/57
f 190/190/57 192/192/57 191/191/57
f 193/193/58 194/194/58 195/195/59
f 194/194/58 196/196/59 195/195/59
f 197/197/60 198/198/60 199/199/53
f 198/198/60 200/200/53 199/199/53
f 225/225/5 226/226/5 227/227/5
f 226/226/5 228/228/5 227/227/5
f 229/229/4 230/230/4 231/231/4
f 230/230/4 232/232/4 231/231/4
f 233/233/64 234/234/64 235/235/5
f 234/234/64 236/236/5 235/235/5
f 237/237/28 238/238/28 239/239/28
f 238/238/28 240/240/28 239/239/28
f 241/241/5 242/242/5 243/243/5
f 242/242/5 244/244/64 243/243/5
f 245/245/28 246/246/4 247/247/65
f 246/246/4 248/248/65 247/247/65
f 249/249/64 250/250/64 251/251/50
f 250/250/64 252/252/5 251/251/50
f 253/253/4 254/254/4 255/255/4
f 254/254/4 256/256/4 255/255/4
f 257/257/50 258/258/50 259/259/64
f 258/258/50 260/260/64 259/259/64
f 261/261/4 262/262/4 263/263/28
f 262/262/4 264/264/28 263/263/28
f 265/265/66 266/266/64 267/267/66
f 266/266/64 268/268/64 267/267/66
f 269/269/4 270/270/4 271/271/4
f 270/270/4 272/272/4 271/271/4
f 273/273/67 274/274/67 275/275/50
f 274/274/67 276/276/50 275/275/50
f 277/277/28 278/278/28 279/279/65
f 278/278/28 280/280/65 279/279/65
f 281/281/50 282/282/5 283/283/50
f 282/282/5 284/284/50 283/283/50
f 285/285/28 286/286/28 287/287/4
f 286/286/28 288/288/4 287/287/4
f 289/289/50 290/290/50 291/291/50
f 290/290/50 292/292/5 291/291/50
f 293/293/28 294/294/28 295/295/4
f 294/294/28 296/296/4 295/295/4
f 297/297/67 298/298/5 299/299/66
f 298/298/5 300/300/64 299/299/66
f 301/301/4 302/302/4 303/303/4
f 302/302/4 304/304/4 303/303/4
f 305/305/5 306/306/5 307/307/5
f 306/306/5 308/308/5 307/307/5
f 309/309/4 310/310/4 311/311/4
f 310/310/4 312/312/4 311/311/4
f 313/313/64 314/314/64 315/315/50
f 314/314/64 316/316/50 315/315/50
f 317/317/4 318/318/4 319/319/4
f 318/318/4 320/320/4 319/319/4
f 321/321/50 322/322/64 323/323/5
f 322/322/64 324/324/5 323/323/5
f 325/325/4 326/326/4 327/327/4
f 326/326/4 328/328/4 327/327/4
f 329/329/66 330/330/66 331/331/50
f 330/330/66 332/332/50 331/331/50
f 333/333/65 334/334/65 335/335/4
f 334/334/65 336/336/4 335/335/4
f 337/337/64 338/338/64 339/339/64
f 338/338/64 340/340/64 339/339/64
f 341/341/4 342/342/4 343/343/28
f 342/342/4 344/344/28 343/343/28
f 345/345/5 346/346/5 347/347/5
f 346/346/5 348/348/5 347/347/5
f 349/349/4 350/350/4 351/351/4
f 350/350/4 352/352/4 351/351/4
f 353/353/5 354/354/5 355/355/5
f 354/354/5 356/356/5 355/355/5
f 357/357/36 358/358/36 359/359/28
f 358/358/36 360/360/28 359/359/28
f 361/361/64 362/362/64 363/363/5
f 362/362/64 364/364/5 363/363/5
f 365/365/28 366/366/28 367/367/4
f 366/366/28 368/368/65 367/367/4
f 369/369/5 370/370/5 371/371/5
f 370/370/5 372/372/5 371/371/5
f 373/373/4 374/374/4 375/375/4
f 374/374/4 376/376/4 375/375/4
f 377/377/5 378/378/5 379/379/5
f 378/378/5 380/380/5 379/379/5
f 381/381/4 382/382/4 383/383/4
f 382/382/4 384/384/4 383/383/4
f 385/385/4 386/386/4 387/387/9
f 386/386/4 388/388/4 387/387/9
f 389/389/9 390/390/68 391/391/4
f 390/390/68 392/392/4 391/391/4
f 393/393/69 394/394/69 395/395/9
f 394/394/69 396/396/70 395/395/9
f 397/397/9 398/398/9 399/399/9
f 398/398/9 400/400/9 399/399/9
f 401/401/4 402/402/4 403/403/9
f 402/402/4 404/404/9 403/403/9
f 405/405/4 406/406/4 407/407/4
f 406/406/4 408/408/4 407/407/4
f 409/409/9 410/410/9 411/411/69
f 410/410/9 412/412/69 411/411/69
f 413/413/71 414/414/13 415/415/71
f 414/414/13 416/416/13 415/415/71
f 417/417/54 418/418/72 419/419/54
f 418/418/72 420/420/72 419/419/54
f 421/421/73 422/422/71 423/423/73
f 422/422/71 424/424/71 423/423/73
f 425/425/74 426/426/75 427/427/74
f 426/426/75 428/428/75 427/427/74
f 429/429/76 430/430/77 431/431/76
f 430/430/77 432/432/77 431/431/76
f 433/433/75 434/434/78 435/435/79
f 434/434/78 436/436/78 435/435/79
f 437/437/80 438/438/55 439/439/80
f 438/438/55 440/440/81 439/439/80
s 0
f 441/441/54 442/442/54 443/443/54
f 442/442/14 444/444/14 443/443/14
s 1
f 445/445/82 446/446/80 447/447/82
f 446/446/80 448/448/80 447/447/82
s 0
f 449/449/54 450/450/54 451/451/54
f 450/450/14 452/452/14 451/451/14
s 1
f 453/453/83 454/454/84 455/455/83
f 454/454/84 456/456/84 455/455/83
f 457/457/85 458/458/85 459/459/85
f 458/458/85 460/460/85 459/459/85
s 0
f 461/461/14 462/462/14 463/463/14
f 462/462/54 464/464/54 463/463/54
s 1
f 465/465/13 466/466/76 467/467/13
f 466/466/76 468/468/76 467/467/13
f 469/469/86 470/470/14 471/471/86
f 470/470/14 472/472/14 471/471/86
f 481/481/9 482/482/4 483/483/4
f 482/482/4 484/484/4 483/483/4
f 485/485/64 486/486/5 487/487/64
f 486/486/5 488/488/5 487/487/64
f 489/489/9 490/490/90 491/491/9
f 490/490/90 492/492/65 491/491/9
f 493/493/29 494/494/50 495/495/29
f 494/494/50 496/496/50 495/495/29
f 497/497/90 498/498/27 499/499/91
f 498/498/27 500/500/28 499/499/91
f 501/501/5 502/502/5 503/503/5
f 502/502/5 504/504/5 503/503/5
f 505/505/27 506/506/9 507/507/4
f 506/506/9 508/508/9 507/507/4
f 509/509/64 510/510/5 511/511/64
f 510/510/5 512/512/5 511/511/64
f 513/513/92 514/514/90 515/515/93
f 514/514/90 516/516/91 515/515/93
f 517/517/5 518/518/6 519/519/5
f 518/518/6 520/520/6 519/519/5
f 521/521/27 522/522/9 523/523/27
f 522/522/9 524/524/94 523/523/27
f 525/525/64 526/526/95 527/527/64
f 526/526/95 528/528/95 527/527/64
f 529/529/90 530/530/27 531/531/90
f 530/530/27 532/532/27 531/531/90
f 533/533/5 534/534/5 535/535/5
f 534/534/5 536/536/5 535/535/5
f 537/537/90 538/538/9 539/539/90
f 538/538/9 540/540/9 539/539/90
f 541/541/5 542/542/29 543/543/5
f 542/542/29 544/544/29 543/543/5
f 545/545/65 546/546/9 547/547/65
f 546/546/9 548/548/9 547/547/65
f 549/549/5 550/550/29 551/551/5
f 550/550/29 552/552/29 551/551/5
f 553/553/9 554/554/65 555/555/9
f 554/554/65 556/556/65 555/555/9
f 557/557/5 558/558/29 559/559/5
f 558/558/29 560/560/29 559/559/5
f 561/561/28 562/562/65 563/563/28
f 562/562/65 564/564/65 563/563/28
f 565/565/5 566/566/5 567/567/5
f 566/566/5 568/568/29 567/567/5
f 569/569/96 570/570/4 571/571/96
f 570/570/4 572/572/4 571/571/96
f 573/573/64 574/574/5 575/575/64
f 574/574/5 576/576/97 575/575/64
f 577/577/65 578/578/4 579/579/65
f 578/578/4 580/580/4 579/579/65
f 581/581/29 582/582/5 583/583/29
f 582/582/5 584/584/5 583/583/29
f 585/585/9 586/586/92 587/587/9
f 586/586/92 588/588/69 587/587/9
f 589/589/98 590/590/5 591/591/98
f 590/590/5 592/592/5 591/591/98
f 593/593/9 594/594/9 595/595/94
f 594/594/9 596/596/9 595/595/94
f 597/597/5 598/598/5 599/599/5
f 598/598/5 600/600/5 599/599/5
f 1129/1122/50 1130/1123/5 1131/1124/5
f 1130/1123/5 1132/1125/5 1131/1124/5
f 1133/1126/5 1134/1127/155 1135/1128/5
f 1134/1127/155 1136/1129/50 1135/1128/5
f 1137/1130/155 1138/1131/156 1139/1132/50
f 1138/1131/156 1140/1133/103 1139/1132/50
f 1141/1134/50 1142/1135/50 1143/1136/50
f 1142/1135/50 1144/1137/50 1143/1136/50
f 1145/1138/50 1146/1139/5 1147/1140/50
f 1146/1139/5 1148/1141/5 1147/1140/50
f 1149/1142/5 1150/1143/5 1151/1144/5
f 1150/1143/5 1152/1145/5 1151/1144/5
f 1153/1146/156 1154/1147/50 1155/1148/103
f 1154/1147/50 1156/1149/50 1155/1148/103
f 1157/1150/13 1158/1151/13 1159/1152/157
f 1158/1151/13 1160/1153/158 1159/1152/157
f 1161/1154/72 1162/1155/72 1163/1156/54
f 1162/1155/72 1164/1157/54 1163/1156/54
f 1165/1158/158 1166/1159/158 1167/1160/159
f 1166/1159/158 1168/1161/77 1167/1160/159
f 1169/1162/160 1170/1163/160 1171/1164/74
f 1170/1163/160 1172/1165/74 1171/1164/74
f 1173/1166/77 1174/1167/161 1175/1168/162
f 1174/1167/161 1176/1169/162 1175/1168/162
f 1177/1170/163 1178/1171/163 1179/1172/160
f 1178/1171/163 1180/1173/160 1179/1172/160
f 1181/1174/81 1182/1175/55 1183/1176/80
f 1182/1175/55 1184/1177/80 1183/1176/80
s 0
f 1185/1178/14 1186/1179/14 1187/1180/14
f 1186/1179/14 1188/1181/14 1187/1180/14
s 1
f 1189/1182/80 1190/1183/80 1191/1184/82
f 1190/1183/80 1192/1185/82 1191/1184/82
s 0
f 1193/1186/54 1194/1187/54 1195/1188/54
f 1194/1187/54 1196/1189/54 1195/1188/54
s 1
f 1197/1190/82 1198/1191/82 1199/1192/164
f 1198/1191/82 1200/1193/83 1199/1192/164
f 1201/1194/165 1202/1195/165 1203/1196/166
f 1202/1195/165 1204/1197/165 1203/1196/166
s 0
f 1205/1198/54 1206/1199/54 1207/1200/54
f 1206/1199/54 1208/1201/54 1207/1200/54
s 1
f 1209/1202/162 1210/1203/162 1211/1204/55
f 1210/1203/162 1212/1205/55 1211/1204/55
f 1213/1206/14 1214/1207/54 1215/1208/163
f 1214/1207/54 1216/1209/163 1215/1208/163
f 1221/1214/167 1222/1215/54 1223/1216/168
f 1222/1215/54 1224/1217/169 1223/1216/168
f 1225/1218/50 1226/1219/50 1227/1220/5
f 1226/1219/50 1228/1221/50 1227/1220/5
f 1229/1222/28 1230/1223/28 1231/1224/4
f 1230/1223/28 1232/1225/4 1231/1224/4
f 1233/1226/5 1234/1227/50 1235/1228/5
f 1234/1227/50 1236/1229/5 1235/1228/5
f 1237/1230/9 1238/1231/9 1239/1232/28
f 1238/1231/9 1240/1233/28 1239/1232/28
f 1241/1234/64 1242/1235/66 1243/1236/170
f 1242/1235/66 1244/1237/67 1243/1236/170
f 1245/1238/65 1246/1239/65 1247/1240/4
f 1246/1239/65 1248/1241/4 1247/1240/4
f 1249/1242/50 1250/1243/50 1251/1244/5
f 1250/1243/50 1252/1245/50 1251/1244/5
f 1253/1246/65 1254/1247/65 1255/1248/28
f 1254/1247/65 1256/1249/28 1255/1248/28
f 1257/1250/155 1258/1251/50 1259/1252/171
f 1258/1251/50 1260/1253/172 1259/1252/171
f 1261/1254/10 1262/1255/173 1263/1256/65
f 1262/1255/173 1264/1257/65 1263/1256/65
f 1265/1258/174 1266/1259/67 1267/1260/50
f 1266/1259/67 1268/1261/50 1267/1260/50
f 1269/1262/28 1270/1263/28 1271/1264/4
f 1270/1263/28 1272/1265/4 1271/1264/4
f 1273/1266/50 1274/1267/50 1275/1268/67
f 1274/1267/50 1276/1269/67 1275/1268/67
f 1277/1270/65 1278/1271/65 1279/1272/4
f 1278/1271/65 1280/1273/4 1279/1272/4
f 1281/1274/67 1282/1275/67 1283/1276/67
f 1282/1275/67 1284/1277/67 1283/1276/67
f 1285/1278/65 1286/1279/65 1287/1280/4
f 1286/1279/65 1288/1281/4 1287/1280/4
f 1289/1282/67 1290/1283/67 1291/1284/5
f 1290/1283/67 1292/1285/5 1291/1284/5
f 1293/1286/4 1294/1287/4 1295/1288/65
f 1294/1287/4 1296/1289/65 1295/1288/65
f 1297/1290/5 1298/1291/5 1299/1292/67
f 1298/1291/5 1300/1293/67 1299/1292/67
f 1301/1294/65 1302/1295/65 1303/1296/65
f 1302/1295/65 1304/1297/65 1303/1296/65
f 1305/1298/5 1306/1299/5 1307/1300/5
f 1306/1299/5 1308/1301/5 1307/1300/5
f 1309/1302/4 1310/1303/4 1311/1304/65
f 1310/1303/4 1312/1305/65 1311/1304/65
f 1313/1306/5 1314/1307/5 1315/1308/64
f 1314/1307/5 1316/1309/64 1315/1308/64
f 1317/1310/4 1318/1311/4 1319/1312/4
f 1318/1311/4 1320/1313/4 1319/1312/4
f 1321/1314/5 1322/1315/5 1323/1316/5
f 1322/1315/5 1324/1317/5 1323/1316/5
f 1325/1318/65 1326/1319/65 1327/1320/65
f 1326/1319/65 1328/1321/65 1327/1320/65
f 1329/1322/175 1330/1323/134 1331/1324/50
f 1330/1323/134 1332/1325/50 1331/1324/50
f 1333/1326/4 1334/1327/4 1335/1328/176
f 1334/1327/4 1336/1329/176 1335/1328/176
f 1337/1330/67 1338/1331/67 1339/1332/174
f 1338/1331/67 1340/1333/67 1339/1332/174
f 1341/1334/4 1342/1335/4 1343/1336/65
f 1342/1335/4 1344/1337/65 1343/1336/65
f 1425/1418/4 1426/1419/4 1427/1420/4
f 1426/1419/4 1428/1421/4 1427/1420/4
f 1429/1422/4 1430/1423/4 1431/1424/4
f 1430/1423/4 1432/1425/4 1431/1424/4
f 1433/1426/4 1434/1427/4 1435/1428/4
f 1434/1427/4 1436/1429/4 1435/1428/4
f 1437/1430/4 1438/1431/4 1439/1432/4
f 1438/1431/4 1440/1433/4 1439/1432/4
f 1441/1434/4 1442/1435/4 1443/1436/4
f 1442/1435/4 1444/1437/4 1443/1436/4
f 1445/1438/4 1446/1439/4 1447/1440/4
f 1446/1439/4 1448/1441/4 1447/1440/4
f 1449/1442/4 1450/1443/4 1451/1444/4
f 1450/1443/4 1452/1445/4 1451/1444/4
f 1453/1446/52 1454/1447/51 1455/1448/52
f 1454/1447/51 1456/1449/51 1455/1448/52
s 0
f 1457/1450/55 1458/1451/55 1459/1452/55
f 1458/1451/13 1460/1453/13 1459/1452/13
s 1
f 1461/1454/53 1462/1455/53 1463/1456/53
f 1462/1455/53 1464/1457/53 1463/1456/53
s 0
f 1465/1458/14 1466/1459/14 1467/1460/14
f 1466/1459/14 1468/1461/14 1467/1460/14
f 1469/1462/14 1470/1463/14 1471/1464/14
f 1470/1463/14 1472/1465/14 1471/1464/14
f 1473/1466/13 1474/1467/13 1475/1468/13
f 1474/1467/13 1476/1469/13 1475/1468/13
f 1477/1470/14 1478/1471/14 1479/1472/14
f 1478/1471/54 1480/1473/54 1479/1472/54
f 1481/1474/13 1482/1475/13 1483/1476/13
f 1482/1475/55 1484/1477/55 1483/1476/55
f 1485/1478/14 1486/1479/14 1487/1480/14
f 1486/1479/54 1488/1481/54 1487/1480/54
f 1489/1482/13 1490/1483/13 1491/1484/13
f 1490/1483/13 1492/1485/13 1491/1484/13
f 1493/1486/54 1494/1487/54 1495/1488/54
f 1494/1487/54 1496/1489/54 1495/1488/54
f 1497/1490/55 1498/1491/55 1499/1492/55
f 1498/1491/55 1500/1493/55 1499/1492/55
f 1501/1494/54 1502/1495/54 1503/1496/54
f 1502/1495/54 1504/1497/54 1503/1496/54
f 1505/1498/55 1506/1499/55 1507/1500/55
f 1506/1499/13 1508/1501/13 1507/1500/13
f 1509/1502/54 1510/1503/54 1511/1504/54
f 1510/1503/14 1512/1505/14 1511/1504/14
f 1513/1506/55 1514/1507/55 1515/1508/55
f 1514/1507/13 1516/1509/13 1515/1508/13
s 1
f 1517/1510/61 1518/1511/56 1519/1512/61
f 1518/1511/56 1520/1513/56 1519/1512/61
f 1521/1514/57 1522/1515/57 1523/1516/57
f 1522/1515/57 1524/1517/57 1523/1516/57
f 1525/1518/58 1526/1519/58 1527/1520/58
f 1526/1519/58 1528/1521/58 1527/1520/58
f 1529/1522/53 1530/1523/60 1531/1524/53
f 1530/1523/60 1532/1525/60 1531/1524/53
f 1557/1550/96 1558/1551/65 1559/1552/96
f 1558/1551/65 1560/1553/65 1559/1552/96
f 1561/1554/5 1562/1555/5 1563/1556/5
f 1562/1555/5 1564/1557/5 1563/1556/5
f 1565/1558/4 1566/1559/36 1567/1560/4
f 1566/1559/36 1568/1561/36 1567/1560/4
f 1569/1562/64 1570/1563/5 1571/1564/64
f 1570/1563/5 1572/1565/5 1571/1564/64
f 1573/1566/4 1574/1567/4 1575/1568/4
f 1574/1567/4 1576/1569/65 1575/1568/4
f 1577/1570/5 1578/1571/5 1579/1572/5
f 1578/1571/5 1580/1573/5 1579/1572/5
f 1581/1574/27 1582/1575/65 1583/1576/28
f 1582/1575/65 1584/1577/65 1583/1576/28
f 1585/1578/5 1586/1579/64 1587/1580/5
f 1586/1579/64 1588/1581/64 1587/1580/5
f 1589/1582/4 1590/1583/4 1591/1584/4
f 1590/1583/4 1592/1585/4 1591/1584/4
f 1593/1586/5 1594/1587/5 1595/1588/5
f 1594/1587/5 1596/1589/5 1595/1588/5
f 1597/1590/9 1598/1591/9 1599/1592/4
f 1598/1591/9 1600/1593/65 1599/1592/4
f 1601/1594/5 1602/1595/5 1603/1596/5
f 1602/1595/5 1604/1597/5 1603/1596/5
f 1605/1598/4 1606/1599/4 1607/1600/4
f 1606/1599/4 1608/1601/4 1607/1600/4
f 1609/1602/29 1610/1603/5 1611/1604/29
f 1610/1603/5 1612/1605/5 1611/1604/29
f 1613/1606/4 1614/1607/194 1615/1608/4
f 1614/1607/194 1616/1609/195 1615/1608/4
f 1617/1610/64 1618/1611/64 1619/1612/64
f 1618/1611/64 1620/1613/64 1619/1612/64
f 1621/1614/9 1622/1615/4 1623/1616/4
f 1622/1615/4 1624/1617/4 1623/1616/4
f 1625/1618/5 1626/1619/5 1627/1620/5
f 1626/1619/5 1628/1621/64 1627/1620/5
f 1629/1622/27 1630/1623/9 1631/1624/28
f 1630/1623/9 1632/1625/65 1631/1624/28
f 1633/1626/5 1634/1627/5 1635/1628/5
f 1634/1627/5 1636/1629/5 1635/1628/5
f 1637/1630/4 1638/1631/65 1639/1632/4
f 1638/1631/65 1640/1633/65 1639/1632/4
f 1641/1634/5 1642/1635/5 1643/1636/5
f 1642/1635/5 1644/1637/64 1643/1636/5
f 1645/1638/4 1646/1639/65 1647/1640/4
f 1646/1639/65 1648/1641/65 1647/1640/4
f 1649/1642/64 1650/1643/64 1651/1644/64
f 1650/1643/64 1652/1645/64 1651/1644/64
f 1653/1646/4 1654/1647/90 1655/1648/4
f 1654/1647/90 1656/1649/65 1655/1648/4
f 1657/1650/64 1658/1651/64 1659/1652/64
f 1658/1651/64 1660/1653/64 1659/1652/64
f 1661/1654/4 1662/1655/65 1663/1656/4
f 1662/1655/65 1664/1657/65 1663/1656/4
f 1665/1658/64 1666/1659/64 1667/1660/64
f 1666/1659/64 1668/1661/64 1667/1660/64
f 1669/1662/65 1670/1663/4 1671/1664/65
f 1670/1663/4 1672/1665/4 1671/1664/65
f 1673/1666/29 1674/1667/5 1675/1668/29
f 1674/1667/5 1676/1669/64 1675/1668/29
f 1677/1670/4 1678/1671/28 1679/1672/4
f 1678/1671/28 1680/1673/28 1679/1672/4
f 1681/1674/29 1682/1675/5 1683/1676/5
f 1682/1675/5 1684/1677/5 1683/1676/5
f 1685/1678/28 1686/1679/65 1687/1680/28
f 1686/1679/65 1688/1681/65 1687/1680/28
f 1689/1682/64 1690/1683/5 1691/1684/64
f 1690/1683/5 1692/1685/5 1691/1684/64
f 1693/1686/4 1694/1687/4 1695/1688/28
f 1694/1687/4 1696/1689/4 1695/1688/28
f 1697/1690/196 1698/1691/64 1699/1692/196
f 1698/1691/64 1700/1693/64 1699/1692/196
f 1701/1694/4 1702/1695/4 1703/1696/4
f 1702/1695/4 1704/1697/4 1703/1696/4
f 1705/1698/5 1706/1699/5 1707/1700/5
f 1706/1699/5 1708/1701/5 1707/1700/5
f 1709/1702/4 1710/1703/4 1711/1704/4
f 1710/1703/4 1712/1705/4 1711/1704/4
f 1713/1706/5 1714/1707/29 1715/1708/5
f 1714/1707/29 1716/1709/29 1715/1708/5
o Building6b_T_B6windows_0
v 15.092665 -0.002549 1.907470
v 15.092665 1.329660 1.907470
v 14.930923 -0.002549 1.937789
v 14.930923 1.329660 1.937789
v 15.071898 2.214522 1.751650
v 14.910404 2.214522 1.783300
v 15.044792 2.814261 1.652092
v 14.883799 2.809346 1.686402
v 15.044792 2.814261 1.652092
v 14.883799 2.809346 1.686402
v 14.920872 1.108444 0.991036
v 14.759380 1.108444 1.022686
v 14.883720 0.474293 0.792853
v 14.721729 0.474293 0.821842
v 14.883720 -0.002549 0.792853
v 14.721979 -0.002549 0.823172
v 13.147377 9.608035 1.842558
v 13.147377 9.357324 1.842558
v 13.305040 9.608035 1.813003
v 13.305040 9.357324 1.813003
v 13.147377 9.082034 1.842558
v 13.305040 9.082034 1.813003
v 13.147377 8.811660 1.842558
v 13.305040 8.811660 1.813003
v 13.229408 9.037791 2.280159
v 13.387072 9.037791 2.250603
v 13.229408 9.082034 2.280159
v 13.387072 9.082034 2.250603
v 13.229408 9.357324 2.280159
v 13.387072 9.357324 2.250603
v 13.229408 9.829251 2.280159
v 13.387072 9.829251 2.250603
v 13.229408 8.300406 2.280159
v 13.387072 8.300406 2.250603
v 13.229408 8.905062 2.280159
v 13.387072 8.905062 2.250603
v 13.147377 8.683846 1.842558
v 13.305040 8.683846 1.813003
v 13.147377 8.521622 1.842558
v 13.305040 8.521622 1.813003
v 13.229408 7.469619 2.280159
v 13.387072 7.469619 2.250603
v 13.229408 7.794068 2.280159
v 13.387072 7.794068 2.250603
v 13.229408 8.093938 2.280159
v 13.387072 8.093938 2.250603
v 13.229408 8.177508 2.280159
v 13.387072 8.177508 2.250603
v 13.147377 8.398724 1.842558
v 13.305040 8.398724 1.813003
v 13.147377 8.093938 1.842558
v 13.305040 8.093938 1.813003
v 13.147377 7.862890 1.842558
v 13.305040 7.862890 1.813003
v 13.147377 7.764573 1.842558
v 13.305040 7.764573 1.813003
v 14.930454 -0.002549 2.182954
v 14.930454 1.604950 2.182954
v 14.729298 -0.002549 2.220662
v 14.729048 1.604950 2.219332
v 14.893976 2.666785 1.943339
v 14.692820 2.666785 1.981047
v 14.885822 3.959666 1.944867
v 14.684666 3.954750 1.982576
v 14.885822 4.043237 1.944867
v 14.684666 4.043237 1.982576
v 14.885323 5.881783 1.942207
v 14.684166 5.881783 1.979916
v 14.897791 6.343877 2.008712
v 14.696634 6.343877 2.046420
v 14.899286 7.292646 2.016692
v 14.698130 7.292646 2.054401
v 14.809774 7.602348 1.539189
v 14.608618 7.582684 1.576898
v 14.809774 6.078419 1.539189
v 14.608618 6.078419 1.576898
v 14.809774 5.783465 1.539189
v 14.608618 5.783465 1.576898
v 14.809774 4.043237 1.539189
v 14.608618 4.043237 1.576898
v 14.809774 3.959666 1.539189
v 14.608618 3.959666 1.576898
v 14.672140 1.319828 0.804978
v 14.471233 1.319828 0.844017
v 14.632746 0.548032 0.594824
v 14.431589 0.548032 0.632532
v 14.632746 -0.002549 0.594824
v 14.431589 -0.002549 0.632532
v 14.762341 -0.002549 2.554545
v 13.549965 -0.002549 2.781816
v 14.762341 1.604950 2.554545
v 13.549965 1.604950 2.781816
v 14.685795 2.666785 2.146207
v 13.473419 2.666785 2.373477
v 14.685795 3.959666 2.146207
v 13.473419 3.959666 2.373477
v 13.039572 -0.002549 0.059117
v 14.251947 -0.002549 -0.168153
v 13.039572 0.548032 0.059117
v 14.251947 0.548032 -0.168153
v 13.099163 1.319828 0.377009
v 14.311539 1.319828 0.149739
v 13.343266 3.959666 1.679169
v 14.555641 3.959666 1.451899
v 14.685795 4.043237 2.146207
v 13.473419 4.043237 2.373477
v 14.685795 5.881783 2.146207
v 13.473419 5.881783 2.373477
v 14.707487 6.338962 2.261925
v 13.495111 6.338962 2.489195
v 14.709730 7.592516 2.273896
v 13.497355 7.592516 2.501166
v 13.343266 4.043237 1.679169
v 14.555641 4.043237 1.451899
v 13.343266 5.783465 1.679169
v 14.555641 5.783465 1.451899
v 13.343266 6.078419 1.679169
v 14.555641 6.078419 1.451899
v 13.343266 7.582684 1.679169
v 14.555641 7.582684 1.451899
v 13.343266 9.701437 1.679169
v 14.555641 9.701437 1.451899
v 14.685545 7.617096 2.144877
v 13.473169 7.617096 2.372147
v 14.685795 10.060298 2.146207
v 13.473419 10.060298 2.373477
v 13.276350 -0.002549 2.493029
v 13.276350 1.604950 2.493029
v 13.477505 -0.002549 2.455321
v 13.477255 1.604950 2.453991
v 13.222202 2.666785 2.256727
v 13.423359 2.666785 2.219018
v 13.231718 3.959666 2.254943
v 13.432873 3.954750 2.217235
v 13.231718 4.043237 2.254943
v 13.432873 4.043237 2.217235
v 13.231218 5.881783 2.252283
v 13.432375 5.881783 2.214574
v 13.243687 6.343877 2.318787
v 13.444841 6.343877 2.281079
v 13.245182 7.258235 2.326768
v 13.446339 7.258235 2.289059
v 13.155670 7.607264 1.849265
v 13.356825 7.607264 1.811556
v 13.155670 6.078419 1.849265
v 13.356825 6.078419 1.811556
v 13.155670 5.783465 1.849265
v 13.356825 5.783465 1.811556
v 13.155670 4.043237 1.849265
v 13.356825 4.043237 1.811556
v 13.155670 3.959666 1.849265
v 13.356825 3.959666 1.811556
v 13.018036 1.319828 1.115054
v 13.219440 1.319828 1.078676
v 12.978642 0.548032 0.904899
v 13.179796 0.548032 0.867191
v 12.978642 -0.002549 0.904899
v 13.179796 -0.002549 0.867191
v 13.032169 -0.002549 2.293727
v 13.193911 -0.002549 2.263407
v 13.032169 1.329660 2.293727
v 13.193911 1.329660 2.263407
v 12.993732 2.214522 2.141220
v 13.155722 2.214522 2.112230
v 12.984297 2.814261 2.038349
v 13.146786 2.809346 2.012020
v 12.984297 2.814261 2.038349
v 13.146786 2.809346 2.012020
v 12.860376 1.108444 1.377293
v 13.022367 1.108444 1.348304
v 12.823225 0.474293 1.179109
v 12.984716 0.474293 1.147460
v 12.823225 -0.002549 1.179109
v 12.984966 -0.002549 1.148790
v 14.817793 9.608035 1.529425
v 14.817793 9.357324 1.529425
v 14.660130 9.608035 1.558980
v 14.660130 9.357324 1.558980
v 14.817793 9.082034 1.529425
v 14.660130 9.082034 1.558980
v 14.817793 8.811660 1.529425
v 14.660130 8.811660 1.558980
v 14.899824 9.037791 1.967026
v 14.742161 9.037791 1.996581
v 14.899824 9.082034 1.967026
v 14.742161 9.082034 1.996581
v 14.899824 9.357324 1.967026
v 14.742161 9.357324 1.996581
v 14.899824 9.829251 1.967026
v 14.742161 9.829251 1.996581
v 14.742161 8.905062 1.996581
v 14.899824 8.905062 1.967026
v 14.742161 8.300406 1.996581
v 14.899824 8.300406 1.967026
v 14.660130 8.521622 1.558980
v 14.817793 8.521622 1.529425
v 14.660130 8.683846 1.558980
v 14.817793 8.683846 1.529425
v 14.899824 7.469619 1.967026
v 14.742161 7.469619 1.996581
v 14.899824 7.794068 1.967026
v 14.742161 7.794068 1.996581
v 14.899824 8.093938 1.967026
v 14.742161 8.093938 1.996581
v 14.899824 8.177508 1.967026
v 14.742161 8.177508 1.996581
v 14.817793 8.398724 1.529425
v 14.660130 8.398724 1.558980
v 14.817793 8.093938 1.529425
v 14.660130 8.093938 1.558980
v 14.817793 7.862890 1.529425
v 14.660130 7.862890 1.558980
v 14.817793 7.764573 1.529425
v 14.660130 7.764573 1.558980
v 15.349007 -0.002549 1.293538
v 15.037758 -0.002549 1.351884
v 15.349007 0.434966 1.293538
v 15.037758 0.434966 1.351884
v 15.349007 0.779079 1.293538
v 15.037758 0.779079 1.351884
v 14.969439 -0.002549 0.987439
v 15.280689 -0.002549 0.929093
v 14.969439 0.434966 0.987439
v 15.280689 0.434966 0.929093
v 15.002851 0.779079 1.165671
v 15.314100 0.779079 1.107325
v 12.566795 -0.002549 1.815087
v 12.566795 0.434966 1.815087
v 12.879403 -0.002549 1.756486
v 12.879403 0.434966 1.756486
v 12.566795 0.779079 1.815087
v 12.879403 0.779079 1.756486
v 12.811085 -0.002549 1.392041
v 12.498477 -0.002549 1.450642
v 12.811085 0.434966 1.392041
v 12.498477 0.434966 1.450642
v 12.844496 0.779079 1.570273
v 12.531888 0.779079 1.628874
vn 0.1842 -0.0000 0.9829
vn 0.1893 0.0696 0.9795
vn 0.1926 0.1692 0.9666
vn 0.2000 0.1686 0.9652
vn 0.2000 0.1685 0.9652
vn -0.1918 0.3664 -0.9105
vn -0.1893 0.3503 -0.9173
vn -0.1813 0.1782 -0.9672
vn -0.1842 -0.0000 -0.9829
vn -0.1843 -0.0000 -0.9829
vn 0.1843 -0.0000 0.9829
vn 0.1871 0.0916 0.9781
vn 0.1871 0.0915 0.9781
vn 0.1851 0.1003 0.9776
vn 0.1885 -0.0000 0.9821
vn 0.1824 -0.0305 0.9827
vn 0.1858 -0.0524 0.9812
vn 0.1857 -0.0086 0.9826
vn -0.1796 0.2634 -0.9478
vn -0.1810 0.2718 -0.9452
vn -0.1800 0.1610 -0.9704
vn -0.1800 0.1609 -0.9704
vn 0.1821 0.1523 0.9714
vn 0.1821 0.1524 0.9714
vn 0.1851 0.1739 0.9672
vn -0.1827 0.2380 -0.9539
vn -0.1696 0.4350 -0.8843
vn -0.1667 0.4468 -0.8790
vn 0.1819 -0.0742 0.9805
vn 0.1842 -0.0001 0.9829
vn 0.1799 0.0916 0.9794
vn 0.1808 0.0026 0.9835
vn 0.1858 -0.0086 0.9825
vn -0.1722 0.2633 -0.9492
vn -0.1736 0.2718 -0.9466
vn 0.1820 0.0698 0.9808
vn 0.1705 0.1692 0.9707
vn 0.1632 0.1685 0.9721
vn -0.1473 0.3662 -0.9188
vn -0.1595 0.3504 -0.9229
vn -0.1814 0.2253 -0.9573
vn -0.1645 0.4700 -0.8672
vn -0.1814 0.2252 -0.9573
vt 0.924739 0.012635
vt 0.924739 0.149867
vt 0.907862 0.012635
vt 0.907862 0.149867
vt 0.924739 0.242227
vt 0.907862 0.242227
vt 0.924739 0.304641
vt 0.907862 0.304641
vt 0.975367 0.317143
vt 0.975367 0.128449
vt 0.992364 0.317143
vt 0.992364 0.128449
vt 0.975367 0.060026
vt 0.992364 0.060026
vt 0.975367 0.010890
vt 0.992364 0.010890
vt 0.921002 0.556524
vt 0.904487 0.556524
vt 0.921002 0.530648
vt 0.904487 0.530648
vt 0.921002 0.502058
vt 0.904487 0.502058
vt 0.921002 0.474631
vt 0.904487 0.474631
vt 0.954392 0.511846
vt 0.970907 0.511846
vt 0.954392 0.516498
vt 0.970907 0.516498
vt 0.954392 0.545088
vt 0.970907 0.545088
vt 0.954392 0.593740
vt 0.970907 0.593740
vt 0.954392 0.435961
vt 0.970907 0.435961
vt 0.954392 0.498278
vt 0.970907 0.498278
vt 0.920158 0.464552
vt 0.903643 0.464552
vt 0.920158 0.448076
vt 0.903643 0.448076
vt 0.955236 0.346315
vt 0.971751 0.346315
vt 0.955236 0.380041
vt 0.971751 0.380041
vt 0.955236 0.410667
vt 0.971751 0.410667
vt 0.955236 0.419195
vt 0.971751 0.419195
vt 0.920881 0.439935
vt 0.904487 0.439935
vt 0.920881 0.408534
vt 0.904487 0.408534
vt 0.920881 0.384790
vt 0.904487 0.384790
vt 0.920881 0.374905
vt 0.904487 0.374905
vt 0.829509 0.012538
vt 0.829509 0.175259
vt 0.808775 0.012538
vt 0.808775 0.175259
vt 0.829509 0.286033
vt 0.808775 0.286033
vt 0.829509 0.416578
vt 0.808775 0.416578
vt 0.829509 0.425495
vt 0.808775 0.425495
vt 0.829509 0.611766
vt 0.808775 0.611766
vt 0.829509 0.658867
vt 0.808775 0.658867
vt 0.829509 0.755104
vt 0.808775 0.755104
vt 0.762004 0.798425
vt 0.762004 0.645105
vt 0.782738 0.798425
vt 0.782738 0.645105
vt 0.762004 0.614771
vt 0.782738 0.614771
vt 0.762004 0.438772
vt 0.782738 0.438772
vt 0.762004 0.429953
vt 0.762004 0.152096
vt 0.782738 0.429953
vt 0.782738 0.152096
vt 0.762004 0.070881
vt 0.782738 0.070881
vt 0.762004 0.015057
vt 0.782738 0.015057
vt 0.526341 0.015251
vt 0.526341 0.224104
vt 0.365897 0.015251
vt 0.365897 0.224104
vt 0.526341 0.372869
vt 0.365897 0.372869
vt 0.526341 0.540533
vt 0.365897 0.540533
vt 0.347574 0.015251
vt 0.347574 0.086872
vt 0.187250 0.015251
vt 0.187250 0.086872
vt 0.347574 0.195805
vt 0.187250 0.195805
vt 0.347574 0.579687
vt 0.187250 0.579687
vt 0.711617 0.015251
vt 0.711617 0.253857
vt 0.551293 0.015251
vt 0.551293 0.253857
vt 0.711617 0.315495
vt 0.551293 0.315495
vt 0.711617 0.478604
vt 0.551293 0.478604
vt 0.167602 0.015251
vt 0.167602 0.241064
vt 0.007158 0.015251
vt 0.007158 0.241064
vt 0.167602 0.280024
vt 0.007158 0.280024
vt 0.167602 0.475309
vt 0.007158 0.475309
vt 0.167602 0.751034
vt 0.007158 0.751034
vt 0.711617 0.482190
vt 0.711617 0.799782
vt 0.551293 0.482190
vt 0.551293 0.799782
vt 0.830955 0.012538
vt 0.851689 0.012538
vt 0.830955 0.175259
vt 0.851689 0.175259
vt 0.830955 0.285936
vt 0.851689 0.285936
vt 0.830955 0.416578
vt 0.851689 0.416578
vt 0.830955 0.425495
vt 0.851689 0.425495
vt 0.830955 0.611766
vt 0.851689 0.611766
vt 0.830955 0.658867
vt 0.851689 0.658867
vt 0.830955 0.751809
vt 0.851689 0.751809
vt 0.760558 0.799685
vt 0.739704 0.799685
vt 0.760558 0.645105
vt 0.739704 0.645105
vt 0.760558 0.614771
vt 0.739704 0.614771
vt 0.760558 0.438772
vt 0.739704 0.438772
vt 0.760558 0.429953
vt 0.739704 0.429953
vt 0.760558 0.152096
vt 0.739704 0.152096
vt 0.760558 0.070881
vt 0.739704 0.070881
vt 0.760558 0.015057
vt 0.739704 0.015057
vt 0.882307 0.012635
vt 0.899304 0.012635
vt 0.882307 0.149867
vt 0.899304 0.149867
vt 0.882307 0.242227
vt 0.899304 0.242227
vt 0.882307 0.304641
vt 0.899304 0.304641
vt 0.966808 0.317143
vt 0.949812 0.317143
vt 0.966808 0.128449
vt 0.949812 0.128449
vt 0.966808 0.060026
vt 0.949812 0.060026
vt 0.966808 0.010890
vt 0.949812 0.010890
vt 0.881704 0.556137
vt 0.881704 0.530163
vt 0.898219 0.556137
vt 0.898219 0.530163
vt 0.881704 0.501670
vt 0.898219 0.501670
vt 0.881704 0.474146
vt 0.898219 0.474146
vt 0.994534 0.512428
vt 0.994534 0.517080
vt 0.978019 0.512428
vt 0.978019 0.517080
vt 0.994534 0.545573
vt 0.978019 0.545573
vt 0.994534 0.594225
vt 0.978019 0.594225
vt 0.977296 0.495952
vt 0.977296 0.433732
vt 0.993810 0.495952
vt 0.993810 0.433732
vt 0.897978 0.448948
vt 0.897978 0.465424
vt 0.881463 0.448948
vt 0.881463 0.465424
vt 0.993569 0.346024
vt 0.993569 0.379750
vt 0.977175 0.346024
vt 0.977175 0.379750
vt 0.993569 0.410376
vt 0.977175 0.410376
vt 0.993569 0.418904
vt 0.977175 0.418904
vt 0.881343 0.440129
vt 0.881343 0.408825
vt 0.897857 0.440129
vt 0.897857 0.408825
vt 0.881343 0.384984
vt 0.897857 0.384984
vt 0.881343 0.375196
vt 0.897857 0.375196
vt 0.991641 0.724479
vt 0.991641 0.769448
vt 0.958973 0.724479
vt 0.958973 0.769448
vt 0.991641 0.804725
vt 0.958973 0.804725
vt 0.912564 0.715175
vt 0.912564 0.670206
vt 0.945231 0.715175
vt 0.945231 0.670206
vt 0.912564 0.630277
vt 0.945231 0.630277
vt 0.912805 0.723994
vt 0.945472 0.723994
vt 0.912805 0.769060
vt 0.945472 0.769060
vt 0.912805 0.804240
vt 0.945472 0.804240
vt 0.957286 0.629889
vt 0.989953 0.629889
vt 0.957286 0.674858
vt 0.989953 0.674858
vt 0.957286 0.714787
vt 0.989953 0.714787
s 1
usemtl T_B6windows
f 1877/1870/201 1878/1871/202 1879/1872/201
f 1879/1872/201 1878/1871/202 1880/1873/202
f 1878/1871/202 1881/1874/203 1880/1873/202
f 1880/1873/202 1881/1874/203 1882/1875/203
f 1881/1874/203 1883/1876/204 1882/1875/203
f 1882/1875/203 1883/1876/204 1884/1877/205
f 1885/1878/206 1887/1879/207 1886/1880/206
f 1886/1880/206 1887/1879/207 1888/1881/207
f 1887/1879/207 1889/1882/208 1888/1881/207
f 1888/1881/207 1889/1882/208 1890/1883/208
f 1889/1882/208 1891/1884/209 1890/1883/208
f 1890/1883/208 1891/1884/209 1892/1885/209
s 0
f 1893/1886/209 1895/1887/209 1894/1888/209
f 1895/1887/209 1896/1889/209 1894/1888/209
f 1894/1888/210 1896/1889/210 1897/1890/210
f 1896/1889/209 1898/1891/209 1897/1890/209
f 1897/1890/209 1898/1891/209 1899/1892/209
f 1898/1891/209 1900/1893/209 1899/1892/209
f 1901/1894/201 1902/1895/201 1903/1896/201
f 1902/1895/201 1904/1897/201 1903/1896/201
f 1903/1896/201 1904/1897/201 1905/1898/201
f 1904/1897/211 1906/1899/211 1905/1898/211
f 1905/1898/201 1906/1899/201 1907/1900/201
f 1906/1899/201 1908/1901/201 1907/1900/201
f 1909/1902/201 1910/1903/201 1911/1904/201
f 1910/1903/211 1912/1905/211 1911/1904/211
f 1913/1906/209 1914/1907/209 1915/1908/209
f 1914/1907/209 1916/1909/209 1915/1908/209
f 1917/1910/201 1918/1911/201 1919/1912/201
f 1918/1911/211 1920/1913/211 1919/1912/211
f 1919/1912/201 1920/1913/201 1921/1914/201
f 1920/1913/211 1922/1915/211 1921/1914/211
f 1921/1914/201 1922/1915/201 1923/1916/201
f 1922/1915/201 1924/1917/201 1923/1916/201
f 1925/1918/209 1926/1919/209 1927/1920/209
f 1926/1919/210 1928/1921/210 1927/1920/210
f 1927/1920/209 1928/1921/209 1929/1922/209
f 1928/1921/209 1930/1923/209 1929/1922/209
f 1929/1922/210 1930/1923/210 1931/1924/210
f 1930/1923/209 1932/1925/209 1931/1924/209
s 1
f 1933/1926/201 1934/1927/212 1935/1928/211
f 1935/1928/211 1934/1927/212 1936/1929/213
f 1934/1927/212 1937/1930/214 1936/1929/213
f 1936/1929/213 1937/1930/214 1938/1931/214
f 1937/1930/214 1939/1932/215 1938/1931/214
f 1938/1931/214 1939/1932/215 1940/1933/215
f 1939/1932/215 1941/1934/201 1940/1933/215
f 1940/1933/215 1941/1934/201 1942/1935/201
f 1941/1934/201 1943/1936/216 1942/1935/201
f 1942/1935/201 1943/1936/216 1944/1937/216
f 1943/1936/216 1945/1938/217 1944/1937/216
f 1944/1937/216 1945/1938/217 1946/1939/217
f 1945/1938/217 1947/1940/218 1946/1939/217
f 1946/1939/217 1947/1940/218 1948/1941/218
s 0
f 1949/1942/209 1951/1943/209 1950/1944/209
f 1950/1944/209 1951/1943/209 1952/1945/209
f 1951/1943/209 1953/1946/209 1952/1945/209
f 1952/1945/209 1953/1946/209 1954/1947/209
f 1953/1946/209 1955/1948/209 1954/1947/209
f 1954/1947/210 1955/1948/210 1956/1949/210
s 1
f 1957/1950/219 1959/1951/220 1958/1952/219
f 1958/1952/219 1959/1951/220 1960/1953/220
f 1959/1951/220 1961/1954/221 1960/1953/220
f 1960/1953/220 1961/1954/221 1962/1955/222
f 1961/1954/221 1963/1956/209 1962/1955/222
f 1962/1955/222 1963/1956/209 1964/1957/210
f 1965/1958/201 1967/1959/223 1966/1960/201
f 1966/1960/201 1967/1959/223 1968/1961/224
f 1967/1959/223 1969/1962/225 1968/1961/224
f 1968/1961/224 1969/1962/225 1970/1963/225
f 1969/1962/225 1971/1964/201 1970/1963/225
f 1970/1963/225 1971/1964/201 1972/1965/201
f 1973/1966/209 1975/1967/226 1974/1968/209
f 1974/1968/209 1975/1967/226 1976/1969/226
f 1975/1967/226 1977/1970/227 1976/1969/226
f 1976/1969/226 1977/1970/227 1978/1971/227
f 1977/1970/227 1979/1972/228 1978/1971/227
f 1978/1971/227 1979/1972/228 1980/1973/228
f 1981/1974/201 1983/1975/217 1982/1976/201
f 1982/1976/201 1983/1975/217 1984/1977/217
f 1983/1975/217 1985/1978/229 1984/1977/217
f 1984/1977/217 1985/1978/229 1986/1979/229
f 1985/1978/229 1987/1980/218 1986/1979/229
f 1986/1979/229 1987/1980/218 1988/1981/218
s 0
f 1989/1982/209 1991/1983/209 1990/1984/209
f 1990/1984/209 1991/1983/209 1992/1985/209
f 1991/1983/209 1993/1986/209 1992/1985/209
f 1992/1985/209 1993/1986/209 1994/1987/209
f 1993/1986/209 1995/1988/209 1994/1987/209
f 1994/1987/209 1995/1988/209 1996/1989/209
f 1995/1988/209 1997/1990/209 1996/1989/209
f 1996/1989/209 1997/1990/209 1998/1991/209
s 1
f 1999/1992/230 2001/1993/201 2000/1994/201
f 2000/1994/201 2001/1993/201 2002/1995/230
f 2003/1996/211 2005/1997/201 2004/1998/231
f 2005/1997/201 2006/1999/231 2004/1998/231
f 2004/1998/231 2006/1999/231 2007/2000/214
f 2006/1999/231 2008/2001/214 2007/2000/214
f 2007/2000/214 2008/2001/214 2009/2002/232
f 2008/2001/214 2010/2003/232 2009/2002/232
f 2009/2002/232 2010/2003/232 2011/2004/201
f 2010/2003/232 2012/2005/211 2011/2004/201
f 2011/2004/201 2012/2005/211 2013/2006/216
f 2012/2005/211 2014/2007/216 2013/2006/216
f 2013/2006/216 2014/2007/216 2015/2008/217
f 2014/2007/216 2016/2009/217 2015/2008/217
f 2015/2008/217 2016/2009/217 2017/2010/218
f 2016/2009/217 2018/2011/233 2017/2010/218
s 0
f 2019/2012/210 2020/2013/210 2021/2014/210
f 2020/2013/209 2022/2015/209 2021/2014/209
f 2021/2014/210 2022/2015/210 2023/2016/210
f 2022/2015/210 2024/2017/210 2023/2016/210
f 2023/2016/209 2024/2017/209 2025/2018/209
f 2024/2017/210 2026/2019/210 2025/2018/210
s 1
f 2025/2018/209 2026/2019/209 2027/2020/234
f 2026/2019/209 2028/2021/234 2027/2020/234
f 2027/2020/234 2028/2021/234 2029/2022/235
f 2028/2021/234 2030/2023/235 2029/2022/235
f 2029/2022/235 2030/2023/235 2031/2024/222
f 2030/2023/235 2032/2025/222 2031/2024/222
f 2031/2024/222 2032/2025/222 2033/2026/209
f 2032/2025/222 2034/2027/209 2033/2026/209
f 2035/2028/201 2036/2029/201 2037/2030/236
f 2036/2029/201 2038/2031/236 2037/2030/236
f 2037/2030/236 2038/2031/236 2039/2032/237
f 2038/2031/236 2040/2033/237 2039/2032/237
f 2039/2032/237 2040/2033/237 2041/2034/238
f 2040/2033/237 2042/2035/238 2041/2034/238
f 2043/2036/239 2044/2037/239 2045/2038/240
f 2044/2037/239 2046/2039/240 2045/2038/240
f 2045/2038/240 2046/2039/240 2047/2040/208
f 2046/2039/240 2048/2041/208 2047/2040/208
f 2047/2040/208 2048/2041/208 2049/2042/209
f 2048/2041/208 2050/2043/209 2049/2042/209
s 0
f 2051/2044/209 2052/2045/209 2053/2046/209
f 2053/2046/209 2052/2045/209 2054/2047/209
f 2052/2045/210 2055/2048/210 2054/2047/210
f 2054/2047/209 2055/2048/209 2056/2049/209
f 2055/2048/209 2057/2050/209 2056/2049/209
f 2056/2049/209 2057/2050/209 2058/2051/209
f 2059/2052/201 2061/2053/201 2060/2054/201
f 2060/2054/201 2061/2053/201 2062/2055/201
f 2061/2053/201 2063/2056/201 2062/2055/201
f 2062/2055/201 2063/2056/201 2064/2057/201
f 2063/2056/201 2065/2058/201 2064/2057/201
f 2064/2057/201 2065/2058/201 2066/2059/201
f 2067/2060/201 2069/2061/201 2068/2062/201
f 2068/2062/201 2069/2061/201 2070/2063/201
f 2071/2064/209 2073/2065/209 2072/2066/209
f 2072/2066/209 2073/2065/209 2074/2067/209
f 2075/2068/211 2077/2069/211 2076/2070/211
f 2076/2070/201 2077/2069/201 2078/2071/201
f 2077/2069/201 2079/2072/201 2078/2071/201
f 2078/2071/201 2079/2072/201 2080/2073/201
f 2079/2072/201 2081/2074/201 2080/2073/201
f 2080/2073/201 2081/2074/201 2082/2075/201
f 2083/2076/210 2085/2077/210 2084/2078/210
f 2084/2078/209 2085/2077/209 2086/2079/209
f 2085/2077/209 2087/2080/209 2086/2079/209
f 2086/2079/209 2087/2080/209 2088/2081/209
f 2087/2080/210 2089/2082/210 2088/2081/210
f 2088/2081/209 2089/2082/209 2090/2083/209
f 2091/2084/201 2093/2085/201 2092/2086/201
f 2092/2086/211 2093/2085/211 2094/2087/211
f 2093/2085/201 2095/2088/201 2094/2087/201
f 2094/2087/201 2095/2088/201 2096/2089/201
s 1
f 2097/2090/209 2099/2091/241 2098/2092/209
f 2098/2092/209 2099/2091/241 2100/2093/241
f 2099/2091/241 2101/2094/242 2100/2093/241
f 2100/2093/241 2101/2094/242 2102/2095/242
s 0
f 2103/2096/201 2105/2097/201 2104/2098/201
f 2105/2097/201 2106/2099/201 2104/2098/201
f 2104/2098/201 2106/2099/201 2107/2100/201
f 2106/2099/201 2108/2101/201 2107/2100/201
s 1
f 2109/2102/209 2110/2103/209 2111/2104/243
f 2110/2103/209 2112/2105/241 2111/2104/243
f 2111/2104/243 2112/2105/241 2113/2106/242
f 2112/2105/241 2114/2107/242 2113/2106/242
