# Blender 5.0.1
# www.blender.org
mtllib Level 1 .mtl
o Level_1_Building:pCube8
v -1.820718 -1.578346 0.493121
v -1.500370 -1.567991 0.522529
v -1.834181 -1.250163 0.522529
v -1.500370 -1.250163 0.522529
v -1.834181 -1.250163 0.011907
v -1.500370 -1.250163 0.011907
v -1.820718 -1.578346 0.041315
v -1.500370 -1.567991 0.011907
v -1.613883 -1.578346 0.041315
v -1.613883 -1.578346 0.493121
v -1.600421 -1.250163 0.522529
v -1.600421 -1.250163 0.011907
v -1.820718 -1.659450 0.041315
v -1.613883 -1.659450 0.041315
v -1.613883 -1.659450 0.493121
v -1.820718 -1.659450 0.493121
v -1.834181 -1.210899 0.522529
v -1.600421 -1.210899 0.522529
v -1.600421 -1.210899 0.011907
v -1.834181 -1.210899 0.011907
v -1.500370 -1.210899 0.522529
v -1.500370 -1.210899 0.011907
v -1.861768 -1.210899 0.564728
v -1.589371 -1.210899 0.564728
v -1.589371 -1.210899 -0.030292
v -1.861768 -1.210899 -0.030292
v -1.472783 -1.210899 0.564728
v -1.472783 -1.210899 -0.030292
v -1.861768 -1.174603 0.564728
v -1.589371 -1.174603 0.564728
v -1.589371 -1.174603 -0.030292
v -1.861768 -1.174603 -0.030292
v -1.472783 -1.174603 0.564728
v -1.472783 -1.174603 -0.030292
v -1.834181 -1.527361 0.522529
v -1.834181 -1.527361 0.011907
v -1.600421 -1.527361 0.011907
v -1.500370 -1.527361 0.011907
v -1.500370 -1.527361 0.522529
v -1.600421 -1.527361 0.522529
v -1.842455 -1.690604 -0.006168
v -1.592146 -1.690604 -0.006168
v -1.592146 -1.690604 0.540604
v -1.842455 -1.690604 0.540604
v -1.842455 -1.743498 -0.006168
v -1.592146 -1.743498 -0.006168
v -1.592146 -1.743498 0.540604
v -1.842455 -1.743498 0.540604
v -1.834181 -1.527361 0.481236
v -1.820718 -1.578346 0.456584
v -1.820718 -1.659450 0.456584
v -1.842455 -1.690604 0.496387
v -1.842455 -1.743498 0.496387
v -1.592146 -1.743498 0.496387
v -1.592146 -1.690604 0.496387
v -1.613883 -1.659450 0.456584
v -1.613883 -1.578346 0.456584
v -1.500370 -1.567991 0.481236
v -1.500370 -1.527361 0.481236
v -1.500370 -1.250163 0.481236
v -1.500370 -1.210899 0.481236
v -1.472783 -1.210899 0.516609
v -1.472783 -1.174603 0.516609
v -1.589371 -1.174603 0.516609
v -1.861768 -1.174603 0.516609
v -1.861768 -1.210899 0.516609
v -1.834181 -1.210899 0.481236
v -1.834181 -1.250163 0.481236
v -1.834181 -1.527361 0.056350
v -1.820718 -1.578346 0.080639
v -1.820718 -1.659450 0.080639
v -1.842455 -1.690604 0.041421
v -1.842455 -1.743498 0.041421
v -1.592146 -1.743498 0.041421
v -1.592146 -1.690604 0.041421
v -1.613883 -1.659450 0.080639
v -1.613883 -1.578346 0.080639
v -1.500370 -1.567991 0.056350
v -1.500370 -1.527361 0.056350
v -1.500370 -1.250163 0.056350
v -1.500370 -1.210899 0.056350
v -1.472783 -1.210899 0.021497
v -1.472783 -1.174603 0.021497
v -1.589371 -1.174603 0.021497
v -1.861768 -1.174603 0.021497
v -1.861768 -1.210899 0.021497
v -1.834181 -1.210899 0.056350
v -1.834181 -1.250163 0.056350
v -1.834181 -1.491322 0.056350
v -1.834181 -1.491322 0.481236
v -1.834181 -1.491322 0.522529
v -1.600421 -1.491322 0.522529
v -1.500370 -1.491322 0.522529
v -1.500370 -1.491322 0.481236
v -1.500370 -1.491322 0.056350
v -1.500370 -1.491322 0.011907
v -1.600421 -1.491322 0.011907
v -1.834181 -1.491322 0.011907
v -1.817253 -1.250163 0.056350
v -1.817253 -1.491322 0.056350
v -1.817253 -1.491322 0.481236
v -1.817253 -1.250163 0.481236
v -1.817253 -1.491322 0.273864
v -1.817253 -1.250163 0.273864
v -1.834181 -1.250163 0.273864
v -1.834181 -1.210899 0.273864
v -1.861768 -1.210899 0.274962
v -1.861768 -1.174603 0.274962
v -1.589371 -1.174603 0.274962
v -1.472783 -1.174603 0.274962
v -1.472783 -1.210899 0.274962
v -1.500370 -1.210899 0.273864
v -1.500370 -1.250163 0.273864
v -1.500370 -1.491322 0.273864
v -1.500370 -1.527361 0.273864
v -1.500370 -1.567991 0.273864
v -1.613883 -1.578346 0.273098
v -1.613883 -1.659450 0.273098
v -1.592146 -1.690604 0.274334
v -1.592146 -1.743498 0.274334
v -1.842455 -1.743498 0.274334
v -1.842455 -1.690604 0.274334
v -1.820718 -1.659450 0.273098
v -1.820718 -1.578346 0.273098
v -1.834181 -1.527361 0.273864
v -1.834181 -1.491322 0.273864
v -1.834181 -1.491322 0.386471
v -1.817253 -1.491322 0.386471
v -1.817253 -1.250163 0.386471
v -1.834181 -1.250163 0.386471
v -1.834181 -1.210899 0.386471
v -1.861768 -1.210899 0.406181
v -1.861768 -1.174603 0.406181
v -1.589371 -1.174603 0.406181
v -1.472783 -1.174603 0.406181
v -1.472783 -1.210899 0.406181
v -1.500370 -1.210899 0.386471
v -1.500370 -1.250163 0.386471
v -1.500370 -1.491322 0.386471
v -1.500370 -1.527361 0.386471
v -1.500370 -1.567991 0.386471
v -1.613883 -1.578346 0.372735
v -1.613883 -1.659450 0.372735
v -1.592146 -1.690604 0.394913
v -1.592146 -1.743498 0.394913
v -1.842455 -1.743498 0.394913
v -1.842455 -1.690604 0.394913
v -1.820718 -1.659450 0.372735
v -1.820718 -1.578346 0.372735
v -1.834181 -1.527361 0.386471
v -1.834181 -1.491322 0.166564
v -1.817253 -1.491322 0.166564
v -1.817253 -1.250163 0.166564
v -1.834181 -1.250163 0.166564
v -1.834181 -1.210899 0.166564
v -1.861768 -1.210899 0.149927
v -1.861768 -1.174603 0.149927
v -1.589371 -1.174603 0.149927
v -1.472783 -1.174603 0.149927
v -1.472783 -1.210899 0.149927
v -1.500370 -1.210899 0.166564
v -1.500370 -1.250163 0.166564
v -1.500370 -1.491322 0.166564
v -1.500370 -1.527361 0.166564
v -1.500370 -1.567991 0.166564
v -1.613883 -1.578346 0.178158
v -1.613883 -1.659450 0.178158
v -1.592146 -1.690604 0.159438
v -1.592146 -1.743498 0.159438
v -1.842455 -1.743498 0.159438
v -1.842455 -1.690604 0.159438
v -1.820718 -1.659450 0.178158
v -1.820718 -1.578346 0.178158
v -1.834181 -1.527361 0.166564
v -1.817253 -1.378082 0.166564
v -1.817253 -1.378082 0.056350
v -1.834181 -1.378082 0.056350
v -1.834181 -1.378082 0.011907
v -1.600421 -1.378082 0.011907
v -1.500370 -1.378082 0.011907
v -1.500370 -1.378082 0.056350
v -1.500370 -1.378082 0.166564
v -1.500370 -1.378082 0.273864
v -1.500370 -1.378082 0.386471
v -1.500370 -1.378082 0.481236
v -1.500370 -1.378082 0.522529
v -1.600421 -1.378082 0.522529
v -1.834181 -1.378082 0.522529
v -1.834181 -1.378082 0.481236
v -1.817253 -1.378082 0.481236
v -1.817253 -1.378082 0.386471
v -1.817253 -1.315094 0.166564
v -1.817253 -1.315094 0.056350
v -1.834181 -1.315094 0.056350
v -1.834181 -1.315094 0.011907
v -1.600421 -1.315094 0.011907
v -1.500370 -1.315094 0.011907
v -1.500370 -1.315094 0.056350
v -1.500370 -1.315094 0.166564
v -1.500370 -1.315094 0.273864
v -1.500370 -1.315094 0.386471
v -1.500370 -1.315094 0.481236
v -1.500370 -1.315094 0.522529
v -1.600421 -1.315094 0.522529
v -1.834181 -1.315094 0.522529
v -1.834181 -1.315094 0.481236
v -1.817253 -1.315094 0.481236
v -1.817253 -1.315094 0.386471
v -1.817253 -1.277316 0.273248
v -1.817253 -1.442176 0.166564
v -1.817253 -1.442176 0.056350
v -1.834181 -1.442176 0.056350
v -1.834181 -1.442176 0.011907
v -1.600421 -1.442176 0.011907
v -1.500370 -1.442176 0.011907
v -1.500370 -1.442176 0.056350
v -1.500370 -1.442176 0.166564
v -1.500370 -1.442176 0.273864
v -1.500370 -1.442176 0.386471
v -1.500370 -1.442176 0.481236
v -1.500370 -1.442176 0.522529
v -1.600421 -1.442176 0.522529
v -1.834181 -1.442176 0.522529
v -1.834181 -1.442176 0.481236
v -1.817253 -1.442176 0.481236
v -1.817253 -1.442176 0.386471
v -1.817253 -1.479585 0.276544
v -1.817253 -1.308103 0.202218
v -1.817253 -1.380098 0.173762
v -1.817253 -1.451128 0.204549
v -1.817253 -1.491322 0.221817
v -1.834181 -1.491322 0.221817
v -1.834181 -1.527361 0.221817
v -1.820718 -1.578346 0.227046
v -1.820718 -1.659450 0.227046
v -1.842455 -1.690604 0.218603
v -1.842455 -1.743498 0.218603
v -1.592146 -1.743498 0.218603
v -1.592146 -1.690604 0.218603
v -1.613883 -1.659450 0.227046
v -1.613883 -1.578346 0.227046
v -1.500370 -1.567991 0.221817
v -1.500370 -1.527361 0.221817
v -1.500370 -1.491322 0.221817
v -1.500370 -1.442176 0.221817
v -1.500370 -1.378082 0.221817
v -1.500370 -1.315094 0.221817
v -1.500370 -1.250163 0.221817
v -1.500370 -1.210899 0.221817
v -1.472783 -1.210899 0.214313
v -1.472783 -1.174603 0.214313
v -1.589371 -1.174603 0.214313
v -1.861768 -1.174603 0.214313
v -1.861768 -1.210899 0.214313
v -1.834181 -1.210899 0.221817
v -1.834181 -1.250163 0.221817
v -1.817253 -1.250163 0.221817
v -1.817253 -1.305773 0.345244
v -1.817253 -1.376803 0.376030
v -1.817253 -1.448798 0.347574
v -1.817253 -1.491322 0.329008
v -1.834181 -1.491322 0.329008
v -1.834181 -1.527361 0.329008
v -1.820718 -1.578346 0.321890
v -1.820718 -1.659450 0.321890
v -1.842455 -1.690604 0.333382
v -1.842455 -1.743498 0.333382
v -1.592146 -1.743498 0.333382
v -1.592146 -1.690604 0.333382
v -1.613883 -1.659450 0.321890
v -1.613883 -1.578346 0.321890
v -1.500370 -1.567991 0.329008
v -1.500370 -1.527361 0.329008
v -1.500370 -1.491322 0.329008
v -1.500370 -1.442176 0.329008
v -1.500370 -1.378082 0.329008
v -1.500370 -1.315094 0.329008
v -1.500370 -1.250163 0.329008
v -1.500370 -1.210899 0.329008
v -1.472783 -1.210899 0.339221
v -1.472783 -1.174603 0.339221
v -1.589371 -1.174603 0.339221
v -1.861768 -1.174603 0.339221
v -1.861768 -1.210899 0.339221
v -1.834181 -1.210899 0.329008
v -1.834181 -1.250163 0.329008
v -1.817253 -1.250163 0.329008
v -1.825155 -1.277316 0.273248
v -1.825155 -1.308103 0.202218
v -1.825155 -1.380098 0.173762
v -1.825155 -1.451128 0.204549
v -1.825155 -1.479585 0.276544
v -1.825155 -1.376803 0.376030
v -1.825155 -1.305773 0.345244
v -1.825155 -1.448798 0.347574
v -1.825155 -1.281440 0.273315
v -1.825155 -1.310971 0.205181
v -1.825155 -1.380031 0.177885
v -1.825155 -1.448165 0.207417
v -1.825155 -1.475462 0.276477
v -1.825155 -1.376870 0.371907
v -1.825155 -1.308736 0.342376
v -1.825155 -1.445930 0.344611
v -1.816094 -1.281440 0.273315
v -1.816094 -1.310971 0.205181
v -1.816094 -1.380031 0.177885
v -1.816094 -1.448165 0.207417
v -1.816094 -1.475462 0.276477
v -1.816094 -1.376870 0.371907
v -1.816094 -1.308736 0.342376
v -1.816094 -1.445930 0.344611
v -1.814452 -1.287189 0.273409
v -1.814452 -1.314970 0.209313
v -1.814452 -1.379937 0.183634
v -1.814452 -1.378137 0.274155
v -1.814452 -1.444034 0.211416
v -1.814452 -1.469712 0.276383
v -1.814452 -1.376964 0.366158
v -1.814452 -1.312867 0.338377
v -1.814452 -1.441931 0.340479
v -1.789507 -1.378082 0.011907
v -1.789507 -1.442176 0.011907
v -1.789507 -1.491322 0.011907
v -1.789507 -1.527361 0.011907
v -1.781189 -1.578346 0.041315
v -1.781189 -1.659450 0.041315
v -1.794618 -1.690604 -0.006168
v -1.794618 -1.743498 -0.006168
v -1.794618 -1.743498 0.041421
v -1.794618 -1.743498 0.159438
v -1.794618 -1.743498 0.218603
v -1.794618 -1.743498 0.274334
v -1.794618 -1.743498 0.333382
v -1.794618 -1.743498 0.394913
v -1.794618 -1.743498 0.496387
v -1.794618 -1.743498 0.540604
v -1.794618 -1.690604 0.540604
v -1.781189 -1.659450 0.493121
v -1.781189 -1.578346 0.493121
v -1.789507 -1.527361 0.522529
v -1.789507 -1.491322 0.522529
v -1.789507 -1.442176 0.522529
v -1.789507 -1.378082 0.522529
v -1.789507 -1.315094 0.522529
v -1.789507 -1.250163 0.522529
v -1.789506 -1.210899 0.522529
v -1.809709 -1.210899 0.564728
v -1.809709 -1.174603 0.564728
v -1.809709 -1.174603 0.516609
v -1.809709 -1.174603 0.406181
v -1.809709 -1.174603 0.339221
v -1.809709 -1.174603 0.274962
v -1.809709 -1.174603 0.214313
v -1.809709 -1.174603 0.149927
v -1.809709 -1.174603 0.021497
v -1.809709 -1.174603 -0.030292
v -1.809709 -1.210899 -0.030292
v -1.789506 -1.210899 0.011907
v -1.789507 -1.250163 0.011907
v -1.789507 -1.315094 0.011907
v -1.789507 -1.378082 0.000051
v -1.600421 -1.378082 0.000051
v -1.600421 -1.442176 0.000051
v -1.789507 -1.442176 0.000051
v -1.789507 -1.491322 0.000051
v -1.600421 -1.491322 0.000051
v -1.789507 -1.250163 0.000051
v -1.789507 -1.315094 0.000051
v -1.600421 -1.250163 0.000051
v -1.600421 -1.315094 0.000051
v -1.166804 0.812933 1.805599
v 0.348431 0.812933 1.805599
v -1.166804 1.020108 1.805599
v 0.348431 1.020108 1.805599
v -1.166804 1.020108 1.770391
v 0.348431 1.020108 1.770391
v -1.166804 0.812933 1.770391
v 0.348431 0.812933 1.770391
v -1.166804 0.812933 1.805599
v 0.348431 0.812933 1.805599
v 0.348431 1.020108 1.805599
v -1.166804 1.020108 1.805599
v -1.166804 0.834324 1.805599
v -1.166804 0.834324 1.770391
v 0.348431 0.834324 1.770391
v 0.348431 0.834324 1.805599
v 0.348431 0.834324 1.805599
v -1.166804 0.834324 1.805599
v 0.348431 0.997571 1.805599
v 0.348431 0.997571 1.805599
v -1.166804 0.997571 1.805599
v -1.166804 0.997571 1.805599
v -1.166804 0.997571 1.770391
v 0.348431 0.997571 1.770391
v 0.324927 0.812933 1.805599
v 0.324927 0.812933 1.805599
v 0.324927 0.834324 1.805599
v 0.324927 0.997571 1.805599
v 0.324927 1.020108 1.805599
v 0.324927 1.020108 1.805599
v 0.324927 1.020108 1.770391
v 0.324927 0.997571 1.770391
v 0.324927 0.834324 1.770391
v 0.324927 0.812933 1.770391
v -1.140589 0.812933 1.805599
v -1.140589 0.812933 1.805599
v -1.140589 0.834324 1.805599
v -1.140589 0.997571 1.805599
v -1.140589 1.020108 1.805599
v -1.140589 1.020108 1.805599
v -1.140589 1.020108 1.770391
v -1.140589 0.997571 1.770391
v -1.140589 0.834324 1.770391
v -1.140589 0.812933 1.770391
v -0.652084 0.834324 1.805599
v -0.652084 0.812933 1.805599
v -0.652084 0.812933 1.805599
v -0.652084 0.812933 1.770391
v -0.652084 0.834324 1.770391
v -0.652084 0.997571 1.770391
v -0.652084 1.020108 1.770391
v -0.652084 1.020108 1.805599
v -0.652084 1.020108 1.805599
v -0.652084 0.997571 1.805599
v -0.163578 0.834324 1.805599
v -0.163578 0.812933 1.805599
v -0.163578 0.812933 1.805599
v -0.163578 0.812933 1.770391
v -0.163578 0.834324 1.770391
v -0.163578 0.997571 1.770391
v -0.163578 1.020108 1.770391
v -0.163578 1.020108 1.805599
v -0.163578 1.020108 1.805599
v -0.163578 0.997571 1.805599
v -0.672078 0.812933 1.805599
v -0.672078 0.812933 1.805599
v -0.672078 0.834324 1.805599
v -0.672078 0.997571 1.805599
v -0.672078 1.020108 1.805599
v -0.672078 1.020108 1.805599
v -0.672078 1.020108 1.770391
v -0.672078 0.997571 1.770391
v -0.672078 0.834324 1.770391
v -0.672078 0.812933 1.770391
v -0.141440 0.812933 1.805599
v -0.141440 0.834324 1.805599
v -0.141440 0.997571 1.805599
v -0.141440 1.020108 1.805599
v -0.141440 1.020108 1.805599
v -0.141440 1.020108 1.770391
v -0.141440 0.997571 1.770391
v -0.141440 0.834324 1.770391
v -0.141440 0.812933 1.770391
v -0.141440 0.812933 1.805599
v -1.140589 0.834324 1.775883
v -1.140589 0.997571 1.775883
v -0.672078 0.834324 1.775883
v -0.672078 0.997571 1.775883
v -0.652084 0.997571 1.775883
v -0.652084 0.834324 1.775883
v -0.163578 0.834324 1.775883
v -0.163578 0.997571 1.775883
v -0.141440 0.834324 1.775883
v -0.141440 0.997571 1.775883
v 0.324927 0.834324 1.775883
v 0.324927 0.997571 1.775883
v -0.141440 0.997571 1.740675
v -0.141440 0.834324 1.740675
v 0.324927 0.997571 1.740675
v 0.324927 0.834324 1.740675
v -2.112838 -1.741587 1.607983
v -1.628774 -1.741587 1.607983
v -2.112838 -0.999883 1.607983
v -1.628774 -0.808676 1.607983
v -2.112838 -0.999883 0.712497
v -1.628774 -0.808677 0.712497
v -2.112838 -1.741587 0.712497
v -1.628774 -1.741587 0.712497
v -2.112838 -1.701422 0.761723
v -2.112838 -1.701421 1.558756
v -2.112838 -1.040048 1.558756
v -2.112838 -1.040048 0.761723
v -2.089433 -1.701422 0.761723
v -2.089433 -1.701421 1.558756
v -2.089433 -1.040048 1.558756
v -2.089433 -1.040048 0.761723
v -2.112838 -0.951279 1.607983
v -1.628774 -0.760073 1.607983
v -1.628774 -0.760073 0.712497
v -2.112838 -0.951279 0.712497
v -2.112838 -0.999883 1.685429
v -1.628774 -0.808676 1.685429
v -1.628774 -0.760073 1.685429
v -2.112838 -0.951279 1.685429
v -2.112838 -0.999883 0.635050
v -1.628774 -0.808677 0.635050
v -2.112838 -0.951279 0.635050
v -1.628774 -0.760073 0.635050
v -2.186872 -1.054285 1.607983
v -2.186872 -1.054285 0.712497
v -2.204036 -1.009969 1.607983
v -2.204036 -1.009970 0.712497
v -2.186872 -1.054285 1.685429
v -2.204036 -1.009969 1.685429
v -2.204036 -1.009970 0.635050
v -2.186872 -1.054285 0.635050
v -1.541665 -0.798438 1.607983
v -1.541665 -0.798438 0.712497
v -1.541665 -0.749835 0.712497
v -1.541665 -0.749835 1.607983
v -1.541665 -0.749835 1.685429
v -1.541665 -0.798438 1.685429
v -1.541665 -0.798438 0.635050
v -1.541665 -0.749835 0.635050
v -2.089433 -1.376391 0.929367
v -2.089433 -1.376391 1.391113
v -2.089433 -1.116672 1.391113
v -2.089433 -1.116672 0.929367
v -2.103322 -1.376391 0.929367
v -2.103322 -1.376391 1.391113
v -2.103322 -1.116672 1.391113
v -2.103322 -1.116672 0.929367
v -1.871256 -0.843758 1.607983
v -1.871256 -0.843758 0.712497
v -1.871256 -0.855854 0.635050
v -1.871256 -0.904458 0.635050
v -1.871256 -0.904458 0.712497
v -1.871256 -1.741587 0.712497
v -1.871256 -1.741587 1.607983
v -1.871256 -0.904458 1.607983
v -1.871256 -0.904458 1.685429
v -1.871256 -0.855854 1.685429
v -2.112838 -0.951279 0.861745
v -2.204036 -1.009969 0.861745
v -2.186872 -1.054285 0.861745
v -2.112838 -0.999883 0.861745
v -2.112838 -1.040048 0.894562
v -2.089433 -1.040048 0.894562
v -2.089433 -1.116672 1.006324
v -2.103322 -1.116672 1.006324
v -2.103322 -1.376391 1.006324
v -2.089433 -1.376391 1.006324
v -2.089433 -1.701421 0.894562
v -2.112838 -1.701421 0.894562
v -2.112838 -1.741587 0.861745
v -1.628774 -1.741587 0.861745
v -1.628774 -0.808677 0.861745
v -1.541665 -0.798438 0.861745
v -1.541665 -0.749835 0.861745
v -1.628774 -0.760073 0.861745
v -1.871256 -0.843758 0.861745
v -2.112838 -0.951279 1.010992
v -2.204036 -1.009969 1.010992
v -2.186872 -1.054285 1.010992
v -2.112838 -0.999883 1.010992
v -2.112838 -1.040048 1.027401
v -2.089433 -1.040048 1.027401
v -2.089433 -1.116672 1.083282
v -2.103322 -1.116672 1.083282
v -2.103322 -1.376391 1.083282
v -2.089433 -1.376391 1.083282
v -2.089433 -1.701421 1.027401
v -2.112838 -1.701421 1.027401
v -2.112838 -1.741587 1.010992
v -1.628774 -1.741587 1.010992
v -1.628774 -0.808677 1.010992
v -1.541665 -0.798438 1.010992
v -1.541665 -0.749835 1.010992
v -1.628774 -0.760073 1.010992
v -1.871256 -0.843758 1.010992
v -2.112838 -0.951279 1.160240
v -2.204036 -1.009969 1.160240
v -2.186872 -1.054285 1.160240
v -2.112838 -0.999883 1.160240
v -2.112838 -1.040048 1.160240
v -2.089433 -1.040048 1.160240
v -2.089433 -1.116672 1.160240
v -2.103322 -1.116672 1.160240
v -2.103322 -1.376391 1.160240
v -2.089433 -1.376391 1.160240
v -2.089433 -1.701421 1.160240
v -2.112838 -1.701421 1.160240
v -2.112838 -1.741587 1.160240
v -1.628774 -1.741587 1.160240
v -1.628774 -0.808677 1.160240
v -1.541665 -0.798438 1.160240
v -1.541665 -0.749835 1.160240
v -1.628774 -0.760073 1.160240
v -1.871256 -0.843758 1.160240
v -2.112838 -0.951279 1.309488
v -2.204036 -1.009969 1.309488
v -2.186872 -1.054285 1.309488
v -2.112838 -0.999883 1.309488
v -2.112838 -1.040048 1.293079
v -2.089433 -1.040048 1.293079
v -2.089433 -1.116672 1.237198
v -2.103322 -1.116672 1.237198
v -2.103322 -1.376391 1.237198
v -2.089433 -1.376391 1.237198
v -2.089433 -1.701421 1.293079
v -2.112838 -1.701421 1.293079
v -2.112838 -1.741587 1.309488
v -1.628774 -1.741587 1.309488
v -1.628774 -0.808676 1.309488
v -1.541665 -0.798438 1.309488
v -1.541665 -0.749835 1.309487
v -1.628774 -0.760073 1.309487
v -1.871256 -0.843758 1.309488
v -2.112838 -0.951279 1.458735
v -2.204036 -1.009969 1.458735
v -2.186872 -1.054285 1.458735
v -2.112838 -0.999883 1.458735
v -2.112838 -1.040048 1.425917
v -2.089433 -1.040048 1.425917
v -2.089433 -1.116672 1.314155
v -2.103322 -1.116672 1.314155
v -2.103322 -1.376391 1.314155
v -2.089433 -1.376391 1.314155
v -2.089433 -1.701421 1.425917
v -2.112838 -1.701421 1.425917
v -2.112838 -1.741587 1.458735
v -1.628774 -1.741587 1.458735
v -1.628774 -0.808676 1.458735
v -1.541665 -0.798438 1.458735
v -1.541665 -0.749835 1.458735
v -1.628774 -0.760073 1.458735
v -1.871256 -0.843758 1.458735
v -2.112838 -0.951279 0.849221
v -2.204036 -1.009969 0.849221
v -2.186872 -1.054285 0.849221
v -2.112838 -0.999883 0.849221
v -2.112838 -1.040048 0.883416
v -2.089433 -1.040048 0.883416
v -2.089433 -1.116672 0.999867
v -2.103322 -1.116672 0.999867
v -2.103322 -1.376391 0.999867
v -2.089433 -1.376391 0.999867
v -2.089433 -1.701421 0.883416
v -2.112838 -1.701421 0.883416
v -2.112838 -1.741587 0.849222
v -1.628774 -1.741587 0.849222
v -1.628774 -0.808677 0.849221
v -1.541665 -0.798438 0.849221
v -1.541665 -0.749835 0.849221
v -1.628774 -0.760073 0.849221
v -1.871256 -0.843758 0.849221
v -2.112838 -0.951279 0.999743
v -2.204036 -1.009970 0.999743
v -2.186872 -1.054285 0.999743
v -2.112838 -0.999883 0.999743
v -2.112838 -1.040048 1.017389
v -2.089433 -1.040048 1.017389
v -2.089433 -1.116672 1.077482
v -2.103322 -1.116672 1.077482
v -2.103322 -1.376391 1.077482
v -2.089433 -1.376391 1.077482
v -2.089433 -1.701421 1.017389
v -2.112838 -1.701421 1.017389
v -2.112838 -1.741587 0.999743
v -1.628774 -1.741587 0.999743
v -1.628774 -0.808677 0.999743
v -1.541665 -0.798438 0.999743
v -1.541665 -0.749835 0.999743
v -1.628774 -0.760073 0.999743
v -1.871256 -0.843758 0.999743
v -2.112838 -0.951279 1.171468
v -2.204036 -1.009969 1.171468
v -2.186872 -1.054285 1.171468
v -2.112838 -0.999883 1.171468
v -2.112838 -1.040048 1.170234
v -2.089433 -1.040048 1.170234
v -2.089433 -1.116672 1.166030
v -2.103322 -1.116672 1.166030
v -2.103322 -1.376391 1.166030
v -2.089433 -1.376391 1.166030
v -2.089433 -1.701421 1.170234
v -2.112838 -1.701421 1.170234
v -2.112838 -1.741587 1.171468
v -1.628774 -1.741587 1.171468
v -1.628774 -0.808677 1.171468
v -1.541665 -0.798438 1.171468
v -1.541665 -0.749835 1.171468
v -1.628774 -0.760073 1.171468
v -1.871256 -0.843758 1.171468
v -2.112838 -0.951279 1.319230
v -2.204036 -1.009969 1.319230
v -2.186872 -1.054285 1.319230
v -2.112838 -0.999883 1.319230
v -2.112838 -1.040048 1.301751
v -2.089433 -1.040048 1.301751
v -2.089433 -1.116672 1.242222
v -2.103322 -1.116672 1.242222
v -2.103322 -1.376391 1.242222
v -2.089433 -1.376391 1.242222
v -2.089433 -1.701421 1.301751
v -2.112838 -1.701421 1.301751
v -2.112838 -1.741587 1.319230
v -1.628774 -1.741587 1.319230
v -1.628774 -0.808676 1.319230
v -1.541665 -0.798438 1.319230
v -1.541665 -0.749835 1.319230
v -1.628774 -0.760073 1.319230
v -1.871256 -0.843758 1.319230
v -2.112838 -0.951279 1.471394
v -2.204036 -1.009969 1.471394
v -2.186872 -1.054285 1.471394
v -2.112838 -0.999883 1.471394
v -2.112838 -1.040048 1.437185
v -2.089433 -1.040048 1.437185
v -2.089433 -1.116672 1.320683
v -2.103322 -1.116672 1.320683
v -2.103322 -1.376391 1.320683
v -2.089433 -1.376391 1.320683
v -2.089433 -1.701421 1.437185
v -2.112838 -1.701421 1.437185
v -2.112838 -1.741587 1.471394
v -1.628774 -1.741587 1.471394
v -1.628774 -0.808676 1.471394
v -1.541665 -0.798438 1.471394
v -1.541665 -0.749835 1.471394
v -1.628774 -0.760073 1.471394
v -1.871256 -0.843758 1.471394
v -2.112838 -0.951279 1.600084
v -2.204036 -1.009969 1.600084
v -2.186872 -1.054285 1.600084
v -2.112838 -0.999883 1.600084
v -2.112838 -1.040048 1.551726
v -2.089433 -1.040048 1.551726
v -2.089433 -1.116672 1.387040
v -2.103322 -1.116672 1.387040
v -2.103322 -1.376391 1.387040
v -2.089433 -1.376391 1.387040
v -2.089433 -1.701421 1.551726
v -2.112838 -1.701421 1.551726
v -2.112838 -1.741587 1.600084
v -1.871256 -1.741587 1.600084
v -1.628774 -1.741587 1.600084
v -1.628774 -0.808676 1.600084
v -1.541665 -0.798438 1.600084
v -1.541665 -0.749835 1.600084
v -1.628774 -0.760073 1.600084
v -1.871256 -0.843758 1.600084
v -2.112838 -0.951279 0.722362
v -2.204036 -1.009970 0.722362
v -2.186872 -1.054285 0.722362
v -2.112838 -0.999883 0.722362
v -2.112838 -1.040048 0.770504
v -2.089433 -1.040048 0.770504
v -2.089433 -1.116672 0.934453
v -2.103322 -1.116672 0.934453
v -2.103322 -1.376391 0.934453
v -2.089433 -1.376391 0.934453
v -2.089433 -1.701422 0.770504
v -2.112838 -1.701422 0.770504
v -2.112838 -1.741587 0.722362
v -1.871256 -1.741587 0.722362
v -1.628774 -1.741587 0.722362
v -1.628774 -0.808677 0.722362
v -1.541665 -0.798438 0.722362
v -1.541665 -0.749835 0.722362
v -1.628774 -0.760073 0.722362
v -1.871256 -0.843758 0.722362
v -2.112838 -0.937944 1.607983
v -1.871256 -0.830422 1.607983
v -1.871256 -0.830422 1.600084
v -2.112838 -0.937944 1.600084
v -2.204036 -0.996634 1.600084
v -2.204036 -0.996634 1.607983
v -1.628774 -0.746738 1.607983
v -1.628774 -0.746738 1.600084
v -1.541665 -0.736499 1.607983
v -1.541665 -0.736499 1.600084
v -2.112838 -0.937944 0.861745
v -2.112838 -0.937944 0.849221
v -2.204036 -0.996634 0.849221
v -2.204036 -0.996634 0.861745
v -1.628774 -0.746738 0.861745
v -1.628774 -0.746738 0.849221
v -1.541665 -0.736499 0.861745
v -1.541665 -0.736499 0.849221
v -1.871256 -0.830422 0.861745
v -1.871256 -0.830422 0.849221
v -2.112838 -0.937944 1.010992
v -2.112838 -0.937944 0.999743
v -2.204036 -0.996634 0.999743
v -2.204036 -0.996634 1.010992
v -1.628774 -0.746738 1.010992
v -1.628774 -0.746738 0.999743
v -1.541665 -0.736499 1.010992
v -1.541665 -0.736500 0.999743
v -1.871256 -0.830422 1.010992
v -1.871256 -0.830422 0.999743
v -1.628774 -0.795341 1.160240
v -1.541665 -0.785103 1.160240
v -1.628774 -0.795341 1.010992
v -1.541665 -0.785103 1.010992
v -2.112838 -0.937944 1.171468
v -2.112838 -0.937944 1.160240
v -2.204036 -0.996634 1.160240
v -2.204036 -0.996634 1.171468
v -1.628774 -0.746738 1.171468
v -1.628774 -0.746738 1.160240
v -1.541665 -0.736499 1.171468
v -1.541665 -0.736499 1.160240
v -1.871256 -0.830422 1.171468
v -1.871256 -0.830422 1.160240
v -2.112838 -0.937944 1.319230
v -2.112838 -0.937944 1.309488
v -2.204036 -0.996634 1.309488
v -2.204036 -0.996634 1.319230
v -1.628774 -0.746738 1.319230
v -1.628774 -0.746738 1.309487
v -1.541665 -0.736499 1.319230
v -1.541665 -0.736499 1.309487
v -1.871256 -0.830422 1.319230
v -1.871256 -0.830422 1.309488
v -2.112838 -0.937944 1.471394
v -2.112838 -0.937944 1.458735
v -2.204036 -0.996634 1.458735
v -2.204036 -0.996634 1.471394
v -1.628774 -0.746738 1.471394
v -1.628774 -0.746738 1.458735
v -1.541665 -0.736499 1.471394
v -1.541665 -0.736499 1.458735
v -1.871256 -0.830422 1.471394
v -1.871256 -0.830422 1.458735
v -2.112838 -0.937944 0.722362
v -2.112838 -0.937944 0.712497
v -2.204036 -0.996634 0.712497
v -2.204036 -0.996634 0.722362
v -1.628774 -0.746738 0.722362
v -1.628774 -0.746738 0.712497
v -1.541665 -0.736499 0.722362
v -1.541665 -0.736499 0.712497
v -1.871256 -0.830422 0.722362
v -1.871256 -0.830422 0.712497
v -2.032507 -1.054523 1.607983
v -1.841744 -0.979171 1.607983
v -2.032507 -1.661256 1.607983
v -1.871256 -1.661256 1.607983
v -1.709105 -1.661256 1.607983
v -1.709105 -0.926778 1.607983
v -2.032507 -1.661256 0.712497
v -1.871256 -1.661256 0.712497
v -2.032507 -1.054523 0.712497
v -1.841744 -0.979171 0.712497
v -1.709105 -0.926778 0.712497
v -1.709105 -1.661256 0.712497
v -2.032507 -1.054523 1.578690
v -1.841744 -0.979171 1.578690
v -2.032507 -1.661256 1.578690
v -1.871256 -1.661256 1.578690
v -1.709105 -1.661256 1.578690
v -1.709105 -0.926778 1.578690
v -2.032507 -1.661256 0.741790
v -1.871256 -1.661256 0.741790
v -2.032507 -1.054523 0.741790
v -1.841744 -0.979171 0.741790
v -1.709105 -0.926778 0.741790
v -1.709105 -1.661256 0.741790
v -2.066064 -1.770531 0.854104
v -2.003606 -1.770531 0.854104
v -2.066064 -1.738833 0.854104
v -2.003606 -1.738833 0.854104
v -2.066064 -1.738833 0.784395
v -2.003606 -1.738833 0.784395
v -2.066064 -1.770532 0.784395
v -2.003606 -1.770532 0.784395
v -1.743694 -1.770531 0.854104
v -1.681233 -1.770531 0.854104
v -1.743694 -1.738833 0.854104
v -1.681233 -1.738833 0.854104
v -1.743694 -1.738833 0.784395
v -1.681233 -1.738833 0.784395
v -1.743694 -1.770532 0.784395
v -1.681233 -1.770532 0.784395
v -1.743694 -1.770531 1.542160
v -1.681233 -1.770531 1.542160
v -1.743694 -1.738833 1.542160
v -1.681233 -1.738833 1.542160
v -1.743694 -1.738833 1.472453
v -1.681233 -1.738833 1.472453
v -1.743694 -1.770531 1.472453
v -1.681233 -1.770531 1.472453
v -2.066064 -1.770531 1.542160
v -2.003606 -1.770531 1.542160
v -2.066064 -1.738833 1.542160
v -2.003606 -1.738833 1.542160
v -2.066064 -1.738833 1.472453
v -2.003606 -1.738833 1.472453
v -2.066064 -1.770531 1.472453
v -2.003606 -1.770531 1.472453
v 2.364466 -0.446613 0.883712
v 2.322866 -0.446613 0.874217
v 2.289505 -0.446613 0.900822
v 2.289505 -0.446613 0.943492
v 2.322866 -0.446613 0.970096
v 2.364466 -0.446613 0.960601
v 2.382980 -0.446613 0.922157
v 2.364466 -0.348268 0.883712
v 2.322866 -0.348268 0.874217
v 2.289505 -0.348268 0.900822
v 2.289505 -0.348268 0.943492
v 2.322866 -0.348268 0.970096
v 2.364466 -0.348268 0.960601
v 2.382980 -0.348268 0.922157
v 2.333808 -0.446613 0.922157
v 2.333808 -0.348268 0.922157
v 2.144086 2.635993 2.100267
v 2.481249 2.052009 2.100267
v 2.634703 2.529928 1.649977
v 2.205322 2.282025 2.250364
v 2.695939 2.175961 1.800074
v 2.358776 2.759944 1.800074
v 2.266318 2.321295 1.824497
v 2.225351 2.743140 1.950171
v 2.136755 2.467213 2.210145
v 2.204110 2.283882 2.028960
v 2.286620 2.540853 1.786845
v 2.171185 2.474205 1.948255
v 2.331416 2.130050 2.210145
v 2.614674 2.068814 1.950170
v 2.467909 2.226852 1.786845
v 2.352472 2.160205 1.948255
v 2.703270 2.344740 1.690196
v 2.508609 2.681904 1.690195
v 2.434982 2.417176 1.706140
v 2.319170 2.662933 1.786135
v 2.287550 2.763732 1.872475
v 2.185292 2.618147 1.943971
v 2.216853 2.500911 1.857804
v 2.243517 2.635754 1.858005
v 2.176418 2.699570 2.027866
v 2.130557 2.556740 2.162439
v 2.137655 2.469785 2.083756
v 2.139811 2.583359 2.046519
v 2.162256 2.373513 2.240135
v 2.195405 2.277477 2.149308
v 2.175598 2.372426 1.978861
v 2.157816 2.368845 2.109483
v 2.223197 2.295988 1.917008
v 2.264452 2.424474 1.795950
v 2.206733 2.391150 1.876655
v 2.263020 2.198984 2.240135
v 2.332966 2.131496 2.083756
v 2.266242 2.215426 1.978861
v 2.255471 2.199701 2.109483
v 2.405849 2.079920 2.162439
v 2.552475 2.048221 2.027866
v 2.485270 2.098570 1.943971
v 2.432778 2.075926 2.046519
v 2.663606 2.112383 1.872475
v 2.591103 2.191933 1.786136
v 2.398141 2.186911 1.857804
v 2.529472 2.140466 1.858005
v 2.355096 2.267473 1.795950
v 2.297378 2.234150 1.876656
v 2.709468 2.255213 1.737902
v 2.574162 2.375418 1.683129
v 2.439396 2.315397 1.736746
v 2.573918 2.278890 1.727584
v 2.677770 2.438441 1.660206
v 2.577006 2.612969 1.660206
v 2.469495 2.556706 1.683129
v 2.566116 2.491198 1.655255
v 2.434175 2.732034 1.737902
v 2.348752 2.472397 1.736746
v 2.385619 2.605034 1.727584
v 2.338633 2.362635 1.755598
v 2.232619 2.493136 1.864724
v 2.296569 2.529748 1.799681
v 2.326406 2.641650 1.799031
v 2.257060 2.616737 1.864908
v 2.362709 2.730572 1.811807
v 2.297422 2.734045 1.878172
v 2.240409 2.715169 1.949390
v 2.203689 2.600597 1.943707
v 2.190758 2.468657 1.947634
v 2.195555 2.675232 2.020608
v 2.162000 2.568710 2.037705
v 2.165918 2.616956 2.086972
v 2.153518 2.544311 2.143960
v 2.159199 2.462248 2.187689
v 2.160024 2.464606 2.071838
v 2.182574 2.376360 2.215178
v 2.178504 2.372081 2.095420
v 2.222049 2.292500 2.224554
v 2.212959 2.288331 2.131924
v 2.220938 2.294202 2.021610
v 2.194803 2.375364 1.975688
v 2.238434 2.305299 1.918992
v 2.223343 2.392527 1.882004
v 2.277959 2.328496 1.834194
v 2.276249 2.423072 1.808028
v 2.277890 2.231453 1.975688
v 2.268017 2.217039 2.095420
v 2.274936 2.216383 2.215178
v 2.337630 2.153196 2.187689
v 2.339051 2.154522 2.071838
v 2.356931 2.180836 1.947634
v 2.405858 2.107245 2.143960
v 2.430541 2.103585 2.037705
v 2.474971 2.081661 2.086972
v 2.540258 2.078190 2.020607
v 2.597271 2.097065 1.949390
v 2.478656 2.124341 1.943707
v 2.642125 2.137002 1.878172
v 2.519173 2.162743 1.864908
v 2.671762 2.195278 1.811807
v 2.575665 2.209919 1.799031
v 2.462743 2.241927 1.799681
v 2.398792 2.205316 1.864724
v 2.359336 2.279161 1.808028
v 2.306430 2.248616 1.882004
v 2.436607 2.323089 1.753760
v 2.559913 2.289626 1.745361
v 2.684162 2.267924 1.754819
v 2.678481 2.349987 1.711090
v 2.560137 2.378107 1.704612
v 2.432561 2.416383 1.725705
v 2.655106 2.435874 1.683601
v 2.552762 2.484233 1.679063
v 2.615630 2.519734 1.674225
v 2.562743 2.595852 1.683601
v 2.500050 2.659038 1.711090
v 2.464197 2.544280 1.704612
v 2.431822 2.704989 1.754819
v 2.387314 2.588578 1.745361
v 2.353521 2.466999 1.753760
v 2.344245 2.366389 1.771040
v 0.562481 -1.494404 1.647080
v 0.890401 -1.494404 1.647080
v 0.562481 -0.960792 1.647080
v 0.890401 -0.960792 1.647080
v 0.562481 -0.960792 0.924975
v 0.890401 -0.960792 0.924975
v 0.562481 -1.494404 0.924975
v 0.890401 -1.494404 0.924975
v 0.562481 -1.494404 1.647080
v 0.890401 -1.494404 1.647080
v 0.890401 -0.960792 1.647080
v 0.562481 -0.960792 1.647080
v 0.890401 -1.494404 0.924975
v 0.890401 -0.960792 0.924975
v 0.582564 -1.474321 1.647080
v 0.870318 -1.474321 1.647080
v 0.870318 -0.980875 1.647080
v 0.582564 -0.980875 1.647080
v 0.890401 -1.474321 0.945058
v 0.890401 -1.474321 1.626998
v 0.890401 -0.980875 0.945058
v 0.890401 -0.980875 1.626998
v 0.589256 -1.463595 1.631819
v 0.864500 -1.463595 1.631819
v 0.864500 -0.991602 1.631819
v 0.589256 -0.991602 1.631819
v 0.883709 -1.463595 0.960319
v 0.883709 -1.463595 1.612610
v 0.883709 -0.991602 0.960319
v 0.883709 -0.991602 1.612610
v 0.541627 -0.965415 1.693003
v 0.911255 -0.965415 1.693003
v 0.911255 -0.965415 0.879053
v 0.541627 -0.965415 0.879053
v 0.541627 -0.945339 1.693003
v 0.911255 -0.945339 1.693003
v 0.911255 -0.945339 0.879053
v 0.541627 -0.945339 0.879053
v 0.725123 0.361576 1.815473
v 1.761104 0.361576 1.815473
v 0.725123 1.021179 1.815473
v 1.761104 1.021179 1.815473
v 0.725123 1.021179 1.775749
v 1.761104 1.021179 1.775749
v 0.725123 0.361576 1.775749
v 1.761104 0.361576 1.775749
v 0.725123 0.390498 1.815473
v 0.725123 0.390498 1.775749
v 1.761104 0.390498 1.775749
v 1.761104 0.390498 1.815473
v 0.725123 0.990093 1.815473
v 0.725123 0.990093 1.775749
v 1.761104 0.990093 1.775749
v 1.761104 0.990093 1.815473
v 0.760718 1.021179 1.815473
v 0.760718 1.021179 1.775749
v 0.760718 0.990093 1.775749
v 0.760718 0.390498 1.775749
v 0.760718 0.361576 1.775749
v 0.760718 0.361576 1.815473
v 0.760718 0.390498 1.815473
v 0.760718 0.990093 1.815473
v 1.724112 1.021179 1.815473
v 1.724112 1.021179 1.775749
v 1.724112 0.990093 1.775749
v 1.724112 0.390498 1.775749
v 1.724112 0.361576 1.775749
v 1.724112 0.361576 1.815473
v 1.724112 0.390498 1.815473
v 1.724112 0.990093 1.815473
v 1.081849 0.390498 1.815473
v 1.081849 0.361576 1.815473
v 1.081849 0.361576 1.775749
v 1.081849 0.390498 1.775749
v 1.081849 0.990093 1.775749
v 1.081849 1.021179 1.775749
v 1.081849 1.021179 1.815473
v 1.081849 0.990093 1.815473
v 1.402980 0.390498 1.815473
v 1.402980 0.361576 1.815473
v 1.402980 0.361576 1.775749
v 1.402980 0.390498 1.775749
v 1.402980 0.990093 1.775749
v 1.402980 1.021179 1.775749
v 1.402980 1.021179 1.815473
v 1.402980 0.990093 1.815473
v 1.066771 0.390498 1.815473
v 1.066771 0.361576 1.815473
v 1.066771 0.361576 1.775749
v 1.066771 0.390498 1.775749
v 1.066771 0.990093 1.775749
v 1.066771 1.021179 1.775749
v 1.066771 1.021179 1.815473
v 1.066771 0.990093 1.815473
v 1.418059 0.390498 1.815473
v 1.418059 0.361576 1.815473
v 1.418059 0.361576 1.775749
v 1.418059 0.390498 1.775749
v 1.418059 0.990093 1.775749
v 1.418059 1.021179 1.775749
v 1.418059 1.021179 1.815473
v 1.418059 0.990093 1.815473
v 1.418059 0.990093 1.779958
v 1.418059 0.390498 1.779958
v 1.724112 0.390498 1.779958
v 1.724112 0.990093 1.779958
v 1.081849 0.990093 1.779958
v 1.081849 0.390498 1.779958
v 1.402980 0.390498 1.779958
v 1.402980 0.990093 1.779958
v 0.760718 0.390498 1.779958
v 0.760718 0.990093 1.779958
v 1.066771 0.390498 1.779958
v 1.066771 0.990093 1.779958
v -1.927762 -0.129039 0.618091
v -1.982700 -0.129039 0.618091
v -1.927762 -0.162939 0.618091
v -1.982700 -0.162939 0.618091
v -1.927762 -0.162939 0.552370
v -1.982700 -0.162939 0.552370
v -1.927762 -0.129039 0.552370
v -1.982700 -0.129039 0.552370
v -1.906706 -0.115246 0.527181
v -2.003756 -0.115246 0.527181
v -2.003756 -0.115246 0.643279
v -1.906706 -0.115246 0.643279
v -1.619920 -0.550739 0.617273
v -1.581074 -0.511892 0.617273
v -1.921949 -0.248711 0.617273
v -1.883101 -0.209864 0.617273
v -1.921949 -0.248711 0.551552
v -1.883101 -0.209864 0.551552
v -1.619920 -0.550739 0.551552
v -1.581074 -0.511892 0.551552
v -1.479021 -0.609002 0.618091
v -1.479021 -0.554065 0.618091
v -1.512921 -0.609002 0.618091
v -1.512921 -0.554065 0.618091
v -1.512921 -0.609002 0.552370
v -1.512921 -0.554065 0.552370
v -1.479021 -0.609002 0.552370
v -1.479021 -0.554065 0.552370
v -1.465227 -0.630058 0.527181
v -1.465227 -0.533009 0.527181
v -1.465227 -0.533009 0.643279
v -1.465227 -0.630058 0.643279
v -1.927762 -0.129039 1.752902
v -1.982700 -0.129039 1.752902
v -1.927762 -0.162939 1.752902
v -1.982700 -0.162939 1.752902
v -1.927762 -0.162939 1.687180
v -1.982700 -0.162939 1.687180
v -1.927762 -0.129039 1.687180
v -1.982700 -0.129039 1.687180
v -1.906706 -0.115246 1.661992
v -2.003756 -0.115246 1.661992
v -2.003756 -0.115246 1.778090
v -1.906706 -0.115246 1.778090
v -1.619920 -0.550739 1.752084
v -1.581074 -0.511892 1.752084
v -1.921949 -0.248711 1.752084
v -1.883101 -0.209864 1.752084
v -1.921949 -0.248711 1.686362
v -1.883101 -0.209864 1.686362
v -1.619920 -0.550739 1.686362
v -1.581074 -0.511892 1.686362
v -1.479021 -0.609002 1.752902
v -1.479021 -0.554064 1.752902
v -1.512921 -0.609002 1.752902
v -1.512921 -0.554064 1.752902
v -1.512921 -0.609002 1.687180
v -1.512921 -0.554064 1.687180
v -1.479021 -0.609002 1.687180
v -1.479021 -0.554064 1.687180
v -1.465227 -0.630058 1.661992
v -1.465227 -0.533009 1.661992
v -1.465227 -0.533009 1.778090
v -1.465227 -0.630058 1.778090
v -1.462119 -1.742587 1.788512
v 2.621744 -1.742587 1.788512
v -1.462119 1.308934 1.788512
v 2.621744 1.308934 1.788512
v -1.462119 1.308934 -0.889178
v 2.621744 1.308934 -0.889178
v -1.462119 -1.742587 -0.889177
v 2.621744 -1.742587 -0.889177
v -1.462119 -1.573218 1.788512
v -1.462119 -1.573218 -0.889177
v 2.621744 -1.573218 -0.889177
v 2.621744 -1.573218 1.788512
v 0.538593 -1.742587 1.788512
v 0.538593 -1.573218 1.788512
v 0.538593 1.308934 1.788512
v 0.538593 1.308934 -0.889178
v 0.538593 -1.573218 -0.889177
v 0.538593 -1.742587 -0.889177
v 2.621744 -0.113651 1.788512
v 0.538593 -0.113651 1.788512
v -1.462119 -0.113651 1.788512
v -1.462119 -0.113651 -0.889178
v 0.538593 -0.113651 -0.889178
v 2.621744 -0.113651 -0.889178
v 2.621744 0.066744 1.788512
v 0.538593 0.066744 1.788512
v -1.462119 0.066744 1.788512
v -1.462119 0.066744 -0.889178
v 0.538593 0.066744 -0.889178
v 2.621744 0.066744 -0.889178
v -1.462119 1.132717 1.788512
v -1.462119 1.132717 -0.889178
v 0.538593 1.132717 -0.889178
v 2.621744 1.132717 -0.889178
v 2.621744 1.132717 1.788512
v 0.538593 1.132717 1.788512
v 0.276200 1.308934 1.788512
v 0.276200 1.308934 -0.889178
v 0.276200 1.132717 -0.889178
v 0.276200 0.066744 -0.889178
v 0.276200 -0.113651 -0.889178
v 0.276200 -1.573218 -0.889177
v 0.276200 -1.742587 -0.889177
v 0.276200 -1.742587 1.788512
v 0.276200 -1.573218 1.788512
v 0.276200 -0.113651 1.788512
v 0.276200 0.066744 1.788512
v 0.276200 1.132717 1.788512
v 0.538593 -1.573218 1.788512
v 0.538593 -0.113651 1.788512
v 2.621744 -1.573218 1.788512
v 2.621744 -0.113651 1.788512
v 2.456183 -1.573218 1.788512
v 2.456183 -1.742587 1.788512
v 2.456183 -1.742587 -0.889177
v 2.456183 -1.573218 -0.889177
v 2.456183 -0.113651 -0.889178
v 2.456183 0.066744 -0.889178
v 2.456183 1.132717 -0.889178
v 2.456183 1.308934 -0.889178
v 2.456183 1.308934 1.788512
v 2.456183 1.132717 1.788512
v 2.456183 0.066744 1.788512
v 2.456183 -0.113651 1.788512
v 2.456183 -0.113651 1.788512
v 2.456183 -1.573218 1.788512
v 3.309139 -0.113651 -0.889178
v 3.309139 -0.113651 1.788512
v 3.309139 0.066744 -0.889178
v 3.309139 0.066744 1.788512
v 2.456183 0.066744 2.398863
v 2.456183 -0.113651 2.398863
v 2.621744 -0.113651 2.398863
v 2.621744 0.066744 2.398863
v 0.538593 -0.113651 2.398863
v 0.538593 0.066744 2.398863
v 3.309139 -0.113651 2.398863
v 3.309139 0.066744 2.398863
v -1.462119 -1.742587 2.100120
v 0.276200 -1.742587 2.100120
v 0.276200 -1.573218 2.100120
v -1.462119 -1.573218 2.100120
v 2.456183 -1.742587 2.100120
v 2.621744 -1.742587 2.100120
v 2.621744 -1.573218 2.100120
v 2.456183 -1.573218 2.100120
v 0.538593 -1.742587 2.100120
v 0.538593 -1.573218 2.100120
v -1.616754 -1.742587 -0.889177
v -1.616754 -1.742587 1.788512
v -1.616754 -1.573218 1.788512
v -1.616754 -1.573218 -0.889177
v -2.032862 -0.113651 1.788512
v -2.032862 -0.113651 -0.889178
v -2.032862 0.066744 1.788512
v -2.032862 0.066744 -0.889178
v -1.462119 0.066744 -1.634069
v 0.276200 0.066744 -1.634069
v 0.276200 -0.113651 -1.634069
v -1.462119 -0.113651 -1.634069
v 2.456183 1.308934 2.140555
v 2.456183 1.132717 2.140555
v 2.621744 1.132717 2.140555
v 2.621744 1.308934 2.140555
v 0.276200 1.132717 2.140555
v -1.462119 1.132717 2.140555
v 0.276200 1.308934 2.140555
v -1.462119 1.308934 2.140555
v 0.538593 1.132717 2.140555
v 0.538593 1.308934 2.140555
v -1.650720 1.132717 1.788512
v -1.650720 1.132717 -0.889178
v -1.650720 1.308934 1.788512
v -1.650720 1.308934 -0.889178
v -1.650720 1.132717 2.140555
v -1.650720 1.308934 2.140555
v -1.462119 1.308934 -1.266945
v 0.276200 1.308934 -1.266945
v 0.276200 1.132717 -1.266945
v -1.462119 1.132717 -1.266945
v 2.456183 1.132717 -1.266945
v 2.621744 1.132717 -1.266945
v 2.456183 1.308934 -1.266945
v 2.621744 1.308934 -1.266945
v 0.538593 1.308934 -1.266945
v 0.538593 1.132717 -1.266945
v -1.650720 1.132717 -1.266945
v -1.650720 1.308934 -1.266945
v 2.804176 1.132717 -0.889178
v 2.804176 1.132717 1.788512
v 2.804176 1.308934 -0.889178
v 2.804176 1.308934 1.788512
v 2.804176 1.308934 2.140555
v 2.804176 1.132717 2.140555
v 2.804176 1.132717 -1.266945
v 2.804176 1.308934 -1.266945
v 0.538593 -1.573218 0.877309
v 0.538593 -0.113651 0.877309
v 2.456183 -1.573218 0.877309
v 2.456183 -0.113651 0.877309
v 1.464728 -1.742587 2.100120
v 1.464728 -1.573218 2.100120
v 1.464728 -1.573218 1.788512
v 1.464728 -1.573218 1.788512
v 1.464728 -1.573218 0.877309
v 1.464728 -0.113651 0.877309
v 1.464728 -0.113651 1.788512
v 1.464728 -0.113651 1.788512
v 1.464728 -0.113651 2.398863
v 1.464728 0.066744 2.398863
v 1.464728 0.066744 1.788512
v 1.464728 1.132717 1.788512
v 1.464728 1.132717 2.140555
v 1.464728 1.308934 2.140555
v 1.464728 1.308934 1.788512
v 1.464728 1.308934 -0.889178
v 1.464728 1.308934 -1.266945
v 1.464728 1.132717 -1.266945
v 1.464728 1.132717 -0.889178
v 1.464728 0.066744 -0.889178
v 1.464728 -0.113651 -0.889178
v 1.464728 -1.573218 -0.889177
v 1.464728 -1.742587 -0.889177
v 1.464728 -1.742587 1.788512
v 2.289706 -1.742587 2.100120
v 2.289706 -1.573218 2.100120
v 2.289706 -1.573218 1.788512
v 2.289706 -1.573218 1.788512
v 2.289706 -1.573218 0.877309
v 2.289706 -0.113651 0.877309
v 2.289706 -0.113651 1.788512
v 2.289706 -0.113651 1.788512
v 2.289706 -0.113651 2.398863
v 2.289706 0.066744 2.398863
v 2.289706 0.066744 1.788512
v 2.289706 1.132717 1.788512
v 2.289706 1.132717 2.140555
v 2.289706 1.308934 2.140555
v 2.289706 1.308934 1.788512
v 2.289706 1.308934 -0.889178
v 2.289706 1.308934 -1.266945
v 2.289706 1.132717 -1.266945
v 2.289706 1.132717 -0.889178
v 2.289706 0.066744 -0.889178
v 2.289706 -0.113651 -0.889178
v 2.289706 -1.573218 -0.889177
v 2.289706 -1.742587 -0.889177
v 2.289706 -1.742587 1.788512
v 2.289706 -1.656902 2.100120
v 1.464728 -1.656902 2.100120
v 0.538593 -1.656902 2.100120
v 0.276200 -1.656902 2.100120
v -1.462119 -1.656902 2.100120
v -1.462119 -1.656902 1.788512
v -1.616754 -1.656902 1.788512
v -1.616754 -1.656902 -0.889177
v -1.462119 -1.656902 -0.889177
v 0.276200 -1.656902 -0.889177
v 0.538593 -1.656902 -0.889177
v 1.464728 -1.656902 -0.889177
v 2.289706 -1.656902 -0.889177
v 2.456183 -1.656902 -0.889177
v 2.621744 -1.656902 -0.889177
v 2.621744 -1.656902 1.788512
v 2.621744 -1.656902 2.100120
v 2.456183 -1.656902 2.100120
v 1.464728 -1.742587 2.362671
v 2.289706 -1.742587 2.362671
v 2.289706 -1.656902 2.362671
v 1.464728 -1.656902 2.362671
v 1.464728 -1.502436 1.788512
v 0.538593 -1.502436 1.788512
v 1.464728 -1.502436 0.877309
v 0.538593 -1.502436 0.877309
v 2.289706 -1.502436 1.788512
v 2.289706 -1.502436 0.877309
v 2.456183 -1.502436 1.788512
v 2.456183 -1.502436 0.877309
v 2.289706 -1.446888 0.877309
v 1.464728 -1.446888 0.877309
v 0.538593 -1.446888 0.877309
v 0.538593 -1.446888 1.788512
v 0.538593 -1.446888 1.788512
v 0.276200 -1.446888 1.788512
v -1.462119 -1.446888 1.788512
v -1.462119 -1.446888 -0.889177
v 0.276200 -1.446888 -0.889177
v 0.538593 -1.446888 -0.889177
v 1.464728 -1.446888 -0.889177
v 2.289706 -1.446888 -0.889177
v 2.456183 -1.446888 -0.889177
v 2.621744 -1.446888 -0.889177
v 2.621744 -1.446888 1.788512
v 2.621744 -1.446888 1.788512
v 2.456183 -1.446888 1.788512
v 2.456183 -1.446888 0.877309
v 2.185214 -1.446888 0.877309
v 2.185214 -1.573218 0.877309
v 2.185214 -1.502436 0.877309
v 2.185214 -1.502436 1.788512
v 2.185214 -1.573218 1.788512
v 2.185214 -1.573218 1.788512
v 2.185214 -1.573218 2.100120
v 2.185214 -1.656902 2.100120
v 2.185214 -1.656902 2.362671
v 2.185214 -1.742587 2.362671
v 2.185214 -1.742587 2.100120
v 2.185214 -1.742587 1.788512
v 2.185214 -1.742587 -0.889177
v 2.185214 -1.656902 -0.889177
v 2.185214 -1.573218 -0.889177
v 2.185214 -1.446888 -0.889177
v 2.185214 -0.113651 -0.889178
v 2.185214 0.066744 -0.889178
v 2.185214 1.132717 -0.889178
v 2.185214 1.132717 -1.266945
v 2.185214 1.308934 -1.266945
v 2.185214 1.308934 -0.889178
v 2.185214 1.308934 1.788512
v 2.185214 1.308934 2.140555
v 2.185214 1.132717 2.140555
v 2.185214 1.132717 1.788512
v 2.185214 0.066744 1.788512
v 2.185214 0.066744 2.398863
v 2.185214 -0.113651 2.398863
v 2.185214 -0.113651 1.788512
v 2.185214 -0.113651 1.788512
v 2.185214 -0.113651 0.877309
v 1.570015 -1.446888 0.877309
v 1.570015 -1.573218 0.877309
v 1.570015 -1.502436 0.877309
v 1.570015 -1.502436 1.788512
v 1.570015 -1.573218 1.788512
v 1.570015 -1.573218 1.788512
v 1.570015 -1.573218 2.100120
v 1.570015 -1.656902 2.100120
v 1.570015 -1.656902 2.362671
v 1.570015 -1.742587 2.362671
v 1.570015 -1.742587 2.100120
v 1.570015 -1.742587 1.788512
v 1.570015 -1.742587 -0.889177
v 1.570015 -1.656902 -0.889177
v 1.570015 -1.573218 -0.889177
v 1.570015 -1.446888 -0.889177
v 1.570015 -0.113651 -0.889178
v 1.570015 0.066744 -0.889178
v 1.570015 1.132717 -0.889178
v 1.570015 1.132717 -1.266945
v 1.570015 1.308934 -1.266945
v 1.570015 1.308934 -0.889178
v 1.570015 1.308934 1.788512
v 1.570015 1.308934 2.140555
v 1.570015 1.132717 2.140555
v 1.570015 1.132717 1.788512
v 1.570015 0.066744 1.788512
v 1.570015 0.066744 2.398863
v 1.570015 -0.113651 2.398863
v 1.570015 -0.113651 1.788512
v 1.570015 -0.113651 1.788512
v 1.570015 -0.113651 0.877309
v 1.570015 -0.228188 0.877309
v 2.185214 -0.228188 0.877309
v 2.289706 -0.228188 0.877309
v 2.456183 -0.228188 0.877309
v 2.456183 -0.228188 1.788512
v 2.621744 -0.228188 1.788512
v 2.621744 -0.228188 1.788512
v 2.621744 -0.228188 -0.889178
v 2.456183 -0.228188 -0.889178
v 2.289707 -0.228188 -0.889178
v 2.185214 -0.228188 -0.889178
v 1.570015 -0.228188 -0.889178
v 1.464728 -0.228188 -0.889178
v 0.538593 -0.228188 -0.889178
v 0.276200 -0.228188 -0.889178
v -1.462119 -0.228188 -0.889178
v -1.462119 -0.228188 1.788512
v 0.276200 -0.228188 1.788512
v 0.538593 -0.228188 1.788512
v 0.538593 -0.228188 1.788512
v 0.538593 -0.228188 0.877309
v 1.464728 -0.228188 0.877309
v 1.570015 -0.228188 0.560690
v 1.570015 -1.446888 0.560690
v 2.185214 -1.446888 0.560690
v 2.185214 -0.228188 0.560690
v 1.570015 -0.288667 0.877309
v 2.185214 -0.288667 0.877309
v 1.570015 -0.288667 0.560690
v 2.185214 -0.288667 0.560690
v 2.456183 -1.446888 1.933595
v 2.456183 -1.573218 1.933595
v 2.621744 -1.573218 1.933595
v 2.621744 -1.446888 1.933595
v 2.456183 -0.113651 1.933594
v 2.456183 -0.228188 1.933594
v 2.621744 -0.228188 1.933594
v 2.621744 -0.113651 1.933594
v 2.456183 1.132717 1.933594
v 2.456183 0.066744 1.933594
v 2.621744 0.066744 1.933594
v 2.621744 1.132717 1.933594
v -1.462119 0.303486 1.788512
v -1.462119 0.303486 -0.889178
v 0.276200 0.303486 -0.889178
v 0.538593 0.303486 -0.889178
v 1.464728 0.303486 -0.889178
v 1.570015 0.303486 -0.889178
v 2.185214 0.303486 -0.889178
v 2.289706 0.303486 -0.889178
v 2.456183 0.303486 -0.889178
v 2.621744 0.303486 -0.889178
v 2.621744 0.303486 1.788512
v 2.621744 0.303486 1.933594
v 2.456183 0.303486 1.933594
v 2.456183 0.303486 1.788512
v 2.289706 0.303486 1.788512
v 2.185214 0.303486 1.788512
v 1.570015 0.303486 1.788512
v 1.464728 0.303486 1.788512
v 0.538593 0.303486 1.788512
v 0.276200 0.303486 1.788512
v -1.462119 0.225892 1.788512
v -1.462119 0.225892 -0.889178
v 0.276200 0.225892 -0.889178
v 0.538593 0.225892 -0.889178
v 1.464728 0.225892 -0.889178
v 1.570015 0.225892 -0.889178
v 2.185214 0.225892 -0.889178
v 2.289706 0.225892 -0.889178
v 2.456183 0.225892 -0.889178
v 2.621744 0.225892 -0.889178
v 2.621744 0.225892 1.788512
v 2.621744 0.225892 1.933594
v 2.456183 0.225892 1.933594
v 2.456183 0.225892 1.788512
v 2.289706 0.225892 1.788512
v 2.185214 0.225892 1.788512
v 1.570015 0.225892 1.788512
v 1.464728 0.225892 1.788512
v 0.538593 0.225892 1.788512
v 0.276200 0.225892 1.788512
v -1.391239 0.225892 1.788512
v -1.391239 0.066744 1.788512
v -1.391239 -0.113651 1.788512
v -1.391239 -0.228188 1.788512
v -1.391239 -1.446888 1.788512
v -1.391239 -1.573218 1.788512
v -1.391239 -1.573218 2.100120
v -1.391239 -1.656902 2.100120
v -1.391239 -1.742587 2.100120
v -1.391239 -1.742587 1.788512
v -1.391239 -1.742587 -0.889177
v -1.391239 -1.656902 -0.889177
v -1.391239 -1.573218 -0.889177
v -1.391239 -1.446888 -0.889177
v -1.391239 -0.228188 -0.889178
v -1.391239 -0.113651 -0.889178
v -1.391239 -0.113651 -1.634069
v -1.391239 0.066744 -1.634069
v -1.391239 0.066744 -0.889178
v -1.391239 0.225892 -0.889178
v -1.391239 0.303486 -0.889178
v -1.391239 1.132717 -0.889178
v -1.391239 1.132717 -1.266945
v -1.391239 1.308934 -1.266945
v -1.391239 1.308934 -0.889178
v -1.391239 1.308934 1.788512
v -1.391239 1.308934 2.140555
v -1.391239 1.132717 2.140555
v -1.391239 1.132717 1.788512
v -1.391239 0.303486 1.788512
v -1.391239 0.303486 1.882916
v -1.391239 0.225892 1.882916
v 0.276200 0.225892 1.882916
v 0.276200 0.303486 1.882916
v -1.014355 -1.446888 1.788512
v -1.014355 -1.573218 1.788512
v -1.014355 -1.573218 2.100120
v -1.014355 -1.656902 2.100120
v -1.014355 -1.742587 2.100120
v -1.014355 -1.742587 1.788512
v -1.014355 -1.742587 -0.889177
v -1.014355 -1.656902 -0.889177
v -1.014355 -1.573218 -0.889177
v -1.014355 -1.446888 -0.889177
v -1.014355 -0.228188 -0.889178
v -1.014355 -0.113651 -0.889178
v -1.014355 -0.113651 -1.634069
v -1.014355 0.066744 -1.634069
v -1.014355 0.066744 -0.889178
v -1.014355 0.225892 -0.889178
v -1.014355 0.303486 -0.889178
v -1.014355 1.132717 -0.889178
v -1.014355 1.132717 -1.266945
v -1.014355 1.308934 -1.266945
v -1.014355 1.308934 -0.889178
v -1.014355 1.308934 1.788512
v -1.014355 1.308934 2.140555
v -1.014355 1.132717 2.140555
v -1.014355 1.132717 1.788512
v -1.014355 0.303486 1.788512
v -1.014355 0.303486 1.882916
v -1.014355 0.225892 1.882916
v -1.014355 0.225892 1.788512
v -1.014355 0.066744 1.788512
v -1.014355 -0.113651 1.788512
v -1.014355 -0.228188 1.788512
v 0.276200 -0.960192 1.788512
v -1.014355 -0.960192 1.788512
v -1.391239 -0.960192 1.788512
v -1.462119 -0.960192 1.788512
v -1.462119 -0.960192 -0.889178
v -1.391239 -0.960192 -0.889178
v -1.014355 -0.960192 -0.889178
v 0.276200 -0.960192 -0.889178
v 0.538593 -0.960192 -0.889178
v 1.464728 -0.960192 -0.889178
v 1.570015 -0.960192 -0.889178
v 2.185214 -0.960192 -0.889178
v 2.289706 -0.960192 -0.889178
v 2.456183 -0.960192 -0.889178
v 2.621744 -0.960192 -0.889178
v 2.621744 -0.960192 1.788512
v 2.621744 -0.960192 1.788512
v 2.621744 -0.960192 1.933595
v 2.456183 -0.960192 1.933595
v 2.456183 -0.960192 1.788512
v 2.456183 -0.960192 0.877309
v 2.289706 -0.960192 0.877309
v 2.185214 -0.960192 0.877309
v 2.185214 -0.960192 0.560690
v 1.570015 -0.960192 0.560690
v 1.570015 -0.960192 0.877309
v 1.464728 -0.960192 0.877309
v 0.538593 -0.960192 0.877309
v 0.538593 -0.960192 1.788512
v 0.538593 -0.960192 1.788512
v -1.014355 -0.228188 1.591652
v -1.014355 -0.960192 1.591653
v 0.276200 -0.960192 1.591653
v 0.276200 -0.228188 1.591652
v -1.650720 1.308934 1.958481
v -1.462119 1.308934 1.958481
v -1.391239 1.308934 1.958481
v -1.014355 1.308934 1.958481
v 0.276200 1.308934 1.958481
v 0.538593 1.308934 1.958481
v 1.464728 1.308934 1.958481
v 1.570015 1.308934 1.958481
v 2.185214 1.308934 1.958481
v 2.289706 1.308934 1.958481
v 2.456183 1.308934 1.958481
v 2.621744 1.308934 1.958481
v 2.804176 1.308934 1.958481
v 2.804176 1.132717 1.958481
v 2.621744 1.132717 1.958481
v 2.456183 1.132717 1.958481
v 2.289706 1.132717 1.958481
v 2.185214 1.132717 1.958481
v 1.570015 1.132717 1.958481
v 1.464728 1.132717 1.958481
v 0.538593 1.132717 1.958481
v 0.276200 1.132717 1.958481
v -1.014355 1.132717 1.958481
v -1.391239 1.132717 1.958481
v -1.462119 1.132717 1.958481
v -1.650720 1.132717 1.958481
v -1.650720 1.308934 -1.103871
v -1.650720 1.132717 -1.103871
v -1.462119 1.132717 -1.103871
v -1.391239 1.132717 -1.103871
v -1.014355 1.132717 -1.103871
v 0.276200 1.132717 -1.103871
v 0.538593 1.132717 -1.103871
v 1.464728 1.132717 -1.103871
v 1.570015 1.132717 -1.103871
v 2.185214 1.132717 -1.103871
v 2.289706 1.132717 -1.103871
v 2.456183 1.132717 -1.103871
v 2.621744 1.132717 -1.103871
v 2.804176 1.132717 -1.103871
v 2.804176 1.308934 -1.103871
v 2.621744 1.308934 -1.103871
v 2.456183 1.308934 -1.103871
v 2.289706 1.308934 -1.103871
v 2.185214 1.308934 -1.103871
v 1.570015 1.308934 -1.103871
v 1.464728 1.308934 -1.103871
v 0.538593 1.308934 -1.103871
v 0.276200 1.308934 -1.103871
v -1.014355 1.308934 -1.103871
v -1.391239 1.308934 -1.103871
v -1.462119 1.308934 -1.103871
v -1.462119 1.475271 1.788512
v -1.462119 1.475270 -0.889178
v -1.650720 1.475270 -0.889178
v -1.650720 1.475271 1.788512
v -1.462119 1.475271 1.958481
v -1.650720 1.475271 1.958481
v -1.462119 1.475270 -1.103871
v -1.650720 1.475270 -1.103871
v 2.621744 1.475271 1.788512
v 2.621744 1.475270 -0.889178
v 2.804176 1.475271 1.788512
v 2.804176 1.475270 -0.889178
v 2.621744 1.475271 1.958481
v 2.804176 1.475271 1.958481
v 2.621744 1.475270 -1.103871
v 2.804176 1.475270 -1.103871
v -1.462119 1.475271 2.140555
v -1.650720 1.475271 2.140555
v -1.391239 1.475271 1.958481
v -1.391239 1.475271 2.140555
v -1.014355 1.475271 1.958481
v -1.014355 1.475271 2.140555
v 0.276200 1.475271 1.958481
v 0.276200 1.475271 2.140555
v 0.538593 1.475271 1.958481
v 0.538593 1.475271 2.140555
v 1.464728 1.475271 1.958481
v 1.464728 1.475271 2.140555
v 1.570015 1.475271 1.958481
v 1.570015 1.475271 2.140555
v 2.185214 1.475271 1.958481
v 2.185214 1.475271 2.140555
v 2.289706 1.475271 1.958481
v 2.289706 1.475271 2.140555
v 2.456183 1.475271 1.958481
v 2.456183 1.475271 2.140555
v 2.621744 1.475271 2.140555
v 2.804176 1.475271 2.140555
v 2.621744 1.475270 -1.266945
v 2.804176 1.475270 -1.266945
v 2.456183 1.475270 -1.103871
v 2.456183 1.475270 -1.266945
v 2.289706 1.475270 -1.103871
v 2.289706 1.475270 -1.266945
v 2.185214 1.475270 -1.266945
v 2.185214 1.475270 -1.103871
v 1.570015 1.475270 -1.266945
v 1.570015 1.475270 -1.103871
v 1.464728 1.475270 -1.103871
v 1.464728 1.475270 -1.266945
v 0.538593 1.475270 -1.103871
v 0.538593 1.475270 -1.266945
v 0.276200 1.475270 -1.103871
v 0.276200 1.475270 -1.266945
v -1.014355 1.475270 -1.103871
v -1.014355 1.475270 -1.266945
v -1.391239 1.475270 -1.103871
v -1.391239 1.475270 -1.266945
v -1.462119 1.475270 -1.266945
v -1.650720 1.475270 -1.266945
v -1.014355 1.308934 0.286705
v 0.276200 1.308934 0.286705
v 0.538593 1.308934 0.286705
v 1.464728 1.308934 0.286705
v 1.570015 1.308934 0.286705
v 2.185214 1.308934 0.286705
v 2.289706 1.308934 0.286705
v 2.456183 1.308934 0.286705
v 2.621744 1.308934 0.286705
v 2.621744 1.475270 0.286705
v 2.804176 1.475270 0.286705
v 2.804176 1.308934 0.286705
v 2.804176 1.132717 0.286705
v 2.621744 1.132717 0.286705
v 2.621744 0.066744 0.286705
v 3.309139 0.066744 0.286705
v 3.309139 -0.113651 0.286705
v 2.621744 -0.113651 0.286705
v 2.621744 -0.228188 0.286705
v 2.621744 -0.960192 0.286705
v 2.621744 -1.446888 0.286705
v 2.621744 -1.573218 0.286705
v 2.621744 -1.742587 0.286705
v 2.456183 -1.742587 0.286705
v 2.289706 -1.742587 0.286705
v 2.185214 -1.742587 0.286705
v 1.570015 -1.742587 0.286705
v 1.464728 -1.742587 0.286705
v 0.538593 -1.742587 0.286705
v 0.276200 -1.742587 0.286705
v -1.014355 -1.742587 0.286705
v -1.391239 -1.742587 0.286705
v -1.462119 -1.742587 0.286705
v -1.616754 -1.742587 0.286705
v -1.616754 -1.656902 0.286705
v -1.616754 -1.573218 0.286705
v -1.462119 -1.573218 0.286705
v -1.462119 -1.446888 0.286705
v -1.462119 -0.960192 0.286705
v -1.462119 -0.228188 0.286705
v -1.462119 -0.113651 0.286705
v -2.032862 -0.113651 0.286705
v -2.032862 0.066744 0.286705
v -1.462119 0.066744 0.286705
v -1.462119 0.225892 0.286705
v -1.462119 0.303486 0.286705
v -1.462119 1.132717 0.286705
v -1.650720 1.132717 0.286705
v -1.650720 1.308934 0.286705
v -1.650720 1.475270 0.286705
v -1.462119 1.475270 0.286705
v -1.462119 1.308934 0.286705
v -1.391239 1.308934 0.286705
v -1.014355 1.976852 0.286705
v 0.276200 1.976852 0.286705
v 0.276200 1.976852 -0.889178
v -1.014355 1.976852 -0.889178
v -1.391239 1.976852 0.286705
v -1.391239 1.976852 -0.889178
v -1.014355 0.814035 1.788512
v 0.276200 0.814035 1.788512
v 0.538593 0.814035 1.788512
v 2.289706 0.814035 1.788512
v 2.456183 0.814035 1.788512
v 2.456183 0.814035 1.933594
v 2.621744 0.814035 1.933594
v 2.621744 0.814035 1.788512
v 2.621744 0.814035 -0.889178
v 2.456183 0.814035 -0.889178
v 2.289707 0.814035 -0.889178
v 2.185214 0.814035 -0.889178
v 1.570015 0.814035 -0.889178
v 1.464728 0.814035 -0.889178
v 0.538593 0.814035 -0.889178
v 0.276200 0.814035 -0.889178
v -1.014355 0.814035 -0.889178
v -1.391239 0.814035 -0.889178
v -1.462119 0.814035 -0.889178
v -1.462119 0.814035 0.286705
v -1.462119 0.814035 1.788512
v -1.391239 0.814035 1.788512
v -1.014355 1.021800 1.788512
v 0.276200 1.021800 1.788512
v 0.538593 1.021800 1.788512
v 1.464728 1.021800 1.788512
v 1.570015 1.021800 1.788512
v 2.185214 1.021800 1.788512
v 2.289706 1.021800 1.788512
v 2.456183 1.021800 1.788512
v 2.456183 1.021800 1.933594
v 2.621744 1.021800 1.933594
v 2.621744 1.021800 1.788512
v 2.621744 1.021800 0.286705
v 2.621744 1.021800 -0.889178
v 2.456183 1.021800 -0.889178
v 2.289707 1.021800 -0.889178
v 2.185214 1.021800 -0.889178
v 1.570015 1.021800 -0.889178
v 1.464728 1.021800 -0.889178
v 0.538593 1.021800 -0.889178
v 0.276200 1.021800 -0.889178
v -1.014355 1.021800 -0.889178
v -1.391239 1.021800 -0.889178
v -1.462119 1.021800 -0.889178
v -1.462119 1.021800 0.286705
v -1.462119 1.021800 1.788512
v -1.391239 1.021800 1.788512
v -1.014355 0.365262 1.788512
v 0.276200 0.365262 1.788512
v 0.538593 0.365262 1.788512
v 1.464728 0.365262 1.788512
v 1.570015 0.365262 1.788512
v 2.185214 0.365262 1.788512
v 2.289706 0.365262 1.788512
v 2.456183 0.365262 1.788512
v 2.456183 0.365262 1.933594
v 2.621744 0.365262 1.933594
v 2.621744 0.365262 1.788512
v 2.621744 0.365262 -0.889178
v 2.456183 0.365262 -0.889178
v 2.289706 0.365262 -0.889178
v 2.185214 0.365262 -0.889178
v 1.570015 0.365262 -0.889178
v 1.464728 0.365262 -0.889178
v 0.538593 0.365262 -0.889178
v 0.276200 0.365262 -0.889178
v -1.014355 0.365262 -0.889178
v -1.391239 0.365262 -0.889178
v -1.462119 0.365262 -0.889178
v -1.462119 0.365262 0.286705
v -1.462119 0.365262 1.788512
v -1.391239 0.365262 1.788512
v -1.153747 0.814035 1.788512
v -1.153747 1.021800 1.788512
v -1.153747 1.132717 1.788512
v -1.153747 1.132717 1.958481
v -1.153747 1.132717 2.140555
v -1.153747 1.308934 2.140555
v -1.153747 1.475271 2.140555
v -1.153747 1.475271 1.958481
v -1.153747 1.308934 1.958481
v -1.153747 1.308934 1.788512
v -1.153747 1.308934 0.286705
v -1.153747 1.976852 0.286705
v -1.153747 1.976852 -0.889178
v -1.153747 1.308934 -0.889178
v -1.153747 1.308934 -1.103871
v -1.153747 1.475270 -1.103871
v -1.153747 1.475270 -1.266945
v -1.153747 1.308934 -1.266945
v -1.153747 1.132717 -1.266945
v -1.153747 1.132717 -1.103871
v -1.153747 1.132717 -0.889178
v -1.153747 1.021800 -0.889178
v -1.153747 0.814035 -0.889178
v -1.153747 0.365262 -0.889178
v -1.153747 0.303486 -0.889178
v -1.153747 0.225892 -0.889178
v -1.153747 0.066744 -0.889178
v -1.153747 0.066744 -1.634069
v -1.153747 -0.113651 -1.634069
v -1.153747 -0.113651 -0.889178
v -1.153747 -0.228188 -0.889178
v -1.153747 -0.960192 -0.889178
v -1.153747 -1.446888 -0.889177
v -1.153747 -1.573218 -0.889177
v -1.153747 -1.656902 -0.889177
v -1.153747 -1.742587 -0.889177
v -1.153747 -1.742587 0.286705
v -1.153747 -1.742587 1.788512
v -1.153747 -1.742587 2.100120
v -1.153747 -1.656902 2.100120
v -1.153747 -1.573218 2.100120
v -1.153747 -1.573218 1.788512
v -1.153747 -1.446888 1.788512
v -1.153747 -0.960192 1.788512
v -1.153747 -0.228188 1.788512
v -1.153747 -0.113651 1.788512
v -1.153747 0.066744 1.788512
v -1.153747 0.225892 1.788512
v -1.153747 0.225892 1.882916
v -1.153747 0.303486 1.882916
v -1.153747 0.303486 1.788512
v -1.153747 0.365262 1.788512
v 0.338968 0.814035 1.788512
v 0.338968 1.021800 1.788512
v 0.338968 1.132717 1.788512
v 0.338968 1.132717 1.958481
v 0.338968 1.132717 2.140555
v 0.338968 1.308934 2.140555
v 0.338968 1.475271 2.140555
v 0.338968 1.475271 1.958481
v 0.338968 1.308934 1.958481
v 0.338968 1.308934 1.788512
v 0.338968 1.308934 0.286705
v 0.338968 1.308934 -0.889178
v 0.338968 1.308934 -1.103871
v 0.338968 1.475270 -1.103871
v 0.338968 1.475270 -1.266945
v 0.338968 1.308934 -1.266945
v 0.338968 1.132717 -1.266945
v 0.338968 1.132717 -1.103871
v 0.338968 1.132717 -0.889178
v 0.338968 1.021800 -0.889178
v 0.338968 0.814035 -0.889178
v 0.338968 0.365262 -0.889178
v 0.338968 0.303486 -0.889178
v 0.338968 0.225892 -0.889178
v 0.338968 0.066744 -0.889178
v 0.338968 -0.113651 -0.889178
v 0.338968 -0.228188 -0.889178
v 0.338968 -0.960192 -0.889178
v 0.338968 -1.446888 -0.889177
v 0.338968 -1.573218 -0.889177
v 0.338968 -1.656902 -0.889177
v 0.338968 -1.742587 -0.889177
v 0.338968 -1.742587 0.286705
v 0.338968 -1.742587 1.788512
v 0.338968 -1.742587 2.100120
v 0.338968 -1.656902 2.100120
v 0.338968 -1.573218 2.100120
v 0.338968 -1.573218 1.788512
v 0.338968 -1.446888 1.788512
v 0.338968 -0.960192 1.788512
v 0.338968 -0.228188 1.788512
v 0.338968 -0.113651 1.788512
v 0.338968 0.066744 1.788512
v 0.338968 0.225892 1.788512
v 0.338968 0.303486 1.788512
v 0.338968 0.365262 1.788512
v -1.014355 0.814035 1.656185
v 0.276200 0.814035 1.656185
v 0.276200 1.021800 1.656185
v -1.014355 1.021800 1.656185
v 0.338968 1.021800 1.656185
v 0.338968 0.814035 1.656185
v -1.153747 0.814035 1.656185
v -1.153747 1.021800 1.656185
v 0.733166 0.814035 1.788512
v 0.733166 1.021800 1.788512
v 0.733166 1.132717 1.788512
v 0.733166 1.132717 1.958481
v 0.733166 1.132717 2.140555
v 0.733166 1.308934 2.140555
v 0.733166 1.475271 2.140555
v 0.733166 1.475271 1.958481
v 0.733166 1.308934 1.958481
v 0.733166 1.308934 1.788512
v 0.733166 1.308934 0.286705
v 0.733166 1.308934 -0.889178
v 0.733166 1.308934 -1.103871
v 0.733166 1.475270 -1.103871
v 0.733166 1.475270 -1.266945
v 0.733166 1.308934 -1.266945
v 0.733166 1.132717 -1.266945
v 0.733166 1.132717 -1.103871
v 0.733166 1.132717 -0.889178
v 0.733166 1.021800 -0.889178
v 0.733166 0.814035 -0.889178
v 0.733166 0.365262 -0.889178
v 0.733166 0.303486 -0.889178
v 0.733166 0.225892 -0.889178
v 0.733166 0.066744 -0.889178
v 0.733166 -0.113651 -0.889178
v 0.733166 -0.228188 -0.889178
v 0.733166 -0.960192 -0.889178
v 0.733166 -1.446888 -0.889177
v 0.733166 -1.573218 -0.889177
v 0.733166 -1.656903 -0.889177
v 0.733166 -1.742587 -0.889177
v 0.733166 -1.742587 0.286705
v 0.733166 -1.742587 1.788512
v 0.733166 -1.742587 2.100120
v 0.733166 -1.656902 2.100120
v 0.733166 -1.573218 2.100120
v 0.733166 -1.573218 1.788512
v 0.733166 -1.573218 1.788512
v 0.733166 -1.502436 1.788512
v 0.733166 -1.502436 0.877309
v 0.733166 -1.573218 0.877309
v 0.733166 -1.446888 0.877309
v 0.733166 -0.960192 0.877309
v 0.733166 -0.228188 0.877309
v 0.733166 -0.113651 0.877309
v 0.733166 -0.113651 1.788512
v 0.733166 -0.113651 1.788512
v 0.733166 -0.113651 2.398863
v 0.733166 0.066744 2.398863
v 0.733166 0.066744 1.788512
v 0.733166 0.225892 1.788512
v 0.733166 0.303486 1.788512
v 0.733166 0.365262 1.788512
v 1.748317 0.814035 1.788512
v 1.748317 1.021800 1.788512
v 1.748317 1.132717 1.788512
v 1.748317 1.132717 1.958481
v 1.748317 1.132717 2.140555
v 1.748317 1.308934 2.140555
v 1.748317 1.475271 2.140555
v 1.748317 1.475271 1.958481
v 1.748317 1.308934 1.958481
v 1.748317 1.308934 1.788512
v 1.748317 1.308934 0.286705
v 1.748317 1.308934 -0.889178
v 1.748317 1.308934 -1.103871
v 1.748317 1.475270 -1.103871
v 1.748317 1.475270 -1.266945
v 1.748317 1.308934 -1.266945
v 1.748317 1.132717 -1.266945
v 1.748317 1.132717 -1.103871
v 1.748317 1.132717 -0.889178
v 1.748317 1.021800 -0.889178
v 1.748317 0.814035 -0.889178
v 1.748317 0.365262 -0.889178
v 1.748317 0.303486 -0.889178
v 1.748317 0.225892 -0.889178
v 1.748317 0.066744 -0.889178
v 1.748317 -0.113651 -0.889178
v 1.748317 -0.228188 -0.889178
v 1.748317 -0.960192 -0.889178
v 1.748317 -1.446888 -0.889177
v 1.748317 -1.573218 -0.889177
v 1.748317 -1.656902 -0.889177
v 1.748317 -1.742587 -0.889177
v 1.748317 -1.742587 0.286705
v 1.748317 -1.742587 1.788512
v 1.748317 -1.742587 2.100120
v 1.748317 -1.742587 2.362671
v 1.748317 -1.656902 2.362671
v 1.748317 -1.656902 2.100120
v 1.748317 -1.573218 2.100120
v 1.748317 -1.573218 1.788512
v 1.748317 -1.573218 1.788512
v 1.748317 -1.502436 1.788512
v 1.748317 -1.502436 0.877309
v 1.748317 -1.573218 0.877309
v 1.748317 -1.446888 0.877309
v 1.748317 -1.446888 0.560690
v 1.748317 -0.960192 0.560690
v 1.748317 -0.228188 0.560690
v 1.748317 -0.288667 0.560690
v 1.748317 -0.288667 0.877309
v 1.748317 -0.228188 0.877309
v 1.748317 -0.113651 0.877309
v 1.748317 -0.113651 1.788512
v 1.748317 -0.113651 1.788512
v 1.748317 -0.113651 2.398863
v 1.748317 0.066744 2.398863
v 1.748317 0.066744 1.788512
v 1.748317 0.225892 1.788512
v 1.748317 0.303486 1.788512
v 1.748317 0.365262 1.788512
v 1.464728 0.814035 1.661569
v 1.570015 0.814035 1.661569
v 1.464728 0.365262 1.661569
v 1.570015 0.365262 1.661569
v 1.748317 0.365262 1.661569
v 1.748317 0.814035 1.661569
v 1.464728 1.021800 1.661569
v 1.570015 1.021800 1.661569
v 1.748317 1.021800 1.661569
v 0.733166 1.021800 1.661569
v 0.733166 0.814035 1.661569
v 0.733166 0.365262 1.661569
v 1.918717 0.365262 1.788512
v 1.918717 0.814035 1.788512
v 1.918717 1.021800 1.788512
v 1.918718 1.132717 1.788512
v 1.918718 1.132717 1.958481
v 1.918718 1.132717 2.140555
v 1.918717 1.308934 2.140555
v 1.918717 1.475271 2.140555
v 1.918717 1.475271 1.958481
v 1.918717 1.308934 1.958481
v 1.918717 1.308934 1.788512
v 1.918717 1.308934 0.286705
v 1.918717 1.308934 -0.889178
v 1.918718 1.308934 -1.103871
v 1.918718 1.475270 -1.103871
v 1.918717 1.475270 -1.266945
v 1.918717 1.308934 -1.266945
v 1.918717 1.132717 -1.266945
v 1.918717 1.132717 -1.103871
v 1.918717 1.132717 -0.889178
v 1.918718 1.021800 -0.889178
v 1.918718 0.814035 -0.889178
v 1.918718 0.365262 -0.889178
v 1.918717 0.303486 -0.889178
v 1.918717 0.225892 -0.889178
v 1.918717 0.066744 -0.889178
v 1.918717 -0.113651 -0.889178
v 1.918718 -0.228188 -0.889178
v 1.918717 -0.960192 -0.889178
v 1.918717 -1.446888 -0.889177
v 1.918717 -1.573218 -0.889177
v 1.918717 -1.656902 -0.889177
v 1.918717 -1.742587 -0.889177
v 1.918718 -1.742587 0.286705
v 1.918717 -1.742587 1.788512
v 1.918717 -1.742587 2.100120
v 1.918717 -1.742587 2.362671
v 1.918718 -1.656902 2.362671
v 1.918718 -1.656902 2.100120
v 1.918718 -1.573218 2.100120
v 1.918718 -1.573218 1.788512
v 1.918718 -1.573218 1.788512
v 1.918718 -1.502436 1.788512
v 1.918718 -1.502436 0.877309
v 1.918718 -1.573218 0.877309
v 1.918718 -1.446888 0.877309
v 1.918718 -1.446888 0.560690
v 1.918718 -0.960192 0.560690
v 1.918717 -0.228188 0.560690
v 1.918717 -0.288667 0.560690
v 1.918717 -0.288667 0.877309
v 1.918717 -0.228188 0.877309
v 1.918718 -0.113651 0.877309
v 1.918718 -0.113651 1.788512
v 1.918718 -0.113651 1.788512
v 1.918718 -0.113651 2.398863
v 1.918718 0.066744 2.398863
v 1.918718 0.066744 1.788512
v 1.918718 0.225892 1.788512
v 1.918718 0.303486 1.788512
v 2.185214 0.814035 1.658379
v 2.289706 0.814035 1.658379
v 2.185214 0.365262 1.658379
v 2.289706 0.365262 1.658379
v 2.185214 1.021800 1.658379
v 2.289706 1.021800 1.658379
v 1.918717 0.814035 1.658379
v 1.918717 0.365262 1.658379
v 1.918717 1.021800 1.658379
v -1.391239 0.225892 1.884053
v -1.462119 0.225892 1.884053
v -1.391239 0.303486 1.884053
v -1.462119 0.303486 1.884053
v 0.276200 0.225892 1.883865
v 0.276200 0.303486 1.883865
v 0.338968 0.225892 1.883865
v 0.338968 0.303486 1.883865
v -1.462119 0.365262 1.247146
v -1.462119 0.814035 1.247145
v -1.462119 1.021800 1.247145
v -1.462119 1.132717 1.247145
v -1.650720 1.132717 1.247145
v -1.650720 1.308934 1.247145
v -1.650720 1.475271 1.247145
v -1.462119 1.475271 1.247145
v -1.462119 1.308934 1.247145
v -1.391239 1.308934 1.247145
v -1.153747 1.308934 1.247145
v -1.014355 1.308934 1.247145
v 0.276200 1.308934 1.247145
v 0.338968 1.308934 1.247145
v 0.538593 1.308934 1.247145
v 0.733166 1.308934 1.247145
v 1.464728 1.308934 1.247145
v 1.570015 1.308934 1.247145
v 1.748317 1.308934 1.247145
v 1.918717 1.308934 1.247145
v 2.185214 1.308934 1.247145
v 2.289706 1.308934 1.247145
v 2.456183 1.308934 1.247145
v 2.621744 1.308934 1.247145
v 2.621744 1.475271 1.247145
v 2.804176 1.475271 1.247145
v 2.804176 1.308934 1.247145
v 2.804176 1.132717 1.247145
v 2.621744 1.132717 1.247145
v 2.621744 1.021800 1.247145
v 2.621744 0.066744 1.247146
v 3.309139 0.066744 1.247146
v 3.309139 -0.113651 1.247146
v 2.621744 -0.113651 1.247146
v 2.621744 -0.228188 1.247146
v 2.621744 -0.960192 1.247146
v 2.621744 -1.446888 1.247146
v 2.621744 -1.573218 1.247146
v 2.621744 -1.742587 1.247146
v 2.456183 -1.742587 1.247146
v 2.289706 -1.742587 1.247146
v 2.185214 -1.742587 1.247146
v 1.918718 -1.742587 1.247146
v 1.748317 -1.742587 1.247146
v 1.570015 -1.742587 1.247146
v 1.464728 -1.742587 1.247146
v 0.733166 -1.742587 1.247146
v 0.538593 -1.742587 1.247146
v 0.338968 -1.742587 1.247146
v 0.276200 -1.742587 1.247146
v -1.014355 -1.742587 1.247146
v -1.153747 -1.742587 1.247146
v -1.391239 -1.742587 1.247146
v -1.462119 -1.742587 1.247146
v -1.616754 -1.742587 1.247146
v -1.616754 -1.656902 1.247146
v -1.616754 -1.573218 1.247146
v -1.462119 -1.573218 1.247146
v -1.462119 -1.446888 1.247146
v -1.462119 -0.960192 1.247146
v -1.462119 -0.228188 1.247146
v -1.462119 -0.113651 1.247146
v -2.032862 -0.113651 1.247146
v -2.032862 0.066744 1.247146
v -1.462119 0.066744 1.247146
v -1.462119 0.225892 1.247146
v -1.462119 0.303486 1.247146
v -1.462119 0.365262 0.672747
v -1.462119 0.814035 0.672747
v -1.462119 1.021800 0.672747
v -1.462119 1.132717 0.672747
v -1.650720 1.132717 0.672747
v -1.650720 1.308934 0.672747
v -1.650720 1.475270 0.672747
v -1.462119 1.475270 0.672747
v -1.462119 1.308934 0.672747
v -1.391239 1.308934 0.672747
v -1.153747 1.308934 0.672747
v -1.014355 1.308934 0.672747
v 0.276200 1.308934 0.672747
v 0.338968 1.308934 0.672747
v 0.538593 1.308934 0.672747
v 0.733166 1.308934 0.672747
v 1.464728 1.308934 0.672747
v 1.570015 1.308934 0.672747
v 1.748317 1.308934 0.672747
v 1.918717 1.308934 0.672747
v 2.185214 1.308934 0.672747
v 2.289706 1.308934 0.672747
v 2.456183 1.308934 0.672747
v 2.621744 1.308934 0.672747
v 2.621744 1.475270 0.672747
v 2.804176 1.475270 0.672747
v 2.804176 1.308934 0.672747
v 2.804176 1.132717 0.672747
v 2.621744 1.132717 0.672747
v 2.621744 1.021800 0.672747
v 2.621744 0.066744 0.672747
v 3.309139 0.066744 0.672747
v 3.309139 -0.113651 0.672747
v 2.621744 -0.113651 0.672747
v 2.621744 -0.228188 0.672747
v 2.621744 -0.960192 0.672747
v 2.621744 -1.446888 0.672747
v 2.621744 -1.573218 0.672747
v 2.621744 -1.742587 0.672747
v 2.456183 -1.742587 0.672747
v 2.289706 -1.742587 0.672747
v 2.185214 -1.742587 0.672747
v 1.918718 -1.742587 0.672747
v 1.748317 -1.742587 0.672747
v 1.570015 -1.742587 0.672747
v 1.464728 -1.742587 0.672747
v 0.733166 -1.742587 0.672747
v 0.538593 -1.742587 0.672747
v 0.338968 -1.742587 0.672747
v 0.276200 -1.742587 0.672747
v -1.014355 -1.742587 0.672747
v -1.153747 -1.742587 0.672747
v -1.391239 -1.742587 0.672747
v -1.462119 -1.742587 0.672747
v -1.616754 -1.742587 0.672747
v -1.616754 -1.656902 0.672747
v -1.616754 -1.573218 0.672747
v -1.462119 -1.573218 0.672747
v -1.462119 -1.446888 0.672747
v -1.462119 -0.960192 0.672747
v -1.462119 -0.228188 0.672747
v -1.462119 -0.113651 0.672747
v -2.032862 -0.113651 0.672747
v -2.032862 0.066744 0.672747
v -1.462119 0.066744 0.672747
v -1.462119 0.225892 0.672747
v -1.462119 0.303486 0.672747
v -1.462119 0.365262 -0.811116
v -1.462119 0.814035 -0.811117
v -1.462119 1.021800 -0.811117
v -1.462119 1.132717 -0.811117
v -1.650720 1.132717 -0.811117
v -1.650720 1.308934 -0.811117
v -1.650720 1.475270 -0.811117
v -1.462119 1.475270 -0.811117
v -1.462119 1.308934 -0.811117
v -1.391239 1.308934 -0.811117
v -1.391239 1.976852 -0.811117
v -1.153747 1.976852 -0.811117
v -1.014355 1.976852 -0.811117
v 0.276200 1.976852 -0.811117
v 0.276200 1.308934 -0.811117
v 0.338968 1.308934 -0.811117
v 0.538593 1.308934 -0.811117
v 0.733166 1.308934 -0.811117
v 1.464728 1.308934 -0.811117
v 1.570015 1.308934 -0.811117
v 1.748317 1.308934 -0.811117
v 1.918717 1.308934 -0.811117
v 2.185214 1.308934 -0.811117
v 2.289706 1.308934 -0.811117
v 2.456183 1.308934 -0.811117
v 2.621744 1.308934 -0.811117
v 2.621744 1.475270 -0.811117
v 2.804176 1.475270 -0.811117
v 2.804176 1.308934 -0.811117
v 2.804176 1.132717 -0.811117
v 2.621744 1.132717 -0.811117
v 2.621744 1.021800 -0.811117
v 2.621744 0.814035 -0.811117
v 2.621744 0.365262 -0.811116
v 2.621744 0.303486 -0.811116
v 2.621744 0.225892 -0.811116
v 2.621744 0.066744 -0.811116
v 3.309139 0.066744 -0.811116
v 3.309139 -0.113651 -0.811116
v 2.621744 -0.113651 -0.811116
v 2.621744 -0.228188 -0.811116
v 2.621744 -0.960192 -0.811116
v 2.621744 -1.446888 -0.811116
v 2.621744 -1.573218 -0.811116
v 2.621744 -1.742587 -0.811116
v 2.456183 -1.742587 -0.811116
v 2.289706 -1.742587 -0.811116
v 2.185214 -1.742587 -0.811116
v 1.918717 -1.742587 -0.811116
v 1.748317 -1.742587 -0.811116
v 1.570015 -1.742587 -0.811116
v 1.464728 -1.742587 -0.811116
v 0.733166 -1.742587 -0.811116
v 0.538593 -1.742587 -0.811116
v 0.338968 -1.742587 -0.811116
v 0.276200 -1.742587 -0.811116
v -1.014355 -1.742587 -0.811116
v -1.153747 -1.742587 -0.811116
v -1.391239 -1.742587 -0.811116
v -1.462119 -1.742587 -0.811116
v -1.616754 -1.742587 -0.811116
v -1.616754 -1.656902 -0.811116
v -1.616754 -1.573218 -0.811116
v -1.462119 -1.573218 -0.811116
v -1.462119 -1.446888 -0.811116
v -1.462119 -0.960192 -0.811116
v -1.462119 -0.228188 -0.811116
v -1.462119 -0.113651 -0.811116
v -2.032862 -0.113651 -0.811116
v -2.032862 0.066744 -0.811116
v -1.462119 0.066744 -0.811116
v -1.462119 0.225892 -0.811116
v -1.462119 0.303486 -0.811116
v -1.298508 0.814035 0.672747
v -1.298508 0.814035 1.247145
v -1.298508 0.365262 0.672747
v -1.298508 0.365262 1.247146
v -1.298508 1.021800 0.672747
v -1.298508 1.021800 1.247145
v -1.298508 0.365262 -0.811116
v -1.298508 0.365262 0.286705
v -1.298508 0.814035 0.286705
v -1.298508 0.814035 -0.811117
v -1.298508 1.021800 -0.811117
v -1.298508 1.021800 0.286705
v -1.616754 -1.573218 -0.244681
v -1.616754 -1.656902 -0.244681
v -1.616754 -1.742587 -0.244681
v -1.462119 -1.742587 -0.244681
v -1.391239 -1.742587 -0.244681
v -1.153747 -1.742587 -0.244681
v -1.014355 -1.742587 -0.244681
v 0.276200 -1.742587 -0.244681
v 0.338968 -1.742587 -0.244681
v 0.538593 -1.742587 -0.244681
v 0.733166 -1.742587 -0.244681
v 1.464728 -1.742587 -0.244681
v 1.570015 -1.742587 -0.244681
v 1.748317 -1.742587 -0.244681
v 1.918718 -1.742587 -0.244681
v 2.185214 -1.742587 -0.244681
v 2.289706 -1.742587 -0.244681
v 2.456183 -1.742587 -0.244681
v 2.621744 -1.742587 -0.244681
v 2.621744 -1.573218 -0.244681
v 2.621744 -1.446888 -0.244681
v 2.621744 -0.960192 -0.244681
v 2.621744 -0.228188 -0.244681
v 2.621744 -0.113651 -0.244681
v 3.309139 -0.113651 -0.244681
v 3.309139 0.066744 -0.244681
v 2.621744 0.066744 -0.244681
v 2.621744 1.021800 -0.244681
v 2.621744 1.132717 -0.244681
v 2.804176 1.132717 -0.244681
v 2.804176 1.308934 -0.244681
v 2.804176 1.475270 -0.244681
v 2.621744 1.475270 -0.244681
v 2.621744 1.308934 -0.244681
v 2.456183 1.308934 -0.244681
v 2.289706 1.308934 -0.244681
v 2.185214 1.308934 -0.244681
v 1.918717 1.308934 -0.244681
v 1.748317 1.308934 -0.244681
v 1.570015 1.308934 -0.244681
v 1.464728 1.308934 -0.244681
v 0.733166 1.308934 -0.244681
v 0.538593 1.308934 -0.244681
v 0.338968 1.308934 -0.244681
v 0.276200 1.308934 -0.244681
v 0.276200 1.976852 -0.244681
v -1.014355 1.976852 -0.244681
v -1.153747 1.976852 -0.244681
v -1.391239 1.976852 -0.244681
v -1.391239 1.308934 -0.244681
v -1.462119 1.308934 -0.244681
v -1.462119 1.475270 -0.244681
v -1.650720 1.475270 -0.244681
v -1.650720 1.308934 -0.244681
v -1.650720 1.132717 -0.244681
v -1.462119 1.132717 -0.244681
v -1.462119 1.021800 -0.244681
v -1.298508 1.021800 -0.244681
v -1.298508 0.814035 -0.244681
v -1.298508 0.365262 -0.244681
v -1.462119 0.365262 -0.244681
v -1.462119 0.303486 -0.244681
v -1.462119 0.225892 -0.244681
v -1.462119 0.066744 -0.244681
v -2.032862 0.066744 -0.244681
v -2.032862 -0.113651 -0.244681
v -1.462119 -0.113651 -0.244681
v -1.462119 -0.228188 -0.244681
v -1.462119 -0.960192 -0.244681
v -1.462119 -1.446888 -0.244681
v -1.462119 -1.573218 -0.244681
v -1.462119 -1.503068 -0.244681
v -1.462119 -1.503068 0.286705
v -1.462119 -1.503068 0.672747
v -1.462119 -1.503068 1.247146
v -1.462119 -1.503068 1.788512
v -1.391239 -1.503068 1.788512
v -1.153747 -1.503068 1.788512
v -1.014355 -1.503068 1.788512
v 0.276200 -1.503068 1.788512
v 0.338968 -1.503068 1.788512
v 0.538593 -1.503068 1.788512
v 0.538593 -1.503068 1.788512
v 0.538593 -1.503068 0.877309
v 0.733166 -1.503068 0.877309
v 1.464728 -1.503068 0.877309
v 1.570015 -1.503068 0.877309
v 1.748317 -1.503068 0.877309
v 1.918718 -1.503068 0.877309
v 2.185214 -1.503068 0.877309
v 2.289706 -1.503068 0.877309
v 2.456183 -1.503068 0.877309
v 2.456183 -1.503068 1.788512
v 2.456183 -1.503068 1.933595
v 2.621744 -1.503068 1.933595
v 2.621744 -1.503068 1.788512
v 2.621744 -1.503068 1.788512
v 2.621744 -1.503068 1.247146
v 2.621744 -1.503068 0.672747
v 2.621744 -1.503068 0.286705
v 2.621744 -1.503068 -0.244681
v 2.621744 -1.503068 -0.811116
v 2.621744 -1.503068 -0.889177
v 2.456183 -1.503068 -0.889177
v 2.289706 -1.503068 -0.889177
v 2.185214 -1.503068 -0.889177
v 1.918717 -1.503068 -0.889177
v 1.748317 -1.503068 -0.889177
v 1.570015 -1.503068 -0.889177
v 1.464728 -1.503068 -0.889177
v 0.733166 -1.503068 -0.889177
v 0.538593 -1.503068 -0.889177
v 0.338968 -1.503068 -0.889177
v 0.276200 -1.503068 -0.889177
v -1.014355 -1.503068 -0.889177
v -1.153747 -1.503068 -0.889177
v -1.391239 -1.503068 -0.889177
v -1.462119 -1.503068 -0.889177
v -1.462119 -1.503068 -0.811116
v -1.462119 -0.406717 -0.244681
v -1.462119 -0.406717 0.286705
v -1.462119 -0.406717 0.672747
v -1.462119 -0.406717 1.247146
v -1.462119 -0.406717 1.788512
v -1.391239 -0.406717 1.788512
v -1.153747 -0.406717 1.788512
v -1.014355 -0.406717 1.788512
v -1.014355 -0.406717 1.591653
v 0.276200 -0.406717 1.591652
v 0.276200 -0.406717 1.788512
v 0.338968 -0.406717 1.788512
v 0.538593 -0.406717 1.788512
v 0.538593 -0.406717 1.788512
v 0.538593 -0.406717 0.877309
v 0.733166 -0.406717 0.877309
v 1.464728 -0.406717 0.877309
v 1.570015 -0.406717 0.877309
v 1.570015 -0.406717 0.560690
v 1.748317 -0.406717 0.560690
v 1.918718 -0.406717 0.560690
v 2.185214 -0.406717 0.560690
v 2.185214 -0.406717 0.877309
v 2.289706 -0.406717 0.877309
v 2.456183 -0.406717 0.877309
v 2.456183 -0.406717 1.788512
v 2.456183 -0.406717 1.933594
v 2.621744 -0.406717 1.933594
v 2.621744 -0.406717 1.788512
v 2.621744 -0.406717 1.788512
v 2.621744 -0.406717 1.247146
v 2.621744 -0.406717 0.672747
v 2.621744 -0.406717 0.286705
v 2.621744 -0.406717 -0.244681
v 2.621744 -0.406717 -0.811116
v 2.621744 -0.406717 -0.889178
v 2.456183 -0.406717 -0.889178
v 2.289707 -0.406717 -0.889178
v 2.185214 -0.406717 -0.889178
v 1.918718 -0.406717 -0.889178
v 1.748317 -0.406717 -0.889178
v 1.570015 -0.406717 -0.889178
v 1.464728 -0.406717 -0.889178
v 0.733166 -0.406717 -0.889178
v 0.538593 -0.406717 -0.889178
v 0.338968 -0.406717 -0.889178
v 0.276200 -0.406717 -0.889178
v -1.014355 -0.406717 -0.889178
v -1.153747 -0.406717 -0.889178
v -1.391239 -0.406717 -0.889178
v -1.462119 -0.406717 -0.889178
v -1.462119 -0.406717 -0.811116
v -1.369290 -1.446888 -0.811116
v -1.369290 -0.960192 -0.811116
v -1.369290 -1.446888 -0.244681
v -1.369290 -0.960192 -0.244681
v -1.369290 -0.406717 -0.811116
v -1.369290 -0.406717 -0.244681
v -1.848082 -1.742587 -0.811116
v -1.848082 -1.656902 -0.811116
v -1.848082 -1.742587 -0.244681
v -1.848082 -1.656902 -0.244681
v -1.743601 -1.656902 -0.811116
v -1.743601 -1.573218 -0.811116
v -1.743601 -1.656902 -0.244681
v -1.743601 -1.573218 -0.244681
v -1.462119 -1.502552 -0.244681
v -1.616754 -1.502552 -0.244681
v -1.462119 -1.502552 -0.811116
v -1.616754 -1.502552 -0.811116
v 0.276200 -0.410168 2.374872
v -1.014355 -0.410168 2.374872
v 0.276200 -0.298660 2.374872
v -1.014355 -0.298660 2.374872
v 0.338968 -0.410168 2.374872
v 0.338968 -0.298660 2.374872
v -1.153747 -0.410168 2.374872
v -1.391239 -0.410168 2.374872
v -1.153747 -0.298660 2.374872
v -1.391239 -0.298660 2.374872
v 0.538593 -0.410168 2.374872
v 0.538593 -0.298660 2.374872
v -0.990256 0.066744 -0.895783
v 0.252101 0.066744 -0.913277
v 0.252101 0.066744 -1.577055
v -0.990256 0.066744 -1.577055
v -0.990256 -0.033567 -0.895783
v 0.252101 -0.033567 -0.913277
v 0.252101 -0.033567 -1.577055
v -0.990256 -0.033567 -1.577055
v 0.252101 0.066744 -0.970023
v 0.252101 -0.033567 -0.970023
v -0.990256 -0.033567 -0.970023
v -0.990256 0.066744 -0.970023
v -1.014355 0.066744 -0.952858
v -1.153747 0.066744 -0.952858
v -1.391239 0.066744 -0.952858
v -1.462119 0.066744 -0.952858
v -1.462119 -0.113651 -0.952858
v -1.391239 -0.113651 -0.952858
v -1.153747 -0.113651 -0.952858
v -1.014355 -0.113651 -0.952858
v 0.276200 -0.113651 -0.952858
v 0.276200 0.066744 -0.952858
v 0.252101 0.066744 -1.476858
v 0.252101 -0.033567 -1.476858
v -0.990256 -0.033567 -1.476858
v -0.990256 0.066744 -1.476858
v -1.014355 0.066744 -1.521629
v -1.153747 0.066744 -1.521629
v -1.391239 0.066744 -1.521629
v -1.462119 0.066744 -1.521629
v -1.462119 -0.113651 -1.521629
v -1.391239 -0.113651 -1.521629
v -1.153747 -0.113651 -1.521629
v -1.014355 -0.113651 -1.521629
v 0.276200 -0.113651 -1.521629
v 0.276200 0.066744 -1.521629
v -0.413432 0.066744 -0.913277
v -0.413432 -0.033567 -0.913277
v -0.413432 -0.033567 -0.970023
v -0.413432 -0.033567 -1.476858
v -0.413432 -0.033567 -1.577055
v -0.413432 0.066744 -1.577055
v -0.415153 0.066744 -1.634069
v -0.415153 -0.113651 -1.634069
v -0.415153 -0.113651 -1.521629
v -0.415153 -0.113651 -0.952858
v -0.415153 -0.113651 -0.889178
v -0.415153 -0.228188 -0.889178
v -0.415153 -0.406717 -0.889178
v -0.415153 -0.960192 -0.889178
v -0.415153 -1.446888 -0.889177
v -0.415153 -1.503068 -0.889177
v -0.415153 -1.573218 -0.889177
v -0.415153 -1.656902 -0.889177
v -0.415153 -1.742587 -0.889177
v -0.415153 -1.742587 -0.811116
v -0.415153 -1.742587 -0.244681
v -0.415153 -1.742587 0.286705
v -0.415153 -1.742587 0.672747
v -0.415153 -1.742587 1.247146
v -0.415153 -1.742587 1.788512
v -0.415153 -1.742587 2.100120
v -0.415153 -1.656902 2.100120
v -0.415153 -1.573218 2.100120
v -0.415153 -1.573218 1.788512
v -0.415153 -1.503068 1.788512
v -0.415153 -1.446888 1.788512
v -0.415153 -0.960192 1.788512
v -0.415153 -0.960192 1.591653
v -0.415153 -0.406717 1.591653
v -0.415153 -0.228188 1.591652
v -0.415153 -0.228188 1.788512
v -0.415153 -0.113651 1.788512
v -0.415153 -0.410168 2.374872
v -0.415153 -0.298660 2.374872
v -0.415153 0.066744 1.788512
v -0.415153 0.225892 1.788512
v -0.415153 0.225892 1.882916
v -0.415153 0.303486 1.882916
v -0.415153 0.303486 1.788512
v -0.415153 0.365262 1.788512
v -0.415153 0.814035 1.788512
v -0.415153 0.814035 1.656185
v -0.415153 1.021800 1.656185
v -0.415153 1.021800 1.788512
v -0.415153 1.132717 1.788512
v -0.415153 1.132717 1.958481
v -0.415153 1.132717 2.140555
v -0.415153 1.308934 2.140555
v -0.415153 1.475271 2.140555
v -0.415153 1.475271 1.958481
v -0.415153 1.308934 1.958481
v -0.415153 1.308934 1.788512
v -0.415153 1.308934 1.247145
v -0.415153 1.308934 0.672747
v -0.415153 1.308934 0.286705
v -0.415153 1.976852 0.286705
v -0.415153 1.976852 -0.244681
v -0.415153 1.976852 -0.811117
v -0.415153 1.976852 -0.889178
v -0.415153 1.308934 -0.889178
v -0.415153 1.308934 -1.103871
v -0.415153 1.475270 -1.103871
v -0.415153 1.475270 -1.266945
v -0.415153 1.308934 -1.266945
v -0.415153 1.132717 -1.266945
v -0.415153 1.132717 -1.103871
v -0.415153 1.132717 -0.889178
v -0.415153 1.021800 -0.889178
v -0.415153 0.814035 -0.889178
v -0.415153 0.365262 -0.889178
v -0.415153 0.303486 -0.889178
v -0.415153 0.225892 -0.889178
v -0.415153 0.066744 -0.889178
v -0.424372 0.066744 -0.895783
v -0.424372 -0.033567 -0.895783
v -0.424372 -0.033567 -0.970023
v -0.424372 -0.033567 -1.476858
v -0.424372 -0.033567 -1.577055
v -0.424372 0.066744 -1.577055
v -0.426516 0.066744 -1.634069
v -0.426516 -0.113651 -1.634069
v -0.426516 -0.113651 -1.521629
v -0.426516 -0.113651 -0.952858
v -0.426516 -0.113651 -0.889178
v -0.426516 -0.228188 -0.889178
v -0.426516 -0.406717 -0.889178
v -0.426516 -0.960192 -0.889178
v -0.426516 -1.446888 -0.889177
v -0.426516 -1.503068 -0.889177
v -0.426516 -1.573218 -0.889177
v -0.426516 -1.656902 -0.889177
v -0.426516 -1.742587 -0.889177
v -0.426516 -1.742587 -0.811116
v -0.426516 -1.742587 -0.244681
v -0.426516 -1.742587 0.286705
v -0.426516 -1.742587 0.672747
v -0.426516 -1.742587 1.247146
v -0.426516 -1.742587 1.788512
v -0.426516 -1.742587 2.100120
v -0.426516 -1.656902 2.100120
v -0.426516 -1.573218 2.100120
v -0.426516 -1.573218 1.788512
v -0.426516 -1.503068 1.788512
v -0.426516 -1.446888 1.788512
v -0.426516 -0.960192 1.788512
v -0.426516 -0.960192 1.591653
v -0.426516 -0.406717 1.591653
v -0.426516 -0.228188 1.591652
v -0.426516 -0.228188 1.788512
v -0.426516 -0.113651 1.788512
v -0.426516 -0.410168 2.374872
v -0.426516 -0.298660 2.374872
v -0.426516 0.066744 1.788512
v -0.426516 0.225892 1.788512
v -0.426516 0.225892 1.882916
v -0.426516 0.303486 1.882916
v -0.426516 0.303486 1.788512
v -0.426516 0.365262 1.788512
v -0.426516 0.814035 1.788512
v -0.426516 0.814035 1.656185
v -0.426516 1.021800 1.656185
v -0.426516 1.021800 1.788512
v -0.426516 1.132717 1.788512
v -0.426516 1.132717 1.958481
v -0.426516 1.132717 2.140555
v -0.426516 1.308934 2.140555
v -0.426516 1.475271 2.140555
v -0.426516 1.475271 1.958481
v -0.426516 1.308934 1.958481
v -0.426516 1.308934 1.788512
v -0.426516 1.308934 1.247145
v -0.426516 1.308934 0.672747
v -0.426516 1.308934 0.286705
v -0.426516 1.976852 0.286705
v -0.426516 1.976852 -0.244681
v -0.426516 1.976852 -0.811117
v -0.426516 1.976852 -0.889178
v -0.426516 1.308934 -0.889178
v -0.426516 1.308934 -1.103871
v -0.426516 1.475270 -1.103871
v -0.426516 1.475270 -1.266945
v -0.426516 1.308934 -1.266945
v -0.426516 1.132717 -1.266945
v -0.426516 1.132717 -1.103871
v -0.426516 1.132717 -0.889178
v -0.426516 1.021800 -0.889178
v -0.426516 0.814035 -0.889178
v -0.426516 0.365262 -0.889178
v -0.426516 0.303486 -0.889178
v -0.426516 0.225892 -0.889178
v -0.426516 0.066744 -0.889178
v 0.276200 0.066744 -1.503587
v 0.252101 0.066744 -1.460781
v 0.252101 -0.033567 -1.460781
v -0.413432 -0.033567 -1.460781
v -0.424372 -0.033567 -1.460781
v -0.990256 -0.033567 -1.460781
v -0.990256 0.066744 -1.460781
v -1.014355 0.066744 -1.503587
v -1.153747 0.066744 -1.503587
v -1.391239 0.066744 -1.503587
v -1.462119 0.066744 -1.503587
v -1.462119 -0.113651 -1.503587
v -1.391239 -0.113651 -1.503587
v -1.153747 -0.113651 -1.503587
v -1.014355 -0.113651 -1.503587
v -0.426516 -0.113651 -1.503587
v -0.415153 -0.113651 -1.503587
v 0.276200 -0.113651 -1.503587
v 0.276200 -0.025124 -0.978226
v 0.252101 -0.025124 -0.992629
v 0.252101 -0.033567 -0.992629
v -0.413432 -0.033567 -0.992629
v -0.424372 -0.033567 -0.992629
v -0.990256 -0.033567 -0.992629
v -0.990256 0.066744 -0.992629
v -1.014355 0.066744 -0.978226
v -1.153747 0.066744 -0.978226
v -1.391239 0.066744 -0.978226
v -1.462119 0.066744 -0.978226
v -1.462119 -0.113651 -0.978226
v -1.391239 -0.113651 -0.978226
v -1.153747 -0.113651 -0.978226
v -1.014355 -0.113651 -0.978226
v -0.426516 -0.113651 -0.978226
v -0.415153 -0.113651 -0.978226
v 0.276200 -0.113651 -0.978226
v 0.276200 0.066744 -1.487385
v 0.252101 0.066744 -1.446343
v 0.252101 -0.033567 -1.446343
v -0.413432 -0.033567 -1.446343
v -0.424372 -0.033567 -1.446343
v -0.990256 -0.033567 -1.446343
v -0.990256 0.066744 -1.446343
v -1.014355 0.066744 -1.487385
v -1.153747 0.066744 -1.487385
v -1.391239 0.066744 -1.487385
v -1.462119 0.066744 -1.487385
v -1.462119 -0.113651 -1.487385
v -1.391239 -0.113651 -1.487385
v -1.153747 -0.113651 -1.487385
v -1.014355 -0.113651 -1.487385
v -0.426516 -0.113651 -1.487385
v -0.415153 -0.113651 -1.487385
v 0.276200 -0.113651 -1.487385
v 0.276200 -0.025124 -1.464837
v 0.252101 -0.025124 -1.426250
v 0.252101 -0.033567 -1.426250
v -0.413432 -0.033567 -1.426250
v -0.424372 -0.033567 -1.426250
v -0.990256 -0.033567 -1.426250
v -0.990256 0.066744 -1.426250
v -1.014355 0.066744 -1.464837
v -1.153747 0.066744 -1.464837
v -1.391239 0.066744 -1.464837
v -1.462119 0.066744 -1.464837
v -1.462119 -0.113651 -1.464837
v -1.391239 -0.113651 -1.464837
v -1.153747 -0.113651 -1.464837
v -1.014355 -0.113651 -1.464837
v -0.426516 -0.113651 -1.464837
v -0.415153 -0.113651 -1.464837
v 0.276200 -0.113651 -1.464837
v -1.296561 1.976852 -0.811117
v -1.296561 1.976852 -0.889178
v -1.296561 1.308934 -0.889178
v -1.296561 1.308934 -1.103871
v -1.296561 1.475270 -1.103871
v -1.296561 1.475270 -1.266945
v -1.296561 1.308934 -1.266945
v -1.296561 1.132717 -1.266945
v -1.296561 1.132717 -1.103871
v -1.296561 1.132717 -0.889178
v -1.296561 1.021800 -0.889178
v -1.296561 0.814035 -0.889178
v -1.296561 0.365262 -0.889178
v -1.296561 0.303486 -0.889178
v -1.296561 0.225892 -0.889178
v -1.296561 0.066744 -0.889178
v -1.296561 0.066744 -0.952858
v -1.296561 0.066744 -0.978226
v -1.296561 0.066744 -1.464837
v -1.296561 0.066744 -1.487385
v -1.296561 0.066744 -1.503587
v -1.296561 0.066744 -1.521629
v -1.296561 0.066744 -1.634069
v -1.296561 -0.113651 -1.634069
v -1.296561 -0.113651 -1.521629
v -1.296561 -0.113651 -1.503587
v -1.296561 -0.113651 -1.487385
v -1.296561 -0.113651 -1.464837
v -1.296561 -0.113651 -0.978226
v -1.296561 -0.113651 -0.952858
v -1.296561 -0.113651 -0.889178
v -1.296561 -0.228188 -0.889178
v -1.296561 -0.406717 -0.889178
v -1.296561 -0.960192 -0.889178
v -1.296561 -1.446888 -0.889177
v -1.296561 -1.503068 -0.889177
v -1.296561 -1.573219 -0.889177
v -1.296561 -1.656902 -0.889177
v -1.296561 -1.742587 -0.889177
v -1.296561 -1.742587 -0.811116
v -1.296561 -1.742587 -0.244681
v -1.296561 -1.742587 0.286705
v -1.296561 -1.742587 0.672747
v -1.296561 -1.742587 1.247146
v -1.296561 -1.742587 1.788512
v -1.296561 -1.742587 2.100120
v -1.296561 -1.656902 2.100120
v -1.296561 -1.573218 2.100120
v -1.296561 -1.573218 1.788512
v -1.296561 -1.503068 1.788512
v -1.296561 -1.446888 1.788512
v -1.296561 -0.960192 1.788512
v -1.296561 -0.406717 1.788512
v -1.296561 -0.228188 1.788512
v -1.296561 -0.113651 1.788512
v -1.296561 -0.410168 2.374872
v -1.296561 -0.298660 2.374872
v -1.296561 0.066744 1.788512
v -1.296561 0.225892 1.788512
v -1.296561 0.225892 1.882916
v -1.296561 0.303486 1.882916
v -1.296561 0.303486 1.788512
v -1.296561 0.365262 1.788512
v -1.296561 0.814035 1.788512
v -1.296561 1.021800 1.788512
v -1.296561 1.132717 1.788512
v -1.296561 1.132717 1.958481
v -1.296561 1.132717 2.140555
v -1.296561 1.308934 2.140555
v -1.296561 1.475271 2.140555
v -1.296561 1.475271 1.958481
v -1.296561 1.308934 1.958481
v -1.296561 1.308934 1.788512
v -1.296561 1.308934 1.247145
v -1.296561 1.308934 0.672747
v -1.296561 1.308934 0.286705
v -1.296561 1.976852 0.286705
v -1.296561 1.976852 -0.244681
v 0.175300 1.976852 -0.811117
v 0.175300 1.976852 -0.889178
v 0.175300 1.308934 -0.889178
v 0.175300 1.308934 -1.103871
v 0.175300 1.475270 -1.103871
v 0.175300 1.475270 -1.266945
v 0.175300 1.308934 -1.266945
v 0.175300 1.132717 -1.266945
v 0.175300 1.132717 -1.103871
v 0.175300 1.132717 -0.889178
v 0.175300 1.021800 -0.889178
v 0.175300 0.814035 -0.889178
v 0.175300 0.365262 -0.889178
v 0.175300 0.303486 -0.889178
v 0.175300 0.225892 -0.889178
v 0.175300 0.066744 -0.889178
v 0.154970 0.066744 -0.913277
v 0.154970 -0.033567 -0.913277
v 0.154970 -0.033567 -0.970023
v 0.154970 -0.033567 -0.992629
v 0.154970 -0.033567 -1.426250
v 0.154970 -0.033567 -1.446343
v 0.154970 -0.033567 -1.460781
v 0.154970 -0.033567 -1.476858
v 0.154970 -0.033567 -1.577055
v 0.154970 0.066744 -1.577055
v 0.175300 0.066744 -1.634069
v 0.175300 -0.113651 -1.634069
v 0.175300 -0.113651 -1.521629
v 0.175300 -0.113651 -1.503587
v 0.175300 -0.113651 -1.487385
v 0.175300 -0.113651 -1.464837
v 0.175300 -0.113651 -0.978226
v 0.175300 -0.113651 -0.952858
v 0.175300 -0.113651 -0.889178
v 0.175300 -0.228188 -0.889178
v 0.175300 -0.406717 -0.889178
v 0.175300 -0.960192 -0.889178
v 0.175300 -1.446888 -0.889177
v 0.175300 -1.503068 -0.889177
v 0.175300 -1.573218 -0.889177
v 0.175300 -1.656902 -0.889177
v 0.175300 -1.742587 -0.889177
v 0.175300 -1.742587 -0.811116
v 0.175300 -1.742587 -0.244681
v 0.175300 -1.742587 0.286705
v 0.175300 -1.742587 0.672747
v 0.175300 -1.742587 1.247146
v 0.175300 -1.742587 1.788512
v 0.175300 -1.742587 2.100120
v 0.175300 -1.656902 2.100120
v 0.175300 -1.573218 2.100120
v 0.175300 -1.573218 1.788512
v 0.175300 -1.503068 1.788512
v 0.175300 -1.446888 1.788512
v 0.175300 -0.960192 1.788512
v 0.175300 -0.960192 1.591653
v 0.175300 -0.406717 1.591652
v 0.175300 -0.228188 1.591652
v 0.175300 -0.228188 1.788512
v 0.175300 -0.113651 1.788512
v 0.175300 -0.410168 2.374872
v 0.175300 -0.298660 2.374872
v 0.175300 0.066744 1.788512
v 0.175300 0.225892 1.788512
v 0.175300 0.225892 1.882916
v 0.175300 0.303486 1.882916
v 0.175300 0.303486 1.788512
v 0.175300 0.365262 1.788512
v 0.175300 0.814035 1.788512
v 0.175300 0.814035 1.656185
v 0.175300 1.021800 1.656185
v 0.175300 1.021800 1.788512
v 0.175300 1.132717 1.788512
v 0.175300 1.132717 1.958481
v 0.175300 1.132717 2.140555
v 0.175300 1.308934 2.140555
v 0.175300 1.475271 2.140555
v 0.175300 1.475271 1.958481
v 0.175300 1.308934 1.958481
v 0.175300 1.308934 1.788512
v 0.175300 1.308934 1.247145
v 0.175300 1.308934 0.672747
v 0.175300 1.308934 0.286705
v 0.175300 1.976852 0.286705
v 0.175300 1.976852 -0.244681
v -1.391239 1.976852 0.204381
v -1.296561 1.976852 0.204381
v -1.153747 1.976852 0.204381
v -1.014355 1.976852 0.204381
v -0.426516 1.976852 0.204381
v -0.415153 1.976852 0.204381
v 0.175300 1.976852 0.204381
v 0.276200 1.976852 0.204381
v 0.276200 1.308934 0.204381
v 0.338968 1.308934 0.204381
v 0.538593 1.308934 0.204381
v 0.733166 1.308934 0.204381
v 1.464728 1.308934 0.204381
v 1.570015 1.308934 0.204381
v 1.748317 1.308934 0.204381
v 1.918717 1.308934 0.204381
v 2.185214 1.308934 0.204381
v 2.289706 1.308934 0.204381
v 2.456183 1.308934 0.204381
v 2.621744 1.308934 0.204381
v 2.621744 1.475270 0.204381
v 2.804176 1.475270 0.204381
v 2.804176 1.308934 0.204381
v 2.804176 1.132717 0.204381
v 2.621744 1.132717 0.204381
v 2.621744 1.021800 0.204381
v 2.621744 0.066744 0.204382
v 3.309139 0.066744 0.204382
v 3.309139 -0.113651 0.204382
v 2.621744 -0.113651 0.204382
v 2.621744 -0.228188 0.204382
v 2.621744 -0.406717 0.204382
v 2.621744 -0.960192 0.204382
v 2.621744 -1.446888 0.204382
v 2.621744 -1.503068 0.204382
v 2.621744 -1.573218 0.204382
v 2.621744 -1.742587 0.204382
v 2.456183 -1.742587 0.204382
v 2.289706 -1.742587 0.204382
v 2.185214 -1.742587 0.204382
v 1.918718 -1.742587 0.204382
v 1.748317 -1.742587 0.204382
v 1.570015 -1.742587 0.204382
v 1.464728 -1.742587 0.204382
v 0.733166 -1.742587 0.204382
v 0.538593 -1.742587 0.204382
v 0.338968 -1.742587 0.204382
v 0.276200 -1.742587 0.204382
v 0.175300 -1.742587 0.204382
v -0.415153 -1.742587 0.204382
v -0.426516 -1.742587 0.204382
v -1.014355 -1.742587 0.204382
v -1.153747 -1.742587 0.204382
v -1.296561 -1.742587 0.204382
v -1.391239 -1.742587 0.204382
v -1.462119 -1.742587 0.204382
v -1.616754 -1.742587 0.204382
v -1.616754 -1.656902 0.204382
v -1.616754 -1.573218 0.204382
v -1.462119 -1.573218 0.204382
v -1.462119 -1.503068 0.204382
v -1.462119 -1.446888 0.204382
v -1.462119 -0.960192 0.204382
v -1.462119 -0.406717 0.204382
v -1.462119 -0.228188 0.204382
v -1.462119 -0.113651 0.204382
v -2.032862 -0.113651 0.204382
v -2.032862 0.066744 0.204382
v -1.462119 0.066744 0.204382
v -1.462119 0.225892 0.204382
v -1.462119 0.303486 0.204382
v -1.462119 0.365262 0.204382
v -1.298508 0.365262 0.204382
v -1.298508 0.814035 0.204381
v -1.298508 1.021800 0.204381
v -1.462119 1.021800 0.204381
v -1.462119 1.132717 0.204381
v -1.650720 1.132717 0.204381
v -1.650720 1.308934 0.204381
v -1.650720 1.475270 0.204381
v -1.462119 1.475270 0.204381
v -1.462119 1.308934 0.204381
v -1.391239 1.308934 0.204381
v -1.014355 2.076875 -0.811117
v -0.426516 2.076875 -0.811117
v -0.426516 2.076875 -0.889178
v -1.014355 2.076875 -0.889178
v -1.391239 2.076875 -0.811117
v -1.296561 2.076875 -0.811117
v -1.296561 2.076875 -0.889178
v -1.391239 2.076875 -0.889178
v -1.153747 2.076875 -0.811117
v -1.153747 2.076875 -0.889178
v -1.391239 2.076875 0.204381
v -1.296561 2.076875 0.204381
v -1.296561 2.076875 -0.244681
v -1.391239 2.076875 -0.244681
v -0.415153 2.076875 -0.811117
v -0.415153 2.076875 -0.889178
v 0.175300 2.076875 -0.811117
v 0.175300 2.076875 -0.889178
v 0.276200 2.076875 -0.811117
v 0.276200 2.076875 -0.889178
v 0.175300 2.076875 0.204381
v 0.175300 2.076875 -0.244681
v 0.276200 2.076875 0.204381
v 0.276200 2.076875 -0.244681
v -1.391239 2.076875 0.286705
v -1.296561 2.076875 0.286705
v -1.153747 2.076875 0.204381
v -1.153747 2.076875 0.286705
v -1.014355 2.076875 0.204381
v -1.014355 2.076875 0.286705
v -0.426516 2.076875 0.286705
v -0.426516 2.076875 0.204381
v -0.415153 2.076875 0.204381
v -0.415153 2.076875 0.286705
v 0.175300 2.076875 0.286705
v 0.276200 2.076875 0.286705
v 0.733166 -0.113651 1.848760
v 0.598841 -0.113651 1.848760
v 0.733166 -0.113651 2.338615
v 0.598841 -0.113651 2.338615
v 2.185214 -0.113651 2.338615
v 2.185214 -0.113651 1.848760
v 2.289706 -0.113651 1.848760
v 2.289706 -0.113651 2.338615
v 2.395935 -0.113651 1.848760
v 2.395935 -0.113651 2.338615
v 1.570015 -0.113651 2.338615
v 1.570015 -0.113651 1.848760
v 1.748317 -0.113651 1.848760
v 1.748317 -0.113651 2.338615
v 1.464728 -0.113651 1.848760
v 1.464728 -0.113651 2.338615
v 1.918718 -0.113651 1.848760
v 1.918718 -0.113651 2.338615
v 0.733166 -0.113651 1.728264
v 0.598841 -0.113651 1.728264
v 0.598841 -0.113651 0.937557
v 0.733166 -0.113651 0.937557
v 2.289706 -0.113651 1.728264
v 2.185214 -0.113651 1.728264
v 2.185214 -0.113651 0.937557
v 2.289706 -0.113651 0.937557
v 2.395935 -0.113651 1.728264
v 2.395935 -0.113651 0.937557
v 1.748317 -0.113651 0.937557
v 1.748317 -0.113651 1.728264
v 1.570015 -0.113651 1.728264
v 1.570015 -0.113651 0.937557
v 1.464728 -0.113651 1.728264
v 1.464728 -0.113651 0.937557
v 1.918718 -0.113651 0.937557
v 1.918718 -0.113651 1.728264
v 0.733166 -0.083625 1.848760
v 0.598841 -0.083625 1.848760
v 0.733166 -0.083625 2.338615
v 0.598841 -0.083625 2.338615
v 2.185214 -0.083625 2.338615
v 2.185214 -0.083625 1.848760
v 2.289706 -0.083625 1.848760
v 2.289706 -0.083625 2.338615
v 2.395935 -0.083625 1.848760
v 2.395935 -0.083625 2.338615
v 1.570015 -0.083625 2.338615
v 1.570015 -0.083625 1.848760
v 1.748317 -0.083625 1.848760
v 1.748317 -0.083625 2.338615
v 1.464728 -0.083625 1.848760
v 1.464728 -0.083625 2.338615
v 1.918718 -0.083625 1.848760
v 1.918718 -0.083625 2.338615
v 0.733166 -0.083625 1.728264
v 0.598841 -0.083625 1.728264
v 0.598841 -0.083625 0.937557
v 0.733166 -0.083625 0.937557
v 2.289706 -0.083625 1.728264
v 2.185214 -0.083625 1.728264
v 2.185214 -0.083625 0.937557
v 2.289706 -0.083625 0.937557
v 2.395935 -0.083625 1.728264
v 2.395935 -0.083625 0.937557
v 1.748317 -0.083625 0.937557
v 1.748317 -0.083625 1.728264
v 1.570015 -0.083625 1.728264
v 1.570015 -0.083625 0.937557
v 1.464728 -0.083625 1.728264
v 1.464728 -0.083625 0.937557
v 1.918718 -0.083625 0.937557
v 1.918718 -0.083625 1.728264
v 2.551204 0.225892 0.286705
v 2.551204 0.225892 0.672747
v 2.551204 0.303486 0.286705
v 2.551204 0.303486 0.672747
v 2.551204 0.066744 0.286705
v 2.551204 0.066744 0.672747
v 2.551204 0.365262 0.672747
v 2.551204 0.365262 0.286705
v 2.551204 0.814035 0.286705
v 2.551204 0.814035 0.672747
v 2.551204 1.021800 0.286705
v 2.551204 1.021800 0.672747
v 2.551204 0.814035 1.788512
v 2.551204 0.814035 1.247145
v 2.551204 1.021800 1.247145
v 2.551204 1.021800 1.788512
v 2.551204 0.365262 1.788512
v 2.551204 0.365262 1.247146
v 2.551204 0.303486 1.247146
v 2.551204 0.303486 1.788512
v 2.551204 0.225892 1.247146
v 2.551204 0.225892 1.788512
v 2.551204 0.066744 1.247146
v 2.551204 0.066744 1.788512
v 2.551204 0.814035 0.204381
v 2.551204 0.814035 -0.244681
v 2.551204 1.021800 -0.244681
v 2.551204 1.021800 0.204381
v 2.551204 0.365262 0.204382
v 2.551204 0.365262 -0.244681
v 2.551204 0.303486 -0.244681
v 2.551204 0.303486 0.204382
v 2.551204 0.225892 -0.244681
v 2.551204 0.225892 0.204382
v 2.551204 0.066744 -0.244681
v 2.551204 0.066744 0.204382
v 2.551204 0.066744 -0.811116
v 2.551204 0.225892 -0.811116
v 2.551204 0.303486 -0.811116
v 2.551204 0.365262 -0.811116
v 2.551204 0.814035 -0.811117
v 2.551204 1.021800 -0.811117
v 2.641826 -0.113651 -0.869095
v 2.641826 -0.113651 -0.811116
v 3.289056 -0.113651 -0.869095
v 3.289056 -0.113651 -0.811116
v 2.641826 -0.113651 1.788512
v 3.289056 -0.113651 1.788512
v 3.289056 -0.113651 2.378781
v 2.641826 -0.113651 2.378780
v 2.641826 -0.113651 0.286705
v 2.641826 -0.113651 0.672747
v 3.289056 -0.113651 0.286705
v 3.289056 -0.113651 0.672747
v 2.641826 -0.113651 1.247146
v 3.289056 -0.113651 1.247146
v 2.641826 -0.113651 -0.244681
v 2.641826 -0.113651 0.204382
v 3.289056 -0.113651 -0.244681
v 3.289056 -0.113651 0.204382
v 2.641826 -0.080884 -0.869095
v 2.641826 -0.080884 -0.811116
v 3.289056 -0.080884 -0.869095
v 3.289056 -0.080884 -0.811116
v 2.641826 -0.080884 1.788512
v 3.289056 -0.080884 1.788512
v 3.289056 -0.080884 2.378781
v 2.641826 -0.080884 2.378780
v 2.641826 -0.080884 0.286705
v 2.641826 -0.080884 0.672747
v 3.289056 -0.080884 0.286705
v 3.289056 -0.080884 0.672747
v 2.641826 -0.080884 1.247146
v 3.289056 -0.080884 1.247146
v 2.641826 -0.080884 -0.244681
v 2.641826 -0.080884 0.204382
v 3.289056 -0.080884 -0.244681
v 3.289056 -0.080884 0.204382
v 2.962284 -1.742587 -0.889177
v 2.962284 -1.742587 -0.811116
v 2.962284 -1.656902 -0.889177
v 2.962284 -1.656902 -0.811116
v 2.962284 -1.573218 -0.889177
v 2.962284 -1.573218 -0.811116
v 2.962284 -1.656902 0.286705
v 2.962284 -1.656902 0.672747
v 2.962284 -1.573218 0.286705
v 2.962284 -1.573218 0.672747
v 2.962284 -1.742587 0.286705
v 2.962284 -1.742587 0.672747
v 2.962284 -1.656902 1.247146
v 2.962284 -1.656902 1.788512
v 2.962284 -1.573218 1.247146
v 2.962284 -1.573218 1.788512
v 2.962284 -1.742587 1.247146
v 2.962284 -1.742587 1.788512
v 2.962284 -1.656902 -0.244681
v 2.962284 -1.656902 0.204382
v 2.962284 -1.573218 -0.244681
v 2.962284 -1.573218 0.204382
v 2.962284 -1.742587 -0.244681
v 2.962284 -1.742587 0.204382
v 3.121103 -0.080884 2.242586
v 3.266266 -0.080884 2.242586
v 3.266266 -0.080884 2.330788
v 3.121103 -0.080884 2.330788
v 3.140453 -0.157092 2.254344
v 3.246916 -0.157092 2.254344
v 3.246916 -0.157092 2.319031
v 3.140453 -0.157092 2.319031
v 3.156609 -0.157092 2.264160
v 3.230760 -0.157092 2.264160
v 3.230760 -0.157092 2.309215
v 3.156609 -0.157092 2.309215
v 3.156609 -1.700197 2.264160
v 3.230760 -1.700197 2.264160
v 3.230760 -1.700197 2.309215
v 3.156609 -1.700197 2.309215
v 3.123636 -1.754023 2.244125
v 3.263733 -1.754023 2.244125
v 3.263733 -1.754023 2.329249
v 3.123636 -1.754023 2.329249
v 2.275551 1.976852 -0.811117
v 2.275551 1.976852 -0.889178
v 2.275551 2.076875 -0.889178
v 2.275551 2.076875 -0.811117
v 2.275551 1.976852 0.286705
v 2.275551 1.976852 0.204381
v 2.275551 2.076875 0.204381
v 2.275551 2.076875 0.286705
v 2.190490 1.976852 0.204381
v 2.190490 1.976852 0.286705
v 2.190490 2.076875 0.286705
v 2.190490 2.076875 0.204381
v 2.194519 1.976852 -0.811117
v 2.194519 2.076875 -0.811117
v 2.194519 2.076875 -0.889178
v 2.194519 1.976852 -0.889178
v 2.190490 1.293167 0.204381
v 2.190490 1.293167 0.286705
v 2.275551 1.293167 0.204381
v 2.275551 1.293167 0.286705
v 2.194519 1.293167 -0.889178
v 2.194519 1.293167 -0.811117
v 2.275551 1.293167 -0.889178
v 2.275551 1.293167 -0.811117
v 2.194519 1.976852 0.203984
v 2.194519 2.076875 0.203984
v 2.275551 1.976852 0.203984
v 2.275551 2.076875 0.203984
v 0.175300 1.976852 1.770907
v 0.276200 1.976852 1.770907
v 0.276200 2.076875 1.770907
v 0.175300 2.076875 1.770907
v 2.190490 1.976852 1.770907
v 2.190490 2.076875 1.770907
v 2.275551 1.976852 1.770907
v 2.275551 2.076875 1.770907
v 0.175300 1.976852 1.895914
v 0.276200 1.976852 1.895914
v 0.276200 2.076875 1.895914
v 0.175300 2.076875 1.895914
v 2.190490 1.976852 1.895914
v 2.190490 2.076875 1.895914
v 2.275551 1.976852 1.895914
v 2.275551 2.076875 1.895914
v 0.175300 1.292285 1.770907
v 0.276200 1.292285 1.770907
v 0.276200 1.292285 1.895914
v 0.175300 1.292285 1.895914
v 2.190490 1.292285 1.770907
v 2.275551 1.292285 1.770907
v 2.275551 1.292285 1.895914
v 2.190490 1.292285 1.895914
v 1.233345 1.976852 1.770907
v 1.233345 2.076875 1.770907
v 1.233345 2.076875 1.895914
v 1.233345 1.976852 1.895914
v 0.175300 1.976852 1.895914
v 0.276200 1.976852 1.895914
v 0.276200 2.076875 1.895914
v 0.175300 2.076875 1.895914
v 2.190490 1.976852 1.895914
v 2.190490 2.076875 1.895914
v 2.275551 1.976852 1.895914
v 2.275551 2.076875 1.895914
v 1.233345 1.976852 1.895914
v 1.233345 2.076875 1.895914
v 1.233345 1.976852 1.770907
v 1.233345 1.976852 1.770907
v 1.233345 1.976852 1.770907
v 1.233345 1.976852 1.770907
v 1.233345 1.976852 1.770907
v 1.233345 2.076875 1.770907
v 1.233345 2.076875 1.770907
v 1.233345 2.076875 1.770907
v 1.233345 2.076875 1.770907
v 1.233345 2.076875 1.770907
v 1.233345 2.076875 1.895914
v 1.233345 2.076875 1.895914
v 1.233345 2.076875 1.895914
v 1.233345 2.076875 1.895914
v 1.233345 2.076875 1.895914
v 1.233345 2.076875 1.895914
v 1.233345 2.076875 1.895914
v 1.233345 1.976852 1.895914
v 1.233345 1.976852 1.895914
v 1.233345 1.976852 1.895914
v 1.233345 1.976852 1.895914
v 1.233345 1.976852 1.895914
v 1.233345 1.976852 1.895914
v 1.233345 1.976852 1.895914
v 1.233345 1.976852 1.895914
v 1.233345 1.976852 1.895914
v 1.233345 1.976852 1.895914
v 1.233345 1.976852 1.895914
v 1.233345 1.976852 1.895914
v 1.233345 2.076875 1.895914
v 1.233345 2.076875 1.895914
v 1.233345 2.076875 1.895914
v 1.233345 2.076875 1.895914
v 1.233345 2.076875 1.895914
v 0.850057 -0.240159 0.924832
v 0.850057 -0.227555 0.932739
v 0.837453 -0.227555 0.924832
v 0.927496 -0.227555 0.924832
v 0.914891 -0.227555 0.932739
v 0.914891 -0.240159 0.924832
v 0.837453 -0.126481 0.924832
v 0.850057 -0.126481 0.932739
v 0.850057 -0.113876 0.924832
v 0.914891 -0.113876 0.924832
v 0.914891 -0.126481 0.932739
v 0.927496 -0.126481 0.924832
v 0.837453 -0.126481 0.881441
v 0.850057 -0.113876 0.881441
v 0.850057 -0.126481 0.873534
v 0.914891 -0.126481 0.873534
v 0.914891 -0.113876 0.881441
v 0.927496 -0.126481 0.881441
v 0.837453 -0.227555 0.881441
v 0.850057 -0.227555 0.873534
v 0.850057 -0.240159 0.881441
v 0.914891 -0.240159 0.881441
v 0.914891 -0.227555 0.873534
v 0.927496 -0.227555 0.881441
v 1.470593 -0.446613 0.883712
v 1.428992 -0.446613 0.874217
v 1.395631 -0.446613 0.900822
v 1.395631 -0.446613 0.943492
v 1.428992 -0.446613 0.970096
v 1.470593 -0.446613 0.960601
v 1.489107 -0.446613 0.922157
v 1.470593 -0.348268 0.883712
v 1.428992 -0.348268 0.874217
v 1.395631 -0.348268 0.900822
v 1.395631 -0.348268 0.943492
v 1.428992 -0.348268 0.970096
v 1.470593 -0.348268 0.960601
v 1.489107 -0.348268 0.922157
v 1.439934 -0.446613 0.922157
v 1.439934 -0.348268 0.922157
v -1.487902 0.341122 1.256844
v -1.392684 0.341122 1.256844
v -1.487902 1.029505 1.256844
v -1.392684 1.029505 1.256844
v -1.487902 1.029505 0.667918
v -1.392684 1.029505 0.667918
v -1.487902 0.341122 0.667918
v -1.392684 0.341122 0.667918
v -1.487902 0.381674 0.667918
v -1.487902 0.381674 1.256844
v -1.392684 0.381674 1.256844
v -1.392684 0.381674 0.667918
v -1.487902 0.988360 0.667918
v -1.487902 0.988360 1.256844
v -1.392684 0.988360 1.256844
v -1.392684 0.988360 0.667918
v -1.487902 0.381674 0.711807
v -1.487902 0.988360 0.711807
v -1.487902 1.029505 0.711807
v -1.392684 1.029505 0.711807
v -1.392684 0.988360 0.711807
v -1.392684 0.381674 0.711807
v -1.392684 0.341122 0.711807
v -1.487902 0.341122 0.711807
v -1.487902 0.381674 1.215605
v -1.487902 0.988360 1.215605
v -1.487902 1.029505 1.215605
v -1.392684 1.029505 1.215605
v -1.392684 0.988360 1.215605
v -1.392684 0.381674 1.215605
v -1.392684 0.341122 1.215605
v -1.487902 0.341122 1.215605
v -1.487902 0.920950 0.711807
v -1.487902 0.920950 0.667918
v -1.392684 0.920950 0.667918
v -1.392684 0.920950 0.711807
v -1.392684 0.920950 1.215605
v -1.392684 0.920950 1.256844
v -1.487902 0.920950 1.256844
v -1.487902 0.920950 1.215605
v -1.487902 0.853541 0.711807
v -1.487902 0.853541 0.667918
v -1.392684 0.853541 0.667918
v -1.392684 0.853541 0.711807
v -1.392684 0.853541 1.215605
v -1.392684 0.853541 1.256844
v -1.487902 0.853541 1.256844
v -1.487902 0.853541 1.215605
v -1.487902 0.786131 0.711807
v -1.487902 0.786131 0.667918
v -1.392684 0.786131 0.667918
v -1.392684 0.786131 0.711807
v -1.392684 0.786131 1.215605
v -1.392684 0.786131 1.256844
v -1.487902 0.786131 1.256844
v -1.487902 0.786131 1.215605
v -1.487902 0.718721 0.711807
v -1.487902 0.718722 0.667918
v -1.392684 0.718722 0.667918
v -1.392684 0.718722 0.711807
v -1.392684 0.718722 1.215605
v -1.392684 0.718722 1.256844
v -1.487902 0.718722 1.256844
v -1.487902 0.718722 1.215605
v -1.487902 0.651312 0.711807
v -1.487902 0.651312 0.667918
v -1.392684 0.651312 0.667918
v -1.392684 0.651312 0.711807
v -1.392684 0.651312 1.215605
v -1.392684 0.651312 1.256844
v -1.487902 0.651312 1.256844
v -1.487902 0.651312 1.215605
v -1.487902 0.583902 0.711807
v -1.487902 0.583902 0.667918
v -1.392684 0.583902 0.667918
v -1.392684 0.583902 0.711807
v -1.392684 0.583903 1.215605
v -1.392684 0.583903 1.256844
v -1.487902 0.583903 1.256844
v -1.487902 0.583903 1.215605
v -1.487902 0.516493 0.711807
v -1.487902 0.516493 0.667918
v -1.392684 0.516493 0.667918
v -1.392684 0.516493 0.711807
v -1.392684 0.516493 1.215605
v -1.392684 0.516493 1.256844
v -1.487902 0.516493 1.256844
v -1.487902 0.516493 1.215605
v -1.487902 0.449083 0.711807
v -1.487902 0.449083 0.667918
v -1.392684 0.449083 0.667918
v -1.392684 0.449083 0.711807
v -1.392684 0.449083 1.215605
v -1.392684 0.449083 1.256844
v -1.487902 0.449083 1.256844
v -1.487902 0.449083 1.215605
v -1.487902 0.910306 0.711807
v -1.487902 0.910306 0.667918
v -1.392684 0.910306 0.667918
v -1.392684 0.910306 0.711807
v -1.392684 0.910307 1.215605
v -1.392684 0.910307 1.256844
v -1.487902 0.910307 1.256844
v -1.487902 0.910307 1.215605
v -1.487902 0.844671 0.711807
v -1.487902 0.844671 0.667918
v -1.392684 0.844671 0.667918
v -1.392684 0.844671 0.711807
v -1.392684 0.844671 1.215605
v -1.392684 0.844671 1.256844
v -1.487902 0.844671 1.256844
v -1.487902 0.844671 1.215605
v -1.487902 0.777261 0.711807
v -1.487902 0.777261 0.667918
v -1.392684 0.777261 0.667918
v -1.392684 0.777261 0.711807
v -1.392684 0.777261 1.215605
v -1.392684 0.777261 1.256844
v -1.487902 0.777261 1.256844
v -1.487902 0.777261 1.215605
v -1.487902 0.709852 0.711807
v -1.487902 0.709852 0.667918
v -1.392684 0.709852 0.667918
v -1.392684 0.709852 0.711807
v -1.392684 0.709852 1.215605
v -1.392684 0.709852 1.256844
v -1.487902 0.709852 1.256844
v -1.487902 0.709852 1.215605
v -1.487902 0.641556 0.711807
v -1.487902 0.641556 0.667918
v -1.392684 0.641556 0.667918
v -1.392684 0.641556 0.711807
v -1.392684 0.641556 1.215605
v -1.392684 0.641556 1.256844
v -1.487902 0.641556 1.256844
v -1.487902 0.641556 1.215605
v -1.487902 0.574146 0.711807
v -1.487902 0.574146 0.667918
v -1.392684 0.574146 0.667918
v -1.392684 0.574146 0.711807
v -1.392684 0.574146 1.215605
v -1.392684 0.574146 1.256844
v -1.487902 0.574146 1.256844
v -1.487902 0.574146 1.215605
v -1.487902 0.507623 0.711807
v -1.487902 0.507623 0.667918
v -1.392684 0.507623 0.667918
v -1.392684 0.507623 0.711807
v -1.392684 0.507623 1.215605
v -1.392684 0.507623 1.256844
v -1.487902 0.507623 1.256844
v -1.487902 0.507623 1.215605
v -1.487902 0.438440 0.711807
v -1.487902 0.438440 0.667918
v -1.392684 0.438440 0.667918
v -1.392684 0.438440 0.711807
v -1.392684 0.438440 1.215605
v -1.392684 0.438440 1.256844
v -1.487902 0.438440 1.256844
v -1.487902 0.438440 1.215605
v -1.506017 0.381674 0.711807
v -1.506017 0.381674 1.215605
v -1.506017 0.438440 1.215605
v -1.506017 0.438440 0.711807
v -1.506017 0.920950 1.215605
v -1.506017 0.920950 0.711807
v -1.506017 0.988360 1.215605
v -1.506017 0.988360 0.711807
v -1.506017 0.853541 1.215605
v -1.506017 0.853541 0.711807
v -1.506017 0.910307 1.215605
v -1.506017 0.910306 0.711807
v -1.506017 0.786131 1.215605
v -1.506017 0.786131 0.711807
v -1.506017 0.844671 1.215605
v -1.506017 0.844671 0.711807
v -1.506017 0.718722 1.215605
v -1.506017 0.718721 0.711807
v -1.506017 0.777261 1.215605
v -1.506017 0.777261 0.711807
v -1.506017 0.651312 1.215605
v -1.506017 0.651312 0.711807
v -1.506017 0.709852 1.215605
v -1.506017 0.709852 0.711807
v -1.506017 0.583903 1.215605
v -1.506017 0.583902 0.711807
v -1.506017 0.641556 1.215605
v -1.506017 0.641556 0.711807
v -1.506017 0.516493 1.215605
v -1.506017 0.516493 0.711807
v -1.506017 0.574146 1.215605
v -1.506017 0.574146 0.711807
v -1.506017 0.449083 1.215605
v -1.506017 0.449083 0.711807
v -1.506017 0.507623 1.215605
v -1.506017 0.507623 0.711807
v -0.423619 -0.044225 -0.917632
v -0.987743 -0.044225 -0.917632
v -0.423619 1.064568 -0.917632
v -0.987743 1.064568 -0.917632
v -0.423619 1.064568 -0.879564
v -0.987743 1.064568 -0.879564
v -0.423619 -0.044225 -0.879564
v -0.987743 -0.044225 -0.879564
v -0.441856 -0.025035 -0.917632
v -0.969506 -0.025035 -0.917632
v -0.969506 1.045378 -0.917632
v -0.441856 1.045378 -0.917632
v -0.423619 -0.044225 -0.953548
v -0.987743 -0.044225 -0.953548
v -0.969506 -0.025035 -0.953548
v -0.441856 -0.025035 -0.953548
v -0.987743 1.064568 -0.953548
v -0.969506 1.045378 -0.953548
v -0.423619 1.064568 -0.953548
v -0.441856 1.045378 -0.953548
v -0.969506 0.528996 -0.953548
v -0.969506 0.528996 -0.917632
v -0.441856 0.528996 -0.917632
v -0.441856 0.528996 -0.953548
v -0.423619 0.529671 -0.953548
v -0.423619 0.529671 -0.917632
v -0.423619 0.529671 -0.879564
v -0.987743 0.529671 -0.879564
v -0.987743 0.529671 -0.917632
v -0.987743 0.529671 -0.953548
v -0.969506 0.914598 -0.953548
v -0.969506 0.914598 -0.917632
v -0.441856 0.914598 -0.917632
v -0.441856 0.914598 -0.953548
v -0.423619 0.929098 -0.953548
v -0.423619 0.929098 -0.917632
v -0.423619 0.929098 -0.879564
v -0.987743 0.929098 -0.879564
v -0.987743 0.929098 -0.917632
v -0.987743 0.929098 -0.953548
v -0.842995 0.914598 -0.917632
v -0.842995 0.528996 -0.917632
v -0.842995 -0.025035 -0.917632
v -0.842995 -0.025035 -0.953548
v -0.852486 -0.044225 -0.953548
v -0.852486 -0.044225 -0.917632
v -0.852486 -0.044225 -0.879564
v -0.852486 0.529671 -0.879564
v -0.852486 0.929098 -0.879564
v -0.852486 1.064568 -0.879564
v -0.852486 1.064568 -0.917632
v -0.852486 1.064568 -0.953548
v -0.842995 1.045378 -0.953548
v -0.842995 1.045378 -0.917632
v -0.583226 0.914598 -0.917632
v -0.583226 0.528996 -0.917632
v -0.583226 -0.025035 -0.917632
v -0.583226 -0.025035 -0.953548
v -0.574761 -0.044225 -0.953548
v -0.574761 -0.044225 -0.917632
v -0.574761 -0.044225 -0.879564
v -0.574761 0.529671 -0.879564
v -0.574761 0.929098 -0.879564
v -0.574761 1.064568 -0.879564
v -0.574761 1.064568 -0.917632
v -0.574761 1.064568 -0.953548
v -0.583226 1.045378 -0.953548
v -0.583226 1.045378 -0.917632
v -0.824759 0.548186 -0.917632
v -0.601462 0.548186 -0.917632
v -0.824759 0.895408 -0.917632
v -0.601462 0.895408 -0.917632
v -0.592997 0.909909 -0.879564
v -0.834250 0.909909 -0.879564
v -0.834250 0.548861 -0.879564
v -0.592997 0.548861 -0.879564
v -0.838801 0.533409 -0.978694
v -0.842995 0.528996 -0.959514
v -0.583226 0.528996 -0.959514
v -0.587419 0.533409 -0.978694
v -0.824759 0.548186 -0.959514
v -0.828953 0.543772 -0.978694
v -0.597267 0.543772 -0.978694
v -0.601462 0.548186 -0.959514
v -0.838801 0.910184 -0.978694
v -0.842995 0.914598 -0.959514
v -0.824759 0.895408 -0.959514
v -0.828953 0.899821 -0.978694
v -0.587419 0.910184 -0.978694
v -0.583226 0.914598 -0.959514
v -0.601462 0.895408 -0.959514
v -0.597267 0.899821 -0.978694
v -0.583226 0.309044 -0.917632
v -0.842995 0.309044 -0.917632
v -0.969506 0.309044 -0.917632
v -0.969506 0.309044 -0.953548
v -0.987743 0.301833 -0.953548
v -0.987743 0.301833 -0.917632
v -0.987743 0.301833 -0.879564
v -0.852486 0.301833 -0.879564
v -0.574761 0.301833 -0.879564
v -0.423619 0.301833 -0.879564
v -0.423619 0.301833 -0.917632
v -0.423619 0.301833 -0.953548
v -0.441856 0.309044 -0.953548
v -0.441856 0.309044 -0.917632
v -0.852486 0.110738 -0.879564
v -0.987743 0.110738 -0.879564
v -0.987743 0.110738 -0.917632
v -0.987743 0.110738 -0.953548
v -0.969506 0.124564 -0.953548
v -0.969506 0.124564 -0.917632
v -0.842995 0.124564 -0.917632
v -0.583226 0.124564 -0.917632
v -0.441856 0.124564 -0.917632
v -0.441856 0.124564 -0.953548
v -0.423619 0.110738 -0.953548
v -0.423619 0.110738 -0.917632
v -0.423619 0.110738 -0.879564
v -0.574761 0.110738 -0.879564
v -0.503646 0.301833 -0.879564
v -0.503646 0.529671 -0.879564
v -0.503646 0.929098 -0.879564
v -0.503646 1.064568 -0.879564
v -0.503646 1.064568 -0.917632
v -0.503646 1.064568 -0.953548
v -0.516708 1.045378 -0.953548
v -0.516708 1.045378 -0.917632
v -0.516708 0.914598 -0.917632
v -0.516708 0.528996 -0.917632
v -0.516708 0.309044 -0.917632
v -0.516708 0.124564 -0.917632
v -0.516708 -0.025035 -0.917632
v -0.516708 -0.025035 -0.953548
v -0.503646 -0.044225 -0.953548
v -0.503646 -0.044225 -0.917632
v -0.503646 -0.044225 -0.879564
v -0.503646 0.110738 -0.879564
v -0.923280 0.301833 -0.879564
v -0.923280 0.529671 -0.879564
v -0.923280 0.929098 -0.879564
v -0.923280 1.064568 -0.879564
v -0.923280 1.064568 -0.917632
v -0.923280 1.064568 -0.953548
v -0.909211 1.045378 -0.953548
v -0.909211 1.045378 -0.917632
v -0.909211 0.914598 -0.917632
v -0.909211 0.528996 -0.917632
v -0.909211 0.309044 -0.917632
v -0.909211 0.124564 -0.917632
v -0.909211 -0.025035 -0.917632
v -0.909211 -0.025035 -0.953548
v -0.923280 -0.044225 -0.953548
v -0.923280 -0.044225 -0.917632
v -0.923280 -0.044225 -0.879564
v -0.923280 0.110738 -0.879564
v -0.890975 0.143754 -0.917632
v -0.842995 0.143754 -0.917632
v -0.890975 0.289855 -0.917632
v -0.842995 0.289855 -0.917632
v -0.583226 0.289855 -0.917632
v -0.534944 0.289855 -0.917632
v -0.534944 0.143754 -0.917632
v -0.583226 0.143754 -0.917632
v -0.904653 0.129361 -0.980462
v -0.909211 0.124564 -0.959614
v -0.842995 0.124564 -0.959614
v -0.842995 0.129361 -0.980462
v -0.890975 0.143754 -0.959614
v -0.895534 0.138957 -0.980462
v -0.842995 0.138957 -0.980462
v -0.842995 0.143754 -0.959614
v -0.904653 0.304248 -0.980462
v -0.909211 0.309044 -0.959614
v -0.890975 0.289855 -0.959614
v -0.895534 0.294652 -0.980462
v -0.842995 0.304248 -0.980462
v -0.842995 0.309044 -0.959614
v -0.842995 0.289855 -0.959614
v -0.842995 0.294652 -0.980462
v -0.583226 0.304248 -0.980462
v -0.583226 0.309044 -0.959614
v -0.583226 0.289855 -0.959614
v -0.583226 0.294652 -0.980462
v -0.521266 0.304248 -0.980462
v -0.516708 0.309044 -0.959614
v -0.534944 0.289855 -0.959614
v -0.530386 0.294652 -0.980462
v -0.521266 0.129361 -0.980462
v -0.516708 0.124564 -0.959614
v -0.534944 0.143754 -0.959614
v -0.530386 0.138957 -0.980462
v -0.583226 0.129361 -0.980462
v -0.583226 0.124564 -0.959614
v -0.583226 0.143754 -0.959614
v -0.583226 0.138957 -0.980462
v -0.890975 0.164155 -0.959614
v -0.895534 0.160698 -0.980462
v -0.904653 0.153782 -0.980462
v -0.909211 0.150324 -0.959614
v -0.909211 0.150324 -0.917632
v -0.969506 0.150324 -0.917632
v -0.969506 0.150324 -0.953548
v -0.987743 0.137422 -0.953548
v -0.987743 0.137422 -0.917632
v -0.987743 0.137422 -0.879564
v -0.923280 0.137422 -0.879564
v -0.852486 0.137422 -0.879564
v -0.574761 0.137422 -0.879564
v -0.503646 0.137422 -0.879564
v -0.423619 0.137422 -0.879564
v -0.423619 0.137422 -0.917632
v -0.423619 0.137422 -0.953548
v -0.441856 0.150324 -0.953548
v -0.441856 0.150324 -0.917632
v -0.516708 0.150324 -0.917632
v -0.516708 0.150324 -0.959614
v -0.521266 0.153782 -0.980462
v -0.530386 0.160698 -0.980462
v -0.534944 0.164155 -0.959614
v -0.534944 0.164155 -0.917632
v -0.890975 0.164155 -0.917632
v -0.895534 0.170235 -0.980462
v -0.890975 0.173105 -0.959614
v -0.890975 0.173105 -0.917632
v -0.534944 0.173105 -0.917632
v -0.534944 0.173105 -0.959614
v -0.530386 0.170235 -0.980462
v -0.521266 0.164495 -0.980462
v -0.516708 0.161625 -0.959614
v -0.516708 0.161625 -0.917632
v -0.441856 0.161625 -0.917632
v -0.441856 0.161625 -0.953548
v -0.423619 0.149128 -0.953548
v -0.423619 0.149128 -0.917632
v -0.423619 0.149128 -0.879564
v -0.503646 0.149128 -0.879564
v -0.574761 0.149128 -0.879564
v -0.852486 0.149128 -0.879564
v -0.923280 0.149128 -0.879564
v -0.987743 0.149128 -0.879564
v -0.987743 0.149128 -0.917632
v -0.987743 0.149128 -0.953548
v -0.969506 0.161625 -0.953548
v -0.969506 0.161625 -0.917632
v -0.909211 0.161625 -0.917632
v -0.909211 0.161625 -0.959614
v -0.904653 0.164495 -0.980462
v -0.890975 0.198356 -0.959614
v -0.895534 0.197145 -0.980462
v -0.904653 0.194721 -0.980462
v -0.909211 0.193510 -0.959614
v -0.909211 0.193510 -0.917632
v -0.969506 0.193510 -0.917632
v -0.969506 0.193510 -0.953548
v -0.987743 0.182156 -0.953548
v -0.987743 0.182156 -0.917632
v -0.987743 0.182156 -0.879564
v -0.923280 0.182156 -0.879564
v -0.852486 0.182156 -0.879564
v -0.574761 0.182156 -0.879564
v -0.503646 0.182156 -0.879564
v -0.423619 0.182156 -0.879564
v -0.423619 0.182156 -0.917632
v -0.423619 0.182156 -0.953548
v -0.441856 0.193510 -0.953548
v -0.441856 0.193510 -0.917632
v -0.516708 0.193510 -0.917632
v -0.516708 0.193510 -0.959614
v -0.521266 0.194721 -0.980462
v -0.530386 0.197145 -0.980462
v -0.534944 0.198356 -0.959614
v -0.534944 0.198356 -0.917632
v -0.890975 0.198356 -0.917632
v -0.890975 0.205197 -0.959614
v -0.895534 0.204434 -0.980462
v -0.904653 0.202909 -0.980462
v -0.909211 0.202147 -0.959614
v -0.909211 0.202147 -0.917632
v -0.969506 0.202147 -0.917632
v -0.969506 0.202147 -0.953548
v -0.987743 0.191103 -0.953548
v -0.987743 0.191103 -0.917632
v -0.987743 0.191103 -0.879564
v -0.923280 0.191103 -0.879564
v -0.852486 0.191103 -0.879564
v -0.574761 0.191103 -0.879564
v -0.503646 0.191103 -0.879564
v -0.423619 0.191103 -0.879564
v -0.423619 0.191103 -0.917632
v -0.423619 0.191103 -0.953548
v -0.441856 0.202147 -0.953548
v -0.441856 0.202147 -0.917632
v -0.516708 0.202147 -0.917632
v -0.516708 0.202147 -0.959614
v -0.521266 0.202909 -0.980462
v -0.530386 0.204434 -0.980462
v -0.534944 0.205197 -0.959614
v -0.534944 0.205197 -0.917632
v -0.890975 0.205197 -0.917632
v -0.890975 0.233970 -0.917632
v -0.890975 0.233970 -0.959614
v -0.895534 0.235097 -0.980462
v -0.904653 0.237352 -0.980462
v -0.909211 0.238479 -0.959614
v -0.909211 0.238479 -0.917632
v -0.969506 0.238479 -0.917632
v -0.969506 0.238479 -0.953548
v -0.987743 0.228738 -0.953548
v -0.987743 0.228738 -0.917632
v -0.987743 0.228738 -0.879564
v -0.923280 0.228738 -0.879564
v -0.852486 0.228738 -0.879564
v -0.574761 0.228738 -0.879564
v -0.503646 0.228738 -0.879564
v -0.423619 0.228738 -0.879564
v -0.423619 0.228738 -0.917632
v -0.423619 0.228738 -0.953548
v -0.441856 0.238479 -0.953548
v -0.441856 0.238479 -0.917632
v -0.516708 0.238479 -0.917632
v -0.516708 0.238479 -0.959614
v -0.521266 0.237352 -0.980462
v -0.530386 0.235097 -0.980462
v -0.534944 0.233970 -0.959614
v -0.534944 0.233970 -0.917632
v -0.890975 0.242503 -0.917632
v -0.890975 0.242503 -0.959614
v -0.895534 0.244191 -0.980462
v -0.904653 0.247566 -0.980462
v -0.909211 0.249254 -0.959614
v -0.909211 0.249254 -0.917632
v -0.969506 0.249254 -0.917632
v -0.969506 0.249254 -0.953548
v -0.987743 0.239899 -0.953548
v -0.987743 0.239899 -0.917632
v -0.987743 0.239899 -0.879564
v -0.923280 0.239899 -0.879564
v -0.852486 0.239899 -0.879564
v -0.574761 0.239899 -0.879564
v -0.503646 0.239899 -0.879564
v -0.423619 0.239899 -0.879564
v -0.423619 0.239899 -0.917632
v -0.423619 0.239899 -0.953548
v -0.441856 0.249254 -0.953548
v -0.441856 0.249254 -0.917632
v -0.516708 0.249254 -0.917632
v -0.516708 0.249254 -0.959614
v -0.521266 0.247566 -0.980462
v -0.530386 0.244191 -0.980462
v -0.534944 0.242503 -0.959614
v -0.534944 0.242503 -0.917632
v -0.890975 0.271511 -0.917632
v -0.890975 0.271511 -0.959614
v -0.895534 0.275103 -0.980462
v -0.904653 0.282290 -0.980462
v -0.909211 0.285882 -0.959614
v -0.909211 0.285882 -0.917632
v -0.969506 0.285882 -0.917632
v -0.969506 0.285882 -0.953548
v -0.987743 0.277840 -0.953548
v -0.987743 0.277840 -0.917632
v -0.987743 0.277840 -0.879564
v -0.923280 0.277840 -0.879564
v -0.852486 0.277840 -0.879564
v -0.574761 0.277840 -0.879564
v -0.503646 0.277840 -0.879564
v -0.423619 0.277840 -0.879564
v -0.423619 0.277840 -0.917632
v -0.423619 0.277840 -0.953548
v -0.441856 0.285882 -0.953548
v -0.441856 0.285882 -0.917632
v -0.516708 0.285882 -0.917632
v -0.516708 0.285882 -0.959614
v -0.521266 0.282290 -0.980462
v -0.530386 0.275103 -0.980462
v -0.534944 0.271511 -0.959614
v -0.534944 0.271511 -0.917632
v -0.890975 0.262957 -0.917632
v -0.890975 0.262957 -0.959614
v -0.895534 0.265987 -0.980462
v -0.904653 0.272050 -0.980462
v -0.909211 0.275081 -0.959614
v -0.909211 0.275081 -0.917632
v -0.969506 0.275081 -0.917632
v -0.969506 0.275081 -0.953548
v -0.987743 0.266652 -0.953548
v -0.987743 0.266652 -0.917632
v -0.987743 0.266652 -0.879564
v -0.923280 0.266652 -0.879564
v -0.852486 0.266652 -0.879564
v -0.574761 0.266652 -0.879564
v -0.503646 0.266652 -0.879564
v -0.423619 0.266652 -0.879564
v -0.423619 0.266652 -0.917632
v -0.423619 0.266652 -0.953548
v -0.441856 0.275081 -0.953548
v -0.441856 0.275081 -0.917632
v -0.516708 0.275081 -0.917632
v -0.516708 0.275081 -0.959614
v -0.521266 0.272050 -0.980462
v -0.530386 0.265987 -0.980462
v -0.534944 0.262957 -0.959614
v -0.534944 0.262957 -0.917632
v -0.534944 0.164155 -0.970428
v -0.890975 0.164155 -0.970428
v -0.890975 0.173105 -0.970428
v -0.534944 0.173105 -0.970428
v -0.534944 0.198356 -0.970428
v -0.890975 0.198356 -0.970428
v -0.890975 0.205197 -0.970428
v -0.534944 0.205197 -0.970428
v -0.534944 0.233970 -0.970428
v -0.890975 0.233970 -0.970428
v -0.890975 0.242503 -0.970428
v -0.534944 0.242503 -0.970428
v -0.534944 0.262957 -0.970428
v -0.890975 0.262957 -0.970428
v -0.890975 0.271511 -0.970428
v -0.534944 0.271511 -0.970428
v 2.659010 -0.982688 1.614328
v 2.659010 -0.982688 0.578348
v 2.659010 -0.323085 1.614328
v 2.659010 -0.323085 0.578348
v 2.619286 -0.323085 1.614328
v 2.619286 -0.323085 0.578348
v 2.619286 -0.982688 1.614328
v 2.619286 -0.982688 0.578348
v 2.659010 -0.953766 1.614328
v 2.619286 -0.953766 1.614328
v 2.619286 -0.953766 0.578348
v 2.659010 -0.953766 0.578348
v 2.659010 -0.354171 1.614328
v 2.619286 -0.354171 1.614328
v 2.619286 -0.354171 0.578348
v 2.659010 -0.354171 0.578348
v 2.659010 -0.323085 1.578733
v 2.619286 -0.323085 1.578733
v 2.619286 -0.354171 1.578733
v 2.619286 -0.953766 1.578733
v 2.619286 -0.982688 1.578733
v 2.659010 -0.982688 1.578733
v 2.659010 -0.953766 1.578733
v 2.659010 -0.354171 1.578733
v 2.659010 -0.323085 0.615340
v 2.619286 -0.323085 0.615340
v 2.619286 -0.354171 0.615340
v 2.619286 -0.953766 0.615340
v 2.619286 -0.982688 0.615340
v 2.659010 -0.982688 0.615340
v 2.659010 -0.953766 0.615340
v 2.659010 -0.354171 0.615340
v 2.659010 -0.953766 1.257602
v 2.659010 -0.982688 1.257602
v 2.619286 -0.982688 1.257602
v 2.619286 -0.953766 1.257602
v 2.619286 -0.354171 1.257602
v 2.619286 -0.323085 1.257602
v 2.659010 -0.323085 1.257602
v 2.659010 -0.354171 1.257602
v 2.659010 -0.953766 0.936471
v 2.659010 -0.982688 0.936471
v 2.619286 -0.982688 0.936471
v 2.619286 -0.953766 0.936471
v 2.619286 -0.354171 0.936471
v 2.619286 -0.323085 0.936471
v 2.659010 -0.323085 0.936471
v 2.659010 -0.354171 0.936471
v 2.659010 -0.953766 1.272680
v 2.659010 -0.982688 1.272680
v 2.619286 -0.982688 1.272680
v 2.619286 -0.953766 1.272680
v 2.619286 -0.354171 1.272680
v 2.619286 -0.323085 1.272680
v 2.659010 -0.323085 1.272680
v 2.659010 -0.354171 1.272680
v 2.659010 -0.953766 0.921393
v 2.659010 -0.982688 0.921393
v 2.619286 -0.982688 0.921393
v 2.619286 -0.953766 0.921393
v 2.619286 -0.354171 0.921393
v 2.619286 -0.323085 0.921393
v 2.659010 -0.323085 0.921393
v 2.659010 -0.354171 0.921393
v 2.623495 -0.354171 0.921393
v 2.623495 -0.953766 0.921393
v 2.623495 -0.953766 0.615340
v 2.623495 -0.354171 0.615340
v 2.623495 -0.354171 1.257602
v 2.623495 -0.953766 1.257602
v 2.623495 -0.953766 0.936471
v 2.623495 -0.354171 0.936471
v 2.623495 -0.953766 1.578733
v 2.623495 -0.354171 1.578733
v 2.623495 -0.953766 1.272680
v 2.623495 -0.354171 1.272680
v -1.408175 1.873287 -0.402872
v -1.408175 1.873287 0.234436
v -1.408175 1.960424 -0.402872
v -1.408175 1.960424 0.234436
v -1.393366 1.960424 -0.402872
v -1.393366 1.960424 0.234436
v -1.393366 1.873287 -0.402872
v -1.393366 1.873287 0.234436
v -1.408175 1.873287 -0.402872
v -1.408175 1.873287 0.234436
v -1.408175 1.960424 0.234436
v -1.408175 1.960424 -0.402872
v -1.408175 1.882284 -0.402872
v -1.393366 1.882284 -0.402872
v -1.393366 1.882284 0.234436
v -1.408175 1.882284 0.234436
v -1.408175 1.882284 0.234436
v -1.408175 1.882284 -0.402872
v -1.408175 1.950945 0.234436
v -1.408175 1.950945 0.234436
v -1.408175 1.950945 -0.402872
v -1.408175 1.950945 -0.402872
v -1.393366 1.950945 -0.402872
v -1.393366 1.950945 0.234436
v -1.408175 1.873287 0.224550
v -1.408175 1.873287 0.224550
v -1.408175 1.882284 0.224550
v -1.408175 1.950945 0.224550
v -1.408175 1.960424 0.224550
v -1.408175 1.960424 0.224550
v -1.393366 1.960424 0.224550
v -1.393366 1.950945 0.224550
v -1.393366 1.882284 0.224550
v -1.393366 1.873287 0.224550
v -1.408175 1.873287 -0.391846
v -1.408175 1.873287 -0.391846
v -1.408175 1.882284 -0.391846
v -1.408175 1.950945 -0.391846
v -1.408175 1.960424 -0.391846
v -1.408175 1.960424 -0.391846
v -1.393366 1.960424 -0.391846
v -1.393366 1.950945 -0.391846
v -1.393366 1.882284 -0.391846
v -1.393366 1.873287 -0.391846
v -1.408175 1.882284 -0.186381
v -1.408175 1.873287 -0.186381
v -1.408175 1.873287 -0.186381
v -1.393366 1.873287 -0.186381
v -1.393366 1.882284 -0.186381
v -1.393366 1.950945 -0.186381
v -1.393366 1.960424 -0.186381
v -1.408175 1.960424 -0.186381
v -1.408175 1.960424 -0.186381
v -1.408175 1.950945 -0.186381
v -1.408175 1.882284 0.019084
v -1.408175 1.873287 0.019084
v -1.408175 1.873287 0.019084
v -1.393366 1.873287 0.019084
v -1.393366 1.882284 0.019084
v -1.393366 1.950945 0.019084
v -1.393366 1.960424 0.019084
v -1.408175 1.960424 0.019084
v -1.408175 1.960424 0.019084
v -1.408175 1.950945 0.019084
v -1.408175 1.873287 -0.194791
v -1.408175 1.873287 -0.194791
v -1.408175 1.882284 -0.194791
v -1.408175 1.950945 -0.194791
v -1.408175 1.960424 -0.194791
v -1.408175 1.960424 -0.194791
v -1.393366 1.960424 -0.194791
v -1.393366 1.950945 -0.194791
v -1.393366 1.882284 -0.194791
v -1.393366 1.873287 -0.194791
v -1.408175 1.873287 0.028396
v -1.408175 1.882284 0.028396
v -1.408175 1.950945 0.028396
v -1.408175 1.960424 0.028396
v -1.408175 1.960424 0.028396
v -1.393366 1.960424 0.028396
v -1.393366 1.950945 0.028396
v -1.393366 1.882284 0.028396
v -1.393366 1.873287 0.028396
v -1.408175 1.873287 0.028396
v -1.395676 1.882284 -0.391846
v -1.395676 1.950945 -0.391846
v -1.395676 1.882284 -0.194791
v -1.395676 1.950945 -0.194791
v -1.395676 1.950945 -0.186381
v -1.395676 1.882284 -0.186381
v -1.395677 1.882284 0.019084
v -1.395677 1.950945 0.019084
v -1.395676 1.882284 0.028396
v -1.395676 1.950945 0.028396
v -1.395677 1.882284 0.224550
v -1.395677 1.950945 0.224550
v -1.380868 1.950945 0.028396
v -1.380868 1.882284 0.028396
v -1.380868 1.950945 0.224550
v -1.380868 1.882284 0.224550
v 0.649644 -0.966801 0.905808
v 0.666119 -0.966801 0.905808
v 0.649644 -0.306464 0.905808
v 0.666119 -0.306464 0.905808
v 0.649644 -0.306464 0.889489
v 0.666119 -0.306464 0.889489
v 0.649644 -0.966801 0.889489
v 0.666119 -0.966801 0.889489
v -1.386209 2.104887 -0.753322
v -1.386209 2.128577 -0.753322
v -1.386209 2.140422 -0.732806
v -1.386209 2.128577 -0.712290
v -1.386209 2.104887 -0.712290
v -1.386209 2.093042 -0.732806
v -1.301004 2.104887 -0.753322
v -1.301004 2.128577 -0.753322
v -1.301004 2.140422 -0.732806
v -1.301004 2.128577 -0.712290
v -1.301004 2.104887 -0.712290
v -1.301004 2.093042 -0.732806
v -1.418035 1.404426 -0.753322
v -1.441725 1.404426 -0.753322
v -1.453571 1.404426 -0.732806
v -1.441725 1.404426 -0.712290
v -1.418035 1.404426 -0.712290
v -1.406190 1.404426 -0.732806
v -1.418035 2.072066 -0.753322
v -1.441725 2.072066 -0.753322
v -1.453571 2.072066 -0.732806
v -1.441725 2.072066 -0.712290
v -1.418035 2.072066 -0.712290
v -1.406190 2.072066 -0.732806
v -1.429880 1.404426 -0.732806
v -1.241734 1.979035 -0.753322
v -1.265424 1.979035 -0.753322
v -1.277269 1.979035 -0.732806
v -1.265424 1.979035 -0.712290
v -1.241734 1.979035 -0.712290
v -1.229889 1.979035 -0.732806
v -1.241734 2.041882 -0.753322
v -1.265424 2.041882 -0.753322
v -1.277269 2.041882 -0.732806
v -1.265424 2.041882 -0.712290
v -1.241734 2.041882 -0.712290
v -1.229889 2.041882 -0.732806
v -1.253579 1.979035 -0.732806
v -1.407362 2.126514 -0.753322
v -1.402920 2.103651 -0.753322
v -1.400698 2.092218 -0.732806
v -1.402920 2.103651 -0.712290
v -1.407362 2.126514 -0.712290
v -1.409584 2.137946 -0.732806
v -1.428396 2.114504 -0.753322
v -1.412095 2.098696 -0.753322
v -1.403944 2.090791 -0.732806
v -1.412095 2.098696 -0.712290
v -1.428396 2.114504 -0.712290
v -1.436545 2.122408 -0.732806
v -1.439813 2.093191 -0.753322
v -1.416854 2.089012 -0.753322
v -1.405374 2.086923 -0.732806
v -1.416854 2.089012 -0.712290
v -1.439813 2.093191 -0.712290
v -1.451294 2.095281 -0.732806
v -1.281841 2.127222 -0.753322
v -1.280386 2.138872 -0.732806
v -1.281841 2.127222 -0.712290
v -1.284751 2.103921 -0.712290
v -1.286205 2.092270 -0.732806
v -1.284751 2.103921 -0.753322
v -1.262744 2.118756 -0.753322
v -1.256318 2.128283 -0.732806
v -1.262744 2.118756 -0.712290
v -1.275598 2.099700 -0.712290
v -1.282025 2.090172 -0.732806
v -1.275598 2.099700 -0.753322
v -1.249482 2.101653 -0.753322
v -1.238980 2.106692 -0.732806
v -1.249482 2.101653 -0.712290
v -1.270488 2.091574 -0.712290
v -1.280990 2.086536 -0.732806
v -1.270488 2.091574 -0.753322
v -1.243648 2.081155 -0.753322
v -1.231968 2.082840 -0.732806
v -1.243648 2.081155 -0.712290
v -1.267008 2.077785 -0.712290
v -1.278688 2.076100 -0.732806
v -1.267008 2.077785 -0.753322
v -1.241929 2.060825 -0.753322
v -1.230091 2.061086 -0.732806
v -1.241929 2.060825 -0.712290
v -1.265604 2.060302 -0.712290
v -1.277443 2.060040 -0.732806
v -1.265604 2.060302 -0.753322
v -1.453571 1.960792 -0.732806
v -1.441725 1.960792 -0.753322
v -1.418035 1.960792 -0.753322
v -1.406190 1.960792 -0.732806
v -1.418035 1.960792 -0.712290
v -1.441725 1.960792 -0.712290
v -1.453571 1.849519 -0.732806
v -1.441725 1.849519 -0.753322
v -1.418035 1.849519 -0.753322
v -1.406190 1.849519 -0.732806
v -1.418035 1.849519 -0.712290
v -1.441725 1.849519 -0.712290
v -1.453571 1.738245 -0.732806
v -1.441725 1.738245 -0.753322
v -1.418035 1.738245 -0.753322
v -1.406190 1.738245 -0.732806
v -1.418035 1.738245 -0.712290
v -1.441725 1.738245 -0.712290
v -1.453571 1.626973 -0.732806
v -1.441725 1.626973 -0.753322
v -1.418035 1.626973 -0.753322
v -1.406190 1.626973 -0.732806
v -1.418035 1.626973 -0.712290
v -1.441725 1.626973 -0.712290
v -1.453571 1.515699 -0.732806
v -1.441725 1.515699 -0.753322
v -1.418035 1.515699 -0.753322
v -1.406190 1.515699 -0.732806
v -1.418035 1.515699 -0.712290
v -1.441725 1.515699 -0.712290
v -1.441725 1.978984 -0.753322
v -1.418035 1.978984 -0.753322
v -1.406190 1.978984 -0.732806
v -1.418035 1.978984 -0.712290
v -1.441725 1.978984 -0.712290
v -1.453569 1.978984 -0.732806
v -1.441725 1.864195 -0.753322
v -1.418035 1.864195 -0.753322
v -1.406190 1.864195 -0.732806
v -1.418035 1.864195 -0.712290
v -1.441725 1.864195 -0.712290
v -1.453571 1.864195 -0.732806
v -1.441725 1.755371 -0.753322
v -1.418035 1.755371 -0.753322
v -1.406190 1.755371 -0.732806
v -1.418035 1.755371 -0.712290
v -1.441725 1.755371 -0.712290
v -1.453571 1.755371 -0.732806
v -1.441725 1.641985 -0.753322
v -1.418035 1.641985 -0.753322
v -1.406190 1.641985 -0.732806
v -1.418035 1.641985 -0.712290
v -1.441725 1.641985 -0.712290
v -1.453571 1.641985 -0.732806
v -1.441725 1.531561 -0.753322
v -1.418035 1.531561 -0.753322
v -1.406190 1.531561 -0.732806
v -1.418035 1.531561 -0.712290
v -1.441725 1.531561 -0.712290
v -1.453571 1.531561 -0.732806
v -1.386209 2.104887 -0.472932
v -1.386209 2.128577 -0.472932
v -1.386209 2.140422 -0.452416
v -1.386209 2.128577 -0.431900
v -1.386209 2.104887 -0.431900
v -1.386209 2.093042 -0.452416
v -1.301004 2.104887 -0.472932
v -1.301004 2.128577 -0.472932
v -1.301004 2.140422 -0.452416
v -1.301004 2.128577 -0.431900
v -1.301004 2.104887 -0.431900
v -1.301004 2.093042 -0.452416
v -1.418035 1.404426 -0.472932
v -1.441725 1.404426 -0.472932
v -1.453571 1.404426 -0.452416
v -1.441725 1.404426 -0.431900
v -1.418035 1.404426 -0.431900
v -1.406190 1.404426 -0.452416
v -1.418035 2.072066 -0.472932
v -1.441725 2.072066 -0.472932
v -1.453571 2.072066 -0.452416
v -1.441725 2.072066 -0.431900
v -1.418035 2.072066 -0.431900
v -1.406190 2.072066 -0.452416
v -1.429880 1.404426 -0.452416
v -1.241734 1.979035 -0.472932
v -1.265424 1.979035 -0.472932
v -1.277269 1.979035 -0.452416
v -1.265424 1.979035 -0.431900
v -1.241734 1.979035 -0.431900
v -1.229889 1.979035 -0.452416
v -1.241734 2.041882 -0.472932
v -1.265424 2.041882 -0.472932
v -1.277269 2.041882 -0.452416
v -1.265424 2.041882 -0.431900
v -1.241734 2.041882 -0.431900
v -1.229889 2.041882 -0.452416
v -1.253579 1.979035 -0.452416
v -1.407362 2.126514 -0.472932
v -1.402920 2.103651 -0.472932
v -1.400698 2.092218 -0.452416
v -1.402920 2.103651 -0.431900
v -1.407362 2.126514 -0.431900
v -1.409584 2.137946 -0.452416
v -1.428396 2.114504 -0.472932
v -1.412095 2.098696 -0.472932
v -1.403944 2.090791 -0.452416
v -1.412095 2.098696 -0.431900
v -1.428396 2.114504 -0.431900
v -1.436545 2.122408 -0.452416
v -1.439813 2.093191 -0.472932
v -1.416854 2.089012 -0.472932
v -1.405374 2.086923 -0.452416
v -1.416854 2.089012 -0.431900
v -1.439813 2.093191 -0.431900
v -1.451294 2.095281 -0.452416
v -1.281841 2.127222 -0.472932
v -1.280386 2.138872 -0.452416
v -1.281841 2.127222 -0.431900
v -1.284751 2.103921 -0.431900
v -1.286205 2.092270 -0.452416
v -1.284751 2.103921 -0.472932
v -1.262744 2.118756 -0.472932
v -1.256318 2.128283 -0.452416
v -1.262744 2.118756 -0.431900
v -1.275598 2.099700 -0.431900
v -1.282025 2.090172 -0.452416
v -1.275598 2.099700 -0.472932
v -1.249482 2.101653 -0.472932
v -1.238980 2.106692 -0.452416
v -1.249482 2.101653 -0.431900
v -1.270488 2.091574 -0.431900
v -1.280990 2.086536 -0.452416
v -1.270488 2.091574 -0.472932
v -1.243648 2.081155 -0.472932
v -1.231968 2.082840 -0.452416
v -1.243648 2.081155 -0.431900
v -1.267008 2.077785 -0.431900
v -1.278688 2.076100 -0.452416
v -1.267008 2.077785 -0.472932
v -1.241929 2.060825 -0.472932
v -1.230091 2.061086 -0.452416
v -1.241929 2.060825 -0.431900
v -1.265604 2.060302 -0.431900
v -1.277443 2.060040 -0.452416
v -1.265604 2.060302 -0.472932
v -1.453571 1.960792 -0.452416
v -1.441725 1.960792 -0.472932
v -1.418035 1.960792 -0.472932
v -1.406190 1.960792 -0.452416
v -1.418035 1.960792 -0.431900
v -1.441725 1.960792 -0.431900
v -1.453571 1.849519 -0.452416
v -1.441725 1.849519 -0.472932
v -1.418035 1.849519 -0.472932
v -1.406190 1.849519 -0.452416
v -1.418035 1.849519 -0.431900
v -1.441725 1.849519 -0.431900
v -1.453571 1.738245 -0.452416
v -1.441725 1.738245 -0.472932
v -1.418035 1.738245 -0.472932
v -1.406190 1.738245 -0.452416
v -1.418035 1.738245 -0.431900
v -1.441725 1.738245 -0.431900
v -1.453571 1.626973 -0.452416
v -1.441725 1.626973 -0.472932
v -1.418035 1.626973 -0.472932
v -1.406190 1.626973 -0.452416
v -1.418035 1.626973 -0.431900
v -1.441725 1.626973 -0.431900
v -1.453571 1.515699 -0.452416
v -1.441725 1.515699 -0.472932
v -1.418035 1.515699 -0.472932
v -1.406190 1.515699 -0.452416
v -1.418035 1.515699 -0.431900
v -1.441725 1.515699 -0.431900
v -1.441725 1.978984 -0.472932
v -1.418035 1.978984 -0.472932
v -1.406190 1.978984 -0.452416
v -1.418035 1.978984 -0.431900
v -1.441725 1.978984 -0.431900
v -1.453569 1.978984 -0.452416
v -1.441725 1.864195 -0.472932
v -1.418035 1.864195 -0.472932
v -1.406190 1.864195 -0.452416
v -1.418035 1.864195 -0.431900
v -1.441725 1.864195 -0.431900
v -1.453571 1.864195 -0.452416
v -1.441725 1.755371 -0.472932
v -1.418035 1.755371 -0.472932
v -1.406190 1.755371 -0.452416
v -1.418035 1.755371 -0.431900
v -1.441725 1.755371 -0.431900
v -1.453571 1.755371 -0.452416
v -1.441725 1.641985 -0.472932
v -1.418035 1.641985 -0.472932
v -1.406190 1.641985 -0.452416
v -1.418035 1.641985 -0.431900
v -1.441725 1.641985 -0.431900
v -1.453571 1.641985 -0.452416
v -1.441725 1.531561 -0.472932
v -1.418035 1.531561 -0.472932
v -1.406190 1.531561 -0.452416
v -1.418035 1.531561 -0.431900
v -1.441725 1.531561 -0.431900
v -1.453571 1.531561 -0.452416
v -1.418035 1.960792 -0.592611
v -1.441725 1.960792 -0.592611
v -1.418035 1.978984 -0.592611
v -1.441725 1.978984 -0.592611
v -1.418035 1.849519 -0.592611
v -1.441725 1.849519 -0.592611
v -1.418035 1.864195 -0.592611
v -1.441725 1.864195 -0.592611
v -1.418035 1.738245 -0.592611
v -1.441725 1.738245 -0.592611
v -1.418035 1.755371 -0.592611
v -1.441725 1.755371 -0.592611
v -1.418035 1.626973 -0.592611
v -1.441725 1.626973 -0.592611
v -1.418035 1.641985 -0.592611
v -1.441725 1.641985 -0.592611
v -1.418035 1.515699 -0.592611
v -1.441725 1.515699 -0.592611
v -1.418035 1.531561 -0.592611
v -1.441725 1.531561 -0.592611
v 1.564035 -1.465050 0.883417
v 2.207073 -1.465050 0.883417
v 1.564035 -0.279087 0.883417
v 2.207073 -0.279087 0.883417
v 1.564035 -0.279087 0.874250
v 2.207073 -0.279087 0.874250
v 1.564035 -1.465050 0.874250
v 2.207073 -1.465050 0.874250
v 1.584823 -1.444525 0.883417
v 2.186286 -1.444525 0.883417
v 2.186286 -0.299612 0.883417
v 1.584823 -0.299612 0.883417
v 1.564035 -1.465050 0.892066
v 2.207073 -1.465050 0.892066
v 2.186286 -1.444525 0.892066
v 1.584823 -1.444525 0.892066
v 2.207073 -0.279087 0.892065
v 2.186286 -0.299612 0.892065
v 1.564035 -0.279087 0.892065
v 1.584823 -0.299612 0.892065
v 2.186286 -0.851934 0.892065
v 2.186286 -0.851934 0.883417
v 1.584823 -0.851934 0.883417
v 1.584823 -0.851934 0.892065
v 1.564035 -0.851212 0.892065
v 1.564035 -0.851212 0.883417
v 1.564035 -0.851212 0.874250
v 2.207073 -0.851212 0.874250
v 2.207073 -0.851212 0.883417
v 2.207073 -0.851212 0.892065
v 2.186286 -0.439495 0.892065
v 2.186286 -0.439495 0.883417
v 1.584823 -0.439495 0.883417
v 1.584823 -0.439495 0.892065
v 1.564035 -0.423985 0.892065
v 1.564035 -0.423985 0.883417
v 1.564035 -0.423985 0.874250
v 2.207073 -0.423985 0.874250
v 2.207073 -0.423985 0.883417
v 2.207073 -0.423985 0.892065
v 2.042077 -0.439495 0.883417
v 2.042077 -0.851934 0.883417
v 2.042077 -1.444525 0.883417
v 2.042077 -1.444525 0.892066
v 2.052896 -1.465050 0.892066
v 2.052896 -1.465050 0.883417
v 2.052896 -1.465050 0.874250
v 2.052896 -0.851212 0.874250
v 2.052896 -0.423985 0.874250
v 2.052896 -0.279087 0.874250
v 2.052896 -0.279087 0.883417
v 2.052896 -0.279087 0.892065
v 2.042077 -0.299612 0.892065
v 2.042077 -0.299612 0.883417
v 1.745968 -0.439495 0.883417
v 1.745968 -0.851934 0.883417
v 1.745968 -1.444525 0.883417
v 1.745968 -1.444525 0.892066
v 1.736320 -1.465050 0.892066
v 1.736320 -1.465050 0.883417
v 1.736320 -1.465050 0.874250
v 1.736320 -0.851212 0.874250
v 1.736320 -0.423985 0.874250
v 1.736320 -0.279087 0.874250
v 1.736320 -0.279087 0.883417
v 1.736320 -0.279087 0.892065
v 1.745968 -0.299612 0.892065
v 1.745968 -0.299612 0.883417
v 2.021290 -0.831409 0.883417
v 1.766755 -0.831409 0.883417
v 2.021290 -0.460020 0.883417
v 1.766755 -0.460020 0.883417
v 1.757107 -0.444510 0.874250
v 2.032109 -0.444510 0.874250
v 2.032109 -0.830687 0.874250
v 1.757107 -0.830687 0.874250
v 2.037296 -0.847214 0.898120
v 2.042077 -0.851934 0.893502
v 1.745968 -0.851934 0.893502
v 1.750749 -0.847214 0.898120
v 2.021290 -0.831409 0.893502
v 2.026071 -0.836129 0.898120
v 1.761975 -0.836129 0.898120
v 1.766755 -0.831409 0.893502
v 2.037296 -0.444215 0.898120
v 2.042077 -0.439495 0.893502
v 2.021290 -0.460020 0.893502
v 2.026071 -0.455300 0.898120
v 1.750749 -0.444215 0.898120
v 1.745968 -0.439495 0.893502
v 1.766755 -0.460020 0.893502
v 1.761975 -0.455300 0.898120
v 1.745968 -1.087194 0.883417
v 2.042077 -1.087194 0.883417
v 2.186286 -1.087194 0.883417
v 2.186286 -1.087194 0.892065
v 2.207073 -1.094907 0.892065
v 2.207073 -1.094907 0.883417
v 2.207073 -1.094907 0.874250
v 2.052896 -1.094907 0.874250
v 1.736320 -1.094907 0.874250
v 1.564035 -1.094907 0.874250
v 1.564035 -1.094907 0.883417
v 1.564035 -1.094907 0.892065
v 1.584823 -1.087194 0.892065
v 1.584823 -1.087194 0.883417
v 2.052896 -1.299302 0.874250
v 2.207073 -1.299302 0.874250
v 2.207073 -1.299302 0.883417
v 2.207073 -1.299302 0.892066
v 2.186286 -1.284514 0.892066
v 2.186286 -1.284514 0.883417
v 2.042077 -1.284514 0.883417
v 1.745968 -1.284514 0.883417
v 1.584823 -1.284514 0.883417
v 1.584823 -1.284514 0.892066
v 1.564035 -1.299302 0.892066
v 1.564035 -1.299302 0.883417
v 1.564035 -1.299302 0.874250
v 1.736320 -1.299302 0.874250
v 1.655256 -1.094907 0.874250
v 1.655256 -0.851212 0.874250
v 1.655256 -0.423985 0.874250
v 1.655256 -0.279087 0.874250
v 1.655256 -0.279087 0.883417
v 1.655256 -0.279087 0.892065
v 1.670145 -0.299612 0.892065
v 1.670145 -0.299612 0.883417
v 1.670145 -0.439495 0.883417
v 1.670145 -0.851934 0.883417
v 1.670145 -1.087194 0.883417
v 1.670145 -1.284514 0.883417
v 1.670145 -1.444525 0.883417
v 1.670145 -1.444525 0.892066
v 1.655256 -1.465050 0.892066
v 1.655256 -1.465050 0.883417
v 1.655256 -1.465050 0.874250
v 1.655256 -1.299302 0.874250
v 2.133593 -1.094907 0.874250
v 2.133593 -0.851212 0.874250
v 2.133593 -0.423985 0.874250
v 2.133593 -0.279087 0.874250
v 2.133593 -0.279087 0.883417
v 2.133593 -0.279087 0.892065
v 2.117556 -0.299612 0.892065
v 2.117556 -0.299612 0.883417
v 2.117556 -0.439495 0.883417
v 2.117556 -0.851934 0.883417
v 2.117556 -1.087194 0.883417
v 2.117556 -1.284514 0.883417
v 2.117556 -1.444525 0.883417
v 2.117556 -1.444525 0.892066
v 2.133593 -1.465050 0.892066
v 2.133593 -1.465050 0.883417
v 2.133593 -1.465050 0.874250
v 2.133593 -1.299302 0.874250
v 2.096770 -1.263988 0.883417
v 2.042077 -1.263988 0.883417
v 2.096770 -1.107719 0.883417
v 2.042077 -1.107719 0.883417
v 1.745968 -1.107719 0.883417
v 1.690933 -1.107719 0.883417
v 1.690933 -1.263988 0.883417
v 1.745968 -1.263988 0.883417
v 2.112360 -1.279383 0.898546
v 2.117556 -1.284514 0.893526
v 2.042077 -1.284514 0.893526
v 2.042077 -1.279383 0.898546
v 2.096770 -1.263988 0.893526
v 2.101965 -1.269119 0.898546
v 2.042077 -1.269119 0.898546
v 2.042077 -1.263988 0.893526
v 2.112360 -1.092325 0.898546
v 2.117556 -1.087194 0.893526
v 2.096770 -1.107719 0.893526
v 2.101965 -1.102589 0.898546
v 2.042077 -1.092325 0.898546
v 2.042077 -1.087194 0.893526
v 2.042077 -1.107719 0.893526
v 2.042077 -1.102589 0.898546
v 1.745968 -1.092325 0.898546
v 1.745968 -1.087194 0.893526
v 1.745968 -1.107719 0.893526
v 1.745968 -1.102589 0.898546
v 1.675342 -1.092325 0.898546
v 1.670145 -1.087194 0.893526
v 1.690933 -1.107719 0.893526
v 1.685737 -1.102589 0.898546
v 1.675342 -1.279383 0.898546
v 1.670145 -1.284514 0.893526
v 1.690933 -1.263988 0.893526
v 1.685737 -1.269119 0.898546
v 1.745968 -1.279383 0.898546
v 1.745968 -1.284514 0.893526
v 1.745968 -1.263988 0.893526
v 1.745968 -1.269119 0.898546
v 2.096770 -1.242168 0.893526
v 2.101965 -1.245865 0.898546
v 2.112360 -1.253263 0.898546
v 2.117556 -1.256961 0.893526
v 2.117556 -1.256961 0.883417
v 2.186286 -1.256961 0.883417
v 2.186286 -1.256961 0.892066
v 2.207073 -1.270761 0.892066
v 2.207073 -1.270761 0.883417
v 2.207073 -1.270761 0.874250
v 2.133593 -1.270761 0.874250
v 2.052896 -1.270761 0.874250
v 1.736320 -1.270761 0.874250
v 1.655256 -1.270761 0.874250
v 1.564035 -1.270761 0.874250
v 1.564035 -1.270761 0.883417
v 1.564035 -1.270761 0.892066
v 1.584823 -1.256961 0.892066
v 1.584823 -1.256961 0.883417
v 1.670145 -1.256961 0.883417
v 1.670145 -1.256961 0.893526
v 1.675342 -1.253263 0.898546
v 1.685737 -1.245865 0.898546
v 1.690933 -1.242168 0.893526
v 1.690933 -1.242168 0.883417
v 2.096770 -1.242168 0.883417
v 2.101965 -1.235664 0.898546
v 2.096770 -1.232595 0.893526
v 2.096770 -1.232595 0.883417
v 1.690933 -1.232595 0.883417
v 1.690933 -1.232595 0.893526
v 1.685737 -1.235664 0.898546
v 1.675342 -1.241804 0.898546
v 1.670145 -1.244873 0.893526
v 1.670145 -1.244873 0.883417
v 1.584823 -1.244873 0.883417
v 1.584823 -1.244873 0.892066
v 1.564035 -1.258240 0.892066
v 1.564035 -1.258240 0.883417
v 1.564035 -1.258240 0.874250
v 1.655256 -1.258240 0.874250
v 1.736320 -1.258240 0.874250
v 2.052896 -1.258240 0.874250
v 2.133593 -1.258240 0.874250
v 2.207073 -1.258240 0.874250
v 2.207073 -1.258240 0.883417
v 2.207073 -1.258240 0.892066
v 2.186286 -1.244873 0.892066
v 2.186286 -1.244873 0.883417
v 2.117556 -1.244873 0.883417
v 2.117556 -1.244873 0.893526
v 2.112360 -1.241804 0.898546
v 2.096770 -1.205586 0.893526
v 2.101965 -1.206882 0.898546
v 2.112360 -1.209474 0.898546
v 2.117556 -1.210769 0.893526
v 2.117556 -1.210769 0.883417
v 2.186286 -1.210769 0.883417
v 2.186286 -1.210769 0.892066
v 2.207073 -1.222914 0.892066
v 2.207073 -1.222914 0.883417
v 2.207073 -1.222914 0.874250
v 2.133593 -1.222914 0.874250
v 2.052896 -1.222914 0.874250
v 1.736320 -1.222914 0.874250
v 1.655256 -1.222914 0.874250
v 1.564035 -1.222914 0.874250
v 1.564035 -1.222914 0.883417
v 1.564035 -1.222914 0.892066
v 1.584823 -1.210769 0.892066
v 1.584823 -1.210769 0.883417
v 1.670145 -1.210769 0.883417
v 1.670145 -1.210769 0.893526
v 1.675342 -1.209474 0.898546
v 1.685737 -1.206882 0.898546
v 1.690933 -1.205586 0.893526
v 1.690933 -1.205586 0.883417
v 2.096770 -1.205586 0.883417
v 2.096770 -1.198269 0.893526
v 2.101965 -1.199085 0.898546
v 2.112360 -1.200716 0.898546
v 2.117556 -1.201531 0.893526
v 2.117556 -1.201531 0.883417
v 2.186286 -1.201531 0.883417
v 2.186286 -1.201531 0.892066
v 2.207073 -1.213344 0.892066
v 2.207073 -1.213344 0.883417
v 2.207073 -1.213344 0.874250
v 2.133593 -1.213344 0.874250
v 2.052896 -1.213344 0.874250
v 1.736320 -1.213344 0.874250
v 1.655256 -1.213344 0.874250
v 1.564035 -1.213344 0.874250
v 1.564035 -1.213344 0.883417
v 1.564035 -1.213344 0.892066
v 1.584823 -1.201531 0.892066
v 1.584823 -1.201531 0.883417
v 1.670145 -1.201531 0.883417
v 1.670145 -1.201531 0.893526
v 1.675342 -1.200716 0.898546
v 1.685737 -1.199085 0.898546
v 1.690933 -1.198269 0.893526
v 1.690933 -1.198269 0.883417
v 2.096770 -1.198269 0.883417
v 2.096770 -1.167494 0.883417
v 2.096770 -1.167494 0.893526
v 2.101965 -1.166288 0.898546
v 2.112360 -1.163876 0.898546
v 2.117556 -1.162670 0.893526
v 2.117556 -1.162670 0.883417
v 2.186286 -1.162670 0.883417
v 2.186286 -1.162670 0.892065
v 2.207073 -1.173090 0.892065
v 2.207073 -1.173090 0.883417
v 2.207073 -1.173090 0.874250
v 2.133593 -1.173090 0.874250
v 2.052896 -1.173090 0.874250
v 1.736320 -1.173090 0.874250
v 1.655256 -1.173090 0.874250
v 1.564035 -1.173090 0.874250
v 1.564035 -1.173090 0.883417
v 1.564035 -1.173090 0.892065
v 1.584823 -1.162670 0.892065
v 1.584823 -1.162670 0.883417
v 1.670145 -1.162670 0.883417
v 1.670145 -1.162670 0.893526
v 1.675342 -1.163876 0.898546
v 1.685737 -1.166288 0.898546
v 1.690933 -1.167494 0.893526
v 1.690933 -1.167494 0.883417
v 2.096770 -1.158366 0.883417
v 2.096770 -1.158366 0.893526
v 2.101965 -1.156562 0.898546
v 2.112360 -1.152951 0.898546
v 2.117556 -1.151146 0.893526
v 2.117556 -1.151146 0.883417
v 2.186286 -1.151146 0.883417
v 2.186286 -1.151146 0.892065
v 2.207073 -1.161152 0.892065
v 2.207073 -1.161152 0.883417
v 2.207073 -1.161152 0.874250
v 2.133593 -1.161152 0.874250
v 2.052896 -1.161152 0.874250
v 1.736320 -1.161152 0.874250
v 1.655256 -1.161152 0.874250
v 1.564035 -1.161152 0.874250
v 1.564035 -1.161152 0.883417
v 1.564035 -1.161152 0.892065
v 1.584823 -1.151146 0.892065
v 1.584823 -1.151146 0.883417
v 1.670145 -1.151146 0.883417
v 1.670145 -1.151146 0.893526
v 1.675342 -1.152951 0.898546
v 1.685737 -1.156562 0.898546
v 1.690933 -1.158366 0.893526
v 1.690933 -1.158366 0.883417
v 2.096770 -1.127340 0.883417
v 2.096770 -1.127340 0.893526
v 2.101965 -1.123497 0.898546
v 2.112360 -1.115811 0.898546
v 2.117556 -1.111968 0.893526
v 2.117556 -1.111968 0.883417
v 2.186286 -1.111968 0.883417
v 2.186286 -1.111968 0.892065
v 2.207073 -1.120570 0.892065
v 2.207073 -1.120570 0.883417
v 2.207073 -1.120570 0.874250
v 2.133593 -1.120570 0.874250
v 2.052896 -1.120570 0.874250
v 1.736320 -1.120570 0.874250
v 1.655256 -1.120570 0.874250
v 1.564035 -1.120570 0.874250
v 1.564035 -1.120570 0.883417
v 1.564035 -1.120570 0.892065
v 1.584823 -1.111968 0.892065
v 1.584823 -1.111968 0.883417
v 1.670145 -1.111968 0.883417
v 1.670145 -1.111968 0.893526
v 1.675342 -1.115811 0.898546
v 1.685737 -1.123497 0.898546
v 1.690933 -1.127340 0.893526
v 1.690933 -1.127340 0.883417
v 2.096770 -1.136489 0.883417
v 2.096770 -1.136489 0.893526
v 2.101965 -1.133248 0.898546
v 2.112360 -1.126763 0.898546
v 2.117556 -1.123522 0.893526
v 2.117556 -1.123522 0.883417
v 2.186286 -1.123522 0.883417
v 2.186286 -1.123522 0.892065
v 2.207073 -1.132537 0.892065
v 2.207073 -1.132537 0.883417
v 2.207073 -1.132537 0.874250
v 2.133593 -1.132537 0.874250
v 2.052896 -1.132537 0.874250
v 1.736320 -1.132537 0.874250
v 1.655256 -1.132537 0.874250
v 1.564035 -1.132537 0.874250
v 1.564035 -1.132537 0.883417
v 1.564035 -1.132537 0.892065
v 1.584823 -1.123522 0.892065
v 1.584823 -1.123522 0.883417
v 1.670145 -1.123522 0.883417
v 1.670145 -1.123522 0.893526
v 1.675342 -1.126763 0.898546
v 1.685737 -1.133248 0.898546
v 1.690933 -1.136489 0.893526
v 1.690933 -1.136489 0.883417
v 1.690933 -1.242168 0.896130
v 2.096770 -1.242168 0.896130
v 2.096770 -1.232595 0.896130
v 1.690933 -1.232595 0.896130
v 1.690933 -1.205586 0.896130
v 2.096770 -1.205586 0.896130
v 2.096770 -1.198269 0.896130
v 1.690933 -1.198269 0.896130
v 1.690933 -1.167494 0.896130
v 2.096770 -1.167494 0.896130
v 2.096770 -1.158366 0.896130
v 1.690933 -1.158366 0.896130
v 1.690933 -1.136489 0.896130
v 2.096770 -1.136489 0.896130
v 2.096770 -1.127340 0.896130
v 1.690933 -1.127340 0.896130
v 1.750821 0.361576 -0.939885
v 0.714840 0.361576 -0.939885
v 1.750821 1.021179 -0.939885
v 0.714840 1.021179 -0.939885
v 1.750821 1.021179 -0.900161
v 0.714840 1.021179 -0.900161
v 1.750821 0.361576 -0.900161
v 0.714840 0.361576 -0.900161
v 1.750821 0.390498 -0.939885
v 1.750821 0.390498 -0.900161
v 0.714840 0.390498 -0.900161
v 0.714840 0.390498 -0.939885
v 1.750821 0.990093 -0.939885
v 1.750821 0.990093 -0.900161
v 0.714840 0.990093 -0.900161
v 0.714840 0.990093 -0.939885
v 1.715226 1.021179 -0.939885
v 1.715226 1.021179 -0.900161
v 1.715226 0.990093 -0.900161
v 1.715226 0.390498 -0.900161
v 1.715226 0.361576 -0.900161
v 1.715226 0.361576 -0.939885
v 1.715226 0.390498 -0.939885
v 1.715226 0.990093 -0.939885
v 0.751832 1.021179 -0.939885
v 0.751832 1.021179 -0.900161
v 0.751832 0.990093 -0.900161
v 0.751832 0.390498 -0.900161
v 0.751832 0.361576 -0.900161
v 0.751832 0.361576 -0.939885
v 0.751832 0.390498 -0.939885
v 0.751832 0.990093 -0.939885
v 1.394095 0.390498 -0.939885
v 1.394095 0.361576 -0.939885
v 1.394095 0.361576 -0.900161
v 1.394095 0.390498 -0.900161
v 1.394095 0.990093 -0.900161
v 1.394095 1.021179 -0.900161
v 1.394095 1.021179 -0.939885
v 1.394095 0.990093 -0.939885
v 1.072964 0.390498 -0.939885
v 1.072964 0.361576 -0.939885
v 1.072964 0.361576 -0.900161
v 1.072964 0.390498 -0.900161
v 1.072964 0.990093 -0.900161
v 1.072964 1.021179 -0.900161
v 1.072964 1.021179 -0.939885
v 1.072964 0.990093 -0.939885
v 1.409173 0.390498 -0.939885
v 1.409173 0.361576 -0.939885
v 1.409173 0.361576 -0.900161
v 1.409173 0.390498 -0.900161
v 1.409173 0.990093 -0.900161
v 1.409173 1.021179 -0.900161
v 1.409173 1.021179 -0.939885
v 1.409173 0.990093 -0.939885
v 1.057886 0.390498 -0.939885
v 1.057886 0.361576 -0.939885
v 1.057886 0.361576 -0.900161
v 1.057886 0.390498 -0.900161
v 1.057886 0.990093 -0.900161
v 1.057886 1.021179 -0.900161
v 1.057886 1.021179 -0.939885
v 1.057886 0.990093 -0.939885
v 1.057886 0.990093 -0.904370
v 1.057886 0.390498 -0.904370
v 0.751832 0.390498 -0.904370
v 0.751832 0.990093 -0.904370
v 1.394095 0.990093 -0.904370
v 1.394095 0.390498 -0.904370
v 1.072964 0.390498 -0.904370
v 1.072964 0.990093 -0.904370
v 1.715226 0.390498 -0.904370
v 1.715226 0.990093 -0.904370
v 1.409173 0.390498 -0.904370
v 1.409173 0.990093 -0.904370
v 0.170168 0.184991 1.800705
v 0.137163 0.184991 1.793172
v 0.110696 0.184991 1.814279
v 0.110696 0.184991 1.848132
v 0.137163 0.184991 1.869239
v 0.170168 0.184991 1.861706
v 0.184856 0.184991 1.831206
v 0.170168 0.222840 1.800705
v 0.137163 0.222840 1.793172
v 0.110696 0.222840 1.814279
v 0.110696 0.222840 1.848132
v 0.137163 0.222840 1.869239
v 0.170168 0.222840 1.861706
v 0.184856 0.222840 1.831206
v 0.145844 0.184991 1.831206
v 0.145844 0.222840 1.831206
v -1.477962 -0.593828 -0.100881
v -1.519562 -0.593828 -0.110376
v -1.552923 -0.593828 -0.083772
v -1.552923 -0.593828 -0.041102
v -1.519562 -0.593828 -0.014497
v -1.477962 -0.593828 -0.023992
v -1.459448 -0.593828 -0.062437
v -1.477962 -0.495484 -0.100881
v -1.519562 -0.495484 -0.110376
v -1.552923 -0.495484 -0.083772
v -1.552923 -0.495484 -0.041102
v -1.519562 -0.495484 -0.014497
v -1.477962 -0.495484 -0.023992
v -1.459448 -0.495484 -0.062437
v -1.508620 -0.593828 -0.062437
v -1.508620 -0.495484 -0.062437
v 0.540014 -0.496954 1.280781
v 0.540014 -0.113695 1.280781
v 0.637073 -0.113695 1.280781
v 0.540014 -0.113695 0.882082
v 0.637073 -0.113695 0.882082
v 0.540014 -0.496954 0.882082
v 0.620018 -0.479899 1.280781
v 0.637073 -0.438724 1.280781
v 0.578843 -0.496954 1.280781
v 0.620018 -0.479899 0.882082
v 0.578843 -0.496954 0.882082
v 0.637073 -0.438724 0.882082
v 0.637073 -0.424956 1.263891
v 0.637073 -0.424956 0.898971
v 0.637073 -0.127464 0.898971
v 0.637073 -0.127464 1.263891
v 0.631921 -0.424956 1.263891
v 0.631921 -0.424956 0.898971
v 0.631921 -0.127464 0.898971
v 0.631921 -0.127464 1.263891
v 0.631731 -0.424040 1.280781
v 0.616554 -0.460683 1.280781
v 0.631731 -0.134789 1.280781
v 0.545355 -0.134789 1.280781
v 0.545355 -0.475861 1.280781
v 0.579911 -0.475861 1.280781
v 0.631731 -0.424040 1.268440
v 0.616554 -0.460683 1.268440
v 0.631731 -0.134789 1.268440
v 0.545355 -0.134789 1.268440
v 0.545355 -0.475861 1.268440
v 0.579911 -0.475861 1.268440
v -1.448231 0.495607 -1.571593
v 0.273629 0.495607 -1.571593
v -1.448231 0.553914 -1.571593
v 0.273629 0.553914 -1.571593
v -1.448231 0.553914 -1.636902
v 0.273629 0.553914 -1.636902
v -1.448231 0.495607 -1.636902
v 0.273629 0.495607 -1.636902
v -1.391273 0.495607 -1.636902
v -1.391273 0.495607 -1.571593
v -1.391273 0.553914 -1.571593
v -1.391273 0.553914 -1.636902
v 0.228948 0.495607 -1.636902
v 0.228948 0.495607 -1.571593
v 0.228948 0.553914 -1.571593
v 0.228948 0.553914 -1.636902
v -1.448231 0.495607 -0.889260
v -1.391273 0.495607 -0.889260
v -1.391273 0.553915 -0.889260
v -1.448231 0.553915 -0.889260
v 0.116044 0.495607 -1.571593
v 0.116044 0.553914 -1.571593
v 0.116044 0.553914 -1.636902
v 0.116044 0.495607 -1.636902
v -0.051436 0.495607 -1.571593
v -0.051436 0.553914 -1.571593
v -0.051436 0.553914 -1.636902
v -0.051436 0.495607 -1.636902
v -0.218915 0.495607 -1.571593
v -0.218915 0.553914 -1.571593
v -0.218915 0.553914 -1.636902
v -0.218915 0.495607 -1.636902
v -0.386395 0.495607 -1.571593
v -0.386395 0.553914 -1.571593
v -0.386395 0.553914 -1.636902
v -0.386395 0.495607 -1.636902
v -0.553874 0.495607 -1.571593
v -0.553874 0.553914 -1.571593
v -0.553874 0.553914 -1.636902
v -0.553874 0.495607 -1.636902
v -0.721354 0.495607 -1.571593
v -0.721354 0.553914 -1.571593
v -0.721354 0.553914 -1.636902
v -0.721354 0.495607 -1.636902
v -0.888834 0.495607 -1.571593
v -0.888834 0.553914 -1.571593
v -0.888834 0.553914 -1.636902
v -0.888834 0.495607 -1.636902
v -1.056314 0.495607 -1.571593
v -1.056314 0.553914 -1.571593
v -1.056314 0.553914 -1.636902
v -1.056314 0.495607 -1.636902
v -1.223793 0.495607 -1.571593
v -1.223793 0.553914 -1.571593
v -1.223793 0.553914 -1.636902
v -1.223793 0.495607 -1.636902
v 0.127926 0.495607 -1.571593
v 0.127926 0.553914 -1.571593
v 0.127926 0.553914 -1.636902
v 0.127926 0.495607 -1.636902
v -0.042106 0.495607 -1.571593
v -0.042106 0.553914 -1.571593
v -0.042106 0.553914 -1.636902
v -0.042106 0.495607 -1.636902
v -0.209417 0.495607 -1.571593
v -0.209417 0.553914 -1.571593
v -0.209417 0.553914 -1.636902
v -0.209417 0.495607 -1.636902
v -0.379646 0.495607 -1.636902
v -0.379646 0.495607 -1.571593
v -0.379646 0.553914 -1.571593
v -0.379646 0.553914 -1.636902
v -0.548810 0.495607 -1.636902
v -0.548810 0.495607 -1.571593
v -0.548810 0.553914 -1.571593
v -0.548810 0.553914 -1.636902
v -0.716327 0.495607 -1.636902
v -0.716327 0.495607 -1.571593
v -0.716327 0.553914 -1.571593
v -0.716327 0.553914 -1.636902
v -0.883539 0.495607 -1.636902
v -0.883539 0.495607 -1.571593
v -0.883539 0.553914 -1.571593
v -0.883539 0.553914 -1.636902
v -1.049071 0.495607 -1.636902
v -1.049071 0.495607 -1.571593
v -1.049071 0.553914 -1.571593
v -1.049071 0.553914 -1.636902
v -1.216681 0.495607 -1.636902
v -1.216681 0.495607 -1.571593
v -1.216681 0.553914 -1.571593
v -1.216681 0.553914 -1.636902
v -1.383743 0.495607 -1.636902
v -1.383743 0.495607 -1.571593
v -1.383743 0.553914 -1.571593
v -1.383743 0.553914 -1.636902
v -1.448231 0.495607 -1.624030
v -1.448231 0.553914 -1.624030
v -1.391273 0.553914 -1.624030
v -1.383743 0.553914 -1.624030
v -1.223793 0.553914 -1.624030
v -1.216681 0.553914 -1.624030
v -1.056314 0.553914 -1.624030
v -1.049071 0.553914 -1.624030
v -0.888834 0.553914 -1.624030
v -0.883539 0.553914 -1.624030
v -0.721354 0.553914 -1.624030
v -0.716327 0.553914 -1.624030
v -0.553874 0.553914 -1.624030
v -0.548810 0.553914 -1.624030
v -0.386395 0.553914 -1.624030
v -0.379646 0.553914 -1.624030
v -0.218915 0.553914 -1.624030
v -0.209417 0.553914 -1.624030
v -0.051436 0.553914 -1.624030
v -0.042106 0.553914 -1.624030
v 0.116044 0.553914 -1.624030
v 0.127926 0.553914 -1.624030
v 0.228948 0.553914 -1.624030
v 0.273629 0.553914 -1.624030
v 0.273629 0.495607 -1.624030
v 0.228948 0.495607 -1.624030
v 0.127926 0.495607 -1.624030
v 0.116044 0.495607 -1.624030
v -0.042106 0.495607 -1.624030
v -0.051436 0.495607 -1.624030
v -0.209417 0.495607 -1.624030
v -0.218915 0.495607 -1.624030
v -0.379646 0.495607 -1.624030
v -0.386395 0.495607 -1.624030
v -0.548810 0.495607 -1.624030
v -0.553874 0.495607 -1.624030
v -0.716327 0.495607 -1.624030
v -0.721354 0.495607 -1.624030
v -0.883539 0.495607 -1.624030
v -0.888834 0.495607 -1.624030
v -1.049071 0.495607 -1.624030
v -1.056314 0.495607 -1.624030
v -1.216681 0.495607 -1.624030
v -1.223793 0.495607 -1.624030
v -1.383743 0.495607 -1.624030
v -1.391273 0.495607 -1.624030
v -1.448231 0.495607 -1.583397
v -1.448231 0.553914 -1.583397
v -1.391273 0.553914 -1.583397
v -1.383743 0.553914 -1.583397
v -1.223793 0.553914 -1.583397
v -1.216681 0.553914 -1.583397
v -1.056314 0.553914 -1.583397
v -1.049071 0.553914 -1.583397
v -0.888834 0.553914 -1.583397
v -0.883539 0.553914 -1.583397
v -0.721354 0.553914 -1.583397
v -0.716327 0.553914 -1.583397
v -0.553874 0.553914 -1.583397
v -0.548810 0.553914 -1.583397
v -0.386395 0.553914 -1.583397
v -0.379646 0.553914 -1.583397
v -0.218915 0.553914 -1.583397
v -0.209417 0.553914 -1.583397
v -0.051436 0.553914 -1.583397
v -0.042106 0.553914 -1.583397
v 0.116044 0.553914 -1.583397
v 0.127926 0.553914 -1.583397
v 0.228948 0.553914 -1.583397
v 0.273629 0.553914 -1.583397
v 0.273629 0.495607 -1.583397
v 0.228948 0.495607 -1.583397
v 0.127926 0.495607 -1.583397
v 0.116044 0.495607 -1.583397
v -0.042106 0.495607 -1.583397
v -0.051436 0.495607 -1.583397
v -0.209417 0.495607 -1.583397
v -0.218915 0.495607 -1.583397
v -0.379646 0.495607 -1.583397
v -0.386395 0.495607 -1.583397
v -0.548810 0.495607 -1.583397
v -0.553874 0.495607 -1.583397
v -0.716327 0.495607 -1.583397
v -0.721354 0.495607 -1.583397
v -0.883539 0.495607 -1.583397
v -0.888834 0.495607 -1.583397
v -1.049071 0.495607 -1.583397
v -1.056314 0.495607 -1.583397
v -1.216681 0.495607 -1.583397
v -1.223793 0.495607 -1.583397
v -1.383743 0.495607 -1.583397
v -1.391273 0.495607 -1.583397
v -1.391273 0.495607 -1.025727
v -1.448231 0.495607 -1.025727
v -1.448231 0.553915 -1.025727
v -1.391273 0.553915 -1.025727
v -1.391273 0.495607 -1.162194
v -1.448231 0.495607 -1.162194
v -1.448231 0.553915 -1.162194
v -1.391273 0.553915 -1.162194
v -1.391273 0.495607 -1.298661
v -1.448231 0.495607 -1.298661
v -1.448231 0.553914 -1.298661
v -1.391273 0.553914 -1.298661
v -1.391273 0.495607 -1.435126
v -1.448231 0.495607 -1.435126
v -1.448231 0.553914 -1.435126
v -1.391273 0.553914 -1.435126
v -1.398544 0.495607 -1.571593
v -1.398544 0.495607 -1.435126
v -1.398544 0.495607 -1.298661
v -1.398544 0.495607 -1.162194
v -1.398544 0.495607 -1.025727
v -1.398544 0.495607 -0.889260
v -1.398544 0.553915 -0.889260
v -1.398544 0.553915 -1.025727
v -1.398544 0.553915 -1.162194
v -1.398544 0.553914 -1.298661
v -1.398544 0.553914 -1.435126
v -1.398544 0.553914 -1.571593
v -1.398544 0.553914 -1.583397
v -1.398544 0.553914 -1.624030
v -1.398544 0.553914 -1.636902
v -1.398544 0.495607 -1.636902
v -1.398544 0.495607 -1.624030
v -1.398544 0.495607 -1.583397
v -1.440633 0.495607 -1.571593
v -1.440633 0.495607 -1.435126
v -1.440633 0.495607 -1.298661
v -1.440633 0.495607 -1.162194
v -1.440633 0.495607 -1.025727
v -1.440633 0.495607 -0.889260
v -1.440633 0.553915 -0.889260
v -1.440633 0.553915 -1.025727
v -1.440633 0.553915 -1.162194
v -1.440633 0.553914 -1.298661
v -1.440633 0.553914 -1.435126
v -1.440633 0.553914 -1.571593
v -1.440633 0.553914 -1.583397
v -1.440633 0.553914 -1.624030
v -1.440633 0.553914 -1.636902
v -1.440633 0.495607 -1.636902
v -1.440633 0.495607 -1.624030
v -1.440633 0.495607 -1.583397
v -1.440633 0.495607 -1.442738
v -1.448231 0.495607 -1.442738
v -1.448231 0.553914 -1.442738
v -1.440633 0.553914 -1.442738
v -1.398544 0.553914 -1.442738
v -1.391273 0.553914 -1.442738
v -1.391273 0.495607 -1.442738
v -1.398544 0.495607 -1.442738
v -1.440633 0.495607 -1.168048
v -1.448231 0.495607 -1.168048
v -1.448231 0.553915 -1.168048
v -1.440633 0.553915 -1.168048
v -1.398544 0.553915 -1.168048
v -1.391273 0.553915 -1.168048
v -1.391273 0.495607 -1.168048
v -1.398544 0.495607 -1.168048
v -1.440633 0.495607 -1.289685
v -1.448231 0.495607 -1.289685
v -1.448231 0.553914 -1.289685
v -1.440633 0.553914 -1.289685
v -1.398544 0.553914 -1.289685
v -1.391273 0.553914 -1.289685
v -1.391273 0.495607 -1.289685
v -1.398544 0.495607 -1.289685
v -1.440633 0.495607 -1.017770
v -1.448231 0.495607 -1.017770
v -1.448231 0.553915 -1.017770
v -1.440633 0.553915 -1.017770
v -1.398544 0.553915 -1.017770
v -1.391273 0.553915 -1.017770
v -1.391273 0.495607 -1.017770
v -1.398544 0.495607 -1.017770
v -1.398544 0.068013 -1.289685
v -1.440633 0.068013 -1.289685
v -1.440633 0.068013 -1.298661
v -1.398544 0.068013 -1.298661
v -1.398544 0.068013 -1.017770
v -1.440633 0.068013 -1.017770
v -1.440633 0.068013 -1.025727
v -1.398544 0.068013 -1.025727
v -1.440633 0.068013 -1.624030
v -1.440633 0.068013 -1.583397
v -1.398544 0.068013 -1.624030
v -1.398544 0.068013 -1.583397
v -1.398544 0.068013 -1.442738
v -1.440633 0.068013 -1.442738
v -1.398544 0.068013 -1.435126
v -1.440633 0.068013 -1.435126
v -1.440633 0.068013 -1.168048
v -1.440633 0.068013 -1.162194
v -1.398544 0.068013 -1.168048
v -1.398544 0.068013 -1.162194
v 0.116044 0.067140 -1.624030
v 0.116044 0.067140 -1.583397
v 0.127926 0.067140 -1.624030
v 0.127926 0.067140 -1.583397
v -0.051436 0.067140 -1.624030
v -0.051436 0.067140 -1.583397
v -0.042106 0.067140 -1.624030
v -0.042106 0.067140 -1.583397
v -0.218915 0.067140 -1.624030
v -0.218915 0.067140 -1.583397
v -0.209417 0.067140 -1.624030
v -0.209417 0.067140 -1.583397
v -0.386395 0.067140 -1.624030
v -0.386395 0.067140 -1.583397
v -0.379646 0.067140 -1.624030
v -0.379646 0.067140 -1.583397
v -0.553874 0.067140 -1.624030
v -0.553874 0.067140 -1.583397
v -0.548810 0.067140 -1.624030
v -0.548810 0.067140 -1.583397
v -0.721354 0.067140 -1.624030
v -0.721354 0.067140 -1.583397
v -0.716327 0.067140 -1.624030
v -0.716327 0.067140 -1.583397
v -0.888834 0.067140 -1.624030
v -0.888834 0.067140 -1.583397
v -0.883539 0.067140 -1.624030
v -0.883539 0.067140 -1.583397
v -1.056314 0.067140 -1.624030
v -1.056314 0.067140 -1.583397
v -1.049071 0.067140 -1.624030
v -1.049071 0.067140 -1.583397
v -1.223793 0.067140 -1.624030
v -1.223793 0.067140 -1.583397
v -1.216681 0.067140 -1.624030
v -1.216681 0.067140 -1.583397
v 0.338193 0.495607 -1.636902
v 0.338193 0.495607 -1.624030
v 0.338193 0.553914 -1.636902
v 0.338193 0.553914 -1.624030
v 0.338193 0.495607 -1.583397
v 0.338193 0.553914 -1.583397
v 0.338193 0.495607 -1.571593
v 0.338193 0.553914 -1.571593
v 0.273629 0.065726 -1.624030
v 0.228948 0.065726 -1.624030
v 0.273629 0.065726 -1.583397
v 0.228948 0.065726 -1.583397
v 1.107675 -0.294501 -1.636902
v 1.107675 -0.294501 -1.624030
v 1.107675 -0.236193 -1.636902
v 1.107675 -0.236193 -1.624030
v 1.107675 -0.294501 -1.583397
v 1.107675 -0.236193 -1.583397
v 1.107675 -0.294501 -1.571593
v 1.107675 -0.236193 -1.571593
v 1.183492 -0.294501 -1.636902
v 1.183492 -0.294501 -1.624030
v 1.183492 -0.236193 -1.636902
v 1.183492 -0.236193 -1.624030
v 1.183492 -0.294501 -1.583397
v 1.183492 -0.236193 -1.583397
v 1.183492 -0.294501 -1.571593
v 1.183492 -0.236193 -1.571593
v 1.107675 -0.722653 -1.624030
v 1.107675 -0.722653 -1.583397
v 1.183492 -0.722653 -1.624030
v 1.183492 -0.722653 -1.583397
v 1.107675 -0.236193 -1.743699
v 1.107675 -0.294501 -1.743699
v 1.183492 -0.236193 -1.743699
v 1.183492 -0.294501 -1.743699
v 1.183492 -0.294501 -1.735662
v 1.183492 -0.236193 -1.735662
v 1.107675 -0.236193 -1.735662
v 1.107675 -0.294501 -1.735662
v 1.107675 -0.236193 -1.663082
v 1.107675 -0.294501 -1.663082
v 1.183492 -0.294501 -1.663082
v 1.183492 -0.236193 -1.663082
v 1.183492 -0.294501 -1.676837
v 1.183492 -0.236193 -1.676837
v 1.107675 -0.236193 -1.676837
v 1.107675 -0.294501 -1.676837
v 1.107675 -0.722560 -1.676837
v 1.183492 -0.722560 -1.676837
v 1.107675 -0.722560 -1.735662
v 1.183492 -0.722560 -1.735662
v 1.002183 -0.236193 -1.676837
v 1.002183 -0.294501 -1.676837
v 1.002183 -0.236193 -1.735662
v 1.002183 -0.294501 -1.735662
v -0.510890 -1.175964 -1.676837
v -0.510890 -1.234272 -1.676837
v -0.510890 -1.175964 -1.735662
v -0.510890 -1.234272 -1.735662
v -0.627931 -1.175964 -1.676837
v -0.627931 -1.234272 -1.676837
v -0.627931 -1.175964 -1.735662
v -0.627931 -1.234272 -1.735662
v -0.614001 -1.234272 -1.676837
v -0.614001 -1.234272 -1.735662
v -0.614001 -1.175964 -1.735662
v -0.614001 -1.175964 -1.676837
v -0.541129 -1.234272 -1.676837
v -0.541129 -1.234272 -1.735662
v -0.541129 -1.175964 -1.735662
v -0.541129 -1.175964 -1.676837
v -0.541129 -1.234272 -1.725307
v -0.510890 -1.234272 -1.725307
v 1.002183 -0.294501 -1.725307
v 1.107675 -0.294501 -1.725307
v 1.107675 -0.722560 -1.725307
v 1.183492 -0.722560 -1.725307
v 1.183492 -0.294501 -1.725307
v 1.183492 -0.236193 -1.725307
v 1.107675 -0.236193 -1.725307
v 1.002183 -0.236193 -1.725307
v -0.510890 -1.175964 -1.725307
v -0.541129 -1.175964 -1.725307
v -0.614001 -1.175964 -1.725307
v -0.627931 -1.175964 -1.725307
v -0.627931 -1.234272 -1.725307
v -0.614001 -1.234272 -1.725307
v -0.541129 -1.234272 -1.689288
v -0.510890 -1.234272 -1.689288
v 1.002183 -0.294501 -1.689288
v 1.107675 -0.294501 -1.689288
v 1.107675 -0.722560 -1.689288
v 1.183492 -0.722560 -1.689288
v 1.183492 -0.294501 -1.689288
v 1.183492 -0.236193 -1.689288
v 1.107675 -0.236193 -1.689288
v 1.002183 -0.236193 -1.689288
v -0.510890 -1.175964 -1.689288
v -0.541129 -1.175964 -1.689288
v -0.614001 -1.175964 -1.689288
v -0.627931 -1.175964 -1.689288
v -0.627931 -1.234272 -1.689288
v -0.614001 -1.234272 -1.689288
v -0.614001 -1.743788 -1.725307
v -0.541129 -1.743788 -1.725307
v -0.541129 -1.743788 -1.689288
v -0.614001 -1.743788 -1.689288
v 0.313960 -0.124214 -0.900854
v 0.465490 -0.124214 -0.900854
v 0.313960 -0.098062 -0.900854
v 0.465490 -0.098062 -0.900854
v 0.313960 -0.098062 -1.567540
v 0.465490 -0.098062 -1.567540
v 0.313960 -0.124214 -1.567540
v 0.465490 -0.124214 -1.567540
v 0.499607 -0.228738 -0.900854
v 0.651136 -0.228738 -0.900854
v 0.499607 -0.202586 -0.900854
v 0.651136 -0.202586 -0.900854
v 0.499607 -0.202586 -1.567540
v 0.651136 -0.202586 -1.567540
v 0.499607 -0.228738 -1.567540
v 0.651136 -0.228738 -1.567540
v 0.703974 -0.317661 -0.900854
v 0.855503 -0.317661 -0.900854
v 0.703974 -0.291509 -0.900854
v 0.855503 -0.291509 -0.900854
v 0.703974 -0.291509 -1.567540
v 0.855503 -0.291509 -1.567540
v 0.703974 -0.317661 -1.567540
v 0.855503 -0.317661 -1.567540
v 0.845939 -0.414384 -0.900854
v 0.997469 -0.414384 -0.900854
v 0.845939 -0.388233 -0.900854
v 0.997469 -0.388233 -0.900854
v 0.845939 -0.388233 -1.567540
v 0.997469 -0.388233 -1.567540
v 0.845939 -0.414384 -1.567540
v 0.997469 -0.414384 -1.567540
v 1.007691 -0.505726 -0.900854
v 1.159220 -0.505726 -0.900854
v 1.007691 -0.479574 -0.900854
v 1.159220 -0.479574 -0.900854
v 1.007691 -0.479575 -1.567540
v 1.159220 -0.479575 -1.567540
v 1.007691 -0.505726 -1.567540
v 1.159220 -0.505726 -1.567540
v 1.186409 -0.732143 -0.900851
v 1.707967 -0.732143 -0.900851
v 1.186409 -0.591849 -0.900851
v 1.707967 -0.591849 -0.900851
v 1.186409 -0.591849 -1.651976
v 1.707967 -0.591849 -1.651976
v 1.186409 -0.732143 -1.651976
v 1.707967 -0.732143 -1.651976
v 1.707967 -0.663984 -1.651976
v 1.186409 -0.663984 -1.651976
v 1.186409 -0.663984 -0.900851
v 1.707967 -0.663984 -0.900851
v 1.186409 -0.591849 -1.651976
v 1.653589 -0.591849 -1.651976
v 1.707967 -0.663984 -1.651976
v 1.186409 -0.663984 -1.651976
v 1.707967 -0.663984 -2.388012
v 1.186409 -0.663984 -2.388012
v 1.707967 -0.732143 -2.388012
v 1.186409 -0.732143 -2.388012
v 1.707967 -0.663984 -2.299454
v 1.186409 -0.663984 -2.299454
v 1.707967 -0.732143 -1.651976
v 1.707967 -0.732143 -2.299454
v 1.186409 -0.732143 -1.651976
v 1.186409 -0.732143 -2.299454
v -0.614518 -1.653972 -2.299453
v -0.614518 -1.722131 -2.299453
v -0.614518 -1.653973 -2.371401
v -0.614518 -1.722131 -2.371401
v 1.121966 -0.663984 -2.299454
v 1.121966 -0.732143 -2.299454
v 1.196718 -0.235131 -2.286298
v 1.196718 -0.235131 -2.384556
v 1.111657 -0.235131 -2.384556
v 1.111657 -0.235131 -2.286298
v 1.121966 -0.732143 -2.371402
v 1.121966 -0.663984 -2.371402
v -0.499221 -1.653972 -2.299453
v -0.499221 -1.722131 -2.299453
v -0.499221 -1.653973 -2.371401
v -0.499221 -1.722131 -2.371401
v -0.513279 -1.201105 -2.313511
v -0.513279 -1.201105 -2.357343
v -0.600461 -1.201105 -2.357343
v -0.600461 -1.201105 -2.313511
v -0.513279 -1.653972 -2.357343
v -0.513279 -1.653972 -2.313511
v -0.600461 -1.653972 -2.357343
v -0.600461 -1.653972 -2.313511
v 1.178375 -0.663984 -2.363369
v 1.178375 -0.663984 -2.307487
v 1.130000 -0.663984 -2.363369
v 1.130000 -0.663984 -2.307487
v 1.178375 -0.293124 -2.363369
v 1.178375 -0.293124 -2.307487
v 1.130000 -0.293124 -2.363369
v 1.130000 -0.293124 -2.307487
v 1.196718 -0.293124 -2.384556
v 1.196718 -0.293124 -2.286298
v 1.111657 -0.293124 -2.384556
v 1.111657 -0.293124 -2.286298
v 1.111657 -0.285091 -2.294331
v 1.111657 -0.285091 -2.376523
v 1.111657 -0.243165 -2.294331
v 1.111657 -0.243165 -2.376523
v -0.487416 -1.201260 -2.294331
v -0.487416 -1.201260 -2.376523
v -0.487416 -1.159333 -2.294331
v -0.487416 -1.159334 -2.376523
v -0.628122 -1.201260 -2.294331
v -0.628122 -1.201260 -2.376523
v -0.628122 -1.159333 -2.294331
v -0.628122 -1.159334 -2.376523
v 1.680485 -0.293124 -2.286298
v 1.680485 -0.293124 -2.384556
v 1.680485 -0.235131 -2.384556
v 1.680485 -0.235131 -2.286298
v 1.635997 -0.235131 -2.286298
v 1.635997 -0.235131 -2.384556
v 1.635997 -0.293124 -2.384556
v 1.635997 -0.293124 -2.286298
v 1.640014 -0.289107 -2.286298
v 1.640014 -0.239148 -2.286298
v 1.676468 -0.289107 -2.286298
v 1.676468 -0.239148 -2.286298
v 1.640014 -0.293124 -2.380540
v 1.640014 -0.293124 -2.290314
v 1.676468 -0.293124 -2.380540
v 1.676468 -0.293124 -2.290314
v 1.640014 -0.289107 -0.892682
v 1.640014 -0.239148 -0.892682
v 1.676468 -0.289107 -0.892682
v 1.676468 -0.239148 -0.892682
v 1.640014 -0.663669 -2.380540
v 1.640014 -0.663669 -2.290314
v 1.676468 -0.663669 -2.380540
v 1.676468 -0.663669 -2.290314
v 1.676468 -0.289107 -1.625359
v 1.640014 -0.289107 -1.625359
v 1.640014 -0.239148 -1.625359
v 1.676468 -0.239148 -1.625359
v 1.676468 -0.289107 -1.583850
v 1.640014 -0.289107 -1.583850
v 1.640014 -0.239148 -1.583850
v 1.676468 -0.239148 -1.583850
v 1.676468 -0.289107 -1.733413
v 1.640014 -0.289107 -1.733413
v 1.640014 -0.239148 -1.733413
v 1.676468 -0.239148 -1.733413
v 1.676468 -0.289107 -1.690587
v 1.640014 -0.289107 -1.690587
v 1.640014 -0.239148 -1.690587
v 1.676468 -0.239148 -1.690587
v 1.676468 -0.592101 -1.625359
v 1.640014 -0.592101 -1.625359
v 1.676468 -0.592101 -1.583850
v 1.640014 -0.592101 -1.583850
v 1.676468 -0.663636 -1.733413
v 1.640014 -0.663636 -1.733413
v 1.676468 -0.663636 -1.690587
v 1.640014 -0.663636 -1.690587
v 0.984874 -0.794004 -1.634962
v 1.136404 -0.794004 -1.634962
v 0.984874 -0.767853 -1.634963
v 1.136404 -0.767853 -1.634963
v 0.984874 -0.767853 -2.301648
v 1.136404 -0.767853 -2.301648
v 0.984874 -0.794004 -2.301648
v 1.136404 -0.794004 -2.301648
v 0.774852 -0.914017 -1.634962
v 0.926381 -0.914017 -1.634962
v 0.774852 -0.887866 -1.634962
v 0.926381 -0.887866 -1.634962
v 0.774852 -0.887866 -2.301648
v 0.926381 -0.887866 -2.301648
v 0.774852 -0.914017 -2.301648
v 0.926381 -0.914017 -2.301648
v 0.591498 -1.020695 -1.634962
v 0.743028 -1.020695 -1.634962
v 0.591498 -0.994544 -1.634962
v 0.743028 -0.994544 -1.634962
v 0.591498 -0.994544 -2.301648
v 0.743028 -0.994544 -2.301648
v 0.591498 -1.020695 -2.301648
v 0.743028 -1.020695 -2.301648
v 0.436481 -1.135708 -1.634962
v 0.588011 -1.135708 -1.634962
v 0.436481 -1.109557 -1.634962
v 0.588011 -1.109557 -1.634962
v 0.436481 -1.109557 -2.301648
v 0.588011 -1.109557 -2.301648
v 0.436481 -1.135708 -2.301648
v 0.588011 -1.135708 -2.301648
v 0.253128 -1.244053 -1.634962
v 0.404658 -1.244053 -1.634962
v 0.253128 -1.217902 -1.634962
v 0.404658 -1.217902 -1.634962
v 0.253128 -1.217902 -2.301648
v 0.404658 -1.217902 -2.301648
v 0.253128 -1.244053 -2.301648
v 0.404658 -1.244053 -2.301648
v 0.059774 -1.359066 -1.634962
v 0.211304 -1.359066 -1.634962
v 0.059774 -1.332914 -1.634962
v 0.211304 -1.332914 -1.634962
v 0.059774 -1.332914 -2.301648
v 0.211304 -1.332914 -2.301648
v 0.059774 -1.359066 -2.301648
v 0.211304 -1.359066 -2.301648
v -0.110245 -1.469078 -1.634962
v 0.041285 -1.469078 -1.634962
v -0.110245 -1.442926 -1.634962
v 0.041285 -1.442926 -1.634962
v -0.110245 -1.442926 -2.301648
v 0.041285 -1.442926 -2.301648
v -0.110245 -1.469078 -2.301648
v 0.041285 -1.469078 -2.301648
v -0.273596 -1.579089 -1.634962
v -0.122066 -1.579089 -1.634962
v -0.273596 -1.552938 -1.634962
v -0.122066 -1.552938 -1.634962
v -0.273596 -1.552938 -2.301648
v -0.122066 -1.552938 -2.301648
v -0.273596 -1.579089 -2.301648
v -0.122066 -1.579089 -2.301648
v -0.460283 -1.680767 -1.634962
v -0.308753 -1.680767 -1.634962
v -0.460283 -1.654616 -1.634962
v -0.308753 -1.654616 -1.634962
v -0.460283 -1.654616 -2.301648
v -0.308753 -1.654616 -2.301648
v -0.460283 -1.680767 -2.301648
v -0.308753 -1.680767 -2.301648
v -0.342046 -1.117972 -2.294331
v -0.342046 -1.117972 -2.376523
v -0.342046 -1.076045 -2.376523
v -0.342046 -1.076045 -2.294331
v -0.196675 -1.034683 -2.294331
v -0.196675 -1.034684 -2.376523
v -0.196675 -0.992757 -2.376523
v -0.196675 -0.992757 -2.294331
v -0.051305 -0.951396 -2.294331
v -0.051305 -0.951396 -2.376523
v -0.051305 -0.909469 -2.376523
v -0.051305 -0.909469 -2.294331
v 0.094065 -0.868107 -2.294331
v 0.094065 -0.868107 -2.376523
v 0.094065 -0.826181 -2.376523
v 0.094065 -0.826181 -2.294331
v 0.239435 -0.784819 -2.294331
v 0.239435 -0.784819 -2.376523
v 0.239435 -0.742893 -2.376523
v 0.239435 -0.742893 -2.294331
v 0.384805 -0.701531 -2.294331
v 0.384805 -0.701531 -2.376523
v 0.384805 -0.659605 -2.376523
v 0.384805 -0.659605 -2.294331
v 0.530176 -0.618243 -2.294331
v 0.530176 -0.618243 -2.376523
v 0.530176 -0.576317 -2.376523
v 0.530176 -0.576317 -2.294331
v 0.675546 -0.534955 -2.294331
v 0.675546 -0.534955 -2.376523
v 0.675546 -0.493029 -2.376523
v 0.675546 -0.493029 -2.294331
v 0.820916 -0.451667 -2.294331
v 0.820916 -0.451667 -2.376523
v 0.820916 -0.409741 -2.376523
v 0.820916 -0.409741 -2.294331
v 0.966287 -0.368379 -2.294331
v 0.966287 -0.368379 -2.376523
v 0.966287 -0.326452 -2.376523
v 0.966287 -0.326452 -2.294331
v 0.864631 -0.379935 -1.689288
v 0.864631 -0.379935 -1.676837
v 0.864631 -0.321627 -1.676837
v 0.864631 -0.321627 -1.689288
v 0.864631 -0.321627 -1.725307
v 0.864631 -0.321627 -1.735662
v 0.864631 -0.379935 -1.735662
v 0.864631 -0.379935 -1.725307
v 0.727079 -0.465368 -1.689288
v 0.727079 -0.465368 -1.676837
v 0.727079 -0.407060 -1.676837
v 0.727079 -0.407060 -1.689288
v 0.727079 -0.407060 -1.725307
v 0.727079 -0.407060 -1.735662
v 0.727079 -0.465368 -1.735662
v 0.727079 -0.465368 -1.725307
v 0.589527 -0.550802 -1.689288
v 0.589527 -0.550802 -1.676837
v 0.589527 -0.492494 -1.676837
v 0.589527 -0.492494 -1.689288
v 0.589527 -0.492494 -1.725307
v 0.589527 -0.492494 -1.735662
v 0.589527 -0.550802 -1.735662
v 0.589527 -0.550802 -1.725307
v 0.451975 -0.636236 -1.689288
v 0.451975 -0.636236 -1.676837
v 0.451975 -0.577928 -1.676837
v 0.451975 -0.577928 -1.689288
v 0.451975 -0.577928 -1.725307
v 0.451975 -0.577928 -1.735662
v 0.451975 -0.636236 -1.735662
v 0.451975 -0.636236 -1.725307
v 0.314423 -0.721670 -1.689288
v 0.314423 -0.721670 -1.676837
v 0.314423 -0.663361 -1.676837
v 0.314423 -0.663361 -1.689288
v 0.314423 -0.663361 -1.725307
v 0.314423 -0.663361 -1.735662
v 0.314423 -0.721670 -1.735662
v 0.314423 -0.721670 -1.725307
v 0.176871 -0.807103 -1.689288
v 0.176871 -0.807103 -1.676837
v 0.176871 -0.748795 -1.676837
v 0.176871 -0.748795 -1.689288
v 0.176871 -0.748795 -1.725307
v 0.176871 -0.748795 -1.735662
v 0.176871 -0.807103 -1.735662
v 0.176871 -0.807103 -1.725307
v 0.039318 -0.892537 -1.689288
v 0.039318 -0.892537 -1.676837
v 0.039318 -0.834229 -1.676837
v 0.039318 -0.834229 -1.689288
v 0.039318 -0.834229 -1.725307
v 0.039318 -0.834229 -1.735662
v 0.039318 -0.892537 -1.735662
v 0.039318 -0.892537 -1.725307
v -0.098234 -0.977971 -1.689288
v -0.098234 -0.977971 -1.676837
v -0.098234 -0.919663 -1.676837
v -0.098234 -0.919663 -1.689288
v -0.098234 -0.919663 -1.725307
v -0.098234 -0.919663 -1.735662
v -0.098234 -0.977971 -1.735662
v -0.098234 -0.977971 -1.725307
v -0.235786 -1.063404 -1.689288
v -0.235786 -1.063404 -1.676837
v -0.235786 -1.005096 -1.676837
v -0.235786 -1.005096 -1.689288
v -0.235786 -1.005096 -1.725307
v -0.235786 -1.005096 -1.735662
v -0.235786 -1.063404 -1.735662
v -0.235786 -1.063404 -1.725307
v -0.373338 -1.148838 -1.689288
v -0.373338 -1.148838 -1.676837
v -0.373338 -1.090530 -1.676837
v -0.373338 -1.090530 -1.689288
v -0.373338 -1.090530 -1.725307
v -0.373338 -1.090530 -1.735662
v -0.373338 -1.148838 -1.735662
v -0.373338 -1.148838 -1.725307
v 1.037722 -0.222673 -1.583397
v 1.037722 -0.222673 -1.571593
v 1.037722 -0.164365 -1.571593
v 1.037722 -0.164365 -1.583397
v 1.037722 -0.164365 -1.624030
v 1.037722 -0.164365 -1.636902
v 1.037722 -0.222673 -1.636902
v 1.037722 -0.222673 -1.624030
v 0.967769 -0.150845 -1.583397
v 0.967769 -0.150845 -1.571593
v 0.967769 -0.092537 -1.571593
v 0.967769 -0.092537 -1.583397
v 0.967769 -0.092537 -1.624030
v 0.967769 -0.092537 -1.636902
v 0.967769 -0.150845 -1.636902
v 0.967769 -0.150845 -1.624030
v 0.897816 -0.079017 -1.583397
v 0.897816 -0.079017 -1.571593
v 0.897816 -0.020709 -1.571593
v 0.897816 -0.020709 -1.583397
v 0.897816 -0.020709 -1.624030
v 0.897816 -0.020709 -1.636902
v 0.897816 -0.079017 -1.636902
v 0.897816 -0.079017 -1.624030
v 0.827863 -0.007189 -1.583397
v 0.827863 -0.007189 -1.571593
v 0.827863 0.051119 -1.571593
v 0.827863 0.051119 -1.583397
v 0.827863 0.051119 -1.624030
v 0.827863 0.051119 -1.636902
v 0.827863 -0.007189 -1.636902
v 0.827863 -0.007189 -1.624030
v 0.757910 0.064639 -1.583397
v 0.757910 0.064639 -1.571593
v 0.757910 0.122947 -1.571593
v 0.757910 0.122947 -1.583397
v 0.757910 0.122947 -1.624030
v 0.757910 0.122947 -1.636902
v 0.757910 0.064639 -1.636902
v 0.757910 0.064639 -1.624030
v 0.687957 0.136467 -1.583397
v 0.687957 0.136467 -1.571593
v 0.687957 0.194775 -1.571593
v 0.687957 0.194775 -1.583397
v 0.687957 0.194775 -1.624030
v 0.687957 0.194775 -1.636902
v 0.687957 0.136467 -1.636902
v 0.687957 0.136467 -1.624030
v 0.618004 0.208295 -1.583397
v 0.618004 0.208295 -1.571593
v 0.618004 0.266603 -1.571593
v 0.618004 0.266603 -1.583397
v 0.618004 0.266603 -1.624030
v 0.618004 0.266603 -1.636902
v 0.618004 0.208295 -1.636902
v 0.618004 0.208295 -1.624030
v 0.548051 0.280123 -1.583397
v 0.548051 0.280123 -1.571593
v 0.548051 0.338431 -1.571593
v 0.548051 0.338431 -1.583397
v 0.548051 0.338431 -1.624030
v 0.548051 0.338431 -1.636902
v 0.548051 0.280123 -1.636902
v 0.548051 0.280123 -1.624030
v 0.478098 0.351951 -1.583397
v 0.478098 0.351951 -1.571593
v 0.478098 0.410259 -1.571593
v 0.478098 0.410259 -1.583397
v 0.478098 0.410259 -1.624030
v 0.478098 0.410259 -1.636902
v 0.478098 0.351951 -1.636902
v 0.478098 0.351951 -1.624030
v 0.408146 0.423779 -1.583397
v 0.408146 0.423779 -1.571593
v 0.408146 0.482087 -1.571593
v 0.408146 0.482087 -1.583397
v 0.408146 0.482087 -1.624030
v 0.408146 0.482087 -1.636902
v 0.408146 0.423779 -1.636902
v 0.408146 0.423779 -1.624030
v 1.640014 -0.289107 -1.843990
v 1.640014 -0.239148 -1.843990
v 1.676468 -0.239148 -1.843990
v 1.676468 -0.289107 -1.843990
v 1.640014 -0.289107 -1.954567
v 1.640014 -0.239148 -1.954567
v 1.676468 -0.239148 -1.954567
v 1.676468 -0.289107 -1.954567
v 1.640014 -0.289107 -2.065144
v 1.640014 -0.239148 -2.065144
v 1.676468 -0.239148 -2.065144
v 1.676468 -0.289107 -2.065144
v 1.640014 -0.289107 -2.175721
v 1.640014 -0.239148 -2.175721
v 1.676468 -0.239148 -2.175721
v 1.676468 -0.289107 -2.175721
v 1.676468 -0.289107 -1.030915
v 1.640014 -0.289107 -1.030915
v 1.640014 -0.239148 -1.030915
v 1.676468 -0.239148 -1.030915
v 1.676468 -0.289107 -1.169149
v 1.640014 -0.289107 -1.169149
v 1.640014 -0.239148 -1.169149
v 1.676468 -0.239148 -1.169149
v 1.676468 -0.289107 -1.307382
v 1.640014 -0.289107 -1.307382
v 1.640014 -0.239148 -1.307382
v 1.676468 -0.239148 -1.307382
v 1.676468 -0.289107 -1.445616
v 1.640014 -0.289107 -1.445616
v 1.640014 -0.239148 -1.445616
v 1.676468 -0.239148 -1.445616
v 0.419845 0.411766 -1.583397
v 0.419845 0.411766 -1.571593
v 0.419845 0.470073 -1.571593
v 0.419845 0.470073 -1.583397
v 0.419845 0.470073 -1.624030
v 0.419845 0.470073 -1.636902
v 0.419845 0.411766 -1.636902
v 0.419845 0.411766 -1.624030
v 0.488275 0.341502 -1.583397
v 0.488275 0.341502 -1.571593
v 0.488275 0.399809 -1.571593
v 0.488275 0.399809 -1.583397
v 0.488275 0.399809 -1.624030
v 0.488275 0.399809 -1.636902
v 0.488275 0.341502 -1.636902
v 0.488275 0.341502 -1.624030
v 0.557065 0.270868 -1.583397
v 0.557065 0.270868 -1.571593
v 0.557065 0.329176 -1.571593
v 0.557065 0.329176 -1.583397
v 0.557065 0.329176 -1.624030
v 0.557065 0.329176 -1.636902
v 0.557065 0.270868 -1.636902
v 0.557065 0.270868 -1.624030
v 0.627226 0.198826 -1.583397
v 0.627226 0.198826 -1.571593
v 0.627226 0.257134 -1.571593
v 0.627226 0.257134 -1.583397
v 0.627226 0.257134 -1.624030
v 0.627226 0.257134 -1.636902
v 0.627226 0.198826 -1.636902
v 0.627226 0.198826 -1.624030
v 0.696420 0.127777 -1.583397
v 0.696420 0.127777 -1.571593
v 0.696420 0.186085 -1.571593
v 0.696420 0.186085 -1.583397
v 0.696420 0.186085 -1.624030
v 0.696420 0.186085 -1.636902
v 0.696420 0.127777 -1.636902
v 0.696420 0.127777 -1.624030
v 0.765224 0.057129 -1.583397
v 0.765224 0.057129 -1.571593
v 0.765224 0.115437 -1.571593
v 0.765224 0.115437 -1.583397
v 0.765224 0.115437 -1.624030
v 0.765224 0.115437 -1.636902
v 0.765224 0.057129 -1.636902
v 0.765224 0.057129 -1.624030
v 0.833940 -0.013430 -1.583397
v 0.833940 -0.013430 -1.571593
v 0.833940 0.044878 -1.571593
v 0.833940 0.044878 -1.583397
v 0.833940 0.044878 -1.624030
v 0.833940 0.044878 -1.636902
v 0.833940 -0.013430 -1.636902
v 0.833940 -0.013430 -1.624030
v 0.904174 -0.085546 -1.583397
v 0.904174 -0.085546 -1.571593
v 0.904174 -0.027238 -1.571593
v 0.904174 -0.027238 -1.583397
v 0.904174 -0.027238 -1.624030
v 0.904174 -0.027238 -1.636902
v 0.904174 -0.085546 -1.636902
v 0.904174 -0.085546 -1.624030
v 0.974146 -0.157393 -1.583397
v 0.974146 -0.157393 -1.571593
v 0.974146 -0.099085 -1.571593
v 0.974146 -0.099085 -1.583397
v 0.974146 -0.099085 -1.624030
v 0.974146 -0.099085 -1.636902
v 0.974146 -0.157393 -1.636902
v 0.974146 -0.157393 -1.624030
v 1.044476 -0.229609 -1.583397
v 1.044476 -0.229609 -1.571593
v 1.044476 -0.171301 -1.571593
v 1.044476 -0.171301 -1.583397
v 1.044476 -0.171301 -1.624030
v 1.044476 -0.171301 -1.636902
v 1.044476 -0.229609 -1.636902
v 1.044476 -0.229609 -1.624030
v 0.993966 -0.299605 -1.689288
v 0.993966 -0.299605 -1.676837
v 0.993966 -0.241297 -1.676837
v 0.993966 -0.241297 -1.689288
v 0.993966 -0.241297 -1.725307
v 0.993966 -0.241297 -1.735662
v 0.993966 -0.299605 -1.735662
v 0.993966 -0.299605 -1.725307
v 0.857735 -0.384218 -1.689288
v 0.857735 -0.384218 -1.676837
v 0.857735 -0.325910 -1.676837
v 0.857735 -0.325910 -1.689288
v 0.857735 -0.325910 -1.725307
v 0.857735 -0.325910 -1.735662
v 0.857735 -0.384218 -1.735662
v 0.857735 -0.384218 -1.725307
v 0.718826 -0.470495 -1.689288
v 0.718826 -0.470495 -1.676837
v 0.718826 -0.412187 -1.676837
v 0.718826 -0.412187 -1.689288
v 0.718826 -0.412187 -1.725307
v 0.718826 -0.412187 -1.735662
v 0.718826 -0.470495 -1.735662
v 0.718826 -0.470495 -1.725307
v 0.581760 -0.555626 -1.689288
v 0.581760 -0.555626 -1.676837
v 0.581760 -0.497318 -1.676837
v 0.581760 -0.497318 -1.689288
v 0.581760 -0.497318 -1.725307
v 0.581760 -0.497318 -1.735662
v 0.581760 -0.555626 -1.735662
v 0.581760 -0.555626 -1.725307
v 0.445430 -0.640300 -1.689288
v 0.445430 -0.640300 -1.676837
v 0.445430 -0.581992 -1.676837
v 0.445430 -0.581992 -1.689288
v 0.445430 -0.581992 -1.725307
v 0.445430 -0.581992 -1.735662
v 0.445430 -0.640300 -1.735662
v 0.445430 -0.640300 -1.725307
v 0.309100 -0.724975 -1.689288
v 0.309100 -0.724975 -1.676837
v 0.309100 -0.666667 -1.676837
v 0.309100 -0.666667 -1.689288
v 0.309100 -0.666667 -1.725307
v 0.309100 -0.666667 -1.735662
v 0.309100 -0.724975 -1.735662
v 0.309100 -0.724975 -1.725307
v 0.170340 -0.811159 -1.725307
v 0.170340 -0.811159 -1.689288
v 0.170340 -0.811159 -1.676837
v 0.170340 -0.752851 -1.676837
v 0.170340 -0.752851 -1.689288
v 0.170340 -0.752851 -1.725307
v 0.170340 -0.752851 -1.735662
v 0.170340 -0.811159 -1.735662
v 0.031641 -0.897305 -1.725307
v 0.031641 -0.897305 -1.689288
v 0.031641 -0.897305 -1.676837
v 0.031641 -0.838997 -1.676837
v 0.031641 -0.838997 -1.689288
v 0.031641 -0.838997 -1.725307
v 0.031641 -0.838997 -1.735662
v 0.031641 -0.897305 -1.735662
v -0.106075 -0.982841 -1.725307
v -0.106075 -0.982841 -1.689288
v -0.106075 -0.982841 -1.676837
v -0.106075 -0.924533 -1.676837
v -0.106075 -0.924533 -1.689288
v -0.106075 -0.924533 -1.725307
v -0.106075 -0.924533 -1.735662
v -0.106075 -0.982841 -1.735662
v -0.244384 -1.068745 -1.725307
v -0.244384 -1.068745 -1.689288
v -0.244384 -1.068745 -1.676837
v -0.244384 -1.010437 -1.676837
v -0.244384 -1.010437 -1.689288
v -0.244384 -1.010437 -1.725307
v -0.244384 -1.010437 -1.735662
v -0.244384 -1.068745 -1.735662
v -0.380796 -1.153470 -1.725307
v -0.380796 -1.153470 -1.689288
v -0.380796 -1.153470 -1.676837
v -0.380796 -1.095162 -1.676837
v -0.380796 -1.095162 -1.689288
v -0.380796 -1.095162 -1.725307
v -0.380796 -1.095162 -1.735662
v -0.380796 -1.153470 -1.735662
v 0.952907 -0.376045 -2.294331
v 0.952907 -0.376045 -2.376523
v 0.952907 -0.334118 -2.376523
v 0.952907 -0.334118 -2.294331
v 0.806924 -0.459684 -2.294331
v 0.806924 -0.459684 -2.376523
v 0.806924 -0.417757 -2.376523
v 0.806924 -0.417757 -2.294331
v 0.661301 -0.543117 -2.294331
v 0.661301 -0.543117 -2.376523
v 0.661301 -0.501190 -2.376523
v 0.661301 -0.501190 -2.294331
v 0.516967 -0.625811 -2.294331
v 0.516967 -0.625811 -2.376523
v 0.516967 -0.583884 -2.376523
v 0.516967 -0.583884 -2.294331
v 0.370935 -0.709478 -2.294331
v 0.370935 -0.709478 -2.376523
v 0.370935 -0.667552 -2.376523
v 0.370935 -0.667552 -2.294331
v 0.226683 -0.792126 -2.294331
v 0.226683 -0.792126 -2.376523
v 0.226683 -0.750199 -2.376523
v 0.226683 -0.750199 -2.294331
v 0.083570 -0.874120 -2.294331
v 0.083570 -0.874120 -2.376523
v 0.083570 -0.832194 -2.376523
v 0.083570 -0.832194 -2.294331
v -0.062073 -0.957565 -2.294331
v -0.062073 -0.957565 -2.376523
v -0.062073 -0.915638 -2.376523
v -0.062073 -0.915638 -2.294331
v -0.208810 -1.041636 -2.294331
v -0.208810 -1.041636 -2.376523
v -0.208810 -0.999710 -2.376523
v -0.208810 -0.999710 -2.294331
v 1.186409 -0.663984 -2.299875
v 1.178375 -0.663984 -2.307752
v 1.178375 -0.293124 -2.307752
v 1.196718 -0.293124 -2.286765
v 1.635997 -0.293124 -2.286765
v 1.640014 -0.293124 -2.290743
v 1.640014 -0.663669 -2.290743
v 1.676468 -0.663669 -2.290743
v 1.676468 -0.293124 -2.290743
v 1.680485 -0.293124 -2.286765
v 1.680485 -0.235132 -2.286765
v 1.635997 -0.235132 -2.286765
v 1.196718 -0.235132 -2.286765
v 1.111657 -0.235132 -2.286765
v 1.111657 -0.243165 -2.294722
v 0.966287 -0.326452 -2.294722
v 0.952907 -0.334118 -2.294722
v 0.820916 -0.409741 -2.294722
v 0.806924 -0.417757 -2.294722
v 0.675546 -0.493029 -2.294722
v 0.661301 -0.501190 -2.294722
v 0.530176 -0.576317 -2.294722
v 0.516967 -0.583884 -2.294722
v 0.384805 -0.659605 -2.294722
v 0.370935 -0.667552 -2.294722
v 0.239435 -0.742893 -2.294722
v 0.226683 -0.750199 -2.294722
v 0.094065 -0.826181 -2.294722
v 0.083570 -0.832194 -2.294722
v -0.051305 -0.909469 -2.294722
v -0.062073 -0.915638 -2.294722
v -0.196675 -0.992757 -2.294722
v -0.208810 -0.999710 -2.294722
v -0.342046 -1.076045 -2.294722
v -0.487416 -1.159334 -2.294722
v -0.628122 -1.159334 -2.294722
v -0.628122 -1.201260 -2.294722
v -0.487416 -1.201260 -2.294722
v -0.342046 -1.117972 -2.294722
v -0.208810 -1.041636 -2.294722
v -0.196675 -1.034683 -2.294722
v -0.062073 -0.957565 -2.294722
v -0.051305 -0.951396 -2.294722
v 0.083570 -0.874120 -2.294722
v 0.094065 -0.868107 -2.294722
v 0.226683 -0.792126 -2.294722
v 0.239435 -0.784819 -2.294722
v 0.370935 -0.709478 -2.294722
v 0.384805 -0.701531 -2.294722
v 0.516967 -0.625811 -2.294722
v 0.530176 -0.618243 -2.294722
v 0.661301 -0.543117 -2.294722
v 0.675546 -0.534955 -2.294722
v 0.806924 -0.459684 -2.294722
v 0.820916 -0.451667 -2.294722
v 0.952907 -0.376045 -2.294722
v 0.966287 -0.368379 -2.294722
v 1.111657 -0.285091 -2.294722
v 1.111657 -0.293124 -2.286765
v 1.130000 -0.293124 -2.307752
v 1.130000 -0.663984 -2.307752
v 1.121966 -0.663984 -2.299796
v -0.499221 -1.653972 -2.299796
v -0.513279 -1.653972 -2.313720
v -0.513279 -1.201105 -2.313720
v -0.600461 -1.201105 -2.313720
v -0.600461 -1.653972 -2.313720
v -0.614518 -1.653972 -2.299796
v -0.614518 -1.722131 -2.299796
v -0.499221 -1.722131 -2.299796
v 1.121966 -0.732143 -2.299796
v 1.186409 -0.732143 -2.299875
v -0.352490 -1.123956 -2.294722
v -0.352490 -1.123955 -2.294331
v -0.352490 -1.082029 -2.294331
v -0.352490 -1.082029 -2.294722
v -0.352490 -1.082029 -2.376523
v -0.352490 -1.123956 -2.376523
v 1.186409 -0.663984 -2.371877
v 1.178375 -0.663984 -2.353187
v 1.178375 -0.293124 -2.353187
v 1.196718 -0.293124 -2.366654
v 1.635997 -0.293124 -2.366654
v 1.640014 -0.293124 -2.364102
v 1.640014 -0.663669 -2.364102
v 1.676468 -0.663669 -2.364102
v 1.676468 -0.293124 -2.364102
v 1.680485 -0.293124 -2.366654
v 1.680485 -0.235131 -2.366654
v 1.635997 -0.235131 -2.366654
v 1.196718 -0.235131 -2.366654
v 1.111657 -0.235131 -2.366654
v 1.111657 -0.243165 -2.361548
v 0.966287 -0.326452 -2.361549
v 0.952907 -0.334118 -2.361549
v 0.820916 -0.409740 -2.361549
v 0.806924 -0.417757 -2.361549
v 0.675546 -0.493029 -2.361549
v 0.661301 -0.501190 -2.361549
v 0.530176 -0.576317 -2.361549
v 0.516967 -0.583884 -2.361549
v 0.384805 -0.659605 -2.361549
v 0.370935 -0.667552 -2.361549
v 0.239435 -0.742893 -2.361549
v 0.226683 -0.750199 -2.361549
v 0.094065 -0.826181 -2.361549
v 0.083570 -0.832194 -2.361549
v -0.051305 -0.909469 -2.361549
v -0.062073 -0.915638 -2.361549
v -0.196675 -0.992757 -2.361549
v -0.208810 -0.999710 -2.361549
v -0.342046 -1.076045 -2.361549
v -0.352490 -1.082029 -2.361548
v -0.487416 -1.159333 -2.361548
v -0.628122 -1.159333 -2.361548
v -0.628122 -1.201260 -2.361548
v -0.487416 -1.201260 -2.361548
v -0.352490 -1.123955 -2.361548
v -0.342046 -1.117972 -2.361548
v -0.208810 -1.041636 -2.361549
v -0.196675 -1.034683 -2.361548
v -0.062073 -0.957565 -2.361548
v -0.051305 -0.951395 -2.361548
v 0.083570 -0.874120 -2.361548
v 0.094065 -0.868107 -2.361548
v 0.226683 -0.792126 -2.361548
v 0.239435 -0.784819 -2.361548
v 0.370935 -0.709478 -2.361548
v 0.384805 -0.701531 -2.361548
v 0.516967 -0.625811 -2.361548
v 0.530176 -0.618243 -2.361548
v 0.661301 -0.543117 -2.361549
v 0.675546 -0.534955 -2.361548
v 0.806924 -0.459684 -2.361548
v 0.820916 -0.451667 -2.361548
v 0.952907 -0.376045 -2.361548
v 0.966287 -0.368379 -2.361548
v 1.111657 -0.285091 -2.361548
v 1.111657 -0.293124 -2.366654
v 1.130000 -0.293124 -2.353187
v 1.130000 -0.663984 -2.353187
v 1.121966 -0.663984 -2.358294
v -0.499221 -1.653972 -2.358293
v -0.513279 -1.653972 -2.349357
v -0.513279 -1.201105 -2.349357
v -0.600461 -1.201105 -2.349357
v -0.600461 -1.653972 -2.349357
v -0.614518 -1.653972 -2.358293
v -0.614518 -1.722131 -2.358293
v -0.499221 -1.722131 -2.358293
v 1.121966 -0.732143 -2.358294
v 1.186409 -0.732143 -2.371877
v 1.186409 -0.663984 -2.321551
v 1.178375 -0.663984 -2.321430
v 1.178375 -0.293124 -2.321430
v 1.196718 -0.293124 -2.310816
v 1.635997 -0.293124 -2.310816
v 1.640014 -0.293124 -2.312827
v 1.640014 -0.663669 -2.312827
v 1.676468 -0.663669 -2.312827
v 1.676468 -0.293124 -2.312827
v 1.680485 -0.293124 -2.310816
v 1.680485 -0.235131 -2.310816
v 1.635997 -0.235131 -2.310816
v 1.196718 -0.235131 -2.310816
v 1.111657 -0.235131 -2.310816
v 1.111657 -0.243165 -2.314840
v 0.966287 -0.326452 -2.314840
v 0.952907 -0.334118 -2.314840
v 0.820916 -0.409741 -2.314840
v 0.806924 -0.417757 -2.314840
v 0.675546 -0.493029 -2.314840
v 0.661301 -0.501190 -2.314840
v 0.530176 -0.576317 -2.314840
v 0.516967 -0.583884 -2.314840
v 0.384805 -0.659605 -2.314840
v 0.370935 -0.667552 -2.314840
v 0.239435 -0.742893 -2.314840
v 0.226683 -0.750199 -2.314840
v 0.094065 -0.826181 -2.314840
v 0.083570 -0.832194 -2.314840
v -0.051305 -0.909469 -2.314840
v -0.062073 -0.915638 -2.314840
v -0.196675 -0.992757 -2.314840
v -0.208810 -0.999710 -2.314840
v -0.342046 -1.076045 -2.314840
v -0.352490 -1.082029 -2.314840
v -0.487416 -1.159334 -2.314840
v -0.628122 -1.159334 -2.314840
v -0.628122 -1.201260 -2.314840
v -0.487416 -1.201260 -2.314840
v -0.352490 -1.123956 -2.314840
v -0.342046 -1.117972 -2.314840
v -0.208810 -1.041636 -2.314840
v -0.196675 -1.034683 -2.314840
v -0.062073 -0.957565 -2.314840
v -0.051305 -0.951395 -2.314840
v 0.083570 -0.874120 -2.314840
v 0.094065 -0.868107 -2.314840
v 0.226683 -0.792126 -2.314840
v 0.239435 -0.784819 -2.314840
v 0.370935 -0.709478 -2.314840
v 0.384805 -0.701531 -2.314840
v 0.516967 -0.625811 -2.314840
v 0.530176 -0.618243 -2.314840
v 0.661301 -0.543117 -2.314840
v 0.675546 -0.534955 -2.314840
v 0.806924 -0.459684 -2.314840
v 0.820916 -0.451667 -2.314840
v 0.952907 -0.376045 -2.314840
v 0.966287 -0.368379 -2.314840
v 1.111657 -0.285091 -2.314840
v 1.111657 -0.293124 -2.310816
v 1.130000 -0.293124 -2.321430
v 1.130000 -0.663984 -2.321430
v 1.121966 -0.663984 -2.317407
v -0.499221 -1.653972 -2.317406
v -0.513279 -1.653972 -2.324448
v -0.513279 -1.201105 -2.324448
v -0.600461 -1.201105 -2.324448
v -0.600461 -1.653972 -2.324448
v -0.614518 -1.653972 -2.317406
v -0.614518 -1.722131 -2.317406
v -0.499221 -1.722131 -2.317406
v 1.121966 -0.732143 -2.317407
v 1.186409 -0.732143 -2.321551
v 1.107675 -0.693610 -1.676837
v 1.183492 -0.693610 -1.676837
v 1.183492 -0.693610 -1.689288
v 1.183492 -0.693610 -1.725307
v 1.183492 -0.693610 -1.735662
v 1.107675 -0.693610 -1.735662
v 1.107675 -0.693610 -1.725307
v 1.107675 -0.693610 -1.689288
v 1.107675 -0.693610 -1.624063
v 1.183492 -0.693610 -1.624063
v 1.107675 -0.722560 -1.624063
v 1.183492 -0.722560 -1.624063
v 0.820916 -0.837118 -2.294331
v 0.820916 -0.879044 -2.294331
v 0.806924 -0.845135 -2.294331
v 0.806924 -0.887061 -2.294331
v 0.864631 -0.807312 -1.725307
v 0.864631 -0.807312 -1.689288
v 0.857735 -0.811595 -1.689288
v 0.857735 -0.811595 -1.725307
v 0.727079 -0.892746 -1.725307
v 0.727079 -0.892746 -1.689288
v 0.718826 -0.897872 -1.689288
v 0.718826 -0.897872 -1.725307
v 0.589527 -0.978179 -1.725307
v 0.589527 -0.978179 -1.689288
v 0.581760 -0.983003 -1.689288
v 0.581760 -0.983003 -1.725307
v 0.451975 -1.063613 -1.725307
v 0.451975 -1.063613 -1.689288
v 0.445430 -1.067678 -1.689288
v 0.445430 -1.067678 -1.725307
v 0.314423 -1.149047 -1.725307
v 0.314423 -1.149047 -1.689288
v 0.309100 -1.152353 -1.689288
v 0.309100 -1.152353 -1.725307
v 0.176871 -1.234480 -1.725307
v 0.176871 -1.234480 -1.689288
v 0.170340 -1.238536 -1.689288
v 0.170340 -1.238536 -1.725307
v 0.039318 -1.319914 -1.725307
v 0.039318 -1.319914 -1.689288
v 0.031641 -1.324683 -1.689288
v 0.031641 -1.324683 -1.725307
v -0.098234 -1.405348 -1.725307
v -0.098234 -1.405348 -1.689288
v -0.106075 -1.410218 -1.689288
v -0.106075 -1.410218 -1.725307
v -0.235786 -1.490782 -1.725307
v -0.235786 -1.490782 -1.689288
v -0.244384 -1.496122 -1.689288
v -0.244384 -1.496122 -1.725307
v -0.373338 -1.576215 -1.725307
v -0.373338 -1.576215 -1.689288
v -0.380796 -1.580847 -1.689288
v -0.380796 -1.580847 -1.725307
v -0.342046 -1.545349 -2.314840
v -0.342046 -1.545349 -2.361548
v -0.352490 -1.551333 -2.314840
v -0.352490 -1.551333 -2.361548
v -0.196675 -1.462061 -2.314840
v -0.196675 -1.462061 -2.361548
v -0.208810 -1.469013 -2.314840
v -0.208810 -1.469013 -2.361549
v -0.051305 -1.378773 -2.314840
v -0.051305 -1.378773 -2.361548
v -0.062073 -1.384942 -2.314840
v -0.062073 -1.384942 -2.361548
v 0.094065 -1.295485 -2.314840
v 0.094065 -1.295485 -2.361548
v 0.083570 -1.301498 -2.314840
v 0.083570 -1.301498 -2.361548
v 0.239435 -1.212197 -2.314840
v 0.239435 -1.212197 -2.361548
v 0.226683 -1.219503 -2.314840
v 0.226683 -1.219503 -2.361548
v 0.384805 -1.128909 -2.314840
v 0.384805 -1.128908 -2.361548
v 0.370935 -1.136855 -2.314840
v 0.370935 -1.136855 -2.361548
v 0.530176 -1.045620 -2.314840
v 0.530176 -1.045620 -2.361548
v 0.516967 -1.053188 -2.314840
v 0.516967 -1.053188 -2.361548
v 0.675546 -0.962332 -2.314840
v 0.675546 -0.962332 -2.361548
v 0.661301 -0.970494 -2.314840
v 0.661301 -0.970494 -2.361549
v 0.820916 -0.879044 -2.314840
v 0.820916 -0.879044 -2.361548
v 0.806924 -0.887061 -2.314840
v 0.806924 -0.887061 -2.361548
v 0.966287 -0.795756 -2.314840
v 0.966287 -0.795756 -2.361548
v 0.952907 -0.803422 -2.314840
v 0.952907 -0.803422 -2.361548
v 1.037722 -0.512551 -1.624030
v 1.037722 -0.512551 -1.583397
v 1.044476 -0.519487 -1.624030
v 1.044476 -0.519487 -1.583397
v 0.967769 -0.440723 -1.624030
v 0.967769 -0.440723 -1.583397
v 0.974146 -0.447271 -1.624030
v 0.974146 -0.447271 -1.583397
v 0.897816 -0.368895 -1.624030
v 0.897816 -0.368895 -1.583397
v 0.904174 -0.375424 -1.624030
v 0.904174 -0.375424 -1.583397
v 0.827863 -0.297067 -1.624030
v 0.827863 -0.297067 -1.583397
v 0.833940 -0.303308 -1.624030
v 0.833940 -0.303308 -1.583397
v 0.757910 -0.291125 -1.624030
v 0.757910 -0.291125 -1.583397
v 0.765224 -0.298635 -1.624030
v 0.765224 -0.298635 -1.583397
v 0.687957 -0.291800 -1.624030
v 0.687957 -0.291800 -1.583397
v 0.696420 -0.300489 -1.624030
v 0.696420 -0.300489 -1.583397
v 0.618004 -0.221608 -1.624030
v 0.618004 -0.221608 -1.583397
v 0.627226 -0.231077 -1.624030
v 0.627226 -0.231077 -1.583397
v 0.548051 -0.210888 -1.624030
v 0.548051 -0.210888 -1.583397
v 0.557065 -0.220143 -1.624030
v 0.557065 -0.220143 -1.583397
v 0.478098 -0.105315 -1.624030
v 0.478098 -0.105315 -1.583397
v 0.488275 -0.115765 -1.624030
v 0.488275 -0.115765 -1.583397
v 0.408146 -0.092826 -1.624030
v 0.408146 -0.092826 -1.583397
v 0.419845 -0.104839 -1.624030
v 0.419845 -0.104839 -1.583397
v 0.638756 -0.113812 1.071445
v 0.638756 -0.113812 0.879540
v 0.830662 -0.113812 0.879540
v 0.638756 -0.305717 0.879540
v 0.638756 -0.305717 1.040743
v 0.638756 -0.275016 1.071445
v 0.830662 -0.275016 1.040743
v 0.799960 -0.275016 1.071445
v 0.799960 -0.305717 1.040743
v 0.830662 -0.113812 1.040743
v 0.799960 -0.113812 1.071445
v 0.799960 -0.305717 0.879540
v 0.830662 -0.275016 0.879540
v 0.779877 -0.254933 1.071445
v 0.658839 -0.254933 1.071445
v 0.779877 -0.133895 1.071445
v 0.658839 -0.133895 1.071445
v 0.830662 -0.254933 0.899622
v 0.830662 -0.254933 1.020660
v 0.830662 -0.133895 0.899622
v 0.830662 -0.133895 1.020660
v 0.777314 -0.250517 1.065177
v 0.665107 -0.250517 1.065177
v 0.777314 -0.138310 1.065177
v 0.665107 -0.138310 1.065177
v 0.824393 -0.250518 0.905890
v 0.824393 -0.250517 1.018098
v 0.824393 -0.138310 0.905890
v 0.824393 -0.138310 1.018098
v 0.286363 1.315907 -0.400499
v 0.286363 1.315907 -0.765021
v 0.286363 1.988200 -0.400499
v 0.286363 1.988200 -0.765021
v 0.281167 1.988200 -0.400499
v 0.281167 1.988200 -0.765021
v 0.281167 1.315907 -0.400499
v 0.281167 1.315907 -0.765021
v 0.286363 1.327542 -0.412283
v 0.286363 1.327542 -0.753238
v 0.286363 1.976565 -0.753238
v 0.286363 1.976565 -0.412283
v 0.291266 1.315907 -0.400499
v 0.291266 1.315907 -0.765021
v 0.291266 1.327542 -0.753238
v 0.291266 1.327542 -0.412283
v 0.291266 1.988200 -0.765021
v 0.291266 1.976565 -0.753238
v 0.291266 1.988200 -0.400499
v 0.291266 1.976565 -0.412283
v 0.291266 1.663467 -0.753238
v 0.286363 1.663467 -0.753238
v 0.286363 1.663467 -0.412283
v 0.291266 1.663467 -0.412283
v 0.291266 1.663876 -0.400499
v 0.286363 1.663876 -0.400499
v 0.281167 1.663876 -0.400499
v 0.281167 1.663876 -0.765021
v 0.286363 1.663876 -0.765021
v 0.291266 1.663876 -0.765021
v 0.291266 1.897268 -0.753238
v 0.286363 1.897268 -0.753238
v 0.286363 1.897268 -0.412283
v 0.291266 1.897268 -0.412283
v 0.291266 1.906061 -0.400499
v 0.286363 1.906061 -0.400499
v 0.281167 1.906061 -0.400499
v 0.281167 1.906061 -0.765021
v 0.286363 1.906061 -0.765021
v 0.291266 1.906061 -0.765021
v 0.286363 1.897268 -0.671489
v 0.286363 1.663467 -0.671489
v 0.286363 1.327542 -0.671489
v 0.291266 1.327542 -0.671489
v 0.291266 1.315907 -0.677622
v 0.286363 1.315907 -0.677622
v 0.281167 1.315907 -0.677622
v 0.281167 1.663876 -0.677622
v 0.281167 1.906061 -0.677622
v 0.281167 1.988200 -0.677622
v 0.286363 1.988200 -0.677622
v 0.291266 1.988200 -0.677622
v 0.291266 1.976565 -0.671489
v 0.286363 1.976565 -0.671489
v 0.286363 1.897268 -0.503632
v 0.286363 1.663467 -0.503632
v 0.286363 1.327542 -0.503632
v 0.291266 1.327542 -0.503632
v 0.291266 1.315907 -0.498163
v 0.286363 1.315907 -0.498163
v 0.281167 1.315907 -0.498163
v 0.281167 1.663876 -0.498163
v 0.281167 1.906061 -0.498163
v 0.281167 1.988200 -0.498163
v 0.286363 1.988200 -0.498163
v 0.291266 1.988200 -0.498163
v 0.291266 1.976565 -0.503633
v 0.286363 1.976565 -0.503633
v 0.286363 1.675102 -0.659705
v 0.286363 1.675102 -0.515416
v 0.286363 1.885633 -0.659705
v 0.286363 1.885633 -0.515416
v 0.281167 1.894425 -0.509947
v 0.281167 1.894425 -0.665838
v 0.281167 1.675512 -0.665838
v 0.281167 1.675512 -0.509947
v 0.294698 1.666143 -0.668779
v 0.292080 1.663467 -0.671489
v 0.292080 1.663467 -0.503632
v 0.294698 1.666143 -0.506342
v 0.292080 1.675102 -0.659705
v 0.294698 1.672426 -0.662415
v 0.294698 1.672426 -0.512706
v 0.292080 1.675102 -0.515416
v 0.294698 1.894593 -0.668779
v 0.292080 1.897268 -0.671489
v 0.292080 1.885633 -0.659705
v 0.294698 1.888309 -0.662415
v 0.294698 1.894593 -0.506342
v 0.292080 1.897268 -0.503632
v 0.292080 1.885633 -0.515416
v 0.294698 1.888309 -0.512706
v 0.286363 1.530104 -0.503632
v 0.286363 1.530104 -0.671489
v 0.286363 1.530104 -0.753238
v 0.291266 1.530104 -0.753238
v 0.291266 1.525732 -0.765021
v 0.286363 1.525732 -0.765021
v 0.281167 1.525732 -0.765021
v 0.281167 1.525732 -0.677622
v 0.281167 1.525732 -0.498163
v 0.281167 1.525732 -0.400499
v 0.286363 1.525732 -0.400499
v 0.291266 1.525732 -0.400499
v 0.291266 1.530104 -0.412283
v 0.286363 1.530104 -0.412283
v 0.281167 1.409865 -0.677622
v 0.281167 1.409865 -0.765021
v 0.286363 1.409865 -0.765021
v 0.291266 1.409865 -0.765021
v 0.291266 1.418249 -0.753238
v 0.286363 1.418249 -0.753238
v 0.286363 1.418249 -0.671489
v 0.286363 1.418249 -0.503632
v 0.286363 1.418249 -0.412283
v 0.291266 1.418249 -0.412283
v 0.291266 1.409865 -0.400499
v 0.286363 1.409865 -0.400499
v 0.281167 1.409865 -0.400499
v 0.281167 1.409865 -0.498163
v 0.281167 1.525732 -0.452210
v 0.281167 1.663876 -0.452210
v 0.281167 1.906061 -0.452210
v 0.281167 1.988200 -0.452210
v 0.286363 1.988200 -0.452210
v 0.291266 1.988200 -0.452210
v 0.291266 1.976565 -0.460650
v 0.286363 1.976565 -0.460650
v 0.286363 1.897268 -0.460650
v 0.286363 1.663467 -0.460650
v 0.286363 1.530104 -0.460650
v 0.286363 1.418249 -0.460650
v 0.286363 1.327542 -0.460650
v 0.291266 1.327542 -0.460650
v 0.291266 1.315907 -0.452210
v 0.286363 1.315907 -0.452210
v 0.281167 1.315907 -0.452210
v 0.281167 1.409865 -0.452210
v 0.281167 1.525732 -0.723367
v 0.281167 1.663876 -0.723367
v 0.281167 1.906061 -0.723367
v 0.281167 1.988200 -0.723367
v 0.286363 1.988200 -0.723367
v 0.291266 1.988200 -0.723367
v 0.291266 1.976565 -0.714277
v 0.286363 1.976565 -0.714277
v 0.286363 1.897268 -0.714277
v 0.286363 1.663467 -0.714277
v 0.286363 1.530104 -0.714277
v 0.286363 1.418249 -0.714277
v 0.286363 1.327542 -0.714277
v 0.291266 1.327542 -0.714277
v 0.291266 1.315907 -0.723367
v 0.286363 1.315907 -0.723367
v 0.281167 1.315907 -0.723367
v 0.281167 1.409865 -0.723367
v 0.286363 1.429884 -0.702493
v 0.286363 1.429884 -0.671489
v 0.286363 1.518469 -0.702493
v 0.286363 1.518469 -0.671489
v 0.286363 1.518469 -0.503632
v 0.286363 1.518469 -0.472434
v 0.286363 1.429884 -0.472434
v 0.286363 1.429884 -0.503632
v 0.294939 1.421157 -0.711331
v 0.292094 1.418249 -0.714277
v 0.292094 1.418249 -0.671489
v 0.294939 1.421157 -0.671489
v 0.292094 1.429884 -0.702493
v 0.294939 1.426975 -0.705438
v 0.294939 1.426975 -0.671489
v 0.292094 1.429884 -0.671489
v 0.294939 1.527196 -0.711331
v 0.292094 1.530104 -0.714277
v 0.292094 1.518469 -0.702493
v 0.294939 1.521378 -0.705438
v 0.294939 1.527196 -0.671489
v 0.292094 1.530104 -0.671489
v 0.292094 1.518469 -0.671489
v 0.294939 1.521378 -0.671489
v 0.294939 1.527196 -0.503632
v 0.292094 1.530104 -0.503632
v 0.292094 1.518469 -0.503632
v 0.294939 1.521378 -0.503632
v 0.294939 1.527196 -0.463596
v 0.292094 1.530104 -0.460650
v 0.292094 1.518469 -0.472434
v 0.294939 1.521378 -0.469489
v 0.294939 1.421157 -0.463596
v 0.292094 1.418249 -0.460650
v 0.292094 1.429884 -0.472434
v 0.294939 1.426975 -0.469489
v 0.294939 1.421157 -0.503632
v 0.292094 1.418249 -0.503632
v 0.292094 1.429884 -0.503632
v 0.294939 1.426975 -0.503632
v 0.292094 1.442254 -0.702493
v 0.294939 1.440157 -0.705438
v 0.294939 1.435964 -0.711331
v 0.292094 1.433868 -0.714277
v 0.286363 1.433868 -0.714277
v 0.286363 1.433868 -0.753238
v 0.291266 1.433868 -0.753238
v 0.291266 1.426045 -0.765021
v 0.286363 1.426045 -0.765021
v 0.281167 1.426045 -0.765021
v 0.281167 1.426045 -0.723367
v 0.281167 1.426045 -0.677622
v 0.281167 1.426045 -0.498163
v 0.281167 1.426045 -0.452210
v 0.281167 1.426045 -0.400499
v 0.286363 1.426045 -0.400499
v 0.291266 1.426045 -0.400499
v 0.291266 1.433868 -0.412283
v 0.286363 1.433868 -0.412283
v 0.286363 1.433868 -0.460650
v 0.292094 1.433868 -0.460650
v 0.294939 1.435964 -0.463596
v 0.294939 1.440157 -0.469489
v 0.292094 1.442254 -0.472434
v 0.286363 1.442254 -0.472434
v 0.286363 1.442254 -0.702493
v 0.294939 1.445940 -0.705438
v 0.292094 1.447680 -0.702493
v 0.286363 1.447680 -0.702493
v 0.286363 1.447680 -0.472434
v 0.292094 1.447680 -0.472434
v 0.294939 1.445940 -0.469489
v 0.294939 1.442460 -0.463596
v 0.292094 1.440720 -0.460650
v 0.286363 1.440720 -0.460650
v 0.286363 1.440720 -0.412283
v 0.291266 1.440720 -0.412283
v 0.291266 1.433142 -0.400499
v 0.286363 1.433142 -0.400499
v 0.281167 1.433142 -0.400499
v 0.281167 1.433142 -0.452210
v 0.281167 1.433142 -0.498163
v 0.281167 1.433142 -0.677622
v 0.281167 1.433142 -0.723367
v 0.281167 1.433142 -0.765021
v 0.286363 1.433142 -0.765021
v 0.291266 1.433142 -0.765021
v 0.291266 1.440720 -0.753238
v 0.286363 1.440720 -0.753238
v 0.286363 1.440720 -0.714277
v 0.292094 1.440720 -0.714277
v 0.294939 1.442460 -0.711331
v 0.292094 1.462991 -0.702493
v 0.294939 1.462256 -0.705438
v 0.294939 1.460787 -0.711331
v 0.292094 1.460052 -0.714277
v 0.286363 1.460052 -0.714277
v 0.286363 1.460052 -0.753238
v 0.291266 1.460052 -0.753238
v 0.291266 1.453168 -0.765021
v 0.286363 1.453168 -0.765021
v 0.281167 1.453168 -0.765021
v 0.281167 1.453168 -0.723367
v 0.281167 1.453168 -0.677622
v 0.281167 1.453168 -0.498163
v 0.281167 1.453168 -0.452210
v 0.281167 1.453168 -0.400499
v 0.286363 1.453168 -0.400499
v 0.291266 1.453168 -0.400499
v 0.291266 1.460052 -0.412283
v 0.286363 1.460052 -0.412283
v 0.286363 1.460052 -0.460650
v 0.292094 1.460052 -0.460650
v 0.294939 1.460787 -0.463596
v 0.294939 1.462256 -0.469489
v 0.292094 1.462991 -0.472434
v 0.286363 1.462991 -0.472434
v 0.286363 1.462991 -0.702493
v 0.292094 1.467138 -0.702493
v 0.294939 1.466676 -0.705438
v 0.294939 1.465752 -0.711331
v 0.292094 1.465289 -0.714277
v 0.286363 1.465289 -0.714277
v 0.286363 1.465289 -0.753238
v 0.291266 1.465289 -0.753238
v 0.291266 1.458593 -0.765021
v 0.286363 1.458593 -0.765021
v 0.281167 1.458593 -0.765021
v 0.281167 1.458593 -0.723367
v 0.281167 1.458593 -0.677622
v 0.281167 1.458593 -0.498163
v 0.281167 1.458593 -0.452210
v 0.281167 1.458593 -0.400499
v 0.286363 1.458593 -0.400499
v 0.291266 1.458593 -0.400499
v 0.291266 1.465289 -0.412283
v 0.286363 1.465289 -0.412283
v 0.286363 1.465289 -0.460650
v 0.292094 1.465289 -0.460650
v 0.294939 1.465752 -0.463596
v 0.294939 1.466676 -0.469489
v 0.292094 1.467138 -0.472434
v 0.286363 1.467138 -0.472434
v 0.286363 1.467138 -0.702493
v 0.286363 1.484585 -0.702493
v 0.292094 1.484585 -0.702493
v 0.294939 1.485268 -0.705438
v 0.294939 1.486635 -0.711331
v 0.292094 1.487319 -0.714277
v 0.286363 1.487319 -0.714277
v 0.286363 1.487319 -0.753238
v 0.291266 1.487319 -0.753238
v 0.291266 1.481412 -0.765021
v 0.286363 1.481412 -0.765021
v 0.281167 1.481412 -0.765021
v 0.281167 1.481412 -0.723367
v 0.281167 1.481412 -0.677622
v 0.281167 1.481412 -0.498163
v 0.281167 1.481412 -0.452210
v 0.281167 1.481412 -0.400499
v 0.286363 1.481412 -0.400499
v 0.291266 1.481412 -0.400499
v 0.291266 1.487319 -0.412283
v 0.286363 1.487319 -0.412283
v 0.286363 1.487319 -0.460650
v 0.292094 1.487319 -0.460650
v 0.294939 1.486635 -0.463596
v 0.294939 1.485268 -0.469489
v 0.292094 1.484585 -0.472434
v 0.286363 1.484585 -0.472434
v 0.286363 1.489758 -0.702493
v 0.292094 1.489758 -0.702493
v 0.294939 1.490782 -0.705438
v 0.294939 1.492828 -0.711331
v 0.292094 1.493852 -0.714277
v 0.286363 1.493852 -0.714277
v 0.286363 1.493852 -0.753238
v 0.291266 1.493852 -0.753238
v 0.291266 1.488179 -0.765021
v 0.286363 1.488179 -0.765021
v 0.281167 1.488179 -0.765021
v 0.281167 1.488179 -0.723367
v 0.281167 1.488179 -0.677622
v 0.281167 1.488179 -0.498163
v 0.281167 1.488179 -0.452210
v 0.281167 1.488179 -0.400499
v 0.286363 1.488179 -0.400499
v 0.291266 1.488179 -0.400499
v 0.291266 1.493852 -0.412283
v 0.286363 1.493852 -0.412283
v 0.286363 1.493852 -0.460650
v 0.292094 1.493852 -0.460650
v 0.294939 1.492828 -0.463596
v 0.294939 1.490782 -0.469489
v 0.292094 1.489758 -0.472434
v 0.286363 1.489758 -0.472434
v 0.286363 1.507347 -0.702493
v 0.292094 1.507347 -0.702493
v 0.294939 1.509525 -0.705438
v 0.294939 1.513882 -0.711331
v 0.292094 1.516060 -0.714277
v 0.286363 1.516060 -0.714277
v 0.286363 1.516060 -0.753238
v 0.291266 1.516060 -0.753238
v 0.291266 1.511184 -0.765021
v 0.286363 1.511184 -0.765021
v 0.281167 1.511184 -0.765021
v 0.281167 1.511184 -0.723367
v 0.281167 1.511184 -0.677622
v 0.281167 1.511184 -0.498163
v 0.281167 1.511184 -0.452210
v 0.281167 1.511184 -0.400499
v 0.286363 1.511184 -0.400499
v 0.291266 1.511184 -0.400499
v 0.291266 1.516060 -0.412283
v 0.286363 1.516060 -0.412283
v 0.286363 1.516060 -0.460650
v 0.292094 1.516060 -0.460650
v 0.294939 1.513882 -0.463596
v 0.294939 1.509525 -0.469489
v 0.292094 1.507347 -0.472434
v 0.286363 1.507347 -0.472434
v 0.286363 1.502160 -0.702493
v 0.292094 1.502160 -0.702493
v 0.294939 1.503997 -0.705438
v 0.294939 1.507674 -0.711331
v 0.292094 1.509511 -0.714277
v 0.286363 1.509511 -0.714277
v 0.286363 1.509511 -0.753238
v 0.291266 1.509511 -0.753238
v 0.291266 1.504400 -0.765021
v 0.286363 1.504400 -0.765021
v 0.281167 1.504400 -0.765021
v 0.281167 1.504400 -0.723367
v 0.281167 1.504400 -0.677622
v 0.281167 1.504400 -0.498163
v 0.281167 1.504400 -0.452210
v 0.281167 1.504400 -0.400499
v 0.286363 1.504400 -0.400499
v 0.291266 1.504400 -0.400499
v 0.291266 1.509511 -0.412283
v 0.286363 1.509511 -0.412283
v 0.286363 1.509511 -0.460650
v 0.292094 1.509511 -0.460650
v 0.294939 1.507674 -0.463596
v 0.294939 1.503997 -0.469489
v 0.292094 1.502160 -0.472434
v 0.286363 1.502160 -0.472434
v 0.293570 1.442254 -0.472434
v 0.293570 1.442254 -0.702493
v 0.293570 1.447680 -0.702493
v 0.293570 1.447680 -0.472434
v 0.293570 1.462991 -0.472434
v 0.293570 1.462991 -0.702493
v 0.293570 1.467138 -0.702493
v 0.293570 1.467138 -0.472434
v 0.293570 1.484585 -0.472434
v 0.293570 1.484585 -0.702493
v 0.293570 1.489758 -0.702493
v 0.293570 1.489758 -0.472434
v 0.293570 1.502160 -0.472434
v 0.293570 1.502160 -0.702493
v 0.293570 1.507347 -0.702493
v 0.293570 1.507347 -0.472434
v -1.215104 0.184991 1.800705
v -1.248108 0.184991 1.793172
v -1.274576 0.184991 1.814279
v -1.274576 0.184991 1.848132
v -1.248108 0.184991 1.869239
v -1.215104 0.184991 1.861706
v -1.200415 0.184991 1.831206
v -1.215104 0.222840 1.800705
v -1.248108 0.222840 1.793172
v -1.274576 0.222840 1.814279
v -1.274576 0.222840 1.848132
v -1.248108 0.222840 1.869239
v -1.215104 0.222840 1.861706
v -1.200415 0.222840 1.831206
v -1.239427 0.184991 1.831206
v -1.239427 0.222840 1.831206
v -1.596282 0.248635 1.614520
v -1.634607 0.214117 1.614520
v -1.581778 0.297389 1.614520
v -1.581778 0.970343 1.614520
v -1.596282 1.019097 1.614520
v -1.634607 1.053615 1.614520
v -1.688216 1.066550 1.614520
v -1.741822 1.053615 1.614520
v -1.780149 1.019097 1.614520
v -1.794651 0.970343 1.614520
v -1.794651 0.297389 1.614520
v -1.780149 0.248635 1.614520
v -1.741822 0.214117 1.614520
v -1.688216 0.201182 1.614520
v -1.634607 0.214117 1.508934
v -1.596282 0.248635 1.508934
v -1.688216 0.201182 1.508934
v -1.741822 0.214117 1.508934
v -1.780149 0.248635 1.508934
v -1.794651 0.297389 1.508934
v -1.794651 0.970343 1.508934
v -1.780149 1.019097 1.508934
v -1.741822 1.053615 1.508934
v -1.688216 1.066550 1.508934
v -1.634607 1.053615 1.508934
v -1.596282 1.019097 1.508934
v -1.581778 0.970343 1.508934
v -1.581778 0.297389 1.508934
v -1.596282 0.248635 1.593324
v -1.634607 0.214117 1.593324
v -1.581778 0.297389 1.593324
v -1.581778 0.970343 1.593324
v -1.596282 1.019097 1.593324
v -1.634607 1.053615 1.593324
v -1.688216 1.066550 1.593324
v -1.741822 1.053615 1.593324
v -1.780149 1.019097 1.593324
v -1.794651 0.970343 1.593324
v -1.794651 0.297389 1.593324
v -1.780149 0.248635 1.593324
v -1.741822 0.214117 1.593324
v -1.688216 0.201182 1.593324
v -1.634607 0.214117 1.530130
v -1.596282 0.248635 1.530130
v -1.688216 0.201182 1.530130
v -1.741822 0.214117 1.530130
v -1.780149 0.248635 1.530130
v -1.794651 0.297389 1.530130
v -1.794651 0.970343 1.530130
v -1.780149 1.019097 1.530130
v -1.741822 1.053615 1.530130
v -1.688216 1.066550 1.530130
v -1.634607 1.053615 1.530130
v -1.596282 1.019097 1.530130
v -1.581778 0.970343 1.530130
v -1.581778 0.297389 1.530130
v -1.814735 0.973266 1.521183
v -1.802487 0.971483 1.508934
v -1.814735 0.294466 1.521183
v -1.802487 0.296249 1.508934
v -1.561696 0.973266 1.521183
v -1.573944 0.971483 1.508934
v -1.561696 0.294466 1.521183
v -1.573944 0.296249 1.508934
v -1.814735 0.973266 1.602271
v -1.802487 0.971483 1.614520
v -1.814735 0.294466 1.602271
v -1.802487 0.296249 1.614520
v -1.561696 0.973266 1.602271
v -1.573944 0.971483 1.614520
v -1.561696 0.294466 1.602271
v -1.573944 0.296249 1.614520
v -1.797787 1.030237 1.602271
v -1.787029 1.023442 1.614520
v -1.797787 1.030237 1.521183
v -1.787029 1.023442 1.508934
v -1.751480 1.071943 1.602271
v -1.745590 1.060765 1.614520
v -1.751480 1.071943 1.521183
v -1.745590 1.060765 1.508934
v -1.688216 1.087210 1.602271
v -1.688216 1.074609 1.614520
v -1.688216 1.087210 1.521183
v -1.688216 1.074609 1.508934
v -1.624948 1.071943 1.602271
v -1.630840 1.060765 1.614520
v -1.624948 1.071943 1.521183
v -1.630840 1.060765 1.508934
v -1.578644 1.030237 1.602271
v -1.589402 1.023442 1.614520
v -1.578644 1.030237 1.521183
v -1.589402 1.023442 1.508934
v -1.751480 0.195788 1.602271
v -1.745590 0.206967 1.614520
v -1.688216 0.180522 1.602271
v -1.688216 0.193123 1.614520
v -1.751480 0.195788 1.521183
v -1.745590 0.206967 1.508934
v -1.688216 0.180522 1.521183
v -1.688216 0.193123 1.508934
v -1.797787 0.237494 1.602271
v -1.787029 0.244289 1.614520
v -1.797787 0.237494 1.521183
v -1.787029 0.244289 1.508934
v -1.578644 0.237494 1.602271
v -1.589402 0.244289 1.614520
v -1.578644 0.237494 1.521183
v -1.589402 0.244289 1.508934
v -1.624948 0.195788 1.602271
v -1.630840 0.206967 1.614520
v -1.624948 0.195788 1.521183
v -1.630840 0.206967 1.508934
v -1.581778 0.850076 1.530130
v -1.581778 0.850076 1.508934
v -1.573944 0.850808 1.508934
v -1.561696 0.851954 1.521183
v -1.561696 0.851954 1.602271
v -1.573944 0.850808 1.614520
v -1.581778 0.850076 1.614520
v -1.581778 0.850076 1.593324
v -1.581778 0.817363 1.530130
v -1.581778 0.817363 1.508934
v -1.573944 0.817985 1.508934
v -1.561696 0.818957 1.521183
v -1.561696 0.818957 1.602271
v -1.573944 0.817985 1.614520
v -1.581778 0.817363 1.614520
v -1.581778 0.817363 1.593324
v -1.581778 0.358681 1.530130
v -1.581778 0.358681 1.508934
v -1.573944 0.357748 1.508934
v -1.561696 0.356291 1.521183
v -1.561696 0.356291 1.602271
v -1.573944 0.357748 1.614520
v -1.581778 0.358681 1.614520
v -1.581778 0.358681 1.593324
v -1.581778 0.393842 1.530130
v -1.581778 0.393842 1.508934
v -1.573944 0.393028 1.508934
v -1.561696 0.391757 1.521183
v -1.561696 0.391757 1.602271
v -1.573944 0.393028 1.614520
v -1.581778 0.393842 1.614520
v -1.581778 0.393842 1.593324
v -1.561696 0.851954 1.577971
v -1.561696 0.818957 1.577971
v -1.561696 0.391757 1.577972
v -1.561696 0.356291 1.577972
v -1.561696 0.294466 1.577972
v -1.578644 0.237494 1.577972
v -1.624948 0.195788 1.577972
v -1.688216 0.180522 1.577972
v -1.751480 0.195788 1.577972
v -1.797787 0.237494 1.577972
v -1.814735 0.294466 1.577972
v -1.814735 0.973266 1.577971
v -1.797787 1.030237 1.577971
v -1.751480 1.071943 1.577971
v -1.688216 1.087210 1.577971
v -1.624948 1.071943 1.577971
v -1.578644 1.030237 1.577971
v -1.561696 0.973266 1.577971
v -1.561696 0.851954 1.542097
v -1.561696 0.818957 1.542097
v -1.561696 0.391757 1.542097
v -1.561696 0.356291 1.542097
v -1.561696 0.294466 1.542097
v -1.578644 0.237494 1.542097
v -1.624948 0.195788 1.542097
v -1.688216 0.180522 1.542097
v -1.751480 0.195788 1.542097
v -1.797787 0.237494 1.542097
v -1.814735 0.294466 1.542097
v -1.814735 0.973266 1.542097
v -1.797787 1.030237 1.542097
v -1.751480 1.071943 1.542097
v -1.688216 1.087210 1.542097
v -1.624948 1.071943 1.542097
v -1.578644 1.030237 1.542097
v -1.561696 0.973266 1.542097
v -1.468130 0.818957 1.542097
v -1.468130 0.818957 1.577971
v -1.468130 0.851954 1.542097
v -1.468130 0.851954 1.577971
v -1.468130 0.356291 1.542097
v -1.468130 0.356291 1.577972
v -1.468130 0.391757 1.542097
v -1.468130 0.391757 1.577972
v 2.324010 2.296630 1.820563
v 2.309453 2.326406 1.811396
v 2.284316 2.346121 1.824127
v 2.263324 2.344224 1.851299
v 2.258774 2.321828 1.876995
v 2.273331 2.292051 1.886163
v 2.298467 2.272337 1.873432
v 2.319460 2.274234 1.846260
v 2.441319 2.399545 1.940902
v 2.433004 2.416554 1.935665
v 2.418646 2.427814 1.942937
v 2.406656 2.426731 1.958458
v 2.404057 2.413939 1.973136
v 2.412371 2.396930 1.978372
v 2.426730 2.385670 1.971100
v 2.438720 2.386753 1.955580
v 2.291392 2.309229 1.848779
v 2.422688 2.406742 1.957019
v -0.458849 0.184991 1.800705
v -0.491854 0.184991 1.793172
v -0.518320 0.184991 1.814279
v -0.518320 0.184991 1.848132
v -0.491854 0.184991 1.869239
v -0.458849 0.184991 1.861706
v -0.444161 0.184991 1.831206
v -0.458849 0.222840 1.800705
v -0.491854 0.222840 1.793172
v -0.518320 0.222840 1.814279
v -0.518320 0.222840 1.848132
v -0.491854 0.222840 1.869239
v -0.458849 0.222840 1.861706
v -0.444161 0.222840 1.831206
v -0.483172 0.184991 1.831206
v -0.483172 0.222840 1.831206
v 1.918368 0.360110 1.816614
v 2.302301 0.360110 1.816614
v 1.918368 1.020551 1.816613
v 2.302301 1.020551 1.816613
v 1.918368 1.020551 1.769513
v 2.302301 1.020551 1.769513
v 1.918368 0.360110 1.769513
v 2.302301 0.360110 1.769513
v 2.302301 0.386853 1.816614
v 1.918368 0.386853 1.816614
v 1.918368 0.386853 1.769513
v 2.302301 0.386853 1.769513
v 2.302301 0.993074 1.816613
v 1.918368 0.993074 1.816613
v 1.918368 0.993074 1.769513
v 2.302301 0.993074 1.769513
v 2.274046 0.386853 1.816614
v 2.274046 0.360110 1.816614
v 2.274046 0.360110 1.769513
v 2.274046 0.386853 1.769513
v 2.274046 0.993074 1.769513
v 2.274046 1.020551 1.769513
v 2.274046 1.020551 1.816613
v 2.274046 0.993074 1.816613
v 1.948069 0.386853 1.816614
v 1.948069 0.360110 1.816614
v 1.948069 0.360110 1.769513
v 1.948069 0.386853 1.769513
v 1.948069 0.993074 1.769513
v 1.948069 1.020551 1.769513
v 1.948069 1.020551 1.816613
v 1.948069 0.993074 1.816613
v 1.948069 0.993074 1.790799
v 1.948069 0.386853 1.790799
v 2.274046 0.386853 1.790799
v 2.274046 0.993074 1.790799
v -1.490997 0.369740 0.289230
v -1.458626 0.369740 0.289230
v -1.490997 1.026511 0.289230
v -1.458626 1.026511 0.289230
v -1.490997 1.026511 -0.818453
v -1.458626 1.026511 -0.818453
v -1.490997 0.369740 -0.818453
v -1.458626 0.369740 -0.818453
v -1.490997 0.409362 -0.818453
v -1.490997 0.409362 0.289230
v -1.458626 0.409362 0.289230
v -1.458626 0.409362 -0.818453
v -1.490997 0.987861 -0.818453
v -1.490997 0.987861 0.289230
v -1.458626 0.987861 0.289230
v -1.458626 0.987861 -0.818453
v -1.490997 1.026511 0.247375
v -1.490997 0.987861 0.247375
v -1.490997 0.409362 0.247375
v -1.490997 0.369740 0.247375
v -1.458626 0.369740 0.247375
v -1.458626 0.409362 0.247375
v -1.458626 0.987861 0.247375
v -1.458626 1.026511 0.247375
v -1.490997 0.369740 -0.774751
v -1.490997 0.409362 -0.774751
v -1.490997 0.987861 -0.774751
v -1.490997 1.026511 -0.774751
v -1.458626 1.026511 -0.774751
v -1.458626 0.987861 -0.774751
v -1.458626 0.409362 -0.774751
v -1.458626 0.369740 -0.774751
v -1.490997 0.409362 -0.093334
v -1.490997 0.987861 -0.093334
v -1.490997 1.026511 -0.093334
v -1.458626 1.026511 -0.093334
v -1.458626 0.987861 -0.093334
v -1.458626 0.409362 -0.093334
v -1.458626 0.369740 -0.093334
v -1.490997 0.369740 -0.093334
v -1.490997 0.409362 -0.434042
v -1.490997 0.987861 -0.434042
v -1.490997 1.026511 -0.434042
v -1.458626 1.026511 -0.434042
v -1.458626 0.987861 -0.434042
v -1.458626 0.409362 -0.434042
v -1.458626 0.369740 -0.434042
v -1.490997 0.369740 -0.434042
v -1.490997 0.409362 -0.455964
v -1.490997 0.987861 -0.455964
v -1.490997 1.026511 -0.455964
v -1.458626 1.026511 -0.455964
v -1.458626 0.987861 -0.455964
v -1.458626 0.409362 -0.455964
v -1.458626 0.369740 -0.455964
v -1.490997 0.369740 -0.455964
v -1.490997 0.409362 -0.069183
v -1.490997 0.987861 -0.069183
v -1.490997 1.026511 -0.069183
v -1.458626 1.026511 -0.069183
v -1.458626 0.987861 -0.069183
v -1.458626 0.409362 -0.069183
v -1.458626 0.369740 -0.069183
v -1.490997 0.369740 -0.069183
v -1.466087 0.409362 -0.774751
v -1.466087 0.987861 -0.774751
v -1.466087 0.409362 -0.455964
v -1.466087 0.987861 -0.455964
v -1.466087 0.409362 -0.434042
v -1.466087 0.987861 -0.434042
v -1.466087 0.409362 -0.093334
v -1.466087 0.987861 -0.093334
v -1.466087 0.409362 -0.069183
v -1.466087 0.987861 -0.069183
v -1.466087 0.409362 0.247375
v -1.466087 0.987861 0.247375
v 1.351561 1.053116 2.210284
v 2.755033 1.053116 2.210284
v 1.351561 1.630652 2.210284
v 2.755033 1.630652 2.210284
v 1.351561 1.630652 2.142905
v 2.755033 1.630652 2.142905
v 1.351561 1.053116 2.142906
v 2.755033 1.053116 2.142906
v 1.381685 1.083240 2.210284
v 2.724909 1.083240 2.210284
v 2.724909 1.600528 2.210284
v 1.381685 1.600528 2.210284
v 1.381685 1.083240 2.171898
v 2.724909 1.083240 2.171898
v 2.724909 1.600528 2.171898
v 1.381685 1.600528 2.171898
v 2.650168 -0.993251 0.085015
v 2.650168 -0.993251 -0.298918
v 2.650168 -0.332810 0.085015
v 2.650168 -0.332810 -0.298918
v 2.603068 -0.332810 0.085015
v 2.603068 -0.332810 -0.298918
v 2.603068 -0.993251 0.085015
v 2.603068 -0.993251 -0.298918
v 2.650168 -0.966508 -0.298918
v 2.650168 -0.966508 0.085015
v 2.603068 -0.966508 0.085015
v 2.603068 -0.966508 -0.298918
v 2.650168 -0.360287 -0.298918
v 2.650168 -0.360287 0.085015
v 2.603068 -0.360287 0.085015
v 2.603068 -0.360287 -0.298918
v 2.650168 -0.966508 -0.270663
v 2.650168 -0.993251 -0.270663
v 2.603068 -0.993251 -0.270663
v 2.603068 -0.966508 -0.270663
v 2.603068 -0.360287 -0.270663
v 2.603068 -0.332810 -0.270663
v 2.650168 -0.332810 -0.270663
v 2.650168 -0.360287 -0.270663
v 2.650168 -0.966508 0.055314
v 2.650168 -0.993251 0.055314
v 2.603068 -0.993251 0.055314
v 2.603068 -0.966508 0.055314
v 2.603068 -0.360287 0.055314
v 2.603068 -0.332810 0.055314
v 2.650168 -0.332810 0.055314
v 2.650168 -0.360287 0.055314
v 2.624353 -0.360287 0.055314
v 2.624353 -0.966508 0.055314
v 2.624353 -0.966508 -0.270663
v 2.624353 -0.360287 -0.270663
v -1.468920 -1.502637 -0.810071
v -1.468920 -1.502637 -0.245948
v -1.468920 -0.393844 -0.810071
v -1.468920 -0.393844 -0.245948
v -1.459752 -0.393844 -0.810071
v -1.459752 -0.393844 -0.245948
v -1.459752 -1.502637 -0.810071
v -1.459752 -1.502637 -0.245948
v -1.468920 -1.483447 -0.791835
v -1.468920 -1.483447 -0.264184
v -1.468920 -0.413034 -0.264184
v -1.468920 -0.413034 -0.791835
v -1.477568 -1.502637 -0.810071
v -1.477568 -1.502637 -0.245948
v -1.477568 -1.483447 -0.264184
v -1.477568 -1.483447 -0.791835
v -1.477568 -0.393844 -0.245948
v -1.477568 -0.413034 -0.264184
v -1.477568 -0.393844 -0.810071
v -1.477568 -0.413034 -0.791835
v -1.477568 -0.929416 -0.264184
v -1.468920 -0.929416 -0.264184
v -1.468920 -0.929416 -0.791835
v -1.477568 -0.929416 -0.791835
v -1.477568 -0.928741 -0.810071
v -1.468920 -0.928741 -0.810071
v -1.459752 -0.928741 -0.810071
v -1.459752 -0.928741 -0.245948
v -1.468920 -0.928741 -0.245948
v -1.477568 -0.928741 -0.245948
v -1.477568 -0.543814 -0.264184
v -1.468920 -0.543814 -0.264184
v -1.468920 -0.543814 -0.791835
v -1.477568 -0.543814 -0.791835
v -1.477568 -0.529314 -0.810071
v -1.468920 -0.529314 -0.810071
v -1.459752 -0.529314 -0.810071
v -1.459752 -0.529314 -0.245948
v -1.468920 -0.529314 -0.245948
v -1.477568 -0.529314 -0.245948
v -1.468920 -0.543814 -0.390696
v -1.468920 -0.929416 -0.390696
v -1.468920 -1.483447 -0.390695
v -1.477568 -1.483447 -0.390695
v -1.477568 -1.502637 -0.381204
v -1.468920 -1.502637 -0.381204
v -1.459752 -1.502637 -0.381204
v -1.459752 -0.928741 -0.381204
v -1.459752 -0.529314 -0.381204
v -1.459752 -0.393844 -0.381204
v -1.468920 -0.393844 -0.381204
v -1.477568 -0.393844 -0.381204
v -1.477568 -0.413034 -0.390696
v -1.468920 -0.413034 -0.390696
v -1.468920 -0.543814 -0.650465
v -1.468920 -0.929416 -0.650465
v -1.468920 -1.483447 -0.650465
v -1.477568 -1.483447 -0.650465
v -1.477568 -1.502637 -0.658930
v -1.468920 -1.502637 -0.658930
v -1.459752 -1.502637 -0.658930
v -1.459752 -0.928741 -0.658930
v -1.459752 -0.529314 -0.658930
v -1.459752 -0.393844 -0.658930
v -1.468920 -0.393844 -0.658930
v -1.477568 -0.393844 -0.658930
v -1.477568 -0.413034 -0.650465
v -1.468920 -0.413034 -0.650465
v -1.468920 -0.910226 -0.408932
v -1.468920 -0.910226 -0.632229
v -1.468920 -0.563004 -0.408932
v -1.468920 -0.563004 -0.632229
v -1.459752 -0.548503 -0.640693
v -1.459752 -0.548503 -0.399440
v -1.459752 -0.909551 -0.399440
v -1.459752 -0.909551 -0.640693
v -1.483623 -0.925003 -0.394889
v -1.479004 -0.929416 -0.390696
v -1.479004 -0.929416 -0.650465
v -1.483623 -0.925003 -0.646271
v -1.479004 -0.910226 -0.408932
v -1.483623 -0.914640 -0.404738
v -1.483623 -0.914640 -0.636423
v -1.479004 -0.910226 -0.632229
v -1.483623 -0.548228 -0.394889
v -1.479004 -0.543814 -0.390696
v -1.479004 -0.563004 -0.408932
v -1.483623 -0.558591 -0.404738
v -1.483623 -0.548228 -0.646271
v -1.479004 -0.543814 -0.650465
v -1.479004 -0.563004 -0.632229
v -1.483623 -0.558591 -0.636423
v -1.468920 -1.149367 -0.650465
v -1.468920 -1.149367 -0.390695
v -1.468920 -1.149367 -0.264184
v -1.477568 -1.149367 -0.264184
v -1.477568 -1.156579 -0.245948
v -1.468920 -1.156579 -0.245948
v -1.459752 -1.156579 -0.245948
v -1.459752 -1.156579 -0.381204
v -1.459752 -1.156579 -0.658930
v -1.459752 -1.156579 -0.810071
v -1.468920 -1.156579 -0.810071
v -1.477568 -1.156579 -0.810071
v -1.477568 -1.149368 -0.791835
v -1.468920 -1.149368 -0.791835
v -1.459752 -1.347674 -0.381204
v -1.459752 -1.347674 -0.245948
v -1.468920 -1.347674 -0.245948
v -1.477568 -1.347674 -0.245948
v -1.477568 -1.333848 -0.264184
v -1.468920 -1.333848 -0.264184
v -1.468920 -1.333848 -0.390695
v -1.468920 -1.333848 -0.650465
v -1.468920 -1.333848 -0.791835
v -1.477568 -1.333848 -0.791835
v -1.477568 -1.347674 -0.810071
v -1.468920 -1.347674 -0.810071
v -1.459752 -1.347674 -0.810071
v -1.459752 -1.347674 -0.658930
v -1.459752 -1.156579 -0.730045
v -1.459752 -0.928741 -0.730045
v -1.459752 -0.529314 -0.730045
v -1.459752 -0.393844 -0.730045
v -1.468920 -0.393844 -0.730045
v -1.477568 -0.393844 -0.730045
v -1.477568 -0.413034 -0.716983
v -1.468920 -0.413034 -0.716983
v -1.468920 -0.543814 -0.716983
v -1.468920 -0.929416 -0.716983
v -1.468920 -1.149367 -0.716983
v -1.468920 -1.333848 -0.716983
v -1.468920 -1.483447 -0.716983
v -1.477568 -1.483447 -0.716983
v -1.477568 -1.502637 -0.730045
v -1.468920 -1.502637 -0.730045
v -1.459752 -1.502637 -0.730045
v -1.459752 -1.347674 -0.730045
v -1.459752 -1.156579 -0.310411
v -1.459752 -0.928741 -0.310411
v -1.459752 -0.529314 -0.310411
v -1.459752 -0.393844 -0.310411
v -1.468920 -0.393844 -0.310411
v -1.477568 -0.393844 -0.310411
v -1.477568 -0.413034 -0.324479
v -1.468920 -0.413034 -0.324479
v -1.468920 -0.543814 -0.324479
v -1.468920 -0.929416 -0.324479
v -1.468920 -1.149367 -0.324479
v -1.468920 -1.333848 -0.324479
v -1.468920 -1.483447 -0.324479
v -1.477568 -1.483447 -0.324479
v -1.477568 -1.502637 -0.310411
v -1.468920 -1.502637 -0.310411
v -1.459752 -1.502637 -0.310411
v -1.459752 -1.347674 -0.310411
v -1.468920 -1.314658 -0.342715
v -1.468920 -1.314658 -0.390695
v -1.468920 -1.168557 -0.342715
v -1.468920 -1.168557 -0.390695
v -1.468920 -1.168557 -0.650465
v -1.468920 -1.168557 -0.698746
v -1.468920 -1.314658 -0.698746
v -1.468920 -1.314658 -0.650465
v -1.484048 -1.329051 -0.329038
v -1.479028 -1.333848 -0.324479
v -1.479028 -1.333848 -0.390695
v -1.484048 -1.329051 -0.390695
v -1.479028 -1.314658 -0.342715
v -1.484048 -1.319455 -0.338157
v -1.484048 -1.319455 -0.390695
v -1.479028 -1.314658 -0.390695
v -1.484048 -1.154164 -0.329038
v -1.479028 -1.149367 -0.324479
v -1.479028 -1.168557 -0.342715
v -1.484048 -1.163760 -0.338157
v -1.484048 -1.154164 -0.390695
v -1.479028 -1.149367 -0.390695
v -1.479028 -1.168557 -0.390695
v -1.484048 -1.163760 -0.390695
v -1.484048 -1.154164 -0.650465
v -1.479028 -1.149367 -0.650465
v -1.479028 -1.168557 -0.650465
v -1.484048 -1.163760 -0.650465
v -1.484048 -1.154164 -0.712424
v -1.479028 -1.149367 -0.716983
v -1.479028 -1.168557 -0.698746
v -1.484048 -1.163760 -0.703305
v -1.484048 -1.329051 -0.712424
v -1.479028 -1.333848 -0.716983
v -1.479028 -1.314658 -0.698746
v -1.484048 -1.319455 -0.703305
v -1.484048 -1.329051 -0.650465
v -1.479028 -1.333848 -0.650465
v -1.479028 -1.314658 -0.650465
v -1.484048 -1.319455 -0.650465
v -1.479028 -1.294257 -0.342715
v -1.484048 -1.297714 -0.338157
v -1.484048 -1.304630 -0.329038
v -1.479028 -1.308087 -0.324479
v -1.468920 -1.308087 -0.324479
v -1.468920 -1.308087 -0.264184
v -1.477568 -1.308087 -0.264184
v -1.477568 -1.320990 -0.245948
v -1.468920 -1.320990 -0.245948
v -1.459752 -1.320990 -0.245948
v -1.459752 -1.320990 -0.310411
v -1.459752 -1.320990 -0.381204
v -1.459752 -1.320990 -0.658930
v -1.459752 -1.320990 -0.730045
v -1.459752 -1.320990 -0.810071
v -1.468920 -1.320990 -0.810071
v -1.477568 -1.320990 -0.810071
v -1.477568 -1.308088 -0.791835
v -1.468920 -1.308088 -0.791835
v -1.468920 -1.308087 -0.716983
v -1.479028 -1.308087 -0.716983
v -1.484048 -1.304630 -0.712424
v -1.484048 -1.297714 -0.703305
v -1.479028 -1.294257 -0.698746
v -1.468920 -1.294257 -0.698746
v -1.468920 -1.294257 -0.342715
v -1.484048 -1.288177 -0.338157
v -1.479028 -1.285307 -0.342715
v -1.468920 -1.285307 -0.342715
v -1.468920 -1.285307 -0.698746
v -1.479028 -1.285307 -0.698746
v -1.484048 -1.288177 -0.703305
v -1.484048 -1.293917 -0.712424
v -1.479028 -1.296786 -0.716983
v -1.468920 -1.296786 -0.716983
v -1.468920 -1.296787 -0.791835
v -1.477568 -1.296787 -0.791835
v -1.477568 -1.309284 -0.810071
v -1.468920 -1.309284 -0.810071
v -1.459752 -1.309284 -0.810071
v -1.459752 -1.309284 -0.730045
v -1.459752 -1.309284 -0.658930
v -1.459752 -1.309284 -0.381204
v -1.459752 -1.309284 -0.310411
v -1.459752 -1.309284 -0.245948
v -1.468920 -1.309284 -0.245948
v -1.477568 -1.309284 -0.245948
v -1.477568 -1.296786 -0.264184
v -1.468920 -1.296786 -0.264184
v -1.468920 -1.296786 -0.324479
v -1.479028 -1.296786 -0.324479
v -1.484048 -1.293917 -0.329038
v -1.479028 -1.260056 -0.342715
v -1.484048 -1.261267 -0.338157
v -1.484048 -1.263690 -0.329038
v -1.479028 -1.264902 -0.324479
v -1.468920 -1.264902 -0.324479
v -1.468920 -1.264902 -0.264184
v -1.477568 -1.264902 -0.264184
v -1.477568 -1.276256 -0.245948
v -1.468920 -1.276256 -0.245948
v -1.459752 -1.276256 -0.245948
v -1.459752 -1.276256 -0.310411
v -1.459752 -1.276256 -0.381204
v -1.459752 -1.276256 -0.658930
v -1.459752 -1.276256 -0.730045
v -1.459752 -1.276256 -0.810071
v -1.468920 -1.276256 -0.810071
v -1.477568 -1.276256 -0.810071
v -1.477568 -1.264902 -0.791835
v -1.468920 -1.264902 -0.791835
v -1.468920 -1.264902 -0.716983
v -1.479028 -1.264902 -0.716983
v -1.484048 -1.263690 -0.712424
v -1.484048 -1.261267 -0.703305
v -1.479028 -1.260056 -0.698746
v -1.468920 -1.260056 -0.698746
v -1.468920 -1.260056 -0.342715
v -1.479028 -1.253215 -0.342715
v -1.484048 -1.253978 -0.338157
v -1.484048 -1.255502 -0.329038
v -1.479028 -1.256265 -0.324479
v -1.468920 -1.256265 -0.324479
v -1.468920 -1.256265 -0.264184
v -1.477568 -1.256265 -0.264184
v -1.477568 -1.267309 -0.245948
v -1.468920 -1.267309 -0.245948
v -1.459752 -1.267309 -0.245948
v -1.459752 -1.267309 -0.310411
v -1.459752 -1.267309 -0.381204
v -1.459752 -1.267309 -0.658930
v -1.459752 -1.267309 -0.730045
v -1.459752 -1.267309 -0.810071
v -1.468920 -1.267309 -0.810071
v -1.477568 -1.267309 -0.810071
v -1.477568 -1.256265 -0.791835
v -1.468920 -1.256265 -0.791835
v -1.468920 -1.256265 -0.716983
v -1.479028 -1.256265 -0.716983
v -1.484048 -1.255502 -0.712424
v -1.484048 -1.253978 -0.703305
v -1.479028 -1.253215 -0.698746
v -1.468920 -1.253215 -0.698746
v -1.468920 -1.253215 -0.342715
v -1.468920 -1.224442 -0.342715
v -1.479028 -1.224442 -0.342715
v -1.484048 -1.223315 -0.338157
v -1.484048 -1.221060 -0.329038
v -1.479028 -1.219933 -0.324479
v -1.468920 -1.219933 -0.324479
v -1.468920 -1.219933 -0.264184
v -1.477568 -1.219933 -0.264184
v -1.477568 -1.229674 -0.245948
v -1.468920 -1.229674 -0.245948
v -1.459752 -1.229674 -0.245948
v -1.459752 -1.229674 -0.310411
v -1.459752 -1.229674 -0.381204
v -1.459752 -1.229674 -0.658930
v -1.459752 -1.229674 -0.730045
v -1.459752 -1.229674 -0.810071
v -1.468920 -1.229674 -0.810071
v -1.477568 -1.229674 -0.810071
v -1.477568 -1.219933 -0.791835
v -1.468920 -1.219933 -0.791835
v -1.468920 -1.219933 -0.716983
v -1.479028 -1.219933 -0.716983
v -1.484048 -1.221060 -0.712424
v -1.484048 -1.223315 -0.703305
v -1.479028 -1.224442 -0.698746
v -1.468920 -1.224442 -0.698746
v -1.468920 -1.215909 -0.342715
v -1.479028 -1.215909 -0.342715
v -1.484048 -1.214221 -0.338157
v -1.484048 -1.210845 -0.329038
v -1.479028 -1.209158 -0.324479
v -1.468920 -1.209158 -0.324479
v -1.468920 -1.209158 -0.264184
v -1.477568 -1.209158 -0.264184
v -1.477568 -1.218513 -0.245948
v -1.468920 -1.218513 -0.245948
v -1.459752 -1.218513 -0.245948
v -1.459752 -1.218513 -0.310411
v -1.459752 -1.218513 -0.381204
v -1.459752 -1.218513 -0.658930
v -1.459752 -1.218513 -0.730045
v -1.459752 -1.218513 -0.810071
v -1.468920 -1.218513 -0.810071
v -1.477568 -1.218513 -0.810071
v -1.477568 -1.209158 -0.791835
v -1.468920 -1.209158 -0.791835
v -1.468920 -1.209158 -0.716983
v -1.479028 -1.209158 -0.716983
v -1.484048 -1.210845 -0.712424
v -1.484048 -1.214221 -0.703305
v -1.479028 -1.215909 -0.698746
v -1.468920 -1.215909 -0.698746
v -1.468920 -1.186901 -0.342715
v -1.479028 -1.186901 -0.342715
v -1.484048 -1.183308 -0.338157
v -1.484048 -1.176122 -0.329038
v -1.479028 -1.172530 -0.324479
v -1.468920 -1.172530 -0.324479
v -1.468920 -1.172530 -0.264184
v -1.477568 -1.172530 -0.264184
v -1.477568 -1.180572 -0.245948
v -1.468920 -1.180572 -0.245948
v -1.459752 -1.180572 -0.245948
v -1.459752 -1.180572 -0.310411
v -1.459752 -1.180572 -0.381204
v -1.459752 -1.180572 -0.658930
v -1.459752 -1.180572 -0.730045
v -1.459752 -1.180572 -0.810071
v -1.468920 -1.180572 -0.810071
v -1.477568 -1.180572 -0.810071
v -1.477568 -1.172530 -0.791835
v -1.468920 -1.172530 -0.791835
v -1.468920 -1.172530 -0.716983
v -1.479028 -1.172530 -0.716983
v -1.484048 -1.176122 -0.712424
v -1.484048 -1.183308 -0.703305
v -1.479028 -1.186901 -0.698746
v -1.468920 -1.186901 -0.698746
v -1.468920 -1.195455 -0.342715
v -1.479028 -1.195455 -0.342715
v -1.484048 -1.192425 -0.338157
v -1.484048 -1.186362 -0.329038
v -1.479028 -1.183331 -0.324479
v -1.468920 -1.183331 -0.324479
v -1.468920 -1.183331 -0.264184
v -1.477568 -1.183331 -0.264184
v -1.477568 -1.191760 -0.245948
v -1.468920 -1.191760 -0.245948
v -1.459752 -1.191760 -0.245948
v -1.459752 -1.191760 -0.310411
v -1.459752 -1.191760 -0.381204
v -1.459752 -1.191760 -0.658930
v -1.459752 -1.191760 -0.730045
v -1.459752 -1.191760 -0.810071
v -1.468920 -1.191760 -0.810071
v -1.477568 -1.191760 -0.810071
v -1.477568 -1.183331 -0.791835
v -1.468920 -1.183331 -0.791835
v -1.468920 -1.183331 -0.716983
v -1.479028 -1.183331 -0.716983
v -1.484048 -1.186362 -0.712424
v -1.484048 -1.192425 -0.703305
v -1.479028 -1.195455 -0.698746
v -1.468920 -1.195455 -0.698746
v -1.481632 -1.294257 -0.698746
v -1.481632 -1.294257 -0.342715
v -1.481632 -1.285307 -0.342715
v -1.481632 -1.285307 -0.698746
v -1.481632 -1.260056 -0.698746
v -1.481632 -1.260056 -0.342715
v -1.481632 -1.253215 -0.342715
v -1.481632 -1.253215 -0.698746
v -1.481632 -1.224442 -0.698746
v -1.481632 -1.224442 -0.342715
v -1.481632 -1.215909 -0.342715
v -1.481632 -1.215909 -0.698746
v -1.481632 -1.195455 -0.698746
v -1.481632 -1.195455 -0.342715
v -1.481632 -1.186901 -0.342715
v -1.481632 -1.186901 -0.698746
v 2.241638 2.081666 1.795804
v 2.218684 2.081666 1.795804
v 2.207207 2.081666 1.815682
v 2.218684 2.081666 1.835560
v 2.241638 2.081666 1.835560
v 2.253114 2.081666 1.815682
v 2.283570 2.320653 1.795804
v 2.268905 2.338310 1.795804
v 2.261572 2.347139 1.815682
v 2.268905 2.338310 1.835560
v 2.283570 2.320653 1.835560
v 2.290903 2.311824 1.815682
v 2.230161 2.081666 1.815682
v 2.276237 2.329482 1.815682
v -1.017746 -0.961472 1.813150
v 0.279663 -0.961472 1.813150
v -1.017746 -0.224100 1.813150
v 0.279663 -0.224100 1.813150
v -1.017746 -0.224100 1.777306
v 0.279663 -0.224100 1.777306
v -1.017746 -0.961472 1.777306
v 0.279663 -0.961472 1.777306
v -1.017746 -0.920985 1.813150
v -1.017746 -0.920985 1.777306
v 0.279663 -0.920985 1.777306
v 0.279663 -0.920985 1.813150
v -1.017746 -0.265157 1.813150
v -1.017746 -0.265157 1.777306
v 0.279663 -0.265157 1.777306
v 0.279663 -0.265157 1.813150
v 0.234316 -0.265157 1.813150
v 0.234316 -0.920985 1.813150
v 0.234316 -0.961472 1.813150
v 0.234316 -0.961472 1.777306
v 0.234316 -0.920985 1.777306
v 0.234316 -0.265157 1.777306
v 0.234316 -0.224100 1.777306
v 0.234316 -0.224100 1.813150
v -0.972751 -0.265157 1.813150
v -0.972751 -0.920985 1.813150
v -0.972751 -0.961472 1.813150
v -0.972751 -0.961472 1.777306
v -0.972751 -0.920985 1.777306
v -0.972751 -0.265157 1.777306
v -0.972751 -0.224100 1.777306
v -0.972751 -0.224100 1.813150
v -0.404285 -0.265157 1.813150
v -0.404285 -0.920985 1.813150
v -0.404285 -0.961472 1.813150
v -0.404285 -0.961472 1.777306
v -0.404285 -0.920985 1.777306
v -0.404285 -0.265157 1.777306
v -0.404285 -0.224100 1.777306
v -0.404285 -0.224100 1.813150
v -0.387059 -0.265157 1.813150
v -0.387059 -0.920985 1.813150
v -0.387059 -0.961472 1.813150
v -0.387059 -0.961472 1.777306
v -0.387059 -0.920985 1.777306
v -0.387059 -0.265157 1.777306
v -0.387059 -0.224100 1.777306
v -0.387059 -0.224100 1.813150
v -0.371063 -0.265157 1.813150
v -0.371063 -0.920985 1.813150
v -0.371063 -0.961472 1.813150
v -0.371063 -0.961472 1.777306
v -0.371063 -0.920985 1.777306
v -0.371063 -0.265157 1.777306
v -0.371063 -0.224100 1.777306
v -0.371063 -0.224100 1.813150
v 0.234316 -0.920985 1.791158
v -0.371063 -0.920985 1.791158
v 0.234316 -0.265157 1.791158
v -0.371063 -0.265157 1.791158
v -0.404285 -0.920985 1.791158
v -0.972751 -0.920985 1.791158
v -0.404285 -0.265157 1.791158
v -0.972751 -0.265157 1.791158
v -0.387059 -0.920985 1.791158
v -0.387059 -0.265157 1.791158
v -0.387059 -0.920985 1.802365
v -0.404285 -0.920985 1.802365
v -0.387059 -0.265157 1.802365
v -0.404285 -0.265157 1.802365
v 0.234316 -0.920985 1.781518
v -0.371063 -0.920985 1.781518
v 0.234316 -0.265157 1.781518
v -0.371063 -0.265157 1.781518
vn -0.0000 -0.4996 0.8662
vn -0.0000 -0.3061 0.9520
vn -0.0000 -0.2940 0.9558
vn -0.0000 1.0000 -0.0000
vn -0.0000 -0.2940 -0.9558
vn -0.0000 -0.3061 -0.9520
vn -0.0000 -0.4996 -0.8662
vn -0.0000 -1.0000 -0.0000
vn 1.0000 -0.0000 -0.0000
vn -0.9669 -0.2553 -0.0000
vn -0.9923 -0.1242 -0.0000
vn -0.9899 -0.1419 -0.0000
vn 0.0908 -0.9959 -0.0000
vn -0.0278 -0.2513 0.9675
vn -0.0279 -0.4521 0.8916
vn -0.1169 -0.2879 0.9505
vn -0.0694 -0.1708 0.9829
vn -0.0279 -0.4521 -0.8916
vn -0.0278 -0.2513 -0.9675
vn -0.0694 -0.1708 -0.9829
vn -0.1169 -0.2879 -0.9505
vn -0.0000 -0.0000 -1.0000
vn -0.0000 -0.0000 1.0000
vn -1.0000 -0.0000 -0.0000
vn -0.0000 0.8361 -0.5486
vn 0.8201 0.5722 -0.0000
vn -0.0000 0.8361 0.5486
vn -0.8201 0.5722 -0.0000
vn -0.9884 -0.1520 -0.0000
vn -0.9900 -0.1414 -0.0000
vn -0.9888 -0.1493 -0.0000
vn -0.9884 -0.1516 -0.0000
vn -0.9888 -0.1492 -0.0000
vn -0.0000 0.9175 -0.3977
vn -0.0000 0.3676 -0.9300
vn -0.0000 -0.3977 -0.9175
vn -0.0000 -0.9300 -0.3676
vn -0.0000 0.3977 0.9175
vn -0.0000 0.9300 0.3676
vn -0.0000 -0.9175 0.3977
vn -0.0000 -0.3676 0.9300
vn -0.9554 -0.2709 0.1174
vn -0.9554 -0.1085 0.2746
vn -0.9554 0.1174 0.2709
vn -0.9554 0.2746 0.1085
vn -0.9554 -0.1174 -0.2709
vn -0.9554 -0.2746 -0.1085
vn -0.9554 0.2709 -0.1174
vn -0.9554 0.1085 -0.2746
vn -0.4082 -0.4083 0.8165
vn -0.0000 -0.7071 0.7071
vn 0.4083 -0.4082 0.8165
vn 0.7071 -0.0000 0.7071
vn -0.0000 0.7071 0.7071
vn -0.4083 0.4082 0.8165
vn -0.7071 -0.0000 0.7071
vn 0.4082 0.4083 0.8165
vn -0.4066 0.9136 -0.0000
vn -0.3673 0.9301 -0.0000
vn -0.9325 -0.3612 -0.0000
vn 0.3674 -0.9301 -0.0000
vn -0.3670 0.9274 0.0724
vn -0.3656 0.9280 0.0725
vn -0.3863 0.9196 0.0718
vn -0.3863 0.9196 -0.0718
vn -0.3656 0.9280 -0.0725
vn -0.3670 0.9274 -0.0724
vn 0.5921 -0.8058 -0.0000
vn -0.5412 0.8409 -0.0000
vn 0.1167 -0.9932 -0.0000
vn -0.1167 0.9932 -0.0000
vn -0.3262 0.9453 -0.0000
vn -0.3461 0.9353 -0.0730
vn -0.3461 0.9353 0.0730
vn -0.3674 0.9301 -0.0000
vn -0.3672 0.9301 -0.0000
vn 0.2225 -0.0000 -0.9749
vn -0.6235 -0.0000 -0.7818
vn -0.6235 -0.0000 0.7818
vn 0.2225 -0.0000 0.9749
vn 0.9010 -0.0000 0.4339
vn 0.9010 -0.0000 -0.4339
vn 0.8318 -0.0736 0.5501
vn 0.6601 -0.1053 0.7438
vn 0.6246 -0.2510 0.7395
vn 0.7810 -0.2296 0.5808
vn 0.6015 -0.3146 0.7343
vn 0.7400 -0.3249 0.5890
vn 0.8342 -0.2957 0.4655
vn 0.8903 -0.1746 0.4206
vn 0.9383 0.0248 0.3449
vn 0.9122 -0.2575 0.3187
vn 0.9672 -0.0840 0.2398
vn 0.9725 -0.2003 0.1188
vn 0.9983 0.0006 0.0585
vn 0.9867 0.1623 0.0057
vn 0.9844 0.1057 0.1408
vn 0.9489 0.3121 -0.0460
vn 0.9542 0.2929 0.0611
vn 0.8633 0.4996 -0.0717
vn 0.8660 0.5000 0.0002
vn 0.8550 0.4936 0.1589
vn 0.9404 0.2492 0.2313
vn 0.8060 0.4651 0.3660
vn 0.8673 0.1653 0.4696
vn 0.6685 0.3857 0.6359
vn 0.6847 0.0928 0.7229
vn 0.6868 0.6878 0.2352
vn 0.7313 0.6789 0.0654
vn 0.7447 0.6661 -0.0417
vn 0.6353 0.7721 0.0124
vn 0.5864 0.7965 0.1476
vn 0.4947 0.7955 0.3500
vn 0.5036 0.8614 0.0668
vn 0.4168 0.8747 0.2472
vn 0.3207 0.9384 0.1284
vn 0.2423 0.9136 0.3264
vn 0.1715 0.8653 0.4709
vn 0.3020 0.8527 0.4263
vn 0.1000 0.7995 0.5922
vn 0.2013 0.7865 0.5838
vn 0.0390 0.6770 0.7349
vn 0.1042 0.6641 0.7403
vn 0.2454 0.6220 0.7436
vn 0.3583 0.7525 0.5526
vn 0.4250 0.5452 0.7226
vn 0.5783 0.6657 0.4715
vn 0.2587 0.4051 0.8769
vn 0.1170 0.4833 0.8676
vn 0.0236 0.5215 0.8529
vn 0.0375 0.3868 0.9214
vn 0.1472 0.3075 0.9401
vn 0.3124 0.1800 0.9327
vn 0.0487 0.2345 0.9709
vn 0.1933 0.1114 0.9748
vn 0.0579 0.0334 0.9978
vn 0.2245 -0.0771 0.9714
vn 0.3495 -0.1652 0.9223
vn 0.3375 -0.0286 0.9409
vn 0.4590 -0.2473 0.8533
vn 0.4738 -0.1461 0.8685
vn 0.4785 0.0185 0.8779
vn 0.4548 0.2622 0.8511
vn -0.8318 0.0736 -0.5501
vn -0.7810 0.2296 -0.5808
vn -0.6246 0.2511 -0.7395
vn -0.6601 0.1053 -0.7438
vn -0.7400 0.3249 -0.5890
vn -0.6015 0.3146 -0.7343
vn -0.8903 0.1746 -0.4206
vn -0.8342 0.2957 -0.4655
vn -0.9383 -0.0248 -0.3449
vn -0.9672 0.0840 -0.2398
vn -0.9122 0.2575 -0.3187
vn -0.9983 -0.0005 -0.0585
vn -0.9725 0.2003 -0.1188
vn -0.9844 -0.1057 -0.1408
vn -0.9867 -0.1623 -0.0057
vn -0.9542 -0.2930 -0.0611
vn -0.9489 -0.3121 0.0460
vn -0.8660 -0.5000 -0.0002
vn -0.8633 -0.4996 0.0717
vn -0.9404 -0.2492 -0.2313
vn -0.8550 -0.4936 -0.1589
vn -0.8673 -0.1652 -0.4696
vn -0.8060 -0.4651 -0.3660
vn -0.6847 -0.0928 -0.7229
vn -0.6685 -0.3857 -0.6359
vn -0.6868 -0.6878 -0.2352
vn -0.7313 -0.6789 -0.0654
vn -0.7448 -0.6660 0.0417
vn -0.5864 -0.7965 -0.1476
vn -0.6353 -0.7722 -0.0124
vn -0.4947 -0.7955 -0.3500
vn -0.4168 -0.8748 -0.2472
vn -0.5036 -0.8614 -0.0668
vn -0.2423 -0.9136 -0.3264
vn -0.3207 -0.9384 -0.1284
vn -0.3020 -0.8527 -0.4263
vn -0.1715 -0.8653 -0.4709
vn -0.2013 -0.7865 -0.5838
vn -0.1000 -0.7995 -0.5922
vn -0.1042 -0.6642 -0.7403
vn -0.0390 -0.6768 -0.7352
vn -0.3583 -0.7525 -0.5526
vn -0.2454 -0.6220 -0.7436
vn -0.5783 -0.6657 -0.4715
vn -0.4250 -0.5452 -0.7226
vn -0.2587 -0.4051 -0.8769
vn -0.1170 -0.4833 -0.8676
vn -0.0236 -0.5215 -0.8529
vn -0.1472 -0.3075 -0.9401
vn -0.0375 -0.3868 -0.9214
vn -0.3124 -0.1800 -0.9327
vn -0.1933 -0.1114 -0.9748
vn -0.0487 -0.2345 -0.9709
vn -0.2245 0.0771 -0.9714
vn -0.0579 -0.0334 -0.9978
vn -0.3375 0.0286 -0.9409
vn -0.3495 0.1652 -0.9223
vn -0.4738 0.1460 -0.8685
vn -0.4590 0.2473 -0.8534
vn -0.4785 -0.0185 -0.8779
vn -0.4548 -0.2623 -0.8511
vn 0.6733 0.3503 0.6511
vn 0.6804 0.3498 0.6440
vn 0.6866 0.3518 0.6363
vn 0.6914 0.3562 0.6286
vn 0.6945 0.3625 0.6214
vn 0.6945 0.3625 0.6215
vn 0.6958 0.3704 0.6154
vn 0.6950 0.3793 0.6108
vn 0.6951 0.3792 0.6108
vn 0.6924 0.3885 0.6080
vn 0.6924 0.3883 0.6080
vn 0.6881 0.3973 0.6072
vn 0.6881 0.3972 0.6072
vn 0.6824 0.4053 0.6084
vn 0.6825 0.4052 0.6083
vn 0.6758 0.4118 0.6114
vn 0.6758 0.4117 0.6113
vn 0.6686 0.4164 0.6161
vn 0.6687 0.4164 0.6160
vn 0.6615 0.4190 0.6221
vn 0.6615 0.4189 0.6220
vn 0.6547 0.4192 0.6290
vn 0.6547 0.4192 0.6289
vn 0.6488 0.4173 0.6363
vn 0.6442 0.4132 0.6437
vn 0.6442 0.4131 0.6437
vn 0.6411 0.4072 0.6506
vn 0.6410 0.4071 0.6506
vn 0.6397 0.3997 0.6566
vn 0.6397 0.3996 0.6566
vn 0.6401 0.3912 0.6612
vn 0.6401 0.3911 0.6613
vn 0.6424 0.3822 0.6642
vn 0.6425 0.3821 0.6643
vn 0.6464 0.3733 0.6654
vn 0.6465 0.3732 0.6654
vn 0.6519 0.3651 0.6646
vn 0.6520 0.3650 0.6646
vn 0.6586 0.3582 0.6618
vn 0.6586 0.3582 0.6617
vn 0.6658 0.3532 0.6572
vn 0.6659 0.3531 0.6572
vn -0.0000 -0.0000 -0.0000
vn -0.1768 -0.8306 0.5281
vn -0.0000 0.8181 0.5751
vn -0.9344 -0.0000 0.3563
vn -0.0000 -0.8181 0.5750
vn 0.9158 -0.0000 0.4016
vn 0.8484 0.5293 -0.0000
vn 0.8484 -0.5293 -0.0000
vn 0.9067 -0.0000 -0.4217
vn -0.0000 -0.9950 -0.1002
vn -0.2164 -0.9763 -0.0000
vn -0.0000 -0.9950 0.1002
vn 0.2164 -0.9763 -0.0000
vn 0.0034 -0.0083 1.0000
vn 0.0003 -0.0008 1.0000
vn -0.0003 0.0008 -1.0000
vn -0.0034 0.0082 -1.0000
vn -0.0000 -0.8771 -0.4803
vn -0.5480 -0.8365 -0.0000
vn -0.0000 -0.8771 0.4803
vn 0.5480 -0.8365 -0.0000
vn -0.0072 0.0030 1.0000
vn -0.0002 0.0001 1.0000
vn 0.0019 -0.0047 1.0000
vn 0.0037 -0.0090 1.0000
vn -0.0037 0.0090 -1.0000
vn -0.0019 0.0047 -1.0000
vn 0.0003 -0.0001 -1.0000
vn 0.0072 -0.0030 -1.0000
vn 0.7071 0.7071 -0.0000
vn -0.7071 -0.7071 -0.0000
vn -0.0005 0.0002 1.0000
vn -0.0069 0.0029 1.0000
vn 0.0069 -0.0029 -1.0000
vn 0.0005 -0.0002 -1.0000
vn -0.8771 -0.0000 -0.4803
vn -0.8365 0.5480 -0.0000
vn -0.8771 -0.0000 0.4803
vn -0.8365 -0.5480 -0.0000
vn -0.8160 -0.5780 -0.0000
vn 0.7244 0.6894 -0.0000
vn -0.4782 -0.8782 -0.0000
vn 0.5262 0.8504 -0.0000
vn -0.0034 0.0083 -1.0000
vn 0.2673 -0.8018 0.5345
vn -0.0000 -0.7072 0.7071
vn 0.4083 0.4082 0.8165
vn 0.0935 -0.5935 0.7994
vn 0.4082 -0.4083 0.8165
vn -0.0000 0.5547 0.8320
vn -0.0000 -0.3162 0.9487
vn 0.6667 0.3334 0.6666
vn -0.0000 -0.8924 -0.4513
vn -0.0000 0.8487 0.5289
vn -0.1138 0.9809 -0.1576
vn 0.1146 0.9892 0.0918
vn -0.0000 -0.5694 -0.8221
vn -0.0000 0.5694 -0.8221
vn 0.5430 0.0654 -0.8372
vn 0.5854 0.0280 -0.8102
vn 0.3520 0.7935 -0.4964
vn 0.3259 0.6471 -0.6893
vn 0.3817 -0.0000 -0.9243
vn -0.3951 -0.0000 -0.9186
vn -0.7837 -0.3817 -0.4900
vn -0.7837 0.3817 -0.4900
vn 0.3265 0.8717 0.3653
vn -0.5236 0.7708 -0.3629
vn -0.1890 0.9187 0.3466
vn 0.0179 0.9370 -0.3488
vn 0.1005 0.9760 -0.1931
vn 0.0106 0.7836 0.6212
vn 0.6812 0.4164 0.6021
vn 0.7426 0.5039 0.4412
vn 0.8837 -0.4360 0.1706
vn 0.8494 -0.1010 0.5180
vn -0.0000 -0.1525 -0.9883
vn 0.9692 -0.2461 -0.0000
vn -0.0000 -0.1525 0.9883
vn -0.9692 -0.2461 -0.0000
vn -0.0000 0.3488 -0.9372
vn 0.8527 0.5224 -0.0000
vn -0.0000 0.3488 0.9372
vn -0.8527 0.5224 -0.0000
vn -0.5547 -0.0000 0.8320
vn 0.3015 -0.3015 0.9045
vn -0.3015 -0.3015 0.9045
vn 0.5547 -0.0000 0.8320
vn -0.0000 -0.5314 0.8471
vn -0.5314 -0.0000 0.8471
vn 0.7071 -0.7071 -0.0000
vn 0.5314 -0.0000 0.8471
vn -0.7071 0.7071 -0.0000
vn -0.0000 0.5314 0.8471
vn -0.5314 -0.0000 -0.8471
vn -0.0000 0.5314 -0.8471
vn 0.5314 -0.0000 -0.8471
vn -0.0000 -0.5314 -0.8471
vn -0.4693 -0.4693 0.7480
vn 0.4693 -0.4693 0.7480
vn -0.4693 0.4693 0.7480
vn 0.4693 0.4693 0.7480
vn -0.4693 0.4693 -0.7480
vn 0.4693 0.4693 -0.7481
vn -0.4693 -0.4693 -0.7480
vn 0.4693 -0.4693 -0.7481
vn -0.9769 -0.0000 -0.2136
vn -0.0000 -0.9745 -0.2242
vn 0.9769 -0.0000 -0.2136
vn -0.0000 0.9745 -0.2242
vn -0.0000 0.8660 -0.5000
vn -0.0000 0.8660 0.5000
vn -0.0000 -0.8660 0.5000
vn -0.0000 -0.8660 -0.5000
vn -0.8660 -0.0000 -0.5000
vn -0.8660 -0.0000 0.5000
vn 0.8660 -0.0000 0.5000
vn 0.8660 -0.0000 -0.5000
vn -0.8660 -0.0042 -0.5000
vn -0.8660 -0.0042 0.5000
vn 0.8660 0.0045 0.4999
vn 0.8660 0.0045 -0.5000
vn 0.8563 -0.1507 -0.4939
vn 0.8556 -0.1554 -0.4938
vn 0.8669 -0.0544 -0.4956
vn 0.8556 -0.1554 0.4937
vn 0.8563 -0.1507 0.4939
vn 0.8669 -0.0544 0.4956
vn -0.8266 0.2764 0.4902
vn -0.8300 0.2643 0.4911
vn -0.8646 0.0817 0.4957
vn -0.8300 0.2643 -0.4911
vn -0.8266 0.2764 -0.4902
vn -0.8646 0.0817 -0.4957
vn 0.0573 -0.8670 -0.4949
vn 0.1671 -0.8530 -0.4944
vn 0.1606 -0.8541 -0.4946
vn 0.0573 -0.8670 0.4949
vn 0.1606 -0.8541 0.4946
vn 0.1671 -0.8530 0.4944
vn -0.0881 0.8644 0.4951
vn -0.2785 0.8256 0.4908
vn -0.2915 0.8217 0.4898
vn -0.0881 0.8643 -0.4951
vn -0.2915 0.8217 -0.4898
vn -0.2785 0.8256 -0.4908
vn 0.4129 -0.7788 -0.4722
vn 0.4121 -0.7783 -0.4738
vn 0.4121 -0.7782 0.4738
vn 0.4129 -0.7788 0.4722
vn -0.6255 0.6100 0.4865
vn -0.6252 0.6103 0.4865
vn -0.6253 0.6102 -0.4865
vn -0.6254 0.6101 -0.4865
vn 0.8067 -0.3676 -0.4627
vn 0.7970 -0.3632 -0.4826
vn 0.7970 -0.3632 0.4826
vn 0.8067 -0.3676 0.4627
vn 0.8653 0.0433 -0.4994
vn 0.8653 0.0428 -0.4995
vn 0.8653 0.0427 0.4995
vn 0.8653 0.0433 0.4994
vn -0.8655 -0.0368 0.4995
vn -0.8655 -0.0373 0.4995
vn -0.8655 -0.0373 -0.4995
vn -0.8655 -0.0369 -0.4995
vn 0.0632 0.8651 -0.4976
vn 0.2166 0.8415 -0.4949
vn 0.2276 0.8390 -0.4942
vn 0.0632 0.8651 0.4976
vn 0.2276 0.8390 0.4942
vn 0.2166 0.8415 0.4949
vn -0.0485 -0.8660 0.4976
vn -0.1607 -0.8520 0.4984
vn -0.1491 -0.8539 0.4986
vn -0.0485 -0.8660 -0.4976
vn -0.1491 -0.8539 -0.4986
vn -0.1607 -0.8520 -0.4984
vn 0.5337 0.6887 -0.4908
vn 0.5405 0.6834 -0.4907
vn 0.5405 0.6834 0.4907
vn 0.5337 0.6887 0.4908
vn -0.3725 -0.7830 0.4982
vn -0.3770 -0.8010 0.4650
vn -0.3770 -0.8010 -0.4650
vn -0.3725 -0.7830 -0.4982
vn 0.7724 0.4020 -0.4917
vn 0.7711 0.4046 -0.4916
vn 0.7711 0.4047 0.4915
vn 0.7724 0.4020 0.4917
vn -0.7725 -0.4244 0.4723
vn -0.7740 -0.4251 0.4693
vn -0.8312 -0.2692 0.4865
vn -0.8292 -0.2763 0.4858
vn -0.7740 -0.4251 -0.4693
vn -0.7725 -0.4244 -0.4724
vn -0.8292 -0.2763 -0.4858
vn -0.8312 -0.2692 -0.4865
vn 0.8528 0.1609 -0.4969
vn 0.8524 0.1631 -0.4968
vn 0.8524 0.1632 0.4968
vn 0.8527 0.1610 0.4969
vn -0.8589 -0.1254 0.4966
vn -0.8590 -0.1249 0.4966
vn -0.8590 -0.1249 -0.4966
vn -0.8589 -0.1254 -0.4966
vn 0.8660 0.0045 0.5000
vn 0.8660 0.0045 -0.4999
vn 0.8556 -0.1554 -0.4937
vn -0.0881 0.8643 0.4951
vn -0.0881 0.8644 -0.4951
vn 0.4121 -0.7783 0.4738
vn -0.6254 0.6101 0.4865
vn -0.6251 0.6103 -0.4865
vn -0.6255 0.6100 -0.4865
vn 0.8653 0.0429 0.4995
vn 0.7711 0.4046 0.4916
vn -0.7740 -0.4250 -0.4693
vn 0.8527 0.1610 -0.4969
vn 0.8524 0.1631 0.4968
vn 0.8528 0.1609 0.4969
vn 0.6948 -0.0000 0.7192
vn -0.0000 -0.6994 0.7148
vn -0.6948 -0.0000 0.7192
vn -0.0000 0.6994 0.7148
vn 0.2085 -0.9780 -0.0000
vn 0.9239 -0.3827 -0.0000
vn 0.3827 -0.9239 -0.0000
vn -0.9239 0.3827 -0.0000
vn -0.3827 0.9239 -0.0000
vn -0.7164 -0.6977 -0.0000
vn 0.7164 0.6977 -0.0000
vn -0.5276 0.8495 -0.0000
vn 0.5276 -0.8495 -0.0000
vn -0.0000 -1.0000 0.0002
vn -0.0000 -1.0000 0.0001
vn -0.0000 1.0000 -0.0004
vn -0.0000 1.0000 -0.0002
vn -0.0000 1.0000 -0.0003
vn -0.2496 -0.0000 -0.9683
vn -0.0000 -1.0000 0.0005
vn -0.5213 0.8534 -0.0000
vn -0.5212 0.8534 -0.0000
vn 0.5212 -0.8534 0.0001
vn 0.5213 -0.8534 0.0002
vn -0.4082 0.4083 0.8165
vn 0.5773 0.5774 -0.5774
vn -0.5774 0.5773 0.5774
vn -0.4083 -0.4082 0.8165
vn -1.0000 -0.0002 -0.0000
vn -1.0000 -0.0001 -0.0000
vn -1.0000 0.0001 -0.0000
vn -1.0000 0.0002 -0.0000
vn 0.4970 -0.8677 -0.0000
vn 0.4970 -0.8678 -0.0000
vn 0.4971 -0.8677 -0.0000
vn -0.4970 0.8678 -0.0000
vn -0.4970 0.8677 -0.0000
vn -0.4971 0.8677 -0.0000
vn -0.0000 1.0000 -0.0001
vn 0.4971 -0.8677 0.0001
vn 0.4972 -0.8677 0.0001
vn -0.4972 0.8677 -0.0000
vn -0.4972 0.8677 -0.0001
vn 0.4970 -0.8677 0.0001
vn 0.4972 -0.8677 -0.0000
vn 0.4975 -0.8675 0.0004
vn 0.4976 -0.8674 -0.0000
vn -0.4972 0.8676 -0.0000
vn -0.4966 0.8680 -0.0000
vn 0.4971 -0.8677 0.0002
vn 0.4968 -0.8679 0.0005
vn 0.4972 -0.8676 -0.0000
vn -0.5212 0.8535 -0.0000
vn 0.5212 -0.8535 -0.0000
vn -0.0000 -0.8652 0.5014
vn 0.7071 0.6136 0.3516
vn 0.0001 -0.0000 -1.0000
vn 0.5773 -0.5774 0.5774
vn -0.0000 0.8175 0.5759
vn -0.9256 -0.0000 0.3785
vn -0.0000 -0.8175 0.5759
vn 0.5759 0.8175 -0.0000
vn 0.5759 -0.8175 -0.0000
vn 0.3785 -0.0000 -0.9256
vn 0.7192 -0.0000 -0.6948
vn 0.7147 -0.6994 -0.0000
vn 0.7191 -0.0000 0.6949
vn 0.7148 0.6994 -0.0000
vn 0.7192 -0.0000 -0.6949
vn 0.7147 0.6994 -0.0000
vn 0.7148 -0.6993 -0.0000
vn 0.7192 -0.0000 0.6948
vn 0.7148 0.6993 -0.0000
vn 0.7193 -0.0000 -0.6947
vn -0.6692 0.7430 -0.0000
vn -0.9585 0.2851 -0.0000
vn -0.9585 -0.2852 -0.0000
vn -0.6692 -0.7430 -0.0000
vn -0.2346 -0.9721 -0.0000
vn 0.2346 -0.9721 -0.0000
vn 0.6692 -0.7431 -0.0000
vn 0.9585 -0.2851 -0.0000
vn 0.9585 0.2851 -0.0000
vn 0.6692 0.7431 -0.0000
vn 0.2346 0.9721 -0.0000
vn -0.2346 0.9721 -0.0000
vn -0.6692 0.7431 -0.0000
vn -0.6692 -0.7431 -0.0000
vn -0.7059 0.0157 -0.7081
vn -0.7059 -0.0157 -0.7081
vn -0.5844 0.3735 -0.7204
vn -0.5844 -0.3735 -0.7204
vn 0.7009 0.0647 -0.7103
vn 0.5843 0.3735 -0.7204
vn 0.7071 -0.0000 -0.7071
vn 0.6967 -0.0972 -0.7108
vn 0.5844 -0.3735 -0.7204
vn 0.5843 -0.3735 -0.7204
vn -0.7059 0.0157 0.7081
vn -0.5844 0.3735 0.7204
vn -0.7059 -0.0157 0.7081
vn -0.5844 -0.3735 0.7204
vn -0.5843 -0.3735 0.7204
vn 0.6967 -0.0972 0.7108
vn 0.7009 0.0647 0.7103
vn 0.5844 0.3735 0.7204
vn 0.5844 -0.3735 0.7204
vn -0.3206 0.6178 0.7180
vn -0.3206 0.6178 -0.7180
vn -0.0000 0.6970 0.7170
vn -0.0000 0.6970 -0.7170
vn 0.3206 0.6178 0.7180
vn 0.3206 0.6178 -0.7180
vn -0.3206 -0.6178 0.7180
vn -0.0000 -0.6970 0.7170
vn 0.3206 -0.6178 0.7180
vn -0.3206 -0.6178 -0.7180
vn -0.0000 -0.6970 -0.7170
vn 0.3206 -0.6178 -0.7180
vn 0.9900 -0.1412 -0.0000
vn 0.9900 -0.1413 -0.0000
vn -0.9997 -0.0231 -0.0000
vn -0.9997 0.0231 -0.0000
vn -0.4613 0.8872 -0.0000
vn -0.4614 0.8872 -0.0000
vn 0.4613 0.8872 -0.0000
vn 0.6693 0.7430 -0.0000
vn 0.9955 0.0946 -0.0000
vn -0.4613 -0.8872 -0.0000
vn -0.9585 -0.2851 -0.0000
vn 0.6693 -0.7430 -0.0000
vn 0.4613 -0.8872 -0.0000
vn -0.4614 -0.8872 -0.0000
vn 0.9955 0.0947 -0.0000
vn 0.6684 0.0999 -0.7370
vn 0.1923 0.6935 -0.6943
vn -0.3611 0.9073 -0.2156
vn -0.6675 0.6159 0.4186
vn -0.5474 -0.0100 0.8368
vn -0.0713 -0.6037 0.7941
vn 0.4821 -0.8174 0.3154
vn 0.7885 -0.5260 -0.3188
vn -0.6695 -0.4972 -0.5519
vn 0.6695 0.4972 0.5519
vn -0.6722 -0.0000 0.7404
vn -0.6908 -0.7230 -0.0000
vn -0.6722 -0.0000 -0.7404
vn -0.6908 0.7230 -0.0000
vn -0.6908 -0.7231 -0.0000
vn -0.6723 -0.0000 0.7403
vn -0.6909 -0.7230 -0.0000
vn -0.6723 -0.0000 -0.7403
vn -0.6909 0.7230 -0.0000
vn -0.8744 0.1751 -0.4526
vn -0.8744 0.1751 0.4526
vn 0.8805 -0.1496 0.4498
vn 0.8805 -0.1496 -0.4498
vn 0.7693 0.6389 -0.0000
vt 0.000000 0.000000
vt 0.163634 -0.494310
vt 1.033814 0.529276
vt 1.033813 0.517546
vt 1.047846 0.517546
vt 1.047846 0.529276
vt 1.047846 0.499681
vt 1.047846 0.511411
vt 1.033813 0.511411
vt 1.033813 0.499681
vt 1.012235 0.493546
vt 1.012235 0.481816
vt 1.026268 0.481816
vt 1.026268 0.493546
vt 1.026268 0.463950
vt 1.026268 0.475680
vt 1.012235 0.475680
vt 1.012235 0.463950
vt 1.559243 0.626468
vt 1.630293 0.626468
vt 1.630293 0.636824
vt 1.559243 0.636824
vt 1.925916 0.410746
vt 1.854866 0.410746
vt 1.854866 0.400389
vt 1.925915 0.400389
vt 1.518084 0.000659
vt 1.589134 0.000659
vt 1.589134 0.010094
vt 1.518084 0.010094
vt 1.989290 0.698579
vt 1.998725 0.698579
vt 1.998725 0.708935
vt 1.989290 0.708936
vt 1.091769 0.671095
vt 1.091769 0.680530
vt 1.081412 0.680530
vt 1.081412 0.671095
vt 1.675083 0.734343
vt 1.684518 0.734343
vt 1.684518 0.741134
vt 1.675083 0.741133
vt 1.925916 0.436129
vt 1.854866 0.436129
vt 1.854866 0.429339
vt 1.925915 0.429339
vt 1.661656 0.828741
vt 1.671091 0.828741
vt 1.671091 0.835532
vt 1.661656 0.835532
vt 1.253583 0.525663
vt 1.324633 0.525663
vt 1.324633 0.532453
vt 1.253583 0.532453
vt 1.978715 0.626468
vt 1.998725 0.626468
vt 1.998725 0.636824
vt 1.978715 0.636824
vt 1.398054 0.143311
vt 1.404844 0.143311
vt 1.404844 0.163322
vt 1.398054 0.163322
vt 0.478534 0.763929
vt 0.478534 0.754396
vt 0.498753 0.754396
vt 0.498754 0.763929
vt 1.506444 0.429339
vt 1.506444 0.436129
vt 1.486434 0.436129
vt 1.486434 0.429339
vt 1.506444 0.400389
vt 1.506444 0.410746
vt 1.486434 0.410746
vt 1.486434 0.400389
vt 1.937555 0.010094
vt 1.937555 0.000659
vt 1.957566 0.000659
vt 1.957566 0.010094
vt 0.857686 -0.364835
vt 0.830303 -0.364835
vt 0.830303 -0.389967
vt 0.857686 -0.389967
vt 0.783262 0.569709
vt 0.863423 0.569710
vt 0.863423 0.595669
vt 0.783262 0.595669
vt 0.796939 -0.087848
vt 0.796939 -0.099698
vt 0.824322 -0.099698
vt 0.824322 -0.087848
vt 1.486434 0.597273
vt 1.506444 0.597273
vt 1.506444 0.619076
vt 1.486434 0.619076
vt 0.001942 -0.985463
vt 0.001942 -0.997312
vt 0.029325 -0.997312
vt 0.029325 -0.985463
vt 0.667133 0.166642
vt 0.686569 0.166642
vt 0.686569 0.186862
vt 0.667133 0.186862
vt 0.079747 0.019916
vt 0.151538 0.019916
vt 0.151538 0.039352
vt 0.079747 0.039352
vt 0.546359 0.130185
vt 0.555893 0.130185
vt 0.555892 0.149621
vt 0.546359 0.149621
vt 0.945316 0.435587
vt 0.873524 0.435587
vt 0.873524 0.416151
vt 0.945316 0.416151
vt 0.501247 0.416151
vt 0.521466 0.416151
vt 0.521466 0.435587
vt 0.501247 0.435587
vt 0.881564 0.000000
vt 0.891098 0.000000
vt 0.891098 0.019436
vt 0.881564 0.019436
vt 0.144330 0.349205
vt 0.153863 0.349205
vt 0.153863 0.370726
vt 0.144330 0.370726
vt 0.080453 0.830778
vt 0.152244 0.830778
vt 0.152244 0.852299
vt 0.080453 0.852299
vt 0.524521 0.852299
vt 0.504302 0.852299
vt 0.504302 0.830778
vt 0.524521 0.830778
vt 0.388501 0.307369
vt 0.398034 0.307369
vt 0.398034 0.328890
vt 0.388501 0.328890
vt 0.504763 0.873820
vt 0.504763 0.852299
vt 0.524983 0.852299
vt 0.524983 0.873820
vt 0.080914 0.852299
vt 0.152706 0.852299
vt 0.152706 0.873820
vt 0.080914 0.873820
vt 0.212297 0.754396
vt 0.219963 0.754396
vt 0.219963 0.763929
vt 0.212297 0.763929
vt 0.238066 0.852299
vt 0.238066 0.830778
vt 0.245731 0.830778
vt 0.245731 0.852299
vt 0.787703 0.416151
vt 0.787703 0.435587
vt 0.780037 0.435587
vt 0.780037 0.416151
vt 1.769931 0.597273
vt 1.769931 0.619076
vt 1.762344 0.619076
vt 1.762344 0.597273
vt 1.769931 0.429339
vt 1.769931 0.436129
vt 1.762344 0.436129
vt 1.762344 0.429339
vt 1.769931 0.400389
vt 1.769931 0.410746
vt 1.762344 0.410746
vt 1.762344 0.400389
vt 1.674068 0.010094
vt 1.674068 0.000659
vt 1.681655 0.000659
vt 1.681655 0.010094
vt 1.715228 0.636824
vt 1.715228 0.626468
vt 1.722815 0.626468
vt 1.722815 0.636824
vt 1.409568 0.532453
vt 1.409568 0.525663
vt 1.417154 0.525663
vt 1.417154 0.532453
vt 0.959250 0.595669
vt 0.959250 0.569710
vt 0.967809 0.569709
vt 0.967809 0.595669
vt 0.237359 0.039352
vt 0.237359 0.019916
vt 0.245025 0.019916
vt 0.245025 0.039352
vt 0.238527 0.873820
vt 0.238527 0.852299
vt 0.246193 0.852299
vt 0.246193 0.873820
vt 1.245684 0.872759
vt 1.245684 0.872758
vt 1.265695 0.872759
vt 1.746943 0.626468
vt 1.770460 0.626468
vt 1.770460 0.636824
vt 1.746943 0.636824
vt 1.705783 0.010094
vt 1.705783 0.000659
vt 1.729300 0.000659
vt 1.729300 0.010094
vt 1.738216 0.400389
vt 1.738216 0.410746
vt 1.714699 0.410746
vt 1.714699 0.400389
vt 1.738216 0.429339
vt 1.738216 0.436129
vt 1.714699 0.436129
vt 1.714699 0.429339
vt 1.714699 0.619076
vt 1.714699 0.597273
vt 1.738216 0.597273
vt 1.738216 0.619076
vt 0.731895 0.435587
vt 0.731895 0.416151
vt 0.755657 0.416151
vt 0.755657 0.435587
vt 0.293874 0.830778
vt 0.293874 0.852299
vt 0.270111 0.852299
vt 0.270111 0.830778
vt 0.244343 0.763929
vt 0.244343 0.754396
vt 0.268105 0.754396
vt 0.268105 0.763929
vt 0.270572 0.873820
vt 0.270572 0.852299
vt 0.294335 0.852299
vt 0.294335 0.873820
vt 0.269405 0.039352
vt 0.269405 0.019916
vt 0.293168 0.019916
vt 0.293168 0.039352
vt 0.857686 -0.073753
vt 0.830303 -0.073753
vt 0.830303 -0.103288
vt 0.857686 -0.103288
vt 1.181551 0.349905
vt 1.181551 0.343115
vt 1.205068 0.343115
vt 1.205068 0.349905
vt 0.874622 -0.485510
vt 0.874622 -0.494311
vt 0.972869 -0.494311
vt 0.972869 -0.485510
vt 0.212926 -0.389967
vt 0.185543 -0.389967
vt 0.185543 -0.494310
vt 0.212926 -0.494310
vt 0.352543 -0.498201
vt 0.352543 -0.510051
vt 0.456887 -0.510051
vt 0.456887 -0.498201
vt 0.830303 -0.494311
vt 0.857686 -0.494311
vt 0.754880 -0.590850
vt 0.780011 -0.590850
vt 0.780011 -0.498201
vt 0.754880 -0.498201
vt 0.352543 -0.904664
vt 0.327411 -0.904664
vt 0.327411 -0.997312
vt 0.352543 -0.997312
vt 1.269687 0.876299
vt 1.269687 0.854495
vt 1.343457 0.854495
vt 1.343457 0.876299
vt 0.387068 -0.221519
vt 0.387068 -0.241909
vt 0.461426 -0.241909
vt 0.461426 -0.221519
vt 0.065865 -0.904664
vt 0.036329 -0.904664
vt 0.036329 -0.997312
vt 0.065865 -0.997312
vt 0.001942 -0.590850
vt 0.029325 -0.590850
vt 0.029325 -0.498201
vt 0.001942 -0.498201
vt 0.456887 -0.904664
vt 0.456887 -0.997312
vt 1.518084 0.324302
vt 1.589134 0.324302
vt 1.589134 0.361965
vt 1.518084 0.361965
vt 1.630293 0.691416
vt 1.559243 0.691416
vt 1.559243 0.653753
vt 1.630293 0.653753
vt 1.227446 0.803012
vt 1.227446 0.792656
vt 1.265109 0.792656
vt 1.265109 0.803012
vt 1.937555 0.324302
vt 1.957565 0.324302
vt 1.957565 0.361965
vt 1.937555 0.361965
vt 1.265109 0.766049
vt 1.265109 0.776406
vt 1.227446 0.776406
vt 1.227446 0.766049
vt 1.998725 0.691416
vt 1.978715 0.691416
vt 1.978715 0.653753
vt 1.998725 0.653753
vt 1.674068 0.324302
vt 1.681655 0.324302
vt 1.681655 0.361965
vt 1.674068 0.361965
vt 1.722815 0.691416
vt 1.715228 0.691416
vt 1.715228 0.653753
vt 1.722815 0.653753
vt 1.705783 0.324302
vt 1.729300 0.324302
vt 1.729300 0.361965
vt 1.705783 0.361965
vt 1.770460 0.691416
vt 1.746943 0.691416
vt 1.746943 0.653753
vt 1.770460 0.653753
vt 1.463964 0.000659
vt 1.463964 0.010094
vt 1.445274 0.010094
vt 1.445274 0.000659
vt 1.091769 0.664960
vt 1.081412 0.664960
vt 1.081412 0.646269
vt 1.091769 0.646269
vt 1.081347 0.607028
vt 1.081347 0.616463
vt 1.062657 0.616463
vt 1.062657 0.607028
vt 1.980035 0.410746
vt 1.980035 0.400389
vt 1.998725 0.400389
vt 1.998725 0.410746
vt 0.790958 -0.494311
vt 0.790958 -0.482461
vt 0.704322 -0.482461
vt 0.704322 -0.494311
vt 0.130270 -0.494310
vt 0.157653 -0.494310
vt 0.157653 -0.407674
vt 0.130270 -0.407674
vt 0.698341 -0.099698
vt 0.698341 -0.087848
vt 0.611705 -0.087848
vt 0.611705 -0.099698
vt 0.096906 -0.494310
vt 0.124289 -0.494310
vt 0.124289 -0.407674
vt 0.096906 -0.407674
vt 0.071014 0.307369
vt 0.071014 0.328890
vt 0.050256 0.328890
vt 0.050256 0.307369
vt 0.498753 0.436909
vt 0.478534 0.436909
vt 0.478534 0.416151
vt 0.498753 0.416151
vt 0.126476 0.436909
vt 0.054684 0.436909
vt 0.054684 0.416151
vt 0.126476 0.416151
vt 0.471350 0.370726
vt 0.471350 0.349205
vt 0.492108 0.349205
vt 0.492108 0.370726
vt 0.219963 0.436909
vt 0.212297 0.436909
vt 0.212297 0.416151
vt 0.219963 0.416151
vt 0.268105 0.436909
vt 0.244343 0.436909
vt 0.244343 0.416151
vt 0.268105 0.416151
vt 0.521034 0.055669
vt 0.521034 0.046136
vt 0.544067 0.046136
vt 0.544067 0.055669
vt 0.025768 0.830778
vt 0.025768 0.852299
vt 0.002735 0.852299
vt 0.002735 0.830778
vt 0.026230 0.852299
vt 0.026230 0.873820
vt 0.003197 0.873820
vt 0.003197 0.852299
vt 0.521034 0.393914
vt 0.521034 0.373156
vt 0.544067 0.373156
vt 0.544067 0.393914
vt 0.491150 0.176321
vt 0.419359 0.176321
vt 0.419359 0.150101
vt 0.491150 0.150101
vt 0.498753 0.790149
vt 0.478533 0.790149
vt 0.424254 0.307369
vt 0.424254 0.328890
vt 0.219963 0.790149
vt 0.212297 0.790149
vt 0.268105 0.790149
vt 0.244343 0.790149
vt 0.118110 0.370726
vt 0.118110 0.349205
vt 0.521034 0.019916
vt 0.544067 0.019916
vt 0.022280 0.046136
vt 0.022280 0.055669
vt 0.000000 0.055669
vt 0.000000 0.046136
vt 0.022280 0.373156
vt 0.022280 0.393915
vt 0.000000 0.393914
vt 0.000000 0.373156
vt 0.547263 0.852299
vt 0.547263 0.873820
vt 0.546802 0.830778
vt 0.546801 0.852299
vt 0.022280 0.019916
vt 0.000000 0.019916
vt 1.398054 0.027042
vt 1.404844 0.027042
vt 1.404844 0.137176
vt 1.398054 0.137176
vt 1.181551 0.218367
vt 1.205068 0.218367
vt 1.205068 0.328501
vt 1.181551 0.328501
vt 1.224440 0.110793
vt 1.217649 0.110793
vt 1.217649 0.000659
vt 1.224440 0.000659
vt 0.381087 -0.241909
vt 0.381087 -0.221519
vt 0.261061 -0.221519
vt 0.261061 -0.241909
vt 1.182842 0.632315
vt 1.195472 0.632315
vt 1.195472 0.642671
vt 1.182842 0.642671
vt 1.958593 0.691416
vt 1.945964 0.691416
vt 1.945964 0.653753
vt 1.958593 0.653753
vt 1.212933 0.872759
vt 1.225563 0.872758
vt 1.225563 0.872759
vt 1.380571 0.328501
vt 1.380571 0.218367
vt 1.393201 0.218367
vt 1.393201 0.328501
vt 1.380571 0.349905
vt 1.380571 0.343115
vt 1.393201 0.343115
vt 1.393201 0.349905
vt 0.381087 -0.478186
vt 0.381087 -0.462324
vt 0.261061 -0.462324
vt 0.261061 -0.478186
vt 0.461426 -0.462324
vt 0.387068 -0.462324
vt 0.387068 -0.478186
vt 0.461426 -0.478186
vt 0.857686 -0.323703
vt 0.830303 -0.323703
vt 0.830303 -0.339565
vt 0.857686 -0.339565
vt 0.302141 -0.904664
vt 0.286279 -0.904664
vt 0.286279 -0.997312
vt 0.302141 -0.997312
vt 0.470503 0.039352
vt 0.470503 0.019916
vt 0.483264 0.019916
vt 0.483264 0.039352
vt 0.471670 0.873820
vt 0.471670 0.852299
vt 0.484432 0.852299
vt 0.484432 0.873820
vt 0.458202 0.436909
vt 0.445441 0.436909
vt 0.445441 0.416151
vt 0.458202 0.416151
vt 0.445441 0.763929
vt 0.445441 0.754396
vt 0.458202 0.754396
vt 0.458202 0.763929
vt 0.445441 0.790150
vt 0.458202 0.790150
vt 0.483971 0.830778
vt 0.483971 0.852299
vt 0.471209 0.852299
vt 0.471209 0.830778
vt 0.541798 0.435587
vt 0.541798 0.416151
vt 0.554559 0.416151
vt 0.554559 0.435587
vt 1.526566 0.619076
vt 1.526566 0.597273
vt 1.539195 0.597273
vt 1.539195 0.619076
vt 1.539196 0.429339
vt 1.539195 0.436129
vt 1.526566 0.436129
vt 1.526566 0.429339
vt 1.539196 0.400389
vt 1.539195 0.410746
vt 1.526566 0.410746
vt 1.526566 0.400389
vt 1.904804 0.010094
vt 1.904804 0.000659
vt 1.917434 0.000659
vt 1.917434 0.010094
vt 1.904804 0.361965
vt 1.904804 0.324302
vt 1.917433 0.324302
vt 1.917433 0.361965
vt 1.958593 0.626468
vt 1.958593 0.636824
vt 1.413322 0.218367
vt 1.413322 0.328501
vt 1.413322 0.349905
vt 1.413322 0.343115
vt 0.381087 -0.494310
vt 0.261061 -0.494310
vt 0.387068 -0.494310
vt 0.461426 -0.494310
vt 0.503596 0.019916
vt 0.503596 0.039352
vt 1.945964 0.636824
vt 1.958593 0.646939
vt 1.945964 0.646939
vt 1.770460 0.646939
vt 1.746943 0.646939
vt 1.715228 0.646939
vt 1.722815 0.646939
vt 1.630293 0.646939
vt 1.559243 0.646939
vt 1.227446 0.813127
vt 1.265109 0.813127
vt 1.071297 0.664960
vt 1.071298 0.646269
vt 1.071297 0.680530
vt 1.071298 0.671095
vt 1.980035 0.420860
vt 1.998725 0.420860
vt 1.925916 0.420860
vt 1.854866 0.420860
vt 1.769931 0.420860
vt 1.762344 0.420860
vt 1.738216 0.420860
vt 1.714699 0.420860
vt 1.539195 0.420860
vt 1.526566 0.420860
vt 1.506444 0.420860
vt 1.486434 0.420860
vt 1.998725 0.719050
vt 1.989290 0.719050
vt 1.265109 0.786520
vt 1.227446 0.786520
vt 1.998725 0.646939
vt 1.978715 0.646939
vt 1.917433 0.393698
vt 1.904804 0.393698
vt 1.265109 0.749558
vt 1.265109 0.759914
vt 1.233376 0.759914
vt 1.233376 0.749558
vt 1.195472 0.681589
vt 1.182842 0.681589
vt 1.182842 0.649855
vt 1.195472 0.649855
vt 1.297156 0.743422
vt 1.297156 0.733066
vt 1.328889 0.733066
vt 1.328889 0.743422
vt 1.181551 0.203677
vt 1.205068 0.203677
vt 1.205068 0.212232
vt 1.181551 0.212232
vt 1.205068 0.197542
vt 1.181551 0.197542
vt 1.181551 0.188986
vt 1.205068 0.188986
vt 1.085338 0.601131
vt 1.195472 0.601131
vt 1.195472 0.609687
vt 1.085338 0.609687
vt 1.380571 0.203677
vt 1.393201 0.203677
vt 1.393201 0.212232
vt 1.380571 0.212232
vt 1.393201 0.197542
vt 1.380572 0.197542
vt 1.380572 0.188986
vt 1.393201 0.188986
vt 1.413322 0.203677
vt 1.413322 0.212232
vt 1.085338 0.616723
vt 1.195472 0.616723
vt 1.195472 0.625278
vt 1.085338 0.625278
vt 1.413322 0.197542
vt 1.413322 0.188986
vt 1.380571 0.511049
vt 1.380571 0.497205
vt 1.393201 0.497205
vt 1.393201 0.511049
vt 1.181551 0.511049
vt 1.181551 0.497205
vt 1.205068 0.497205
vt 1.205068 0.511049
vt 1.236910 0.027042
vt 1.250754 0.027042
vt 1.250754 0.137176
vt 1.236910 0.137176
vt 1.409568 0.693597
vt 1.409568 0.679753
vt 1.417154 0.679753
vt 1.417154 0.693597
vt 1.253583 0.679753
vt 1.324633 0.679753
vt 1.324633 0.693597
vt 1.253583 0.693597
vt 1.675083 0.888433
vt 1.684518 0.888433
vt 1.684518 0.902277
vt 1.675083 0.902277
vt 1.925916 0.597273
vt 1.854866 0.597273
vt 1.854866 0.583429
vt 1.925916 0.583429
vt 1.762344 0.583429
vt 1.769931 0.583429
vt 1.714699 0.583429
vt 1.738216 0.583429
vt 1.526566 0.583429
vt 1.539195 0.583429
vt 1.506444 0.583429
vt 1.486434 0.583429
vt 1.661656 0.982832
vt 1.671091 0.982832
vt 1.671091 0.996675
vt 1.661656 0.996675
vt 1.236910 0.143311
vt 1.250754 0.143311
vt 1.250754 0.163322
vt 1.236910 0.163322
vt 1.070350 0.000659
vt 1.070350 0.110793
vt 1.056506 0.110793
vt 1.056506 0.000659
vt 1.413322 0.497205
vt 1.413322 0.511049
vt 1.306215 0.349905
vt 1.306215 0.343115
vt 1.327765 0.343115
vt 1.327765 0.349905
vt 1.327765 0.188986
vt 1.327765 0.197542
vt 1.306215 0.197542
vt 1.306215 0.188986
vt 1.306215 0.328501
vt 1.306215 0.218367
vt 1.327765 0.218367
vt 1.327765 0.328501
vt 1.306215 0.203677
vt 1.327765 0.203677
vt 1.327765 0.212232
vt 1.306215 0.212232
vt 1.893157 0.653753
vt 1.893157 0.691416
vt 1.871607 0.691416
vt 1.871607 0.653753
vt 1.871607 0.636824
vt 1.893157 0.636824
vt 1.893157 0.646939
vt 1.871607 0.646939
vt 1.130036 0.649855
vt 1.130036 0.681589
vt 1.108485 0.681589
vt 1.108485 0.649855
vt 1.108485 0.632315
vt 1.130036 0.632315
vt 1.130036 0.642671
vt 1.108485 0.642671
vt 1.830447 0.361965
vt 1.851998 0.361965
vt 1.851998 0.393698
vt 1.830447 0.393698
vt 1.830447 0.324302
vt 1.851998 0.324302
vt 1.830447 0.010094
vt 1.830447 0.000659
vt 1.851998 0.000659
vt 1.851998 0.010094
vt 1.613552 0.400389
vt 1.613552 0.410746
vt 1.592002 0.410746
vt 1.592002 0.400389
vt 1.592002 0.420860
vt 1.613552 0.420860
vt 1.613552 0.429339
vt 1.613552 0.436129
vt 1.592002 0.436129
vt 1.592002 0.429339
vt 1.592002 0.597273
vt 1.592002 0.583429
vt 1.613552 0.583429
vt 1.613552 0.597273
vt 1.592002 0.619076
vt 1.613552 0.619076
vt 0.607917 0.435587
vt 0.607917 0.416151
vt 0.629692 0.416151
vt 0.629692 0.435587
vt 0.417852 0.830778
vt 0.417852 0.852299
vt 0.396076 0.852299
vt 0.396076 0.830778
vt 0.370308 0.790149
vt 0.370308 0.763929
vt 0.392084 0.763929
vt 0.392083 0.790149
vt 0.370308 0.754396
vt 0.392084 0.754396
vt 0.392084 0.416151
vt 0.392083 0.436909
vt 0.370308 0.436909
vt 0.370308 0.416151
vt 0.396537 0.873820
vt 0.396537 0.852299
vt 0.418313 0.852299
vt 0.418313 0.873820
vt 0.395370 0.039352
vt 0.395370 0.019916
vt 0.417146 0.019916
vt 0.417146 0.039352
vt 0.219960 -0.997312
vt 0.219960 -0.904664
vt 0.192895 -0.904664
vt 0.192895 -0.997312
vt 0.857686 -0.230319
vt 0.830303 -0.230319
vt 0.830303 -0.257384
vt 0.857686 -0.257384
vt 0.461426 -0.368939
vt 0.387068 -0.368939
vt 0.387068 -0.396005
vt 0.461426 -0.396005
vt 0.261061 -0.396005
vt 0.381087 -0.396005
vt 0.381087 -0.368939
vt 0.261061 -0.368939
vt 1.306215 0.511049
vt 1.306215 0.497205
vt 1.327765 0.497205
vt 1.327765 0.511049
vt 1.293489 0.349905
vt 1.293489 0.343115
vt 1.293489 0.197541
vt 1.293489 0.188986
vt 1.293489 0.328501
vt 1.293489 0.218367
vt 1.293489 0.203677
vt 1.293489 0.212232
vt 1.858881 0.691416
vt 1.858881 0.653753
vt 1.858881 0.636824
vt 1.858881 0.646939
vt 1.095760 0.681589
vt 1.095760 0.649855
vt 1.095760 0.632315
vt 1.095760 0.642671
vt 1.817721 0.361965
vt 1.817721 0.393698
vt 1.817721 0.324302
vt 1.817721 0.010094
vt 1.817721 0.000659
vt 1.626278 0.400389
vt 1.626278 0.410746
vt 1.626278 0.420860
vt 1.626278 0.429339
vt 1.626278 0.436129
vt 1.626278 0.583429
vt 1.626278 0.597273
vt 1.626278 0.619076
vt 0.642551 0.416151
vt 0.642551 0.435587
vt 0.383218 0.852299
vt 0.383218 0.830778
vt 0.357450 0.790149
vt 0.357449 0.763929
vt 0.357449 0.754396
vt 0.357450 0.436909
vt 0.357449 0.416151
vt 0.383679 0.873820
vt 0.383679 0.852299
vt 0.382512 0.039352
vt 0.382512 0.019916
vt 0.176913 -0.904664
vt 0.176913 -0.997312
vt 0.857686 -0.214337
vt 0.830303 -0.214337
vt 0.461426 -0.352957
vt 0.387068 -0.352957
vt 0.381087 -0.352957
vt 0.261061 -0.352957
vt 1.293489 0.511049
vt 1.293489 0.497205
vt 1.118734 0.318533
vt 1.177559 0.318533
vt 1.177559 0.340084
vt 1.118734 0.340084
vt 1.393201 0.408731
vt 1.380571 0.408731
vt 1.413322 0.408731
vt 1.158824 0.110793
vt 1.158824 0.000659
vt 1.339228 0.163322
vt 1.339228 0.143311
vt 1.671091 0.894357
vt 1.661656 0.894357
vt 1.506444 0.494954
vt 1.486434 0.494954
vt 1.526566 0.494954
vt 1.539195 0.494954
vt 1.613552 0.494954
vt 1.592002 0.494954
vt 1.626278 0.494954
vt 1.738216 0.494954
vt 1.714699 0.494954
vt 1.769931 0.494954
vt 1.762344 0.494954
vt 1.925916 0.494954
vt 1.854866 0.494954
vt 1.684518 0.799959
vt 1.675083 0.799959
vt 1.253583 0.591278
vt 1.324633 0.591278
vt 1.417154 0.591278
vt 1.409568 0.591278
vt 1.339228 0.137176
vt 1.339228 0.027042
vt 1.205068 0.408731
vt 1.181551 0.408731
vt 1.306215 0.408731
vt 1.293489 0.408731
vt 1.118734 0.400389
vt 1.177559 0.400389
vt 1.177559 0.438658
vt 1.118734 0.438658
vt 1.269101 0.751201
vt 1.290651 0.751201
vt 1.290651 0.789469
vt 1.269101 0.789469
vt 1.177559 0.483484
vt 1.118734 0.483484
vt 1.118734 0.445215
vt 1.177559 0.445215
vt 1.290651 0.834295
vt 1.269101 0.834295
vt 1.269101 0.796027
vt 1.290651 0.796027
vt 1.306215 0.489895
vt 1.327765 0.489895
vt 1.265109 0.840017
vt 1.226840 0.840017
vt 1.226840 0.832707
vt 1.265109 0.832707
vt 1.269101 0.840853
vt 1.290651 0.840853
vt 1.290651 0.848163
vt 1.269101 0.848163
vt 1.265109 0.826572
vt 1.226840 0.826572
vt 1.226840 0.819262
vt 1.265109 0.819262
vt 1.224440 0.128329
vt 1.217649 0.128329
vt 1.265695 0.890294
vt 1.245684 0.890294
vt 1.224440 0.152868
vt 1.217649 0.152868
vt 1.217649 0.135332
vt 1.224440 0.135332
vt 1.070350 0.128329
vt 1.056506 0.128329
vt 1.070350 0.152868
vt 1.056506 0.152868
vt 1.056506 0.135332
vt 1.070350 0.135332
vt 1.081347 0.640134
vt 1.061336 0.640134
vt 1.061336 0.622599
vt 1.081347 0.622599
vt 1.158824 0.128329
vt 1.158824 0.152868
vt 1.158824 0.135332
vt 0.667132 0.186862
vt 0.686568 0.186862
vt 0.686568 0.204581
vt 0.667132 0.204581
vt 0.564078 0.000000
vt 0.564078 0.019436
vt 0.546359 0.019436
vt 0.546359 0.000000
vt 0.546359 0.246824
vt 0.555892 0.246824
vt 0.555892 0.260370
vt 0.546359 0.260370
vt 0.945316 0.546336
vt 0.873524 0.546336
vt 0.873524 0.532790
vt 0.945316 0.532790
vt 0.780037 0.532790
vt 0.787703 0.532790
vt 0.787703 0.546336
vt 0.780037 0.546336
vt 0.731895 0.546336
vt 0.731895 0.532790
vt 0.755657 0.532790
vt 0.755657 0.546336
vt 0.629692 0.546336
vt 0.629692 0.532790
vt 0.642551 0.532790
vt 0.642551 0.546336
vt 0.607917 0.546336
vt 0.607917 0.532790
vt 0.541798 0.546336
vt 0.541798 0.532790
vt 0.554559 0.532790
vt 0.554559 0.546336
vt 0.521466 0.546336
vt 0.521466 0.532790
vt 0.501247 0.532790
vt 0.501247 0.546336
vt 0.881564 0.116639
vt 0.891097 0.116639
vt 0.891097 0.130185
vt 0.881564 0.130185
vt 0.546359 0.116639
vt 0.564078 0.116639
vt 0.564078 0.130185
vt 0.546359 0.130185
vt 0.556384 0.166642
vt 0.569930 0.166642
vt 0.569930 0.186862
vt 0.556384 0.186862
vt 0.569930 0.186862
vt 0.569930 0.204581
vt 0.556384 0.204581
vt 0.483264 0.150101
vt 0.483264 0.136555
vt 0.503596 0.136555
vt 0.503596 0.150101
vt 0.470503 0.150101
vt 0.470503 0.136555
vt 0.395370 0.150101
vt 0.395370 0.136555
vt 0.417146 0.136555
vt 0.417146 0.150101
vt 0.382512 0.150101
vt 0.382512 0.136555
vt 0.269405 0.150101
vt 0.269405 0.136555
vt 0.293168 0.136555
vt 0.293168 0.150101
vt 0.237359 0.150101
vt 0.237359 0.136555
vt 0.245025 0.136555
vt 0.245025 0.150101
vt 0.079747 0.136555
vt 0.151538 0.136555
vt 0.151538 0.150101
vt 0.079747 0.150101
vt 0.555892 0.159098
vt 0.546359 0.159098
vt 0.945316 0.445064
vt 0.873524 0.445064
vt 0.787703 0.445064
vt 0.780037 0.445064
vt 0.731895 0.445064
vt 0.755657 0.445064
vt 0.629692 0.445064
vt 0.642551 0.445064
vt 0.607917 0.445064
vt 0.541798 0.445064
vt 0.554559 0.445064
vt 0.521466 0.445064
vt 0.501247 0.445064
vt 0.891098 0.028913
vt 0.881564 0.028913
vt 0.564078 0.028913
vt 0.546359 0.028913
vt 0.657656 0.166642
vt 0.657656 0.186862
vt 0.657656 0.186862
vt 0.657656 0.204581
vt 0.483264 0.048829
vt 0.503596 0.048829
vt 0.470503 0.048829
vt 0.395370 0.048829
vt 0.417146 0.048829
vt 0.382512 0.048829
vt 0.269405 0.048829
vt 0.293168 0.048829
vt 0.506259 0.028572
vt 0.515736 0.028572
vt 0.515736 0.036238
vt 0.506259 0.036238
vt 0.071091 0.048829
vt 0.071091 0.039352
vt 0.142883 0.039352
vt 0.142883 0.048829
vt 0.025062 0.019916
vt 0.033719 0.019916
vt 0.033719 0.039352
vt 0.025062 0.039352
vt 1.199463 0.693597
vt 1.208030 0.693597
vt 1.208030 0.715400
vt 1.199463 0.715400
vt 1.199464 0.679753
vt 1.208030 0.679753
vt 1.199463 0.532453
vt 1.208030 0.532453
vt 1.208030 0.591278
vt 1.199463 0.591278
vt 1.199464 0.525663
vt 1.208030 0.525663
vt 1.513691 0.653753
vt 1.513691 0.691416
vt 1.505124 0.691416
vt 1.505124 0.653753
vt 1.505124 0.636824
vt 1.513691 0.636824
vt 1.513691 0.646939
vt 1.505124 0.646939
vt 1.505124 0.626468
vt 1.513691 0.626468
vt 1.463964 0.324302
vt 1.472531 0.324302
vt 1.472531 0.361965
vt 1.463964 0.361965
vt 1.472531 0.000659
vt 1.472531 0.010094
vt 1.971468 0.410746
vt 1.971468 0.400389
vt 1.971468 0.420860
vt 1.980035 0.436129
vt 1.971468 0.436129
vt 1.971468 0.429339
vt 1.980035 0.429339
vt 1.980035 0.494954
vt 1.971468 0.494954
vt 1.980035 0.597273
vt 1.971468 0.597273
vt 1.971468 0.583429
vt 1.980035 0.583429
vt 1.000000 0.435587
vt 0.991344 0.435587
vt 0.991344 0.416151
vt 1.000000 0.416151
vt 1.000000 0.445064
vt 0.991344 0.445064
vt 1.000000 0.546336
vt 0.991344 0.546336
vt 0.991344 0.532790
vt 1.000000 0.532790
vt 0.034425 0.830778
vt 0.034425 0.852299
vt 0.000000 0.763929
vt 0.008656 0.763929
vt 0.008656 0.790150
vt 0.000000 0.790149
vt 0.000000 0.754396
vt 0.008656 0.754396
vt 0.008656 0.416151
vt 0.008657 0.436909
vt 0.000000 0.436909
vt 0.000000 0.416151
vt 0.034887 0.852299
vt 0.034887 0.873820
vt 0.025062 0.136555
vt 0.033719 0.136555
vt 0.033719 0.150101
vt 0.025062 0.150101
vt 0.515736 0.019916
vt 0.515736 0.028572
vt 0.506259 0.019916
vt 0.583013 0.623336
vt 0.583013 0.613859
vt 0.594542 0.613859
vt 0.594542 0.623336
vt 0.777848 0.292692
vt 0.849640 0.292692
vt 0.849640 0.304221
vt 0.777848 0.304221
vt 0.609580 0.613859
vt 0.609580 0.623336
vt 0.598050 0.623336
vt 0.598050 0.613859
vt 0.849640 0.315750
vt 0.777848 0.315750
vt 0.777848 0.304221
vt 0.849640 0.304221
vt 1.219474 0.525663
vt 1.219474 0.532453
vt 1.525134 0.653753
vt 1.525134 0.691416
vt 1.525134 0.636824
vt 1.525134 0.646939
vt 1.525134 0.626468
vt 1.483974 0.324302
vt 1.483974 0.361965
vt 1.483974 0.000659
vt 1.483974 0.010094
vt 1.960025 0.410746
vt 1.960025 0.400389
vt 1.960025 0.420860
vt 1.960025 0.436129
vt 1.960025 0.429339
vt 1.960025 0.494954
vt 1.960025 0.597273
vt 1.960025 0.583429
vt 0.979781 0.435588
vt 0.979781 0.416151
vt 0.979781 0.445064
vt 0.979781 0.546336
vt 0.979781 0.532790
vt 0.045988 0.830778
vt 0.045988 0.852299
vt 0.020219 0.763929
vt 0.020219 0.790150
vt 0.020219 0.416151
vt 0.020219 0.436909
vt 0.046449 0.852299
vt 0.046449 0.873820
vt 0.045282 0.136555
vt 0.045282 0.150101
vt 0.743383 0.304221
vt 0.743383 0.315750
vt 0.731820 0.315750
vt 0.731820 0.304221
vt 0.025062 0.048829
vt 0.025062 0.039352
vt 0.036625 0.039352
vt 0.036625 0.048829
vt 0.731820 0.292692
vt 0.743383 0.292692
vt 0.743383 0.304221
vt 0.045282 0.019916
vt 0.045282 0.039352
vt 0.731868 0.569710
vt 0.744779 0.569710
vt 0.744779 0.595669
vt 0.731868 0.595669
vt 1.219474 0.679753
vt 1.219474 0.693597
vt 1.219474 0.591278
vt 1.021574 0.249143
vt 1.021574 0.227565
vt 1.092624 0.227565
vt 1.092624 0.249143
vt 1.208030 0.658175
vt 1.219474 0.658175
vt 1.199463 0.658175
vt 1.675083 0.866855
vt 1.684518 0.866855
vt 1.971468 0.561851
vt 1.980035 0.561851
vt 1.960025 0.561851
vt 1.854866 0.561851
vt 1.925916 0.561851
vt 1.762344 0.561851
vt 1.769931 0.561851
vt 1.714699 0.561851
vt 1.738216 0.561851
vt 1.613552 0.561851
vt 1.626278 0.561851
vt 1.592002 0.561851
vt 1.526566 0.561851
vt 1.539195 0.561851
vt 1.506444 0.561851
vt 1.486434 0.561851
vt 1.661656 0.961253
vt 1.671091 0.961253
vt 1.091928 0.135332
vt 1.091928 0.152868
vt 1.272332 0.143311
vt 1.272332 0.163322
vt 1.091928 0.110793
vt 1.091928 0.128329
vt 1.091928 0.000659
vt 1.393201 0.475627
vt 1.413322 0.475627
vt 1.380571 0.475627
vt 1.051837 0.445215
vt 1.051837 0.483484
vt 1.030259 0.483484
vt 1.030259 0.445215
vt 1.030259 0.318533
vt 1.051837 0.318533
vt 1.051837 0.340084
vt 1.030259 0.340084
vt 1.030259 0.400389
vt 1.051837 0.400389
vt 1.051837 0.438658
vt 1.030259 0.438658
vt 1.293489 0.475627
vt 1.306215 0.475627
vt 1.181551 0.475627
vt 1.205068 0.475627
vt 1.272332 0.027042
vt 1.272332 0.137176
vt 1.409568 0.658175
vt 1.417154 0.658175
vt 1.106997 0.688834
vt 1.128575 0.688834
vt 1.128575 0.712628
vt 1.106997 0.712628
vt 1.021574 0.256167
vt 1.092624 0.256167
vt 1.092624 0.279961
vt 1.021574 0.279961
vt 1.354459 0.743811
vt 1.332880 0.743811
vt 1.332880 0.720018
vt 1.354459 0.720018
vt 1.092624 0.311144
vt 1.021574 0.311144
vt 1.021574 0.287350
vt 1.092624 0.287350
vt 0.521034 0.416151
vt 0.544067 0.416151
vt 0.512377 0.416151
vt 0.512377 0.393914
vt 0.500814 0.416151
vt 0.500814 0.393914
vt 0.394558 0.393914
vt 0.466349 0.393914
vt 0.466349 0.416151
vt 0.394558 0.416151
vt 0.301071 0.393914
vt 0.308737 0.393914
vt 0.308737 0.416151
vt 0.301071 0.416151
vt 0.252928 0.393914
vt 0.276691 0.393914
vt 0.276691 0.416151
vt 0.252928 0.416151
vt 0.150726 0.416151
vt 0.150726 0.393914
vt 0.163584 0.393914
vt 0.163584 0.416151
vt 0.128950 0.416151
vt 0.128950 0.393914
vt 0.062831 0.393914
vt 0.075593 0.393914
vt 0.075593 0.416151
vt 0.062831 0.416151
vt 0.042500 0.393914
vt 0.042500 0.416151
vt 0.022280 0.416151
vt 0.000000 0.416151
vt 0.028019 0.328890
vt 0.028019 0.307369
vt 0.514344 0.349204
vt 0.514344 0.370726
vt 0.098194 0.370726
vt 0.098194 0.349205
vt 0.444170 0.307369
vt 0.444170 0.328890
vt 0.022280 0.000000
vt 0.000000 0.000000
vt 0.042500 0.019916
vt 0.042500 0.000000
vt 0.062831 0.000000
vt 0.062831 0.019916
vt 0.075593 0.000000
vt 0.075593 0.019916
vt 0.150726 0.000000
vt 0.150726 0.019916
vt 0.128950 0.019916
vt 0.128950 0.000000
vt 0.163584 0.000000
vt 0.163584 0.019916
vt 0.276691 0.019916
vt 0.252928 0.019916
vt 0.252928 0.000000
vt 0.276691 0.000000
vt 0.308737 0.019916
vt 0.301071 0.019916
vt 0.301071 0.000000
vt 0.308737 0.000000
vt 0.466349 0.019916
vt 0.394558 0.019916
vt 0.394558 0.000000
vt 0.466349 0.000000
vt 0.512377 0.019916
vt 0.500814 0.019916
vt 0.500814 0.000000
vt 0.512377 0.000000
vt 0.521034 0.000000
vt 0.544067 0.000000
vt 0.060816 0.287055
vt 0.051282 0.287055
vt 0.051282 0.266740
vt 0.060816 0.266740
vt 0.153863 0.391040
vt 0.144330 0.391040
vt 0.399058 0.287055
vt 0.378300 0.287055
vt 0.378300 0.266740
vt 0.399057 0.266740
vt 0.492108 0.391040
vt 0.471350 0.391040
vt 0.025063 0.287055
vt 0.025062 0.266740
vt 0.118110 0.391040
vt 0.488124 0.307369
vt 0.478591 0.307369
vt 0.478591 0.287055
vt 0.488125 0.287055
vt 0.398034 0.349204
vt 0.388501 0.349204
vt 0.161104 0.307369
vt 0.140346 0.307369
vt 0.140346 0.287055
vt 0.161104 0.287055
vt 0.071014 0.349205
vt 0.050256 0.349204
vt 0.514344 0.307369
vt 0.514344 0.287055
vt 0.424254 0.349204
vt 0.514344 0.391040
vt 0.026230 0.894134
vt 0.003197 0.894134
vt 0.011237 0.810464
vt 0.002581 0.810464
vt 0.002581 0.790150
vt 0.011237 0.790150
vt 0.034887 0.894134
vt 0.022800 0.810464
vt 0.022800 0.790150
vt 0.046449 0.894134
vt 0.129057 0.810464
vt 0.057266 0.810464
vt 0.057266 0.790150
vt 0.129057 0.790150
vt 0.152706 0.894134
vt 0.080914 0.894134
vt 0.222544 0.810464
vt 0.214879 0.810464
vt 0.214879 0.790150
vt 0.222544 0.790149
vt 0.246193 0.894134
vt 0.238527 0.894135
vt 0.270687 0.810464
vt 0.246925 0.810464
vt 0.246925 0.790150
vt 0.270687 0.790150
vt 0.294335 0.894134
vt 0.270572 0.894134
vt 0.372890 0.810464
vt 0.360031 0.810464
vt 0.360031 0.790150
vt 0.372890 0.790149
vt 0.396537 0.894134
vt 0.383679 0.894134
vt 0.394666 0.810464
vt 0.394666 0.790150
vt 0.418313 0.894134
vt 0.460785 0.810464
vt 0.448023 0.810464
vt 0.448023 0.790149
vt 0.460785 0.790150
vt 0.484432 0.894134
vt 0.471670 0.894134
vt 0.481116 0.810464
vt 0.481116 0.790150
vt 0.504763 0.894134
vt 0.501336 0.810464
vt 0.501336 0.790150
vt 0.524983 0.894135
vt 0.547263 0.894135
vt 0.028019 0.349204
vt 0.444170 0.349204
vt 0.524521 0.810464
vt 0.546801 0.810464
vt 0.521466 0.566650
vt 0.501247 0.566650
vt 0.501247 0.546336
vt 0.521466 0.546336
vt 0.504302 0.810464
vt 0.541798 0.566650
vt 0.541798 0.546336
vt 0.483971 0.810464
vt 0.554559 0.566650
vt 0.554559 0.546336
vt 0.471209 0.810464
vt 0.629692 0.566650
vt 0.607916 0.566650
vt 0.607916 0.546336
vt 0.629692 0.546336
vt 0.396076 0.810464
vt 0.417852 0.810464
vt 0.642550 0.566650
vt 0.642550 0.546336
vt 0.383218 0.810464
vt 0.755656 0.566650
vt 0.731894 0.566650
vt 0.731894 0.546336
vt 0.755656 0.546336
vt 0.270111 0.810464
vt 0.293874 0.810464
vt 0.787702 0.566650
vt 0.780036 0.566650
vt 0.780036 0.546336
vt 0.787702 0.546336
vt 0.238066 0.810464
vt 0.245731 0.810464
vt 0.945314 0.566650
vt 0.873523 0.566650
vt 0.873523 0.546336
vt 0.945314 0.546336
vt 0.080453 0.810464
vt 0.152244 0.810464
vt 0.991342 0.566650
vt 0.979779 0.566650
vt 0.979779 0.546336
vt 0.991342 0.546336
vt 0.034425 0.810464
vt 0.045988 0.810464
vt 0.999999 0.566650
vt 0.999999 0.546336
vt 0.025768 0.810464
vt 0.002735 0.810464
vt 0.098194 0.391040
vt 0.054685 0.573175
vt 0.126476 0.573175
vt 0.126476 0.620321
vt 0.054685 0.620321
vt 0.212297 0.573175
vt 0.219963 0.573175
vt 0.219963 0.620321
vt 0.212297 0.620321
vt 0.268105 0.620321
vt 0.244343 0.620321
vt 0.244343 0.573175
vt 0.268105 0.573175
vt 0.370308 0.620321
vt 0.357450 0.620321
vt 0.357450 0.573175
vt 0.370308 0.573175
vt 0.392083 0.620321
vt 0.392083 0.573175
vt 0.458202 0.620321
vt 0.445441 0.620321
vt 0.445441 0.573175
vt 0.458202 0.573175
vt 0.478534 0.620321
vt 0.478534 0.573175
vt 0.498753 0.620321
vt 0.498753 0.573175
vt 0.344516 0.287055
vt 0.344516 0.307369
vt 0.297370 0.307369
vt 0.297370 0.287055
vt 0.000000 0.189744
vt 0.022280 0.189744
vt 0.022280 0.236890
vt 0.000000 0.236890
vt 0.207280 0.328890
vt 0.254426 0.328890
vt 0.254426 0.349204
vt 0.207280 0.349204
vt 0.207280 0.307369
vt 0.254426 0.307369
vt 0.700343 0.116639
vt 0.747490 0.116639
vt 0.747490 0.130185
vt 0.700344 0.130185
vt 0.161328 0.169538
vt 0.208475 0.169538
vt 0.208475 0.179014
vt 0.161328 0.179014
vt 0.161328 0.150101
vt 0.208475 0.150101
vt 0.456887 -0.676696
vt 0.352543 -0.676696
vt 0.352543 -0.735295
vt 0.456887 -0.735295
vt 0.001942 -0.760219
vt 0.001942 -0.818818
vt 0.029325 -0.818818
vt 0.029325 -0.760219
vt 0.874622 -0.260265
vt 0.874622 -0.318865
vt 0.972869 -0.318865
vt 0.972869 -0.260265
vt 1.482307 0.982832
vt 1.528967 0.982832
vt 1.528967 0.996675
vt 1.482307 0.996675
vt 1.482307 0.961253
vt 1.528967 0.961253
vt 1.482307 0.835532
vt 1.528967 0.835532
vt 1.528967 0.894357
vt 1.482307 0.894357
vt 1.482307 0.828741
vt 1.528967 0.828741
vt 1.809941 0.708935
vt 1.856601 0.708935
vt 1.856601 0.719050
vt 1.809941 0.719050
vt 1.809941 0.698579
vt 1.856601 0.698579
vt 1.937555 0.189443
vt 1.937555 0.142784
vt 1.957566 0.142784
vt 1.957565 0.189443
vt 1.917433 0.189443
vt 1.917434 0.142784
vt 1.904804 0.189443
vt 1.904804 0.142784
vt 1.830447 0.189443
vt 1.830447 0.142784
vt 1.851998 0.142784
vt 1.851998 0.189443
vt 1.817721 0.189443
vt 1.817721 0.142784
vt 1.705783 0.189443
vt 1.705783 0.142784
vt 1.729300 0.142784
vt 1.729300 0.189443
vt 1.674068 0.189443
vt 1.674068 0.142784
vt 1.681655 0.142784
vt 1.681655 0.189443
vt 1.518084 0.142784
vt 1.589134 0.142784
vt 1.589134 0.189443
vt 1.518084 0.189443
vt 1.472531 0.142784
vt 1.483974 0.142784
vt 1.483974 0.189443
vt 1.472531 0.189443
vt 1.463964 0.142784
vt 1.463964 0.189443
vt 1.445274 0.142784
vt 1.445274 0.189443
vt 1.489573 0.756718
vt 1.489573 0.746361
vt 1.536233 0.746361
vt 1.536233 0.756718
vt 1.489573 0.766832
vt 1.536233 0.766832
vt 1.536233 0.740226
vt 1.489573 0.740226
vt 1.489573 0.721536
vt 1.536233 0.721536
vt 1.817208 0.741134
vt 1.817208 0.734343
vt 1.863867 0.734343
vt 1.863867 0.741134
vt 1.817208 0.799959
vt 1.863867 0.799959
vt 1.817207 0.888433
vt 1.817207 0.866855
vt 1.863867 0.866855
vt 1.863867 0.888433
vt 1.817207 0.902277
vt 1.863867 0.902277
vt 0.704322 -0.315816
vt 0.790958 -0.315816
vt 0.790958 -0.257217
vt 0.704322 -0.257217
vt 0.824322 -0.266343
vt 0.796939 -0.266343
vt 0.796939 -0.324942
vt 0.824322 -0.324942
vt 0.698341 -0.324942
vt 0.698341 -0.266342
vt 0.611705 -0.266342
vt 0.611705 -0.324942
vt 0.689967 0.149621
vt 0.689967 0.130185
vt 0.737114 0.130185
vt 0.737113 0.149621
vt 0.689967 0.159098
vt 0.737113 0.159098
vt 0.689967 0.260370
vt 0.689967 0.246824
vt 0.737113 0.246824
vt 0.737113 0.260370
vt 0.287938 0.370726
vt 0.287938 0.349205
vt 0.335084 0.349205
vt 0.335084 0.370726
vt 0.287938 0.391040
vt 0.335084 0.391040
vt 0.521034 0.236891
vt 0.521034 0.189744
vt 0.544067 0.189744
vt 0.544067 0.236891
vt 0.242035 0.287055
vt 0.194889 0.287055
vt 0.194889 0.266740
vt 0.242035 0.266740
vt 0.000000 0.573175
vt 0.008656 0.573175
vt 0.008656 0.620321
vt 0.000000 0.620321
vt 0.020219 0.573175
vt 0.020219 0.620321
vt 0.186180 0.894134
vt 0.257914 0.894135
vt 0.257914 0.976990
vt 0.186180 0.976990
vt 0.466936 0.894135
vt 0.475701 0.894135
vt 0.475701 0.976990
vt 0.466936 0.976990
vt 0.563883 0.894135
vt 0.637650 0.894135
vt 0.637650 0.976990
vt 0.563883 0.976990
vt 0.140189 0.894135
vt 0.151742 0.894134
vt 0.151742 0.976990
vt 0.140189 0.976990
vt 0.673063 0.894135
vt 0.684944 0.894135
vt 0.684944 0.976990
vt 0.673063 0.976990
vt 0.000000 0.894135
vt 0.009307 0.894135
vt 0.009307 0.976990
vt 0.000000 0.976990
vt 0.079747 0.056373
vt 0.151538 0.056373
vt 0.151538 0.111181
vt 0.079747 0.111181
vt 0.245025 0.056373
vt 0.245025 0.111181
vt 0.237359 0.111181
vt 0.237359 0.056373
vt 0.293168 0.056373
vt 0.293168 0.111181
vt 0.269405 0.111181
vt 0.269405 0.056373
vt 0.803948 0.054807
vt 0.791090 0.054807
vt 0.791090 -0.000000
vt 0.803948 -0.000000
vt 0.825724 0.000000
vt 0.825724 0.054807
vt 0.321110 0.101682
vt 0.321110 0.088920
vt 0.375917 0.088920
vt 0.375917 0.101682
vt 0.503596 0.111181
vt 0.483264 0.111181
vt 0.483264 0.056373
vt 0.503596 0.056373
vt 0.595304 0.204581
vt 0.595304 0.186862
vt 0.650111 0.186862
vt 0.650111 0.204581
vt 0.595304 0.186862
vt 0.595304 0.166642
vt 0.650112 0.166642
vt 0.650112 0.186862
vt 0.546359 0.036457
vt 0.564078 0.036457
vt 0.564078 0.091265
vt 0.546359 0.091265
vt 0.161328 0.186559
vt 0.208475 0.186559
vt 0.208475 0.241366
vt 0.161328 0.241366
vt 0.881564 0.036457
vt 0.891098 0.036457
vt 0.891098 0.091265
vt 0.881564 0.091265
vt 0.501247 0.452608
vt 0.521466 0.452608
vt 0.521466 0.507416
vt 0.501247 0.507416
vt 0.541798 0.507416
vt 0.541798 0.452608
vt 0.554559 0.507416
vt 0.554559 0.452608
vt 0.629692 0.507416
vt 0.607917 0.507416
vt 0.607917 0.452608
vt 0.629692 0.452608
vt 0.642551 0.507416
vt 0.642551 0.452608
vt 0.755657 0.507416
vt 0.731895 0.507416
vt 0.731895 0.452608
vt 0.755657 0.452608
vt 0.780037 0.452608
vt 0.787703 0.452608
vt 0.787703 0.507416
vt 0.780037 0.507416
vt 0.945316 0.507416
vt 0.873524 0.507416
vt 0.873524 0.452608
vt 0.945316 0.452608
vt 0.991344 0.507416
vt 0.979781 0.507416
vt 0.979781 0.452608
vt 0.991344 0.452608
vt 1.000000 0.507416
vt 1.000000 0.452608
vt 0.546359 0.166642
vt 0.555892 0.166642
vt 0.555892 0.221450
vt 0.546359 0.221450
vt 0.737113 0.221450
vt 0.689967 0.221450
vt 0.689967 0.166642
vt 0.737113 0.166642
vt 0.025062 0.056373
vt 0.033719 0.056373
vt 0.033719 0.111181
vt 0.025062 0.111181
vt 0.045282 0.056373
vt 0.045282 0.111181
vt 0.583432 0.080182
vt 0.655224 0.080182
vt 0.655224 0.105556
vt 0.583432 0.105556
vt 0.748711 0.105556
vt 0.741045 0.105556
vt 0.741045 0.080182
vt 0.748711 0.080182
vt 0.803948 0.080181
vt 0.791090 0.080181
vt 0.825724 0.080181
vt 0.295736 0.101682
vt 0.295736 0.088920
vt 0.208475 0.266740
vt 0.161328 0.266740
vt 0.079747 0.048829
vt 0.151538 0.048829
vt 0.237359 0.048829
vt 0.245025 0.048829
vt 0.395370 0.056373
vt 0.382512 0.056373
vt 0.417146 0.056373
vt 0.470503 0.056373
vt 0.025062 0.048829
vt 0.033719 0.048829
vt 0.045282 0.048829
vt 0.566409 0.080182
vt 0.566409 0.105556
vt 0.062723 0.150101
vt 0.062723 0.136555
vt 0.063891 0.873820
vt 0.063891 0.852299
vt 0.063891 0.894134
vt 0.483373 0.393914
vt 0.483373 0.416151
vt 0.040242 0.810464
vt 0.040242 0.790150
vt 0.037661 0.436909
vt 0.037661 0.416151
vt 0.037661 0.620321
vt 0.037661 0.573175
vt 0.169170 0.976990
vt 0.169170 0.894134
vt 0.655142 0.894135
vt 0.655142 0.976990
vt 0.037661 0.790149
vt 0.037661 0.763929
vt 0.054685 0.763929
vt 0.054684 0.790149
vt 0.962338 0.546336
vt 0.962338 0.566650
vt 0.483373 0.000000
vt 0.483373 0.019916
vt 0.063429 0.830778
vt 0.063429 0.810464
vt 0.063429 0.852299
vt 0.962339 0.532790
vt 0.962339 0.546336
vt 0.962339 0.507416
vt 0.962339 0.452608
vt 0.962339 0.445064
vt 0.962339 0.435588
vt 0.962339 0.416151
vt 1.942763 0.583429
vt 1.942763 0.597273
vt 1.942763 0.561851
vt 1.942764 0.436129
vt 1.942763 0.494954
vt 1.942763 0.429339
vt 1.942764 0.410746
vt 1.942764 0.420860
vt 1.942764 0.400389
vt 1.501236 0.010094
vt 1.501236 0.000659
vt 1.501236 0.189443
vt 1.501236 0.142784
vt 1.501236 0.361965
vt 1.501236 0.324302
vt 1.542395 0.636824
vt 1.542396 0.626468
vt 1.542395 0.646939
vt 1.542396 0.691416
vt 1.542396 0.653753
vt 1.236735 0.532453
vt 1.236735 0.525663
vt 1.236735 0.591278
vt 1.236735 0.679753
vt 1.236735 0.658175
vt 1.253583 0.658175
vt 1.236735 0.693597
vt 0.764254 0.595669
vt 0.764254 0.569709
vt 0.062723 0.039352
vt 0.062723 0.019916
vt 0.760825 0.304221
vt 0.760825 0.292691
vt 0.054067 0.048829
vt 0.054067 0.039352
vt 0.760825 0.315750
vt 0.760825 0.304221
vt 0.062723 0.056373
vt 0.062723 0.048829
vt 0.062723 0.111181
vt 1.441282 0.525663
vt 1.441282 0.532453
vt 1.441282 0.591278
vt 1.441282 0.679753
vt 1.441282 0.658175
vt 1.441282 0.693597
vt 0.995031 0.569709
vt 0.995031 0.595669
vt 0.748844 0.260370
vt 0.820635 0.260370
vt 0.820635 0.276531
vt 0.748844 0.276531
vt 0.820635 0.292691
vt 0.748844 0.292691
vt 0.748844 0.276531
vt 0.914122 0.292691
vt 0.906457 0.292691
vt 0.906457 0.276531
vt 0.914122 0.276531
vt 0.906457 0.260370
vt 0.914122 0.260370
vt 0.906457 0.276531
vt 0.608387 0.597699
vt 0.583013 0.597699
vt 0.583013 0.581538
vt 0.608387 0.581538
vt 0.731820 0.260370
vt 0.731820 0.276531
vt 0.731820 0.292691
vt 0.608387 0.613859
vt 0.583013 0.613859
vt 0.701746 0.080182
vt 0.701746 0.054807
vt 1.858881 0.626468
vt 0.701746 0.000000
vt 0.437956 0.136555
vt 0.417146 0.111181
vt 0.437956 0.111181
vt 0.437956 0.150101
vt 0.439124 0.852299
vt 0.439124 0.873820
vt 0.439124 0.894135
vt 0.108139 0.416151
vt 0.108139 0.393914
vt 0.415476 0.810464
vt 0.415476 0.790150
vt 0.412894 0.416151
vt 0.412894 0.436909
vt 0.412894 0.620321
vt 0.412894 0.573175
vt 0.412894 0.754396
vt 0.412894 0.763929
vt 0.412894 0.790149
vt 0.587106 0.566650
vt 0.587106 0.546336
vt 0.108139 0.019916
vt 0.108139 0.000000
vt 0.438662 0.830778
vt 0.438662 0.810464
vt 0.438662 0.852299
vt 0.587106 0.546336
vt 0.587106 0.532790
vt 0.587106 0.507416
vt 0.587106 0.452608
vt 0.587106 0.445064
vt 0.587106 0.435587
vt 0.587106 0.416151
vt 1.571406 0.619076
vt 1.571406 0.597273
vt 1.571406 0.583429
vt 1.571406 0.561851
vt 1.571406 0.494954
vt 1.571406 0.436129
vt 1.571406 0.429339
vt 1.571406 0.420860
vt 1.571406 0.410746
vt 1.571406 0.400389
vt 1.872593 0.000659
vt 1.872593 0.010094
vt 1.872593 0.142784
vt 1.872593 0.189443
vt 1.872593 0.324302
vt 1.872593 0.361965
vt 1.872593 0.393698
vt 1.150632 0.632315
vt 1.150632 0.642671
vt 1.150632 0.649855
vt 1.150632 0.681589
vt 1.913753 0.636824
vt 1.913753 0.646939
vt 1.913753 0.653753
vt 1.913753 0.691416
vt 1.348361 0.203677
vt 1.348361 0.212232
vt 1.348361 0.218367
vt 1.348361 0.328501
vt 1.348361 0.188986
vt 1.348361 0.197542
vt 1.348361 0.343115
vt 1.348361 0.349905
vt 1.311247 0.751201
vt 1.311247 0.789469
vt 1.177559 0.360680
vt 1.118734 0.360680
vt 1.051837 0.360680
vt 1.030259 0.360680
vt 1.311247 0.840853
vt 1.311247 0.848163
vt 1.311247 0.834295
vt 1.311247 0.796027
vt 1.348361 0.497205
vt 1.348361 0.489895
vt 1.348361 0.511049
vt 0.261061 -0.421871
vt 0.381087 -0.421871
vt 0.387068 -0.421871
vt 0.461426 -0.421871
vt 0.830303 -0.283250
vt 0.857686 -0.283250
vt 0.245826 -0.997312
vt 0.245826 -0.904664
vt 0.437956 0.019916
vt 0.437956 0.039352
vt 0.437956 0.048829
vt 0.437956 0.056373
vt 0.841215 0.080181
vt 0.854073 0.080181
vt 0.854073 0.095685
vt 0.841215 0.095685
vt 0.506241 0.211806
vt 0.451434 0.211806
vt 0.451434 0.196302
vt 0.506241 0.196302
vt 0.875848 0.080181
vt 0.875848 0.095685
vt 0.854073 0.111188
vt 0.841215 0.111188
vt 0.875848 0.111188
vt 0.426060 0.211806
vt 0.426060 0.196302
vt 0.751870 0.111188
vt 0.751870 0.095685
vt 0.345860 0.196302
vt 0.371234 0.196302
vt 0.371234 0.211806
vt 0.345860 0.211806
vt 0.426042 0.196302
vt 0.426042 0.211806
vt 0.751870 0.080181
vt 0.751870 0.095685
vt 0.321110 0.056373
vt 0.375917 0.056373
vt 0.295736 0.056373
vt 1.343457 0.751201
vt 1.343457 0.789469
vt 1.177559 0.392890
vt 1.118734 0.392890
vt 1.051837 0.392890
vt 1.030259 0.392890
vt 1.343457 0.840853
vt 1.343457 0.848163
vt 1.343457 0.834295
vt 1.343457 0.796027
vt 1.380571 0.489895
vt 0.859604 0.000000
vt 0.872365 0.000000
vt 0.872366 0.015893
vt 0.859604 0.015893
vt 0.583076 0.783380
vt 0.528269 0.783380
vt 0.528269 0.767487
vt 0.583076 0.767487
vt 0.872365 0.031786
vt 0.859604 0.031786
vt 0.859604 0.015893
vt 0.502895 0.783380
vt 0.502895 0.767487
vt 0.528269 0.751595
vt 0.583076 0.751595
vt 0.827058 0.000000
vt 0.827057 0.015893
vt 0.827058 0.031786
vt 0.827057 0.015893
vt 0.502895 0.751595
vt 0.868800 0.041262
vt 0.868801 0.049918
vt 0.857132 0.049918
vt 0.857132 0.041262
vt 0.838726 0.031786
vt 0.838725 0.041262
vt 0.827058 0.041262
vt 0.827057 0.031786
vt 0.842095 0.049918
vt 0.842095 0.041262
vt 0.853763 0.041262
vt 0.853763 0.049918
vt 0.873379 0.159098
vt 0.873379 0.149621
vt 0.885048 0.149621
vt 0.885048 0.159098
vt 0.857132 0.041262
vt 0.857132 0.031786
vt 0.868777 0.031786
vt 0.868778 0.041262
vt 0.609695 0.623336
vt 0.609696 0.631001
vt 0.598050 0.631001
vt 0.598050 0.623336
vt 0.853740 0.031786
vt 0.853740 0.041262
vt 0.842095 0.041262
vt 0.842095 0.031786
vt 0.827057 0.048928
vt 0.827057 0.041262
vt 0.838702 0.041262
vt 0.838703 0.048928
vt 0.873379 0.221450
vt 0.807263 0.221450
vt 0.807263 0.166642
vt 0.873379 0.166642
vt 0.873379 0.246824
vt 0.807263 0.246824
vt 0.807263 0.260370
vt 0.873379 0.260370
vt 0.405234 0.370726
vt 0.405234 0.349205
vt 0.405234 0.391040
vt 0.521034 0.307041
vt 0.544067 0.307041
vt 0.312185 0.287055
vt 0.312185 0.266740
vt 0.008656 0.503025
vt 0.000000 0.503025
vt 0.020219 0.503025
vt 0.054684 0.503025
vt 0.037661 0.503025
vt 0.126476 0.503025
vt 0.219963 0.503025
vt 0.212297 0.503025
vt 0.244343 0.503025
vt 0.268105 0.503025
vt 0.357450 0.503025
vt 0.370308 0.503025
vt 0.392083 0.503025
vt 0.412894 0.503025
vt 0.445441 0.503025
vt 0.458202 0.503025
vt 0.478534 0.503025
vt 0.498753 0.503025
vt 0.227220 0.287055
vt 0.227220 0.307369
vt 0.000000 0.307041
vt 0.022280 0.307041
vt 0.137130 0.328890
vt 0.137130 0.349204
vt 0.137129 0.307369
vt 0.630193 0.116639
vt 0.630193 0.130185
vt 0.025062 0.241366
vt 0.091178 0.241366
vt 0.091178 0.266740
vt 0.025062 0.266740
vt 0.025062 0.186559
vt 0.091178 0.186559
vt 0.025062 0.179014
vt 0.091178 0.179014
vt 0.025062 0.169538
vt 0.091178 0.169538
vt 0.025062 0.150101
vt 0.091178 0.150101
vt 0.456887 -0.822486
vt 0.352543 -0.822486
vt 0.001942 -0.673027
vt 0.029325 -0.673027
vt 0.874622 -0.090897
vt 0.874622 -0.173074
vt 0.972869 -0.173074
vt 0.972869 -0.090897
vt 1.347449 0.982832
vt 1.412882 0.982832
vt 1.412882 0.996675
vt 1.347449 0.996675
vt 1.347449 0.961253
vt 1.412882 0.961253
vt 1.347449 0.835532
vt 1.412882 0.835532
vt 1.412882 0.894357
vt 1.347449 0.894357
vt 1.347449 0.828741
vt 1.412882 0.828741
vt 1.675083 0.708935
vt 1.740516 0.708935
vt 1.740516 0.719050
vt 1.675083 0.719050
vt 1.675083 0.698579
vt 1.740516 0.698579
vt 1.937555 0.258869
vt 1.957565 0.258869
vt 1.917433 0.258869
vt 1.904804 0.258869
vt 1.872593 0.258869
vt 1.851998 0.258869
vt 1.830447 0.258869
vt 1.817721 0.258869
vt 1.729300 0.258869
vt 1.705783 0.258869
vt 1.681655 0.258869
vt 1.674068 0.258869
vt 1.518084 0.258869
vt 1.589134 0.258869
vt 1.501236 0.258869
vt 1.472531 0.258869
vt 1.483974 0.258869
vt 1.463964 0.258869
vt 1.445274 0.258869
vt 1.445274 0.324302
vt 1.605658 0.756718
vt 1.605658 0.746361
vt 1.671091 0.746361
vt 1.671091 0.756718
vt 1.605658 0.766832
vt 1.671091 0.766832
vt 1.671091 0.740226
vt 1.605659 0.740226
vt 1.605659 0.721536
vt 1.671091 0.721536
vt 1.933292 0.741134
vt 1.933292 0.734343
vt 1.998725 0.734343
vt 1.998725 0.741134
vt 1.933292 0.799959
vt 1.998725 0.799959
vt 1.933292 0.888433
vt 1.933292 0.866855
vt 1.998725 0.866855
vt 1.998725 0.888433
vt 1.933292 0.902277
vt 1.998725 0.902277
vt 0.704322 -0.170026
vt 0.790958 -0.170026
vt 0.790958 -0.087848
vt 0.704322 -0.087848
vt 0.824322 -0.412133
vt 0.796939 -0.412133
vt 0.796939 -0.494311
vt 0.824322 -0.494311
vt 0.698341 -0.494310
vt 0.698341 -0.412133
vt 0.611705 -0.412133
vt 0.611705 -0.494310
vt 0.807263 0.149621
vt 0.807263 0.130185
vt 0.873379 0.130185
vt 0.807263 0.159098
vt 0.528187 0.651688
vt 0.528187 0.581538
vt 0.582995 0.581538
vt 0.582995 0.651688
vt 0.502813 0.651688
vt 0.502814 0.581538
vt 0.635587 0.000000
vt 0.690429 0.000000
vt 0.690429 0.054808
vt 0.635587 0.054808
vt 0.635587 0.080182
vt 0.690429 0.080182
vt 0.625070 0.260370
vt 0.625070 0.246824
vt 0.679913 0.246824
vt 0.679913 0.260370
vt 0.223041 0.370726
vt 0.223041 0.349205
vt 0.277884 0.349205
vt 0.277884 0.370726
vt 0.223041 0.391040
vt 0.277884 0.391040
vt 0.521034 0.179690
vt 0.521034 0.124847
vt 0.544067 0.124847
vt 0.544067 0.179690
vt 0.184835 0.287055
vt 0.129993 0.287055
vt 0.129993 0.266740
vt 0.184835 0.266740
vt 0.000000 0.630375
vt 0.008656 0.630375
vt 0.008656 0.685218
vt 0.000000 0.685218
vt 0.076837 0.976990
vt 0.076837 0.894135
vt 0.130374 0.894135
vt 0.130374 0.976990
vt 0.581295 0.314474
vt 0.564039 0.314474
vt 0.564039 0.260370
vt 0.581295 0.260370
vt 0.654068 0.260370
vt 0.654068 0.314474
vt 0.352910 0.894135
vt 0.403333 0.894135
vt 0.403333 0.976990
vt 0.352910 0.976990
vt 0.212297 0.630375
vt 0.219963 0.630375
vt 0.219963 0.685218
vt 0.212297 0.685218
vt 0.244343 0.685218
vt 0.244343 0.630376
vt 0.268105 0.685218
vt 0.268105 0.630376
vt 0.357449 0.685218
vt 0.357449 0.630375
vt 0.370308 0.685218
vt 0.370308 0.630375
vt 0.392084 0.685218
vt 0.392083 0.630375
vt 0.412894 0.685218
vt 0.412894 0.630375
vt 0.445441 0.685218
vt 0.445441 0.630375
vt 0.458202 0.685218
vt 0.458202 0.630375
vt 0.478534 0.685218
vt 0.478534 0.630375
vt 0.498753 0.685218
vt 0.498753 0.630375
vt 0.409413 0.287055
vt 0.409413 0.307369
vt 0.354570 0.307369
vt 0.354570 0.287055
vt 0.000000 0.124847
vt 0.022280 0.124847
vt 0.022280 0.179690
vt 0.000000 0.179690
vt 0.264480 0.328890
vt 0.319323 0.328890
vt 0.319323 0.349204
vt 0.264480 0.349204
vt 0.264480 0.307369
vt 0.319323 0.307369
vt 0.757544 0.116639
vt 0.812387 0.116639
vt 0.812387 0.130185
vt 0.757544 0.130185
vt 0.218529 0.241366
vt 0.273372 0.241366
vt 0.273372 0.266740
vt 0.218529 0.266740
vt 0.218529 0.186559
vt 0.273372 0.186559
vt 0.218529 0.179014
vt 0.273372 0.179014
vt 0.218529 0.169538
vt 0.273372 0.169538
vt 0.218529 0.150101
vt 0.273372 0.150101
vt 0.456887 -0.596033
vt 0.352543 -0.596033
vt 0.352543 -0.664199
vt 0.456887 -0.664199
vt 0.001942 -0.831315
vt 0.001942 -0.899481
vt 0.029325 -0.899481
vt 0.029325 -0.831315
vt 0.874622 -0.331361
vt 0.874622 -0.399527
vt 0.972869 -0.399527
vt 0.972869 -0.331361
vt 1.538917 0.982832
vt 1.593193 0.982832
vt 1.593193 0.996675
vt 1.538917 0.996675
vt 1.538917 0.961253
vt 1.593193 0.961253
vt 1.538917 0.835532
vt 1.593193 0.835532
vt 1.593193 0.894357
vt 1.538917 0.894357
vt 1.538917 0.828741
vt 1.593193 0.828741
vt 1.866551 0.708935
vt 1.920827 0.708936
vt 1.920827 0.719050
vt 1.866551 0.719050
vt 1.866551 0.698579
vt 1.920827 0.698579
vt 1.937555 0.132834
vt 1.937555 0.078557
vt 1.957566 0.078557
vt 1.957566 0.132834
vt 1.917434 0.132834
vt 1.917434 0.078557
vt 1.904804 0.132834
vt 1.904804 0.078557
vt 1.872593 0.132834
vt 1.872593 0.078557
vt 1.851998 0.132834
vt 1.851998 0.078557
vt 1.830447 0.132834
vt 1.830447 0.078557
vt 1.817721 0.132834
vt 1.817721 0.078557
vt 1.729300 0.132834
vt 1.729300 0.078557
vt 1.705783 0.132834
vt 1.705783 0.078557
vt 1.681655 0.132834
vt 1.681655 0.078557
vt 1.674068 0.132834
vt 1.674068 0.078557
vt 1.518084 0.078557
vt 1.589134 0.078557
vt 1.589134 0.132834
vt 1.518084 0.132834
vt 1.501236 0.132834
vt 1.501236 0.078557
vt 1.472531 0.078557
vt 1.483974 0.078557
vt 1.483974 0.132834
vt 1.472531 0.132834
vt 1.463964 0.078557
vt 1.463964 0.132834
vt 1.445274 0.078557
vt 1.445274 0.132834
vt 1.425347 0.756718
vt 1.425347 0.746361
vt 1.479623 0.746361
vt 1.479623 0.756718
vt 1.425347 0.766832
vt 1.479623 0.766832
vt 1.479623 0.740226
vt 1.425347 0.740226
vt 1.425347 0.721536
vt 1.479623 0.721536
vt 1.752981 0.741134
vt 1.752981 0.734343
vt 1.807257 0.734343
vt 1.807257 0.741133
vt 1.752981 0.799959
vt 1.807257 0.799959
vt 1.752981 0.888433
vt 1.752981 0.866855
vt 1.807257 0.866855
vt 1.807257 0.888433
vt 1.752981 0.902277
vt 1.807257 0.902277
vt 0.704322 -0.396479
vt 0.790958 -0.396479
vt 0.790958 -0.328313
vt 0.704322 -0.328313
vt 0.824322 -0.185680
vt 0.796939 -0.185680
vt 0.796939 -0.253846
vt 0.824322 -0.253846
vt 0.698341 -0.253846
vt 0.698341 -0.185680
vt 0.611705 -0.185680
vt 0.611705 -0.253846
vt 0.625070 0.149621
vt 0.625070 0.130185
vt 0.679913 0.130185
vt 0.679913 0.149621
vt 0.625070 0.159098
vt 0.679913 0.159098
vt 0.625070 0.166642
vt 0.679913 0.166642
vt 0.528187 0.651688
vt 0.582995 0.651688
vt 0.582995 0.671669
vt 0.528187 0.671669
vt 0.502402 0.731613
vt 0.572552 0.731613
vt 0.572552 0.751595
vt 0.502402 0.751595
vt 0.502813 0.671669
vt 0.557621 0.671669
vt 0.557621 0.691651
vt 0.502813 0.691651
vt 0.502813 0.711632
vt 0.572964 0.711632
vt 0.572963 0.731613
vt 0.502813 0.731613
vt 0.502813 0.671669
vt 0.582995 0.671669
vt 0.582995 0.691651
vt 0.134340 0.111181
vt 0.189182 0.111181
vt 0.189182 0.131162
vt 0.134340 0.131162
vt 0.557621 0.711632
vt 0.502813 0.711632
vt 0.321110 0.101682
vt 0.375918 0.101682
vt 0.375918 0.121663
vt 0.321110 0.121663
vt 0.295736 0.101682
vt 0.295736 0.121663
vt 0.582995 0.711632
vt 0.355914 0.176321
vt 0.410757 0.176321
vt 0.410757 0.196303
vt 0.355914 0.196302
vt 1.274994 0.893844
vt 1.274994 0.883730
vt 1.343457 0.883730
vt 1.343457 0.893844
vt 1.274995 0.911627
vt 1.274994 0.901270
vt 1.343457 0.901270
vt 1.343457 0.911626
vt 0.342549 0.150101
vt 0.342549 0.169538
vt 0.342549 0.179014
vt 0.342549 0.186559
vt 0.342549 0.241366
vt 0.342549 0.266740
vt 0.654068 0.382718
vt 0.581295 0.382718
vt 0.564039 0.382718
vt 0.479935 0.176321
vt 0.479935 0.196302
vt 0.566409 0.080182
vt 0.566409 0.054808
vt 0.566409 0.000000
vt 0.065162 0.111181
vt 0.065162 0.131162
vt 1.118734 0.490041
vt 1.177559 0.490041
vt 1.177559 0.558504
vt 1.118734 0.558504
vt 1.343457 0.918811
vt 1.343457 0.937501
vt 1.274994 0.937501
vt 1.274994 0.918811
vt 1.752981 0.725864
vt 1.807257 0.725864
vt 1.817208 0.725864
vt 1.863867 0.725865
vt 1.933292 0.725864
vt 1.998725 0.725864
vt 1.199463 0.517184
vt 1.208030 0.517184
vt 1.219474 0.517184
vt 1.236735 0.517184
vt 1.253583 0.517184
vt 1.324633 0.517184
vt 1.409568 0.517184
vt 1.417154 0.517184
vt 1.441282 0.517184
vt 1.413323 0.027042
vt 1.413323 0.137176
vt 1.181551 0.334636
vt 1.205068 0.334636
vt 1.293489 0.334636
vt 1.306215 0.334636
vt 1.327765 0.334636
vt 1.348361 0.334636
vt 1.380571 0.334636
vt 1.393201 0.334636
vt 1.413322 0.334636
vt 1.232919 0.110793
vt 1.232919 0.000659
vt 1.232919 0.128329
vt 1.413323 0.143311
vt 1.413323 0.163322
vt 1.232919 0.152868
vt 1.232919 0.135332
vt 1.347449 0.820263
vt 1.412882 0.820263
vt 1.482307 0.820263
vt 1.528967 0.820263
vt 1.538917 0.820263
vt 1.593194 0.820263
vt 1.661656 0.820263
vt 1.671091 0.820263
vt 1.675083 0.725864
vt 1.684518 0.725864
vt 1.195472 0.688834
vt 1.195472 0.712628
vt 1.021574 0.160668
vt 1.092624 0.160668
vt 1.421355 0.743811
vt 1.421355 0.720018
vt 1.051837 0.558504
vt 1.051837 0.490041
vt 1.136647 0.566050
vt 1.195472 0.566050
vt 1.195472 0.577270
vt 1.136647 0.577270
vt 1.274995 0.944147
vt 1.343457 0.944147
vt 1.343457 0.955367
vt 1.274994 0.955367
vt 1.069750 0.583591
vt 1.128575 0.583591
vt 1.128575 0.594811
vt 1.069750 0.594811
vt 1.274994 0.961688
vt 1.343457 0.961688
vt 1.343457 0.972907
vt 1.274995 0.972907
vt 1.069751 0.566050
vt 1.069751 0.577270
vt 1.195472 0.583591
vt 1.195472 0.594811
vt 1.103006 0.716574
vt 1.103006 0.726931
vt 1.075046 0.726931
vt 1.075046 0.716574
vt 1.417314 0.078557
vt 1.417314 0.010094
vt 1.103006 0.700082
vt 1.103006 0.710439
vt 1.075046 0.710439
vt 1.075046 0.700082
vt 1.271003 0.996675
vt 1.202540 0.996675
vt 1.202540 0.968716
vt 1.271003 0.968716
vt 1.047846 0.551661
vt 1.047846 0.561776
vt 1.032515 0.561776
vt 1.032515 0.551661
vt 1.271003 0.962580
vt 1.202540 0.962580
vt 1.202540 0.947249
vt 1.271003 0.947249
vt 1.047846 0.535411
vt 1.047846 0.545526
vt 1.032515 0.545526
vt 1.032515 0.535411
vt 1.271003 0.941114
vt 1.202540 0.941114
vt 1.202540 0.925782
vt 1.271003 0.925782
vt 1.047069 0.592352
vt 1.065759 0.592352
vt 1.065759 0.600893
vt 1.047069 0.600893
vt 1.202540 0.911106
vt 1.271003 0.911106
vt 1.271003 0.919647
vt 1.202540 0.919647
vt 1.065759 0.586217
vt 1.047069 0.586217
vt 1.047069 0.577675
vt 1.065759 0.577675
vt 1.202540 0.896429
vt 1.271003 0.896429
vt 1.271003 0.904970
vt 1.202540 0.904970
vt 0.783262 0.684547
vt 0.863423 0.684547
vt 0.863423 0.821053
vt 0.783262 0.821053
vt 0.863423 0.680735
vt 0.783262 0.680735
vt 0.959250 0.684547
vt 0.967809 0.684547
vt 0.967809 0.821053
vt 0.959250 0.821053
vt 0.967809 0.680735
vt 0.959250 0.680735
vt 0.731868 0.684547
vt 0.744779 0.684547
vt 0.744779 0.821053
vt 0.731868 0.821053
vt 0.744779 0.680735
vt 0.731868 0.680735
vt 0.601074 0.832347
vt 0.601075 0.798041
vt 0.712582 0.741653
vt 0.712582 0.762858
vt 0.764254 0.684547
vt 0.764254 0.821053
vt 0.764254 0.680735
vt 0.995031 0.684547
vt 0.995031 0.821053
vt 0.712582 0.704909
vt 0.712582 0.739215
vt 0.601074 0.669726
vt 0.601074 0.648521
vt 0.995031 0.680735
vt 1.853492 0.583429
vt 1.853492 0.597273
vt 1.782126 0.597273
vt 1.782126 0.583429
vt 1.853492 0.561851
vt 1.782126 0.561851
vt 1.853492 0.494954
vt 1.782126 0.494954
vt 1.853492 0.436129
vt 1.782126 0.436129
vt 1.853492 0.429339
vt 1.782126 0.429339
vt 1.853492 0.420860
vt 1.782126 0.420860
vt 1.853492 0.410746
vt 1.782126 0.410746
vt 1.853492 0.400389
vt 1.782126 0.400389
vt 1.590507 0.010094
vt 1.590507 0.000659
vt 1.661873 0.000659
vt 1.661873 0.010094
vt 1.590507 0.078557
vt 1.661873 0.078557
vt 1.590507 0.132834
vt 1.661873 0.132834
vt 1.590507 0.189443
vt 1.590507 0.142784
vt 1.661873 0.142784
vt 1.661873 0.189443
vt 1.590507 0.258869
vt 1.661873 0.258869
vt 1.590507 0.324302
vt 1.661873 0.324302
vt 1.590507 0.361965
vt 1.661873 0.361965
vt 1.631667 0.636824
vt 1.631667 0.626468
vt 1.703033 0.626468
vt 1.703033 0.636824
vt 1.631667 0.646939
vt 1.703033 0.646939
vt 1.703033 0.691416
vt 1.631667 0.691416
vt 1.631667 0.653753
vt 1.703033 0.653753
vt 1.326006 0.525663
vt 1.326006 0.517184
vt 1.397372 0.517184
vt 1.397372 0.525663
vt 1.326006 0.532453
vt 1.397372 0.532453
vt 1.326006 0.591278
vt 1.397372 0.591278
vt 1.093998 0.279961
vt 1.093997 0.256167
vt 1.165364 0.256167
vt 1.165364 0.279961
vt 1.165364 0.227565
vt 1.093998 0.227565
vt 1.093997 0.160668
vt 1.165364 0.160668
vt 1.093998 0.249143
vt 1.165364 0.249143
vt 1.165364 0.311144
vt 1.093998 0.311144
vt 1.093998 0.287350
vt 1.165364 0.287350
vt 1.326006 0.693597
vt 1.326006 0.679753
vt 1.397372 0.679753
vt 1.397372 0.693597
vt 0.864973 0.821053
vt 0.864973 0.684547
vt 0.945491 0.684547
vt 0.945491 0.821053
vt 0.864973 0.595669
vt 0.864973 0.569710
vt 0.945491 0.569710
vt 0.945491 0.595669
vt 0.945490 0.680735
vt 0.864973 0.680735
vt 0.152926 0.039352
vt 0.152926 0.019916
vt 0.225037 0.019916
vt 0.225037 0.039352
vt 0.851027 0.304221
vt 0.851027 0.292692
vt 0.923138 0.292692
vt 0.923138 0.304221
vt 0.144270 0.048829
vt 0.144270 0.039352
vt 0.216382 0.039352
vt 0.216382 0.048829
vt 0.923138 0.315750
vt 0.851027 0.315750
vt 0.851027 0.304221
vt 0.152926 0.056373
vt 0.152926 0.048829
vt 0.225037 0.048829
vt 0.225037 0.056373
vt 0.152926 0.111181
vt 0.225037 0.111181
vt 0.822023 0.276531
vt 0.822023 0.260370
vt 0.894134 0.260370
vt 0.894134 0.276531
vt 0.656612 0.105556
vt 0.656612 0.080182
vt 0.728722 0.080182
vt 0.728722 0.105556
vt 0.894134 0.292691
vt 0.822023 0.292691
vt 0.152926 0.150101
vt 0.152926 0.136555
vt 0.225037 0.136555
vt 0.225037 0.150101
vt 0.154094 0.873820
vt 0.154094 0.852299
vt 0.226204 0.852299
vt 0.226204 0.873820
vt 0.154094 0.894134
vt 0.226204 0.894134
vt 0.321059 0.393914
vt 0.393170 0.393914
vt 0.393170 0.416151
vt 0.321059 0.416150
vt 0.202556 0.810464
vt 0.130445 0.810464
vt 0.130445 0.790150
vt 0.202556 0.790150
vt 0.199974 0.436909
vt 0.127864 0.436909
vt 0.127864 0.416151
vt 0.199975 0.416151
vt 0.127864 0.503025
vt 0.199974 0.503025
vt 0.127864 0.573175
vt 0.199974 0.573175
vt 0.127864 0.620321
vt 0.199974 0.620321
vt 0.259301 0.976990
vt 0.259301 0.894135
vt 0.331354 0.894135
vt 0.331354 0.976990
vt 0.655475 0.314474
vt 0.655475 0.260370
vt 0.728571 0.260370
vt 0.728571 0.314474
vt 0.655475 0.382718
vt 0.728571 0.382718
vt 0.488363 0.894135
vt 0.562457 0.894135
vt 0.562457 0.976990
vt 0.488363 0.976990
vt 0.417971 0.150101
vt 0.417971 0.176321
vt 0.345860 0.176321
vt 0.345860 0.150101
vt 0.872135 0.546336
vt 0.872135 0.566650
vt 0.800025 0.566650
vt 0.800025 0.546336
vt 0.393170 0.000000
vt 0.393170 0.019916
vt 0.321059 0.019916
vt 0.321059 0.000000
vt 0.225743 0.830778
vt 0.153632 0.830778
vt 0.153632 0.810464
vt 0.225743 0.810464
vt 0.153632 0.852299
vt 0.225743 0.852299
vt 0.872136 0.532790
vt 0.872136 0.546336
vt 0.800026 0.546336
vt 0.800026 0.532790
vt 0.872136 0.507416
vt 0.800026 0.507416
vt 0.872136 0.452608
vt 0.800026 0.452608
vt 0.872136 0.445064
vt 0.800026 0.445064
vt 0.872136 0.435587
vt 0.800026 0.435587
vt 0.872136 0.416151
vt 0.800026 0.416151
vt 0.546359 0.314474
vt 0.546359 0.382718
vt 0.199974 0.790150
vt 0.199975 0.763929
vt 1.177559 0.256167
vt 1.177559 0.279961
vt 1.177559 0.227565
vt 1.177559 0.160668
vt 1.177559 0.249143
vt 1.177559 0.311144
vt 1.177559 0.287350
vt 0.935461 0.292692
vt 0.935461 0.304221
vt 0.228705 0.039352
vt 0.228705 0.048829
vt 0.935461 0.315750
vt 0.935461 0.304221
vt 0.343667 0.894135
vt 0.343667 0.976990
vt 0.199236 0.111181
vt 0.199236 0.131162
vt 0.700483 0.000000
vt 0.700483 0.054808
vt 0.700483 0.080182
vt 0.345860 0.176321
vt 0.345860 0.196302
vt 0.403333 0.989398
vt 0.352910 0.989398
vt 0.466936 0.989398
vt 0.463798 -0.590850
vt 0.493333 -0.590850
vt 0.493333 -0.581705
vt 0.472943 -0.581705
vt 0.493333 -0.498201
vt 0.463798 -0.498201
vt 0.472943 -0.507347
vt 0.493333 -0.507347
vt 0.713748 -0.590850
vt 0.729609 -0.590850
vt 0.729609 -0.581705
vt 0.713748 -0.581705
vt 0.729609 -0.498201
vt 0.713748 -0.498201
vt 0.713748 -0.507347
vt 0.729609 -0.507347
vt 0.745734 -0.581705
vt 0.745734 -0.507347
vt 0.620363 -0.590850
vt 0.647429 -0.590850
vt 0.647429 -0.581705
vt 0.620363 -0.581705
vt 0.647429 -0.498201
vt 0.620363 -0.498201
vt 0.620363 -0.507347
vt 0.647429 -0.507347
vt 0.604381 -0.590850
vt 0.604381 -0.581705
vt 0.604381 -0.498201
vt 0.604381 -0.507347
vt 0.673295 -0.590850
vt 0.673295 -0.581705
vt 0.673295 -0.498201
vt 0.673295 -0.507347
vt 0.605724 -0.232764
vt 0.605724 -0.203228
vt 0.596578 -0.212374
vt 0.596578 -0.232764
vt 0.467407 -0.203228
vt 0.476552 -0.212374
vt 1.068251 0.686665
vt 1.091769 0.686665
vt 1.091769 0.693947
vt 1.075533 0.693947
vt 0.605724 -0.469040
vt 0.605724 -0.453179
vt 0.596578 -0.453179
vt 0.596578 -0.469040
vt 0.467407 -0.453179
vt 0.467407 -0.469040
vt 0.476552 -0.469040
vt 0.476552 -0.453179
vt 0.605724 -0.494311
vt 0.596578 -0.485165
vt 0.467407 -0.494311
vt 0.476552 -0.485165
vt 0.605724 -0.386859
vt 0.605724 -0.359794
vt 0.596578 -0.359794
vt 0.596578 -0.386859
vt 0.467407 -0.359794
vt 0.467407 -0.386859
vt 0.476552 -0.386859
vt 0.476552 -0.359794
vt 0.605724 -0.343812
vt 0.596578 -0.343812
vt 0.467407 -0.343812
vt 0.476552 -0.343812
vt 0.467407 -0.232764
vt 0.476552 -0.232764
vt 0.605724 -0.412726
vt 0.596578 -0.412726
vt 0.467407 -0.412726
vt 0.476552 -0.412726
vt 0.250523 -0.221519
vt 0.250523 -0.241909
vt 0.255081 -0.241909
vt 0.255081 -0.221519
vt 1.212350 0.182851
vt 1.196114 0.182851
vt 1.196114 0.179222
vt 1.212350 0.179222
vt 0.250523 -0.462324
vt 0.250523 -0.478186
vt 0.255081 -0.478186
vt 0.255081 -0.462324
vt 1.400483 0.182851
vt 1.387854 0.182851
vt 1.387854 0.179222
vt 1.400483 0.179222
vt 0.250523 -0.494310
vt 0.255081 -0.494310
vt 0.086367 -0.419952
vt 0.086367 -0.494310
vt 0.090925 -0.494310
vt 0.090925 -0.419952
vt 1.413322 0.182851
vt 1.413322 0.179222
vt 0.250523 -0.368939
vt 0.250523 -0.396005
vt 0.255081 -0.396005
vt 0.255081 -0.368939
vt 1.335047 0.182851
vt 1.313497 0.182851
vt 1.313497 0.179222
vt 1.335047 0.179222
vt 0.250523 -0.352957
vt 0.255081 -0.352957
vt 1.300771 0.182851
vt 1.300771 0.179222
vt 0.250523 -0.421871
vt 0.255081 -0.421871
vt 1.355643 0.182851
vt 1.355643 0.179222
vt 1.212350 0.173087
vt 1.196114 0.173087
vt 1.196114 0.169457
vt 1.212350 0.169457
vt 0.229446 -0.374284
vt 0.229446 -0.494310
vt 0.234003 -0.494310
vt 0.234003 -0.374284
vt 1.049524 0.567911
vt 1.065759 0.567911
vt 1.065759 0.571540
vt 1.049524 0.571540
vt 1.400483 0.173087
vt 1.387854 0.173087
vt 1.387854 0.169457
vt 1.400483 0.169457
vt 0.239984 -0.462324
vt 0.239984 -0.478186
vt 0.244542 -0.478186
vt 0.244542 -0.462324
vt 1.413322 0.173087
vt 1.413322 0.169457
vt 0.239984 -0.494310
vt 0.244542 -0.494310
vt 0.218907 -0.374284
vt 0.218907 -0.494310
vt 0.223465 -0.494310
vt 0.223465 -0.374284
vt 1.335047 0.173087
vt 1.313497 0.173087
vt 1.313497 0.169457
vt 1.335047 0.169457
vt 0.239984 -0.368939
vt 0.239984 -0.396005
vt 0.244542 -0.396005
vt 0.244542 -0.368939
vt 1.300771 0.173087
vt 1.300771 0.169457
vt 0.239984 -0.352957
vt 0.244542 -0.352957
vt 0.239984 -0.241909
vt 0.244542 -0.241909
vt 1.355643 0.173087
vt 1.355643 0.169457
vt 0.239984 -0.421871
vt 0.244542 -0.421871
vt 0.341835 -0.676696
vt 0.341835 -0.735295
vt 0.729770 0.391333
vt 0.682624 0.391333
vt 0.682624 0.382718
vt 0.729770 0.382718
vt 0.612475 0.391333
vt 0.546359 0.391333
vt 0.546359 0.382718
vt 0.612475 0.382718
vt 0.683048 0.114170
vt 0.657674 0.114170
vt 0.657674 0.105556
vt 0.683048 0.105556
vt 0.602867 0.114170
vt 0.602866 0.105555
vt 0.595322 0.114170
vt 0.595322 0.105556
vt 0.585846 0.114170
vt 0.585845 0.105556
vt 0.341835 -0.822486
vt 0.341835 -0.904664
vt 0.566409 0.114170
vt 0.566409 0.105556
vt 0.794667 0.391333
vt 0.739824 0.391333
vt 0.739824 0.382718
vt 0.794667 0.382718
vt 0.341835 -0.596033
vt 0.341835 -0.664199
vt 0.341835 -0.510051
vt 0.412374 0.130278
vt 0.392937 0.130278
vt 0.392937 0.121663
vt 0.412374 0.121663
vt 0.383461 0.130278
vt 0.383461 0.121663
vt 0.375917 0.130278
vt 0.375917 0.121663
vt 0.321110 0.130278
vt 0.321110 0.121663
vt 0.295736 0.130278
vt 0.295736 0.121663
vt 0.863844 0.391333
vt 0.863844 0.382718
vt 0.780011 -0.985463
vt 0.780011 -0.997312
vt 0.783060 -0.994264
vt 0.783060 -0.985463
vt 0.884355 -0.997312
vt 0.881307 -0.994264
vt 0.884355 -0.985463
vt 0.881307 -0.985463
vt 0.884355 -0.590850
vt 0.884355 -0.498201
vt 0.881307 -0.501250
vt 0.881307 -0.590850
vt 0.783060 -0.501250
vt 0.783060 -0.590850
vt 0.780011 -0.760219
vt 0.780011 -0.818818
vt 0.783060 -0.818818
vt 0.783060 -0.760219
vt 0.884355 -0.818818
vt 0.884355 -0.760219
vt 0.881307 -0.760219
vt 0.881307 -0.818818
vt 0.780011 -0.673027
vt 0.783060 -0.673027
vt 0.884355 -0.673027
vt 0.881307 -0.673027
vt 0.780011 -0.831315
vt 0.780011 -0.899481
vt 0.783060 -0.899481
vt 0.783060 -0.831315
vt 0.884355 -0.899481
vt 0.884355 -0.831315
vt 0.881307 -0.831315
vt 0.881307 -0.899481
vt 0.863667 -0.485510
vt 0.863667 -0.494311
vt 0.868641 -0.494311
vt 0.868641 -0.485510
vt 0.174588 -0.396064
vt 0.174588 -0.494310
vt 0.179562 -0.494310
vt 0.179562 -0.396064
vt 0.168608 -0.494310
vt 0.168608 -0.396064
vt 0.163634 -0.396064
vt 0.863667 -0.001296
vt 0.863667 -0.090897
vt 0.868641 -0.090897
vt 0.868641 -0.001296
vt 0.863667 -0.260265
vt 0.863667 -0.318865
vt 0.868641 -0.318865
vt 0.868641 -0.260265
vt 0.863667 -0.173074
vt 0.868641 -0.173074
vt 0.863667 -0.331361
vt 0.863667 -0.399527
vt 0.868641 -0.399527
vt 0.868641 -0.331361
vt 1.998725 0.000659
vt 1.998726 0.010094
vt 1.445274 0.410746
vt 1.445274 0.400389
vt 1.445274 0.420860
vt 1.347449 0.772967
vt 1.356884 0.772967
vt 1.356884 0.814127
vt 1.347449 0.814127
vt 1.489573 0.772967
vt 1.536233 0.772967
vt 1.536233 0.814127
vt 1.489573 0.814127
vt 1.998725 0.142784
vt 1.998725 0.189443
vt 1.605658 0.772967
vt 1.671091 0.772967
vt 1.671091 0.814127
vt 1.605658 0.814127
vt 1.223949 0.866623
vt 1.223949 0.856509
vt 1.265109 0.856509
vt 1.265109 0.866623
vt 1.998725 0.258869
vt 1.998725 0.324302
vt 1.223949 0.846152
vt 1.265109 0.846152
vt 1.425347 0.772967
vt 1.479623 0.772967
vt 1.479623 0.814127
vt 1.425347 0.814127
vt 1.998725 0.078557
vt 1.998725 0.132834
vt 0.969409 -0.021970
vt 0.947374 -0.021970
vt 0.972869 -0.001296
vt 0.874622 -0.001296
vt 0.947374 -0.008582
vt 0.969409 -0.008582
s 1
usemtl lambert1
f 1/1/1 339/1/1 340/1/2 35/1/3
f 29/1/4 348/1/4 349/1/4 65/1/4
f 36/1/5 324/1/6 325/1/7 7/1/7
f 53/1/8 335/1/8 336/1/8 48/1/8
f 2/1/9 58/1/9 59/1/9 39/1/9
f 50/1/10 1/1/10 35/1/11 49/1/12
f 57/1/13 58/1/13 2/1/13 10/1/13
f 40/1/14 10/1/15 2/1/16 39/1/17
f 64/1/4 30/1/4 33/1/4 63/1/4
f 9/1/18 37/1/19 38/1/20 8/1/21
f 7/1/22 325/1/22 326/1/22 13/1/22
f 57/1/9 10/1/9 15/1/9 56/1/9
f 339/1/23 1/1/23 16/1/23 338/1/23
f 1/1/24 50/1/24 51/1/24 16/1/24
f 3/1/23 345/1/23 346/1/23 17/1/23
f 359/1/22 5/1/22 20/1/22 358/1/22
f 68/1/24 3/1/24 17/1/24 67/1/24
f 11/1/23 4/1/23 21/1/23 18/1/23
f 4/1/9 60/1/9 61/1/9 21/1/9
f 6/1/22 12/1/22 19/1/22 22/1/22
f 17/1/8 346/1/8 347/1/8 23/1/8
f 358/1/8 20/1/8 26/1/8 357/1/8
f 67/1/8 17/1/8 23/1/8 66/1/8
f 18/1/8 21/1/8 27/1/8 24/1/8
f 21/1/8 61/1/8 62/1/8 27/1/8
f 22/1/8 19/1/8 25/1/8 28/1/8
f 23/1/23 347/1/23 348/1/23 29/1/23
f 357/1/22 26/1/22 32/1/22 356/1/22
f 66/1/24 23/1/24 29/1/24 65/1/24
f 24/1/23 27/1/23 33/1/23 30/1/23
f 27/1/9 62/1/9 63/1/9 33/1/9
f 28/1/22 25/1/22 31/1/22 34/1/22
f 224/1/24 90/1/24 91/1/24 223/1/24
f 213/1/22 322/1/22 323/1/22 98/1/22
f 96/1/22 97/1/22 214/1/22 215/1/22
f 93/1/9 94/1/9 220/1/9 221/1/9
f 222/1/23 92/1/23 93/1/23 221/1/23
f 91/1/23 341/1/23 342/1/23 223/1/23
f 13/1/25 326/1/25 327/1/25 41/1/25
f 56/1/26 15/1/26 43/1/26 55/1/26
f 338/1/27 16/1/27 44/1/27 337/1/27
f 16/1/28 51/1/28 52/1/28 44/1/28
f 41/1/22 327/1/22 328/1/22 45/1/22
f 55/1/9 43/1/9 47/1/9 54/1/9
f 337/1/23 44/1/23 48/1/23 336/1/23
f 44/1/24 52/1/24 53/1/24 48/1/24
f 70/1/10 173/1/10 174/1/29 69/1/30
f 172/1/24 173/1/24 70/1/24 71/1/24
f 171/1/28 172/1/28 71/1/28 72/1/28
f 170/1/24 171/1/24 72/1/24 73/1/24
f 73/1/8 329/1/8 330/1/8 170/1/8
f 75/1/9 168/1/9 169/1/9 74/1/9
f 76/1/26 167/1/26 168/1/26 75/1/26
f 77/1/9 166/1/9 167/1/9 76/1/9
f 77/1/13 78/1/13 165/1/13 166/1/13
f 164/1/9 165/1/9 78/1/9 79/1/9
f 217/1/9 163/1/9 95/1/9 216/1/9
f 161/1/9 162/1/9 80/1/9 81/1/9
f 160/1/8 161/1/8 81/1/8 82/1/8
f 159/1/9 160/1/9 82/1/9 83/1/9
f 84/1/4 158/1/4 159/1/4 83/1/4
f 157/1/4 354/1/4 355/1/4 85/1/4
f 86/1/24 156/1/24 157/1/24 85/1/24
f 87/1/8 155/1/8 156/1/8 86/1/8
f 88/1/24 154/1/24 155/1/24 87/1/24
f 211/1/24 100/1/24 152/1/24 210/1/24
f 7/1/10 70/1/10 69/1/30 36/1/11
f 71/1/24 70/1/24 7/1/24 13/1/24
f 72/1/28 71/1/28 13/1/28 41/1/28
f 73/1/24 72/1/24 41/1/24 45/1/24
f 45/1/8 328/1/8 329/1/8 73/1/8
f 42/1/9 75/1/9 74/1/9 46/1/9
f 14/1/26 76/1/26 75/1/26 42/1/26
f 9/1/9 77/1/9 76/1/9 14/1/9
f 9/1/13 8/1/13 78/1/13 77/1/13
f 79/1/9 78/1/9 8/1/9 38/1/9
f 216/1/9 95/1/9 96/1/9 215/1/9
f 81/1/9 80/1/9 6/1/9 22/1/9
f 82/1/8 81/1/8 22/1/8 28/1/8
f 83/1/9 82/1/9 28/1/9 34/1/9
f 31/1/4 84/1/4 83/1/4 34/1/4
f 85/1/4 355/1/4 356/1/4 32/1/4
f 26/1/24 86/1/24 85/1/24 32/1/24
f 20/1/8 87/1/8 86/1/8 26/1/8
f 5/1/24 88/1/24 87/1/24 20/1/24
f 98/1/24 89/1/24 212/1/24 213/1/24
f 89/1/24 69/1/30 174/1/29 151/1/24
f 91/1/24 90/1/24 49/1/12 35/1/11
f 35/1/3 340/1/2 341/1/23 91/1/23
f 93/1/23 92/1/23 40/1/14 39/1/17
f 39/1/9 59/1/9 94/1/9 93/1/9
f 95/1/9 163/1/9 164/1/9 79/1/9
f 96/1/9 95/1/9 79/1/9 38/1/9
f 38/1/20 37/1/19 97/1/22 96/1/22
f 98/1/22 323/1/22 324/1/6 36/1/5
f 36/1/11 69/1/30 89/1/24 98/1/24
f 212/1/23 89/1/23 100/1/23 211/1/23
f 89/1/4 151/1/4 152/1/4 100/1/4
f 90/1/22 224/1/22 225/1/22 101/1/22
f 154/1/8 88/1/8 99/1/8 153/1/8
f 260/1/24 261/1/24 128/1/24 226/1/24
f 130/1/8 286/1/8 287/1/8 129/1/8
f 285/1/24 286/1/24 130/1/24 131/1/24
f 284/1/8 285/1/8 131/1/8 132/1/8
f 283/1/24 284/1/24 132/1/24 133/1/24
f 133/1/4 350/1/4 351/1/4 283/1/4
f 281/1/4 282/1/4 134/1/4 135/1/4
f 135/1/9 136/1/9 280/1/9 281/1/9
f 136/1/8 137/1/8 279/1/8 280/1/8
f 137/1/9 138/1/9 278/1/9 279/1/9
f 219/1/9 139/1/9 274/1/9 275/1/9
f 273/1/9 274/1/9 139/1/9 140/1/9
f 140/1/9 141/1/9 272/1/9 273/1/9
f 271/1/13 272/1/13 141/1/13 142/1/13
f 270/1/9 271/1/9 142/1/9 143/1/9
f 269/1/26 270/1/26 143/1/26 144/1/26
f 268/1/9 269/1/9 144/1/9 145/1/9
f 267/1/8 333/1/8 334/1/8 146/1/8
f 146/1/24 147/1/24 266/1/24 267/1/24
f 147/1/28 148/1/28 265/1/28 266/1/28
f 148/1/24 149/1/24 264/1/24 265/1/24
f 263/1/31 264/1/10 149/1/10 150/1/32
f 262/1/24 263/1/31 150/1/32 127/1/24
f 261/1/4 262/1/4 127/1/4 128/1/4
f 128/1/4 127/1/4 90/1/4 101/1/4
f 226/1/24 128/1/24 101/1/24 225/1/24
f 68/1/8 130/1/8 129/1/8 102/1/8
f 131/1/24 130/1/24 68/1/24 67/1/24
f 132/1/8 131/1/8 67/1/8 66/1/8
f 133/1/24 132/1/24 66/1/24 65/1/24
f 65/1/4 349/1/4 350/1/4 133/1/4
f 135/1/4 134/1/4 64/1/4 63/1/4
f 63/1/9 62/1/9 136/1/9 135/1/9
f 62/1/8 61/1/8 137/1/8 136/1/8
f 61/1/9 60/1/9 138/1/9 137/1/9
f 220/1/9 94/1/9 139/1/9 219/1/9
f 140/1/9 139/1/9 94/1/9 59/1/9
f 59/1/9 58/1/9 141/1/9 140/1/9
f 142/1/13 141/1/13 58/1/13 57/1/13
f 143/1/9 142/1/9 57/1/9 56/1/9
f 144/1/26 143/1/26 56/1/26 55/1/26
f 145/1/9 144/1/9 55/1/9 54/1/9
f 146/1/8 334/1/8 335/1/8 53/1/8
f 53/1/24 52/1/24 147/1/24 146/1/24
f 52/1/28 51/1/28 148/1/28 147/1/28
f 51/1/24 50/1/24 149/1/24 148/1/24
f 150/1/32 149/1/10 50/1/10 49/1/12
f 127/1/24 150/1/32 49/1/12 90/1/24
f 232/1/4 126/1/4 103/1/4 231/1/4
f 227/1/24 230/1/24 231/1/24 103/1/24
f 105/1/8 256/1/8 257/1/8 104/1/8
f 255/1/24 256/1/24 105/1/24 106/1/24
f 254/1/8 255/1/8 106/1/8 107/1/8
f 253/1/24 254/1/24 107/1/24 108/1/24
f 108/1/4 352/1/4 353/1/4 253/1/4
f 251/1/4 252/1/4 109/1/4 110/1/4
f 110/1/9 111/1/9 250/1/9 251/1/9
f 111/1/8 112/1/8 249/1/8 250/1/8
f 112/1/9 113/1/9 248/1/9 249/1/9
f 218/1/9 114/1/9 244/1/9 245/1/9
f 243/1/9 244/1/9 114/1/9 115/1/9
f 115/1/9 116/1/9 242/1/9 243/1/9
f 241/1/13 242/1/13 116/1/13 117/1/13
f 240/1/9 241/1/9 117/1/9 118/1/9
f 239/1/26 240/1/26 118/1/26 119/1/26
f 238/1/9 239/1/9 119/1/9 120/1/9
f 237/1/8 331/1/8 332/1/8 121/1/8
f 121/1/24 122/1/24 236/1/24 237/1/24
f 122/1/28 123/1/28 235/1/28 236/1/28
f 123/1/24 124/1/24 234/1/24 235/1/24
f 233/1/31 234/1/10 124/1/10 125/1/33
f 232/1/24 233/1/31 125/1/33 126/1/24
f 193/1/24 176/1/24 175/1/24 192/1/24
f 194/1/23 177/1/23 176/1/23 193/1/23
f 178/1/24 177/1/24 194/1/24 195/1/24
f 195/1/22 360/1/22 321/1/22 178/1/22
f 180/1/22 179/1/22 196/1/22 197/1/22
f 198/1/9 181/1/9 180/1/9 197/1/9
f 199/1/9 182/1/9 181/1/9 198/1/9
f 200/1/9 183/1/9 246/1/9 247/1/9
f 201/1/9 184/1/9 276/1/9 277/1/9
f 202/1/9 185/1/9 184/1/9 201/1/9
f 186/1/9 185/1/9 202/1/9 203/1/9
f 204/1/23 187/1/23 186/1/23 203/1/23
f 188/1/23 343/1/23 344/1/23 205/1/23
f 206/1/24 189/1/24 188/1/24 205/1/24
f 190/1/22 189/1/22 206/1/22 207/1/22
f 208/1/24 191/1/24 190/1/24 207/1/24
f 258/1/24 259/1/24 191/1/24 208/1/24
f 312/1/24 313/1/24 314/1/24 315/1/24
f 99/1/24 193/1/24 192/1/24 153/1/24
f 88/1/23 194/1/23 193/1/23 99/1/23
f 195/1/24 194/1/24 88/1/24 5/1/24
f 5/1/22 359/1/22 360/1/22 195/1/22
f 197/1/22 196/1/22 12/1/22 6/1/22
f 80/1/9 198/1/9 197/1/9 6/1/9
f 162/1/9 199/1/9 198/1/9 80/1/9
f 113/1/9 200/1/9 247/1/9 248/1/9
f 138/1/9 201/1/9 277/1/9 278/1/9
f 60/1/9 202/1/9 201/1/9 138/1/9
f 203/1/9 202/1/9 60/1/9 4/1/9
f 11/1/23 204/1/23 203/1/23 4/1/23
f 205/1/23 344/1/23 345/1/23 3/1/23
f 68/1/24 206/1/24 205/1/24 3/1/24
f 207/1/22 206/1/22 68/1/22 102/1/22
f 129/1/24 208/1/24 207/1/24 102/1/24
f 287/1/24 258/1/24 208/1/24 129/1/24
f 257/1/24 228/1/24 209/1/24 104/1/24
f 176/1/24 211/1/24 210/1/24 175/1/24
f 177/1/23 212/1/23 211/1/23 176/1/23
f 213/1/24 212/1/24 177/1/24 178/1/24
f 178/1/22 321/1/22 322/1/22 213/1/22
f 215/1/22 214/1/22 179/1/22 180/1/22
f 181/1/9 216/1/9 215/1/9 180/1/9
f 182/1/9 217/1/9 216/1/9 181/1/9
f 183/1/9 218/1/9 245/1/9 246/1/9
f 184/1/9 219/1/9 275/1/9 276/1/9
f 185/1/9 220/1/9 219/1/9 184/1/9
f 221/1/9 220/1/9 185/1/9 186/1/9
f 187/1/23 222/1/23 221/1/23 186/1/23
f 223/1/23 342/1/23 343/1/23 188/1/23
f 189/1/24 224/1/24 223/1/24 188/1/24
f 225/1/22 224/1/22 189/1/22 190/1/22
f 191/1/24 226/1/24 225/1/24 190/1/24
f 259/1/24 260/1/24 226/1/24 191/1/24
f 315/1/24 314/1/24 316/1/24 317/1/24
f 228/1/24 192/1/24 175/1/24 229/1/24
f 230/1/24 229/1/24 175/1/24 210/1/24
f 231/1/24 230/1/24 210/1/24 152/1/24
f 151/1/4 232/1/4 231/1/4 152/1/4
f 151/1/24 174/1/29 233/1/31 232/1/24
f 174/1/29 173/1/10 234/1/10 233/1/31
f 235/1/24 234/1/24 173/1/24 172/1/24
f 236/1/28 235/1/28 172/1/28 171/1/28
f 237/1/24 236/1/24 171/1/24 170/1/24
f 170/1/8 330/1/8 331/1/8 237/1/8
f 169/1/9 168/1/9 239/1/9 238/1/9
f 168/1/26 167/1/26 240/1/26 239/1/26
f 167/1/9 166/1/9 241/1/9 240/1/9
f 166/1/13 165/1/13 242/1/13 241/1/13
f 243/1/9 242/1/9 165/1/9 164/1/9
f 164/1/9 163/1/9 244/1/9 243/1/9
f 245/1/9 244/1/9 163/1/9 217/1/9
f 246/1/9 245/1/9 217/1/9 182/1/9
f 247/1/9 246/1/9 182/1/9 199/1/9
f 248/1/9 247/1/9 199/1/9 162/1/9
f 249/1/9 248/1/9 162/1/9 161/1/9
f 250/1/8 249/1/8 161/1/8 160/1/8
f 251/1/9 250/1/9 160/1/9 159/1/9
f 159/1/4 158/1/4 252/1/4 251/1/4
f 253/1/4 353/1/4 354/1/4 157/1/4
f 157/1/24 156/1/24 254/1/24 253/1/24
f 156/1/8 155/1/8 255/1/8 254/1/8
f 155/1/24 154/1/24 256/1/24 255/1/24
f 257/1/8 256/1/8 154/1/8 153/1/8
f 153/1/24 192/1/24 228/1/24 257/1/24
f 312/1/24 315/1/24 318/1/24 319/1/24
f 315/1/24 317/1/24 320/1/24 318/1/24
f 227/1/24 103/1/24 261/1/24 260/1/24
f 103/1/4 126/1/4 262/1/4 261/1/4
f 126/1/24 125/1/33 263/1/31 262/1/24
f 125/1/33 124/1/10 264/1/10 263/1/31
f 265/1/24 264/1/24 124/1/24 123/1/24
f 266/1/28 265/1/28 123/1/28 122/1/28
f 267/1/24 266/1/24 122/1/24 121/1/24
f 121/1/8 332/1/8 333/1/8 267/1/8
f 120/1/9 119/1/9 269/1/9 268/1/9
f 119/1/26 118/1/26 270/1/26 269/1/26
f 118/1/9 117/1/9 271/1/9 270/1/9
f 117/1/13 116/1/13 272/1/13 271/1/13
f 273/1/9 272/1/9 116/1/9 115/1/9
f 115/1/9 114/1/9 274/1/9 273/1/9
f 275/1/9 274/1/9 114/1/9 218/1/9
f 276/1/9 275/1/9 218/1/9 183/1/9
f 277/1/9 276/1/9 183/1/9 200/1/9
f 278/1/9 277/1/9 200/1/9 113/1/9
f 279/1/9 278/1/9 113/1/9 112/1/9
f 280/1/8 279/1/8 112/1/8 111/1/8
f 281/1/9 280/1/9 111/1/9 110/1/9
f 110/1/4 109/1/4 282/1/4 281/1/4
f 283/1/4 351/1/4 352/1/4 108/1/4
f 108/1/24 107/1/24 284/1/24 283/1/24
f 107/1/8 106/1/8 285/1/8 284/1/8
f 106/1/24 105/1/24 286/1/24 285/1/24
f 287/1/8 286/1/8 105/1/8 104/1/8
f 104/1/24 209/1/24 258/1/24 287/1/24
f 209/1/34 228/1/34 289/1/34 288/1/34
f 228/1/35 229/1/35 290/1/35 289/1/35
f 229/1/36 230/1/36 291/1/36 290/1/36
f 230/1/37 227/1/37 292/1/37 291/1/37
f 259/1/38 258/1/38 294/1/38 293/1/38
f 258/1/39 209/1/39 288/1/39 294/1/39
f 227/1/40 260/1/40 295/1/40 292/1/40
f 260/1/41 259/1/41 293/1/41 295/1/41
f 288/1/24 289/1/24 297/1/24 296/1/24
f 289/1/24 290/1/24 298/1/24 297/1/24
f 290/1/24 291/1/24 299/1/24 298/1/24
f 291/1/24 292/1/24 300/1/24 299/1/24
f 293/1/24 294/1/24 302/1/24 301/1/24
f 294/1/24 288/1/24 296/1/24 302/1/24
f 292/1/24 295/1/24 303/1/24 300/1/24
f 295/1/24 293/1/24 301/1/24 303/1/24
f 296/1/40 297/1/40 305/1/40 304/1/40
f 297/1/41 298/1/41 306/1/41 305/1/41
f 298/1/38 299/1/38 307/1/38 306/1/38
f 299/1/39 300/1/39 308/1/39 307/1/39
f 301/1/36 302/1/36 310/1/36 309/1/36
f 302/1/37 296/1/37 304/1/37 310/1/37
f 300/1/34 303/1/34 311/1/34 308/1/34
f 303/1/35 301/1/35 309/1/35 311/1/35
f 304/1/42 305/1/42 313/1/42 312/1/42
f 305/1/43 306/1/43 314/1/43 313/1/43
f 306/1/44 307/1/44 316/1/44 314/1/44
f 307/1/45 308/1/45 317/1/45 316/1/45
f 309/1/46 310/1/46 319/1/46 318/1/46
f 310/1/47 304/1/47 312/1/47 319/1/47
f 308/1/48 311/1/48 320/1/48 317/1/48
f 311/1/49 309/1/49 318/1/49 320/1/49
f 361/1/22 362/1/22 363/1/22 364/1/22
f 365/1/22 364/1/22 363/1/22 366/1/22
f 324/1/6 323/1/22 97/1/22 37/1/19
f 325/1/7 324/1/6 37/1/19 9/1/18
f 326/1/22 325/1/22 9/1/22 14/1/22
f 327/1/25 326/1/25 14/1/25 42/1/25
f 328/1/22 327/1/22 42/1/22 46/1/22
f 329/1/8 328/1/8 46/1/8 74/1/8
f 330/1/8 329/1/8 74/1/8 169/1/8
f 331/1/8 330/1/8 169/1/8 238/1/8
f 332/1/8 331/1/8 238/1/8 120/1/8
f 333/1/8 332/1/8 120/1/8 268/1/8
f 334/1/8 333/1/8 268/1/8 145/1/8
f 335/1/8 334/1/8 145/1/8 54/1/8
f 336/1/8 335/1/8 54/1/8 47/1/8
f 43/1/23 337/1/23 336/1/23 47/1/23
f 15/1/27 338/1/27 337/1/27 43/1/27
f 10/1/23 339/1/23 338/1/23 15/1/23
f 340/1/2 339/1/1 10/1/15 40/1/14
f 341/1/23 340/1/2 40/1/14 92/1/23
f 342/1/23 341/1/23 92/1/23 222/1/23
f 343/1/23 342/1/23 222/1/23 187/1/23
f 344/1/23 343/1/23 187/1/23 204/1/23
f 345/1/23 344/1/23 204/1/23 11/1/23
f 346/1/23 345/1/23 11/1/23 18/1/23
f 347/1/8 346/1/8 18/1/8 24/1/8
f 348/1/23 347/1/23 24/1/23 30/1/23
f 349/1/4 348/1/4 30/1/4 64/1/4
f 350/1/4 349/1/4 64/1/4 134/1/4
f 351/1/4 350/1/4 134/1/4 282/1/4
f 352/1/4 351/1/4 282/1/4 109/1/4
f 353/1/4 352/1/4 109/1/4 252/1/4
f 354/1/4 353/1/4 252/1/4 158/1/4
f 355/1/4 354/1/4 158/1/4 84/1/4
f 356/1/4 355/1/4 84/1/4 31/1/4
f 25/1/22 357/1/22 356/1/22 31/1/22
f 19/1/8 358/1/8 357/1/8 25/1/8
f 12/1/22 359/1/22 358/1/22 19/1/22
f 368/1/22 367/1/22 369/1/22 370/1/22
f 361/1/22 368/1/22 370/1/22 362/1/22
f 179/1/9 214/1/9 363/1/9 362/1/9
f 322/1/24 321/1/24 361/1/24 364/1/24
f 323/1/24 322/1/24 364/1/24 365/1/24
f 214/1/9 97/1/9 366/1/9 363/1/9
f 97/1/8 323/1/8 365/1/8 366/1/8
f 360/1/24 359/1/24 367/1/24 368/1/24
f 359/1/4 12/1/4 369/1/4 367/1/4
f 12/1/9 196/1/9 370/1/9 369/1/9
f 321/1/24 360/1/24 368/1/24 361/1/24
f 196/1/9 179/1/9 362/1/9 370/1/9
f 379/1/23 406/1/23 407/1/23 388/1/23
f 373/1/4 410/1/4 411/1/4 375/1/4
f 384/1/22 413/1/22 414/1/22 377/1/22
f 377/1/8 414/1/8 405/1/8 371/1/8
f 372/1/9 378/1/9 385/1/9 386/1/9
f 377/1/24 371/1/24 383/1/24 384/1/24
f 371/1/50 405/1/51 406/1/23 379/1/23
f 372/1/52 386/1/53 387/1/23 380/1/23
f 410/1/54 373/1/55 382/1/23 409/1/23
f 388/1/23 383/1/56 371/1/50 379/1/23
f 384/1/24 383/1/24 392/1/24 393/1/24
f 393/1/22 412/1/22 413/1/22 384/1/22
f 386/1/9 385/1/9 394/1/9 389/1/9
f 387/1/23 386/1/53 389/1/53 390/1/23
f 388/1/23 407/1/23 408/1/23 391/1/23
f 392/1/56 383/1/56 388/1/23 391/1/23
f 390/1/23 389/1/53 374/1/57 381/1/23
f 391/1/23 408/1/23 409/1/23 382/1/23
f 373/1/55 392/1/56 391/1/23 382/1/23
f 393/1/24 392/1/24 373/1/24 375/1/24
f 375/1/22 411/1/22 412/1/22 393/1/22
f 389/1/9 394/1/9 376/1/9 374/1/9
f 395/1/51 372/1/52 380/1/23 396/1/23
f 397/1/23 396/1/23 380/1/23 387/1/23
f 398/1/23 397/1/23 387/1/23 390/1/23
f 399/1/23 398/1/23 390/1/23 381/1/23
f 374/1/57 400/1/54 399/1/23 381/1/23
f 401/1/4 400/1/4 374/1/4 376/1/4
f 402/1/22 401/1/22 376/1/22 394/1/22
f 403/1/22 402/1/22 394/1/22 385/1/22
f 404/1/22 403/1/22 385/1/22 378/1/22
f 395/1/8 404/1/8 378/1/8 372/1/8
f 427/1/51 454/1/51 445/1/23 426/1/23
f 425/1/23 426/1/23 445/1/23 446/1/23
f 434/1/23 425/1/23 446/1/23 447/1/23
f 433/1/23 434/1/23 447/1/23 448/1/23
f 449/1/54 432/1/54 433/1/23 448/1/23
f 431/1/4 432/1/4 449/1/4 450/1/4
f 430/1/22 431/1/22 450/1/22 451/1/22
f 429/1/22 430/1/22 451/1/22 452/1/22
f 428/1/22 429/1/22 452/1/22 453/1/22
f 427/1/8 428/1/8 453/1/8 454/1/8
f 407/1/23 406/1/23 436/1/23 437/1/23
f 405/1/51 435/1/51 436/1/23 406/1/23
f 405/1/8 414/1/8 444/1/8 435/1/8
f 414/1/22 413/1/22 443/1/22 444/1/22
f 413/1/22 412/1/22 442/1/22 443/1/22
f 412/1/22 411/1/22 441/1/22 442/1/22
f 411/1/4 410/1/4 440/1/4 441/1/4
f 439/1/23 440/1/54 410/1/54 409/1/23
f 409/1/23 408/1/23 438/1/23 439/1/23
f 456/1/23 455/1/23 457/1/23 458/1/23
f 415/1/23 416/1/23 426/1/23 425/1/23
f 417/1/51 427/1/51 426/1/23 416/1/23
f 417/1/8 418/1/8 428/1/8 427/1/8
f 418/1/22 419/1/22 429/1/22 428/1/22
f 419/1/22 420/1/22 430/1/22 429/1/22
f 420/1/22 421/1/22 431/1/22 430/1/22
f 421/1/4 422/1/4 432/1/4 431/1/4
f 433/1/23 432/1/54 422/1/54 423/1/23
f 423/1/23 424/1/23 434/1/23 433/1/23
f 459/1/23 460/1/23 461/1/23 462/1/23
f 435/1/51 417/1/51 416/1/23 436/1/23
f 437/1/23 436/1/23 416/1/23 415/1/23
f 438/1/23 437/1/23 415/1/23 424/1/23
f 439/1/23 438/1/23 424/1/23 423/1/23
f 423/1/23 422/1/54 440/1/54 439/1/23
f 441/1/4 440/1/4 422/1/4 421/1/4
f 442/1/22 441/1/22 421/1/22 420/1/22
f 443/1/22 442/1/22 420/1/22 419/1/22
f 444/1/22 443/1/22 419/1/22 418/1/22
f 435/1/8 444/1/8 418/1/8 417/1/8
f 446/1/23 445/1/23 396/1/23 397/1/23
f 464/1/23 463/1/23 465/1/23 466/1/23
f 448/1/23 447/1/23 398/1/23 399/1/23
f 400/1/54 449/1/54 448/1/23 399/1/23
f 450/1/4 449/1/4 400/1/4 401/1/4
f 451/1/22 450/1/22 401/1/22 402/1/22
f 468/1/22 467/1/22 469/1/22 470/1/22
f 453/1/22 452/1/22 403/1/22 404/1/22
f 454/1/8 453/1/8 404/1/8 395/1/8
f 445/1/23 454/1/51 395/1/51 396/1/23
f 408/1/9 407/1/9 455/1/9 456/1/9
f 407/1/4 437/1/4 457/1/4 455/1/4
f 437/1/24 438/1/24 458/1/24 457/1/24
f 438/1/8 408/1/8 456/1/8 458/1/8
f 424/1/9 415/1/9 460/1/9 459/1/9
f 415/1/4 425/1/4 461/1/4 460/1/4
f 425/1/24 434/1/24 462/1/24 461/1/24
f 434/1/8 424/1/8 459/1/8 462/1/8
f 447/1/9 446/1/9 463/1/9 464/1/9
f 446/1/4 397/1/4 465/1/4 463/1/4
f 397/1/24 398/1/24 466/1/24 465/1/24
f 398/1/8 447/1/8 464/1/8 466/1/8
f 452/1/24 451/1/24 467/1/24 468/1/24
f 451/1/4 402/1/4 469/1/4 467/1/4
f 402/1/9 403/1/9 470/1/9 469/1/9
f 403/1/8 452/1/8 468/1/8 470/1/8
f 850/1/23 849/1/23 851/1/23 852/1/23 853/1/23 854/1/23
f 763/1/58 764/1/59 765/1/59 766/1/58
f 856/1/22 855/1/22 857/1/22 858/1/22 859/1/22 860/1/22
f 735/1/8 736/1/8 529/1/8 471/1/8
f 472/1/9 737/1/9 738/1/9 474/1/9
f 731/1/24 520/1/24 521/1/24 730/1/24
f 734/1/4 480/1/4 484/1/4 733/1/4 714/1/4 619/1/4 695/1/4 600/1/4 676/1/4 581/1/4 562/1/4 657/1/4 543/1/4 638/1/4 753/1/4 483/1/4 479/1/4 754/1/4 639/1/4 544/1/4 658/1/4 563/1/4 582/1/4 677/1/4 601/1/4 696/1/4 620/1/4 715/1/4
f 480/1/22 481/1/22 485/1/22 484/1/22
f 481/1/8 727/1/8 728/1/8 485/1/8
f 482/1/23 479/1/23 483/1/23 486/1/23
f 491/1/23 531/1/23 532/1/23 494/1/23
f 507/1/9 739/1/9 740/1/9 510/1/9
f 526/1/22 495/1/22 497/1/22 525/1/22
f 725/1/60 499/1/60 501/1/60 724/1/60
f 473/1/61 530/1/61 531/1/61 491/1/61
f 507/1/9 510/1/9 511/1/9 512/1/9
f 532/1/62 523/1/63 487/1/64 494/1/64
f 501/1/60 499/1/60 503/1/60 504/1/60
f 527/1/61 475/1/61 495/1/61 526/1/61
f 500/1/60 502/1/60 505/1/60 506/1/60
f 490/1/65 524/1/66 525/1/67 497/1/65
f 509/1/9 508/1/9 513/1/9 514/1/9
f 726/1/68 473/1/68 499/1/68 725/1/68
f 763/1/69 766/1/69 767/1/69 768/1/69
f 473/1/68 491/1/68 503/1/68 499/1/68
f 491/1/23 494/1/23 504/1/23 503/1/23
f 494/1/69 487/1/69 501/1/69 504/1/69
f 490/1/69 497/1/69 505/1/69 502/1/69
f 497/1/22 495/1/22 506/1/22 505/1/22
f 495/1/68 475/1/68 500/1/68 506/1/68
f 474/1/70 738/1/70 739/1/70 507/1/70
f 770/1/71 769/1/71 771/1/71 772/1/71
f 488/1/71 493/1/71 511/1/71 510/1/71
f 493/1/23 492/1/23 512/1/23 511/1/23
f 492/1/70 474/1/70 507/1/70 512/1/70
f 476/1/70 496/1/70 513/1/70 508/1/70
f 496/1/22 498/1/22 514/1/22 513/1/22
f 498/1/71 489/1/71 509/1/71 514/1/71
f 732/1/8 516/1/8 520/1/8 731/1/8
f 516/1/23 517/1/23 521/1/23 520/1/23
f 517/1/4 729/1/4 730/1/4 521/1/4
f 518/1/22 515/1/22 519/1/22 522/1/22
f 764/1/59 769/1/72 770/1/72 765/1/59
f 525/1/67 524/1/66 489/1/73 498/1/73
f 496/1/22 526/1/22 525/1/22 498/1/22
f 476/1/61 527/1/61 526/1/61 496/1/61
f 529/1/8 736/1/8 737/1/8 472/1/8
f 531/1/61 530/1/61 474/1/61 492/1/61
f 532/1/23 531/1/23 492/1/23 493/1/23
f 488/1/74 523/1/63 532/1/62 493/1/74
f 773/1/69 774/1/69 775/1/69 776/1/69
f 630/1/60 535/1/60 534/1/60 629/1/60
f 631/1/68 536/1/68 535/1/68 630/1/68
f 538/1/8 537/1/8 632/1/8 633/1/8
f 540/1/4 539/1/4 634/1/4 635/1/4
f 637/1/8 542/1/8 541/1/8 636/1/8
f 548/1/70 547/1/70 642/1/70 643/1/70
f 549/1/9 548/1/9 643/1/9 644/1/9
f 778/1/71 777/1/71 779/1/71 780/1/71
f 781/1/75 777/1/72 778/1/72 782/1/75
f 773/1/58 781/1/75 782/1/75 774/1/58
f 783/1/69 784/1/69 785/1/69 786/1/69
f 649/1/60 554/1/60 553/1/60 648/1/60
f 650/1/68 555/1/68 554/1/68 649/1/68
f 557/1/8 556/1/8 651/1/8 652/1/8
f 559/1/4 558/1/4 653/1/4 654/1/4
f 656/1/8 561/1/8 560/1/8 655/1/8
f 567/1/70 566/1/70 661/1/70 662/1/70
f 568/1/9 567/1/9 662/1/9 663/1/9
f 788/1/71 787/1/71 789/1/71 790/1/71
f 791/1/76 787/1/72 788/1/72 792/1/76
f 783/1/58 791/1/76 792/1/76 784/1/58
f 571/1/69 552/1/69 553/1/69 572/1/69
f 554/1/60 573/1/60 572/1/60 553/1/60
f 555/1/68 574/1/68 573/1/68 554/1/68
f 727/1/24 481/1/24 480/1/24 734/1/24 715/1/24 620/1/24 696/1/24 601/1/24 677/1/24 582/1/24 563/1/24 658/1/24 544/1/24 639/1/24 754/1/24 479/1/24 482/1/24 747/1/24 632/1/24 537/1/24 651/1/24 556/1/24 575/1/24 574/1/24 555/1/24 650/1/24 536/1/24 631/1/24 746/1/24 475/1/24 477/1/24 755/1/24 640/1/24 545/1/24 659/1/24 564/1/24 583/1/24 678/1/24 602/1/24 697/1/24 621/1/24 716/1/24 735/1/24 471/1/24 473/1/24 726/1/24 707/1/24 612/1/24 688/1/24 593/1/24 669/1/24 670/1/24 594/1/24 689/1/24 613/1/24 708/1/24
f 576/1/8 575/1/8 556/1/8 557/1/8
f 578/1/4 577/1/4 558/1/4 559/1/4
f 561/1/8 580/1/8 579/1/8 560/1/8
f 794/1/70 793/1/70 795/1/70 796/1/70
f 587/1/9 586/1/9 567/1/9 568/1/9
f 569/1/71 588/1/71 587/1/71 568/1/71
f 589/1/76 588/1/72 569/1/72 570/1/76
f 571/1/58 589/1/76 570/1/76 552/1/58
f 590/1/69 666/1/69 667/1/69 591/1/69
f 668/1/60 592/1/60 591/1/60 667/1/60
f 669/1/68 593/1/68 592/1/68 668/1/68
f 595/1/8 594/1/8 670/1/8 671/1/8
f 597/1/4 596/1/4 672/1/4 673/1/4
f 675/1/8 599/1/8 598/1/8 674/1/8
f 605/1/70 604/1/70 680/1/70 681/1/70
f 606/1/9 605/1/9 681/1/9 682/1/9
f 683/1/71 607/1/71 606/1/71 682/1/71
f 608/1/59 607/1/72 683/1/72 684/1/59
f 590/1/58 608/1/59 684/1/59 666/1/58
f 609/1/69 685/1/69 686/1/69 610/1/69
f 687/1/60 611/1/60 610/1/60 686/1/60
f 688/1/68 612/1/68 611/1/68 687/1/68
f 614/1/8 613/1/8 689/1/8 690/1/8
f 616/1/4 615/1/4 691/1/4 692/1/4
f 694/1/8 618/1/8 617/1/8 693/1/8
f 624/1/70 623/1/70 699/1/70 700/1/70
f 625/1/9 624/1/9 700/1/9 701/1/9
f 702/1/71 626/1/71 625/1/71 701/1/71
f 627/1/76 626/1/72 702/1/72 703/1/76
f 609/1/58 627/1/76 703/1/76 685/1/58
f 628/1/69 743/1/69 744/1/69 629/1/69
f 745/1/60 630/1/60 629/1/60 744/1/60
f 746/1/68 631/1/68 630/1/68 745/1/68
f 633/1/8 632/1/8 747/1/8 748/1/8
f 635/1/4 634/1/4 749/1/4 750/1/4
f 752/1/8 637/1/8 636/1/8 751/1/8
f 643/1/70 642/1/70 758/1/70 759/1/70
f 644/1/9 643/1/9 759/1/9 760/1/9
f 761/1/71 645/1/71 644/1/71 760/1/71
f 646/1/75 645/1/72 761/1/72 762/1/75
f 628/1/58 646/1/75 762/1/75 743/1/58
f 647/1/69 533/1/69 534/1/69 648/1/69
f 535/1/60 649/1/60 648/1/60 534/1/60
f 536/1/68 650/1/68 649/1/68 535/1/68
f 652/1/8 651/1/8 537/1/8 538/1/8
f 654/1/4 653/1/4 539/1/4 540/1/4
f 542/1/8 656/1/8 655/1/8 541/1/8
f 662/1/70 661/1/70 547/1/70 548/1/70
f 663/1/9 662/1/9 548/1/9 549/1/9
f 550/1/71 664/1/71 663/1/71 549/1/71
f 665/1/75 664/1/72 550/1/72 551/1/75
f 647/1/58 665/1/75 551/1/75 533/1/58
f 797/1/69 798/1/69 799/1/69 800/1/69
f 573/1/60 668/1/60 667/1/60 572/1/60
f 574/1/68 669/1/68 668/1/68 573/1/68
f 670/1/24 669/1/24 574/1/24 575/1/24
f 671/1/8 670/1/8 575/1/8 576/1/8
f 673/1/4 672/1/4 577/1/4 578/1/4
f 580/1/8 675/1/8 674/1/8 579/1/8
f 681/1/70 680/1/70 585/1/70 586/1/70
f 682/1/9 681/1/9 586/1/9 587/1/9
f 802/1/71 801/1/71 803/1/71 804/1/71
f 805/1/76 801/1/72 802/1/72 806/1/76
f 797/1/58 805/1/76 806/1/76 798/1/58
f 807/1/69 808/1/69 809/1/69 810/1/69
f 592/1/60 687/1/60 686/1/60 591/1/60
f 593/1/68 688/1/68 687/1/68 592/1/68
f 690/1/8 689/1/8 594/1/8 595/1/8
f 692/1/4 691/1/4 596/1/4 597/1/4
f 599/1/8 694/1/8 693/1/8 598/1/8
f 700/1/70 699/1/70 604/1/70 605/1/70
f 701/1/9 700/1/9 605/1/9 606/1/9
f 812/1/71 811/1/71 813/1/71 814/1/71
f 815/1/59 811/1/72 812/1/72 816/1/59
f 807/1/58 815/1/59 816/1/59 808/1/58
f 817/1/69 818/1/69 819/1/69 820/1/69
f 611/1/60 706/1/60 705/1/60 610/1/60
f 612/1/68 707/1/68 706/1/68 611/1/68
f 709/1/8 708/1/8 613/1/8 614/1/8
f 711/1/4 710/1/4 615/1/4 616/1/4
f 618/1/8 713/1/8 712/1/8 617/1/8
f 719/1/70 718/1/70 623/1/70 624/1/70
f 720/1/9 719/1/9 624/1/9 625/1/9
f 822/1/71 821/1/71 823/1/71 824/1/71
f 825/1/75 821/1/72 822/1/72 826/1/75
f 817/1/58 825/1/75 826/1/75 818/1/58
f 723/1/69 704/1/69 705/1/69 724/1/69
f 706/1/60 725/1/60 724/1/60 705/1/60
f 707/1/68 726/1/68 725/1/68 706/1/68
f 728/1/8 727/1/8 708/1/8 709/1/8
f 730/1/4 729/1/4 710/1/4 711/1/4
f 712/1/24 731/1/24 730/1/24 711/1/24 616/1/24 692/1/24 597/1/24 673/1/24 578/1/24 559/1/24 654/1/24 540/1/24 635/1/24 750/1/24 751/1/24 636/1/24 541/1/24 655/1/24 560/1/24 579/1/24 674/1/24 598/1/24 693/1/24 617/1/24
f 713/1/8 732/1/8 731/1/8 712/1/8
f 717/1/8 737/1/8 736/1/8 735/1/8 716/1/8 621/1/8 697/1/8 602/1/8 678/1/8 583/1/8 564/1/8 659/1/8 545/1/8 640/1/8 755/1/8 756/1/8 757/1/8 641/1/8 546/1/8 660/1/8 565/1/8 584/1/8 679/1/8 603/1/8 698/1/8 622/1/8
f 718/1/9 738/1/9 737/1/9 717/1/9 622/1/9 698/1/9 603/1/9 679/1/9 584/1/9 565/1/9 660/1/9 546/1/9 641/1/9 757/1/9 758/1/9 642/1/9 547/1/9 661/1/9 566/1/9 585/1/9 680/1/9 604/1/9 699/1/9 623/1/9
f 739/1/70 738/1/70 718/1/70 719/1/70
f 740/1/9 739/1/9 719/1/9 720/1/9
f 721/1/71 741/1/71 740/1/71 720/1/71
f 742/1/76 741/1/72 721/1/72 722/1/76
f 723/1/58 742/1/76 722/1/76 704/1/58
f 827/1/69 828/1/69 829/1/69 830/1/69
f 500/1/60 745/1/60 744/1/60 502/1/60
f 475/1/68 746/1/68 745/1/68 500/1/68
f 748/1/8 747/1/8 482/1/8 486/1/8
f 486/1/24 483/1/24 748/1/24
f 483/1/24 753/1/24 748/1/24
f 748/1/24 753/1/24 633/1/24
f 753/1/24 638/1/24 633/1/24
f 638/1/24 543/1/24 633/1/24
f 484/1/24 485/1/24 733/1/24
f 485/1/24 728/1/24 733/1/24
f 733/1/24 728/1/24 714/1/24
f 728/1/24 709/1/24 714/1/24
f 714/1/24 709/1/24 619/1/24
f 709/1/24 614/1/24 619/1/24
f 619/1/24 614/1/24 516/1/24
f 516/1/24 614/1/24 517/1/24
f 614/1/24 690/1/24 517/1/24
f 517/1/24 690/1/24 729/1/24
f 729/1/24 690/1/24 710/1/24
f 710/1/24 690/1/24 615/1/24
f 615/1/24 690/1/24 691/1/24
f 690/1/24 595/1/24 691/1/24
f 595/1/24 671/1/24 691/1/24
f 691/1/24 671/1/24 596/1/24
f 596/1/24 671/1/24 672/1/24
f 619/1/24 516/1/24 695/1/24
f 516/1/24 732/1/24 695/1/24
f 732/1/24 713/1/24 695/1/24
f 713/1/24 618/1/24 695/1/24
f 618/1/24 694/1/24 695/1/24
f 695/1/24 694/1/24 600/1/24
f 600/1/24 694/1/24 676/1/24
f 694/1/24 599/1/24 676/1/24
f 599/1/24 675/1/24 676/1/24
f 671/1/24 576/1/24 672/1/24
f 672/1/24 576/1/24 577/1/24
f 676/1/24 675/1/24 581/1/24
f 675/1/24 580/1/24 581/1/24
f 581/1/24 580/1/24 562/1/24
f 580/1/24 561/1/24 562/1/24
f 561/1/24 656/1/24 562/1/24
f 656/1/24 542/1/24 562/1/24
f 562/1/24 542/1/24 657/1/24
f 657/1/24 542/1/24 543/1/24
f 542/1/24 637/1/24 543/1/24
f 637/1/24 752/1/24 543/1/24
f 752/1/24 515/1/24 543/1/24
f 543/1/24 515/1/24 633/1/24
f 515/1/24 518/1/24 633/1/24
f 633/1/24 518/1/24 538/1/24
f 538/1/24 518/1/24 652/1/24
f 518/1/24 749/1/24 652/1/24
f 749/1/24 634/1/24 652/1/24
f 634/1/24 539/1/24 652/1/24
f 539/1/24 653/1/24 652/1/24
f 652/1/24 653/1/24 557/1/24
f 557/1/24 653/1/24 576/1/24
f 653/1/24 558/1/24 576/1/24
f 558/1/24 577/1/24 576/1/24
f 750/1/4 749/1/4 518/1/4 522/1/4
f 519/1/24 751/1/24 750/1/24 522/1/24
f 515/1/8 752/1/8 751/1/8 519/1/8
f 477/1/8 528/1/8 756/1/8 755/1/8
f 757/1/8 756/1/8 528/1/8 478/1/8
f 758/1/9 757/1/9 478/1/9 476/1/9
f 759/1/70 758/1/70 476/1/70 508/1/70
f 760/1/9 759/1/9 508/1/9 509/1/9
f 832/1/71 831/1/71 833/1/71 834/1/71
f 835/1/75 831/1/72 832/1/72 836/1/75
f 827/1/58 835/1/75 836/1/75 828/1/58
f 487/1/23 523/1/23 764/1/23 763/1/23
f 742/1/22 723/1/22 766/1/22 765/1/22
f 723/1/22 724/1/22 767/1/22 766/1/22
f 724/1/24 501/1/24 768/1/24 767/1/24
f 501/1/23 487/1/23 763/1/23 768/1/23
f 488/1/23 510/1/23 771/1/23 769/1/23
f 510/1/9 740/1/9 772/1/9 771/1/9
f 740/1/22 741/1/22 770/1/22 772/1/22
f 523/1/23 488/1/23 769/1/23 764/1/23
f 741/1/22 742/1/22 765/1/22 770/1/22
f 628/1/22 629/1/22 775/1/22 774/1/22
f 629/1/24 534/1/24 776/1/24 775/1/24
f 534/1/23 533/1/23 773/1/23 776/1/23
f 550/1/23 549/1/23 779/1/23 777/1/23
f 549/1/9 644/1/9 780/1/9 779/1/9
f 644/1/22 645/1/22 778/1/22 780/1/22
f 551/1/23 550/1/23 777/1/23 781/1/23
f 645/1/22 646/1/22 782/1/22 778/1/22
f 533/1/23 551/1/23 781/1/23 773/1/23
f 646/1/22 628/1/22 774/1/22 782/1/22
f 647/1/22 648/1/22 785/1/22 784/1/22
f 648/1/24 553/1/24 786/1/24 785/1/24
f 553/1/23 552/1/23 783/1/23 786/1/23
f 569/1/23 568/1/23 789/1/23 787/1/23
f 568/1/9 663/1/9 790/1/9 789/1/9
f 663/1/22 664/1/22 788/1/22 790/1/22
f 570/1/23 569/1/23 787/1/23 791/1/23
f 664/1/22 665/1/22 792/1/22 788/1/22
f 552/1/23 570/1/23 791/1/23 783/1/23
f 665/1/22 647/1/22 784/1/22 792/1/22
f 586/1/22 585/1/22 793/1/22 794/1/22
f 585/1/9 566/1/9 795/1/9 793/1/9
f 566/1/23 567/1/23 796/1/23 795/1/23
f 567/1/24 586/1/24 794/1/24 796/1/24
f 571/1/22 572/1/22 799/1/22 798/1/22
f 572/1/24 667/1/24 800/1/24 799/1/24
f 667/1/23 666/1/23 797/1/23 800/1/23
f 683/1/23 682/1/23 803/1/23 801/1/23
f 682/1/9 587/1/9 804/1/9 803/1/9
f 587/1/22 588/1/22 802/1/22 804/1/22
f 684/1/23 683/1/23 801/1/23 805/1/23
f 588/1/22 589/1/22 806/1/22 802/1/22
f 666/1/23 684/1/23 805/1/23 797/1/23
f 589/1/22 571/1/22 798/1/22 806/1/22
f 590/1/22 591/1/22 809/1/22 808/1/22
f 591/1/24 686/1/24 810/1/24 809/1/24
f 686/1/23 685/1/23 807/1/23 810/1/23
f 702/1/23 701/1/23 813/1/23 811/1/23
f 701/1/9 606/1/9 814/1/9 813/1/9
f 606/1/22 607/1/22 812/1/22 814/1/22
f 703/1/23 702/1/23 811/1/23 815/1/23
f 607/1/22 608/1/22 816/1/22 812/1/22
f 685/1/23 703/1/23 815/1/23 807/1/23
f 608/1/22 590/1/22 808/1/22 816/1/22
f 609/1/22 610/1/22 819/1/22 818/1/22
f 610/1/24 705/1/24 820/1/24 819/1/24
f 705/1/23 704/1/23 817/1/23 820/1/23
f 721/1/23 720/1/23 823/1/23 821/1/23
f 720/1/9 625/1/9 824/1/9 823/1/9
f 625/1/22 626/1/22 822/1/22 824/1/22
f 722/1/23 721/1/23 821/1/23 825/1/23
f 626/1/22 627/1/22 826/1/22 822/1/22
f 704/1/23 722/1/23 825/1/23 817/1/23
f 627/1/22 609/1/22 818/1/22 826/1/22
f 490/1/22 502/1/22 829/1/22 828/1/22
f 502/1/24 744/1/24 830/1/24 829/1/24
f 744/1/23 743/1/23 827/1/23 830/1/23
f 761/1/23 760/1/23 833/1/23 831/1/23
f 760/1/9 509/1/9 834/1/9 833/1/9
f 509/1/22 489/1/22 832/1/22 834/1/22
f 762/1/23 761/1/23 831/1/23 835/1/23
f 489/1/22 524/1/22 836/1/22 832/1/22
f 743/1/23 762/1/23 835/1/23 827/1/23
f 524/1/22 490/1/22 828/1/22 836/1/22
f 530/1/23 473/1/23 837/1/23 838/1/23
f 473/1/23 471/1/23 839/1/23 837/1/23
f 471/1/23 529/1/23 840/1/23 839/1/23
f 529/1/23 472/1/23 841/1/23 840/1/23
f 472/1/23 474/1/23 842/1/23 841/1/23
f 474/1/23 530/1/23 838/1/23 842/1/23
f 528/1/22 477/1/22 843/1/22 844/1/22
f 477/1/22 475/1/22 845/1/22 843/1/22
f 475/1/22 527/1/22 846/1/22 845/1/22
f 527/1/22 476/1/22 847/1/22 846/1/22
f 476/1/22 478/1/22 848/1/22 847/1/22
f 478/1/22 528/1/22 844/1/22 848/1/22
f 838/1/61 837/1/61 849/1/61 850/1/61
f 837/1/9 839/1/9 851/1/9 849/1/9
f 839/1/4 840/1/4 852/1/4 851/1/4
f 840/1/4 841/1/4 853/1/4 852/1/4
f 841/1/24 842/1/24 854/1/24 853/1/24
f 842/1/61 838/1/61 850/1/61 854/1/61
f 844/1/4 843/1/4 855/1/4 856/1/4
f 843/1/9 845/1/9 857/1/9 855/1/9
f 845/1/61 846/1/61 858/1/61 857/1/61
f 846/1/61 847/1/61 859/1/61 858/1/61
f 847/1/24 848/1/24 860/1/24 859/1/24
f 848/1/4 844/1/4 856/1/4 860/1/4
f 861/1/23 862/1/23 864/1/23 863/1/23
f 863/1/4 864/1/4 866/1/4 865/1/4
f 865/1/22 866/1/22 868/1/22 867/1/22
f 867/1/8 868/1/8 862/1/8 861/1/8
f 862/1/9 868/1/9 866/1/9 864/1/9
f 867/1/24 861/1/24 863/1/24 865/1/24
f 869/1/23 870/1/23 872/1/23 871/1/23
f 871/1/4 872/1/4 874/1/4 873/1/4
f 873/1/22 874/1/22 876/1/22 875/1/22
f 875/1/8 876/1/8 870/1/8 869/1/8
f 870/1/9 876/1/9 874/1/9 872/1/9
f 875/1/24 869/1/24 871/1/24 873/1/24
f 877/1/23 878/1/23 880/1/23 879/1/23
f 879/1/4 880/1/4 882/1/4 881/1/4
f 881/1/22 882/1/22 884/1/22 883/1/22
f 883/1/8 884/1/8 878/1/8 877/1/8
f 878/1/9 884/1/9 882/1/9 880/1/9
f 883/1/24 877/1/24 879/1/24 881/1/24
f 885/1/23 886/1/23 888/1/23 887/1/23
f 887/1/4 888/1/4 890/1/4 889/1/4
f 889/1/22 890/1/22 892/1/22 891/1/22
f 891/1/8 892/1/8 886/1/8 885/1/8
f 886/1/9 892/1/9 890/1/9 888/1/9
f 891/1/24 885/1/24 887/1/24 889/1/24
f 893/1/77 894/1/77 901/1/77 900/1/77
f 894/1/78 895/1/78 902/1/78 901/1/78
f 895/1/24 896/1/24 903/1/24 902/1/24
f 896/1/79 897/1/79 904/1/79 903/1/79
f 897/1/80 898/1/80 905/1/80 904/1/80
f 898/1/81 899/1/81 906/1/81 905/1/81
f 899/1/82 893/1/82 900/1/82 906/1/82
f 894/1/8 893/1/8 907/1/8
f 895/1/8 894/1/8 907/1/8
f 896/1/8 895/1/8 907/1/8
f 897/1/8 896/1/8 907/1/8
f 898/1/8 897/1/8 907/1/8
f 899/1/8 898/1/8 907/1/8
f 893/1/8 899/1/8 907/1/8
f 900/1/4 901/1/4 908/1/4
f 901/1/4 902/1/4 908/1/4
f 902/1/4 903/1/4 908/1/4
f 903/1/4 904/1/4 908/1/4
f 904/1/4 905/1/4 908/1/4
f 905/1/4 906/1/4 908/1/4
f 906/1/4 900/1/4 908/1/4
f 970/1/83 971/1/84 972/1/85 973/1/86
f 972/1/85 974/1/87 975/1/88 973/1/86
f 975/1/88 976/1/89 977/1/90 973/1/86
f 977/1/90 978/1/91 970/1/83 973/1/86
f 977/1/90 976/1/89 979/1/92 980/1/93
f 979/1/92 981/1/94 982/1/95 980/1/93
f 982/1/95 983/1/96 984/1/97 980/1/93
f 984/1/97 978/1/91 977/1/90 980/1/93
f 984/1/97 983/1/96 985/1/98 986/1/99
f 985/1/98 987/1/100 988/1/101 986/1/99
f 988/1/101 989/1/102 990/1/103 986/1/99
f 990/1/103 978/1/91 984/1/97 986/1/99
f 990/1/103 989/1/102 991/1/104 992/1/105
f 991/1/104 993/1/106 994/1/107 992/1/105
f 994/1/107 971/1/84 970/1/83 992/1/105
f 970/1/83 978/1/91 990/1/103 992/1/105
f 995/1/108 989/1/102 988/1/101 996/1/109
f 988/1/101 987/1/100 997/1/110 996/1/109
f 997/1/110 998/1/111 999/1/112 996/1/109
f 999/1/112 1000/1/113 995/1/108 996/1/109
f 999/1/112 998/1/111 1001/1/114 1002/1/115
f 1001/1/114 1003/1/116 1004/1/117 1002/1/115
f 1004/1/117 1005/1/118 1006/1/119 1002/1/115
f 1006/1/119 1000/1/113 999/1/112 1002/1/115
f 1006/1/119 1005/1/118 1007/1/120 1008/1/121
f 1007/1/120 1009/1/122 1010/1/123 1008/1/121
f 1010/1/123 1011/1/124 1012/1/125 1008/1/121
f 1012/1/125 1000/1/113 1006/1/119 1008/1/121
f 1012/1/125 1011/1/124 1013/1/126 1014/1/127
f 1013/1/126 993/1/106 991/1/104 1014/1/127
f 991/1/104 989/1/102 995/1/108 1014/1/127
f 995/1/108 1000/1/113 1012/1/125 1014/1/127
f 1015/1/128 1011/1/124 1010/1/123 1016/1/129
f 1010/1/123 1009/1/122 1017/1/130 1016/1/129
f 1017/1/130 1018/1/131 1019/1/132 1016/1/129
f 1019/1/132 1020/1/133 1015/1/128 1016/1/129
f 1019/1/132 1018/1/131 1021/1/134 1022/1/135
f 1021/1/134 1023/1/136 1024/1/137 1022/1/135
f 1024/1/137 1025/1/138 1026/1/139 1022/1/135
f 1026/1/139 1020/1/133 1019/1/132 1022/1/135
f 1026/1/139 1025/1/138 1027/1/140 1028/1/141
f 1027/1/140 974/1/87 972/1/85 1028/1/141
f 972/1/85 971/1/84 1029/1/142 1028/1/141
f 1029/1/142 1020/1/133 1026/1/139 1028/1/141
f 1029/1/142 971/1/84 994/1/107 1030/1/143
f 994/1/107 993/1/106 1013/1/126 1030/1/143
f 1013/1/126 1011/1/124 1015/1/128 1030/1/143
f 1015/1/128 1020/1/133 1029/1/142 1030/1/143
f 931/1/144 932/1/145 928/1/146 919/1/147
f 928/1/146 932/1/145 929/1/148 914/1/149
f 929/1/148 932/1/145 930/1/150 916/1/151
f 930/1/150 932/1/145 931/1/144 920/1/152
f 930/1/150 936/1/153 933/1/154 916/1/151
f 933/1/154 936/1/153 934/1/155 909/1/156
f 934/1/155 936/1/153 935/1/157 917/1/158
f 935/1/157 936/1/153 930/1/150 920/1/152
f 935/1/157 940/1/159 937/1/160 917/1/158
f 937/1/160 940/1/159 938/1/161 912/1/162
f 938/1/161 940/1/159 939/1/163 918/1/164
f 939/1/163 940/1/159 935/1/157 920/1/152
f 939/1/163 943/1/165 941/1/166 918/1/164
f 941/1/166 943/1/165 942/1/167 915/1/168
f 942/1/167 943/1/165 931/1/144 919/1/147
f 931/1/144 943/1/165 939/1/163 920/1/152
f 946/1/169 947/1/170 938/1/161 918/1/164
f 938/1/161 947/1/170 944/1/171 912/1/162
f 944/1/171 947/1/170 945/1/172 921/1/173
f 945/1/172 947/1/170 946/1/169 924/1/174
f 945/1/172 951/1/175 948/1/176 921/1/173
f 948/1/176 951/1/175 949/1/177 910/1/178
f 949/1/177 951/1/175 950/1/179 922/1/180
f 950/1/179 951/1/175 945/1/172 924/1/174
f 950/1/179 955/1/181 952/1/182 922/1/180
f 952/1/182 955/1/181 953/1/183 913/1/184
f 953/1/183 955/1/181 954/1/185 923/1/186
f 954/1/185 955/1/181 950/1/179 924/1/174
f 954/1/185 957/1/187 956/1/188 923/1/186
f 956/1/188 957/1/187 941/1/166 915/1/168
f 941/1/166 957/1/187 946/1/169 918/1/164
f 946/1/169 957/1/187 954/1/185 924/1/174
f 960/1/189 961/1/190 953/1/183 923/1/186
f 953/1/183 961/1/190 958/1/191 913/1/184
f 958/1/191 961/1/190 959/1/192 925/1/193
f 959/1/192 961/1/190 960/1/189 927/1/194
f 959/1/192 965/1/195 962/1/196 925/1/193
f 962/1/196 965/1/195 963/1/197 911/1/198
f 963/1/197 965/1/195 964/1/199 926/1/200
f 964/1/199 965/1/195 959/1/192 927/1/194
f 964/1/199 968/1/201 966/1/202 926/1/200
f 966/1/202 968/1/201 928/1/146 914/1/149
f 928/1/146 968/1/201 967/1/203 919/1/147
f 967/1/203 968/1/201 964/1/199 927/1/194
f 967/1/203 969/1/204 942/1/167 919/1/147
f 942/1/167 969/1/204 956/1/188 915/1/168
f 956/1/188 969/1/204 960/1/189 923/1/186
f 960/1/189 969/1/204 967/1/203 927/1/194
f 914/1/205 929/1/206 975/1/206 974/1/205
f 929/1/206 916/1/207 976/1/207 975/1/206
f 916/1/207 933/1/208 979/1/208 976/1/207
f 933/1/208 909/1/209 981/1/210 979/1/208
f 909/1/209 934/1/211 982/1/211 981/1/210
f 934/1/211 917/1/212 983/1/213 982/1/211
f 917/1/212 937/1/214 985/1/215 983/1/213
f 937/1/214 912/1/216 987/1/217 985/1/215
f 912/1/216 944/1/218 997/1/219 987/1/217
f 944/1/218 921/1/220 998/1/221 997/1/219
f 921/1/220 948/1/222 1001/1/223 998/1/221
f 948/1/222 910/1/224 1003/1/225 1001/1/223
f 910/1/224 949/1/226 1004/1/227 1003/1/225
f 949/1/226 922/1/228 1005/1/228 1004/1/227
f 922/1/228 952/1/229 1007/1/230 1005/1/228
f 952/1/229 913/1/231 1009/1/232 1007/1/230
f 913/1/231 958/1/233 1017/1/234 1009/1/232
f 958/1/233 925/1/235 1018/1/236 1017/1/234
f 925/1/235 962/1/237 1021/1/238 1018/1/236
f 962/1/237 911/1/239 1023/1/240 1021/1/238
f 911/1/239 963/1/241 1024/1/242 1023/1/240
f 963/1/241 926/1/243 1025/1/244 1024/1/242
f 926/1/243 966/1/245 1027/1/246 1025/1/244
f 966/1/245 914/1/205 974/1/205 1027/1/246
f 1053/1/23 1054/1/23 1055/1/23 1056/1/23
f 1065/1/4 1066/1/4 1067/1/4 1068/1/4
f 1035/1/22 1036/1/22 1038/1/22 1037/1/22
f 1037/1/8 1038/1/8 1032/1/8 1031/1/8
f 1058/1/9 1057/1/9 1059/1/9 1060/1/9
f 1037/1/24 1031/1/24 1033/1/24 1035/1/24
f 1031/1/50 1032/1/247 1040/1/247 1039/1/23
f 1034/1/247 1033/1/248 1042/1/23 1041/1/247
f 1033/1/248 1031/1/50 1039/1/23 1042/1/23
f 1032/1/247 1038/1/247 1043/1/247 1040/1/247
f 1038/1/247 1036/1/247 1044/1/247 1043/1/247
f 1036/1/247 1034/1/247 1041/1/247 1044/1/247
f 1039/1/23 1040/1/23 1046/1/23 1045/1/23
f 1040/1/23 1041/1/23 1047/1/23 1046/1/23
f 1041/1/23 1042/1/23 1048/1/23 1047/1/23
f 1042/1/23 1039/1/23 1045/1/23 1048/1/23
f 1040/1/9 1043/1/9 1049/1/9 1050/1/9
f 1043/1/9 1044/1/9 1051/1/9 1049/1/9
f 1044/1/9 1041/1/9 1052/1/9 1051/1/9
f 1041/1/9 1040/1/9 1050/1/9 1052/1/9
f 1045/1/249 1046/1/249 1054/1/249 1053/1/249
f 1046/1/250 1047/1/250 1055/1/250 1054/1/250
f 1047/1/251 1048/1/251 1056/1/251 1055/1/251
f 1048/1/252 1045/1/252 1053/1/252 1056/1/252
f 1050/1/253 1049/1/253 1057/1/253 1058/1/253
f 1049/1/252 1051/1/252 1059/1/252 1057/1/252
f 1051/1/254 1052/1/254 1060/1/254 1059/1/254
f 1052/1/255 1050/1/255 1058/1/255 1060/1/255
f 1033/1/256 1034/1/256 1062/1/256 1061/1/256
f 1034/1/257 1036/1/257 1063/1/257 1062/1/257
f 1036/1/258 1035/1/258 1064/1/258 1063/1/258
f 1035/1/259 1033/1/259 1061/1/259 1064/1/259
f 1061/1/23 1062/1/23 1066/1/23 1065/1/23
f 1062/1/9 1063/1/9 1067/1/9 1066/1/9
f 1063/1/22 1064/1/22 1068/1/22 1067/1/22
f 1064/1/24 1061/1/24 1065/1/24 1068/1/24
f 1069/1/23 1090/1/23 1091/1/23 1077/1/23
f 1071/1/4 1085/1/4 1086/1/4 1073/1/4
f 1078/1/22 1088/1/22 1089/1/22 1075/1/22
f 1075/1/8 1089/1/8 1090/1/8 1069/1/8
f 1070/1/9 1076/1/9 1079/1/9 1080/1/9
f 1075/1/24 1069/1/24 1077/1/24 1078/1/24
f 1078/1/24 1077/1/24 1081/1/24 1082/1/24
f 1082/1/22 1087/1/22 1088/1/22 1078/1/22
f 1080/1/9 1079/1/9 1083/1/9 1084/1/9
f 1077/1/23 1091/1/23 1092/1/23 1081/1/23
f 1082/1/24 1081/1/24 1071/1/24 1073/1/24
f 1073/1/22 1086/1/22 1087/1/22 1082/1/22
f 1084/1/9 1083/1/9 1074/1/9 1072/1/9
f 1081/1/23 1092/1/23 1085/1/23 1071/1/23
f 1131/1/4 1093/1/4 1094/1/4 1130/1/4
f 1129/1/22 1130/1/22 1094/1/22 1095/1/22
f 1128/1/22 1129/1/22 1095/1/22 1096/1/22
f 1127/1/22 1128/1/22 1096/1/22 1097/1/22
f 1126/1/8 1127/1/8 1097/1/8 1098/1/8
f 1125/1/23 1126/1/23 1098/1/23 1099/1/23
f 1133/1/23 1134/1/23 1135/1/23 1136/1/23
f 1131/1/23 1132/1/23 1100/1/23 1093/1/23
f 1093/1/4 1072/1/4 1074/1/4 1094/1/4
f 1095/1/22 1094/1/22 1074/1/22 1083/1/22
f 1096/1/22 1095/1/22 1083/1/22 1079/1/22
f 1097/1/22 1096/1/22 1079/1/22 1076/1/22
f 1098/1/8 1097/1/8 1076/1/8 1070/1/8
f 1099/1/23 1098/1/23 1070/1/23 1080/1/23
f 1100/1/23 1099/1/23 1080/1/23 1084/1/23
f 1093/1/23 1100/1/23 1084/1/23 1072/1/23
f 1117/1/23 1118/1/23 1102/1/23 1101/1/23
f 1118/1/8 1119/1/8 1103/1/8 1102/1/8
f 1119/1/22 1120/1/22 1104/1/22 1103/1/22
f 1120/1/22 1121/1/22 1105/1/22 1104/1/22
f 1121/1/22 1122/1/22 1106/1/22 1105/1/22
f 1123/1/4 1107/1/4 1106/1/4 1122/1/4
f 1123/1/23 1124/1/23 1108/1/23 1107/1/23
f 1124/1/23 1117/1/23 1101/1/23 1108/1/23
f 1101/1/23 1102/1/23 1110/1/23 1109/1/23
f 1102/1/8 1103/1/8 1111/1/8 1110/1/8
f 1103/1/22 1104/1/22 1112/1/22 1111/1/22
f 1104/1/22 1105/1/22 1113/1/22 1112/1/22
f 1105/1/22 1106/1/22 1114/1/22 1113/1/22
f 1107/1/4 1115/1/4 1114/1/4 1106/1/4
f 1107/1/23 1108/1/23 1116/1/23 1115/1/23
f 1137/1/23 1138/1/23 1139/1/23 1140/1/23
f 1091/1/23 1090/1/23 1118/1/23 1117/1/23
f 1090/1/8 1089/1/8 1119/1/8 1118/1/8
f 1089/1/22 1088/1/22 1120/1/22 1119/1/22
f 1088/1/22 1087/1/22 1121/1/22 1120/1/22
f 1087/1/22 1086/1/22 1122/1/22 1121/1/22
f 1085/1/4 1123/1/4 1122/1/4 1086/1/4
f 1085/1/23 1092/1/23 1124/1/23 1123/1/23
f 1142/1/23 1141/1/23 1143/1/23 1144/1/23
f 1109/1/23 1110/1/23 1126/1/23 1125/1/23
f 1110/1/8 1111/1/8 1127/1/8 1126/1/8
f 1111/1/22 1112/1/22 1128/1/22 1127/1/22
f 1112/1/22 1113/1/22 1129/1/22 1128/1/22
f 1113/1/22 1114/1/22 1130/1/22 1129/1/22
f 1115/1/4 1131/1/4 1130/1/4 1114/1/4
f 1115/1/23 1116/1/23 1132/1/23 1131/1/23
f 1116/1/23 1109/1/23 1125/1/23 1132/1/23
f 1132/1/9 1125/1/9 1134/1/9 1133/1/9
f 1125/1/4 1099/1/4 1135/1/4 1134/1/4
f 1099/1/24 1100/1/24 1136/1/24 1135/1/24
f 1100/1/8 1132/1/8 1133/1/8 1136/1/8
f 1108/1/9 1101/1/9 1138/1/9 1137/1/9
f 1101/1/4 1109/1/4 1139/1/4 1138/1/4
f 1109/1/24 1116/1/24 1140/1/24 1139/1/24
f 1116/1/8 1108/1/8 1137/1/8 1140/1/8
f 1092/1/9 1091/1/9 1141/1/9 1142/1/9
f 1091/1/4 1117/1/4 1143/1/4 1141/1/4
f 1117/1/24 1124/1/24 1144/1/24 1143/1/24
f 1124/1/8 1092/1/8 1142/1/8 1144/1/8
f 1145/2/23 1146/2/23 1148/2/260 1147/2/261
f 1149/2/262 1150/2/263 1152/2/22 1151/2/22
f 1146/2/24 1152/2/24 1150/2/24 1148/2/24
f 1151/2/9 1145/2/9 1147/2/9 1149/2/9
f 1151/2/264 1152/2/264 1154/2/264 1153/2/264
f 1152/2/265 1146/2/265 1155/2/265 1154/2/265
f 1146/2/266 1145/2/266 1156/2/266 1155/2/266
f 1145/2/267 1151/2/267 1153/2/267 1156/2/267
f 1157/2/268 1158/2/269 1160/2/270 1159/2/271
f 1161/2/272 1162/2/273 1164/2/274 1163/2/275
f 1158/2/276 1164/2/276 1162/2/276 1160/2/276
f 1163/2/277 1157/2/277 1159/2/277 1161/2/277
f 1165/2/23 1166/2/23 1168/2/278 1167/2/279
f 1169/2/280 1170/2/281 1172/2/22 1171/2/22
f 1166/2/4 1172/2/4 1170/2/4 1168/2/4
f 1171/2/8 1165/2/8 1167/2/8 1169/2/8
f 1171/2/282 1172/2/282 1174/2/282 1173/2/282
f 1172/2/283 1166/2/283 1175/2/283 1174/2/283
f 1166/2/284 1165/2/284 1176/2/284 1175/2/284
f 1165/2/285 1171/2/285 1173/2/285 1176/2/285
f 1148/2/286 1150/2/286 1161/2/286 1159/2/286
f 1150/2/263 1149/2/262 1162/2/273 1161/2/272
f 1149/2/287 1147/2/287 1160/2/287 1162/2/287
f 1147/2/261 1148/2/260 1159/2/271 1160/2/270
f 1158/2/269 1157/2/268 1167/2/279 1168/2/278
f 1157/2/288 1163/2/288 1169/2/288 1167/2/288
f 1163/2/275 1164/2/274 1170/2/281 1169/2/280
f 1164/2/289 1158/2/289 1168/2/289 1170/2/289
f 1177/2/23 1178/2/23 1180/2/260 1179/2/261
f 1181/2/262 1182/2/290 1184/2/22 1183/2/22
f 1178/2/24 1184/2/24 1182/2/24 1180/2/24
f 1183/2/9 1177/2/9 1179/2/9 1181/2/9
f 1183/2/264 1184/2/264 1186/2/264 1185/2/264
f 1184/2/265 1178/2/265 1187/2/265 1186/2/265
f 1178/2/266 1177/2/266 1188/2/266 1187/2/266
f 1177/2/267 1183/2/267 1185/2/267 1188/2/267
f 1189/2/268 1190/2/269 1192/2/270 1191/2/271
f 1193/2/272 1194/2/273 1196/2/274 1195/2/275
f 1190/2/276 1196/2/276 1194/2/276 1192/2/276
f 1195/2/277 1189/2/277 1191/2/277 1193/2/277
f 1197/2/23 1198/2/23 1200/2/278 1199/2/279
f 1201/2/280 1202/2/281 1204/2/22 1203/2/22
f 1198/2/4 1204/2/4 1202/2/4 1200/2/4
f 1203/2/8 1197/2/8 1199/2/8 1201/2/8
f 1203/2/282 1204/2/282 1206/2/282 1205/2/282
f 1204/2/283 1198/2/283 1207/2/283 1206/2/283
f 1198/2/284 1197/2/284 1208/2/284 1207/2/284
f 1197/2/285 1203/2/285 1205/2/285 1208/2/285
f 1180/2/286 1182/2/286 1193/2/286 1191/2/286
f 1182/2/290 1181/2/262 1194/2/273 1193/2/272
f 1181/2/287 1179/2/287 1192/2/287 1194/2/287
f 1179/2/261 1180/2/260 1191/2/271 1192/2/270
f 1190/2/269 1189/2/268 1199/2/279 1200/2/278
f 1189/2/288 1195/2/288 1201/2/288 1199/2/288
f 1195/2/275 1196/2/274 1202/2/281 1201/2/280
f 1196/2/289 1190/2/289 1200/2/289 1202/2/289
f 3175/2/4 3176/2/4 3177/2/4 3178/2/4
f 1638/2/22 2784/2/22 2785/2/22 1637/2/22
f 3401/2/8 3402/2/8 3403/2/8 3404/2/8
f 2668/2/4 2779/2/4 2780/2/4 2674/2/4
f 1248/2/9 1249/2/9 2684/2/9 2685/2/9
f 2788/2/8 1636/2/8 2683/2/8 2787/2/8
f 1230/2/24 1236/2/24 2679/2/24 2680/2/24
f 1270/2/8 1243/2/8 1705/2/8 1706/2/8
f 1649/2/8 2827/2/8 2828/2/8 1713/2/8
f 1256/2/8 1989/2/8 1990/2/8 1712/2/8
f 1244/2/8 2043/2/8 2044/2/8 1711/2/8
f 1240/2/8 2381/2/8 2382/2/8 1320/2/8
f 1239/2/8 1715/2/8 1716/2/8 1319/2/8
f 2849/2/8 1642/2/8 1721/2/8 2848/2/8
f 1242/2/8 1267/2/8 1728/2/8 1729/2/8
f 2005/2/8 1247/2/8 1722/2/8 2004/2/8
f 2059/2/8 1241/2/8 1723/2/8 2058/2/8
f 1240/2/8 1320/2/8 1718/2/8 1719/2/8
f 2408/2/8 1242/2/8 1337/2/8 2407/2/8
f 1705/2/8 1243/2/8 1338/2/8 1704/2/8
f 1242/2/8 1729/2/8 1730/2/8 1337/2/8
f 1708/2/8 1470/2/8 1384/2/8 1707/2/8
f 1391/2/8 1463/2/8 1726/2/8 1727/2/8
f 1707/2/8 1384/2/8 1270/2/8 1706/2/8
f 1267/2/8 1391/2/8 1727/2/8 1728/2/8
f 2112/2/8 2113/2/8 1495/2/8 1725/2/8
f 1709/2/8 1502/2/8 2097/2/8 2098/2/8
f 1725/2/8 1495/2/8 1367/2/8 1724/2/8
f 1710/2/8 1360/2/8 1502/2/8 1709/2/8
f 1271/2/8 1233/2/8 1549/2/8 1548/2/8
f 1243/2/4 1270/2/4 1547/2/4 1550/2/4
f 2681/2/8 1606/2/8 1230/2/8 2680/2/8
f 1305/2/22 1608/2/22 1607/2/22 1308/2/22
f 1236/2/4 1609/2/4 2678/2/4 2679/2/4
f 1720/2/8 1612/2/8 1240/2/8 1719/2/8
f 1239/2/8 1619/2/8 1714/2/8 1715/2/8
f 2957/2/8 2958/2/8 1606/2/8 2681/2/8
f 1608/2/22 2950/2/22 2951/2/22 1607/2/22
f 1609/2/4 2943/2/4 2944/2/4 2678/2/4
f 2936/2/8 2937/2/8 1612/2/8 1720/2/8
f 3179/2/4 3180/2/4 3181/2/4 3182/2/4
f 1619/2/8 2993/2/8 2994/2/8 1714/2/8
f 1311/2/8 1705/2/8 1704/2/8 1342/2/8
f 1706/2/8 1705/2/8 1311/2/8 1310/2/8
f 1385/2/8 1707/2/8 1706/2/8 1310/2/8
f 1469/2/8 1708/2/8 1707/2/8 1385/2/8
f 1501/2/8 1709/2/8 2098/2/8 2099/2/8
f 1361/2/8 1710/2/8 1709/2/8 1501/2/8
f 1711/2/8 2044/2/8 2045/2/8 1317/2/8
f 1712/2/8 1990/2/8 1991/2/8 1313/2/8
f 1713/2/8 2828/2/8 2829/2/8 1648/2/8
f 1714/2/8 2994/2/8 2995/2/8 1618/2/8
f 1715/2/8 1714/2/8 1618/2/8 1314/2/8
f 1716/2/8 1715/2/8 1314/2/8 1323/2/8
f 1719/2/8 1718/2/8 1335/2/8 1328/2/8
f 1613/2/8 1720/2/8 1719/2/8 1328/2/8
f 2935/2/8 2936/2/8 1720/2/8 1613/2/8
f 2848/2/8 1721/2/8 1643/2/8 2847/2/8
f 2004/2/8 1722/2/8 1327/2/8 2003/2/8
f 2058/2/8 1723/2/8 1334/2/8 2057/2/8
f 1496/2/8 1725/2/8 1724/2/8 1366/2/8
f 2111/2/8 2112/2/8 1725/2/8 1496/2/8
f 1727/2/8 1726/2/8 1464/2/8 1390/2/8
f 1728/2/8 1727/2/8 1390/2/8 1329/2/8
f 1729/2/8 1728/2/8 1329/2/8 1330/2/8
f 1730/2/8 1729/2/8 1330/2/8 1343/2/8
f 2339/2/8 1816/2/8 1815/2/8 2338/2/8
f 1850/2/8 1849/2/8 2314/2/8 2315/2/8
f 1552/985/24 2450/984/24 2378/1729/24 1931/1728/24
f 2377/1601/24 2311/1735/24 1932/1734/24 1848/1600/24
f 1940/1772/23 1939/1773/23 1648/143/23 1647/146/23
f 1946/1783/23 1945/1784/23 1803/1626/23 1856/1629/23
f 3184/2/4 3183/2/4 3175/2/4 3178/2/4
f 1643/2/8 1721/2/8 1954/2/8 1953/2/8
f 1721/2/8 1642/2/8 1955/2/8 1954/2/8
f 1956/1798/22 1955/1799/22 1642/919/22 1904/922/22
f 1982/1834/23 1981/1835/23 1654/103/23 1653/106/23
f 1983/1836/8 1982/1837/8 1653/1103/8 1652/1106/8
f 1223/379/4 1996/374/4 1995/377/4 1696/380/4
f 1997/1454/4 2324/1453/4 2325/1458/4 1805/1457/4
f 1988/1860/8 1885/1861/8 2035/1862/8 2037/1863/8
f 1863/1864/4 1987/1865/4 2038/1863/4 2034/1866/4
f 1363/802/4 2050/378/4 2049/381/4 1697/803/4
f 1806/1461/4 2051/1456/4 2326/1459/4 2327/1462/4
f 2090/241/23 2089/240/23 1357/811/23 1358/810/23
f 1359/808/4 2091/276/4 2090/279/4 1358/809/4
f 2176/1891/4 2177/1892/4 2104/735/4 2103/734/4
f 2178/1893/4 2105/1464/4 2329/1465/4 2330/1894/4
f 2095/1975/24 2096/1983/24 2163/1984/24 2160/1976/24
f 1887/1981/8 2042/1985/8 2164/1986/8 2161/1973/8
f 1699/489/4 1467/488/4 2177/1892/4 2176/1891/4
f 1808/1467/4 2178/1893/4 2330/1894/4 2331/1468/4
f 1551/2041/24 1571/2042/24 2237/2043/24 2239/2044/24
f 2264/2090/4 2263/2089/4 2177/1892/4 1467/488/4
f 2307/2187/24 2306/2188/24 1301/2189/24 1303/2190/24
f 2331/1468/4 2330/1894/4 2263/2089/4 2264/2090/4
f 2374/1591/24 2373/1590/24 2306/2188/24 2307/2187/24
f 2520/2209/24 2521/2208/24 3165/2207/24 3166/2210/24
f 2501/2259/4 2502/2257/4 3105/2258/4 3106/2260/4
f 2486/2315/9 2485/2314/9 2418/648/9 2417/651/9
f 2400/492/4 2399/1895/4 2500/2261/4 2499/2263/4
f 2394/227/4 2393/148/4 2506/2249/4 2505/2251/4
f 1655/2596/299 2814/2597/299 2815/2598/299 2653/2599/299
f 2817/2600/300 1654/2601/300 2655/86/300 2816/85/300
f 1254/2602/299 2028/2603/299 2656/2604/299 2652/2605/299
f 2029/2606/300 1255/2607/300 2654/183/300 2657/186/300
f 1593/2608/299 2982/2609/299 2983/2610/299 2659/2611/299
f 2985/2612/300 1592/2613/300 2661/1165/300 2984/1164/300
f 1592/2614/24 1593/2615/24 2659/2616/24 2661/2617/24
f 1980/2618/299 1655/2596/299 2653/2599/299 2658/2619/299
f 1654/2601/300 1981/2620/300 2660/1832/300 2655/86/300
f 2028/2603/299 1228/2621/299 2662/2622/299 2656/2604/299
f 1228/2623/9 1234/2624/9 2663/2625/9 2662/2626/9
f 1234/2627/300 2029/2606/300 2657/186/300 2663/1852/300
f 1639/2/4 2855/2/4 2778/2/4 2664/2/4
f 1248/2/4 2685/2/301 2672/2/302 2665/2/4
f 2784/2/4 1638/2/4 2667/2/4 2783/2/4
f 2676/2/4 1639/2/4 2664/2/4 2675/2/4
f 2664/2/22 2778/2/303 2779/2/304 2668/2/22
f 2665/2/24 2672/2/24 2673/2/24 2669/2/24
f 2783/2/23 2667/2/23 2671/2/23 2782/2/23
f 2675/2/9 2664/2/9 2668/2/9 2674/2/9
f 2672/2/24 2875/2/24 2876/2/24 2673/2/24
f 2674/2/4 2780/2/4 2878/2/4 2879/2/4
f 2880/2/9 2675/2/9 2674/2/9 2879/2/9
f 2881/2/4 2676/2/4 2675/2/4 2880/2/4
f 2882/2/4 2677/2/4 2676/2/4 2881/2/4
f 2678/2/4 2944/2/4 2945/2/4 2883/2/4
f 2679/2/4 2678/2/4 2883/2/4 2884/2/4
f 2680/2/24 2679/2/24 2884/2/24 2885/2/24
f 2886/2/8 2681/2/8 2680/2/8 2885/2/8
f 2956/2/8 2957/2/8 2681/2/8 2886/2/8
f 2888/2/8 2683/2/8 2682/2/8 2887/2/8
f 2787/2/8 2683/2/8 2888/2/8 2889/2/8
f 2685/2/9 2684/2/9 2891/2/9 2874/2/9
f 2672/2/305 2685/2/306 2874/2/307 2875/2/308
f 2686/2/24 2666/2/24 2670/2/24 2687/2/24
f 2688/2/4 2781/2/4 2782/2/4 2671/2/4
f 2667/2/9 2689/2/9 2688/2/9 2671/2/9
f 1638/2/4 2690/2/4 2689/2/4 2667/2/4
f 1962/2/4 2691/2/4 2690/2/4 1638/2/4
f 2692/2/4 2949/2/4 2950/2/4 1608/2/4
f 2693/2/4 2692/2/4 1608/2/4 1305/2/4
f 2694/2/24 2693/2/24 1305/2/24 1308/2/24
f 1607/2/8 2695/2/8 2694/2/8 1308/2/8
f 2951/2/8 2952/2/8 2695/2/8 1607/2/8
f 1637/2/8 2697/2/8 2696/2/8 1963/2/8
f 2786/2/8 2697/2/8 1637/2/8 2785/2/8
f 2738/2704/23 2737/2705/23 3067/2706/23 3068/2707/23
f 3069/2708/300 2739/2709/300 2738/2704/300 3068/2707/300
f 2750/2/8 2749/2/8 3079/2/8 3080/2/8
f 3086/2759/4 2756/2760/4 2755/2761/4 3085/2762/4
f 2757/2763/4 2756/2760/4 3086/2759/4 3087/2764/4
f 3008/2779/22 2764/2780/22 2763/2781/22 3007/2782/22
f 2765/2783/4 2764/2784/4 3008/2785/4 3009/2786/4
f 2766/2787/23 2765/2788/23 3009/2789/23 3010/2790/23
f 2767/2791/4 2766/2792/4 3010/2793/4 3011/2794/4
f 3012/2795/22 2768/2796/22 2767/2797/22 3011/2798/22
f 2769/2799/22 2768/2796/22 3012/2795/22 3013/2800/22
f 3014/2/8 2770/2/8 2769/2/8 3013/2/8
f 3015/2/8 2771/2/8 2770/2/8 3014/2/8
f 2772/2801/22 2771/2802/22 3015/2803/22 3016/2804/22
f 2773/2805/22 2772/2801/22 3016/2804/22 3017/2806/22
f 2774/2807/22 2773/2805/22 3017/2806/22 3018/2808/22
f 2814/630/23 2813/629/23 2735/2697/23 2736/2696/23
f 2815/2598/299 2814/2597/299 2736/2701/299 2737/2700/299
f 2748/2740/8 2826/1857/8 2825/1855/8 2747/2731/8
f 2829/2/8 2828/2/8 2750/2/8 2751/2/8
f 2754/2752/4 2832/1248/4 2831/1251/4 2753/2753/4
f 2755/2756/22 2833/1355/22 2832/1358/22 2754/2757/22
f 2840/2461/4 2839/2242/4 2761/2773/4 2762/2777/4
f 3177/2/4 3176/2/4 3189/2/4 3190/2/4
f 2764/2780/22 2842/1634/22 2841/1637/22 2763/2781/22
f 2843/400/4 2842/399/4 2764/2784/4 2765/2783/4
f 2844/1433/23 2843/1432/23 2765/2788/23 2766/2787/23
f 2845/2/4 2844/2/4 2766/2/4 2767/2/4
f 2768/2796/22 2846/128/22 2845/1436/22 2767/2797/22
f 2847/129/22 2846/128/22 2768/2796/22 2769/2799/22
f 2770/2/8 2848/2/8 2847/2/8 2769/2/8
f 2771/2/8 2849/2/8 2848/2/8 2770/2/8
f 2850/921/22 2849/920/22 2771/2802/22 2772/2801/22
f 2851/1719/22 2850/921/22 2772/2801/22 2773/2805/22
f 2852/1720/22 2851/1719/22 2773/2805/22 2774/2807/22
f 2853/987/22 2852/1720/22 2774/2807/22 2775/2809/22
f 2854/112/22 2853/987/22 2775/2809/22 2776/2811/22
f 2855/113/22 2854/112/22 2776/2811/22 2777/2813/22
f 2778/2/4 2855/2/4 2777/2/4 2700/2/4
f 2857/2/4 2856/2/4 2699/2/4 2686/2/4
f 2858/2/24 2857/2/24 2686/2/24 2687/2/24
f 2703/2/4 2859/2/4 3028/2/4 3029/2/4
f 2781/2/4 2860/2/4 2859/2/4 2703/2/4
f 2861/2/4 2860/2/4 2781/2/4 2688/2/4
f 2689/2/9 2862/2/9 2861/2/9 2688/2/9
f 2690/2/4 2863/2/4 2862/2/4 2689/2/4
f 2691/2/4 2864/2/4 2863/2/4 2690/2/4
f 2865/2/4 2948/2/4 2949/2/4 2692/2/4
f 2866/2/4 2865/2/4 2692/2/4 2693/2/4
f 2867/2/24 2866/2/24 2693/2/24 2694/2/24
f 2695/2/8 2868/2/8 2867/2/8 2694/2/8
f 2952/2/8 2953/2/8 2868/2/8 2695/2/8
f 2697/2/8 2870/2/8 2869/2/8 2696/2/8
f 2871/2/8 2870/2/8 2697/2/8 2786/2/8
f 2872/2/8 2871/2/8 2786/2/8 2708/2/8
f 3035/2/8 2872/2/8 2708/2/8 3034/2/8
f 2856/2/9 2873/2/9 2698/2/9 2699/2/9
f 2875/2/313 2874/2/314 2910/2/315 2911/2/316
f 2876/2/24 2875/2/24 2911/2/24 2912/2/24
f 2913/2/4 2877/2/4 3025/2/4 3026/2/4
f 2914/2/4 2878/2/4 2877/2/4 2913/2/4
f 2879/2/4 2878/2/4 2914/2/4 2915/2/4
f 2916/2/9 2880/2/9 2879/2/9 2915/2/9
f 2917/2/4 2881/2/4 2880/2/4 2916/2/4
f 2918/2/4 2882/2/4 2881/2/4 2917/2/4
f 2883/2/4 2945/2/4 2946/2/4 2919/2/4
f 2884/2/4 2883/2/4 2919/2/4 2920/2/4
f 2885/2/24 2884/2/24 2920/2/24 2921/2/24
f 2922/2/8 2886/2/8 2885/2/8 2921/2/8
f 2955/2/8 2956/2/8 2886/2/8 2922/2/8
f 2924/2/8 2888/2/8 2887/2/8 2923/2/8
f 2889/2/8 2888/2/8 2924/2/8 2925/2/8
f 2890/2/8 2889/2/8 2925/2/8 2926/2/8
f 3038/2/8 2890/2/8 2926/2/8 3037/2/8
f 2874/2/9 2891/2/9 2927/2/9 2910/2/9
f 2893/2/317 2892/2/318 2856/2/4 2857/2/4
f 2894/2/24 2893/2/24 2857/2/24 2858/2/24
f 2859/2/4 2895/2/4 3027/2/4 3028/2/4
f 2860/2/4 2896/2/4 2895/2/4 2859/2/4
f 2897/2/4 2896/2/4 2860/2/4 2861/2/4
f 2862/2/9 2898/2/9 2897/2/9 2861/2/9
f 2863/2/4 2899/2/4 2898/2/4 2862/2/4
f 2864/2/4 2900/2/4 2899/2/4 2863/2/4
f 2901/2/4 2947/2/4 2948/2/4 2865/2/4
f 2902/2/4 2901/2/4 2865/2/4 2866/2/4
f 2903/2/24 2902/2/24 2866/2/24 2867/2/24
f 2868/2/8 2904/2/8 2903/2/8 2867/2/8
f 2953/2/8 2954/2/8 2904/2/8 2868/2/8
f 2870/2/8 2906/2/8 2905/2/8 2869/2/8
f 2907/2/8 2906/2/8 2870/2/8 2871/2/8
f 2908/2/8 2907/2/8 2871/2/8 2872/2/8
f 3036/2/8 2908/2/8 2872/2/8 3035/2/8
f 2892/2/9 2909/2/9 2873/2/9 2856/2/9
f 2911/2/319 2910/2/320 2892/2/321 2893/2/322
f 2912/2/24 2911/2/24 2893/2/24 2894/2/24
f 2895/2/4 2913/2/4 3026/2/4 3027/2/4
f 2919/2/4 2946/2/4 2947/2/4 2901/2/4
f 2920/2/4 2919/2/4 2901/2/4 2902/2/4
f 3037/2/8 2926/2/8 2908/2/8 3036/2/8
f 2910/2/9 2927/2/9 2909/2/9 2892/2/9
f 3180/2/4 3183/2/4 3184/2/4 3181/2/4
f 1948/1785/22 2930/1642/22 2929/1645/22 1947/1786/22
f 2931/1142/4 2930/1141/4 1948/1788/4 1949/1787/4
f 2932/1439/23 2931/1438/23 1949/1792/23 1950/1791/23
f 2933/1310/4 2932/1309/4 1950/1794/4 1951/1793/4
f 1952/1795/22 2934/1139/22 2933/1442/22 1951/1796/22
f 2935/1140/22 2934/1139/22 1952/1795/22 1953/1797/22
f 1953/2/8 1954/2/8 2936/2/8 2935/2/8
f 1954/2/8 1955/2/8 2937/2/8 2936/2/8
f 2938/1138/22 2937/1137/22 1955/1799/22 1956/1798/22
f 2939/1723/22 2938/1138/22 1956/1798/22 1957/1800/22
f 2940/1724/22 2939/1723/22 1957/1800/22 1958/1801/22
f 2941/1136/22 2940/1724/22 1958/1801/22 1959/1802/22
f 2977/1115/23 2976/2487/23 1976/2488/23 2540/1826/23
f 2978/1116/23 2977/1115/23 2540/1826/23 1977/1825/23
f 1984/1841/4 1985/1840/4 2989/1150/4 2988/1149/4
f 2995/2/8 2994/2/8 1938/2/8 1939/2/8
f 2996/1146/23 2995/1145/23 1939/1773/23 1940/1772/23
f 3003/1625/4 3002/1624/4 2321/1782/4 1945/1781/4
f 3004/1640/23 3003/1639/23 1945/1784/23 1946/1783/23
f 3005/2815/4 3093/918/4 3094/2239/4 2510/2238/4
f 2928/2816/4 3005/2815/4 2510/2238/4 2389/2463/4
f 3192/2/4 3191/2/4 3193/2/4 3194/2/4
f 1246/1631/22 3008/2779/22 3007/2782/22 1858/1632/22
f 3009/2817/4 3008/2818/4 1246/150/4 1739/407/4
f 3010/2790/23 3009/2789/23 1739/1425/23 1795/1428/23
f 3011/2794/4 3010/2793/4 1795/1300/4 1796/1303/4
f 1326/152/22 3012/2795/22 3011/2798/22 1796/1429/22
f 3013/2800/22 3012/2795/22 1326/152/22 1327/151/22
f 1722/2/8 3014/2/8 3013/2/8 1327/2/8
f 1247/2/8 3015/2/8 3014/2/8 1722/2/8
f 3016/2804/22 3015/2803/22 1247/925/22 1903/924/22
f 3017/2806/22 3016/2804/22 1903/924/22 1877/1716/22
f 3018/2808/22 3017/2806/22 1877/1716/22 1928/1715/22
f 3019/2810/22 3018/2808/22 1928/1715/22 1553/988/22
f 3020/2812/22 3019/2810/22 1553/988/22 1573/156/22
f 3021/2814/22 3020/2812/22 1573/156/22 1248/155/22
f 3061/2681/23 3060/2679/23 1432/179/23 1657/849/23
f 3062/2685/4 3061/2684/4 1657/2819/4 1689/2820/4
f 3071/2717/8 3070/2716/8 1590/2826/8 1623/2827/8
f 3072/2721/23 3071/2720/23 1623/2828/23 1624/2829/23
f 1570/2830/4 3073/2722/4 3072/2717/4 1624/2831/4
f 3074/2728/23 3073/2727/23 1570/1759/23 1911/1657/23
f 3075/2730/23 3074/2728/23 1911/1657/23 1863/1656/23
f 3076/2734/4 3075/2733/4 1863/1864/4 2034/1866/4
f 3077/2738/23 3076/2737/23 2034/1748/23 2035/1747/23
f 1885/1861/8 3078/2739/8 3077/2734/8 2035/1862/8
f 3079/2744/23 3078/2743/23 1885/977/23 1256/976/23
f 3203/2/4 3201/2/4 3202/2/4 3204/2/4
f 3148/2368/8 3147/2366/8 1835/1558/8 1836/1560/8
f 3154/2384/24 3153/2382/24 1840/1572/24 1841/1576/24
f 3158/2394/8 3157/2393/8 1843/1585/8 1844/1584/8
f 1846/1593/4 3160/2399/4 3159/2402/4 1845/1594/4
f 3162/2408/24 3161/2406/24 1847/1596/24 1848/1600/24
f 3164/2432/4 3163/2431/4 1932/2834/4 2458/2835/4
f 3166/2210/24 3165/2207/24 2459/2837/24 2462/2838/24
f 3168/2214/24 3167/2213/24 1907/1603/24 1849/1602/24
f 3170/2218/24 3169/2217/24 1850/1607/24 1851/1606/24
f 1853/1613/4 3172/2221/4 3171/2224/4 1852/1614/4
f 1854/1617/9 3173/2225/9 3172/2228/9 1853/1618/9
f 2390/2/23 2840/2/23 3176/2/23 3175/2/23
f 2929/2/22 1861/2/22 3182/2/22 3181/2/22
f 1859/2/22 1947/2/22 3184/2/22 3178/2/22
f 3093/2/9 3005/2/9 3187/2/9 3186/2/9
f 3005/2/9 2928/2/9 3180/2/9 3187/2/9
f 2762/2/23 3006/2/23 3191/2/23 3189/2/23
f 3007/2/22 2763/2/22 3190/2/22 3192/2/22
f 2148/2863/8 2221/2874/8 3227/2875/8 3223/2864/8
f 2410/3043/23 2409/3045/23 3324/3046/23 3323/3044/23
f 2409/3047/8 2490/3028/8 3309/3031/8 3324/3048/8
f 1232/3050/8 1275/3053/8 3327/3054/8 3325/3051/8
f 1276/3057/8 1285/3058/8 3331/3059/8 3330/3060/8
f 1281/262/8 1227/261/8 3329/3062/8 3332/3061/8
f 1819/3067/8 2343/3068/8 3336/3069/8 3335/3070/8
f 2276/3073/8 1276/3057/8 3330/3060/8 3338/3074/8
f 2343/3068/8 2276/3073/8 3338/3074/8 3336/3069/8
f 3341/2/24 3342/2/24 3360/2/24 3359/2/24
f 3333/3099/9 3340/3104/9 3358/3107/9 3351/3100/9
f 3342/2/24 3335/2/24 3353/2/24 3360/2/24
f 2422/78/8 1216/77/8 3361/3108/8 3362/3109/8
f 1216/74/22 1411/73/22 3363/3110/22 3361/3111/22
f 1411/73/22 1219/563/22 3365/3112/22 3363/3110/22
f 1219/3113/4 2421/3114/4 3366/3115/4 3365/3116/4
f 1824/3117/4 2348/3118/4 3370/3119/4 3369/3120/4
f 2349/1531/8 1825/1530/8 3371/3121/8 3372/3122/8
f 2281/3123/4 1220/3124/4 3376/3125/4 3375/3126/4
f 1220/3127/23 1412/3128/23 3374/3129/23 3376/3130/23
f 1210/299/8 2282/2142/8 3377/3131/8 3378/3132/8
f 1412/3128/23 1210/3133/23 3378/3134/23 3374/3129/23
f 2348/3118/4 2281/3123/4 3375/3126/4 3370/3119/4
f 2282/2142/8 2349/1531/8 3372/3122/8 3377/3131/8
f 2482/3135/4 3127/3136/4 3382/3137/4 3381/3138/4
f 3128/2334/8 2481/2333/8 3383/3139/8 3384/3140/8
f 2481/2333/8 2422/78/8 3362/3109/8 3383/3139/8
f 2421/3114/4 2482/3135/4 3381/3138/4 3366/3115/4
f 3127/3136/4 1824/3117/4 3369/3120/4 3382/3137/4
f 1825/1530/8 3128/2334/8 3384/3140/8 3371/3121/8
f 3347/2119/8 3348/2122/8 3386/3141/8 3385/3142/8
f 3348/2/8 3349/2/8 3387/2/8 3386/2/8
f 3349/3143/8 3350/3144/8 3388/3145/8 3387/3146/8
f 3350/3144/8 3347/2119/8 3385/3142/8 3388/3145/8
f 3385/2/323 3386/2/323 3390/2/323 3389/2/323
f 3386/2/324 3387/2/324 3391/2/324 3390/2/324
f 3387/2/325 3388/2/325 3392/2/325 3391/2/325
f 3388/2/326 3385/2/326 3389/2/326 3392/2/326
f 3389/2/8 3390/2/8 3394/2/8 3393/2/8
f 3390/2/8 3391/2/8 3395/2/8 3394/2/8
f 3391/2/8 3392/2/8 3396/2/8 3395/2/8
f 3392/2/8 3389/2/8 3393/2/8 3396/2/8
f 3393/2/22 3394/2/22 3398/2/22 3397/2/22
f 3394/2/9 3395/2/9 3399/2/9 3398/2/9
f 3395/2/23 3396/2/23 3400/2/23 3399/2/23
f 3396/2/24 3393/2/24 3397/2/24 3400/2/24
f 3397/2/327 3398/2/327 3402/2/327 3401/2/327
f 3398/2/328 3399/2/328 3403/2/328 3402/2/328
f 3399/2/329 3400/2/329 3404/2/329 3403/2/329
f 3400/2/330 3397/2/330 3401/2/330 3404/2/330
f 2391/2/8 1858/2/8 3420/2/8 3417/2/8
f 1858/2/22 3194/2/22 3419/2/22 3420/2/22
f 3194/2/4 3193/2/4 3418/2/4 3419/2/4
f 3193/2/23 2391/2/23 3417/2/23 3418/2/23
f 1857/2/8 3099/2/8 3413/2/8 3414/2/8
f 3099/2/22 3197/2/22 3416/2/22 3413/2/22
f 3197/2/4 3210/2/4 3415/2/4 3416/2/4
f 3210/2/23 1857/2/23 3414/2/23 3415/2/23
f 3422/2/8 3421/2/8 3423/2/8 3424/2/8
f 3466/2/23 3465/2/23 3467/2/23 3468/2/23
f 3416/2/4 3415/2/4 3412/2/4 3411/2/4
f 3413/2/22 3416/2/22 3411/2/22 3410/2/22
f 3430/2/23 3429/2/23 3431/2/23 3432/2/23
f 3419/2/4 3418/2/4 3408/2/4 3407/2/4
f 3420/2/22 3419/2/22 3407/2/22 3406/2/22
f 3426/2/8 3425/2/8 3427/2/8 3428/2/8
f 3414/2/24 3413/2/24 3421/2/24 3422/2/24
f 3413/2/22 3410/2/22 3423/2/22 3421/2/22
f 3410/2/9 3409/2/9 3424/2/9 3423/2/9
f 3409/2/23 3414/2/23 3422/2/23 3424/2/23
f 3417/2/24 3420/2/24 3425/2/24 3426/2/24
f 3420/2/22 3406/2/22 3427/2/22 3425/2/22
f 3406/2/9 3405/2/9 3428/2/9 3427/2/9
f 3405/2/23 3417/2/23 3426/2/23 3428/2/23
f 3418/2/24 3417/2/24 3429/2/24 3430/2/24
f 3417/2/8 3405/2/8 3431/2/8 3429/2/8
f 3405/2/9 3408/2/9 3432/2/9 3431/2/9
f 3408/2/4 3418/2/4 3430/2/4 3432/2/4
f 3090/2/8 1857/2/8 3434/2/8 3433/2/8
f 1857/2/9 3210/2/9 3435/2/9 3434/2/9
f 3210/2/4 3209/2/4 3436/2/4 3435/2/4
f 3209/2/24 3090/2/24 3433/2/24 3436/2/24
f 3415/2/24 3414/2/24 3437/2/24 3438/2/24
f 3414/2/8 3409/2/8 3439/2/8 3437/2/8
f 3409/2/9 3412/2/9 3440/2/9 3439/2/9
f 3412/2/4 3415/2/4 3438/2/4 3440/2/4
f 3449/2/8 3450/2/8 3451/2/8 3452/2/8
f 3474/2/9 3477/2/9 3486/2/9 3494/2/9
f 3435/2/4 3436/2/4 3444/2/4 3443/2/4
f 3436/2/24 3433/2/24 3441/2/24 3444/2/24
f 3478/2/24 3472/2/24 3492/2/24 3485/2/24
f 3453/2/8 3454/2/8 3455/2/8 3456/2/8
f 3439/2/9 3440/2/9 3448/2/9 3447/2/9
f 3440/2/4 3438/2/4 3446/2/4 3448/2/4
f 3433/2/22 3434/2/22 3450/2/22 3449/2/22
f 3434/2/9 3442/2/9 3451/2/9 3450/2/9
f 3442/2/23 3441/2/23 3452/2/23 3451/2/23
f 3441/2/24 3433/2/24 3449/2/24 3452/2/24
f 3437/2/22 3439/2/22 3454/2/22 3453/2/22
f 3439/2/9 3447/2/9 3455/2/9 3454/2/9
f 3447/2/23 3445/2/23 3456/2/23 3455/2/23
f 3445/2/24 3437/2/24 3453/2/24 3456/2/24
f 3434/2/22 3435/2/22 3480/2/22 3475/2/22
f 3435/2/4 3443/2/4 3487/2/4 3479/2/4
f 3463/2/23 3462/2/23 3497/2/23 3503/2/23
f 3442/2/8 3434/2/8 3473/2/8 3493/2/8
f 3438/2/22 3437/2/22 3457/2/22 3476/2/22
f 3437/2/8 3445/2/8 3491/2/8 3471/2/8
f 3465/2/23 3466/2/23 3500/2/23 3495/2/23
f 3446/2/4 3438/2/4 3458/2/4 3484/2/4
f 3441/2/331 3442/2/332 3462/2/23 3461/2/23
f 3443/2/54 3444/2/55 3464/2/23 3463/2/23
f 3444/2/55 3441/2/331 3461/2/23 3464/2/23
f 3445/2/333 3447/2/334 3467/2/23 3465/2/23
f 3447/2/334 3448/2/57 3468/2/23 3467/2/23
f 3448/2/57 3446/2/54 3466/2/23 3468/2/23
f 3442/2/332 3460/2/23 3499/2/23 3462/2/23
f 3489/2/23 3459/2/23 3504/2/23 3498/2/23
f 3482/2/23 3443/2/23 3463/2/23 3502/2/23
f 3446/2/54 3481/2/23 3501/2/23 3466/2/23
f 3483/2/23 3488/2/23 3496/2/23 3470/2/23
f 3490/2/23 3445/2/23 3465/2/23 3469/2/23
f 3505/1/277 3507/1/277 3523/1/277 3525/1/277
f 3506/1/335 3505/1/335 3510/1/335 3509/1/335
f 3507/1/336 3506/1/336 3512/1/336 3511/1/336
f 3508/1/337 3510/1/337 3526/1/337 3528/1/337
f 3509/1/338 3508/1/338 3516/1/338 3515/1/338
f 3511/1/339 3513/1/339 3518/1/339 3517/1/339
f 3513/1/340 3512/1/340 3515/1/340 3514/1/340
f 3514/1/276 3516/1/276 3522/1/276 3521/1/276
f 3517/1/341 3519/1/341 3524/1/341 3523/1/341
f 3519/1/342 3518/1/342 3521/1/342 3520/1/342
f 3520/1/343 3522/1/343 3528/1/343 3527/1/343
f 3525/1/344 3524/1/344 3527/1/344 3526/1/344
f 3506/1/23 3509/1/23 3515/1/23 3512/1/23
f 3513/1/4 3514/1/4 3521/1/4 3518/1/4
f 3519/1/22 3520/1/22 3527/1/22 3524/1/22
f 3525/1/8 3526/1/8 3510/1/8 3505/1/8
f 3508/1/9 3528/1/9 3522/1/9 3516/1/9
f 3523/1/24 3507/1/24 3511/1/24 3517/1/24
f 3505/1/345 3506/1/345 3507/1/345
f 3508/1/346 3509/1/346 3510/1/346
f 3511/1/347 3512/1/347 3513/1/347
f 3514/1/348 3515/1/348 3516/1/348
f 3517/1/349 3518/1/349 3519/1/349
f 3520/1/350 3521/1/350 3522/1/350
f 3523/1/351 3524/1/351 3525/1/351
f 3526/1/352 3527/1/352 3528/1/352
f 3529/1/77 3530/1/77 3537/1/77 3536/1/77
f 3530/1/78 3531/1/78 3538/1/78 3537/1/78
f 3531/1/24 3532/1/24 3539/1/24 3538/1/24
f 3532/1/79 3533/1/79 3540/1/79 3539/1/79
f 3533/1/80 3534/1/80 3541/1/80 3540/1/80
f 3534/1/81 3535/1/81 3542/1/81 3541/1/81
f 3535/1/82 3529/1/82 3536/1/82 3542/1/82
f 3530/1/8 3529/1/8 3543/1/8
f 3531/1/8 3530/1/8 3543/1/8
f 3532/1/8 3531/1/8 3543/1/8
f 3533/1/8 3532/1/8 3543/1/8
f 3534/1/8 3533/1/8 3543/1/8
f 3535/1/8 3534/1/8 3543/1/8
f 3529/1/8 3535/1/8 3543/1/8
f 3536/1/4 3537/1/4 3544/1/4
f 3537/1/4 3538/1/4 3544/1/4
f 3538/1/4 3539/1/4 3544/1/4
f 3539/1/4 3540/1/4 3544/1/4
f 3540/1/4 3541/1/4 3544/1/4
f 3541/1/4 3542/1/4 3544/1/4
f 3542/1/4 3536/1/4 3544/1/4
f 3558/1/23 3559/1/23 3548/1/23 3547/1/23
f 3563/1/4 3564/1/4 3550/1/4 3549/1/4
f 3549/1/22 3550/1/22 3560/1/22 3557/1/22
f 3551/1/8 3552/1/8 3567/1/8 3568/1/8
f 3565/1/9 3560/1/9 3550/1/9 3564/1/9
f 3557/1/24 3562/1/24 3563/1/24 3549/1/24
f 3551/1/24 3568/1/24 3561/1/24 3553/1/24
f 3545/1/23 3546/1/23 3555/1/23 3554/1/23
f 3567/1/9 3552/1/9 3556/1/9 3566/1/9
f 3553/1/22 3556/1/22 3552/1/22 3551/1/22
f 3553/1/24 3561/1/24 3697/1/24 3698/1/24
f 3554/1/23 3555/1/23 3702/1/23 3703/1/23
f 3566/1/9 3556/1/9 3699/1/9 3700/1/9
f 3698/1/22 3699/1/22 3556/1/22 3553/1/22
f 3705/1/24 3706/1/24 3707/1/24 3708/1/24
f 3563/1/24 3562/1/24 3570/1/24 3571/1/24
f 3571/1/4 3572/1/4 3564/1/4 3563/1/4
f 3573/1/9 3565/1/9 3564/1/9 3572/1/9
f 3574/1/9 3566/1/9 3700/1/9 3701/1/9
f 3575/1/9 3567/1/9 3566/1/9 3574/1/9
f 3568/1/8 3567/1/8 3575/1/8 3576/1/8
f 3561/1/24 3568/1/24 3576/1/24 3569/1/24
f 3569/1/24 3554/1/24 3703/1/24 3704/1/24
f 3571/1/24 3570/1/24 3558/1/24 3547/1/24
f 3547/1/4 3548/1/4 3572/1/4 3571/1/4
f 3559/1/9 3573/1/9 3572/1/9 3548/1/9
f 3555/1/9 3574/1/9 3701/1/9 3702/1/9
f 3546/1/9 3575/1/9 3574/1/9 3555/1/9
f 3576/1/8 3575/1/8 3546/1/8 3545/1/8
f 3569/1/24 3576/1/24 3545/1/24 3554/1/24
f 3578/1/24 3577/1/24 3562/1/24 3557/1/24
f 3557/1/22 3560/1/22 3579/1/22 3578/1/22
f 3580/1/9 3579/1/9 3560/1/9 3565/1/9
f 3581/1/9 3580/1/9 3565/1/9 3573/1/9
f 3582/1/9 3581/1/9 3573/1/9 3559/1/9
f 3583/1/23 3582/1/23 3559/1/23 3558/1/23
f 3584/1/24 3583/1/24 3558/1/24 3570/1/24
f 3710/1/24 3709/1/24 3711/1/24 3712/1/24
f 3586/1/24 3585/1/24 3641/1/24 3642/1/24
f 3642/1/22 3643/1/22 3587/1/22 3586/1/22
f 3588/1/9 3587/1/9 3643/1/9 3644/1/9
f 3589/1/9 3588/1/9 3644/1/9 3645/1/9
f 3590/1/9 3589/1/9 3645/1/9 3646/1/9
f 3591/1/23 3590/1/23 3646/1/23 3647/1/23
f 3592/1/24 3591/1/24 3647/1/24 3648/1/24
f 3714/1/24 3713/1/24 3715/1/24 3716/1/24
f 3594/1/24 3593/1/24 3649/1/24 3650/1/24
f 3650/1/22 3651/1/22 3595/1/22 3594/1/22
f 3596/1/9 3595/1/9 3651/1/9 3652/1/9
f 3597/1/9 3596/1/9 3652/1/9 3653/1/9
f 3598/1/9 3597/1/9 3653/1/9 3654/1/9
f 3599/1/23 3598/1/23 3654/1/23 3655/1/23
f 3600/1/24 3599/1/24 3655/1/24 3656/1/24
f 3718/1/24 3717/1/24 3719/1/24 3720/1/24
f 3602/1/24 3601/1/24 3657/1/24 3658/1/24
f 3658/1/22 3659/1/22 3603/1/22 3602/1/22
f 3604/1/9 3603/1/9 3659/1/9 3660/1/9
f 3605/1/9 3604/1/9 3660/1/9 3661/1/9
f 3606/1/9 3605/1/9 3661/1/9 3662/1/9
f 3607/1/23 3606/1/23 3662/1/23 3663/1/23
f 3608/1/24 3607/1/24 3663/1/24 3664/1/24
f 3722/1/24 3721/1/24 3723/1/24 3724/1/24
f 3610/1/24 3609/1/24 3665/1/24 3666/1/24
f 3666/1/22 3667/1/22 3611/1/22 3610/1/22
f 3612/1/9 3611/1/9 3667/1/9 3668/1/9
f 3613/1/9 3612/1/9 3668/1/9 3669/1/9
f 3614/1/9 3613/1/9 3669/1/9 3670/1/9
f 3615/1/23 3614/1/23 3670/1/23 3671/1/23
f 3616/1/24 3615/1/24 3671/1/24 3672/1/24
f 3726/1/24 3725/1/24 3727/1/24 3728/1/24
f 3618/1/24 3617/1/24 3673/1/24 3674/1/24
f 3674/1/22 3675/1/22 3619/1/22 3618/1/22
f 3620/1/9 3619/1/9 3675/1/9 3676/1/9
f 3621/1/9 3620/1/9 3676/1/9 3677/1/9
f 3622/1/9 3621/1/9 3677/1/9 3678/1/9
f 3623/1/23 3622/1/23 3678/1/23 3679/1/23
f 3624/1/24 3623/1/24 3679/1/24 3680/1/24
f 3730/1/24 3729/1/24 3731/1/24 3732/1/24
f 3626/1/24 3625/1/24 3681/1/24 3682/1/24
f 3682/1/22 3683/1/22 3627/1/22 3626/1/22
f 3628/1/9 3627/1/9 3683/1/9 3684/1/9
f 3629/1/9 3628/1/9 3684/1/9 3685/1/9
f 3630/1/9 3629/1/9 3685/1/9 3686/1/9
f 3631/1/23 3630/1/23 3686/1/23 3687/1/23
f 3632/1/24 3631/1/24 3687/1/24 3688/1/24
f 3734/1/24 3733/1/24 3735/1/24 3736/1/24
f 3634/1/24 3633/1/24 3689/1/24 3690/1/24
f 3690/1/22 3691/1/22 3635/1/22 3634/1/22
f 3636/1/9 3635/1/9 3691/1/9 3692/1/9
f 3637/1/9 3636/1/9 3692/1/9 3693/1/9
f 3638/1/9 3637/1/9 3693/1/9 3694/1/9
f 3639/1/23 3638/1/23 3694/1/23 3695/1/23
f 3640/1/24 3639/1/24 3695/1/24 3696/1/24
f 3738/1/24 3737/1/24 3739/1/24 3740/1/24
f 3642/1/24 3641/1/24 3577/1/24 3578/1/24
f 3578/1/22 3579/1/22 3643/1/22 3642/1/22
f 3644/1/9 3643/1/9 3579/1/9 3580/1/9
f 3645/1/9 3644/1/9 3580/1/9 3581/1/9
f 3646/1/9 3645/1/9 3581/1/9 3582/1/9
f 3647/1/23 3646/1/23 3582/1/23 3583/1/23
f 3648/1/24 3647/1/24 3583/1/24 3584/1/24
f 3641/1/24 3648/1/24 3584/1/24 3577/1/24
f 3650/1/24 3649/1/24 3585/1/24 3586/1/24
f 3586/1/22 3587/1/22 3651/1/22 3650/1/22
f 3652/1/9 3651/1/9 3587/1/9 3588/1/9
f 3653/1/9 3652/1/9 3588/1/9 3589/1/9
f 3654/1/9 3653/1/9 3589/1/9 3590/1/9
f 3655/1/23 3654/1/23 3590/1/23 3591/1/23
f 3656/1/24 3655/1/24 3591/1/24 3592/1/24
f 3649/1/24 3656/1/24 3592/1/24 3585/1/24
f 3658/1/24 3657/1/24 3593/1/24 3594/1/24
f 3594/1/22 3595/1/22 3659/1/22 3658/1/22
f 3660/1/9 3659/1/9 3595/1/9 3596/1/9
f 3661/1/9 3660/1/9 3596/1/9 3597/1/9
f 3662/1/9 3661/1/9 3597/1/9 3598/1/9
f 3663/1/23 3662/1/23 3598/1/23 3599/1/23
f 3664/1/24 3663/1/24 3599/1/24 3600/1/24
f 3657/1/24 3664/1/24 3600/1/24 3593/1/24
f 3666/1/24 3665/1/24 3601/1/24 3602/1/24
f 3602/1/22 3603/1/22 3667/1/22 3666/1/22
f 3668/1/9 3667/1/9 3603/1/9 3604/1/9
f 3669/1/9 3668/1/9 3604/1/9 3605/1/9
f 3670/1/9 3669/1/9 3605/1/9 3606/1/9
f 3671/1/23 3670/1/23 3606/1/23 3607/1/23
f 3672/1/24 3671/1/24 3607/1/24 3608/1/24
f 3665/1/24 3672/1/24 3608/1/24 3601/1/24
f 3674/1/24 3673/1/24 3609/1/24 3610/1/24
f 3610/1/22 3611/1/22 3675/1/22 3674/1/22
f 3676/1/9 3675/1/9 3611/1/9 3612/1/9
f 3677/1/9 3676/1/9 3612/1/9 3613/1/9
f 3678/1/9 3677/1/9 3613/1/9 3614/1/9
f 3679/1/23 3678/1/23 3614/1/23 3615/1/23
f 3680/1/24 3679/1/24 3615/1/24 3616/1/24
f 3673/1/24 3680/1/24 3616/1/24 3609/1/24
f 3682/1/24 3681/1/24 3617/1/24 3618/1/24
f 3618/1/22 3619/1/22 3683/1/22 3682/1/22
f 3684/1/9 3683/1/9 3619/1/9 3620/1/9
f 3685/1/9 3684/1/9 3620/1/9 3621/1/9
f 3686/1/9 3685/1/9 3621/1/9 3622/1/9
f 3687/1/23 3686/1/23 3622/1/23 3623/1/23
f 3688/1/24 3687/1/24 3623/1/24 3624/1/24
f 3681/1/24 3688/1/24 3624/1/24 3617/1/24
f 3690/1/24 3689/1/24 3625/1/24 3626/1/24
f 3626/1/22 3627/1/22 3691/1/22 3690/1/22
f 3692/1/9 3691/1/9 3627/1/9 3628/1/9
f 3693/1/9 3692/1/9 3628/1/9 3629/1/9
f 3694/1/9 3693/1/9 3629/1/9 3630/1/9
f 3695/1/23 3694/1/23 3630/1/23 3631/1/23
f 3696/1/24 3695/1/24 3631/1/24 3632/1/24
f 3689/1/24 3696/1/24 3632/1/24 3625/1/24
f 3698/1/24 3697/1/24 3633/1/24 3634/1/24
f 3634/1/22 3635/1/22 3699/1/22 3698/1/22
f 3700/1/9 3699/1/9 3635/1/9 3636/1/9
f 3701/1/9 3700/1/9 3636/1/9 3637/1/9
f 3702/1/9 3701/1/9 3637/1/9 3638/1/9
f 3703/1/23 3702/1/23 3638/1/23 3639/1/23
f 3704/1/24 3703/1/24 3639/1/24 3640/1/24
f 3697/1/24 3704/1/24 3640/1/24 3633/1/24
f 3561/1/8 3569/1/8 3706/1/8 3705/1/8
f 3569/1/23 3704/1/23 3707/1/23 3706/1/23
f 3704/1/4 3697/1/4 3708/1/4 3707/1/4
f 3697/1/22 3561/1/22 3705/1/22 3708/1/22
f 3577/1/8 3584/1/8 3709/1/8 3710/1/8
f 3584/1/23 3570/1/23 3711/1/23 3709/1/23
f 3570/1/4 3562/1/4 3712/1/4 3711/1/4
f 3562/1/22 3577/1/22 3710/1/22 3712/1/22
f 3585/1/8 3592/1/8 3713/1/8 3714/1/8
f 3592/1/23 3648/1/23 3715/1/23 3713/1/23
f 3648/1/4 3641/1/4 3716/1/4 3715/1/4
f 3641/1/22 3585/1/22 3714/1/22 3716/1/22
f 3593/1/8 3600/1/8 3717/1/8 3718/1/8
f 3600/1/23 3656/1/23 3719/1/23 3717/1/23
f 3656/1/4 3649/1/4 3720/1/4 3719/1/4
f 3649/1/22 3593/1/22 3718/1/22 3720/1/22
f 3601/1/8 3608/1/8 3721/1/8 3722/1/8
f 3608/1/23 3664/1/23 3723/1/23 3721/1/23
f 3664/1/4 3657/1/4 3724/1/4 3723/1/4
f 3657/1/22 3601/1/22 3722/1/22 3724/1/22
f 3609/1/8 3616/1/8 3725/1/8 3726/1/8
f 3616/1/23 3672/1/23 3727/1/23 3725/1/23
f 3672/1/4 3665/1/4 3728/1/4 3727/1/4
f 3665/1/22 3609/1/22 3726/1/22 3728/1/22
f 3617/1/8 3624/1/8 3729/1/8 3730/1/8
f 3624/1/23 3680/1/23 3731/1/23 3729/1/23
f 3680/1/4 3673/1/4 3732/1/4 3731/1/4
f 3673/1/22 3617/1/22 3730/1/22 3732/1/22
f 3625/1/8 3632/1/8 3733/1/8 3734/1/8
f 3632/1/23 3688/1/23 3735/1/23 3733/1/23
f 3688/1/4 3681/1/4 3736/1/4 3735/1/4
f 3681/1/22 3625/1/22 3734/1/22 3736/1/22
f 3633/1/8 3640/1/8 3737/1/8 3738/1/8
f 3640/1/23 3696/1/23 3739/1/23 3737/1/23
f 3696/1/4 3689/1/4 3740/1/4 3739/1/4
f 3689/1/22 3633/1/22 3738/1/22 3740/1/22
f 3889/1/22 3835/1/22 3762/1/22 3888/1/22
f 3883/1/4 3744/1/4 3746/1/4 3882/1/4
f 3880/1/23 3768/1/23 3839/1/23 3879/1/23
f 3895/1/8 3748/1/8 3742/1/8 3894/1/8
f 3838/1/24 3839/1/24 3768/1/24 3769/1/24
f 3842/1/9 3843/1/9 3766/1/9 3767/1/9
f 3893/1/22 3754/1/22 3755/1/22 3892/1/22
f 3837/1/22 3770/1/22 3761/1/22 3836/1/22
f 3757/1/22 3884/1/22 3885/1/22 3758/1/22
f 3765/1/22 3844/1/22 3845/1/22 3764/1/22
f 3894/1/8 3742/1/8 3754/1/8 3893/1/8
f 3750/1/4 3891/1/4 3892/1/4 3755/1/4
f 3838/1/24 3769/1/24 3770/1/24 3837/1/24
f 3762/1/9 3835/1/9 3836/1/9 3761/1/9
f 3744/1/4 3883/1/4 3884/1/4 3757/1/4
f 3886/1/8 3751/1/8 3758/1/8 3885/1/8
f 3766/1/9 3843/1/9 3844/1/9 3765/1/9
f 3846/1/24 3763/1/24 3764/1/24 3845/1/24
f 3772/1/9 3762/1/9 3761/1/9 3771/1/9
f 3888/1/22 3762/1/22 3772/1/22 3887/1/22
f 3764/1/24 3763/1/24 3773/1/24 3774/1/24
f 3775/1/22 3765/1/22 3764/1/22 3774/1/22
f 3776/1/9 3766/1/9 3765/1/9 3775/1/9
f 3767/1/9 3766/1/9 3776/1/9 3777/1/9
f 3881/1/23 3778/1/23 3768/1/23 3880/1/23
f 3769/1/24 3768/1/24 3778/1/24 3779/1/24
f 3770/1/24 3769/1/24 3779/1/24 3780/1/24
f 3761/1/22 3770/1/22 3780/1/22 3771/1/22
f 3751/1/9 3772/1/9 3771/1/9 3758/1/9
f 3886/1/22 3887/1/22 3772/1/22 3751/1/22
f 3774/1/24 3773/1/24 3752/1/24 3760/1/24
f 3759/1/22 3775/1/22 3774/1/22 3760/1/22
f 3743/1/9 3776/1/9 3775/1/9 3759/1/9
f 3777/1/9 3776/1/9 3743/1/9 3745/1/9
f 3882/1/23 3746/1/23 3778/1/23 3881/1/23
f 3779/1/24 3778/1/24 3746/1/24 3744/1/24
f 3780/1/24 3779/1/24 3744/1/24 3757/1/24
f 3771/1/22 3780/1/22 3757/1/22 3758/1/22
f 3810/1/22 3809/1/22 3811/1/22 3812/1/22
f 3784/1/4 3783/1/4 3797/1/4 3798/1/4
f 3799/1/22 3785/1/22 3784/1/22 3798/1/22
f 3800/1/8 3786/1/8 3785/1/8 3799/1/8
f 3801/1/8 3787/1/8 3786/1/8 3800/1/8
f 3802/1/23 3788/1/23 3840/1/23 3841/1/23
f 3813/1/23 3814/1/23 3815/1/23 3816/1/23
f 3804/1/23 3790/1/23 3789/1/23 3803/1/23
f 3805/1/4 3791/1/4 3790/1/4 3804/1/4
f 3792/1/4 3791/1/4 3805/1/4 3806/1/4
f 3793/1/22 3792/1/22 3806/1/22 3807/1/22
f 3808/1/8 3794/1/8 3793/1/8 3807/1/8
f 3808/1/22 3795/1/22 3781/1/22 3794/1/22
f 3870/1/22 3796/1/22 3795/1/22 3869/1/22
f 3798/1/4 3797/1/4 3873/1/4 3874/1/4
f 3875/1/22 3799/1/22 3798/1/22 3874/1/22
f 3876/1/8 3800/1/8 3799/1/8 3875/1/8
f 3877/1/8 3801/1/8 3800/1/8 3876/1/8
f 3862/1/23 3802/1/23 3841/1/23 3861/1/23
f 3863/1/23 3803/1/23 3802/1/23 3862/1/23
f 3864/1/23 3804/1/23 3803/1/23 3863/1/23
f 3865/1/4 3805/1/4 3804/1/4 3864/1/4
f 3806/1/4 3805/1/4 3865/1/4 3866/1/4
f 3807/1/22 3806/1/22 3866/1/22 3867/1/22
f 3868/1/8 3808/1/8 3807/1/8 3867/1/8
f 3869/1/22 3795/1/22 3808/1/22 3868/1/22
f 3803/1/23 3789/1/23 3814/1/23 3813/1/23
f 3789/1/23 3788/1/23 3815/1/23 3814/1/23
f 3788/1/23 3802/1/23 3816/1/23 3815/1/23
f 3802/1/23 3803/1/23 3813/1/23 3816/1/23
f 3817/1/353 3818/1/353 3826/1/353 3825/1/353
f 3818/1/354 3817/1/354 3820/1/354 3819/1/354
f 3819/1/355 3820/1/355 3829/1/355 3830/1/355
f 3821/1/355 3822/1/355 3828/1/355 3827/1/355
f 3822/1/356 3821/1/356 3824/1/356 3823/1/356
f 3823/1/353 3824/1/353 3831/1/353 3832/1/353
f 3825/1/356 3826/1/356 3830/1/356 3829/1/356
f 3827/1/354 3828/1/354 3832/1/354 3831/1/354
f 3820/1/22 3817/1/22 3822/1/22 3823/1/22
f 3817/1/22 3825/1/22 3828/1/22 3822/1/22
f 3825/1/22 3829/1/22 3832/1/22 3828/1/22
f 3829/1/22 3820/1/22 3823/1/22 3832/1/22
f 3796/1/8 3782/1/8 3818/1/8 3819/1/8
f 3809/1/4 3810/1/4 3824/1/4 3821/1/4
f 3782/1/24 3781/1/24 3826/1/24 3818/1/24
f 3811/1/9 3809/1/9 3821/1/9 3827/1/9
f 3781/1/4 3795/1/4 3830/1/4 3826/1/4
f 3812/1/8 3811/1/8 3827/1/8 3831/1/8
f 3795/1/9 3796/1/9 3819/1/9 3830/1/9
f 3810/1/24 3812/1/24 3831/1/24 3824/1/24
f 3891/1/22 3750/1/22 3852/1/22 3890/1/22
f 3851/1/9 3852/1/9 3750/1/9 3755/1/9
f 3754/1/22 3850/1/22 3851/1/22 3755/1/22
f 3742/1/24 3849/1/24 3850/1/24 3754/1/24
f 3742/1/24 3748/1/24 3848/1/24 3849/1/24
f 3896/1/23 3848/1/23 3748/1/23 3895/1/23
f 3860/1/23 3847/1/23 3787/1/23 3801/1/23
f 3878/1/23 3860/1/23 3801/1/23 3877/1/23
f 3747/1/9 3741/1/9 3858/1/9 3859/1/9
f 3857/1/9 3858/1/9 3741/1/9 3753/1/9
f 3856/1/22 3857/1/22 3753/1/22 3756/1/22
f 3749/1/24 3855/1/24 3856/1/24 3756/1/24
f 3947/1/23 3980/1/23 3981/1/23 3946/1/23
f 3945/1/24 3946/1/24 3981/1/24 3982/1/24
f 3944/1/24 3945/1/24 3982/1/24 3983/1/24
f 3943/1/22 3944/1/22 3983/1/22 3984/1/22
f 3984/1/9 3985/1/9 3942/1/9 3943/1/9
f 3941/1/22 3942/1/22 3985/1/22 3986/1/22
f 3954/1/24 3955/1/24 3972/1/24 3973/1/24
f 3973/1/22 3974/1/22 3953/1/22 3954/1/22
f 3974/1/9 3975/1/9 3952/1/9 3953/1/9
f 3951/1/9 3952/1/9 3975/1/9 3976/1/9
f 3950/1/23 3977/1/23 3978/1/23 3949/1/23
f 3978/1/23 3979/1/23 3948/1/23 3949/1/23
f 3767/1/23 3862/1/23 3861/1/23 3842/1/23
f 3777/1/23 3863/1/23 3862/1/23 3767/1/23
f 3745/1/23 3864/1/23 3863/1/23 3777/1/23
f 3743/1/4 3865/1/4 3864/1/4 3745/1/4
f 3866/1/4 3865/1/4 3743/1/4 3759/1/4
f 3867/1/22 3866/1/22 3759/1/22 3760/1/22
f 3752/1/8 3868/1/8 3867/1/8 3760/1/8
f 3773/1/22 3869/1/22 3868/1/22 3752/1/22
f 3763/1/22 3870/1/22 3869/1/22 3773/1/22
f 3846/1/22 3871/1/22 3870/1/22 3763/1/22
f 3955/1/22 3956/1/22 3971/1/22 3972/1/22
f 3749/1/22 3873/1/22 3872/1/22 3855/1/22
f 3874/1/4 3873/1/4 3749/1/4 3756/1/4
f 3753/1/22 3875/1/22 3874/1/22 3756/1/22
f 3741/1/8 3876/1/8 3875/1/8 3753/1/8
f 3747/1/8 3877/1/8 3876/1/8 3741/1/8
f 3859/1/23 3878/1/23 3877/1/23 3747/1/23
f 3976/1/23 3977/1/23 3950/1/23 3951/1/23
f 3788/1/23 3880/1/23 3879/1/23 3840/1/23
f 3789/1/23 3881/1/23 3880/1/23 3788/1/23
f 3790/1/23 3882/1/23 3881/1/23 3789/1/23
f 3791/1/4 3883/1/4 3882/1/4 3790/1/4
f 3884/1/4 3883/1/4 3791/1/4 3792/1/4
f 3885/1/22 3884/1/22 3792/1/22 3793/1/22
f 3794/1/8 3886/1/8 3885/1/8 3793/1/8
f 3794/1/22 3781/1/22 3887/1/22 3886/1/22
f 3782/1/22 3888/1/22 3887/1/22 3781/1/22
f 3833/1/22 3834/1/22 3889/1/22 3888/1/22 3782/1/22 3796/1/22 3870/1/22 3871/1/22
f 4145/1/22 4146/1/22 4147/1/22 4148/1/22
f 3797/1/22 3783/1/22 3891/1/22 3890/1/22 3853/1/22 3854/1/22 3872/1/22 3873/1/22
f 3892/1/4 3891/1/4 3783/1/4 3784/1/4
f 3785/1/22 3893/1/22 3892/1/22 3784/1/22
f 3786/1/8 3894/1/8 3893/1/8 3785/1/8
f 3787/1/8 3895/1/8 3894/1/8 3786/1/8
f 3847/1/23 3896/1/23 3895/1/23 3787/1/23
f 3979/1/23 3980/1/23 3947/1/23 3948/1/23
f 3939/1/353 3940/1/353 3987/1/353 3988/1/353
f 3906/1/354 3905/1/354 3908/1/354 3907/1/354
f 3907/1/354 3908/1/354 3933/1/354 3934/1/354
f 3937/1/355 3938/1/355 3963/1/355 3964/1/355
f 3910/1/356 3909/1/356 3912/1/356 3911/1/356
f 3911/1/356 3912/1/356 3935/1/356 3936/1/356
f 3913/1/356 3914/1/356 3918/1/356 3917/1/356
f 3915/1/354 3916/1/354 3920/1/354 3919/1/354
f 3917/1/356 3918/1/356 3922/1/356 3921/1/356
f 3919/1/354 3920/1/354 3924/1/354 3923/1/354
f 3921/1/356 3922/1/356 3926/1/356 3925/1/356
f 3923/1/354 3924/1/354 3928/1/354 3927/1/354
f 3969/1/355 3970/1/355 3957/1/355 3958/1/355
f 3967/1/353 3968/1/353 3959/1/353 3960/1/353
f 3929/1/354 3930/1/354 3934/1/354 3933/1/354
f 3931/1/356 3932/1/356 3936/1/356 3935/1/356
f 3908/1/22 3905/1/22 3910/1/22 3911/1/22
f 3939/1/22 3988/1/22 3963/1/22 3938/1/22
f 3913/1/22 3917/1/22 3920/1/22 3916/1/22
f 3917/1/22 3921/1/22 3924/1/22 3920/1/22
f 3921/1/22 3925/1/22 3928/1/22 3924/1/22
f 3969/1/22 3958/1/22 3959/1/22 3968/1/22
f 3929/1/22 3933/1/22 3936/1/22 3932/1/22
f 3933/1/22 3908/1/22 3911/1/22 3936/1/22
f 3853/1/8 3890/1/8 3906/1/8 3907/1/8
f 3897/1/4 3898/1/4 3912/1/4 3909/1/4
f 3941/1/24 3986/1/24 3987/1/24 3940/1/24
f 3965/1/9 3962/1/9 3937/1/9 3964/1/9
f 3889/1/4 3834/1/4 3918/1/4 3914/1/4
f 3900/1/8 3899/1/8 3915/1/8 3919/1/8
f 3834/1/4 3833/1/4 3922/1/4 3918/1/4
f 3901/1/8 3900/1/8 3919/1/8 3923/1/8
f 3833/1/4 3871/1/4 3926/1/4 3922/1/4
f 3902/1/8 3901/1/8 3923/1/8 3927/1/8
f 3971/1/9 3956/1/9 3957/1/9 3970/1/9
f 3961/1/24 3966/1/24 3967/1/24 3960/1/24
f 3872/1/8 3854/1/8 3934/1/8 3930/1/8
f 3904/1/4 3903/1/4 3931/1/4 3935/1/4
f 3854/1/8 3853/1/8 3907/1/8 3934/1/8
f 3898/1/4 3904/1/4 3935/1/4 3912/1/4
f 3909/1/355 3910/1/355 3938/1/355 3937/1/355
f 3905/1/22 3939/1/22 3938/1/22 3910/1/22
f 3905/1/353 3906/1/353 3940/1/353 3939/1/353
f 3890/1/24 3941/1/24 3940/1/24 3906/1/24
f 3890/1/22 3852/1/22 3942/1/22 3941/1/22
f 3943/1/9 3942/1/9 3852/1/9 3851/1/9
f 3851/1/22 3850/1/22 3944/1/22 3943/1/22
f 3850/1/24 3849/1/24 3945/1/24 3944/1/24
f 3849/1/24 3848/1/24 3946/1/24 3945/1/24
f 3896/1/23 3947/1/23 3946/1/23 3848/1/23
f 3948/1/23 3947/1/23 3896/1/23 3847/1/23
f 3949/1/23 3948/1/23 3847/1/23 3860/1/23
f 3878/1/23 3950/1/23 3949/1/23 3860/1/23
f 3951/1/23 3950/1/23 3878/1/23 3859/1/23
f 3859/1/9 3858/1/9 3952/1/9 3951/1/9
f 3953/1/9 3952/1/9 3858/1/9 3857/1/9
f 3954/1/22 3953/1/22 3857/1/22 3856/1/22
f 3856/1/24 3855/1/24 3955/1/24 3954/1/24
f 3855/1/22 3872/1/22 3956/1/22 3955/1/22
f 3957/1/9 3956/1/9 3872/1/9 3930/1/9
f 3958/1/355 3957/1/355 3930/1/355 3929/1/355
f 3959/1/22 3958/1/22 3929/1/22 3932/1/22
f 3960/1/353 3959/1/353 3932/1/353 3931/1/353
f 3903/1/24 3961/1/24 3960/1/24 3931/1/24
f 3898/1/22 3897/1/22 3962/1/22 3961/1/22 3903/1/22 3904/1/22
f 3937/1/9 3962/1/9 3897/1/9 3909/1/9
f 4094/1/355 4095/1/355 3916/1/355 3915/1/355
f 3899/1/9 4093/1/9 4094/1/9 3915/1/9
f 4118/1/22 4093/1/22 3899/1/22 3900/1/22 3901/1/22 3902/1/22
f 4117/1/24 4118/1/24 3902/1/24 3927/1/24
f 3927/1/353 3928/1/353 4116/1/353 4117/1/353
f 3925/1/22 4115/1/22 4116/1/22 3928/1/22
f 3925/1/355 3926/1/355 4114/1/355 4115/1/355
f 3871/1/9 4113/1/9 4114/1/9 3926/1/9
f 4112/1/22 4113/1/22 3871/1/22 3846/1/22
f 4111/1/24 4112/1/24 3846/1/24 3845/1/24
f 3845/1/22 3844/1/22 4110/1/22 4111/1/22
f 3844/1/9 3843/1/9 4109/1/9 4110/1/9
f 4108/1/9 4109/1/9 3843/1/9 3842/1/9
f 3842/1/23 3861/1/23 4107/1/23 4108/1/23
f 4106/1/23 4107/1/23 3861/1/23 3841/1/23
f 3841/1/23 3840/1/23 4105/1/23 4106/1/23
f 3840/1/23 3879/1/23 4104/1/23 4105/1/23
f 4103/1/23 4104/1/23 3879/1/23 3839/1/23
f 4102/1/24 4103/1/24 3839/1/24 3838/1/24
f 4101/1/24 4102/1/24 3838/1/24 3837/1/24
f 4100/1/22 4101/1/22 3837/1/22 3836/1/22
f 3836/1/9 3835/1/9 4099/1/9 4100/1/9
f 4098/1/22 4099/1/22 3835/1/22 3889/1/22
f 4097/1/24 4098/1/24 3889/1/24 3914/1/24
f 4096/1/353 4097/1/353 3914/1/353 3913/1/353
f 4095/1/22 4096/1/22 3913/1/22 3916/1/22
f 3964/1/355 3963/1/355 3990/1/355 3989/1/355
f 3963/1/22 3988/1/22 3991/1/22 3990/1/22
f 3988/1/353 3987/1/353 3992/1/353 3991/1/353
f 3987/1/24 3986/1/24 3993/1/24 3992/1/24
f 3986/1/22 3985/1/22 3994/1/22 3993/1/22
f 3995/1/9 3994/1/9 3985/1/9 3984/1/9
f 3984/1/22 3983/1/22 3996/1/22 3995/1/22
f 3983/1/24 3982/1/24 3997/1/24 3996/1/24
f 3982/1/24 3981/1/24 3998/1/24 3997/1/24
f 3981/1/23 3980/1/23 3999/1/23 3998/1/23
f 4000/1/23 3999/1/23 3980/1/23 3979/1/23
f 4001/1/23 4000/1/23 3979/1/23 3978/1/23
f 3978/1/23 3977/1/23 4002/1/23 4001/1/23
f 4003/1/23 4002/1/23 3977/1/23 3976/1/23
f 3976/1/9 3975/1/9 4004/1/9 4003/1/9
f 4005/1/9 4004/1/9 3975/1/9 3974/1/9
f 4006/1/22 4005/1/22 3974/1/22 3973/1/22
f 3973/1/24 3972/1/24 4007/1/24 4006/1/24
f 3972/1/22 3971/1/22 4008/1/22 4007/1/22
f 4009/1/9 4008/1/9 3971/1/9 3970/1/9
f 4010/1/355 4009/1/355 3970/1/355 3969/1/355
f 4011/1/22 4010/1/22 3969/1/22 3968/1/22
f 4012/1/353 4011/1/353 3968/1/353 3967/1/353
f 3967/1/24 3966/1/24 4013/1/24 4012/1/24
f 3966/1/22 3965/1/22 4014/1/22 4013/1/22
f 3989/1/9 4014/1/9 3965/1/9 3964/1/9
f 3989/1/355 3990/1/355 4016/1/355 4015/1/355
f 3990/1/22 3991/1/22 4017/1/22 4016/1/22
f 3991/1/353 3992/1/353 4018/1/353 4017/1/353
f 3992/1/24 3993/1/24 4019/1/24 4018/1/24
f 3993/1/22 3994/1/22 4020/1/22 4019/1/22
f 4021/1/9 4020/1/9 3994/1/9 3995/1/9
f 3995/1/22 3996/1/22 4022/1/22 4021/1/22
f 3996/1/24 3997/1/24 4023/1/24 4022/1/24
f 3997/1/24 3998/1/24 4024/1/24 4023/1/24
f 3998/1/23 3999/1/23 4025/1/23 4024/1/23
f 4026/1/23 4025/1/23 3999/1/23 4000/1/23
f 4027/1/23 4026/1/23 4000/1/23 4001/1/23
f 4001/1/23 4002/1/23 4028/1/23 4027/1/23
f 4029/1/23 4028/1/23 4002/1/23 4003/1/23
f 4003/1/9 4004/1/9 4030/1/9 4029/1/9
f 4031/1/9 4030/1/9 4004/1/9 4005/1/9
f 4032/1/22 4031/1/22 4005/1/22 4006/1/22
f 4006/1/24 4007/1/24 4033/1/24 4032/1/24
f 4007/1/22 4008/1/22 4034/1/22 4033/1/22
f 4035/1/9 4034/1/9 4008/1/9 4009/1/9
f 4036/1/355 4035/1/355 4009/1/355 4010/1/355
f 4037/1/22 4036/1/22 4010/1/22 4011/1/22
f 4038/1/353 4037/1/353 4011/1/353 4012/1/353
f 4012/1/24 4013/1/24 4039/1/24 4038/1/24
f 4149/1/22 4150/1/22 4151/1/22 4152/1/22
f 4015/1/9 4040/1/9 4014/1/9 3989/1/9
f 4041/1/9 4040/1/9 4015/1/9 4042/1/9
f 4015/1/355 4016/1/355 4043/1/355 4042/1/355
f 4016/1/22 4017/1/22 4044/1/22 4043/1/22
f 4017/1/353 4018/1/353 4045/1/353 4044/1/353
f 4018/1/24 4019/1/24 4046/1/24 4045/1/24
f 4019/1/22 4020/1/22 4047/1/22 4046/1/22
f 4048/1/9 4047/1/9 4020/1/9 4021/1/9
f 4021/1/22 4022/1/22 4049/1/22 4048/1/22
f 4022/1/24 4023/1/24 4050/1/24 4049/1/24
f 4023/1/24 4024/1/24 4051/1/24 4050/1/24
f 4024/1/23 4025/1/23 4052/1/23 4051/1/23
f 4053/1/23 4052/1/23 4025/1/23 4026/1/23
f 4054/1/23 4053/1/23 4026/1/23 4027/1/23
f 4027/1/23 4028/1/23 4055/1/23 4054/1/23
f 4056/1/23 4055/1/23 4028/1/23 4029/1/23
f 4029/1/9 4030/1/9 4057/1/9 4056/1/9
f 4058/1/9 4057/1/9 4030/1/9 4031/1/9
f 4059/1/22 4058/1/22 4031/1/22 4032/1/22
f 4032/1/24 4033/1/24 4060/1/24 4059/1/24
f 4033/1/22 4034/1/22 4061/1/22 4060/1/22
f 4062/1/9 4061/1/9 4034/1/9 4035/1/9
f 4063/1/355 4062/1/355 4035/1/355 4036/1/355
f 4064/1/22 4063/1/22 4036/1/22 4037/1/22
f 4065/1/353 4064/1/353 4037/1/353 4038/1/353
f 4038/1/24 4039/1/24 4066/1/24 4065/1/24
f 4039/1/22 4040/1/22 4041/1/22 4066/1/22
f 4067/1/9 4041/1/9 4042/1/9 4068/1/9
f 4042/1/355 4043/1/355 4069/1/355 4068/1/355
f 4043/1/22 4044/1/22 4070/1/22 4069/1/22
f 4044/1/353 4045/1/353 4071/1/353 4070/1/353
f 4045/1/24 4046/1/24 4072/1/24 4071/1/24
f 4046/1/22 4047/1/22 4073/1/22 4072/1/22
f 4074/1/9 4073/1/9 4047/1/9 4048/1/9
f 4048/1/22 4049/1/22 4075/1/22 4074/1/22
f 4049/1/24 4050/1/24 4076/1/24 4075/1/24
f 4050/1/24 4051/1/24 4077/1/24 4076/1/24
f 4051/1/23 4052/1/23 4078/1/23 4077/1/23
f 4079/1/23 4078/1/23 4052/1/23 4053/1/23
f 4080/1/23 4079/1/23 4053/1/23 4054/1/23
f 4054/1/23 4055/1/23 4081/1/23 4080/1/23
f 4082/1/23 4081/1/23 4055/1/23 4056/1/23
f 4056/1/9 4057/1/9 4083/1/9 4082/1/9
f 4084/1/9 4083/1/9 4057/1/9 4058/1/9
f 4085/1/22 4084/1/22 4058/1/22 4059/1/22
f 4059/1/24 4060/1/24 4086/1/24 4085/1/24
f 4060/1/22 4061/1/22 4087/1/22 4086/1/22
f 4088/1/9 4087/1/9 4061/1/9 4062/1/9
f 4089/1/355 4088/1/355 4062/1/355 4063/1/355
f 4090/1/22 4089/1/22 4063/1/22 4064/1/22
f 4091/1/353 4090/1/353 4064/1/353 4065/1/353
f 4065/1/24 4066/1/24 4092/1/24 4091/1/24
f 4153/1/22 4154/1/22 4155/1/22 4156/1/22
f 4093/1/9 4119/1/9 4120/1/9 4094/1/9
f 4120/1/355 4121/1/355 4095/1/355 4094/1/355
f 4121/1/22 4122/1/22 4096/1/22 4095/1/22
f 4122/1/353 4123/1/353 4097/1/353 4096/1/353
f 4123/1/24 4124/1/24 4098/1/24 4097/1/24
f 4124/1/22 4125/1/22 4099/1/22 4098/1/22
f 4100/1/9 4099/1/9 4125/1/9 4126/1/9
f 4126/1/22 4127/1/22 4101/1/22 4100/1/22
f 4127/1/24 4128/1/24 4102/1/24 4101/1/24
f 4128/1/24 4129/1/24 4103/1/24 4102/1/24
f 4129/1/23 4130/1/23 4104/1/23 4103/1/23
f 4105/1/23 4104/1/23 4130/1/23 4131/1/23
f 4106/1/23 4105/1/23 4131/1/23 4132/1/23
f 4132/1/23 4133/1/23 4107/1/23 4106/1/23
f 4108/1/23 4107/1/23 4133/1/23 4134/1/23
f 4134/1/9 4135/1/9 4109/1/9 4108/1/9
f 4110/1/9 4109/1/9 4135/1/9 4136/1/9
f 4111/1/22 4110/1/22 4136/1/22 4137/1/22
f 4137/1/24 4138/1/24 4112/1/24 4111/1/24
f 4138/1/22 4139/1/22 4113/1/22 4112/1/22
f 4114/1/9 4113/1/9 4139/1/9 4140/1/9
f 4115/1/355 4114/1/355 4140/1/355 4141/1/355
f 4116/1/22 4115/1/22 4141/1/22 4142/1/22
f 4117/1/353 4116/1/353 4142/1/353 4143/1/353
f 4143/1/24 4144/1/24 4118/1/24 4117/1/24
f 4157/1/22 4158/1/22 4159/1/22 4160/1/22
f 4119/1/9 4067/1/9 4068/1/9 4120/1/9
f 4068/1/355 4069/1/355 4121/1/355 4120/1/355
f 4069/1/22 4070/1/22 4122/1/22 4121/1/22
f 4070/1/353 4071/1/353 4123/1/353 4122/1/353
f 4071/1/24 4072/1/24 4124/1/24 4123/1/24
f 4072/1/22 4073/1/22 4125/1/22 4124/1/22
f 4126/1/9 4125/1/9 4073/1/9 4074/1/9
f 4074/1/22 4075/1/22 4127/1/22 4126/1/22
f 4075/1/24 4076/1/24 4128/1/24 4127/1/24
f 4076/1/24 4077/1/24 4129/1/24 4128/1/24
f 4077/1/23 4078/1/23 4130/1/23 4129/1/23
f 4131/1/23 4130/1/23 4078/1/23 4079/1/23
f 4132/1/23 4131/1/23 4079/1/23 4080/1/23
f 4080/1/23 4081/1/23 4133/1/23 4132/1/23
f 4134/1/23 4133/1/23 4081/1/23 4082/1/23
f 4082/1/9 4083/1/9 4135/1/9 4134/1/9
f 4136/1/9 4135/1/9 4083/1/9 4084/1/9
f 4137/1/22 4136/1/22 4084/1/22 4085/1/22
f 4085/1/24 4086/1/24 4138/1/24 4137/1/24
f 4086/1/22 4087/1/22 4139/1/22 4138/1/22
f 4140/1/9 4139/1/9 4087/1/9 4088/1/9
f 4141/1/355 4140/1/355 4088/1/355 4089/1/355
f 4142/1/22 4141/1/22 4089/1/22 4090/1/22
f 4143/1/353 4142/1/353 4090/1/353 4091/1/353
f 4091/1/24 4092/1/24 4144/1/24 4143/1/24
f 4092/1/22 4067/1/22 4119/1/22 4144/1/22
f 3961/1/8 3962/1/8 4146/1/8 4145/1/8
f 3962/1/24 3965/1/24 4147/1/24 4146/1/24
f 3965/1/4 3966/1/4 4148/1/4 4147/1/4
f 3966/1/9 3961/1/9 4145/1/9 4148/1/9
f 4013/1/8 4014/1/8 4150/1/8 4149/1/8
f 4014/1/24 4040/1/24 4151/1/24 4150/1/24
f 4040/1/4 4039/1/4 4152/1/4 4151/1/4
f 4039/1/9 4013/1/9 4149/1/9 4152/1/9
f 4066/1/8 4041/1/8 4154/1/8 4153/1/8
f 4041/1/24 4067/1/24 4155/1/24 4154/1/24
f 4067/1/4 4092/1/4 4156/1/4 4155/1/4
f 4092/1/9 4066/1/9 4153/1/9 4156/1/9
f 4144/1/8 4119/1/8 4158/1/8 4157/1/8
f 4119/1/24 4093/1/24 4159/1/24 4158/1/24
f 4093/1/4 4118/1/4 4160/1/4 4159/1/4
f 4118/1/9 4144/1/9 4157/1/9 4160/1/9
f 4161/1/9 4182/1/9 4183/1/9 4169/1/9
f 4163/1/4 4177/1/4 4178/1/4 4165/1/4
f 4170/1/24 4180/1/24 4181/1/24 4167/1/24
f 4167/1/8 4181/1/8 4182/1/8 4161/1/8
f 4162/1/22 4168/1/22 4171/1/22 4172/1/22
f 4167/1/23 4161/1/23 4169/1/23 4170/1/23
f 4170/1/23 4169/1/23 4173/1/23 4174/1/23
f 4174/1/24 4179/1/24 4180/1/24 4170/1/24
f 4172/1/22 4171/1/22 4175/1/22 4176/1/22
f 4169/1/9 4183/1/9 4184/1/9 4173/1/9
f 4174/1/23 4173/1/23 4163/1/23 4165/1/23
f 4165/1/24 4178/1/24 4179/1/24 4174/1/24
f 4176/1/22 4175/1/22 4166/1/22 4164/1/22
f 4173/1/9 4184/1/9 4177/1/9 4163/1/9
f 4223/1/4 4185/1/4 4186/1/4 4222/1/4
f 4221/1/24 4222/1/24 4186/1/24 4187/1/24
f 4220/1/24 4221/1/24 4187/1/24 4188/1/24
f 4219/1/24 4220/1/24 4188/1/24 4189/1/24
f 4218/1/8 4219/1/8 4189/1/8 4190/1/8
f 4217/1/9 4218/1/9 4190/1/9 4191/1/9
f 4225/1/9 4226/1/9 4227/1/9 4228/1/9
f 4223/1/9 4224/1/9 4192/1/9 4185/1/9
f 4185/1/4 4164/1/4 4166/1/4 4186/1/4
f 4187/1/24 4186/1/24 4166/1/24 4175/1/24
f 4188/1/24 4187/1/24 4175/1/24 4171/1/24
f 4189/1/24 4188/1/24 4171/1/24 4168/1/24
f 4190/1/8 4189/1/8 4168/1/8 4162/1/8
f 4191/1/9 4190/1/9 4162/1/9 4172/1/9
f 4192/1/9 4191/1/9 4172/1/9 4176/1/9
f 4185/1/9 4192/1/9 4176/1/9 4164/1/9
f 4209/1/9 4210/1/9 4194/1/9 4193/1/9
f 4210/1/8 4211/1/8 4195/1/8 4194/1/8
f 4211/1/24 4212/1/24 4196/1/24 4195/1/24
f 4212/1/24 4213/1/24 4197/1/24 4196/1/24
f 4213/1/24 4214/1/24 4198/1/24 4197/1/24
f 4215/1/4 4199/1/4 4198/1/4 4214/1/4
f 4215/1/9 4216/1/9 4200/1/9 4199/1/9
f 4216/1/9 4209/1/9 4193/1/9 4200/1/9
f 4193/1/9 4194/1/9 4202/1/9 4201/1/9
f 4194/1/8 4195/1/8 4203/1/8 4202/1/8
f 4195/1/24 4196/1/24 4204/1/24 4203/1/24
f 4196/1/24 4197/1/24 4205/1/24 4204/1/24
f 4197/1/24 4198/1/24 4206/1/24 4205/1/24
f 4199/1/4 4207/1/4 4206/1/4 4198/1/4
f 4199/1/9 4200/1/9 4208/1/9 4207/1/9
f 4229/1/9 4230/1/9 4231/1/9 4232/1/9
f 4183/1/9 4182/1/9 4210/1/9 4209/1/9
f 4182/1/8 4181/1/8 4211/1/8 4210/1/8
f 4181/1/24 4180/1/24 4212/1/24 4211/1/24
f 4180/1/24 4179/1/24 4213/1/24 4212/1/24
f 4179/1/24 4178/1/24 4214/1/24 4213/1/24
f 4177/1/4 4215/1/4 4214/1/4 4178/1/4
f 4177/1/9 4184/1/9 4216/1/9 4215/1/9
f 4234/1/9 4233/1/9 4235/1/9 4236/1/9
f 4201/1/9 4202/1/9 4218/1/9 4217/1/9
f 4202/1/8 4203/1/8 4219/1/8 4218/1/8
f 4203/1/24 4204/1/24 4220/1/24 4219/1/24
f 4204/1/24 4205/1/24 4221/1/24 4220/1/24
f 4205/1/24 4206/1/24 4222/1/24 4221/1/24
f 4207/1/4 4223/1/4 4222/1/4 4206/1/4
f 4207/1/9 4208/1/9 4224/1/9 4223/1/9
f 4208/1/9 4201/1/9 4217/1/9 4224/1/9
f 4224/1/22 4217/1/22 4226/1/22 4225/1/22
f 4217/1/4 4191/1/4 4227/1/4 4226/1/4
f 4191/1/23 4192/1/23 4228/1/23 4227/1/23
f 4192/1/8 4224/1/8 4225/1/8 4228/1/8
f 4200/1/22 4193/1/22 4230/1/22 4229/1/22
f 4193/1/4 4201/1/4 4231/1/4 4230/1/4
f 4201/1/23 4208/1/23 4232/1/23 4231/1/23
f 4208/1/8 4200/1/8 4229/1/8 4232/1/8
f 4184/1/22 4183/1/22 4233/1/22 4234/1/22
f 4183/1/4 4209/1/4 4235/1/4 4233/1/4
f 4209/1/23 4216/1/23 4236/1/23 4235/1/23
f 4216/1/8 4184/1/8 4234/1/8 4236/1/8
f 4245/1/24 4272/1/24 4273/1/24 4254/1/24
f 4239/1/4 4276/1/4 4277/1/4 4241/1/4
f 4250/1/9 4279/1/9 4280/1/9 4243/1/9
f 4243/1/8 4280/1/8 4271/1/8 4237/1/8
f 4238/1/23 4244/1/23 4251/1/23 4252/1/23
f 4243/1/22 4237/1/22 4249/1/22 4250/1/22
f 4237/1/247 4271/1/247 4272/1/247 4245/1/247
f 4238/1/247 4252/1/23 4253/1/56 4246/1/247
f 4276/1/247 4239/1/247 4248/1/247 4275/1/247
f 4254/1/56 4249/1/23 4237/1/247 4245/1/247
f 4250/1/22 4249/1/22 4258/1/22 4259/1/22
f 4259/1/9 4278/1/9 4279/1/9 4250/1/9
f 4252/1/23 4251/1/23 4260/1/23 4255/1/23
f 4253/1/56 4252/1/23 4255/1/23 4256/1/56
f 4254/1/24 4273/1/24 4274/1/24 4257/1/24
f 4258/1/23 4249/1/23 4254/1/56 4257/1/56
f 4256/1/56 4255/1/23 4240/1/247 4247/1/247
f 4257/1/24 4274/1/24 4275/1/24 4248/1/24
f 4239/1/247 4258/1/23 4257/1/56 4248/1/247
f 4259/1/22 4258/1/22 4239/1/22 4241/1/22
f 4241/1/9 4277/1/9 4278/1/9 4259/1/9
f 4255/1/23 4260/1/23 4242/1/23 4240/1/23
f 4261/1/247 4238/1/247 4246/1/247 4262/1/247
f 4263/1/24 4262/1/24 4246/1/24 4253/1/24
f 4264/1/24 4263/1/24 4253/1/24 4256/1/24
f 4265/1/24 4264/1/24 4256/1/24 4247/1/24
f 4240/1/247 4266/1/247 4265/1/247 4247/1/247
f 4267/1/4 4266/1/4 4240/1/4 4242/1/4
f 4268/1/9 4267/1/9 4242/1/9 4260/1/9
f 4269/1/9 4268/1/9 4260/1/9 4251/1/9
f 4270/1/9 4269/1/9 4251/1/9 4244/1/9
f 4261/1/8 4270/1/8 4244/1/8 4238/1/8
f 4293/1/247 4320/1/247 4311/1/247 4292/1/247
f 4291/1/24 4292/1/24 4311/1/24 4312/1/24
f 4300/1/24 4291/1/24 4312/1/24 4313/1/24
f 4299/1/24 4300/1/24 4313/1/24 4314/1/24
f 4315/1/247 4298/1/247 4299/1/247 4314/1/247
f 4297/1/4 4298/1/4 4315/1/4 4316/1/4
f 4296/1/9 4297/1/9 4316/1/9 4317/1/9
f 4295/1/9 4296/1/9 4317/1/9 4318/1/9
f 4294/1/9 4295/1/9 4318/1/9 4319/1/9
f 4293/1/8 4294/1/8 4319/1/8 4320/1/8
f 4273/1/24 4272/1/24 4302/1/24 4303/1/24
f 4271/1/247 4301/1/247 4302/1/247 4272/1/247
f 4271/1/8 4280/1/8 4310/1/8 4301/1/8
f 4280/1/9 4279/1/9 4309/1/9 4310/1/9
f 4279/1/9 4278/1/9 4308/1/9 4309/1/9
f 4278/1/9 4277/1/9 4307/1/9 4308/1/9
f 4277/1/4 4276/1/4 4306/1/4 4307/1/4
f 4305/1/247 4306/1/247 4276/1/247 4275/1/247
f 4275/1/24 4274/1/24 4304/1/24 4305/1/24
f 4322/1/24 4321/1/24 4323/1/24 4324/1/24
f 4281/1/24 4282/1/24 4292/1/24 4291/1/24
f 4283/1/247 4293/1/247 4292/1/247 4282/1/247
f 4283/1/8 4284/1/8 4294/1/8 4293/1/8
f 4284/1/9 4285/1/9 4295/1/9 4294/1/9
f 4285/1/9 4286/1/9 4296/1/9 4295/1/9
f 4286/1/9 4287/1/9 4297/1/9 4296/1/9
f 4287/1/4 4288/1/4 4298/1/4 4297/1/4
f 4299/1/247 4298/1/247 4288/1/247 4289/1/247
f 4289/1/24 4290/1/24 4300/1/24 4299/1/24
f 4325/1/24 4326/1/24 4327/1/24 4328/1/24
f 4301/1/247 4283/1/247 4282/1/247 4302/1/247
f 4303/1/24 4302/1/24 4282/1/24 4281/1/24
f 4304/1/24 4303/1/24 4281/1/24 4290/1/24
f 4305/1/24 4304/1/24 4290/1/24 4289/1/24
f 4289/1/247 4288/1/247 4306/1/247 4305/1/247
f 4307/1/4 4306/1/4 4288/1/4 4287/1/4
f 4308/1/9 4307/1/9 4287/1/9 4286/1/9
f 4309/1/9 4308/1/9 4286/1/9 4285/1/9
f 4310/1/9 4309/1/9 4285/1/9 4284/1/9
f 4301/1/8 4310/1/8 4284/1/8 4283/1/8
f 4312/1/24 4311/1/24 4262/1/24 4263/1/24
f 4330/1/24 4329/1/24 4331/1/24 4332/1/24
f 4314/1/24 4313/1/24 4264/1/24 4265/1/24
f 4266/1/247 4315/1/247 4314/1/247 4265/1/247
f 4316/1/4 4315/1/4 4266/1/4 4267/1/4
f 4317/1/9 4316/1/9 4267/1/9 4268/1/9
f 4334/1/9 4333/1/9 4335/1/9 4336/1/9
f 4319/1/9 4318/1/9 4269/1/9 4270/1/9
f 4320/1/8 4319/1/8 4270/1/8 4261/1/8
f 4311/1/247 4320/1/247 4261/1/247 4262/1/247
f 4274/1/23 4273/1/23 4321/1/23 4322/1/23
f 4273/1/4 4303/1/4 4323/1/4 4321/1/4
f 4303/1/22 4304/1/22 4324/1/22 4323/1/22
f 4304/1/8 4274/1/8 4322/1/8 4324/1/8
f 4290/1/23 4281/1/23 4326/1/23 4325/1/23
f 4281/1/4 4291/1/4 4327/1/4 4326/1/4
f 4291/1/22 4300/1/22 4328/1/22 4327/1/22
f 4300/1/8 4290/1/8 4325/1/8 4328/1/8
f 4313/1/23 4312/1/23 4329/1/23 4330/1/23
f 4312/1/4 4263/1/4 4331/1/4 4329/1/4
f 4263/1/22 4264/1/22 4332/1/22 4331/1/22
f 4264/1/8 4313/1/8 4330/1/8 4332/1/8
f 4318/1/22 4317/1/22 4333/1/22 4334/1/22
f 4317/1/4 4268/1/4 4335/1/4 4333/1/4
f 4268/1/23 4269/1/23 4336/1/23 4335/1/23
f 4269/1/8 4318/1/8 4334/1/8 4336/1/8
f 4337/1/23 4338/1/23 4340/1/23 4339/1/23
f 4339/1/4 4340/1/4 4342/1/4 4341/1/4
f 4341/1/22 4342/1/22 4344/1/22 4343/1/22
f 4343/1/8 4344/1/8 4338/1/8 4337/1/8
f 4338/1/9 4344/1/9 4342/1/9 4340/1/9
f 4343/1/24 4337/1/24 4339/1/24 4341/1/24
f 4345/1/22 4346/1/22 4352/1/22 4351/1/22
f 4346/1/357 4347/1/357 4353/1/357 4352/1/357
f 4347/1/358 4348/1/358 4354/1/358 4353/1/358
f 4348/1/23 4349/1/23 4355/1/23 4354/1/23
f 4349/1/359 4350/1/359 4356/1/359 4355/1/359
f 4350/1/360 4345/1/360 4351/1/360 4356/1/360
f 4357/1/22 4358/1/22 4456/1/22 4457/1/22
f 4358/1/361 4359/1/361 4455/1/361 4456/1/361
f 4359/1/362 4360/1/362 4460/1/362 4455/1/362
f 4360/1/23 4361/1/23 4459/1/23 4460/1/23
f 4361/1/363 4362/1/363 4458/1/363 4459/1/363
f 4362/1/364 4357/1/364 4457/1/364 4458/1/364
f 4358/1/8 4357/1/8 4369/1/8
f 4359/1/8 4358/1/8 4369/1/8
f 4360/1/8 4359/1/8 4369/1/8
f 4361/1/8 4360/1/8 4369/1/8
f 4362/1/8 4361/1/8 4369/1/8
f 4357/1/8 4362/1/8 4369/1/8
f 4370/1/22 4371/1/22 4377/1/22 4376/1/22
f 4371/1/361 4372/1/361 4378/1/365 4377/1/365
f 4372/1/362 4373/1/362 4379/1/366 4378/1/366
f 4373/1/23 4374/1/23 4380/1/23 4379/1/23
f 4374/1/363 4375/1/363 4381/1/367 4380/1/367
f 4375/1/364 4370/1/364 4376/1/368 4381/1/368
f 4371/1/8 4370/1/8 4382/1/8
f 4372/1/8 4371/1/8 4382/1/8
f 4373/1/8 4372/1/8 4382/1/8
f 4374/1/8 4373/1/8 4382/1/8
f 4375/1/8 4374/1/8 4382/1/8
f 4370/1/8 4375/1/8 4382/1/8
f 4395/1/22 4396/1/22 4363/1/22 4364/1/22
f 4396/1/369 4397/1/370 4368/1/371 4363/1/371
f 4397/1/372 4398/1/373 4367/1/374 4368/1/374
f 4398/1/23 4399/1/23 4366/1/23 4367/1/23
f 4399/1/375 4400/1/376 4365/1/377 4366/1/377
f 4400/1/378 4395/1/379 4364/1/380 4365/1/380
f 4346/1/22 4345/1/22 4384/1/22 4383/1/22
f 4345/1/381 4350/1/381 4385/1/382 4384/1/383
f 4350/1/384 4349/1/384 4386/1/385 4385/1/386
f 4349/1/23 4348/1/23 4387/1/23 4386/1/23
f 4348/1/387 4347/1/387 4388/1/388 4387/1/389
f 4347/1/390 4346/1/390 4383/1/391 4388/1/392
f 4383/1/22 4384/1/22 4390/1/22 4389/1/22
f 4384/1/383 4385/1/382 4391/1/393 4390/1/394
f 4385/1/386 4386/1/385 4392/1/395 4391/1/396
f 4386/1/23 4387/1/23 4393/1/23 4392/1/23
f 4387/1/389 4388/1/388 4394/1/397 4393/1/398
f 4388/1/392 4383/1/391 4389/1/399 4394/1/400
f 4389/1/22 4390/1/22 4396/1/22 4395/1/22
f 4390/1/401 4391/1/402 4397/1/370 4396/1/369
f 4391/1/403 4392/1/404 4398/1/373 4397/1/372
f 4392/1/23 4393/1/23 4399/1/23 4398/1/23
f 4393/1/398 4394/1/397 4400/1/376 4399/1/375
f 4394/1/400 4389/1/399 4395/1/379 4400/1/378
f 4425/1/405 4426/1/406 4381/1/368 4376/1/368
f 4426/1/407 4427/1/408 4380/1/367 4381/1/367
f 4427/1/23 4428/1/23 4379/1/23 4380/1/23
f 4428/1/409 4429/1/410 4378/1/366 4379/1/366
f 4429/1/411 4430/1/412 4377/1/365 4378/1/365
f 4430/1/22 4425/1/22 4376/1/22 4377/1/22
f 4352/1/413 4353/1/413 4402/1/414 4401/1/415
f 4353/1/416 4354/1/416 4403/1/417 4402/1/418
f 4354/1/23 4355/1/23 4404/1/23 4403/1/23
f 4355/1/419 4356/1/419 4405/1/420 4404/1/421
f 4356/1/422 4351/1/422 4406/1/423 4405/1/424
f 4351/1/22 4352/1/22 4401/1/22 4406/1/22
f 4401/1/415 4402/1/414 4408/1/425 4407/1/426
f 4402/1/418 4403/1/417 4409/1/427 4408/1/428
f 4403/1/23 4404/1/23 4410/1/23 4409/1/23
f 4404/1/421 4405/1/420 4411/1/429 4410/1/430
f 4405/1/424 4406/1/423 4412/1/431 4411/1/432
f 4406/1/22 4401/1/22 4407/1/22 4412/1/22
f 4407/1/426 4408/1/425 4414/1/433 4413/1/434
f 4408/1/428 4409/1/427 4415/1/435 4414/1/436
f 4409/1/23 4410/1/23 4416/1/23 4415/1/23
f 4410/1/437 4411/1/438 4417/1/439 4416/1/440
f 4411/1/441 4412/1/442 4418/1/443 4417/1/444
f 4412/1/22 4407/1/22 4413/1/22 4418/1/22
f 4413/1/434 4414/1/433 4420/1/445 4419/1/446
f 4414/1/436 4415/1/435 4421/1/447 4420/1/448
f 4415/1/23 4416/1/23 4422/1/23 4421/1/23
f 4416/1/440 4417/1/439 4423/1/449 4422/1/450
f 4417/1/444 4418/1/443 4424/1/451 4423/1/452
f 4418/1/22 4413/1/22 4419/1/22 4424/1/22
f 4419/1/446 4420/1/445 4426/1/406 4425/1/405
f 4420/1/448 4421/1/447 4427/1/408 4426/1/407
f 4421/1/23 4422/1/23 4428/1/23 4427/1/23
f 4422/1/450 4423/1/449 4429/1/410 4428/1/409
f 4423/1/452 4424/1/451 4430/1/412 4429/1/411
f 4424/1/22 4419/1/22 4425/1/22 4430/1/22
f 4432/1/361 4431/1/361 4466/1/361 4461/1/361
f 4433/1/22 4432/1/22 4461/1/22 4462/1/22
f 4434/1/364 4433/1/364 4462/1/364 4463/1/364
f 4435/1/363 4434/1/363 4463/1/363 4464/1/363
f 4638/1/23 4637/1/23 4639/1/23 4640/1/23
f 4431/1/362 4436/1/362 4465/1/362 4466/1/362
f 4438/1/361 4437/1/361 4472/1/361 4467/1/361
f 4439/1/22 4438/1/22 4467/1/22 4468/1/22
f 4440/1/364 4439/1/364 4468/1/364 4469/1/364
f 4441/1/363 4440/1/363 4469/1/363 4470/1/363
f 4437/1/362 4442/1/362 4471/1/362 4472/1/362
f 4444/1/361 4443/1/361 4478/1/361 4473/1/361
f 4445/1/22 4444/1/22 4473/1/22 4474/1/22
f 4446/1/364 4445/1/364 4474/1/364 4475/1/364
f 4447/1/363 4446/1/363 4475/1/363 4476/1/363
f 4443/1/362 4448/1/362 4477/1/362 4478/1/362
f 4450/1/361 4449/1/361 4484/1/361 4479/1/361
f 4451/1/22 4450/1/22 4479/1/22 4480/1/22
f 4452/1/364 4451/1/364 4480/1/364 4481/1/364
f 4453/1/363 4452/1/363 4481/1/363 4482/1/363
f 4650/1/23 4649/1/23 4651/1/23 4652/1/23
f 4449/1/362 4454/1/362 4483/1/362 4484/1/362
f 4456/1/361 4455/1/361 4490/1/361 4485/1/361
f 4457/1/22 4456/1/22 4485/1/22 4486/1/22
f 4458/1/364 4457/1/364 4486/1/364 4487/1/364
f 4459/1/363 4458/1/363 4487/1/363 4488/1/363
f 4455/1/362 4460/1/362 4489/1/362 4490/1/362
f 4462/1/22 4461/1/22 4364/1/22 4363/1/22
f 4463/1/364 4462/1/364 4363/1/364 4368/1/364
f 4464/1/363 4463/1/363 4368/1/363 4367/1/363
f 4465/1/23 4464/1/23 4367/1/23 4366/1/23
f 4466/1/362 4465/1/362 4366/1/362 4365/1/362
f 4461/1/361 4466/1/361 4365/1/361 4364/1/361
f 4468/1/22 4467/1/22 4432/1/22 4433/1/22
f 4469/1/364 4468/1/364 4433/1/364 4434/1/364
f 4470/1/363 4469/1/363 4434/1/363 4435/1/363
f 4471/1/23 4470/1/23 4435/1/23 4436/1/23
f 4472/1/362 4471/1/362 4436/1/362 4431/1/362
f 4467/1/361 4472/1/361 4431/1/361 4432/1/361
f 4474/1/22 4473/1/22 4438/1/22 4439/1/22
f 4475/1/364 4474/1/364 4439/1/364 4440/1/364
f 4476/1/363 4475/1/363 4440/1/363 4441/1/363
f 4477/1/23 4476/1/23 4441/1/23 4442/1/23
f 4478/1/362 4477/1/362 4442/1/362 4437/1/362
f 4473/1/361 4478/1/361 4437/1/361 4438/1/361
f 4480/1/22 4479/1/22 4444/1/22 4445/1/22
f 4481/1/364 4480/1/364 4445/1/364 4446/1/364
f 4482/1/363 4481/1/363 4446/1/363 4447/1/363
f 4483/1/23 4482/1/23 4447/1/23 4448/1/23
f 4484/1/362 4483/1/362 4448/1/362 4443/1/362
f 4479/1/361 4484/1/361 4443/1/361 4444/1/361
f 4486/1/22 4485/1/22 4450/1/22 4451/1/22
f 4487/1/364 4486/1/364 4451/1/364 4452/1/364
f 4488/1/363 4487/1/363 4452/1/363 4453/1/363
f 4489/1/23 4488/1/23 4453/1/23 4454/1/23
f 4490/1/362 4489/1/362 4454/1/362 4449/1/362
f 4485/1/361 4490/1/361 4449/1/361 4450/1/361
f 4491/1/22 4492/1/22 4498/1/22 4497/1/22
f 4492/1/357 4493/1/357 4499/1/357 4498/1/357
f 4493/1/358 4494/1/358 4500/1/358 4499/1/358
f 4494/1/23 4495/1/23 4501/1/23 4500/1/23
f 4495/1/359 4496/1/359 4502/1/359 4501/1/359
f 4496/1/360 4491/1/360 4497/1/360 4502/1/360
f 4503/1/22 4504/1/22 4602/1/22 4603/1/22
f 4504/1/361 4505/1/361 4601/1/361 4602/1/361
f 4505/1/362 4506/1/362 4606/1/362 4601/1/362
f 4506/1/23 4507/1/23 4605/1/23 4606/1/23
f 4507/1/363 4508/1/363 4604/1/363 4605/1/363
f 4508/1/364 4503/1/364 4603/1/364 4604/1/364
f 4504/1/8 4503/1/8 4515/1/8
f 4505/1/8 4504/1/8 4515/1/8
f 4506/1/8 4505/1/8 4515/1/8
f 4507/1/8 4506/1/8 4515/1/8
f 4508/1/8 4507/1/8 4515/1/8
f 4503/1/8 4508/1/8 4515/1/8
f 4516/1/22 4517/1/22 4523/1/22 4522/1/22
f 4517/1/361 4518/1/361 4524/1/365 4523/1/365
f 4518/1/362 4519/1/362 4525/1/366 4524/1/366
f 4519/1/23 4520/1/23 4526/1/23 4525/1/23
f 4520/1/363 4521/1/363 4527/1/453 4526/1/453
f 4521/1/364 4516/1/364 4522/1/454 4527/1/454
f 4517/1/8 4516/1/8 4528/1/8
f 4518/1/8 4517/1/8 4528/1/8
f 4519/1/8 4518/1/8 4528/1/8
f 4520/1/8 4519/1/8 4528/1/8
f 4521/1/8 4520/1/8 4528/1/8
f 4516/1/8 4521/1/8 4528/1/8
f 4541/1/22 4542/1/22 4509/1/22 4510/1/22
f 4542/1/369 4543/1/455 4514/1/371 4509/1/371
f 4543/1/372 4544/1/373 4513/1/374 4514/1/374
f 4544/1/23 4545/1/23 4512/1/23 4513/1/23
f 4545/1/375 4546/1/376 4511/1/377 4512/1/377
f 4546/1/378 4541/1/379 4510/1/380 4511/1/380
f 4492/1/22 4491/1/22 4530/1/22 4529/1/22
f 4491/1/381 4496/1/381 4531/1/382 4530/1/383
f 4496/1/384 4495/1/384 4532/1/385 4531/1/386
f 4495/1/23 4494/1/23 4533/1/23 4532/1/23
f 4494/1/456 4493/1/456 4534/1/388 4533/1/389
f 4493/1/457 4492/1/457 4529/1/391 4534/1/392
f 4529/1/22 4530/1/22 4536/1/22 4535/1/22
f 4530/1/383 4531/1/382 4537/1/393 4536/1/394
f 4531/1/386 4532/1/385 4538/1/458 4537/1/396
f 4532/1/23 4533/1/23 4539/1/23 4538/1/23
f 4533/1/389 4534/1/388 4540/1/459 4539/1/398
f 4534/1/392 4529/1/391 4535/1/460 4540/1/461
f 4535/1/22 4536/1/22 4542/1/22 4541/1/22
f 4536/1/401 4537/1/402 4543/1/455 4542/1/369
f 4537/1/403 4538/1/404 4544/1/373 4543/1/372
f 4538/1/23 4539/1/23 4545/1/23 4544/1/23
f 4539/1/398 4540/1/459 4546/1/376 4545/1/375
f 4540/1/461 4535/1/460 4541/1/379 4546/1/378
f 4571/1/405 4572/1/406 4527/1/454 4522/1/454
f 4572/1/462 4573/1/408 4526/1/453 4527/1/453
f 4573/1/23 4574/1/23 4525/1/23 4526/1/23
f 4574/1/409 4575/1/410 4524/1/366 4525/1/366
f 4575/1/411 4576/1/412 4523/1/365 4524/1/365
f 4576/1/22 4571/1/22 4522/1/22 4523/1/22
f 4498/1/413 4499/1/413 4548/1/414 4547/1/415
f 4499/1/416 4500/1/416 4549/1/417 4548/1/418
f 4500/1/23 4501/1/23 4550/1/23 4549/1/23
f 4501/1/419 4502/1/419 4551/1/420 4550/1/421
f 4502/1/422 4497/1/422 4552/1/423 4551/1/424
f 4497/1/22 4498/1/22 4547/1/22 4552/1/22
f 4547/1/415 4548/1/414 4554/1/425 4553/1/426
f 4548/1/418 4549/1/417 4555/1/427 4554/1/428
f 4549/1/23 4550/1/23 4556/1/23 4555/1/23
f 4550/1/421 4551/1/420 4557/1/429 4556/1/430
f 4551/1/424 4552/1/423 4558/1/431 4557/1/432
f 4552/1/22 4547/1/22 4553/1/22 4558/1/22
f 4553/1/426 4554/1/425 4560/1/433 4559/1/434
f 4554/1/428 4555/1/427 4561/1/463 4560/1/436
f 4555/1/23 4556/1/23 4562/1/23 4561/1/23
f 4556/1/437 4557/1/438 4563/1/439 4562/1/440
f 4557/1/464 4558/1/442 4564/1/443 4563/1/444
f 4558/1/22 4553/1/22 4559/1/22 4564/1/22
f 4559/1/434 4560/1/433 4566/1/465 4565/1/446
f 4560/1/436 4561/1/463 4567/1/466 4566/1/467
f 4561/1/23 4562/1/23 4568/1/23 4567/1/23
f 4562/1/440 4563/1/439 4569/1/449 4568/1/450
f 4563/1/444 4564/1/443 4570/1/451 4569/1/452
f 4564/1/22 4559/1/22 4565/1/22 4570/1/22
f 4565/1/446 4566/1/465 4572/1/406 4571/1/405
f 4566/1/467 4567/1/466 4573/1/408 4572/1/462
f 4567/1/23 4568/1/23 4574/1/23 4573/1/23
f 4568/1/450 4569/1/449 4575/1/410 4574/1/409
f 4569/1/452 4570/1/451 4576/1/412 4575/1/411
f 4570/1/22 4565/1/22 4571/1/22 4576/1/22
f 4578/1/361 4577/1/361 4612/1/361 4607/1/361
f 4580/1/364 4579/1/364 4608/1/364 4609/1/364
f 4581/1/363 4580/1/363 4609/1/363 4610/1/363
f 4582/1/23 4581/1/23 4610/1/23 4611/1/23
f 4577/1/362 4582/1/362 4611/1/362 4612/1/362
f 4584/1/361 4583/1/361 4618/1/361 4613/1/361
f 4641/1/22 4642/1/22 4644/1/22 4643/1/22
f 4586/1/364 4585/1/364 4614/1/364 4615/1/364
f 4587/1/363 4586/1/363 4615/1/363 4616/1/363
f 4588/1/23 4587/1/23 4616/1/23 4617/1/23
f 4583/1/362 4588/1/362 4617/1/362 4618/1/362
f 4590/1/361 4589/1/361 4624/1/361 4619/1/361
f 4645/1/22 4646/1/22 4648/1/22 4647/1/22
f 4592/1/364 4591/1/364 4620/1/364 4621/1/364
f 4593/1/363 4592/1/363 4621/1/363 4622/1/363
f 4594/1/23 4593/1/23 4622/1/23 4623/1/23
f 4589/1/362 4594/1/362 4623/1/362 4624/1/362
f 4596/1/361 4595/1/361 4630/1/361 4625/1/361
f 4598/1/364 4597/1/364 4626/1/364 4627/1/364
f 4599/1/363 4598/1/363 4627/1/363 4628/1/363
f 4600/1/23 4599/1/23 4628/1/23 4629/1/23
f 4595/1/362 4600/1/362 4629/1/362 4630/1/362
f 4602/1/361 4601/1/361 4636/1/361 4631/1/361
f 4653/1/22 4654/1/22 4656/1/22 4655/1/22
f 4604/1/364 4603/1/364 4632/1/364 4633/1/364
f 4605/1/363 4604/1/363 4633/1/363 4634/1/363
f 4606/1/23 4605/1/23 4634/1/23 4635/1/23
f 4601/1/362 4606/1/362 4635/1/362 4636/1/362
f 4608/1/22 4607/1/22 4510/1/22 4509/1/22
f 4609/1/364 4608/1/364 4509/1/364 4514/1/364
f 4610/1/363 4609/1/363 4514/1/363 4513/1/363
f 4611/1/23 4610/1/23 4513/1/23 4512/1/23
f 4612/1/362 4611/1/362 4512/1/362 4511/1/362
f 4607/1/361 4612/1/361 4511/1/361 4510/1/361
f 4614/1/22 4613/1/22 4578/1/22 4579/1/22
f 4615/1/364 4614/1/364 4579/1/364 4580/1/364
f 4616/1/363 4615/1/363 4580/1/363 4581/1/363
f 4617/1/23 4616/1/23 4581/1/23 4582/1/23
f 4618/1/362 4617/1/362 4582/1/362 4577/1/362
f 4613/1/361 4618/1/361 4577/1/361 4578/1/361
f 4620/1/22 4619/1/22 4584/1/22 4585/1/22
f 4621/1/364 4620/1/364 4585/1/364 4586/1/364
f 4622/1/363 4621/1/363 4586/1/363 4587/1/363
f 4623/1/23 4622/1/23 4587/1/23 4588/1/23
f 4624/1/362 4623/1/362 4588/1/362 4583/1/362
f 4619/1/361 4624/1/361 4583/1/361 4584/1/361
f 4626/1/22 4625/1/22 4590/1/22 4591/1/22
f 4627/1/364 4626/1/364 4591/1/364 4592/1/364
f 4628/1/363 4627/1/363 4592/1/363 4593/1/363
f 4629/1/23 4628/1/23 4593/1/23 4594/1/23
f 4630/1/362 4629/1/362 4594/1/362 4589/1/362
f 4625/1/361 4630/1/361 4589/1/361 4590/1/361
f 4632/1/22 4631/1/22 4596/1/22 4597/1/22
f 4633/1/364 4632/1/364 4597/1/364 4598/1/364
f 4634/1/363 4633/1/363 4598/1/363 4599/1/363
f 4635/1/23 4634/1/23 4599/1/23 4600/1/23
f 4636/1/362 4635/1/362 4600/1/362 4595/1/362
f 4631/1/361 4636/1/361 4595/1/361 4596/1/361
f 4436/1/8 4435/1/8 4637/1/8 4638/1/8
f 4435/1/9 4464/1/9 4639/1/9 4637/1/9
f 4464/1/4 4465/1/4 4640/1/4 4639/1/4
f 4465/1/24 4436/1/24 4638/1/24 4640/1/24
f 4442/1/8 4441/1/8 4641/1/8 4642/1/8
f 4441/1/9 4470/1/9 4643/1/9 4641/1/9
f 4470/1/4 4471/1/4 4644/1/4 4643/1/4
f 4471/1/24 4442/1/24 4642/1/24 4644/1/24
f 4448/1/8 4447/1/8 4645/1/8 4646/1/8
f 4447/1/9 4476/1/9 4647/1/9 4645/1/9
f 4476/1/4 4477/1/4 4648/1/4 4647/1/4
f 4477/1/24 4448/1/24 4646/1/24 4648/1/24
f 4454/1/8 4453/1/8 4649/1/8 4650/1/8
f 4453/1/9 4482/1/9 4651/1/9 4649/1/9
f 4482/1/4 4483/1/4 4652/1/4 4651/1/4
f 4483/1/24 4454/1/24 4650/1/24 4652/1/24
f 4460/1/8 4459/1/8 4653/1/8 4654/1/8
f 4459/1/9 4488/1/9 4655/1/9 4653/1/9
f 4488/1/4 4489/1/4 4656/1/4 4655/1/4
f 4489/1/24 4460/1/24 4654/1/24 4656/1/24
f 4579/1/8 4578/1/8 4638/1/8 4637/1/8
f 4578/1/24 4607/1/24 4640/1/24 4638/1/24
f 4607/1/4 4608/1/4 4639/1/4 4640/1/4
f 4608/1/9 4579/1/9 4637/1/9 4639/1/9
f 4585/1/8 4584/1/8 4642/1/8 4641/1/8
f 4584/1/24 4613/1/24 4644/1/24 4642/1/24
f 4613/1/4 4614/1/4 4643/1/4 4644/1/4
f 4614/1/9 4585/1/9 4641/1/9 4643/1/9
f 4591/1/8 4590/1/8 4646/1/8 4645/1/8
f 4590/1/24 4619/1/24 4648/1/24 4646/1/24
f 4619/1/4 4620/1/4 4647/1/4 4648/1/4
f 4620/1/9 4591/1/9 4645/1/9 4647/1/9
f 4597/1/8 4596/1/8 4650/1/8 4649/1/8
f 4596/1/24 4625/1/24 4652/1/24 4650/1/24
f 4625/1/4 4626/1/4 4651/1/4 4652/1/4
f 4626/1/9 4597/1/9 4649/1/9 4651/1/9
f 4603/1/8 4602/1/8 4654/1/8 4653/1/8
f 4602/1/24 4631/1/24 4656/1/24 4654/1/24
f 4631/1/4 4632/1/4 4655/1/4 4656/1/4
f 4632/1/9 4603/1/9 4653/1/9 4655/1/9
f 4805/1/23 4751/1/23 4678/1/23 4804/1/23
f 4799/1/4 4660/1/4 4662/1/4 4798/1/4
f 4796/1/22 4684/1/22 4755/1/22 4795/1/22
f 4811/1/8 4664/1/8 4658/1/8 4810/1/8
f 4754/1/9 4755/1/9 4684/1/9 4685/1/9
f 4758/1/24 4759/1/24 4682/1/24 4683/1/24
f 4809/1/23 4670/1/23 4671/1/23 4808/1/23
f 4753/1/23 4686/1/23 4677/1/23 4752/1/23
f 4673/1/23 4800/1/23 4801/1/23 4674/1/23
f 4681/1/23 4760/1/23 4761/1/23 4680/1/23
f 4810/1/8 4658/1/8 4670/1/8 4809/1/8
f 4666/1/4 4807/1/4 4808/1/4 4671/1/4
f 4754/1/9 4685/1/9 4686/1/9 4753/1/9
f 4678/1/24 4751/1/24 4752/1/24 4677/1/24
f 4660/1/4 4799/1/4 4800/1/4 4673/1/4
f 4802/1/8 4667/1/8 4674/1/8 4801/1/8
f 4682/1/24 4759/1/24 4760/1/24 4681/1/24
f 4762/1/9 4679/1/9 4680/1/9 4761/1/9
f 4688/1/24 4678/1/24 4677/1/24 4687/1/24
f 4804/1/23 4678/1/23 4688/1/23 4803/1/23
f 4680/1/9 4679/1/9 4689/1/9 4690/1/9
f 4691/1/23 4681/1/23 4680/1/23 4690/1/23
f 4692/1/24 4682/1/24 4681/1/24 4691/1/24
f 4683/1/24 4682/1/24 4692/1/24 4693/1/24
f 4797/1/22 4694/1/22 4684/1/22 4796/1/22
f 4685/1/9 4684/1/9 4694/1/9 4695/1/9
f 4686/1/9 4685/1/9 4695/1/9 4696/1/9
f 4677/1/23 4686/1/23 4696/1/23 4687/1/23
f 4667/1/24 4688/1/24 4687/1/24 4674/1/24
f 4802/1/23 4803/1/23 4688/1/23 4667/1/23
f 4690/1/9 4689/1/9 4668/1/9 4676/1/9
f 4675/1/23 4691/1/23 4690/1/23 4676/1/23
f 4659/1/24 4692/1/24 4691/1/24 4675/1/24
f 4693/1/24 4692/1/24 4659/1/24 4661/1/24
f 4798/1/22 4662/1/22 4694/1/22 4797/1/22
f 4695/1/9 4694/1/9 4662/1/9 4660/1/9
f 4696/1/9 4695/1/9 4660/1/9 4673/1/9
f 4687/1/23 4696/1/23 4673/1/23 4674/1/23
f 4726/1/23 4725/1/23 4727/1/23 4728/1/23
f 4700/1/4 4699/1/4 4713/1/4 4714/1/4
f 4715/1/23 4701/1/23 4700/1/23 4714/1/23
f 4716/1/8 4702/1/8 4701/1/8 4715/1/8
f 4717/1/8 4703/1/8 4702/1/8 4716/1/8
f 4718/1/22 4704/1/22 4756/1/22 4757/1/22
f 4729/1/22 4730/1/22 4731/1/22 4732/1/22
f 4720/1/22 4706/1/22 4705/1/22 4719/1/22
f 4721/1/4 4707/1/4 4706/1/4 4720/1/4
f 4708/1/4 4707/1/4 4721/1/4 4722/1/4
f 4709/1/23 4708/1/23 4722/1/23 4723/1/23
f 4724/1/8 4710/1/8 4709/1/8 4723/1/8
f 4724/1/23 4711/1/23 4697/1/23 4710/1/23
f 4786/1/23 4712/1/23 4711/1/23 4785/1/23
f 4714/1/4 4713/1/4 4789/1/4 4790/1/4
f 4791/1/23 4715/1/23 4714/1/23 4790/1/23
f 4792/1/8 4716/1/8 4715/1/8 4791/1/8
f 4793/1/8 4717/1/8 4716/1/8 4792/1/8
f 4778/1/22 4718/1/22 4757/1/22 4777/1/22
f 4779/1/22 4719/1/22 4718/1/22 4778/1/22
f 4780/1/22 4720/1/22 4719/1/22 4779/1/22
f 4781/1/4 4721/1/4 4720/1/4 4780/1/4
f 4722/1/4 4721/1/4 4781/1/4 4782/1/4
f 4723/1/23 4722/1/23 4782/1/23 4783/1/23
f 4784/1/8 4724/1/8 4723/1/8 4783/1/8
f 4785/1/23 4711/1/23 4724/1/23 4784/1/23
f 4719/1/22 4705/1/22 4730/1/22 4729/1/22
f 4705/1/22 4704/1/22 4731/1/22 4730/1/22
f 4704/1/22 4718/1/22 4732/1/22 4731/1/22
f 4718/1/22 4719/1/22 4729/1/22 4732/1/22
f 4733/1/468 4734/1/468 4742/1/468 4741/1/468
f 4734/1/469 4733/1/469 4736/1/469 4735/1/469
f 4735/1/470 4736/1/470 4745/1/470 4746/1/470
f 4737/1/470 4738/1/470 4744/1/470 4743/1/470
f 4738/1/471 4737/1/471 4740/1/471 4739/1/471
f 4739/1/468 4740/1/468 4747/1/468 4748/1/468
f 4741/1/471 4742/1/471 4746/1/471 4745/1/471
f 4743/1/469 4744/1/469 4748/1/469 4747/1/469
f 4736/1/23 4733/1/23 4738/1/23 4739/1/23
f 4733/1/23 4741/1/23 4744/1/23 4738/1/23
f 4741/1/23 4745/1/23 4748/1/23 4744/1/23
f 4745/1/23 4736/1/23 4739/1/23 4748/1/23
f 4712/1/8 4698/1/8 4734/1/8 4735/1/8
f 4725/1/4 4726/1/4 4740/1/4 4737/1/4
f 4698/1/9 4697/1/9 4742/1/9 4734/1/9
f 4727/1/24 4725/1/24 4737/1/24 4743/1/24
f 4697/1/4 4711/1/4 4746/1/4 4742/1/4
f 4728/1/8 4727/1/8 4743/1/8 4747/1/8
f 4711/1/24 4712/1/24 4735/1/24 4746/1/24
f 4726/1/9 4728/1/9 4747/1/9 4740/1/9
f 4807/1/23 4666/1/23 4768/1/23 4806/1/23
f 4767/1/24 4768/1/24 4666/1/24 4671/1/24
f 4670/1/23 4766/1/23 4767/1/23 4671/1/23
f 4658/1/9 4765/1/9 4766/1/9 4670/1/9
f 4658/1/9 4664/1/9 4764/1/9 4765/1/9
f 4812/1/22 4764/1/22 4664/1/22 4811/1/22
f 4776/1/22 4763/1/22 4703/1/22 4717/1/22
f 4794/1/22 4776/1/22 4717/1/22 4793/1/22
f 4663/1/24 4657/1/24 4774/1/24 4775/1/24
f 4773/1/24 4774/1/24 4657/1/24 4669/1/24
f 4772/1/23 4773/1/23 4669/1/23 4672/1/23
f 4665/1/9 4771/1/9 4772/1/9 4672/1/9
f 4863/1/22 4896/1/22 4897/1/22 4862/1/22
f 4861/1/9 4862/1/9 4897/1/9 4898/1/9
f 4860/1/9 4861/1/9 4898/1/9 4899/1/9
f 4859/1/23 4860/1/23 4899/1/23 4900/1/23
f 4900/1/24 4901/1/24 4858/1/24 4859/1/24
f 4857/1/23 4858/1/23 4901/1/23 4902/1/23
f 4870/1/9 4871/1/9 4888/1/9 4889/1/9
f 4889/1/23 4890/1/23 4869/1/23 4870/1/23
f 4890/1/24 4891/1/24 4868/1/24 4869/1/24
f 4867/1/24 4868/1/24 4891/1/24 4892/1/24
f 4866/1/22 4893/1/22 4894/1/22 4865/1/22
f 4894/1/22 4895/1/22 4864/1/22 4865/1/22
f 4683/1/22 4778/1/22 4777/1/22 4758/1/22
f 4693/1/22 4779/1/22 4778/1/22 4683/1/22
f 4661/1/22 4780/1/22 4779/1/22 4693/1/22
f 4659/1/4 4781/1/4 4780/1/4 4661/1/4
f 4782/1/4 4781/1/4 4659/1/4 4675/1/4
f 4783/1/23 4782/1/23 4675/1/23 4676/1/23
f 4668/1/8 4784/1/8 4783/1/8 4676/1/8
f 4689/1/23 4785/1/23 4784/1/23 4668/1/23
f 4679/1/23 4786/1/23 4785/1/23 4689/1/23
f 4762/1/23 4787/1/23 4786/1/23 4679/1/23
f 4871/1/23 4872/1/23 4887/1/23 4888/1/23
f 4665/1/23 4789/1/23 4788/1/23 4771/1/23
f 4790/1/4 4789/1/4 4665/1/4 4672/1/4
f 4669/1/23 4791/1/23 4790/1/23 4672/1/23
f 4657/1/8 4792/1/8 4791/1/8 4669/1/8
f 4663/1/8 4793/1/8 4792/1/8 4657/1/8
f 4775/1/22 4794/1/22 4793/1/22 4663/1/22
f 4892/1/22 4893/1/22 4866/1/22 4867/1/22
f 4704/1/22 4796/1/22 4795/1/22 4756/1/22
f 4705/1/22 4797/1/22 4796/1/22 4704/1/22
f 4706/1/22 4798/1/22 4797/1/22 4705/1/22
f 4707/1/4 4799/1/4 4798/1/4 4706/1/4
f 4800/1/4 4799/1/4 4707/1/4 4708/1/4
f 4801/1/23 4800/1/23 4708/1/23 4709/1/23
f 4710/1/8 4802/1/8 4801/1/8 4709/1/8
f 4710/1/23 4697/1/23 4803/1/23 4802/1/23
f 4698/1/23 4804/1/23 4803/1/23 4697/1/23
f 4749/1/23 4750/1/23 4805/1/23 4804/1/23 4698/1/23 4712/1/23 4786/1/23 4787/1/23
f 5061/1/23 5062/1/23 5063/1/23 5064/1/23
f 4713/1/23 4699/1/23 4807/1/23 4806/1/23 4769/1/23 4770/1/23 4788/1/23 4789/1/23
f 4808/1/4 4807/1/4 4699/1/4 4700/1/4
f 4701/1/23 4809/1/23 4808/1/23 4700/1/23
f 4702/1/8 4810/1/8 4809/1/8 4701/1/8
f 4703/1/8 4811/1/8 4810/1/8 4702/1/8
f 4763/1/22 4812/1/22 4811/1/22 4703/1/22
f 4895/1/22 4896/1/22 4863/1/22 4864/1/22
f 4855/1/468 4856/1/468 4903/1/468 4904/1/468
f 4822/1/469 4821/1/469 4824/1/469 4823/1/469
f 4823/1/469 4824/1/469 4849/1/469 4850/1/469
f 4853/1/470 4854/1/470 4879/1/470 4880/1/470
f 4826/1/471 4825/1/471 4828/1/471 4827/1/471
f 4827/1/471 4828/1/471 4851/1/471 4852/1/471
f 4829/1/471 4830/1/471 4834/1/471 4833/1/471
f 4831/1/469 4832/1/469 4836/1/469 4835/1/469
f 4833/1/471 4834/1/471 4838/1/471 4837/1/471
f 4835/1/469 4836/1/469 4840/1/469 4839/1/469
f 4837/1/471 4838/1/471 4842/1/471 4841/1/471
f 4839/1/469 4840/1/469 4844/1/469 4843/1/469
f 4885/1/470 4886/1/470 4873/1/470 4874/1/470
f 4883/1/468 4884/1/468 4875/1/468 4876/1/468
f 4845/1/469 4846/1/469 4850/1/469 4849/1/469
f 4847/1/471 4848/1/471 4852/1/471 4851/1/471
f 4824/1/23 4821/1/23 4826/1/23 4827/1/23
f 4855/1/23 4904/1/23 4879/1/23 4854/1/23
f 4829/1/23 4833/1/23 4836/1/23 4832/1/23
f 4833/1/23 4837/1/23 4840/1/23 4836/1/23
f 4837/1/23 4841/1/23 4844/1/23 4840/1/23
f 4885/1/23 4874/1/23 4875/1/23 4884/1/23
f 4845/1/23 4849/1/23 4852/1/23 4848/1/23
f 4849/1/23 4824/1/23 4827/1/23 4852/1/23
f 4769/1/8 4806/1/8 4822/1/8 4823/1/8
f 4813/1/4 4814/1/4 4828/1/4 4825/1/4
f 4857/1/9 4902/1/9 4903/1/9 4856/1/9
f 4881/1/24 4878/1/24 4853/1/24 4880/1/24
f 4805/1/4 4750/1/4 4834/1/4 4830/1/4
f 4816/1/8 4815/1/8 4831/1/8 4835/1/8
f 4750/1/4 4749/1/4 4838/1/4 4834/1/4
f 4817/1/8 4816/1/8 4835/1/8 4839/1/8
f 4749/1/4 4787/1/4 4842/1/4 4838/1/4
f 4818/1/8 4817/1/8 4839/1/8 4843/1/8
f 4887/1/24 4872/1/24 4873/1/24 4886/1/24
f 4877/1/9 4882/1/9 4883/1/9 4876/1/9
f 4788/1/8 4770/1/8 4850/1/8 4846/1/8
f 4820/1/4 4819/1/4 4847/1/4 4851/1/4
f 4770/1/8 4769/1/8 4823/1/8 4850/1/8
f 4814/1/4 4820/1/4 4851/1/4 4828/1/4
f 4825/1/470 4826/1/470 4854/1/470 4853/1/470
f 4821/1/23 4855/1/23 4854/1/23 4826/1/23
f 4821/1/468 4822/1/468 4856/1/468 4855/1/468
f 4806/1/9 4857/1/9 4856/1/9 4822/1/9
f 4806/1/23 4768/1/23 4858/1/23 4857/1/23
f 4859/1/24 4858/1/24 4768/1/24 4767/1/24
f 4767/1/23 4766/1/23 4860/1/23 4859/1/23
f 4766/1/9 4765/1/9 4861/1/9 4860/1/9
f 4765/1/9 4764/1/9 4862/1/9 4861/1/9
f 4812/1/22 4863/1/22 4862/1/22 4764/1/22
f 4864/1/22 4863/1/22 4812/1/22 4763/1/22
f 4865/1/22 4864/1/22 4763/1/22 4776/1/22
f 4794/1/22 4866/1/22 4865/1/22 4776/1/22
f 4867/1/22 4866/1/22 4794/1/22 4775/1/22
f 4775/1/24 4774/1/24 4868/1/24 4867/1/24
f 4869/1/24 4868/1/24 4774/1/24 4773/1/24
f 4870/1/23 4869/1/23 4773/1/23 4772/1/23
f 4772/1/9 4771/1/9 4871/1/9 4870/1/9
f 4771/1/23 4788/1/23 4872/1/23 4871/1/23
f 4873/1/24 4872/1/24 4788/1/24 4846/1/24
f 4874/1/470 4873/1/470 4846/1/470 4845/1/470
f 4875/1/23 4874/1/23 4845/1/23 4848/1/23
f 4876/1/468 4875/1/468 4848/1/468 4847/1/468
f 4819/1/9 4877/1/9 4876/1/9 4847/1/9
f 4814/1/23 4813/1/23 4878/1/23 4877/1/23 4819/1/23 4820/1/23
f 4853/1/24 4878/1/24 4813/1/24 4825/1/24
f 5010/1/470 5011/1/470 4832/1/470 4831/1/470
f 4815/1/24 5009/1/24 5010/1/24 4831/1/24
f 5034/1/23 5009/1/23 4815/1/23 4816/1/23 4817/1/23 4818/1/23
f 5033/1/9 5034/1/9 4818/1/9 4843/1/9
f 4843/1/468 4844/1/468 5032/1/468 5033/1/468
f 4841/1/23 5031/1/23 5032/1/23 4844/1/23
f 4841/1/470 4842/1/470 5030/1/470 5031/1/470
f 4787/1/24 5029/1/24 5030/1/24 4842/1/24
f 5028/1/23 5029/1/23 4787/1/23 4762/1/23
f 5027/1/9 5028/1/9 4762/1/9 4761/1/9
f 4761/1/23 4760/1/23 5026/1/23 5027/1/23
f 4760/1/24 4759/1/24 5025/1/24 5026/1/24
f 5024/1/24 5025/1/24 4759/1/24 4758/1/24
f 4758/1/22 4777/1/22 5023/1/22 5024/1/22
f 5022/1/22 5023/1/22 4777/1/22 4757/1/22
f 4757/1/22 4756/1/22 5021/1/22 5022/1/22
f 4756/1/22 4795/1/22 5020/1/22 5021/1/22
f 5019/1/22 5020/1/22 4795/1/22 4755/1/22
f 5018/1/9 5019/1/9 4755/1/9 4754/1/9
f 5017/1/9 5018/1/9 4754/1/9 4753/1/9
f 5016/1/23 5017/1/23 4753/1/23 4752/1/23
f 4752/1/24 4751/1/24 5015/1/24 5016/1/24
f 5014/1/23 5015/1/23 4751/1/23 4805/1/23
f 5013/1/9 5014/1/9 4805/1/9 4830/1/9
f 5012/1/468 5013/1/468 4830/1/468 4829/1/468
f 5011/1/23 5012/1/23 4829/1/23 4832/1/23
f 4880/1/470 4879/1/470 4906/1/470 4905/1/470
f 4879/1/23 4904/1/23 4907/1/23 4906/1/23
f 4904/1/468 4903/1/468 4908/1/468 4907/1/468
f 4903/1/9 4902/1/9 4909/1/9 4908/1/9
f 4902/1/23 4901/1/23 4910/1/23 4909/1/23
f 4911/1/24 4910/1/24 4901/1/24 4900/1/24
f 4900/1/23 4899/1/23 4912/1/23 4911/1/23
f 4899/1/9 4898/1/9 4913/1/9 4912/1/9
f 4898/1/9 4897/1/9 4914/1/9 4913/1/9
f 4897/1/22 4896/1/22 4915/1/22 4914/1/22
f 4916/1/22 4915/1/22 4896/1/22 4895/1/22
f 4917/1/22 4916/1/22 4895/1/22 4894/1/22
f 4894/1/22 4893/1/22 4918/1/22 4917/1/22
f 4919/1/22 4918/1/22 4893/1/22 4892/1/22
f 4892/1/24 4891/1/24 4920/1/24 4919/1/24
f 4921/1/24 4920/1/24 4891/1/24 4890/1/24
f 4922/1/23 4921/1/23 4890/1/23 4889/1/23
f 4889/1/9 4888/1/9 4923/1/9 4922/1/9
f 4888/1/23 4887/1/23 4924/1/23 4923/1/23
f 4925/1/24 4924/1/24 4887/1/24 4886/1/24
f 4926/1/470 4925/1/470 4886/1/470 4885/1/470
f 4927/1/23 4926/1/23 4885/1/23 4884/1/23
f 4928/1/468 4927/1/468 4884/1/468 4883/1/468
f 4883/1/9 4882/1/9 4929/1/9 4928/1/9
f 4882/1/23 4881/1/23 4930/1/23 4929/1/23
f 4905/1/24 4930/1/24 4881/1/24 4880/1/24
f 4905/1/470 4906/1/470 4932/1/470 4931/1/470
f 4906/1/23 4907/1/23 4933/1/23 4932/1/23
f 4907/1/468 4908/1/468 4934/1/468 4933/1/468
f 4908/1/9 4909/1/9 4935/1/9 4934/1/9
f 4909/1/23 4910/1/23 4936/1/23 4935/1/23
f 4937/1/24 4936/1/24 4910/1/24 4911/1/24
f 4911/1/23 4912/1/23 4938/1/23 4937/1/23
f 4912/1/9 4913/1/9 4939/1/9 4938/1/9
f 4913/1/9 4914/1/9 4940/1/9 4939/1/9
f 4914/1/22 4915/1/22 4941/1/22 4940/1/22
f 4942/1/22 4941/1/22 4915/1/22 4916/1/22
f 4943/1/22 4942/1/22 4916/1/22 4917/1/22
f 4917/1/22 4918/1/22 4944/1/22 4943/1/22
f 4945/1/22 4944/1/22 4918/1/22 4919/1/22
f 4919/1/24 4920/1/24 4946/1/24 4945/1/24
f 4947/1/24 4946/1/24 4920/1/24 4921/1/24
f 4948/1/23 4947/1/23 4921/1/23 4922/1/23
f 4922/1/9 4923/1/9 4949/1/9 4948/1/9
f 4923/1/23 4924/1/23 4950/1/23 4949/1/23
f 4951/1/24 4950/1/24 4924/1/24 4925/1/24
f 4952/1/470 4951/1/470 4925/1/470 4926/1/470
f 4953/1/23 4952/1/23 4926/1/23 4927/1/23
f 4954/1/468 4953/1/468 4927/1/468 4928/1/468
f 4928/1/9 4929/1/9 4955/1/9 4954/1/9
f 5065/1/23 5066/1/23 5067/1/23 5068/1/23
f 4931/1/24 4956/1/24 4930/1/24 4905/1/24
f 4957/1/24 4956/1/24 4931/1/24 4958/1/24
f 4931/1/470 4932/1/470 4959/1/470 4958/1/470
f 4932/1/23 4933/1/23 4960/1/23 4959/1/23
f 4933/1/468 4934/1/468 4961/1/468 4960/1/468
f 4934/1/9 4935/1/9 4962/1/9 4961/1/9
f 4935/1/23 4936/1/23 4963/1/23 4962/1/23
f 4964/1/24 4963/1/24 4936/1/24 4937/1/24
f 4937/1/23 4938/1/23 4965/1/23 4964/1/23
f 4938/1/9 4939/1/9 4966/1/9 4965/1/9
f 4939/1/9 4940/1/9 4967/1/9 4966/1/9
f 4940/1/22 4941/1/22 4968/1/22 4967/1/22
f 4969/1/22 4968/1/22 4941/1/22 4942/1/22
f 4970/1/22 4969/1/22 4942/1/22 4943/1/22
f 4943/1/22 4944/1/22 4971/1/22 4970/1/22
f 4972/1/22 4971/1/22 4944/1/22 4945/1/22
f 4945/1/24 4946/1/24 4973/1/24 4972/1/24
f 4974/1/24 4973/1/24 4946/1/24 4947/1/24
f 4975/1/23 4974/1/23 4947/1/23 4948/1/23
f 4948/1/9 4949/1/9 4976/1/9 4975/1/9
f 4949/1/23 4950/1/23 4977/1/23 4976/1/23
f 4978/1/24 4977/1/24 4950/1/24 4951/1/24
f 4979/1/470 4978/1/470 4951/1/470 4952/1/470
f 4980/1/23 4979/1/23 4952/1/23 4953/1/23
f 4981/1/468 4980/1/468 4953/1/468 4954/1/468
f 4954/1/9 4955/1/9 4982/1/9 4981/1/9
f 4955/1/23 4956/1/23 4957/1/23 4982/1/23
f 4983/1/24 4957/1/24 4958/1/24 4984/1/24
f 4958/1/470 4959/1/470 4985/1/470 4984/1/470
f 4959/1/23 4960/1/23 4986/1/23 4985/1/23
f 4960/1/468 4961/1/468 4987/1/468 4986/1/468
f 4961/1/9 4962/1/9 4988/1/9 4987/1/9
f 4962/1/23 4963/1/23 4989/1/23 4988/1/23
f 4990/1/24 4989/1/24 4963/1/24 4964/1/24
f 4964/1/23 4965/1/23 4991/1/23 4990/1/23
f 4965/1/9 4966/1/9 4992/1/9 4991/1/9
f 4966/1/9 4967/1/9 4993/1/9 4992/1/9
f 4967/1/22 4968/1/22 4994/1/22 4993/1/22
f 4995/1/22 4994/1/22 4968/1/22 4969/1/22
f 4996/1/22 4995/1/22 4969/1/22 4970/1/22
f 4970/1/22 4971/1/22 4997/1/22 4996/1/22
f 4998/1/22 4997/1/22 4971/1/22 4972/1/22
f 4972/1/24 4973/1/24 4999/1/24 4998/1/24
f 5000/1/24 4999/1/24 4973/1/24 4974/1/24
f 5001/1/23 5000/1/23 4974/1/23 4975/1/23
f 4975/1/9 4976/1/9 5002/1/9 5001/1/9
f 4976/1/23 4977/1/23 5003/1/23 5002/1/23
f 5004/1/24 5003/1/24 4977/1/24 4978/1/24
f 5005/1/470 5004/1/470 4978/1/470 4979/1/470
f 5006/1/23 5005/1/23 4979/1/23 4980/1/23
f 5007/1/468 5006/1/468 4980/1/468 4981/1/468
f 4981/1/9 4982/1/9 5008/1/9 5007/1/9
f 5069/1/23 5070/1/23 5071/1/23 5072/1/23
f 5009/1/24 5035/1/24 5036/1/24 5010/1/24
f 5036/1/470 5037/1/470 5011/1/470 5010/1/470
f 5037/1/23 5038/1/23 5012/1/23 5011/1/23
f 5038/1/468 5039/1/468 5013/1/468 5012/1/468
f 5039/1/9 5040/1/9 5014/1/9 5013/1/9
f 5040/1/23 5041/1/23 5015/1/23 5014/1/23
f 5016/1/24 5015/1/24 5041/1/24 5042/1/24
f 5042/1/23 5043/1/23 5017/1/23 5016/1/23
f 5043/1/9 5044/1/9 5018/1/9 5017/1/9
f 5044/1/9 5045/1/9 5019/1/9 5018/1/9
f 5045/1/22 5046/1/22 5020/1/22 5019/1/22
f 5021/1/22 5020/1/22 5046/1/22 5047/1/22
f 5022/1/22 5021/1/22 5047/1/22 5048/1/22
f 5048/1/22 5049/1/22 5023/1/22 5022/1/22
f 5024/1/22 5023/1/22 5049/1/22 5050/1/22
f 5050/1/24 5051/1/24 5025/1/24 5024/1/24
f 5026/1/24 5025/1/24 5051/1/24 5052/1/24
f 5027/1/23 5026/1/23 5052/1/23 5053/1/23
f 5053/1/9 5054/1/9 5028/1/9 5027/1/9
f 5054/1/23 5055/1/23 5029/1/23 5028/1/23
f 5030/1/24 5029/1/24 5055/1/24 5056/1/24
f 5031/1/470 5030/1/470 5056/1/470 5057/1/470
f 5032/1/23 5031/1/23 5057/1/23 5058/1/23
f 5033/1/468 5032/1/468 5058/1/468 5059/1/468
f 5059/1/9 5060/1/9 5034/1/9 5033/1/9
f 5073/1/23 5074/1/23 5075/1/23 5076/1/23
f 5035/1/24 4983/1/24 4984/1/24 5036/1/24
f 4984/1/470 4985/1/470 5037/1/470 5036/1/470
f 4985/1/23 4986/1/23 5038/1/23 5037/1/23
f 4986/1/468 4987/1/468 5039/1/468 5038/1/468
f 4987/1/9 4988/1/9 5040/1/9 5039/1/9
f 4988/1/23 4989/1/23 5041/1/23 5040/1/23
f 5042/1/24 5041/1/24 4989/1/24 4990/1/24
f 4990/1/23 4991/1/23 5043/1/23 5042/1/23
f 4991/1/9 4992/1/9 5044/1/9 5043/1/9
f 4992/1/9 4993/1/9 5045/1/9 5044/1/9
f 4993/1/22 4994/1/22 5046/1/22 5045/1/22
f 5047/1/22 5046/1/22 4994/1/22 4995/1/22
f 5048/1/22 5047/1/22 4995/1/22 4996/1/22
f 4996/1/22 4997/1/22 5049/1/22 5048/1/22
f 5050/1/22 5049/1/22 4997/1/22 4998/1/22
f 4998/1/24 4999/1/24 5051/1/24 5050/1/24
f 5052/1/24 5051/1/24 4999/1/24 5000/1/24
f 5053/1/23 5052/1/23 5000/1/23 5001/1/23
f 5001/1/9 5002/1/9 5054/1/9 5053/1/9
f 5002/1/23 5003/1/23 5055/1/23 5054/1/23
f 5056/1/24 5055/1/24 5003/1/24 5004/1/24
f 5057/1/470 5056/1/470 5004/1/470 5005/1/470
f 5058/1/23 5057/1/23 5005/1/23 5006/1/23
f 5059/1/468 5058/1/468 5006/1/468 5007/1/468
f 5007/1/9 5008/1/9 5060/1/9 5059/1/9
f 5008/1/23 4983/1/23 5035/1/23 5060/1/23
f 4877/1/8 4878/1/8 5062/1/8 5061/1/8
f 4878/1/9 4881/1/9 5063/1/9 5062/1/9
f 4881/1/4 4882/1/4 5064/1/4 5063/1/4
f 4882/1/24 4877/1/24 5061/1/24 5064/1/24
f 4929/1/8 4930/1/8 5066/1/8 5065/1/8
f 4930/1/9 4956/1/9 5067/1/9 5066/1/9
f 4956/1/4 4955/1/4 5068/1/4 5067/1/4
f 4955/1/24 4929/1/24 5065/1/24 5068/1/24
f 4982/1/8 4957/1/8 5070/1/8 5069/1/8
f 4957/1/9 4983/1/9 5071/1/9 5070/1/9
f 4983/1/4 5008/1/4 5072/1/4 5071/1/4
f 5008/1/24 4982/1/24 5069/1/24 5072/1/24
f 5060/1/8 5035/1/8 5074/1/8 5073/1/8
f 5035/1/9 5009/1/9 5075/1/9 5074/1/9
f 5009/1/4 5034/1/4 5076/1/4 5075/1/4
f 5034/1/24 5060/1/24 5073/1/24 5076/1/24
f 5077/1/22 5098/1/22 5099/1/22 5085/1/22
f 5079/1/4 5093/1/4 5094/1/4 5081/1/4
f 5086/1/23 5096/1/23 5097/1/23 5083/1/23
f 5083/1/8 5097/1/8 5098/1/8 5077/1/8
f 5078/1/24 5084/1/24 5087/1/24 5088/1/24
f 5083/1/9 5077/1/9 5085/1/9 5086/1/9
f 5086/1/9 5085/1/9 5089/1/9 5090/1/9
f 5090/1/23 5095/1/23 5096/1/23 5086/1/23
f 5088/1/24 5087/1/24 5091/1/24 5092/1/24
f 5085/1/22 5099/1/22 5100/1/22 5089/1/22
f 5090/1/9 5089/1/9 5079/1/9 5081/1/9
f 5081/1/23 5094/1/23 5095/1/23 5090/1/23
f 5092/1/24 5091/1/24 5082/1/24 5080/1/24
f 5089/1/22 5100/1/22 5093/1/22 5079/1/22
f 5139/1/4 5101/1/4 5102/1/4 5138/1/4
f 5137/1/23 5138/1/23 5102/1/23 5103/1/23
f 5136/1/23 5137/1/23 5103/1/23 5104/1/23
f 5135/1/23 5136/1/23 5104/1/23 5105/1/23
f 5134/1/8 5135/1/8 5105/1/8 5106/1/8
f 5133/1/22 5134/1/22 5106/1/22 5107/1/22
f 5141/1/22 5142/1/22 5143/1/22 5144/1/22
f 5139/1/22 5140/1/22 5108/1/22 5101/1/22
f 5101/1/4 5080/1/4 5082/1/4 5102/1/4
f 5103/1/23 5102/1/23 5082/1/23 5091/1/23
f 5104/1/23 5103/1/23 5091/1/23 5087/1/23
f 5105/1/23 5104/1/23 5087/1/23 5084/1/23
f 5106/1/8 5105/1/8 5084/1/8 5078/1/8
f 5107/1/22 5106/1/22 5078/1/22 5088/1/22
f 5108/1/22 5107/1/22 5088/1/22 5092/1/22
f 5101/1/22 5108/1/22 5092/1/22 5080/1/22
f 5125/1/22 5126/1/22 5110/1/22 5109/1/22
f 5126/1/8 5127/1/8 5111/1/8 5110/1/8
f 5127/1/23 5128/1/23 5112/1/23 5111/1/23
f 5128/1/23 5129/1/23 5113/1/23 5112/1/23
f 5129/1/23 5130/1/23 5114/1/23 5113/1/23
f 5131/1/4 5115/1/4 5114/1/4 5130/1/4
f 5131/1/22 5132/1/22 5116/1/22 5115/1/22
f 5132/1/22 5125/1/22 5109/1/22 5116/1/22
f 5109/1/22 5110/1/22 5118/1/22 5117/1/22
f 5110/1/8 5111/1/8 5119/1/8 5118/1/8
f 5111/1/23 5112/1/23 5120/1/23 5119/1/23
f 5112/1/23 5113/1/23 5121/1/23 5120/1/23
f 5113/1/23 5114/1/23 5122/1/23 5121/1/23
f 5115/1/4 5123/1/4 5122/1/4 5114/1/4
f 5115/1/22 5116/1/22 5124/1/22 5123/1/22
f 5145/1/22 5146/1/22 5147/1/22 5148/1/22
f 5099/1/22 5098/1/22 5126/1/22 5125/1/22
f 5098/1/8 5097/1/8 5127/1/8 5126/1/8
f 5097/1/23 5096/1/23 5128/1/23 5127/1/23
f 5096/1/23 5095/1/23 5129/1/23 5128/1/23
f 5095/1/23 5094/1/23 5130/1/23 5129/1/23
f 5093/1/4 5131/1/4 5130/1/4 5094/1/4
f 5093/1/22 5100/1/22 5132/1/22 5131/1/22
f 5150/1/22 5149/1/22 5151/1/22 5152/1/22
f 5117/1/22 5118/1/22 5134/1/22 5133/1/22
f 5118/1/8 5119/1/8 5135/1/8 5134/1/8
f 5119/1/23 5120/1/23 5136/1/23 5135/1/23
f 5120/1/23 5121/1/23 5137/1/23 5136/1/23
f 5121/1/23 5122/1/23 5138/1/23 5137/1/23
f 5123/1/4 5139/1/4 5138/1/4 5122/1/4
f 5123/1/22 5124/1/22 5140/1/22 5139/1/22
f 5124/1/22 5117/1/22 5133/1/22 5140/1/22
f 5140/1/24 5133/1/24 5142/1/24 5141/1/24
f 5133/1/4 5107/1/4 5143/1/4 5142/1/4
f 5107/1/9 5108/1/9 5144/1/9 5143/1/9
f 5108/1/8 5140/1/8 5141/1/8 5144/1/8
f 5116/1/24 5109/1/24 5146/1/24 5145/1/24
f 5109/1/4 5117/1/4 5147/1/4 5146/1/4
f 5117/1/9 5124/1/9 5148/1/9 5147/1/9
f 5124/1/8 5116/1/8 5145/1/8 5148/1/8
f 5100/1/24 5099/1/24 5149/1/24 5150/1/24
f 5099/1/4 5125/1/4 5151/1/4 5149/1/4
f 5125/1/9 5132/1/9 5152/1/9 5151/1/9
f 5132/1/8 5100/1/8 5150/1/8 5152/1/8
f 5153/1/77 5154/1/77 5161/1/77 5160/1/77
f 5154/1/78 5155/1/78 5162/1/78 5161/1/78
f 5155/1/24 5156/1/24 5163/1/24 5162/1/24
f 5156/1/79 5157/1/79 5164/1/79 5163/1/79
f 5157/1/80 5158/1/80 5165/1/80 5164/1/80
f 5158/1/81 5159/1/81 5166/1/81 5165/1/81
f 5159/1/82 5153/1/82 5160/1/82 5166/1/82
f 5154/1/8 5153/1/8 5167/1/8
f 5155/1/8 5154/1/8 5167/1/8
f 5156/1/8 5155/1/8 5167/1/8
f 5157/1/8 5156/1/8 5167/1/8
f 5158/1/8 5157/1/8 5167/1/8
f 5159/1/8 5158/1/8 5167/1/8
f 5153/1/8 5159/1/8 5167/1/8
f 5160/1/4 5161/1/4 5168/1/4
f 5161/1/4 5162/1/4 5168/1/4
f 5162/1/4 5163/1/4 5168/1/4
f 5163/1/4 5164/1/4 5168/1/4
f 5164/1/4 5165/1/4 5168/1/4
f 5165/1/4 5166/1/4 5168/1/4
f 5166/1/4 5160/1/4 5168/1/4
f 5169/1/77 5170/1/77 5177/1/77 5176/1/77
f 5170/1/78 5171/1/78 5178/1/78 5177/1/78
f 5171/1/24 5172/1/24 5179/1/24 5178/1/24
f 5172/1/79 5173/1/79 5180/1/79 5179/1/79
f 5173/1/80 5174/1/80 5181/1/80 5180/1/80
f 5174/1/81 5175/1/81 5182/1/81 5181/1/81
f 5175/1/82 5169/1/82 5176/1/82 5182/1/82
f 5170/1/8 5169/1/8 5183/1/8
f 5171/1/8 5170/1/8 5183/1/8
f 5172/1/8 5171/1/8 5183/1/8
f 5173/1/8 5172/1/8 5183/1/8
f 5174/1/8 5173/1/8 5183/1/8
f 5175/1/8 5174/1/8 5183/1/8
f 5169/1/8 5175/1/8 5183/1/8
f 5176/1/4 5177/1/4 5184/1/4
f 5177/1/4 5178/1/4 5184/1/4
f 5178/1/4 5179/1/4 5184/1/4
f 5179/1/4 5180/1/4 5184/1/4
f 5180/1/4 5181/1/4 5184/1/4
f 5181/1/4 5182/1/4 5184/1/4
f 5182/1/4 5176/1/4 5184/1/4
f 5186/1/4 5187/1/4 5189/1/4 5188/1/4
f 5190/1/8 5195/1/472 5193/1/472 5185/1/8
f 5201/1/9 5202/1/9 5203/1/9 5204/1/9
f 5190/1/24 5185/1/24 5186/1/24 5188/1/24
f 5192/1/473 5191/1/473 5194/1/473 5196/1/473
f 5191/1/474 5193/1/472 5195/1/472 5194/1/474
f 5212/1/23 5211/1/23 5213/1/23 5214/1/23 5215/1/23 5216/1/23
f 5194/1/22 5195/1/22 5190/1/22 5188/1/22 5189/1/22 5196/1/22
f 5192/1/9 5196/1/9 5198/1/9 5197/1/9
f 5196/1/9 5189/1/9 5199/1/9 5198/1/9
f 5189/1/9 5187/1/9 5200/1/9 5199/1/9
f 5187/1/9 5192/1/9 5197/1/9 5200/1/9
f 5197/1/4 5198/1/4 5202/1/4 5201/1/4
f 5198/1/23 5199/1/23 5203/1/23 5202/1/23
f 5199/1/8 5200/1/8 5204/1/8 5203/1/8
f 5200/1/22 5197/1/22 5201/1/22 5204/1/22
f 5191/1/23 5192/1/23 5205/1/23 5206/1/23
f 5192/1/23 5187/1/23 5207/1/23 5205/1/23
f 5187/1/23 5186/1/23 5208/1/23 5207/1/23
f 5186/1/23 5185/1/23 5209/1/23 5208/1/23
f 5185/1/23 5193/1/23 5210/1/23 5209/1/23
f 5193/1/23 5191/1/23 5206/1/23 5210/1/23
f 5206/1/475 5205/1/475 5211/1/475 5212/1/475
f 5205/1/24 5207/1/24 5213/1/24 5211/1/24
f 5207/1/8 5208/1/8 5214/1/8 5213/1/8
f 5208/1/9 5209/1/9 5215/1/9 5214/1/9
f 5209/1/4 5210/1/4 5216/1/4 5215/1/4
f 5210/1/476 5206/1/476 5212/1/476 5216/1/476
f 5233/1/23 5444/1/23 5445/1/23 5236/1/23
f 5314/1/4 5452/1/4 5453/1/4 5221/1/4
f 5221/1/22 5453/1/22 5454/1/22 5223/1/22
f 5223/1/8 5454/1/8 5455/1/8 5313/1/8
f 5566/1/9 5565/1/9 5567/1/9 5568/1/9
f 5223/1/24 5313/1/24 5314/1/24 5221/1/24
f 5225/1/8 5309/1/8 5357/1/8 5358/1/8
f 5227/1/23 5226/1/23 5310/1/23 5311/1/23
f 5228/1/4 5315/1/4 5316/1/4 5312/1/4
f 5225/1/22 5228/1/22 5312/1/22 5309/1/22
f 5229/1/8 5224/1/8 5337/1/8 5338/1/8
f 5231/1/23 5230/1/23 5218/1/23 5220/1/23
f 5232/1/4 5335/1/4 5336/1/4 5222/1/4
f 5229/1/22 5232/1/22 5222/1/22 5224/1/22
f 5217/1/8 5439/1/8 5457/1/8 5458/1/8
f 5226/1/9 5227/1/9 5462/1/9 5463/1/9
f 5450/1/4 5219/1/4 5459/1/4 5460/1/4
f 5219/1/24 5217/1/24 5458/1/24 5459/1/24
f 5238/1/23 5237/1/23 5273/1/23 5274/1/23
f 5239/1/4 5333/1/4 5334/1/4 5275/1/4
f 5240/1/22 5239/1/22 5275/1/22 5276/1/22
f 5340/1/8 5240/1/8 5276/1/8 5339/1/8
f 5242/1/23 5241/1/23 5277/1/23 5278/1/23
f 5243/1/4 5331/1/4 5332/1/4 5279/1/4
f 5244/1/22 5243/1/22 5279/1/22 5280/1/22
f 5342/1/8 5244/1/8 5280/1/8 5341/1/8
f 5246/1/23 5245/1/23 5281/1/23 5282/1/23
f 5247/1/4 5329/1/4 5330/1/4 5283/1/4
f 5248/1/22 5247/1/22 5283/1/22 5284/1/22
f 5344/1/8 5248/1/8 5284/1/8 5343/1/8
f 5250/1/23 5249/1/23 5286/1/23 5287/1/23
f 5251/1/4 5327/1/4 5328/1/4 5288/1/4
f 5252/1/22 5251/1/22 5288/1/22 5285/1/22
f 5346/1/8 5252/1/8 5285/1/8 5345/1/8
f 5254/1/23 5253/1/23 5290/1/23 5291/1/23
f 5255/1/4 5325/1/4 5326/1/4 5292/1/4
f 5256/1/22 5255/1/22 5292/1/22 5289/1/22
f 5348/1/8 5256/1/8 5289/1/8 5347/1/8
f 5258/1/23 5257/1/23 5294/1/23 5295/1/23
f 5259/1/4 5323/1/4 5324/1/4 5296/1/4
f 5260/1/22 5259/1/22 5296/1/22 5293/1/22
f 5350/1/8 5260/1/8 5293/1/8 5349/1/8
f 5262/1/23 5261/1/23 5298/1/23 5299/1/23
f 5263/1/4 5321/1/4 5322/1/4 5300/1/4
f 5264/1/22 5263/1/22 5300/1/22 5297/1/22
f 5352/1/8 5264/1/8 5297/1/8 5351/1/8
f 5266/1/23 5265/1/23 5302/1/23 5303/1/23
f 5267/1/4 5319/1/4 5320/1/4 5304/1/4
f 5268/1/22 5267/1/22 5304/1/22 5301/1/22
f 5354/1/8 5268/1/8 5301/1/8 5353/1/8
f 5270/1/23 5269/1/23 5306/1/23 5307/1/23
f 5271/1/4 5317/1/4 5318/1/4 5308/1/4
f 5272/1/22 5271/1/22 5308/1/22 5305/1/22
f 5356/1/8 5272/1/8 5305/1/8 5355/1/8
f 5274/1/23 5273/1/23 5230/1/23 5231/1/23
f 5275/1/4 5334/1/4 5335/1/4 5232/1/4
f 5276/1/22 5275/1/22 5232/1/22 5229/1/22
f 5339/1/8 5276/1/8 5229/1/8 5338/1/8
f 5278/1/23 5277/1/23 5237/1/23 5238/1/23
f 5279/1/4 5332/1/4 5333/1/4 5239/1/4
f 5280/1/22 5279/1/22 5239/1/22 5240/1/22
f 5341/1/8 5280/1/8 5240/1/8 5340/1/8
f 5282/1/23 5281/1/23 5241/1/23 5242/1/23
f 5283/1/4 5330/1/4 5331/1/4 5243/1/4
f 5284/1/22 5283/1/22 5243/1/22 5244/1/22
f 5343/1/8 5284/1/8 5244/1/8 5342/1/8
f 5345/1/8 5285/1/8 5248/1/8 5344/1/8
f 5287/1/23 5286/1/23 5245/1/23 5246/1/23
f 5288/1/4 5328/1/4 5329/1/4 5247/1/4
f 5285/1/22 5288/1/22 5247/1/22 5248/1/22
f 5347/1/8 5289/1/8 5252/1/8 5346/1/8
f 5291/1/23 5290/1/23 5249/1/23 5250/1/23
f 5292/1/4 5326/1/4 5327/1/4 5251/1/4
f 5289/1/22 5292/1/22 5251/1/22 5252/1/22
f 5349/1/8 5293/1/8 5256/1/8 5348/1/8
f 5295/1/23 5294/1/23 5253/1/23 5254/1/23
f 5296/1/4 5324/1/4 5325/1/4 5255/1/4
f 5293/1/22 5296/1/22 5255/1/22 5256/1/22
f 5351/1/8 5297/1/8 5260/1/8 5350/1/8
f 5299/1/23 5298/1/23 5257/1/23 5258/1/23
f 5300/1/4 5322/1/4 5323/1/4 5259/1/4
f 5297/1/22 5300/1/22 5259/1/22 5260/1/22
f 5353/1/8 5301/1/8 5264/1/8 5352/1/8
f 5303/1/23 5302/1/23 5261/1/23 5262/1/23
f 5304/1/4 5320/1/4 5321/1/4 5263/1/4
f 5301/1/22 5304/1/22 5263/1/22 5264/1/22
f 5355/1/8 5305/1/8 5268/1/8 5354/1/8
f 5307/1/23 5306/1/23 5265/1/23 5266/1/23
f 5308/1/4 5318/1/4 5319/1/4 5267/1/4
f 5305/1/22 5308/1/22 5267/1/22 5268/1/22
f 5309/1/8 5272/1/8 5356/1/8 5357/1/8
f 5311/1/23 5310/1/23 5269/1/23 5270/1/23
f 5312/1/4 5316/1/4 5317/1/4 5271/1/4
f 5309/1/22 5312/1/22 5271/1/22 5272/1/22
f 5313/1/24 5359/1/24 5360/1/24 5314/1/24
f 5360/1/4 5451/1/4 5452/1/4 5314/1/4
f 5316/1/4 5315/1/4 5361/1/4 5362/1/4
f 5317/1/4 5316/1/4 5362/1/4 5363/1/4
f 5318/1/4 5317/1/4 5363/1/4 5364/1/4
f 5319/1/4 5318/1/4 5364/1/4 5365/1/4
f 5320/1/4 5319/1/4 5365/1/4 5366/1/4
f 5321/1/4 5320/1/4 5366/1/4 5367/1/4
f 5322/1/4 5321/1/4 5367/1/4 5368/1/4
f 5323/1/4 5322/1/4 5368/1/4 5369/1/4
f 5324/1/4 5323/1/4 5369/1/4 5370/1/4
f 5325/1/4 5324/1/4 5370/1/4 5371/1/4
f 5326/1/4 5325/1/4 5371/1/4 5372/1/4
f 5327/1/4 5326/1/4 5372/1/4 5373/1/4
f 5328/1/4 5327/1/4 5373/1/4 5374/1/4
f 5329/1/4 5328/1/4 5374/1/4 5375/1/4
f 5330/1/4 5329/1/4 5375/1/4 5376/1/4
f 5331/1/4 5330/1/4 5376/1/4 5377/1/4
f 5332/1/4 5331/1/4 5377/1/4 5378/1/4
f 5333/1/4 5332/1/4 5378/1/4 5379/1/4
f 5334/1/4 5333/1/4 5379/1/4 5380/1/4
f 5335/1/4 5334/1/4 5380/1/4 5381/1/4
f 5336/1/4 5335/1/4 5381/1/4 5382/1/4
f 5569/1/9 5566/1/9 5568/1/9 5570/1/9
f 5554/1/8 5553/1/8 5555/1/8 5556/1/8
f 5385/1/8 5339/1/8 5338/1/8 5384/1/8
f 5510/1/8 5509/1/8 5511/1/8 5512/1/8
f 5387/1/8 5341/1/8 5340/1/8 5386/1/8
f 5514/1/8 5513/1/8 5515/1/8 5516/1/8
f 5389/1/8 5343/1/8 5342/1/8 5388/1/8
f 5518/1/8 5517/1/8 5519/1/8 5520/1/8
f 5391/1/8 5345/1/8 5344/1/8 5390/1/8
f 5522/1/8 5521/1/8 5523/1/8 5524/1/8
f 5393/1/8 5347/1/8 5346/1/8 5392/1/8
f 5526/1/8 5525/1/8 5527/1/8 5528/1/8
f 5395/1/8 5349/1/8 5348/1/8 5394/1/8
f 5530/1/8 5529/1/8 5531/1/8 5532/1/8
f 5397/1/8 5351/1/8 5350/1/8 5396/1/8
f 5534/1/8 5533/1/8 5535/1/8 5536/1/8
f 5399/1/8 5353/1/8 5352/1/8 5398/1/8
f 5538/1/8 5537/1/8 5539/1/8 5540/1/8
f 5401/1/8 5355/1/8 5354/1/8 5400/1/8
f 5542/1/8 5541/1/8 5543/1/8 5544/1/8
f 5357/1/8 5356/1/8 5402/1/8 5403/1/8
f 5358/1/8 5357/1/8 5403/1/8 5404/1/8
f 5313/1/8 5455/1/8 5456/1/8 5359/1/8
f 5359/1/24 5217/1/24 5219/1/24 5360/1/24
f 5219/1/4 5450/1/4 5451/1/4 5360/1/4
f 5362/1/4 5361/1/4 5227/1/4 5311/1/4
f 5363/1/4 5362/1/4 5311/1/4 5270/1/4
f 5364/1/4 5363/1/4 5270/1/4 5307/1/4
f 5365/1/4 5364/1/4 5307/1/4 5266/1/4
f 5366/1/4 5365/1/4 5266/1/4 5303/1/4
f 5367/1/4 5366/1/4 5303/1/4 5262/1/4
f 5368/1/4 5367/1/4 5262/1/4 5299/1/4
f 5369/1/4 5368/1/4 5299/1/4 5258/1/4
f 5370/1/4 5369/1/4 5258/1/4 5295/1/4
f 5371/1/4 5370/1/4 5295/1/4 5254/1/4
f 5372/1/4 5371/1/4 5254/1/4 5291/1/4
f 5373/1/4 5372/1/4 5291/1/4 5250/1/4
f 5374/1/4 5373/1/4 5250/1/4 5287/1/4
f 5375/1/4 5374/1/4 5287/1/4 5246/1/4
f 5376/1/4 5375/1/4 5246/1/4 5282/1/4
f 5377/1/4 5376/1/4 5282/1/4 5242/1/4
f 5378/1/4 5377/1/4 5242/1/4 5278/1/4
f 5379/1/4 5378/1/4 5278/1/4 5238/1/4
f 5380/1/4 5379/1/4 5238/1/4 5274/1/4
f 5381/1/4 5380/1/4 5274/1/4 5231/1/4
f 5382/1/4 5381/1/4 5231/1/4 5220/1/4
f 5571/1/9 5569/1/9 5570/1/9 5572/1/9
f 5384/1/8 5383/1/8 5218/1/8 5230/1/8
f 5273/1/8 5385/1/8 5384/1/8 5230/1/8
f 5237/1/8 5386/1/8 5385/1/8 5273/1/8
f 5277/1/8 5387/1/8 5386/1/8 5237/1/8
f 5241/1/8 5388/1/8 5387/1/8 5277/1/8
f 5281/1/8 5389/1/8 5388/1/8 5241/1/8
f 5245/1/8 5390/1/8 5389/1/8 5281/1/8
f 5286/1/8 5391/1/8 5390/1/8 5245/1/8
f 5249/1/8 5392/1/8 5391/1/8 5286/1/8
f 5290/1/8 5393/1/8 5392/1/8 5249/1/8
f 5253/1/8 5394/1/8 5393/1/8 5290/1/8
f 5294/1/8 5395/1/8 5394/1/8 5253/1/8
f 5257/1/8 5396/1/8 5395/1/8 5294/1/8
f 5298/1/8 5397/1/8 5396/1/8 5257/1/8
f 5261/1/8 5398/1/8 5397/1/8 5298/1/8
f 5302/1/8 5399/1/8 5398/1/8 5261/1/8
f 5265/1/8 5400/1/8 5399/1/8 5302/1/8
f 5306/1/8 5401/1/8 5400/1/8 5265/1/8
f 5269/1/8 5402/1/8 5401/1/8 5306/1/8
f 5403/1/8 5402/1/8 5269/1/8 5310/1/8
f 5404/1/8 5403/1/8 5310/1/8 5226/1/8
f 5359/1/8 5456/1/8 5439/1/8 5217/1/8
f 5406/1/8 5443/1/8 5481/1/8 5482/1/8
f 5407/1/24 5406/1/24 5482/1/24 5483/1/24
f 5446/1/4 5407/1/4 5483/1/4 5484/1/4
f 5405/1/9 5408/1/9 5486/1/9 5487/1/9
f 5410/1/8 5442/1/8 5443/1/8 5406/1/8
f 5411/1/24 5410/1/24 5406/1/24 5407/1/24
f 5447/1/4 5411/1/4 5407/1/4 5446/1/4
f 5409/1/9 5412/1/9 5408/1/9 5405/1/9
f 5414/1/8 5441/1/8 5473/1/8 5474/1/8
f 5415/1/24 5414/1/24 5474/1/24 5475/1/24
f 5448/1/4 5415/1/4 5475/1/4 5476/1/4
f 5413/1/9 5416/1/9 5478/1/9 5479/1/9
f 5418/1/8 5440/1/8 5441/1/8 5414/1/8
f 5419/1/24 5418/1/24 5414/1/24 5415/1/24
f 5449/1/4 5419/1/4 5415/1/4 5448/1/4
f 5417/1/9 5420/1/9 5416/1/9 5413/1/9
f 5421/1/8 5226/1/8 5463/1/8 5464/1/8
f 5423/1/8 5422/1/8 5417/1/8 5413/1/8
f 5480/1/8 5423/1/8 5413/1/8 5479/1/8
f 5425/1/8 5424/1/8 5409/1/8 5405/1/8
f 5488/1/8 5425/1/8 5405/1/8 5487/1/8
f 5427/1/23 5426/1/23 5234/1/23 5235/1/23
f 5408/1/4 5428/1/4 5485/1/4 5486/1/4
f 5412/1/4 5429/1/4 5428/1/4 5408/1/4
f 5416/1/4 5430/1/4 5477/1/4 5478/1/4
f 5420/1/4 5431/1/4 5430/1/4 5416/1/4
f 5227/1/4 5432/1/4 5461/1/4 5462/1/4
f 5433/1/4 5432/1/4 5227/1/4 5361/1/4
f 5434/1/4 5433/1/4 5361/1/4 5315/1/4
f 5435/1/4 5434/1/4 5315/1/4 5228/1/4
f 5436/1/22 5435/1/22 5228/1/22 5225/1/22
f 5437/1/8 5436/1/8 5225/1/8 5358/1/8
f 5438/1/8 5437/1/8 5358/1/8 5404/1/8
f 5421/1/8 5438/1/8 5404/1/8 5226/1/8
f 5439/1/8 5421/1/8 5464/1/8 5457/1/8
f 5441/1/8 5440/1/8 5422/1/8 5423/1/8
f 5489/1/8 5490/1/8 5491/1/8 5492/1/8
f 5443/1/8 5442/1/8 5424/1/8 5425/1/8
f 5493/1/8 5494/1/8 5495/1/8 5496/1/8
f 5445/1/23 5444/1/23 5426/1/23 5427/1/23
f 5428/1/4 5446/1/4 5484/1/4 5485/1/4
f 5429/1/4 5447/1/4 5446/1/4 5428/1/4
f 5430/1/4 5448/1/4 5476/1/4 5477/1/4
f 5431/1/4 5449/1/4 5448/1/4 5430/1/4
f 5432/1/4 5450/1/4 5460/1/4 5461/1/4
f 5451/1/4 5450/1/4 5432/1/4 5433/1/4
f 5452/1/4 5451/1/4 5433/1/4 5434/1/4
f 5453/1/4 5452/1/4 5434/1/4 5435/1/4
f 5454/1/22 5453/1/22 5435/1/22 5436/1/22
f 5455/1/8 5454/1/8 5436/1/8 5437/1/8
f 5498/1/8 5497/1/8 5499/1/8 5500/1/8
f 5439/1/8 5456/1/8 5438/1/8 5421/1/8
f 5458/1/8 5457/1/8 5440/1/8 5418/1/8
f 5459/1/24 5458/1/24 5418/1/24 5419/1/24
f 5460/1/4 5459/1/4 5419/1/4 5449/1/4
f 5461/1/4 5460/1/4 5449/1/4 5431/1/4
f 5462/1/4 5461/1/4 5431/1/4 5420/1/4
f 5463/1/9 5462/1/9 5420/1/9 5417/1/9
f 5464/1/8 5463/1/8 5417/1/8 5422/1/8
f 5502/1/8 5501/1/8 5503/1/8 5504/1/8
f 5466/1/8 5465/1/8 5442/1/8 5410/1/8
f 5467/1/24 5466/1/24 5410/1/24 5411/1/24
f 5468/1/4 5467/1/4 5411/1/4 5447/1/4
f 5469/1/4 5468/1/4 5447/1/4 5429/1/4
f 5470/1/4 5469/1/4 5429/1/4 5412/1/4
f 5471/1/9 5470/1/9 5412/1/9 5409/1/9
f 5424/1/8 5472/1/8 5471/1/8 5409/1/8
f 5506/1/8 5505/1/8 5507/1/8 5508/1/8
f 5474/1/8 5473/1/8 5465/1/8 5466/1/8
f 5475/1/24 5474/1/24 5466/1/24 5467/1/24
f 5476/1/4 5475/1/4 5467/1/4 5468/1/4
f 5477/1/4 5476/1/4 5468/1/4 5469/1/4
f 5478/1/4 5477/1/4 5469/1/4 5470/1/4
f 5479/1/9 5478/1/9 5470/1/9 5471/1/9
f 5472/1/8 5480/1/8 5479/1/8 5471/1/8
f 5472/1/8 5465/1/8 5473/1/8 5480/1/8
f 5482/1/8 5481/1/8 5444/1/8 5233/1/8
f 5483/1/24 5482/1/24 5233/1/24 5236/1/24
f 5484/1/4 5483/1/4 5236/1/4 5445/1/4
f 5485/1/4 5484/1/4 5445/1/4 5427/1/4
f 5486/1/4 5485/1/4 5427/1/4 5235/1/4
f 5487/1/9 5486/1/9 5235/1/9 5234/1/9
f 5426/1/8 5488/1/8 5487/1/8 5234/1/8
f 5444/1/8 5481/1/8 5488/1/8 5426/1/8
f 5480/1/23 5473/1/23 5490/1/23 5489/1/23
f 5473/1/24 5441/1/24 5491/1/24 5490/1/24
f 5441/1/22 5423/1/22 5492/1/22 5491/1/22
f 5423/1/9 5480/1/9 5489/1/9 5492/1/9
f 5488/1/23 5481/1/23 5494/1/23 5493/1/23
f 5481/1/24 5443/1/24 5495/1/24 5494/1/24
f 5443/1/22 5425/1/22 5496/1/22 5495/1/22
f 5425/1/9 5488/1/9 5493/1/9 5496/1/9
f 5456/1/24 5455/1/24 5497/1/24 5498/1/24
f 5455/1/22 5437/1/22 5499/1/22 5497/1/22
f 5437/1/9 5438/1/9 5500/1/9 5499/1/9
f 5438/1/23 5456/1/23 5498/1/23 5500/1/23
f 5457/1/22 5464/1/22 5501/1/22 5502/1/22
f 5464/1/9 5422/1/9 5503/1/9 5501/1/9
f 5422/1/23 5440/1/23 5504/1/23 5503/1/23
f 5440/1/24 5457/1/24 5502/1/24 5504/1/24
f 5442/1/24 5465/1/24 5505/1/24 5506/1/24
f 5465/1/22 5472/1/22 5507/1/22 5505/1/22
f 5472/1/9 5424/1/9 5508/1/9 5507/1/9
f 5424/1/23 5442/1/23 5506/1/23 5508/1/23
f 5386/1/24 5340/1/24 5509/1/24 5510/1/24
f 5340/1/22 5339/1/22 5511/1/22 5509/1/22
f 5339/1/9 5385/1/9 5512/1/9 5511/1/9
f 5385/1/23 5386/1/23 5510/1/23 5512/1/23
f 5388/1/24 5342/1/24 5513/1/24 5514/1/24
f 5342/1/22 5341/1/22 5515/1/22 5513/1/22
f 5341/1/9 5387/1/9 5516/1/9 5515/1/9
f 5387/1/23 5388/1/23 5514/1/23 5516/1/23
f 5390/1/24 5344/1/24 5517/1/24 5518/1/24
f 5344/1/22 5343/1/22 5519/1/22 5517/1/22
f 5343/1/9 5389/1/9 5520/1/9 5519/1/9
f 5389/1/23 5390/1/23 5518/1/23 5520/1/23
f 5392/1/24 5346/1/24 5521/1/24 5522/1/24
f 5346/1/22 5345/1/22 5523/1/22 5521/1/22
f 5345/1/9 5391/1/9 5524/1/9 5523/1/9
f 5391/1/23 5392/1/23 5522/1/23 5524/1/23
f 5394/1/24 5348/1/24 5525/1/24 5526/1/24
f 5348/1/22 5347/1/22 5527/1/22 5525/1/22
f 5347/1/9 5393/1/9 5528/1/9 5527/1/9
f 5393/1/23 5394/1/23 5526/1/23 5528/1/23
f 5396/1/24 5350/1/24 5529/1/24 5530/1/24
f 5350/1/22 5349/1/22 5531/1/22 5529/1/22
f 5349/1/9 5395/1/9 5532/1/9 5531/1/9
f 5395/1/23 5396/1/23 5530/1/23 5532/1/23
f 5398/1/24 5352/1/24 5533/1/24 5534/1/24
f 5352/1/22 5351/1/22 5535/1/22 5533/1/22
f 5351/1/9 5397/1/9 5536/1/9 5535/1/9
f 5397/1/23 5398/1/23 5534/1/23 5536/1/23
f 5400/1/24 5354/1/24 5537/1/24 5538/1/24
f 5354/1/22 5353/1/22 5539/1/22 5537/1/22
f 5353/1/9 5399/1/9 5540/1/9 5539/1/9
f 5399/1/23 5400/1/23 5538/1/23 5540/1/23
f 5402/1/24 5356/1/24 5541/1/24 5542/1/24
f 5356/1/22 5355/1/22 5543/1/22 5541/1/22
f 5355/1/9 5401/1/9 5544/1/9 5543/1/9
f 5401/1/23 5402/1/23 5542/1/23 5544/1/23
f 5337/1/8 5224/1/8 5545/1/8 5546/1/8
f 5224/1/22 5222/1/22 5547/1/22 5545/1/22
f 5222/1/4 5336/1/4 5548/1/4 5547/1/4
f 5383/1/8 5337/1/8 5546/1/8 5549/1/8
f 5336/1/4 5382/1/4 5550/1/4 5548/1/4
f 5218/1/8 5383/1/8 5549/1/8 5551/1/8
f 5382/1/4 5220/1/4 5552/1/4 5550/1/4
f 5220/1/23 5218/1/23 5551/1/23 5552/1/23
f 5338/1/22 5337/1/22 5553/1/22 5554/1/22
f 5337/1/9 5383/1/9 5555/1/9 5553/1/9
f 5383/1/23 5384/1/23 5556/1/23 5555/1/23
f 5384/1/24 5338/1/24 5554/1/24 5556/1/24
f 5546/1/477 5545/1/477 6085/1/477 6086/1/477
f 5545/1/22 5547/1/22 6084/1/22 6085/1/22
f 5547/1/478 5548/1/478 6083/1/478 6084/1/478
f 5549/1/477 5546/1/477 6086/1/477 6079/1/477
f 5548/1/478 5550/1/478 6082/1/478 6083/1/478
f 5551/1/477 5549/1/477 6079/1/477 6080/1/477
f 5550/1/478 5552/1/478 6081/1/478 6082/1/478
f 5552/1/23 5551/1/23 6080/1/23 6081/1/23
f 5558/1/8 5557/1/8 5565/1/8 5566/1/8
f 5578/1/22 5577/1/22 5579/1/22 5580/1/22
f 5559/1/4 5560/1/4 5568/1/4 5567/1/4
f 5574/1/8 5573/1/8 5575/1/8 5576/1/8
f 5560/1/4 5562/1/4 5570/1/4 5568/1/4
f 5563/1/8 5561/1/8 5569/1/8 5571/1/8
f 5562/1/4 5564/1/4 5572/1/4 5570/1/4
f 5564/1/23 5563/1/23 5571/1/23 5572/1/23
f 5561/1/24 5558/1/24 5573/1/24 5574/1/24
f 5558/1/22 5566/1/22 5575/1/22 5573/1/22
f 5566/1/9 5569/1/9 5576/1/9 5575/1/9
f 5569/1/23 5561/1/23 5574/1/23 5576/1/23
f 5557/1/24 5559/1/24 5585/1/24 5586/1/24
f 5559/1/4 5567/1/4 5588/1/4 5585/1/4
f 5567/1/9 5565/1/9 5587/1/9 5588/1/9
f 5565/1/8 5557/1/8 5586/1/8 5587/1/8
f 5582/1/9 5581/1/9 5580/1/9 5579/1/9
f 5583/1/4 5582/1/4 5579/1/4 5577/1/4
f 5584/1/24 5583/1/24 5577/1/24 5578/1/24
f 5581/1/8 5584/1/8 5578/1/8 5580/1/8
f 5586/1/24 5585/1/24 5591/1/24 5592/1/24
f 5587/1/8 5586/1/8 5592/1/8 5589/1/8
f 5588/1/9 5587/1/9 5589/1/9 5590/1/9
f 5585/1/4 5588/1/4 5590/1/4 5591/1/4
f 5590/1/9 5589/1/9 5639/1/9 5640/1/9
f 5591/1/4 5590/1/4 5640/1/4 5641/1/4
f 5606/1/24 5605/1/24 5646/1/24 5647/1/24
f 5594/1/8 5593/1/8 5637/1/8 5638/1/8
f 5589/1/23 5592/1/23 6549/1/23 6550/1/23
f 5592/1/24 5636/1/24 6556/1/24 6549/1/24
f 5584/1/22 5581/1/22 6553/1/22 6554/1/22
f 5639/1/9 5589/1/9 6550/1/9 6551/1/9
f 5592/1/23 5591/1/23 5597/1/23 5598/1/23
f 5591/1/4 5641/1/4 5642/1/4 5597/1/4
f 5583/1/22 5584/1/22 5600/1/22 5599/1/22
f 5636/1/8 5592/1/8 5598/1/8 5635/1/8
f 6281/1/23 6282/1/23 5601/1/23 5602/1/23
f 6282/1/479 6283/1/479 5643/1/479 5601/1/479
f 6285/1/22 6286/1/22 5604/1/22 5603/1/22
f 6280/1/480 6281/1/480 5602/1/480 5634/1/480
f 5602/1/23 5601/1/23 5616/1/23 5613/1/23
f 5601/1/4 5643/1/4 5644/1/4 5616/1/4
f 5603/1/22 5604/1/22 5614/1/22 5615/1/22
f 5634/1/8 5602/1/8 5613/1/8 5633/1/8
f 5648/1/8 5609/1/8 5606/1/8 5647/1/8
f 5611/1/22 5610/1/22 5608/1/22 5607/1/22
f 5612/1/4 5645/1/4 5646/1/4 5605/1/4
f 5609/1/23 5612/1/23 5605/1/23 5606/1/23
f 5648/1/8 5633/1/8 5613/1/8 5609/1/8
f 5615/1/22 5614/1/22 5610/1/22 5611/1/22
f 5616/1/4 5644/1/4 5645/1/4 5612/1/4
f 5613/1/23 5616/1/23 5612/1/23 5609/1/23
f 5604/1/8 5618/1/8 5617/1/8 5614/1/8
f 6286/1/480 6279/1/480 5618/1/480 5604/1/480
f 5584/1/8 5620/1/8 5619/1/8 5600/1/8
f 6555/1/24 5620/1/24 5584/1/24 6554/1/24
f 5622/1/8 5621/1/8 5595/1/8 5596/1/8
f 5581/1/9 5623/1/9 6552/1/9 6553/1/9
f 5624/1/9 5623/1/9 5581/1/9 5582/1/9
f 5625/1/4 5624/1/4 5582/1/4 5583/1/4
f 5626/1/4 5625/1/4 5583/1/4 5599/1/4
f 5627/1/479 6284/1/479 6285/1/479 5603/1/479
f 5628/1/4 5627/1/4 5603/1/4 5615/1/4
f 5629/1/4 5628/1/4 5615/1/4 5611/1/4
f 5630/1/4 5629/1/4 5611/1/4 5607/1/4
f 5631/1/24 5630/1/24 5607/1/24 5608/1/24
f 5610/1/8 5632/1/8 5631/1/8 5608/1/8
f 5614/1/8 5617/1/8 5632/1/8 5610/1/8
f 5618/1/8 5634/1/8 5633/1/8 5617/1/8
f 6279/1/480 6280/1/480 5634/1/480 5618/1/480
f 5620/1/8 5636/1/8 5635/1/8 5619/1/8
f 6556/1/24 5636/1/24 5620/1/24 6555/1/24
f 5638/1/8 5637/1/8 5621/1/8 5622/1/8
f 5623/1/9 5639/1/9 6551/1/9 6552/1/9
f 5640/1/9 5639/1/9 5623/1/9 5624/1/9
f 5641/1/4 5640/1/4 5624/1/4 5625/1/4
f 5642/1/4 5641/1/4 5625/1/4 5626/1/4
f 5643/1/479 6283/1/479 6284/1/479 5627/1/479
f 5644/1/4 5643/1/4 5627/1/4 5628/1/4
f 5645/1/4 5644/1/4 5628/1/4 5629/1/4
f 5646/1/4 5645/1/4 5629/1/4 5630/1/4
f 5647/1/24 5646/1/24 5630/1/24 5631/1/24
f 5632/1/8 5648/1/8 5647/1/8 5631/1/8
f 5649/1/8 5650/1/8 5651/1/8 5652/1/8
f 5632/1/22 5617/1/22 5650/1/22 5649/1/22
f 5617/1/9 5633/1/9 5651/1/9 5650/1/9
f 5633/1/23 5648/1/23 5652/1/23 5651/1/23
f 5648/1/24 5632/1/24 5649/1/24 5652/1/24
f 5653/1/23 5654/1/23 5656/1/23 5655/1/23
f 5655/1/4 5656/1/4 5658/1/4 5657/1/4
f 5657/1/22 5658/1/22 5660/1/22 5659/1/22
f 5659/1/8 5660/1/8 5654/1/8 5653/1/8
f 5654/1/9 5660/1/9 5658/1/9 5656/1/9
f 5659/1/24 5653/1/24 5655/1/24 5657/1/24
f 5661/1/23 5662/1/23 5664/1/23 5663/1/23
f 5663/1/4 5664/1/4 5666/1/4 5665/1/4
f 5665/1/22 5666/1/22 5668/1/22 5667/1/22
f 5667/1/8 5668/1/8 5662/1/8 5661/1/8
f 5662/1/9 5668/1/9 5666/1/9 5664/1/9
f 5667/1/24 5661/1/24 5663/1/24 5665/1/24
f 5669/1/23 5670/1/23 5672/1/23 5671/1/23
f 5671/1/4 5672/1/4 5674/1/4 5673/1/4
f 5673/1/22 5674/1/22 5676/1/22 5675/1/22
f 5675/1/8 5676/1/8 5670/1/8 5669/1/8
f 5670/1/9 5676/1/9 5674/1/9 5672/1/9
f 5675/1/24 5669/1/24 5671/1/24 5673/1/24
f 5677/1/23 5678/1/23 5680/1/23 5679/1/23
f 5679/1/4 5680/1/4 5682/1/4 5681/1/4
f 5681/1/22 5682/1/22 5684/1/22 5683/1/22
f 5683/1/8 5684/1/8 5678/1/8 5677/1/8
f 5678/1/9 5684/1/9 5682/1/9 5680/1/9
f 5683/1/24 5677/1/24 5679/1/24 5681/1/24
f 5685/1/23 5686/1/23 5688/1/23 5687/1/23
f 5687/1/4 5688/1/4 5690/1/4 5689/1/4
f 5689/1/22 5690/1/22 5692/1/22 5691/1/22
f 5691/1/8 5692/1/8 5686/1/8 5685/1/8
f 5686/1/9 5692/1/9 5690/1/9 5688/1/9
f 5691/1/24 5685/1/24 5687/1/24 5689/1/24
f 5703/1/23 5704/1/23 5696/1/23 5695/1/23
f 5695/1/4 5696/1/4 5698/1/4 5697/1/4
f 5707/1/22 5708/1/22 5705/1/22 5706/1/22 5698/1/22 5701/1/22
f 5699/1/8 5700/1/8 5694/1/8 5693/1/8
f 5704/1/9 5701/1/9 5698/1/9 5696/1/9
f 5702/1/24 5703/1/24 5695/1/24 5697/1/24
f 5710/1/22 5709/1/22 5711/1/22 5712/1/22
f 5699/1/24 5693/1/24 5703/1/24 5702/1/24
f 5693/1/23 5694/1/23 5704/1/23 5703/1/23
f 5694/1/9 5700/1/9 5701/1/9 5704/1/9
f 5714/1/4 5708/1/4 5707/1/4 5713/1/4 5709/1/4 5710/1/4 6401/1/4 6475/1/4 6323/1/4
f 5716/1/8 5715/1/8 5717/1/8 5718/1/481 6394/1/482 6548/1/8 6474/1/8 5712/1/8 5711/1/8
f 5717/1/24 5708/1/24 5714/1/24 5718/1/24
f 5716/1/9 5711/1/9 5709/1/9 5713/1/9 5707/1/9 5715/1/9
f 5720/1/24 5719/1/24 6390/1/24 6391/1/24
f 5718/1/23 5714/1/23 5723/1/23 5724/1/23
f 5725/1/483 6335/1/484 6336/1/484 5728/1/485
f 5710/1/486 5712/1/486 5729/1/486 5730/1/486
f 6394/1/482 5718/1/481 5724/1/487 6393/1/481
f 5724/1/23 5723/1/23 5731/1/23 5732/1/23
f 5723/1/488 6384/1/489 6385/1/489 5731/1/488
f 5730/1/22 5729/1/22 5734/1/22 5733/1/22
f 6393/1/490 5724/1/491 5732/1/491 6392/1/490
f 5732/1/23 5731/1/23 5719/1/23 5720/1/23
f 5735/1/4 6387/1/4 6388/1/4 5738/1/4
f 5733/1/22 5734/1/22 5722/1/22 5721/1/22
f 6392/1/8 5732/1/8 5720/1/8 6391/1/8
f 5731/1/4 6385/1/4 6386/1/4 5740/1/4
f 5733/1/4 5721/1/4 5741/1/4 5739/1/4
f 6390/1/4 5719/1/4 5742/1/4 6389/1/4
f 5719/1/4 5731/1/4 5740/1/4 5742/1/4
f 5740/1/9 6386/1/9 6387/1/9 5735/1/9
f 5739/1/22 5741/1/22 5737/1/22 5736/1/22
f 6389/1/24 5742/1/24 5738/1/24 6388/1/24
f 5742/1/23 5740/1/23 5735/1/23 5738/1/23
f 5714/1/4 6323/1/4 6324/1/4 5744/1/4
f 5710/1/4 5730/1/4 5745/1/4 5743/1/4
f 6384/1/4 5723/1/4 5746/1/4 6383/1/4
f 5723/1/4 5714/1/4 5744/1/4 5746/1/4
f 5744/1/9 6324/1/9 6325/1/9 5748/1/9
f 5743/1/22 5745/1/22 5749/1/22 5747/1/22
f 6383/1/24 5746/1/24 5750/1/24 6382/1/24
f 5746/1/23 5744/1/23 5748/1/23 5750/1/23
f 5748/1/8 6325/1/8 6326/1/8 5752/1/8
f 5747/1/8 5749/1/8 5753/1/8 5751/1/8
f 6382/1/8 5750/1/8 5754/1/8 6381/1/8
f 5750/1/8 5748/1/8 5752/1/8 5754/1/8
f 5767/1/9 6332/1/9 6333/1/9 5770/1/9
f 5751/1/22 5753/1/22 5727/1/22 5726/1/22
f 6359/1/24 5763/1/24 5765/1/24 6358/1/24
f 5754/1/23 5752/1/23 5725/1/23 5728/1/23
f 5697/1/492 5698/1/493 5706/1/23 5705/1/23
f 5702/1/56 5697/1/492 5705/1/23 5708/1/494
f 5701/1/9 5700/1/295 5715/1/52 5707/1/22
f 5700/1/295 5699/1/495 5717/1/50 5715/1/52
f 5699/1/495 5702/1/56 5708/1/494 5717/1/50
f 6381/1/496 5754/1/497 5755/1/497 6380/1/497
f 5754/1/497 5728/1/498 5757/1/498 5755/1/497
f 5728/1/498 6336/1/499 6337/1/498 5757/1/498
f 5727/1/24 5753/1/24 5756/1/24 5758/1/24
f 6380/1/500 5755/1/501 5923/1/502 6379/1/502
f 5755/1/23 5757/1/23 5926/1/23 5923/1/23
f 5757/1/503 6337/1/504 6338/1/505 5926/1/505
f 5758/1/22 5756/1/22 5924/1/22 5925/1/22
f 6360/1/8 5759/1/8 5763/1/8 6359/1/8
f 5759/1/23 5761/1/23 5765/1/23 5763/1/23
f 5761/1/484 6357/1/506 6358/1/506 5765/1/484
f 5762/1/22 5760/1/22 5764/1/22 5766/1/22
f 5752/1/8 6326/1/8 6327/1/8 5774/1/8
f 5751/1/22 5726/1/22 5772/1/22 5773/1/22
f 6335/1/484 5725/1/483 5771/1/483 6334/1/484
f 5725/1/23 5752/1/23 5774/1/23 5771/1/23
f 6334/1/484 5771/1/483 5770/1/485 6333/1/506
f 5773/1/22 5772/1/22 5769/1/22 5768/1/22
f 5788/1/8 6329/1/8 6330/1/8 5790/1/8
f 5784/1/23 5783/1/23 5785/1/23 5786/1/23
f 5771/1/23 5774/1/23 5775/1/23 5776/1/23
f 5774/1/23 5767/1/23 5777/1/23 5775/1/23
f 5767/1/23 5770/1/23 5778/1/23 5777/1/23
f 5770/1/23 5771/1/23 5776/1/23 5778/1/23
f 5774/1/8 6327/1/8 6328/1/8 5780/1/8
f 5773/1/8 5768/1/8 5781/1/8 5779/1/8
f 6332/1/8 5767/1/8 5782/1/8 6331/1/8
f 5767/1/8 5774/1/8 5780/1/8 5782/1/8
f 5776/1/24 5775/1/24 6099/1/24 6100/1/24
f 5775/1/8 5777/1/8 6102/1/8 6099/1/8
f 5777/1/9 5778/1/9 6101/1/9 6102/1/9
f 5778/1/4 5776/1/4 6100/1/4 6101/1/4
f 5780/1/24 6328/1/24 6329/1/24 5788/1/24
f 5779/1/22 5781/1/22 5789/1/22 5787/1/22
f 6331/1/9 5782/1/9 5790/1/9 6330/1/9
f 5782/1/23 5780/1/23 5788/1/23 5790/1/23
f 5808/1/8 5807/1/8 5809/1/8 5810/1/8
f 5793/1/24 5792/1/24 5796/1/24 5797/1/24
f 5794/1/4 5793/1/4 5797/1/4 5798/1/4
f 5791/1/9 5794/1/9 5798/1/9 5795/1/9
f 5796/1/8 5795/1/8 6115/1/8 6116/1/8
f 5797/1/24 5796/1/24 6116/1/24 6117/1/24
f 5798/1/4 5797/1/4 6117/1/4 6118/1/4
f 5795/1/9 5798/1/9 6118/1/9 6115/1/9
f 5812/1/8 5811/1/8 5813/1/8 5814/1/8
f 5801/1/24 5800/1/24 5804/1/24 5805/1/24
f 5802/1/4 5801/1/4 5805/1/4 5806/1/4
f 5799/1/9 5802/1/9 5806/1/9 5803/1/9
f 5804/1/8 5803/1/8 5791/1/8 5792/1/8
f 5805/1/24 5804/1/24 5792/1/24 5793/1/24
f 5806/1/4 5805/1/4 5793/1/4 5794/1/4
f 5803/1/9 5806/1/9 5794/1/9 5791/1/9
f 5792/1/22 5791/1/22 5807/1/22 5808/1/22
f 5791/1/9 5795/1/9 5809/1/9 5807/1/9
f 5795/1/23 5796/1/23 5810/1/23 5809/1/23
f 5796/1/24 5792/1/24 5808/1/24 5810/1/24
f 5800/1/22 5799/1/22 5811/1/22 5812/1/22
f 5799/1/9 5803/1/9 5813/1/9 5811/1/9
f 5803/1/23 5804/1/23 5814/1/23 5813/1/23
f 5804/1/24 5800/1/24 5812/1/24 5814/1/24
f 5815/1/23 5816/1/23 5818/1/23 5817/1/23
f 5817/1/4 5818/1/4 5820/1/4 5819/1/4
f 5819/1/22 5820/1/22 5822/1/22 5821/1/22
f 5821/1/8 5822/1/8 5816/1/8 5815/1/8
f 5816/1/9 5822/1/9 5820/1/9 5818/1/9
f 5821/1/24 5815/1/24 5817/1/24 5819/1/24
f 5823/1/23 5824/1/23 5826/1/23 5825/1/23
f 5825/1/4 5826/1/4 5828/1/4 5827/1/4
f 5827/1/22 5828/1/22 5830/1/22 5829/1/22
f 5829/1/8 5830/1/8 5824/1/8 5823/1/8
f 5824/1/9 5830/1/9 5828/1/9 5826/1/9
f 5829/1/24 5823/1/24 5825/1/24 5827/1/24
f 5831/1/23 5832/1/23 5834/1/23 5833/1/23
f 5833/1/4 5834/1/4 5836/1/4 5835/1/4
f 5835/1/22 5836/1/22 5838/1/22 5837/1/22
f 5837/1/8 5838/1/8 5832/1/8 5831/1/8
f 5832/1/9 5838/1/9 5836/1/9 5834/1/9
f 5837/1/24 5831/1/24 5833/1/24 5835/1/24
f 5839/1/23 5840/1/23 5842/1/23 5841/1/23
f 5841/1/4 5842/1/4 5844/1/4 5843/1/4
f 5843/1/22 5844/1/22 5846/1/22 5845/1/22
f 5845/1/8 5846/1/8 5840/1/8 5839/1/8
f 5840/1/9 5846/1/9 5844/1/9 5842/1/9
f 5845/1/24 5839/1/24 5841/1/24 5843/1/24
f 5847/1/23 5848/1/23 5850/1/23 5849/1/23
f 5849/1/4 5850/1/4 5852/1/4 5851/1/4
f 5851/1/22 5852/1/22 5854/1/22 5853/1/22
f 5853/1/8 5854/1/8 5848/1/8 5847/1/8
f 5848/1/9 5854/1/9 5852/1/9 5850/1/9
f 5853/1/24 5847/1/24 5849/1/24 5851/1/24
f 5855/1/23 5856/1/23 5858/1/23 5857/1/23
f 5857/1/4 5858/1/4 5860/1/4 5859/1/4
f 5859/1/22 5860/1/22 5862/1/22 5861/1/22
f 5861/1/8 5862/1/8 5856/1/8 5855/1/8
f 5856/1/9 5862/1/9 5860/1/9 5858/1/9
f 5861/1/24 5855/1/24 5857/1/24 5859/1/24
f 5863/1/23 5864/1/23 5866/1/23 5865/1/23
f 5865/1/4 5866/1/4 5868/1/4 5867/1/4
f 5867/1/22 5868/1/22 5870/1/22 5869/1/22
f 5869/1/8 5870/1/8 5864/1/8 5863/1/8
f 5864/1/9 5870/1/9 5868/1/9 5866/1/9
f 5869/1/24 5863/1/24 5865/1/24 5867/1/24
f 5871/1/23 5872/1/23 5874/1/23 5873/1/23
f 5873/1/4 5874/1/4 5876/1/4 5875/1/4
f 5875/1/22 5876/1/22 5878/1/22 5877/1/22
f 5877/1/8 5878/1/8 5872/1/8 5871/1/8
f 5872/1/9 5878/1/9 5876/1/9 5874/1/9
f 5877/1/24 5871/1/24 5873/1/24 5875/1/24
f 5879/1/23 5880/1/23 5882/1/23 5881/1/23
f 5881/1/4 5882/1/4 5884/1/4 5883/1/4
f 5883/1/22 5884/1/22 5886/1/22 5885/1/22
f 5885/1/8 5886/1/8 5880/1/8 5879/1/8
f 5880/1/9 5886/1/9 5884/1/9 5882/1/9
f 5885/1/24 5879/1/24 5881/1/24 5883/1/24
f 6395/1/507 6396/1/508 5759/1/508 6360/1/502
f 6399/1/22 6400/1/22 5760/1/22 5762/1/22
f 6397/1/509 6398/1/509 6357/1/505 5761/1/510
f 6396/1/23 6397/1/23 5761/1/23 5759/1/23
f 6363/1/502 5891/1/511 6319/1/507 6362/1/502
f 5893/1/22 5892/1/22 6320/1/22 6321/1/22
f 5894/1/509 6354/1/505 6355/1/505 6322/1/509
f 5891/1/23 5894/1/23 6322/1/23 6319/1/23
f 6365/1/502 5895/1/502 6315/1/507 6364/1/502
f 5897/1/22 5896/1/22 6316/1/22 6317/1/22
f 5898/1/505 6352/1/505 6353/1/505 6318/1/505
f 5895/1/23 5898/1/23 6318/1/23 6315/1/23
f 6367/1/512 5899/1/513 6311/1/514 6366/1/512
f 5901/1/22 5900/1/22 6312/1/22 6313/1/22
f 5902/1/515 6350/1/509 6351/1/509 6314/1/515
f 5899/1/23 5902/1/23 6314/1/23 6311/1/23
f 6369/1/502 5903/1/502 6307/1/511 6368/1/502
f 5905/1/22 5904/1/22 6308/1/22 6309/1/22
f 5906/1/505 6348/1/505 6349/1/505 6310/1/516
f 5903/1/23 5906/1/23 6310/1/23 6307/1/23
f 6371/1/502 5907/1/507 6303/1/507 6370/1/502
f 5909/1/22 5908/1/22 6304/1/22 6305/1/22
f 5910/1/505 6346/1/505 6347/1/505 6306/1/505
f 5907/1/23 5910/1/23 6306/1/23 6303/1/23
f 6373/1/507 5911/1/517 6299/1/502 6372/1/502
f 5913/1/22 5912/1/22 6300/1/22 6301/1/22
f 5914/1/505 6344/1/505 6345/1/505 6302/1/505
f 5911/1/23 5914/1/23 6302/1/23 6299/1/23
f 6375/1/507 5915/1/517 6295/1/518 6374/1/517
f 5917/1/22 5916/1/22 6296/1/22 6297/1/22
f 5918/1/505 6342/1/505 6343/1/505 6298/1/505
f 5915/1/23 5918/1/23 6298/1/23 6295/1/23
f 6377/1/502 5919/1/502 6291/1/502 6376/1/502
f 5921/1/22 5920/1/22 6292/1/22 6293/1/22
f 5922/1/505 6340/1/505 6341/1/505 6294/1/505
f 6562/1/23 6561/1/23 6563/1/23 6564/1/23
f 6379/1/502 5923/1/502 6287/1/519 6378/1/512
f 5925/1/22 5924/1/22 6288/1/22 6289/1/22
f 5926/1/505 6338/1/505 6339/1/509 6290/1/515
f 5923/1/23 5926/1/23 6290/1/23 6287/1/23
f 6199/1/480 6200/1/480 5928/1/480 5927/1/480
f 6200/1/23 6201/1/23 5929/1/23 5928/1/23
f 6201/1/479 6202/1/479 5930/1/479 5929/1/479
f 5931/1/479 5930/1/479 6202/1/479 6203/1/479
f 5932/1/479 5931/1/479 6203/1/479 6204/1/479
f 6204/1/22 6205/1/22 5933/1/22 5932/1/22
f 6205/1/480 6206/1/480 5934/1/480 5933/1/480
f 6206/1/480 6199/1/480 5927/1/480 5934/1/480
f 6207/1/480 6208/1/480 5936/1/480 5935/1/480
f 6208/1/23 6209/1/23 5937/1/23 5936/1/23
f 6209/1/479 6210/1/479 5938/1/479 5937/1/479
f 5939/1/479 5938/1/479 6210/1/479 6211/1/479
f 5940/1/479 5939/1/479 6211/1/479 6212/1/479
f 6212/1/22 6213/1/22 5941/1/22 5940/1/22
f 6213/1/480 6214/1/480 5942/1/480 5941/1/480
f 6214/1/480 6207/1/480 5935/1/480 5942/1/480
f 6215/1/480 6216/1/480 5944/1/480 5943/1/480
f 6216/1/23 6217/1/23 5945/1/23 5944/1/23
f 6217/1/479 6218/1/479 5946/1/479 5945/1/479
f 5947/1/479 5946/1/479 6218/1/479 6219/1/479
f 5948/1/479 5947/1/479 6219/1/479 6220/1/479
f 6220/1/22 6221/1/22 5949/1/22 5948/1/22
f 6221/1/480 6222/1/480 5950/1/480 5949/1/480
f 6222/1/480 6215/1/480 5943/1/480 5950/1/480
f 6223/1/480 6224/1/480 5952/1/480 5951/1/480
f 6224/1/23 6225/1/23 5953/1/23 5952/1/23
f 6225/1/479 6226/1/479 5954/1/479 5953/1/479
f 5955/1/479 5954/1/479 6226/1/479 6227/1/479
f 5956/1/479 5955/1/479 6227/1/479 6228/1/479
f 6228/1/22 6229/1/22 5957/1/22 5956/1/22
f 6229/1/480 6230/1/480 5958/1/480 5957/1/480
f 6230/1/480 6223/1/480 5951/1/480 5958/1/480
f 6231/1/480 6232/1/480 5960/1/480 5959/1/480
f 6232/1/23 6233/1/23 5961/1/23 5960/1/23
f 6233/1/479 6234/1/479 5962/1/479 5961/1/479
f 5963/1/479 5962/1/479 6234/1/479 6235/1/479
f 5964/1/479 5963/1/479 6235/1/479 6236/1/479
f 6236/1/22 6237/1/22 5965/1/22 5964/1/22
f 6237/1/480 6238/1/480 5966/1/480 5965/1/480
f 6238/1/480 6231/1/480 5959/1/480 5966/1/480
f 6239/1/480 6240/1/480 5968/1/480 5967/1/480
f 6240/1/23 6241/1/23 5969/1/23 5968/1/23
f 6241/1/479 6242/1/479 5970/1/479 5969/1/479
f 5971/1/479 5970/1/479 6242/1/479 6243/1/479
f 5972/1/479 5971/1/479 6243/1/479 6244/1/479
f 6244/1/22 6245/1/22 5973/1/22 5972/1/22
f 6245/1/480 6246/1/480 5974/1/480 5973/1/480
f 6246/1/480 6239/1/480 5967/1/480 5974/1/480
f 6248/1/480 6249/1/480 5976/1/480 5975/1/480
f 6249/1/23 6250/1/23 5977/1/23 5976/1/23
f 6250/1/479 6251/1/479 5978/1/479 5977/1/479
f 5979/1/479 5978/1/479 6251/1/479 6252/1/479
f 5980/1/479 5979/1/479 6252/1/479 6253/1/479
f 6253/1/22 6254/1/22 5981/1/22 5980/1/22
f 6254/1/480 6247/1/480 5982/1/480 5981/1/480
f 6247/1/480 6248/1/480 5975/1/480 5982/1/480
f 6256/1/480 6257/1/480 5984/1/480 5983/1/480
f 6257/1/23 6258/1/23 5985/1/23 5984/1/23
f 6258/1/479 6259/1/479 5986/1/479 5985/1/479
f 5987/1/479 5986/1/479 6259/1/479 6260/1/479
f 5988/1/479 5987/1/479 6260/1/479 6261/1/479
f 6261/1/22 6262/1/22 5989/1/22 5988/1/22
f 6262/1/480 6255/1/480 5990/1/480 5989/1/480
f 6255/1/480 6256/1/480 5983/1/480 5990/1/480
f 6264/1/480 6265/1/480 5992/1/480 5991/1/480
f 6265/1/23 6266/1/23 5993/1/23 5992/1/23
f 6266/1/479 6267/1/479 5994/1/479 5993/1/479
f 5995/1/479 5994/1/479 6267/1/479 6268/1/479
f 5996/1/479 5995/1/479 6268/1/479 6269/1/479
f 6269/1/22 6270/1/22 5997/1/22 5996/1/22
f 6270/1/480 6263/1/480 5998/1/480 5997/1/480
f 6263/1/480 6264/1/480 5991/1/480 5998/1/480
f 6272/1/480 6273/1/480 6000/1/480 5999/1/480
f 6273/1/23 6274/1/23 6001/1/23 6000/1/23
f 6274/1/479 6275/1/479 6002/1/479 6001/1/479
f 6003/1/479 6002/1/479 6275/1/479 6276/1/479
f 6004/1/479 6003/1/479 6276/1/479 6277/1/479
f 6277/1/22 6278/1/22 6005/1/22 6004/1/22
f 6278/1/480 6271/1/480 6006/1/480 6005/1/480
f 6271/1/480 6272/1/480 5999/1/480 6006/1/480
f 6008/1/477 6007/1/477 6191/1/477 6192/1/477
f 6009/1/23 6008/1/23 6192/1/23 6193/1/23
f 6010/1/478 6009/1/478 6193/1/478 6194/1/478
f 6011/1/478 6010/1/478 6194/1/478 6195/1/478
f 6012/1/478 6011/1/478 6195/1/478 6196/1/478
f 6013/1/22 6012/1/22 6196/1/22 6197/1/22
f 6014/1/477 6013/1/477 6197/1/477 6198/1/477
f 6646/1/477 6645/1/477 6647/1/477 6648/1/477
f 6016/1/477 6015/1/477 6183/1/477 6184/1/477
f 6017/1/23 6016/1/23 6184/1/23 6185/1/23
f 6018/1/478 6017/1/478 6185/1/478 6186/1/478
f 6019/1/478 6018/1/478 6186/1/478 6187/1/478
f 6020/1/478 6019/1/478 6187/1/478 6188/1/478
f 6021/1/22 6020/1/22 6188/1/22 6189/1/22
f 6022/1/477 6021/1/477 6189/1/477 6190/1/477
f 6650/1/477 6649/1/477 6651/1/477 6652/1/477
f 6024/1/477 6023/1/477 6175/1/477 6176/1/477
f 6025/1/23 6024/1/23 6176/1/23 6177/1/23
f 6026/1/478 6025/1/478 6177/1/478 6178/1/478
f 6027/1/478 6026/1/478 6178/1/478 6179/1/478
f 6028/1/478 6027/1/478 6179/1/478 6180/1/478
f 6029/1/22 6028/1/22 6180/1/22 6181/1/22
f 6030/1/477 6029/1/477 6181/1/477 6182/1/477
f 6654/1/477 6653/1/477 6655/1/477 6656/1/477
f 6032/1/477 6031/1/477 6167/1/477 6168/1/477
f 6033/1/23 6032/1/23 6168/1/23 6169/1/23
f 6034/1/478 6033/1/478 6169/1/478 6170/1/478
f 6035/1/478 6034/1/478 6170/1/478 6171/1/478
f 6036/1/478 6035/1/478 6171/1/478 6172/1/478
f 6037/1/22 6036/1/22 6172/1/22 6173/1/22
f 6038/1/477 6037/1/477 6173/1/477 6174/1/477
f 6658/1/477 6657/1/477 6659/1/477 6660/1/477
f 6040/1/477 6039/1/477 6159/1/477 6160/1/477
f 6041/1/23 6040/1/23 6160/1/23 6161/1/23
f 6042/1/478 6041/1/478 6161/1/478 6162/1/478
f 6043/1/478 6042/1/478 6162/1/478 6163/1/478
f 6044/1/478 6043/1/478 6163/1/478 6164/1/478
f 6045/1/22 6044/1/22 6164/1/22 6165/1/22
f 6046/1/477 6045/1/477 6165/1/477 6166/1/477
f 6662/1/477 6661/1/477 6663/1/477 6664/1/477
f 6048/1/477 6047/1/477 6151/1/477 6152/1/477
f 6049/1/23 6048/1/23 6152/1/23 6153/1/23
f 6050/1/478 6049/1/478 6153/1/478 6154/1/478
f 6051/1/478 6050/1/478 6154/1/478 6155/1/478
f 6052/1/478 6051/1/478 6155/1/478 6156/1/478
f 6053/1/22 6052/1/22 6156/1/22 6157/1/22
f 6054/1/477 6053/1/477 6157/1/477 6158/1/477
f 6666/1/477 6665/1/477 6667/1/477 6668/1/477
f 6056/1/477 6055/1/477 6143/1/477 6144/1/477
f 6057/1/23 6056/1/23 6144/1/23 6145/1/23
f 6058/1/478 6057/1/478 6145/1/478 6146/1/478
f 6059/1/478 6058/1/478 6146/1/478 6147/1/478
f 6060/1/478 6059/1/478 6147/1/478 6148/1/478
f 6061/1/22 6060/1/22 6148/1/22 6149/1/22
f 6062/1/477 6061/1/477 6149/1/477 6150/1/477
f 6670/1/477 6669/1/477 6671/1/477 6672/1/477
f 6064/1/477 6063/1/477 6135/1/477 6136/1/477
f 6065/1/23 6064/1/23 6136/1/23 6137/1/23
f 6066/1/478 6065/1/478 6137/1/478 6138/1/478
f 6067/1/478 6066/1/478 6138/1/478 6139/1/478
f 6068/1/478 6067/1/478 6139/1/478 6140/1/478
f 6069/1/22 6068/1/22 6140/1/22 6141/1/22
f 6070/1/477 6069/1/477 6141/1/477 6142/1/477
f 6674/1/477 6673/1/477 6675/1/477 6676/1/477
f 6072/1/477 6071/1/477 6127/1/477 6128/1/477
f 6073/1/23 6072/1/23 6128/1/23 6129/1/23
f 6074/1/478 6073/1/478 6129/1/478 6130/1/478
f 6075/1/478 6074/1/478 6130/1/478 6131/1/478
f 6076/1/478 6075/1/478 6131/1/478 6132/1/478
f 6077/1/22 6076/1/22 6132/1/22 6133/1/22
f 6078/1/477 6077/1/477 6133/1/477 6134/1/477
f 6678/1/477 6677/1/477 6679/1/477 6680/1/477
f 6080/1/477 6079/1/477 6119/1/477 6120/1/477
f 6081/1/23 6080/1/23 6120/1/23 6121/1/23
f 6082/1/478 6081/1/478 6121/1/478 6122/1/478
f 6083/1/478 6082/1/478 6122/1/478 6123/1/478
f 6084/1/478 6083/1/478 6123/1/478 6124/1/478
f 6085/1/22 6084/1/22 6124/1/22 6125/1/22
f 6086/1/477 6085/1/477 6125/1/477 6126/1/477
f 6682/1/477 6681/1/477 6683/1/477 6684/1/477
f 6088/1/24 6087/1/24 5800/1/24 5801/1/24
f 6089/1/4 6088/1/4 5801/1/4 5802/1/4
f 6090/1/9 6089/1/9 5802/1/9 5799/1/9
f 6087/1/8 6090/1/8 5799/1/8 5800/1/8
f 6092/1/24 6091/1/24 6087/1/24 6088/1/24
f 6093/1/4 6092/1/4 6088/1/4 6089/1/4
f 6094/1/9 6093/1/9 6089/1/9 6090/1/9
f 6091/1/8 6094/1/8 6090/1/8 6087/1/8
f 6096/1/24 6095/1/24 6091/1/24 6092/1/24
f 6097/1/4 6096/1/4 6092/1/4 6093/1/4
f 6098/1/9 6097/1/9 6093/1/9 6094/1/9
f 6095/1/8 6098/1/8 6094/1/8 6091/1/8
f 6100/1/24 6099/1/24 6095/1/24 6096/1/24
f 6101/1/4 6100/1/4 6096/1/4 6097/1/4
f 6102/1/9 6101/1/9 6097/1/9 6098/1/9
f 6099/1/8 6102/1/8 6098/1/8 6095/1/8
f 6104/1/8 6103/1/8 5785/1/8 5783/1/8
f 6105/1/24 6104/1/24 5783/1/24 5784/1/24
f 6106/1/4 6105/1/4 5784/1/4 5786/1/4
f 6103/1/9 6106/1/9 5786/1/9 5785/1/9
f 6108/1/8 6107/1/8 6103/1/8 6104/1/8
f 6109/1/24 6108/1/24 6104/1/24 6105/1/24
f 6110/1/4 6109/1/4 6105/1/4 6106/1/4
f 6107/1/9 6110/1/9 6106/1/9 6103/1/9
f 6112/1/8 6111/1/8 6107/1/8 6108/1/8
f 6113/1/24 6112/1/24 6108/1/24 6109/1/24
f 6114/1/4 6113/1/4 6109/1/4 6110/1/4
f 6111/1/9 6114/1/9 6110/1/9 6107/1/9
f 6116/1/8 6115/1/8 6111/1/8 6112/1/8
f 6117/1/24 6116/1/24 6112/1/24 6113/1/24
f 6118/1/4 6117/1/4 6113/1/4 6114/1/4
f 6115/1/9 6118/1/9 6114/1/9 6111/1/9
f 6120/1/477 6119/1/477 6071/1/477 6072/1/477
f 6121/1/23 6120/1/23 6072/1/23 6073/1/23
f 6122/1/478 6121/1/478 6073/1/478 6074/1/478
f 6123/1/478 6122/1/478 6074/1/478 6075/1/478
f 6124/1/478 6123/1/478 6075/1/478 6076/1/478
f 6125/1/22 6124/1/22 6076/1/22 6077/1/22
f 6126/1/477 6125/1/477 6077/1/477 6078/1/477
f 6119/1/477 6126/1/477 6078/1/477 6071/1/477
f 6128/1/477 6127/1/477 6063/1/477 6064/1/477
f 6129/1/23 6128/1/23 6064/1/23 6065/1/23
f 6130/1/478 6129/1/478 6065/1/478 6066/1/478
f 6131/1/478 6130/1/478 6066/1/478 6067/1/478
f 6132/1/478 6131/1/478 6067/1/478 6068/1/478
f 6133/1/22 6132/1/22 6068/1/22 6069/1/22
f 6134/1/477 6133/1/477 6069/1/477 6070/1/477
f 6127/1/477 6134/1/477 6070/1/477 6063/1/477
f 6136/1/477 6135/1/477 6055/1/477 6056/1/477
f 6137/1/23 6136/1/23 6056/1/23 6057/1/23
f 6138/1/478 6137/1/478 6057/1/478 6058/1/478
f 6139/1/478 6138/1/478 6058/1/478 6059/1/478
f 6140/1/478 6139/1/478 6059/1/478 6060/1/478
f 6141/1/22 6140/1/22 6060/1/22 6061/1/22
f 6142/1/477 6141/1/477 6061/1/477 6062/1/477
f 6135/1/477 6142/1/477 6062/1/477 6055/1/477
f 6144/1/477 6143/1/477 6047/1/477 6048/1/477
f 6145/1/23 6144/1/23 6048/1/23 6049/1/23
f 6146/1/478 6145/1/478 6049/1/478 6050/1/478
f 6147/1/478 6146/1/478 6050/1/478 6051/1/478
f 6148/1/478 6147/1/478 6051/1/478 6052/1/478
f 6149/1/22 6148/1/22 6052/1/22 6053/1/22
f 6150/1/477 6149/1/477 6053/1/477 6054/1/477
f 6143/1/477 6150/1/477 6054/1/477 6047/1/477
f 6152/1/477 6151/1/477 6039/1/477 6040/1/477
f 6153/1/23 6152/1/23 6040/1/23 6041/1/23
f 6154/1/478 6153/1/478 6041/1/478 6042/1/478
f 6155/1/478 6154/1/478 6042/1/478 6043/1/478
f 6156/1/478 6155/1/478 6043/1/478 6044/1/478
f 6157/1/22 6156/1/22 6044/1/22 6045/1/22
f 6158/1/477 6157/1/477 6045/1/477 6046/1/477
f 6151/1/477 6158/1/477 6046/1/477 6039/1/477
f 6160/1/477 6159/1/477 6031/1/477 6032/1/477
f 6161/1/23 6160/1/23 6032/1/23 6033/1/23
f 6162/1/478 6161/1/478 6033/1/478 6034/1/478
f 6163/1/478 6162/1/478 6034/1/478 6035/1/478
f 6164/1/478 6163/1/478 6035/1/478 6036/1/478
f 6165/1/22 6164/1/22 6036/1/22 6037/1/22
f 6166/1/477 6165/1/477 6037/1/477 6038/1/477
f 6159/1/477 6166/1/477 6038/1/477 6031/1/477
f 6168/1/477 6167/1/477 6023/1/477 6024/1/477
f 6169/1/23 6168/1/23 6024/1/23 6025/1/23
f 6170/1/478 6169/1/478 6025/1/478 6026/1/478
f 6171/1/478 6170/1/478 6026/1/478 6027/1/478
f 6172/1/478 6171/1/478 6027/1/478 6028/1/478
f 6173/1/22 6172/1/22 6028/1/22 6029/1/22
f 6174/1/477 6173/1/477 6029/1/477 6030/1/477
f 6167/1/477 6174/1/477 6030/1/477 6023/1/477
f 6176/1/477 6175/1/477 6015/1/477 6016/1/477
f 6177/1/23 6176/1/23 6016/1/23 6017/1/23
f 6178/1/478 6177/1/478 6017/1/478 6018/1/478
f 6179/1/478 6178/1/478 6018/1/478 6019/1/478
f 6180/1/478 6179/1/478 6019/1/478 6020/1/478
f 6181/1/22 6180/1/22 6020/1/22 6021/1/22
f 6182/1/477 6181/1/477 6021/1/477 6022/1/477
f 6175/1/477 6182/1/477 6022/1/477 6015/1/477
f 6184/1/477 6183/1/477 6007/1/477 6008/1/477
f 6185/1/23 6184/1/23 6008/1/23 6009/1/23
f 6186/1/478 6185/1/478 6009/1/478 6010/1/478
f 6187/1/478 6186/1/478 6010/1/478 6011/1/478
f 6188/1/478 6187/1/478 6011/1/478 6012/1/478
f 6189/1/22 6188/1/22 6012/1/22 6013/1/22
f 6190/1/477 6189/1/477 6013/1/477 6014/1/477
f 6183/1/477 6190/1/477 6014/1/477 6007/1/477
f 6192/1/477 6191/1/477 5561/1/477 5563/1/477
f 6193/1/23 6192/1/23 5563/1/23 5564/1/23
f 6194/1/478 6193/1/478 5564/1/478 5562/1/478
f 6195/1/478 6194/1/478 5562/1/478 5560/1/478
f 6196/1/478 6195/1/478 5560/1/478 5559/1/478
f 6197/1/22 6196/1/22 5559/1/22 5557/1/22
f 6198/1/477 6197/1/477 5557/1/477 5558/1/477
f 6191/1/477 6198/1/477 5558/1/477 5561/1/477
f 5635/1/480 5598/1/480 6200/1/480 6199/1/480
f 5598/1/23 5597/1/23 6201/1/23 6200/1/23
f 5597/1/479 5642/1/479 6202/1/479 6201/1/479
f 6203/1/479 6202/1/479 5642/1/479 5626/1/479
f 6204/1/479 6203/1/479 5626/1/479 5599/1/479
f 5599/1/22 5600/1/22 6205/1/22 6204/1/22
f 5600/1/480 5619/1/480 6206/1/480 6205/1/480
f 5619/1/480 5635/1/480 6199/1/480 6206/1/480
f 5927/1/480 5928/1/480 6208/1/480 6207/1/480
f 5928/1/23 5929/1/23 6209/1/23 6208/1/23
f 5929/1/479 5930/1/479 6210/1/479 6209/1/479
f 6211/1/479 6210/1/479 5930/1/479 5931/1/479
f 6212/1/479 6211/1/479 5931/1/479 5932/1/479
f 5932/1/22 5933/1/22 6213/1/22 6212/1/22
f 5933/1/480 5934/1/480 6214/1/480 6213/1/480
f 6565/1/480 6566/1/480 6567/1/480 6568/1/480
f 5935/1/480 5936/1/480 6216/1/480 6215/1/480
f 5936/1/23 5937/1/23 6217/1/23 6216/1/23
f 5937/1/479 5938/1/479 6218/1/479 6217/1/479
f 6219/1/479 6218/1/479 5938/1/479 5939/1/479
f 6220/1/479 6219/1/479 5939/1/479 5940/1/479
f 5940/1/22 5941/1/22 6221/1/22 6220/1/22
f 5941/1/480 5942/1/480 6222/1/480 6221/1/480
f 6569/1/480 6570/1/480 6571/1/480 6572/1/480
f 5943/1/480 5944/1/480 6224/1/480 6223/1/480
f 5944/1/23 5945/1/23 6225/1/23 6224/1/23
f 5945/1/479 5946/1/479 6226/1/479 6225/1/479
f 6227/1/479 6226/1/479 5946/1/479 5947/1/479
f 6228/1/479 6227/1/479 5947/1/479 5948/1/479
f 5948/1/22 5949/1/22 6229/1/22 6228/1/22
f 5949/1/480 5950/1/480 6230/1/480 6229/1/480
f 6573/1/480 6574/1/480 6575/1/480 6576/1/480
f 5951/1/480 5952/1/480 6232/1/480 6231/1/480
f 5952/1/23 5953/1/23 6233/1/23 6232/1/23
f 5953/1/479 5954/1/479 6234/1/479 6233/1/479
f 6235/1/479 6234/1/479 5954/1/479 5955/1/479
f 6236/1/479 6235/1/479 5955/1/479 5956/1/479
f 5956/1/22 5957/1/22 6237/1/22 6236/1/22
f 5957/1/480 5958/1/480 6238/1/480 6237/1/480
f 6577/1/480 6578/1/480 6579/1/480 6580/1/480
f 5959/1/480 5960/1/480 6240/1/480 6239/1/480
f 5960/1/23 5961/1/23 6241/1/23 6240/1/23
f 5961/1/479 5962/1/479 6242/1/479 6241/1/479
f 6243/1/479 6242/1/479 5962/1/479 5963/1/479
f 6244/1/479 6243/1/479 5963/1/479 5964/1/479
f 5964/1/22 5965/1/22 6245/1/22 6244/1/22
f 5965/1/480 5966/1/480 6246/1/480 6245/1/480
f 6581/1/480 6582/1/480 6583/1/480 6584/1/480
f 6585/1/480 6586/1/480 6587/1/480 6588/1/480
f 5967/1/480 5968/1/480 6249/1/480 6248/1/480
f 5968/1/23 5969/1/23 6250/1/23 6249/1/23
f 5969/1/479 5970/1/479 6251/1/479 6250/1/479
f 6252/1/479 6251/1/479 5970/1/479 5971/1/479
f 6253/1/479 6252/1/479 5971/1/479 5972/1/479
f 5972/1/22 5973/1/22 6254/1/22 6253/1/22
f 5973/1/480 5974/1/480 6247/1/480 6254/1/480
f 6589/1/480 6590/1/480 6591/1/480 6592/1/480
f 5975/1/480 5976/1/480 6257/1/480 6256/1/480
f 5976/1/23 5977/1/23 6258/1/23 6257/1/23
f 5977/1/479 5978/1/479 6259/1/479 6258/1/479
f 6260/1/479 6259/1/479 5978/1/479 5979/1/479
f 6261/1/479 6260/1/479 5979/1/479 5980/1/479
f 5980/1/22 5981/1/22 6262/1/22 6261/1/22
f 5981/1/480 5982/1/480 6255/1/480 6262/1/480
f 6593/1/480 6594/1/480 6595/1/480 6596/1/480
f 5983/1/480 5984/1/480 6265/1/480 6264/1/480
f 5984/1/23 5985/1/23 6266/1/23 6265/1/23
f 5985/1/479 5986/1/479 6267/1/479 6266/1/479
f 6268/1/479 6267/1/479 5986/1/479 5987/1/479
f 6269/1/479 6268/1/479 5987/1/479 5988/1/479
f 5988/1/22 5989/1/22 6270/1/22 6269/1/22
f 5989/1/480 5990/1/480 6263/1/480 6270/1/480
f 6597/1/480 6598/1/480 6599/1/480 6600/1/480
f 5991/1/480 5992/1/480 6273/1/480 6272/1/480
f 5992/1/23 5993/1/23 6274/1/23 6273/1/23
f 5993/1/479 5994/1/479 6275/1/479 6274/1/479
f 6276/1/479 6275/1/479 5994/1/479 5995/1/479
f 6277/1/479 6276/1/479 5995/1/479 5996/1/479
f 5996/1/22 5997/1/22 6278/1/22 6277/1/22
f 5997/1/480 5998/1/480 6271/1/480 6278/1/480
f 6601/1/480 6602/1/480 6603/1/480 6604/1/480
f 5999/1/480 6000/1/480 6281/1/480 6280/1/480
f 6000/1/23 6001/1/23 6282/1/23 6281/1/23
f 6001/1/479 6002/1/479 6283/1/479 6282/1/479
f 6284/1/479 6283/1/479 6002/1/479 6003/1/479
f 6285/1/479 6284/1/479 6003/1/479 6004/1/479
f 6004/1/22 6005/1/22 6286/1/22 6285/1/22
f 6005/1/480 6006/1/480 6279/1/480 6286/1/480
f 6378/1/512 6287/1/519 5919/1/502 6377/1/502
f 6289/1/22 6288/1/22 5920/1/22 5921/1/22
f 6290/1/515 6339/1/509 6340/1/505 5922/1/505
f 6287/1/23 6290/1/23 5922/1/23 5919/1/23
f 6376/1/502 6291/1/502 5915/1/517 6375/1/507
f 6293/1/22 6292/1/22 5916/1/22 5917/1/22
f 6294/1/505 6341/1/505 6342/1/505 5918/1/505
f 6291/1/23 6294/1/23 5918/1/23 5915/1/23
f 6374/1/517 6295/1/518 5911/1/517 6373/1/507
f 6297/1/22 6296/1/22 5912/1/22 5913/1/22
f 6298/1/505 6343/1/505 6344/1/505 5914/1/505
f 6295/1/23 6298/1/23 5914/1/23 5911/1/23
f 6372/1/502 6299/1/502 5907/1/507 6371/1/502
f 6301/1/22 6300/1/22 5908/1/22 5909/1/22
f 6302/1/505 6345/1/505 6346/1/505 5910/1/505
f 6299/1/23 6302/1/23 5910/1/23 5907/1/23
f 6370/1/502 6303/1/507 5903/1/502 6369/1/502
f 6305/1/22 6304/1/22 5904/1/22 5905/1/22
f 6306/1/505 6347/1/505 6348/1/505 5906/1/505
f 6303/1/23 6306/1/23 5906/1/23 5903/1/23
f 6368/1/502 6307/1/511 5899/1/513 6367/1/512
f 6309/1/22 6308/1/22 5900/1/22 5901/1/22
f 6310/1/516 6349/1/505 6350/1/509 5902/1/515
f 6307/1/23 6310/1/23 5902/1/23 5899/1/23
f 6366/1/512 6311/1/514 5895/1/502 6365/1/502
f 6313/1/22 6312/1/22 5896/1/22 5897/1/22
f 6314/1/515 6351/1/509 6352/1/505 5898/1/505
f 6311/1/23 6314/1/23 5898/1/23 5895/1/23
f 6364/1/502 6315/1/507 5891/1/511 6363/1/502
f 6317/1/22 6316/1/22 5892/1/22 5893/1/22
f 6318/1/505 6353/1/505 6354/1/505 5894/1/509
f 6315/1/23 6318/1/23 5894/1/23 5891/1/23
f 6362/1/502 6319/1/507 5887/1/508 6361/1/507
f 6321/1/22 6320/1/22 5888/1/22 5889/1/22
f 6322/1/509 6355/1/505 6356/1/509 5890/1/509
f 6319/1/23 6322/1/23 5890/1/23 5887/1/23
f 6323/1/4 6475/1/4 6476/1/4 6324/1/4
f 6325/1/9 6324/1/9 6476/1/9 6477/1/9
f 6326/1/8 6325/1/8 6477/1/8 6478/1/8
f 6327/1/8 6326/1/8 6478/1/8 6479/1/8
f 6328/1/8 6327/1/8 6479/1/8 6480/1/8
f 6329/1/24 6328/1/24 6480/1/24 6481/1/24
f 6330/1/8 6329/1/8 6481/1/8 6482/1/8
f 6483/1/9 6331/1/9 6330/1/9 6482/1/9
f 6484/1/8 6332/1/8 6331/1/8 6483/1/8
f 6333/1/9 6332/1/9 6484/1/9 6485/1/9
f 6486/1/4 6334/1/484 6333/1/506 6485/1/4
f 6487/1/4 6335/1/484 6334/1/484 6486/1/4
f 6336/1/484 6335/1/484 6487/1/4 6488/1/4
f 6337/1/498 6336/1/499 6488/1/24 6489/1/24
f 6338/1/505 6337/1/504 6489/1/505 6490/1/505
f 6339/1/509 6338/1/505 6490/1/505 6491/1/505
f 6340/1/505 6339/1/509 6491/1/505 6492/1/505
f 6341/1/505 6340/1/505 6492/1/505 6493/1/505
f 6342/1/505 6341/1/505 6493/1/505 6494/1/505
f 6343/1/505 6342/1/505 6494/1/505 6495/1/505
f 6344/1/505 6343/1/505 6495/1/505 6496/1/505
f 6345/1/505 6344/1/505 6496/1/505 6497/1/505
f 6346/1/505 6345/1/505 6497/1/505 6498/1/505
f 6347/1/505 6346/1/505 6498/1/505 6499/1/505
f 6348/1/505 6347/1/505 6499/1/505 6500/1/505
f 6349/1/505 6348/1/505 6500/1/505 6501/1/505
f 6350/1/509 6349/1/505 6501/1/505 6502/1/505
f 6351/1/509 6350/1/509 6502/1/505 6503/1/505
f 6352/1/505 6351/1/509 6503/1/505 6504/1/505
f 6353/1/505 6352/1/505 6504/1/505 6505/1/505
f 6354/1/505 6353/1/505 6505/1/505 6506/1/505
f 6355/1/505 6354/1/505 6506/1/505 6507/1/505
f 6356/1/509 6355/1/505 6507/1/505 6508/1/505
f 6357/1/505 6398/1/509 6509/1/505 6510/1/505
f 6358/1/506 6357/1/506 6510/1/4 6511/1/4
f 6512/1/24 6359/1/24 6358/1/24 6511/1/24
f 6513/1/8 6360/1/8 6359/1/8 6512/1/8
f 6514/1/502 6395/1/507 6360/1/502 6513/1/502
f 6516/1/502 6362/1/502 6361/1/507 6515/1/502
f 6517/1/502 6363/1/502 6362/1/502 6516/1/502
f 6518/1/502 6364/1/502 6363/1/502 6517/1/502
f 6519/1/502 6365/1/502 6364/1/502 6518/1/502
f 6520/1/502 6366/1/512 6365/1/502 6519/1/502
f 6521/1/502 6367/1/512 6366/1/512 6520/1/502
f 6522/1/502 6368/1/502 6367/1/512 6521/1/502
f 6523/1/502 6369/1/502 6368/1/502 6522/1/502
f 6524/1/502 6370/1/502 6369/1/502 6523/1/502
f 6525/1/502 6371/1/502 6370/1/502 6524/1/502
f 6526/1/502 6372/1/502 6371/1/502 6525/1/502
f 6527/1/502 6373/1/507 6372/1/502 6526/1/502
f 6528/1/502 6374/1/517 6373/1/507 6527/1/502
f 6529/1/502 6375/1/507 6374/1/517 6528/1/502
f 6530/1/502 6376/1/502 6375/1/507 6529/1/502
f 6531/1/502 6377/1/502 6376/1/502 6530/1/502
f 6532/1/502 6378/1/512 6377/1/502 6531/1/502
f 6533/1/502 6379/1/502 6378/1/512 6532/1/502
f 6534/1/502 6380/1/500 6379/1/502 6533/1/502
f 6535/1/24 6381/1/496 6380/1/497 6534/1/24
f 6536/1/8 6382/1/8 6381/1/8 6535/1/8
f 6537/1/24 6383/1/24 6382/1/24 6536/1/24
f 6538/1/4 6384/1/4 6383/1/4 6537/1/4
f 6385/1/489 6384/1/489 6538/1/520 6539/1/520
f 6386/1/4 6385/1/4 6539/1/4 6540/1/4
f 6387/1/9 6386/1/9 6540/1/9 6541/1/9
f 6388/1/4 6387/1/4 6541/1/4 6542/1/4
f 6543/1/24 6389/1/24 6388/1/24 6542/1/24
f 6544/1/4 6390/1/4 6389/1/4 6543/1/4
f 6391/1/24 6390/1/24 6544/1/24 6545/1/24
f 6546/1/8 6392/1/8 6391/1/8 6545/1/8
f 6547/1/521 6393/1/490 6392/1/490 6546/1/521
f 6548/1/8 6394/1/482 6393/1/481 6547/1/8
f 6361/1/507 5887/1/508 6396/1/508 6395/1/507
f 5887/1/23 5890/1/23 6397/1/23 6396/1/23
f 5890/1/509 6356/1/509 6398/1/509 6397/1/509
f 6509/1/505 6398/1/509 6356/1/509 6508/1/505
f 5889/1/22 5888/1/22 6400/1/22 6399/1/22
f 6515/1/502 6361/1/507 6395/1/507 6514/1/502
f 6401/1/4 5710/1/4 5743/1/4 6402/1/4
f 6403/1/9 6402/1/9 5743/1/9 5747/1/9
f 6404/1/8 6403/1/8 5747/1/8 5751/1/8
f 6405/1/8 6404/1/8 5751/1/8 5773/1/8
f 6406/1/8 6405/1/8 5773/1/8 5779/1/8
f 6407/1/24 6406/1/24 5779/1/24 5787/1/24
f 6408/1/8 6407/1/8 5787/1/8 5789/1/8
f 5781/1/9 6409/1/9 6408/1/9 5789/1/9
f 5768/1/8 6410/1/8 6409/1/8 5781/1/8
f 6411/1/9 6410/1/9 5768/1/9 5769/1/9
f 5772/1/4 6412/1/4 6411/1/4 5769/1/4
f 5726/1/4 6413/1/4 6412/1/4 5772/1/4
f 6414/1/4 6413/1/4 5726/1/4 5727/1/4
f 6415/1/24 6414/1/24 5727/1/24 5758/1/24
f 6416/1/505 6415/1/505 5758/1/505 5925/1/505
f 6417/1/505 6416/1/505 5925/1/505 6289/1/505
f 6418/1/505 6417/1/505 6289/1/505 5921/1/505
f 6419/1/505 6418/1/505 5921/1/505 6293/1/505
f 6420/1/505 6419/1/505 6293/1/505 5917/1/505
f 6421/1/505 6420/1/505 5917/1/505 6297/1/505
f 6422/1/505 6421/1/505 6297/1/505 5913/1/505
f 6423/1/505 6422/1/505 5913/1/505 6301/1/505
f 6424/1/505 6423/1/505 6301/1/505 5909/1/505
f 6425/1/505 6424/1/505 5909/1/505 6305/1/505
f 6426/1/505 6425/1/505 6305/1/505 5905/1/505
f 6427/1/505 6426/1/505 5905/1/505 6309/1/505
f 6428/1/505 6427/1/505 6309/1/505 5901/1/505
f 6429/1/505 6428/1/505 5901/1/505 6313/1/505
f 6430/1/505 6429/1/505 6313/1/505 5897/1/505
f 6431/1/505 6430/1/505 5897/1/505 6317/1/505
f 6432/1/505 6431/1/505 6317/1/505 5893/1/505
f 6433/1/505 6432/1/505 5893/1/505 6321/1/505
f 6434/1/505 6433/1/505 6321/1/505 5889/1/505
f 6399/1/505 6435/1/505 6434/1/505 5889/1/505
f 6436/1/505 6435/1/505 6399/1/505 5762/1/505
f 6437/1/4 6436/1/4 5762/1/4 5766/1/4
f 5764/1/24 6438/1/24 6437/1/24 5766/1/24
f 5760/1/8 6439/1/8 6438/1/8 5764/1/8
f 6400/1/502 6440/1/502 6439/1/502 5760/1/502
f 5888/1/502 6441/1/502 6440/1/502 6400/1/502
f 6320/1/502 6442/1/502 6441/1/502 5888/1/502
f 5892/1/502 6443/1/502 6442/1/502 6320/1/502
f 6316/1/502 6444/1/502 6443/1/502 5892/1/502
f 5896/1/502 6445/1/502 6444/1/502 6316/1/502
f 6312/1/502 6446/1/502 6445/1/502 5896/1/502
f 5900/1/502 6447/1/502 6446/1/502 6312/1/502
f 6308/1/502 6448/1/502 6447/1/502 5900/1/502
f 5904/1/502 6449/1/502 6448/1/502 6308/1/502
f 6304/1/502 6450/1/502 6449/1/502 5904/1/502
f 5908/1/502 6451/1/502 6450/1/502 6304/1/502
f 6300/1/502 6452/1/502 6451/1/502 5908/1/502
f 5912/1/502 6453/1/502 6452/1/502 6300/1/502
f 6296/1/502 6454/1/502 6453/1/502 5912/1/502
f 5916/1/502 6455/1/502 6454/1/502 6296/1/502
f 6292/1/502 6456/1/502 6455/1/502 5916/1/502
f 5920/1/502 6457/1/502 6456/1/502 6292/1/502
f 6288/1/502 6458/1/502 6457/1/502 5920/1/502
f 5924/1/502 6459/1/502 6458/1/502 6288/1/502
f 5756/1/502 6460/1/502 6459/1/502 5924/1/502
f 5753/1/24 6461/1/24 6460/1/24 5756/1/24
f 5749/1/8 6462/1/8 6461/1/8 5753/1/8
f 5745/1/24 6463/1/24 6462/1/24 5749/1/24
f 5730/1/4 6464/1/4 6463/1/4 5745/1/4
f 6465/1/520 6464/1/520 5730/1/520 5733/1/520
f 6466/1/4 6465/1/4 5733/1/4 5739/1/4
f 6467/1/9 6466/1/9 5739/1/9 5736/1/9
f 6468/1/4 6467/1/4 5736/1/4 5737/1/4
f 5741/1/24 6469/1/24 6468/1/24 5737/1/24
f 5721/1/4 6470/1/4 6469/1/4 5741/1/4
f 6471/1/24 6470/1/24 5721/1/24 5722/1/24
f 5734/1/8 6472/1/8 6471/1/8 5722/1/8
f 5729/1/521 6473/1/521 6472/1/521 5734/1/521
f 5712/1/8 6474/1/8 6473/1/8 5729/1/8
f 6475/1/4 6401/1/4 6402/1/4 6476/1/4
f 6477/1/9 6476/1/9 6402/1/9 6403/1/9
f 6478/1/8 6477/1/8 6403/1/8 6404/1/8
f 6479/1/8 6478/1/8 6404/1/8 6405/1/8
f 6480/1/8 6479/1/8 6405/1/8 6406/1/8
f 6481/1/24 6480/1/24 6406/1/24 6407/1/24
f 6482/1/8 6481/1/8 6407/1/8 6408/1/8
f 6409/1/9 6483/1/9 6482/1/9 6408/1/9
f 6410/1/8 6484/1/8 6483/1/8 6409/1/8
f 6485/1/9 6484/1/9 6410/1/9 6411/1/9
f 6412/1/4 6486/1/4 6485/1/4 6411/1/4
f 6413/1/4 6487/1/4 6486/1/4 6412/1/4
f 6488/1/4 6487/1/4 6413/1/4 6414/1/4
f 6489/1/24 6488/1/24 6414/1/24 6415/1/24
f 6490/1/505 6489/1/505 6415/1/505 6416/1/505
f 6491/1/505 6490/1/505 6416/1/505 6417/1/505
f 6492/1/505 6491/1/505 6417/1/505 6418/1/505
f 6493/1/505 6492/1/505 6418/1/505 6419/1/505
f 6494/1/505 6493/1/505 6419/1/505 6420/1/505
f 6495/1/505 6494/1/505 6420/1/505 6421/1/505
f 6496/1/505 6495/1/505 6421/1/505 6422/1/505
f 6497/1/505 6496/1/505 6422/1/505 6423/1/505
f 6498/1/505 6497/1/505 6423/1/505 6424/1/505
f 6499/1/505 6498/1/505 6424/1/505 6425/1/505
f 6500/1/505 6499/1/505 6425/1/505 6426/1/505
f 6501/1/505 6500/1/505 6426/1/505 6427/1/505
f 6502/1/505 6501/1/505 6427/1/505 6428/1/505
f 6503/1/505 6502/1/505 6428/1/505 6429/1/505
f 6504/1/505 6503/1/505 6429/1/505 6430/1/505
f 6505/1/505 6504/1/505 6430/1/505 6431/1/505
f 6506/1/505 6505/1/505 6431/1/505 6432/1/505
f 6507/1/505 6506/1/505 6432/1/505 6433/1/505
f 6508/1/505 6507/1/505 6433/1/505 6434/1/505
f 6435/1/505 6509/1/505 6508/1/505 6434/1/505
f 6510/1/505 6509/1/505 6435/1/505 6436/1/505
f 6511/1/4 6510/1/4 6436/1/4 6437/1/4
f 6438/1/24 6512/1/24 6511/1/24 6437/1/24
f 6439/1/8 6513/1/8 6512/1/8 6438/1/8
f 6440/1/502 6514/1/502 6513/1/502 6439/1/502
f 6606/1/502 6605/1/502 6607/1/502 6608/1/502
f 6442/1/502 6516/1/502 6515/1/502 6441/1/502
f 6610/1/502 6609/1/502 6611/1/502 6612/1/502
f 6444/1/502 6518/1/502 6517/1/502 6443/1/502
f 6614/1/502 6613/1/502 6615/1/502 6616/1/502
f 6446/1/502 6520/1/502 6519/1/502 6445/1/502
f 6618/1/502 6617/1/502 6619/1/502 6620/1/502
f 6448/1/502 6522/1/502 6521/1/502 6447/1/502
f 6622/1/502 6621/1/502 6623/1/502 6624/1/502
f 6450/1/502 6524/1/502 6523/1/502 6449/1/502
f 6626/1/502 6625/1/502 6627/1/502 6628/1/502
f 6452/1/502 6526/1/502 6525/1/502 6451/1/502
f 6630/1/502 6629/1/502 6631/1/502 6632/1/502
f 6454/1/502 6528/1/502 6527/1/502 6453/1/502
f 6634/1/502 6633/1/502 6635/1/502 6636/1/502
f 6456/1/502 6530/1/502 6529/1/502 6455/1/502
f 6638/1/502 6637/1/502 6639/1/502 6640/1/502
f 6458/1/502 6532/1/502 6531/1/502 6457/1/502
f 6642/1/502 6641/1/502 6643/1/502 6644/1/502
f 6460/1/502 6534/1/502 6533/1/502 6459/1/502
f 6461/1/24 6535/1/24 6534/1/24 6460/1/24
f 6462/1/8 6536/1/8 6535/1/8 6461/1/8
f 6463/1/24 6537/1/24 6536/1/24 6462/1/24
f 6464/1/4 6538/1/4 6537/1/4 6463/1/4
f 6539/1/520 6538/1/520 6464/1/520 6465/1/520
f 6540/1/4 6539/1/4 6465/1/4 6466/1/4
f 6541/1/9 6540/1/9 6466/1/9 6467/1/9
f 6542/1/4 6541/1/4 6467/1/4 6468/1/4
f 6469/1/24 6543/1/24 6542/1/24 6468/1/24
f 6470/1/4 6544/1/4 6543/1/4 6469/1/4
f 6545/1/24 6544/1/24 6470/1/24 6471/1/24
f 6472/1/8 6546/1/8 6545/1/8 6471/1/8
f 6473/1/521 6547/1/521 6546/1/521 6472/1/521
f 6474/1/8 6548/1/8 6547/1/8 6473/1/8
f 6558/1/23 6557/1/23 6559/1/23 6560/1/23
f 6551/1/9 6550/1/9 5594/1/9 5638/1/9
f 6552/1/9 6551/1/9 5638/1/9 5622/1/9
f 6553/1/9 6552/1/9 5622/1/9 5596/1/9
f 6554/1/22 6553/1/22 5596/1/22 5595/1/22
f 5621/1/24 6555/1/24 6554/1/24 5595/1/24
f 5637/1/24 6556/1/24 6555/1/24 5621/1/24
f 6549/1/24 6556/1/24 5637/1/24 5593/1/24
f 6550/1/4 6549/1/4 6557/1/4 6558/1/4
f 6549/1/24 5593/1/24 6559/1/24 6557/1/24
f 5593/1/8 5594/1/8 6560/1/8 6559/1/8
f 5594/1/9 6550/1/9 6558/1/9 6560/1/9
f 5919/1/522 5922/1/523 6561/1/53 6562/1/22
f 5922/1/23 6294/1/23 6563/1/23 6561/1/23
f 6294/1/23 6291/1/23 6564/1/23 6563/1/23
f 6291/1/22 5919/1/22 6562/1/22 6564/1/22
f 5934/1/9 5927/1/9 6566/1/9 6565/1/9
f 5927/1/23 6207/1/23 6567/1/23 6566/1/23
f 6207/1/24 6214/1/24 6568/1/24 6567/1/24
f 6214/1/22 5934/1/22 6565/1/22 6568/1/22
f 5942/1/9 5935/1/9 6570/1/9 6569/1/9
f 5935/1/23 6215/1/23 6571/1/23 6570/1/23
f 6215/1/24 6222/1/24 6572/1/24 6571/1/24
f 6222/1/22 5942/1/22 6569/1/22 6572/1/22
f 5950/1/9 5943/1/9 6574/1/9 6573/1/9
f 5943/1/23 6223/1/23 6575/1/23 6574/1/23
f 6223/1/24 6230/1/24 6576/1/24 6575/1/24
f 6230/1/22 5950/1/22 6573/1/22 6576/1/22
f 5958/1/9 5951/1/9 6578/1/9 6577/1/9
f 5951/1/23 6231/1/23 6579/1/23 6578/1/23
f 6231/1/24 6238/1/24 6580/1/24 6579/1/24
f 6238/1/22 5958/1/22 6577/1/22 6580/1/22
f 5966/1/9 5959/1/9 6582/1/9 6581/1/9
f 5959/1/23 6239/1/23 6583/1/23 6582/1/23
f 6239/1/24 6246/1/24 6584/1/24 6583/1/24
f 6246/1/22 5966/1/22 6581/1/22 6584/1/22
f 5974/1/9 5967/1/9 6586/1/9 6585/1/9
f 5967/1/23 6248/1/23 6587/1/23 6586/1/23
f 6248/1/24 6247/1/24 6588/1/24 6587/1/24
f 6247/1/22 5974/1/22 6585/1/22 6588/1/22
f 5982/1/9 5975/1/9 6590/1/9 6589/1/9
f 5975/1/23 6256/1/23 6591/1/23 6590/1/23
f 6256/1/24 6255/1/24 6592/1/24 6591/1/24
f 6255/1/22 5982/1/22 6589/1/22 6592/1/22
f 5990/1/9 5983/1/9 6594/1/9 6593/1/9
f 5983/1/23 6264/1/23 6595/1/23 6594/1/23
f 6264/1/24 6263/1/24 6596/1/24 6595/1/24
f 6263/1/22 5990/1/22 6593/1/22 6596/1/22
f 5998/1/9 5991/1/9 6598/1/9 6597/1/9
f 5991/1/23 6272/1/23 6599/1/23 6598/1/23
f 6272/1/24 6271/1/24 6600/1/24 6599/1/24
f 6271/1/22 5998/1/22 6597/1/22 6600/1/22
f 6006/1/9 5999/1/9 6602/1/9 6601/1/9
f 5999/1/23 6280/1/23 6603/1/23 6602/1/23
f 6280/1/24 6279/1/24 6604/1/24 6603/1/24
f 6279/1/22 6006/1/22 6601/1/22 6604/1/22
f 6441/1/9 6515/1/9 6605/1/9 6606/1/9
f 6515/1/23 6514/1/23 6607/1/23 6605/1/23
f 6514/1/24 6440/1/24 6608/1/24 6607/1/24
f 6440/1/22 6441/1/22 6606/1/22 6608/1/22
f 6443/1/9 6517/1/9 6609/1/9 6610/1/9
f 6517/1/23 6516/1/23 6611/1/23 6609/1/23
f 6516/1/24 6442/1/24 6612/1/24 6611/1/24
f 6442/1/524 6443/1/524 6610/1/524 6612/1/524
f 6445/1/9 6519/1/9 6613/1/9 6614/1/9
f 6519/1/23 6518/1/23 6615/1/23 6613/1/23
f 6518/1/24 6444/1/24 6616/1/24 6615/1/24
f 6444/1/22 6445/1/22 6614/1/22 6616/1/22
f 6447/1/9 6521/1/9 6617/1/9 6618/1/9
f 6521/1/23 6520/1/23 6619/1/23 6617/1/23
f 6520/1/24 6446/1/24 6620/1/24 6619/1/24
f 6446/1/22 6447/1/22 6618/1/22 6620/1/22
f 6449/1/9 6523/1/9 6621/1/9 6622/1/9
f 6523/1/23 6522/1/23 6623/1/23 6621/1/23
f 6522/1/24 6448/1/24 6624/1/24 6623/1/24
f 6448/1/22 6449/1/22 6622/1/22 6624/1/22
f 6451/1/9 6525/1/9 6625/1/9 6626/1/9
f 6525/1/23 6524/1/23 6627/1/23 6625/1/23
f 6524/1/24 6450/1/24 6628/1/24 6627/1/24
f 6450/1/22 6451/1/22 6626/1/22 6628/1/22
f 6453/1/9 6527/1/9 6629/1/9 6630/1/9
f 6527/1/23 6526/1/23 6631/1/23 6629/1/23
f 6526/1/24 6452/1/24 6632/1/24 6631/1/24
f 6452/1/22 6453/1/22 6630/1/22 6632/1/22
f 6455/1/9 6529/1/9 6633/1/9 6634/1/9
f 6529/1/23 6528/1/23 6635/1/23 6633/1/23
f 6528/1/24 6454/1/24 6636/1/24 6635/1/24
f 6454/1/22 6455/1/22 6634/1/22 6636/1/22
f 6457/1/9 6531/1/9 6637/1/9 6638/1/9
f 6531/1/23 6530/1/23 6639/1/23 6637/1/23
f 6530/1/24 6456/1/24 6640/1/24 6639/1/24
f 6456/1/22 6457/1/22 6638/1/22 6640/1/22
f 6459/1/9 6533/1/9 6641/1/9 6642/1/9
f 6533/1/23 6532/1/23 6643/1/23 6641/1/23
f 6532/1/24 6458/1/24 6644/1/24 6643/1/24
f 6458/1/22 6459/1/22 6642/1/22 6644/1/22
f 6007/1/24 6014/1/24 6645/1/24 6646/1/24
f 6014/1/22 6198/1/22 6647/1/22 6645/1/22
f 6198/1/9 6191/1/9 6648/1/9 6647/1/9
f 6191/1/23 6007/1/23 6646/1/23 6648/1/23
f 6015/1/24 6022/1/24 6649/1/24 6650/1/24
f 6022/1/22 6190/1/22 6651/1/22 6649/1/22
f 6190/1/9 6183/1/9 6652/1/9 6651/1/9
f 6183/1/23 6015/1/23 6650/1/23 6652/1/23
f 6023/1/24 6030/1/24 6653/1/24 6654/1/24
f 6030/1/22 6182/1/22 6655/1/22 6653/1/22
f 6182/1/9 6175/1/9 6656/1/9 6655/1/9
f 6175/1/23 6023/1/23 6654/1/23 6656/1/23
f 6031/1/24 6038/1/24 6657/1/24 6658/1/24
f 6038/1/22 6174/1/22 6659/1/22 6657/1/22
f 6174/1/9 6167/1/9 6660/1/9 6659/1/9
f 6167/1/23 6031/1/23 6658/1/23 6660/1/23
f 6039/1/24 6046/1/24 6661/1/24 6662/1/24
f 6046/1/22 6166/1/22 6663/1/22 6661/1/22
f 6166/1/9 6159/1/9 6664/1/9 6663/1/9
f 6159/1/23 6039/1/23 6662/1/23 6664/1/23
f 6047/1/24 6054/1/24 6665/1/24 6666/1/24
f 6054/1/22 6158/1/22 6667/1/22 6665/1/22
f 6158/1/9 6151/1/9 6668/1/9 6667/1/9
f 6151/1/23 6047/1/23 6666/1/23 6668/1/23
f 6055/1/24 6062/1/24 6669/1/24 6670/1/24
f 6062/1/22 6150/1/22 6671/1/22 6669/1/22
f 6150/1/9 6143/1/9 6672/1/9 6671/1/9
f 6143/1/23 6055/1/23 6670/1/23 6672/1/23
f 6063/1/24 6070/1/24 6673/1/24 6674/1/24
f 6070/1/22 6142/1/22 6675/1/22 6673/1/22
f 6142/1/9 6135/1/9 6676/1/9 6675/1/9
f 6135/1/23 6063/1/23 6674/1/23 6676/1/23
f 6071/1/24 6078/1/24 6677/1/24 6678/1/24
f 6078/1/22 6134/1/22 6679/1/22 6677/1/22
f 6134/1/9 6127/1/9 6680/1/9 6679/1/9
f 6127/1/23 6071/1/23 6678/1/23 6680/1/23
f 6079/1/24 6086/1/24 6681/1/24 6682/1/24
f 6086/1/22 6126/1/22 6683/1/22 6681/1/22
f 6126/1/9 6119/1/9 6684/1/9 6683/1/9
f 6119/1/23 6079/1/23 6682/1/23 6684/1/23
f 6685/1/4 6695/1/4 6694/1/4 6687/1/4 6686/1/4
f 6686/1/22 6687/1/22 6697/1/22 6696/1/22 6688/1/22
f 6688/1/24 6689/1/24 6690/1/24 6685/1/24 6686/1/24
f 6690/1/51 6689/1/51 6693/1/51 6692/1/51
f 6691/1/337 6693/1/337 6696/1/337 6697/1/337
f 6692/1/53 6691/1/53 6694/1/53 6695/1/53
f 6707/1/23 6706/1/23 6708/1/23 6709/1/23
f 6688/1/8 6696/1/8 6693/1/8 6689/1/8
f 6711/1/9 6710/1/9 6712/1/9 6713/1/9
f 6691/1/525 6692/1/525 6693/1/525
f 6690/1/23 6692/1/23 6698/1/23 6699/1/23
f 6692/1/23 6695/1/23 6700/1/23 6698/1/23
f 6695/1/23 6685/1/23 6701/1/23 6700/1/23
f 6685/1/23 6690/1/23 6699/1/23 6701/1/23
f 6691/1/9 6697/1/9 6702/1/9 6703/1/9
f 6697/1/9 6687/1/9 6704/1/9 6702/1/9
f 6687/1/9 6694/1/9 6705/1/9 6704/1/9
f 6694/1/9 6691/1/9 6703/1/9 6705/1/9
f 6699/1/526 6698/1/526 6706/1/526 6707/1/526
f 6698/1/527 6700/1/527 6708/1/527 6706/1/527
f 6700/1/528 6701/1/528 6709/1/528 6708/1/528
f 6701/1/53 6699/1/53 6707/1/53 6709/1/53
f 6703/1/529 6702/1/529 6710/1/529 6711/1/529
f 6702/1/53 6704/1/53 6712/1/53 6710/1/53
f 6704/1/530 6705/1/530 6713/1/530 6712/1/530
f 6705/1/531 6703/1/531 6711/1/531 6713/1/531
f 6862/1/9 6808/1/9 6735/1/9 6861/1/9
f 6856/1/4 6717/1/4 6719/1/4 6855/1/4
f 6853/1/24 6741/1/24 6812/1/24 6852/1/24
f 6868/1/8 6721/1/8 6715/1/8 6867/1/8
f 6811/1/22 6812/1/22 6741/1/22 6742/1/22
f 6815/1/23 6816/1/23 6739/1/23 6740/1/23
f 6866/1/9 6727/1/9 6728/1/9 6865/1/9
f 6810/1/9 6743/1/9 6734/1/9 6809/1/9
f 6730/1/9 6857/1/9 6858/1/9 6731/1/9
f 6738/1/9 6817/1/9 6818/1/9 6737/1/9
f 6867/1/8 6715/1/8 6727/1/8 6866/1/8
f 6723/1/4 6864/1/4 6865/1/4 6728/1/4
f 6811/1/22 6742/1/22 6743/1/22 6810/1/22
f 6735/1/23 6808/1/23 6809/1/23 6734/1/23
f 6717/1/4 6856/1/4 6857/1/4 6730/1/4
f 6859/1/8 6724/1/8 6731/1/8 6858/1/8
f 6739/1/23 6816/1/23 6817/1/23 6738/1/23
f 6819/1/22 6736/1/22 6737/1/22 6818/1/22
f 6745/1/23 6735/1/23 6734/1/23 6744/1/23
f 6861/1/9 6735/1/9 6745/1/9 6860/1/9
f 6737/1/22 6736/1/22 6746/1/22 6747/1/22
f 6748/1/9 6738/1/9 6737/1/9 6747/1/9
f 6749/1/23 6739/1/23 6738/1/23 6748/1/23
f 6740/1/23 6739/1/23 6749/1/23 6750/1/23
f 6854/1/24 6751/1/24 6741/1/24 6853/1/24
f 6742/1/22 6741/1/22 6751/1/22 6752/1/22
f 6743/1/22 6742/1/22 6752/1/22 6753/1/22
f 6734/1/9 6743/1/9 6753/1/9 6744/1/9
f 6724/1/23 6745/1/23 6744/1/23 6731/1/23
f 6859/1/9 6860/1/9 6745/1/9 6724/1/9
f 6747/1/22 6746/1/22 6725/1/22 6733/1/22
f 6732/1/9 6748/1/9 6747/1/9 6733/1/9
f 6716/1/23 6749/1/23 6748/1/23 6732/1/23
f 6750/1/23 6749/1/23 6716/1/23 6718/1/23
f 6855/1/24 6719/1/24 6751/1/24 6854/1/24
f 6752/1/22 6751/1/22 6719/1/22 6717/1/22
f 6753/1/22 6752/1/22 6717/1/22 6730/1/22
f 6744/1/9 6753/1/9 6730/1/9 6731/1/9
f 6783/1/9 6782/1/9 6784/1/9 6785/1/9
f 6757/1/4 6756/1/4 6770/1/4 6771/1/4
f 6772/1/9 6758/1/9 6757/1/9 6771/1/9
f 6773/1/8 6759/1/8 6758/1/8 6772/1/8
f 6774/1/8 6760/1/8 6759/1/8 6773/1/8
f 6775/1/24 6761/1/24 6813/1/24 6814/1/24
f 6786/1/24 6787/1/24 6788/1/24 6789/1/24
f 6777/1/24 6763/1/24 6762/1/24 6776/1/24
f 6778/1/4 6764/1/4 6763/1/4 6777/1/4
f 6765/1/4 6764/1/4 6778/1/4 6779/1/4
f 6766/1/9 6765/1/9 6779/1/9 6780/1/9
f 6781/1/8 6767/1/8 6766/1/8 6780/1/8
f 6781/1/9 6768/1/9 6754/1/9 6767/1/9
f 6843/1/9 6769/1/9 6768/1/9 6842/1/9
f 6771/1/4 6770/1/4 6846/1/4 6847/1/4
f 6848/1/9 6772/1/9 6771/1/9 6847/1/9
f 6849/1/8 6773/1/8 6772/1/8 6848/1/8
f 6850/1/8 6774/1/8 6773/1/8 6849/1/8
f 6835/1/24 6775/1/24 6814/1/24 6834/1/24
f 6836/1/24 6776/1/24 6775/1/24 6835/1/24
f 6837/1/24 6777/1/24 6776/1/24 6836/1/24
f 6838/1/4 6778/1/4 6777/1/4 6837/1/4
f 6779/1/4 6778/1/4 6838/1/4 6839/1/4
f 6780/1/9 6779/1/9 6839/1/9 6840/1/9
f 6841/1/8 6781/1/8 6780/1/8 6840/1/8
f 6842/1/9 6768/1/9 6781/1/9 6841/1/9
f 6776/1/24 6762/1/24 6787/1/24 6786/1/24
f 6762/1/24 6761/1/24 6788/1/24 6787/1/24
f 6761/1/24 6775/1/24 6789/1/24 6788/1/24
f 6775/1/24 6776/1/24 6786/1/24 6789/1/24
f 6790/1/532 6791/1/532 6799/1/532 6798/1/532
f 6791/1/533 6790/1/533 6793/1/533 6792/1/533
f 6792/1/534 6793/1/534 6802/1/534 6803/1/534
f 6794/1/534 6795/1/534 6801/1/534 6800/1/534
f 6795/1/535 6794/1/535 6797/1/535 6796/1/535
f 6796/1/536 6797/1/536 6804/1/536 6805/1/536
f 6798/1/537 6799/1/537 6803/1/537 6802/1/537
f 6800/1/533 6801/1/533 6805/1/533 6804/1/533
f 6793/1/9 6790/1/9 6795/1/9 6796/1/9
f 6790/1/9 6798/1/9 6801/1/9 6795/1/9
f 6798/1/9 6802/1/9 6805/1/9 6801/1/9
f 6802/1/9 6793/1/9 6796/1/9 6805/1/9
f 6769/1/8 6755/1/8 6791/1/8 6792/1/8
f 6782/1/4 6783/1/4 6797/1/4 6794/1/4
f 6755/1/22 6754/1/22 6799/1/22 6791/1/22
f 6784/1/23 6782/1/23 6794/1/23 6800/1/23
f 6754/1/4 6768/1/4 6803/1/4 6799/1/4
f 6785/1/8 6784/1/8 6800/1/8 6804/1/8
f 6768/1/23 6769/1/23 6792/1/23 6803/1/23
f 6783/1/22 6785/1/22 6804/1/22 6797/1/22
f 6864/1/9 6723/1/9 6825/1/9 6863/1/9
f 6824/1/23 6825/1/23 6723/1/23 6728/1/23
f 6727/1/9 6823/1/9 6824/1/9 6728/1/9
f 6715/1/22 6822/1/22 6823/1/22 6727/1/22
f 6715/1/22 6721/1/22 6821/1/22 6822/1/22
f 6869/1/24 6821/1/24 6721/1/24 6868/1/24
f 6833/1/24 6820/1/24 6760/1/24 6774/1/24
f 6851/1/24 6833/1/24 6774/1/24 6850/1/24
f 6720/1/23 6714/1/23 6831/1/23 6832/1/23
f 6830/1/23 6831/1/23 6714/1/23 6726/1/23
f 6829/1/9 6830/1/9 6726/1/9 6729/1/9
f 6722/1/22 6828/1/22 6829/1/22 6729/1/22
f 6920/1/24 6953/1/24 6954/1/24 6919/1/24
f 6918/1/22 6919/1/22 6954/1/22 6955/1/22
f 6917/1/22 6918/1/22 6955/1/22 6956/1/22
f 6916/1/9 6917/1/9 6956/1/9 6957/1/9
f 6957/1/23 6958/1/23 6915/1/23 6916/1/23
f 6914/1/9 6915/1/9 6958/1/9 6959/1/9
f 6927/1/22 6928/1/22 6945/1/22 6946/1/22
f 6946/1/9 6947/1/9 6926/1/9 6927/1/9
f 6947/1/23 6948/1/23 6925/1/23 6926/1/23
f 6924/1/23 6925/1/23 6948/1/23 6949/1/23
f 6923/1/24 6950/1/24 6951/1/24 6922/1/24
f 6951/1/24 6952/1/24 6921/1/24 6922/1/24
f 6740/1/24 6835/1/24 6834/1/24 6815/1/24
f 6750/1/24 6836/1/24 6835/1/24 6740/1/24
f 6718/1/24 6837/1/24 6836/1/24 6750/1/24
f 6716/1/4 6838/1/4 6837/1/4 6718/1/4
f 6839/1/4 6838/1/4 6716/1/4 6732/1/4
f 6840/1/9 6839/1/9 6732/1/9 6733/1/9
f 6725/1/8 6841/1/8 6840/1/8 6733/1/8
f 6746/1/9 6842/1/9 6841/1/9 6725/1/9
f 6736/1/9 6843/1/9 6842/1/9 6746/1/9
f 6819/1/9 6844/1/9 6843/1/9 6736/1/9
f 6928/1/9 6929/1/9 6944/1/9 6945/1/9
f 6722/1/9 6846/1/9 6845/1/9 6828/1/9
f 6847/1/4 6846/1/4 6722/1/4 6729/1/4
f 6726/1/9 6848/1/9 6847/1/9 6729/1/9
f 6714/1/8 6849/1/8 6848/1/8 6726/1/8
f 6720/1/8 6850/1/8 6849/1/8 6714/1/8
f 6832/1/24 6851/1/24 6850/1/24 6720/1/24
f 6949/1/24 6950/1/24 6923/1/24 6924/1/24
f 6761/1/24 6853/1/24 6852/1/24 6813/1/24
f 6762/1/24 6854/1/24 6853/1/24 6761/1/24
f 6763/1/24 6855/1/24 6854/1/24 6762/1/24
f 6764/1/4 6856/1/4 6855/1/4 6763/1/4
f 6857/1/4 6856/1/4 6764/1/4 6765/1/4
f 6858/1/9 6857/1/9 6765/1/9 6766/1/9
f 6767/1/8 6859/1/8 6858/1/8 6766/1/8
f 6767/1/9 6754/1/9 6860/1/9 6859/1/9
f 6755/1/9 6861/1/9 6860/1/9 6754/1/9
f 6806/1/9 6807/1/9 6862/1/9 6861/1/9 6755/1/9 6769/1/9 6843/1/9 6844/1/9
f 7118/1/9 7119/1/9 7120/1/9 7121/1/9
f 6770/1/9 6756/1/9 6864/1/9 6863/1/9 6826/1/9 6827/1/9 6845/1/9 6846/1/9
f 6865/1/4 6864/1/4 6756/1/4 6757/1/4
f 6758/1/9 6866/1/9 6865/1/9 6757/1/9
f 6759/1/8 6867/1/8 6866/1/8 6758/1/8
f 6760/1/8 6868/1/8 6867/1/8 6759/1/8
f 6820/1/24 6869/1/24 6868/1/24 6760/1/24
f 6952/1/24 6953/1/24 6920/1/24 6921/1/24
f 6912/1/532 6913/1/532 6960/1/532 6961/1/532
f 6879/1/538 6878/1/538 6881/1/538 6880/1/538
f 6880/1/538 6881/1/538 6906/1/538 6907/1/538
f 6910/1/539 6911/1/539 6936/1/539 6937/1/539
f 6883/1/540 6882/1/540 6885/1/540 6884/1/540
f 6884/1/540 6885/1/540 6908/1/540 6909/1/540
f 6886/1/540 6887/1/540 6891/1/540 6890/1/540
f 6888/1/538 6889/1/538 6893/1/538 6892/1/538
f 6890/1/540 6891/1/540 6895/1/540 6894/1/540
f 6892/1/538 6893/1/538 6897/1/538 6896/1/538
f 6894/1/540 6895/1/540 6899/1/540 6898/1/540
f 6896/1/538 6897/1/538 6901/1/538 6900/1/538
f 6942/1/539 6943/1/539 6930/1/539 6931/1/539
f 6940/1/532 6941/1/532 6932/1/532 6933/1/532
f 6902/1/538 6903/1/538 6907/1/538 6906/1/538
f 6904/1/540 6905/1/540 6909/1/540 6908/1/540
f 6881/1/9 6878/1/9 6883/1/9 6884/1/9
f 6912/1/9 6961/1/9 6936/1/9 6911/1/9
f 6886/1/9 6890/1/9 6893/1/9 6889/1/9
f 6890/1/9 6894/1/9 6897/1/9 6893/1/9
f 6894/1/9 6898/1/9 6901/1/9 6897/1/9
f 6942/1/9 6931/1/9 6932/1/9 6941/1/9
f 6902/1/9 6906/1/9 6909/1/9 6905/1/9
f 6906/1/9 6881/1/9 6884/1/9 6909/1/9
f 6826/1/8 6863/1/8 6879/1/8 6880/1/8
f 6870/1/4 6871/1/4 6885/1/4 6882/1/4
f 6914/1/22 6959/1/22 6960/1/22 6913/1/22
f 6938/1/23 6935/1/23 6910/1/23 6937/1/23
f 6862/1/4 6807/1/4 6891/1/4 6887/1/4
f 6873/1/8 6872/1/8 6888/1/8 6892/1/8
f 6807/1/4 6806/1/4 6895/1/4 6891/1/4
f 6874/1/8 6873/1/8 6892/1/8 6896/1/8
f 6806/1/4 6844/1/4 6899/1/4 6895/1/4
f 6875/1/8 6874/1/8 6896/1/8 6900/1/8
f 6944/1/23 6929/1/23 6930/1/23 6943/1/23
f 6934/1/22 6939/1/22 6940/1/22 6933/1/22
f 6845/1/8 6827/1/8 6907/1/8 6903/1/8
f 6877/1/4 6876/1/4 6904/1/4 6908/1/4
f 6827/1/8 6826/1/8 6880/1/8 6907/1/8
f 6871/1/4 6877/1/4 6908/1/4 6885/1/4
f 6882/1/539 6883/1/539 6911/1/539 6910/1/539
f 6878/1/9 6912/1/9 6911/1/9 6883/1/9
f 6878/1/541 6879/1/541 6913/1/532 6912/1/532
f 6863/1/22 6914/1/22 6913/1/22 6879/1/22
f 6863/1/9 6825/1/9 6915/1/9 6914/1/9
f 6916/1/23 6915/1/23 6825/1/23 6824/1/23
f 6824/1/9 6823/1/9 6917/1/9 6916/1/9
f 6823/1/22 6822/1/22 6918/1/22 6917/1/22
f 6822/1/22 6821/1/22 6919/1/22 6918/1/22
f 6869/1/24 6920/1/24 6919/1/24 6821/1/24
f 6921/1/24 6920/1/24 6869/1/24 6820/1/24
f 6922/1/24 6921/1/24 6820/1/24 6833/1/24
f 6851/1/24 6923/1/24 6922/1/24 6833/1/24
f 6924/1/24 6923/1/24 6851/1/24 6832/1/24
f 6832/1/23 6831/1/23 6925/1/23 6924/1/23
f 6926/1/23 6925/1/23 6831/1/23 6830/1/23
f 6927/1/9 6926/1/9 6830/1/9 6829/1/9
f 6829/1/22 6828/1/22 6928/1/22 6927/1/22
f 6828/1/9 6845/1/9 6929/1/9 6928/1/9
f 6930/1/23 6929/1/23 6845/1/23 6903/1/23
f 6931/1/539 6930/1/539 6903/1/539 6902/1/539
f 6932/1/9 6931/1/9 6902/1/9 6905/1/9
f 6933/1/532 6932/1/532 6905/1/532 6904/1/532
f 6876/1/22 6934/1/22 6933/1/22 6904/1/22
f 6871/1/9 6870/1/9 6935/1/9 6934/1/9 6876/1/9 6877/1/9
f 6910/1/23 6935/1/23 6870/1/23 6882/1/23
f 7067/1/539 7068/1/539 6889/1/539 6888/1/539
f 6872/1/23 7066/1/23 7067/1/23 6888/1/23
f 7091/1/9 7066/1/9 6872/1/9 6873/1/9 6874/1/9 6875/1/9
f 7090/1/22 7091/1/22 6875/1/22 6900/1/22
f 6900/1/532 6901/1/532 7089/1/532 7090/1/532
f 6898/1/9 7088/1/9 7089/1/9 6901/1/9
f 6898/1/539 6899/1/539 7087/1/539 7088/1/539
f 6844/1/23 7086/1/23 7087/1/23 6899/1/23
f 7085/1/9 7086/1/9 6844/1/9 6819/1/9
f 7084/1/22 7085/1/22 6819/1/22 6818/1/22
f 6818/1/9 6817/1/9 7083/1/9 7084/1/9
f 6817/1/23 6816/1/23 7082/1/23 7083/1/23
f 7081/1/23 7082/1/23 6816/1/23 6815/1/23
f 6815/1/24 6834/1/24 7080/1/24 7081/1/24
f 7079/1/24 7080/1/24 6834/1/24 6814/1/24
f 6814/1/24 6813/1/24 7078/1/24 7079/1/24
f 6813/1/24 6852/1/24 7077/1/24 7078/1/24
f 7076/1/24 7077/1/24 6852/1/24 6812/1/24
f 7075/1/22 7076/1/22 6812/1/22 6811/1/22
f 7074/1/22 7075/1/22 6811/1/22 6810/1/22
f 7073/1/9 7074/1/9 6810/1/9 6809/1/9
f 6809/1/23 6808/1/23 7072/1/23 7073/1/23
f 7071/1/9 7072/1/9 6808/1/9 6862/1/9
f 7070/1/22 7071/1/22 6862/1/22 6887/1/22
f 7069/1/532 7070/1/532 6887/1/532 6886/1/532
f 7068/1/9 7069/1/9 6886/1/9 6889/1/9
f 6937/1/539 6936/1/539 6963/1/539 6962/1/539
f 6936/1/9 6961/1/9 6964/1/9 6963/1/9
f 6961/1/532 6960/1/532 6965/1/532 6964/1/532
f 6960/1/22 6959/1/22 6966/1/22 6965/1/22
f 6959/1/9 6958/1/9 6967/1/9 6966/1/9
f 6968/1/23 6967/1/23 6958/1/23 6957/1/23
f 6957/1/9 6956/1/9 6969/1/9 6968/1/9
f 6956/1/22 6955/1/22 6970/1/22 6969/1/22
f 6955/1/22 6954/1/22 6971/1/22 6970/1/22
f 6954/1/24 6953/1/24 6972/1/24 6971/1/24
f 6973/1/24 6972/1/24 6953/1/24 6952/1/24
f 6974/1/24 6973/1/24 6952/1/24 6951/1/24
f 6951/1/24 6950/1/24 6975/1/24 6974/1/24
f 6976/1/24 6975/1/24 6950/1/24 6949/1/24
f 6949/1/23 6948/1/23 6977/1/23 6976/1/23
f 6978/1/23 6977/1/23 6948/1/23 6947/1/23
f 6979/1/9 6978/1/9 6947/1/9 6946/1/9
f 6946/1/22 6945/1/22 6980/1/22 6979/1/22
f 6945/1/9 6944/1/9 6981/1/9 6980/1/9
f 6982/1/23 6981/1/23 6944/1/23 6943/1/23
f 6983/1/539 6982/1/539 6943/1/539 6942/1/539
f 6984/1/9 6983/1/9 6942/1/9 6941/1/9
f 6985/1/532 6984/1/532 6941/1/532 6940/1/532
f 6940/1/22 6939/1/22 6986/1/22 6985/1/22
f 6939/1/9 6938/1/9 6987/1/9 6986/1/9
f 6962/1/23 6987/1/23 6938/1/23 6937/1/23
f 6962/1/539 6963/1/539 6989/1/539 6988/1/539
f 6963/1/9 6964/1/9 6990/1/9 6989/1/9
f 6964/1/532 6965/1/532 6991/1/532 6990/1/532
f 6965/1/22 6966/1/22 6992/1/22 6991/1/22
f 6966/1/9 6967/1/9 6993/1/9 6992/1/9
f 6994/1/23 6993/1/23 6967/1/23 6968/1/23
f 6968/1/9 6969/1/9 6995/1/9 6994/1/9
f 6969/1/22 6970/1/22 6996/1/22 6995/1/22
f 6970/1/22 6971/1/22 6997/1/22 6996/1/22
f 6971/1/24 6972/1/24 6998/1/24 6997/1/24
f 6999/1/24 6998/1/24 6972/1/24 6973/1/24
f 7000/1/24 6999/1/24 6973/1/24 6974/1/24
f 6974/1/24 6975/1/24 7001/1/24 7000/1/24
f 7002/1/24 7001/1/24 6975/1/24 6976/1/24
f 6976/1/23 6977/1/23 7003/1/23 7002/1/23
f 7004/1/23 7003/1/23 6977/1/23 6978/1/23
f 7005/1/9 7004/1/9 6978/1/9 6979/1/9
f 6979/1/22 6980/1/22 7006/1/22 7005/1/22
f 6980/1/9 6981/1/9 7007/1/9 7006/1/9
f 7008/1/23 7007/1/23 6981/1/23 6982/1/23
f 7009/1/539 7008/1/539 6982/1/539 6983/1/539
f 7010/1/9 7009/1/9 6983/1/9 6984/1/9
f 7011/1/532 7010/1/532 6984/1/532 6985/1/532
f 6985/1/22 6986/1/22 7012/1/22 7011/1/22
f 7122/1/9 7123/1/9 7124/1/9 7125/1/9
f 6988/1/23 7013/1/23 6987/1/23 6962/1/23
f 7014/1/23 7013/1/23 6988/1/23 7015/1/23
f 6988/1/539 6989/1/539 7016/1/539 7015/1/539
f 6989/1/9 6990/1/9 7017/1/9 7016/1/9
f 6990/1/532 6991/1/532 7018/1/532 7017/1/532
f 6991/1/22 6992/1/22 7019/1/22 7018/1/22
f 6992/1/9 6993/1/9 7020/1/9 7019/1/9
f 7021/1/23 7020/1/23 6993/1/23 6994/1/23
f 6994/1/9 6995/1/9 7022/1/9 7021/1/9
f 6995/1/22 6996/1/22 7023/1/22 7022/1/22
f 6996/1/22 6997/1/22 7024/1/22 7023/1/22
f 6997/1/24 6998/1/24 7025/1/24 7024/1/24
f 7026/1/24 7025/1/24 6998/1/24 6999/1/24
f 7027/1/24 7026/1/24 6999/1/24 7000/1/24
f 7000/1/24 7001/1/24 7028/1/24 7027/1/24
f 7029/1/24 7028/1/24 7001/1/24 7002/1/24
f 7002/1/23 7003/1/23 7030/1/23 7029/1/23
f 7031/1/23 7030/1/23 7003/1/23 7004/1/23
f 7032/1/9 7031/1/9 7004/1/9 7005/1/9
f 7005/1/22 7006/1/22 7033/1/22 7032/1/22
f 7006/1/9 7007/1/9 7034/1/9 7033/1/9
f 7035/1/23 7034/1/23 7007/1/23 7008/1/23
f 7036/1/539 7035/1/539 7008/1/539 7009/1/539
f 7037/1/9 7036/1/9 7009/1/9 7010/1/9
f 7038/1/532 7037/1/532 7010/1/532 7011/1/532
f 7011/1/22 7012/1/22 7039/1/22 7038/1/22
f 7012/1/9 7013/1/9 7014/1/9 7039/1/9
f 7040/1/23 7014/1/23 7015/1/23 7041/1/23
f 7015/1/539 7016/1/539 7042/1/539 7041/1/539
f 7016/1/9 7017/1/9 7043/1/9 7042/1/9
f 7017/1/532 7018/1/532 7044/1/532 7043/1/532
f 7018/1/22 7019/1/22 7045/1/22 7044/1/22
f 7019/1/9 7020/1/9 7046/1/9 7045/1/9
f 7047/1/23 7046/1/23 7020/1/23 7021/1/23
f 7021/1/9 7022/1/9 7048/1/9 7047/1/9
f 7022/1/22 7023/1/22 7049/1/22 7048/1/22
f 7023/1/22 7024/1/22 7050/1/22 7049/1/22
f 7024/1/24 7025/1/24 7051/1/24 7050/1/24
f 7052/1/24 7051/1/24 7025/1/24 7026/1/24
f 7053/1/24 7052/1/24 7026/1/24 7027/1/24
f 7027/1/24 7028/1/24 7054/1/24 7053/1/24
f 7055/1/24 7054/1/24 7028/1/24 7029/1/24
f 7029/1/23 7030/1/23 7056/1/23 7055/1/23
f 7057/1/23 7056/1/23 7030/1/23 7031/1/23
f 7058/1/9 7057/1/9 7031/1/9 7032/1/9
f 7032/1/22 7033/1/22 7059/1/22 7058/1/22
f 7033/1/9 7034/1/9 7060/1/9 7059/1/9
f 7061/1/23 7060/1/23 7034/1/23 7035/1/23
f 7062/1/539 7061/1/539 7035/1/539 7036/1/539
f 7063/1/9 7062/1/9 7036/1/9 7037/1/9
f 7064/1/532 7063/1/532 7037/1/532 7038/1/532
f 7038/1/22 7039/1/22 7065/1/22 7064/1/22
f 7126/1/9 7127/1/9 7128/1/9 7129/1/9
f 7066/1/23 7092/1/23 7093/1/23 7067/1/23
f 7093/1/539 7094/1/539 7068/1/539 7067/1/539
f 7094/1/9 7095/1/9 7069/1/9 7068/1/9
f 7095/1/532 7096/1/532 7070/1/532 7069/1/532
f 7096/1/22 7097/1/22 7071/1/22 7070/1/22
f 7097/1/9 7098/1/9 7072/1/9 7071/1/9
f 7073/1/23 7072/1/23 7098/1/23 7099/1/23
f 7099/1/9 7100/1/9 7074/1/9 7073/1/9
f 7100/1/22 7101/1/22 7075/1/22 7074/1/22
f 7101/1/22 7102/1/22 7076/1/22 7075/1/22
f 7102/1/24 7103/1/24 7077/1/24 7076/1/24
f 7078/1/24 7077/1/24 7103/1/24 7104/1/24
f 7079/1/24 7078/1/24 7104/1/24 7105/1/24
f 7105/1/24 7106/1/24 7080/1/24 7079/1/24
f 7081/1/24 7080/1/24 7106/1/24 7107/1/24
f 7107/1/23 7108/1/23 7082/1/23 7081/1/23
f 7083/1/23 7082/1/23 7108/1/23 7109/1/23
f 7084/1/9 7083/1/9 7109/1/9 7110/1/9
f 7110/1/22 7111/1/22 7085/1/22 7084/1/22
f 7111/1/9 7112/1/9 7086/1/9 7085/1/9
f 7087/1/23 7086/1/23 7112/1/23 7113/1/23
f 7088/1/539 7087/1/539 7113/1/539 7114/1/539
f 7089/1/9 7088/1/9 7114/1/9 7115/1/9
f 7090/1/532 7089/1/532 7115/1/532 7116/1/532
f 7116/1/22 7117/1/22 7091/1/22 7090/1/22
f 7130/1/9 7131/1/9 7132/1/9 7133/1/9
f 7092/1/23 7040/1/23 7041/1/23 7093/1/23
f 7041/1/539 7042/1/539 7094/1/539 7093/1/539
f 7042/1/9 7043/1/9 7095/1/9 7094/1/9
f 7043/1/532 7044/1/532 7096/1/532 7095/1/532
f 7044/1/22 7045/1/22 7097/1/22 7096/1/22
f 7045/1/9 7046/1/9 7098/1/9 7097/1/9
f 7099/1/23 7098/1/23 7046/1/23 7047/1/23
f 7047/1/9 7048/1/9 7100/1/9 7099/1/9
f 7048/1/22 7049/1/22 7101/1/22 7100/1/22
f 7049/1/22 7050/1/22 7102/1/22 7101/1/22
f 7050/1/24 7051/1/24 7103/1/24 7102/1/24
f 7104/1/24 7103/1/24 7051/1/24 7052/1/24
f 7105/1/24 7104/1/24 7052/1/24 7053/1/24
f 7053/1/24 7054/1/24 7106/1/24 7105/1/24
f 7107/1/24 7106/1/24 7054/1/24 7055/1/24
f 7055/1/23 7056/1/23 7108/1/23 7107/1/23
f 7109/1/23 7108/1/23 7056/1/23 7057/1/23
f 7110/1/9 7109/1/9 7057/1/9 7058/1/9
f 7058/1/22 7059/1/22 7111/1/22 7110/1/22
f 7059/1/9 7060/1/9 7112/1/9 7111/1/9
f 7113/1/23 7112/1/23 7060/1/23 7061/1/23
f 7114/1/539 7113/1/539 7061/1/539 7062/1/539
f 7115/1/9 7114/1/9 7062/1/9 7063/1/9
f 7116/1/532 7115/1/532 7063/1/532 7064/1/532
f 7064/1/22 7065/1/22 7117/1/22 7116/1/22
f 7065/1/9 7040/1/9 7092/1/9 7117/1/9
f 6934/1/8 6935/1/8 7119/1/8 7118/1/8
f 6935/1/22 6938/1/22 7120/1/22 7119/1/22
f 6938/1/4 6939/1/4 7121/1/4 7120/1/4
f 6939/1/23 6934/1/23 7118/1/23 7121/1/23
f 6986/1/8 6987/1/8 7123/1/8 7122/1/8
f 6987/1/22 7013/1/22 7124/1/22 7123/1/22
f 7013/1/4 7012/1/4 7125/1/4 7124/1/4
f 7012/1/23 6986/1/23 7122/1/23 7125/1/23
f 7039/1/8 7014/1/8 7127/1/8 7126/1/8
f 7014/1/22 7040/1/22 7128/1/22 7127/1/22
f 7040/1/4 7065/1/4 7129/1/4 7128/1/4
f 7065/1/23 7039/1/23 7126/1/23 7129/1/23
f 7117/1/8 7092/1/8 7131/1/8 7130/1/8
f 7092/1/22 7066/1/22 7132/1/22 7131/1/22
f 7066/1/4 7091/1/4 7133/1/4 7132/1/4
f 7091/1/23 7117/1/23 7130/1/23 7133/1/23
f 7134/1/77 7135/1/77 7142/1/77 7141/1/77
f 7135/1/78 7136/1/78 7143/1/78 7142/1/78
f 7136/1/24 7137/1/24 7144/1/24 7143/1/24
f 7137/1/79 7138/1/79 7145/1/79 7144/1/79
f 7138/1/80 7139/1/80 7146/1/80 7145/1/80
f 7139/1/81 7140/1/81 7147/1/81 7146/1/81
f 7140/1/82 7134/1/82 7141/1/82 7147/1/82
f 7135/1/8 7134/1/8 7148/1/8
f 7136/1/8 7135/1/8 7148/1/8
f 7137/1/8 7136/1/8 7148/1/8
f 7138/1/8 7137/1/8 7148/1/8
f 7139/1/8 7138/1/8 7148/1/8
f 7140/1/8 7139/1/8 7148/1/8
f 7134/1/8 7140/1/8 7148/1/8
f 7141/1/4 7142/1/4 7149/1/4
f 7142/1/4 7143/1/4 7149/1/4
f 7143/1/4 7144/1/4 7149/1/4
f 7144/1/4 7145/1/4 7149/1/4
f 7145/1/4 7146/1/4 7149/1/4
f 7146/1/4 7147/1/4 7149/1/4
f 7147/1/4 7141/1/4 7149/1/4
f 7338/1/602 7339/1/602 7347/1/602 7346/1/602
f 7339/1/603 7340/1/603 7348/1/603 7347/1/603
f 7340/1/604 7341/1/604 7349/1/604 7348/1/604
f 7341/1/605 7342/1/605 7350/1/605 7349/1/605
f 7342/1/606 7343/1/606 7351/1/606 7350/1/606
f 7343/1/607 7344/1/607 7352/1/607 7351/1/607
f 7344/1/608 7345/1/608 7353/1/608 7352/1/608
f 7345/1/609 7338/1/609 7346/1/609 7353/1/609
f 7339/1/610 7338/1/610 7354/1/610
f 7340/1/610 7339/1/610 7354/1/610
f 7341/1/610 7340/1/610 7354/1/610
f 7342/1/610 7341/1/610 7354/1/610
f 7343/1/610 7342/1/610 7354/1/610
f 7344/1/610 7343/1/610 7354/1/610
f 7345/1/610 7344/1/610 7354/1/610
f 7338/1/610 7345/1/610 7354/1/610
f 7346/1/611 7347/1/611 7355/1/611
f 7347/1/611 7348/1/611 7355/1/611
f 7348/1/611 7349/1/611 7355/1/611
f 7349/1/611 7350/1/611 7355/1/611
f 7350/1/611 7351/1/611 7355/1/611
f 7351/1/611 7352/1/611 7355/1/611
f 7352/1/611 7353/1/611 7355/1/611
f 7353/1/611 7346/1/611 7355/1/611
f 7356/1/77 7357/1/77 7364/1/77 7363/1/77
f 7357/1/78 7358/1/78 7365/1/78 7364/1/78
f 7358/1/24 7359/1/24 7366/1/24 7365/1/24
f 7359/1/79 7360/1/79 7367/1/79 7366/1/79
f 7360/1/80 7361/1/80 7368/1/80 7367/1/80
f 7361/1/81 7362/1/81 7369/1/81 7368/1/81
f 7362/1/82 7356/1/82 7363/1/82 7369/1/82
f 7357/1/8 7356/1/8 7370/1/8
f 7358/1/8 7357/1/8 7370/1/8
f 7359/1/8 7358/1/8 7370/1/8
f 7360/1/8 7359/1/8 7370/1/8
f 7361/1/8 7360/1/8 7370/1/8
f 7362/1/8 7361/1/8 7370/1/8
f 7356/1/8 7362/1/8 7370/1/8
f 7363/1/4 7364/1/4 7371/1/4
f 7364/1/4 7365/1/4 7371/1/4
f 7365/1/4 7366/1/4 7371/1/4
f 7366/1/4 7367/1/4 7371/1/4
f 7367/1/4 7368/1/4 7371/1/4
f 7368/1/4 7369/1/4 7371/1/4
f 7369/1/4 7363/1/4 7371/1/4
f 7389/1/23 7373/1/23 7380/1/23 7388/1/23
f 7394/1/4 7375/1/4 7377/1/4 7393/1/4
f 7391/1/22 7383/1/22 7379/1/22 7390/1/22
f 7390/1/8 7379/1/8 7373/1/8 7389/1/8
f 7373/1/9 7379/1/9 7383/1/9 7380/1/9
f 7378/1/24 7372/1/24 7381/1/24 7382/1/24
f 7395/1/23 7388/1/23 7380/1/23 7384/1/23
f 7382/1/24 7381/1/24 7385/1/24 7386/1/24
f 7392/1/22 7387/1/22 7383/1/22 7391/1/22
f 7380/1/9 7383/1/9 7387/1/9 7384/1/9
f 7395/1/23 7384/1/23 7375/1/23 7394/1/23
f 7386/1/24 7385/1/24 7374/1/24 7376/1/24
f 7393/1/22 7377/1/22 7387/1/22 7392/1/22
f 7384/1/9 7387/1/9 7377/1/9 7375/1/9
f 7397/1/23 7389/1/23 7388/1/23 7396/1/23
f 7398/1/8 7390/1/8 7389/1/8 7397/1/8
f 7399/1/22 7391/1/22 7390/1/22 7398/1/22
f 7400/1/22 7392/1/22 7391/1/22 7399/1/22
f 7401/1/22 7393/1/22 7392/1/22 7400/1/22
f 7402/1/4 7394/1/4 7393/1/4 7401/1/4
f 7403/1/23 7395/1/23 7394/1/23 7402/1/23
f 7404/1/23 7405/1/23 7406/1/23 7407/1/23
f 7372/1/23 7397/1/23 7396/1/23 7381/1/23
f 7378/1/8 7398/1/8 7397/1/8 7372/1/8
f 7382/1/22 7399/1/22 7398/1/22 7378/1/22
f 7386/1/22 7400/1/22 7399/1/22 7382/1/22
f 7376/1/22 7401/1/22 7400/1/22 7386/1/22
f 7374/1/4 7402/1/4 7401/1/4 7376/1/4
f 7385/1/23 7403/1/23 7402/1/23 7374/1/23
f 7381/1/23 7396/1/23 7403/1/23 7385/1/23
f 7403/1/9 7396/1/9 7405/1/9 7404/1/9
f 7396/1/4 7388/1/4 7406/1/4 7405/1/4
f 7388/1/24 7395/1/24 7407/1/24 7406/1/24
f 7395/1/8 7403/1/8 7404/1/8 7407/1/8
f 7421/1/23 7422/1/23 7411/1/23 7410/1/23
f 7410/1/4 7411/1/4 7431/1/4 7424/1/4
f 7412/1/22 7413/1/22 7423/1/22 7420/1/22
f 7427/1/8 7428/1/8 7409/1/8 7408/1/8
f 7422/1/9 7430/1/9 7431/1/9 7411/1/9
f 7425/1/24 7421/1/24 7410/1/24 7424/1/24
f 7427/1/24 7408/1/24 7417/1/24 7426/1/24
f 7408/1/23 7409/1/23 7418/1/23 7417/1/23
f 7409/1/9 7428/1/9 7429/1/9 7418/1/9
f 7416/1/22 7419/1/22 7415/1/22 7414/1/22
f 7426/1/24 7417/1/24 7421/1/24 7425/1/24
f 7417/1/23 7418/1/23 7422/1/23 7421/1/23
f 7418/1/9 7429/1/9 7430/1/9 7422/1/9
f 7420/1/22 7423/1/22 7419/1/22 7416/1/22
f 7420/1/24 7434/1/24 7435/1/24 7412/1/24
f 7416/1/24 7433/1/24 7434/1/24 7420/1/24
f 7414/1/24 7432/1/24 7433/1/24 7416/1/24
f 7414/1/8 7415/1/8 7439/1/8 7432/1/8
f 7438/1/9 7439/1/9 7415/1/9 7419/1/9
f 7437/1/9 7438/1/9 7419/1/9 7423/1/9
f 7436/1/9 7437/1/9 7423/1/9 7413/1/9
f 7435/1/4 7436/1/4 7413/1/4 7412/1/4
f 7432/1/24 7463/1/24 7456/1/24 7433/1/24
f 7473/1/24 7472/1/24 7474/1/24 7475/1/24
f 7435/1/24 7434/1/24 7457/1/24 7458/1/24
f 7458/1/4 7459/1/4 7436/1/4 7435/1/4
f 7459/1/9 7460/1/9 7437/1/9 7436/1/9
f 7460/1/9 7461/1/9 7438/1/9 7437/1/9
f 7461/1/9 7462/1/9 7439/1/9 7438/1/9
f 7432/1/8 7439/1/8 7462/1/8 7463/1/8
f 7441/1/24 7440/1/24 7464/1/24 7465/1/24
f 7442/1/24 7441/1/24 7465/1/24 7466/1/24
f 7466/1/4 7467/1/4 7443/1/4 7442/1/4
f 7467/1/9 7468/1/9 7444/1/9 7443/1/9
f 7468/1/9 7469/1/9 7445/1/9 7444/1/9
f 7469/1/9 7470/1/9 7446/1/9 7445/1/9
f 7447/1/8 7446/1/8 7470/1/8 7471/1/8
f 7440/1/24 7447/1/24 7471/1/24 7464/1/24
f 7477/1/24 7476/1/24 7478/1/24 7479/1/24
f 7450/1/24 7449/1/24 7441/1/24 7442/1/24
f 7442/1/4 7443/1/4 7451/1/4 7450/1/4
f 7443/1/9 7444/1/9 7452/1/9 7451/1/9
f 7444/1/9 7445/1/9 7453/1/9 7452/1/9
f 7445/1/9 7446/1/9 7454/1/9 7453/1/9
f 7455/1/8 7454/1/8 7446/1/8 7447/1/8
f 7448/1/24 7455/1/24 7447/1/24 7440/1/24
f 7457/1/24 7456/1/24 7448/1/24 7449/1/24
f 7458/1/24 7457/1/24 7449/1/24 7450/1/24
f 7450/1/4 7451/1/4 7459/1/4 7458/1/4
f 7451/1/9 7452/1/9 7460/1/9 7459/1/9
f 7452/1/9 7453/1/9 7461/1/9 7460/1/9
f 7453/1/9 7454/1/9 7462/1/9 7461/1/9
f 7463/1/8 7462/1/8 7454/1/8 7455/1/8
f 7456/1/24 7463/1/24 7455/1/24 7448/1/24
f 7481/1/24 7480/1/24 7482/1/24 7483/1/24
f 7466/1/24 7465/1/24 7425/1/24 7424/1/24
f 7424/1/4 7431/1/4 7467/1/4 7466/1/4
f 7431/1/9 7430/1/9 7468/1/9 7467/1/9
f 7430/1/9 7429/1/9 7469/1/9 7468/1/9
f 7429/1/9 7428/1/9 7470/1/9 7469/1/9
f 7471/1/8 7470/1/8 7428/1/8 7427/1/8
f 7464/1/24 7471/1/24 7427/1/24 7426/1/24
f 7434/1/23 7433/1/23 7472/1/23 7473/1/23
f 7433/1/4 7456/1/4 7474/1/4 7472/1/4
f 7456/1/22 7457/1/22 7475/1/22 7474/1/22
f 7457/1/8 7434/1/8 7473/1/8 7475/1/8
f 7449/1/23 7448/1/23 7476/1/23 7477/1/23
f 7448/1/4 7440/1/4 7478/1/4 7476/1/4
f 7440/1/22 7441/1/22 7479/1/22 7478/1/22
f 7441/1/8 7449/1/8 7477/1/8 7479/1/8
f 7465/1/23 7464/1/23 7480/1/23 7481/1/23
f 7464/1/4 7426/1/4 7482/1/4 7480/1/4
f 7426/1/22 7425/1/22 7483/1/22 7482/1/22
f 7425/1/8 7465/1/8 7481/1/8 7483/1/8
f 7496/1/23 7497/1/23 7498/1/23 7499/1/23
f 7486/1/4 7487/1/4 7489/1/4 7488/1/4
f 7488/1/22 7489/1/22 7491/1/22 7490/1/22
f 7490/1/8 7491/1/8 7485/1/8 7484/1/8
f 7485/1/9 7491/1/9 7489/1/9 7487/1/9
f 7490/1/24 7484/1/24 7486/1/24 7488/1/24
f 7484/1/23 7485/1/23 7493/1/23 7492/1/23
f 7485/1/23 7487/1/23 7494/1/23 7493/1/23
f 7487/1/23 7486/1/23 7495/1/23 7494/1/23
f 7486/1/23 7484/1/23 7492/1/23 7495/1/23
f 7492/1/4 7493/1/4 7497/1/4 7496/1/4
f 7493/1/24 7494/1/24 7498/1/24 7497/1/24
f 7494/1/8 7495/1/8 7499/1/8 7498/1/8
f 7495/1/9 7492/1/9 7496/1/9 7499/1/9
f 7517/1/9 7501/1/9 7508/1/9 7516/1/9
f 7522/1/4 7503/1/4 7505/1/4 7521/1/4
f 7519/1/24 7511/1/24 7507/1/24 7518/1/24
f 7518/1/8 7507/1/8 7501/1/8 7517/1/8
f 7501/1/22 7507/1/22 7511/1/22 7508/1/22
f 7506/1/23 7500/1/23 7509/1/23 7510/1/23
f 7523/1/9 7516/1/9 7508/1/9 7512/1/9
f 7510/1/23 7509/1/23 7513/1/23 7514/1/23
f 7520/1/24 7515/1/24 7511/1/24 7519/1/24
f 7508/1/22 7511/1/22 7515/1/22 7512/1/22
f 7523/1/9 7512/1/9 7503/1/9 7522/1/9
f 7514/1/23 7513/1/23 7502/1/23 7504/1/23
f 7521/1/24 7505/1/24 7515/1/24 7520/1/24
f 7512/1/22 7515/1/22 7505/1/22 7503/1/22
f 7525/1/9 7517/1/9 7516/1/9 7524/1/9
f 7526/1/8 7518/1/8 7517/1/8 7525/1/8
f 7527/1/24 7519/1/24 7518/1/24 7526/1/24
f 7528/1/24 7520/1/24 7519/1/24 7527/1/24
f 7529/1/24 7521/1/24 7520/1/24 7528/1/24
f 7530/1/4 7522/1/4 7521/1/4 7529/1/4
f 7531/1/9 7523/1/9 7522/1/9 7530/1/9
f 7532/1/9 7533/1/9 7534/1/9 7535/1/9
f 7500/1/9 7525/1/9 7524/1/9 7509/1/9
f 7506/1/8 7526/1/8 7525/1/8 7500/1/8
f 7510/1/24 7527/1/24 7526/1/24 7506/1/24
f 7514/1/24 7528/1/24 7527/1/24 7510/1/24
f 7504/1/24 7529/1/24 7528/1/24 7514/1/24
f 7502/1/4 7530/1/4 7529/1/4 7504/1/4
f 7513/1/9 7531/1/9 7530/1/9 7502/1/9
f 7509/1/9 7524/1/9 7531/1/9 7513/1/9
f 7531/1/22 7524/1/22 7533/1/22 7532/1/22
f 7524/1/4 7516/1/4 7534/1/4 7533/1/4
f 7516/1/23 7523/1/23 7535/1/23 7534/1/23
f 7523/1/8 7531/1/8 7532/1/8 7535/1/8
f 7684/1/24 7630/1/24 7557/1/24 7683/1/24
f 7678/1/4 7539/1/4 7541/1/4 7677/1/4
f 7675/1/9 7563/1/9 7634/1/9 7674/1/9
f 7690/1/8 7543/1/8 7537/1/8 7689/1/8
f 7633/1/23 7634/1/23 7563/1/23 7564/1/23
f 7637/1/22 7638/1/22 7561/1/22 7562/1/22
f 7688/1/24 7549/1/24 7550/1/24 7687/1/24
f 7632/1/24 7565/1/24 7556/1/24 7631/1/24
f 7552/1/24 7679/1/24 7680/1/24 7553/1/24
f 7560/1/24 7639/1/24 7640/1/24 7559/1/24
f 7689/1/8 7537/1/8 7549/1/8 7688/1/8
f 7545/1/4 7686/1/4 7687/1/4 7550/1/4
f 7633/1/23 7564/1/23 7565/1/23 7632/1/23
f 7557/1/22 7630/1/22 7631/1/22 7556/1/22
f 7539/1/4 7678/1/4 7679/1/4 7552/1/4
f 7681/1/8 7546/1/8 7553/1/8 7680/1/8
f 7561/1/22 7638/1/22 7639/1/22 7560/1/22
f 7641/1/23 7558/1/23 7559/1/23 7640/1/23
f 7567/1/22 7557/1/22 7556/1/22 7566/1/22
f 7683/1/24 7557/1/24 7567/1/24 7682/1/24
f 7559/1/23 7558/1/23 7568/1/23 7569/1/23
f 7570/1/24 7560/1/24 7559/1/24 7569/1/24
f 7571/1/22 7561/1/22 7560/1/22 7570/1/22
f 7562/1/22 7561/1/22 7571/1/22 7572/1/22
f 7676/1/9 7573/1/9 7563/1/9 7675/1/9
f 7564/1/23 7563/1/23 7573/1/23 7574/1/23
f 7565/1/23 7564/1/23 7574/1/23 7575/1/23
f 7556/1/24 7565/1/24 7575/1/24 7566/1/24
f 7546/1/22 7567/1/22 7566/1/22 7553/1/22
f 7681/1/24 7682/1/24 7567/1/24 7546/1/24
f 7569/1/23 7568/1/23 7547/1/23 7555/1/23
f 7554/1/24 7570/1/24 7569/1/24 7555/1/24
f 7538/1/22 7571/1/22 7570/1/22 7554/1/22
f 7572/1/22 7571/1/22 7538/1/22 7540/1/22
f 7677/1/9 7541/1/9 7573/1/9 7676/1/9
f 7574/1/23 7573/1/23 7541/1/23 7539/1/23
f 7575/1/23 7574/1/23 7539/1/23 7552/1/23
f 7566/1/24 7575/1/24 7552/1/24 7553/1/24
f 7605/1/24 7604/1/24 7606/1/24 7607/1/24
f 7579/1/4 7578/1/4 7592/1/4 7593/1/4
f 7594/1/24 7580/1/24 7579/1/24 7593/1/24
f 7595/1/8 7581/1/8 7580/1/8 7594/1/8
f 7596/1/8 7582/1/8 7581/1/8 7595/1/8
f 7597/1/9 7583/1/9 7635/1/9 7636/1/9
f 7608/1/9 7609/1/9 7610/1/9 7611/1/9
f 7599/1/9 7585/1/9 7584/1/9 7598/1/9
f 7600/1/4 7586/1/4 7585/1/4 7599/1/4
f 7587/1/4 7586/1/4 7600/1/4 7601/1/4
f 7588/1/24 7587/1/24 7601/1/24 7602/1/24
f 7603/1/8 7589/1/8 7588/1/8 7602/1/8
f 7603/1/24 7590/1/24 7576/1/24 7589/1/24
f 7665/1/24 7591/1/24 7590/1/24 7664/1/24
f 7593/1/4 7592/1/4 7668/1/4 7669/1/4
f 7670/1/24 7594/1/24 7593/1/24 7669/1/24
f 7671/1/8 7595/1/8 7594/1/8 7670/1/8
f 7672/1/8 7596/1/8 7595/1/8 7671/1/8
f 7657/1/9 7597/1/9 7636/1/9 7656/1/9
f 7658/1/9 7598/1/9 7597/1/9 7657/1/9
f 7659/1/9 7599/1/9 7598/1/9 7658/1/9
f 7660/1/4 7600/1/4 7599/1/4 7659/1/4
f 7601/1/4 7600/1/4 7660/1/4 7661/1/4
f 7602/1/24 7601/1/24 7661/1/24 7662/1/24
f 7663/1/8 7603/1/8 7602/1/8 7662/1/8
f 7664/1/24 7590/1/24 7603/1/24 7663/1/24
f 7598/1/9 7584/1/9 7609/1/9 7608/1/9
f 7584/1/9 7583/1/9 7610/1/9 7609/1/9
f 7583/1/9 7597/1/9 7611/1/9 7610/1/9
f 7597/1/9 7598/1/9 7608/1/9 7611/1/9
f 7612/1/612 7613/1/612 7621/1/612 7620/1/612
f 7613/1/613 7612/1/613 7615/1/613 7614/1/613
f 7614/1/614 7615/1/614 7624/1/614 7625/1/614
f 7616/1/614 7617/1/614 7623/1/614 7622/1/614
f 7617/1/615 7616/1/615 7619/1/615 7618/1/615
f 7618/1/612 7619/1/612 7626/1/612 7627/1/612
f 7620/1/615 7621/1/615 7625/1/615 7624/1/615
f 7622/1/616 7623/1/616 7627/1/616 7626/1/616
f 7615/1/24 7612/1/24 7617/1/24 7618/1/24
f 7612/1/24 7620/1/24 7623/1/24 7617/1/24
f 7620/1/24 7624/1/24 7627/1/24 7623/1/24
f 7624/1/24 7615/1/24 7618/1/24 7627/1/24
f 7591/1/8 7577/1/8 7613/1/8 7614/1/8
f 7604/1/4 7605/1/4 7619/1/4 7616/1/4
f 7577/1/23 7576/1/23 7621/1/23 7613/1/23
f 7606/1/22 7604/1/22 7616/1/22 7622/1/22
f 7576/1/4 7590/1/4 7625/1/4 7621/1/4
f 7607/1/8 7606/1/8 7622/1/8 7626/1/8
f 7590/1/22 7591/1/22 7614/1/22 7625/1/22
f 7605/1/23 7607/1/23 7626/1/23 7619/1/23
f 7686/1/24 7545/1/24 7647/1/24 7685/1/24
f 7646/1/22 7647/1/22 7545/1/22 7550/1/22
f 7549/1/24 7645/1/24 7646/1/24 7550/1/24
f 7537/1/23 7644/1/23 7645/1/23 7549/1/23
f 7537/1/23 7543/1/23 7643/1/23 7644/1/23
f 7691/1/9 7643/1/9 7543/1/9 7690/1/9
f 7655/1/9 7642/1/9 7582/1/9 7596/1/9
f 7673/1/9 7655/1/9 7596/1/9 7672/1/9
f 7542/1/22 7536/1/22 7653/1/22 7654/1/22
f 7652/1/22 7653/1/22 7536/1/22 7548/1/22
f 7651/1/24 7652/1/24 7548/1/24 7551/1/24
f 7544/1/23 7650/1/23 7651/1/23 7551/1/23
f 7742/1/9 7775/1/9 7776/1/9 7741/1/9
f 7740/1/23 7741/1/23 7776/1/23 7777/1/23
f 7739/1/23 7740/1/23 7777/1/23 7778/1/23
f 7738/1/24 7739/1/24 7778/1/24 7779/1/24
f 7779/1/22 7780/1/22 7737/1/22 7738/1/22
f 7736/1/24 7737/1/24 7780/1/24 7781/1/24
f 7749/1/23 7750/1/23 7767/1/23 7768/1/23
f 7768/1/24 7769/1/24 7748/1/24 7749/1/24
f 7769/1/22 7770/1/22 7747/1/22 7748/1/22
f 7746/1/22 7747/1/22 7770/1/22 7771/1/22
f 7745/1/9 7772/1/9 7773/1/9 7744/1/9
f 7773/1/9 7774/1/9 7743/1/9 7744/1/9
f 7562/1/9 7657/1/9 7656/1/9 7637/1/9
f 7572/1/9 7658/1/9 7657/1/9 7562/1/9
f 7540/1/9 7659/1/9 7658/1/9 7572/1/9
f 7538/1/4 7660/1/4 7659/1/4 7540/1/4
f 7661/1/4 7660/1/4 7538/1/4 7554/1/4
f 7662/1/24 7661/1/24 7554/1/24 7555/1/24
f 7547/1/8 7663/1/8 7662/1/8 7555/1/8
f 7568/1/24 7664/1/24 7663/1/24 7547/1/24
f 7558/1/24 7665/1/24 7664/1/24 7568/1/24
f 7641/1/24 7666/1/24 7665/1/24 7558/1/24
f 7750/1/24 7751/1/24 7766/1/24 7767/1/24
f 7544/1/24 7668/1/24 7667/1/24 7650/1/24
f 7669/1/4 7668/1/4 7544/1/4 7551/1/4
f 7548/1/24 7670/1/24 7669/1/24 7551/1/24
f 7536/1/8 7671/1/8 7670/1/8 7548/1/8
f 7542/1/8 7672/1/8 7671/1/8 7536/1/8
f 7654/1/9 7673/1/9 7672/1/9 7542/1/9
f 7771/1/9 7772/1/9 7745/1/9 7746/1/9
f 7583/1/9 7675/1/9 7674/1/9 7635/1/9
f 7584/1/9 7676/1/9 7675/1/9 7583/1/9
f 7585/1/9 7677/1/9 7676/1/9 7584/1/9
f 7586/1/4 7678/1/4 7677/1/4 7585/1/4
f 7679/1/4 7678/1/4 7586/1/4 7587/1/4
f 7680/1/24 7679/1/24 7587/1/24 7588/1/24
f 7589/1/8 7681/1/8 7680/1/8 7588/1/8
f 7589/1/24 7576/1/24 7682/1/24 7681/1/24
f 7577/1/24 7683/1/24 7682/1/24 7576/1/24
f 7628/1/24 7629/1/24 7684/1/24 7683/1/24 7577/1/24 7591/1/24 7665/1/24 7666/1/24
f 7940/1/24 7941/1/24 7942/1/24 7943/1/24
f 7592/1/24 7578/1/24 7686/1/24 7685/1/24 7648/1/24 7649/1/24 7667/1/24 7668/1/24
f 7687/1/4 7686/1/4 7578/1/4 7579/1/4
f 7580/1/24 7688/1/24 7687/1/24 7579/1/24
f 7581/1/8 7689/1/8 7688/1/8 7580/1/8
f 7582/1/8 7690/1/8 7689/1/8 7581/1/8
f 7642/1/9 7691/1/9 7690/1/9 7582/1/9
f 7774/1/9 7775/1/9 7742/1/9 7743/1/9
f 7734/1/617 7735/1/617 7782/1/617 7783/1/617
f 7701/1/618 7700/1/618 7703/1/618 7702/1/618
f 7702/1/618 7703/1/618 7728/1/618 7729/1/618
f 7732/1/619 7733/1/619 7758/1/619 7759/1/619
f 7705/1/620 7704/1/620 7707/1/620 7706/1/620
f 7706/1/620 7707/1/620 7730/1/620 7731/1/620
f 7708/1/620 7709/1/620 7713/1/620 7712/1/620
f 7710/1/618 7711/1/618 7715/1/618 7714/1/618
f 7712/1/620 7713/1/620 7717/1/620 7716/1/620
f 7714/1/618 7715/1/618 7719/1/618 7718/1/618
f 7716/1/620 7717/1/620 7721/1/620 7720/1/620
f 7718/1/618 7719/1/618 7723/1/618 7722/1/618
f 7764/1/619 7765/1/619 7752/1/619 7753/1/619
f 7762/1/617 7763/1/617 7754/1/617 7755/1/617
f 7724/1/618 7725/1/618 7729/1/618 7728/1/618
f 7726/1/620 7727/1/620 7731/1/620 7730/1/620
f 7703/1/24 7700/1/24 7705/1/24 7706/1/24
f 7734/1/24 7783/1/24 7758/1/24 7733/1/24
f 7708/1/24 7712/1/24 7715/1/24 7711/1/24
f 7712/1/24 7716/1/24 7719/1/24 7715/1/24
f 7716/1/24 7720/1/24 7723/1/24 7719/1/24
f 7764/1/24 7753/1/24 7754/1/24 7763/1/24
f 7724/1/24 7728/1/24 7731/1/24 7727/1/24
f 7728/1/24 7703/1/24 7706/1/24 7731/1/24
f 7648/1/8 7685/1/8 7701/1/8 7702/1/8
f 7692/1/4 7693/1/4 7707/1/4 7704/1/4
f 7736/1/23 7781/1/23 7782/1/23 7735/1/23
f 7760/1/22 7757/1/22 7732/1/22 7759/1/22
f 7684/1/4 7629/1/4 7713/1/4 7709/1/4
f 7695/1/8 7694/1/8 7710/1/8 7714/1/8
f 7629/1/4 7628/1/4 7717/1/4 7713/1/4
f 7696/1/8 7695/1/8 7714/1/8 7718/1/8
f 7628/1/4 7666/1/4 7721/1/4 7717/1/4
f 7697/1/8 7696/1/8 7718/1/8 7722/1/8
f 7766/1/22 7751/1/22 7752/1/22 7765/1/22
f 7756/1/23 7761/1/23 7762/1/23 7755/1/23
f 7667/1/8 7649/1/8 7729/1/8 7725/1/8
f 7699/1/4 7698/1/4 7726/1/4 7730/1/4
f 7649/1/8 7648/1/8 7702/1/8 7729/1/8
f 7693/1/4 7699/1/4 7730/1/4 7707/1/4
f 7704/1/619 7705/1/619 7733/1/619 7732/1/619
f 7700/1/24 7734/1/24 7733/1/24 7705/1/24
f 7700/1/617 7701/1/617 7735/1/617 7734/1/617
f 7685/1/23 7736/1/23 7735/1/23 7701/1/23
f 7685/1/24 7647/1/24 7737/1/24 7736/1/24
f 7738/1/22 7737/1/22 7647/1/22 7646/1/22
f 7646/1/24 7645/1/24 7739/1/24 7738/1/24
f 7645/1/23 7644/1/23 7740/1/23 7739/1/23
f 7644/1/23 7643/1/23 7741/1/23 7740/1/23
f 7691/1/9 7742/1/9 7741/1/9 7643/1/9
f 7743/1/9 7742/1/9 7691/1/9 7642/1/9
f 7744/1/9 7743/1/9 7642/1/9 7655/1/9
f 7673/1/9 7745/1/9 7744/1/9 7655/1/9
f 7746/1/9 7745/1/9 7673/1/9 7654/1/9
f 7654/1/22 7653/1/22 7747/1/22 7746/1/22
f 7748/1/22 7747/1/22 7653/1/22 7652/1/22
f 7749/1/24 7748/1/24 7652/1/24 7651/1/24
f 7651/1/23 7650/1/23 7750/1/23 7749/1/23
f 7650/1/24 7667/1/24 7751/1/24 7750/1/24
f 7752/1/22 7751/1/22 7667/1/22 7725/1/22
f 7753/1/619 7752/1/619 7725/1/619 7724/1/619
f 7754/1/24 7753/1/24 7724/1/24 7727/1/24
f 7755/1/617 7754/1/617 7727/1/617 7726/1/617
f 7698/1/23 7756/1/23 7755/1/23 7726/1/23
f 7693/1/24 7692/1/24 7757/1/24 7756/1/24 7698/1/24 7699/1/24
f 7732/1/22 7757/1/22 7692/1/22 7704/1/22
f 7889/1/619 7890/1/619 7711/1/619 7710/1/619
f 7694/1/22 7888/1/22 7889/1/22 7710/1/22
f 7913/1/24 7888/1/24 7694/1/24 7695/1/24 7696/1/24 7697/1/24
f 7912/1/23 7913/1/23 7697/1/23 7722/1/23
f 7722/1/617 7723/1/617 7911/1/617 7912/1/617
f 7720/1/24 7910/1/24 7911/1/24 7723/1/24
f 7720/1/619 7721/1/619 7909/1/619 7910/1/619
f 7666/1/22 7908/1/22 7909/1/22 7721/1/22
f 7907/1/24 7908/1/24 7666/1/24 7641/1/24
f 7906/1/23 7907/1/23 7641/1/23 7640/1/23
f 7640/1/24 7639/1/24 7905/1/24 7906/1/24
f 7639/1/22 7638/1/22 7904/1/22 7905/1/22
f 7903/1/22 7904/1/22 7638/1/22 7637/1/22
f 7637/1/9 7656/1/9 7902/1/9 7903/1/9
f 7901/1/9 7902/1/9 7656/1/9 7636/1/9
f 7636/1/9 7635/1/9 7900/1/9 7901/1/9
f 7635/1/9 7674/1/9 7899/1/9 7900/1/9
f 7898/1/9 7899/1/9 7674/1/9 7634/1/9
f 7897/1/23 7898/1/23 7634/1/23 7633/1/23
f 7896/1/23 7897/1/23 7633/1/23 7632/1/23
f 7895/1/24 7896/1/24 7632/1/24 7631/1/24
f 7631/1/22 7630/1/22 7894/1/22 7895/1/22
f 7893/1/24 7894/1/24 7630/1/24 7684/1/24
f 7892/1/23 7893/1/23 7684/1/23 7709/1/23
f 7891/1/617 7892/1/617 7709/1/617 7708/1/617
f 7890/1/24 7891/1/24 7708/1/24 7711/1/24
f 7759/1/619 7758/1/619 7785/1/619 7784/1/619
f 7758/1/24 7783/1/24 7786/1/24 7785/1/24
f 7783/1/617 7782/1/617 7787/1/617 7786/1/617
f 7782/1/23 7781/1/23 7788/1/23 7787/1/23
f 7781/1/24 7780/1/24 7789/1/24 7788/1/24
f 7790/1/22 7789/1/22 7780/1/22 7779/1/22
f 7779/1/24 7778/1/24 7791/1/24 7790/1/24
f 7778/1/23 7777/1/23 7792/1/23 7791/1/23
f 7777/1/23 7776/1/23 7793/1/23 7792/1/23
f 7776/1/9 7775/1/9 7794/1/9 7793/1/9
f 7795/1/9 7794/1/9 7775/1/9 7774/1/9
f 7796/1/9 7795/1/9 7774/1/9 7773/1/9
f 7773/1/9 7772/1/9 7797/1/9 7796/1/9
f 7798/1/9 7797/1/9 7772/1/9 7771/1/9
f 7771/1/22 7770/1/22 7799/1/22 7798/1/22
f 7800/1/22 7799/1/22 7770/1/22 7769/1/22
f 7801/1/24 7800/1/24 7769/1/24 7768/1/24
f 7768/1/23 7767/1/23 7802/1/23 7801/1/23
f 7767/1/24 7766/1/24 7803/1/24 7802/1/24
f 7804/1/22 7803/1/22 7766/1/22 7765/1/22
f 7805/1/619 7804/1/619 7765/1/619 7764/1/619
f 7806/1/24 7805/1/24 7764/1/24 7763/1/24
f 7807/1/617 7806/1/617 7763/1/617 7762/1/617
f 7762/1/23 7761/1/23 7808/1/23 7807/1/23
f 7761/1/24 7760/1/24 7809/1/24 7808/1/24
f 7784/1/22 7809/1/22 7760/1/22 7759/1/22
f 7784/1/619 7785/1/619 7811/1/619 7810/1/619
f 7785/1/24 7786/1/24 7812/1/24 7811/1/24
f 7786/1/617 7787/1/617 7813/1/617 7812/1/617
f 7787/1/23 7788/1/23 7814/1/23 7813/1/23
f 7788/1/24 7789/1/24 7815/1/24 7814/1/24
f 7816/1/22 7815/1/22 7789/1/22 7790/1/22
f 7790/1/24 7791/1/24 7817/1/24 7816/1/24
f 7791/1/23 7792/1/23 7818/1/23 7817/1/23
f 7792/1/23 7793/1/23 7819/1/23 7818/1/23
f 7793/1/9 7794/1/9 7820/1/9 7819/1/9
f 7821/1/9 7820/1/9 7794/1/9 7795/1/9
f 7822/1/9 7821/1/9 7795/1/9 7796/1/9
f 7796/1/9 7797/1/9 7823/1/9 7822/1/9
f 7824/1/9 7823/1/9 7797/1/9 7798/1/9
f 7798/1/22 7799/1/22 7825/1/22 7824/1/22
f 7826/1/22 7825/1/22 7799/1/22 7800/1/22
f 7827/1/24 7826/1/24 7800/1/24 7801/1/24
f 7801/1/23 7802/1/23 7828/1/23 7827/1/23
f 7802/1/24 7803/1/24 7829/1/24 7828/1/24
f 7830/1/22 7829/1/22 7803/1/22 7804/1/22
f 7831/1/619 7830/1/619 7804/1/619 7805/1/619
f 7832/1/24 7831/1/24 7805/1/24 7806/1/24
f 7833/1/617 7832/1/617 7806/1/617 7807/1/617
f 7807/1/23 7808/1/23 7834/1/23 7833/1/23
f 7944/1/24 7945/1/24 7946/1/24 7947/1/24
f 7810/1/22 7835/1/22 7809/1/22 7784/1/22
f 7836/1/22 7835/1/22 7810/1/22 7837/1/22
f 7810/1/619 7811/1/619 7838/1/619 7837/1/619
f 7811/1/24 7812/1/24 7839/1/24 7838/1/24
f 7812/1/617 7813/1/617 7840/1/617 7839/1/617
f 7813/1/23 7814/1/23 7841/1/23 7840/1/23
f 7814/1/24 7815/1/24 7842/1/24 7841/1/24
f 7843/1/22 7842/1/22 7815/1/22 7816/1/22
f 7816/1/24 7817/1/24 7844/1/24 7843/1/24
f 7817/1/23 7818/1/23 7845/1/23 7844/1/23
f 7818/1/23 7819/1/23 7846/1/23 7845/1/23
f 7819/1/9 7820/1/9 7847/1/9 7846/1/9
f 7848/1/9 7847/1/9 7820/1/9 7821/1/9
f 7849/1/9 7848/1/9 7821/1/9 7822/1/9
f 7822/1/9 7823/1/9 7850/1/9 7849/1/9
f 7851/1/9 7850/1/9 7823/1/9 7824/1/9
f 7824/1/22 7825/1/22 7852/1/22 7851/1/22
f 7853/1/22 7852/1/22 7825/1/22 7826/1/22
f 7854/1/24 7853/1/24 7826/1/24 7827/1/24
f 7827/1/23 7828/1/23 7855/1/23 7854/1/23
f 7828/1/24 7829/1/24 7856/1/24 7855/1/24
f 7857/1/22 7856/1/22 7829/1/22 7830/1/22
f 7858/1/619 7857/1/619 7830/1/619 7831/1/619
f 7859/1/24 7858/1/24 7831/1/24 7832/1/24
f 7860/1/617 7859/1/617 7832/1/617 7833/1/617
f 7833/1/23 7834/1/23 7861/1/23 7860/1/23
f 7834/1/24 7835/1/24 7836/1/24 7861/1/24
f 7862/1/22 7836/1/22 7837/1/22 7863/1/22
f 7837/1/619 7838/1/619 7864/1/619 7863/1/619
f 7838/1/24 7839/1/24 7865/1/24 7864/1/24
f 7839/1/617 7840/1/617 7866/1/617 7865/1/617
f 7840/1/23 7841/1/23 7867/1/23 7866/1/23
f 7841/1/24 7842/1/24 7868/1/24 7867/1/24
f 7869/1/22 7868/1/22 7842/1/22 7843/1/22
f 7843/1/24 7844/1/24 7870/1/24 7869/1/24
f 7844/1/23 7845/1/23 7871/1/23 7870/1/23
f 7845/1/23 7846/1/23 7872/1/23 7871/1/23
f 7846/1/9 7847/1/9 7873/1/9 7872/1/9
f 7874/1/9 7873/1/9 7847/1/9 7848/1/9
f 7875/1/9 7874/1/9 7848/1/9 7849/1/9
f 7849/1/9 7850/1/9 7876/1/9 7875/1/9
f 7877/1/9 7876/1/9 7850/1/9 7851/1/9
f 7851/1/22 7852/1/22 7878/1/22 7877/1/22
f 7879/1/22 7878/1/22 7852/1/22 7853/1/22
f 7880/1/24 7879/1/24 7853/1/24 7854/1/24
f 7854/1/23 7855/1/23 7881/1/23 7880/1/23
f 7855/1/24 7856/1/24 7882/1/24 7881/1/24
f 7883/1/22 7882/1/22 7856/1/22 7857/1/22
f 7884/1/619 7883/1/619 7857/1/619 7858/1/619
f 7885/1/24 7884/1/24 7858/1/24 7859/1/24
f 7886/1/617 7885/1/617 7859/1/617 7860/1/617
f 7860/1/23 7861/1/23 7887/1/23 7886/1/23
f 7948/1/24 7949/1/24 7950/1/24 7951/1/24
f 7888/1/22 7914/1/22 7915/1/22 7889/1/22
f 7915/1/619 7916/1/619 7890/1/619 7889/1/619
f 7916/1/24 7917/1/24 7891/1/24 7890/1/24
f 7917/1/617 7918/1/617 7892/1/617 7891/1/617
f 7918/1/23 7919/1/23 7893/1/23 7892/1/23
f 7919/1/24 7920/1/24 7894/1/24 7893/1/24
f 7895/1/22 7894/1/22 7920/1/22 7921/1/22
f 7921/1/24 7922/1/24 7896/1/24 7895/1/24
f 7922/1/23 7923/1/23 7897/1/23 7896/1/23
f 7923/1/23 7924/1/23 7898/1/23 7897/1/23
f 7924/1/9 7925/1/9 7899/1/9 7898/1/9
f 7900/1/9 7899/1/9 7925/1/9 7926/1/9
f 7901/1/9 7900/1/9 7926/1/9 7927/1/9
f 7927/1/9 7928/1/9 7902/1/9 7901/1/9
f 7903/1/9 7902/1/9 7928/1/9 7929/1/9
f 7929/1/22 7930/1/22 7904/1/22 7903/1/22
f 7905/1/22 7904/1/22 7930/1/22 7931/1/22
f 7906/1/24 7905/1/24 7931/1/24 7932/1/24
f 7932/1/23 7933/1/23 7907/1/23 7906/1/23
f 7933/1/24 7934/1/24 7908/1/24 7907/1/24
f 7909/1/22 7908/1/22 7934/1/22 7935/1/22
f 7910/1/619 7909/1/619 7935/1/619 7936/1/619
f 7911/1/24 7910/1/24 7936/1/24 7937/1/24
f 7912/1/617 7911/1/617 7937/1/617 7938/1/617
f 7938/1/23 7939/1/23 7913/1/23 7912/1/23
f 7952/1/24 7953/1/24 7954/1/24 7955/1/24
f 7914/1/22 7862/1/22 7863/1/22 7915/1/22
f 7863/1/619 7864/1/619 7916/1/619 7915/1/619
f 7864/1/24 7865/1/24 7917/1/24 7916/1/24
f 7865/1/617 7866/1/617 7918/1/617 7917/1/617
f 7866/1/23 7867/1/23 7919/1/23 7918/1/23
f 7867/1/24 7868/1/24 7920/1/24 7919/1/24
f 7921/1/22 7920/1/22 7868/1/22 7869/1/22
f 7869/1/24 7870/1/24 7922/1/24 7921/1/24
f 7870/1/23 7871/1/23 7923/1/23 7922/1/23
f 7871/1/23 7872/1/23 7924/1/23 7923/1/23
f 7872/1/9 7873/1/9 7925/1/9 7924/1/9
f 7926/1/9 7925/1/9 7873/1/9 7874/1/9
f 7927/1/9 7926/1/9 7874/1/9 7875/1/9
f 7875/1/9 7876/1/9 7928/1/9 7927/1/9
f 7929/1/9 7928/1/9 7876/1/9 7877/1/9
f 7877/1/22 7878/1/22 7930/1/22 7929/1/22
f 7931/1/22 7930/1/22 7878/1/22 7879/1/22
f 7932/1/24 7931/1/24 7879/1/24 7880/1/24
f 7880/1/23 7881/1/23 7933/1/23 7932/1/23
f 7881/1/24 7882/1/24 7934/1/24 7933/1/24
f 7935/1/22 7934/1/22 7882/1/22 7883/1/22
f 7936/1/619 7935/1/619 7883/1/619 7884/1/619
f 7937/1/24 7936/1/24 7884/1/24 7885/1/24
f 7938/1/617 7937/1/617 7885/1/617 7886/1/617
f 7886/1/23 7887/1/23 7939/1/23 7938/1/23
f 7887/1/24 7862/1/24 7914/1/24 7939/1/24
f 7756/1/8 7757/1/8 7941/1/8 7940/1/8
f 7757/1/23 7760/1/23 7942/1/23 7941/1/23
f 7760/1/4 7761/1/4 7943/1/4 7942/1/4
f 7761/1/22 7756/1/22 7940/1/22 7943/1/22
f 7808/1/8 7809/1/8 7945/1/8 7944/1/8
f 7809/1/23 7835/1/23 7946/1/23 7945/1/23
f 7835/1/4 7834/1/4 7947/1/4 7946/1/4
f 7834/1/22 7808/1/22 7944/1/22 7947/1/22
f 7861/1/8 7836/1/8 7949/1/8 7948/1/8
f 7836/1/23 7862/1/23 7950/1/23 7949/1/23
f 7862/1/4 7887/1/4 7951/1/4 7950/1/4
f 7887/1/22 7861/1/22 7948/1/22 7951/1/22
f 7939/1/8 7914/1/8 7953/1/8 7952/1/8
f 7914/1/23 7888/1/23 7954/1/23 7953/1/23
f 7888/1/4 7913/1/4 7955/1/4 7954/1/4
f 7913/1/22 7939/1/22 7952/1/22 7955/1/22
f 7956/1/22 7957/1/22 7963/1/22 7962/1/22
f 7957/1/621 7958/1/621 7964/1/621 7963/1/621
f 7958/1/622 7959/1/622 7965/1/622 7964/1/622
f 7959/1/23 7960/1/23 7966/1/23 7965/1/23
f 7960/1/623 7961/1/623 7967/1/623 7966/1/623
f 7961/1/624 7956/1/624 7962/1/624 7967/1/624
f 7957/1/8 7956/1/8 7968/1/8
f 7958/1/8 7957/1/8 7968/1/8
f 7959/1/8 7958/1/8 7968/1/8
f 7960/1/8 7959/1/8 7968/1/8
f 7961/1/8 7960/1/8 7968/1/8
f 7956/1/8 7961/1/8 7968/1/8
f 7962/1/625 7963/1/625 7969/1/625
f 7963/1/625 7964/1/625 7969/1/625
f 7964/1/625 7965/1/625 7969/1/625
f 7965/1/625 7966/1/625 7969/1/625
f 7966/1/625 7967/1/625 7969/1/625
f 7967/1/625 7962/1/625 7969/1/625
f 7988/1/23 7971/1/23 7981/1/23 7987/1/23
f 7993/1/4 7973/1/4 7975/1/4 7992/1/4
f 7990/1/22 7980/1/22 7977/1/22 7989/1/22
f 7989/1/8 7977/1/8 7971/1/8 7988/1/8
f 7971/1/9 7977/1/9 7980/1/9 7981/1/9
f 7976/1/24 7970/1/24 7978/1/24 7979/1/24
f 7979/1/24 7978/1/24 7982/1/24 7983/1/24
f 7991/1/22 7984/1/22 7980/1/22 7990/1/22
f 7981/1/9 7980/1/9 7984/1/9 7985/1/9
f 7987/1/23 7981/1/23 7985/1/23 7986/1/23
f 7983/1/24 7982/1/24 7972/1/24 7974/1/24
f 7992/1/22 7975/1/22 7984/1/22 7991/1/22
f 7985/1/9 7984/1/9 7975/1/9 7973/1/9
f 7993/1/23 7986/1/23 7985/1/23 7973/1/23
f 8041/1/23 8040/1/23 8042/1/23 8043/1/23
f 8020/1/23 7988/1/23 7987/1/23 8019/1/23
f 8021/1/8 7989/1/8 7988/1/8 8020/1/8
f 8022/1/22 7990/1/22 7989/1/22 8021/1/22
f 8023/1/22 7991/1/22 7990/1/22 8022/1/22
f 8024/1/22 7992/1/22 7991/1/22 8023/1/22
f 8025/1/4 7993/1/4 7992/1/4 8024/1/4
f 8025/1/23 8018/1/23 7986/1/23 7993/1/23
f 7978/1/23 7995/1/23 7994/1/23 7982/1/23
f 7970/1/23 7996/1/23 7995/1/23 7978/1/23
f 7976/1/8 7997/1/8 7996/1/8 7970/1/8
f 7979/1/22 7998/1/22 7997/1/22 7976/1/22
f 7983/1/22 7999/1/22 7998/1/22 7979/1/22
f 7974/1/22 8000/1/22 7999/1/22 7983/1/22
f 7972/1/4 8001/1/4 8000/1/4 7974/1/4
f 7982/1/23 7994/1/23 8001/1/23 7972/1/23
f 8031/1/23 8030/1/23 8032/1/23 8033/1/23
f 7996/1/23 8004/1/23 8003/1/23 7995/1/23
f 7997/1/8 8005/1/8 8004/1/8 7996/1/8
f 7998/1/22 8006/1/22 8005/1/22 7997/1/22
f 7999/1/22 8007/1/22 8006/1/22 7998/1/22
f 8000/1/22 8008/1/22 8007/1/22 7999/1/22
f 8001/1/4 8009/1/4 8008/1/4 8000/1/4
f 8001/1/23 7994/1/23 8002/1/23 8009/1/23
f 8037/1/23 8036/1/23 8038/1/23 8039/1/23
f 8004/1/23 8012/1/23 8011/1/23 8003/1/23
f 8005/1/8 8013/1/8 8012/1/8 8004/1/8
f 8006/1/22 8014/1/22 8013/1/22 8005/1/22
f 8007/1/22 8015/1/22 8014/1/22 8006/1/22
f 8008/1/22 8016/1/22 8015/1/22 8007/1/22
f 8009/1/4 8017/1/4 8016/1/4 8008/1/4
f 8009/1/23 8002/1/23 8010/1/23 8017/1/23
f 8034/1/23 8027/1/23 8029/1/23 8035/1/23
f 8012/1/23 8020/1/23 8019/1/23 8011/1/23
f 8013/1/8 8021/1/8 8020/1/8 8012/1/8
f 8014/1/22 8022/1/22 8021/1/22 8013/1/22
f 8015/1/22 8023/1/22 8022/1/22 8014/1/22
f 8016/1/22 8024/1/22 8023/1/22 8015/1/22
f 8017/1/4 8025/1/4 8024/1/4 8016/1/4
f 8017/1/23 8010/1/23 8018/1/23 8025/1/23
f 8019/1/4 7987/1/4 8026/1/4 8027/1/4
f 7987/1/24 7986/1/24 8028/1/24 8026/1/24
f 7986/1/8 8018/1/8 8029/1/8 8028/1/8
f 7995/1/4 8003/1/4 8030/1/4 8031/1/4
f 8002/1/8 7994/1/8 8033/1/8 8032/1/8
f 7994/1/9 7995/1/9 8031/1/9 8033/1/9
f 8003/1/4 8011/1/4 8034/1/4 8030/1/4
f 8010/1/8 8002/1/8 8032/1/8 8035/1/8
f 8011/1/4 8019/1/4 8027/1/4 8034/1/4
f 8018/1/8 8010/1/8 8035/1/8 8029/1/8
f 8030/1/8 8034/1/8 8036/1/8 8037/1/8
f 8034/1/9 8035/1/9 8038/1/9 8036/1/9
f 8035/1/4 8032/1/4 8039/1/4 8038/1/4
f 8032/1/24 8030/1/24 8037/1/24 8039/1/24
f 8027/1/4 8026/1/4 8040/1/4 8041/1/4
f 8026/1/24 8028/1/24 8042/1/24 8040/1/24
f 8028/1/8 8029/1/8 8043/1/8 8042/1/8
f 8029/1/9 8027/1/9 8041/1/9 8043/1/9
usemtl Level_1_Building:Ground_Floor_Walls
f 1153/3/4 1154/4/4 1155/5/4 1156/6/4
f 1173/7/9 1174/8/9 1175/9/9 1176/10/9
f 1185/11/4 1186/12/4 1187/13/4 1188/14/4
f 1205/15/9 1206/16/9 1207/17/9 1208/18/9
f 1629/19/23 2803/20/23 2804/21/23 1628/22/23
f 1632/23/22 2795/24/22 2796/25/22 1631/26/22
f 1631/27/8 2796/28/8 2797/29/8 2434/30/8
f 3362/31/9 3361/32/9 3363/33/9 3364/34/9
f 1297/35/24 2438/36/24 2439/37/24 1404/38/24
f 2580/39/24 2581/40/24 2442/41/24 1434/42/24
f 1634/43/22 2792/44/22 2793/45/22 2577/46/22
f 2564/47/9 2565/48/9 1440/49/9 2420/50/9
f 2541/51/23 2807/52/23 2808/53/23 1625/54/23
f 1291/55/23 1292/56/23 1413/57/23 1414/58/23
f 1539/59/23 2556/60/23 2557/61/23 1542/62/23
f 2566/67/22 1439/68/22 1440/69/22 2565/70/22
f 1263/71/22 1410/72/22 1411/73/22 1216/74/22
f 2423/75/8 1263/76/8 1216/77/8 2422/78/8
f 1232/91/22 1265/92/22 1266/93/22 1238/94/22
f 1249/159/22 1248/160/22 2011/161/22 2012/162/22
f 2576/163/22 1435/164/22 2015/165/22 2575/166/22
f 1251/167/22 1406/168/22 2017/169/22 2018/170/22
f 2433/171/8 1251/172/8 2018/173/8 2432/174/8
f 1400/175/23 1288/176/23 2021/177/23 2022/178/23
f 1432/179/23 2542/180/23 2543/181/23 2025/182/23
f 1274/195/8 1261/196/8 1220/197/8 1259/197/8
f 1295/198/23 2075/199/23 2076/200/23 1399/201/23
f 2431/202/8 1226/203/8 2072/204/8 2430/205/8
f 1226/206/22 1407/207/22 2071/208/22 2072/209/22
f 2574/210/22 1436/211/22 2069/212/22 2573/213/22
f 2065/214/22 2066/215/22 1231/216/22 1237/217/22
f 1429/242/23 2546/243/23 2547/244/23 2083/245/23
f 1630/286/8 2802/287/8 2803/288/8 1629/289/8
f 2806/290/4 1626/291/4 1627/292/4 2805/293/4
f 1402/294/24 1209/295/24 1287/296/24 1401/297/24
f 1262/298/8 1210/299/8 1292/300/8 1291/301/8
f 1210/302/9 1412/303/9 1413/304/9 1292/305/9
f 1220/306/4 1261/307/4 1294/308/4 1293/309/4
f 1252/310/8 2020/311/8 2021/312/8 1288/313/8
f 2024/314/4 1253/315/4 1289/316/4 2023/317/4
f 1221/318/8 2074/319/8 2075/320/8 1295/321/8
f 2078/322/4 1222/323/4 1296/324/4 2077/325/4
f 1215/326/8 2437/327/8 2438/328/8 1297/329/8
f 1209/330/23 1402/331/23 1403/332/23 1298/333/23
f 2441/334/4 1218/335/4 1300/336/4 2440/337/4
f 1405/338/22 1215/339/22 1297/340/22 1404/341/22
f 1430/428/9 2545/429/9 2546/430/9 1429/431/9
f 1420/432/4 2080/433/4 2081/434/4 1422/435/4
f 2555/436/24 1443/437/24 1444/438/24 2554/439/24
f 1454/444/23 1416/445/23 1417/446/23 1453/447/23
f 1375/448/4 1450/449/4 1451/450/4 1374/451/4
f 1449/452/8 1450/452/8 1375/453/8 1376/454/8
f 1447/455/4 1448/456/4 1423/457/4 1424/458/4
f 1445/459/23 2552/460/23 2553/461/23 1427/462/23
f 1392/505/22 1393/506/22 1461/507/22 1462/508/22
f 2568/509/22 1460/510/22 1438/511/22 2567/512/22
f 1457/513/22 1458/514/22 1409/515/22 1395/516/22
f 2425/517/8 1457/518/8 1395/519/8 2424/520/8
f 1455/521/8 1456/522/8 1396/523/8 1373/524/8
f 1373/525/23 1291/55/23 1414/58/23 1397/526/23
f 1261/307/4 1375/448/4 1374/451/4 1294/308/4
f 1376/454/8 1375/453/8 1261/196/8 1274/195/8
f 1424/458/4 1423/457/4 1425/527/4 1426/528/4
f 1444/529/23 1427/462/23 2553/461/23 2554/530/23
f 1266/93/22 1265/92/22 1393/506/22 1392/505/22
f 2567/512/22 1438/511/22 1439/68/22 2566/67/22
f 1395/516/22 1409/515/22 1410/72/22 1263/71/22
f 2424/520/8 1395/519/8 1263/76/8 2423/75/8
f 1373/524/8 1396/523/8 1262/298/8 1291/301/8
f 1452/537/23 1397/526/23 1374/538/23 1451/539/23
f 1399/201/23 2076/200/23 2077/540/23 1296/541/23
f 1289/542/23 1400/175/23 2022/178/23 2023/543/23
f 1628/22/23 2804/21/23 2805/544/23 1627/545/23
f 1217/546/24 1402/294/24 1401/297/24 1290/547/24
f 1403/332/23 1402/331/23 1217/548/23 1299/549/23
f 1404/38/24 2439/37/24 2440/550/24 1300/551/24
f 1218/552/22 1405/338/22 1404/341/22 1300/553/22
f 1633/554/22 2794/555/22 2795/24/22 1632/23/22
f 2017/169/22 1406/168/22 1250/556/22 2016/557/22
f 2071/208/22 1407/207/22 1225/558/22 2070/559/22
f 1409/515/22 1458/514/22 1459/560/22 1394/561/22
f 1410/72/22 1409/515/22 1394/561/22 1264/562/22
f 1411/73/22 1410/72/22 1264/562/22 1219/563/22
f 3364/34/9 3363/33/9 3365/564/9 3366/565/9
f 1413/304/9 1412/303/9 1220/566/9 1293/567/9
f 1414/58/23 1413/57/23 1293/568/23 1294/569/23
f 1397/526/23 1414/58/23 1294/569/23 1374/538/23
f 1455/521/8 1373/524/8 1416/570/8 1454/571/8
f 1373/572/9 1397/573/9 1417/574/9 1416/575/9
f 1397/576/4 1452/577/4 1453/578/4 1417/579/4
f 1398/580/24 1349/581/24 1415/582/24 1418/583/24
f 1257/584/23 2079/585/23 2080/586/23 1420/587/23
f 2082/588/22 1345/589/22 1422/590/22 2081/591/22
f 1345/592/24 1257/593/24 1420/594/24 1422/595/24
f 1449/596/23 1376/597/23 1423/598/23 1448/599/23
f 1377/600/22 1446/601/22 1447/602/22 1424/603/22
f 1376/597/23 1274/604/23 1425/605/23 1423/598/23
f 1274/606/9 1347/607/9 1426/608/9 1425/609/9
f 1347/610/22 1377/600/22 1424/603/22 1426/611/22
f 1476/612/23 1510/613/23 1511/614/23 1378/615/23
f 1346/616/23 1529/617/23 2085/618/23 2086/619/23
f 1258/620/9 1528/621/9 1529/622/9 1346/623/9
f 1254/624/23 1526/625/23 2027/626/23 2028/627/23
f 1656/628/23 2813/629/23 2814/630/23 1655/631/23
f 1524/632/24 2444/633/24 2445/634/24 1230/635/24
f 1636/636/22 2788/637/22 2789/638/22 1635/639/22
f 2013/640/22 1523/641/22 1249/159/22 2012/162/22
f 2067/642/22 1522/643/22 1231/216/22 2066/215/22
f 1518/644/22 1519/645/22 1461/507/22 1393/506/22
f 1517/646/22 1518/644/22 1393/506/22 1265/92/22
f 1516/647/22 1517/646/22 1265/92/22 1232/91/22
f 2418/648/9 1516/649/9 1232/650/9 2417/651/9
f 1543/652/23 1544/653/23 1545/654/23 1546/655/23
f 1512/656/24 1513/657/24 1273/658/24 1348/659/24
f 1378/615/23 1511/614/23 1512/660/23 1348/661/23
f 1477/662/23 2549/663/23 2550/664/23 2139/665/23
f 2137/666/22 2138/667/22 1478/668/22 1479/669/22
f 1479/670/4 1480/671/4 2136/672/4 2137/673/4
f 1481/674/23 2135/675/23 2136/676/23 1480/677/23
f 2133/678/4 2134/679/4 1482/680/4 1483/681/4
f 1484/682/23 2132/683/23 2133/684/23 1483/685/23
f 2131/686/4 2132/687/4 1484/688/4 1485/689/4
f 1486/690/23 2130/691/23 2131/692/23 1485/693/23
f 1487/694/8 2129/695/8 2130/696/8 1486/697/8
f 1487/694/8 1488/698/8 2128/699/8 2129/695/8
f 2428/700/8 1489/701/8 2126/702/8 2427/703/8
f 1489/704/22 1490/705/22 2125/706/22 2126/707/22
f 2124/708/22 2125/706/22 1490/705/22 1491/709/22
f 2571/710/22 1492/711/22 2123/712/22 2570/713/22
f 2120/714/22 2121/715/22 1520/716/22 1493/717/22
f 2119/718/22 2120/714/22 1493/717/22 1494/719/22
f 1508/762/23 1509/763/23 2145/764/23 2146/765/23
f 1428/766/23 2548/767/23 2549/663/23 1477/662/23
f 1479/669/22 1478/668/22 1353/768/22 1421/769/22
f 1421/770/4 1419/771/4 1480/671/4 1479/670/4
f 1352/772/23 1481/674/23 1480/677/23 1419/773/23
f 1483/681/4 1482/680/4 1351/774/4 1350/775/4
f 1398/776/23 1484/682/23 1483/685/23 1350/777/23
f 1485/689/4 1484/688/4 1398/778/4 1418/779/4
f 1415/780/23 1486/690/23 1485/693/23 1418/781/23
f 1349/782/8 1487/694/8 1486/697/8 1415/783/8
f 1349/782/8 1372/784/8 1488/698/8 1487/694/8
f 2429/785/8 1371/786/8 1489/701/8 2428/700/8
f 1371/787/22 1408/788/22 1490/705/22 1489/704/22
f 1491/709/22 1490/705/22 1408/788/22 1370/789/22
f 2572/790/22 1437/791/22 1492/711/22 2571/710/22
f 1493/717/22 1520/716/22 1521/792/22 1369/793/22
f 1494/719/22 1493/717/22 1369/793/22 1368/794/22
f 1354/816/23 1530/817/23 1509/763/23 1508/762/23
f 1681/818/23 1532/819/23 2140/820/23 2141/821/23
f 1678/822/23 1679/823/23 1445/459/23 1427/462/23
f 1677/824/23 1678/822/23 1427/462/23 1444/529/23
f 1444/438/24 1443/437/24 1676/825/24 1677/826/24
f 1674/827/23 1675/828/23 1539/59/23 1542/62/23
f 2420/50/9 1440/49/9 1671/829/9 2419/830/9
f 1440/69/22 1439/68/22 1670/831/22 1671/832/22
f 1439/68/22 1438/511/22 1669/833/22 1670/831/22
f 1438/511/22 1460/510/22 1668/834/22 1669/833/22
f 1667/835/22 2122/836/22 2123/712/22 1492/711/22
f 1666/837/22 1667/835/22 1492/711/22 1437/791/22
f 2069/212/22 1436/211/22 1665/838/22 2068/839/22
f 2015/165/22 1435/164/22 1664/840/22 2014/841/22
f 1663/842/22 2791/843/22 2792/44/22 1634/43/22
f 1434/42/24 2442/41/24 2443/844/24 1661/845/24
f 1658/846/23 1625/54/23 2808/53/23 2809/847/23
f 2026/848/23 1657/849/23 1432/179/23 2025/182/23
f 1684/850/9 1685/851/9 1430/428/9 1429/431/9
f 2084/852/23 1684/853/23 1429/242/23 2083/245/23
f 1682/854/23 1683/855/23 1428/766/23 1477/662/23
f 1682/856/9 1477/857/9 1532/858/9 1681/859/9
f 1477/860/4 2139/861/4 2140/862/4 1532/863/4
f 1445/864/24 1679/865/24 1680/866/24 1533/867/24
f 2144/868/8 1535/869/8 1537/870/8 2143/871/8
f 2145/764/23 1509/763/23 1535/872/23 2144/873/23
f 1509/874/24 1531/875/24 1537/876/24 1535/877/24
f 1531/878/22 2142/879/22 2143/880/22 1537/881/22
f 1534/882/9 1510/883/9 1536/884/9 1538/885/9
f 1443/437/24 2555/436/24 2556/886/24 1539/887/24
f 1274/195/8 1259/197/8 1541/888/8 1540/889/8
f 2558/890/9 1442/891/9 1542/892/9 2557/893/9
f 1273/658/24 1513/657/24 1544/894/24 1543/895/24
f 1514/896/9 1260/897/9 1546/898/9 1545/899/9
f 1260/900/4 1273/901/4 1543/902/4 1546/903/4
f 1676/825/24 1443/437/24 1539/887/24 1675/904/24
f 1442/891/9 1673/905/9 1674/906/9 1542/892/9
f 1229/1027/23 1593/1028/23 1592/1029/23 1235/1030/23
f 1525/1031/23 1594/1032/23 1593/1028/23 1229/1027/23
f 1433/1033/23 1595/1034/23 1659/1035/23 1660/1036/23
f 2538/1037/23 2539/1038/23 1595/1034/23 1433/1033/23
f 1597/1039/4 1596/1040/4 1217/1041/4 1290/1042/4
f 1401/1043/23 1598/1044/23 1597/1045/23 1290/1046/23
f 1287/1047/23 1599/1048/23 1598/1044/23 1401/1043/23
f 1209/1049/8 1600/1050/8 1599/1051/8 1287/1052/8
f 1215/326/8 1601/1053/8 2436/1054/8 2437/327/8
f 1405/338/22 1602/1055/22 1601/1056/22 1215/339/22
f 1218/552/22 1603/1057/22 1602/1055/22 1405/338/22
f 1434/1058/22 1604/1059/22 2579/1060/22 2580/1061/22
f 1661/1062/22 1662/1063/22 1604/1059/22 1434/1058/22
f 1230/1064/22 1606/1065/22 1605/1066/22 1524/1067/22
f 2539/1038/23 2977/1115/23 2978/1116/23 1595/1034/23
f 2975/1117/4 2976/1118/4 1596/1040/4 1597/1039/4
f 1598/1044/23 2974/1119/23 2975/1120/23 1597/1045/23
f 1599/1048/23 2973/1121/23 2974/1119/23 1598/1044/23
f 1600/1050/8 2972/1122/8 2973/1123/8 1599/1051/8
f 1601/1053/8 2966/1124/8 2967/1125/8 2436/1054/8
f 1602/1055/22 2965/1126/22 2966/1127/22 1601/1056/22
f 1603/1057/22 2964/1128/22 2965/1126/22 1602/1055/22
f 1604/1059/22 2962/1129/22 2963/1130/22 2579/1060/22
f 1662/1063/22 2961/1131/22 2962/1129/22 1604/1059/22
f 1606/1065/22 2958/1132/22 2959/1133/22 1605/1066/22
f 1594/1032/23 2981/1166/23 2982/1167/23 1593/1028/23
f 1595/1034/23 2978/1116/23 2979/1168/23 1659/1035/23
f 1687/1169/23 2590/1170/23 2811/1171/23 2812/1172/23
f 2587/1173/23 2980/1174/23 2981/1166/23 1594/1032/23
f 2586/1175/23 2587/1173/23 1594/1032/23 1525/1031/23
f 2632/1176/24 2633/1177/24 2444/633/24 1524/632/24
f 1524/1067/22 1605/1066/22 2631/1178/22 2632/1179/22
f 1605/1066/22 2959/1133/22 2960/1180/22 2631/1178/22
f 1635/639/22 2789/638/22 2790/1181/22 2629/1182/22
f 2627/1183/22 2628/1184/22 1523/641/22 2013/640/22
f 2625/1185/22 2626/1186/22 1522/643/22 2067/642/22
f 1521/792/22 1520/716/22 2623/1187/22 2624/1188/22
f 1520/716/22 2121/715/22 2622/1189/22 2623/1187/22
f 2619/1190/22 2620/1191/22 1519/645/22 1518/644/22
f 2618/1192/22 2619/1190/22 1518/644/22 1517/646/22
f 2617/1193/22 2618/1192/22 1517/646/22 1516/647/22
f 2616/1194/9 2617/1195/9 1516/649/9 2418/648/9
f 2609/1196/9 2610/1197/9 1514/896/9 1545/899/9
f 1545/654/23 1544/653/23 2608/1198/23 2609/1199/23
f 1513/657/24 2607/1200/24 2608/1201/24 1544/894/24
f 2606/1202/24 2607/1200/24 1513/657/24 1512/656/24
f 1512/660/23 1511/614/23 2605/1203/23 2606/1204/23
f 1511/614/23 1510/613/23 2604/1205/23 2605/1203/23
f 2603/1206/24 2604/1207/24 1510/1208/24 1534/1209/24
f 1531/1210/23 2600/1211/23 2601/1212/23 2142/1213/23
f 1509/1214/9 2599/1215/9 2600/1216/9 1531/1217/9
f 1509/763/23 1530/817/23 2598/1218/23 2599/1219/23
f 2085/618/23 1529/617/23 2596/1220/23 2597/1221/23
f 1529/622/9 1528/621/9 2595/1222/9 2596/1223/9
f 2027/626/23 1526/625/23 2592/1224/23 2593/1225/23
f 1656/1226/9 2589/1227/9 2590/1228/9 1687/1229/9
f 1658/1230/4 2809/1231/4 2810/1232/4 1688/1233/4
f 2592/1234/24 1526/1235/24 1690/1236/24 2591/1237/24
f 2813/1238/8 1656/1239/8 1687/1240/8 2812/1241/8
f 2345/1510/9 1821/1511/9 1820/1512/9 2344/1513/9
f 2613/1514/9 2614/1515/9 1821/1511/9 2345/1510/9
f 2347/1516/9 1823/1517/9 1822/1518/9 2346/1519/9
f 2561/1520/9 2562/1521/9 1823/1517/9 2347/1516/9
f 3368/1522/9 3367/1523/9 3369/1524/9 3370/1525/9
f 3372/1526/9 3371/1527/9 3367/1523/9 3368/1522/9
f 2350/1528/8 1826/1529/8 1825/1530/8 2349/1531/8
f 2351/1532/8 1827/1533/8 1826/1529/8 2350/1528/8
f 2352/1534/8 1828/1535/8 1827/1533/8 2351/1532/8
f 2355/1536/8 1829/1537/8 2127/1538/8 2354/1539/8
f 2356/1540/8 1830/1541/8 1829/1537/8 2355/1536/8
f 2358/1542/8 1831/1543/8 2073/1544/8 2357/1545/8
f 2360/1546/8 1832/1547/8 2019/1548/8 2359/1549/8
f 1833/1550/8 2799/1551/8 2800/1552/8 2361/1553/8
f 1834/1554/8 2969/1555/8 2970/1556/8 2363/1557/8
f 1835/1558/8 1834/1554/8 2363/1557/8 2364/1559/8
f 1836/1560/8 1835/1558/8 2364/1559/8 2365/1561/8
f 1837/1562/24 1836/1563/24 2365/1564/24 2366/1565/24
f 1838/1566/24 1837/1562/24 2366/1565/24 2367/1567/24
f 2368/1568/4 1839/1569/4 1838/1570/4 2367/1571/4
f 1840/1572/24 2535/1573/24 2536/1574/24 2369/1575/24
f 1841/1576/24 1840/1572/24 2369/1575/24 2370/1577/24
f 1842/1578/24 2583/1579/24 2584/1580/24 2371/1581/24
f 1843/1582/24 1842/1578/24 2371/1581/24 2372/1583/24
f 1957/1800/22 1956/1798/22 1904/922/22 1878/1718/22
f 1958/1801/22 1957/1800/22 1878/1718/22 1929/1721/22
f 1959/1802/22 1958/1801/22 1929/1721/22 1641/986/22
f 1960/1803/22 1959/1802/22 1641/986/22 1640/111/22
f 1961/1804/22 1960/1803/22 1640/111/22 1639/114/22
f 2677/2/4 1961/2/4 1639/2/4 2676/2/4
f 1963/2/22 1962/2/22 1638/2/22 1637/2/22
f 2683/2/8 1636/2/8 1964/2/8 2682/2/8
f 1965/1805/22 1964/1806/22 1636/636/22 1635/639/22
f 2630/1807/22 1965/1805/22 1635/639/22 2629/1182/22
f 1967/1808/22 1966/1809/22 1663/842/22 1634/43/22
f 2578/1810/22 1967/1808/22 1634/43/22 2577/46/22
f 1969/1811/22 1968/1812/22 1633/554/22 1632/23/22
f 1970/1813/22 1969/1811/22 1632/23/22 1631/26/22
f 2435/1814/8 1970/1815/8 1631/27/8 2434/30/8
f 2362/1816/8 1971/1817/8 1833/1550/8 2361/1553/8
f 1723/2/8 2004/2/8 2003/2/8 1334/2/8
f 1241/2/8 2005/2/8 2004/2/8 1723/2/8
f 1902/929/22 2006/923/22 2005/926/22 1241/930/22
f 1876/1710/22 2007/1717/22 2006/923/22 1902/929/22
f 1927/1713/22 2008/1714/22 2007/1717/22 1876/1710/22
f 1554/991/22 2009/989/22 2008/1714/22 1927/1713/22
f 1574/221/22 2010/157/22 2009/989/22 1554/991/22
f 2011/158/22 2010/157/22 1574/221/22 1237/220/22
f 2012/162/22 2011/161/22 1237/217/22 1231/216/22
f 1522/643/22 2013/640/22 2012/162/22 1231/216/22
f 2626/1186/22 2627/1183/22 2013/640/22 1522/643/22
f 1436/211/22 2015/165/22 2014/841/22 1665/838/22
f 2575/166/22 2015/165/22 1436/211/22 2574/210/22
f 1407/207/22 2017/169/22 2016/557/22 1225/558/22
f 2018/170/22 2017/169/22 1407/207/22 1226/206/22
f 2432/174/8 2018/173/8 1226/203/8 2431/202/8
f 2359/1549/8 2019/1548/8 1831/1543/8 2358/1542/8
f 1724/2/8 2058/2/8 2057/2/8 1366/2/8
f 1367/2/8 2059/2/8 2058/2/8 1724/2/8
f 1367/934/22 1901/933/22 2060/928/22 2059/927/22
f 2061/1711/22 2060/928/22 1901/933/22 1875/1708/22
f 2062/1712/22 2061/1711/22 1875/1708/22 1926/1709/22
f 2063/990/22 2062/1712/22 1926/1709/22 1555/993/22
f 1555/993/22 1575/796/22 2064/218/22 2063/990/22
f 1575/796/22 1368/795/22 2065/219/22 2064/218/22
f 1368/794/22 1369/793/22 2066/215/22 2065/214/22
f 1521/792/22 2067/642/22 2066/215/22 1369/793/22
f 2624/1188/22 2625/1185/22 2067/642/22 1521/792/22
f 1437/791/22 2069/212/22 2068/839/22 1666/837/22
f 2573/213/22 2069/212/22 1437/791/22 2572/790/22
f 2072/209/22 2071/208/22 1408/788/22 1371/787/22
f 2430/205/8 2072/204/8 1371/786/8 2429/785/8
f 2357/1545/8 2073/1544/8 1830/1541/8 2356/1540/8
f 2075/320/8 2074/319/8 1372/784/8 1349/782/8
f 2076/200/23 2075/199/23 1349/1878/23 1398/776/23
f 2077/540/23 2076/200/23 1398/776/23 1350/777/23
f 1351/774/4 2078/322/4 2077/325/4 1350/775/4
f 2184/2/8 2185/2/8 2112/2/8 2111/2/8
f 2185/2/8 2186/2/8 2113/2/8 2112/2/8
f 2186/1905/22 2187/1906/22 2114/936/22 2113/935/22
f 2115/1705/22 2114/936/22 2187/1906/22 2188/1907/22
f 2116/1706/22 2115/1705/22 2188/1907/22 2189/1908/22
f 2117/994/22 2116/1706/22 2189/1908/22 2190/1909/22
f 2190/1909/22 2191/1910/22 2118/720/22 2117/994/22
f 2191/1910/22 2192/1911/22 2119/721/22 2118/720/22
f 2192/1912/22 2193/1913/22 2120/714/22 2119/718/22
f 2193/1913/22 2194/1914/22 2121/715/22 2120/714/22
f 2622/1189/22 2121/715/22 2194/1914/22 2621/1915/22
f 2123/712/22 2122/836/22 2195/1916/22 2196/1917/22
f 2570/713/22 2123/712/22 2196/1917/22 2569/1918/22
f 2197/1919/22 2198/1920/22 2125/706/22 2124/708/22
f 2126/707/22 2125/706/22 2198/1920/22 2199/1921/22
f 2354/1539/8 2127/1538/8 2200/1924/8 2353/1925/8
f 2129/695/8 2128/699/8 2201/1926/8 2202/1927/8
f 2130/696/8 2129/695/8 2202/1927/8 2203/1928/8
f 2131/692/23 2130/691/23 2203/1929/23 2204/1930/23
f 2204/1931/4 2205/1932/4 2132/687/4 2131/686/4
f 2133/684/23 2132/683/23 2205/1933/23 2206/1934/23
f 2206/1935/4 2207/1936/4 2134/679/4 2133/678/4
f 2135/2/23 2134/2/54 2207/2/54 2208/2/23
f 2136/676/23 2135/675/23 2208/1937/23 2209/1938/23
f 2137/673/4 2136/672/4 2209/1939/4 2210/1940/4
f 2210/1941/22 2211/1942/22 2138/667/22 2137/666/22
f 1464/2/8 1726/2/8 2185/2/8 2184/2/8
f 1726/2/8 1463/2/8 2186/2/8 2185/2/8
f 1463/940/22 1899/939/22 2187/1906/22 2186/1905/22
f 2188/1907/22 2187/1906/22 1899/939/22 1873/1702/22
f 2189/1908/22 2188/1907/22 1873/1702/22 1924/1703/22
f 2190/1909/22 2189/1908/22 1924/1703/22 1557/996/22
f 1557/996/22 1577/504/22 2191/1910/22 2190/1909/22
f 1577/504/22 1462/503/22 2192/1911/22 2191/1910/22
f 1462/508/22 1461/507/22 2193/1913/22 2192/1912/22
f 1461/507/22 1519/645/22 2194/1914/22 2193/1913/22
f 2621/1915/22 2194/1914/22 1519/645/22 2620/1191/22
f 2196/1917/22 2195/1916/22 1668/834/22 1460/510/22
f 2569/1918/22 2196/1917/22 1460/510/22 2568/509/22
f 1459/560/22 1458/514/22 2198/1920/22 2197/1919/22
f 2199/1921/22 2198/1920/22 1458/514/22 1457/513/22
f 2353/1925/8 2200/1924/8 1828/1535/8 2352/1534/8
f 2202/1927/8 2201/1926/8 1456/522/8 1455/521/8
f 2203/1928/8 2202/1927/8 1455/521/8 1454/571/8
f 2204/1930/23 2203/1929/23 1454/444/23 1453/447/23
f 1453/578/4 1452/577/4 2205/1932/4 2204/1931/4
f 2206/1934/23 2205/1933/23 1452/537/23 1451/539/23
f 1451/450/4 1450/449/4 2207/1936/4 2206/1935/4
f 2208/2/23 2207/2/54 1450/2/23 1449/2/297
f 2209/1938/23 2208/1937/23 1449/596/23 1448/599/23
f 2210/1940/4 2209/1939/4 1448/456/4 1447/455/4
f 1447/602/22 1446/601/22 2211/1942/22 2210/1941/22
f 3295/2103/9 3296/2104/9 3297/2105/9 3298/2106/9
f 3299/2107/9 3300/2108/9 3296/2104/9 3295/2103/9
f 3302/2109/9 3301/2110/9 3300/2108/9 3299/2107/9
f 3304/2111/9 3303/2112/9 3301/2110/9 3302/2109/9
f 3306/2113/9 3305/2114/9 3303/2112/9 3304/2111/9
f 2275/2115/4 2274/2116/4 1233/264/4 1278/284/4
f 1276/280/9 2276/2117/9 2275/2118/9 1278/281/9
f 3347/2119/8 3355/2120/8 3356/2121/8 3348/2122/8
f 1515/2123/9 2278/2124/9 2277/2125/9 1227/2126/9
f 2611/2127/9 2612/2128/9 2278/2124/9 1515/2123/9
f 1441/2129/9 2280/2130/9 2279/2131/9 1672/2132/9
f 2559/2133/9 2560/2134/9 2280/2130/9 1441/2129/9
f 3374/2135/9 3373/2136/9 3375/2137/9 3376/2138/9
f 3378/2139/9 3377/2140/9 3373/2136/9 3374/2135/9
f 1262/298/8 2283/2141/8 2282/2142/8 1210/299/8
f 1396/523/8 2284/2143/8 2283/2141/8 1262/298/8
f 1456/522/8 2285/2144/8 2284/2143/8 1396/523/8
f 2201/1926/8 2286/2145/8 2285/2144/8 1456/522/8
f 2128/699/8 2287/2146/8 2286/2145/8 2201/1926/8
f 1488/698/8 2288/2147/8 2287/2146/8 2128/699/8
f 1372/784/8 2289/2148/8 2288/2147/8 1488/698/8
f 2074/319/8 2290/2149/8 2289/2148/8 1372/784/8
f 1221/318/8 2291/2150/8 2290/2149/8 2074/319/8
f 2020/311/8 2292/2151/8 2291/2150/8 1221/318/8
f 1252/310/8 2293/2152/8 2292/2151/8 2020/311/8
f 2294/2153/8 2801/2154/8 2802/287/8 1630/286/8
f 1972/1819/8 2295/2155/8 2294/2153/8 1630/286/8
f 2296/2156/8 2971/2157/8 2972/1122/8 1600/1050/8
f 2297/2158/8 2296/2156/8 1600/1050/8 1209/1049/8
f 3296/2104/9 3292/1691/9 3294/1756/9 3297/2105/9
f 3300/2108/9 3289/1688/9 3292/1691/9 3296/2104/9
f 3301/2110/9 3286/1495/9 3289/1688/9 3300/2108/9
f 3303/2112/9 3284/1492/9 3286/1495/9 3301/2110/9
f 3305/2114/9 3288/1496/9 3284/1492/9 3303/2112/9
f 2342/1501/4 2341/1500/4 2274/2116/4 2275/2115/4
f 2276/2117/9 2343/1502/9 2342/1505/9 2275/2118/9
f 3355/2120/8 3352/1506/8 3354/1509/8 3356/2121/8
f 2278/2124/9 2345/1510/9 2344/1513/9 2277/2125/9
f 2612/2128/9 2613/1514/9 2345/1510/9 2278/2124/9
f 2280/2130/9 2347/1516/9 2346/1519/9 2279/2131/9
f 2560/2134/9 2561/1520/9 2347/1516/9 2280/2130/9
f 3373/2136/9 3368/1522/9 3370/1525/9 3375/2137/9
f 3377/2140/9 3372/1526/9 3368/1522/9 3373/2136/9
f 2283/2141/8 2350/1528/8 2349/1531/8 2282/2142/8
f 2284/2143/8 2351/1532/8 2350/1528/8 2283/2141/8
f 2285/2144/8 2352/1534/8 2351/1532/8 2284/2143/8
f 2286/2145/8 2353/1925/8 2352/1534/8 2285/2144/8
f 2287/2146/8 2354/1539/8 2353/1925/8 2286/2145/8
f 2288/2147/8 2355/1536/8 2354/1539/8 2287/2146/8
f 2289/2148/8 2356/1540/8 2355/1536/8 2288/2147/8
f 2290/2149/8 2357/1545/8 2356/1540/8 2289/2148/8
f 2291/2150/8 2358/1542/8 2357/1545/8 2290/2149/8
f 2292/2151/8 2359/1549/8 2358/1542/8 2291/2150/8
f 2293/2152/8 2360/1546/8 2359/1549/8 2292/2151/8
f 2361/1553/8 2800/1552/8 2801/2154/8 2294/2153/8
f 2295/2155/8 2362/1816/8 2361/1553/8 2294/2153/8
f 2363/1557/8 2970/1556/8 2971/2157/8 2296/2156/8
f 2364/1559/8 2363/1557/8 2296/2156/8 2297/2158/8
f 3116/2/8 2491/2/8 2492/2/8 3115/2/8
f 3117/2285/9 2490/2286/9 2491/2287/9 3116/2288/9
f 3307/2289/9 3308/2290/9 3309/2291/9 3310/2292/9
f 3311/2293/9 3312/2294/9 3308/2290/9 3307/2289/9
f 3314/2295/9 3313/2296/9 3312/2294/9 3311/2293/9
f 3316/2297/9 3315/2298/9 3313/2296/9 3314/2295/9
f 3318/2299/9 3317/2300/9 3315/2298/9 3316/2297/9
f 2488/2301/4 2489/2302/4 3118/2303/4 3119/2304/4
f 3120/2305/9 2487/2306/9 2488/2307/9 3119/2308/9
f 3358/2309/8 3357/2310/8 3359/2311/8 3360/2312/8
f 3122/2313/9 2485/2314/9 2486/2315/9 3121/2316/9
f 3123/2317/9 2615/2318/9 2485/2314/9 3122/2313/9
f 3125/2319/9 2483/2320/9 2484/2321/9 3124/2322/9
f 3126/2323/9 2563/2324/9 2483/2320/9 3125/2319/9
f 3380/2325/9 3379/2326/9 3381/2327/9 3382/2328/9
f 3384/2329/9 3383/2330/9 3379/2326/9 3380/2325/9
f 3129/2331/8 2480/2332/8 2481/2333/8 3128/2334/8
f 3130/2335/8 2479/2336/8 2480/2332/8 3129/2331/8
f 3131/2337/8 2478/2338/8 2479/2336/8 3130/2335/8
f 3132/2339/8 2477/2340/8 2478/2338/8 3131/2337/8
f 3133/2341/8 2476/2342/8 2477/2340/8 3132/2339/8
f 3134/2343/8 2475/2344/8 2476/2342/8 3133/2341/8
f 3135/2345/8 2474/2346/8 2475/2344/8 3134/2343/8
f 3136/2347/8 2473/2348/8 2474/2346/8 3135/2345/8
f 3137/2349/8 2472/2350/8 2473/2348/8 3136/2347/8
f 3138/2351/8 2471/2352/8 2472/2350/8 3137/2349/8
f 3139/2353/8 2470/2354/8 2471/2352/8 3138/2351/8
f 2469/2355/8 2798/2356/8 3142/2357/8 3143/2358/8
f 3144/2359/8 2468/2360/8 2469/2355/8 3143/2358/8
f 2244/2419/22 2245/2420/22 2452/2421/22 2454/2422/22
f 2246/2423/8 2313/2424/8 2455/2425/8 2456/2426/8
f 2313/2203/23 2312/2411/23 2451/2414/23 2455/2427/23
f 2245/2420/22 2246/2428/22 2456/2429/22 2452/2421/22
f 2523/2430/4 3163/2431/4 3164/2432/4 2522/2433/4
f 1932/2422/22 1881/2421/22 2459/2434/22 2458/2435/22
f 2379/2436/23 2378/2437/23 2457/2438/23 2460/2439/23
f 2380/2440/23 2379/2436/23 2460/2439/23 2461/2441/23
f 1881/2421/22 1907/2429/22 2462/2442/22 2459/2434/22
f 3167/2443/8 2519/2444/8 2520/2445/8 3166/2446/8
f 2645/2447/24 2644/2448/24 2646/2449/24 2647/2450/24
f 2641/2451/24 2640/2452/24 2642/2453/24 2643/2454/24
f 2438/328/8 2437/327/8 2466/2365/8 2465/2367/8
f 2437/327/8 2436/1054/8 2467/2361/8 2466/2365/8
f 2436/1054/8 2967/1125/8 2968/2362/8 2467/2361/8
f 2469/2355/8 2468/2360/8 2435/1814/8 2434/30/8
f 2434/30/8 2797/29/8 2798/2356/8 2469/2355/8
f 2471/2352/8 2470/2354/8 2433/171/8 2432/174/8
f 2472/2350/8 2471/2352/8 2432/174/8 2431/202/8
f 2473/2348/8 2472/2350/8 2431/202/8 2430/205/8
f 2474/2346/8 2473/2348/8 2430/205/8 2429/785/8
f 2475/2344/8 2474/2346/8 2429/785/8 2428/700/8
f 2476/2342/8 2475/2344/8 2428/700/8 2427/703/8
f 2477/2340/8 2476/2342/8 2427/703/8 2426/1923/8
f 2382/2/8 2381/2/8 2518/2/8 2517/2/8
f 2381/917/24 2380/916/24 2519/2212/24 2518/2211/24
f 2520/2445/8 2519/2444/8 2380/2464/8 2461/2465/8
f 2461/2466/24 2460/2467/24 2521/2208/24 2520/2209/24
f 2457/2468/24 2522/2205/24 2521/2208/24 2460/2467/24
f 2378/2469/4 2523/2430/4 2522/2433/4 2457/2470/4
f 2378/1729/24 2450/984/24 2524/2407/24 2523/2409/24
f 2450/984/24 2449/109/24 2525/2403/24 2524/2407/24
f 2449/109/24 2448/108/24 2526/2404/24 2525/2403/24
f 2527/2401/4 2526/2400/4 2448/350/4 2447/353/4
f 2447/89/24 2446/88/24 2528/2396/24 2527/2395/24
f 2446/344/8 2445/343/8 2529/2392/8 2528/2391/8
f 2445/634/24 2444/633/24 2530/2385/24 2529/2389/24
f 2444/633/24 2633/1177/24 2582/2386/24 2530/2385/24
f 2635/2471/24 2634/2472/24 2636/2473/24 2637/2474/24
f 2649/2475/4 2648/2476/4 2650/2477/4 2651/2478/4
f 2534/2380/24 2533/2479/24 3151/2480/24 3152/2381/24
f 2536/1574/24 2535/1573/24 1839/2481/24 2368/2482/24
f 2537/2172/24 2536/1574/24 2368/2482/24 2301/2483/24
f 2538/2173/24 2537/2172/24 2301/2483/24 1217/2484/24
f 1217/2485/23 1596/2486/23 2539/1038/23 2538/1037/23
f 1596/2486/23 2976/2487/23 2977/1115/23 2539/1038/23
f 2541/51/23 2540/1826/23 1976/2488/23 1626/2489/23
f 1626/2489/23 2806/2490/23 2807/52/23 2541/51/23
f 2543/181/23 2542/180/23 1253/2491/23 2024/2492/23
f 2544/1845/23 2543/181/23 2024/2492/23 1222/2493/23
f 2545/2/53 2544/2/23 1222/2/296 1257/2/23
f 2546/430/9 2545/429/9 1257/2494/9 1345/2495/9
f 2548/767/23 2547/244/23 2082/2497/23 1353/2498/23
f 2549/663/23 2548/767/23 1353/2498/23 1478/2499/23
f 2550/664/23 2549/663/23 1478/2499/23 2138/2500/23
f 2551/1943/23 2550/664/23 2138/2500/23 2211/2501/23
f 2552/460/23 2551/1943/23 2211/2501/23 1446/2502/23
f 2553/461/23 2552/460/23 1446/2502/23 1377/2503/23
f 2554/530/23 2553/461/23 1377/2503/23 1347/2504/23
f 1274/2505/24 2555/436/24 2554/439/24 1347/2506/24
f 2556/886/24 2555/436/24 1274/2505/24 1540/2507/24
f 2557/61/23 2556/60/23 1540/2508/23 1541/2509/23
f 1259/2510/9 2558/890/9 2557/893/9 1541/2511/9
f 1220/2/298 2559/2/53 2558/2/53 1259/2/23
f 1220/2512/9 2281/2513/9 2560/2134/9 2559/2133/9
f 2281/2513/9 2348/2514/9 2561/1520/9 2560/2134/9
f 2348/2514/9 1824/2515/9 2562/1521/9 2561/1520/9
f 3127/2516/9 2482/2517/9 2563/2324/9 3126/2323/9
f 2564/47/9 2563/2324/9 2482/2517/9 2421/2518/9
f 2421/2518/9 1219/2519/9 2565/48/9 2564/47/9
f 1264/562/22 2566/67/22 2565/70/22 1219/563/22
f 1394/561/22 2567/512/22 2566/67/22 1264/562/22
f 1459/560/22 2568/509/22 2567/512/22 1394/561/22
f 2197/1919/22 2569/1918/22 2568/509/22 1459/560/22
f 2124/708/22 2570/713/22 2569/1918/22 2197/1919/22
f 1491/709/22 2571/710/22 2570/713/22 2124/708/22
f 1370/789/22 2572/790/22 2571/710/22 1491/709/22
f 2070/559/22 2573/213/22 2572/790/22 1370/789/22
f 1225/558/22 2574/210/22 2573/213/22 2070/559/22
f 2016/557/22 2575/166/22 2574/210/22 1225/558/22
f 1250/556/22 2576/163/22 2575/166/22 2016/557/22
f 2577/46/22 2793/45/22 2794/555/22 1633/554/22
f 1968/1812/22 2578/1810/22 2577/46/22 1633/554/22
f 2579/1060/22 2963/1130/22 2964/1128/22 1603/1057/22
f 2580/1061/22 2579/1060/22 1603/1057/22 1218/552/22
f 1218/2520/24 2441/2521/24 2581/40/24 2580/39/24
f 2534/2380/24 2581/40/24 2441/2521/24 2533/2479/24
f 2584/1580/24 2583/1579/24 1841/1576/24 2370/1577/24
f 2585/2178/24 2584/1580/24 2370/1577/24 2303/2175/24
f 2586/2179/24 2585/2178/24 2303/2175/24 1660/2176/24
f 1660/1036/23 1659/1035/23 2587/1173/23 2586/1175/23
f 1659/1035/23 2979/1168/23 2980/1174/23 2587/1173/23
f 2589/1830/23 2588/1829/23 1978/1827/23 1658/846/23
f 2590/1228/9 2589/1227/9 1658/2522/9 1688/2523/9
f 2811/1171/23 2590/1170/23 1688/2524/23 2810/2525/23
f 1657/2526/24 2592/1234/24 2591/1237/24 1689/2527/24
f 2593/1225/23 2592/1224/23 1657/849/23 2026/848/23
f 2594/1849/23 2593/1225/23 2026/848/23 1686/1847/23
f 2595/2/53 2594/2/23 1686/2/23 1685/2/53
f 2596/1223/9 2595/1222/9 1685/851/9 1684/850/9
f 2597/1221/23 2596/1220/23 1684/853/23 2084/852/23
f 2598/1218/23 2597/1221/23 2084/852/23 1683/855/23
f 2600/1216/9 2599/1215/9 1682/856/9 1681/859/9
f 2601/1212/23 2600/1211/23 1681/818/23 2141/821/23
f 2602/1949/23 2601/1212/23 2141/821/23 2214/1948/23
f 2603/2002/23 2602/1949/23 2214/1948/23 1680/2001/23
f 1680/866/24 1679/865/24 2604/1207/24 2603/1206/24
f 2605/1203/23 2604/1205/23 1679/823/23 1678/822/23
f 2606/1204/23 2605/1203/23 1678/822/23 1677/824/23
f 1677/826/24 1676/825/24 2607/1200/24 2606/1202/24
f 2608/1201/24 2607/1200/24 1676/825/24 1675/904/24
f 2609/1199/23 2608/1198/23 1675/828/23 1674/827/23
f 1674/906/9 1673/905/9 2610/1197/9 2609/1196/9
f 1673/2/53 1672/2/53 2611/2/53 2610/2/53
f 1672/2132/9 2279/2131/9 2612/2128/9 2611/2127/9
f 2279/2131/9 2346/1519/9 2613/1514/9 2612/2128/9
f 2346/1519/9 1822/1518/9 2614/1515/9 2613/1514/9
f 3124/2322/9 2484/2321/9 2615/2318/9 3123/2317/9
f 2616/1194/9 2615/2318/9 2484/2321/9 2419/830/9
f 2419/830/9 1671/829/9 2617/1195/9 2616/1194/9
f 1671/832/22 1670/831/22 2618/1192/22 2617/1193/22
f 1670/831/22 1669/833/22 2619/1190/22 2618/1192/22
f 1669/833/22 1668/834/22 2620/1191/22 2619/1190/22
f 2195/1916/22 2621/1915/22 2620/1191/22 1668/834/22
f 2122/836/22 2622/1189/22 2621/1915/22 2195/1916/22
f 2623/1187/22 2622/1189/22 2122/836/22 1667/835/22
f 2624/1188/22 2623/1187/22 1667/835/22 1666/837/22
f 1666/837/22 2068/839/22 2625/1185/22 2624/1188/22
f 2068/839/22 1665/838/22 2626/1186/22 2625/1185/22
f 1665/838/22 2014/841/22 2627/1183/22 2626/1186/22
f 2014/841/22 1664/840/22 2628/1184/22 2627/1183/22
f 2629/1182/22 2790/1181/22 2791/843/22 1663/842/22
f 1966/1809/22 2630/1807/22 2629/1182/22 1663/842/22
f 2631/1178/22 2960/1180/22 2961/1131/22 1662/1063/22
f 2632/1179/22 2631/1178/22 1662/1063/22 1661/1062/22
f 1661/845/24 2443/844/24 2633/1177/24 2632/1176/24
f 2639/2528/24 2638/2529/24 2635/2471/24 2637/2474/24
f 2443/2530/23 2442/2531/23 2634/2532/23 2635/2533/23
f 2442/2534/4 2532/2535/4 2636/2536/4 2634/2537/4
f 2532/2538/22 2531/2539/22 2637/2540/22 2636/2541/22
f 2582/2542/8 2633/2543/8 2638/2544/8 2639/2545/8
f 2633/2546/23 2443/2530/23 2635/2533/23 2638/2547/23
f 2531/2539/22 2582/2548/22 2639/2549/22 2637/2540/22
f 2699/2/9 2698/2/9 1307/2/9 1306/2/9
f 2686/2/4 2699/2/4 1306/2/4 2666/2/4
f 2700/2/309 3022/2/22 3023/2/22 2701/2/309
f 2702/2/4 2701/2/4 3023/2/4 3024/2/4
f 2877/2/4 2702/2/4 3024/2/4 3025/2/4
f 2704/2/4 2703/2/4 3029/2/4 3030/2/4
f 3031/2/23 2705/2/23 2704/2/23 3030/2/23
f 3032/2/4 2706/2/4 2705/2/4 3031/2/4
f 2707/2/22 2706/2/22 3032/2/22 3033/2/22
f 3034/2/8 2708/2/8 2707/2/8 3033/2/8
f 3039/2/8 2709/2/8 2890/2/8 3038/2/8
f 3040/2/8 2710/2/8 2709/2/8 3039/2/8
f 2711/2628/22 2710/2629/22 3040/2630/22 3041/2631/22
f 2712/2632/22 2711/2628/22 3041/2631/22 3042/2633/22
f 2713/2634/22 2712/2632/22 3042/2633/22 3043/2635/22
f 2714/2636/22 2713/2634/22 3043/2635/22 3044/2637/22
f 2715/2638/22 2714/2636/22 3044/2637/22 3045/2639/22
f 2716/2640/22 2715/2638/22 3045/2639/22 3046/2641/22
f 2717/2642/22 2716/2640/22 3046/2641/22 3047/2643/22
f 2718/2644/22 2717/2642/22 3047/2643/22 3048/2645/22
f 2719/2646/8 2718/2647/8 3048/2648/8 3049/2649/8
f 2720/2650/8 2719/2646/8 3049/2649/8 3050/2651/8
f 3141/2652/8 2720/2650/8 3050/2651/8 3140/2653/8
f 2722/2654/8 2721/2655/8 3051/2656/8 3052/2657/8
f 2723/2658/8 2722/2654/8 3052/2657/8 3053/2659/8
f 2724/2660/8 2723/2658/8 3053/2659/8 3054/2661/8
f 2775/2809/22 2774/2807/22 3018/2808/22 3019/2810/22
f 2776/2811/22 2775/2809/22 3019/2810/22 3020/2812/22
f 2777/2813/22 2776/2811/22 3020/2812/22 3021/2814/22
f 2700/2/4 2777/2/4 3021/2/4 3022/2/4
f 2778/2/310 2700/2/311 2701/2/312 2779/2/310
f 2780/2/4 2779/2/4 2701/2/4 2702/2/4
f 2878/2/4 2780/2/4 2702/2/4 2877/2/4
f 2782/2/4 2781/2/4 2703/2/4 2704/2/4
f 2705/2/23 2783/2/23 2782/2/23 2704/2/23
f 2706/2/4 2784/2/4 2783/2/4 2705/2/4
f 2785/2/22 2784/2/22 2706/2/22 2707/2/22
f 2708/2/8 2786/2/8 2785/2/8 2707/2/8
f 2709/2/8 2787/2/8 2889/2/8 2890/2/8
f 2710/2/8 2788/2/8 2787/2/8 2709/2/8
f 2789/638/22 2788/637/22 2710/2629/22 2711/2628/22
f 2790/1181/22 2789/638/22 2711/2628/22 2712/2632/22
f 2791/843/22 2790/1181/22 2712/2632/22 2713/2634/22
f 2792/44/22 2791/843/22 2713/2634/22 2714/2636/22
f 2793/45/22 2792/44/22 2714/2636/22 2715/2638/22
f 2794/555/22 2793/45/22 2715/2638/22 2716/2640/22
f 2795/24/22 2794/555/22 2716/2640/22 2717/2642/22
f 2796/25/22 2795/24/22 2717/2642/22 2718/2644/22
f 2797/29/8 2796/28/8 2718/2647/8 2719/2646/8
f 2798/2356/8 2797/29/8 2719/2646/8 2720/2650/8
f 3142/2357/8 2798/2356/8 2720/2650/8 3141/2652/8
f 2800/1552/8 2799/1551/8 2721/2655/8 2722/2654/8
f 2942/1134/22 2941/1136/22 1959/1802/22 1960/1803/22
f 2943/1135/22 2942/1134/22 1960/1803/22 1961/1804/22
f 2944/2/4 2943/2/4 1961/2/4 2677/2/4
f 2945/2/4 2944/2/4 2677/2/4 2882/2/4
f 2946/2/4 2945/2/4 2882/2/4 2918/2/4
f 2947/2/4 2946/2/4 2918/2/4 2900/2/4
f 2948/2/4 2947/2/4 2900/2/4 2864/2/4
f 2949/2/4 2948/2/4 2864/2/4 2691/2/4
f 2950/2/4 2949/2/4 2691/2/4 1962/2/4
f 2951/2/22 2950/2/22 1962/2/22 1963/2/22
f 1963/2/8 2696/2/8 2952/2/8 2951/2/8
f 2696/2/8 2869/2/8 2953/2/8 2952/2/8
f 2869/2/8 2905/2/8 2954/2/8 2953/2/8
f 2905/2/8 2923/2/8 2955/2/8 2954/2/8
f 2923/2/8 2887/2/8 2956/2/8 2955/2/8
f 2887/2/8 2682/2/8 2957/2/8 2956/2/8
f 2682/2/8 1964/2/8 2958/2/8 2957/2/8
f 2959/1133/22 2958/1132/22 1964/1806/22 1965/1805/22
f 2960/1180/22 2959/1133/22 1965/1805/22 2630/1807/22
f 2961/1131/22 2960/1180/22 2630/1807/22 1966/1809/22
f 2962/1129/22 2961/1131/22 1966/1809/22 1967/1808/22
f 2963/1130/22 2962/1129/22 1967/1808/22 2578/1810/22
f 2964/1128/22 2963/1130/22 2578/1810/22 1968/1812/22
f 2965/1126/22 2964/1128/22 1968/1812/22 1969/1811/22
f 3022/2/4 3021/2/4 1248/2/4 2665/2/4
f 3023/2/22 3022/2/22 2665/2/22 2669/2/22
f 3024/2/4 3023/2/4 2669/2/4 2673/2/4
f 3025/2/4 3024/2/4 2673/2/4 2876/2/4
f 3026/2/4 3025/2/4 2876/2/4 2912/2/4
f 3027/2/4 3026/2/4 2912/2/4 2894/2/4
f 3028/2/4 3027/2/4 2894/2/4 2858/2/4
f 3029/2/4 3028/2/4 2858/2/4 2687/2/4
f 3030/2/4 3029/2/4 2687/2/4 2670/2/4
f 2666/2/23 3031/2/23 3030/2/23 2670/2/23
f 1306/2/4 3032/2/4 3031/2/4 2666/2/4
f 3033/2/22 3032/2/22 1306/2/22 1307/2/22
f 2698/2/8 3034/2/8 3033/2/8 1307/2/8
f 2873/2/8 3035/2/8 3034/2/8 2698/2/8
f 2909/2/8 3036/2/8 3035/2/8 2873/2/8
f 2927/2/8 3037/2/8 3036/2/8 2909/2/8
f 2891/2/8 3038/2/8 3037/2/8 2927/2/8
f 2684/2/8 3039/2/8 3038/2/8 2891/2/8
f 1249/2/8 3040/2/8 3039/2/8 2684/2/8
f 3041/2631/22 3040/2630/22 1249/159/22 1523/641/22
f 3042/2633/22 3041/2631/22 1523/641/22 2628/1184/22
f 3043/2635/22 3042/2633/22 2628/1184/22 1664/840/22
f 3044/2637/22 3043/2635/22 1664/840/22 1435/164/22
f 3045/2639/22 3044/2637/22 1435/164/22 2576/163/22
f 3046/2641/22 3045/2639/22 2576/163/22 1250/556/22
f 3047/2643/22 3046/2641/22 1250/556/22 1406/168/22
f 3105/2258/4 3104/2256/4 1806/1461/4 1807/1460/4
f 3106/2260/4 3105/2258/4 1807/1460/4 2105/1464/4
f 3107/2262/4 3106/2260/4 2105/1464/4 2178/1893/4
f 3108/2264/4 3107/2262/4 2178/1893/4 1808/1467/4
f 3109/2266/4 3108/2264/4 1808/1467/4 1809/1466/4
f 3110/2268/4 3109/2266/4 1809/1466/4 1810/1470/4
f 3111/2270/4 3110/2268/4 1810/1470/4 1811/1472/4
f 3112/2274/24 3111/2273/24 1811/1475/24 1812/1474/24
f 3113/2278/4 3112/2277/4 1812/1479/4 1813/1478/4
f 1814/1483/9 3114/2279/9 3113/2282/9 1813/1484/9
f 1815/1487/9 3115/2283/9 3114/2279/9 1814/1483/9
f 1816/2/8 3116/2/8 3115/2/8 1815/2/8
f 1895/1489/9 3117/2285/9 3116/2288/9 1816/1490/9
f 3291/1690/9 3307/2289/9 3310/2292/9 3293/1755/9
f 3290/1689/9 3311/2293/9 3307/2289/9 3291/1690/9
f 3285/1494/9 3314/2295/9 3311/2293/9 3290/1689/9
f 3283/1493/9 3316/2297/9 3314/2295/9 3285/1494/9
f 3287/1497/9 3318/2299/9 3316/2297/9 3283/1493/9
f 3119/2304/4 3118/2303/4 1817/1499/4 1818/1498/4
f 1819/1503/9 3120/2305/9 3119/2308/9 1818/1504/9
f 3351/1507/8 3358/2309/8 3360/2312/8 3353/1508/8
f 1821/1511/9 3122/2313/9 3121/2316/9 1820/1512/9
f 2614/1515/9 3123/2317/9 3122/2313/9 1821/1511/9
f 1822/1518/9 3124/2322/9 3123/2317/9 2614/1515/9
f 1823/1517/9 3125/2319/9 3124/2322/9 1822/1518/9
f 2562/1521/9 3126/2323/9 3125/2319/9 1823/1517/9
f 1824/2515/9 3127/2516/9 3126/2323/9 2562/1521/9
f 3367/1523/9 3380/2325/9 3382/2328/9 3369/1524/9
f 3371/1527/9 3384/2329/9 3380/2325/9 3367/1523/9
f 1826/1529/8 3129/2331/8 3128/2334/8 1825/1530/8
f 1827/1533/8 3130/2335/8 3129/2331/8 1826/1529/8
f 1828/1535/8 3131/2337/8 3130/2335/8 1827/1533/8
f 2200/1924/8 3132/2339/8 3131/2337/8 1828/1535/8
f 2127/1538/8 3133/2341/8 3132/2339/8 2200/1924/8
f 1829/1537/8 3134/2343/8 3133/2341/8 2127/1538/8
f 1830/1541/8 3135/2345/8 3134/2343/8 1829/1537/8
f 2073/1544/8 3136/2347/8 3135/2345/8 1830/1541/8
f 3098/2/22 3097/2/22 3207/2/22 3195/2/22
f 1357/2872/8 2089/2848/8 3213/2851/8 3226/2873/8
f 2221/2874/8 1474/2852/8 3216/2855/8 3227/2875/8
f 1258/2879/8 1346/2882/8 3231/2883/8 3230/2880/8
f 1379/2888/8 1475/2889/8 3234/2890/8 3233/2891/8
f 1273/2896/8 1379/2888/8 3233/2891/8 3237/2897/8
f 1348/2898/8 1273/2896/8 3237/2897/8 3238/2899/8
f 1508/2904/8 2146/2905/8 3239/2906/8 3242/2907/8
f 1354/2910/8 1508/2904/8 3242/2907/8 3244/2911/8
f 1355/2908/8 2087/2878/8 3229/2881/8 3243/2909/8
f 2220/2914/8 2147/2900/8 3240/2903/8 3246/2915/8
f 2146/2905/8 2219/2916/8 3245/2917/8 3239/2906/8
f 2219/2916/8 1476/2892/8 3235/2895/8 3245/2917/8
f 3214/2/9 3212/2/9 3248/2/9 3250/2/9
f 3218/2930/22 3215/2931/22 3251/2932/22 3254/2933/22
f 3219/2936/24 3220/2937/24 3256/2938/24 3255/2939/24
f 3222/2942/23 3223/2943/23 3259/2944/23 3258/2945/23
f 3225/2950/23 3222/2942/23 3258/2945/23 3261/2951/23
f 3121/3075/8 2486/3076/8 3339/3077/8 3340/3078/8
f 2487/3079/8 3120/3080/8 3342/3081/8 3341/3082/8
f 2486/3076/8 2417/3049/8 3326/3052/8 3339/3077/8
f 2416/3055/8 2487/3079/8 3341/3082/8 3328/3056/8
f 1820/3064/8 3121/3075/8 3340/3078/8 3333/3065/8
f 3120/3080/8 1819/3067/8 3335/3070/8 3342/3081/8
f 3326/3083/9 3325/3084/9 3343/3085/9 3344/3086/9
f 3325/3087/23 3327/3088/23 3345/3089/23 3343/3090/23
f 3327/2/24 3328/2/24 3346/2/24 3345/2/24
f 3330/2/24 3331/2/24 3349/2/24 3348/2/24
f 3331/3091/22 3332/3092/22 3350/3093/22 3349/2/22
f 3332/3094/9 3329/3095/9 3347/3096/9 3350/3097/9
f 3334/3098/9 3333/3099/9 3351/3100/9 3352/3101/9
f 3335/2/24 3336/2/24 3354/2/24 3353/2/24
f 3329/3095/9 3337/3102/9 3355/3103/9 3347/3096/9
f 3338/2/24 3330/2/24 3348/2/24 3356/2/24
f 3337/3102/9 3334/3098/9 3352/3101/9 3355/3103/9
f 3336/2/24 3338/2/24 3356/2/24 3354/2/24
usemtl Level_1_Building:Roof
f 1268/63/4 2402/64/4 2403/65/4 1214/66/4
f 1320/123/24 2382/124/24 2383/125/24 1322/126/24
f 1644/127/22 2846/128/22 2847/129/22 1643/130/22
f 1330/131/22 1329/132/22 1331/133/22 1332/134/22
f 2407/135/9 1337/136/9 1339/137/9 2406/138/9
f 1309/139/23 1310/140/23 1311/141/23 1312/142/23
f 1648/143/23 2829/144/23 2830/145/23 1647/146/23
f 2392/147/4 2393/148/4 1998/149/4 1246/150/4
f 1327/151/22 1326/152/22 2002/153/22 2003/154/22
f 1315/191/23 1313/192/23 1991/193/23 1992/194/23
f 2056/222/22 2057/223/22 1334/224/22 1333/225/22
f 1224/226/4 2394/227/4 2395/228/4 2052/229/4
f 1318/230/23 1317/231/23 2045/232/23 2046/233/23
f 1338/358/9 1340/359/9 1703/360/9 1704/361/9
f 1212/362/4 1269/363/4 1701/364/4 1702/365/4
f 2834/366/4 1646/367/4 1694/368/4 2833/369/4
f 1321/370/24 1319/371/24 1716/372/24 1691/373/24
f 1996/374/4 1245/375/4 1695/376/4 1995/377/4
f 2050/378/4 1223/379/4 1696/380/4 2049/381/4
f 2385/382/4 1744/383/4 1745/384/4 2384/385/4
f 1325/386/22 1328/387/22 1335/388/22 1336/389/22
f 1314/390/23 1316/391/23 1324/392/23 1323/393/23
f 1747/394/4 1743/395/4 1746/396/4 1748/397/4
f 1645/398/4 2842/399/4 2843/400/4 1740/401/4
f 1268/63/4 1214/66/4 1732/402/4 1733/403/4
f 1339/137/9 1337/136/9 1730/404/9 1731/405/9
f 1246/150/4 1998/149/4 1999/406/4 1739/407/4
f 1224/226/4 2052/229/4 2053/408/4 1738/409/4
f 1320/123/24 1322/126/24 1717/410/24 1718/411/24
f 1745/384/4 1744/383/4 1749/412/4 1750/413/4
f 1752/414/4 2404/415/4 2405/416/4 1754/417/4
f 1751/418/4 1755/419/4 1756/420/4 1753/421/4
f 1312/142/23 1311/141/23 1342/422/23 1341/423/23
f 1330/131/22 1332/134/22 1344/424/22 1343/425/22
f 1757/426/4 1752/414/4 1754/417/4 1758/427/4
f 1468/483/23 1469/484/23 1385/485/23 1386/486/23
f 1387/487/4 1467/488/4 1699/489/4 1700/490/4
f 1466/491/4 2400/492/4 2401/493/4 1388/494/4
f 1735/495/4 1466/491/4 1388/494/4 1734/496/4
f 1389/497/22 1390/498/22 1464/499/22 1465/500/22
f 1386/486/23 1385/485/23 1310/140/23 1309/139/23
f 1269/363/4 1387/487/4 1700/490/4 1701/364/4
f 1388/494/4 2401/493/4 2402/64/4 1268/63/4
f 1734/496/4 1388/494/4 1268/63/4 1733/403/4
f 1331/133/22 1329/132/22 1390/498/22 1389/497/22
f 2110/724/22 2111/725/22 1496/726/22 1497/727/22
f 1736/728/4 1498/729/4 2106/730/4 2107/731/4
f 1498/729/4 2397/732/4 2398/733/4 2106/730/4
f 2103/734/4 2104/735/4 1499/736/4 1698/737/4
f 1500/738/23 1501/739/23 2099/740/23 2100/741/23
f 1497/727/22 1496/726/22 1366/797/22 1365/798/22
f 1737/799/4 1364/800/4 1498/729/4 1736/728/4
f 1364/800/4 2396/801/4 2397/732/4 1498/729/4
f 1698/737/4 1499/736/4 1363/802/4 1697/803/4
f 1362/804/23 1361/805/23 1501/739/23 1500/738/23
f 1325/386/22 1614/1078/22 1613/1079/22 1328/387/22
f 1213/1080/4 1615/1081/4 1741/1082/4 1742/1083/4
f 2386/1084/4 2387/1085/4 1615/1081/4 1213/1080/4
f 1693/1086/4 1616/1087/4 1211/1088/4 1692/1089/4
f 1314/390/23 1618/1090/23 1617/1091/23 1316/391/23
f 1614/1078/22 2934/1139/22 2935/1140/22 1613/1079/22
f 1615/1081/4 2930/1141/4 2931/1142/4 1741/1082/4
f 2999/1143/4 3000/1144/4 1616/1087/4 1693/1086/4
f 1618/1090/23 2995/1145/23 2996/1146/23 1617/1091/23
f 1759/1242/4 1747/394/4 1748/397/4 1760/1243/4
f 1762/1244/4 1761/1245/4 1747/394/4 1759/1242/4
f 2997/1246/4 2998/1247/4 1761/1245/4 1762/1244/4
f 2832/1248/4 1763/1249/4 1764/1250/4 2831/1251/4
f 1994/1252/4 1765/1253/4 1766/1254/4 1993/1255/4
f 2048/1256/4 1767/1257/4 1768/1258/4 2047/1259/4
f 1772/1260/4 1771/1261/4 1769/1262/4 1770/1263/4
f 2101/1264/4 2102/1265/4 1771/1261/4 1772/1260/4
f 1775/1266/4 1773/1267/4 1774/1268/4 1776/1269/4
f 1777/1270/4 1775/1266/4 1776/1269/4 1778/1271/4
f 1755/419/4 1777/1270/4 1778/1271/4 1779/1272/4
f 1756/420/4 1755/419/4 1779/1272/4 1780/1273/4
f 1704/361/9 1703/360/9 1341/1274/9 1342/1275/9
f 1691/373/24 1716/372/24 1323/1276/24 1324/1277/24
f 1718/411/24 1717/410/24 1336/1278/24 1335/1279/24
f 1731/405/9 1730/404/9 1343/1280/9 1344/1281/9
f 1781/1282/4 1757/426/4 1758/427/4 1782/1283/4
f 1783/1284/4 1757/426/4 1781/1282/4 1784/1285/4
f 1786/1286/4 1785/1287/4 1783/1284/4 1784/1285/4
f 1787/1288/4 1788/1289/4 1785/1287/4 1786/1286/4
f 1789/1290/4 1790/1291/4 2108/1292/4 2109/1293/4
f 1792/1294/4 1791/1295/4 1790/1291/4 1789/1290/4
f 1793/1296/4 2054/1297/4 2055/1298/4 1794/1299/4
f 1795/1300/4 2000/1301/4 2001/1302/4 1796/1303/4
f 1797/1304/4 2844/1305/4 2845/1306/4 1798/1307/4
f 1799/1308/4 2932/1309/4 2933/1310/4 1800/1311/4
f 1749/412/4 1799/1308/4 1800/1311/4 1801/1312/4
f 1750/413/4 1749/412/4 1801/1312/4 1802/1313/4
f 2386/1314/9 1213/1315/9 1744/1316/9 2385/1317/9
f 1322/126/24 2383/125/24 2384/1318/24 1745/1319/24
f 1692/1320/9 1211/1321/9 1743/1322/9 1747/1323/9
f 1321/370/24 1691/373/24 1748/1324/24 1746/1325/24
f 1213/1315/9 1742/1326/9 1749/1327/9 1744/1316/9
f 1717/410/24 1322/126/24 1745/1319/24 1750/1328/24
f 1214/1329/24 2403/1330/24 2404/1331/24 1752/1332/24
f 2406/138/9 1339/137/9 1754/1333/9 2405/1334/9
f 1212/1335/24 1702/1336/24 1755/1337/24 1751/1338/24
f 1703/360/9 1340/359/9 1753/1339/9 1756/1340/9
f 1732/1341/24 1214/1329/24 1752/1332/24 1757/1342/24
f 1339/137/9 1731/405/9 1758/1343/9 1754/1333/9
f 1691/373/24 1324/1277/24 1760/1344/24 1748/1324/24
f 1324/392/23 1316/391/23 1759/1345/23 1760/1346/23
f 1693/1347/22 1692/1348/22 1747/1349/22 1761/1350/22
f 1316/391/23 1617/1091/23 1762/1351/23 1759/1345/23
f 2999/1352/22 1693/1347/22 1761/1350/22 2998/1353/22
f 1617/1091/23 2996/1146/23 2997/1354/23 1762/1351/23
f 2833/1355/22 1694/1356/22 1763/1357/22 2832/1358/22
f 1647/146/23 2830/145/23 2831/1359/23 1764/1360/23
f 1995/1361/22 1695/1362/22 1765/1363/22 1994/1364/22
f 1315/191/23 1992/194/23 1993/1365/23 1766/1366/23
f 2049/1367/22 1696/1368/22 1767/1369/22 2048/1370/22
f 1318/230/23 2046/233/23 2047/1371/23 1768/1372/23
f 1698/1373/22 1697/1374/22 1769/1375/22 1771/1376/22
f 1362/804/23 1500/738/23 1772/1377/23 1770/1378/23
f 2103/1379/22 1698/1373/22 1771/1376/22 2102/1380/22
f 1500/738/23 2100/741/23 2101/1381/23 1772/1377/23
f 1700/1382/22 1699/1383/22 1773/1384/22 1775/1385/22
f 1468/483/23 1386/486/23 1776/1386/23 1774/1387/23
f 1701/1388/22 1700/1382/22 1775/1385/22 1777/1389/22
f 1386/486/23 1309/139/23 1778/1390/23 1776/1386/23
f 1702/1391/22 1701/1388/22 1777/1389/22 1755/1392/22
f 1309/139/23 1312/142/23 1779/1393/23 1778/1390/23
f 1312/142/23 1341/423/23 1780/1394/23 1779/1393/23
f 1341/1274/9 1703/360/9 1756/1340/9 1780/1395/9
f 1731/405/9 1344/1281/9 1782/1396/9 1758/1343/9
f 1344/424/22 1332/134/22 1781/1397/22 1782/1398/22
f 1733/1399/23 1732/1400/23 1757/1401/23 1783/1402/23
f 1332/134/22 1331/133/22 1784/1403/22 1781/1397/22
f 1734/1404/23 1733/1399/23 1783/1402/23 1785/1405/23
f 1331/133/22 1389/497/22 1786/1406/22 1784/1403/22
f 1735/1407/23 1734/1404/23 1785/1405/23 1788/1408/23
f 1389/497/22 1465/500/22 1787/1409/22 1786/1406/22
f 1736/1410/23 2107/1411/23 2108/1412/23 1790/1413/23
f 2110/724/22 1497/727/22 1789/1414/22 2109/1415/22
f 1737/1416/23 1736/1410/23 1790/1413/23 1791/1417/23
f 1497/727/22 1365/798/22 1792/1418/22 1789/1414/22
f 1738/1419/23 2053/1420/23 2054/1421/23 1793/1422/23
f 2056/222/22 1333/225/22 1794/1423/22 2055/1424/22
f 1739/1425/23 1999/1426/23 2000/1427/23 1795/1428/23
f 2002/153/22 1326/152/22 1796/1429/22 2001/1430/22
f 1740/1431/23 2843/1432/23 2844/1433/23 1797/1434/23
f 2846/128/22 1644/127/22 1798/1435/22 2845/1436/22
f 1741/1437/23 2931/1438/23 2932/1439/23 1799/1440/23
f 2934/1139/22 1614/1078/22 1800/1441/22 2933/1442/22
f 1742/1443/23 1741/1437/23 1799/1440/23 1749/1444/23
f 1614/1078/22 1325/386/22 1801/1445/22 1800/1441/22
f 1325/386/22 1336/389/22 1802/1446/22 1801/1445/22
f 1336/1278/24 1717/410/24 1750/1328/24 1802/1447/24
f 2322/1448/4 2836/1449/4 2837/1450/4 1803/1451/4
f 2323/1452/4 2324/1453/4 1997/1454/4 1804/1455/4
f 2051/1456/4 1805/1457/4 2325/1458/4 2326/1459/4
f 1807/1460/4 1806/1461/4 2327/1462/4 2328/1463/4
f 2105/1464/4 1807/1460/4 2328/1463/4 2329/1465/4
f 1809/1466/4 1808/1467/4 2331/1468/4 2332/1469/4
f 1810/1470/4 1809/1466/4 2332/1469/4 2333/1471/4
f 1811/1472/4 1810/1470/4 2333/1471/4 2334/1473/4
f 1812/1474/24 1811/1475/24 2334/1476/24 2335/1477/24
f 1813/1478/4 1812/1479/4 2335/1480/4 2336/1481/4
f 2337/1482/9 1814/1483/9 1813/1484/9 2336/1485/9
f 2338/1486/9 1815/1487/9 1814/1483/9 2337/1482/9
f 1851/1606/24 1850/1607/24 2315/1608/24 2316/1609/24
f 1852/1610/24 1851/1606/24 2316/1609/24 2317/1611/24
f 2318/1612/4 1853/1613/4 1852/1614/4 2317/1615/4
f 2319/1616/9 1854/1617/9 1853/1618/9 2318/1619/9
f 2319/1620/4 2320/1621/4 1855/1622/4 1854/1623/4
f 2320/1621/4 3002/1624/4 3003/1625/4 1855/1622/4
f 1551/1765/23 1620/1766/23 1934/1737/23 1933/1736/23
f 1620/1766/23 2989/1767/23 2990/1740/23 1934/1737/23
f 2039/1768/23 2033/1742/23 2036/1745/23 2040/1769/23
f 1937/1770/23 1936/1771/23 1884/980/23 1649/983/23
f 1938/2/8 1937/2/8 1649/2/8 1713/2/8
f 1939/2/8 1938/2/8 1713/2/8 1648/2/8
f 1941/1774/23 1940/1772/23 1647/146/23 1764/1360/23
f 1764/1250/4 1763/1249/4 1942/1775/4 1941/1776/4
f 1694/1356/22 1943/1777/22 1942/1778/22 1763/1357/22
f 1694/368/4 1646/367/4 1944/1779/4 1943/1780/4
f 1945/1781/4 2321/1782/4 2322/1448/4 1803/1451/4
f 1984/1838/23 1983/1839/23 1652/1020/23 1651/1019/23
f 1651/1113/4 1650/1112/4 1985/1840/4 1984/1841/4
f 1986/1842/23 1985/1843/23 1650/1757/23 1910/1650/23
f 1935/1844/23 1986/1842/23 1910/1650/23 1862/1653/23
f 1886/973/23 1988/978/23 1987/1655/23 1864/1660/23
f 1989/979/23 1988/978/23 1886/973/23 1244/972/23
f 1990/2/8 1989/2/8 1244/2/8 1711/2/8
f 1991/2/8 1990/2/8 1711/2/8 1317/2/8
f 1992/194/23 1991/193/23 1317/231/23 1318/230/23
f 1993/1365/23 1992/194/23 1318/230/23 1768/1372/23
f 1767/1257/4 1994/1252/4 1993/1255/4 1768/1258/4
f 1696/1368/22 1995/1361/22 1994/1364/22 1767/1369/22
f 1987/1867/24 1988/1868/24 2037/1869/24 2038/1870/24
f 1935/1871/4 1862/1853/4 2033/1856/4 2039/1872/4
f 1884/1858/8 1936/1873/8 2040/1872/8 2036/1859/8
f 1936/1868/9 1935/1867/9 2039/1874/9 2040/1875/9
f 2161/1751/23 2164/1876/23 2165/1877/23 2155/1663/23
f 2043/975/23 2042/974/23 1887/971/23 1360/970/23
f 2044/2/8 2043/2/8 1360/2/8 1710/2/8
f 2045/2/8 2044/2/8 1710/2/8 1361/2/8
f 2046/233/23 2045/232/23 1361/805/23 1362/804/23
f 2047/1371/23 2046/233/23 1362/804/23 1770/1378/23
f 1769/1262/4 2048/1256/4 2047/1259/4 1770/1263/4
f 1697/1374/22 2049/1367/22 2048/1370/22 1769/1375/22
f 2092/237/23 2091/236/23 1359/807/23 1588/806/23
f 2093/1014/23 2092/237/23 1588/806/23 1568/1012/23
f 1913/1762/23 2094/1658/23 2093/1014/23 1568/1012/23
f 2155/1663/23 2165/1877/23 2166/1879/23 2157/1664/23
f 2169/1880/23 2096/968/23 2095/1881/23 2168/1882/23
f 2097/969/23 2096/968/23 2169/1880/23 2170/1883/23
f 2098/2/8 2097/2/8 2170/2/8 2171/2/8
f 2099/2/8 2098/2/8 2171/2/8 2172/2/8
f 2100/741/23 2099/740/23 2172/1884/23 2173/1885/23
f 2101/1381/23 2100/741/23 2173/1885/23 2174/1886/23
f 2174/1887/4 2175/1888/4 2102/1265/4 2101/1264/4
f 2176/1889/22 2103/1379/22 2102/1380/22 2175/1890/22
f 2042/1987/9 2041/1988/9 2165/1989/9 2164/1990/9
f 2041/1988/9 2094/1991/9 2166/1992/9 2165/1989/9
f 2094/1993/4 1913/1970/4 2157/1973/4 2166/1994/4
f 2227/1669/23 2233/1995/23 2234/1996/23 2229/1670/23
f 2231/1754/23 2235/1997/23 2233/1995/23 2227/1669/23
f 2170/1883/23 2169/1880/23 1889/965/23 1470/964/23
f 2171/2/8 2170/2/8 1470/2/8 1708/2/8
f 2172/2/8 2171/2/8 1708/2/8 1469/2/8
f 2173/1885/23 2172/1884/23 1469/484/23 1468/483/23
f 2174/1886/23 2173/1885/23 1468/483/23 1774/1387/23
f 1774/1268/4 1773/1267/4 2175/1888/4 2174/1887/4
f 1699/1383/22 2176/1889/22 2175/1890/22 1773/1384/22
f 1570/2045/24 1590/2046/24 2240/2047/24 2241/2048/24
f 1590/2049/8 2030/2050/8 2242/2051/8 2240/2052/8
f 2030/2053/9 2031/2054/9 2243/2055/9 2242/2056/9
f 2031/2057/4 1570/2058/4 2241/2059/4 2243/2060/4
f 1882/2061/24 2245/2062/24 2244/2063/24 1933/2064/24
f 1908/2065/24 2246/2066/24 2245/2062/24 1882/2061/24
f 2247/2067/24 2246/2066/24 1908/2065/24 1239/2068/24
f 2248/2/8 2247/2/8 1239/2/8 1319/2/8
f 2249/2069/24 2248/2070/24 1319/371/24 1321/370/24
f 2250/2071/24 2249/2069/24 1321/370/24 1746/1325/24
f 1743/395/4 2251/2072/4 2250/2073/4 1746/396/4
f 1211/1321/9 2252/2074/9 2251/2075/9 1743/1322/9
f 1211/1088/4 1616/1087/4 2253/2076/4 2252/2077/4
f 1616/1087/4 3000/1144/4 3001/2078/4 2253/2076/4
f 2255/2079/4 2254/2080/4 1944/1779/4 1646/367/4
f 1646/367/4 2834/366/4 2835/2081/4 2255/2079/4
f 1245/375/4 1996/374/4 2257/2082/4 2256/2083/4
f 2258/2084/4 2257/2082/4 1996/374/4 1223/379/4
f 2259/2085/4 2258/2084/4 1223/379/4 2050/378/4
f 2260/2086/4 2259/2085/4 2050/378/4 1363/802/4
f 2261/2087/4 2260/2086/4 1363/802/4 1499/736/4
f 2262/2088/4 2261/2087/4 1499/736/4 2104/735/4
f 2263/2089/4 2262/2088/4 2104/735/4 2177/1892/4
f 1235/2191/4 2308/2192/4 2307/2193/4 1303/2194/4
f 2309/2195/24 2308/2196/24 1235/2197/24 1571/2042/24
f 2310/2198/24 2309/2195/24 1571/2042/24 1551/2041/24
f 1933/2064/24 2244/2063/24 2310/2198/24 1551/2041/24
f 2452/2199/24 2451/2200/24 2453/2201/24 2454/2202/24
f 2456/2203/24 2455/2204/24 2451/2200/24 2452/2199/24
f 2314/1605/24 2313/1604/24 2246/2066/24 2247/2067/24
f 2315/2/8 2314/2/8 2247/2/8 2248/2/8
f 2316/1609/24 2315/1608/24 2248/2070/24 2249/2069/24
f 2317/1611/24 2316/1609/24 2249/2069/24 2250/2071/24
f 2251/2072/4 2318/1612/4 2317/1615/4 2250/2073/4
f 2252/2074/9 2319/1616/9 2318/1619/9 2251/2075/9
f 2252/2077/4 2253/2076/4 2320/1621/4 2319/1620/4
f 2253/2076/4 3001/2078/4 3002/1624/4 2320/1621/4
f 2322/1448/4 2321/1782/4 2254/2080/4 2255/2079/4
f 2255/2079/4 2835/2081/4 2836/1449/4 2322/1448/4
f 2256/2083/4 2257/2082/4 2324/1453/4 2323/1452/4
f 2325/1458/4 2324/1453/4 2257/2082/4 2258/2084/4
f 2326/1459/4 2325/1458/4 2258/2084/4 2259/2085/4
f 2327/1462/4 2326/1459/4 2259/2085/4 2260/2086/4
f 2328/1463/4 2327/1462/4 2260/2086/4 2261/2087/4
f 2329/1465/4 2328/1463/4 2261/2087/4 2262/2088/4
f 2330/1894/4 2329/1465/4 2262/2088/4 2263/2089/4
f 2308/2192/4 2375/1592/4 2374/1595/4 2307/2193/4
f 2376/1599/24 2375/1598/24 2308/2196/24 2309/2195/24
f 2377/1601/24 2376/1599/24 2309/2195/24 2310/2198/24
f 2310/2198/24 2244/2063/24 2311/1735/24 2377/1601/24
f 2522/2205/24 3164/2206/24 3165/2207/24 2521/2208/24
f 2516/2215/24 2517/2216/24 3169/2217/24 3170/2218/24
f 2515/2219/24 2516/2215/24 3170/2218/24 3171/2220/24
f 3172/2221/4 2514/2222/4 2515/2223/4 3171/2224/4
f 3173/2225/9 2513/2226/9 2514/2227/9 3172/2228/9
f 3173/2229/4 3174/2230/4 2512/2231/4 2513/2232/4
f 2511/2233/24 2512/2234/24 3174/2235/24 3092/2236/24
f 3185/2/4 3186/2/4 3187/2/4 3188/2/4
f 2509/2237/4 2510/2238/4 3094/2239/4 3095/2240/4
f 3095/2240/4 3096/2241/4 2839/2242/4 2509/2237/4
f 3100/2243/9 2507/2244/9 2508/2245/9 3099/2246/9
f 3100/2247/4 3101/2248/4 2506/2249/4 2507/2250/4
f 2505/2251/4 2506/2249/4 3101/2248/4 3102/2252/4
f 2504/2253/4 2505/2251/4 3102/2252/4 3103/2254/4
f 2503/2255/4 2504/2253/4 3103/2254/4 3104/2256/4
f 2502/2257/4 2503/2255/4 3104/2256/4 3105/2258/4
f 3359/2311/8 3357/2310/8 3344/246/8 3346/249/8
f 2488/2307/9 2487/2306/9 2416/95/9 2415/98/9
f 2415/256/4 2414/255/4 2489/2302/4 2488/2301/4
f 3315/2298/9 3317/2300/9 3319/2455/9 3320/2456/9
f 3313/2296/9 3315/2298/9 3320/2456/9 3321/2457/9
f 3312/2294/9 3313/2296/9 3321/2457/9 3322/2458/9
f 3308/2290/9 3312/2294/9 3322/2458/9 3323/2459/9
f 3309/2291/9 3308/2290/9 3323/2459/9 3324/2460/9
f 2491/2287/9 2490/2286/9 2409/945/9 2408/948/9
f 2492/2/8 2491/2/8 2408/2/8 2407/2/8
f 2493/2280/9 2492/2284/9 2407/135/9 2406/138/9
f 2494/2281/9 2493/2280/9 2406/138/9 2405/1334/9
f 2405/416/4 2404/415/4 2495/2276/4 2494/2275/4
f 2404/1331/24 2403/1330/24 2496/2272/24 2495/2271/24
f 2403/65/4 2402/64/4 2497/2267/4 2496/2269/4
f 2399/1895/4 2398/733/4 2501/2259/4 2500/2261/4
f 2398/733/4 2397/732/4 2502/2257/4 2501/2259/4
f 2397/732/4 2396/801/4 2503/2255/4 2502/2257/4
f 2396/801/4 2395/228/4 2504/2253/4 2503/2255/4
f 2395/228/4 2394/227/4 2505/2251/4 2504/2253/4
f 2740/2710/23 2739/2711/23 3069/2712/23 3070/2713/23
f 2741/2714/8 2740/2715/8 3070/2716/8 3071/2717/8
f 2742/2718/23 2741/2719/23 3071/2720/23 3072/2721/23
f 3073/2722/4 2743/2723/4 2742/2724/4 3072/2717/4
f 2744/2725/23 2743/2726/23 3073/2727/23 3074/2728/23
f 2745/2729/23 2744/2725/23 3074/2728/23 3075/2730/23
f 2746/2731/4 2745/2732/4 3075/2733/4 3076/2734/4
f 2747/2735/23 2746/2736/23 3076/2737/23 3077/2738/23
f 2751/2/8 2750/2/8 3080/2/8 3081/2/8
f 2752/2745/23 2751/2746/23 3081/2747/23 3082/2748/23
f 2753/2749/23 2752/2745/23 3082/2748/23 3083/2750/23
f 3084/2751/4 2754/2752/4 2753/2753/4 3083/2754/4
f 3085/2755/22 2755/2756/22 2754/2757/22 3084/2758/22
f 2816/85/23 2815/84/23 2737/2705/23 2738/2704/23
f 2739/2709/300 2817/2600/300 2816/85/300 2738/2704/300
f 2818/105/23 2817/104/23 2739/2711/23 2740/2710/23
f 2819/1105/8 2818/1104/8 2740/2715/8 2741/2714/8
f 2820/1022/23 2819/1021/23 2741/2719/23 2742/2718/23
f 2743/2723/4 2821/1111/4 2820/1114/4 2742/2724/4
f 2822/1651/23 2821/1758/23 2743/2726/23 2744/2725/23
f 2823/1652/23 2822/1651/23 2744/2725/23 2745/2729/23
f 2827/982/23 2826/981/23 2748/2742/23 2749/2741/23
f 2828/2/8 2827/2/8 2749/2/8 2750/2/8
f 2830/145/23 2829/144/23 2751/2746/23 2752/2745/23
f 2831/1359/23 2830/145/23 2752/2745/23 2753/2749/23
f 2896/2/4 2914/2/4 2913/2/4 2895/2/4
f 2915/2/4 2914/2/4 2896/2/4 2897/2/4
f 2898/2/9 2916/2/9 2915/2/9 2897/2/9
f 2899/2/4 2917/2/4 2916/2/4 2898/2/4
f 2900/2/4 2918/2/4 2917/2/4 2899/2/4
f 2979/1168/23 2978/1116/23 1977/1825/23 1978/1827/23
f 2980/1174/23 2979/1168/23 1978/1827/23 2588/1829/23
f 2981/1166/23 2980/1174/23 2588/1829/23 1979/1828/23
f 2982/1167/23 2981/1166/23 1979/1828/23 1980/1831/23
f 2983/2610/299 2982/2609/299 1980/2618/299 2658/2619/299
f 2984/1164/23 2983/1163/23 2658/1833/23 2660/1832/23
f 1981/2620/300 2985/2612/300 2984/1164/300 2660/1832/300
f 2986/1161/23 2985/1160/23 1981/1835/23 1982/1834/23
f 2990/1740/23 2989/1767/23 1985/1843/23 1986/1842/23
f 2991/1741/23 2990/1740/23 1986/1842/23 1935/1844/23
f 2992/1147/23 2991/1741/23 1935/1844/23 1936/1771/23
f 2993/1148/23 2992/1147/23 1936/1771/23 1937/1770/23
f 2994/2/8 2993/2/8 1937/2/8 1938/2/8
f 2591/2821/23 3063/2686/23 3062/2689/23 1689/2822/23
f 3064/2691/23 3063/2686/23 2591/2821/23 1690/2823/23
f 1526/2824/8 3065/2692/8 3064/2695/8 1690/2825/8
f 3066/2699/23 3065/2698/23 1526/625/23 1254/624/23
f 3067/2703/299 3066/2702/299 1254/2602/299 2652/2605/299
f 3068/2707/23 3067/2706/23 2652/184/23 2654/183/23
f 1255/2607/300 3069/2708/300 3068/2707/300 2654/183/300
f 3070/2713/23 3069/2712/23 1255/188/23 1590/187/23
f 3080/2/8 3079/2/8 1256/2/8 1712/2/8
f 3081/2/8 3080/2/8 1712/2/8 1313/2/8
f 3082/2748/23 3081/2747/23 1313/192/23 1315/191/23
f 3083/2750/23 3082/2748/23 1315/191/23 1766/1366/23
f 1765/1253/4 3084/2751/4 3083/2754/4 1766/1254/4
f 1695/1362/22 3085/2755/22 3084/2758/22 1765/1363/22
f 1245/375/4 3086/2759/4 3085/2762/4 1695/376/4
f 3087/2764/4 3086/2759/4 1245/375/4 2256/2083/4
f 3088/2766/4 3087/2764/4 2256/2083/4 2323/1452/4
f 3089/2768/4 3088/2766/4 2323/1452/4 1804/1455/4
f 3090/2772/23 3089/2771/23 1804/2832/23 1857/2833/23
f 3196/2/4 3195/2/4 3197/2/4 3198/2/4
f 3191/2/4 3196/2/4 3198/2/4 3193/2/4
f 3199/2/4 3200/2/4 3186/2/4 3185/2/4
f 3201/2/4 3186/2/4 3200/2/4 3202/2/4
f 3149/2372/24 3148/2371/24 1836/1563/24 1837/1562/24
f 3150/2374/24 3149/2372/24 1837/1562/24 1838/1566/24
f 1839/1569/4 3151/2375/4 3150/2378/4 1838/1570/4
f 3152/2381/24 3151/2480/24 1839/2481/24 2535/1573/24
f 3153/2382/24 3152/2381/24 2535/1573/24 1840/1572/24
f 7179/1/23 7178/1/23 7180/1/23 7285/1/23 7293/1/23 7277/1/23 7269/1/23 7181/1/23 7182/1/23 7183/1/23 7184/1/23 7185/1/23 7186/1/23 7187/1/23 7188/1/23 7189/1/23 7190/1/23 7191/1/23
f 7193/1/22 7192/1/22 7194/1/22 7195/1/22 7196/1/22 7197/1/22 7198/1/22 7199/1/22 7200/1/22 7201/1/22 7202/1/22 7203/1/22 7204/1/22 7262/1/22 7270/1/22 7286/1/22 7278/1/22 7205/1/22
f 7151/1/542 7150/1/542 7178/1/542 7179/1/542
f 7150/1/543 7152/1/543 7180/1/543 7178/1/543
f 7152/1/24 7284/1/24 7285/1/24 7180/1/24
f 7153/1/544 7154/1/544 7182/1/544 7181/1/544
f 7154/1/545 7155/1/545 7183/1/545 7182/1/545
f 7155/1/546 7156/1/546 7184/1/546 7183/1/546
f 7156/1/547 7157/1/547 7185/1/547 7184/1/547
f 7157/1/548 7158/1/548 7186/1/548 7185/1/548
f 7158/1/549 7159/1/549 7187/1/549 7186/1/549
f 7159/1/9 7160/1/9 7188/1/9 7187/1/9
f 7160/1/550 7161/1/550 7189/1/550 7188/1/550
f 7161/1/551 7162/1/551 7190/1/551 7189/1/551
f 7162/1/552 7163/1/552 7191/1/552 7190/1/552
f 7163/1/553 7151/1/553 7179/1/553 7191/1/553
f 7165/1/554 7164/1/554 7192/1/554 7193/1/554
f 7164/1/553 7166/1/553 7194/1/553 7192/1/553
f 7166/1/552 7167/1/552 7195/1/552 7194/1/552
f 7167/1/551 7168/1/551 7196/1/551 7195/1/551
f 7168/1/550 7169/1/550 7197/1/550 7196/1/550
f 7169/1/9 7170/1/9 7198/1/9 7197/1/9
f 7170/1/549 7171/1/549 7199/1/549 7198/1/549
f 7171/1/548 7172/1/548 7200/1/548 7199/1/548
f 7172/1/547 7173/1/547 7201/1/547 7200/1/547
f 7173/1/546 7174/1/546 7202/1/546 7201/1/546
f 7174/1/555 7175/1/555 7203/1/555 7202/1/555
f 7175/1/544 7176/1/544 7204/1/544 7203/1/544
f 7279/1/24 7177/1/24 7205/1/24 7278/1/24
f 7177/1/543 7165/1/543 7193/1/543 7205/1/543
f 7206/1/556 7207/1/556 7209/1/557 7208/1/557
f 7207/1/556 7206/1/556 7224/1/558 7225/1/558
f 7208/1/557 7209/1/557 7253/1/559 7252/1/559
f 7210/1/560 7211/1/560 7241/1/561 7240/1/561
f 7280/1/562 7281/1/562 7212/1/563 7213/1/563
f 7213/1/563 7212/1/563 7256/1/564 7257/1/565
f 7214/1/566 7215/1/566 7223/1/567 7222/1/567
f 7215/1/566 7214/1/566 7216/1/568 7217/1/568
f 7217/1/568 7216/1/568 7250/1/569 7251/1/570
f 7282/1/53 7283/1/53 7221/1/571 7220/1/571
f 7219/1/572 7218/1/572 7238/1/573 7239/1/573
f 7220/1/571 7221/1/571 7255/1/574 7254/1/574
f 7222/1/567 7223/1/567 7227/1/575 7226/1/575
f 7225/1/558 7224/1/558 7228/1/576 7229/1/576
f 7226/1/575 7227/1/575 7231/1/577 7230/1/577
f 7229/1/576 7228/1/576 7232/1/578 7233/1/578
f 7230/1/577 7231/1/577 7235/1/579 7234/1/579
f 7233/1/578 7232/1/578 7236/1/580 7237/1/580
f 7234/1/579 7235/1/579 7239/1/573 7238/1/573
f 7237/1/580 7236/1/580 7240/1/561 7241/1/561
f 7242/1/581 7243/1/581 7251/1/570 7250/1/569
f 7243/1/581 7242/1/581 7244/1/582 7245/1/582
f 7245/1/582 7244/1/582 7258/1/583 7259/1/583
f 7246/1/584 7247/1/584 7249/1/585 7248/1/585
f 7247/1/584 7246/1/584 7252/1/559 7253/1/559
f 7248/1/585 7249/1/585 7261/1/586 7260/1/586
f 7254/1/574 7255/1/574 7259/1/583 7258/1/583
f 7257/1/565 7256/1/564 7260/1/586 7261/1/586
f 7316/1/587 7212/1/588 7281/1/9 7315/1/9
f 7208/1/589 7322/1/589 7323/1/590 7206/1/590
f 7323/1/590 7324/1/543 7224/1/543 7206/1/590
f 7324/1/554 7325/1/591 7228/1/592 7224/1/554
f 7325/1/591 7326/1/4 7232/1/4 7228/1/592
f 7326/1/4 7327/1/593 7236/1/593 7232/1/4
f 7327/1/593 7328/1/594 7240/1/594 7236/1/593
f 7328/1/550 7329/1/595 7210/1/595 7240/1/550
f 7319/1/8 7320/1/596 7246/1/596 7248/1/8
f 7320/1/596 7321/1/555 7252/1/555 7246/1/596
f 7321/1/597 7322/1/589 7208/1/589 7252/1/597
f 7316/1/587 7317/1/549 7256/1/549 7212/1/588
f 7317/1/598 7318/1/599 7260/1/599 7256/1/598
f 7318/1/599 7319/1/8 7248/1/8 7260/1/599
f 7259/1/23 7255/1/23 7150/1/23 7151/1/23
f 7255/1/23 7221/1/23 7152/1/23 7150/1/23
f 7221/1/23 7283/1/23 7284/1/23 7152/1/23
f 7219/1/23 7239/1/23 7154/1/23 7153/1/23
f 7239/1/23 7235/1/23 7155/1/23 7154/1/23
f 7235/1/23 7231/1/23 7156/1/23 7155/1/23
f 7231/1/23 7227/1/23 7157/1/23 7156/1/23
f 7227/1/23 7223/1/23 7158/1/23 7157/1/23
f 7223/1/23 7215/1/23 7159/1/23 7158/1/23
f 7215/1/23 7217/1/23 7160/1/23 7159/1/23
f 7217/1/23 7251/1/23 7161/1/23 7160/1/23
f 7251/1/23 7243/1/23 7162/1/23 7161/1/23
f 7243/1/23 7245/1/23 7163/1/23 7162/1/23
f 7245/1/23 7259/1/23 7151/1/23 7163/1/23
f 7257/1/22 7261/1/22 7164/1/22 7165/1/22
f 7261/1/22 7249/1/22 7166/1/22 7164/1/22
f 7249/1/22 7247/1/22 7167/1/22 7166/1/22
f 7247/1/22 7253/1/22 7168/1/22 7167/1/22
f 7253/1/22 7209/1/22 7169/1/22 7168/1/22
f 7209/1/22 7207/1/22 7170/1/22 7169/1/22
f 7207/1/22 7225/1/22 7171/1/22 7170/1/22
f 7225/1/22 7229/1/22 7172/1/22 7171/1/22
f 7229/1/22 7233/1/22 7173/1/22 7172/1/22
f 7233/1/22 7237/1/22 7174/1/22 7173/1/22
f 7237/1/22 7241/1/22 7175/1/22 7174/1/22
f 7241/1/22 7211/1/22 7176/1/22 7175/1/22
f 7280/1/22 7213/1/22 7177/1/22 7279/1/22
f 7213/1/22 7257/1/22 7165/1/22 7177/1/22
f 7176/1/24 7263/1/24 7262/1/24 7204/1/24
f 7211/1/22 7264/1/22 7263/1/22 7176/1/22
f 7211/1/560 7210/1/560 7265/1/562 7264/1/562
f 7329/1/595 7312/1/9 7265/1/9 7210/1/595
f 7218/1/572 7219/1/572 7267/1/53 7266/1/53
f 7268/1/23 7267/1/23 7219/1/23 7153/1/23
f 7269/1/24 7268/1/24 7153/1/24 7181/1/24
f 7263/1/24 7271/1/24 7270/1/24 7262/1/24
f 7264/1/22 7272/1/22 7271/1/22 7263/1/22
f 7264/1/562 7265/1/562 7273/1/562 7272/1/562
f 7313/1/9 7273/1/9 7265/1/9 7312/1/9
f 7266/1/53 7267/1/53 7275/1/53 7274/1/53
f 7276/1/23 7275/1/23 7267/1/23 7268/1/23
f 7277/1/24 7276/1/24 7268/1/24 7269/1/24
f 7287/1/24 7279/1/24 7278/1/24 7286/1/24
f 7288/1/22 7280/1/22 7279/1/22 7287/1/22
f 7288/1/562 7289/1/562 7281/1/562 7280/1/562
f 7315/1/9 7281/1/9 7289/1/9 7314/1/9
f 7290/1/53 7291/1/53 7283/1/53 7282/1/53
f 7284/1/23 7283/1/23 7291/1/23 7292/1/23
f 7285/1/24 7284/1/24 7292/1/24 7293/1/24
f 7271/1/24 7287/1/24 7286/1/24 7270/1/24
f 7272/1/22 7288/1/22 7287/1/22 7271/1/22
f 7272/1/562 7273/1/562 7289/1/562 7288/1/562
f 7314/1/9 7289/1/9 7273/1/9 7313/1/9
f 7274/1/53 7275/1/53 7291/1/53 7290/1/53
f 7292/1/23 7291/1/23 7275/1/23 7276/1/23
f 7293/1/24 7292/1/24 7276/1/24 7277/1/24
f 7274/1/9 7295/1/9 7294/1/9 7266/1/9
f 7290/1/9 7296/1/9 7295/1/9 7274/1/9
f 7282/1/9 7297/1/9 7296/1/9 7290/1/9
f 7220/1/588 7298/1/587 7297/1/9 7282/1/9
f 7220/1/588 7254/1/549 7299/1/549 7298/1/587
f 7254/1/598 7258/1/599 7300/1/599 7299/1/598
f 7258/1/599 7244/1/8 7301/1/8 7300/1/599
f 7244/1/8 7242/1/600 7302/1/596 7301/1/8
f 7242/1/600 7250/1/555 7303/1/555 7302/1/596
f 7250/1/597 7216/1/589 7304/1/589 7303/1/597
f 7305/1/590 7304/1/589 7216/1/589 7214/1/590
f 7214/1/590 7222/1/543 7306/1/543 7305/1/590
f 7222/1/554 7226/1/591 7307/1/591 7306/1/554
f 7226/1/591 7230/1/4 7308/1/4 7307/1/591
f 7230/1/4 7234/1/593 7309/1/593 7308/1/4
f 7234/1/593 7238/1/594 7310/1/594 7309/1/593
f 7238/1/550 7218/1/601 7311/1/595 7310/1/550
f 7266/1/9 7294/1/9 7311/1/595 7218/1/601
f 7331/1/9 7330/1/9 7332/1/9 7333/1/9
f 7296/1/9 7314/1/9 7313/1/9 7295/1/9
f 7335/1/9 7334/1/9 7336/1/9 7337/1/9
f 7298/1/587 7316/1/587 7315/1/9 7297/1/9
f 7298/1/587 7299/1/549 7317/1/549 7316/1/587
f 7299/1/598 7300/1/599 7318/1/599 7317/1/598
f 7300/1/599 7301/1/8 7319/1/8 7318/1/599
f 7301/1/8 7302/1/596 7320/1/596 7319/1/8
f 7302/1/596 7303/1/555 7321/1/555 7320/1/596
f 7303/1/597 7304/1/589 7322/1/589 7321/1/597
f 7323/1/590 7322/1/589 7304/1/589 7305/1/590
f 7305/1/590 7306/1/543 7324/1/543 7323/1/590
f 7306/1/554 7307/1/591 7325/1/591 7324/1/554
f 7307/1/591 7308/1/4 7326/1/4 7325/1/591
f 7308/1/4 7309/1/593 7327/1/593 7326/1/4
f 7309/1/593 7310/1/594 7328/1/594 7327/1/593
f 7310/1/550 7311/1/595 7329/1/595 7328/1/550
f 7311/1/595 7294/1/9 7312/1/9 7329/1/595
f 7295/1/8 7313/1/8 7330/1/8 7331/1/8
f 7313/1/22 7312/1/22 7332/1/22 7330/1/22
f 7312/1/4 7294/1/4 7333/1/4 7332/1/4
f 7294/1/23 7295/1/23 7331/1/23 7333/1/23
f 7297/1/8 7315/1/8 7334/1/8 7335/1/8
f 7315/1/22 7314/1/22 7336/1/22 7334/1/22
f 7314/1/4 7296/1/4 7337/1/4 7336/1/4
f 7296/1/23 7297/1/23 7335/1/23 7337/1/23
usemtl Level_1_Building:Second_Floor_Roof
f 1279/79/23 1280/80/23 1281/81/23 1282/82/23
f 1302/87/24 2446/88/24 2447/89/24 1304/90/24
f 2416/95/9 1275/96/9 1277/97/9 2415/98/9
f 1284/238/23 1283/239/23 2089/240/23 2090/241/23
f 3344/246/8 3343/247/8 3345/248/8 3346/249/8
f 1232/250/22 1238/251/22 1277/252/22 1275/253/22
f 1238/254/4 2414/255/4 2415/256/4 1277/257/4
f 1282/82/23 1281/81/23 1285/258/23 1286/259/23
f 1272/260/8 1227/261/8 1281/262/8 1280/263/8
f 1233/264/4 1271/265/4 1279/266/4 1282/267/4
f 1234/268/24 1228/269/24 1283/270/24 1284/271/24
f 3248/272/8 3247/273/8 3249/274/8 3250/275/8
f 2091/276/4 1234/277/4 1284/278/4 2090/279/4
f 1276/280/9 1278/281/9 1286/282/9 1285/283/9
f 1278/284/4 1233/264/4 1282/267/4 1286/285/4
f 1230/342/8 2445/343/8 2446/344/8 1302/345/8
f 1229/346/23 1235/347/23 1303/348/23 1301/349/23
f 2448/350/4 1236/351/4 1304/352/4 2447/353/4
f 1236/354/22 1230/355/22 1302/356/22 1304/357/22
f 3265/440/8 3266/441/8 3267/442/8 3268/443/8
f 3269/463/8 3270/464/8 3271/465/8 3272/466/8
f 3251/467/8 3252/468/8 3253/469/8 3254/470/8
f 1472/471/23 1473/472/23 1381/473/23 1382/474/23
f 1383/475/4 1471/476/4 1472/477/4 1382/478/4
f 3273/531/8 3269/463/8 3272/466/8 3274/532/8
f 3254/470/8 3253/469/8 3255/533/8 3256/534/8
f 1382/474/23 1381/473/23 1280/80/23 1279/79/23
f 1271/265/4 1383/475/4 1382/478/4 1279/266/4
f 2150/746/4 2151/747/4 1503/748/4 1504/749/4
f 1504/750/23 1505/751/23 2149/752/23 2150/753/23
f 3257/754/8 3258/755/8 3259/756/8 3260/757/8
f 3275/758/8 3276/759/8 3277/760/8 3278/761/8
f 1504/749/4 1503/748/4 1359/808/4 1358/809/4
f 1358/810/23 1357/811/23 1505/751/23 1504/750/23
f 3262/812/8 3261/813/8 3258/755/8 3257/754/8
f 3278/761/8 3277/760/8 3279/814/8 3280/815/8
f 1818/1498/4 1817/1499/4 2341/1500/4 2342/1501/4
f 2343/1502/9 1819/1503/9 1818/1504/9 2342/1505/9
f 3352/1506/8 3351/1507/8 3353/1508/8 3354/1509/8
f 1844/1584/8 1843/1585/8 2372/1586/8 2373/1587/8
f 1845/1588/24 1844/1589/24 2373/1590/24 2374/1591/24
f 2375/1592/4 1846/1593/4 1845/1594/4 2374/1595/4
f 2079/2/23 2078/2/54 1351/2/54 1352/2/23
f 2081/434/4 2080/433/4 1419/771/4 1421/770/4
f 1353/768/22 2082/588/22 2081/591/22 1421/769/22
f 2083/245/23 2547/244/23 2548/767/23 1428/766/23
f 2139/665/23 2550/664/23 2551/1943/23 2212/1944/23
f 2141/821/23 2140/820/23 2213/1947/23 2214/1948/23
f 2142/1213/23 2601/1212/23 2602/1949/23 2215/1950/23
f 2143/880/22 2142/879/22 2215/1951/22 2216/1952/22
f 2212/1944/23 2551/1943/23 2552/460/23 1445/459/23
f 2214/1948/23 2213/1947/23 1533/2000/23 1680/2001/23
f 2215/1950/23 2602/1949/23 2603/2002/23 1534/2003/23
f 2216/1952/22 2215/1951/22 1534/2004/22 1538/2005/22
f 1338/358/9 2271/2100/9 2270/2098/9 1340/359/9
f 1243/2/8 2272/2/8 2271/2/8 1338/2/8
f 1894/950/9 2273/2101/9 2272/2102/9 1243/951/9
f 2298/2159/8 2297/2158/8 1209/1049/8 1298/2160/8
f 2299/2161/24 2298/2162/24 1298/2163/24 1403/2164/24
f 2300/2165/24 2299/2161/24 1403/2164/24 1299/2166/24
f 2271/2100/9 2338/1486/9 2337/1482/9 2270/2098/9
f 2272/2/8 2339/2/8 2338/2/8 2271/2/8
f 2273/2101/9 2340/1488/9 2339/1491/9 2272/2102/9
f 2365/1561/8 2364/1559/8 2297/2158/8 2298/2159/8
f 2366/1565/24 2365/1564/24 2298/2162/24 2299/2161/24
f 2367/1567/24 2366/1565/24 2299/2161/24 2300/2165/24
f 2494/2275/4 2495/2276/4 3112/2277/4 3113/2278/4
f 3114/2279/9 2493/2280/9 2494/2281/9 3113/2282/9
f 3115/2283/9 2492/2284/9 2493/2280/9 3114/2279/9
f 2467/2361/8 2968/2362/8 3145/2363/8 3146/2364/8
f 2466/2365/8 2467/2361/8 3146/2364/8 3147/2366/8
f 2465/2367/8 2466/2365/8 3147/2366/8 3148/2368/8
f 2478/2338/8 2477/2340/8 2426/1923/8 2425/517/8
f 2479/2336/8 2478/2338/8 2425/517/8 2424/520/8
f 2480/2332/8 2479/2336/8 2424/520/8 2423/75/8
f 2515/2223/4 2514/2222/4 2385/382/4 2384/385/4
f 2384/1318/24 2383/125/24 2516/2215/24 2515/2219/24
f 2383/125/24 2382/124/24 2517/2216/24 2516/2215/24
f 3102/2252/4 3101/2248/4 1997/1454/4 1805/1457/4
f 3103/2254/4 3102/2252/4 1805/1457/4 2051/1456/4
f 3104/2256/4 3103/2254/4 2051/1456/4 1806/1461/4
f 1831/1543/8 3137/2349/8 3136/2347/8 2073/1544/8
f 2019/1548/8 3138/2351/8 3137/2349/8 1831/1543/8
f 1832/1547/8 3139/2353/8 3138/2351/8 2019/1548/8
f 2840/2/23 2762/2/23 3189/2/23 3176/2/23
f 2763/2/22 2841/2/22 3177/2/22 3190/2/22
f 2928/2/23 2389/2/23 3183/2/23 3180/2/23
f 1947/2/22 2929/2/22 3181/2/22 3184/2/22
f 3405/2/9 3406/2/9 3407/2/9 3408/2/9
f 1858/2/22 3007/2/22 3192/2/22 3194/2/22
f 3091/2/24 3098/2/24 3195/2/24 3196/2/24
f 3099/2246/9 2508/2245/9 3198/2841/9 3197/2842/9
f 3006/2/24 3091/2/24 3196/2/24 3191/2/24
f 2508/2245/9 2391/1633/9 3193/2843/9 3198/2841/9
f 1860/2/23 3004/2/23 3200/2/23 3199/2/23
f 3092/2/24 1860/2/24 3199/2/24 3185/2/24
f 3094/2/22 3093/2/22 3186/2/22 3201/2/22
f 3004/2/23 1946/2/23 3202/2/23 3200/2/23
f 3095/2/22 3094/2/22 3201/2/22 3203/2/22
f 1946/2/23 1856/2/23 3204/2/23 3202/2/23
f 1856/2/23 2838/2/23 3205/2/23 3204/2/23
f 3096/2/22 3095/2/22 3203/2/22 3206/2/22
f 3097/2/22 3096/2/22 3206/2/22 3207/2/22
f 2838/2/23 2760/2/23 3208/2/23 3205/2/23
f 2760/2/23 3090/2/23 3209/2/23 3208/2/23
f 3461/2/23 3462/2/23 3463/2/23 3464/2/23
f 3409/2/9 3410/2/9 3411/2/9 3412/2/9
f 1228/2844/8 2088/2845/8 3211/2846/8 3212/2847/8
f 2089/2848/8 1283/2849/8 3214/2850/8 3213/2851/8
f 1283/2849/8 1228/2844/8 3212/2847/8 3214/2850/8
f 1474/2852/8 1380/2853/8 3217/2854/8 3216/2855/8
f 1381/2856/8 1473/2857/8 3215/2858/8 3218/2859/8
f 1380/2853/8 1272/260/8 3219/2860/8 3217/2854/8
f 1272/260/8 1280/263/8 3220/2861/8 3219/2860/8
f 1280/263/8 1381/2856/8 3218/2859/8 3220/2861/8
f 1506/2862/8 2148/2863/8 3223/2864/8 3222/2865/8
f 2149/2866/8 1505/2867/8 3221/2868/8 3224/2869/8
f 1356/2870/8 1506/2862/8 3222/2865/8 3225/2871/8
f 1505/2867/8 1357/2872/8 3226/2873/8 3221/2868/8
f 2088/2845/8 1356/2870/8 3225/2871/8 3211/2846/8
f 2222/2876/8 2149/2866/8 3224/2869/8 3228/2877/8
f 1473/2857/8 2222/2876/8 3228/2877/8 3215/2858/8
f 2087/2878/8 1258/2879/8 3230/2880/8 3229/2881/8
f 1346/2884/8 2086/2885/8 3232/2886/8 3231/2887/8
f 1476/2892/8 1378/2893/8 3236/2894/8 3235/2895/8
f 1378/2893/8 1348/2898/8 3238/2899/8 3236/2894/8
f 2147/2900/8 1507/2901/8 3241/2902/8 3240/2903/8
f 1507/2901/8 1355/2908/8 3243/2909/8 3241/2902/8
f 2086/2912/8 1354/2910/8 3244/2911/8 3232/2913/8
f 1475/2889/8 2220/2914/8 3246/2915/8 3234/2890/8
f 3212/2918/23 3211/2919/23 3247/2920/23 3248/2921/23
f 3213/2922/22 3214/2923/22 3250/2924/22 3249/2925/22
f 3216/2926/23 3217/2927/23 3253/2928/23 3252/2929/23
f 3217/2927/23 3219/2934/23 3255/2935/23 3253/2928/23
f 3220/2940/22 3218/2930/22 3254/2933/22 3256/2941/22
f 3224/2946/22 3221/2947/22 3257/2948/22 3260/2949/22
f 3221/2947/22 3226/2952/22 3262/2953/22 3257/2948/22
f 3211/2919/23 3225/2950/23 3261/2951/23 3247/2920/23
f 3230/2962/9 3231/2963/9 3267/2964/9 3266/2965/9
f 3235/2974/23 3236/2975/23 3272/2976/23 3271/2977/23
f 3236/2975/23 3238/2980/23 3274/2981/23 3272/2976/23
f 3238/2982/24 3237/2983/24 3273/2984/24 3274/2985/24
f 3239/2991/23 3245/3002/23 3281/3003/23 3275/2992/23
f 3234/2971/22 3246/3000/22 3282/3001/22 3270/2972/22
f 3245/3002/23 3235/2974/23 3271/2977/23 3281/3003/23
f 2341/1500/4 1817/1499/4 3287/3004/4 3288/3005/4
f 1895/3006/8 2340/3007/8 3294/3008/8 3293/3009/8
f 2273/3010/8 1894/3011/8 3298/3012/8 3297/3013/8
f 1894/3014/22 1869/3015/22 3295/3016/22 3298/3017/22
f 1869/3015/22 1920/3018/22 3299/3019/22 3295/3016/22
f 1920/3018/22 1561/3020/22 3302/3021/22 3299/3019/22
f 1561/3020/22 1581/3022/22 3304/3023/22 3302/3021/22
f 1233/264/4 2274/2116/4 3305/3024/4 3306/3025/4
f 1581/3022/22 1233/3026/22 3306/3027/22 3304/3023/22
f 2340/3007/8 2273/3010/8 3297/3013/8 3294/3008/8
f 2274/2116/4 2341/1500/4 3288/3005/4 3305/3024/4
f 2490/3028/8 3117/3029/8 3310/3030/8 3309/3031/8
f 3118/2303/4 2489/2302/4 3317/3032/4 3318/3033/4
f 2489/2302/4 2414/255/4 3319/3034/4 3317/3032/4
f 2414/3035/23 2413/3036/23 3320/3037/23 3319/3038/23
f 2413/3036/23 2412/3039/23 3321/3040/23 3320/3037/23
f 2412/3039/23 2411/3041/23 3322/3042/23 3321/3040/23
f 2411/3041/23 2410/3043/23 3323/3044/23 3322/3042/23
f 3117/3029/8 1895/3006/8 3293/3009/8 3310/3030/8
f 1817/1499/4 3118/2303/4 3318/3033/4 3287/3004/4
f 2417/3049/8 1232/3050/8 3325/3051/8 3326/3052/8
f 1275/3053/8 2416/3055/8 3328/3056/8 3327/3054/8
f 1285/3058/8 1281/262/8 3332/3061/8 3331/3059/8
f 2344/3063/8 1820/3064/8 3333/3065/8 3334/3066/8
f 1227/261/8 2277/3071/8 3337/3072/8 3329/3062/8
f 2277/3071/8 2344/3063/8 3334/3066/8 3337/3072/8
f 3340/3104/9 3339/3105/9 3357/3106/9 3358/3107/9
f 3339/3105/9 3326/3083/9 3344/3086/9 3357/3106/9
f 3328/2/24 3341/2/24 3359/2/24 3346/2/24
usemtl Level_1_Building:Shed_Slanted_Roof
f 2653/83/23 2815/84/23 2816/85/23 2655/86/23
f 2654/183/23 2652/184/23 2656/185/23 2657/186/23
f 2659/1162/23 2983/1163/23 2984/1164/23 2661/1165/23
f 1973/1818/8 1972/1819/8 1630/286/8 1629/289/8
f 2021/312/8 2020/311/8 1221/318/8 1295/321/8
f 2439/2550/22 2438/2551/22 2640/2552/22 2641/2553/22
f 2438/328/8 2465/2367/8 2642/2554/8 2640/2555/8
f 2465/2556/23 2464/2557/23 2643/2558/23 2642/2559/23
f 2464/2560/4 2439/2561/4 2641/2562/4 2643/2563/4
f 2440/2564/22 2439/2565/22 2644/2566/22 2645/2567/22
f 2439/2568/8 2464/2569/8 2646/2570/8 2644/2571/8
f 2464/2572/23 2463/2573/23 2647/2574/23 2646/2575/23
f 2463/2576/4 2440/2577/4 2645/2578/4 2647/2579/4
f 2463/2580/23 2533/2581/23 2648/2582/23 2649/2583/23
f 2533/2584/9 2441/2585/9 2650/2586/9 2648/2587/9
f 2441/2588/22 2440/2589/22 2651/2590/22 2650/2591/22
f 2440/2592/24 2463/2593/24 2649/2594/24 2651/2595/24
f 2725/2662/8 2724/2660/8 3054/2661/8 3055/2663/8
f 2726/2664/23 2725/2665/23 3055/2666/23 3056/2667/23
f 2727/2668/23 2726/2664/23 3056/2667/23 3057/2669/23
f 2801/2154/8 2800/1552/8 2722/2654/8 2723/2658/8
f 2802/287/8 2801/2154/8 2723/2658/8 2724/2660/8
f 2803/288/8 2802/287/8 2724/2660/8 2725/2662/8
f 2966/1127/22 2965/1126/22 1969/1811/22 1970/1813/22
f 2967/1125/8 2966/1124/8 1970/1815/8 2435/1814/8
f 2968/2362/8 2967/1125/8 2435/1814/8 2468/2360/8
f 3048/2645/22 3047/2643/22 1406/168/22 1251/167/22
f 3049/2649/8 3048/2648/8 1251/172/8 2433/171/8
f 3050/2651/8 3049/2649/8 2433/171/8 2470/2354/8
usemtl Level_1_Building:Second_Floor
f 1583/99/23 1548/100/23 1549/101/23 1582/102/23
f 1654/103/23 2817/104/23 2818/105/23 1653/106/23
f 1236/107/24 2448/108/24 2449/109/24 1572/110/24
f 1640/111/22 2854/112/22 2855/113/22 1639/114/22
f 1238/115/22 1266/116/22 1579/117/22 1580/118/22
f 2414/119/9 1238/120/9 1580/121/9 2413/122/9
f 1248/155/22 1573/156/22 2010/157/22 2011/158/22
f 1590/187/23 1255/188/23 2029/189/23 2030/190/23
f 2064/218/22 2065/219/22 1237/220/22 1574/221/22
f 1589/234/23 1234/235/23 2091/236/23 2092/237/23
f 1586/479/23 1471/480/23 1383/481/23 1585/482/23
f 1578/501/22 1392/502/22 1462/503/22 1577/504/22
f 1585/482/23 1383/481/23 1271/535/23 1584/536/23
f 1579/117/22 1266/116/22 1392/502/22 1578/501/22
f 2118/720/22 2119/721/22 1494/722/22 1576/723/22
f 1587/742/23 1503/743/23 2151/744/23 2152/745/23
f 1576/723/22 1494/722/22 1368/795/22 1575/796/22
f 1588/806/23 1359/807/23 1503/743/23 1587/742/23
f 1584/907/24 1271/908/24 1548/909/24 1583/910/24
f 1233/911/9 1581/912/9 1582/913/9 1549/914/9
f 1906/915/24 2380/916/24 2381/917/24 1240/918/24
f 1642/919/22 2849/920/22 2850/921/22 1904/922/22
f 2006/923/22 1903/924/22 1247/925/22 2005/926/22
f 2059/927/22 2060/928/22 1902/929/22 1241/930/22
f 1495/931/22 1900/932/22 1901/933/22 1367/934/22
f 2113/935/22 2114/936/22 1900/932/22 1495/931/22
f 1391/937/22 1898/938/22 1899/939/22 1463/940/22
f 1267/941/22 1897/942/22 1898/938/22 1391/937/22
f 1896/943/22 1897/942/22 1267/941/22 1242/944/22
f 2409/945/9 1896/946/9 1242/947/9 2408/948/9
f 1893/949/9 1894/950/9 1243/951/9 1550/952/9
f 1547/953/23 1892/954/23 1893/955/23 1550/956/23
f 1270/956/24 1891/957/24 1892/958/24 1547/959/24
f 1384/960/23 1890/961/23 1891/962/23 1270/963/23
f 1470/964/23 1889/965/23 1890/961/23 1384/960/23
f 1502/966/23 1888/967/23 2096/968/23 2097/969/23
f 1360/970/23 1887/971/23 1888/967/23 1502/966/23
f 1244/972/23 1886/973/23 2042/974/23 2043/975/23
f 1256/976/23 1885/977/23 1988/978/23 1989/979/23
f 1884/980/23 2826/981/23 2827/982/23 1649/983/23
f 1572/110/24 2449/109/24 2450/984/24 1552/985/24
f 1641/986/22 2853/987/22 2854/112/22 1640/111/22
f 2010/157/22 1573/156/22 1553/988/22 2009/989/22
f 2063/990/22 2064/218/22 1574/221/22 1554/991/22
f 1556/992/22 1576/723/22 1575/796/22 1555/993/22
f 2117/994/22 2118/720/22 1576/723/22 1556/992/22
f 1558/995/22 1578/501/22 1577/504/22 1557/996/22
f 1559/997/22 1579/117/22 1578/501/22 1558/995/22
f 1580/118/22 1579/117/22 1559/997/22 1560/998/22
f 2413/122/9 1580/121/9 1560/999/9 2412/1000/9
f 1582/913/9 1581/912/9 1561/1001/9 1562/1002/9
f 1563/1003/23 1583/99/23 1582/102/23 1562/1004/23
f 1564/1005/24 1584/907/24 1583/910/24 1563/1006/24
f 1565/1007/23 1585/482/23 1584/536/23 1564/1008/23
f 1566/1009/23 1586/479/23 1585/482/23 1565/1007/23
f 1567/1010/23 1587/742/23 2152/745/23 2153/1011/23
f 1568/1012/23 1588/806/23 1587/742/23 1567/1010/23
f 1569/1013/23 1589/234/23 2092/237/23 2093/1014/23
f 1235/1023/23 1592/1024/23 1591/1025/23 1571/1026/23
f 1572/1068/22 1610/1069/22 1609/1070/22 1236/1071/22
f 1552/1072/22 1611/1073/22 1610/1069/22 1572/1068/22
f 1240/1074/22 1612/1075/22 1905/1076/22 1906/1077/22
f 1908/1092/23 1909/1093/23 1619/1094/23 1239/1095/23
f 1620/1099/24 1591/1100/24 1622/1101/24 1621/1102/24
f 1590/1107/9 1570/1108/9 1624/1109/9 1623/1110/9
f 1610/1069/22 2942/1134/22 2943/1135/22 1609/1070/22
f 1611/1073/22 2941/1136/22 2942/1134/22 1610/1069/22
f 1612/1075/22 2937/1137/22 2938/1138/22 1905/1076/22
f 1909/1093/23 2992/1147/23 2993/1148/23 1619/1094/23
f 1592/1024/23 2985/1160/23 2986/1161/23 1591/1025/23
f 2340/1488/9 1895/1489/9 1816/1490/9 2339/1491/9
f 3284/1492/9 3283/1493/9 3285/1494/9 3286/1495/9
f 3288/1496/9 3287/1497/9 3283/1493/9 3284/1492/9
f 1847/1596/24 1846/1597/24 2375/1598/24 2376/1599/24
f 1848/1600/24 1847/1596/24 2376/1599/24 2377/1601/24
f 1849/1602/24 1907/1603/24 2313/1604/24 2314/1605/24
f 1803/1626/23 2837/1627/23 2838/1628/23 1856/1629/23
f 2392/1630/9 1246/1631/9 1858/1632/9 2391/1633/9
f 2842/1634/22 1645/1635/22 1859/1636/22 2841/1637/22
f 1855/1638/23 3003/1639/23 3004/1640/23 1860/1641/23
f 2930/1642/22 1615/1643/22 1861/1644/22 2929/1645/22
f 1615/1646/24 2387/1647/24 2388/1648/24 1861/1649/24
f 1910/1650/23 2822/1651/23 2823/1652/23 1862/1653/23
f 2032/1654/23 1987/1655/23 1863/1656/23 1911/1657/23
f 2094/1658/23 2041/1659/23 1864/1660/23 1912/1661/23
f 2156/1662/23 2155/1663/23 2157/1664/23 2158/1665/23
f 2159/1666/23 2160/1667/23 2156/1662/23 2158/1665/23
f 2228/1668/23 2227/1669/23 2229/1670/23 2230/1671/23
f 1866/1672/23 1865/1673/23 1916/1674/23 1917/1675/23
f 1867/1676/24 1866/1677/24 1917/1678/24 1918/1679/24
f 1868/1680/23 1867/1681/23 1918/1682/23 1919/1683/23
f 1919/1684/9 1920/1685/9 1869/1686/9 1868/1687/9
f 3289/1688/9 3290/1689/9 3291/1690/9 3292/1691/9
f 2411/1692/9 1921/1693/9 1870/1694/9 2410/1695/9
f 1921/1696/22 1922/1697/22 1871/1698/22 1870/1699/22
f 1872/1700/22 1871/1698/22 1922/1697/22 1923/1701/22
f 1873/1702/22 1872/1700/22 1923/1701/22 1924/1703/22
f 1874/1704/22 2115/1705/22 2116/1706/22 1925/1707/22
f 1875/1708/22 1874/1704/22 1925/1707/22 1926/1709/22
f 1876/1710/22 2061/1711/22 2062/1712/22 1927/1713/22
f 2008/1714/22 1928/1715/22 1877/1716/22 2007/1717/22
f 1878/1718/22 2851/1719/22 2852/1720/22 1929/1721/22
f 1879/1722/22 2939/1723/22 2940/1724/22 1930/1725/22
f 1880/1726/22 1879/1722/22 1930/1725/22 1931/1727/22
f 1931/1728/24 2378/1729/24 2379/1730/24 1880/1731/24
f 2312/1732/24 1881/1733/24 1932/1734/24 2311/1735/24
f 1933/1736/23 1934/1737/23 1883/1738/23 1882/1739/23
f 1934/1737/23 2990/1740/23 2991/1741/23 1883/1738/23
f 2033/1742/23 2824/1743/23 2825/1744/23 2036/1745/23
f 2037/1746/23 2035/1747/23 2034/1748/23 2038/1749/23
f 2042/974/23 1886/973/23 1864/1660/23 2041/1659/23
f 2162/1750/23 2161/1751/23 2155/1663/23 2156/1662/23
f 2163/1752/23 2162/1750/23 2156/1662/23 2160/1667/23
f 2232/1753/23 2231/1754/23 2227/1669/23 2228/1668/23
f 1891/962/23 1890/961/23 1865/1673/23 1866/1672/23
f 1892/958/24 1891/957/24 1866/1677/24 1867/1676/24
f 1893/955/23 1892/954/23 1867/1681/23 1868/1680/23
f 1868/1687/9 1869/1686/9 1894/950/9 1893/949/9
f 3292/1691/9 3291/1690/9 3293/1755/9 3294/1756/9
f 2410/1695/9 1870/1694/9 1896/946/9 2409/945/9
f 1870/1699/22 1871/1698/22 1897/942/22 1896/943/22
f 1898/938/22 1897/942/22 1871/1698/22 1872/1700/22
f 1899/939/22 1898/938/22 1872/1700/22 1873/1702/22
f 1900/932/22 2114/936/22 2115/1705/22 1874/1704/22
f 1901/933/22 1900/932/22 1874/1704/22 1875/1708/22
f 1902/929/22 2060/928/22 2061/1711/22 1876/1710/22
f 2007/1717/22 1877/1716/22 1903/924/22 2006/923/22
f 1904/922/22 2850/921/22 2851/1719/22 1878/1718/22
f 1905/1076/22 2938/1138/22 2939/1723/22 1879/1722/22
f 1906/1077/22 1905/1076/22 1879/1722/22 1880/1726/22
f 1880/1731/24 2379/1730/24 2380/916/24 1906/915/24
f 2313/1604/24 1907/1603/24 1881/1733/24 2312/1732/24
f 1882/1739/23 1883/1738/23 1909/1093/23 1908/1092/23
f 1883/1738/23 2991/1741/23 2992/1147/23 1909/1093/23
f 1650/1757/23 2821/1758/23 2822/1651/23 1910/1650/23
f 2032/1654/23 1911/1657/23 1570/1759/23 2031/1760/23
f 2094/1658/23 1912/1661/23 1569/1013/23 2093/1014/23
f 1914/1761/23 1913/1762/23 1568/1012/23 1567/1010/23
f 2154/1763/23 1914/1761/23 1567/1010/23 2153/1011/23
f 1916/1674/23 1915/1764/23 1566/1009/23 1565/1007/23
f 1917/1675/23 1916/1674/23 1565/1007/23 1564/1008/23
f 1918/1679/24 1917/1678/24 1564/1005/24 1563/1006/24
f 1919/1683/23 1918/1682/23 1563/1003/23 1562/1004/23
f 1562/1002/9 1561/1001/9 1920/1685/9 1919/1684/9
f 3286/1495/9 3285/1494/9 3290/1689/9 3289/1688/9
f 2412/1000/9 1560/999/9 1921/1693/9 2411/1692/9
f 1560/998/22 1559/997/22 1922/1697/22 1921/1696/22
f 1923/1701/22 1922/1697/22 1559/997/22 1558/995/22
f 1924/1703/22 1923/1701/22 1558/995/22 1557/996/22
f 1925/1707/22 2116/1706/22 2117/994/22 1556/992/22
f 1926/1709/22 1925/1707/22 1556/992/22 1555/993/22
f 1927/1713/22 2062/1712/22 2063/990/22 1554/991/22
f 2009/989/22 1553/988/22 1928/1715/22 2008/1714/22
f 1929/1721/22 2852/1720/22 2853/987/22 1641/986/22
f 1930/1725/22 2940/1724/22 2941/1136/22 1611/1073/22
f 1931/1727/22 1930/1725/22 1611/1073/22 1552/1072/22
f 1645/1635/22 1948/1785/22 1947/1786/22 1859/1636/22
f 1949/1787/4 1948/1788/4 1645/1789/4 1740/1790/4
f 1950/1791/23 1949/1792/23 1740/1431/23 1797/1434/23
f 1951/1793/4 1950/1794/4 1797/1304/4 1798/1307/4
f 1644/127/22 1952/1795/22 1951/1796/22 1798/1435/22
f 1953/1797/22 1952/1795/22 1644/127/22 1643/130/22
f 1974/1820/23 1973/1821/23 1629/19/23 1628/22/23
f 1978/1827/23 1977/1825/23 1625/54/23 1658/846/23
f 1979/1828/23 2588/1829/23 2589/1830/23 1656/628/23
f 1980/1831/23 1979/1828/23 1656/628/23 1655/631/23
f 2660/1832/23 2658/1833/23 2653/83/23 2655/86/23
f 1998/149/4 2393/148/4 2394/227/4 1224/226/4
f 1999/406/4 1998/149/4 1224/226/4 1738/409/4
f 2000/1427/23 1999/1426/23 1738/1419/23 1793/1422/23
f 2001/1302/4 2000/1301/4 1793/1296/4 1794/1299/4
f 1333/225/22 2002/153/22 2001/1430/22 1794/1423/22
f 2003/154/22 2002/153/22 1333/225/22 1334/224/22
f 2022/178/23 2021/177/23 1295/198/23 1399/201/23
f 2023/543/23 2022/178/23 1399/201/23 1296/541/23
f 1222/323/4 2024/314/4 2023/317/4 1296/324/4
f 2025/182/23 2543/181/23 2544/1845/23 1431/1846/23
f 1686/1847/23 2026/848/23 2025/182/23 1431/1846/23
f 1527/1848/23 2027/626/23 2593/1225/23 2594/1849/23
f 2028/627/23 2027/626/23 1527/1848/23 1228/1850/23
f 2657/186/23 2656/185/23 2662/1851/23 2663/1852/23
f 2030/190/23 2029/189/23 1234/235/23 1589/234/23
f 2031/1760/23 2030/190/23 1589/234/23 1569/1013/23
f 1912/1661/23 2032/1654/23 2031/1760/23 1569/1013/23
f 1864/1660/23 1987/1655/23 2032/1654/23 1912/1661/23
f 1862/1853/4 2823/1854/4 2824/1855/4 2033/1856/4
f 2826/1857/8 1884/1858/8 2036/1859/8 2825/1855/8
f 2052/229/4 2395/228/4 2396/801/4 1364/800/4
f 2053/408/4 2052/229/4 1364/800/4 1737/799/4
f 2054/1421/23 2053/1420/23 1737/1416/23 1791/1417/23
f 2055/1298/4 2054/1297/4 1791/1295/4 1792/1294/4
f 1365/798/22 2056/222/22 2055/1424/22 1792/1418/22
f 1365/798/22 1366/797/22 2057/223/22 2056/222/22
f 1683/855/23 2084/852/23 2083/245/23 1428/766/23
f 1530/817/23 2085/618/23 2597/1221/23 2598/1218/23
f 2086/619/23 2085/618/23 1530/817/23 1354/816/23
f 3279/814/8 3265/440/8 3268/443/8 3280/815/8
f 1355/2/51 1356/2/51 2088/2/51 2087/2/51
f 3249/274/8 3247/273/8 3261/813/8 3262/812/8
f 2106/730/4 2398/733/4 2399/1895/4 2179/1896/4
f 2107/731/4 2106/730/4 2179/1896/4 2180/1897/4
f 2108/1412/23 2107/1411/23 2180/1898/23 2181/1899/23
f 2109/1293/4 2108/1292/4 2181/1900/4 2182/1901/4
f 2183/1902/22 2110/724/22 2109/1415/22 2182/1903/22
f 2183/1902/22 2184/1904/22 2111/725/22 2110/724/22
f 2217/1953/8 2144/868/8 2143/871/8 2216/1954/8
f 2218/1955/23 2145/764/23 2144/873/23 2217/1956/23
f 2146/765/23 2145/764/23 2218/1955/23 2219/1957/23
f 3281/1958/8 3282/1959/8 3276/759/8 3275/758/8
f 2220/2/51 2221/2/51 2148/2/51 2147/2/51
f 3260/757/8 3259/756/8 3263/1960/8 3264/1961/8
f 2150/753/23 2149/752/23 2222/1962/23 2223/1963/23
f 2223/1964/4 2224/1965/4 2151/747/4 2150/746/4
f 2152/745/23 2151/744/23 2224/1966/23 2225/1967/23
f 2153/1011/23 2152/745/23 2225/1967/23 2226/1968/23
f 2226/1968/23 2167/1969/23 2154/1763/23 2153/1011/23
f 2168/1882/23 2095/1881/23 2154/1763/23 2167/1969/23
f 1913/1970/4 1914/1971/4 2158/1972/4 2157/1973/4
f 2154/1974/24 2095/1975/24 2160/1976/24 2159/1977/24
f 1914/1971/4 2154/1978/4 2159/1979/4 2158/1972/4
f 1888/1980/8 1887/1981/8 2161/1973/8 2162/1972/8
f 2096/1982/8 1888/1980/8 2162/1972/8 2163/1979/8
f 2179/1896/4 2399/1895/4 2400/492/4 1466/491/4
f 2180/1897/4 2179/1896/4 1466/491/4 1735/495/4
f 2181/1899/23 2180/1898/23 1735/1407/23 1788/1408/23
f 2182/1901/4 2181/1900/4 1788/1289/4 1787/1288/4
f 1465/500/22 2183/1902/22 2182/1903/22 1787/1409/22
f 1465/500/22 1464/499/22 2184/1904/22 2183/1902/22
f 1536/2006/8 2217/1953/8 2216/1954/8 1538/2007/8
f 1510/613/23 2218/1955/23 2217/1956/23 1536/2008/23
f 2219/1957/23 2218/1955/23 1510/613/23 1476/612/23
f 3271/465/8 3270/464/8 3282/1959/8 3281/1958/8
f 1475/2/51 1474/2/51 2221/2/51 2220/2/51
f 3264/1961/8 3263/1960/8 3252/468/8 3251/467/8
f 2223/1963/23 2222/1962/23 1473/472/23 1472/471/23
f 1472/477/4 1471/476/4 2224/1965/4 2223/1964/4
f 2225/1967/23 2224/1966/23 1471/480/23 1586/479/23
f 2226/1968/23 2225/1967/23 1586/479/23 1566/1009/23
f 1915/1764/23 2167/1969/23 2226/1968/23 1566/1009/23
f 1916/2013/24 1865/2014/24 2228/2015/24 2230/2016/24
f 1865/2014/24 1890/2020/24 2232/2021/24 2228/2015/24
f 2168/2022/9 2167/2023/9 2234/2016/9 2233/2015/9
f 1571/2029/8 1591/2030/8 2236/2031/8 2237/2032/8
f 1591/2033/9 1620/2034/9 2238/2035/9 2236/2036/9
f 1620/2037/4 1551/2038/4 2239/2039/4 2238/2040/4
f 2265/2091/4 2264/2090/4 1467/488/4 1387/487/4
f 2266/2092/4 2265/2091/4 1387/487/4 1269/363/4
f 2267/2093/4 2266/2092/4 1269/363/4 1212/362/4
f 2268/2094/24 2267/2095/24 1212/1335/24 1751/1338/24
f 2269/2096/4 2268/2097/4 1751/418/4 1753/421/4
f 1340/359/9 2270/2098/9 2269/2099/9 1753/1339/9
f 1217/2167/4 2301/2168/4 2300/2169/4 1299/2170/4
f 2302/2171/24 2537/2172/24 2538/2173/24 1433/2174/24
f 2303/2175/24 2302/2171/24 1433/2174/24 1660/2176/24
f 2304/2177/24 2585/2178/24 2586/2179/24 1525/2180/24
f 2305/2181/24 2304/2177/24 1525/2180/24 1229/2182/24
f 2306/2183/8 2305/2184/8 1229/2185/8 1301/2186/8
f 2332/1469/4 2331/1468/4 2264/2090/4 2265/2091/4
f 2333/1471/4 2332/1469/4 2265/2091/4 2266/2092/4
f 2334/1473/4 2333/1471/4 2266/2092/4 2267/2093/4
f 2335/1477/24 2334/1476/24 2267/2095/24 2268/2094/24
f 2336/1481/4 2335/1480/4 2268/2097/4 2269/2096/4
f 2270/2098/9 2337/1482/9 2336/1485/9 2269/2099/9
f 2301/2168/4 2368/1568/4 2367/1571/4 2300/2169/4
f 2369/1575/24 2536/1574/24 2537/2172/24 2302/2171/24
f 2370/1577/24 2369/1575/24 2302/2171/24 2303/2175/24
f 2371/1581/24 2584/1580/24 2585/2178/24 2304/2177/24
f 2372/1583/24 2371/1581/24 2304/2177/24 2305/2181/24
f 2373/1587/8 2372/1586/8 2305/2184/8 2306/2183/8
f 2500/2261/4 2501/2259/4 3106/2260/4 3107/2262/4
f 2499/2263/4 2500/2261/4 3107/2262/4 3108/2264/4
f 2498/2265/4 2499/2263/4 3108/2264/4 3109/2266/4
f 2497/2267/4 2498/2265/4 3109/2266/4 3110/2268/4
f 2496/2269/4 2497/2267/4 3110/2268/4 3111/2270/4
f 2495/2271/24 2496/2272/24 3111/2273/24 3112/2274/24
f 2464/2369/24 2465/2370/24 3148/2371/24 3149/2372/24
f 2463/2373/24 2464/2369/24 3149/2372/24 3150/2374/24
f 3151/2375/4 2533/2376/4 2463/2377/4 3150/2378/4
f 2532/2379/24 2534/2380/24 3152/2381/24 3153/2382/24
f 2531/2383/24 2532/2379/24 3153/2382/24 3154/2384/24
f 2530/2385/24 2582/2386/24 3155/2387/24 3156/2388/24
f 2529/2389/24 2530/2385/24 3156/2388/24 3157/2390/24
f 2528/2391/8 2529/2392/8 3157/2393/8 3158/2394/8
f 2527/2395/24 2528/2396/24 3158/2397/24 3159/2398/24
f 3160/2399/4 2526/2400/4 2527/2401/4 3159/2402/4
f 2525/2403/24 2526/2404/24 3160/2405/24 3161/2406/24
f 2524/2407/24 2525/2403/24 3161/2406/24 3162/2408/24
f 2523/2409/24 2524/2407/24 3162/2408/24 3163/2410/24
f 2312/2411/23 2311/2412/23 2453/2413/23 2451/2414/23
f 2311/2415/4 2244/2416/4 2454/2417/4 2453/2418/4
f 2481/2333/8 2480/2332/8 2423/75/8 2422/78/8
f 3379/2326/9 3383/2330/9 3362/31/9 3364/34/9
f 3381/2327/9 3379/2326/9 3364/34/9 3366/565/9
f 2483/2320/9 2563/2324/9 2564/47/9 2420/50/9
f 2484/2321/9 2483/2320/9 2420/50/9 2419/830/9
f 2485/2314/9 2615/2318/9 2616/1194/9 2418/648/9
f 2507/2250/4 2506/2249/4 2393/148/4 2392/147/4
f 2508/2245/9 2507/2244/9 2392/1630/9 2391/1633/9
f 2509/2237/4 2839/2242/4 2840/2461/4 2390/2462/4
f 2390/2462/4 2389/2463/4 2510/2238/4 2509/2237/4
f 3188/2/4 3187/2/4 3180/2/4 3179/2/4
f 2388/1648/24 2387/1647/24 2512/2234/24 2511/2233/24
f 2513/2232/4 2512/2231/4 2387/1085/4 2386/1084/4
f 2514/2227/9 2513/2226/9 2386/1314/9 2385/1317/9
f 3058/2670/4 2728/2671/4 2727/2672/4 3057/2673/4
f 2732/2682/4 2731/2683/4 3061/2684/4 3062/2685/4
f 3063/2686/23 2733/2687/23 2732/2688/23 3062/2689/23
f 2734/2690/23 2733/2687/23 3063/2686/23 3064/2691/23
f 3065/2692/8 2735/2693/8 2734/2694/8 3064/2695/8
f 2736/2696/23 2735/2697/23 3065/2698/23 3066/2699/23
f 2737/2700/299 2736/2701/299 3066/2702/299 3067/2703/299
f 2758/2765/4 2757/2763/4 3087/2764/4 3088/2766/4
f 2759/2767/4 2758/2765/4 3088/2766/4 3089/2768/4
f 2760/2769/23 2759/2770/23 3089/2771/23 3090/2772/23
f 2761/2773/4 3097/2774/4 3098/2775/4 3091/2776/4
f 2762/2777/4 2761/2773/4 3091/2776/4 3006/2778/4
f 3190/2/4 3189/2/4 3191/2/4 3192/2/4
f 2804/21/23 2803/20/23 2725/2665/23 2726/2664/23
f 2808/53/23 2807/52/23 2729/2674/23 2730/2678/23
f 2809/847/23 2808/53/23 2730/2678/23 2731/2680/23
f 2810/1232/4 2809/1231/4 2731/2683/4 2732/2682/4
f 2733/2687/23 2811/1171/23 2810/2525/23 2732/2688/23
f 2812/1172/23 2811/1171/23 2733/2687/23 2734/2690/23
f 2735/2693/8 2813/1238/8 2812/1241/8 2734/2694/8
f 2756/2760/4 2834/366/4 2833/369/4 2755/2761/4
f 2835/2081/4 2834/366/4 2756/2760/4 2757/2763/4
f 2836/1449/4 2835/2081/4 2757/2763/4 2758/2765/4
f 2837/1450/4 2836/1449/4 2758/2765/4 2759/2767/4
f 2838/1628/23 2837/1627/23 2759/2770/23 2760/2769/23
f 2839/2242/4 3096/2241/4 3097/2774/4 2761/2773/4
f 2921/2/24 2920/2/24 2902/2/24 2903/2/24
f 2904/2/8 2922/2/8 2921/2/8 2903/2/8
f 2954/2/8 2955/2/8 2922/2/8 2904/2/8
f 2906/2/8 2924/2/8 2923/2/8 2905/2/8
f 2925/2/8 2924/2/8 2906/2/8 2907/2/8
f 2926/2/8 2925/2/8 2907/2/8 2908/2/8
f 3145/2363/8 2968/2362/8 2468/2360/8 3144/2359/8
f 2973/1123/8 2972/1122/8 1972/1819/8 1973/1818/8
f 2974/1119/23 2973/1121/23 1973/1821/23 1974/1820/23
f 2975/1120/23 2974/1119/23 1974/1820/23 1975/1822/23
f 1975/1824/4 1976/1823/4 2976/1118/4 2975/1117/4
f 2997/1354/23 2996/1146/23 1940/1772/23 1941/1774/23
f 1941/1776/4 1942/1775/4 2998/1247/4 2997/1246/4
f 1943/1777/22 2999/1352/22 2998/1353/22 1942/1778/22
f 1943/1780/4 1944/1779/4 3000/1144/4 2999/1143/4
f 3001/2078/4 3000/1144/4 1944/1779/4 2254/2080/4
f 3002/1624/4 3001/2078/4 2254/2080/4 2321/1782/4
f 3140/2653/8 3050/2651/8 2470/2354/8 3139/2353/8
f 3055/2663/8 3054/2661/8 1252/310/8 1288/313/8
f 3056/2667/23 3055/2666/23 1288/176/23 1400/175/23
f 3057/2669/23 3056/2667/23 1400/175/23 1289/542/23
f 1253/315/4 3058/2670/4 3057/2673/4 1289/316/4
f 3059/2677/23 3058/2676/23 1253/2491/23 2542/180/23
f 3060/2679/23 3059/2677/23 2542/180/23 1432/179/23
f 3204/2/4 3205/2/4 3206/2/4 3203/2/4
f 3207/2/4 3206/2/4 3205/2/4 3208/2/4
f 3195/2/4 3207/2/4 3208/2/4 3209/2/4
f 3197/2/4 3195/2/4 3209/2/4 3210/2/4
f 1804/2832/9 3100/2243/9 3099/2246/9 1857/2833/9
f 1804/1455/4 1997/1454/4 3101/2248/4 3100/2247/4
f 3051/2656/8 3140/2653/8 3139/2353/8 1832/1547/8
f 2721/2655/8 3141/2652/8 3140/2653/8 3051/2656/8
f 2799/1551/8 3142/2357/8 3141/2652/8 2721/2655/8
f 3143/2358/8 3142/2357/8 2799/1551/8 1833/1550/8
f 1971/1817/8 3144/2359/8 3143/2358/8 1833/1550/8
f 2969/1555/8 3145/2363/8 3144/2359/8 1971/1817/8
f 3146/2364/8 3145/2363/8 2969/1555/8 1834/1554/8
f 3147/2366/8 3146/2364/8 1834/1554/8 1835/1558/8
f 3226/2952/22 3213/2922/22 3249/2925/22 3262/2953/22
f 3223/2943/23 3227/2954/23 3263/2955/23 3259/2944/23
f 3228/2956/22 3224/2946/22 3260/2949/22 3264/2957/22
f 3227/2954/23 3216/2926/23 3252/2929/23 3263/2955/23
f 3215/2931/22 3228/2956/22 3264/2957/22 3251/2932/22
f 3229/2958/22 3230/2959/22 3266/2960/22 3265/2961/22
f 3231/2966/23 3232/2967/23 3268/2968/23 3267/2969/23
f 3233/2970/22 3234/2971/22 3270/2972/22 3269/2973/22
f 3237/2978/22 3233/2970/22 3269/2973/22 3273/2979/22
f 3240/2986/22 3241/2987/22 3277/2988/22 3276/2989/22
f 3242/2990/23 3239/2991/23 3275/2992/23 3278/2993/23
f 3241/2987/22 3243/2994/22 3279/2995/22 3277/2988/22
f 3244/2996/23 3242/2990/23 3278/2993/23 3280/2997/23
f 3243/2994/22 3229/2958/22 3265/2961/22 3279/2995/22
f 3232/2998/23 3244/2996/23 3280/2997/23 3268/2999/23
f 3246/3000/22 3240/2986/22 3276/2989/22 3282/3001/22
usemtl Default_Material
f 1431/2/23 2544/2/23 2545/2/53 1430/2/53
f 2559/2/53 1441/2/53 1442/2/53 2558/2/53
f 1227/2/291 1272/2/292 1273/2/56 1260/2/293
f 2087/2/51 2088/2/51 1228/2/294 1258/2/295
f 1222/2/296 2078/2/54 2079/2/23 1257/2/23
f 1379/2/51 1380/2/51 1474/2/51 1475/2/51
f 1273/2/56 1272/2/292 1380/2/51 1379/2/51
f 1228/2/294 1527/2/23 1528/2/53 1258/2/295
f 1514/2/53 1515/2/53 1227/2/291 1260/2/293
f 1481/2/23 1482/2/54 2134/2/54 2135/2/23
f 2147/2/51 2148/2/51 1506/2/51 1507/2/51
f 1352/2/23 1351/2/54 1482/2/54 1481/2/23
f 1507/2/51 1506/2/51 1356/2/51 1355/2/51
f 1442/2/53 1441/2/53 1672/2/53 1673/2/53
f 1685/2/53 1686/2/23 1431/2/23 1430/2/53
f 2610/2/53 2611/2/53 1515/2/53 1514/2/53
f 1528/2/53 1527/2/23 2594/2/23 2595/2/53
f 1408/788/22 2071/208/22 2070/559/22 1370/789/22
f 2080/586/23 2079/585/23 1352/772/23 1419/773/23
f 2427/703/8 2126/702/8 2199/1922/8 2426/1923/8
f 2140/862/4 2139/861/4 2212/1945/4 2213/1946/4
f 2426/1923/8 2199/1922/8 1457/518/8 2425/517/8
f 2213/1946/4 2212/1945/4 1445/1998/4 1533/1999/4
f 2442/41/24 2581/40/24 2534/2380/24 2532/2379/24
f 2547/244/23 2546/243/23 1345/2496/23 2082/2497/23
f 2582/2386/24 2531/2383/24 3154/2384/24 3155/2387/24
f 2599/1219/23 2598/1218/23 1683/855/23 1682/854/23
usemtl Level_1_Building:Front_Light_Rack
f 2241/1015/23 2240/1016/23 2242/1017/23 2243/1018/23
f 1651/1019/23 1652/1020/23 2819/1021/23 2820/1022/23
f 2237/1096/23 2236/1097/23 2238/1015/23 2239/1098/23
f 1653/1103/8 2818/1104/8 2819/1105/8 1652/1106/8
f 2821/1111/4 1650/1112/4 1651/1113/4 2820/1114/4
f 2988/1149/4 2989/1150/4 1620/1151/4 1621/1152/4
f 1621/1153/23 1622/1154/23 2987/1155/23 2988/1156/23
f 1591/1157/8 2986/1158/8 2987/1159/8 1622/1152/8
f 1975/1822/23 1974/1820/23 1628/22/23 1627/545/23
f 1627/292/4 1626/291/4 1976/1823/4 1975/1824/4
f 1977/1825/23 2540/1826/23 2541/51/23 1625/54/23
f 1915/2009/4 1916/2010/4 2230/2011/4 2229/2012/4
f 1890/2017/8 1889/2018/8 2231/2019/8 2232/2011/8
f 2167/2024/4 1915/2009/4 2229/2012/4 2234/2025/4
f 1889/2018/8 2169/2026/8 2235/2027/8 2231/2019/8
f 2169/2028/9 2168/2022/9 2233/2015/9 2235/2021/9
f 2729/2674/23 2728/2675/23 3058/2676/23 3059/2677/23
f 2730/2678/23 2729/2674/23 3059/2677/23 3060/2679/23
f 2731/2680/23 2730/2678/23 3060/2679/23 3061/2681/23
f 2805/544/23 2804/21/23 2726/2664/23 2727/2668/23
f 2728/2671/4 2806/290/4 2805/293/4 2727/2672/4
f 2807/52/23 2806/2490/23 2728/2675/23 2729/2674/23
f 2970/1556/8 2969/1555/8 1971/1817/8 2362/1816/8
f 2971/2157/8 2970/1556/8 2362/1816/8 2295/2155/8
f 2972/1122/8 2971/2157/8 2295/2155/8 1972/1819/8
f 3052/2657/8 3051/2656/8 1832/1547/8 2360/1546/8
f 3053/2659/8 3052/2657/8 2360/1546/8 2293/2152/8
f 3054/2661/8 3053/2659/8 2293/2152/8 1252/310/8
usemtl Level_1_Building:Top_Shed
f 2518/2211/24 2519/2212/24 3167/2213/24 3168/2214/24
f 2517/2/8 2518/2/8 3168/2/8 3169/2/8
f 2402/64/4 2401/493/4 2498/2265/4 2497/2267/4
f 2401/493/4 2400/492/4 2499/2263/4 2498/2265/4
f 3078/2739/8 2748/2740/8 2747/2731/8 3077/2734/8
f 2749/2741/23 2748/2742/23 3078/2743/23 3079/2744/23
f 2824/1855/4 2823/1854/4 2745/2732/4 2746/2731/4
f 2825/1744/23 2824/1743/23 2746/2736/23 2747/2735/23
f 2987/1159/8 2986/1158/8 1982/1837/8 1983/1836/8
f 2988/1156/23 2987/1155/23 1983/1839/23 1984/1838/23
usemtl Level_1_Building:Shed_Roof
f 3155/2387/24 3154/2384/24 1841/1576/24 2583/1579/24
f 3156/2388/24 3155/2387/24 2583/1579/24 1842/1578/24
f 3157/2390/24 3156/2388/24 1842/1578/24 1843/1582/24
f 3159/2398/24 3158/2397/24 1844/1589/24 1845/1588/24
f 3161/2406/24 3160/2405/24 1846/1597/24 1847/1596/24
f 3163/2410/24 3162/2408/24 1848/1600/24 1932/1734/24
f 3165/2207/24 3164/2206/24 2458/2836/24 2459/2837/24
f 1907/2839/8 3167/2443/8 3166/2446/8 2462/2840/8
f 3169/2/8 3168/2/8 1849/2/8 1850/2/8
f 3171/2220/24 3170/2218/24 1851/1606/24 1852/1610/24
f 1854/1623/4 1855/1622/4 3174/2230/4 3173/2229/4
f 3092/2236/24 3174/2235/24 1855/1638/24 1860/1641/24
f 2841/2/22 1859/2/22 3178/2/22 3177/2/22
f 1861/2/24 2388/2/24 3179/2/24 3182/2/24
f 2389/2/23 2390/2/23 3175/2/23 3183/2/23
f 2511/2/24 3092/2/24 3185/2/24 3188/2/24
f 2388/2/24 2511/2/24 3188/2/24 3179/2/24
