# Blender 5.0.1
# www.blender.org
mtllib StraightTower.mtl
o lo.80s_signaltower__pillar.004
v 9.805106 0.034131 18.079723
v 9.786886 11.761204 18.147722
v 9.823326 11.761204 18.147722
v 9.854884 11.761204 18.129501
v 9.873104 11.761204 18.097944
v 9.873104 11.761204 18.061504
v 9.854884 11.761204 18.029945
v 9.823326 11.761204 18.011724
v 9.786886 11.761204 18.011724
v 9.755327 11.761204 18.029945
v 9.737107 11.761204 18.061504
v 9.737107 11.761204 18.097944
v 9.755327 11.761204 18.129501
v 9.712327 0.034131 18.172503
v 9.708667 0.039131 18.176163
v 9.708667 1.867196 18.176163
v 9.705007 1.872196 18.179823
v 9.673368 0.039131 18.115023
v 9.678369 0.034131 18.113684
v 9.668368 1.872196 18.116362
v 9.673368 1.867196 18.115023
v 9.673368 0.039131 18.044424
v 9.678369 0.034131 18.045763
v 9.668368 1.872196 18.043085
v 9.673368 1.867196 18.044424
v 9.708668 0.039131 17.983284
v 9.712328 0.034131 17.986944
v 9.705008 1.872196 17.979624
v 9.708668 1.867196 17.983284
v 9.769807 0.039131 17.947987
v 9.771147 0.034131 17.952986
v 9.768467 1.872196 17.942987
v 9.769807 1.867196 17.947987
v 9.840405 0.039131 17.947987
v 9.839065 0.034131 17.952986
v 9.841744 1.872196 17.942987
v 9.840405 1.867196 17.947987
v 9.901545 0.039131 17.983284
v 9.897884 0.034131 17.986944
v 9.905205 1.872196 17.979624
v 9.901545 1.867196 17.983284
v 9.936844 0.039131 18.044424
v 9.931844 0.034131 18.045763
v 9.941844 1.872196 18.043085
v 9.936844 1.867196 18.044424
v 9.936844 0.039131 18.115023
v 9.931844 0.034131 18.113684
v 9.941844 1.872196 18.116362
v 9.936844 1.867196 18.115023
v 9.901545 0.039131 18.176163
v 9.897884 0.034131 18.172503
v 9.905205 1.872196 18.179823
v 9.901545 1.867196 18.176163
v 9.840405 0.039131 18.211460
v 9.839065 0.034131 18.206461
v 9.841744 1.872196 18.216459
v 9.840405 1.867196 18.211460
v 9.769807 0.039131 18.211460
v 9.771147 0.034131 18.206461
v 9.768467 1.872196 18.216459
v 9.769807 1.867196 18.211460
v 9.705007 2.104289 18.179823
v 9.708667 2.109289 18.176163
v 9.673368 2.109289 18.115023
v 9.668368 2.104289 18.116362
v 9.673368 2.109289 18.044424
v 9.668368 2.104289 18.043085
v 9.708668 2.109289 17.983284
v 9.705008 2.104289 17.979624
v 9.769807 2.109289 17.947987
v 9.768467 2.104289 17.942987
v 9.840405 2.109289 17.947987
v 9.841744 2.104289 17.942987
v 9.901545 2.109289 17.983284
v 9.905205 2.104289 17.979624
v 9.936844 2.109289 18.044424
v 9.941844 2.104289 18.043085
v 9.936844 2.109289 18.115023
v 9.941844 2.104289 18.116362
v 9.901545 2.109289 18.176163
v 9.905205 2.104289 18.179823
v 9.840405 2.109289 18.211460
v 9.841744 2.104289 18.216459
v 9.769807 2.109289 18.211460
v 9.768467 2.104289 18.216459
v 9.708667 3.826321 18.176163
v 9.705007 3.831321 18.179823
v 9.668368 3.831321 18.116362
v 9.673368 3.826321 18.115023
v 9.668368 3.831321 18.043085
v 9.673368 3.826321 18.044424
v 9.705008 3.831321 17.979624
v 9.708668 3.826321 17.983284
v 9.768467 3.831321 17.942987
v 9.769807 3.826321 17.947987
v 9.841744 3.831321 17.942987
v 9.840405 3.826321 17.947987
v 9.905205 3.831321 17.979624
v 9.901545 3.826321 17.983284
v 9.941844 3.831321 18.043085
v 9.936844 3.826321 18.044424
v 9.941844 3.831321 18.116362
v 9.936844 3.826321 18.115023
v 9.905205 3.831321 18.179823
v 9.901545 3.826321 18.176163
v 9.841744 3.831321 18.216459
v 9.840405 3.826321 18.211460
v 9.768467 3.831321 18.216459
v 9.769807 3.826321 18.211460
v 9.705007 4.048330 18.179823
v 9.708667 4.053330 18.176163
v 9.673368 4.053330 18.115023
v 9.668368 4.048330 18.116362
v 9.673368 4.053330 18.044424
v 9.668368 4.048330 18.043085
v 9.708668 4.053330 17.983284
v 9.705008 4.048330 17.979624
v 9.769807 4.053330 17.947987
v 9.768467 4.048330 17.942987
v 9.840405 4.053330 17.947987
v 9.841744 4.048330 17.942987
v 9.901545 4.053330 17.983284
v 9.905205 4.048330 17.979624
v 9.936844 4.053330 18.044424
v 9.941844 4.048330 18.043085
v 9.936844 4.053330 18.115023
v 9.941844 4.048330 18.116362
v 9.901545 4.053330 18.176163
v 9.905205 4.048330 18.179823
v 9.840405 4.053330 18.211460
v 9.841744 4.048330 18.216459
v 9.769807 4.053330 18.211460
v 9.768467 4.048330 18.216459
v 9.708667 5.788446 18.176163
v 9.705007 5.793447 18.179823
v 9.668368 5.793447 18.116362
v 9.673368 5.788446 18.115023
v 9.668368 5.793447 18.043085
v 9.673368 5.788446 18.044424
v 9.705008 5.793447 17.979624
v 9.708668 5.788446 17.983284
v 9.768467 5.793447 17.942987
v 9.769807 5.788446 17.947987
v 9.841744 5.793447 17.942987
v 9.840405 5.788446 17.947987
v 9.905205 5.793447 17.979624
v 9.901545 5.788446 17.983284
v 9.941844 5.793447 18.043085
v 9.936844 5.788446 18.044424
v 9.941844 5.793447 18.116362
v 9.936844 5.788446 18.115023
v 9.905205 5.793447 18.179823
v 9.901545 5.788446 18.176163
v 9.841744 5.793447 18.216459
v 9.840405 5.788446 18.211460
v 9.768467 5.793447 18.216459
v 9.769807 5.788446 18.211460
v 9.705007 6.010456 18.179823
v 9.708667 6.015456 18.176163
v 9.673368 6.015456 18.115023
v 9.668368 6.010456 18.116362
v 9.673368 6.015456 18.044424
v 9.668368 6.010456 18.043085
v 9.708668 6.015456 17.983284
v 9.705008 6.010456 17.979624
v 9.769807 6.015456 17.947987
v 9.768467 6.010456 17.942987
v 9.840405 6.015456 17.947987
v 9.841744 6.010456 17.942987
v 9.901545 6.015456 17.983284
v 9.905205 6.010456 17.979624
v 9.936844 6.015456 18.044424
v 9.941844 6.010456 18.043085
v 9.936844 6.015456 18.115023
v 9.941844 6.010456 18.116362
v 9.901545 6.015456 18.176163
v 9.905205 6.010456 18.179823
v 9.840405 6.015456 18.211460
v 9.841744 6.010456 18.216459
v 9.769807 6.015456 18.211460
v 9.768467 6.010456 18.216459
v 9.708667 7.768657 18.176163
v 9.705007 7.773657 18.179823
v 9.668368 7.773657 18.116362
v 9.673368 7.768657 18.115023
v 9.668368 7.773657 18.043085
v 9.673368 7.768657 18.044424
v 9.705008 7.773657 17.979624
v 9.708668 7.768657 17.983284
v 9.768467 7.773657 17.942987
v 9.769807 7.768657 17.947987
v 9.841744 7.773657 17.942987
v 9.840405 7.768657 17.947987
v 9.905205 7.773657 17.979624
v 9.901545 7.768657 17.983284
v 9.941844 7.773657 18.043085
v 9.936844 7.768657 18.044424
v 9.941844 7.773657 18.116362
v 9.936844 7.768657 18.115023
v 9.905205 7.773657 18.179823
v 9.901545 7.768657 18.176163
v 9.841744 7.773657 18.216459
v 9.840405 7.768657 18.211460
v 9.768467 7.773657 18.216459
v 9.769807 7.768657 18.211460
v 9.705007 7.972582 18.179823
v 9.708667 7.977582 18.176163
v 9.673368 7.977582 18.115023
v 9.668368 7.972582 18.116362
v 9.673368 7.977582 18.044424
v 9.668368 7.972582 18.043085
v 9.708668 7.977582 17.983284
v 9.705008 7.972582 17.979624
v 9.769807 7.977582 17.947987
v 9.768467 7.972582 17.942987
v 9.840405 7.977582 17.947987
v 9.841744 7.972582 17.942987
v 9.901545 7.977582 17.983284
v 9.905205 7.972582 17.979624
v 9.936844 7.977582 18.044424
v 9.941844 7.972582 18.043085
v 9.936844 7.977582 18.115023
v 9.941844 7.972582 18.116362
v 9.901545 7.977582 18.176163
v 9.905205 7.972582 18.179823
v 9.840405 7.977582 18.211460
v 9.841744 7.972582 18.216459
v 9.769807 7.977582 18.211460
v 9.768467 7.972582 18.216459
v 9.708667 9.812161 18.176163
v 9.705007 9.817162 18.179823
v 9.668368 9.817162 18.116362
v 9.673368 9.812161 18.115023
v 9.668368 9.817162 18.043085
v 9.673368 9.812161 18.044424
v 9.705008 9.817162 17.979624
v 9.708668 9.812161 17.983284
v 9.768467 9.817162 17.942987
v 9.769807 9.812161 17.947987
v 9.841744 9.817162 17.942987
v 9.840405 9.812161 17.947987
v 9.905205 9.817162 17.979624
v 9.901545 9.812161 17.983284
v 9.941844 9.817162 18.043085
v 9.936844 9.812161 18.044424
v 9.941844 9.817162 18.116362
v 9.936844 9.812161 18.115023
v 9.905205 9.817162 18.179823
v 9.901545 9.812161 18.176163
v 9.841744 9.817162 18.216459
v 9.840405 9.812161 18.211460
v 9.768467 9.817162 18.216459
v 9.769807 9.812161 18.211460
v 9.705007 9.998003 18.179823
v 9.708667 10.003003 18.176163
v 9.673368 10.003003 18.115023
v 9.668368 9.998003 18.116362
v 9.673368 10.003003 18.044424
v 9.668368 9.998003 18.043085
v 9.708668 10.003003 17.983284
v 9.705008 9.998003 17.979624
v 9.769807 10.003003 17.947987
v 9.768467 9.998003 17.942987
v 9.840405 10.003003 17.947987
v 9.841744 9.998003 17.942987
v 9.901545 10.003003 17.983284
v 9.905205 9.998003 17.979624
v 9.936844 10.003003 18.044424
v 9.941844 9.998003 18.043085
v 9.936844 10.003003 18.115023
v 9.941844 9.998003 18.116362
v 9.901545 10.003003 18.176163
v 9.905205 9.998003 18.179823
v 9.840405 10.003003 18.211460
v 9.841744 9.998003 18.216459
v 9.769807 10.003003 18.211460
v 9.768467 9.998003 18.216459
v 9.708667 11.756204 18.176163
v 9.712327 11.761204 18.172503
v 9.678369 11.761204 18.113684
v 9.673368 11.756204 18.115023
v 9.678369 11.761204 18.045763
v 9.673368 11.756204 18.044424
v 9.712328 11.761204 17.986944
v 9.708668 11.756204 17.983284
v 9.771147 11.761204 17.952986
v 9.769807 11.756204 17.947987
v 9.839065 11.761204 17.952986
v 9.840405 11.756204 17.947987
v 9.897884 11.761204 17.986944
v 9.901545 11.756204 17.983284
v 9.931844 11.761204 18.045763
v 9.936844 11.756204 18.044424
v 9.931844 11.761204 18.113684
v 9.936844 11.756204 18.115023
v 9.897884 11.761204 18.172503
v 9.901545 11.756204 18.176163
v 9.839065 11.761204 18.206461
v 9.840405 11.756204 18.211460
v 9.771147 11.761204 18.206461
v 9.769807 11.756204 18.211460
v 9.696378 2.104289 17.970995
v 9.692718 2.099288 17.967335
v 9.692718 1.877196 17.967335
v 9.696378 1.872196 17.970995
v 9.651580 1.877196 18.038586
v 9.656580 1.872196 18.039925
v 9.656580 2.104289 18.039925
v 9.651580 2.099288 18.038586
v 9.651580 1.877196 18.120861
v 9.656580 1.872196 18.119522
v 9.696378 1.872196 18.188452
v 9.692718 1.877196 18.192112
v 9.844903 2.104289 17.931196
v 9.846243 2.099288 17.926197
v 9.846243 1.877196 17.926197
v 9.844903 1.872196 17.931196
v 9.763968 1.877196 17.926197
v 9.765308 1.872196 17.931196
v 9.765308 2.104289 17.931196
v 9.763968 2.099288 17.926197
v 9.953631 2.104289 18.039925
v 9.958632 2.099288 18.038586
v 9.958632 1.877196 18.038586
v 9.953631 1.872196 18.039925
v 9.917495 1.877196 17.967335
v 9.913835 1.872196 17.970995
v 9.913835 2.104289 17.970995
v 9.917495 2.099288 17.967335
v 9.913835 2.104289 18.188452
v 9.917495 2.099288 18.192112
v 9.917495 1.877196 18.192112
v 9.913835 1.872196 18.188452
v 9.958632 1.877196 18.120861
v 9.953631 1.872196 18.119522
v 9.953631 2.104289 18.119522
v 9.958632 2.099288 18.120861
v 9.656580 2.104289 18.119522
v 9.651580 2.099288 18.120861
v 9.846243 1.877196 18.233250
v 9.844903 1.872196 18.228251
v 9.844903 2.104289 18.228251
v 9.846243 2.099288 18.233250
v 9.692718 2.099288 18.192112
v 9.696378 2.104289 18.188452
v 9.763968 1.877196 18.233250
v 9.765308 1.872196 18.228251
v 9.765308 2.104289 18.228251
v 9.763968 2.099288 18.233250
v 9.651580 3.836321 18.120861
v 9.656580 3.831321 18.119522
v 9.656580 4.048330 18.119522
v 9.651580 4.043330 18.120861
v 9.917495 3.836321 17.967335
v 9.913835 3.831321 17.970995
v 9.913835 4.048330 17.970995
v 9.917495 4.043330 17.967335
v 9.696378 3.831321 18.188452
v 9.692718 3.836321 18.192112
v 9.844903 4.048330 17.931196
v 9.846243 4.043330 17.926197
v 9.846243 3.836321 17.926197
v 9.844903 3.831321 17.931196
v 9.651580 3.836321 18.038586
v 9.656580 3.831321 18.039925
v 9.763968 3.836321 17.926197
v 9.765308 3.831321 17.931196
v 9.765308 4.048330 17.931196
v 9.763968 4.043330 17.926197
v 9.692718 3.836321 17.967335
v 9.696378 3.831321 17.970995
v 9.844903 4.048330 18.228251
v 9.846243 4.043330 18.233250
v 9.846243 3.836321 18.233250
v 9.844903 3.831321 18.228251
v 9.917495 3.836321 18.192112
v 9.913835 3.831321 18.188452
v 9.913835 4.048330 18.188452
v 9.917495 4.043330 18.192112
v 9.696378 4.048330 17.970995
v 9.692718 4.043330 17.967335
v 9.656580 4.048330 18.039925
v 9.651580 4.043330 18.038586
v 9.958632 3.836321 18.038586
v 9.953631 3.831321 18.039925
v 9.692718 4.043330 18.192112
v 9.696378 4.048330 18.188452
v 9.958632 3.836321 18.120861
v 9.953631 3.831321 18.119522
v 9.763968 3.836321 18.233250
v 9.765308 3.831321 18.228251
v 9.765308 4.048330 18.228251
v 9.763968 4.043330 18.233250
v 9.953631 4.048330 18.119522
v 9.958632 4.043330 18.120861
v 9.953631 4.048330 18.039925
v 9.958632 4.043330 18.038586
v 9.763968 5.798447 17.926197
v 9.765308 5.793447 17.931196
v 9.765308 6.010456 17.931196
v 9.763968 6.005456 17.926197
v 9.844903 6.010456 18.228251
v 9.846243 6.005456 18.233250
v 9.846243 5.798447 18.233250
v 9.844903 5.793447 18.228251
v 9.651580 5.798447 18.120861
v 9.656580 5.793447 18.119522
v 9.696378 5.793447 18.188452
v 9.692718 5.798447 18.192112
v 9.917495 5.798447 18.192112
v 9.913835 5.793447 18.188452
v 9.913835 6.010456 18.188452
v 9.917495 6.005456 18.192112
v 9.651580 5.798447 18.038586
v 9.656580 5.793447 18.039925
v 9.696378 6.010456 17.970995
v 9.692718 6.005456 17.967335
v 9.692718 5.798447 17.967335
v 9.696378 5.793447 17.970995
v 9.656580 6.010456 18.039925
v 9.651580 6.005456 18.038586
v 9.763968 5.798447 18.233250
v 9.765308 5.793447 18.228251
v 9.765308 6.010456 18.228251
v 9.763968 6.005456 18.233250
v 9.846243 5.798447 17.926197
v 9.844903 5.793447 17.931196
v 9.953631 6.010456 18.119522
v 9.958632 6.005456 18.120861
v 9.958632 5.798447 18.120861
v 9.953631 5.793447 18.119522
v 9.917495 5.798447 17.967335
v 9.913835 5.793447 17.970995
v 9.958632 5.798447 18.038586
v 9.953631 5.793447 18.039925
v 9.953631 6.010456 18.039925
v 9.958632 6.005456 18.038586
v 9.656580 6.010456 18.119522
v 9.651580 6.005456 18.120861
v 9.692718 6.005456 18.192112
v 9.696378 6.010456 18.188452
v 9.913835 6.010456 17.970995
v 9.917495 6.005456 17.967335
v 9.844903 6.010456 17.931196
v 9.846243 6.005456 17.926197
v 9.763968 7.778657 17.926197
v 9.765308 7.773657 17.931196
v 9.765308 7.972582 17.931196
v 9.763968 7.967582 17.926197
v 9.917495 7.778657 18.192112
v 9.913835 7.773657 18.188452
v 9.913835 7.972582 18.188452
v 9.917495 7.967582 18.192112
v 9.651580 7.778657 18.120861
v 9.656580 7.773657 18.119522
v 9.696378 7.773657 18.188452
v 9.692718 7.778657 18.192112
v 9.696378 7.972582 17.970995
v 9.692718 7.967582 17.967335
v 9.692718 7.778657 17.967335
v 9.696378 7.773657 17.970995
v 9.651580 7.778657 18.038586
v 9.656580 7.773657 18.039925
v 9.656580 7.972582 18.039925
v 9.651580 7.967582 18.038586
v 9.953631 7.972582 18.119522
v 9.958632 7.967582 18.120861
v 9.958632 7.778657 18.120861
v 9.953631 7.773657 18.119522
v 9.958632 7.778657 18.038586
v 9.953631 7.773657 18.039925
v 9.953631 7.972582 18.039925
v 9.958632 7.967582 18.038586
v 9.846243 7.778657 17.926197
v 9.844903 7.773657 17.931196
v 9.656580 7.972582 18.119522
v 9.651580 7.967582 18.120861
v 9.917495 7.778657 17.967335
v 9.913835 7.773657 17.970995
v 9.692718 7.967582 18.192112
v 9.696378 7.972582 18.188452
v 9.913835 7.972582 17.970995
v 9.917495 7.967582 17.967335
v 9.844903 7.972582 17.931196
v 9.846243 7.967582 17.926197
v 9.765308 7.972582 18.228251
v 9.763968 7.967582 18.233250
v 9.763968 7.778657 18.233250
v 9.765308 7.773657 18.228251
v 9.846243 7.778657 18.233250
v 9.844903 7.773657 18.228251
v 9.844903 7.972582 18.228251
v 9.846243 7.967582 18.233250
v 9.651580 9.822162 18.038586
v 9.656580 9.817162 18.039925
v 9.656580 9.998003 18.039925
v 9.651580 9.993003 18.038586
v 9.958632 9.822162 18.038586
v 9.953631 9.817162 18.039925
v 9.953631 9.998003 18.039925
v 9.958632 9.993003 18.038586
v 9.651580 9.822162 18.120861
v 9.656580 9.817162 18.119522
v 9.696378 9.817162 18.188452
v 9.692718 9.822162 18.192112
v 9.656580 9.998003 18.119522
v 9.651580 9.993003 18.120861
v 9.692718 9.993003 18.192112
v 9.696378 9.998003 18.188452
v 9.692718 9.822162 17.967335
v 9.696378 9.817162 17.970995
v 9.913835 9.998003 17.970995
v 9.917495 9.993003 17.967335
v 9.917495 9.822162 17.967335
v 9.913835 9.817162 17.970995
v 9.763968 9.822162 17.926197
v 9.765308 9.817162 17.931196
v 9.846243 9.822162 17.926197
v 9.844903 9.817162 17.931196
v 9.844903 9.998003 17.931196
v 9.846243 9.993003 17.926197
v 9.765308 9.998003 18.228251
v 9.763968 9.993003 18.233250
v 9.763968 9.822162 18.233250
v 9.765308 9.817162 18.228251
v 9.846243 9.822162 18.233250
v 9.844903 9.817162 18.228251
v 9.844903 9.998003 18.228251
v 9.846243 9.993003 18.233250
v 9.765308 9.998003 17.931196
v 9.763968 9.993003 17.926197
v 9.958632 9.822162 18.120861
v 9.953631 9.817162 18.119522
v 9.696378 9.998003 17.970995
v 9.692718 9.993003 17.967335
v 9.917495 9.822162 18.192112
v 9.913835 9.817162 18.188452
v 9.913835 9.998003 18.188452
v 9.917495 9.993003 18.192112
v 9.953631 9.998003 18.119522
v 9.958632 9.993003 18.120861
vn -0.0000 1.0000 -0.0000
vn -0.7071 -0.0028 0.7071
vn -0.9659 -0.0028 0.2587
vn -0.0693 -0.9974 0.0186
vn -0.0507 -0.9974 0.0508
vn -0.9659 -0.0029 0.2589
vn -0.7071 -0.0029 0.7071
vn -0.1879 -0.9641 0.1879
vn -0.2566 -0.9641 0.0688
vn -0.9659 -0.0028 -0.2589
vn -0.0693 -0.9974 -0.0186
vn -0.9659 -0.0029 -0.2588
vn -0.2566 -0.9641 -0.0688
vn -0.7071 -0.0028 -0.7071
vn -0.0508 -0.9974 -0.0507
vn -0.7071 -0.0029 -0.7071
vn -0.1878 -0.9641 -0.1879
vn -0.2588 -0.0028 -0.9659
vn -0.0186 -0.9974 -0.0693
vn -0.2588 -0.0029 -0.9659
vn -0.0688 -0.9641 -0.2566
vn 0.2589 -0.0028 -0.9659
vn 0.0186 -0.9974 -0.0693
vn 0.2588 -0.0029 -0.9659
vn 0.0687 -0.9641 -0.2566
vn 0.7070 -0.0028 -0.7072
vn 0.0507 -0.9974 -0.0507
vn 0.7071 -0.0029 -0.7071
vn 0.1879 -0.9641 -0.1879
vn 0.9659 -0.0028 -0.2589
vn 0.0693 -0.9974 -0.0186
vn 0.9659 -0.0029 -0.2589
vn 0.2566 -0.9641 -0.0688
vn 0.9659 -0.0028 0.2588
vn 0.0693 -0.9974 0.0186
vn 0.9659 -0.0029 0.2588
vn 0.2566 -0.9641 0.0688
vn 0.7071 -0.0028 0.7071
vn 0.0508 -0.9974 0.0507
vn 0.7071 -0.0029 0.7071
vn 0.1879 -0.9641 0.1879
vn 0.2588 -0.0028 0.9659
vn 0.0186 -0.9974 0.0693
vn 0.2588 -0.0029 0.9659
vn 0.0688 -0.9641 0.2566
vn -0.2589 -0.0028 0.9659
vn -0.0185 -0.9974 0.0693
vn -0.2588 -0.0029 0.9659
vn -0.0688 -0.9641 0.2566
vn -0.2566 0.9641 0.0688
vn -0.1879 0.9641 0.1879
vn -0.7071 0.0031 0.7071
vn -0.9659 0.0031 0.2588
vn -0.2566 0.9641 -0.0688
vn -0.9659 0.0031 -0.2588
vn -0.1879 0.9641 -0.1878
vn -0.7071 0.0031 -0.7071
vn -0.0688 0.9641 -0.2566
vn -0.2588 0.0031 -0.9659
vn 0.0688 0.9641 -0.2566
vn 0.2588 0.0031 -0.9659
vn 0.1879 0.9641 -0.1879
vn 0.7071 0.0031 -0.7071
vn 0.2567 0.9641 -0.0688
vn 0.9659 0.0031 -0.2588
vn 0.2566 0.9641 0.0688
vn 0.9659 0.0031 0.2588
vn 0.1879 0.9641 0.1879
vn 0.7071 0.0031 0.7071
vn 0.0688 0.9641 0.2566
vn 0.2588 0.0031 0.9659
vn -0.0688 0.9641 0.2566
vn -0.2588 0.0031 0.9659
vn -0.9659 -0.0031 0.2589
vn -0.7071 -0.0031 0.7071
vn -0.2567 -0.9641 0.0688
vn -0.9659 -0.0031 -0.2588
vn -0.7071 -0.0031 -0.7071
vn -0.1879 -0.9641 -0.1879
vn -0.2588 -0.0031 -0.9659
vn -0.0688 -0.9641 -0.2567
vn 0.2588 -0.0031 -0.9659
vn 0.7071 -0.0031 -0.7072
vn 0.9659 -0.0031 -0.2589
vn 0.2567 -0.9641 -0.0688
vn 0.9659 -0.0031 0.2588
vn 0.2567 -0.9641 0.0688
vn 0.7071 -0.0031 0.7071
vn 0.2588 -0.0031 0.9659
vn -0.2588 -0.0031 0.9659
vn -0.9659 0.0030 -0.2588
vn -0.1878 0.9641 -0.1878
vn -0.7071 0.0030 -0.7071
vn 0.9659 0.0030 0.2588
vn 0.7071 0.0030 0.7071
vn -0.9659 -0.0030 0.2588
vn 0.7071 -0.0030 -0.7071
vn 0.9659 -0.0030 -0.2588
vn 0.9659 -0.0030 0.2588
vn 0.7071 -0.0030 0.7071
vn -0.7071 0.0030 0.7071
vn -0.9659 0.0030 0.2588
vn -0.2588 0.0030 -0.9659
vn 0.2588 0.0030 -0.9659
vn 0.7071 0.0030 -0.7071
vn 0.2566 0.9641 -0.0688
vn 0.9659 0.0030 -0.2588
vn 0.2588 0.0030 0.9659
vn -0.2588 0.0030 0.9659
vn -0.9659 -0.0030 0.2589
vn -0.7071 -0.0030 0.7071
vn -0.2567 -0.9640 0.0688
vn -0.9659 -0.0030 -0.2588
vn -0.7071 -0.0030 -0.7071
vn -0.2588 -0.0030 -0.9659
vn 0.2588 -0.0030 -0.9659
vn 0.0688 -0.9641 -0.2566
vn 0.9659 -0.0030 -0.2589
vn 0.2567 -0.9640 -0.0688
vn 0.2588 -0.0030 0.9659
vn -0.2588 -0.0030 0.9659
vn -0.7071 0.0029 0.7071
vn -0.9659 0.0029 0.2588
vn -0.9659 0.0029 -0.2588
vn -0.7071 0.0029 -0.7071
vn -0.2588 0.0029 -0.9659
vn 0.2588 0.0029 -0.9659
vn 0.7071 0.0029 -0.7071
vn 0.9659 0.0029 -0.2588
vn 0.9659 0.0029 0.2588
vn 0.7071 0.0029 0.7071
vn 0.2588 0.0029 0.9659
vn -0.2588 0.0029 0.9659
vn -0.9659 -0.0029 0.2588
vn 0.9659 -0.0029 -0.2588
vn -0.0691 0.9952 0.0690
vn -0.0943 0.9952 0.0253
vn -0.0944 0.9952 -0.0252
vn -0.0690 0.9952 -0.0691
vn -0.2589 0.0029 -0.9659
vn -0.0252 0.9952 -0.0943
vn 0.0254 0.9952 -0.0943
vn 0.0689 0.9952 -0.0692
vn 0.0943 0.9952 -0.0253
vn 0.0943 0.9952 0.0253
vn 0.0690 0.9952 0.0691
vn 0.0253 0.9952 0.0943
vn -0.0253 0.9952 0.0943
vn -0.2771 -0.9580 0.0742
vn -0.2028 -0.9580 0.2028
vn -0.7069 -0.0224 0.7069
vn -0.9657 -0.0225 0.2587
vn -0.2770 -0.9580 -0.0742
vn -0.9657 -0.0225 -0.2587
vn -0.2028 -0.9580 -0.2028
vn -0.7069 -0.0225 -0.7070
vn -0.0742 -0.9580 -0.2770
vn -0.2588 -0.0224 -0.9657
vn 0.0742 -0.9580 -0.2770
vn 0.2588 -0.0224 -0.9657
vn 0.2028 -0.9580 -0.2028
vn 0.7068 -0.0225 -0.7070
vn 0.2770 -0.9580 -0.0742
vn 0.9657 -0.0224 -0.2588
vn 0.2771 -0.9580 0.0742
vn 0.9657 -0.0225 0.2587
vn 0.2028 -0.9580 0.2028
vn 0.7069 -0.0224 0.7069
vn 0.0742 -0.9580 0.2770
vn 0.2587 -0.0225 0.9657
vn -0.0742 -0.9580 0.2770
vn -0.2588 -0.0225 0.9657
vn -0.9657 0.0225 0.2588
vn -0.7069 0.0224 0.7069
vn -0.2028 0.9580 0.2028
vn -0.2771 0.9580 0.0742
vn -0.9657 0.0225 -0.2588
vn -0.2771 0.9580 -0.0742
vn -0.7069 0.0225 -0.7069
vn -0.2028 0.9580 -0.2028
vn -0.2588 0.0224 -0.9657
vn -0.0742 0.9580 -0.2770
vn 0.2588 0.0224 -0.9657
vn 0.0742 0.9580 -0.2770
vn 0.7069 0.0225 -0.7069
vn 0.2028 0.9580 -0.2028
vn 0.9657 0.0224 -0.2588
vn 0.2771 0.9580 -0.0742
vn 0.9657 0.0225 0.2588
vn 0.2771 0.9580 0.0743
vn 0.7069 0.0224 0.7069
vn 0.2028 0.9580 0.2028
vn 0.2587 0.0225 0.9657
vn 0.0743 0.9580 0.2770
vn -0.2588 0.0225 0.9657
vn -0.0742 0.9580 0.2771
vn -0.7069 -0.0241 0.7069
vn -0.9656 -0.0240 0.2589
vn -0.9656 -0.0240 -0.2589
vn -0.7069 -0.0241 -0.7069
vn -0.2587 -0.0241 -0.9656
vn 0.2588 -0.0241 -0.9656
vn 0.7069 -0.0240 -0.7069
vn 0.2771 -0.9580 -0.0742
vn 0.9657 -0.0241 -0.2587
vn 0.9656 -0.0240 0.2587
vn 0.7069 -0.0241 0.7069
vn 0.0743 -0.9580 0.2770
vn 0.2587 -0.0241 0.9657
vn -0.0742 -0.9580 0.2771
vn -0.2588 -0.0241 0.9656
vn -0.9656 0.0240 0.2587
vn -0.7069 0.0240 0.7069
vn -0.9656 0.0240 -0.2587
vn -0.2770 0.9580 -0.0742
vn -0.7069 0.0241 -0.7069
vn -0.2588 0.0241 -0.9656
vn 0.2588 0.0241 -0.9656
vn 0.7069 0.0240 -0.7069
vn 0.2029 0.9580 -0.2028
vn 0.9656 0.0241 -0.2587
vn 0.9656 0.0240 0.2587
vn 0.2771 0.9580 0.0742
vn 0.7069 0.0240 0.7069
vn 0.2587 0.0241 0.9656
vn 0.0742 0.9580 0.2771
vn -0.2587 0.0241 0.9656
vn -0.9657 -0.0240 0.2587
vn -0.9656 -0.0240 -0.2587
vn 0.2587 -0.0241 -0.9657
vn 0.9656 -0.0241 -0.2588
vn 0.0742 -0.9580 0.2771
vn -0.2028 -0.9580 0.2029
vn -0.7069 -0.0263 0.7069
vn -0.9656 -0.0263 0.2587
vn -0.2771 -0.9580 -0.0742
vn -0.9656 -0.0263 -0.2587
vn -0.7068 -0.0263 -0.7069
vn -0.2587 -0.0263 -0.9656
vn 0.2587 -0.0263 -0.9656
vn 0.7069 -0.0263 -0.7068
vn 0.9656 -0.0263 -0.2588
vn 0.9656 -0.0263 0.2588
vn 0.7068 -0.0263 0.7069
vn 0.2586 -0.0263 0.9656
vn -0.2588 -0.0263 0.9656
vn -0.9656 0.0263 0.2587
vn -0.7068 0.0263 0.7069
vn -0.2770 0.9580 0.0742
vn -0.9656 0.0263 -0.2587
vn -0.2770 0.9580 -0.0743
vn -0.7069 0.0263 -0.7069
vn -0.2588 0.0263 -0.9656
vn 0.2587 0.0263 -0.9656
vn 0.7069 0.0263 -0.7069
vn 0.9656 0.0263 -0.2587
vn 0.9656 0.0263 0.2587
vn 0.7069 0.0263 0.7068
vn 0.2587 0.0263 0.9656
vn -0.2587 0.0263 0.9656
vn -0.7068 -0.0290 0.7068
vn -0.9655 -0.0290 0.2586
vn -0.9655 -0.0290 -0.2587
vn -0.7068 -0.0290 -0.7068
vn -0.2587 -0.0290 -0.9655
vn 0.2587 -0.0290 -0.9655
vn 0.7068 -0.0290 -0.7068
vn 0.9655 -0.0290 -0.2588
vn 0.2771 -0.9580 0.0743
vn 0.9655 -0.0290 0.2587
vn 0.7068 -0.0290 0.7068
vn 0.2587 -0.0290 0.9655
vn -0.0743 -0.9580 0.2770
vn -0.2588 -0.0290 0.9655
vn -0.9655 0.0290 0.2587
vn -0.7068 0.0290 0.7068
vn -0.2771 0.9580 0.0743
vn -0.9655 0.0290 -0.2587
vn -0.2771 0.9580 -0.0743
vn -0.7068 0.0290 -0.7068
vn -0.2587 0.0290 -0.9655
vn 0.2587 0.0290 -0.9655
vn 0.7068 0.0290 -0.7068
vn 0.9655 0.0290 -0.2587
vn 0.2770 0.9580 -0.0742
vn 0.9655 0.0290 0.2587
vn 0.7068 0.0290 0.7068
vn 0.2587 0.0290 0.9655
vn -0.2587 0.0290 0.9655
vn -0.0000 -1.0000 -0.0000
vt 0.329802 0.820850
vt 0.329802 0.814690
vt 0.332882 0.809355
vt 0.338217 0.806275
vt 0.344377 0.806275
vt 0.349712 0.809355
vt 0.352792 0.814690
vt 0.352792 0.820850
vt 0.349712 0.826185
vt 0.344377 0.829265
vt 0.338217 0.829265
vt 0.332882 0.826185
vt 0.133735 0.800288
vt 0.144071 0.794321
vt 0.144297 0.795166
vt 0.134354 0.800907
vt 0.825853 0.246853
vt 0.813918 0.246853
vt 0.813918 0.246008
vt 0.825853 0.246008
vt 0.156005 0.794321
vt 0.155779 0.795166
vt 0.812319 0.558673
vt 0.801983 0.558673
vt 0.801983 0.557828
vt 0.812319 0.557828
vt 0.166341 0.800288
vt 0.165722 0.800907
vt 0.678702 0.316133
vt 0.668366 0.316133
vt 0.668366 0.315287
vt 0.678702 0.315287
vt 0.172308 0.810624
vt 0.171463 0.810850
vt 0.690636 0.316133
vt 0.690636 0.315287
vt 0.172308 0.822558
vt 0.171463 0.822331
vt 0.870393 0.558673
vt 0.860057 0.558673
vt 0.860057 0.557828
vt 0.870393 0.557828
vt 0.166341 0.832893
vt 0.165722 0.832275
vt 0.656432 0.316133
vt 0.646096 0.316133
vt 0.646096 0.315287
vt 0.656432 0.315287
vt 0.156005 0.838861
vt 0.155779 0.838015
vt 0.668366 0.316133
vt 0.668366 0.315287
vt 0.144071 0.838861
vt 0.144297 0.838015
vt 0.860057 0.558673
vt 0.849721 0.558673
vt 0.849721 0.557828
vt 0.860057 0.557828
vt 0.133735 0.832893
vt 0.134354 0.832275
vt 0.076628 0.771700
vt 0.082595 0.782036
vt 0.081976 0.782655
vt 0.075782 0.771927
vt 0.127768 0.822558
vt 0.128614 0.822331
vt 0.076628 0.759766
vt 0.075783 0.759540
vt 0.127768 0.810624
vt 0.128614 0.810850
vt 0.082595 0.749431
vt 0.081976 0.748812
vt 0.092930 0.743463
vt 0.092704 0.742618
vt 0.849722 0.836020
vt 0.837787 0.836020
vt 0.837787 0.835174
vt 0.849722 0.835174
vt 0.031603 0.927772
vt 0.021267 0.927772
vt 0.021267 0.926927
vt 0.031603 0.926927
vt 0.790050 0.593480
vt 0.779714 0.593480
vt 0.779714 0.592634
vt 0.790050 0.592634
vt 0.801984 0.593480
vt 0.801984 0.592634
vt 0.041938 0.927772
vt 0.031603 0.926927
vt 0.041938 0.926927
vt 0.767780 0.593480
vt 0.757445 0.593480
vt 0.757445 0.592634
vt 0.767780 0.592634
vt 0.779714 0.593480
vt 0.779714 0.592634
vt 0.052274 0.927772
vt 0.052274 0.926927
vt 0.062609 0.927772
vt 0.062609 0.926927
vt 0.791648 0.295417
vt 0.779714 0.295417
vt 0.779714 0.294571
vt 0.791648 0.294571
vt 0.801984 0.295417
vt 0.801984 0.294571
vt 0.072944 0.927772
vt 0.062609 0.927772
vt 0.062609 0.926927
vt 0.072944 0.926927
vt 0.211969 0.732814
vt 0.200035 0.732813
vt 0.199808 0.731968
vt 0.212196 0.731968
vt 0.222305 0.738781
vt 0.222923 0.738162
vt 0.228272 0.749116
vt 0.229117 0.748890
vt 0.228272 0.761051
vt 0.229117 0.761277
vt 0.222304 0.771386
vt 0.222923 0.772005
vt 0.211969 0.777353
vt 0.212196 0.778199
vt 0.200035 0.777353
vt 0.199808 0.778198
vt 0.189699 0.771386
vt 0.189080 0.772005
vt 0.183732 0.761050
vt 0.182887 0.761277
vt 0.183732 0.749116
vt 0.182887 0.748890
vt 0.189700 0.738781
vt 0.189081 0.738162
vt 0.837787 0.839077
vt 0.825853 0.839077
vt 0.825853 0.838231
vt 0.837787 0.838231
vt 0.932405 0.541014
vt 0.922070 0.541014
vt 0.922070 0.540168
vt 0.932405 0.540168
vt 0.767780 0.298474
vt 0.757445 0.298474
vt 0.757445 0.297628
vt 0.767780 0.297628
vt 0.779714 0.298474
vt 0.779714 0.297628
vt 0.932405 0.852834
vt 0.922070 0.852834
vt 0.922070 0.851988
vt 0.932405 0.851988
vt 0.329362 0.743594
vt 0.319027 0.743594
vt 0.319027 0.742749
vt 0.329362 0.742749
vt 0.341297 0.743594
vt 0.341297 0.742749
vt 0.690636 0.921012
vt 0.680300 0.921012
vt 0.680300 0.920167
vt 0.690636 0.920167
vt 0.942741 0.541014
vt 0.942741 0.540168
vt 0.353231 0.743594
vt 0.353231 0.742749
vt 0.363566 0.743594
vt 0.363566 0.742749
vt 0.942741 0.852833
vt 0.932405 0.852833
vt 0.932405 0.851988
vt 0.942741 0.851988
vt 0.722557 0.716953
vt 0.710622 0.716952
vt 0.710396 0.716107
vt 0.722783 0.716107
vt 0.732892 0.722920
vt 0.733511 0.722301
vt 0.738859 0.733255
vt 0.739705 0.733029
vt 0.738859 0.745190
vt 0.739704 0.745416
vt 0.732892 0.755525
vt 0.733510 0.756144
vt 0.722557 0.761492
vt 0.722783 0.762337
vt 0.710622 0.761492
vt 0.710396 0.762337
vt 0.700287 0.755525
vt 0.699668 0.756144
vt 0.694319 0.745189
vt 0.693474 0.745416
vt 0.694320 0.733255
vt 0.693475 0.733029
vt 0.700287 0.722920
vt 0.699668 0.722301
vt 0.189080 0.790068
vt 0.199808 0.783875
vt 0.200035 0.784720
vt 0.189699 0.790687
vt 0.182887 0.800796
vt 0.183732 0.801022
vt 0.182887 0.813183
vt 0.183732 0.812957
vt 0.189080 0.823911
vt 0.189699 0.823292
vt 0.199808 0.830104
vt 0.200034 0.829259
vt 0.212195 0.830105
vt 0.211969 0.829260
vt 0.222923 0.823911
vt 0.222304 0.823292
vt 0.229117 0.813183
vt 0.228271 0.812957
vt 0.229117 0.800796
vt 0.228272 0.801022
vt 0.222923 0.790069
vt 0.222304 0.790687
vt 0.212195 0.783875
vt 0.211969 0.784720
vt 0.655747 0.724121
vt 0.643813 0.724120
vt 0.643586 0.723275
vt 0.655974 0.723275
vt 0.666083 0.730088
vt 0.666702 0.729469
vt 0.672050 0.740423
vt 0.672895 0.740197
vt 0.672050 0.752357
vt 0.672895 0.752584
vt 0.666083 0.762693
vt 0.666701 0.763312
vt 0.655747 0.768660
vt 0.655974 0.769506
vt 0.643813 0.768660
vt 0.643586 0.769506
vt 0.633477 0.762693
vt 0.632859 0.763312
vt 0.627510 0.752357
vt 0.626665 0.752584
vt 0.627510 0.740423
vt 0.626665 0.740197
vt 0.633478 0.730088
vt 0.632859 0.729469
vt 0.813918 0.557828
vt 0.801984 0.557828
vt 0.801984 0.556982
vt 0.813918 0.556982
vt 0.849721 0.557828
vt 0.849721 0.556982
vt 0.860057 0.556982
vt 0.656432 0.315287
vt 0.646097 0.315287
vt 0.646097 0.314442
vt 0.656432 0.314442
vt 0.668366 0.314442
vt 0.860057 0.556982
vt 0.870393 0.556982
vt 0.634162 0.315287
vt 0.623827 0.315287
vt 0.623827 0.314442
vt 0.634162 0.314442
vt 0.646096 0.314442
vt 0.880728 0.557828
vt 0.870392 0.557828
vt 0.870392 0.556982
vt 0.880728 0.556982
vt 0.315594 0.866972
vt 0.305258 0.866972
vt 0.305258 0.866127
vt 0.315594 0.866127
vt 0.635761 0.627107
vt 0.623827 0.627107
vt 0.623827 0.626262
vt 0.635761 0.626262
vt 0.646097 0.627107
vt 0.646097 0.626262
vt 0.824253 0.868546
vt 0.813918 0.868546
vt 0.813918 0.867701
vt 0.824253 0.867701
vt 0.350948 0.747278
vt 0.339013 0.747277
vt 0.338787 0.746432
vt 0.351174 0.746432
vt 0.361283 0.753245
vt 0.361902 0.752626
vt 0.367250 0.763580
vt 0.368096 0.763354
vt 0.367250 0.775515
vt 0.368095 0.775741
vt 0.361283 0.785850
vt 0.361902 0.786469
vt 0.350948 0.791817
vt 0.351174 0.792663
vt 0.339013 0.791817
vt 0.338787 0.792663
vt 0.328678 0.785850
vt 0.328059 0.786469
vt 0.322711 0.775514
vt 0.321865 0.775741
vt 0.322711 0.763580
vt 0.321866 0.763354
vt 0.328678 0.753245
vt 0.328059 0.752626
vt 0.837787 0.544071
vt 0.825853 0.544071
vt 0.825853 0.543225
vt 0.837787 0.543225
vt 0.891063 0.855891
vt 0.880728 0.855891
vt 0.880728 0.855045
vt 0.891063 0.855045
vt 0.745511 0.301531
vt 0.735175 0.301531
vt 0.735175 0.300685
vt 0.745511 0.300685
vt 0.757445 0.301531
vt 0.757445 0.300685
vt 0.901399 0.544071
vt 0.891063 0.544071
vt 0.891063 0.543225
vt 0.901399 0.543225
vt 0.700971 0.301531
vt 0.690636 0.301531
vt 0.690636 0.300685
vt 0.700971 0.300685
vt 0.712906 0.301531
vt 0.712906 0.300685
vt 0.901399 0.855890
vt 0.891063 0.855890
vt 0.891063 0.855045
vt 0.901399 0.855045
vt 0.922070 0.544071
vt 0.911734 0.544071
vt 0.911734 0.543225
vt 0.922070 0.543225
vt 0.702570 0.599594
vt 0.690636 0.599594
vt 0.690636 0.598749
vt 0.702570 0.598749
vt 0.712906 0.599594
vt 0.712906 0.598749
vt 0.270373 0.913518
vt 0.260038 0.913518
vt 0.260038 0.912673
vt 0.270373 0.912673
vt 0.335330 0.840040
vt 0.324994 0.834073
vt 0.325613 0.833454
vt 0.335556 0.839195
vt 0.347264 0.840040
vt 0.347038 0.839195
vt 0.357600 0.834073
vt 0.356981 0.833454
vt 0.363567 0.823737
vt 0.362721 0.823511
vt 0.363567 0.811803
vt 0.362721 0.812029
vt 0.357600 0.801468
vt 0.356981 0.802086
vt 0.347264 0.795500
vt 0.347038 0.796345
vt 0.335330 0.795500
vt 0.335556 0.796346
vt 0.324994 0.801468
vt 0.325613 0.802086
vt 0.319027 0.811803
vt 0.319872 0.812029
vt 0.319027 0.823737
vt 0.319872 0.823511
vt 0.105625 0.740626
vt 0.092170 0.740626
vt 0.091943 0.739780
vt 0.105852 0.739780
vt 0.117278 0.747353
vt 0.117897 0.746735
vt 0.124005 0.759006
vt 0.124850 0.758779
vt 0.124005 0.772461
vt 0.124851 0.772688
vt 0.117278 0.784114
vt 0.117896 0.784732
vt 0.105625 0.790841
vt 0.105851 0.791686
vt 0.092170 0.790841
vt 0.091943 0.791686
vt 0.080517 0.784113
vt 0.079898 0.784732
vt 0.073790 0.772461
vt 0.072944 0.772687
vt 0.073790 0.759006
vt 0.072944 0.758779
vt 0.080517 0.747353
vt 0.079899 0.746734
vt 0.697590 0.772130
vt 0.709635 0.765176
vt 0.709861 0.766021
vt 0.698209 0.772748
vt 0.690636 0.784175
vt 0.691481 0.784401
vt 0.690636 0.798083
vt 0.691481 0.797856
vt 0.697590 0.810128
vt 0.698208 0.809509
vt 0.709634 0.817082
vt 0.709861 0.816237
vt 0.723543 0.817082
vt 0.723316 0.816237
vt 0.735587 0.810128
vt 0.734969 0.809509
vt 0.742542 0.798083
vt 0.741696 0.797856
vt 0.742542 0.784175
vt 0.741696 0.784401
vt 0.735588 0.772130
vt 0.734969 0.772749
vt 0.723543 0.765176
vt 0.723316 0.766021
vt 0.212730 0.729975
vt 0.199274 0.729976
vt 0.199048 0.729130
vt 0.212956 0.729130
vt 0.224382 0.736703
vt 0.225001 0.736084
vt 0.231110 0.748356
vt 0.231955 0.748129
vt 0.231110 0.761811
vt 0.231955 0.762038
vt 0.224382 0.773464
vt 0.225001 0.774082
vt 0.212729 0.780191
vt 0.212956 0.781036
vt 0.199274 0.780191
vt 0.199048 0.781036
vt 0.187622 0.773463
vt 0.187003 0.774082
vt 0.180894 0.761811
vt 0.180049 0.762037
vt 0.180894 0.748356
vt 0.180049 0.748129
vt 0.187622 0.736703
vt 0.187003 0.736084
vt 0.630781 0.779298
vt 0.642826 0.772344
vt 0.643053 0.773189
vt 0.631400 0.779916
vt 0.623827 0.791343
vt 0.624672 0.791569
vt 0.623827 0.805251
vt 0.624672 0.805024
vt 0.630781 0.817296
vt 0.631400 0.816677
vt 0.642826 0.824250
vt 0.643052 0.823405
vt 0.656734 0.824250
vt 0.656508 0.823405
vt 0.668779 0.817296
vt 0.668160 0.816677
vt 0.675733 0.805251
vt 0.674888 0.805024
vt 0.675733 0.791343
vt 0.674888 0.791569
vt 0.668779 0.779298
vt 0.668160 0.779917
vt 0.656734 0.772344
vt 0.656508 0.773189
vt 0.723317 0.714115
vt 0.709862 0.714115
vt 0.709635 0.713269
vt 0.723543 0.713269
vt 0.734970 0.720842
vt 0.735589 0.720223
vt 0.741697 0.732495
vt 0.742543 0.732268
vt 0.741697 0.745950
vt 0.742543 0.746177
vt 0.734970 0.757603
vt 0.735588 0.758221
vt 0.723317 0.764330
vt 0.723543 0.765175
vt 0.709862 0.764330
vt 0.709635 0.765175
vt 0.698209 0.757602
vt 0.697590 0.758221
vt 0.691482 0.745950
vt 0.690636 0.746176
vt 0.691481 0.732495
vt 0.690636 0.732268
vt 0.698209 0.720842
vt 0.697591 0.720223
vt 0.187003 0.787991
vt 0.199048 0.781037
vt 0.199274 0.781882
vt 0.187622 0.788609
vt 0.180049 0.800036
vt 0.180894 0.800262
vt 0.180049 0.813944
vt 0.180894 0.813717
vt 0.187003 0.825989
vt 0.187621 0.825370
vt 0.199047 0.832943
vt 0.199274 0.832098
vt 0.212956 0.832943
vt 0.212729 0.832097
vt 0.225000 0.825989
vt 0.224382 0.825370
vt 0.231955 0.813944
vt 0.231109 0.813717
vt 0.231955 0.800036
vt 0.231109 0.800262
vt 0.225001 0.787991
vt 0.224382 0.788609
vt 0.212956 0.781037
vt 0.212729 0.781882
vt 0.656508 0.721282
vt 0.643053 0.721283
vt 0.642826 0.720437
vt 0.656734 0.720437
vt 0.668160 0.728010
vt 0.668779 0.727392
vt 0.674888 0.739663
vt 0.675733 0.739436
vt 0.674888 0.753118
vt 0.675733 0.753344
vt 0.668160 0.764771
vt 0.668779 0.765389
vt 0.656508 0.771498
vt 0.656734 0.772343
vt 0.643052 0.771498
vt 0.642826 0.772343
vt 0.631400 0.764770
vt 0.630781 0.765389
vt 0.624672 0.753118
vt 0.623827 0.753344
vt 0.624672 0.739663
vt 0.623827 0.739436
vt 0.631400 0.728010
vt 0.630781 0.727391
vt 0.259347 0.859006
vt 0.245439 0.859006
vt 0.245454 0.858160
vt 0.259120 0.858160
vt 0.304954 0.884990
vt 0.292908 0.884990
vt 0.293105 0.884145
vt 0.304758 0.884145
vt 0.702681 0.890789
vt 0.690636 0.890789
vt 0.690832 0.889944
vt 0.702485 0.889944
vt 0.894636 0.856736
vt 0.880728 0.856736
vt 0.880954 0.855891
vt 0.894621 0.855891
vt 0.906681 0.856736
vt 0.906485 0.855891
vt 0.728633 0.857161
vt 0.716589 0.857161
vt 0.716785 0.856316
vt 0.728648 0.856316
vt 0.742541 0.857161
vt 0.742315 0.856316
vt 0.892773 0.890363
vt 0.880728 0.890363
vt 0.880924 0.889518
vt 0.892577 0.889518
vt 0.702680 0.857161
vt 0.690636 0.857161
vt 0.690832 0.856316
vt 0.702696 0.856316
vt 0.716589 0.857161
vt 0.716362 0.856316
vt 0.904818 0.890363
vt 0.892773 0.890363
vt 0.892969 0.889518
vt 0.904622 0.889518
vt 0.233394 0.859006
vt 0.233590 0.858160
vt 0.351708 0.744440
vt 0.338253 0.744440
vt 0.338026 0.743594
vt 0.351935 0.743594
vt 0.363361 0.751167
vt 0.363980 0.750549
vt 0.370088 0.762820
vt 0.370933 0.762594
vt 0.370088 0.776275
vt 0.370934 0.776502
vt 0.363361 0.787928
vt 0.363979 0.788546
vt 0.351708 0.794655
vt 0.351934 0.795501
vt 0.338253 0.794655
vt 0.338026 0.795501
vt 0.326600 0.787927
vt 0.325981 0.788546
vt 0.319873 0.776275
vt 0.319027 0.776501
vt 0.319873 0.762820
vt 0.319027 0.762593
vt 0.326600 0.751167
vt 0.325982 0.750548
vt 0.131478 0.473607
vt 0.143523 0.466653
vt 0.143750 0.467498
vt 0.132097 0.474226
vt 0.124524 0.485652
vt 0.125369 0.485878
vt 0.124524 0.499560
vt 0.125369 0.499334
vt 0.131478 0.511605
vt 0.132097 0.510986
vt 0.143523 0.518559
vt 0.143749 0.517714
vt 0.157431 0.518559
vt 0.157205 0.517714
vt 0.169476 0.511605
vt 0.168857 0.510986
vt 0.176430 0.499560
vt 0.175585 0.499334
vt 0.176430 0.485652
vt 0.175585 0.485878
vt 0.169476 0.473607
vt 0.168858 0.474226
vt 0.157431 0.466653
vt 0.157205 0.467498
vt 0.150038 0.816591
vt 0.813918 0.555881
vt 0.825853 0.555881
vt 0.880728 0.555881
vt 0.880728 0.246853
vt 0.891063 0.246853
vt 0.891063 0.555881
vt 0.105091 0.742618
vt 0.801983 0.867701
vt 0.812319 0.867701
vt 0.115819 0.748812
vt 0.668366 0.625161
vt 0.678702 0.625161
vt 0.122013 0.759540
vt 0.690636 0.625161
vt 0.122012 0.771927
vt 0.860057 0.867701
vt 0.870393 0.867701
vt 0.115819 0.782655
vt 0.646096 0.625161
vt 0.656432 0.625161
vt 0.105091 0.788849
vt 0.668366 0.625161
vt 0.092704 0.788848
vt 0.849721 0.867701
vt 0.860057 0.867701
vt 0.880728 0.558673
vt 0.880728 0.867701
vt 0.668366 0.313341
vt 0.668366 0.004313
vt 0.680300 0.004313
vt 0.680300 0.313341
vt 0.690636 0.004313
vt 0.690636 0.313341
vt 0.710395 0.768014
vt 0.699667 0.774207
vt 0.837787 0.544916
vt 0.849722 0.544916
vt 0.062609 0.636668
vt 0.072944 0.636668
vt 0.722782 0.768014
vt 0.021267 0.636668
vt 0.031603 0.636668
vt 0.693474 0.784935
vt 0.693474 0.797323
vt 0.779714 0.302376
vt 0.790050 0.302376
vt 0.699667 0.808050
vt 0.801984 0.302376
vt 0.031603 0.636668
vt 0.041938 0.636668
vt 0.710395 0.814243
vt 0.722782 0.814244
vt 0.757445 0.302376
vt 0.767780 0.302376
vt 0.779714 0.302376
vt 0.733510 0.808050
vt 0.739704 0.797323
vt 0.052274 0.636668
vt 0.739704 0.784935
vt 0.062609 0.636668
vt 0.779714 0.004313
vt 0.791648 0.004313
vt 0.733510 0.774208
vt 0.801984 0.004313
vt 0.643586 0.775182
vt 0.632859 0.781375
vt 0.825853 0.544916
vt 0.837787 0.544916
vt 0.932405 0.558673
vt 0.942741 0.558673
vt 0.655974 0.775182
vt 0.626665 0.792103
vt 0.922070 0.246853
vt 0.932405 0.246853
vt 0.626665 0.804490
vt 0.757445 0.004313
vt 0.767780 0.004313
vt 0.632859 0.815218
vt 0.779714 0.004313
vt 0.922070 0.558673
vt 0.932405 0.558673
vt 0.643586 0.821411
vt 0.655974 0.821412
vt 0.319027 0.449434
vt 0.329362 0.449434
vt 0.341297 0.449434
vt 0.666701 0.815218
vt 0.672895 0.804490
vt 0.680300 0.626851
vt 0.690636 0.626851
vt 0.672895 0.792103
vt 0.932405 0.246853
vt 0.942741 0.246853
vt 0.341297 0.449434
vt 0.353231 0.449434
vt 0.666701 0.781376
vt 0.363566 0.449434
vt 0.837787 0.246853
vt 0.849722 0.246853
vt 0.849722 0.543225
vt 0.270373 0.616301
vt 0.280708 0.616301
vt 0.280708 0.912673
vt 0.746160 0.896812
vt 0.746160 0.600439
vt 0.756495 0.600439
vt 0.756495 0.896812
vt 0.735175 0.302376
vt 0.745511 0.302376
vt 0.745511 0.598749
vt 0.735175 0.598749
vt 0.757445 0.302376
vt 0.757445 0.598749
vt 0.901399 0.558673
vt 0.911735 0.558673
vt 0.911735 0.855045
vt 0.901399 0.855045
vt 0.712906 0.302376
vt 0.723241 0.302376
vt 0.723241 0.598749
vt 0.735175 0.302376
vt 0.735175 0.598749
vt 0.901399 0.246853
vt 0.911734 0.246853
vt 0.911734 0.543225
vt 0.922070 0.558673
vt 0.922070 0.855045
vt 0.724840 0.004313
vt 0.724840 0.300685
vt 0.712906 0.004313
vt 0.735175 0.004313
vt 0.735175 0.300685
vt 0.092704 0.794524
vt 0.081976 0.800718
vt 0.080517 0.799259
vt 0.092170 0.792532
vt 0.801984 0.246853
vt 0.813918 0.246853
vt 0.813918 0.557571
vt 0.824253 0.557571
vt 0.105091 0.794525
vt 0.105625 0.792532
vt 0.075782 0.811446
vt 0.073789 0.810912
vt 0.849721 0.246853
vt 0.860057 0.246853
vt 0.646097 0.004313
vt 0.656432 0.004313
vt 0.075782 0.823833
vt 0.073789 0.824367
vt 0.081976 0.834561
vt 0.080517 0.836020
vt 0.668366 0.004313
vt 0.092704 0.840754
vt 0.092169 0.842747
vt 0.860057 0.246853
vt 0.870393 0.246853
vt 0.105091 0.840755
vt 0.105625 0.842747
vt 0.623827 0.004313
vt 0.634162 0.004313
vt 0.115819 0.834561
vt 0.117277 0.836020
vt 0.646096 0.004313
vt 0.870392 0.246853
vt 0.880728 0.246853
vt 0.122012 0.823833
vt 0.124005 0.824367
vt 0.122012 0.811446
vt 0.124005 0.810912
vt 0.305258 0.555997
vt 0.315594 0.555997
vt 0.623827 0.316133
vt 0.635761 0.316133
vt 0.115818 0.800718
vt 0.117278 0.799259
vt 0.646097 0.316133
vt 0.825853 0.246853
vt 0.260038 0.616301
vt 0.270373 0.616301
vt 0.156671 0.469491
vt 0.144284 0.469491
vt 0.133556 0.475684
vt 0.880728 0.558673
vt 0.891063 0.558673
vt 0.127362 0.486412
vt 0.735175 0.004313
vt 0.745511 0.004313
vt 0.127362 0.498800
vt 0.133556 0.509527
vt 0.757445 0.004313
vt 0.144283 0.515721
vt 0.891063 0.246853
vt 0.690636 0.004313
vt 0.700971 0.004313
vt 0.156671 0.515721
vt 0.167398 0.509527
vt 0.712906 0.004313
vt 0.891063 0.558673
vt 0.901399 0.558673
vt 0.173592 0.498800
vt 0.173592 0.486412
vt 0.911734 0.246853
vt 0.922070 0.246853
vt 0.690636 0.302376
vt 0.702570 0.302376
vt 0.167398 0.475685
vt 0.151858 0.913935
vt 0.139813 0.913935
vt 0.139813 0.876391
vt 0.151858 0.876391
vt 0.833521 0.245162
vt 0.819612 0.245162
vt 0.819612 0.207618
vt 0.833521 0.207618
vt 0.857611 0.245162
vt 0.845565 0.245162
vt 0.845565 0.207618
vt 0.857611 0.207618
vt 0.259347 0.857315
vt 0.245439 0.857315
vt 0.245439 0.819771
vt 0.259347 0.819771
vt 0.233394 0.857315
vt 0.233394 0.819771
vt 0.845565 0.207618
vt 0.702681 0.855471
vt 0.690636 0.855471
vt 0.690636 0.817927
vt 0.702681 0.817927
vt 0.139814 0.913935
vt 0.127769 0.913935
vt 0.127769 0.876391
vt 0.139814 0.876391
vt 0.716589 0.855471
vt 0.716589 0.817927
vt 0.742541 0.855471
vt 0.728633 0.855471
vt 0.728633 0.817927
vt 0.742541 0.817927
vt 0.716589 0.855471
vt 0.716589 0.817927
vt 0.165766 0.913935
vt 0.153721 0.913935
vt 0.153721 0.876391
vt 0.165766 0.876391
vt 0.331072 0.912564
vt 0.319027 0.912564
vt 0.319027 0.877570
vt 0.331072 0.877570
vt 0.344980 0.875879
vt 0.331072 0.875879
vt 0.331072 0.840885
vt 0.344980 0.840885
vt 0.370933 0.875879
vt 0.357025 0.875880
vt 0.357025 0.840885
vt 0.370933 0.840885
vt 0.344980 0.875880
vt 0.344980 0.840885
vt 0.319027 0.875879
vt 0.319027 0.840885
vt 0.206002 0.868782
vt 0.193957 0.868782
vt 0.193957 0.833788
vt 0.206002 0.833788
vt 0.292908 0.919984
vt 0.280864 0.919984
vt 0.280864 0.884990
vt 0.292908 0.884990
vt 0.180049 0.868782
vt 0.180049 0.833788
vt 0.084989 0.916117
vt 0.072944 0.916117
vt 0.072944 0.881123
vt 0.084989 0.881123
vt 0.098897 0.879432
vt 0.084989 0.879432
vt 0.084989 0.844438
vt 0.098897 0.844438
vt 0.072944 0.879432
vt 0.072944 0.844438
vt 0.357025 0.912564
vt 0.344980 0.912564
vt 0.344980 0.877570
vt 0.357025 0.877570
vt 0.676123 0.860089
vt 0.664079 0.860089
vt 0.664079 0.825095
vt 0.676123 0.825095
vt 0.650170 0.860089
vt 0.650170 0.825095
vt 0.370933 0.912564
vt 0.358888 0.912564
vt 0.358888 0.877570
vt 0.370933 0.877570
vt 0.153721 0.874700
vt 0.139813 0.874700
vt 0.139813 0.839706
vt 0.153721 0.839706
vt 0.231955 0.868782
vt 0.218047 0.868782
vt 0.218047 0.833788
vt 0.231955 0.833788
vt 0.177811 0.911385
vt 0.165766 0.911385
vt 0.165766 0.876390
vt 0.177811 0.876390
vt 0.206002 0.868782
vt 0.206002 0.833788
vt 0.127768 0.874700
vt 0.127768 0.839706
vt 0.097034 0.916117
vt 0.084989 0.916117
vt 0.097034 0.881123
vt 0.165766 0.874700
vt 0.153721 0.874700
vt 0.153721 0.839706
vt 0.165766 0.839706
vt 0.343118 0.912564
vt 0.331073 0.912564
vt 0.331073 0.877570
vt 0.343118 0.877570
vt 0.179674 0.874700
vt 0.179674 0.839706
vt 0.906681 0.888673
vt 0.894636 0.888673
vt 0.880728 0.888673
vt 0.716589 0.889098
vt 0.702680 0.889098
vt 0.690636 0.889098
vt 0.259347 0.890943
vt 0.245439 0.890943
vt 0.304954 0.916927
vt 0.292908 0.916927
vt 0.233394 0.890943
vt 0.702681 0.922726
vt 0.690636 0.922726
vt 0.892773 0.922300
vt 0.880728 0.922300
vt 0.742541 0.889098
vt 0.728633 0.889098
vt 0.716589 0.889098
vt 0.904818 0.922300
vt 0.892773 0.922300
vt 0.662215 0.921230
vt 0.650170 0.921230
vt 0.650170 0.892350
vt 0.662215 0.892350
vt 0.714726 0.919669
vt 0.702681 0.919669
vt 0.702681 0.890789
vt 0.714726 0.890789
vt 0.726771 0.919669
vt 0.714726 0.919669
vt 0.714726 0.890789
vt 0.726771 0.890789
vt 0.875675 0.898271
vt 0.861766 0.898271
vt 0.861766 0.869391
vt 0.875675 0.869391
vt 0.231955 0.899353
vt 0.218047 0.899353
vt 0.218047 0.870473
vt 0.231955 0.870473
vt 0.206002 0.899353
vt 0.206002 0.870473
vt 0.664079 0.890660
vt 0.650170 0.890660
vt 0.650170 0.861780
vt 0.664079 0.861780
vt 0.849722 0.898271
vt 0.849722 0.869391
vt 0.676123 0.890660
vt 0.676123 0.861780
vt 0.738816 0.919669
vt 0.738816 0.890789
vt 0.206001 0.899353
vt 0.192093 0.899353
vt 0.192093 0.870473
vt 0.206001 0.870473
vt 0.180049 0.899353
vt 0.180049 0.870473
s 1
usemtl 80s_white_metal
f 15/13/2 18/14/3 19/15/4 14/16/5
f 21/17/6 16/18/7 17/19/8 20/20/9
f 18/14/3 22/21/10 23/22/11 19/15/4
f 25/23/12 21/24/6 20/25/9 24/26/13
f 22/21/10 26/27/14 27/28/15 23/22/11
f 29/29/16 25/30/12 24/31/13 28/32/17
f 26/27/14 30/33/18 31/34/19 27/28/15
f 33/35/20 29/29/16 28/32/17 32/36/21
f 30/33/18 34/37/22 35/38/23 31/34/19
f 37/39/24 33/40/20 32/41/21 36/42/25
f 34/37/22 38/43/26 39/44/27 35/38/23
f 41/45/28 37/46/24 36/47/25 40/48/29
f 38/43/26 42/49/30 43/50/31 39/44/27
f 45/51/32 41/45/28 40/48/29 44/52/33
f 42/49/30 46/53/34 47/54/35 43/50/31
f 49/55/36 45/56/32 44/57/33 48/58/37
f 46/53/34 50/59/38 51/60/39 47/54/35
f 53/61/40 49/62/36 48/63/37 52/64/41
f 50/59/38 54/65/42 55/66/43 51/60/39
f 57/67/44 53/61/40 52/64/41 56/68/45
f 54/65/42 58/69/46 59/70/47 55/66/43
f 61/71/48 57/67/44 56/68/45 60/72/49
f 58/69/46 15/13/2 14/16/5 59/70/47
f 16/73/7 61/71/48 60/72/49 17/74/8
f 89/112/74 86/113/75 87/114/8 88/115/76
f 91/116/77 89/112/74 88/115/76 90/117/13
f 93/118/78 91/116/77 90/117/13 92/119/79
f 95/120/80 93/118/78 92/119/79 94/121/81
f 97/122/82 95/120/80 94/121/81 96/123/25
f 99/124/83 97/122/82 96/123/25 98/125/29
f 101/126/84 99/124/83 98/125/29 100/127/85
f 103/128/86 101/126/84 100/127/85 102/129/87
f 105/130/88 103/128/86 102/129/87 104/131/41
f 107/132/89 105/130/88 104/131/41 106/133/45
f 109/134/90 107/132/89 106/133/45 108/135/49
f 86/113/75 109/134/90 108/135/49 87/114/8
f 113/136/50 110/137/51 111/138/52 112/139/53
f 115/140/54 113/141/50 112/142/53 114/143/91
f 117/144/92 115/145/54 114/146/91 116/147/93
f 119/148/58 117/144/92 116/147/93 118/149/59
f 121/150/60 119/151/58 118/152/59 120/153/61
f 123/154/62 121/155/60 120/156/61 122/157/63
f 125/158/64 123/154/62 122/157/63 124/159/65
f 127/160/66 125/161/64 124/162/65 126/163/94
f 129/164/68 127/140/66 126/143/94 128/165/95
f 131/166/70 129/158/68 128/159/95 130/167/71
f 133/168/72 131/166/70 130/167/71 132/169/73
f 110/170/51 133/171/72 132/172/73 111/173/52
f 137/174/96 134/175/75 135/176/8 136/177/9
f 139/178/77 137/174/96 136/177/9 138/179/13
f 141/180/78 139/178/77 138/179/13 140/181/17
f 143/182/80 141/180/78 140/181/17 142/183/81
f 145/184/82 143/182/80 142/183/81 144/185/25
f 147/186/97 145/184/82 144/185/25 146/187/29
f 149/188/98 147/186/97 146/187/29 148/189/33
f 151/190/99 149/188/98 148/189/33 150/191/37
f 153/192/100 151/190/99 150/191/37 152/193/41
f 155/194/89 153/192/100 152/193/41 154/195/45
f 157/196/90 155/194/89 154/195/45 156/197/49
f 134/175/75 157/196/90 156/197/49 135/176/8
f 161/198/50 158/199/51 159/200/101 160/201/102
f 163/202/54 161/198/50 160/201/102 162/203/91
f 165/204/92 163/202/54 162/203/91 164/205/93
f 167/206/58 165/204/92 164/205/93 166/207/103
f 169/208/60 167/206/58 166/207/103 168/209/104
f 171/210/62 169/208/60 168/209/104 170/211/105
f 173/212/106 171/210/62 170/211/105 172/213/107
f 175/214/66 173/212/106 172/213/107 174/215/94
f 177/216/68 175/214/66 174/215/94 176/217/95
f 179/218/70 177/216/68 176/217/95 178/219/108
f 181/220/72 179/218/70 178/219/108 180/221/109
f 158/199/51 181/220/72 180/221/109 159/200/101
f 185/222/110 182/223/111 183/224/8 184/225/112
f 187/226/113 185/222/110 184/225/112 186/227/13
f 189/228/114 187/226/113 186/227/13 188/229/17
f 191/230/115 189/228/114 188/229/17 190/231/81
f 193/232/116 191/230/115 190/231/81 192/233/117
f 195/234/97 193/232/116 192/233/117 194/235/29
f 197/236/118 195/234/97 194/235/29 196/237/119
f 199/238/99 197/236/118 196/237/119 198/239/87
f 201/240/100 199/238/99 198/239/87 200/241/41
f 203/242/120 201/240/100 200/241/41 202/243/45
f 205/244/121 203/242/120 202/243/45 204/245/49
f 182/223/111 205/244/121 204/245/49 183/224/8
f 209/246/50 206/247/51 207/248/122 208/249/123
f 211/58/54 209/250/50 208/251/123 210/252/124
f 213/253/56 211/254/54 210/255/124 212/256/125
f 215/52/58 213/253/56 212/256/125 214/257/126
f 217/42/60 215/41/58 214/258/126 216/259/127
f 219/260/62 217/261/60 216/262/127 218/263/128
f 221/47/64 219/260/62 218/263/128 220/264/129
f 223/265/66 221/266/64 220/267/129 222/268/130
f 225/269/68 223/270/66 222/271/130 224/272/131
f 227/273/70 225/274/68 224/275/131 226/276/132
f 229/277/72 227/273/70 226/276/132 228/278/133
f 206/279/51 229/280/72 228/281/133 207/282/122
f 233/283/134 230/284/7 231/285/8 232/286/9
f 235/287/12 233/283/134 232/286/9 234/288/13
f 237/289/16 235/287/12 234/288/13 236/290/17
f 239/291/20 237/289/16 236/290/17 238/292/81
f 241/293/24 239/291/20 238/292/81 240/294/117
f 243/295/28 241/293/24 240/294/117 242/296/29
f 245/297/135 243/295/28 242/296/29 244/298/33
f 247/299/36 245/297/135 244/298/33 246/300/37
f 249/301/40 247/299/36 246/300/37 248/302/41
f 251/303/44 249/301/40 248/302/41 250/304/45
f 253/305/48 251/303/44 250/304/45 252/306/49
f 230/284/7 253/305/48 252/306/49 231/285/8
f 311/373/149 312/374/150 313/375/151 310/376/152
f 307/377/153 311/373/149 310/376/152 306/378/154
f 305/379/155 307/377/153 306/378/154 304/380/156
f 319/381/157 305/379/155 304/380/156 318/382/158
f 317/383/159 319/381/157 318/382/158 316/384/160
f 327/385/161 317/383/159 316/384/160 326/386/162
f 325/387/163 327/385/161 326/386/162 324/388/164
f 335/389/165 325/387/163 324/388/164 334/390/166
f 333/391/167 335/389/165 334/390/166 332/392/168
f 341/393/169 333/391/167 332/392/168 340/394/170
f 347/395/171 341/393/169 340/394/170 346/396/172
f 312/374/150 347/395/171 346/396/172 313/375/151
f 339/397/173 344/398/174 345/399/175 338/400/176
f 309/401/177 339/397/173 338/400/176 308/402/178
f 303/403/179 309/401/177 308/402/178 302/404/180
f 321/405/181 303/403/179 302/404/180 320/406/182
f 315/407/183 321/405/181 320/406/182 314/408/184
f 329/409/185 315/407/183 314/408/184 328/410/186
f 323/411/187 329/409/185 328/410/186 322/412/188
f 337/413/189 323/411/187 322/412/188 336/414/190
f 331/415/191 337/413/189 336/414/190 330/416/192
f 343/417/193 331/415/191 330/416/192 342/418/194
f 349/419/195 343/417/193 342/418/194 348/420/196
f 344/398/174 349/419/195 348/420/196 345/399/175
f 351/421/149 358/422/150 359/423/197 350/424/198
f 365/425/153 351/421/149 350/424/198 364/426/199
f 371/427/155 365/425/153 364/426/199 370/428/200
f 367/429/157 371/427/155 370/428/200 366/430/201
f 363/431/159 367/429/157 366/430/201 362/432/202
f 355/433/161 363/431/159 362/432/202 354/434/203
f 385/435/204 355/433/161 354/434/203 384/436/205
f 389/437/165 385/435/204 384/436/205 388/438/206
f 377/439/167 389/437/165 388/438/206 376/440/207
f 375/441/208 377/439/167 376/440/207 374/442/209
f 391/443/210 375/441/208 374/442/209 390/444/211
f 358/422/150 391/443/210 390/444/211 359/423/197
f 353/445/212 386/446/213 387/447/175 352/448/176
f 383/449/214 353/445/212 352/448/176 382/450/215
f 381/451/216 383/449/214 382/450/215 380/452/180
f 369/453/217 381/451/216 380/452/180 368/454/182
f 361/455/218 369/453/217 368/454/182 360/456/184
f 357/457/219 361/455/218 360/456/184 356/458/220
f 397/459/221 357/457/219 356/458/220 396/460/188
f 395/461/222 397/459/221 396/460/188 394/462/223
f 379/463/224 395/461/222 394/462/223 378/464/192
f 373/465/225 379/463/224 378/464/192 372/466/226
f 393/467/227 373/465/225 372/466/226 392/468/196
f 386/446/213 393/467/227 392/468/196 387/447/175
f 407/469/149 408/470/150 409/471/197 406/472/228
f 415/473/153 407/469/149 406/472/228 414/474/229
f 419/475/155 415/473/153 414/474/229 418/476/200
f 399/477/157 419/475/155 418/476/200 398/478/201
f 427/479/159 399/477/157 398/478/201 426/480/230
f 433/481/161 427/479/159 426/480/230 432/482/203
f 435/483/204 433/481/161 432/482/203 434/484/231
f 431/485/165 435/483/204 434/484/231 430/486/206
f 411/487/167 431/485/165 430/486/206 410/488/207
f 405/489/232 411/487/167 410/488/207 404/490/209
f 423/491/210 405/489/232 404/490/209 422/492/211
f 408/470/150 423/491/210 422/492/211 409/471/197
f 439/493/212 440/494/213 441/495/175 438/496/176
f 421/497/214 439/493/212 438/496/176 420/498/215
f 417/499/216 421/497/214 420/498/215 416/500/180
f 401/501/217 417/499/216 416/500/180 400/502/182
f 445/503/218 401/501/217 400/502/182 444/504/184
f 443/505/219 445/503/218 444/504/184 442/506/186
f 437/507/221 443/505/219 442/506/186 436/508/188
f 429/509/222 437/507/221 436/508/188 428/510/223
f 413/511/224 429/509/222 428/510/223 412/512/192
f 403/513/225 413/511/224 412/512/192 402/514/226
f 425/515/227 403/513/225 402/514/226 424/516/196
f 440/494/213 425/515/227 424/516/196 441/495/175
f 455/517/149 456/518/233 457/519/234 454/520/235
f 463/521/236 455/517/149 454/520/235 462/522/237
f 461/523/155 463/521/236 462/522/237 460/524/238
f 447/525/157 461/523/155 460/524/238 446/526/239
f 475/527/159 447/525/157 446/526/239 474/528/240
f 479/529/161 475/527/159 474/528/240 478/530/241
f 471/531/204 479/529/161 478/530/241 470/532/242
f 469/533/165 471/531/204 470/532/242 468/534/243
f 451/535/167 469/533/165 468/534/243 450/536/244
f 491/537/169 451/535/167 450/536/244 490/538/245
f 489/539/210 491/537/169 490/538/245 488/540/246
f 456/518/233 489/539/210 488/540/246 457/519/234
f 477/541/247 480/542/248 481/543/175 476/544/249
f 465/545/250 477/546/247 476/547/249 464/548/251
f 459/549/252 465/550/250 464/551/251 458/552/180
f 449/553/253 459/554/252 458/555/180 448/556/182
f 485/557/254 449/553/253 448/556/182 484/558/184
f 483/559/255 485/560/254 484/561/184 482/562/186
f 473/563/256 483/559/255 482/562/186 472/564/188
f 467/565/257 473/566/256 472/567/188 466/568/190
f 453/569/258 467/570/257 466/571/190 452/572/192
f 493/573/259 453/569/258 452/572/192 492/574/226
f 487/575/260 493/576/259 492/577/226 486/578/196
f 480/542/248 487/579/260 486/580/196 481/543/175
f 503/581/149 504/582/150 505/583/261 502/584/262
f 495/585/153 503/581/149 502/584/262 494/586/263
f 511/587/155 495/585/153 494/586/263 510/588/264
f 517/589/157 511/587/155 510/588/264 516/590/265
f 519/591/159 517/589/157 516/590/265 518/592/266
f 515/593/161 519/591/159 518/592/266 514/594/267
f 499/595/163 515/593/161 514/594/267 498/596/268
f 533/597/269 499/595/163 498/596/268 532/598/270
f 537/599/167 533/597/269 532/598/270 536/600/271
f 527/601/232 537/599/167 536/600/271 526/602/272
f 525/603/273 527/601/232 526/602/272 524/604/274
f 504/582/150 525/603/273 524/604/274 505/583/261
f 507/605/275 508/606/276 509/607/175 506/608/277
f 497/609/278 507/605/275 506/608/277 496/610/279
f 535/611/280 497/609/278 496/610/279 534/612/180
f 531/613/281 535/611/280 534/612/180 530/614/182
f 521/615/282 531/613/281 530/614/182 520/616/184
f 513/617/283 521/615/282 520/616/184 512/618/186
f 501/619/284 513/617/283 512/618/186 500/620/285
f 541/621/286 501/619/284 500/620/285 540/622/190
f 539/623/287 541/621/286 540/622/190 538/624/192
f 529/625/288 539/623/287 538/624/192 528/626/226
f 523/627/289 529/625/288 528/626/226 522/628/196
f 508/606/276 523/627/289 522/628/196 509/607/175
f 1/629/290 59/70/47 14/16/5
f 1/629/290 14/16/5 19/15/4
f 15/630/2 16/18/7 21/17/6 18/631/3
f 58/632/46 61/633/48 16/634/7 15/635/2
f 20/636/9 17/74/8 312/374/150 311/373/149
f 17/74/8 60/72/49 347/395/171 312/374/150
f 1/629/290 19/15/4 23/22/11
f 18/637/3 21/24/6 25/23/12 22/638/10
f 24/639/13 20/636/9 311/373/149 307/377/153
f 1/629/290 23/22/11 27/28/15
f 22/640/10 25/30/12 29/29/16 26/641/14
f 28/642/17 24/639/13 307/377/153 305/379/155
f 1/629/290 27/28/15 31/34/19
f 26/641/14 29/29/16 33/35/20 30/643/18
f 32/644/21 28/642/17 305/379/155 319/381/157
f 1/629/290 31/34/19 35/38/23
f 30/645/18 33/40/20 37/39/24 34/646/22
f 36/647/25 32/644/21 319/381/157 317/383/159
f 1/629/290 35/38/23 39/44/27
f 34/648/22 37/46/24 41/45/28 38/649/26
f 40/650/29 36/647/25 317/383/159 327/385/161
f 1/629/290 39/44/27 43/50/31
f 38/649/26 41/45/28 45/51/32 42/651/30
f 44/652/33 40/650/29 327/385/161 325/387/163
f 1/629/290 43/50/31 47/54/35
f 42/653/30 45/56/32 49/55/36 46/654/34
f 48/63/37 44/652/33 325/387/163 335/389/165
f 1/629/290 47/54/35 51/60/39
f 46/646/34 49/39/36 53/655/40 50/656/38
f 52/64/41 48/63/37 335/389/165 333/391/167
f 1/629/290 51/60/39 55/66/43
f 50/657/38 53/658/40 57/659/44 54/660/42
f 56/68/45 52/64/41 333/391/167 341/393/169
f 1/629/290 55/66/43 59/70/47
f 54/660/42 57/659/44 61/661/48 58/662/46
f 60/72/49 56/68/45 341/393/169 347/395/171
f 62/663/51 65/664/50 338/400/176 345/399/175
f 85/669/72 62/663/51 345/399/175 348/420/196
f 65/664/50 67/672/54 308/402/178 338/400/176
f 67/672/54 69/673/56 302/404/180 308/402/178
f 69/673/56 71/676/58 320/406/182 302/404/180
f 71/676/58 73/680/60 314/408/184 320/406/182
f 73/680/60 75/681/62 328/410/186 314/408/184
f 75/681/62 77/685/64 322/412/188 328/410/186
f 77/685/64 79/686/66 336/414/190 322/412/188
f 79/686/66 81/688/68 330/416/192 336/414/190
f 81/688/68 83/692/70 342/418/194 330/416/192
f 83/692/70 85/669/72 348/420/196 342/418/194
f 87/114/8 108/135/49 391/443/210 358/422/150
f 88/115/76 87/114/8 358/422/150 351/421/149
f 90/117/13 88/115/76 351/421/149 365/425/153
f 92/119/79 90/117/13 365/425/153 371/427/155
f 94/121/81 92/119/79 371/427/155 367/429/157
f 96/123/25 94/121/81 367/429/157 363/431/159
f 98/125/29 96/123/25 363/431/159 355/433/161
f 100/127/85 98/125/29 355/433/161 385/435/204
f 102/129/87 100/127/85 385/435/204 389/437/165
f 104/131/41 102/129/87 389/437/165 377/439/167
f 106/133/45 104/131/41 377/439/167 375/441/208
f 108/135/49 106/133/45 375/441/208 391/443/210
f 110/694/51 113/695/50 352/448/176 387/447/175
f 112/139/53 111/138/52 134/696/75 137/697/96
f 111/173/52 132/172/73 157/698/90 134/699/75
f 133/700/72 110/694/51 387/447/175 392/468/196
f 113/695/50 115/701/54 382/450/215 352/448/176
f 114/143/91 112/142/53 137/702/96 139/703/77
f 115/701/54 117/704/92 380/452/180 382/450/215
f 116/147/93 114/146/91 139/705/77 141/706/78
f 117/704/92 119/707/58 368/454/182 380/452/180
f 118/149/59 116/147/93 141/706/78 143/708/80
f 120/153/61 118/152/59 143/709/80 145/710/82
f 119/707/58 121/711/60 360/456/184 368/454/182
f 121/711/60 123/712/62 356/458/220 360/456/184
f 122/157/63 120/156/61 145/713/82 147/714/97
f 124/159/65 122/157/63 147/714/97 149/715/98
f 123/712/62 125/716/64 396/460/188 356/458/220
f 125/716/64 127/717/66 394/462/223 396/460/188
f 126/163/94 124/162/65 149/718/98 151/719/99
f 127/717/66 129/720/68 378/464/192 394/462/223
f 128/165/95 126/143/94 151/721/99 153/722/100
f 130/167/71 128/159/95 153/723/100 155/724/89
f 129/720/68 131/725/70 372/466/226 378/464/192
f 131/725/70 133/700/72 392/468/196 372/466/226
f 132/169/73 130/167/71 155/724/89 157/726/90
f 136/177/9 135/176/8 408/470/150 407/469/149
f 135/176/8 156/197/49 423/491/210 408/470/150
f 138/179/13 136/177/9 407/469/149 415/473/153
f 140/181/17 138/179/13 415/473/153 419/475/155
f 142/183/81 140/181/17 419/475/155 399/477/157
f 144/185/25 142/183/81 399/477/157 427/479/159
f 146/187/29 144/185/25 427/479/159 433/481/161
f 148/189/33 146/187/29 433/481/161 435/483/204
f 150/191/37 148/189/33 435/483/204 431/485/165
f 152/193/41 150/191/37 431/485/165 411/487/167
f 154/195/45 152/193/41 411/487/167 405/489/232
f 156/197/49 154/195/45 405/489/232 423/491/210
f 158/199/51 161/198/50 438/496/176 441/495/175
f 181/220/72 158/199/51 441/495/175 424/516/196
f 161/198/50 163/202/54 420/498/215 438/496/176
f 163/202/54 165/204/92 416/500/180 420/498/215
f 165/204/92 167/206/58 400/502/182 416/500/180
f 167/206/58 169/208/60 444/504/184 400/502/182
f 169/208/60 171/210/62 442/506/186 444/504/184
f 171/210/62 173/212/106 436/508/188 442/506/186
f 173/212/106 175/214/66 428/510/223 436/508/188
f 175/214/66 177/216/68 412/512/192 428/510/223
f 177/216/68 179/218/70 402/514/226 412/512/192
f 179/218/70 181/220/72 424/516/196 402/514/226
f 184/225/112 183/224/8 456/518/233 455/517/149
f 183/224/8 204/245/49 489/539/210 456/518/233
f 186/227/13 184/225/112 455/517/149 463/521/236
f 188/229/17 186/227/13 463/521/236 461/523/155
f 190/231/81 188/229/17 461/523/155 447/525/157
f 192/233/117 190/231/81 447/525/157 475/527/159
f 194/235/29 192/233/117 475/527/159 479/529/161
f 196/237/119 194/235/29 479/529/161 471/531/204
f 198/239/87 196/237/119 471/531/204 469/533/165
f 200/241/41 198/239/87 469/533/165 451/535/167
f 202/243/45 200/241/41 451/535/167 491/537/169
f 204/245/49 202/243/45 491/537/169 489/539/210
f 206/762/51 209/763/50 476/764/249 481/765/175
f 208/249/123 207/248/122 230/766/7 233/767/134
f 207/282/122 228/281/133 253/768/48 230/769/7
f 229/770/72 206/762/51 481/765/175 486/771/196
f 209/763/50 211/772/54 464/773/251 476/764/249
f 210/252/124 208/251/123 233/774/134 235/775/12
f 212/256/125 210/255/124 235/776/12 237/777/16
f 211/772/54 213/778/56 458/779/180 464/773/251
f 213/778/56 215/780/58 448/781/182 458/779/180
f 214/257/126 212/256/125 237/777/16 239/782/20
f 215/780/58 217/783/60 484/784/184 448/781/182
f 216/259/127 214/258/126 239/785/20 241/786/24
f 217/783/60 219/787/62 482/788/186 484/784/184
f 218/263/128 216/262/127 241/789/24 243/790/28
f 219/787/62 221/791/64 472/792/188 482/788/186
f 220/264/129 218/263/128 243/790/28 245/793/135
f 222/268/130 220/267/129 245/794/135 247/795/36
f 221/791/64 223/796/66 466/797/190 472/792/188
f 223/796/66 225/798/68 452/799/192 466/797/190
f 224/272/131 222/271/130 247/800/36 249/801/40
f 226/276/132 224/275/131 249/802/40 251/803/44
f 225/798/68 227/804/70 492/805/226 452/799/192
f 228/278/133 226/276/132 251/803/44 253/806/48
f 227/804/70 229/770/72 486/771/196 492/805/226
f 232/286/9 231/285/8 504/582/150 503/581/149
f 231/285/8 252/306/49 525/603/273 504/582/150
f 234/288/13 232/286/9 503/581/149 495/585/153
f 236/290/17 234/288/13 495/585/153 511/587/155
f 238/292/81 236/290/17 511/587/155 517/589/157
f 240/294/117 238/292/81 517/589/157 519/591/159
f 242/296/29 240/294/117 519/591/159 515/593/161
f 244/298/33 242/296/29 515/593/161 499/595/163
f 246/300/37 244/298/33 499/595/163 533/597/269
f 248/302/41 246/300/37 533/597/269 537/599/167
f 250/304/45 248/302/41 537/599/167 527/601/232
f 252/306/49 250/304/45 527/601/232 525/603/273
f 277/810/72 254/811/51 509/607/175 522/628/196
f 254/811/51 257/812/50 506/608/277 509/607/175
f 257/812/50 259/815/54 496/610/279 506/608/277
f 259/815/54 261/818/56 534/612/180 496/610/279
f 261/818/56 263/819/58 530/614/182 534/612/180
f 263/819/58 265/821/60 520/616/184 530/614/182
f 265/821/60 267/825/62 512/618/186 520/616/184
f 267/825/62 269/826/106 500/620/285 512/618/186
f 269/826/106 271/830/66 540/622/190 500/620/285
f 271/830/66 273/831/68 538/624/192 540/622/190
f 273/831/68 275/836/70 528/626/226 538/624/192
f 275/836/70 277/810/72 522/628/196 528/626/226
f 304/837/156 306/838/154 309/839/177 303/840/179
f 318/841/158 304/842/156 303/843/179 321/844/181
f 306/845/154 310/846/152 339/847/173 309/848/177
f 310/849/152 313/850/151 344/851/174 339/852/173
f 313/850/151 346/853/172 349/854/195 344/851/174
f 316/846/160 318/841/158 321/844/181 315/855/183
f 326/856/162 316/857/160 315/858/183 329/859/185
f 334/860/166 324/861/164 323/862/187 337/863/189
f 324/864/164 326/856/162 329/859/185 323/865/187
f 340/866/170 332/867/168 331/868/191 343/869/193
f 332/867/168 334/870/166 337/871/189 331/868/191
f 346/872/172 340/873/170 343/874/193 349/875/195
f 364/876/199 350/877/198 353/878/212 383/879/214
f 350/880/198 359/881/197 386/882/213 353/883/212
f 384/884/205 354/885/203 357/886/219 397/887/221
f 354/885/203 362/888/202 361/889/218 357/886/219
f 359/881/197 390/890/211 393/891/227 386/882/213
f 362/892/202 366/893/201 369/894/217 361/895/218
f 370/896/200 364/897/199 383/898/214 381/899/216
f 366/893/201 370/900/200 381/901/216 369/894/217
f 390/902/211 374/903/209 373/904/225 393/905/227
f 374/906/209 376/907/207 379/908/224 373/909/225
f 376/907/207 388/910/206 395/911/222 379/908/224
f 388/912/206 384/913/205 397/914/221 395/915/222
f 426/916/230 398/917/201 401/918/217 445/919/218
f 398/917/201 418/920/200 417/921/216 401/918/217
f 422/922/211 404/923/209 403/924/225 425/925/227
f 404/926/209 410/927/207 413/928/224 403/929/225
f 406/930/228 409/931/197 440/932/213 439/933/212
f 414/934/229 406/935/228 439/936/212 421/937/214
f 409/931/197 422/938/211 425/939/227 440/932/213
f 410/927/207 430/940/206 429/941/222 413/928/224
f 418/942/200 414/943/229 421/905/214 417/944/216
f 432/945/203 426/946/230 445/947/218 443/948/219
f 430/949/206 434/950/231 437/951/221 429/952/222
f 434/953/231 432/945/203 443/948/219 437/954/221
f 474/955/240 446/956/239 449/553/253 485/557/254
f 446/956/239 460/957/238 459/554/252 449/553/253
f 490/958/245 450/959/244 453/569/258 493/573/259
f 450/959/244 468/960/243 467/570/257 453/569/258
f 454/961/235 457/962/234 480/542/248 477/541/247
f 462/963/237 454/964/235 477/546/247 465/545/250
f 457/962/234 488/965/246 487/579/260 480/542/248
f 460/966/238 462/967/237 465/550/250 459/549/252
f 468/968/243 470/969/242 473/566/256 467/565/257
f 470/970/242 478/971/241 483/559/255 473/563/256
f 478/971/241 474/972/240 485/560/254 483/559/255
f 488/973/246 490/974/245 493/576/259 487/575/260
f 510/975/264 494/976/263 497/977/278 535/978/280
f 494/979/263 502/980/262 507/981/275 497/982/278
f 532/983/270 498/984/268 501/985/284 541/986/286
f 498/987/268 514/988/267 513/989/283 501/990/284
f 502/991/262 505/992/261 508/993/276 507/994/275
f 505/992/261 524/995/274 523/996/289 508/993/276
f 516/997/265 510/998/264 535/999/280 531/1000/281
f 514/988/267 518/1001/266 521/1002/282 513/989/283
f 518/1003/266 516/997/265 531/1000/281 521/1004/282
f 524/1005/274 526/983/272 529/986/288 523/1006/289
f 526/1007/272 536/1008/271 539/1009/287 529/1010/288
f 536/1008/271 532/1011/270 541/1012/286 539/1009/287
usemtl 80s_red_metal
f 2/1/1 3/2/1 4/3/1 5/4/1 6/5/1 7/6/1 8/7/1 9/8/1 10/9/1 11/10/1 12/11/1 13/12/1
f 65/75/50 62/76/51 63/77/52 64/78/53
f 67/79/54 65/80/50 64/81/53 66/82/55
f 69/83/56 67/84/54 66/85/55 68/86/57
f 71/87/58 69/83/56 68/86/57 70/88/59
f 73/89/60 71/79/58 70/90/59 72/91/61
f 75/92/62 73/93/60 72/94/61 74/95/63
f 77/96/64 75/92/62 74/95/63 76/97/65
f 79/98/66 77/89/64 76/91/65 78/99/67
f 81/100/68 79/98/66 78/99/67 80/101/69
f 83/102/70 81/103/68 80/104/69 82/105/71
f 85/106/72 83/102/70 82/105/71 84/107/73
f 62/108/51 85/109/72 84/110/73 63/111/52
f 257/307/50 254/308/51 255/309/101 256/310/102
f 259/311/54 257/312/50 256/313/102 258/314/91
f 261/315/56 259/316/54 258/317/91 260/318/93
f 263/319/58 261/315/56 260/318/93 262/320/103
f 265/321/60 263/322/58 262/323/103 264/324/104
f 267/325/62 265/326/60 264/327/104 266/328/105
f 269/329/106 267/325/62 266/328/105 268/330/107
f 271/331/66 269/332/106 268/333/107 270/334/94
f 273/335/68 271/336/66 270/337/94 272/338/95
f 275/339/70 273/340/68 272/341/95 274/342/108
f 277/343/72 275/339/70 274/342/108 276/344/109
f 254/345/51 277/346/72 276/347/109 255/348/101
f 281/349/123 278/350/122 279/351/136 280/352/137
f 283/353/124 281/349/123 280/352/137 282/354/138
f 285/355/125 283/353/124 282/354/138 284/356/139
f 287/357/140 285/355/125 284/356/139 286/358/141
f 289/359/127 287/357/140 286/358/141 288/360/142
f 291/361/128 289/359/127 288/360/142 290/362/143
f 293/363/129 291/361/128 290/362/143 292/364/144
f 295/365/130 293/363/129 292/364/144 294/366/145
f 297/367/131 295/365/130 294/366/145 296/368/146
f 299/369/132 297/367/131 296/368/146 298/370/147
f 301/371/133 299/369/132 298/370/147 300/372/148
f 278/350/122 301/371/133 300/372/148 279/351/136
f 64/78/53 63/77/52 86/665/75 89/666/74
f 63/111/52 84/110/73 109/667/90 86/668/75
f 66/82/55 64/81/53 89/670/74 91/671/77
f 68/86/57 66/85/55 91/674/77 93/675/78
f 70/88/59 68/86/57 93/675/78 95/677/80
f 72/91/61 70/90/59 95/678/80 97/679/82
f 74/95/63 72/94/61 97/682/82 99/683/83
f 76/97/65 74/95/63 99/683/83 101/684/84
f 78/99/67 76/91/65 101/679/84 103/687/86
f 80/101/69 78/99/67 103/687/86 105/689/88
f 82/105/71 80/104/69 105/690/88 107/691/89
f 84/107/73 82/105/71 107/691/89 109/693/90
f 182/727/111 185/728/110 160/729/102 159/310/101
f 180/348/109 205/730/121 182/731/111 159/732/101
f 160/733/102 185/734/110 187/735/113 162/736/91
f 187/737/113 189/738/114 164/739/93 162/740/91
f 164/739/93 189/738/114 191/741/115 166/742/103
f 191/743/115 193/744/116 168/745/104 166/746/103
f 193/747/116 195/748/97 170/749/105 168/344/104
f 170/749/105 195/748/97 197/750/118 172/751/107
f 197/752/118 199/753/99 174/754/94 172/324/107
f 174/745/94 199/744/99 201/755/100 176/756/95
f 203/757/120 178/758/108 176/330/95 201/759/100
f 203/757/120 205/760/121 180/761/109 178/758/108
f 256/310/102 255/309/101 278/807/122 281/727/123
f 255/348/101 276/347/109 301/808/133 278/809/122
f 258/314/91 256/313/102 281/813/123 283/814/124
f 260/318/93 258/317/91 283/816/124 285/817/125
f 262/320/103 260/318/93 285/817/125 287/820/140
f 264/324/104 262/323/103 287/822/140 289/752/127
f 266/328/105 264/327/104 289/823/127 291/824/128
f 268/330/107 266/328/105 291/824/128 293/827/129
f 270/334/94 268/333/107 293/828/129 295/829/130
f 272/338/95 270/337/94 295/832/130 297/833/131
f 274/342/108 272/341/95 297/834/131 299/835/132
f 276/344/109 274/342/108 299/835/132 301/747/133
f 2/1/1 13/12/1 279/351/136 300/372/148
f 13/12/1 12/11/1 280/352/137 279/351/136
f 12/11/1 11/10/1 282/354/138 280/352/137
f 11/10/1 10/9/1 284/356/139 282/354/138
f 10/9/1 9/8/1 286/358/141 284/356/139
f 9/8/1 8/7/1 288/360/142 286/358/141
f 8/7/1 7/6/1 290/362/143 288/360/142
f 7/6/1 6/5/1 292/364/144 290/362/143
f 6/5/1 5/4/1 294/366/145 292/364/144
f 5/4/1 4/3/1 296/368/146 294/366/145
f 4/3/1 3/2/1 298/370/147 296/368/146
f 3/2/1 2/1/1 300/372/148 298/370/147
o lo.80s_signaltower__quad_circle.001
v 9.898269 5.444235 18.195078
v 9.946530 5.444235 18.280952
v 9.204941 10.984853 18.102753
v 9.203142 10.989853 18.107418
v 9.200275 10.989853 18.100954
v 9.203142 11.380449 18.107418
v 9.204941 11.385449 18.102753
v 9.200275 11.380449 18.100954
v 9.232502 10.984853 18.031260
v 9.227837 10.989853 18.029461
v 9.234301 10.989853 18.026594
v 9.232502 11.385449 18.031260
v 9.234301 11.380449 18.026594
v 9.227837 11.380449 18.029461
v 9.414940 10.984853 18.183710
v 9.419605 10.989853 18.185509
v 9.413141 10.989853 18.188375
v 9.414940 11.385449 18.183710
v 9.413141 11.380449 18.188375
v 9.419605 11.380449 18.185509
v 9.442501 10.984853 18.112217
v 9.444300 10.989853 18.107552
v 9.447166 10.989853 18.114016
v 9.442501 11.385449 18.112217
v 9.447166 11.380449 18.114016
v 9.444300 11.380449 18.107552
v 9.941651 6.506248 18.334383
v 9.941651 6.511249 18.339382
v 9.936651 6.511249 18.334383
v 9.936651 7.304287 18.334383
v 9.941651 7.304287 18.339382
v 9.941651 7.309287 18.334383
v 9.936651 6.511249 17.729420
v 9.941651 6.511249 17.724421
v 9.941651 6.506248 17.729420
v 9.941651 7.309287 17.729420
v 9.941651 7.304287 17.724421
v 9.936651 7.304287 17.729420
v 10.093808 6.506248 18.334383
v 10.098808 6.511249 18.334383
v 10.093808 6.511249 18.339382
v 10.093808 7.309287 18.334383
v 10.093808 7.304287 18.339382
v 10.098808 7.304287 18.334383
v 9.936651 6.511249 17.796505
v 9.941651 6.506248 17.796505
v 9.936651 7.304287 17.796505
v 9.941651 7.309287 17.796505
v 10.034943 6.506248 17.729420
v 10.034943 6.511249 17.724421
v 10.039943 6.511249 17.729420
v 10.039943 7.304287 17.729420
v 10.034943 7.304287 17.724421
v 10.034943 7.309287 17.729420
v 10.039943 6.511249 18.339382
v 10.039943 6.506248 18.334383
v 10.039943 7.304287 18.339382
v 10.039943 7.309287 18.334383
v 10.034943 7.309287 17.801504
v 10.044943 7.304287 17.796505
v 10.039943 7.304287 17.791506
v 10.098808 7.304287 17.801504
v 10.093808 7.304287 17.796505
v 10.093808 7.309287 17.801504
v 10.093808 6.506248 17.801504
v 10.093808 6.511249 17.796505
v 10.098808 6.511249 17.801504
v 10.034943 6.506248 17.801504
v 10.039943 6.511249 17.791506
v 10.044943 6.511249 17.796505
v 9.898269 5.743326 18.195078
v 9.900719 5.748424 18.199436
v 9.944081 5.748424 18.276594
v 9.946530 5.743326 18.280952
v 10.002199 5.725269 18.142405
v 9.998049 5.720560 18.139002
v 10.046310 5.720560 18.224876
v 10.045561 5.725269 18.219563
v 10.088229 5.659329 18.094055
v 10.082638 5.655725 18.091463
v 10.130898 5.655725 18.177338
v 10.131591 5.659329 18.171213
v 10.145714 5.560643 18.061750
v 10.139158 5.558692 18.059700
v 10.187420 5.558692 18.145575
v 10.189076 5.560643 18.138908
v 10.165899 5.444235 18.050406
v 10.159005 5.444235 18.048544
v 10.207267 5.444235 18.134418
v 10.209261 5.444235 18.127563
v 10.145714 5.327827 18.061750
v 10.139158 5.329778 18.059700
v 10.187420 5.329778 18.145575
v 10.189076 5.327827 18.138908
v 10.088229 5.229141 18.094055
v 10.082638 5.232746 18.091463
v 10.130898 5.232746 18.177338
v 10.131591 5.229141 18.171213
v 10.002199 5.163201 18.142405
v 9.998049 5.167911 18.139002
v 10.046310 5.167911 18.224876
v 10.045561 5.163201 18.219563
v 9.900719 5.140046 18.199436
v 9.898269 5.145144 18.195078
v 9.946530 5.145144 18.280952
v 9.944081 5.140046 18.276594
v 9.799238 5.163201 18.256468
v 9.798489 5.167911 18.251154
v 9.846750 5.167911 18.337029
v 9.842600 5.163201 18.333626
v 9.713207 5.229141 18.304815
v 9.713901 5.232746 18.298691
v 9.762161 5.232746 18.384567
v 9.756570 5.229141 18.381975
v 9.655724 5.327827 18.337122
v 9.657379 5.329778 18.330456
v 9.705641 5.329778 18.416330
v 9.699085 5.327827 18.414280
v 9.635537 5.444235 18.348467
v 9.637532 5.444235 18.341612
v 9.685793 5.444235 18.427486
v 9.678900 5.444235 18.425625
v 9.655724 5.560643 18.337122
v 9.657379 5.558692 18.330456
v 9.705641 5.558692 18.416330
v 9.699085 5.560643 18.414280
v 9.713207 5.659329 18.304815
v 9.713901 5.655725 18.298691
v 9.762161 5.655725 18.384567
v 9.756570 5.659329 18.381975
v 9.799238 5.725269 18.256468
v 9.798489 5.720560 18.251154
v 9.846750 5.720560 18.337029
v 9.842600 5.725269 18.333626
v 9.908615 5.743349 18.213486
v 9.905931 5.748424 18.208712
v 9.938868 5.748424 18.267317
v 9.936185 5.743349 18.262543
v 10.035972 5.720581 18.206465
v 10.040349 5.725269 18.210287
v 10.007412 5.725269 18.151682
v 10.008403 5.720581 18.157408
v 10.120567 5.655741 18.158922
v 10.126379 5.659329 18.161938
v 10.093443 5.659329 18.103333
v 10.092998 5.655741 18.109865
v 10.177093 5.558701 18.127153
v 10.183863 5.560643 18.129631
v 10.150927 5.560643 18.071028
v 10.149523 5.558701 18.078098
v 10.196941 5.444235 18.115999
v 10.204049 5.444235 18.118288
v 10.171112 5.444235 18.059683
v 10.169372 5.444235 18.066944
v 10.177093 5.329770 18.127153
v 10.183863 5.327827 18.129631
v 10.150927 5.327827 18.071028
v 10.149523 5.329770 18.078098
v 10.120567 5.232729 18.158922
v 10.126379 5.229141 18.161938
v 10.093443 5.229141 18.103333
v 10.092998 5.232729 18.109865
v 10.035972 5.167890 18.206465
v 10.040349 5.163201 18.210287
v 10.007412 5.163201 18.151682
v 10.008403 5.167890 18.157408
v 9.936185 5.145121 18.262543
v 9.938868 5.140046 18.267317
v 9.905931 5.140046 18.208712
v 9.908615 5.145121 18.213486
v 9.836397 5.167890 18.318624
v 9.837388 5.163201 18.324350
v 9.804451 5.163201 18.265745
v 9.808827 5.167890 18.269567
v 9.751801 5.232729 18.366165
v 9.751356 5.229141 18.372698
v 9.718421 5.229141 18.314093
v 9.724232 5.232729 18.317110
v 9.695276 5.329769 18.397932
v 9.693873 5.327827 18.405005
v 9.660936 5.327827 18.346399
v 9.667707 5.329770 18.348877
v 9.675427 5.444235 18.409086
v 9.673686 5.444235 18.416348
v 9.640751 5.444235 18.357744
v 9.647858 5.444235 18.360033
v 9.695276 5.558702 18.397932
v 9.693873 5.560643 18.405005
v 9.660936 5.560643 18.346399
v 9.667707 5.558701 18.348877
v 9.751801 5.655741 18.366165
v 9.751356 5.659329 18.372698
v 9.718421 5.659329 18.314093
v 9.724232 5.655741 18.317110
v 9.836397 5.720581 18.318624
v 9.837388 5.725269 18.324350
v 9.804451 5.725269 18.265745
v 9.808827 5.720581 18.269567
v 9.912303 5.716482 18.220049
v 9.909619 5.721557 18.215275
v 9.935180 5.721557 18.260756
v 9.932496 5.716482 18.255981
v 10.023320 5.695759 18.204939
v 10.027698 5.700447 18.208761
v 10.002136 5.700447 18.163280
v 10.003127 5.695759 18.169006
v 10.100318 5.636744 18.161667
v 10.106130 5.640332 18.164682
v 10.080569 5.640332 18.119202
v 10.080125 5.636744 18.125734
v 10.151766 5.548420 18.132753
v 10.158537 5.550362 18.135231
v 10.132977 5.550362 18.089750
v 10.131573 5.548420 18.096821
v 10.169831 5.444235 18.122601
v 10.176939 5.444235 18.124889
v 10.151379 5.444235 18.079407
v 10.149638 5.444235 18.086668
v 10.151766 5.340051 18.132753
v 10.158537 5.338109 18.135231
v 10.132977 5.338109 18.089750
v 10.131573 5.340051 18.096821
v 10.100318 5.251727 18.161667
v 10.106130 5.248139 18.164682
v 10.080569 5.248139 18.119202
v 10.080125 5.251727 18.125734
v 10.023320 5.192712 18.204939
v 10.027698 5.188024 18.208761
v 10.002136 5.188024 18.163280
v 10.003127 5.192712 18.169006
v 9.932496 5.171988 18.255981
v 9.935180 5.166913 18.260756
v 9.909619 5.166913 18.215275
v 9.912303 5.171988 18.220049
v 9.841672 5.192712 18.307024
v 9.842663 5.188024 18.312750
v 9.817102 5.188024 18.267269
v 9.821479 5.192712 18.271091
v 9.764675 5.251727 18.350298
v 9.764231 5.248139 18.356831
v 9.738670 5.248139 18.311346
v 9.744482 5.251727 18.314363
v 9.713227 5.340051 18.379210
v 9.711824 5.338109 18.386282
v 9.686263 5.338109 18.340799
v 9.693034 5.340051 18.343277
v 9.695161 5.444235 18.389364
v 9.693420 5.444235 18.396626
v 9.667860 5.444235 18.351141
v 9.674968 5.444235 18.353430
v 9.713227 5.548420 18.379210
v 9.711824 5.550362 18.386282
v 9.686263 5.550362 18.340799
v 9.693034 5.548420 18.343277
v 9.764675 5.636744 18.350298
v 9.764231 5.640332 18.356831
v 9.738670 5.640332 18.311346
v 9.744482 5.636744 18.314363
v 9.841672 5.695759 18.307024
v 9.842663 5.700447 18.312750
v 9.817102 5.700447 18.267269
v 9.821479 5.695759 18.271091
v 9.346837 7.983099 17.923609
v 9.345463 7.988099 17.928537
v 9.341727 7.988099 17.923397
v 9.345463 8.428111 17.928537
v 9.346837 8.433111 17.923609
v 9.341727 8.428111 17.923397
v 9.366571 7.983099 17.847523
v 9.361509 7.988099 17.847122
v 9.367755 7.988099 17.842585
v 9.366571 8.433111 17.847523
v 9.367755 8.428111 17.842585
v 9.361509 8.428111 17.847122
v 9.992186 7.983099 17.962458
v 9.997248 7.988099 17.962858
v 9.991002 7.988099 17.967396
v 9.992186 8.433111 17.962458
v 9.991002 8.428111 17.967396
v 9.997248 8.428111 17.962858
v 10.011919 7.983099 17.886372
v 10.013293 7.988099 17.881443
v 10.017029 7.988099 17.886583
v 10.011919 8.433111 17.886372
v 10.017029 8.428111 17.886583
v 10.013293 8.428111 17.881443
vn -0.0414 -0.9979 0.0489
vn -0.3798 -0.0125 0.9250
vn -0.9531 -0.0122 -0.3023
vn -0.3797 0.0125 0.9250
vn -0.0414 0.9979 0.0489
vn -0.9531 0.0122 -0.3023
vn 0.0021 -0.9979 -0.0640
vn -0.9094 -0.0122 -0.4157
vn 0.3395 -0.0125 -0.9405
vn 0.0022 0.9979 -0.0640
vn 0.3395 0.0125 -0.9405
vn -0.9094 0.0122 -0.4157
vn -0.0022 -0.9979 0.0640
vn 0.9094 -0.0122 0.4158
vn -0.3394 -0.0125 0.9405
vn -0.0021 0.9979 0.0641
vn -0.3394 0.0125 0.9406
vn 0.9094 0.0122 0.4158
vn 0.0414 -0.9979 -0.0489
vn 0.3798 -0.0125 -0.9250
vn 0.9531 -0.0122 0.3023
vn 0.0414 0.9979 -0.0489
vn 0.9532 0.0122 0.3022
vn 0.3798 0.0125 -0.9250
vn -0.0496 -0.9987 0.0093
vn -0.0482 -0.0061 0.9988
vn -0.9999 -0.0062 0.0092
vn -0.9999 0.0062 0.0092
vn -0.0482 0.0061 0.9988
vn -0.0496 0.9987 0.0093
vn -0.9976 -0.0060 -0.0691
vn -0.0507 -0.0061 -0.9987
vn -0.0475 -0.9967 -0.0654
vn -0.0475 0.9967 -0.0654
vn -0.0507 0.0061 -0.9987
vn -0.9976 0.0061 -0.0690
vn 0.0809 -0.9967 0.0085
vn 0.9999 -0.0062 0.0093
vn 0.0844 -0.0060 0.9964
vn 0.0809 0.9967 0.0085
vn 0.0844 0.0060 0.9964
vn 0.9999 0.0063 0.0092
vn 0.0475 -0.9967 -0.0653
vn 0.0507 -0.0061 -0.9987
vn 0.9972 -0.0065 -0.0741
vn 0.9972 0.0065 -0.0741
vn 0.0507 0.0061 -0.9987
vn 0.0475 0.9967 -0.0653
vn 0.0040 1.0000 -0.0032
vn 0.0921 0.0071 -0.9957
vn 0.9972 0.0069 -0.0741
vn 0.9999 0.0062 -0.0093
vn 0.0921 0.0066 -0.9957
vn 0.0809 0.9967 -0.0085
vn 0.0810 -0.9967 -0.0085
vn 0.0921 -0.0066 -0.9957
vn 0.9999 -0.0063 -0.0092
vn 0.0040 -1.0000 -0.0032
vn 0.9972 -0.0070 -0.0741
vn 0.0921 -0.0071 -0.9957
vn -0.0110 -0.9982 0.0585
vn -0.0676 -0.0112 0.9977
vn -0.9810 -0.0110 -0.1937
vn -0.0676 0.0112 0.9976
vn -0.0109 0.9982 0.0586
vn -0.9810 0.0110 -0.1937
vn -0.0037 -0.9981 -0.0623
vn -0.9519 -0.0107 -0.3063
vn 0.0526 -0.0111 -0.9986
vn -0.0036 0.9980 -0.0623
vn 0.0526 0.0111 -0.9986
vn -0.9519 0.0107 -0.3063
vn 0.0037 -0.9980 0.0623
vn 0.9519 -0.0107 0.3062
vn -0.0526 -0.0112 0.9986
vn 0.0036 0.9980 0.0623
vn -0.0526 0.0112 0.9986
vn 0.9519 0.0107 0.3062
vn 0.0110 -0.9982 -0.0585
vn 0.0675 -0.0112 -0.9977
vn 0.9810 -0.0110 0.1937
vn 0.0109 0.9982 -0.0586
vn 0.9810 0.0110 0.1937
vn 0.0676 0.0112 -0.9976
vn -0.0498 -0.9988 -0.0000
vn -1.0000 -0.0063 -0.0000
vn -0.0498 0.9988 -0.0000
vn -1.0000 0.0063 -0.0000
vn -0.0000 -1.0000 0.0093
vn -0.0000 -0.0063 1.0000
vn -0.0000 1.0000 0.0093
vn -0.0000 0.0063 1.0000
vn -0.1511 0.9513 -0.2688
vn 0.1663 0.8789 -0.4471
vn -0.4788 0.0301 -0.8774
vn -0.4897 0.0326 -0.8713
vn 0.4684 0.8789 0.0905
vn 0.1510 0.9513 0.2688
vn 0.4897 0.0326 0.8713
vn 0.5006 0.0301 0.8651
vn 0.4354 0.6727 -0.5983
vn -0.4696 0.0231 -0.8826
vn 0.7374 0.6727 -0.0608
vn 0.5098 0.0230 0.8600
vn 0.6152 0.3641 -0.6993
vn -0.4634 0.0125 -0.8860
vn 0.9172 0.3641 -0.1618
vn 0.5160 0.0124 0.8565
vn 0.6783 -0.0000 -0.7348
vn -0.4612 -0.0000 -0.8873
vn 0.9804 -0.0000 -0.1973
vn 0.5181 -0.0000 0.8553
vn 0.6151 -0.3641 -0.6993
vn -0.4634 -0.0125 -0.8861
vn 0.9172 -0.3641 -0.1618
vn 0.5160 -0.0124 0.8565
vn 0.4354 -0.6727 -0.5983
vn -0.4695 -0.0230 -0.8826
vn 0.7374 -0.6727 -0.0608
vn 0.5097 -0.0231 0.8600
vn 0.1663 -0.8789 -0.4471
vn -0.4788 -0.0301 -0.8774
vn 0.4684 -0.8789 0.0904
vn 0.5005 -0.0301 0.8652
vn -0.1510 -0.9513 -0.2688
vn -0.4897 -0.0326 -0.8713
vn 0.1510 -0.9513 0.2688
vn 0.4896 -0.0326 0.8713
vn -0.4684 -0.8789 -0.0904
vn -0.5006 -0.0301 -0.8652
vn -0.1663 -0.8789 0.4471
vn 0.4788 -0.0301 0.8774
vn -0.7375 -0.6726 0.0608
vn -0.5098 -0.0230 -0.8600
vn -0.4353 -0.6727 0.5983
vn 0.4695 -0.0230 0.8826
vn -0.9172 -0.3640 0.1618
vn -0.5159 -0.0125 -0.8565
vn -0.6151 -0.3641 0.6993
vn 0.4634 -0.0124 0.8861
vn -0.9803 -0.0000 0.1973
vn -0.5181 -0.0000 -0.8553
vn -0.6783 -0.0000 0.7348
vn 0.4612 -0.0000 0.8873
vn -0.9172 0.3640 0.1618
vn -0.5159 0.0125 -0.8565
vn -0.6151 0.3641 0.6993
vn 0.4634 0.0124 0.8861
vn -0.7375 0.6726 0.0608
vn -0.5098 0.0230 -0.8600
vn -0.4354 0.6727 0.5983
vn 0.4696 0.0231 0.8826
vn -0.4684 0.8789 -0.0904
vn -0.5006 0.0301 -0.8652
vn -0.1663 0.8789 0.4471
vn 0.4788 0.0301 0.8774
vn 0.3788 0.2550 0.8896
vn 0.4709 0.2760 0.8379
vn 0.1464 0.9543 0.2605
vn -0.1720 0.8817 0.4393
vn -0.4648 0.8817 -0.0816
vn -0.1464 0.9543 -0.2605
vn -0.4709 0.2760 -0.8379
vn -0.5630 0.2551 -0.7861
vn 0.3008 0.1951 0.9335
vn -0.4419 0.6748 0.5911
vn -0.7347 0.6748 0.0701
vn -0.6410 0.1952 -0.7423
vn 0.2486 0.1056 0.9628
vn -0.6222 0.3652 0.6925
vn -0.9150 0.3652 0.1714
vn -0.6932 0.1056 -0.7130
vn 0.2303 -0.0000 0.9731
vn -0.6856 -0.0000 0.7280
vn -0.9783 -0.0000 0.2070
vn -0.7115 -0.0000 -0.7027
vn 0.2486 -0.1056 0.9628
vn -0.6223 -0.3652 0.6924
vn -0.9150 -0.3652 0.1714
vn -0.6932 -0.1056 -0.7130
vn 0.3008 -0.1952 0.9335
vn -0.4419 -0.6748 0.5910
vn -0.7347 -0.6748 0.0700
vn -0.6410 -0.1952 -0.7423
vn 0.3788 -0.2550 0.8896
vn -0.1720 -0.8817 0.4393
vn -0.4648 -0.8817 -0.0816
vn -0.5630 -0.2550 -0.7861
vn 0.4709 -0.2760 0.8379
vn 0.1464 -0.9543 0.2605
vn -0.1464 -0.9543 -0.2605
vn -0.4709 -0.2760 -0.8379
vn 0.5630 -0.2550 0.7861
vn 0.4648 -0.8817 0.0816
vn 0.1720 -0.8817 -0.4394
vn -0.3788 -0.2550 -0.8896
vn 0.6411 -0.1952 0.7423
vn 0.7346 -0.6748 -0.0701
vn 0.4418 -0.6748 -0.5911
vn -0.3007 -0.1951 -0.9335
vn 0.6932 -0.1056 0.7129
vn 0.9150 -0.3652 -0.1714
vn 0.6222 -0.3652 -0.6924
vn -0.2486 -0.1056 -0.9628
vn 0.7115 -0.0000 0.7027
vn 0.9783 -0.0000 -0.2070
vn 0.6855 -0.0000 -0.7280
vn -0.2303 -0.0000 -0.9731
vn 0.6932 0.1057 0.7130
vn 0.9150 0.3652 -0.1714
vn 0.6222 0.3652 -0.6924
vn -0.2486 0.1056 -0.9628
vn 0.6411 0.1952 0.7423
vn 0.7346 0.6748 -0.0701
vn 0.4418 0.6748 -0.5911
vn -0.3008 0.1952 -0.9335
vn 0.5630 0.2550 0.7861
vn 0.4648 0.8817 0.0816
vn 0.1719 0.8817 -0.4394
vn -0.3789 0.2550 -0.8896
vn -0.2782 0.9184 0.2813
vn 0.0534 0.9940 0.0950
vn 0.4726 0.2634 0.8410
vn 0.3848 0.2434 0.8904
vn -0.5605 0.2435 -0.7915
vn -0.4726 0.2635 -0.8410
vn -0.0534 0.9940 -0.0950
vn -0.3850 0.9184 0.0914
vn -0.5594 0.7029 0.4393
vn 0.3102 0.1863 0.9322
vn -0.6350 0.1863 -0.7497
vn -0.6662 0.7029 0.2494
vn -0.7472 0.3804 0.5449
vn 0.2605 0.1008 0.9602
vn -0.6848 0.1008 -0.7217
vn -0.8540 0.3804 0.3550
vn -0.8132 -0.0000 0.5820
vn 0.2430 -0.0000 0.9700
vn -0.7023 -0.0000 -0.7119
vn -0.9200 -0.0000 0.3920
vn -0.7472 -0.3804 0.5449
vn 0.2605 -0.1008 0.9602
vn -0.6848 -0.1008 -0.7217
vn -0.8540 -0.3804 0.3550
vn -0.5594 -0.7029 0.4394
vn 0.3102 -0.1863 0.9322
vn -0.6350 -0.1863 -0.7497
vn -0.6662 -0.7029 0.2494
vn -0.2782 -0.9184 0.2813
vn 0.3848 -0.2434 0.8903
vn -0.5605 -0.2434 -0.7916
vn -0.3850 -0.9184 0.0914
vn 0.0534 -0.9940 0.0950
vn 0.4726 -0.2634 0.8410
vn -0.4726 -0.2635 -0.8410
vn -0.0534 -0.9940 -0.0950
vn 0.3850 -0.9184 -0.0913
vn 0.5605 -0.2434 0.7916
vn -0.3847 -0.2434 -0.8904
vn 0.2783 -0.9184 -0.2814
vn 0.6661 -0.7029 -0.2494
vn 0.6350 -0.1863 0.7497
vn -0.3102 -0.1863 -0.9322
vn 0.5594 -0.7029 -0.4394
vn 0.8540 -0.3804 -0.3549
vn 0.6848 -0.1008 0.7217
vn -0.2604 -0.1008 -0.9602
vn 0.7472 -0.3804 -0.5449
vn 0.9200 -0.0000 -0.3920
vn 0.7023 -0.0000 0.7119
vn -0.2430 -0.0000 -0.9700
vn 0.8132 -0.0000 -0.5820
vn 0.8540 0.3804 -0.3549
vn 0.6848 0.1008 0.7217
vn -0.2604 0.1008 -0.9602
vn 0.7472 0.3804 -0.5449
vn 0.6661 0.7029 -0.2494
vn 0.6350 0.1863 0.7497
vn -0.3102 0.1863 -0.9322
vn 0.5594 0.7029 -0.4394
vn 0.3850 0.9184 -0.0914
vn 0.5605 0.2434 0.7916
vn -0.3847 0.2434 -0.8904
vn 0.2783 0.9184 -0.2814
vn -0.0037 -0.9980 -0.0623
vn -0.0109 -0.9982 0.0585
vn -0.0675 -0.0112 0.9977
vn -0.0675 0.0112 0.9977
vn -0.0109 0.9982 0.0585
vn -0.0036 0.9980 -0.0624
vn -0.9519 0.0107 -0.3062
vn -0.9810 0.0110 -0.1936
vn 0.0527 0.0112 -0.9985
vn 0.0527 -0.0112 -0.9985
vn -0.9519 -0.0108 -0.3062
vn -0.9519 0.0108 -0.3062
vn 0.0676 -0.0112 -0.9976
vn -0.0037 0.9981 -0.0623
vn 0.0109 0.9982 -0.0585
vn 0.0675 0.0112 -0.9977
vn 0.0109 -0.9982 -0.0585
vn 0.9810 -0.0110 0.1936
vn 0.9519 -0.0107 0.3063
vn 0.9810 0.0110 0.1936
vn -0.0527 0.0112 0.9985
vn -0.0527 -0.0112 0.9985
vn 0.9519 -0.0108 0.3062
vn 0.9519 0.0108 0.3062
vn 0.0037 -0.9981 0.0623
vn -0.0526 -0.0111 0.9986
vn -0.0676 -0.0112 0.9976
vn 0.0037 0.9981 0.0623
vn -0.0526 0.0111 0.9986
vn -0.4899 -0.0000 -0.8718
vn 0.4899 -0.0000 0.8718
vn -0.9519 -0.0107 -0.3062
vn -0.0676 0.0112 0.9977
vn 0.0110 0.9982 -0.0585
vn -0.0037 0.9980 -0.0623
vn -0.0110 0.9982 0.0585
vn 0.0037 0.9980 0.0623
vn 0.0526 -0.0112 -0.9986
vn 0.0526 0.0112 -0.9986
vn 0.0676 0.0112 -0.9977
vn 0.0676 -0.0112 -0.9977
vt 0.859203 0.201986
vt 0.859203 0.201141
vt 0.859770 0.201141
vt 0.874788 0.245162
vt 0.875633 0.245162
vt 0.875633 0.246008
vt 0.802829 0.907438
vt 0.802829 0.908283
vt 0.801984 0.907437
vt 0.888586 0.245162
vt 0.889431 0.245162
vt 0.888586 0.246008
vt 0.933344 0.920553
vt 0.933344 0.919708
vt 0.934035 0.919708
vt 0.875633 0.207116
vt 0.874788 0.207116
vt 0.875633 0.206271
vt 0.802829 0.869391
vt 0.801983 0.869391
vt 0.802829 0.868546
vt 0.888586 0.207116
vt 0.888586 0.206271
vt 0.889431 0.207116
vt 0.259283 0.751206
vt 0.259283 0.750361
vt 0.260038 0.750361
vt 0.180868 0.180260
vt 0.180049 0.180260
vt 0.180868 0.179414
vt 0.280044 0.314320
vt 0.280864 0.314320
vt 0.280044 0.315165
vt 0.101201 0.738935
vt 0.101201 0.739781
vt 0.100356 0.738935
vt 0.369042 0.315165
vt 0.369042 0.314320
vt 0.369861 0.314320
vt 0.236327 0.615455
vt 0.236327 0.616301
vt 0.235573 0.616301
vt 0.083740 0.738935
vt 0.083740 0.739781
vt 0.082895 0.738935
vt 0.909900 0.004313
vt 0.909080 0.004313
vt 0.909900 0.003468
vt 0.117141 0.726750
vt 0.118663 0.727595
vt 0.117817 0.727595
vt 0.281683 0.180260
vt 0.280863 0.180260
vt 0.281683 0.179414
vt 0.073789 0.726750
vt 0.073789 0.727595
vt 0.072944 0.726750
vt 0.920897 0.139219
vt 0.920078 0.138373
vt 0.920897 0.138373
vt 0.173413 0.540819
vt 0.172568 0.540662
vt 0.172568 0.540072
vt 0.098185 0.540662
vt 0.097340 0.540819
vt 0.098185 0.540072
vt 0.649560 0.900323
vt 0.649429 0.899477
vt 0.650170 0.899477
vt 0.021267 0.635222
vt 0.022112 0.635093
vt 0.022112 0.635823
vt 0.636388 0.900323
vt 0.636257 0.899477
vt 0.636999 0.899477
vt 0.097340 0.635222
vt 0.098185 0.635093
vt 0.098185 0.635823
vt 0.097340 0.540819
vt 0.096495 0.540662
vt 0.096495 0.540002
vt 0.624728 0.824250
vt 0.624569 0.825095
vt 0.623969 0.825095
vt 0.815781 0.907437
vt 0.815781 0.908283
vt 0.859203 0.135112
vt 0.859770 0.135112
vt 0.123582 0.844438
vt 0.123582 0.910467
vt 0.122892 0.910467
vt 0.122892 0.844438
vt 0.922760 0.853679
vt 0.922760 0.919708
vt 0.922070 0.919708
vt 0.922070 0.853679
vt 0.922760 0.920553
vt 0.934035 0.853679
vt 0.933344 0.853679
vt 0.833693 0.201986
vt 0.833693 0.201141
vt 0.269047 0.315165
vt 0.180868 0.315165
vt 0.180868 0.314320
vt 0.269047 0.314320
vt 0.180049 0.314320
vt 0.269047 0.179414
vt 0.280044 0.179414
vt 0.280044 0.180260
vt 0.269047 0.180260
vt 0.280864 0.180260
vt 0.099511 0.738935
vt 0.099511 0.739781
vt 0.281683 0.315165
vt 0.281683 0.314320
vt 0.369042 0.179414
vt 0.369042 0.180260
vt 0.369861 0.180260
vt 0.244454 0.751206
vt 0.236327 0.751206
vt 0.236327 0.750361
vt 0.244454 0.750361
vt 0.244454 0.615455
vt 0.259283 0.615455
vt 0.259283 0.616301
vt 0.244454 0.616301
vt 0.920897 0.003468
vt 0.920078 0.004313
vt 0.116972 0.738935
vt 0.116972 0.739781
vt 0.909900 0.138373
vt 0.909080 0.138373
vt 0.126923 0.726750
vt 0.126923 0.727595
vt 0.280863 0.314320
vt 0.083740 0.726750
vt 0.082050 0.727595
vt 0.920897 0.004313
vt 0.909900 0.139219
vt 0.061617 0.439067
vt 0.081662 0.439067
vt 0.081494 0.439913
vt 0.061785 0.439913
vt 0.043112 0.345867
vt 0.061631 0.338196
vt 0.061799 0.339041
vt 0.043590 0.346584
vt 0.100184 0.446745
vt 0.099706 0.447462
vt 0.028938 0.360049
vt 0.029654 0.360528
vt 0.114363 0.460932
vt 0.113647 0.461411
vt 0.021267 0.378582
vt 0.022111 0.378750
vt 0.122041 0.479468
vt 0.121197 0.479637
vt 0.021267 0.398645
vt 0.022111 0.398477
vt 0.122048 0.499532
vt 0.121204 0.499363
vt 0.028938 0.417184
vt 0.029654 0.416705
vt 0.114384 0.518067
vt 0.113668 0.517589
vt 0.043113 0.431376
vt 0.043591 0.430659
vt 0.100215 0.532254
vt 0.099737 0.531538
vt 0.840475 0.892059
vt 0.840475 0.908741
vt 0.839630 0.908602
vt 0.839630 0.892047
vt 0.081699 0.539932
vt 0.081530 0.539087
vt 0.840475 0.872381
vt 0.839630 0.872381
vt 0.061653 0.539932
vt 0.061821 0.539087
vt 0.840475 0.852702
vt 0.839630 0.852715
vt 0.043132 0.532254
vt 0.043610 0.531537
vt 0.840475 0.836020
vt 0.839630 0.836159
vt 0.028952 0.518067
vt 0.029668 0.517588
vt 0.122041 0.398682
vt 0.114370 0.417215
vt 0.113655 0.416736
vt 0.121197 0.398513
vt 0.021274 0.499531
vt 0.022119 0.499363
vt 0.122041 0.378619
vt 0.121197 0.378786
vt 0.021267 0.479468
vt 0.022111 0.479636
vt 0.114370 0.360080
vt 0.113654 0.360558
vt 0.028931 0.460932
vt 0.029647 0.461410
vt 0.100196 0.345888
vt 0.099718 0.346604
vt 0.043100 0.446745
vt 0.043579 0.447461
vt 0.081676 0.338203
vt 0.081508 0.339048
vt 0.885596 0.148801
vt 0.885595 0.168467
vt 0.884750 0.168466
vt 0.884750 0.148788
vt 0.843965 0.852702
vt 0.843965 0.872381
vt 0.843119 0.872381
vt 0.843120 0.852715
vt 0.885595 0.132244
vt 0.884750 0.132106
vt 0.843965 0.836020
vt 0.843120 0.836159
vt 0.272435 0.438398
vt 0.258498 0.424442
vt 0.258977 0.423728
vt 0.273152 0.437921
vt 0.796090 0.682884
vt 0.799015 0.666202
vt 0.799806 0.666341
vt 0.796913 0.682897
vt 0.279979 0.456627
vt 0.280823 0.456459
vt 0.795063 0.702562
vt 0.795888 0.702562
vt 0.279979 0.476355
vt 0.280823 0.476522
vt 0.796090 0.722241
vt 0.796913 0.722228
vt 0.272436 0.494579
vt 0.273152 0.495056
vt 0.799015 0.738923
vt 0.799806 0.738784
vt 0.258498 0.508524
vt 0.258978 0.509237
vt 0.842274 0.852702
vt 0.842274 0.836020
vt 0.843119 0.836159
vt 0.843119 0.852715
vt 0.240288 0.516068
vt 0.240458 0.516908
vt 0.842274 0.872381
vt 0.843119 0.872381
vt 0.220577 0.516061
vt 0.220414 0.516901
vt 0.842274 0.892059
vt 0.843119 0.892046
vt 0.202367 0.508504
vt 0.201894 0.509216
vt 0.842274 0.908742
vt 0.843120 0.908602
vt 0.188429 0.494549
vt 0.187720 0.495024
vt 0.876630 0.188145
vt 0.879555 0.204827
vt 0.878715 0.204688
vt 0.875823 0.188132
vt 0.180886 0.476319
vt 0.180049 0.476486
vt 0.875603 0.168466
vt 0.874796 0.168466
vt 0.180886 0.456591
vt 0.180049 0.456422
vt 0.876630 0.148788
vt 0.875823 0.148801
vt 0.188429 0.438367
vt 0.187720 0.437889
vt 0.879555 0.132106
vt 0.878715 0.132245
vt 0.885595 0.188132
vt 0.885595 0.204688
vt 0.884750 0.204827
vt 0.884750 0.188145
vt 0.843965 0.892059
vt 0.843965 0.908742
vt 0.843119 0.908602
vt 0.843120 0.892046
vt 0.239384 0.421344
vt 0.221443 0.421337
vt 0.221280 0.420495
vt 0.239554 0.420502
vt 0.221280 0.319623
vt 0.239555 0.319616
vt 0.239384 0.320457
vt 0.221444 0.320463
vt 0.255958 0.428221
vt 0.256438 0.427507
vt 0.204397 0.326629
vt 0.204869 0.327341
vt 0.268644 0.440923
vt 0.269360 0.440446
vt 0.191474 0.339567
vt 0.192183 0.340043
vt 0.275510 0.457515
vt 0.276354 0.457347
vt 0.184481 0.356468
vt 0.185318 0.356635
vt 0.275510 0.475472
vt 0.276354 0.475639
vt 0.184481 0.374760
vt 0.185318 0.374591
vt 0.268645 0.492059
vt 0.269360 0.492535
vt 0.191474 0.391656
vt 0.192183 0.391178
vt 0.255959 0.504751
vt 0.256438 0.505464
vt 0.204396 0.404585
vt 0.204869 0.403871
vt 0.239384 0.511617
vt 0.239555 0.512457
vt 0.221280 0.411578
vt 0.221443 0.410736
vt 0.221444 0.511610
vt 0.221280 0.512451
vt 0.239554 0.411572
vt 0.239384 0.410730
vt 0.204869 0.504732
vt 0.204397 0.505445
vt 0.256438 0.404566
vt 0.255958 0.403852
vt 0.192183 0.492031
vt 0.191474 0.492506
vt 0.269360 0.391627
vt 0.268644 0.391151
vt 0.185318 0.475439
vt 0.184481 0.475605
vt 0.276354 0.374726
vt 0.275510 0.374558
vt 0.185318 0.457482
vt 0.184480 0.457314
vt 0.276354 0.356435
vt 0.275510 0.356602
vt 0.192183 0.440895
vt 0.191474 0.440417
vt 0.269361 0.339539
vt 0.268645 0.340015
vt 0.204869 0.428203
vt 0.204396 0.427489
vt 0.256439 0.326610
vt 0.255959 0.327322
vt 0.637900 0.900323
vt 0.637740 0.899477
vt 0.636999 0.899477
vt 0.636999 0.825095
vt 0.637740 0.825095
vt 0.637900 0.824250
vt 0.649560 0.824250
vt 0.649429 0.825095
vt 0.650170 0.825095
vt 0.097340 0.635222
vt 0.096495 0.635093
vt 0.021267 0.540819
vt 0.022112 0.540662
vt 0.022112 0.539932
vt 0.624728 0.900323
vt 0.624568 0.899477
vt 0.636388 0.824250
vt 0.636257 0.825095
vt 0.173413 0.635222
vt 0.172568 0.635093
vt 0.815781 0.869391
vt 0.112308 0.910467
vt 0.112308 0.844438
vt 0.833693 0.135112
vt 0.233961 0.818081
vt 0.233961 0.752052
vt 0.259471 0.752052
vt 0.259471 0.818081
vt 0.099511 0.727595
vt 0.082895 0.636668
vt 0.099511 0.636668
vt 0.101201 0.727595
vt 0.101201 0.636668
vt 0.117817 0.636668
vt 0.163895 0.770729
vt 0.163895 0.636668
vt 0.177970 0.636668
vt 0.177970 0.770729
vt 0.073789 0.636668
vt 0.126923 0.636669
vt 0.364321 0.583494
vt 0.364321 0.449434
vt 0.371693 0.449434
vt 0.371693 0.583494
vt 0.071658 0.489500
vt 0.882952 0.148788
vt 0.882951 0.168466
vt 0.882951 0.188145
vt 0.071654 0.388632
vt 0.845764 0.872381
vt 0.845763 0.892059
vt 0.845763 0.852702
vt 0.882951 0.204827
vt 0.845763 0.908742
vt 0.300362 0.770243
vt 0.302098 0.770243
vt 0.299173 0.786925
vt 0.297437 0.786925
vt 0.881290 0.132105
vt 0.878366 0.148788
vt 0.298145 0.806604
vt 0.296410 0.806604
vt 0.877339 0.168467
vt 0.299173 0.826282
vt 0.297437 0.826282
vt 0.878366 0.188145
vt 0.302098 0.842965
vt 0.300362 0.842965
vt 0.881290 0.204827
vt 0.921225 0.928612
vt 0.919426 0.928612
vt 0.919426 0.911930
vt 0.921225 0.911930
vt 0.061800 0.438215
vt 0.919426 0.892251
vt 0.921225 0.892251
vt 0.081509 0.438222
vt 0.919425 0.872573
vt 0.921224 0.872573
vt 0.099718 0.430680
vt 0.919426 0.855891
vt 0.921224 0.855891
vt 0.799016 0.666201
vt 0.797280 0.666201
vt 0.794355 0.649519
vt 0.796091 0.649519
vt 0.797279 0.738923
vt 0.794354 0.722241
vt 0.793328 0.629841
vt 0.795063 0.629841
vt 0.793327 0.702562
vt 0.794355 0.610162
vt 0.796091 0.610162
vt 0.794354 0.682884
vt 0.797280 0.593480
vt 0.799016 0.593480
vt 0.797279 0.666202
vt 0.882952 0.132106
vt 0.845764 0.836020
vt 0.202366 0.424422
vt 0.220576 0.416879
vt 0.240287 0.416886
vt 0.240288 0.316006
vt 0.258498 0.323549
vt 0.220577 0.316013
vt 0.272436 0.337494
vt 0.279979 0.355718
vt 0.279979 0.375446
vt 0.272436 0.393676
vt 0.258498 0.407631
vt 0.240287 0.415188
vt 0.220577 0.415195
vt 0.202366 0.407652
vt 0.188429 0.393707
vt 0.180886 0.375482
vt 0.180886 0.355754
vt 0.188429 0.337525
vt 0.202367 0.323569
vt 0.364412 0.616882
vt 0.371380 0.616882
vt 0.371379 0.634494
vt 0.364412 0.634494
vt 0.364412 0.599270
vt 0.371379 0.599270
vt 0.371380 0.649425
vt 0.364412 0.649425
vt 0.938387 0.852833
vt 0.945111 0.852833
vt 0.942493 0.867764
vt 0.935769 0.867764
vt 0.941574 0.885376
vt 0.934850 0.885376
vt 0.942493 0.902988
vt 0.935769 0.902988
vt 0.945111 0.917919
vt 0.938387 0.917919
vt 0.371379 0.714511
vt 0.364412 0.714511
vt 0.364412 0.699580
vt 0.371380 0.699580
vt 0.364412 0.681968
vt 0.371379 0.681968
vt 0.364412 0.664356
vt 0.371380 0.664356
vt 0.364412 0.649425
vt 0.371380 0.649425
vt 0.917757 0.920976
vt 0.911033 0.920976
vt 0.908416 0.906045
vt 0.915139 0.906045
vt 0.907497 0.888433
vt 0.914220 0.888433
vt 0.908416 0.870821
vt 0.915139 0.870821
vt 0.911034 0.855890
vt 0.917757 0.855890
vt 0.364412 0.584339
vt 0.371379 0.584339
vt 0.860903 0.242424
vt 0.860903 0.133132
vt 0.873942 0.135689
vt 0.873942 0.244981
vt 0.294749 0.771270
vt 0.294749 0.880561
vt 0.281709 0.883118
vt 0.281709 0.773827
s 1
usemtl 80s_black_signal
f 544/1013/291 545/1014/292 546/1015/293
f 547/1016/294 548/1017/295 549/1018/296
f 550/1019/297 551/1020/298 552/1021/299
f 553/1022/300 554/1023/301 555/1024/302
f 556/1025/303 557/1026/304 558/1027/305
f 559/1028/306 560/1029/307 561/1030/308
f 562/1031/309 563/1032/310 564/1033/311
f 565/1034/312 566/1035/313 567/1036/314
f 568/1037/315 569/1038/316 570/1039/317
f 571/1040/318 572/1041/319 573/1042/320
f 574/1043/321 575/1044/322 576/1045/323
f 577/1046/324 578/1047/325 579/1048/326
f 580/1049/327 581/1050/328 582/1051/329
f 583/1052/330 584/1053/331 585/1054/332
f 590/1055/333 591/1056/334 592/1057/335
f 593/1058/336 594/1059/337 595/1060/338
f 600/1061/339 601/1062/340 602/1063/341
f 603/1064/342 604/1065/343 605/1066/344
f 606/1067/345 607/1068/346 608/1069/347
f 609/1070/348 610/1071/349 611/1072/350
s 0
f 804/1073/351 805/1074/352 806/1075/353
f 807/1076/354 808/1077/355 809/1078/356
f 810/1079/357 811/1080/358 812/1081/359
f 813/1082/360 814/1083/361 815/1084/362
f 816/1085/363 817/1086/364 818/1087/365
f 819/1088/366 820/1089/367 821/1090/368
f 822/1091/369 823/1092/370 824/1093/371
f 825/1094/372 826/1095/373 827/1096/374
s 1
f 550/1019/297 544/1097/291 546/1098/293 551/1020/298
f 545/1014/292 547/1099/294 549/1100/296 546/1015/293
f 548/1017/295 553/1022/300 555/1024/302 549/1018/296
f 554/1101/301 552/1102/299 551/1103/298 555/1104/302
f 562/1031/309 550/1019/297 552/1021/299 563/1032/310
f 553/1022/300 565/1034/312 567/1036/314 554/1023/301
f 566/1105/313 564/1106/311 563/1107/310 567/1108/314
f 556/1025/303 562/1109/309 564/1106/311 557/1026/304
f 565/1034/312 559/1028/306 561/1030/308 566/1035/313
f 560/1110/307 558/1027/305 557/1026/304 561/1111/308
f 544/1013/291 556/1112/303 558/1113/305 545/1014/292
f 559/1028/306 548/1017/295 547/1016/294 560/1029/307
f 587/1114/375 568/1115/315 570/1116/317 586/1117/376
f 569/1118/316 572/1041/319 571/1040/318 570/1116/317
f 589/1119/377 577/1120/324 579/1121/326 588/1122/378
f 578/1123/325 575/1044/322 574/1043/321 579/1121/326
f 590/1055/333 576/1124/323 575/1125/322 591/1056/334
f 580/1049/327 606/1126/345 608/1127/347 581/1050/328
f 605/1066/344 583/1128/330 585/1129/332 603/1064/342
f 584/1130/331 582/1051/329 581/1050/328 585/1129/332
f 597/1131/379 580/1132/327 582/1133/329 596/1134/380
f 599/1135/381 573/1136/320 572/1137/319 598/1138/382
f 576/1045/323 587/1114/375 586/1117/376 574/1043/321
f 573/1042/320 589/1119/377 588/1122/378 571/1040/318
f 595/1060/338 600/1139/339 602/1140/341 593/1058/336
f 577/1046/324 595/1141/338 594/1142/337 578/1047/325
f 568/1037/315 597/1131/379 596/1134/380 569/1038/316
f 583/1052/330 599/1135/381 598/1138/382 584/1053/331
f 593/1058/336 592/1143/335 591/1144/334 594/1059/337
f 600/1061/339 605/1145/344 604/1146/343 601/1062/340
f 603/1064/342 608/1127/347 607/1147/346 604/1065/343
f 606/1067/345 609/1148/348 611/1149/350 607/1068/346
f 601/1150/340 611/1072/350 610/1071/349 602/1140/341
f 592/1143/335 610/1071/349 609/1070/348 590/1151/333
f 613/1152/383 616/1153/384 617/1154/385 612/1155/386
f 619/1156/387 614/1157/388 615/1158/389 618/1159/390
f 616/1153/384 620/1160/391 621/1161/392 617/1154/385
f 623/1162/393 619/1156/387 618/1159/390 622/1163/394
f 620/1160/391 624/1164/395 625/1165/396 621/1161/392
f 627/1166/397 623/1162/393 622/1163/394 626/1167/398
f 624/1164/395 628/1168/399 629/1169/400 625/1165/396
f 631/1170/401 627/1166/397 626/1167/398 630/1171/402
f 628/1168/399 632/1172/403 633/1173/404 629/1169/400
f 635/1174/405 631/1170/401 630/1171/402 634/1175/406
f 632/1172/403 636/1176/407 637/1177/408 633/1173/404
f 639/1178/409 635/1174/405 634/1175/406 638/1179/410
f 636/1176/407 640/1180/411 641/1181/412 637/1177/408
f 643/1182/413 639/1183/409 638/1184/410 642/1185/414
f 640/1180/411 644/1186/415 645/1187/416 641/1181/412
f 647/1188/417 643/1182/413 642/1185/414 646/1189/418
f 644/1186/415 648/1190/419 649/1191/420 645/1187/416
f 651/1192/421 647/1188/417 646/1189/418 650/1193/422
f 648/1190/419 652/1194/423 653/1195/424 649/1191/420
f 655/1196/425 651/1192/421 650/1193/422 654/1197/426
f 652/1194/423 656/1198/427 657/1199/428 653/1195/424
f 659/1200/429 655/1201/425 654/1202/426 658/1203/430
f 656/1198/427 660/1204/431 661/1205/432 657/1199/428
f 663/1206/433 659/1200/429 658/1203/430 662/1207/434
f 660/1204/431 664/1208/435 665/1209/436 661/1205/432
f 667/1210/437 663/1206/433 662/1207/434 666/1211/438
f 664/1208/435 668/1212/439 669/1213/440 665/1209/436
f 671/1214/441 667/1210/437 666/1211/438 670/1215/442
f 668/1212/439 672/1216/443 673/1217/444 669/1213/440
f 675/1218/445 671/1214/441 670/1215/442 674/1219/446
f 672/1216/443 613/1152/383 612/1155/386 673/1217/444
f 614/1157/388 675/1218/445 674/1219/446 615/1158/389
f 739/1220/447 676/1221/448 677/1222/449 738/1223/450
f 737/1224/451 678/1225/452 679/1226/453 736/1227/454
f 735/1228/455 739/1220/447 738/1223/450 734/1229/456
f 733/1230/457 737/1224/451 736/1227/454 732/1231/458
f 731/1232/459 735/1233/455 734/1234/456 730/1235/460
f 729/1236/461 733/1237/457 732/1238/458 728/1239/462
f 727/1240/463 731/1232/459 730/1235/460 726/1241/464
f 725/1242/465 729/1236/461 728/1239/462 724/1243/466
f 723/1244/467 727/1240/463 726/1241/464 722/1245/468
f 721/1246/469 725/1242/465 724/1243/466 720/1247/470
f 719/1248/471 723/1244/467 722/1245/468 718/1249/472
f 717/1250/473 721/1246/469 720/1247/470 716/1251/474
f 715/1252/475 719/1248/471 718/1249/472 714/1253/476
f 713/1254/477 717/1255/473 716/1256/474 712/1257/478
f 711/1258/479 715/1252/475 714/1253/476 710/1259/480
f 709/1260/481 713/1254/477 712/1257/478 708/1261/482
f 707/1262/483 711/1258/479 710/1259/480 706/1263/484
f 705/1264/485 709/1260/481 708/1261/482 704/1265/486
f 703/1266/487 707/1262/483 706/1263/484 702/1267/488
f 701/1268/489 705/1264/485 704/1265/486 700/1269/490
f 699/1270/491 703/1266/487 702/1267/488 698/1271/492
f 697/1272/493 701/1273/489 700/1274/490 696/1275/494
f 695/1276/495 699/1270/491 698/1271/492 694/1277/496
f 693/1278/497 697/1272/493 696/1275/494 692/1279/498
f 691/1280/499 695/1276/495 694/1277/496 690/1281/500
f 689/1282/501 693/1278/497 692/1279/498 688/1283/502
f 687/1284/503 691/1280/499 690/1281/500 686/1285/504
f 685/1286/505 689/1282/501 688/1283/502 684/1287/506
f 683/1288/507 687/1289/503 686/1290/504 682/1291/508
f 681/1292/509 685/1293/505 684/1294/506 680/1295/510
f 676/1221/448 683/1288/507 682/1291/508 677/1222/449
f 678/1225/452 681/1292/509 680/1295/510 679/1226/453
f 803/1296/511 740/1297/512 741/1298/513 802/1299/514
f 801/1300/515 742/1301/516 743/1302/517 800/1303/518
f 799/1304/519 803/1296/511 802/1299/514 798/1305/520
f 797/1306/521 801/1300/515 800/1303/518 796/1307/522
f 795/1308/523 799/1304/519 798/1305/520 794/1309/524
f 793/1310/525 797/1306/521 796/1307/522 792/1311/526
f 791/1312/527 795/1308/523 794/1309/524 790/1313/528
f 789/1314/529 793/1310/525 792/1311/526 788/1315/530
f 787/1316/531 791/1312/527 790/1313/528 786/1317/532
f 785/1318/533 789/1314/529 788/1315/530 784/1319/534
f 783/1320/535 787/1316/531 786/1317/532 782/1321/536
f 781/1322/537 785/1318/533 784/1319/534 780/1323/538
f 779/1324/539 783/1320/535 782/1321/536 778/1325/540
f 777/1326/541 781/1322/537 780/1323/538 776/1327/542
f 775/1328/543 779/1324/539 778/1325/540 774/1329/544
f 773/1330/545 777/1326/541 776/1327/542 772/1331/546
f 771/1332/547 775/1328/543 774/1329/544 770/1333/548
f 769/1334/549 773/1330/545 772/1331/546 768/1335/550
f 767/1336/551 771/1332/547 770/1333/548 766/1337/552
f 765/1338/553 769/1334/549 768/1335/550 764/1339/554
f 763/1340/555 767/1336/551 766/1337/552 762/1341/556
f 761/1342/557 765/1338/553 764/1339/554 760/1343/558
f 759/1344/559 763/1340/555 762/1341/556 758/1345/560
f 757/1346/561 761/1342/557 760/1343/558 756/1347/562
f 755/1348/563 759/1344/559 758/1345/560 754/1349/564
f 753/1350/565 757/1346/561 756/1347/562 752/1351/566
f 751/1352/567 755/1348/563 754/1349/564 750/1353/568
f 749/1354/569 753/1350/565 752/1351/566 748/1355/570
f 747/1356/571 751/1352/567 750/1353/568 746/1357/572
f 745/1358/573 749/1354/569 748/1355/570 744/1359/574
f 740/1297/512 747/1356/571 746/1357/572 741/1298/513
f 742/1301/516 745/1358/573 744/1359/574 743/1302/517
s 0
f 810/1079/575 804/1360/576 806/1361/353 811/1080/358
f 805/1362/577 807/1363/578 809/1364/356 806/1361/353
f 808/1365/579 813/1366/580 815/1367/581 809/1364/582
f 814/1368/583 812/1081/584 811/1080/585 815/1367/586
f 822/1091/369 810/1369/357 812/1370/359 823/1092/587
f 813/1082/588 825/1371/589 827/1372/374 814/1083/361
f 826/1373/373 824/1093/371 823/1092/370 827/1372/590
f 816/1085/363 822/1374/591 824/1375/592 817/1086/593
f 825/1094/589 819/1376/366 821/1377/368 826/1095/594
f 820/1363/595 818/1087/596 817/1086/597 821/1377/598
f 804/1073/351 816/1378/599 818/1379/600 805/1074/601
f 819/1088/602 808/1077/579 807/1076/354 820/1089/603
s 1
f 550/1019/297 562/1031/309 556/1380/303 544/1097/291
f 546/1381/293 549/1382/296 555/1104/302 551/1103/298
f 558/1113/305 560/1383/307 547/1099/294 545/1014/292
f 565/1034/312 553/1022/300 548/1017/295 559/1028/306
f 552/1384/299 554/1385/301 567/1386/314 563/1387/310
f 564/1106/311 566/1105/313 561/1111/308 557/1026/304
f 587/1388/375 609/1148/348 597/1389/379 568/1390/315
f 570/1116/317 571/1040/318 588/1122/378 586/1117/376
f 596/1134/380 598/1138/382 572/1137/319 569/1038/316
f 600/1061/339 589/1391/377 573/1392/320 599/1393/381
f 575/1394/322 578/1395/325 594/1396/337 591/1397/334
f 576/1124/323 590/1055/333 609/1148/348 587/1388/375
f 586/1117/376 588/1122/378 579/1121/326 574/1043/321
f 595/1141/338 577/1046/324 589/1391/377 600/1061/339
f 609/1148/348 606/1067/345 580/1398/327 597/1389/379
f 608/1127/347 603/1064/342 585/1129/332 581/1050/328
f 582/1133/329 584/1053/331 598/1138/382 596/1134/380
f 605/1145/344 600/1061/339 599/1393/381 583/1399/330
f 592/1143/335 593/1058/336 602/1140/341 610/1071/349
f 611/1400/350 601/1401/340 604/1402/343 607/1403/346
f 542/1404/604 673/1217/444 612/1155/386
f 542/1404/604 612/1155/386 617/1154/385
f 672/1405/443 738/1223/450 677/1222/449 613/1406/383
f 613/1406/383 677/1222/449 682/1291/508 616/1407/384
f 543/1408/605 615/1158/389 674/1219/446
f 543/1408/605 618/1159/390 615/1158/389
f 678/1225/452 614/1409/388 619/1410/387 681/1292/509
f 737/1224/451 675/1411/445 614/1409/388 678/1225/452
f 542/1404/604 617/1154/385 621/1161/392
f 616/1407/384 682/1291/508 686/1290/504 620/1412/391
f 543/1408/605 622/1163/394 618/1159/390
f 681/1292/509 619/1410/387 623/1413/393 685/1293/505
f 542/1404/604 621/1161/392 625/1165/396
f 620/1414/391 686/1415/504 690/1416/500 624/1417/395
f 543/1408/605 626/1167/398 622/1163/394
f 685/1286/505 623/1418/393 627/1419/397 689/1282/501
f 542/1404/604 625/1165/396 629/1169/400
f 624/1417/395 690/1416/500 694/1420/496 628/1421/399
f 543/1408/605 630/1171/402 626/1167/398
f 689/1282/501 627/1419/397 631/1422/401 693/1278/497
f 542/1404/604 629/1169/400 633/1173/404
f 628/1421/399 694/1420/496 698/1423/492 632/1424/403
f 543/1408/605 634/1175/406 630/1171/402
f 693/1278/497 631/1422/401 635/1425/405 697/1272/493
f 542/1404/604 633/1173/404 637/1177/408
f 632/1424/403 698/1423/492 702/1426/488 636/1427/407
f 543/1408/605 638/1179/410 634/1175/406
f 697/1272/493 635/1425/405 639/1428/409 701/1273/489
f 542/1404/604 637/1177/408 641/1181/412
f 636/1429/407 702/1430/488 706/1431/484 640/1432/411
f 543/1408/605 642/1433/414 638/1179/410
f 701/1268/489 639/1183/409 643/1182/413 705/1264/485
f 542/1404/604 641/1181/412 645/1187/416
f 640/1432/411 706/1431/484 710/1434/480 644/1435/415
f 543/1408/605 646/1436/418 642/1433/414
f 705/1264/485 643/1182/413 647/1188/417 709/1260/481
f 542/1404/604 645/1187/416 649/1191/420
f 644/1435/415 710/1434/480 714/1437/476 648/1438/419
f 543/1408/605 650/1439/422 646/1436/418
f 709/1260/481 647/1188/417 651/1192/421 713/1254/477
f 542/1404/604 649/1191/420 653/1195/424
f 648/1438/419 714/1437/476 718/1440/472 652/1441/423
f 543/1408/605 654/1202/426 650/1439/422
f 713/1254/477 651/1192/421 655/1196/425 717/1255/473
f 542/1404/604 653/1195/424 657/1199/428
f 652/1442/423 718/1443/472 722/1444/468 656/1445/427
f 543/1408/605 658/1203/430 654/1202/426
f 717/1250/473 655/1446/425 659/1447/429 721/1246/469
f 542/1404/604 657/1199/428 661/1205/432
f 656/1445/427 722/1444/468 726/1448/464 660/1449/431
f 543/1408/605 662/1207/434 658/1203/430
f 721/1246/469 659/1447/429 663/1450/433 725/1242/465
f 542/1404/604 661/1205/432 665/1209/436
f 660/1449/431 726/1448/464 730/1451/460 664/1452/435
f 543/1408/605 666/1211/438 662/1207/434
f 725/1242/465 663/1450/433 667/1453/437 729/1236/461
f 542/1404/604 665/1209/436 669/1213/440
f 664/1452/435 730/1451/460 734/1454/456 668/1455/439
f 543/1408/605 670/1215/442 666/1211/438
f 729/1236/461 667/1453/437 671/1456/441 733/1237/457
f 542/1404/604 669/1213/440 673/1217/444
f 668/1457/439 734/1229/456 738/1223/450 672/1405/443
f 543/1408/605 674/1219/446 670/1215/442
f 733/1230/457 671/1458/441 675/1411/445 737/1224/451
f 683/1459/507 676/1460/448 741/1298/513 746/1357/572
f 676/1460/448 739/1461/447 802/1299/514 741/1298/513
f 679/1462/453 680/1463/510 745/1358/573 742/1301/516
f 736/1464/454 679/1462/453 742/1301/516 801/1300/515
f 680/1463/510 684/1465/506 749/1354/569 745/1358/573
f 687/1284/503 683/1459/507 746/1357/572 750/1353/568
f 684/1465/506 688/1466/502 753/1350/565 749/1354/569
f 691/1280/499 687/1284/503 750/1353/568 754/1349/564
f 688/1466/502 692/1467/498 757/1346/561 753/1350/565
f 695/1276/495 691/1280/499 754/1349/564 758/1345/560
f 692/1467/498 696/1468/494 761/1342/557 757/1346/561
f 699/1270/491 695/1276/495 758/1345/560 762/1341/556
f 696/1468/494 700/1469/490 765/1338/553 761/1342/557
f 703/1266/487 699/1270/491 762/1341/556 766/1337/552
f 700/1469/490 704/1470/486 769/1334/549 765/1338/553
f 707/1262/483 703/1266/487 766/1337/552 770/1333/548
f 704/1470/486 708/1471/482 773/1330/545 769/1334/549
f 711/1258/479 707/1262/483 770/1333/548 774/1329/544
f 708/1471/482 712/1472/478 777/1326/541 773/1330/545
f 715/1252/475 711/1258/479 774/1329/544 778/1325/540
f 712/1472/478 716/1473/474 781/1322/537 777/1326/541
f 719/1248/471 715/1252/475 778/1325/540 782/1321/536
f 716/1473/474 720/1474/470 785/1318/533 781/1322/537
f 723/1244/467 719/1248/471 782/1321/536 786/1317/532
f 720/1474/470 724/1475/466 789/1314/529 785/1318/533
f 727/1240/463 723/1244/467 786/1317/532 790/1313/528
f 724/1475/466 728/1476/462 793/1310/525 789/1314/529
f 731/1232/459 727/1240/463 790/1313/528 794/1309/524
f 728/1476/462 732/1477/458 797/1306/521 793/1310/525
f 735/1233/455 731/1232/459 794/1309/524 798/1305/520
f 732/1477/458 736/1464/454 801/1300/515 797/1306/521
f 739/1461/447 735/1233/455 798/1305/520 802/1299/514
f 740/1478/512 743/1479/517 744/1480/574 747/1481/571
f 803/1482/511 800/1483/518 743/1479/517 740/1478/512
f 747/1481/571 744/1480/574 748/1484/570 751/1485/567
f 751/1486/567 748/1487/570 752/1488/566 755/1489/563
f 755/1489/563 752/1488/566 756/1490/562 759/1491/559
f 759/1491/559 756/1490/562 760/1492/558 763/1493/555
f 763/1493/555 760/1492/558 764/1494/554 767/1495/551
f 767/1496/551 764/1497/554 768/1498/550 771/1499/547
f 771/1499/547 768/1498/550 772/1500/546 775/1501/543
f 775/1501/543 772/1500/546 776/1502/542 779/1503/539
f 779/1503/539 776/1502/542 780/1504/538 783/1505/535
f 783/1506/535 780/1507/538 784/1508/534 787/1509/531
f 787/1509/531 784/1508/534 788/1510/530 791/1511/527
f 791/1511/527 788/1510/530 792/1512/526 795/1513/523
f 795/1513/523 792/1512/526 796/1514/522 799/1515/519
f 799/1516/519 796/1517/522 800/1483/518 803/1482/511
s 0
f 810/1518/575 822/1519/369 816/1520/363 804/1521/351
f 806/1361/353 809/1364/356 815/1367/586 811/1080/606
f 818/1379/365 820/1089/367 807/1076/607 805/1074/352
f 825/1522/608 813/1523/609 808/1524/610 819/1525/611
f 812/1370/612 814/1083/613 827/1372/614 823/1092/615
f 824/1375/371 826/1095/373 821/1377/368 817/1086/364
o lo.80s_signaltower__radio_support.009
v 9.935464 5.844352 18.216122
v 9.935464 5.090804 18.216122
v 9.926896 5.622912 18.220882
v 9.926896 5.607220 18.220882
v 9.926896 5.222175 18.220882
v 9.926896 5.206483 18.220882
v 9.938156 5.206483 18.206697
v 9.938156 5.222175 18.206697
v 9.938156 5.607220 18.206697
v 9.938156 5.622911 18.206697
v 9.944032 5.206483 18.211361
v 9.944032 5.222175 18.211361
v 9.944032 5.607220 18.211361
v 9.944032 5.622911 18.211361
v 9.944888 5.206483 18.218815
v 9.944888 5.222175 18.218815
v 9.944888 5.607220 18.218815
v 9.944888 5.622911 18.218815
v 9.940224 5.206483 18.224689
v 9.940224 5.222175 18.224689
v 9.940224 5.607220 18.224689
v 9.940224 5.622911 18.224689
v 9.932772 5.206483 18.225546
v 9.932772 5.222175 18.225546
v 9.932772 5.607220 18.225546
v 9.932772 5.622911 18.225546
v 9.926896 5.841352 18.220882
v 9.929734 5.844352 18.219305
v 9.929734 5.090804 18.219305
v 9.926896 5.093804 18.220882
v 9.929162 5.844352 18.214321
v 9.926040 5.841352 18.213428
v 9.926040 5.093804 18.213428
v 9.929162 5.090804 18.214321
v 9.932281 5.844352 18.210392
v 9.930704 5.841352 18.207554
v 9.930704 5.093804 18.207554
v 9.932281 5.090804 18.210392
v 9.937264 5.844352 18.209820
v 9.938156 5.841352 18.206697
v 9.938156 5.093804 18.206697
v 9.937264 5.090804 18.209820
v 9.941194 5.844352 18.212938
v 9.944032 5.841352 18.211361
v 9.944032 5.093804 18.211361
v 9.941194 5.090804 18.212938
v 9.941766 5.844352 18.217922
v 9.944888 5.841352 18.218815
v 9.944888 5.093804 18.218815
v 9.941766 5.090804 18.217922
v 9.938646 5.844352 18.221851
v 9.940224 5.841352 18.224689
v 9.940224 5.093804 18.224689
v 9.938646 5.090804 18.221851
v 9.933663 5.844352 18.222424
v 9.932772 5.841352 18.225546
v 9.932772 5.093804 18.225546
v 9.933663 5.090804 18.222424
v 9.897290 5.219175 18.155504
v 9.896125 5.222175 18.159584
v 9.897290 5.209483 18.155504
v 9.896125 5.206483 18.159584
v 9.897290 5.619912 18.155504
v 9.896125 5.622911 18.159584
v 9.896125 5.607220 18.159584
v 9.897290 5.610219 18.155504
v 9.902184 5.222175 18.156218
v 9.898104 5.219175 18.155052
v 9.898104 5.209483 18.155052
v 9.902184 5.206483 18.156218
v 9.898104 5.619912 18.155052
v 9.902184 5.622911 18.156218
v 9.902184 5.607220 18.156218
v 9.898104 5.610219 18.155052
v 9.924720 5.203483 18.215090
v 9.924527 5.206483 18.210707
v 9.926382 5.225174 18.216410
v 9.924527 5.222175 18.210707
v 9.924720 5.604220 18.215090
v 9.924527 5.607220 18.210707
v 9.926382 5.625911 18.216410
v 9.924527 5.622911 18.210707
v 9.933684 5.203483 18.207211
v 9.929192 5.206483 18.204832
v 9.929192 5.222175 18.204832
v 9.932024 5.225174 18.205893
v 9.933684 5.604220 18.207211
v 9.929192 5.607220 18.204832
v 9.929192 5.622911 18.204832
v 9.932024 5.625911 18.205893
vn -0.0000 1.0000 -0.0000
vn -0.0000 -1.0000 -0.0000
vn -0.8491 0.0124 0.5281
vn -0.8374 0.0112 0.5465
vn -0.8374 0.0121 0.5465
vn -0.8403 0.0102 0.5421
vn 0.3216 -0.0124 -0.9468
vn 0.3422 -0.0112 -0.9396
vn 0.3422 -0.0120 -0.9396
vn 0.3371 -0.0108 -0.9414
vn 0.8741 -0.0000 -0.4857
vn 0.9615 -0.0000 0.2748
vn 0.9615 -0.0000 0.2747
vn 0.4856 -0.0000 0.8742
vn -0.2747 -0.0000 0.9615
vn -0.2746 -0.0000 0.9615
vn -0.8125 0.3689 0.4515
vn -0.3826 0.8991 0.2126
vn -0.3826 -0.8991 0.2126
vn -0.7965 -0.3666 0.4807
vn -0.4209 0.8991 -0.1202
vn -0.9037 0.3636 -0.2260
vn -0.8892 -0.3786 -0.2568
vn -0.4209 -0.8991 -0.1203
vn -0.2126 0.8991 -0.3826
vn -0.4504 0.3791 -0.8083
vn -0.4266 -0.3626 -0.8286
vn -0.2125 -0.8991 -0.3826
vn 0.1203 0.8991 -0.4209
vn 0.2873 0.3657 -0.8853
vn 0.2553 -0.3688 -0.8938
vn 0.1203 -0.8991 -0.4209
vn 0.3827 0.8991 -0.2126
vn 0.8125 0.3688 -0.4515
vn 0.8125 -0.3688 -0.4514
vn 0.3827 -0.8991 -0.2126
vn 0.4209 0.8991 0.1202
vn 0.8937 0.3689 0.2554
vn 0.8937 -0.3689 0.2554
vn 0.4208 -0.8991 0.1202
vn 0.2126 0.8991 0.3827
vn 0.4514 0.3688 0.8125
vn 0.4514 -0.3689 0.8125
vn 0.2125 -0.8992 0.3826
vn -0.1202 0.8991 0.4209
vn -0.2553 0.3688 0.8938
vn -0.2553 -0.3689 0.8937
vn -0.1202 -0.8991 0.4208
vn -0.7022 0.3002 -0.6456
vn -0.7589 0.6507 -0.0260
vn -0.7022 -0.3002 -0.6456
vn -0.7589 -0.6507 -0.0261
vn -0.7022 0.3003 -0.6456
vn -0.7589 -0.6507 -0.0260
vn 0.3788 0.6507 -0.6581
vn -0.1774 0.3003 -0.9372
vn -0.1774 -0.3002 -0.9372
vn 0.3787 -0.6507 -0.6581
vn -0.9853 -0.1339 -0.1063
vn -0.8367 -0.5456 0.0476
vn -0.9902 0.1324 -0.0435
vn -0.8362 0.5411 0.0893
vn -0.9883 -0.1325 -0.0749
vn -0.8366 -0.5457 0.0476
vn -0.9894 0.1281 -0.0678
vn -0.2434 -0.1751 -0.9540
vn 0.3054 -0.6721 -0.6745
vn 0.2845 0.6631 -0.6924
vn -0.2738 0.1972 -0.9413
vn -0.2191 -0.1818 -0.9586
vn 0.2844 0.6631 -0.6924
vn -0.3055 0.1995 -0.9311
vt 0.973781 0.226073
vt 0.972790 0.226073
vt 0.972790 0.223420
vt 0.973781 0.223420
vt 0.973781 0.293816
vt 0.972790 0.293816
vt 0.972790 0.291163
vt 0.973781 0.291163
vt 0.371129 0.219501
vt 0.369861 0.219501
vt 0.369861 0.216848
vt 0.371129 0.216848
vt 0.371129 0.287244
vt 0.369861 0.287244
vt 0.369861 0.284591
vt 0.371129 0.284591
vt 0.373121 0.624426
vt 0.372225 0.624426
vt 0.372225 0.621773
vt 0.373121 0.621773
vt 0.373121 0.692169
vt 0.372225 0.692169
vt 0.372225 0.689516
vt 0.373121 0.689516
vt 0.775101 0.817071
vt 0.773840 0.817071
vt 0.773840 0.814419
vt 0.775101 0.814419
vt 0.775101 0.884815
vt 0.773840 0.884815
vt 0.773840 0.882162
vt 0.775101 0.882162
vt 0.973434 0.419105
vt 0.972444 0.419105
vt 0.972444 0.416452
vt 0.973434 0.416452
vt 0.973434 0.486848
vt 0.972444 0.486848
vt 0.972444 0.484195
vt 0.973434 0.484195
vt 0.147538 0.537601
vt 0.147538 0.538450
vt 0.147030 0.538660
vt 0.147030 0.537391
vt 0.173291 0.533564
vt 0.173891 0.532964
vt 0.174398 0.533174
vt 0.173501 0.534071
vt 0.148137 0.539049
vt 0.147927 0.539556
vt 0.172443 0.533564
vt 0.172233 0.534071
vt 0.148985 0.539049
vt 0.149195 0.539556
vt 0.171844 0.532964
vt 0.171336 0.533174
vt 0.149585 0.538450
vt 0.150092 0.538660
vt 0.171844 0.532116
vt 0.171336 0.531906
vt 0.149585 0.537601
vt 0.150092 0.537391
vt 0.172443 0.531516
vt 0.172233 0.531009
vt 0.148985 0.537002
vt 0.149195 0.536495
vt 0.173291 0.531517
vt 0.173501 0.531009
vt 0.173878 0.631691
vt 0.175049 0.631691
vt 0.174542 0.632198
vt 0.174385 0.632198
vt 0.148137 0.537002
vt 0.147927 0.536495
vt 0.173891 0.532116
vt 0.174398 0.531906
vt 0.366687 0.736761
vt 0.366687 0.735122
vt 0.367174 0.734615
vt 0.367174 0.737268
vt 0.160867 0.792003
vt 0.162039 0.792003
vt 0.161532 0.792510
vt 0.161374 0.792510
vt 0.799195 0.884815
vt 0.799195 0.882162
vt 0.799682 0.882669
vt 0.799682 0.884307
vt 0.900052 0.554484
vt 0.901224 0.554484
vt 0.900717 0.554991
vt 0.900559 0.554991
vt 0.877785 0.131503
vt 0.876147 0.131503
vt 0.875640 0.131016
vt 0.878292 0.131016
vt 0.799195 0.817071
vt 0.799195 0.814419
vt 0.799682 0.814926
vt 0.799682 0.816564
vt 0.892051 0.204701
vt 0.893222 0.204701
vt 0.892715 0.205208
vt 0.892558 0.205209
vt 0.955486 0.807480
vt 0.955486 0.804827
vt 0.955739 0.804320
vt 0.955990 0.807987
vt 0.878292 0.121985
vt 0.875640 0.121985
vt 0.875640 0.121479
vt 0.878292 0.121479
vt 0.900052 0.544556
vt 0.901224 0.544071
vt 0.901224 0.544597
vt 0.900052 0.545082
vt 0.788941 0.817578
vt 0.788689 0.813912
vt 0.789698 0.814419
vt 0.789698 0.817071
vt 0.173878 0.621278
vt 0.175049 0.621764
vt 0.175049 0.622290
vt 0.173878 0.621805
vt 0.892051 0.194774
vt 0.893222 0.194289
vt 0.893222 0.194815
vt 0.892051 0.195300
vt 0.788940 0.885322
vt 0.788689 0.881655
vt 0.789698 0.882162
vt 0.789698 0.884815
vt 0.160867 0.781590
vt 0.162039 0.782075
vt 0.162039 0.782601
vt 0.160867 0.782116
vt 0.148561 0.538025
vt 0.972790 0.186493
vt 0.973781 0.186493
vt 0.787932 0.777492
vt 0.789192 0.777492
vt 0.787932 0.814419
vt 0.172867 0.532540
vt 0.973781 0.312864
vt 0.972790 0.312864
vt 0.787932 0.884815
vt 0.789193 0.903863
vt 0.787932 0.903862
vt 0.246472 0.892295
vt 0.247462 0.892295
vt 0.247743 0.928715
vt 0.246191 0.928715
vt 0.675453 0.801921
vt 0.677004 0.801921
vt 0.676724 0.820462
vt 0.675733 0.820462
vt 0.955486 0.767901
vt 0.956746 0.767901
vt 0.956746 0.804827
vt 0.955990 0.875730
vt 0.956746 0.875223
vt 0.956746 0.894271
vt 0.955486 0.894271
vt 0.972444 0.379526
vt 0.973434 0.379526
vt 0.973434 0.505896
vt 0.972444 0.505896
vt 0.773840 0.777492
vt 0.775101 0.777492
vt 0.775101 0.903863
vt 0.773840 0.903862
vt 0.372225 0.584846
vt 0.373121 0.584846
vt 0.373121 0.711217
vt 0.372225 0.711217
vt 0.369861 0.179921
vt 0.371129 0.179921
vt 0.371129 0.306292
vt 0.369861 0.306292
vt 0.174562 0.634344
vt 0.174411 0.634344
vt 0.174411 0.632706
vt 0.174562 0.632706
vt 0.366535 0.736761
vt 0.366535 0.735122
vt 0.878292 0.121985
vt 0.880945 0.121985
vt 0.880945 0.131016
vt 0.787932 0.882162
vt 0.787932 0.817071
vt 0.838359 0.836527
vt 0.839910 0.836527
vt 0.839910 0.900603
vt 0.838359 0.900603
vt 0.955739 0.872063
vt 0.956746 0.872571
vt 0.956746 0.807480
s 1
usemtl 80s_grey_metal_bar
f 831/1526/619 852/1527/631 853/1528/630 830/1529/618
f 833/1530/621 850/1531/630 851/1532/631 832/1533/620
f 852/1534/631 848/1535/629 849/1536/629 853/1537/630
f 850/1538/630 846/1539/629 847/1540/629 851/1541/631
f 848/1542/629 844/1543/628 845/1544/627 849/1545/629
f 846/1546/629 842/1547/627 843/1548/628 847/1549/629
f 844/1550/628 840/1551/626 841/1552/626 845/1553/627
f 842/1554/627 838/1555/626 839/1556/626 843/1557/628
f 840/1558/626 836/1559/624 837/1560/625 841/1561/626
f 838/1562/626 834/1563/622 835/1564/623 839/1565/626
f 852/1527/631 831/1526/619 832/1533/620 851/1532/631
f 836/1559/624 840/1558/626 839/1565/626 835/1564/623
f 840/1551/626 844/1550/628 843/1557/628 839/1556/626
f 844/1543/628 848/1542/629 847/1549/629 843/1548/628
f 848/1535/629 852/1534/631 851/1541/631 847/1540/629
f 855/1566/633 858/1567/636 859/1568/637 854/1569/632
f 861/1570/639 856/1571/634 857/1572/635 860/1573/638
f 858/1567/636 862/1574/640 863/1575/641 859/1568/637
f 865/1576/643 861/1570/639 860/1573/638 864/1577/642
f 862/1574/640 866/1578/644 867/1579/645 863/1575/641
f 869/1580/647 865/1576/643 864/1577/642 868/1581/646
f 866/1578/644 870/1582/648 871/1583/649 867/1579/645
f 873/1584/651 869/1580/647 868/1581/646 872/1585/650
f 870/1582/648 874/1586/652 875/1587/653 871/1583/649
f 877/1588/655 873/1584/651 872/1585/650 876/1589/654
f 874/1586/652 878/1590/656 879/1591/657 875/1587/653
f 881/1592/659 877/1588/655 876/1589/654 880/1593/658
f 891/1594/665 899/1595/670 898/1596/671 890/1597/668
f 878/1590/656 882/1598/660 883/1599/661 879/1591/657
f 885/1600/663 881/1592/659 880/1593/658 884/1601/662
f 901/1602/672 898/1603/671 899/1604/670 900/1605/673
f 882/1598/660 855/1566/633 854/1569/632 883/1599/661
f 856/1571/634 885/1600/663 884/1601/662 857/1572/635
f 887/1606/665 894/1607/670 895/1608/671 886/1609/664
f 889/1610/667 887/1611/665 886/1612/664 888/1613/666
f 900/1614/673 892/1615/669 893/1616/666 901/1617/672
f 896/1618/672 895/1619/671 894/1620/670 897/1621/673
f 892/1622/669 891/1623/665 890/1624/668 893/1625/666
f 897/1626/673 889/1627/667 888/1628/666 896/1629/672
f 915/1630/682 916/1631/686 917/1632/687 914/1633/685
f 911/1634/682 912/1635/683 913/1636/684 910/1637/681
f 914/1638/685 906/1639/678 907/1640/679 915/1641/682
f 906/1642/678 908/1643/680 909/1644/677 907/1645/679
f 908/1646/680 917/1647/687 916/1648/686 909/1649/677
f 910/1650/681 902/1651/674 903/1652/675 911/1653/682
f 902/1654/674 904/1655/676 905/1656/677 903/1657/675
f 904/1658/676 913/1659/684 912/1660/683 905/1661/677
f 828/1662/616 855/1566/633 882/1598/660
f 883/1663/661 854/1664/632 830/1529/618 853/1528/630
f 828/1662/616 858/1567/636 855/1566/633
f 854/1665/632 859/1666/637 908/1643/680 830/1667/618
f 829/1668/617 885/1600/663 856/1571/634
f 829/1668/617 856/1571/634 861/1570/639
f 850/1531/630 833/1530/621 857/1669/635 884/1670/662
f 833/1671/621 902/1654/674 860/1672/638 857/1673/635
f 828/1662/616 862/1574/640 858/1567/636
f 859/1674/637 863/1675/641 917/1676/687 908/1677/680
f 829/1668/617 861/1570/639 865/1576/643
f 902/1678/674 910/1679/681 864/1680/642 860/1681/638
f 828/1662/616 866/1578/644 862/1574/640
f 863/1682/641 867/1683/645 837/1684/625 917/1632/687
f 829/1668/617 865/1576/643 869/1580/647
f 910/1685/681 834/1686/622 868/1687/646 864/1688/642
f 828/1662/616 870/1582/648 866/1578/644
f 867/1689/645 871/1690/649 841/1561/626 837/1560/625
f 829/1668/617 869/1580/647 873/1584/651
f 834/1563/622 838/1562/626 872/1691/650 868/1692/646
f 828/1662/616 874/1586/652 870/1582/648
f 871/1693/649 875/1694/653 845/1553/627 841/1552/626
f 829/1668/617 873/1584/651 877/1588/655
f 838/1555/626 842/1554/627 876/1695/654 872/1696/650
f 828/1662/616 878/1590/656 874/1586/652
f 875/1697/653 879/1698/657 849/1545/629 845/1544/627
f 829/1668/617 877/1588/655 881/1592/659
f 842/1547/627 846/1546/629 880/1699/658 876/1700/654
f 828/1662/616 882/1598/660 878/1590/656
f 879/1701/657 883/1702/661 853/1537/630 849/1536/629
f 829/1668/617 881/1592/659 885/1600/663
f 846/1539/629 850/1538/630 884/1703/662 880/1704/658
f 896/1705/672 888/1706/666 886/1707/664 895/1708/671
f 903/1657/675 905/1656/677 887/1611/665 889/1610/667
f 905/1661/677 912/1660/683 894/1607/670 887/1606/665
f 911/1653/682 903/1652/675 889/1627/667 897/1626/673
f 901/1602/672 893/1709/666 890/1710/668 898/1603/671
f 909/1649/677 916/1648/686 899/1595/670 891/1594/665
f 907/1645/679 909/1644/677 891/1623/665 892/1622/669
f 915/1641/682 907/1640/679 892/1615/669 900/1614/673
f 912/1635/683 911/1634/682 897/1621/673 894/1620/670
f 916/1711/686 915/1712/682 900/1713/673 899/1621/670
f 902/1654/674 833/1671/621 832/1714/620 904/1655/676
f 831/1715/619 906/1642/678 904/1655/676 832/1714/620
f 906/1716/678 914/1717/685 913/1718/684 904/1719/676
f 906/1642/678 831/1715/619 830/1667/618 908/1643/680
f 834/1686/622 910/1685/681 913/1720/684 835/1721/623
f 914/1633/685 836/1722/624 835/1721/623 913/1720/684
f 836/1722/624 914/1633/685 917/1632/687 837/1684/625
o lo.80s_signaltower__radio_circle.004
v 10.004334 9.662107 17.893093
v 9.994046 9.603189 17.835079
v 9.987441 9.528947 17.797831
v 9.985165 9.446649 17.784996
v 9.987441 9.364350 17.797831
v 9.994046 9.290109 17.835079
v 10.004334 9.231190 17.893093
v 10.017298 9.193361 17.966194
v 10.031668 9.180326 18.047228
v 10.046038 9.193361 18.128262
v 10.059001 9.231190 18.201363
v 10.069289 9.290109 18.259377
v 10.075894 9.364350 18.296625
v 10.078171 9.446649 18.309460
v 10.075894 9.528947 18.296625
v 10.069289 9.603189 18.259377
v 10.059001 9.662107 18.201363
v 10.046038 9.699936 18.128262
v 10.031668 9.712971 18.047228
v 10.017298 9.699936 17.966194
v 10.369445 9.699936 18.070910
v 10.382408 9.662107 18.144012
v 10.392696 9.603189 18.202024
v 10.399302 9.528947 18.239271
v 10.401578 9.446649 18.252108
v 10.399302 9.364350 18.239271
v 10.392696 9.290109 18.202024
v 10.382408 9.231190 18.144012
v 10.369445 9.193361 18.070910
v 10.355074 9.180326 17.989876
v 10.340704 9.193361 17.908842
v 10.327742 9.231190 17.835741
v 10.317453 9.290109 17.777727
v 10.310848 9.364350 17.740480
v 10.308571 9.446649 17.727644
v 10.310848 9.528947 17.740480
v 10.317453 9.603189 17.777727
v 10.327742 9.662107 17.835741
v 10.340704 9.699936 17.908842
v 10.355074 9.712971 17.989876
v 10.031668 9.947842 18.047228
v 10.056662 9.922141 18.042795
v 10.330080 9.922141 17.994308
v 10.355074 9.896441 17.989876
v 10.031005 9.898869 17.898115
v 10.004624 9.923311 17.894730
v 10.330805 9.874426 17.853018
v 10.304424 9.898869 17.849630
v 10.007860 9.831330 17.767601
v 9.980228 9.852122 17.757160
v 10.308910 9.810538 17.729555
v 10.281279 9.831330 17.719114
v 9.989491 9.726136 17.664022
v 9.960867 9.741242 17.647982
v 10.291535 9.711030 17.631577
v 10.262911 9.726136 17.615536
v 9.977699 9.593584 17.597521
v 9.948438 9.601526 17.577887
v 10.280380 9.585642 17.568670
v 10.251119 9.593584 17.549036
v 9.973636 9.446649 17.574608
v 9.944155 9.446649 17.553736
v 10.276536 9.446649 17.546993
v 10.247055 9.446649 17.526121
v 9.977699 9.299713 17.597521
v 9.948438 9.291771 17.577887
v 10.280380 9.307655 17.568670
v 10.251119 9.299713 17.549036
v 9.989491 9.167161 17.664022
v 9.960867 9.152055 17.647982
v 10.291535 9.182267 17.631577
v 10.262911 9.167161 17.615536
v 10.007860 9.061967 17.767601
v 9.980228 9.041175 17.757160
v 10.308910 9.082759 17.729555
v 10.281279 9.061967 17.719114
v 10.031005 8.994429 17.898115
v 10.004624 8.969986 17.894730
v 10.330805 9.018871 17.853018
v 10.304424 8.994429 17.849630
v 10.056662 8.971156 18.042795
v 10.031668 8.945456 18.047228
v 10.355074 8.996857 17.989876
v 10.330080 8.971156 17.994308
v 10.082318 8.994429 18.187473
v 10.058710 8.969986 18.199724
v 10.379345 9.018871 18.126734
v 10.355738 8.994429 18.138987
v 10.105463 9.061967 18.317987
v 10.083107 9.041176 18.337296
v 10.401238 9.082759 18.250196
v 10.378882 9.061967 18.269503
v 10.123831 9.167161 18.421566
v 10.102468 9.152055 18.446472
v 10.418614 9.182267 18.348175
v 10.397251 9.167161 18.373081
v 10.135624 9.299713 18.488070
v 10.114899 9.291771 18.516569
v 10.429770 9.307655 18.411083
v 10.409044 9.299713 18.439583
v 10.139687 9.446649 18.510983
v 10.119181 9.446649 18.540720
v 10.433614 9.446649 18.432760
v 10.413107 9.446649 18.462498
v 10.135624 9.593584 18.488070
v 10.114899 9.601526 18.516569
v 10.429770 9.585642 18.411083
v 10.409044 9.593584 18.439583
v 10.123831 9.726136 18.421566
v 10.102468 9.741242 18.446472
v 10.418614 9.711030 18.348175
v 10.397251 9.726136 18.373081
v 10.105463 9.831330 18.317987
v 10.083107 9.852121 18.337296
v 10.401238 9.810538 18.250196
v 10.378882 9.831330 18.269503
v 10.082318 9.898869 18.187473
v 10.058710 9.923311 18.199724
v 10.379345 9.874426 18.126734
v 10.355738 9.898869 18.138987
v 10.006674 9.973543 18.051661
v 10.031668 9.947843 18.047228
v 10.004624 9.923312 17.894728
v 9.978244 9.947755 17.891342
v 9.980228 9.852123 17.757158
v 9.952597 9.872915 17.746717
v 9.960867 9.741243 17.647982
v 9.932242 9.756350 17.631941
v 9.948437 9.601526 17.577885
v 9.919175 9.609468 17.558250
v 9.944154 9.446649 17.553732
v 9.914673 9.446649 17.532860
v 9.948437 9.291771 17.577885
v 9.919175 9.283829 17.558250
v 9.960867 9.152054 17.647982
v 9.932242 9.136948 17.631941
v 9.980228 9.041174 17.757158
v 9.952597 9.020382 17.746717
v 10.004624 8.969985 17.894728
v 9.978244 8.945542 17.891342
v 10.031668 8.945455 18.047228
v 10.006674 8.919754 18.051661
v 10.058711 8.969985 18.199726
v 10.035103 8.945542 18.211977
v 10.083107 9.041174 18.337296
v 10.060751 9.020382 18.356604
v 10.102468 9.152054 18.446472
v 10.081104 9.136948 18.471378
v 10.114899 9.291771 18.516569
v 10.094172 9.283829 18.545069
v 10.119181 9.446649 18.540722
v 10.098675 9.446649 18.570459
v 10.114899 9.601526 18.516569
v 10.094172 9.609468 18.545069
v 10.102468 9.741243 18.446472
v 10.081104 9.756350 18.471378
v 10.083107 9.852123 18.337296
v 10.060751 9.872915 18.356604
v 10.058711 9.923312 18.199726
v 10.035103 9.947755 18.211977
v 10.017131 9.702875 17.965254
v 9.990749 9.727317 17.961864
v 9.976385 9.685399 17.880861
v 10.004017 9.664608 17.891304
v 9.964985 9.620111 17.816578
v 9.993609 9.605004 17.832619
v 9.957666 9.537844 17.775305
v 9.986928 9.529902 17.794939
v 9.955144 9.446649 17.761082
v 9.984625 9.446649 17.781956
v 9.957666 9.355453 17.775305
v 9.986928 9.363396 17.794939
v 9.964985 9.273186 17.816578
v 9.993609 9.288293 17.832619
v 9.976385 9.207898 17.880861
v 10.004017 9.228689 17.891304
v 9.990749 9.165980 17.961864
v 10.017131 9.190422 17.965254
v 10.006674 9.151536 18.051661
v 10.031668 9.177236 18.047228
v 10.022598 9.165980 18.141455
v 10.046205 9.190422 18.129202
v 10.036963 9.207898 18.222458
v 10.059319 9.228690 18.203152
v 10.048363 9.273186 18.286743
v 10.069726 9.288292 18.261839
v 10.055681 9.355453 18.328016
v 10.076407 9.363396 18.299517
v 10.058203 9.446649 18.342239
v 10.078710 9.446649 18.312502
v 10.055681 9.537844 18.328016
v 10.076407 9.529902 18.299517
v 10.048363 9.620111 18.286743
v 10.069726 9.605004 18.261837
v 10.036963 9.685399 18.222458
v 10.059319 9.664607 18.203152
v 10.022598 9.727317 18.141455
v 10.046205 9.702875 18.129202
v 10.006674 9.741761 18.051661
v 10.031668 9.716062 18.047228
v 9.957575 9.947843 18.060368
v 9.982569 9.973543 18.055935
v 9.954139 9.947755 17.895617
v 9.930532 9.923312 17.907869
v 9.928492 9.872915 17.750990
v 9.906136 9.852123 17.770296
v 9.908138 9.756350 17.636215
v 9.886775 9.741243 17.661121
v 9.895070 9.609468 17.562525
v 9.874344 9.601526 17.591024
v 9.890567 9.446649 17.537132
v 9.870061 9.446649 17.566870
v 9.895070 9.283829 17.562525
v 9.874344 9.291771 17.591024
v 9.908138 9.136948 17.636215
v 9.886775 9.152054 17.661121
v 9.928492 9.020382 17.750990
v 9.906136 9.041174 17.770296
v 9.954139 8.945542 17.895617
v 9.930532 8.969985 17.907869
v 9.982569 8.919754 18.055935
v 9.957575 8.945455 18.060368
v 10.010998 8.945542 18.216251
v 9.984617 8.969985 18.212864
v 10.036645 9.020382 18.360876
v 10.009013 9.041174 18.350435
v 10.056999 9.136948 18.475651
v 10.028375 9.152054 18.459612
v 10.070068 9.283829 18.549343
v 10.040807 9.291771 18.529709
v 10.074570 9.446649 18.574734
v 10.045088 9.446649 18.553862
v 10.070068 9.609468 18.549343
v 10.040807 9.601526 18.529709
v 10.056999 9.756350 18.475651
v 10.028375 9.741243 18.459612
v 10.036645 9.872915 18.360876
v 10.009013 9.852123 18.350435
v 10.010998 9.947755 18.216251
v 9.984617 9.923312 18.212864
v 9.966645 9.727317 17.966139
v 9.940265 9.751760 17.962751
v 9.924648 9.706191 17.874695
v 9.952280 9.685399 17.885136
v 9.912255 9.635217 17.804810
v 9.940880 9.620111 17.820850
v 9.904300 9.545786 17.759943
v 9.933561 9.537844 17.779577
v 9.901557 9.446649 17.744482
v 9.931039 9.446649 17.765354
v 9.904300 9.347511 17.759943
v 9.933561 9.355453 17.779577
v 9.912255 9.258080 17.804810
v 9.940880 9.273186 17.820850
v 9.924648 9.187106 17.874695
v 9.952280 9.207898 17.885136
v 9.940265 9.141538 17.962751
v 9.966645 9.165980 17.966139
v 9.957575 9.125835 18.060368
v 9.982569 9.151536 18.055935
v 9.974885 9.141538 18.157980
v 9.998492 9.165980 18.145727
v 9.990500 9.187106 18.246037
v 10.012856 9.207898 18.226730
v 10.002894 9.258080 18.315924
v 10.024258 9.273186 18.291018
v 10.010850 9.347511 18.360790
v 10.031576 9.355453 18.332291
v 10.013592 9.446649 18.376249
v 10.034098 9.446649 18.346512
v 10.010850 9.545786 18.360790
v 10.031576 9.537844 18.332291
v 10.002894 9.635217 18.315922
v 10.024258 9.620111 18.291018
v 9.990500 9.706191 18.246037
v 10.012856 9.685399 18.226730
v 9.974885 9.751760 18.157980
v 9.998492 9.727317 18.145727
v 9.957575 9.767462 18.060368
v 9.982569 9.741761 18.055935
vn -0.9846 -0.0000 0.1746
vn -0.9846 -0.0000 0.1747
vn -0.9847 -0.0000 0.1744
vn -0.9846 -0.0000 0.1748
vn -0.9846 0.0001 0.1747
vn -0.9846 -0.0001 0.1746
vn -0.9846 -0.0001 0.1747
vn -0.9846 0.0001 0.1746
vn 0.9846 -0.0000 -0.1746
vn 0.0853 0.9962 -0.0152
vn 0.0315 0.9475 -0.3182
vn 0.6627 0.6683 -0.3380
vn 0.7006 0.7027 -0.1242
vn 0.0274 0.9478 -0.3176
vn 0.0812 0.9966 -0.0144
vn 0.9735 0.1497 -0.1726
vn 0.9655 0.1424 -0.2182
vn -0.0170 0.8060 -0.5917
vn 0.6284 0.5685 -0.5309
vn -0.0211 0.8063 -0.5912
vn 0.9582 0.1211 -0.2593
vn -0.0555 0.5856 -0.8087
vn 0.6013 0.4130 -0.6840
vn -0.0596 0.5858 -0.8083
vn 0.9524 0.0880 -0.2919
vn -0.0802 0.3079 -0.9481
vn 0.5839 0.2171 -0.7823
vn -0.0843 0.3080 -0.9477
vn 0.9487 0.0462 -0.3128
vn -0.0887 -0.0000 -0.9961
vn 0.5779 -0.0000 -0.8161
vn -0.0928 -0.0000 -0.9957
vn 0.9474 -0.0000 -0.3201
vn -0.0802 -0.3079 -0.9481
vn 0.5839 -0.2171 -0.7823
vn -0.0843 -0.3080 -0.9477
vn 0.9487 -0.0463 -0.3128
vn -0.0555 -0.5856 -0.8087
vn 0.6013 -0.4130 -0.6840
vn -0.0596 -0.5858 -0.8083
vn 0.9524 -0.0880 -0.2919
vn -0.0170 -0.8060 -0.5917
vn 0.6284 -0.5685 -0.5310
vn -0.0211 -0.8063 -0.5912
vn 0.9582 -0.1212 -0.2592
vn 0.0315 -0.9475 -0.3182
vn 0.6627 -0.6683 -0.3381
vn 0.0274 -0.9478 -0.3176
vn 0.9655 -0.1424 -0.2182
vn 0.0853 -0.9962 -0.0151
vn 0.7006 -0.7027 -0.1242
vn 0.0812 -0.9966 -0.0144
vn 0.9735 -0.1497 -0.1726
vn 0.1390 -0.9475 0.2880
vn 0.7385 -0.6683 0.0896
vn 0.1350 -0.9478 0.2888
vn 0.9816 -0.1424 -0.1271
vn 0.1875 -0.8060 0.5615
vn 0.7727 -0.5685 0.2825
vn 0.1835 -0.8063 0.5624
vn 0.9889 -0.1211 -0.0860
vn 0.2260 -0.5856 0.7785
vn 0.7998 -0.4131 0.4355
vn 0.2220 -0.5858 0.7795
vn 0.9947 -0.0880 -0.0534
vn 0.2507 -0.3079 0.9178
vn 0.8173 -0.2171 0.5338
vn 0.2467 -0.3080 0.9189
vn 0.9984 -0.0464 -0.0325
vn 0.2592 -0.0000 0.9658
vn 0.8233 -0.0000 0.5676
vn 0.2552 -0.0000 0.9669
vn 0.9997 -0.0000 -0.0252
vn 0.2507 0.3079 0.9178
vn 0.8173 0.2172 0.5338
vn 0.2467 0.3080 0.9189
vn 0.9984 0.0463 -0.0325
vn 0.2260 0.5856 0.7785
vn 0.7998 0.4130 0.4356
vn 0.2220 0.5858 0.7795
vn 0.9947 0.0880 -0.0534
vn 0.1875 0.8060 0.5615
vn 0.7727 0.5684 0.2825
vn 0.1835 0.8063 0.5624
vn 0.9889 0.1210 -0.0859
vn 0.1390 0.9475 0.2880
vn 0.7385 0.6683 0.0895
vn 0.1350 0.9478 0.2888
vn 0.9816 0.1423 -0.1270
vn 0.7006 0.7026 -0.1242
vn 0.6627 0.6683 -0.3381
vn 0.3987 0.8475 -0.3504
vn 0.4467 0.8911 -0.0792
vn 0.6293 0.5723 -0.5258
vn 0.3553 0.7210 -0.5950
vn 0.3209 0.5238 -0.7891
vn 0.2988 0.2754 -0.9137
vn 0.2911 -0.0000 -0.9567
vn 0.2988 -0.2754 -0.9137
vn 0.3209 -0.5238 -0.7891
vn 0.6293 -0.5723 -0.5258
vn 0.3553 -0.7210 -0.5950
vn 0.6627 -0.6683 -0.3380
vn 0.3987 -0.8475 -0.3504
vn 0.7006 -0.7027 -0.1243
vn 0.4467 -0.8912 -0.0792
vn 0.7385 -0.6683 0.0895
vn 0.4948 -0.8475 0.1919
vn 0.7727 -0.5685 0.2824
vn 0.5382 -0.7210 0.4366
vn 0.5726 -0.5238 0.6307
vn 0.5947 -0.2754 0.7553
vn 0.6023 -0.0000 0.7982
vn 0.8172 0.2172 0.5338
vn 0.5947 0.2754 0.7553
vn 0.7998 0.4131 0.4356
vn 0.5726 0.5238 0.6307
vn 0.7727 0.5685 0.2825
vn 0.5382 0.7210 0.4366
vn 0.4948 0.8475 0.1919
vn -0.3950 -0.8493 0.3503
vn -0.3516 -0.7224 0.5954
vn -0.6687 -0.5367 0.5146
vn -0.7010 -0.6309 0.3325
vn -0.3171 -0.5248 0.7899
vn -0.6431 -0.3899 0.6591
vn -0.2950 -0.2760 0.9148
vn -0.6266 -0.2050 0.7519
vn -0.2873 -0.0000 0.9578
vn -0.6210 -0.0000 0.7838
vn -0.2950 0.2759 0.9148
vn -0.6266 0.2050 0.7519
vn -0.3171 0.5248 0.7899
vn -0.6431 0.3899 0.6591
vn -0.3516 0.7224 0.5954
vn -0.6687 0.5367 0.5146
vn -0.3950 0.8493 0.3503
vn -0.7010 0.6309 0.3325
vn -0.4432 0.8930 0.0786
vn -0.7368 0.6634 0.1307
vn -0.4914 0.8493 -0.1931
vn -0.7726 0.6309 -0.0712
vn -0.5348 0.7224 -0.4382
vn -0.8049 0.5366 -0.2533
vn -0.5693 0.5249 -0.6327
vn -0.8305 0.3899 -0.3978
vn -0.5915 0.2759 -0.7576
vn -0.8470 0.2050 -0.4905
vn -0.5991 -0.0000 -0.8006
vn -0.8526 -0.0000 -0.5225
vn -0.5915 -0.2759 -0.7576
vn -0.8470 -0.2050 -0.4905
vn -0.5694 -0.5249 -0.6327
vn -0.8305 -0.3899 -0.3977
vn -0.5348 -0.7224 -0.4382
vn -0.8049 -0.5366 -0.2533
vn -0.4914 -0.8493 -0.1931
vn -0.7726 -0.6309 -0.0712
vn -0.4432 -0.8930 0.0786
vn -0.7368 -0.6633 0.1306
vn -0.4467 0.8912 0.0792
vn -0.4948 0.8475 -0.1919
vn -0.9818 0.1406 0.1277
vn -0.9738 0.1478 0.1727
vn -0.5382 0.7210 -0.4365
vn -0.9890 0.1196 0.0871
vn -0.5726 0.5238 -0.6307
vn -0.9947 0.0869 0.0550
vn -0.5947 0.2754 -0.7553
vn -0.9984 0.0457 0.0343
vn -0.6023 -0.0000 -0.7983
vn -0.9996 -0.0000 0.0272
vn -0.5947 -0.2754 -0.7553
vn -0.9984 -0.0457 0.0343
vn -0.5726 -0.5238 -0.6307
vn -0.9947 -0.0869 0.0550
vn -0.5382 -0.7210 -0.4365
vn -0.9890 -0.1196 0.0872
vn -0.4948 -0.8475 -0.1919
vn -0.9818 -0.1406 0.1277
vn -0.4467 -0.8911 0.0792
vn -0.9738 -0.1478 0.1727
vn -0.3987 -0.8475 0.3504
vn -0.9658 -0.1406 0.2177
vn -0.3553 -0.7210 0.5950
vn -0.9587 -0.1195 0.2582
vn -0.3209 -0.5238 0.7891
vn -0.9530 -0.0869 0.2904
vn -0.2987 -0.2754 0.9137
vn -0.9493 -0.0457 0.3111
vn -0.2911 -0.0000 0.9567
vn -0.9480 -0.0000 0.3182
vn -0.2987 0.2754 0.9137
vn -0.9493 0.0457 0.3111
vn -0.3209 0.5238 0.7891
vn -0.9530 0.0868 0.2904
vn -0.3553 0.7210 0.5950
vn -0.9587 0.1195 0.2582
vn -0.3987 0.8475 0.3504
vn -0.9658 0.1406 0.2177
vn -0.9751 -0.0902 0.2027
vn -0.9705 -0.0768 0.2287
vn -0.3677 -0.7159 0.5935
vn -0.4107 -0.8417 0.3506
vn -0.9668 -0.0558 0.2494
vn -0.3335 -0.5202 0.7863
vn -0.9644 -0.0293 0.2627
vn -0.3115 -0.2735 0.9100
vn -0.9636 -0.0001 0.2672
vn -0.3040 -0.0000 0.9527
vn -0.9644 0.0294 0.2626
vn -0.3115 0.2735 0.9100
vn -0.9668 0.0557 0.2494
vn -0.3335 0.5202 0.7863
vn -0.9705 0.0767 0.2288
vn -0.3677 0.7160 0.5935
vn -0.9751 0.0903 0.2026
vn -0.4108 0.8416 0.3506
vn -0.9802 0.0949 0.1738
vn -0.4585 0.8850 0.0813
vn -0.9853 0.0903 0.1450
vn -0.5062 0.8417 -0.1880
vn -0.9899 0.0768 0.1189
vn -0.5493 0.7160 -0.4309
vn -0.9936 0.0558 0.0982
vn -0.5835 0.5202 -0.6236
vn -0.9959 0.0293 0.0850
vn -0.6055 0.2735 -0.7474
vn -0.9968 -0.0000 0.0804
vn -0.6130 -0.0000 -0.7901
vn -0.9960 -0.0293 0.0850
vn -0.6054 -0.2735 -0.7474
vn -0.9936 -0.0557 0.0982
vn -0.5835 -0.5202 -0.6237
vn -0.9899 -0.0767 0.1189
vn -0.5493 -0.7160 -0.4309
vn -0.9853 -0.0903 0.1449
vn -0.5062 -0.8417 -0.1880
vn -0.9802 -0.0949 0.1738
vn -0.4585 -0.8850 0.0813
vt 0.269436 0.586620
vt 0.261157 0.598016
vt 0.249762 0.606296
vt 0.236365 0.610649
vt 0.222280 0.610649
vt 0.208884 0.606296
vt 0.197488 0.598016
vt 0.189209 0.586621
vt 0.184856 0.573225
vt 0.184856 0.559139
vt 0.189208 0.545743
vt 0.197488 0.534348
vt 0.208883 0.526068
vt 0.222279 0.521715
vt 0.236365 0.521715
vt 0.249761 0.526068
vt 0.261157 0.534347
vt 0.269436 0.545743
vt 0.273789 0.559139
vt 0.273789 0.573224
vt 0.145124 0.251762
vt 0.145124 0.265848
vt 0.140772 0.279244
vt 0.132492 0.290640
vt 0.121097 0.298919
vt 0.107701 0.303272
vt 0.093615 0.303272
vt 0.080219 0.298919
vt 0.068823 0.290640
vt 0.060544 0.279244
vt 0.056191 0.265848
vt 0.056191 0.251762
vt 0.060544 0.238366
vt 0.068823 0.226971
vt 0.080219 0.218691
vt 0.093615 0.214339
vt 0.107701 0.214339
vt 0.121097 0.218691
vt 0.132492 0.226970
vt 0.140772 0.238366
vt 0.188631 0.078867
vt 0.180860 0.054949
vt 0.184731 0.052977
vt 0.192922 0.078187
vt 0.157495 0.201968
vt 0.172277 0.222313
vt 0.168406 0.224286
vt 0.154423 0.205040
vt 0.166078 0.034603
vt 0.169150 0.031532
vt 0.137150 0.187185
vt 0.135177 0.191056
vt 0.145732 0.019822
vt 0.147705 0.015950
vt 0.113232 0.179414
vt 0.112553 0.183706
vt 0.121815 0.012050
vt 0.122494 0.007759
vt 0.088084 0.179414
vt 0.088763 0.183706
vt 0.096666 0.012051
vt 0.095986 0.007760
vt 0.064166 0.187186
vt 0.066138 0.191057
vt 0.184340 0.615455
vt 0.184340 0.635801
vt 0.180049 0.635801
vt 0.180049 0.615455
vt 0.231282 0.635801
vt 0.231281 0.615455
vt 0.235573 0.616005
vt 0.235573 0.635849
vt 0.184340 0.659719
vt 0.180049 0.659719
vt 0.231281 0.659718
vt 0.235572 0.659735
vt 0.184340 0.684867
vt 0.180049 0.684867
vt 0.231281 0.684867
vt 0.235572 0.684850
vt 0.184340 0.708785
vt 0.180049 0.708785
vt 0.231282 0.708785
vt 0.235573 0.708736
vt 0.184340 0.729130
vt 0.180049 0.729130
vt 0.231281 0.729130
vt 0.235572 0.728580
vt 0.175758 0.466653
vt 0.175758 0.451871
vt 0.180048 0.451871
vt 0.180049 0.466653
vt 0.128816 0.451871
vt 0.128816 0.466653
vt 0.124525 0.466254
vt 0.124525 0.451796
vt 0.175757 0.431526
vt 0.180048 0.431526
vt 0.128816 0.431525
vt 0.124524 0.431477
vt 0.175757 0.407608
vt 0.180048 0.407608
vt 0.128815 0.407608
vt 0.124524 0.407591
vt 0.175758 0.382459
vt 0.180049 0.382459
vt 0.128815 0.382459
vt 0.124524 0.382476
vt 0.175758 0.358542
vt 0.180049 0.358542
vt 0.128816 0.358542
vt 0.124525 0.358590
vt 0.175758 0.338196
vt 0.180049 0.338196
vt 0.128815 0.338196
vt 0.124525 0.338746
vt 0.675060 0.720437
vt 0.675060 0.700091
vt 0.679351 0.700091
vt 0.679351 0.720437
vt 0.628118 0.700091
vt 0.628118 0.720437
vt 0.623827 0.719887
vt 0.623827 0.700043
vt 0.675060 0.676173
vt 0.679351 0.676173
vt 0.628118 0.676173
vt 0.623827 0.676157
vt 0.675060 0.651025
vt 0.679351 0.651025
vt 0.628118 0.651025
vt 0.623827 0.651041
vt 0.675060 0.627107
vt 0.679351 0.627107
vt 0.628118 0.627107
vt 0.623827 0.627754
vt 0.770165 0.777534
vt 0.770165 0.799579
vt 0.765874 0.799530
vt 0.765874 0.776985
vt 0.770165 0.826050
vt 0.765874 0.826033
vt 0.770165 0.853884
vt 0.765874 0.853901
vt 0.770165 0.880356
vt 0.765874 0.880404
vt 0.770165 0.902399
vt 0.765874 0.902949
vt 0.095986 0.007759
vt 0.070776 0.015950
vt 0.068803 0.012079
vt 0.095307 0.003468
vt 0.049331 0.031531
vt 0.046258 0.028459
vt 0.033750 0.052977
vt 0.029879 0.051004
vt 0.025558 0.078187
vt 0.021267 0.077507
vt 0.025558 0.104695
vt 0.021267 0.105375
vt 0.033750 0.129906
vt 0.029879 0.131878
vt 0.049331 0.151351
vt 0.046259 0.154423
vt 0.070776 0.166932
vt 0.068803 0.170803
vt 0.095986 0.175123
vt 0.095307 0.179414
vt 0.122494 0.175123
vt 0.123174 0.179414
vt 0.147705 0.166932
vt 0.149677 0.170803
vt 0.169150 0.151351
vt 0.172222 0.154423
vt 0.184731 0.129906
vt 0.188602 0.131878
vt 0.192922 0.104695
vt 0.197213 0.105375
vt 0.192922 0.078187
vt 0.197214 0.077508
vt 0.278596 0.573986
vt 0.273773 0.588830
vt 0.269902 0.586858
vt 0.274305 0.573306
vt 0.264598 0.601457
vt 0.261526 0.598385
vt 0.251971 0.610632
vt 0.249999 0.606761
vt 0.237127 0.615455
vt 0.236447 0.611165
vt 0.221518 0.615455
vt 0.222198 0.611164
vt 0.206674 0.610632
vt 0.208647 0.606761
vt 0.194047 0.601458
vt 0.197119 0.598386
vt 0.184872 0.588831
vt 0.188743 0.586858
vt 0.180049 0.573986
vt 0.184340 0.573307
vt 0.180049 0.558378
vt 0.184340 0.559058
vt 0.184872 0.543534
vt 0.188743 0.545506
vt 0.194046 0.530906
vt 0.197118 0.533978
vt 0.206673 0.521732
vt 0.208646 0.525603
vt 0.221518 0.516908
vt 0.222197 0.521199
vt 0.237126 0.516908
vt 0.236447 0.521200
vt 0.251970 0.521731
vt 0.249998 0.525603
vt 0.264598 0.530906
vt 0.261526 0.533977
vt 0.273772 0.543533
vt 0.269902 0.545506
vt 0.278596 0.558377
vt 0.274305 0.559057
vt 0.761736 0.776985
vt 0.761736 0.799531
vt 0.757445 0.799579
vt 0.757445 0.777535
vt 0.761736 0.826034
vt 0.757445 0.826050
vt 0.761736 0.853901
vt 0.757445 0.853884
vt 0.761736 0.880404
vt 0.757445 0.880356
vt 0.761736 0.902949
vt 0.757445 0.902399
vt 0.779502 0.776985
vt 0.779502 0.799530
vt 0.775211 0.799578
vt 0.775211 0.777535
vt 0.779502 0.826033
vt 0.775211 0.826050
vt 0.779502 0.853900
vt 0.775211 0.853884
vt 0.779502 0.880404
vt 0.775211 0.880355
vt 0.779502 0.902949
vt 0.775211 0.902399
vt 0.904789 0.145812
vt 0.904789 0.129432
vt 0.909080 0.129357
vt 0.909080 0.145412
vt 0.904789 0.106887
vt 0.909080 0.106839
vt 0.904789 0.080384
vt 0.909080 0.080367
vt 0.904789 0.052517
vt 0.909080 0.052533
vt 0.904789 0.026014
vt 0.909080 0.026062
vt 0.904789 0.003468
vt 0.909080 0.004018
vt 0.917510 0.242638
vt 0.917510 0.220092
vt 0.921801 0.220044
vt 0.921801 0.242088
vt 0.917510 0.193589
vt 0.921801 0.193573
vt 0.917510 0.165722
vt 0.921801 0.165739
vt 0.917510 0.139219
vt 0.921800 0.139865
vt 0.909079 0.154986
vt 0.909080 0.167613
vt 0.904788 0.167613
vt 0.904788 0.154986
vt 0.909080 0.182458
vt 0.904789 0.182458
vt 0.909080 0.198066
vt 0.904788 0.198066
vt 0.909080 0.212911
vt 0.904788 0.212910
vt 0.909079 0.225538
vt 0.904788 0.225538
vt 0.317979 0.866972
vt 0.317979 0.879599
vt 0.313688 0.879599
vt 0.313688 0.866972
vt 0.317979 0.894443
vt 0.313688 0.894443
vt 0.317979 0.910052
vt 0.313688 0.910052
vt 0.317979 0.924896
vt 0.313688 0.924896
vt 0.825853 0.909628
vt 0.825853 0.897001
vt 0.830144 0.897001
vt 0.830144 0.909628
vt 0.825853 0.882157
vt 0.830144 0.882157
vt 0.825853 0.866548
vt 0.830144 0.866548
vt 0.825853 0.851704
vt 0.830144 0.851704
vt 0.825853 0.839077
vt 0.830144 0.839076
vt 0.246838 0.129789
vt 0.236865 0.116062
vt 0.240736 0.114090
vt 0.249910 0.126717
vt 0.231622 0.099925
vt 0.235913 0.099246
vt 0.231622 0.082957
vt 0.235913 0.083637
vt 0.236865 0.066820
vt 0.240736 0.068793
vt 0.246838 0.053093
vt 0.249910 0.056165
vt 0.909080 0.145812
vt 0.904788 0.145812
vt 0.184731 0.052977
vt 0.694927 0.599594
vt 0.741868 0.599594
vt 0.741869 0.619940
vt 0.694927 0.619940
vt 0.192922 0.104695
vt 0.175757 0.246911
vt 0.741868 0.643857
vt 0.694927 0.643857
vt 0.169150 0.031531
vt 0.741869 0.669006
vt 0.694927 0.669006
vt 0.147705 0.015950
vt 0.741869 0.692923
vt 0.694927 0.692923
vt 0.122494 0.007759
vt 0.741869 0.713269
vt 0.694927 0.713269
vt 0.070776 0.015950
vt 0.046892 0.205040
vt 0.049331 0.031531
vt 0.032909 0.224286
vt 0.033750 0.052977
vt 0.025558 0.246910
vt 0.025559 0.078187
vt 0.025558 0.270700
vt 0.025559 0.104695
vt 0.032910 0.293325
vt 0.033750 0.129906
vt 0.046893 0.312571
vt 0.049331 0.151351
vt 0.066138 0.326554
vt 0.070776 0.166932
vt 0.088763 0.333905
vt 0.095986 0.175123
vt 0.112553 0.333905
vt 0.122494 0.175123
vt 0.135178 0.326554
vt 0.147705 0.166932
vt 0.154423 0.312571
vt 0.169150 0.151351
vt 0.168406 0.293325
vt 0.184731 0.129906
vt 0.175758 0.270700
vt 0.913371 0.165722
vt 0.913371 0.139219
vt 0.783641 0.776985
vt 0.783640 0.799530
vt 0.783640 0.826033
vt 0.783641 0.853901
vt 0.783641 0.880404
vt 0.783641 0.902949
vt 0.900651 0.145812
vt 0.900650 0.129432
vt 0.900650 0.106887
vt 0.900650 0.080384
vt 0.900650 0.052517
vt 0.900650 0.026014
vt 0.900650 0.003468
vt 0.913371 0.242638
vt 0.913371 0.220093
vt 0.913371 0.193589
vt 0.900650 0.154986
vt 0.900650 0.145811
vt 0.900650 0.167613
vt 0.900650 0.182458
vt 0.900650 0.198066
vt 0.900650 0.212910
vt 0.900650 0.225538
vt 0.309550 0.879599
vt 0.309549 0.866972
vt 0.309549 0.894443
vt 0.309550 0.910052
vt 0.309550 0.924896
vt 0.834282 0.897001
vt 0.834282 0.909628
vt 0.834282 0.882157
vt 0.834282 0.866548
vt 0.834282 0.851704
vt 0.834282 0.839076
vt 0.107327 0.901517
vt 0.107327 0.914145
vt 0.103188 0.914145
vt 0.103188 0.901517
vt 0.107327 0.886673
vt 0.103188 0.886673
vt 0.107327 0.871064
vt 0.103188 0.871064
vt 0.107327 0.856220
vt 0.103188 0.856220
vt 0.107327 0.843593
vt 0.103188 0.843593
vt 0.209696 0.052977
vt 0.225276 0.031532
vt 0.260566 0.043120
vt 0.246722 0.015951
vt 0.276703 0.037877
vt 0.271933 0.007759
vt 0.293670 0.037876
vt 0.298440 0.007759
vt 0.309807 0.043120
vt 0.323651 0.015950
vt 0.323534 0.053093
vt 0.345096 0.031531
vt 0.333508 0.066820
vt 0.360677 0.052977
vt 0.338751 0.082957
vt 0.368868 0.078188
vt 0.338751 0.099925
vt 0.368869 0.104695
vt 0.333508 0.116062
vt 0.360677 0.129906
vt 0.323534 0.129789
vt 0.345096 0.151351
vt 0.309807 0.139762
vt 0.323651 0.166932
vt 0.293670 0.145006
vt 0.298440 0.175123
vt 0.276702 0.145006
vt 0.271933 0.175123
vt 0.260565 0.139762
vt 0.246722 0.166932
vt 0.225276 0.151351
vt 0.209696 0.129906
vt 0.201504 0.104695
vt 0.201504 0.078187
s 1
usemtl 80s_white_signal
f 918/1723/688 919/1724/689 920/1725/690 921/1726/691 922/1727/690 923/1728/689 924/1729/688 925/1730/692 926/1731/688 927/1732/693 928/1733/694 929/1734/693 930/1735/688 931/1736/688 932/1737/689 933/1738/689 934/1739/695 935/1740/695 936/1741/688 937/1742/693
f 938/1743/696 939/1744/696 940/1745/696 941/1746/696 942/1747/696 943/1748/696 944/1749/696 945/1750/696 946/1751/696 947/1752/696 948/1753/696 949/1754/696 950/1755/696 951/1756/696 952/1757/696 953/1758/696 954/1759/696 955/1760/696 956/1761/696 957/1762/696
f 959/1763/697 962/1764/698 963/1765/699 958/1766/700
f 965/1767/701 960/1768/702 961/1769/703 964/1770/704
f 962/1764/698 966/1771/705 967/1772/706 963/1765/699
f 969/1773/707 965/1767/701 964/1770/704 968/1774/708
f 966/1771/705 970/1775/709 971/1776/710 967/1772/706
f 973/1777/711 969/1773/707 968/1774/708 972/1778/712
f 970/1775/709 974/1779/713 975/1780/714 971/1776/710
f 977/1781/715 973/1777/711 972/1778/712 976/1782/716
f 974/1779/713 978/1783/717 979/1784/718 975/1780/714
f 981/1785/719 977/1781/715 976/1782/716 980/1786/720
f 978/1787/717 982/1788/721 983/1789/722 979/1790/718
f 985/1791/723 981/1792/719 980/1793/720 984/1794/724
f 982/1788/721 986/1795/725 987/1796/726 983/1789/722
f 989/1797/727 985/1791/723 984/1794/724 988/1798/728
f 986/1795/725 990/1799/729 991/1800/730 987/1796/726
f 993/1801/731 989/1797/727 988/1798/728 992/1802/732
f 990/1799/729 994/1803/733 995/1804/734 991/1800/730
f 997/1805/735 993/1801/731 992/1802/732 996/1806/736
f 994/1803/733 998/1807/737 999/1808/738 995/1804/734
f 1001/1809/739 997/1805/735 996/1806/736 1000/1810/740
f 998/1811/737 1002/1812/741 1003/1813/742 999/1814/738
f 1005/1815/743 1001/1816/739 1000/1817/740 1004/1818/744
f 1002/1812/741 1006/1819/745 1007/1820/746 1003/1813/742
f 1009/1821/747 1005/1815/743 1004/1818/744 1008/1822/748
f 1006/1819/745 1010/1823/749 1011/1824/750 1007/1820/746
f 1013/1825/751 1009/1821/747 1008/1822/748 1012/1826/752
f 1010/1823/749 1014/1827/753 1015/1828/754 1011/1824/750
f 1017/1829/755 1013/1825/751 1012/1826/752 1016/1830/756
f 1014/1827/753 1018/1831/757 1019/1832/758 1015/1828/754
f 1021/1833/759 1017/1829/755 1016/1830/756 1020/1834/760
f 1018/1831/757 1022/1835/761 1023/1836/762 1019/1832/758
f 1025/1837/763 1021/1833/759 1020/1834/760 1024/1838/764
f 1022/1839/761 1026/1840/765 1027/1841/766 1023/1842/762
f 1029/1843/767 1025/1844/763 1024/1845/764 1028/1846/768
f 1026/1840/765 1030/1847/769 1031/1848/770 1027/1841/766
f 1033/1849/771 1029/1843/767 1028/1846/768 1032/1850/772
f 1030/1847/769 1034/1851/773 1035/1852/774 1031/1848/770
f 1037/1853/775 1033/1849/771 1032/1850/772 1036/1854/776
f 1034/1851/773 959/1855/697 958/1856/700 1035/1852/774
f 960/1857/702 1037/1853/775 1036/1854/776 961/1858/703
f 1039/1859/777 1040/1860/778 1041/1861/779 1038/1862/780
f 1040/1860/778 1042/1863/781 1043/1864/782 1041/1861/779
f 1042/1863/781 1044/1865/710 1045/1866/783 1043/1864/782
f 1044/1865/710 1046/1867/714 1047/1868/784 1045/1866/783
f 1046/1867/714 1048/1869/718 1049/1870/785 1047/1868/784
f 1048/1871/718 1050/1872/722 1051/1873/786 1049/1874/785
f 1050/1872/722 1052/1875/726 1053/1876/787 1051/1873/786
f 1052/1875/726 1054/1877/788 1055/1878/789 1053/1876/787
f 1054/1877/788 1056/1879/790 1057/1880/791 1055/1878/789
f 1056/1879/790 1058/1881/792 1059/1882/793 1057/1880/791
f 1058/1881/792 1060/1883/794 1061/1884/795 1059/1882/793
f 1060/1883/794 1062/1885/796 1063/1886/797 1061/1884/795
f 1062/1885/796 1064/1887/750 1065/1888/798 1063/1886/797
f 1064/1887/750 1066/1889/754 1067/1890/799 1065/1888/798
f 1066/1889/754 1068/1891/758 1069/1892/800 1067/1890/799
f 1068/1891/758 1070/1893/801 1071/1894/802 1069/1892/800
f 1070/1893/801 1072/1895/803 1073/1896/804 1071/1894/802
f 1072/1895/803 1074/1897/805 1075/1898/806 1073/1896/804
f 1074/1897/805 1076/1899/774 1077/1900/807 1075/1898/806
f 1076/1899/774 1039/1901/777 1038/1902/780 1077/1900/807
f 1079/1903/808 1080/1904/809 1081/1905/810 1078/1906/811
f 1080/1904/809 1082/1907/812 1083/1908/813 1081/1905/810
f 1082/1907/812 1084/1909/814 1085/1910/815 1083/1908/813
f 1084/1909/814 1086/1911/816 1087/1912/817 1085/1910/815
f 1086/1911/816 1088/1913/818 1089/1914/819 1087/1912/817
f 1088/1913/818 1090/1915/820 1091/1916/821 1089/1914/819
f 1090/1915/820 1092/1917/822 1093/1918/823 1091/1916/821
f 1092/1917/822 1094/1919/824 1095/1920/825 1093/1918/823
f 1094/1919/824 1096/1921/826 1097/1922/827 1095/1920/825
f 1096/1921/826 1098/1923/828 1099/1924/829 1097/1922/827
f 1098/1923/828 1100/1925/830 1101/1926/831 1099/1924/829
f 1100/1925/830 1102/1927/832 1103/1928/833 1101/1926/831
f 1102/1927/832 1104/1929/834 1105/1930/835 1103/1928/833
f 1104/1929/834 1106/1931/836 1107/1932/837 1105/1930/835
f 1106/1931/836 1108/1933/838 1109/1934/839 1107/1932/837
f 1108/1933/838 1110/1935/840 1111/1936/841 1109/1934/839
f 1110/1935/840 1112/1937/842 1113/1938/843 1111/1936/841
f 1112/1937/842 1114/1939/844 1115/1940/845 1113/1938/843
f 1114/1939/844 1116/1941/846 1117/1942/847 1115/1940/845
f 1116/1941/846 1079/1903/808 1078/1906/811 1117/1942/847
f 1119/1943/848 1120/1944/849 1121/1945/850 1118/1946/851
f 1120/1944/849 1122/1947/852 1123/1948/853 1121/1945/850
f 1122/1947/852 1124/1949/854 1125/1950/855 1123/1948/853
f 1124/1949/854 1126/1951/856 1127/1952/857 1125/1950/855
f 1126/1951/856 1128/1953/858 1129/1954/859 1127/1952/857
f 1128/1955/858 1130/1956/860 1131/1957/861 1129/1958/859
f 1130/1956/860 1132/1959/862 1133/1960/863 1131/1957/861
f 1132/1959/862 1134/1961/864 1135/1962/865 1133/1960/863
f 1134/1961/864 1136/1963/866 1137/1964/867 1135/1962/865
f 1136/1963/866 1138/1965/868 1139/1966/869 1137/1964/867
f 1138/1967/868 1140/1968/870 1141/1969/871 1139/1970/869
f 1140/1968/870 1142/1971/872 1143/1972/873 1141/1969/871
f 1142/1971/872 1144/1973/874 1145/1974/875 1143/1972/873
f 1144/1973/874 1146/1975/876 1147/1976/877 1145/1974/875
f 1146/1975/876 1148/1977/878 1149/1978/879 1147/1976/877
f 1148/1977/878 1150/1979/880 1151/1980/881 1149/1978/879
f 1150/1981/880 1152/1982/882 1153/1983/883 1151/1984/881
f 1152/1982/882 1154/1985/884 1155/1986/885 1153/1983/883
f 1154/1985/884 1156/1987/886 1157/1988/887 1155/1986/885
f 1156/1987/886 1119/1989/848 1118/1990/851 1157/1988/887
f 1159/1991/888 1160/1992/889 1161/1993/890 1158/1994/891
f 1160/1992/889 1162/1995/892 1163/1996/893 1161/1993/890
f 1162/1995/892 1164/1997/894 1165/1998/895 1163/1996/893
f 1164/1997/894 1166/1999/896 1167/2000/897 1165/1998/895
f 1166/1999/896 1168/2001/898 1169/2002/899 1167/2000/897
f 1168/2003/898 1170/2004/900 1171/2005/901 1169/2006/899
f 1170/2004/900 1172/2007/902 1173/2008/903 1171/2005/901
f 1172/2007/902 1174/2009/904 1175/2010/905 1173/2008/903
f 1174/2009/904 1176/2011/906 1177/2012/907 1175/2010/905
f 1176/2013/906 1178/2014/908 1179/2015/909 1177/2016/907
f 1178/2014/908 1180/2017/910 1181/2018/911 1179/2015/909
f 1180/2017/910 1182/2019/912 1183/2020/913 1181/2018/911
f 1182/2019/912 1184/2021/914 1185/2022/915 1183/2020/913
f 1184/2021/914 1186/2023/916 1187/2024/917 1185/2022/915
f 1186/2025/916 1188/2026/918 1189/2027/919 1187/2028/917
f 1188/2026/918 1190/2029/920 1191/2030/921 1189/2027/919
f 1190/2029/920 1192/2031/922 1193/2032/923 1191/2030/921
f 1192/2031/922 1194/2033/924 1195/2034/925 1193/2032/923
f 1194/2033/924 1196/2035/926 1197/2036/927 1195/2034/925
f 1196/2037/926 1159/1991/888 1158/1994/891 1197/2038/927
f 958/1766/700 963/1765/699 1040/2039/778 1039/1901/777
f 959/2040/697 960/2041/702 965/2042/701 962/2043/698
f 1034/1851/773 1037/1853/775 960/1857/702 959/1855/697
f 1035/2044/774 958/1766/700 1039/1901/777 1076/1899/774
f 957/1762/696 956/1761/696 964/1770/704 961/1769/703
f 938/1743/696 957/1762/696 961/1769/703 1036/2045/776
f 962/2043/698 965/2042/701 969/2046/707 966/2047/705
f 963/1765/699 967/1772/706 1042/2048/781 1040/2039/778
f 956/1761/696 955/1760/696 968/1774/708 964/1770/704
f 966/2047/705 969/2046/707 973/2049/711 970/2050/709
f 967/1772/706 971/1776/710 1044/2051/710 1042/2048/781
f 955/1760/696 954/1759/696 972/1778/712 968/1774/708
f 970/2050/709 973/2049/711 977/2052/715 974/2053/713
f 971/1776/710 975/1780/714 1046/2054/714 1044/2051/710
f 954/1759/696 953/1758/696 976/1782/716 972/1778/712
f 974/2053/713 977/2052/715 981/2055/719 978/2056/717
f 975/1780/714 979/1784/718 1048/1871/718 1046/2054/714
f 953/1758/696 952/1757/696 980/1786/720 976/1782/716
f 978/1787/717 981/1792/719 985/1791/723 982/1788/721
f 979/1784/718 983/2057/722 1050/1872/722 1048/1871/718
f 952/1757/696 951/1756/696 984/2058/724 980/1786/720
f 982/1788/721 985/1791/723 989/1797/727 986/1795/725
f 983/2057/722 987/2059/726 1052/1875/726 1050/1872/722
f 951/1756/696 950/1755/696 988/2060/728 984/2058/724
f 986/1795/725 989/1797/727 993/1801/731 990/1799/729
f 987/2059/726 991/2061/730 1054/1877/788 1052/1875/726
f 950/1755/696 949/1754/696 992/2062/732 988/2060/728
f 990/1799/729 993/1801/731 997/1805/735 994/1803/733
f 991/2061/730 995/2063/734 1056/1879/790 1054/1877/788
f 949/1754/696 948/1753/696 996/2064/736 992/2062/732
f 994/1803/733 997/1805/735 1001/1809/739 998/1807/737
f 995/2063/734 999/2065/738 1058/1881/792 1056/1879/790
f 948/1753/696 947/1752/696 1000/2066/740 996/2064/736
f 998/1811/737 1001/1816/739 1005/1815/743 1002/1812/741
f 999/2065/738 1003/2067/742 1060/1883/794 1058/1881/792
f 947/1752/696 946/1751/696 1004/2068/744 1000/2066/740
f 1002/1812/741 1005/1815/743 1009/1821/747 1006/1819/745
f 1003/2067/742 1007/2069/746 1062/1885/796 1060/1883/794
f 946/1751/696 945/1750/696 1008/2070/748 1004/2068/744
f 1006/1819/745 1009/1821/747 1013/1825/751 1010/1823/749
f 1007/2069/746 1011/2071/750 1064/1887/750 1062/1885/796
f 945/1750/696 944/1749/696 1012/2072/752 1008/2070/748
f 1010/1823/749 1013/1825/751 1017/1829/755 1014/1827/753
f 1011/2071/750 1015/2073/754 1066/1889/754 1064/1887/750
f 944/1749/696 943/1748/696 1016/2074/756 1012/2072/752
f 1014/1827/753 1017/1829/755 1021/1833/759 1018/1831/757
f 1015/2073/754 1019/2075/758 1068/1891/758 1066/1889/754
f 943/1748/696 942/1747/696 1020/2076/760 1016/2074/756
f 1018/1831/757 1021/1833/759 1025/1837/763 1022/1835/761
f 1019/2075/758 1023/2077/762 1070/1893/801 1068/1891/758
f 942/1747/696 941/1746/696 1024/2078/764 1020/2076/760
f 1022/1839/761 1025/1844/763 1029/1843/767 1026/1840/765
f 1023/2077/762 1027/2079/766 1072/1895/803 1070/1893/801
f 941/1746/696 940/1745/696 1028/2080/768 1024/2078/764
f 1026/1840/765 1029/1843/767 1033/1849/771 1030/1847/769
f 1027/2079/766 1031/2081/770 1074/1897/805 1072/1895/803
f 940/1745/696 939/1744/696 1032/2082/772 1028/2080/768
f 1030/1847/769 1033/1849/771 1037/1853/775 1034/1851/773
f 1031/2081/770 1035/2044/774 1076/1899/774 1074/1897/805
f 939/1744/696 938/1743/696 1036/2045/776 1032/2082/772
f 1038/1862/780 1041/1861/779 1120/1944/849 1119/1943/848
f 1077/2083/807 1038/2084/780 1119/1989/848 1156/1987/886
f 1041/1861/779 1043/1864/782 1122/1947/852 1120/1944/849
f 1043/1864/782 1045/1866/783 1124/1949/854 1122/1947/852
f 1045/1866/783 1047/1868/784 1126/1951/856 1124/1949/854
f 1047/1868/784 1049/1870/785 1128/1953/858 1126/1951/856
f 1049/2085/785 1051/2086/786 1130/1956/860 1128/1955/858
f 1051/2086/786 1053/2087/787 1132/1959/862 1130/1956/860
f 1053/2087/787 1055/2088/789 1134/1961/864 1132/1959/862
f 1055/2088/789 1057/2089/791 1136/1963/866 1134/1961/864
f 1057/2089/791 1059/2090/793 1138/1965/868 1136/1963/866
f 1059/2091/793 1061/2092/795 1140/1968/870 1138/1967/868
f 1061/2092/795 1063/2093/797 1142/1971/872 1140/1968/870
f 1063/2093/797 1065/2094/798 1144/1973/874 1142/1971/872
f 1065/2094/798 1067/2095/799 1146/1975/876 1144/1973/874
f 1067/2095/799 1069/2096/800 1148/1977/878 1146/1975/876
f 1069/2096/800 1071/2097/802 1150/1979/880 1148/1977/878
f 1071/2098/802 1073/2099/804 1152/1982/882 1150/1981/880
f 1073/2099/804 1075/2100/806 1154/1985/884 1152/1982/882
f 1075/2100/806 1077/2083/807 1156/1987/886 1154/1985/884
f 937/1742/693 936/1741/688 1117/1942/847 1078/1906/811
f 918/1723/688 937/1742/693 1078/1906/811 1081/1905/810
f 1079/2101/808 1116/2102/846 1197/2038/927 1158/1994/891
f 1080/2103/809 1079/2101/808 1158/1994/891 1161/1993/890
f 919/1724/689 918/1723/688 1081/1905/810 1083/1908/813
f 1082/2104/812 1080/2103/809 1161/1993/890 1163/1996/893
f 920/1725/690 919/1724/689 1083/1908/813 1085/1910/815
f 1084/2105/814 1082/2104/812 1163/1996/893 1165/1998/895
f 921/1726/691 920/1725/690 1085/1910/815 1087/1912/817
f 1086/2106/816 1084/2105/814 1165/1998/895 1167/2000/897
f 922/1727/690 921/1726/691 1087/1912/817 1089/1914/819
f 1088/2107/818 1086/2106/816 1167/2000/897 1169/2002/899
f 923/1728/689 922/1727/690 1089/1914/819 1091/1916/821
f 1090/2108/820 1088/2109/818 1169/2006/899 1171/2005/901
f 924/1729/688 923/1728/689 1091/1916/821 1093/1918/823
f 1092/2110/822 1090/2108/820 1171/2005/901 1173/2008/903
f 925/1730/692 924/1729/688 1093/1918/823 1095/1920/825
f 1094/2111/824 1092/2110/822 1173/2008/903 1175/2010/905
f 926/1731/688 925/1730/692 1095/1920/825 1097/1922/827
f 1096/2112/826 1094/2111/824 1175/2010/905 1177/2012/907
f 927/1732/693 926/1731/688 1097/1922/827 1099/1924/829
f 1098/2113/828 1096/2114/826 1177/2016/907 1179/2015/909
f 928/1733/694 927/1732/693 1099/1924/829 1101/1926/831
f 1100/2115/830 1098/2113/828 1179/2015/909 1181/2018/911
f 929/1734/693 928/1733/694 1101/1926/831 1103/1928/833
f 1102/2116/832 1100/2115/830 1181/2018/911 1183/2020/913
f 930/1735/688 929/1734/693 1103/1928/833 1105/1930/835
f 1104/2117/834 1102/2116/832 1183/2020/913 1185/2022/915
f 931/1736/688 930/1735/688 1105/1930/835 1107/1932/837
f 1106/2118/836 1104/2117/834 1185/2022/915 1187/2024/917
f 932/1737/689 931/1736/688 1107/1932/837 1109/1934/839
f 1108/2119/838 1106/2120/836 1187/2121/917 1189/2122/919
f 933/1738/689 932/1737/689 1109/1934/839 1111/1936/841
f 1110/2123/840 1108/2119/838 1189/2122/919 1191/2124/921
f 934/1739/695 933/1738/689 1111/1936/841 1113/1938/843
f 1112/2125/842 1110/2123/840 1191/2124/921 1193/2126/923
f 935/1740/695 934/1739/695 1113/1938/843 1115/1940/845
f 1114/2127/844 1112/2125/842 1193/2126/923 1195/2128/925
f 936/1741/688 935/1740/695 1115/1940/845 1117/1942/847
f 1116/2129/846 1114/2127/844 1195/2128/925 1197/2130/927
f 1196/2035/926 1194/2033/924 1157/2131/887 1118/2132/851
f 1159/2133/888 1196/2035/926 1118/2132/851 1121/2134/850
f 1160/2135/889 1159/2133/888 1121/2134/850 1123/2136/853
f 1162/2137/892 1160/2135/889 1123/2136/853 1125/2138/855
f 1164/2139/894 1162/2137/892 1125/2138/855 1127/2140/857
f 1166/2141/896 1164/2139/894 1127/2140/857 1129/2142/859
f 1168/2143/898 1166/2141/896 1129/2142/859 1131/2144/861
f 1170/2145/900 1168/2143/898 1131/2144/861 1133/2146/863
f 1172/2147/902 1170/2145/900 1133/2146/863 1135/2148/865
f 1174/2149/904 1172/2147/902 1135/2148/865 1137/2150/867
f 1176/2151/906 1174/2149/904 1137/2150/867 1139/2152/869
f 1178/2153/908 1176/2151/906 1139/2152/869 1141/2154/871
f 1180/2155/910 1178/2153/908 1141/2154/871 1143/2156/873
f 1182/2157/912 1180/2155/910 1143/2156/873 1145/2158/875
f 1184/2159/914 1182/2157/912 1145/2158/875 1147/2160/877
f 1186/2025/916 1184/2159/914 1147/2160/877 1149/2161/879
f 1188/2026/918 1186/2025/916 1149/2161/879 1151/2162/881
f 1190/2029/920 1188/2026/918 1151/2162/881 1153/2163/883
f 1192/2031/922 1190/2029/920 1153/2163/883 1155/2164/885
f 1194/2033/924 1192/2031/922 1155/2164/885 1157/2131/887
o lo.80s_signaltower__radio_support.011
v 9.944138 9.976938 17.965288
v 9.944138 8.848134 17.965288
v 9.950356 9.701457 17.971676
v 9.950356 9.681934 17.971676
v 9.950356 9.202913 17.971676
v 9.950356 9.183391 17.971676
v 9.935225 9.183391 17.965166
v 9.935225 9.202913 17.965166
v 9.935225 9.681931 17.965166
v 9.935225 9.701454 17.965166
v 9.937922 9.183391 17.958900
v 9.937922 9.202913 17.958900
v 9.937922 9.681931 17.958900
v 9.937922 9.701454 17.958900
v 9.944260 9.183391 17.956375
v 9.944260 9.202913 17.956375
v 9.944260 9.681931 17.956375
v 9.944260 9.701454 17.956375
v 9.950527 9.183391 17.959072
v 9.950527 9.202913 17.959072
v 9.950527 9.681931 17.959072
v 9.950527 9.701454 17.959072
v 9.953052 9.183391 17.965408
v 9.953052 9.202913 17.965408
v 9.953052 9.681931 17.965408
v 9.953052 9.701454 17.965408
v 9.950356 9.973938 17.971676
v 9.948091 9.976938 17.969349
v 9.948091 8.848134 17.969349
v 9.950356 8.851134 17.971676
v 9.944060 9.976938 17.970955
v 9.944016 9.973938 17.974201
v 9.944016 8.851134 17.974201
v 9.944060 8.848134 17.970955
v 9.940077 9.976938 17.969240
v 9.937750 9.973938 17.971504
v 9.937750 8.851134 17.971504
v 9.940077 8.848134 17.969240
v 9.938472 9.976938 17.965210
v 9.935225 9.973938 17.965166
v 9.935225 8.851134 17.965166
v 9.938472 8.848134 17.965210
v 9.940186 9.976938 17.961227
v 9.937922 9.973938 17.958900
v 9.937922 8.851134 17.958900
v 9.940186 8.848134 17.961227
v 9.944215 9.976938 17.959621
v 9.944260 9.973938 17.956375
v 9.944260 8.851134 17.956375
v 9.944215 8.848134 17.959621
v 9.948199 9.976938 17.961336
v 9.950527 9.973938 17.959072
v 9.950527 8.851134 17.959072
v 9.948199 8.848134 17.961336
v 9.949804 9.976938 17.965364
v 9.953052 9.973938 17.965408
v 9.953052 8.851134 17.965408
v 9.949804 8.848134 17.965364
v 9.899819 9.199913 18.013023
v 9.904061 9.202913 18.013081
v 9.899819 9.186391 18.013023
v 9.904061 9.183391 18.013081
v 9.899819 9.698454 18.013023
v 9.904061 9.701454 18.013081
v 9.904061 9.681931 18.013081
v 9.899819 9.684932 18.013023
v 9.899666 9.202913 18.008564
v 9.899609 9.199913 18.012806
v 9.899609 9.186391 18.012806
v 9.899666 9.183391 18.008564
v 9.899609 9.698454 18.012806
v 9.899666 9.701454 18.008564
v 9.899666 9.681931 18.008564
v 9.899609 9.684932 18.012806
v 9.945965 9.180390 17.975040
v 9.941785 9.183391 17.976374
v 9.946803 9.205914 17.973091
v 9.941785 9.202913 17.976374
v 9.945965 9.678931 17.975040
v 9.941785 9.681931 17.976374
v 9.946803 9.704454 17.973091
v 9.941785 9.701454 17.976374
v 9.936640 9.180390 17.968718
v 9.935518 9.183391 17.973677
v 9.935518 9.202913 17.973677
v 9.935802 9.205914 17.970665
v 9.936640 9.678931 17.968718
v 9.935518 9.681931 17.973677
v 9.935518 9.701454 17.973677
v 9.935802 9.704454 17.970665
vn -0.0000 1.0000 -0.0000
vn -0.0000 -1.0000 -0.0000
vn 0.7381 0.0104 0.6747
vn 0.7534 0.0093 0.6575
vn 0.7534 0.0101 0.6575
vn 0.7490 0.0091 0.6625
vn -0.9974 -0.0104 -0.0720
vn -0.9955 -0.0093 -0.0948
vn -0.9954 -0.0101 -0.0948
vn -0.9961 -0.0090 -0.0882
vn -0.6974 -0.0000 -0.7167
vn 0.0136 -0.0000 -0.9999
vn 0.7167 -0.0000 -0.6974
vn 0.9999 -0.0000 0.0135
vn 0.6482 0.3689 0.6661
vn 0.3052 0.8991 0.3137
vn 0.3052 -0.8991 0.3137
vn 0.6751 -0.3650 0.6411
vn -0.0060 0.8991 0.4377
vn 0.0212 0.3636 0.9313
vn -0.0122 -0.3805 0.9247
vn -0.0060 -0.8991 0.4376
vn -0.3137 0.8991 0.3053
vn -0.6630 0.3803 0.6448
vn -0.6909 -0.3638 0.6248
vn -0.3136 -0.8992 0.3052
vn -0.4377 0.8991 -0.0060
vn -0.9297 0.3651 -0.0495
vn -0.9294 -0.3688 -0.0127
vn -0.4377 -0.8991 -0.0060
vn -0.3053 0.8991 -0.3138
vn -0.6482 0.3688 -0.6662
vn -0.6482 -0.3688 -0.6662
vn -0.3053 -0.8991 -0.3137
vn 0.0059 0.8991 -0.4377
vn 0.0126 0.3688 -0.9294
vn 0.0127 -0.3689 -0.9294
vn 0.0059 -0.8991 -0.4377
vn 0.3137 0.8991 -0.3053
vn 0.6661 0.3689 -0.6482
vn 0.6662 -0.3688 -0.6482
vn 0.3137 -0.8991 -0.3053
vn 0.4377 0.8991 0.0059
vn 0.9294 0.3689 0.0126
vn 0.9294 -0.3688 0.0126
vn 0.4377 -0.8991 0.0059
vn -0.4401 0.3001 0.8463
vn 0.1733 0.6507 0.7393
vn -0.4401 -0.3001 0.8463
vn 0.1733 -0.6507 0.7393
vn -0.4402 0.3000 0.8463
vn -0.7343 0.6507 -0.1934
vn -0.8585 0.3002 0.4157
vn -0.8585 -0.3002 0.4157
vn -0.7343 -0.6507 -0.1934
vn -0.8586 0.3001 0.4157
vn -0.7343 0.6506 -0.1934
vn 0.1575 -0.1381 0.9778
vn 0.2633 -0.5483 0.7938
vn 0.2287 0.1291 0.9649
vn 0.3068 0.5383 0.7849
vn 0.1956 -0.1366 0.9711
vn 0.1974 0.1246 0.9724
vn 0.3069 0.5383 0.7849
vn -0.8592 -0.1739 0.4812
vn -0.7319 -0.6709 -0.1192
vn -0.7418 0.6643 -0.0924
vn -0.8405 0.2001 0.5036
vn -0.8745 -0.1795 0.4506
vn -0.7417 0.6643 -0.0924
vn -0.8196 0.2027 0.5359
vt 0.757396 0.649463
vt 0.756495 0.649463
vt 0.756495 0.646163
vt 0.757396 0.646163
vt 0.757396 0.733740
vt 0.756495 0.733740
vt 0.756495 0.730440
vt 0.757396 0.730440
vt 0.743933 0.763139
vt 0.742780 0.763139
vt 0.742780 0.759839
vt 0.743933 0.759839
vt 0.743933 0.847416
vt 0.742780 0.847416
vt 0.742780 0.844115
vt 0.743933 0.844115
vt 0.972790 0.235856
vt 0.971975 0.235856
vt 0.971975 0.232556
vt 0.972790 0.232556
vt 0.972790 0.320133
vt 0.971975 0.320133
vt 0.971975 0.316832
vt 0.972790 0.316832
vt 0.233101 0.779000
vt 0.231955 0.779000
vt 0.231955 0.775700
vt 0.233101 0.775700
vt 0.233101 0.863277
vt 0.231955 0.863277
vt 0.231955 0.859977
vt 0.233101 0.859977
vt 0.680300 0.675876
vt 0.679399 0.675876
vt 0.679399 0.672576
vt 0.680300 0.672576
vt 0.680300 0.760153
vt 0.679399 0.760153
vt 0.679399 0.756852
vt 0.680300 0.756852
vt 0.138253 0.538333
vt 0.138253 0.537600
vt 0.138760 0.537390
vt 0.138760 0.538543
vt 0.757952 0.299772
vt 0.757952 0.300505
vt 0.757445 0.300715
vt 0.757445 0.299562
vt 0.137735 0.537082
vt 0.137945 0.536574
vt 0.758470 0.299253
vt 0.758260 0.298746
vt 0.137002 0.537082
vt 0.136791 0.536574
vt 0.759204 0.299254
vt 0.759414 0.298746
vt 0.136483 0.537600
vt 0.135976 0.537390
vt 0.759722 0.299772
vt 0.760229 0.299562
vt 0.136483 0.538333
vt 0.135976 0.538543
vt 0.759722 0.300505
vt 0.760229 0.300715
vt 0.137002 0.538852
vt 0.136792 0.539359
vt 0.759203 0.301024
vt 0.759413 0.301531
vt 0.903355 0.544578
vt 0.902290 0.544578
vt 0.902797 0.544071
vt 0.902848 0.544071
vt 0.137735 0.538852
vt 0.137945 0.539359
vt 0.758470 0.301024
vt 0.758260 0.301531
vt 0.150628 0.539288
vt 0.150628 0.537002
vt 0.151115 0.536495
vt 0.151115 0.539795
vt 0.904421 0.544578
vt 0.903356 0.544578
vt 0.903863 0.544071
vt 0.903914 0.544071
vt 0.895872 0.137614
vt 0.895872 0.134314
vt 0.896359 0.134821
vt 0.896359 0.137107
vt 0.905486 0.544578
vt 0.904421 0.544578
vt 0.904928 0.544071
vt 0.904979 0.544071
vt 0.871164 0.130596
vt 0.868878 0.130596
vt 0.868371 0.130109
vt 0.871671 0.130109
vt 0.895872 0.053337
vt 0.895872 0.050037
vt 0.896359 0.050544
vt 0.896359 0.052830
vt 0.902289 0.544578
vt 0.901224 0.544578
vt 0.901731 0.544071
vt 0.901782 0.544071
vt 0.965916 0.053338
vt 0.965916 0.050037
vt 0.966168 0.049530
vt 0.966419 0.053845
vt 0.871671 0.121985
vt 0.868371 0.121985
vt 0.868371 0.121479
vt 0.871671 0.121479
vt 0.905486 0.553561
vt 0.904420 0.554002
vt 0.904420 0.553476
vt 0.905486 0.553034
vt 0.886566 0.053845
vt 0.886314 0.049530
vt 0.887324 0.050037
vt 0.887324 0.053337
vt 0.903356 0.554002
vt 0.902290 0.553561
vt 0.902290 0.553034
vt 0.903356 0.553476
vt 0.902289 0.553561
vt 0.901224 0.554002
vt 0.901224 0.553476
vt 0.902289 0.553034
vt 0.886566 0.138121
vt 0.886314 0.133807
vt 0.887324 0.134314
vt 0.887324 0.137614
vt 0.904421 0.554002
vt 0.903356 0.553561
vt 0.903356 0.553034
vt 0.904421 0.553476
vt 0.137368 0.537967
vt 0.756495 0.600101
vt 0.757397 0.600101
vt 0.885672 0.003975
vt 0.886818 0.003975
vt 0.885672 0.050037
vt 0.758837 0.300138
vt 0.757396 0.789907
vt 0.756495 0.789907
vt 0.885672 0.137614
vt 0.886818 0.193781
vt 0.885672 0.193781
vt 0.679399 0.817334
vt 0.680301 0.817334
vt 0.680580 0.862889
vt 0.679119 0.862889
vt 0.756215 0.790921
vt 0.757677 0.790921
vt 0.757397 0.846581
vt 0.756496 0.846581
vt 0.965916 0.003975
vt 0.967062 0.003975
vt 0.967062 0.050037
vt 0.966419 0.138121
vt 0.967062 0.137614
vt 0.967062 0.193781
vt 0.965916 0.193781
vt 0.679399 0.626513
vt 0.680300 0.626513
vt 0.680300 0.816319
vt 0.679399 0.816319
vt 0.231955 0.729638
vt 0.233101 0.729638
vt 0.233101 0.919444
vt 0.231955 0.919444
vt 0.971975 0.186493
vt 0.972790 0.186493
vt 0.972790 0.376299
vt 0.971975 0.376299
vt 0.742780 0.713776
vt 0.743933 0.713776
vt 0.743933 0.903583
vt 0.742780 0.903582
vt 0.370398 0.309607
vt 0.370349 0.309607
vt 0.370349 0.307321
vt 0.370398 0.307321
vt 0.150579 0.539288
vt 0.150579 0.537002
vt 0.367633 0.830950
vt 0.370933 0.830950
vt 0.370933 0.839074
vt 0.367633 0.839074
vt 0.885672 0.134314
vt 0.885672 0.053337
vt 0.675453 0.720945
vt 0.676915 0.720945
vt 0.676915 0.800907
vt 0.675453 0.800907
vt 0.966168 0.133807
vt 0.967062 0.134314
vt 0.967062 0.053338
s 1
usemtl 80s_grey_metal_bar
f 1201/2165/931 1222/2166/941 1223/2167/941 1200/2168/930
f 1203/2169/933 1220/2170/941 1221/2171/941 1202/2172/932
f 1222/2173/941 1218/2174/940 1219/2175/940 1223/2176/941
f 1220/2177/941 1216/2178/940 1217/2179/940 1221/2180/941
f 1218/2181/940 1214/2182/939 1215/2183/939 1219/2184/940
f 1216/2185/940 1212/2186/939 1213/2187/939 1217/2188/940
f 1214/2189/939 1210/2190/938 1211/2191/938 1215/2192/939
f 1212/2193/939 1208/2194/938 1209/2195/938 1213/2196/939
f 1210/2197/938 1206/2198/936 1207/2199/937 1211/2200/938
f 1208/2201/938 1204/2202/934 1205/2203/935 1209/2204/938
f 1222/2166/941 1201/2165/931 1202/2172/932 1221/2171/941
f 1206/2198/936 1210/2197/938 1209/2204/938 1205/2203/935
f 1210/2190/938 1214/2189/939 1213/2196/939 1209/2195/938
f 1214/2182/939 1218/2181/940 1217/2188/940 1213/2187/939
f 1218/2174/940 1222/2173/941 1221/2180/941 1217/2179/940
f 1225/2205/943 1228/2206/946 1229/2207/947 1224/2208/942
f 1231/2209/949 1226/2210/944 1227/2211/945 1230/2212/948
f 1228/2206/946 1232/2213/950 1233/2214/951 1229/2207/947
f 1235/2215/953 1231/2209/949 1230/2212/948 1234/2216/952
f 1232/2213/950 1236/2217/954 1237/2218/955 1233/2214/951
f 1239/2219/957 1235/2215/953 1234/2216/952 1238/2220/956
f 1236/2217/954 1240/2221/958 1241/2222/959 1237/2218/955
f 1243/2223/961 1239/2219/957 1238/2220/956 1242/2224/960
f 1240/2221/958 1244/2225/962 1245/2226/963 1241/2222/959
f 1247/2227/965 1243/2223/961 1242/2224/960 1246/2228/964
f 1244/2225/962 1248/2229/966 1249/2230/967 1245/2226/963
f 1251/2231/969 1247/2227/965 1246/2228/964 1250/2232/968
f 1261/2233/975 1269/2234/984 1268/2235/983 1260/2236/978
f 1248/2229/966 1252/2237/970 1253/2238/971 1249/2230/967
f 1255/2239/973 1251/2231/969 1250/2232/968 1254/2240/972
f 1271/2241/981 1268/2242/983 1269/2243/984 1270/2244/982
f 1252/2237/970 1225/2205/943 1224/2208/942 1253/2238/971
f 1226/2210/944 1255/2239/973 1254/2240/972 1227/2211/945
f 1257/2245/975 1264/2246/979 1265/2247/980 1256/2248/974
f 1259/2249/977 1257/2250/975 1256/2251/974 1258/2252/976
f 1270/2253/982 1262/2254/977 1263/2255/976 1271/2256/981
f 1266/2257/981 1265/2258/980 1264/2259/979 1267/2260/982
f 1262/2261/977 1261/2262/975 1260/2263/978 1263/2264/976
f 1267/2265/982 1259/2266/977 1258/2267/976 1266/2268/981
f 1285/2269/993 1286/2270/997 1287/2271/998 1284/2272/996
f 1281/2273/993 1282/2274/994 1283/2275/995 1280/2276/992
f 1284/2277/996 1276/2278/989 1277/2279/986 1285/2280/993
f 1276/2281/989 1278/2282/990 1279/2283/991 1277/2284/986
f 1278/2285/990 1287/2286/998 1286/2287/997 1279/2288/991
f 1280/2289/992 1272/2290/985 1273/2291/986 1281/2292/993
f 1272/2293/985 1274/2294/987 1275/2295/988 1273/2296/986
f 1274/2297/987 1283/2298/995 1282/2299/994 1275/2300/988
f 1198/2301/928 1225/2205/943 1252/2237/970
f 1253/2302/971 1224/2303/942 1200/2168/930 1223/2167/941
f 1198/2301/928 1228/2206/946 1225/2205/943
f 1224/2304/942 1229/2305/947 1278/2282/990 1200/2306/930
f 1199/2307/929 1255/2239/973 1226/2210/944
f 1199/2307/929 1226/2210/944 1231/2209/949
f 1220/2170/941 1203/2169/933 1227/2308/945 1254/2309/972
f 1203/2310/933 1272/2293/985 1230/2311/948 1227/2312/945
f 1198/2301/928 1232/2213/950 1228/2206/946
f 1229/2313/947 1233/2314/951 1287/2315/998 1278/2316/990
f 1199/2307/929 1231/2209/949 1235/2215/953
f 1272/2317/985 1280/2318/992 1234/2319/952 1230/2320/948
f 1198/2301/928 1236/2217/954 1232/2213/950
f 1233/2321/951 1237/2322/955 1207/2323/937 1287/2271/998
f 1199/2307/929 1235/2215/953 1239/2219/957
f 1280/2324/992 1204/2325/934 1238/2326/956 1234/2327/952
f 1198/2301/928 1240/2221/958 1236/2217/954
f 1237/2328/955 1241/2329/959 1211/2200/938 1207/2199/937
f 1199/2307/929 1239/2219/957 1243/2223/961
f 1204/2202/934 1208/2201/938 1242/2330/960 1238/2331/956
f 1198/2301/928 1244/2225/962 1240/2221/958
f 1241/2332/959 1245/2333/963 1215/2192/939 1211/2191/938
f 1199/2307/929 1243/2223/961 1247/2227/965
f 1208/2194/938 1212/2193/939 1246/2334/964 1242/2335/960
f 1198/2301/928 1248/2229/966 1244/2225/962
f 1245/2336/963 1249/2337/967 1219/2184/940 1215/2183/939
f 1199/2307/929 1247/2227/965 1251/2231/969
f 1212/2186/939 1216/2185/940 1250/2338/968 1246/2339/964
f 1198/2301/928 1252/2237/970 1248/2229/966
f 1249/2340/967 1253/2341/971 1223/2176/941 1219/2175/940
f 1199/2307/929 1251/2231/969 1255/2239/973
f 1216/2178/940 1220/2177/941 1254/2342/972 1250/2343/968
f 1266/2344/981 1258/2345/976 1256/2346/974 1265/2347/980
f 1273/2296/986 1275/2295/988 1257/2250/975 1259/2249/977
f 1275/2300/988 1282/2299/994 1264/2246/979 1257/2245/975
f 1281/2292/993 1273/2291/986 1259/2266/977 1267/2265/982
f 1271/2241/981 1263/2348/976 1260/2349/978 1268/2242/983
f 1279/2288/991 1286/2287/997 1269/2234/984 1261/2233/975
f 1277/2284/986 1279/2283/991 1261/2262/975 1262/2261/977
f 1285/2280/993 1277/2279/986 1262/2254/977 1270/2253/982
f 1282/2274/994 1281/2273/993 1267/2260/982 1264/2259/979
f 1286/2350/997 1285/2351/993 1270/2352/982 1269/2353/984
f 1272/2293/985 1203/2310/933 1202/2354/932 1274/2294/987
f 1201/2355/931 1276/2281/989 1274/2294/987 1202/2354/932
f 1276/2356/989 1284/2357/996 1283/2358/995 1274/2359/987
f 1276/2281/989 1201/2355/931 1200/2306/930 1278/2282/990
f 1204/2325/934 1280/2324/992 1283/2360/995 1205/2361/935
f 1284/2272/996 1206/2362/936 1205/2361/935 1283/2360/995
f 1206/2362/936 1284/2272/996 1287/2271/998 1207/2323/937
o lo.80s_signaltower__radio_support.013
v 9.713589 7.721162 18.247955
v 9.713589 6.286410 18.247955
v 9.701090 7.299544 18.240826
v 9.701090 7.269665 18.240826
v 9.701090 6.536540 18.240826
v 9.701090 6.506663 18.240826
v 9.727468 6.506663 18.244160
v 9.727468 6.536540 18.244160
v 9.727468 7.269663 18.244160
v 9.727468 7.299541 18.244160
v 9.726088 6.506663 18.255087
v 9.726088 6.536540 18.255087
v 9.726088 7.269663 18.255087
v 9.726088 7.299541 18.255087
v 9.717385 6.506663 18.261837
v 9.717385 6.536540 18.261837
v 9.717385 7.269663 18.261837
v 9.717385 7.299541 18.261837
v 9.706458 6.506663 18.260456
v 9.706458 6.536540 18.260456
v 9.706458 7.269663 18.260456
v 9.706458 7.299541 18.260456
v 9.699708 6.506663 18.251753
v 9.699708 6.536540 18.251753
v 9.699708 7.269663 18.251753
v 9.699708 7.299541 18.251753
v 9.643521 6.005376 18.185930
v 9.643521 4.570624 18.185930
v 9.642364 5.583758 18.171587
v 9.642364 5.553880 18.171587
v 9.642364 4.820755 18.171587
v 9.642364 4.790877 18.171587
v 9.654480 4.790877 18.195255
v 9.654480 4.820755 18.195255
v 9.654480 5.553877 18.195255
v 9.654480 5.583756 18.195255
v 9.644678 4.790877 18.200274
v 9.644678 4.820755 18.200274
v 9.644678 5.553877 18.200274
v 9.644678 5.583756 18.200274
v 9.634197 4.790877 18.196890
v 9.634197 4.820755 18.196890
v 9.634197 5.553877 18.196890
v 9.634197 5.583756 18.196890
v 9.629177 4.790877 18.187088
v 9.629177 4.820755 18.187088
v 9.629177 5.553877 18.187088
v 9.629177 5.583756 18.187088
v 9.632561 4.790877 18.176605
v 9.632561 4.820755 18.176605
v 9.632561 5.553877 18.176605
v 9.632561 5.583756 18.176605
v 9.643521 4.457684 18.185930
v 9.643521 3.700013 18.185930
v 9.642364 4.235034 18.171587
v 9.642364 4.219255 18.171587
v 9.642364 3.832103 18.171587
v 9.642364 3.816325 18.171587
v 9.654480 3.816325 18.195255
v 9.654480 3.832103 18.195255
v 9.654480 4.219254 18.195255
v 9.654480 4.235033 18.195255
v 9.644678 3.816325 18.200274
v 9.644678 3.832103 18.200274
v 9.644678 4.219254 18.200274
v 9.644678 4.235033 18.200274
v 9.634197 3.816325 18.196890
v 9.634197 3.832103 18.196890
v 9.634197 4.219254 18.196890
v 9.634197 4.235033 18.196890
v 9.629177 3.816325 18.187088
v 9.629177 3.832103 18.187088
v 9.629177 4.219254 18.187088
v 9.629177 4.235033 18.187088
v 9.632561 3.816325 18.176605
v 9.632561 3.832103 18.176605
v 9.632561 4.219254 18.176605
v 9.632561 4.235033 18.176605
v 9.906678 8.718428 18.248482
v 9.906678 7.944683 18.248482
v 9.893081 8.491054 18.253191
v 9.893081 8.474941 18.253191
v 9.893081 8.079575 18.253191
v 9.893081 8.063462 18.253191
v 9.912964 8.063462 18.235538
v 9.912964 8.079575 18.235538
v 9.912964 8.474939 18.235538
v 9.912964 8.491053 18.235538
v 9.920276 8.063462 18.243774
v 9.920276 8.079575 18.243774
v 9.920276 8.474939 18.243774
v 9.920276 8.491053 18.243774
v 9.919622 8.063462 18.254766
v 9.919622 8.079575 18.254766
v 9.919622 8.474939 18.254766
v 9.919622 8.491053 18.254766
v 9.911386 8.063462 18.262079
v 9.911386 8.079575 18.262079
v 9.911386 8.474939 18.262079
v 9.911386 8.491053 18.262079
v 9.900393 8.063462 18.261427
v 9.900393 8.079575 18.261427
v 9.900393 8.474939 18.261427
v 9.900393 8.491053 18.261427
v 9.906678 10.890642 18.248482
v 9.906678 10.116897 18.248482
v 9.893081 10.663267 18.253191
v 9.893081 10.647156 18.253191
v 9.893081 10.251789 18.253191
v 9.893081 10.235676 18.253191
v 9.912964 10.235676 18.235538
v 9.912964 10.251789 18.235538
v 9.912964 10.647154 18.235538
v 9.912964 10.663267 18.235538
v 9.920276 10.235676 18.243774
v 9.920276 10.251789 18.243774
v 9.920276 10.647154 18.243774
v 9.920276 10.663267 18.243774
v 9.919622 10.235676 18.254766
v 9.919622 10.251789 18.254766
v 9.919622 10.647154 18.254766
v 9.919622 10.663267 18.254766
v 9.911386 10.235676 18.262079
v 9.911386 10.251789 18.262079
v 9.911386 10.647154 18.262079
v 9.911386 10.663267 18.262079
v 9.900393 10.235676 18.261427
v 9.900393 10.251789 18.261427
v 9.900393 10.647154 18.261427
v 9.900393 10.663267 18.261427
v 9.908916 3.424632 18.251427
v 9.908916 2.339100 18.251427
v 9.894829 3.105636 18.254356
v 9.894829 3.083030 18.254356
v 9.894829 2.528348 18.254356
v 9.894829 2.505744 18.254356
v 9.916809 2.505744 18.239395
v 9.916809 2.528348 18.239395
v 9.916809 3.083028 18.239395
v 9.916809 3.105634 18.239395
v 9.923006 2.505744 18.248499
v 9.923006 2.528348 18.248499
v 9.923006 3.083028 18.248499
v 9.923006 3.105634 18.248499
v 9.920950 2.505744 18.259319
v 9.920950 2.528348 18.259319
v 9.920950 3.083028 18.259319
v 9.920950 3.105634 18.259319
v 9.911846 2.505744 18.265518
v 9.911846 2.528348 18.265518
v 9.911846 3.083028 18.265518
v 9.911846 3.105634 18.265518
v 9.901026 2.505744 18.263462
v 9.901026 2.528348 18.263462
v 9.901026 3.083028 18.263462
v 9.901026 3.105634 18.263462
v 9.831901 3.684798 17.867445
v 9.831901 2.599266 17.867445
v 9.846272 3.365802 17.868181
v 9.846272 3.343196 17.868181
v 9.846272 2.788514 17.868181
v 9.846272 2.765909 17.868181
v 9.821218 2.765909 17.877085
v 9.821218 2.788514 17.877085
v 9.821218 3.343194 17.877085
v 9.821218 3.365800 17.877085
v 9.817530 2.765909 17.866709
v 9.817530 2.788514 17.866709
v 9.817530 3.343194 17.866709
v 9.817530 3.365800 17.866709
v 9.822260 2.765909 17.856762
v 9.822260 2.788514 17.856762
v 9.822260 3.343194 17.856762
v 9.822260 3.365800 17.856762
v 9.832637 2.765909 17.853073
v 9.832637 2.788514 17.853073
v 9.832637 3.343194 17.853073
v 9.832637 3.365800 17.853073
v 9.842583 2.765909 17.857803
v 9.842583 2.788514 17.857803
v 9.842583 3.343194 17.857803
v 9.842583 3.365800 17.857803
v 9.831901 5.413968 17.867445
v 9.831901 4.715869 17.867445
v 9.846272 5.208823 17.868181
v 9.846272 5.194286 17.868181
v 9.846272 4.837574 17.868181
v 9.846272 4.823037 17.868181
v 9.821218 4.823037 17.877085
v 9.821218 4.837574 17.877085
v 9.821218 5.194285 17.877085
v 9.821218 5.208822 17.877085
v 9.817530 4.823037 17.866709
v 9.817530 4.837574 17.866709
v 9.817530 5.194285 17.866709
v 9.817530 5.208822 17.866709
v 9.822260 4.823037 17.856762
v 9.822260 4.837574 17.856762
v 9.822260 5.194285 17.856762
v 9.822260 5.208822 17.856762
v 9.832637 4.823037 17.853073
v 9.832637 4.837574 17.853073
v 9.832637 5.194285 17.853073
v 9.832637 5.208822 17.853073
v 9.842583 4.823037 17.857803
v 9.842583 4.837574 17.857803
v 9.842583 5.194285 17.857803
v 9.842583 5.208822 17.857803
v 10.024614 4.757443 18.035986
v 10.024614 3.819844 18.035986
v 10.026529 4.481919 18.050247
v 10.026529 4.462394 18.050247
v 10.026529 3.983302 18.050247
v 10.026529 3.963778 18.050247
v 10.013175 3.963778 18.027256
v 10.013175 3.983302 18.027256
v 10.013175 4.462393 18.027256
v 10.013175 4.481917 18.027256
v 10.022697 3.963778 18.021725
v 10.022697 3.983302 18.021725
v 10.022697 4.462393 18.021725
v 10.022697 4.481917 18.021725
v 10.033342 3.963778 18.024548
v 10.033342 3.983302 18.024548
v 10.033342 4.462393 18.024548
v 10.033342 4.481917 18.024548
v 10.038877 3.963778 18.034069
v 10.038877 3.983302 18.034069
v 10.038877 4.462393 18.034069
v 10.038877 4.481917 18.034069
v 10.036053 3.963778 18.044716
v 10.036053 3.983302 18.044716
v 10.036053 4.462393 18.044716
v 10.036053 4.481917 18.044716
v 9.325697 11.470932 18.029768
v 9.325697 9.821410 18.029768
v 9.327413 10.684139 18.000704
v 9.327413 10.659679 18.000704
v 9.327413 10.059497 18.000704
v 9.327413 10.035037 18.000704
v 9.335737 10.035037 18.052532
v 9.335737 10.059497 18.052532
v 9.335737 10.659678 18.052532
v 9.335737 10.684138 18.052532
v 9.323980 10.035037 18.058828
v 9.323980 10.059497 18.058828
v 9.323980 10.659678 18.058828
v 9.323980 10.684138 18.058828
v 9.313229 10.035037 18.048101
v 9.313229 10.059497 18.048101
v 9.313229 10.659678 18.048101
v 9.313229 10.684138 18.048101
v 9.309781 10.035037 18.026632
v 9.309781 10.059497 18.026632
v 9.309781 10.659678 18.026632
v 9.309781 10.684138 18.026632
v 9.315656 10.035037 18.007002
v 9.315656 10.059497 18.007002
v 9.315656 10.659678 18.007002
v 9.315656 10.684138 18.007002
v 9.570610 11.057941 18.072397
v 9.570610 9.638291 18.072397
v 9.572327 10.684139 18.043335
v 9.572327 10.659679 18.043335
v 9.572327 10.059497 18.043335
v 9.572327 10.035037 18.043335
v 9.580650 10.035037 18.095161
v 9.580650 10.059497 18.095161
v 9.580650 10.659678 18.095161
v 9.580650 10.684138 18.095161
v 9.568893 10.035037 18.101458
v 9.568893 10.059497 18.101458
v 9.568893 10.659678 18.101458
v 9.568893 10.684138 18.101458
v 9.558143 10.035037 18.090731
v 9.558143 10.059497 18.090731
v 9.558143 10.659678 18.090731
v 9.558143 10.684138 18.090731
v 10.118710 11.539803 17.983912
v 10.118710 10.750534 17.983912
v 10.124928 11.453068 17.990799
v 10.124928 11.438946 17.990799
v 10.124928 11.092418 17.990799
v 10.124928 11.078296 17.990799
v 10.109443 11.078296 17.983440
v 10.109443 11.092418 17.983440
v 10.109443 11.438944 17.983440
v 10.109443 11.453068 17.983440
v 10.112491 11.078296 17.977026
v 10.112491 11.092418 17.977026
v 10.112491 11.438944 17.977026
v 10.112491 11.453068 17.977026
v 10.119182 11.078296 17.974646
v 10.119182 11.092418 17.974646
v 10.119182 11.438944 17.974646
v 10.119182 11.453068 17.974646
v 10.125595 11.078296 17.977694
v 10.125595 11.092418 17.977694
v 10.125595 11.438944 17.977694
v 10.125595 11.453068 17.977694
v 10.127975 11.078296 17.984385
v 10.127975 11.092418 17.984385
v 10.127975 11.438944 17.984385
v 10.127975 11.453068 17.984385
v 9.558411 9.092570 18.379696
v 9.558411 7.820196 18.379696
v 9.539755 8.485670 18.367193
v 9.539755 8.466803 18.367193
v 9.539755 8.003846 18.367193
v 9.539755 7.984979 18.367193
v 9.577472 7.984979 18.381922
v 9.577472 8.003846 18.381922
v 9.577472 8.466802 18.381922
v 9.577472 8.485669 18.381922
v 9.577063 7.984979 18.392200
v 9.577063 8.003846 18.392200
v 9.577063 8.466802 18.392200
v 9.577063 8.485669 18.392200
v 9.565727 7.984979 18.395155
v 9.565727 8.003846 18.395155
v 9.565727 8.466802 18.395155
v 9.565727 8.485669 18.395155
v 9.550104 7.984979 18.389053
v 9.550104 8.003846 18.389053
v 9.550104 8.466802 18.389053
v 9.550104 8.485669 18.389053
v 9.539347 7.984979 18.377474
v 9.539347 8.003846 18.377474
v 9.539347 8.466802 18.377474
v 9.539347 8.485669 18.377474
v 9.682502 8.774006 18.233505
v 9.682502 7.678946 18.233505
v 9.663847 8.485670 18.221004
v 9.663847 8.466803 18.221004
v 9.663847 8.003846 18.221004
v 9.663847 7.984979 18.221004
v 9.701564 7.984979 18.235729
v 9.701564 8.003846 18.235729
v 9.701564 8.466802 18.235729
v 9.701564 8.485669 18.235729
v 9.701155 7.984979 18.246008
v 9.701155 8.003846 18.246008
v 9.701155 8.466802 18.246008
v 9.701155 8.485669 18.246008
v 9.689818 7.984979 18.248964
v 9.689818 8.003846 18.248964
v 9.689818 8.466802 18.248964
v 9.689818 8.485669 18.248964
v 9.701090 7.718162 18.240826
v 9.703910 7.721162 18.242434
v 9.703910 6.286410 18.242434
v 9.701090 6.289410 18.240826
v 9.710649 7.721162 18.237207
v 9.709792 7.718162 18.234076
v 9.709792 6.289410 18.234076
v 9.710649 6.286410 18.237207
v 9.719110 7.721162 18.238279
v 9.720718 7.718162 18.235458
v 9.720718 6.289410 18.235458
v 9.719110 6.286410 18.238279
v 9.724337 7.721162 18.245016
v 9.727468 7.718162 18.244160
v 9.727468 6.289410 18.244160
v 9.724337 6.286410 18.245016
v 9.723268 7.721162 18.253477
v 9.726088 7.718162 18.255087
v 9.726088 6.289410 18.255087
v 9.723268 6.286410 18.253477
v 9.716529 7.721162 18.258705
v 9.717385 7.718162 18.261837
v 9.717385 6.289410 18.261837
v 9.716529 6.286410 18.258705
v 9.708067 7.721162 18.257635
v 9.706458 7.718162 18.260456
v 9.706458 6.289410 18.260456
v 9.708067 6.286410 18.257635
v 9.702840 7.721162 18.250896
v 9.699708 7.718162 18.251753
v 9.699708 6.289410 18.251753
v 9.702840 6.286410 18.250896
v 9.759391 6.533540 18.153189
v 9.755298 6.536540 18.154308
v 9.759391 6.509663 18.153189
v 9.755298 6.506663 18.154308
v 9.759391 7.296542 18.153189
v 9.755298 7.299541 18.154308
v 9.755298 7.269663 18.154308
v 9.759391 7.272663 18.153189
v 9.764136 6.536540 18.159349
v 9.763017 6.533540 18.155258
v 9.763017 6.509663 18.155258
v 9.764136 6.506663 18.159349
v 9.763017 7.296542 18.155258
v 9.764136 7.299541 18.159349
v 9.764136 7.269663 18.159349
v 9.763017 7.272663 18.155258
v 9.707687 6.503663 18.233809
v 9.711335 6.506663 18.231371
v 9.707421 6.539540 18.235914
v 9.711335 6.536540 18.231371
v 9.707687 7.266663 18.233809
v 9.711335 7.269663 18.231371
v 9.707421 7.302541 18.235914
v 9.711335 7.299541 18.231371
v 9.722557 6.503663 18.237829
v 9.722261 6.506663 18.232754
v 9.722261 6.536540 18.232754
v 9.722823 6.539540 18.235725
v 9.722557 7.266663 18.237829
v 9.722261 7.269663 18.232754
v 9.722261 7.299541 18.232754
v 9.722823 7.302541 18.235725
v 9.642364 6.002377 18.171587
v 9.642625 6.005376 18.174824
v 9.642625 4.570624 18.174824
v 9.642364 4.573624 18.171587
v 9.650742 6.005376 18.177444
v 9.652845 6.002377 18.174971
v 9.652845 4.573624 18.174971
v 9.650742 4.570624 18.177444
v 9.654627 6.005376 18.185034
v 9.657864 6.002377 18.184772
v 9.657864 4.573624 18.184772
v 9.654627 4.570624 18.185034
v 9.652007 6.005376 18.193151
v 9.654480 6.002377 18.195255
v 9.654480 4.573624 18.195255
v 9.652007 4.570624 18.193151
v 9.644417 6.005376 18.197037
v 9.644678 6.002377 18.200274
v 9.644678 4.573624 18.200274
v 9.644417 4.570624 18.197037
v 9.636301 6.005376 18.194416
v 9.634197 6.002377 18.196890
v 9.634197 4.573624 18.196890
v 9.636301 4.570624 18.194416
v 9.632414 6.005376 18.186827
v 9.629177 6.002377 18.187088
v 9.629177 4.573624 18.187088
v 9.632414 4.570624 18.186827
v 9.635034 6.005376 18.178709
v 9.632561 6.002377 18.176605
v 9.632561 4.573624 18.176605
v 9.635034 4.570624 18.178709
v 9.747615 4.817755 18.170338
v 9.744383 4.820755 18.167587
v 9.747615 4.793877 18.170338
v 9.744383 4.790877 18.167587
v 9.747615 5.580756 18.170338
v 9.744383 5.583756 18.167587
v 9.744383 5.553877 18.167587
v 9.747615 5.556877 18.170338
v 9.745201 4.820755 18.177731
v 9.747951 4.817755 18.174500
v 9.747951 4.793877 18.174500
v 9.745201 4.790877 18.177731
v 9.747951 5.580756 18.174500
v 9.745201 5.583756 18.177731
v 9.745201 5.553877 18.177731
v 9.747951 5.556877 18.174500
v 9.651878 4.787878 18.173082
v 9.655950 4.790877 18.174721
v 9.649990 4.823754 18.174049
v 9.655950 4.820755 18.174721
v 9.651878 5.550878 18.173082
v 9.655950 5.553877 18.174721
v 9.649990 5.586756 18.174049
v 9.655950 5.583756 18.174721
v 9.656942 4.787878 18.187628
v 9.660968 4.790877 18.184523
v 9.660968 4.820755 18.184523
v 9.658831 4.823754 18.186661
v 9.656942 5.550878 18.187628
v 9.660968 5.553877 18.184523
v 9.660968 5.583756 18.184523
v 9.658831 5.586756 18.186661
v 9.642364 4.454684 18.171587
v 9.642625 4.457684 18.174824
v 9.642625 3.700013 18.174824
v 9.642364 3.703013 18.171587
v 9.650742 4.457684 18.177444
v 9.652845 4.454684 18.174971
v 9.652845 3.703013 18.174971
v 9.650742 3.700013 18.177444
v 9.654627 4.457684 18.185034
v 9.657864 4.454684 18.184772
v 9.657864 3.703013 18.184772
v 9.654627 3.700013 18.185034
v 9.652007 4.457684 18.193151
v 9.654480 4.454684 18.195255
v 9.654480 3.703013 18.195255
v 9.652007 3.700013 18.193151
v 9.644417 4.457684 18.197037
v 9.644678 4.454684 18.200274
v 9.644678 3.703013 18.200274
v 9.644417 3.700013 18.197037
v 9.636301 4.457684 18.194416
v 9.634197 4.454684 18.196890
v 9.634197 3.703013 18.196890
v 9.636301 3.700013 18.194416
v 9.632414 4.457684 18.186827
v 9.629177 4.454684 18.187088
v 9.629177 3.703013 18.187088
v 9.632414 3.700013 18.186827
v 9.635034 4.457684 18.178709
v 9.632561 4.454684 18.176605
v 9.632561 3.703013 18.176605
v 9.635034 3.700013 18.178709
v 9.747615 3.829103 18.170338
v 9.744383 3.832103 18.167587
v 9.747615 3.819325 18.170338
v 9.744383 3.816325 18.167587
v 9.747615 4.232033 18.170338
v 9.744383 4.235033 18.167587
v 9.744383 4.219254 18.167587
v 9.747615 4.222254 18.170338
v 9.745201 3.832103 18.177731
v 9.747951 3.829103 18.174500
v 9.747951 3.819325 18.174500
v 9.745201 3.816325 18.177731
v 9.747951 4.232033 18.174500
v 9.745201 4.235033 18.177731
v 9.745201 4.219254 18.177731
v 9.747951 4.222254 18.174500
v 9.651878 3.813325 18.173082
v 9.655950 3.816325 18.174721
v 9.649990 3.835103 18.174049
v 9.655950 3.832103 18.174721
v 9.651878 4.216254 18.173082
v 9.655950 4.219254 18.174721
v 9.649990 4.238032 18.174049
v 9.655950 4.235033 18.174721
v 9.656942 3.813325 18.187628
v 9.660968 3.816325 18.184523
v 9.660968 3.832103 18.184523
v 9.658831 3.835103 18.186661
v 9.656942 4.216254 18.187628
v 9.660968 4.219254 18.184523
v 9.660968 4.235033 18.184523
v 9.658831 4.238032 18.186661
v 9.893081 8.715427 18.253191
v 9.896149 8.718428 18.252129
v 9.896149 7.944683 18.252129
v 9.893081 7.947682 18.253191
v 9.896655 8.718428 18.243614
v 9.893734 8.715427 18.242195
v 9.893734 7.947682 18.242195
v 9.896655 7.944683 18.243614
v 9.903032 8.718428 18.237953
v 9.901970 8.715427 18.234884
v 9.901970 7.947682 18.234884
v 9.903032 7.944683 18.237953
v 9.911546 8.718428 18.238459
v 9.912964 8.715427 18.235538
v 9.912964 7.947682 18.235538
v 9.911546 7.944683 18.238459
v 9.917208 8.718428 18.244837
v 9.920276 8.715427 18.243774
v 9.920276 7.947682 18.243774
v 9.917208 7.944683 18.244837
v 9.916701 8.718428 18.253347
v 9.919622 8.715427 18.254766
v 9.919622 7.947682 18.254766
v 9.916701 7.944683 18.253347
v 9.910324 8.718428 18.259010
v 9.911386 8.715427 18.262079
v 9.911386 7.947682 18.262079
v 9.910324 7.944683 18.259010
v 9.901811 8.718428 18.258505
v 9.900393 8.715427 18.261427
v 9.900393 7.947682 18.261427
v 9.901811 7.944683 18.258505
v 9.865540 8.076574 18.151598
v 9.863686 8.079575 18.155415
v 9.865540 8.066463 18.151598
v 9.863686 8.063462 18.155415
v 9.865540 8.488052 18.151598
v 9.863686 8.491053 18.155415
v 9.863686 8.474939 18.155415
v 9.865540 8.477940 18.151598
v 9.873301 8.079575 18.152086
v 9.869484 8.076574 18.150234
v 9.869484 8.066463 18.150234
v 9.873301 8.063462 18.152086
v 9.869484 8.488052 18.150234
v 9.873301 8.491053 18.152086
v 9.873301 8.474939 18.152086
v 9.869484 8.477940 18.150234
v 9.892147 8.060462 18.243603
v 9.892715 8.063462 18.239252
v 9.893556 8.082575 18.245190
v 9.892715 8.079575 18.239252
v 9.892147 8.471939 18.243603
v 9.892715 8.474939 18.239252
v 9.893556 8.494053 18.245190
v 9.892715 8.491053 18.239252
v 9.904964 8.060462 18.235062
v 9.900951 8.063462 18.231941
v 9.900951 8.079575 18.231941
v 9.903557 8.082575 18.233477
v 9.904964 8.471939 18.235062
v 9.900951 8.474939 18.231941
v 9.900951 8.491053 18.231941
v 9.903557 8.494053 18.233477
v 9.893081 10.887642 18.253191
v 9.896149 10.890642 18.252129
v 9.896149 10.116897 18.252129
v 9.893081 10.119897 18.253191
v 9.896655 10.890642 18.243614
v 9.893734 10.887642 18.242195
v 9.893734 10.119897 18.242195
v 9.896655 10.116897 18.243614
v 9.903032 10.890642 18.237953
v 9.901970 10.887642 18.234884
v 9.901970 10.119897 18.234884
v 9.903032 10.116897 18.237953
v 9.911546 10.890642 18.238459
v 9.912964 10.887642 18.235538
v 9.912964 10.119897 18.235538
v 9.911546 10.116897 18.238459
v 9.917208 10.890642 18.244837
v 9.920276 10.887642 18.243774
v 9.920276 10.119897 18.243774
v 9.917208 10.116897 18.244837
v 9.916701 10.890642 18.253347
v 9.919622 10.887642 18.254766
v 9.919622 10.119897 18.254766
v 9.916701 10.116897 18.253347
v 9.910324 10.890642 18.259010
v 9.911386 10.887642 18.262079
v 9.911386 10.119897 18.262079
v 9.910324 10.116897 18.259010
v 9.901811 10.890642 18.258505
v 9.900393 10.887642 18.261427
v 9.900393 10.119897 18.261427
v 9.901811 10.116897 18.258505
v 9.865540 10.248789 18.151598
v 9.863686 10.251789 18.155415
v 9.865540 10.238676 18.151598
v 9.863686 10.235676 18.155415
v 9.865540 10.660267 18.151598
v 9.863686 10.663267 18.155415
v 9.863686 10.647154 18.155415
v 9.865540 10.650154 18.151598
v 9.873301 10.251789 18.152086
v 9.869484 10.248789 18.150234
v 9.869484 10.238676 18.150234
v 9.873301 10.235676 18.152086
v 9.869484 10.660267 18.150234
v 9.873301 10.663267 18.152086
v 9.873301 10.647154 18.152086
v 9.869484 10.650154 18.150234
v 9.892147 10.232676 18.243603
v 9.892715 10.235676 18.239252
v 9.893556 10.254789 18.245190
v 9.892715 10.251789 18.239252
v 9.892147 10.644154 18.243603
v 9.892715 10.647154 18.239252
v 9.893556 10.666267 18.245190
v 9.892715 10.663267 18.239252
v 9.904964 10.232676 18.235062
v 9.900951 10.235676 18.231941
v 9.900951 10.251789 18.231941
v 9.903557 10.254789 18.233477
v 9.904964 10.644154 18.235062
v 9.900951 10.647154 18.231941
v 9.900951 10.663267 18.231941
v 9.903557 10.666267 18.233477
v 9.894829 3.421632 18.254356
v 9.898007 3.424632 18.253695
v 9.898007 2.339100 18.253695
v 9.894829 2.342100 18.254356
v 9.899599 3.424632 18.245317
v 9.896884 3.421632 18.243536
v 9.896884 2.342100 18.243536
v 9.899599 2.339100 18.245317
v 9.906650 3.424632 18.240519
v 9.905989 3.421632 18.237339
v 9.905989 2.342100 18.237339
v 9.906650 2.339100 18.240519
v 9.915028 3.424632 18.242109
v 9.916809 3.421632 18.239395
v 9.916809 2.342100 18.239395
v 9.915028 2.339100 18.242109
v 9.919827 3.424632 18.249159
v 9.923006 3.421632 18.248499
v 9.923006 2.342100 18.248499
v 9.919827 2.339100 18.249159
v 9.918235 3.424632 18.257538
v 9.920950 3.421632 18.259319
v 9.920950 2.342100 18.259319
v 9.918235 2.339100 18.257538
v 9.911185 3.424632 18.262339
v 9.911846 3.421632 18.265518
v 9.911846 2.342100 18.265518
v 9.911185 2.339100 18.262339
v 9.902806 3.424632 18.260746
v 9.901026 3.421632 18.263462
v 9.901026 2.342100 18.263462
v 9.902806 2.339100 18.260746
v 9.880520 2.525348 18.150076
v 9.878193 2.528348 18.153624
v 9.880520 2.508744 18.150076
v 9.878193 2.505744 18.153624
v 9.880520 3.102634 18.150076
v 9.878193 3.105634 18.153624
v 9.878193 3.083028 18.153624
v 9.880520 3.086028 18.150076
v 9.888155 2.528348 18.151552
v 9.884607 2.525348 18.149225
v 9.884607 2.508744 18.149225
v 9.888155 2.505744 18.151552
v 9.884607 3.102634 18.149225
v 9.888155 3.105634 18.151552
v 9.888155 3.083028 18.151552
v 9.884607 3.086028 18.149225
v 9.895131 2.502743 18.244730
v 9.896250 2.505744 18.240488
v 9.896324 2.531348 18.246483
v 9.896250 2.528348 18.240488
v 9.895131 3.080028 18.244730
v 9.896250 3.083028 18.240488
v 9.896324 3.108634 18.246483
v 9.896250 3.105634 18.240488
v 9.908936 2.502743 18.237900
v 9.905354 2.505744 18.234291
v 9.905354 2.528348 18.234291
v 9.907742 2.531348 18.236145
v 9.908936 3.080028 18.237900
v 9.905354 3.083028 18.234291
v 9.905354 3.105634 18.234291
v 9.907742 3.108634 18.236145
v 9.846272 3.681798 17.868181
v 9.843029 3.684798 17.868015
v 9.843029 2.599266 17.868015
v 9.846272 2.602266 17.868181
v 9.839366 3.684798 17.875717
v 9.841541 3.681798 17.878128
v 9.841541 2.602266 17.878128
v 9.839366 2.599266 17.875717
v 9.831330 3.684798 17.878572
v 9.831164 3.681798 17.881815
v 9.831164 2.602266 17.881815
v 9.831330 2.599266 17.878572
v 9.823629 3.684798 17.874910
v 9.821218 3.681798 17.877085
v 9.821218 2.602266 17.877085
v 9.823629 2.599266 17.874910
v 9.820772 3.684798 17.866875
v 9.817530 3.681798 17.866709
v 9.817530 2.602266 17.866709
v 9.820772 2.599266 17.866875
v 9.824435 3.684798 17.859173
v 9.822260 3.681798 17.856762
v 9.822260 2.602266 17.856762
v 9.824435 2.599266 17.859173
v 9.832471 3.684798 17.856316
v 9.832637 3.681798 17.853073
v 9.832637 2.602266 17.853073
v 9.832471 2.599266 17.856316
v 9.840172 3.684798 17.859980
v 9.842583 3.681798 17.857803
v 9.842583 2.602266 17.857803
v 9.840172 2.599266 17.859980
v 9.833693 2.785514 17.972685
v 9.836843 2.788514 17.969843
v 9.833693 2.768909 17.972685
v 9.836843 2.765909 17.969843
v 9.833693 3.362800 17.972685
v 9.836843 3.365800 17.969843
v 9.836843 3.343194 17.969843
v 9.833693 3.346194 17.972685
v 9.826680 2.788514 17.969320
v 9.829523 2.785514 17.972471
v 9.829523 2.768909 17.972471
v 9.826680 2.765909 17.969320
v 9.829523 3.362800 17.972471
v 9.826680 3.365800 17.969320
v 9.826680 3.343194 17.969320
v 9.829523 3.346194 17.972471
v 9.843540 2.762909 17.877419
v 9.841382 2.765909 17.881237
v 9.842830 2.791514 17.875420
v 9.841382 2.788514 17.881237
v 9.843540 3.340194 17.877419
v 9.841382 3.343194 17.881237
v 9.842830 3.368800 17.875420
v 9.841382 3.365800 17.881237
v 9.828455 2.762909 17.880526
v 9.831005 2.765909 17.884924
v 9.831005 2.788514 17.884924
v 9.829165 2.791514 17.882524
v 9.828455 3.340194 17.880526
v 9.831005 3.343194 17.884924
v 9.831005 3.365800 17.884924
v 9.829165 3.368800 17.882524
v 9.846272 5.410968 17.868181
v 9.843029 5.413968 17.868015
v 9.843029 4.715869 17.868015
v 9.846272 4.718869 17.868181
v 9.839366 5.413968 17.875717
v 9.841541 5.410968 17.878128
v 9.841541 4.718869 17.878128
v 9.839366 4.715869 17.875717
v 9.831330 5.413968 17.878572
v 9.831164 5.410968 17.881815
v 9.831164 4.718869 17.881815
v 9.831330 4.715869 17.878572
v 9.823629 5.413968 17.874910
v 9.821218 5.410968 17.877085
v 9.821218 4.718869 17.877085
v 9.823629 4.715869 17.874910
v 9.820772 5.413968 17.866875
v 9.817530 5.410968 17.866709
v 9.817530 4.718869 17.866709
v 9.820772 4.715869 17.866875
v 9.824435 5.413968 17.859173
v 9.822260 5.410968 17.856762
v 9.822260 4.718869 17.856762
v 9.824435 4.715869 17.859173
v 9.832471 5.413968 17.856316
v 9.832637 5.410968 17.853073
v 9.832637 4.718869 17.853073
v 9.832471 4.715869 17.856316
v 9.840172 5.413968 17.859980
v 9.842583 5.410968 17.857803
v 9.842583 4.718869 17.857803
v 9.840172 4.715869 17.859980
v 9.833693 4.834574 17.972685
v 9.836843 4.837574 17.969843
v 9.833693 4.826036 17.972685
v 9.836843 4.823037 17.969843
v 9.833693 5.205822 17.972685
v 9.836843 5.208822 17.969843
v 9.836843 5.194285 17.969843
v 9.833693 5.197285 17.972685
v 9.826680 4.837574 17.969320
v 9.829523 4.834574 17.972471
v 9.829523 4.826036 17.972471
v 9.826680 4.823037 17.969320
v 9.829523 5.205822 17.972471
v 9.826680 5.208822 17.969320
v 9.826680 5.194285 17.969320
v 9.829523 5.197285 17.972471
v 9.843540 4.820037 17.877419
v 9.841382 4.823037 17.881237
v 9.842830 4.840573 17.875420
v 9.841382 4.837574 17.881237
v 9.843540 5.191285 17.877419
v 9.841382 5.194285 17.881237
v 9.842830 5.211822 17.875420
v 9.841382 5.208822 17.881237
v 9.828455 4.820037 17.880526
v 9.831005 4.823037 17.884924
v 9.831005 4.837574 17.884924
v 9.829165 4.840573 17.882524
v 9.828455 5.191285 17.880526
v 9.831005 5.194285 17.884924
v 9.831005 5.208822 17.884924
v 9.829165 5.211822 17.882524
v 10.026529 4.754444 18.050247
v 10.026097 4.757443 18.047029
v 10.026097 3.819844 18.047029
v 10.026529 3.822844 18.050247
v 10.017854 4.757443 18.044844
v 10.015883 4.754444 18.047424
v 10.015883 3.822844 18.047424
v 10.017854 3.819844 18.044844
v 10.013571 4.757443 18.037470
v 10.010352 4.754444 18.037903
v 10.010352 3.822844 18.037903
v 10.013571 3.819844 18.037470
v 10.015757 4.757443 18.029226
v 10.013175 4.754444 18.027256
v 10.013175 3.822844 18.027256
v 10.015757 3.819844 18.029226
v 10.023130 4.757443 18.024942
v 10.022697 4.754444 18.021725
v 10.022697 3.822844 18.021725
v 10.023130 3.819844 18.024942
v 10.031373 4.757443 18.027128
v 10.033342 4.754444 18.024548
v 10.033342 3.822844 18.024548
v 10.031373 3.819844 18.027128
v 10.035658 4.757443 18.034502
v 10.038877 4.754444 18.034069
v 10.038877 3.822844 18.034069
v 10.035658 3.819844 18.034502
v 10.033471 4.757443 18.042746
v 10.036053 4.754444 18.044716
v 10.036053 3.822844 18.044716
v 10.033471 3.819844 18.042746
v 9.921493 3.980302 18.057079
v 9.924866 3.983302 18.059654
v 9.921493 3.966778 18.057079
v 9.924866 3.963778 18.059654
v 9.921493 4.478918 18.057079
v 9.924866 4.481917 18.059654
v 9.924866 4.462393 18.059654
v 9.921493 4.465393 18.057079
v 9.923512 3.983302 18.049570
v 9.920938 3.980302 18.052942
v 9.920938 3.966778 18.052942
v 9.923512 3.963778 18.049570
v 9.920938 4.478918 18.052942
v 9.923512 4.481917 18.049570
v 9.923512 4.462393 18.049570
v 9.920938 4.465393 18.052942
v 10.016949 3.960778 18.049259
v 10.012797 3.963778 18.047838
v 10.018784 3.986302 18.048193
v 10.012797 3.983302 18.047838
v 10.016949 4.459393 18.049259
v 10.012797 4.462393 18.047838
v 10.018784 4.484917 18.048193
v 10.012797 4.481917 18.047838
v 10.011121 3.960778 18.035004
v 10.007266 3.963778 18.038317
v 10.007266 3.983302 18.038317
v 10.009287 3.986302 18.036070
v 10.011121 4.459393 18.035004
v 10.007266 4.462393 18.038317
v 10.007266 4.481917 18.038317
v 10.009287 4.484917 18.036070
v 9.327413 11.467932 18.000704
v 9.327160 11.470932 18.004978
v 9.327160 9.821410 18.004978
v 9.327413 9.824410 18.000704
v 9.336317 11.470932 18.014151
v 9.338164 11.467932 18.011433
v 9.338164 9.824410 18.011433
v 9.336317 9.821410 18.014151
v 9.339232 11.470932 18.032433
v 9.341612 11.467932 18.032900
v 9.341612 9.824410 18.032900
v 9.339232 9.821410 18.032433
v 9.334256 11.470932 18.049175
v 9.335737 11.467932 18.052532
v 9.335737 9.824410 18.052532
v 9.334256 9.821410 18.049175
v 9.324233 11.470932 18.054556
v 9.323980 11.467932 18.058828
v 9.323980 9.824410 18.058828
v 9.324233 9.821410 18.054556
v 9.315077 11.470932 18.045383
v 9.313229 11.467932 18.048101
v 9.313229 9.824410 18.048101
v 9.315077 9.821410 18.045383
v 9.312160 11.470932 18.027102
v 9.309781 11.467932 18.026632
v 9.309781 9.824410 18.026632
v 9.312160 9.821410 18.027102
v 9.317137 11.470932 18.010359
v 9.315656 11.467932 18.007002
v 9.315656 9.824410 18.007002
v 9.317137 9.821410 18.010359
v 9.337779 10.032037 18.009035
v 9.341201 10.035037 18.011953
v 9.336040 10.062497 18.009314
v 9.341201 10.059497 18.011953
v 9.337779 10.656678 18.009035
v 9.341201 10.659678 18.011953
v 9.336040 10.687139 18.009314
v 9.341201 10.684138 18.011953
v 9.340752 10.032037 18.035774
v 9.344647 10.035037 18.033419
v 9.344647 10.059497 18.033419
v 9.342040 10.062497 18.035568
v 9.340752 10.656678 18.035774
v 9.344647 10.659678 18.033419
v 9.344647 10.684138 18.033419
v 9.342040 10.687139 18.035568
v 9.572327 11.054941 18.043335
v 9.572074 11.057941 18.047607
v 9.572074 9.638291 18.047607
v 9.572327 9.641292 18.043335
v 9.581230 11.057941 18.056780
v 9.583077 11.054941 18.054062
v 9.583077 9.641292 18.054062
v 9.581230 9.638291 18.056780
v 9.584146 11.057941 18.075062
v 9.586526 11.054941 18.075529
v 9.586526 9.641292 18.075529
v 9.584146 9.638291 18.075062
v 9.579169 11.057941 18.091805
v 9.580650 11.054941 18.095161
v 9.580650 9.641292 18.095161
v 9.579169 9.638291 18.091805
v 9.569146 11.057941 18.097185
v 9.568893 11.054941 18.101458
v 9.568893 9.641292 18.101458
v 9.569146 9.638291 18.097185
v 9.559990 11.057941 18.088013
v 9.558143 11.054941 18.090731
v 9.558143 9.641292 18.090731
v 9.559990 9.638291 18.088013
v 9.557075 11.057941 18.069731
v 9.554695 11.054941 18.069262
v 9.554695 9.641292 18.069262
v 9.557075 9.638291 18.069731
v 9.562051 11.057941 18.052988
v 9.560570 11.054941 18.049631
v 9.560570 9.641292 18.049631
v 9.562051 9.638291 18.052988
v 9.694983 10.056497 18.079046
v 9.691773 10.059497 18.075464
v 9.694983 10.038037 18.079046
v 9.691773 10.035037 18.075464
v 9.694983 10.681138 18.079046
v 9.691773 10.684138 18.075464
v 9.691773 10.659678 18.075464
v 9.694983 10.662679 18.079046
v 9.693279 10.059497 18.096548
v 9.696061 10.056497 18.094145
v 9.696061 10.038037 18.094145
v 9.693279 10.035037 18.096548
v 9.696061 10.681138 18.094145
v 9.693279 10.684138 18.096548
v 9.693279 10.659678 18.096548
v 9.696061 10.662679 18.094145
v 9.582692 10.032037 18.051664
v 9.586112 10.035037 18.054659
v 9.580954 10.062497 18.051943
v 9.586112 10.059497 18.054659
v 9.582692 10.656678 18.051664
v 9.586112 10.659678 18.054659
v 9.580954 10.687139 18.051943
v 9.586112 10.684138 18.054659
v 9.585666 10.032037 18.078403
v 9.589561 10.035037 18.076126
v 9.589561 10.059497 18.076126
v 9.586954 10.062497 18.078196
v 9.585666 10.656678 18.078403
v 9.589561 10.659678 18.076126
v 9.589561 10.684138 18.076126
v 9.586954 10.687139 18.078196
v 9.553921 10.032037 18.071850
v 9.551727 10.035037 18.068754
v 9.555171 10.062497 18.072224
v 9.551727 10.059497 18.068754
v 9.553921 10.656678 18.071850
v 9.551727 10.659678 18.068754
v 9.555171 10.687139 18.072224
v 9.551727 10.684138 18.068754
v 9.562195 10.032037 18.047909
v 9.557602 10.035037 18.049122
v 9.557602 10.059497 18.049122
v 9.562195 10.062497 18.047909
v 9.562195 10.656678 18.047909
v 9.557602 10.659678 18.049122
v 9.557602 10.684138 18.049122
v 9.562195 10.687139 18.047909
v 10.124928 11.536802 17.990799
v 10.122751 11.539803 17.988388
v 10.122751 10.750534 17.988388
v 10.124928 10.753534 17.990799
v 10.118402 11.539803 17.989937
v 10.118237 11.536802 17.993179
v 10.118237 10.753534 17.993179
v 10.118402 10.750534 17.989937
v 10.114233 11.539803 17.987955
v 10.111823 11.536802 17.990131
v 10.111823 10.753534 17.990131
v 10.114233 10.750534 17.987955
v 10.112686 11.539803 17.983604
v 10.109443 11.536802 17.983440
v 10.109443 10.753534 17.983440
v 10.112686 10.750534 17.983604
v 10.114667 11.539803 17.979435
v 10.112491 11.536802 17.977026
v 10.112491 10.753534 17.977026
v 10.114667 10.750534 17.979435
v 10.119017 11.539803 17.977888
v 10.119182 11.536802 17.974646
v 10.119182 10.753534 17.974646
v 10.119017 10.750534 17.977888
v 10.123185 11.539803 17.979870
v 10.125595 11.536802 17.977694
v 10.125595 10.753534 17.977694
v 10.123185 10.750534 17.979870
v 10.124733 11.539803 17.984219
v 10.127975 11.536802 17.984385
v 10.127975 10.753534 17.984385
v 10.124733 10.750534 17.984219
v 9.825360 11.089417 18.095417
v 9.830298 11.092418 18.096592
v 9.825360 11.081296 18.095417
v 9.830298 11.078296 18.096592
v 9.825360 11.450068 18.095417
v 9.830298 11.453068 18.096592
v 9.830298 11.438944 18.096592
v 9.825360 11.441944 18.095417
v 9.825909 11.092418 18.091730
v 9.824984 11.089417 18.094999
v 9.824984 11.081296 18.094999
v 9.825909 11.078296 18.091730
v 9.824984 11.450068 18.094999
v 9.825909 11.453068 18.091730
v 9.825909 11.438944 18.091730
v 9.824984 11.441944 18.094999
v 10.120153 11.075295 17.994089
v 10.115030 11.078296 17.994331
v 10.121064 11.095418 17.992174
v 10.115030 11.092418 17.994331
v 10.120153 11.435944 17.994089
v 10.115030 11.438944 17.994331
v 10.121064 11.456068 17.992174
v 10.115030 11.453068 17.994331
v 10.110818 11.075295 17.987305
v 10.108602 11.078296 17.991276
v 10.108602 11.092418 17.991276
v 10.109907 11.095418 17.989222
v 10.110818 11.435944 17.987305
v 10.108602 11.438944 17.991276
v 10.108602 11.453068 17.991276
v 10.109907 11.456068 17.989222
v 9.539755 9.089570 18.367193
v 9.543311 9.092570 18.369577
v 9.543311 7.820196 18.369577
v 9.539755 7.823196 18.367193
v 9.552498 9.092570 18.367208
v 9.551092 9.089570 18.364239
v 9.551092 7.823196 18.364239
v 9.552498 7.820196 18.367208
v 9.565105 9.092570 18.372152
v 9.566715 9.089570 18.370338
v 9.566715 7.823196 18.370338
v 9.565105 7.820196 18.372152
v 9.573827 9.092570 18.381496
v 9.577472 9.089570 18.381922
v 9.577472 7.823196 18.381922
v 9.573827 7.820196 18.381496
v 9.573507 9.092570 18.389816
v 9.577063 9.089570 18.392200
v 9.577063 7.823196 18.392200
v 9.573507 7.820196 18.389816
v 9.564322 9.092570 18.392185
v 9.565727 9.089570 18.395155
v 9.565727 7.823196 18.395155
v 9.564322 7.820196 18.392185
v 9.551714 9.092570 18.387239
v 9.550104 9.089570 18.389053
v 9.550104 7.823196 18.389053
v 9.551714 7.820196 18.387239
v 9.542992 9.092570 18.377899
v 9.539347 9.089570 18.377474
v 9.539347 7.823196 18.377474
v 9.542992 7.820196 18.377899
v 9.548830 7.981979 18.363356
v 9.553081 7.984979 18.361885
v 9.548189 8.006846 18.364996
v 9.553081 8.003846 18.361885
v 9.548830 8.463801 18.363356
v 9.553081 8.466802 18.361885
v 9.548189 8.488669 18.364996
v 9.553081 8.485669 18.361885
v 9.568757 7.981979 18.372538
v 9.568701 7.984979 18.367985
v 9.568701 8.003846 18.367985
v 9.569232 8.006846 18.371321
v 9.568757 8.463801 18.372538
v 9.568701 8.466802 18.367985
v 9.568701 8.485669 18.367985
v 9.569232 8.488669 18.371321
v 9.663847 8.771006 18.221004
v 9.667403 8.774006 18.223387
v 9.667403 7.678946 18.223387
v 9.663847 7.681945 18.221004
v 9.676589 8.774006 18.221018
v 9.675183 8.771006 18.218048
v 9.675183 7.681945 18.218048
v 9.676589 7.678946 18.221018
v 9.689197 8.774006 18.225962
v 9.690806 8.771006 18.224148
v 9.690806 7.681945 18.224148
v 9.689197 7.678946 18.225962
v 9.697919 8.774006 18.235304
v 9.701564 8.771006 18.235729
v 9.701564 7.681945 18.235729
v 9.697919 7.678946 18.235304
v 9.697598 8.774006 18.243624
v 9.701155 8.771006 18.246008
v 9.701155 7.681945 18.246008
v 9.697598 7.678946 18.243624
v 9.688413 8.774006 18.245995
v 9.689818 8.771006 18.248964
v 9.689818 7.681945 18.248964
v 9.688413 7.678946 18.245995
v 9.675805 8.774006 18.241049
v 9.674195 8.771006 18.242863
v 9.674195 7.681945 18.242863
v 9.675805 7.678946 18.241049
v 9.667084 8.774006 18.231707
v 9.663439 8.771006 18.231281
v 9.663439 7.681945 18.231281
v 9.667084 7.678946 18.231707
v 9.736158 8.000846 18.153708
v 9.731444 8.003846 18.154657
v 9.736158 7.987978 18.153708
v 9.731444 7.984979 18.154657
v 9.736158 8.482669 18.153708
v 9.731444 8.485669 18.154657
v 9.731444 8.466802 18.154657
v 9.736158 8.469802 18.153708
v 9.746053 8.003846 18.161900
v 9.745392 8.000846 18.158283
v 9.745392 7.987978 18.158283
v 9.746053 7.984979 18.161900
v 9.745392 8.482669 18.158283
v 9.746053 8.485669 18.161900
v 9.746053 8.466802 18.161900
v 9.745392 8.469802 18.158283
v 9.672921 7.981979 18.217165
v 9.677237 7.984979 18.215734
v 9.672280 8.006846 18.218805
v 9.677237 8.003846 18.215734
v 9.672921 8.463801 18.217165
v 9.677237 8.466802 18.215734
v 9.672280 8.488669 18.218805
v 9.677237 8.485669 18.215734
v 9.692848 7.981979 18.226345
v 9.692860 7.984979 18.221834
v 9.692860 8.003846 18.221834
v 9.693322 8.006846 18.225130
v 9.692848 8.463801 18.226345
v 9.692860 8.466802 18.221834
v 9.692860 8.485669 18.221834
v 9.693322 8.488669 18.225130
v 9.676033 7.981979 18.244843
v 9.672255 7.984979 18.245165
v 9.676990 8.006846 18.243954
v 9.672255 8.003846 18.245165
v 9.676033 8.463801 18.244843
v 9.672255 8.466802 18.245165
v 9.676990 8.488669 18.243954
v 9.672255 8.485669 18.245165
v 9.663558 7.981979 18.228283
v 9.661495 7.984979 18.233582
v 9.661495 8.003846 18.233582
v 9.661999 8.006846 18.229731
v 9.663558 8.463801 18.228283
v 9.661495 8.466802 18.233582
v 9.661495 8.485669 18.233582
v 9.661999 8.488669 18.229731
vn -0.0000 1.0000 -0.0000
vn -0.0000 -1.0000 -0.0000
vn -0.8814 0.0068 -0.4724
vn -0.8890 0.0064 -0.4579
vn -0.8890 0.0066 -0.4579
vn -0.8879 0.0058 -0.4601
vn 0.9712 -0.0068 -0.2383
vn 0.9749 -0.0064 -0.2225
vn 0.9749 -0.0066 -0.2224
vn 0.9744 -0.0062 -0.2248
vn 0.8686 -0.0000 0.4955
vn 0.2638 -0.0000 0.9646
vn 0.2639 -0.0000 0.9646
vn -0.4955 -0.0000 0.8686
vn -0.9646 -0.0000 0.2638
vn -0.1066 0.0068 -0.9943
vn -0.1228 0.0064 -0.9924
vn -0.1228 0.0066 -0.9924
vn -0.1205 0.0058 -0.9927
vn 0.7443 -0.0068 0.6679
vn 0.7333 -0.0064 0.6799
vn 0.7333 -0.0066 0.6799
vn 0.7349 -0.0062 0.6781
vn 0.0804 -0.0000 0.9968
vn -0.6480 -0.0000 0.7617
vn -0.6479 -0.0000 0.7617
vn -0.9968 -0.0000 0.0804
vn -0.9968 -0.0000 0.0805
vn -0.7617 -0.0000 -0.6480
vn -0.7616 -0.0000 -0.6480
vn -0.1067 0.0119 -0.9942
vn -0.1229 0.0111 -0.9924
vn -0.1229 0.0115 -0.9924
vn -0.1206 0.0100 -0.9927
vn 0.7442 -0.0120 0.6679
vn 0.7332 -0.0112 0.6799
vn 0.7332 -0.0115 0.6799
vn 0.7348 -0.0108 0.6782
vn -0.9359 0.0118 0.3521
vn -0.9300 0.0110 0.3673
vn -0.9300 0.0113 0.3673
vn -0.9309 0.0098 0.3652
vn 0.4605 -0.0117 -0.8876
vn 0.4749 -0.0110 -0.8800
vn 0.4749 -0.0113 -0.8800
vn 0.4728 -0.0106 -0.8811
vn 0.9450 -0.0000 -0.3272
vn 0.8996 -0.0000 0.4368
vn 0.3273 -0.0000 0.9449
vn -0.4368 -0.0000 0.8996
vn 0.8995 -0.0000 0.4368
vn -0.9733 0.0088 0.2293
vn -0.9695 0.0082 0.2452
vn -0.9695 0.0085 0.2451
vn -0.9700 0.0074 0.2428
vn 0.5703 -0.0088 -0.8214
vn 0.5836 -0.0082 -0.8120
vn 0.5836 -0.0085 -0.8120
vn 0.5816 -0.0079 -0.8134
vn 0.9791 -0.0000 -0.2035
vn 0.8363 -0.0000 0.5483
vn 0.8362 -0.0000 0.5484
vn 0.2036 -0.0000 0.9791
vn -0.5485 -0.0000 0.8362
vn -0.5484 -0.0000 0.8362
vn 0.9997 0.0088 0.0248
vn 0.9999 0.0082 0.0084
vn 0.9999 0.0085 0.0084
vn 0.9999 0.0074 0.0108
vn -0.7598 -0.0088 0.6501
vn -0.7703 -0.0082 0.6377
vn -0.7702 -0.0085 0.6377
vn -0.7687 -0.0079 0.6396
vn -0.9987 -0.0000 -0.0511
vn -0.6700 -0.0000 -0.7423
vn 0.0512 -0.0000 -0.9987
vn 0.7424 -0.0000 -0.6700
vn 0.9996 0.0128 0.0247
vn 0.9999 0.0119 0.0084
vn 0.9999 0.0123 0.0084
vn 0.9999 0.0107 0.0107
vn -0.7597 -0.0128 0.6501
vn -0.7703 -0.0119 0.6376
vn -0.7703 -0.0123 0.6376
vn -0.7687 -0.0115 0.6395
vn -0.6700 -0.0000 -0.7424
vn 0.1592 0.0100 0.9872
vn 0.1753 0.0093 0.9845
vn 0.1753 0.0096 0.9845
vn 0.1730 0.0084 0.9849
vn -0.7786 -0.0100 -0.6274
vn -0.7683 -0.0093 -0.6400
vn -0.7683 -0.0096 -0.6400
vn -0.7698 -0.0090 -0.6382
vn -0.1331 -0.0000 -0.9911
vn 0.6066 -0.0000 -0.7950
vn 0.9911 -0.0000 -0.1332
vn 0.7949 -0.0000 0.6067
vn 0.1296 0.0088 -0.9915
vn 0.1179 0.0083 -0.9930
vn 0.1179 0.0084 -0.9930
vn 0.1191 0.0077 -0.9929
vn 0.7686 -0.0063 0.6397
vn 0.7639 -0.0060 0.6453
vn 0.7642 -0.0061 0.6449
vn -0.1458 -0.0000 0.9893
vn -0.8903 -0.0000 0.4555
vn -0.9978 -0.0000 -0.0657
vn -0.7745 -0.0000 -0.6326
vn 0.1555 0.0089 -0.9878
vn 0.1514 0.0082 -0.9884
vn 0.1452 0.0077 -0.9894
vn 0.7642 -0.0058 0.6449
vn -0.8833 0.0057 0.4687
vn -0.8831 0.0058 0.4691
vn -0.8863 0.0061 0.4630
vn 0.7095 0.0136 0.7046
vn 0.7251 0.0122 0.6885
vn 0.7251 0.0132 0.6885
vn 0.7209 0.0121 0.6929
vn -0.9944 -0.0136 -0.1049
vn -0.9918 -0.0122 -0.1272
vn -0.9918 -0.0132 -0.1272
vn -0.9925 -0.0107 -0.1215
vn -0.6702 -0.0000 -0.7422
vn 0.0509 -0.0000 -0.9987
vn 0.7422 -0.0000 -0.6702
vn 0.9987 -0.0000 0.0509
vn -0.7935 0.0114 -0.6084
vn -0.8025 0.0107 -0.5965
vn -0.8025 0.0109 -0.5965
vn -0.8013 0.0099 -0.5981
vn 0.9423 -0.0081 -0.3348
vn 0.9454 -0.0078 -0.3258
vn 0.9451 -0.0078 -0.3267
vn 0.7790 -0.0000 0.6271
vn -0.0586 -0.0000 0.9983
vn -0.0587 -0.0000 0.9983
vn -0.5624 -0.0000 0.8269
vn -0.9378 -0.0000 0.3471
vn -0.7662 0.0006 -0.6426
vn -0.7740 -0.0007 -0.6332
vn -0.7740 -0.0000 -0.6332
vn -0.7834 -0.0013 -0.6215
vn 0.9422 -0.0081 -0.3348
vn 0.9454 -0.0077 -0.3258
vn 0.9451 -0.0075 -0.3267
vn 0.7790 -0.0000 0.6270
vn -0.0385 0.0073 0.9992
vn -0.0377 0.0075 0.9993
vn -0.0467 0.0078 0.9989
vn -0.8074 0.3688 -0.4606
vn -0.3802 0.8991 -0.2170
vn -0.3802 -0.8991 -0.2169
vn -0.8185 -0.3670 -0.4419
vn -0.1155 0.8991 -0.4223
vn -0.2677 0.3651 -0.8916
vn -0.2409 -0.3755 -0.8950
vn -0.1154 -0.8991 -0.4222
vn 0.2169 0.8991 -0.3802
vn 0.4567 0.3757 -0.8064
vn 0.4806 -0.3646 -0.7976
vn 0.2170 -0.8991 -0.3802
vn 0.4222 0.8991 -0.1156
vn 0.9029 0.3665 -0.2245
vn 0.8966 -0.3688 -0.2453
vn 0.4223 -0.8991 -0.1156
vn 0.3803 0.8991 0.2169
vn 0.8074 0.3688 0.4606
vn 0.8074 -0.3688 0.4606
vn 0.3803 -0.8991 0.2169
vn 0.1155 0.8991 0.4222
vn 0.2453 0.3688 0.8966
vn 0.2453 -0.3688 0.8966
vn 0.1155 -0.8991 0.4222
vn -0.2169 0.8991 0.3801
vn -0.4606 0.3689 0.8073
vn -0.4606 -0.3689 0.8073
vn -0.2169 -0.8992 0.3801
vn -0.4222 0.8991 0.1155
vn -0.8966 0.3688 0.2452
vn -0.8966 -0.3689 0.2452
vn -0.4222 -0.8991 0.1155
vn 0.1879 0.3003 -0.9351
vn -0.3713 0.6508 -0.6623
vn 0.1879 -0.3003 -0.9351
vn -0.3713 -0.6508 -0.6623
vn 0.7591 0.6507 -0.0174
vn 0.7095 0.3003 -0.6376
vn 0.7094 -0.3003 -0.6376
vn 0.7591 -0.6507 -0.0174
vn 0.7094 0.3003 -0.6377
vn 0.7591 0.6508 -0.0175
vn 0.7591 -0.6508 -0.0175
vn -0.4085 -0.1319 -0.9032
vn -0.4777 -0.5467 -0.6876
vn -0.4470 0.1320 -0.8847
vn -0.5068 0.5404 -0.6716
vn -0.4272 -0.1309 -0.8946
vn -0.4778 -0.5467 -0.6876
vn -0.4399 0.1294 -0.8887
vn 0.6771 -0.1781 -0.7140
vn 0.7339 -0.6731 -0.0914
vn 0.7407 0.6622 -0.1133
vn 0.6442 0.1945 -0.7397
vn 0.6827 -0.1822 -0.7076
vn 0.7339 -0.6731 -0.0915
vn 0.7407 0.6622 -0.1134
vn 0.6278 0.1964 -0.7532
vn -0.0747 0.3689 -0.9265
vn -0.0351 0.8991 -0.4362
vn -0.0352 -0.8991 -0.4362
vn -0.0964 -0.3670 -0.9252
vn 0.2836 0.8992 -0.3333
vn 0.5855 0.3652 -0.7238
vn 0.6033 -0.3756 -0.7035
vn 0.2836 -0.8992 -0.3333
vn 0.4363 0.8991 -0.0352
vn 0.9235 0.3758 -0.0774
vn 0.9296 -0.3647 -0.0527
vn 0.4362 -0.8991 -0.0352
vn 0.3334 0.8991 0.2836
vn 0.6944 0.3665 0.6192
vn 0.7080 -0.3689 0.6023
vn 0.3334 -0.8991 0.2836
vn 0.0351 0.8991 0.4363
vn 0.0747 0.3689 0.9265
vn 0.0747 -0.3689 0.9265
vn 0.0352 -0.8991 0.4363
vn -0.2836 0.8992 0.3334
vn -0.6022 0.3689 0.7080
vn -0.6022 -0.3689 0.7080
vn -0.2836 -0.8991 0.3334
vn -0.4363 0.8991 0.0352
vn -0.9265 0.3689 0.0748
vn -0.9265 -0.3689 0.0748
vn -0.4363 -0.8991 0.0352
vn -0.3334 0.8991 -0.2836
vn -0.7079 0.3689 -0.6023
vn -0.7080 -0.3689 -0.6023
vn -0.3334 -0.8991 -0.2836
vn 0.8784 0.3002 -0.3719
vn 0.3378 0.6507 -0.6801
vn 0.8784 -0.3002 -0.3719
vn 0.3378 -0.6507 -0.6801
vn 0.8783 0.3002 -0.3720
vn 0.8783 -0.3003 -0.3720
vn 0.4424 0.6507 0.6171
vn 0.9266 0.3002 0.2264
vn 0.9266 -0.3002 0.2264
vn 0.4424 -0.6507 0.6171
vn 0.4424 -0.6508 0.6171
vn 0.9266 -0.3003 0.2264
vn 0.5156 -0.1320 -0.8466
vn 0.2985 -0.5468 -0.7822
vn 0.4788 0.1320 -0.8679
vn 0.2690 0.5404 -0.7973
vn 0.4981 -0.1309 -0.8572
vn 0.4861 0.1294 -0.8643
vn 0.2689 0.5404 -0.7973
vn 0.9714 -0.1782 0.1568
vn 0.4891 -0.6732 0.5546
vn 0.5111 0.6622 0.5479
vn 0.9741 0.1945 0.1150
vn 0.9693 -0.1823 0.1650
vn 0.4890 -0.6732 0.5547
vn 0.9760 0.1964 0.0939
vn -0.0352 0.8991 -0.4362
vn -0.0352 -0.8991 -0.4363
vn -0.0965 -0.3680 -0.9248
vn 0.5862 0.3647 -0.7234
vn 0.6045 -0.3750 -0.7028
vn 0.9235 0.3755 -0.0781
vn 0.9300 -0.3636 -0.0542
vn 0.4363 -0.8991 -0.0352
vn 0.6942 0.3670 0.6192
vn 0.7079 -0.3689 0.6023
vn 0.0747 -0.3688 0.9265
vn 0.0351 -0.8991 0.4363
vn -0.2836 0.8991 0.3334
vn -0.7080 0.3688 -0.6023
vn -0.7079 -0.3688 -0.6023
vn -0.3334 -0.8991 -0.2837
vn 0.8783 -0.3002 -0.3720
vn 0.8783 0.3003 -0.3720
vn 0.9266 0.3002 0.2265
vn 0.9266 -0.3002 0.2265
vn 0.9266 0.3003 0.2264
vn 0.5151 -0.1260 -0.8478
vn 0.2996 -0.5424 -0.7849
vn 0.4785 0.1377 -0.8672
vn 0.2681 0.5447 -0.7947
vn 0.4987 -0.1254 -0.8576
vn 0.2995 -0.5424 -0.7849
vn 0.4853 0.1347 -0.8639
vn 0.9712 -0.1811 0.1550
vn 0.4883 -0.6745 0.5537
vn 0.5120 0.6608 0.5488
vn 0.9745 0.1911 0.1178
vn 0.9690 -0.1863 0.1620
vn 0.4883 -0.6745 0.5538
vn 0.5119 0.6608 0.5489
vn 0.9764 0.1926 0.0975
vn -0.8783 0.3687 0.3042
vn -0.4137 0.8990 0.1433
vn -0.4137 -0.8991 0.1433
vn -0.8713 -0.3678 0.3249
vn -0.3938 0.8991 -0.1913
vn -0.8471 0.3646 -0.3866
vn -0.8317 -0.3750 -0.4094
vn -0.3937 -0.8991 -0.1912
vn -0.1432 0.8991 -0.4136
vn -0.3066 0.3755 -0.8747
vn -0.2851 -0.3637 -0.8868
vn -0.1432 -0.8992 -0.4135
vn 0.1912 0.8991 -0.3937
vn 0.4259 0.3670 -0.8270
vn 0.4061 -0.3688 -0.8361
vn 0.1913 -0.8991 -0.3937
vn 0.4137 0.8991 -0.1432
vn 0.8783 0.3688 -0.3041
vn 0.8783 -0.3688 -0.3041
vn 0.4137 -0.8991 -0.1432
vn 0.3937 0.8991 0.1912
vn 0.8361 0.3688 0.4060
vn 0.8361 -0.3688 0.4060
vn 0.3937 -0.8991 0.1912
vn 0.1432 0.8991 0.4136
vn 0.3042 0.3688 0.8783
vn 0.3042 -0.3688 0.8783
vn 0.1433 -0.8991 0.4136
vn -0.1912 0.8991 0.3938
vn -0.4060 0.3688 0.8362
vn -0.4060 -0.3688 0.8362
vn -0.1913 -0.8991 0.3938
vn -0.5798 0.3001 -0.7575
vn -0.7430 0.6507 -0.1569
vn -0.5798 -0.3002 -0.7575
vn -0.7429 -0.6507 -0.1569
vn -0.5797 0.3001 -0.7576
vn -0.7429 0.6507 -0.1570
vn -0.7429 -0.6507 -0.1570
vn -0.5797 -0.3002 -0.7575
vn 0.4868 0.6507 -0.5828
vn -0.0125 0.3001 -0.9538
vn -0.0124 -0.3002 -0.9538
vn 0.4869 -0.6507 -0.5827
vn 0.4868 -0.6507 -0.5827
vn -0.0125 -0.3002 -0.9538
vn -0.9497 -0.1263 -0.2866
vn -0.8347 -0.5426 -0.0937
vn -0.9594 0.1375 -0.2463
vn -0.8366 0.5445 -0.0608
vn -0.9551 -0.1257 -0.2683
vn -0.9579 0.1345 -0.2538
vn -0.8365 0.5445 -0.0608
vn -0.0927 -0.1810 -0.9791
vn 0.4141 -0.6744 -0.6114
vn 0.4033 0.6609 -0.6329
vn -0.1297 0.1912 -0.9729
vn -0.0854 -0.1861 -0.9788
vn 0.4140 -0.6744 -0.6114
vn 0.4033 0.6609 -0.6330
vn -0.1499 0.1927 -0.9697
vn -0.8784 0.3687 0.3042
vn -0.4138 0.8990 0.1433
vn -0.8318 -0.3749 -0.4094
vn -0.3938 -0.8991 -0.1912
vn -0.1433 0.8991 -0.4136
vn -0.1432 -0.8991 -0.4136
vn 0.1913 -0.8991 -0.3938
vn 0.8784 0.3688 -0.3041
vn 0.8784 -0.3687 -0.3041
vn 0.4137 -0.8991 -0.1433
vn 0.3938 0.8991 0.1912
vn 0.3938 -0.8991 0.1912
vn 0.1433 0.8991 0.4136
vn 0.1432 -0.8991 0.4136
vn -0.1913 0.8991 0.3938
vn -0.4060 0.3687 0.8362
vn -0.1912 -0.8991 0.3938
vn -0.7430 -0.6507 -0.1570
vn -0.9497 -0.1263 -0.2867
vn -0.8365 0.5445 -0.0609
vn -0.8348 -0.5426 -0.0937
vn -0.8365 0.5446 -0.0609
vn -0.1296 0.1913 -0.9729
vn 0.4033 0.6608 -0.6329
vn -0.9101 0.3688 0.1892
vn -0.4286 0.8991 0.0891
vn -0.4286 -0.8991 0.0891
vn -0.9060 -0.3673 0.2106
vn -0.3660 0.8991 -0.2400
vn -0.7908 0.3650 -0.4914
vn -0.7728 -0.3752 -0.5118
vn -0.3661 -0.8991 -0.2401
vn -0.0891 0.8991 -0.4285
vn -0.1917 0.3757 -0.9067
vn -0.1683 -0.3642 -0.9160
vn -0.0891 -0.8991 -0.4286
vn 0.2400 0.8991 -0.3661
vn 0.5282 0.3667 -0.7658
vn 0.5097 -0.3688 -0.7773
vn 0.2400 -0.8991 -0.3661
vn 0.4285 0.8991 -0.0891
vn 0.9100 0.3688 -0.1891
vn 0.9100 -0.3689 -0.1892
vn 0.4285 -0.8991 -0.0891
vn 0.3660 0.8992 0.2399
vn 0.7773 0.3689 0.5097
vn 0.7773 -0.3689 0.5097
vn 0.3660 -0.8991 0.2399
vn 0.0891 0.8991 0.4285
vn 0.1892 0.3689 0.9100
vn 0.1892 -0.3689 0.9100
vn 0.0891 -0.8991 0.4285
vn -0.2401 0.8991 0.3660
vn -0.5098 0.3688 0.7773
vn -0.5098 -0.3688 0.7773
vn -0.2401 -0.8991 0.3660
vn -0.4782 0.3002 -0.8253
vn -0.7168 0.6507 -0.2507
vn -0.4783 -0.3002 -0.8253
vn -0.7167 -0.6507 -0.2507
vn -0.4783 0.3002 -0.8253
vn -0.4783 -0.3003 -0.8253
vn 0.5574 0.6507 -0.5156
vn 0.1096 0.3002 -0.9476
vn 0.1096 -0.3002 -0.9476
vn 0.5574 -0.6507 -0.5156
vn 0.1096 -0.3002 -0.9475
vn -0.9045 -0.1298 -0.4063
vn -0.8143 -0.5452 -0.1993
vn -0.9204 0.1342 -0.3673
vn -0.8235 0.5420 -0.1677
vn -0.9126 -0.1289 -0.3880
vn -0.9178 0.1314 -0.3747
vn 0.0343 -0.1794 -0.9832
vn 0.4893 -0.6737 -0.5538
vn 0.4804 0.6617 -0.5756
vn -0.0057 0.1932 -0.9811
vn 0.0422 -0.1838 -0.9820
vn 0.4894 -0.6737 -0.5538
vn 0.4805 0.6617 -0.5756
vn -0.0267 0.1949 -0.9805
vn 0.9283 0.3689 0.0475
vn 0.4371 0.8991 0.0224
vn 0.4371 -0.8991 0.0224
vn 0.9297 -0.3674 0.0258
vn 0.2933 0.8991 0.3250
vn 0.6404 0.3649 0.6758
vn 0.6179 -0.3752 0.6909
vn 0.2933 -0.8991 0.3250
vn -0.0224 0.8990 0.4373
vn -0.0443 0.3755 0.9258
vn -0.0694 -0.3641 0.9288
vn -0.0225 -0.8990 0.4373
vn -0.3249 0.8991 0.2934
vn -0.7050 0.3667 0.6071
vn -0.6900 -0.3688 0.6228
vn -0.3249 -0.8991 0.2934
vn -0.4371 0.8991 -0.0224
vn -0.9283 0.3689 -0.0475
vn -0.9283 -0.3688 -0.0476
vn -0.4372 -0.8991 -0.0224
vn -0.2933 0.8991 -0.3249
vn -0.6228 0.3688 -0.6900
vn -0.6228 -0.3688 -0.6900
vn -0.2933 -0.8991 -0.3250
vn 0.0224 0.8991 -0.4372
vn 0.0476 0.3688 -0.9283
vn 0.0476 -0.3688 -0.9283
vn 0.0224 -0.8991 -0.4372
vn 0.3249 0.8992 -0.2932
vn 0.6900 0.3689 -0.6228
vn 0.6900 -0.3689 -0.6228
vn 0.3248 -0.8992 -0.2932
vn 0.2534 0.3002 0.9196
vn 0.6298 0.6507 0.4242
vn 0.2534 -0.3002 0.9196
vn 0.6298 -0.6507 0.4242
vn -0.6699 0.6507 0.3575
vn -0.3462 0.3002 0.8888
vn -0.3462 -0.3002 0.8888
vn -0.6699 -0.6507 0.3575
vn 0.7720 -0.1297 0.6223
vn 0.7372 -0.5451 0.3993
vn 0.7973 0.1342 0.5885
vn 0.7541 0.5420 0.3710
vn 0.7845 -0.1289 0.6066
vn 0.7372 -0.5451 0.3992
vn 0.7928 0.1314 0.5951
vn 0.7541 0.5420 0.3709
vn -0.2823 -0.1793 0.9424
vn -0.6137 -0.6736 0.4119
vn -0.6106 0.6617 0.4351
vn -0.2431 0.1932 0.9506
vn -0.2897 -0.1838 0.9393
vn -0.2227 0.1949 0.9552
vn 0.9282 0.3689 0.0475
vn 0.9294 -0.3682 0.0257
vn 0.6401 0.3645 0.6763
vn 0.6172 -0.3748 0.6918
vn -0.0224 0.8991 0.4373
vn -0.0438 0.3753 0.9259
vn -0.0681 -0.3633 0.9292
vn -0.0224 -0.8991 0.4373
vn -0.3249 0.8991 0.2933
vn -0.7049 0.3671 0.6069
vn -0.3249 -0.8991 0.2933
vn -0.2933 -0.8991 -0.3249
vn 0.6900 -0.3689 -0.6227
vn 0.3249 -0.8992 -0.2932
vn 0.7730 -0.1251 0.6219
vn 0.7391 -0.5417 0.4003
vn 0.7967 0.1387 0.5882
vn 0.7521 0.5454 0.3700
vn 0.7847 -0.1246 0.6072
vn 0.7926 0.1356 0.5945
vn -0.2810 -0.1815 0.9424
vn -0.6129 -0.6746 0.4114
vn -0.6114 0.6605 0.4357
vn -0.2453 0.1905 0.9506
vn -0.2874 -0.1869 0.9394
vn -0.2255 0.1919 0.9552
vn 0.1237 0.3688 0.9212
vn 0.0583 0.8991 0.4339
vn 0.0583 -0.8991 0.4339
vn 0.1454 -0.3675 0.9186
vn -0.2655 0.8991 0.3480
vn -0.5467 0.3649 0.7536
vn -0.5659 -0.3751 0.7342
vn -0.2656 -0.8991 0.3480
vn -0.4337 0.8992 0.0583
vn -0.9180 0.3757 0.1268
vn -0.9257 -0.3640 0.1029
vn -0.4338 -0.8991 0.0583
vn -0.3479 0.8992 -0.2655
vn -0.7261 0.3669 -0.5815
vn -0.7389 -0.3689 -0.5639
vn -0.3479 -0.8992 -0.2655
vn -0.0582 0.8991 -0.4338
vn -0.1237 0.3689 -0.9212
vn -0.1237 -0.3688 -0.9212
vn -0.0582 -0.8991 -0.4338
vn 0.2655 0.8991 -0.3480
vn 0.5638 0.3688 -0.7390
vn 0.5638 -0.3688 -0.7390
vn 0.2655 -0.8991 -0.3480
vn 0.4337 0.8992 -0.0583
vn 0.9212 0.3689 -0.1238
vn 0.9212 -0.3689 -0.1238
vn 0.4338 -0.8991 -0.0583
vn 0.3480 0.8991 0.2656
vn 0.7389 0.3688 0.5640
vn 0.7389 -0.3688 0.5640
vn 0.3480 -0.8991 0.2656
vn -0.8574 0.3002 0.4180
vn -0.3013 0.6507 0.6970
vn -0.8574 -0.3002 0.4180
vn -0.3013 -0.6507 0.6970
vn -0.3012 0.6507 0.6971
vn -0.3013 -0.6507 0.6971
vn -0.4745 0.6507 -0.5928
vn -0.9373 0.3002 -0.1770
vn -0.9373 -0.3002 -0.1770
vn -0.4745 -0.6507 -0.5928
vn -0.4697 -0.1283 0.8735
vn -0.2573 -0.5440 0.7986
vn -0.4320 0.1355 0.8917
vn -0.2259 0.5430 0.8088
vn -0.4523 -0.1275 0.8827
vn -0.2572 -0.5441 0.7986
vn -0.4391 0.1326 0.8886
vn -0.9782 -0.1800 -0.1039
vn -0.5174 -0.6739 -0.5275
vn -0.5400 0.6613 -0.5206
vn -0.9792 0.1925 -0.0649
vn -0.9765 -0.1847 -0.1114
vn -0.5173 -0.6739 -0.5275
vn -0.5399 0.6613 -0.5207
vn -0.9800 0.1941 -0.0441
vn 0.1281 0.4020 -0.9066
vn 0.0789 0.9146 -0.3966
vn 0.0790 -0.9146 -0.3966
vn 0.1125 -0.3989 -0.9101
vn 0.4331 0.8842 -0.1751
vn 0.8175 0.3550 -0.4535
vn 0.8184 -0.3588 -0.4488
vn 0.4332 -0.8841 -0.1751
vn 0.4812 0.8762 0.0253
vn 0.9460 0.3178 0.0644
vn 0.9462 -0.3153 0.0727
vn 0.4813 -0.8762 0.0253
vn 0.3827 0.8912 0.2435
vn 0.6968 0.3759 0.6108
vn 0.7024 -0.3771 0.6037
vn 0.3827 -0.8912 0.2435
vn -0.0790 0.9146 0.3965
vn -0.1282 0.4021 0.9066
vn -0.1282 -0.4020 0.9066
vn -0.0791 -0.9146 0.3965
vn -0.4330 0.8842 0.1751
vn -0.8218 0.3564 0.4445
vn -0.8219 -0.3564 0.4444
vn -0.4331 -0.8842 0.1751
vn -0.4813 0.8762 -0.0253
vn -0.9463 0.3166 -0.0663
vn -0.9463 -0.3165 -0.0663
vn -0.4813 -0.8762 -0.0253
vn -0.3828 0.8912 -0.2435
vn -0.7024 0.3770 -0.6037
vn -0.7024 -0.3770 -0.6037
vn -0.3828 -0.8912 -0.2435
vn 0.8045 -0.1102 -0.5836
vn 0.5297 -0.5394 -0.6545
vn 0.7920 0.1326 -0.5960
vn 0.5036 0.5540 -0.6629
vn 0.7994 -0.1100 -0.5906
vn 0.7979 0.1319 -0.5882
vn 0.5037 0.5540 -0.6629
vn 0.9597 -0.1575 0.2327
vn 0.4241 -0.6608 0.6192
vn 0.4324 0.6573 0.6172
vn 0.9635 0.1545 0.2186
vn 0.9595 -0.1588 0.2327
vn 0.4325 0.6572 0.6172
vn 0.9651 0.1547 0.2116
vn 0.1381 0.3997 -0.9062
vn 0.0791 0.9146 -0.3966
vn 0.0791 -0.9146 -0.3966
vn 0.1225 -0.3962 -0.9099
vn 0.4332 0.8841 -0.1751
vn 0.8179 0.3546 -0.4531
vn 0.8181 -0.3588 -0.4494
vn 0.4331 -0.8842 -0.1751
vn 0.4813 0.8762 0.0253
vn 0.9460 0.3177 0.0641
vn 0.9460 -0.3157 0.0731
vn 0.4812 -0.8762 0.0253
vn 0.6967 0.3762 0.6108
vn 0.7024 -0.3771 0.6038
vn -0.0791 0.9146 0.3965
vn -0.1282 0.4020 0.9066
vn -0.0790 -0.9146 0.3965
vn -0.4331 0.8842 0.1751
vn -0.8219 0.3563 0.4444
vn -0.8181 -0.3559 0.4517
vn -0.9466 0.3156 -0.0655
vn -0.9460 -0.3176 -0.0654
vn -0.6977 0.3780 -0.6085
vn -0.6924 -0.3772 -0.6151
vn -0.3827 -0.8912 -0.2435
vn 0.9009 0.3036 -0.3100
vn 0.4465 0.6543 -0.6104
vn 0.9009 -0.3036 -0.3100
vn 0.4465 -0.6543 -0.6104
vn 0.9009 0.3037 -0.3100
vn 0.3318 0.6529 0.6809
vn 0.9085 0.2902 0.3007
vn 0.9085 -0.2902 0.3007
vn 0.3318 -0.6529 0.6809
vn 0.8058 -0.1083 -0.5823
vn 0.5412 -0.5350 -0.6487
vn 0.7930 0.1310 -0.5949
vn 0.5154 0.5495 -0.6576
vn 0.8003 -0.1082 -0.5898
vn 0.7987 0.1301 -0.5875
vn 0.5155 0.5494 -0.6576
vn 0.9593 -0.1593 0.2330
vn 0.4108 -0.6648 0.6239
vn 0.4192 0.6608 0.6226
vn 0.9632 0.1564 0.2186
vn 0.9591 -0.1602 0.2335
vn 0.4192 0.6607 0.6226
vn 0.9647 0.1565 0.2120
vn -0.9879 -0.1319 0.0821
vn -0.6157 -0.6155 0.4920
vn -0.9828 0.1589 0.0944
vn -0.5768 0.6440 0.5025
vn -0.9877 -0.1322 0.0838
vn -0.6158 -0.6155 0.4920
vn -0.9832 0.1581 0.0913
vn -0.5769 0.6440 0.5025
vn -0.6348 -0.1384 -0.7602
vn -0.2921 -0.5714 -0.7670
vn -0.2715 0.5943 -0.7570
vn -0.6253 0.1546 -0.7649
vn -0.6280 -0.1393 -0.7657
vn -0.2922 -0.5713 -0.7670
vn -0.6369 0.1544 -0.7553
vn 0.6230 0.3688 0.6898
vn 0.2934 0.8991 0.3248
vn 0.2934 -0.8991 0.3248
vn 0.6496 -0.3651 0.6669
vn -0.0222 0.8991 0.4371
vn -0.0175 0.3617 0.9321
vn -0.0471 -0.3799 0.9238
vn -0.0223 -0.8991 0.4372
vn -0.3248 0.8992 0.2933
vn -0.6848 0.3790 0.6224
vn -0.7130 -0.3638 0.5994
vn -0.4371 0.8992 -0.0223
vn -0.9264 0.3672 -0.0828
vn -0.9283 -0.3689 -0.0473
vn -0.4370 -0.8992 -0.0223
vn -0.6230 0.3688 -0.6898
vn -0.6230 -0.3688 -0.6898
vn 0.0223 0.8991 -0.4372
vn 0.0473 0.3688 -0.9283
vn 0.0473 -0.3688 -0.9283
vn 0.0223 -0.8991 -0.4372
vn 0.3248 0.8991 -0.2934
vn 0.6899 0.3688 -0.6230
vn 0.6899 -0.3688 -0.6230
vn 0.3248 -0.8991 -0.2934
vn 0.4373 0.8991 0.0223
vn 0.9283 0.3688 0.0473
vn 0.9283 -0.3688 0.0473
vn 0.4372 -0.8991 0.0222
vn -0.5405 0.3022 0.7852
vn -0.0337 0.6573 0.7529
vn -0.5404 -0.3023 0.7852
vn -0.0337 -0.6573 0.7529
vn -0.5402 0.3022 0.7854
vn -0.0338 -0.6573 0.7529
vn -0.5403 -0.3022 0.7853
vn -0.6508 0.6567 -0.3810
vn -0.9156 0.2829 0.2858
vn -0.9156 -0.2830 0.2857
vn -0.6508 -0.6567 -0.3810
vn -0.9154 0.2829 0.2862
vn -0.6509 0.6567 -0.3809
vn -0.6509 -0.6567 -0.3809
vn -0.9155 -0.2829 0.2862
vn 0.0914 -0.0995 0.9908
vn 0.0299 -0.4720 0.8811
vn 0.1566 0.1048 0.9821
vn 0.0812 0.4570 0.8857
vn 0.1280 -0.0989 0.9868
vn 0.1316 0.0989 0.9863
vn -0.8755 -0.1992 0.4403
vn -0.5911 -0.7216 -0.3604
vn -0.6098 0.7070 -0.3583
vn -0.8439 0.2234 0.4878
vn -0.8880 -0.2051 0.4116
vn -0.8261 0.2263 0.5161
vn -0.7166 0.4020 -0.5700
vn -0.3018 0.9146 -0.2692
vn -0.3017 -0.9146 -0.2691
vn -0.7310 -0.3981 -0.5542
vn 0.0687 0.8842 -0.4621
vn 0.0210 0.3546 -0.9348
vn 0.0257 -0.3598 -0.9327
vn 0.0687 -0.8842 -0.4620
vn 0.2657 0.8763 -0.4019
vn 0.5350 0.3182 -0.7826
vn 0.5436 -0.3150 -0.7780
vn 0.2656 -0.8763 -0.4019
vn 0.4039 0.8912 -0.2066
vn 0.8808 0.3755 -0.2884
vn 0.8764 -0.3771 -0.2995
vn 0.4038 -0.8912 -0.2066
vn 0.3019 0.9145 0.2694
vn 0.7166 0.4019 0.5701
vn 0.7165 -0.4020 0.5701
vn 0.3018 -0.9146 0.2693
vn -0.0687 0.8841 0.4622
vn -0.0335 0.3562 0.9338
vn -0.0335 -0.3562 0.9338
vn -0.0687 -0.8841 0.4622
vn -0.2656 0.8763 0.4020
vn -0.5367 0.3165 0.7821
vn -0.5367 -0.3165 0.7822
vn -0.2657 -0.8762 0.4020
vn -0.4038 0.8912 0.2068
vn -0.8764 0.3770 0.2996
vn -0.8764 -0.3771 0.2996
vn -0.4038 -0.8912 0.2068
vn -0.1026 -0.1100 -0.9886
vn -0.2948 -0.5387 -0.7892
vn -0.1245 0.1329 -0.9833
vn -0.3174 0.5544 -0.7694
vn -0.1142 -0.1096 -0.9874
vn -0.2948 -0.5387 -0.7893
vn -0.1093 0.1320 -0.9852
vn 0.6903 -0.1577 -0.7062
vn 0.7487 -0.6609 -0.0508
vn 0.7511 0.6573 -0.0613
vn 0.6803 0.1545 -0.7165
vn 0.6912 -0.1593 -0.7049
vn 0.7488 -0.6609 -0.0508
vn 0.6734 0.1547 -0.7229
vn -0.7024 0.3965 -0.5912
vn -0.3018 0.9146 -0.2693
vn -0.3017 -0.9146 -0.2693
vn -0.7312 -0.3973 -0.5545
vn 0.0687 0.8841 -0.4622
vn 0.0215 0.3541 -0.9350
vn 0.0248 -0.3596 -0.9328
vn 0.0686 -0.8842 -0.4621
vn 0.2656 0.8763 -0.4019
vn 0.5346 0.3181 -0.7830
vn 0.5440 -0.3155 -0.7775
vn 0.4038 0.8912 -0.2067
vn 0.8806 0.3759 -0.2884
vn 0.4037 -0.8912 -0.2067
vn 0.3018 0.9146 0.2691
vn 0.7166 0.4020 0.5700
vn 0.7166 -0.4021 0.5700
vn 0.3017 -0.9146 0.2691
vn -0.0687 0.8842 0.4621
vn -0.0335 0.3564 0.9338
vn -0.0226 -0.3557 0.9343
vn -0.0687 -0.8842 0.4621
vn -0.2657 0.8763 0.4020
vn -0.5295 0.3153 0.7876
vn -0.5418 -0.3182 0.7780
vn -0.2656 -0.8763 0.4019
vn -0.4038 0.8912 0.2067
vn -0.8781 0.3823 0.2877
vn -0.8827 -0.3738 0.2848
vn -0.4037 -0.8912 0.2067
vn 0.1894 0.3038 -0.9337
vn -0.2999 0.6543 -0.6942
vn 0.1893 -0.3038 -0.9337
vn -0.2999 -0.6543 -0.6942
vn 0.1894 -0.3038 -0.9337
vn 0.7551 0.6530 0.0592
vn 0.7198 0.2903 -0.6306
vn 0.7198 -0.2904 -0.6306
vn 0.7551 -0.6530 0.0592
vn 0.7198 -0.2903 -0.6306
vn -0.1006 -0.1080 -0.9891
vn -0.2840 -0.5344 -0.7961
vn -0.1231 0.1314 -0.9837
vn -0.3070 0.5500 -0.7767
vn -0.1131 -0.1078 -0.9877
vn -0.2840 -0.5343 -0.7961
vn -0.1084 0.1301 -0.9856
vn 0.6902 -0.1597 -0.7058
vn 0.7460 -0.6649 -0.0368
vn 0.7490 0.6609 -0.0469
vn 0.6802 0.1564 -0.7161
vn 0.6915 -0.1608 -0.7042
vn 0.7461 -0.6649 -0.0369
vn 0.6737 0.1565 -0.7223
vn -0.4328 -0.1448 0.8898
vn 0.1228 -0.6337 0.7638
vn -0.4127 0.1473 0.8989
vn 0.1309 0.6272 0.7678
vn -0.4242 -0.1447 0.8939
vn -0.4112 0.1459 0.8998
vn -0.9767 -0.1548 0.1484
vn -0.7881 -0.5947 -0.1588
vn -0.8116 0.5702 -0.1272
vn -0.9794 0.1356 0.1498
vn -0.9793 -0.1569 0.1281
vn -0.9768 0.1361 0.1655
vt 0.950285 0.079792
vt 0.948501 0.079792
vt 0.948501 0.074741
vt 0.950285 0.074741
vt 0.950285 0.208775
vt 0.948501 0.208775
vt 0.948501 0.203724
vt 0.950285 0.203724
vt 0.955382 0.601178
vt 0.953745 0.601178
vt 0.953745 0.596127
vt 0.955382 0.596127
vt 0.955382 0.730161
vt 0.953745 0.730161
vt 0.953745 0.725110
vt 0.955382 0.725110
vt 0.373159 0.255738
vt 0.371357 0.255738
vt 0.371357 0.250687
vt 0.373159 0.250687
vt 0.373159 0.384721
vt 0.371357 0.384721
vt 0.371357 0.379670
vt 0.373159 0.379670
vt 0.956986 0.601178
vt 0.955382 0.601178
vt 0.955382 0.596127
vt 0.956986 0.596127
vt 0.956986 0.730161
vt 0.955382 0.730161
vt 0.955382 0.725110
vt 0.956986 0.725110
vt 0.950298 0.322332
vt 0.948501 0.322332
vt 0.948501 0.317281
vt 0.950298 0.317281
vt 0.950298 0.451315
vt 0.948501 0.451315
vt 0.948501 0.446264
vt 0.950298 0.446264
vt 0.951781 0.601178
vt 0.950007 0.601178
vt 0.950007 0.596127
vt 0.951781 0.596127
vt 0.951781 0.730161
vt 0.950007 0.730161
vt 0.950007 0.725110
vt 0.951781 0.725110
vt 0.955391 0.079792
vt 0.953735 0.079792
vt 0.953735 0.074741
vt 0.955391 0.074741
vt 0.955391 0.208775
vt 0.953735 0.208775
vt 0.953735 0.203724
vt 0.955391 0.203724
vt 0.952059 0.079792
vt 0.950286 0.079792
vt 0.950286 0.074741
vt 0.952059 0.074741
vt 0.952059 0.208775
vt 0.950286 0.208775
vt 0.950286 0.203724
vt 0.952059 0.203724
vt 0.953734 0.322332
vt 0.952050 0.322332
vt 0.952050 0.317281
vt 0.953734 0.317281
vt 0.953734 0.451314
vt 0.952050 0.451314
vt 0.952050 0.446264
vt 0.953734 0.446264
vt 0.950298 0.322332
vt 0.950298 0.451314
vt 0.950298 0.446264
vt 0.966316 0.419324
vt 0.964542 0.419324
vt 0.964542 0.416657
vt 0.966316 0.416657
vt 0.966316 0.487438
vt 0.964542 0.487438
vt 0.964542 0.484771
vt 0.966316 0.484771
vt 0.969729 0.419324
vt 0.968073 0.419324
vt 0.968073 0.416657
vt 0.969729 0.416657
vt 0.969729 0.487438
vt 0.968073 0.487438
vt 0.968073 0.484771
vt 0.969729 0.484771
vt 0.967420 0.286313
vt 0.965647 0.286313
vt 0.965647 0.283646
vt 0.967420 0.283646
vt 0.967420 0.354427
vt 0.965647 0.354427
vt 0.965647 0.351760
vt 0.967420 0.351760
vt 0.969087 0.748665
vt 0.967403 0.748665
vt 0.967403 0.745998
vt 0.969087 0.745998
vt 0.969087 0.816779
vt 0.967403 0.816779
vt 0.967403 0.814111
vt 0.969087 0.814111
vt 0.965652 0.748665
vt 0.965652 0.745998
vt 0.965652 0.816779
vt 0.965652 0.814111
vt 0.970662 0.749520
vt 0.969087 0.749520
vt 0.969087 0.746796
vt 0.970662 0.746796
vt 0.970662 0.819079
vt 0.969087 0.819079
vt 0.969087 0.816355
vt 0.970662 0.816355
vt 0.964101 0.044629
vt 0.962271 0.044629
vt 0.962271 0.041905
vt 0.964101 0.041905
vt 0.964101 0.114187
vt 0.962271 0.114187
vt 0.962271 0.111464
vt 0.964101 0.111464
vt 0.972008 0.044629
vt 0.970470 0.044629
vt 0.970470 0.041905
vt 0.972008 0.041905
vt 0.972008 0.114187
vt 0.970470 0.114187
vt 0.970470 0.111464
vt 0.972008 0.111464
vt 0.965652 0.749520
vt 0.963826 0.749520
vt 0.963826 0.746796
vt 0.965652 0.746796
vt 0.965652 0.819079
vt 0.963826 0.819079
vt 0.963826 0.816355
vt 0.965652 0.816355
vt 0.970793 0.287169
vt 0.969244 0.287169
vt 0.969244 0.284445
vt 0.970793 0.284445
vt 0.970793 0.356727
vt 0.969244 0.356727
vt 0.969244 0.354004
vt 0.970793 0.354004
vt 0.970469 0.044628
vt 0.968895 0.044629
vt 0.968895 0.041905
vt 0.970469 0.041905
vt 0.970469 0.114188
vt 0.968895 0.114188
vt 0.968895 0.111464
vt 0.970469 0.111464
vt 0.947961 0.844860
vt 0.946132 0.844860
vt 0.946132 0.842136
vt 0.947961 0.842136
vt 0.947961 0.914419
vt 0.946132 0.914419
vt 0.946132 0.911695
vt 0.947961 0.911695
vt 0.971268 0.420179
vt 0.969729 0.420179
vt 0.969729 0.417455
vt 0.971268 0.417455
vt 0.971268 0.489738
vt 0.969729 0.489738
vt 0.969729 0.487014
vt 0.971268 0.487014
vt 0.965647 0.287169
vt 0.963822 0.287169
vt 0.963822 0.284445
vt 0.965647 0.284445
vt 0.965647 0.356727
vt 0.963822 0.356727
vt 0.963822 0.354004
vt 0.965647 0.354004
vt 0.970758 0.564404
vt 0.969208 0.564404
vt 0.969208 0.561680
vt 0.970758 0.561680
vt 0.970758 0.633963
vt 0.969208 0.633963
vt 0.969208 0.631239
vt 0.970758 0.631239
vt 0.960555 0.061214
vt 0.958866 0.061215
vt 0.958866 0.057393
vt 0.960555 0.057393
vt 0.960555 0.158803
vt 0.958866 0.158803
vt 0.958866 0.154981
vt 0.960555 0.154981
vt 0.958757 0.766106
vt 0.956987 0.766106
vt 0.956987 0.762285
vt 0.958757 0.762285
vt 0.958757 0.863694
vt 0.956987 0.863694
vt 0.956987 0.859873
vt 0.958757 0.859873
vt 0.962128 0.766106
vt 0.960468 0.766106
vt 0.960468 0.762285
vt 0.962128 0.762285
vt 0.962128 0.863694
vt 0.960468 0.863694
vt 0.960468 0.859873
vt 0.962128 0.859873
vt 0.957102 0.061215
vt 0.957102 0.057393
vt 0.957102 0.158803
vt 0.957102 0.154981
vt 0.962106 0.303755
vt 0.960438 0.303755
vt 0.960438 0.299933
vt 0.962106 0.299933
vt 0.962106 0.401343
vt 0.960438 0.401343
vt 0.960438 0.397521
vt 0.962106 0.397521
vt 0.958810 0.582600
vt 0.956986 0.582601
vt 0.956986 0.578779
vt 0.958810 0.578779
vt 0.958810 0.680189
vt 0.956986 0.680189
vt 0.956986 0.676367
vt 0.958810 0.676367
vt 0.825783 0.797978
vt 0.824255 0.797978
vt 0.824255 0.794157
vt 0.825783 0.794157
vt 0.825783 0.895566
vt 0.824255 0.895566
vt 0.824255 0.891745
vt 0.825783 0.891745
vt 0.372766 0.801341
vt 0.370933 0.801341
vt 0.370933 0.797520
vt 0.372766 0.797520
vt 0.372766 0.898929
vt 0.370933 0.898929
vt 0.370933 0.895108
vt 0.372766 0.895108
vt 0.825782 0.614473
vt 0.824253 0.614473
vt 0.824253 0.610652
vt 0.825782 0.610652
vt 0.825782 0.712061
vt 0.824253 0.712061
vt 0.824253 0.708240
vt 0.825782 0.708240
vt 0.953613 0.797691
vt 0.951781 0.797691
vt 0.951781 0.793870
vt 0.953613 0.793870
vt 0.953613 0.895279
vt 0.951781 0.895279
vt 0.951781 0.891458
vt 0.953613 0.891458
vt 0.969244 0.283144
vt 0.967420 0.283144
vt 0.967420 0.280687
vt 0.969244 0.280687
vt 0.969244 0.345903
vt 0.967420 0.345903
vt 0.967420 0.343445
vt 0.969244 0.343445
vt 0.972189 0.863507
vt 0.970662 0.863507
vt 0.970662 0.861049
vt 0.972189 0.861049
vt 0.972189 0.926265
vt 0.970662 0.926265
vt 0.970662 0.923808
vt 0.972189 0.923808
vt 0.968895 0.040604
vt 0.967062 0.040604
vt 0.967062 0.038147
vt 0.968895 0.038147
vt 0.968895 0.103363
vt 0.967062 0.103363
vt 0.967062 0.100905
vt 0.968895 0.100905
vt 0.972191 0.745496
vt 0.970662 0.745496
vt 0.970662 0.743038
vt 0.972191 0.743038
vt 0.972191 0.808254
vt 0.970662 0.808254
vt 0.970662 0.805797
vt 0.972191 0.805797
vt 0.968894 0.158615
vt 0.967062 0.158615
vt 0.967062 0.156158
vt 0.968894 0.156158
vt 0.968894 0.221374
vt 0.967062 0.221374
vt 0.967062 0.218916
vt 0.968894 0.218916
vt 0.963822 0.295885
vt 0.962106 0.295885
vt 0.962106 0.292584
vt 0.963822 0.292584
vt 0.963822 0.380174
vt 0.962106 0.380174
vt 0.962106 0.376874
vt 0.963822 0.376874
vt 0.962271 0.053345
vt 0.960554 0.053345
vt 0.960554 0.050044
vt 0.962271 0.050044
vt 0.962271 0.137634
vt 0.960554 0.137634
vt 0.960554 0.134334
vt 0.962271 0.134334
vt 0.962236 0.573120
vt 0.960513 0.573120
vt 0.960513 0.569820
vt 0.962236 0.569820
vt 0.962236 0.657409
vt 0.960513 0.657409
vt 0.960513 0.654109
vt 0.962236 0.654109
vt 0.963933 0.573120
vt 0.962236 0.573120
vt 0.962236 0.569820
vt 0.963933 0.569820
vt 0.963933 0.657409
vt 0.962236 0.657409
vt 0.962236 0.654109
vt 0.963933 0.654109
vt 0.955486 0.817271
vt 0.953745 0.817271
vt 0.953745 0.813970
vt 0.955486 0.813970
vt 0.955486 0.901560
vt 0.953745 0.901560
vt 0.953745 0.898259
vt 0.955486 0.898259
vt 0.801984 0.730619
vt 0.799849 0.730619
vt 0.799849 0.726484
vt 0.801984 0.726484
vt 0.801984 0.836213
vt 0.799849 0.836213
vt 0.799849 0.832078
vt 0.801984 0.832078
vt 0.945854 0.661993
vt 0.942741 0.661993
vt 0.942741 0.657858
vt 0.945854 0.657858
vt 0.945854 0.767587
vt 0.942741 0.767587
vt 0.942741 0.763452
vt 0.945854 0.763452
vt 0.946416 0.383147
vt 0.942741 0.383147
vt 0.942741 0.379012
vt 0.946416 0.379012
vt 0.946416 0.488741
vt 0.942741 0.488741
vt 0.942741 0.484606
vt 0.946416 0.484606
vt 0.948501 0.383147
vt 0.948501 0.379012
vt 0.948501 0.488741
vt 0.948501 0.484606
vt 0.947961 0.661993
vt 0.945854 0.661993
vt 0.945854 0.657858
vt 0.947961 0.657858
vt 0.947961 0.767587
vt 0.945854 0.767587
vt 0.945854 0.763452
vt 0.947961 0.763452
vt 0.944113 0.072696
vt 0.942029 0.072696
vt 0.942029 0.068562
vt 0.944113 0.068562
vt 0.944113 0.178290
vt 0.942029 0.178290
vt 0.942029 0.174155
vt 0.944113 0.174155
vt 0.942029 0.072696
vt 0.939922 0.072696
vt 0.939922 0.068561
vt 0.942029 0.068561
vt 0.942029 0.178290
vt 0.939922 0.178290
vt 0.939922 0.174155
vt 0.942029 0.174155
vt 0.972942 0.540293
vt 0.971939 0.540293
vt 0.971939 0.537905
vt 0.972942 0.537905
vt 0.972942 0.601259
vt 0.971939 0.601259
vt 0.971939 0.598872
vt 0.972942 0.598872
vt 0.972444 0.396068
vt 0.971268 0.396068
vt 0.971268 0.393681
vt 0.972444 0.393681
vt 0.972444 0.457035
vt 0.971268 0.457035
vt 0.971268 0.454647
vt 0.972444 0.454647
vt 0.973176 0.725409
vt 0.972191 0.725409
vt 0.972191 0.723021
vt 0.973176 0.723021
vt 0.973176 0.786375
vt 0.972191 0.786375
vt 0.972191 0.783988
vt 0.973176 0.783988
vt 0.971975 0.260433
vt 0.970793 0.260433
vt 0.970793 0.258046
vt 0.971975 0.258046
vt 0.971975 0.321400
vt 0.970793 0.321400
vt 0.970793 0.319012
vt 0.971975 0.319012
vt 0.972995 0.020518
vt 0.972008 0.020518
vt 0.972008 0.018130
vt 0.972995 0.018130
vt 0.972995 0.081484
vt 0.972008 0.081484
vt 0.972008 0.079097
vt 0.972995 0.079097
vt 0.958690 0.351792
vt 0.956986 0.351792
vt 0.956986 0.348602
vt 0.958690 0.348602
vt 0.958690 0.433242
vt 0.956986 0.433242
vt 0.956986 0.430053
vt 0.958690 0.430053
vt 0.746160 0.819053
vt 0.743933 0.819053
vt 0.743933 0.815864
vt 0.746160 0.815864
vt 0.746160 0.900504
vt 0.743933 0.900504
vt 0.743933 0.897314
vt 0.746160 0.897314
vt 0.939922 0.111155
vt 0.937434 0.111155
vt 0.937434 0.107966
vt 0.939922 0.107966
vt 0.939922 0.192606
vt 0.937434 0.192606
vt 0.937434 0.189416
vt 0.939922 0.189416
vt 0.953745 0.630638
vt 0.951781 0.630638
vt 0.951781 0.627448
vt 0.953745 0.627448
vt 0.953745 0.712088
vt 0.951781 0.712088
vt 0.951781 0.708899
vt 0.953745 0.708899
vt 0.957102 0.109252
vt 0.955391 0.109252
vt 0.955391 0.106062
vt 0.957102 0.106062
vt 0.957102 0.190702
vt 0.955391 0.190702
vt 0.955391 0.187513
vt 0.957102 0.187513
vt 0.126815 0.791712
vt 0.124850 0.791712
vt 0.124850 0.788523
vt 0.126815 0.788523
vt 0.126815 0.873163
vt 0.124850 0.873163
vt 0.124850 0.869973
vt 0.126815 0.869973
vt 0.960467 0.760291
vt 0.958756 0.760291
vt 0.958756 0.757102
vt 0.960467 0.757102
vt 0.960467 0.841741
vt 0.958756 0.841741
vt 0.958756 0.838552
vt 0.960467 0.838552
vt 0.953919 0.246008
vt 0.955187 0.246008
vt 0.955372 0.246515
vt 0.953734 0.246515
vt 0.955187 0.488548
vt 0.953919 0.488548
vt 0.953734 0.488041
vt 0.955372 0.488041
vt 0.878989 0.868546
vt 0.880370 0.868546
vt 0.880571 0.869053
vt 0.878787 0.869053
vt 0.859193 0.244006
vt 0.857812 0.244006
vt 0.857611 0.243499
vt 0.859395 0.243499
vt 0.955554 0.246008
vt 0.956804 0.246008
vt 0.956986 0.246515
vt 0.956804 0.488548
vt 0.955554 0.488548
vt 0.955372 0.488041
vt 0.956986 0.488041
vt 0.948703 0.246008
vt 0.950095 0.246008
vt 0.950298 0.246515
vt 0.948501 0.246515
vt 0.950095 0.488548
vt 0.948703 0.488548
vt 0.948501 0.488041
vt 0.950298 0.488041
vt 0.955563 0.524854
vt 0.956805 0.524854
vt 0.956986 0.525361
vt 0.955382 0.525361
vt 0.956805 0.767394
vt 0.955563 0.767394
vt 0.955382 0.766887
vt 0.956986 0.766887
vt 0.371560 0.179414
vt 0.372956 0.179414
vt 0.373159 0.179921
vt 0.371357 0.179921
vt 0.372956 0.421954
vt 0.371560 0.421954
vt 0.371357 0.421447
vt 0.373159 0.421447
vt 0.931617 0.556538
vt 0.933338 0.556538
vt 0.932830 0.557045
vt 0.932125 0.557045
vt 0.953930 0.524854
vt 0.955197 0.524854
vt 0.955382 0.525361
vt 0.953745 0.525361
vt 0.955197 0.767394
vt 0.953930 0.767394
vt 0.953745 0.766887
vt 0.955382 0.766887
vt 0.370802 0.314658
vt 0.370802 0.310621
vt 0.371195 0.310114
vt 0.371195 0.315165
vt 0.948702 0.003468
vt 0.950084 0.003468
vt 0.950285 0.003975
vt 0.948501 0.003975
vt 0.950084 0.246008
vt 0.948702 0.246008
vt 0.948501 0.245501
vt 0.950285 0.245501
vt 0.180049 0.915723
vt 0.181769 0.915723
vt 0.181261 0.916230
vt 0.180556 0.916230
vt 0.796647 0.773867
vt 0.796647 0.768816
vt 0.797040 0.769324
vt 0.797040 0.773360
vt 0.928177 0.556538
vt 0.929898 0.556537
vt 0.929390 0.557045
vt 0.928685 0.557045
vt 0.150068 0.778757
vt 0.146031 0.778757
vt 0.145524 0.778356
vt 0.150575 0.778356
vt 0.176387 0.518953
vt 0.171337 0.518953
vt 0.171844 0.518559
vt 0.175880 0.518559
vt 0.926458 0.556538
vt 0.928178 0.556538
vt 0.927671 0.557045
vt 0.926965 0.557045
vt 0.955372 0.322332
vt 0.955372 0.317281
vt 0.955593 0.316774
vt 0.955812 0.322839
vt 0.150575 0.767039
vt 0.145524 0.767039
vt 0.145524 0.766622
vt 0.150575 0.766622
vt 0.928177 0.541725
vt 0.929898 0.541013
vt 0.929898 0.541540
vt 0.928177 0.542252
vt 0.176387 0.531009
vt 0.171337 0.531009
vt 0.171337 0.530600
vt 0.176387 0.530600
vt 0.931617 0.541014
vt 0.933338 0.541726
vt 0.933338 0.542252
vt 0.931617 0.541540
vt 0.926458 0.541726
vt 0.928178 0.541013
vt 0.928178 0.541540
vt 0.926458 0.542252
vt 0.372225 0.726961
vt 0.367174 0.726961
vt 0.367174 0.726552
vt 0.372225 0.726552
vt 0.180048 0.900198
vt 0.181769 0.900911
vt 0.181769 0.901437
vt 0.180048 0.900725
vt 0.884932 0.128942
vt 0.884932 0.127500
vt 0.885440 0.127290
vt 0.885439 0.129152
vt 0.891570 0.545597
vt 0.891570 0.547039
vt 0.891063 0.547249
vt 0.891063 0.545387
vt 0.883913 0.126481
vt 0.884123 0.125974
vt 0.892589 0.544578
vt 0.892379 0.544071
vt 0.882471 0.126481
vt 0.882261 0.125974
vt 0.894031 0.544578
vt 0.894241 0.544070
vt 0.881452 0.127500
vt 0.880945 0.127290
vt 0.895051 0.545597
vt 0.895558 0.545387
vt 0.881452 0.128942
vt 0.880945 0.129151
vt 0.895050 0.547039
vt 0.895558 0.547249
vt 0.882471 0.129961
vt 0.882261 0.130468
vt 0.894031 0.548058
vt 0.894241 0.548565
vt 0.176445 0.533192
vt 0.178165 0.533192
vt 0.177658 0.533699
vt 0.176952 0.533699
vt 0.883913 0.129961
vt 0.884123 0.130468
vt 0.892590 0.548058
vt 0.892380 0.548565
vt 0.172548 0.538615
vt 0.172548 0.534578
vt 0.173054 0.534071
vt 0.173054 0.539122
vt 0.907062 0.241062
vt 0.908782 0.241062
vt 0.908275 0.241570
vt 0.907569 0.241570
vt 0.819107 0.208775
vt 0.819107 0.203724
vt 0.819612 0.204231
vt 0.819612 0.208268
vt 0.252624 0.907312
vt 0.254344 0.907312
vt 0.253837 0.907820
vt 0.253131 0.907820
vt 0.134119 0.533861
vt 0.130082 0.533861
vt 0.129575 0.533354
vt 0.134626 0.533354
vt 0.819107 0.079792
vt 0.819107 0.074741
vt 0.819612 0.075248
vt 0.819612 0.079285
vt 0.250904 0.907312
vt 0.252624 0.907312
vt 0.252117 0.907820
vt 0.251411 0.907820
vt 0.952059 0.079792
vt 0.952059 0.074741
vt 0.952287 0.074234
vt 0.952515 0.080299
vt 0.134626 0.519085
vt 0.129575 0.519085
vt 0.129575 0.518559
vt 0.134626 0.518559
vt 0.252625 0.892500
vt 0.254344 0.891788
vt 0.254344 0.892315
vt 0.252625 0.893027
vt 0.803413 0.080299
vt 0.803188 0.074234
vt 0.804163 0.074741
vt 0.804163 0.079792
vt 0.176445 0.517667
vt 0.178165 0.518380
vt 0.178165 0.518906
vt 0.176445 0.518194
vt 0.250904 0.892500
vt 0.252624 0.891788
vt 0.252624 0.892315
vt 0.250904 0.893027
vt 0.803413 0.209282
vt 0.803188 0.203217
vt 0.804163 0.203724
vt 0.804163 0.208775
vt 0.907063 0.225538
vt 0.908782 0.226250
vt 0.908782 0.226777
vt 0.907063 0.226065
vt 0.895051 0.555200
vt 0.895051 0.553758
vt 0.895558 0.553548
vt 0.895558 0.555410
vt 0.896065 0.545597
vt 0.896065 0.547039
vt 0.895557 0.547249
vt 0.895557 0.545387
vt 0.894032 0.552739
vt 0.894242 0.552232
vt 0.897084 0.544578
vt 0.896874 0.544071
vt 0.892590 0.552739
vt 0.892380 0.552232
vt 0.898526 0.544578
vt 0.898736 0.544070
vt 0.891571 0.553758
vt 0.891064 0.553548
vt 0.899545 0.545597
vt 0.900052 0.545387
vt 0.891571 0.555200
vt 0.891064 0.555410
vt 0.899545 0.547039
vt 0.900052 0.547249
vt 0.892590 0.556219
vt 0.892380 0.556726
vt 0.898526 0.548058
vt 0.898736 0.548565
vt 0.247463 0.907312
vt 0.249183 0.907312
vt 0.248676 0.907820
vt 0.247970 0.907820
vt 0.894032 0.556219
vt 0.894242 0.556726
vt 0.897084 0.548058
vt 0.896874 0.548565
vt 0.768222 0.300963
vt 0.768222 0.299310
vt 0.768728 0.298803
vt 0.768728 0.301470
vt 0.249183 0.907312
vt 0.250903 0.907312
vt 0.250396 0.907820
vt 0.249690 0.907820
vt 0.867865 0.111887
vt 0.867865 0.109220
vt 0.868371 0.109727
vt 0.868371 0.111380
vt 0.256065 0.907312
vt 0.257785 0.907312
vt 0.257278 0.907820
vt 0.256572 0.907820
vt 0.245964 0.907090
vt 0.244312 0.907090
vt 0.243804 0.906583
vt 0.246472 0.906583
vt 0.867865 0.043774
vt 0.867865 0.041106
vt 0.868371 0.041613
vt 0.868371 0.043266
vt 0.254344 0.907312
vt 0.256065 0.907312
vt 0.255557 0.907820
vt 0.254852 0.907820
vt 0.967532 0.563549
vt 0.967532 0.560881
vt 0.967760 0.560374
vt 0.967988 0.564056
vt 0.246472 0.892314
vt 0.243804 0.892314
vt 0.243804 0.891788
vt 0.246472 0.891788
vt 0.256066 0.892500
vt 0.257786 0.891788
vt 0.257786 0.892315
vt 0.256066 0.893027
vt 0.852171 0.044281
vt 0.851946 0.040599
vt 0.852921 0.041106
vt 0.852921 0.043774
vt 0.247463 0.891788
vt 0.249183 0.892500
vt 0.249183 0.893027
vt 0.247463 0.892314
vt 0.254345 0.892500
vt 0.256065 0.891788
vt 0.256065 0.892315
vt 0.254345 0.893027
vt 0.852171 0.112394
vt 0.851946 0.108713
vt 0.852921 0.109220
vt 0.852921 0.111887
vt 0.249184 0.891788
vt 0.250903 0.892500
vt 0.250903 0.893027
vt 0.249184 0.892315
vt 0.834653 0.205974
vt 0.836095 0.205974
vt 0.836305 0.206481
vt 0.834443 0.206481
vt 0.841608 0.204955
vt 0.841608 0.203513
vt 0.842116 0.203303
vt 0.842116 0.205165
vt 0.837114 0.204954
vt 0.837621 0.205164
vt 0.840589 0.205974
vt 0.840799 0.206481
vt 0.837114 0.203513
vt 0.837621 0.203303
vt 0.839147 0.205974
vt 0.838937 0.206481
vt 0.836094 0.202493
vt 0.836304 0.201986
vt 0.838128 0.204955
vt 0.837621 0.205165
vt 0.834653 0.202493
vt 0.834443 0.201986
vt 0.838128 0.203513
vt 0.837621 0.203303
vt 0.833633 0.203513
vt 0.833126 0.203303
vt 0.839147 0.202494
vt 0.838937 0.201986
vt 0.866923 0.914641
vt 0.868643 0.914641
vt 0.868136 0.915148
vt 0.867430 0.915148
vt 0.833633 0.204954
vt 0.833126 0.205164
vt 0.840589 0.202494
vt 0.840799 0.201986
vt 0.761424 0.300963
vt 0.761424 0.299254
vt 0.761925 0.298746
vt 0.761925 0.301470
vt 0.872234 0.914641
vt 0.873954 0.914641
vt 0.873447 0.915148
vt 0.872742 0.915148
vt 0.850243 0.114187
vt 0.850243 0.111464
vt 0.850742 0.111971
vt 0.850742 0.113680
vt 0.863482 0.914641
vt 0.865202 0.914641
vt 0.864695 0.915148
vt 0.863990 0.915148
vt 0.243297 0.906816
vt 0.241588 0.906816
vt 0.241081 0.906318
vt 0.243804 0.906318
vt 0.850243 0.044629
vt 0.850243 0.041905
vt 0.850742 0.042412
vt 0.850742 0.044121
vt 0.861763 0.914641
vt 0.863483 0.914641
vt 0.862976 0.915148
vt 0.862270 0.915148
vt 0.964348 0.041397
vt 0.964595 0.045136
vt 0.243804 0.892304
vt 0.241081 0.892304
vt 0.241081 0.891788
vt 0.863482 0.899829
vt 0.865202 0.899117
vt 0.865202 0.899643
vt 0.863482 0.900356
vt 0.834695 0.045136
vt 0.834448 0.041397
vt 0.835461 0.041905
vt 0.835461 0.044629
vt 0.866923 0.899116
vt 0.868643 0.899829
vt 0.868643 0.900355
vt 0.866923 0.899643
vt 0.861763 0.899829
vt 0.863483 0.899116
vt 0.863483 0.899643
vt 0.861763 0.900355
vt 0.834695 0.114695
vt 0.834448 0.110956
vt 0.835461 0.111464
vt 0.835461 0.114187
vt 0.872234 0.899116
vt 0.873954 0.899829
vt 0.873954 0.900355
vt 0.872234 0.899643
vt 0.843642 0.205974
vt 0.845084 0.205974
vt 0.845294 0.206481
vt 0.843432 0.206481
vt 0.850598 0.204955
vt 0.850598 0.203513
vt 0.851105 0.203303
vt 0.851105 0.205165
vt 0.846103 0.204954
vt 0.846610 0.205164
vt 0.849578 0.205974
vt 0.849788 0.206481
vt 0.846103 0.203513
vt 0.846610 0.203303
vt 0.848136 0.205974
vt 0.847926 0.206481
vt 0.845084 0.202493
vt 0.845294 0.201986
vt 0.847117 0.204954
vt 0.846610 0.205164
vt 0.843642 0.202493
vt 0.843432 0.201986
vt 0.847117 0.203513
vt 0.846610 0.203303
vt 0.842623 0.203513
vt 0.842116 0.203303
vt 0.848137 0.202494
vt 0.847927 0.201986
vt 0.868643 0.914641
vt 0.870363 0.914641
vt 0.869855 0.915148
vt 0.869150 0.915148
vt 0.842623 0.204954
vt 0.842116 0.205164
vt 0.849578 0.202493
vt 0.849788 0.201986
vt 0.764816 0.300963
vt 0.764816 0.299254
vt 0.765316 0.298746
vt 0.765316 0.301470
vt 0.870514 0.914641
vt 0.871727 0.915148
vt 0.871022 0.915148
vt 0.162641 0.746543
vt 0.162641 0.743819
vt 0.163140 0.744326
vt 0.163140 0.746036
vt 0.873954 0.914641
vt 0.875674 0.914641
vt 0.875167 0.915148
vt 0.874462 0.915148
vt 0.366291 0.839954
vt 0.364582 0.839954
vt 0.364074 0.839456
vt 0.366798 0.839456
vt 0.162641 0.676984
vt 0.162641 0.674260
vt 0.163140 0.674767
vt 0.163140 0.676477
vt 0.866922 0.914641
vt 0.866415 0.915148
vt 0.865710 0.915148
vt 0.963933 0.564404
vt 0.963933 0.561680
vt 0.964180 0.561173
vt 0.964427 0.564911
vt 0.366798 0.825442
vt 0.364074 0.825442
vt 0.364074 0.824926
vt 0.366798 0.824926
vt 0.873954 0.899829
vt 0.875674 0.899116
vt 0.875674 0.899643
vt 0.873954 0.900355
vt 0.147094 0.677491
vt 0.146846 0.673753
vt 0.147860 0.674260
vt 0.147860 0.676984
vt 0.868643 0.899116
vt 0.870363 0.899829
vt 0.870363 0.900355
vt 0.868643 0.899643
vt 0.865202 0.899829
vt 0.866922 0.899117
vt 0.866922 0.899643
vt 0.865202 0.900356
vt 0.147094 0.747050
vt 0.146846 0.743312
vt 0.147860 0.743819
vt 0.147860 0.746543
vt 0.870514 0.899116
vt 0.872234 0.899829
vt 0.872234 0.900355
vt 0.870514 0.899643
vt 0.785735 0.295924
vt 0.784716 0.296943
vt 0.784209 0.296733
vt 0.785525 0.295417
vt 0.127493 0.537849
vt 0.128512 0.536830
vt 0.129019 0.537040
vt 0.127703 0.538356
vt 0.784716 0.298385
vt 0.784209 0.298595
vt 0.126051 0.537849
vt 0.125841 0.538356
vt 0.785735 0.299405
vt 0.785526 0.299912
vt 0.125031 0.536830
vt 0.124524 0.537040
vt 0.787177 0.299405
vt 0.787387 0.299912
vt 0.125031 0.535388
vt 0.124524 0.535178
vt 0.788197 0.298385
vt 0.788704 0.298595
vt 0.126051 0.534369
vt 0.125841 0.533862
vt 0.788197 0.296943
vt 0.788704 0.296733
vt 0.127493 0.534368
vt 0.127703 0.533861
vt 0.858323 0.914641
vt 0.860043 0.914641
vt 0.859536 0.915148
vt 0.858830 0.915148
vt 0.787177 0.295924
vt 0.787387 0.295417
vt 0.128512 0.535388
vt 0.129019 0.535178
vt 0.367223 0.742410
vt 0.367223 0.739603
vt 0.367730 0.739096
vt 0.367730 0.742918
vt 0.860043 0.914641
vt 0.861763 0.914641
vt 0.861256 0.915148
vt 0.860550 0.915148
vt 0.774704 0.748815
vt 0.774704 0.744993
vt 0.775211 0.745501
vt 0.775211 0.748307
vt 0.856602 0.914641
vt 0.858322 0.914641
vt 0.857815 0.915148
vt 0.857109 0.915148
vt 0.157710 0.781907
vt 0.154903 0.781907
vt 0.154396 0.781401
vt 0.158218 0.781401
vt 0.774704 0.651226
vt 0.774704 0.647405
vt 0.775211 0.647912
vt 0.775211 0.650719
vt 0.854882 0.914641
vt 0.856602 0.914641
vt 0.856095 0.915148
vt 0.855389 0.915148
vt 0.958690 0.303755
vt 0.958690 0.299933
vt 0.958928 0.299426
vt 0.959166 0.304262
vt 0.158218 0.767147
vt 0.154396 0.767147
vt 0.154396 0.766622
vt 0.158218 0.766622
vt 0.856602 0.899829
vt 0.858322 0.899116
vt 0.858322 0.899643
vt 0.856602 0.900355
vt 0.758955 0.651734
vt 0.758717 0.646898
vt 0.759719 0.647405
vt 0.759719 0.651227
vt 0.858323 0.899116
vt 0.860043 0.899829
vt 0.860043 0.900355
vt 0.858322 0.899642
vt 0.854882 0.899829
vt 0.856602 0.899116
vt 0.856602 0.899643
vt 0.854882 0.900355
vt 0.758955 0.749322
vt 0.758717 0.744486
vt 0.759718 0.744993
vt 0.759718 0.748815
vt 0.860043 0.899116
vt 0.861763 0.899829
vt 0.861763 0.900355
vt 0.860043 0.899643
vt 0.855092 0.204954
vt 0.855092 0.203512
vt 0.855600 0.203302
vt 0.855600 0.205164
vt 0.130546 0.534368
vt 0.129526 0.535388
vt 0.129019 0.535178
vt 0.130336 0.533861
vt 0.854073 0.202493
vt 0.854283 0.201986
vt 0.131988 0.534368
vt 0.132198 0.533861
vt 0.852631 0.202493
vt 0.852421 0.201986
vt 0.133007 0.535388
vt 0.133514 0.535178
vt 0.851612 0.203512
vt 0.851105 0.203302
vt 0.133007 0.536829
vt 0.133514 0.537039
vt 0.851612 0.204954
vt 0.851105 0.205164
vt 0.131988 0.537849
vt 0.132198 0.538356
vt 0.852631 0.205974
vt 0.852421 0.206481
vt 0.130546 0.537849
vt 0.130336 0.538356
vt 0.747880 0.898164
vt 0.746160 0.898164
vt 0.746667 0.897657
vt 0.747373 0.897657
vt 0.854073 0.205973
vt 0.854283 0.206481
vt 0.129527 0.536829
vt 0.129019 0.537040
vt 0.828743 0.205098
vt 0.828743 0.202291
vt 0.829242 0.201784
vt 0.829242 0.205605
vt 0.754775 0.898164
vt 0.753055 0.898164
vt 0.753562 0.897657
vt 0.754268 0.897657
vt 0.792014 0.748815
vt 0.792014 0.744993
vt 0.792512 0.745501
vt 0.792512 0.748307
vt 0.749600 0.898164
vt 0.747880 0.898164
vt 0.748387 0.897657
vt 0.749093 0.897657
vt 0.166454 0.786543
vt 0.163647 0.786543
vt 0.163140 0.786047
vt 0.166961 0.786047
vt 0.792014 0.651227
vt 0.792014 0.647405
vt 0.792512 0.647912
vt 0.792512 0.650719
vt 0.756495 0.898164
vt 0.755282 0.897657
vt 0.755988 0.897657
vt 0.812319 0.615574
vt 0.812319 0.611753
vt 0.812533 0.611246
vt 0.812746 0.616081
vt 0.166961 0.772088
vt 0.163140 0.772088
vt 0.163140 0.771574
vt 0.166961 0.771574
vt 0.749600 0.912976
vt 0.747880 0.913688
vt 0.747880 0.913162
vt 0.749600 0.912450
vt 0.776554 0.651734
vt 0.776343 0.646898
vt 0.777283 0.647405
vt 0.777283 0.651227
vt 0.747880 0.913689
vt 0.746160 0.912976
vt 0.746160 0.912450
vt 0.747880 0.913162
vt 0.756495 0.912976
vt 0.754775 0.913689
vt 0.754775 0.913162
vt 0.756495 0.912450
vt 0.776555 0.749322
vt 0.776343 0.744486
vt 0.777283 0.744993
vt 0.777283 0.748815
vt 0.754775 0.913689
vt 0.753055 0.912976
vt 0.753055 0.912450
vt 0.754775 0.913162
vt 0.884933 0.124447
vt 0.884933 0.123005
vt 0.885440 0.122795
vt 0.885440 0.124657
vt 0.369257 0.739603
vt 0.368237 0.740623
vt 0.367730 0.740413
vt 0.369047 0.739096
vt 0.883913 0.121986
vt 0.884123 0.121479
vt 0.370698 0.739603
vt 0.370908 0.739096
vt 0.882472 0.121986
vt 0.882261 0.121479
vt 0.371717 0.740623
vt 0.372225 0.740413
vt 0.881452 0.123005
vt 0.880945 0.122795
vt 0.371718 0.742064
vt 0.372225 0.742274
vt 0.881452 0.124447
vt 0.880945 0.124657
vt 0.370698 0.743084
vt 0.370908 0.743591
vt 0.882471 0.125466
vt 0.882261 0.125973
vt 0.369256 0.743084
vt 0.369046 0.743591
vt 0.753041 0.898164
vt 0.751320 0.898164
vt 0.751828 0.897657
vt 0.752533 0.897657
vt 0.883913 0.125466
vt 0.884123 0.125973
vt 0.368237 0.742064
vt 0.367730 0.742274
vt 0.771639 0.300753
vt 0.771639 0.299310
vt 0.772138 0.298803
vt 0.772138 0.301260
vt 0.931618 0.541521
vt 0.929897 0.541521
vt 0.930405 0.541014
vt 0.931110 0.541014
vt 0.885174 0.103363
vt 0.885174 0.100905
vt 0.885672 0.101412
vt 0.885672 0.102855
vt 0.851442 0.899624
vt 0.849722 0.899623
vt 0.850229 0.899116
vt 0.850935 0.899117
vt 0.235066 0.744099
vt 0.233622 0.744099
vt 0.233115 0.743603
vt 0.235573 0.743603
vt 0.885174 0.040604
vt 0.885174 0.038147
vt 0.885672 0.038654
vt 0.885672 0.040097
vt 0.751321 0.898164
vt 0.749600 0.898164
vt 0.750108 0.897657
vt 0.750813 0.897657
vt 0.812319 0.778470
vt 0.812319 0.776012
vt 0.812533 0.775505
vt 0.812746 0.778977
vt 0.235573 0.729645
vt 0.233115 0.729645
vt 0.233115 0.729130
vt 0.235573 0.729130
vt 0.851442 0.914436
vt 0.849722 0.915148
vt 0.849722 0.914622
vt 0.851442 0.913909
vt 0.869714 0.041111
vt 0.869503 0.037640
vt 0.870443 0.038147
vt 0.870443 0.040604
vt 0.753041 0.913688
vt 0.751321 0.912976
vt 0.751321 0.912450
vt 0.753041 0.913162
vt 0.751321 0.912976
vt 0.749601 0.913688
vt 0.749600 0.913162
vt 0.751321 0.912450
vt 0.869714 0.103870
vt 0.869503 0.100398
vt 0.870443 0.100905
vt 0.870443 0.103363
vt 0.931618 0.557045
vt 0.929898 0.556333
vt 0.929898 0.555807
vt 0.931618 0.556519
vt 0.793706 0.296943
vt 0.793706 0.298385
vt 0.793199 0.298595
vt 0.793199 0.296733
vt 0.171574 0.792659
vt 0.171574 0.791217
vt 0.172081 0.791007
vt 0.172081 0.792869
vt 0.794726 0.299404
vt 0.794515 0.299912
vt 0.170555 0.793678
vt 0.170765 0.794185
vt 0.796167 0.299404
vt 0.796377 0.299912
vt 0.169113 0.793678
vt 0.168903 0.794185
vt 0.797187 0.298385
vt 0.797694 0.298595
vt 0.168094 0.792659
vt 0.167587 0.792869
vt 0.797187 0.296944
vt 0.797694 0.296734
vt 0.168094 0.791217
vt 0.167587 0.791007
vt 0.796168 0.295924
vt 0.796378 0.295417
vt 0.169113 0.790198
vt 0.168903 0.789690
vt 0.853162 0.899624
vt 0.851442 0.899624
vt 0.851949 0.899117
vt 0.852655 0.899117
vt 0.794726 0.295924
vt 0.794516 0.295417
vt 0.170555 0.790198
vt 0.170765 0.789690
vt 0.175611 0.533803
vt 0.175611 0.531516
vt 0.176118 0.531009
vt 0.176118 0.534310
vt 0.854882 0.899624
vt 0.853162 0.899624
vt 0.853670 0.899117
vt 0.854375 0.899117
vt 0.145017 0.769989
vt 0.145017 0.766689
vt 0.145524 0.767196
vt 0.145524 0.769482
vt 0.926457 0.541521
vt 0.924737 0.541521
vt 0.925244 0.541014
vt 0.925950 0.541014
vt 0.150068 0.794069
vt 0.147781 0.794069
vt 0.147274 0.793562
vt 0.150575 0.793562
vt 0.145017 0.685700
vt 0.145017 0.682400
vt 0.145524 0.682907
vt 0.145524 0.685193
vt 0.259506 0.892295
vt 0.257786 0.892295
vt 0.258293 0.891788
vt 0.258998 0.891788
vt 0.962128 0.758236
vt 0.962128 0.754936
vt 0.962359 0.754429
vt 0.962590 0.758743
vt 0.150575 0.779284
vt 0.147274 0.779284
vt 0.147274 0.778758
vt 0.150575 0.778758
vt 0.926457 0.556333
vt 0.924738 0.557045
vt 0.924738 0.556519
vt 0.926457 0.555806
vt 0.129258 0.686208
vt 0.129023 0.681893
vt 0.130019 0.682400
vt 0.130019 0.685700
vt 0.853162 0.915148
vt 0.851443 0.914436
vt 0.851443 0.913909
vt 0.853162 0.914622
vt 0.259506 0.907107
vt 0.257786 0.907820
vt 0.257786 0.907293
vt 0.259506 0.906581
vt 0.129258 0.770497
vt 0.129023 0.766182
vt 0.130019 0.766689
vt 0.130019 0.769989
vt 0.854882 0.915148
vt 0.853163 0.914436
vt 0.853163 0.913909
vt 0.854882 0.914622
vt 0.823094 0.197487
vt 0.824376 0.195710
vt 0.824757 0.196115
vt 0.823250 0.198194
vt 0.150956 0.789034
vt 0.152238 0.790810
vt 0.152082 0.791517
vt 0.150575 0.789438
vt 0.824373 0.192581
vt 0.824757 0.192439
vt 0.150959 0.785904
vt 0.150575 0.785762
vt 0.823093 0.189920
vt 0.823250 0.189320
vt 0.152239 0.783243
vt 0.152082 0.782643
vt 0.821276 0.189290
vt 0.821119 0.188584
vt 0.154056 0.782614
vt 0.154213 0.781907
vt 0.819994 0.191067
vt 0.819612 0.190663
vt 0.155338 0.784390
vt 0.155720 0.783986
vt 0.819997 0.194196
vt 0.819613 0.194338
vt 0.155335 0.787520
vt 0.155720 0.787662
vt 0.821276 0.196857
vt 0.821119 0.197457
vt 0.154056 0.790181
vt 0.154213 0.790781
vt 0.796647 0.739421
vt 0.792512 0.739421
vt 0.792512 0.738923
vt 0.796647 0.738923
vt 0.315877 0.797885
vt 0.315877 0.793750
vt 0.316251 0.793243
vt 0.316338 0.798392
vt 0.299072 0.879923
vt 0.295594 0.881112
vt 0.295594 0.880591
vt 0.299072 0.879403
vt 0.280864 0.382490
vt 0.280864 0.378355
vt 0.281356 0.378355
vt 0.281356 0.382490
vt 0.769755 0.909483
vt 0.774297 0.909483
vt 0.773840 0.909990
vt 0.770334 0.909990
vt 0.302913 0.879923
vt 0.299435 0.881112
vt 0.299435 0.880591
vt 0.302913 0.879403
vt 0.280864 0.488084
vt 0.280864 0.483949
vt 0.281356 0.483949
vt 0.281356 0.488084
vt 0.174639 0.635316
vt 0.179181 0.635316
vt 0.178724 0.635823
vt 0.175218 0.635823
vt 0.159201 0.790810
vt 0.160483 0.789033
vt 0.160865 0.789437
vt 0.159358 0.791516
vt 0.825139 0.195711
vt 0.826421 0.197487
vt 0.826264 0.198193
vt 0.824758 0.196115
vt 0.160480 0.785904
vt 0.160865 0.785762
vt 0.825142 0.192581
vt 0.824757 0.192439
vt 0.159201 0.783243
vt 0.159358 0.782643
vt 0.826421 0.189920
vt 0.826264 0.189320
vt 0.157383 0.782613
vt 0.157227 0.781907
vt 0.828239 0.189290
vt 0.828395 0.188584
vt 0.156101 0.784390
vt 0.155720 0.783985
vt 0.829521 0.191067
vt 0.829902 0.190663
vt 0.156104 0.787519
vt 0.155720 0.787661
vt 0.829518 0.194196
vt 0.829902 0.194338
vt 0.158061 0.520013
vt 0.154613 0.519075
vt 0.155103 0.518692
vt 0.157572 0.519364
vt 0.157384 0.790180
vt 0.157227 0.790780
vt 0.828238 0.196858
vt 0.828396 0.197458
vt 0.858659 0.205614
vt 0.858659 0.202493
vt 0.859165 0.201986
vt 0.859165 0.206121
vt 0.316892 0.315165
vt 0.318668 0.315165
vt 0.319027 0.315672
vt 0.316892 0.315672
vt 0.318669 0.555152
vt 0.316892 0.555152
vt 0.316892 0.554645
vt 0.319027 0.554645
vt 0.161510 0.520013
vt 0.158062 0.519075
vt 0.158551 0.518692
vt 0.161020 0.519364
vt 0.797694 0.299912
vt 0.797694 0.295777
vt 0.798200 0.296284
vt 0.798200 0.299404
vt 0.164958 0.519075
vt 0.161510 0.520013
vt 0.161999 0.519364
vt 0.164468 0.518692
vt 0.146523 0.536495
vt 0.143403 0.536495
vt 0.142896 0.536005
vt 0.147031 0.536005
vt 0.138761 0.519042
vt 0.134626 0.519042
vt 0.135133 0.518559
vt 0.138253 0.518559
vt 0.154613 0.519075
vt 0.151165 0.520013
vt 0.151655 0.519364
vt 0.154124 0.518692
vt 0.316411 0.382490
vt 0.316411 0.378355
vt 0.317251 0.377848
vt 0.317251 0.382997
vt 0.316411 0.488084
vt 0.316411 0.483949
vt 0.317251 0.483442
vt 0.317251 0.488591
vt 0.295594 0.842965
vt 0.299033 0.843382
vt 0.299033 0.843891
vt 0.295594 0.843474
vt 0.796647 0.773867
vt 0.792512 0.773867
vt 0.792512 0.773381
vt 0.796647 0.773381
vt 0.875264 0.931229
vt 0.879109 0.931229
vt 0.878733 0.931736
vt 0.875675 0.931736
vt 0.299435 0.842965
vt 0.302874 0.843382
vt 0.302875 0.843891
vt 0.299435 0.843474
vt 0.370933 0.830444
vt 0.366798 0.830444
vt 0.366798 0.829958
vt 0.370933 0.829958
vt 0.846198 0.936971
vt 0.850043 0.936971
vt 0.849667 0.937478
vt 0.846609 0.937478
vt 0.934283 0.072696
vt 0.934283 0.068562
vt 0.934657 0.068054
vt 0.934745 0.073204
vt 0.147031 0.519055
vt 0.142896 0.519055
vt 0.142896 0.518559
vt 0.147031 0.518559
vt 0.164958 0.537468
vt 0.161510 0.538741
vt 0.161510 0.538218
vt 0.164958 0.536945
vt 0.138761 0.536574
vt 0.134626 0.536574
vt 0.134626 0.536085
vt 0.138761 0.536085
vt 0.158061 0.538741
vt 0.154613 0.537468
vt 0.154613 0.536945
vt 0.158061 0.538218
vt 0.154613 0.537468
vt 0.151165 0.538741
vt 0.151165 0.538218
vt 0.154613 0.536945
vt 0.142895 0.536574
vt 0.142895 0.536085
vt 0.161510 0.538741
vt 0.158062 0.537468
vt 0.158062 0.536945
vt 0.161510 0.538218
vt 0.145971 0.537002
vt 0.145191 0.537002
vt 0.144981 0.536495
vt 0.146181 0.536495
vt 0.140600 0.537082
vt 0.139820 0.537082
vt 0.139610 0.536575
vt 0.140810 0.536575
vt 0.144639 0.537554
vt 0.144132 0.537344
vt 0.141152 0.537634
vt 0.141659 0.537423
vt 0.144639 0.538334
vt 0.144132 0.538544
vt 0.141152 0.538414
vt 0.141659 0.538624
vt 0.145191 0.538886
vt 0.144981 0.539393
vt 0.140600 0.538966
vt 0.140810 0.539473
vt 0.145972 0.538886
vt 0.146182 0.539393
vt 0.139820 0.538966
vt 0.139610 0.539473
vt 0.146523 0.538334
vt 0.147030 0.538544
vt 0.139268 0.538414
vt 0.138761 0.538624
vt 0.959150 0.187924
vt 0.958127 0.187500
vt 0.958595 0.187167
vt 0.958683 0.187204
vt 0.146523 0.537554
vt 0.147030 0.537344
vt 0.139268 0.537634
vt 0.138761 0.537423
vt 0.134200 0.535742
vt 0.134200 0.534368
vt 0.134626 0.533861
vt 0.134626 0.536249
vt 0.960175 0.187924
vt 0.959152 0.187500
vt 0.959621 0.187167
vt 0.959708 0.187204
vt 0.370706 0.393181
vt 0.370706 0.390794
vt 0.371220 0.391301
vt 0.371220 0.392674
vt 0.237571 0.892314
vt 0.236548 0.892739
vt 0.237015 0.892019
vt 0.237103 0.891982
vt 0.895852 0.245302
vt 0.894479 0.245302
vt 0.893972 0.244784
vt 0.896359 0.244784
vt 0.370706 0.332215
vt 0.370706 0.329827
vt 0.371220 0.330335
vt 0.371220 0.331708
vt 0.958126 0.187500
vt 0.957104 0.187924
vt 0.957570 0.187204
vt 0.957658 0.187167
vt 0.970758 0.540293
vt 0.970758 0.537905
vt 0.971007 0.537398
vt 0.971257 0.540800
vt 0.896359 0.194857
vt 0.893972 0.194857
vt 0.893972 0.194288
vt 0.896359 0.194288
vt 0.237571 0.943608
vt 0.236723 0.944458
vt 0.236721 0.943882
vt 0.237571 0.943030
vt 0.319952 0.332722
vt 0.319704 0.329320
vt 0.320763 0.329827
vt 0.320763 0.332215
vt 0.958976 0.239643
vt 0.958127 0.238793
vt 0.958127 0.238216
vt 0.958978 0.239067
vt 0.958126 0.238793
vt 0.957278 0.239643
vt 0.957276 0.239067
vt 0.958126 0.238216
vt 0.319952 0.393689
vt 0.319705 0.390287
vt 0.320763 0.390794
vt 0.320763 0.393181
vt 0.960001 0.239643
vt 0.959152 0.238793
vt 0.959152 0.238216
vt 0.960002 0.239067
vt 0.165642 0.793249
vt 0.166580 0.791948
vt 0.166961 0.792352
vt 0.165799 0.793955
vt 0.819994 0.203598
vt 0.820932 0.204899
vt 0.820775 0.205606
vt 0.819613 0.204002
vt 0.166576 0.789658
vt 0.166961 0.789516
vt 0.819997 0.201309
vt 0.819613 0.201167
vt 0.165641 0.787711
vt 0.165798 0.787111
vt 0.820932 0.199361
vt 0.820775 0.198761
vt 0.164311 0.787249
vt 0.164155 0.786543
vt 0.822262 0.198900
vt 0.822419 0.198193
vt 0.163374 0.788550
vt 0.162992 0.788146
vt 0.823200 0.200201
vt 0.823581 0.199797
vt 0.163377 0.790840
vt 0.162993 0.790982
vt 0.823196 0.202490
vt 0.823581 0.202632
vt 0.164312 0.792787
vt 0.164155 0.793387
vt 0.822262 0.204438
vt 0.822419 0.205038
vt 0.171337 0.518943
vt 0.168147 0.518943
vt 0.168147 0.518559
vt 0.171337 0.518559
vt 0.946159 0.192606
vt 0.946159 0.189417
vt 0.946496 0.188909
vt 0.946575 0.193113
vt 0.364115 0.796417
vt 0.366798 0.795500
vt 0.366798 0.796021
vt 0.364116 0.796938
vt 0.282505 0.661443
vt 0.282331 0.657240
vt 0.283233 0.657747
vt 0.283233 0.660936
vt 0.961753 0.506593
vt 0.964934 0.506593
vt 0.964542 0.507100
vt 0.962250 0.507100
vt 0.796647 0.739840
vt 0.799329 0.738923
vt 0.799329 0.739444
vt 0.796647 0.740361
vt 0.282505 0.742894
vt 0.282331 0.738690
vt 0.283233 0.739197
vt 0.283233 0.742387
vt 0.960202 0.239720
vt 0.963383 0.239720
vt 0.962991 0.240227
vt 0.960699 0.240227
vt 0.826231 0.204899
vt 0.827169 0.203598
vt 0.827550 0.204002
vt 0.826387 0.205605
vt 0.872052 0.126884
vt 0.872990 0.128185
vt 0.872833 0.128891
vt 0.871671 0.127288
vt 0.827165 0.201309
vt 0.827550 0.201167
vt 0.872055 0.124594
vt 0.871671 0.124453
vt 0.826231 0.199361
vt 0.826388 0.198761
vt 0.872990 0.122647
vt 0.872833 0.122047
vt 0.824901 0.198900
vt 0.824744 0.198193
vt 0.874320 0.122186
vt 0.874477 0.121479
vt 0.823963 0.200200
vt 0.823581 0.199796
vt 0.875258 0.123486
vt 0.875639 0.123082
vt 0.823966 0.202490
vt 0.823582 0.202632
vt 0.875254 0.125776
vt 0.875639 0.125918
vt 0.829902 0.202912
vt 0.832562 0.203635
vt 0.832073 0.204018
vt 0.830392 0.203561
vt 0.824901 0.204437
vt 0.824744 0.205038
vt 0.874319 0.127723
vt 0.874477 0.128323
vt 0.143483 0.539257
vt 0.143483 0.537081
vt 0.143894 0.536574
vt 0.143894 0.539764
vt 0.896359 0.239866
vt 0.899019 0.240589
vt 0.898529 0.240972
vt 0.896848 0.240515
vt 0.832725 0.136850
vt 0.832725 0.133661
vt 0.833126 0.134168
vt 0.833126 0.136343
vt 0.901679 0.240589
vt 0.904338 0.239866
vt 0.903849 0.240515
vt 0.902168 0.240972
vt 0.888354 0.205281
vt 0.886179 0.205281
vt 0.885672 0.204893
vt 0.888861 0.204893
vt 0.832725 0.055400
vt 0.832725 0.052210
vt 0.833126 0.052717
vt 0.833126 0.054892
vt 0.899019 0.240590
vt 0.901679 0.239866
vt 0.901189 0.240515
vt 0.899508 0.240972
vt 0.304870 0.660936
vt 0.304870 0.657747
vt 0.305258 0.657747
vt 0.305258 0.660936
vt 0.304870 0.742387
vt 0.304870 0.739197
vt 0.305258 0.739197
vt 0.305258 0.742387
vt 0.366798 0.824926
vt 0.364145 0.824604
vt 0.364145 0.824095
vt 0.366798 0.824417
vt 0.171337 0.539327
vt 0.168147 0.539327
vt 0.168147 0.538952
vt 0.171337 0.538952
vt 0.665313 0.939740
vt 0.668219 0.939740
vt 0.667870 0.940247
vt 0.665693 0.940247
vt 0.799329 0.768349
vt 0.796677 0.768027
vt 0.796676 0.767518
vt 0.799329 0.767840
vt 0.164958 0.539327
vt 0.164958 0.538952
vt 0.168147 0.538952
vt 0.278215 0.594662
vt 0.281121 0.594662
vt 0.280772 0.595169
vt 0.278596 0.595169
vt 0.122335 0.390128
vt 0.122335 0.386938
vt 0.122672 0.386431
vt 0.122751 0.390635
vt 0.888861 0.194682
vt 0.885672 0.194682
vt 0.885672 0.194288
vt 0.888861 0.194288
vt 0.901679 0.226520
vt 0.904338 0.225538
vt 0.904338 0.226061
vt 0.901679 0.227043
vt 0.821254 0.055907
vt 0.821080 0.051703
vt 0.821991 0.052210
vt 0.821991 0.055400
vt 0.829902 0.188584
vt 0.832562 0.189566
vt 0.832562 0.190089
vt 0.829902 0.189107
vt 0.899019 0.226520
vt 0.901679 0.225538
vt 0.901679 0.226061
vt 0.899019 0.227043
vt 0.821254 0.137357
vt 0.821080 0.133153
vt 0.821991 0.133661
vt 0.821991 0.136850
vt 0.896359 0.225538
vt 0.899019 0.226520
vt 0.899019 0.227043
vt 0.896359 0.226061
vt 0.790952 0.297665
vt 0.790231 0.299405
vt 0.789211 0.298385
vt 0.791673 0.299405
vt 0.954926 0.316774
vt 0.953734 0.317281
vt 0.781961 0.297665
vt 0.783702 0.296944
vt 0.783702 0.298385
vt 0.782682 0.299405
vt 0.953734 0.451315
vt 0.955149 0.451822
vt 0.792692 0.298385
vt 0.880915 0.939312
vt 0.878444 0.939312
vt 0.781241 0.299404
vt 0.857267 0.207280
vt 0.859738 0.207280
vt 0.792692 0.296944
vt 0.956986 0.317281
vt 0.780221 0.298385
vt 0.955812 0.451822
vt 0.956986 0.451315
vt 0.791672 0.295924
vt 0.780221 0.296944
vt 0.790231 0.295924
vt 0.781241 0.295924
vt 0.789211 0.296944
vt 0.782682 0.295924
vt 0.797587 0.773360
vt 0.797587 0.769324
vt 0.367174 0.714904
vt 0.372225 0.714904
vt 0.370255 0.314658
vt 0.370255 0.310621
vt 0.367174 0.727378
vt 0.372225 0.727378
vt 0.372225 0.738694
vt 0.367174 0.738694
vt 0.953734 0.446264
vt 0.954926 0.445757
vt 0.953734 0.322332
vt 0.955149 0.322839
vt 0.965405 0.523750
vt 0.967875 0.523750
vt 0.967875 0.646668
vt 0.965405 0.646668
vt 0.955592 0.445757
vt 0.956986 0.446264
vt 0.956986 0.322332
vt 0.883192 0.128221
vt 0.950007 0.525361
vt 0.951781 0.525361
vt 0.801984 0.003975
vt 0.803638 0.003975
vt 0.801984 0.074741
vt 0.893310 0.546318
vt 0.951781 0.766887
vt 0.950007 0.766887
vt 0.801984 0.208775
vt 0.803638 0.245501
vt 0.801984 0.245501
vt 0.800226 0.872833
vt 0.801984 0.872833
vt 0.802323 0.943092
vt 0.799887 0.943092
vt 0.672023 0.892012
vt 0.674458 0.892012
vt 0.674119 0.928231
vt 0.672361 0.928231
vt 0.952059 0.003975
vt 0.953735 0.003975
vt 0.953735 0.074741
vt 0.952515 0.209282
vt 0.953735 0.208775
vt 0.953735 0.245501
vt 0.952059 0.245501
vt 0.950298 0.246515
vt 0.952050 0.246515
vt 0.952050 0.488040
vt 0.950298 0.488040
vt 0.953734 0.246515
vt 0.953734 0.488040
vt 0.950286 0.003975
vt 0.952059 0.003975
vt 0.952059 0.245501
vt 0.950286 0.245501
vt 0.953735 0.003975
vt 0.955391 0.003975
vt 0.955391 0.245501
vt 0.953735 0.245501
vt 0.235066 0.748643
vt 0.234362 0.748643
vt 0.234362 0.744606
vt 0.235066 0.744606
vt 0.171843 0.538615
vt 0.171843 0.534578
vt 0.124524 0.519085
vt 0.129575 0.533354
vt 0.124524 0.533354
vt 0.801984 0.203724
vt 0.801984 0.079792
vt 0.965977 0.379526
vt 0.968412 0.379526
vt 0.968412 0.502443
vt 0.965977 0.502443
vt 0.952287 0.203217
vt 0.953735 0.203724
vt 0.953735 0.079792
vt 0.893311 0.554479
vt 0.964542 0.379526
vt 0.966316 0.379526
vt 0.850742 0.003975
vt 0.852396 0.003975
vt 0.850742 0.041106
vt 0.897805 0.546318
vt 0.966316 0.506593
vt 0.964542 0.506593
vt 0.850742 0.111887
vt 0.852396 0.131042
vt 0.850742 0.131042
vt 0.670603 0.892012
vt 0.672361 0.892012
vt 0.672700 0.928636
vt 0.670265 0.928636
vt 0.278257 0.595676
vt 0.280692 0.595677
vt 0.280354 0.614325
vt 0.278596 0.614325
vt 0.967532 0.523750
vt 0.969208 0.523750
vt 0.969208 0.560881
vt 0.967988 0.632169
vt 0.969208 0.631662
vt 0.969208 0.650818
vt 0.967532 0.650818
vt 0.965652 0.708866
vt 0.967403 0.708866
vt 0.967403 0.835934
vt 0.965652 0.835934
vt 0.969087 0.708866
vt 0.969087 0.835934
vt 0.965647 0.246515
vt 0.967420 0.246515
vt 0.967420 0.373582
vt 0.965647 0.373582
vt 0.968073 0.379526
vt 0.969729 0.379526
vt 0.969729 0.506593
vt 0.968073 0.506593
vt 0.769939 0.300963
vt 0.769235 0.300963
vt 0.769235 0.299310
vt 0.769939 0.299310
vt 0.767517 0.300963
vt 0.767518 0.299310
vt 0.922070 0.541539
vt 0.924737 0.541539
vt 0.924737 0.555809
vt 0.922070 0.555809
vt 0.850742 0.109220
vt 0.850742 0.043773
vt 0.151520 0.876052
vt 0.153955 0.876052
vt 0.153955 0.940485
vt 0.151520 0.940485
vt 0.967760 0.628488
vt 0.969208 0.628995
vt 0.969208 0.563549
vt 0.835374 0.204234
vt 0.969087 0.708866
vt 0.970662 0.708866
vt 0.833126 0.003975
vt 0.834942 0.003975
vt 0.833126 0.041905
vt 0.839868 0.204234
vt 0.970662 0.838651
vt 0.969087 0.838651
vt 0.833126 0.114187
vt 0.834942 0.133760
vt 0.833126 0.133760
vt 0.233394 0.892295
vt 0.234970 0.892295
vt 0.235273 0.929718
vt 0.233091 0.929718
vt 0.173170 0.601707
vt 0.175353 0.601707
vt 0.175050 0.620772
vt 0.173473 0.620772
vt 0.964101 0.003975
vt 0.965916 0.003975
vt 0.965916 0.041905
vt 0.964595 0.114695
vt 0.965916 0.114187
vt 0.965916 0.133760
vt 0.964101 0.133760
vt 0.969244 0.246515
vt 0.970793 0.246515
vt 0.970793 0.376300
vt 0.969244 0.376300
vt 0.963826 0.708866
vt 0.965652 0.708866
vt 0.965652 0.838651
vt 0.963826 0.838651
vt 0.970470 0.003975
vt 0.972008 0.003975
vt 0.972008 0.133760
vt 0.970470 0.133760
vt 0.962271 0.003975
vt 0.964101 0.003975
vt 0.962271 0.133760
vt 0.766511 0.300963
vt 0.765816 0.300963
vt 0.765816 0.299254
vt 0.766511 0.299254
vt 0.760729 0.300963
vt 0.760729 0.299254
vt 0.172325 0.823824
vt 0.175049 0.823824
vt 0.175049 0.837838
vt 0.172325 0.837838
vt 0.833126 0.111464
vt 0.833126 0.044628
vt 0.173170 0.534872
vt 0.175353 0.534872
vt 0.175353 0.600693
vt 0.173170 0.600692
vt 0.964348 0.110956
vt 0.965916 0.111464
vt 0.965916 0.044629
vt 0.844363 0.204234
vt 0.968895 0.003975
vt 0.970469 0.003975
vt 0.145524 0.636330
vt 0.147341 0.636330
vt 0.145524 0.674260
vt 0.848857 0.204234
vt 0.970469 0.133760
vt 0.968895 0.133760
vt 0.145524 0.746543
vt 0.147341 0.766115
vt 0.145524 0.766115
vt 0.234970 0.892295
vt 0.236546 0.892295
vt 0.236850 0.929718
vt 0.234667 0.929718
vt 0.303135 0.864517
vt 0.305319 0.864517
vt 0.305015 0.883581
vt 0.303439 0.883581
vt 0.963933 0.523750
vt 0.965748 0.523750
vt 0.965748 0.561680
vt 0.964427 0.634470
vt 0.965748 0.633963
vt 0.965748 0.653535
vt 0.963933 0.653535
vt 0.969208 0.523750
vt 0.970758 0.523750
vt 0.970758 0.653535
vt 0.969208 0.653535
vt 0.963822 0.246515
vt 0.965647 0.246515
vt 0.965647 0.376300
vt 0.963822 0.376300
vt 0.969729 0.379525
vt 0.971268 0.379525
vt 0.971268 0.509310
vt 0.969729 0.509310
vt 0.946132 0.804207
vt 0.947961 0.804207
vt 0.947961 0.933991
vt 0.946132 0.933991
vt 0.763120 0.300963
vt 0.762424 0.300963
vt 0.762424 0.299254
vt 0.763120 0.299254
vt 0.764120 0.300963
vt 0.764120 0.299254
vt 0.904338 0.226054
vt 0.907062 0.226054
vt 0.907062 0.240068
vt 0.904338 0.240068
vt 0.145524 0.743819
vt 0.145524 0.676984
vt 0.356721 0.877232
vt 0.358904 0.877232
vt 0.358904 0.943053
vt 0.356721 0.943053
vt 0.964180 0.630732
vt 0.965748 0.631239
vt 0.965748 0.564404
vt 0.786456 0.297664
vt 0.958866 0.003975
vt 0.960555 0.003975
vt 0.757445 0.593987
vt 0.759193 0.593987
vt 0.757445 0.647405
vt 0.126772 0.536109
vt 0.960555 0.186466
vt 0.958866 0.186466
vt 0.757445 0.748815
vt 0.759193 0.776478
vt 0.757445 0.776478
vt 0.956986 0.461605
vt 0.958676 0.461605
vt 0.959002 0.514516
vt 0.956661 0.514516
vt 0.239065 0.892295
vt 0.241406 0.892295
vt 0.241081 0.919451
vt 0.239391 0.919451
vt 0.958690 0.246515
vt 0.960437 0.246515
vt 0.960437 0.299933
vt 0.959166 0.401850
vt 0.960437 0.401343
vt 0.960437 0.429006
vt 0.958690 0.429006
vt 0.962106 0.246515
vt 0.962106 0.429006
vt 0.957102 0.003975
vt 0.958866 0.003975
vt 0.957102 0.186466
vt 0.960468 0.708866
vt 0.962128 0.708866
vt 0.962128 0.891357
vt 0.960468 0.891357
vt 0.956987 0.708866
vt 0.958757 0.708866
vt 0.958757 0.891357
vt 0.956987 0.891357
vt 0.799193 0.773360
vt 0.798487 0.773360
vt 0.798487 0.770553
vt 0.799193 0.770553
vt 0.366518 0.742410
vt 0.366518 0.739603
vt 0.150575 0.767147
vt 0.154396 0.767147
vt 0.154396 0.781401
vt 0.150575 0.781401
vt 0.757445 0.744993
vt 0.757445 0.651226
vt 0.962665 0.146967
vt 0.965006 0.146967
vt 0.965006 0.239720
vt 0.962665 0.239720
vt 0.958928 0.397014
vt 0.960437 0.397521
vt 0.960437 0.303755
vt 0.853352 0.204233
vt 0.956986 0.525361
vt 0.958810 0.525361
vt 0.775211 0.593987
vt 0.776766 0.593987
vt 0.775211 0.647405
vt 0.131267 0.536108
vt 0.958810 0.707852
vt 0.956986 0.707852
vt 0.775211 0.748815
vt 0.776766 0.776478
vt 0.775211 0.776478
vt 0.097078 0.880784
vt 0.098897 0.880784
vt 0.099247 0.933695
vt 0.096727 0.933695
vt 0.237221 0.892295
vt 0.239741 0.892295
vt 0.239391 0.919451
vt 0.237571 0.919451
vt 0.812319 0.558335
vt 0.813885 0.558335
vt 0.813885 0.611753
vt 0.812746 0.713669
vt 0.813885 0.713162
vt 0.813885 0.740826
vt 0.812319 0.740826
vt 0.951781 0.740451
vt 0.953613 0.740451
vt 0.953613 0.922943
vt 0.951781 0.922943
vt 0.824253 0.557234
vt 0.825782 0.557234
vt 0.825782 0.739725
vt 0.824253 0.739725
vt 0.370933 0.744101
vt 0.372766 0.744101
vt 0.372766 0.926592
vt 0.370933 0.926592
vt 0.824255 0.740739
vt 0.825783 0.740739
vt 0.825783 0.923230
vt 0.824255 0.923230
vt 0.896751 0.555546
vt 0.896057 0.555546
vt 0.896057 0.552739
vt 0.896751 0.552739
vt 0.828049 0.205098
vt 0.828049 0.202291
vt 0.158218 0.767137
vt 0.162039 0.767137
vt 0.162039 0.781095
vt 0.158218 0.781095
vt 0.775211 0.744993
vt 0.775211 0.651226
vt 0.303089 0.770750
vt 0.305609 0.770750
vt 0.305609 0.863502
vt 0.303089 0.863502
vt 0.812532 0.708834
vt 0.813885 0.709341
vt 0.813885 0.615574
vt 0.883192 0.123726
vt 0.967420 0.246515
vt 0.969244 0.246515
vt 0.868371 0.003975
vt 0.869926 0.003975
vt 0.868371 0.038147
vt 0.369977 0.741344
vt 0.969244 0.363512
vt 0.967420 0.363512
vt 0.868371 0.103363
vt 0.869926 0.120972
vt 0.868371 0.120972
vt 0.674304 0.892012
vt 0.676123 0.892012
vt 0.676474 0.925677
vt 0.673954 0.925677
vt 0.169911 0.772081
vt 0.172432 0.772081
vt 0.172081 0.789183
vt 0.170262 0.789183
vt 0.812319 0.741840
vt 0.813885 0.741840
vt 0.813885 0.776012
vt 0.812746 0.841735
vt 0.813885 0.841228
vt 0.813885 0.858837
vt 0.812319 0.858837
vt 0.967062 0.121986
vt 0.968894 0.121986
vt 0.968894 0.238983
vt 0.967062 0.238983
vt 0.970662 0.708866
vt 0.972191 0.708866
vt 0.972191 0.825863
vt 0.970662 0.825863
vt 0.967062 0.003975
vt 0.968895 0.003975
vt 0.968895 0.120972
vt 0.967062 0.120972
vt 0.970662 0.826877
vt 0.972189 0.826877
vt 0.972189 0.943874
vt 0.970662 0.943874
vt 0.773332 0.300753
vt 0.772637 0.300753
vt 0.772637 0.299310
vt 0.773332 0.299310
vt 0.770945 0.300753
vt 0.770945 0.299310
vt 0.122067 0.523826
vt 0.124524 0.523826
vt 0.124524 0.537785
vt 0.122067 0.537785
vt 0.868371 0.100905
vt 0.868371 0.040604
vt 0.342767 0.877232
vt 0.345287 0.877232
vt 0.345287 0.936518
vt 0.342767 0.936519
vt 0.812532 0.838263
vt 0.813885 0.838770
vt 0.813885 0.778470
vt 0.795447 0.297664
vt 0.962106 0.246515
vt 0.963822 0.246515
vt 0.127768 0.636330
vt 0.129493 0.636330
vt 0.127768 0.682400
vt 0.169834 0.791938
vt 0.963822 0.403998
vt 0.962106 0.403998
vt 0.127768 0.769989
vt 0.129493 0.793814
vt 0.127768 0.793814
vt 0.904818 0.890025
vt 0.906558 0.890025
vt 0.906893 0.935588
vt 0.904483 0.935588
vt 0.371022 0.422461
vt 0.373433 0.422461
vt 0.373097 0.445778
vt 0.371357 0.445778
vt 0.962128 0.708866
vt 0.963826 0.708866
vt 0.963826 0.754936
vt 0.962590 0.843033
vt 0.963826 0.842525
vt 0.963826 0.866350
vt 0.962128 0.866350
vt 0.953745 0.767901
vt 0.955486 0.767901
vt 0.955486 0.925384
vt 0.953745 0.925384
vt 0.962236 0.523750
vt 0.963933 0.523750
vt 0.963933 0.681234
vt 0.962236 0.681234
vt 0.960513 0.523750
vt 0.962236 0.523750
vt 0.962236 0.681234
vt 0.960513 0.681234
vt 0.960554 0.003975
vt 0.962271 0.003975
vt 0.962271 0.161458
vt 0.960554 0.161458
vt 0.828762 0.201276
vt 0.828057 0.201276
vt 0.828057 0.198990
vt 0.828762 0.198990
vt 0.174905 0.533803
vt 0.174905 0.531516
vt 0.166961 0.772100
vt 0.170262 0.772100
vt 0.170262 0.786379
vt 0.166961 0.786379
vt 0.127768 0.766689
vt 0.127768 0.685700
vt 0.963491 0.839665
vt 0.965901 0.839665
vt 0.965901 0.919639
vt 0.963491 0.919640
vt 0.962359 0.838718
vt 0.963826 0.839225
vt 0.963826 0.758236
vt 0.822185 0.193388
vt 0.799849 0.593987
vt 0.801984 0.593987
vt 0.947961 0.525361
vt 0.950007 0.525361
vt 0.949603 0.657351
vt 0.947961 0.657858
vt 0.153147 0.786712
vt 0.801984 0.871818
vt 0.799849 0.871818
vt 0.947961 0.767587
vt 0.949743 0.768094
vt 0.950007 0.803192
vt 0.947961 0.803192
vt 0.770166 0.777492
vt 0.773840 0.777492
vt 0.889021 0.206778
vt 0.893562 0.206778
vt 0.893106 0.241876
vt 0.889431 0.241876
vt 0.315877 0.555659
vt 0.319027 0.555659
vt 0.319027 0.688157
vt 0.316251 0.687649
vt 0.319027 0.797885
vt 0.319027 0.833491
vt 0.315877 0.833491
vt 0.945854 0.525361
vt 0.947961 0.525361
vt 0.947961 0.803192
vt 0.945854 0.803192
vt 0.946416 0.246515
vt 0.948501 0.246515
vt 0.948501 0.524347
vt 0.946416 0.524347
vt 0.942741 0.246515
vt 0.942741 0.524347
vt 0.942741 0.525361
vt 0.945854 0.525361
vt 0.945854 0.803192
vt 0.942741 0.803192
vt 0.947961 0.763452
vt 0.949603 0.762945
vt 0.662254 0.892431
vt 0.665693 0.892014
vt 0.665693 0.929131
vt 0.662216 0.927943
vt 0.947961 0.661993
vt 0.949743 0.662500
vt 0.174639 0.534872
vt 0.179181 0.534872
vt 0.739102 0.890870
vt 0.742541 0.890453
vt 0.742541 0.927570
vt 0.739064 0.926382
vt 0.319027 0.793750
vt 0.366798 0.795999
vt 0.370933 0.795998
vt 0.316338 0.692799
vt 0.319027 0.692292
vt 0.158292 0.786711
vt 0.319027 0.378355
vt 0.944113 0.005879
vt 0.946159 0.005879
vt 0.945755 0.068054
vt 0.944113 0.068561
vt 0.827330 0.193389
vt 0.319027 0.488084
vt 0.945895 0.178797
vt 0.946159 0.244851
vt 0.944113 0.244851
vt 0.816627 0.869053
vt 0.820302 0.869053
vt 0.820758 0.931229
vt 0.816216 0.931229
vt 0.174639 0.772081
vt 0.179181 0.772081
vt 0.178724 0.838135
vt 0.175050 0.838135
vt 0.934283 0.005879
vt 0.937434 0.005879
vt 0.937434 0.068562
vt 0.934745 0.178797
vt 0.937434 0.178290
vt 0.937434 0.244851
vt 0.934283 0.244851
vt 0.939922 0.005879
vt 0.942029 0.005879
vt 0.942029 0.244851
vt 0.939922 0.244851
vt 0.944113 0.005879
vt 0.930607 0.005879
vt 0.934283 0.005879
vt 0.933776 0.068054
vt 0.930607 0.068562
vt 0.930607 0.178290
vt 0.933872 0.178797
vt 0.934283 0.244851
vt 0.930607 0.244851
vt 0.875675 0.869053
vt 0.878788 0.869053
vt 0.820730 0.869053
vt 0.824575 0.869053
vt 0.824254 0.935107
vt 0.821141 0.935107
vt 0.800753 0.299404
vt 0.800753 0.296284
vt 0.142895 0.519042
vt 0.856106 0.205614
vt 0.856106 0.202493
vt 0.151165 0.519055
vt 0.151165 0.536005
vt 0.147031 0.536005
vt 0.945755 0.173648
vt 0.944113 0.072696
vt 0.945895 0.073204
vt 0.947551 0.804207
vt 0.952092 0.804207
vt 0.952092 0.904651
vt 0.947550 0.904651
vt 0.934657 0.173648
vt 0.937434 0.174155
vt 0.937434 0.072696
vt 0.930607 0.174155
vt 0.933776 0.173648
vt 0.930607 0.072696
vt 0.933872 0.073204
vt 0.846198 0.836527
vt 0.850043 0.836527
vt 0.319027 0.483949
vt 0.319027 0.382490
vt 0.145581 0.537944
vt 0.971939 0.523750
vt 0.972942 0.523750
vt 0.319027 0.315672
vt 0.320200 0.315672
vt 0.319027 0.329827
vt 0.140210 0.538024
vt 0.972942 0.656159
vt 0.971939 0.656159
vt 0.319027 0.393181
vt 0.320200 0.448081
vt 0.319027 0.448081
vt 0.146264 0.779265
vt 0.147274 0.779265
vt 0.147576 0.792913
vt 0.145963 0.792913
vt 0.317678 0.867479
vt 0.319291 0.867479
vt 0.318989 0.921872
vt 0.317979 0.921872
vt 0.970758 0.523750
vt 0.971940 0.523750
vt 0.971940 0.537905
vt 0.971257 0.601766
vt 0.971940 0.601259
vt 0.971940 0.656159
vt 0.970758 0.656159
vt 0.972008 0.003975
vt 0.972995 0.003975
vt 0.972995 0.136384
vt 0.972008 0.136384
vt 0.970793 0.243891
vt 0.971975 0.243891
vt 0.971975 0.376299
vt 0.970793 0.376299
vt 0.972191 0.708866
vt 0.973176 0.708866
vt 0.973176 0.841275
vt 0.972191 0.841275
vt 0.971268 0.379526
vt 0.972444 0.379526
vt 0.972444 0.511934
vt 0.971268 0.511934
vt 0.372731 0.713604
vt 0.372651 0.713604
vt 0.372651 0.712231
vt 0.372731 0.712231
vt 0.134119 0.535742
vt 0.134119 0.534368
vt 0.176445 0.467222
vt 0.178832 0.467222
vt 0.178832 0.517149
vt 0.176445 0.517149
vt 0.319027 0.390794
vt 0.319027 0.332215
vt 0.123539 0.844100
vt 0.125152 0.844100
vt 0.125152 0.901664
vt 0.123539 0.901664
vt 0.971007 0.598364
vt 0.971940 0.598872
vt 0.971940 0.540293
vt 0.164977 0.790249
vt 0.956986 0.246515
vt 0.958690 0.246515
vt 0.280864 0.555659
vt 0.282836 0.555659
vt 0.280864 0.657746
vt 0.821597 0.201899
vt 0.958690 0.460591
vt 0.956986 0.460591
vt 0.280864 0.742387
vt 0.282836 0.769736
vt 0.280864 0.769736
vt 0.962106 0.405013
vt 0.964542 0.405013
vt 0.363214 0.715018
vt 0.366395 0.715018
vt 0.366002 0.741859
vt 0.363566 0.741859
vt 0.946159 0.005879
vt 0.948349 0.005879
vt 0.948349 0.107966
vt 0.946496 0.107459
vt 0.948349 0.192606
vt 0.948349 0.219955
vt 0.946159 0.219955
vt 0.955391 0.003975
vt 0.957102 0.003975
vt 0.957102 0.218051
vt 0.955391 0.218051
vt 0.951781 0.525361
vt 0.953745 0.525361
vt 0.953745 0.739437
vt 0.951781 0.739437
vt 0.937434 0.005879
vt 0.939922 0.005879
vt 0.939922 0.219955
vt 0.937434 0.219955
vt 0.743933 0.713777
vt 0.746160 0.713777
vt 0.746160 0.927853
vt 0.743933 0.927853
vt 0.280864 0.739197
vt 0.670574 0.920100
vt 0.667921 0.920421
vt 0.667921 0.892026
vt 0.670603 0.892943
vt 0.280864 0.660936
vt 0.960202 0.162473
vt 0.963383 0.162473
vt 0.318530 0.862593
vt 0.315877 0.862915
vt 0.315877 0.834519
vt 0.318559 0.835436
vt 0.948349 0.189417
vt 0.164958 0.518943
vt 0.946575 0.111663
vt 0.948349 0.111156
vt 0.825566 0.201899
vt 0.958810 0.523750
vt 0.960513 0.523750
vt 0.960513 0.571985
vt 0.959057 0.571478
vt 0.819612 0.003975
vt 0.821585 0.003975
vt 0.819612 0.052210
vt 0.873655 0.125185
vt 0.959307 0.657132
vt 0.960513 0.656625
vt 0.960513 0.707852
vt 0.958810 0.707852
vt 0.819612 0.136850
vt 0.821585 0.188077
vt 0.819612 0.188077
vt 0.942741 0.804207
vt 0.945177 0.804207
vt 0.945569 0.851935
vt 0.942388 0.851935
vt 0.172260 0.772081
vt 0.175442 0.772081
vt 0.175049 0.822801
vt 0.172613 0.822801
vt 0.122335 0.338703
vt 0.124525 0.338703
vt 0.124525 0.386938
vt 0.122751 0.472085
vt 0.124525 0.471578
vt 0.124525 0.522805
vt 0.122335 0.522805
vt 0.958756 0.708866
vt 0.960467 0.708866
vt 0.960467 0.892968
vt 0.958756 0.892968
vt 0.124850 0.740287
vt 0.126815 0.740287
vt 0.126815 0.924389
vt 0.124850 0.924389
vt 0.676863 0.720944
vt 0.679351 0.720944
vt 0.678906 0.768672
vt 0.676863 0.769180
vt 0.676863 0.853820
vt 0.678990 0.854327
vt 0.679351 0.905046
vt 0.676863 0.905046
vt 0.665693 0.892012
vt 0.667921 0.892012
vt 0.177431 0.876053
vt 0.180337 0.876053
vt 0.180039 0.926772
vt 0.177811 0.926772
vt 0.135565 0.539257
vt 0.134153 0.539257
vt 0.134153 0.537081
vt 0.135565 0.537081
vt 0.142071 0.539257
vt 0.142071 0.537081
vt 0.892051 0.194682
vt 0.892051 0.204893
vt 0.819612 0.133661
vt 0.819612 0.055399
vt 0.958337 0.430020
vt 0.961519 0.430020
vt 0.961518 0.507267
vt 0.958337 0.507267
vt 0.122672 0.467882
vt 0.124525 0.468389
vt 0.124525 0.390128
vt 0.676863 0.850630
vt 0.678906 0.850123
vt 0.676863 0.772369
vt 0.678990 0.772876
vt 0.278215 0.517415
vt 0.281121 0.517416
vt 0.959057 0.652929
vt 0.960513 0.653436
vt 0.959307 0.575682
vt 0.960513 0.575175
s 1
usemtl 80s_grey_metal_bar
f 1291/2363/1002 1312/2364/1013 1313/2365/1013 1290/2366/1001
f 1293/2367/1004 1310/2368/1013 1311/2369/1013 1292/2370/1003
f 1312/2371/1013 1308/2372/1012 1309/2373/1012 1313/2374/1013
f 1310/2375/1013 1306/2376/1012 1307/2377/1012 1311/2378/1013
f 1308/2379/1012 1304/2380/1011 1305/2381/1011 1309/2382/1012
f 1306/2383/1012 1302/2384/1010 1303/2385/1010 1307/2386/1012
f 1304/2387/1011 1300/2388/1009 1301/2389/1009 1305/2390/1011
f 1302/2391/1010 1298/2392/1009 1299/2393/1009 1303/2394/1010
f 1300/2395/1009 1296/2396/1007 1297/2397/1008 1301/2398/1009
f 1298/2399/1009 1294/2400/1005 1295/2401/1006 1299/2402/1009
f 1312/2364/1013 1291/2363/1002 1292/2370/1003 1311/2369/1013
f 1296/2396/1007 1300/2395/1009 1299/2402/1009 1295/2401/1006
f 1300/2388/1009 1304/2387/1011 1303/2394/1010 1299/2393/1009
f 1304/2380/1011 1308/2379/1012 1307/2386/1012 1303/2385/1010
f 1308/2372/1012 1312/2371/1013 1311/2378/1013 1307/2377/1012
f 1317/2403/1015 1338/2404/1027 1339/2405/1028 1316/2406/1014
f 1319/2407/1017 1336/2408/1027 1337/2409/1027 1318/2410/1016
f 1338/2411/1027 1334/2412/1026 1335/2413/1026 1339/2414/1028
f 1336/2415/1027 1332/2416/1025 1333/2417/1026 1337/2418/1027
f 1334/2419/1026 1330/2420/1024 1331/2421/1024 1335/2422/1026
f 1332/2423/1025 1328/2424/1023 1329/2425/1024 1333/2426/1026
f 1330/2427/1024 1326/2428/1022 1327/2429/1022 1331/2430/1024
f 1328/2431/1023 1324/2432/1022 1325/2433/1022 1329/2434/1024
f 1326/2428/1022 1322/2435/1020 1323/2398/1021 1327/2429/1022
f 1324/2432/1022 1320/2436/1018 1321/2437/1019 1325/2433/1022
f 1338/2404/1027 1317/2403/1015 1318/2410/1016 1337/2409/1027
f 1322/2435/1020 1326/2428/1022 1325/2433/1022 1321/2437/1019
f 1326/2428/1022 1330/2427/1024 1329/2434/1024 1325/2433/1022
f 1330/2420/1024 1334/2419/1026 1333/2426/1026 1329/2425/1024
f 1334/2412/1026 1338/2411/1027 1337/2418/1027 1333/2417/1026
f 1343/2438/1030 1364/2439/1027 1365/2440/1027 1342/2441/1029
f 1345/2442/1032 1362/2443/1027 1363/2444/1027 1344/2445/1031
f 1364/2446/1027 1360/2447/1026 1361/2448/1026 1365/2449/1027
f 1362/2450/1027 1358/2451/1026 1359/2452/1026 1363/2453/1027
f 1360/2454/1026 1356/2455/1024 1357/2456/1024 1361/2457/1026
f 1358/2458/1026 1354/2459/1024 1355/2460/1024 1359/2461/1026
f 1356/2462/1024 1352/2463/1022 1353/2464/1022 1357/2465/1024
f 1354/2466/1024 1350/2467/1022 1351/2468/1022 1355/2469/1024
f 1352/2463/1022 1348/2470/1035 1349/2471/1036 1353/2464/1022
f 1350/2467/1022 1346/2472/1033 1347/2473/1034 1351/2468/1022
f 1364/2439/1027 1343/2438/1030 1344/2445/1031 1363/2444/1027
f 1348/2470/1035 1352/2463/1022 1351/2468/1022 1347/2473/1034
f 1352/2463/1022 1356/2462/1024 1355/2469/1024 1351/2468/1022
f 1356/2455/1024 1360/2454/1026 1359/2461/1026 1355/2460/1024
f 1360/2447/1026 1364/2446/1027 1363/2453/1027 1359/2452/1026
f 1369/2474/1038 1390/2475/1048 1391/2476/1048 1368/2477/1037
f 1371/2478/1040 1388/2479/1048 1389/2480/1048 1370/2481/1039
f 1390/2482/1048 1386/2483/1047 1387/2484/1047 1391/2485/1048
f 1388/2486/1048 1384/2487/1047 1385/2488/1047 1389/2489/1048
f 1386/2490/1047 1382/2491/1046 1383/2492/1046 1387/2493/1047
f 1384/2494/1047 1380/2495/1046 1381/2496/1046 1385/2497/1047
f 1382/2498/1046 1378/2499/1045 1379/2500/1045 1383/2501/1046
f 1380/2502/1046 1376/2503/1045 1377/2504/1045 1381/2505/1046
f 1378/2506/1045 1374/2507/1043 1375/2508/1044 1379/2509/1045
f 1376/2510/1045 1372/2511/1041 1373/2512/1042 1377/2513/1045
f 1390/2475/1048 1369/2474/1038 1370/2481/1039 1389/2480/1048
f 1374/2507/1043 1378/2506/1045 1377/2513/1045 1373/2512/1042
f 1378/2499/1045 1382/2498/1046 1381/2505/1046 1377/2504/1045
f 1382/2491/1046 1386/2490/1047 1385/2497/1047 1381/2496/1046
f 1386/2483/1047 1390/2482/1048 1389/2489/1048 1385/2488/1047
f 1395/2514/1038 1416/2515/1048 1417/2516/1048 1394/2517/1037
f 1397/2518/1040 1414/2519/1048 1415/2520/1048 1396/2521/1039
f 1416/2522/1048 1412/2523/1047 1413/2524/1047 1417/2525/1048
f 1414/2526/1048 1410/2527/1047 1411/2528/1047 1415/2529/1048
f 1412/2530/1047 1408/2531/1046 1409/2532/1046 1413/2533/1047
f 1410/2534/1047 1406/2535/1049 1407/2536/1046 1411/2537/1047
f 1408/2538/1046 1404/2539/1045 1405/2540/1045 1409/2541/1046
f 1406/2542/1049 1402/2543/1045 1403/2544/1045 1407/2545/1046
f 1404/2546/1045 1400/2547/1043 1401/2548/1044 1405/2549/1045
f 1402/2550/1045 1398/2551/1041 1399/2552/1042 1403/2553/1045
f 1416/2515/1048 1395/2514/1038 1396/2521/1039 1415/2520/1048
f 1400/2547/1043 1404/2546/1045 1403/2553/1045 1399/2552/1042
f 1404/2539/1045 1408/2538/1046 1407/2545/1046 1403/2544/1045
f 1408/2531/1046 1412/2530/1047 1411/2537/1047 1407/2536/1046
f 1412/2523/1047 1416/2522/1048 1415/2529/1048 1411/2528/1047
f 1421/2554/1051 1442/2555/1063 1443/2556/1063 1420/2557/1050
f 1423/2558/1053 1440/2559/1062 1441/2560/1063 1422/2561/1052
f 1442/2562/1063 1438/2563/1061 1439/2564/1061 1443/2565/1063
f 1440/2566/1062 1436/2567/1061 1437/2568/1061 1441/2569/1063
f 1438/2570/1061 1434/2571/1060 1435/2572/1060 1439/2573/1061
f 1436/2574/1061 1432/2575/1059 1433/2576/1060 1437/2577/1061
f 1434/2555/1060 1430/2578/1058 1431/2579/1058 1435/2556/1060
f 1432/2559/1059 1428/2580/1058 1429/2581/1058 1433/2560/1060
f 1430/2582/1058 1426/2583/1056 1427/2584/1057 1431/2585/1058
f 1428/2586/1058 1424/2587/1054 1425/2588/1055 1429/2589/1058
f 1442/2555/1063 1421/2554/1051 1422/2561/1052 1441/2560/1063
f 1426/2583/1056 1430/2582/1058 1429/2589/1058 1425/2588/1055
f 1430/2578/1058 1434/2555/1060 1433/2560/1060 1429/2581/1058
f 1434/2571/1060 1438/2570/1061 1437/2577/1061 1433/2576/1060
f 1438/2563/1061 1442/2562/1063 1441/2569/1063 1437/2568/1061
f 1447/2590/1065 1468/2591/1075 1469/2592/1075 1446/2593/1064
f 1449/2594/1067 1466/2595/1075 1467/2596/1075 1448/2597/1066
f 1468/2598/1075 1464/2599/1074 1465/2600/1074 1469/2601/1075
f 1466/2602/1075 1462/2603/1074 1463/2604/1074 1467/2605/1075
f 1464/2606/1074 1460/2607/1073 1461/2608/1073 1465/2609/1074
f 1462/2610/1074 1458/2611/1073 1459/2612/1073 1463/2613/1074
f 1460/2614/1073 1456/2615/1072 1457/2616/1072 1461/2617/1073
f 1458/2618/1073 1454/2619/1072 1455/2620/1072 1459/2621/1073
f 1456/2622/1072 1452/2623/1070 1453/2624/1071 1457/2625/1072
f 1454/2626/1072 1450/2627/1068 1451/2628/1069 1455/2629/1072
f 1468/2591/1075 1447/2590/1065 1448/2597/1066 1467/2596/1075
f 1452/2623/1070 1456/2622/1072 1455/2629/1072 1451/2628/1069
f 1456/2615/1072 1460/2614/1073 1459/2621/1073 1455/2620/1072
f 1460/2607/1073 1464/2606/1074 1463/2613/1074 1459/2612/1073
f 1464/2599/1074 1468/2598/1075 1467/2605/1075 1463/2604/1074
f 1473/2630/1077 1494/2631/1075 1495/2632/1075 1472/2633/1076
f 1475/2634/1079 1492/2635/1075 1493/2636/1075 1474/2637/1078
f 1494/2638/1075 1490/2639/1074 1491/2640/1074 1495/2641/1075
f 1492/2642/1075 1488/2643/1074 1489/2644/1074 1493/2645/1075
f 1490/2646/1074 1486/2647/1084 1487/2648/1084 1491/2649/1074
f 1488/2650/1074 1484/2651/1073 1485/2652/1073 1489/2653/1074
f 1486/2654/1084 1482/2655/1072 1483/2656/1072 1487/2657/1084
f 1484/2658/1073 1480/2659/1072 1481/2660/1072 1485/2661/1073
f 1482/2662/1072 1478/2663/1082 1479/2664/1083 1483/2665/1072
f 1480/2666/1072 1476/2667/1080 1477/2668/1081 1481/2669/1072
f 1494/2631/1075 1473/2630/1077 1474/2637/1078 1493/2636/1075
f 1478/2663/1082 1482/2662/1072 1481/2669/1072 1477/2668/1081
f 1482/2655/1072 1486/2654/1084 1485/2661/1073 1481/2660/1072
f 1486/2647/1084 1490/2646/1074 1489/2653/1074 1485/2652/1073
f 1490/2639/1074 1494/2638/1075 1493/2645/1075 1489/2644/1074
f 1499/2670/1086 1520/2671/1096 1521/2672/1096 1498/2673/1085
f 1501/2674/1088 1518/2675/1096 1519/2676/1096 1500/2677/1087
f 1520/2678/1096 1516/2679/1095 1517/2680/1095 1521/2681/1096
f 1518/2682/1096 1514/2683/1095 1515/2684/1095 1519/2685/1096
f 1516/2686/1095 1512/2687/1094 1513/2688/1094 1517/2689/1095
f 1514/2690/1095 1510/2691/1094 1511/2692/1094 1515/2693/1095
f 1512/2694/1094 1508/2695/1093 1509/2696/1093 1513/2697/1094
f 1510/2698/1094 1506/2699/1093 1507/2700/1093 1511/2701/1094
f 1508/2702/1093 1504/2703/1091 1505/2704/1092 1509/2705/1093
f 1506/2706/1093 1502/2707/1089 1503/2708/1090 1507/2709/1093
f 1520/2671/1096 1499/2670/1086 1500/2677/1087 1519/2676/1096
f 1504/2703/1091 1508/2702/1093 1507/2709/1093 1503/2708/1090
f 1508/2695/1093 1512/2694/1094 1511/2701/1094 1507/2700/1093
f 1512/2687/1094 1516/2686/1095 1515/2693/1095 1511/2692/1094
f 1516/2679/1095 1520/2678/1096 1519/2685/1096 1515/2684/1095
f 1525/2710/1098 1546/2711/1107 1547/2712/1107 1524/2713/1097
f 1527/2714/1100 1544/2715/1107 1545/2716/1107 1526/2717/1099
f 1546/2718/1107 1542/2719/1106 1543/2720/1106 1547/2721/1107
f 1544/2722/1107 1540/2723/1106 1541/2724/1106 1545/2725/1107
f 1542/2726/1106 1538/2727/1105 1539/2728/1105 1543/2729/1106
f 1540/2730/1106 1536/2731/1105 1537/2732/1105 1541/2733/1106
f 1538/2734/1105 1534/2726/1104 1535/2729/1104 1539/2735/1105
f 1536/2736/1105 1532/2730/1104 1533/2733/1104 1537/2737/1105
f 1534/2738/1104 1530/2739/1102 1531/2740/1103 1535/2741/1104
f 1532/2742/1104 1528/2743/1101 1529/2744/1102 1533/2745/1104
f 1546/2711/1107 1525/2710/1098 1526/2717/1099 1545/2716/1107
f 1530/2739/1102 1534/2738/1104 1533/2745/1104 1529/2744/1102
f 1534/2726/1104 1538/2734/1105 1537/2737/1105 1533/2733/1104
f 1538/2727/1105 1542/2726/1106 1541/2733/1106 1537/2732/1105
f 1542/2719/1106 1546/2718/1107 1545/2725/1107 1541/2724/1106
f 1564/2746/1113 1560/2747/1104 1561/2748/1104 1565/2749/1114
f 1562/2750/1112 1558/2751/1104 1559/2752/1104 1563/2753/1113
f 1560/2754/1104 1556/2755/1102 1557/2756/1111 1561/2757/1104
f 1558/2758/1104 1554/2759/1101 1555/2760/1102 1559/2761/1104
f 1556/2755/1102 1560/2754/1104 1559/2761/1104 1555/2760/1102
f 1560/2747/1104 1564/2746/1113 1563/2753/1113 1559/2752/1104
f 1569/2762/1116 1590/2763/1126 1591/2764/1126 1568/2765/1115
f 1571/2766/1118 1588/2767/1126 1589/2768/1126 1570/2769/1117
f 1590/2770/1126 1586/2771/1125 1587/2772/1125 1591/2773/1126
f 1588/2774/1126 1584/2775/1125 1585/2776/1125 1589/2777/1126
f 1586/2778/1125 1582/2779/1124 1583/2780/1124 1587/2781/1125
f 1584/2782/1125 1580/2783/1124 1581/2784/1124 1585/2785/1125
f 1582/2786/1124 1578/2787/1123 1579/2788/1123 1583/2789/1124
f 1580/2790/1124 1576/2791/1123 1577/2792/1123 1581/2793/1124
f 1578/2794/1123 1574/2795/1121 1575/2796/1122 1579/2797/1123
f 1576/2798/1123 1572/2799/1119 1573/2800/1120 1577/2801/1123
f 1590/2763/1126 1569/2762/1116 1570/2769/1117 1589/2768/1126
f 1574/2795/1121 1578/2794/1123 1577/2801/1123 1573/2800/1120
f 1578/2787/1123 1582/2786/1124 1581/2793/1124 1577/2792/1123
f 1582/2779/1124 1586/2778/1125 1585/2785/1125 1581/2784/1124
f 1586/2771/1125 1590/2770/1126 1589/2777/1126 1585/2776/1125
f 1595/2802/1128 1616/2803/1138 1617/2804/1138 1594/2805/1127
f 1597/2806/1130 1614/2807/1138 1615/2808/1138 1596/2809/1129
f 1616/2810/1138 1612/2811/1137 1613/2812/1137 1617/2813/1138
f 1614/2814/1138 1610/2815/1137 1611/2816/1137 1615/2817/1138
f 1612/2818/1137 1608/2819/1136 1609/2820/1136 1613/2821/1137
f 1610/2822/1137 1606/2823/1135 1607/2824/1136 1611/2825/1137
f 1608/2826/1136 1604/2827/1134 1605/2828/1134 1609/2829/1136
f 1606/2830/1135 1602/2831/1134 1603/2832/1134 1607/2833/1136
f 1604/2834/1134 1600/2835/1132 1601/2836/1133 1605/2837/1134
f 1602/2838/1134 1598/2839/1131 1599/2840/1132 1603/2841/1134
f 1616/2803/1138 1595/2802/1128 1596/2809/1129 1615/2808/1138
f 1600/2835/1132 1604/2834/1134 1603/2841/1134 1599/2840/1132
f 1604/2827/1134 1608/2826/1136 1607/2833/1136 1603/2832/1134
f 1608/2819/1136 1612/2818/1137 1611/2825/1137 1607/2824/1136
f 1612/2811/1137 1616/2810/1138 1615/2817/1138 1611/2816/1137
f 1634/2842/1148 1630/2843/1146 1631/2844/1146 1635/2845/1149
f 1632/2846/1147 1628/2847/1146 1629/2848/1146 1633/2849/1148
f 1630/2850/1146 1626/2851/1132 1627/2852/1145 1631/2853/1146
f 1628/2854/1146 1624/2855/1143 1625/2856/1144 1629/2857/1146
f 1626/2851/1132 1630/2850/1146 1629/2857/1146 1625/2856/1144
f 1630/2843/1146 1634/2842/1148 1633/2849/1148 1629/2848/1146
f 1637/2858/1151 1640/2859/1154 1641/2860/1155 1636/2861/1150
f 1643/2862/1157 1638/2863/1152 1639/2864/1153 1642/2865/1156
f 1640/2866/1154 1644/2867/1158 1645/2868/1159 1641/2869/1155
f 1647/2870/1161 1643/2871/1157 1642/2872/1156 1646/2873/1160
f 1644/2874/1158 1648/2875/1162 1649/2876/1163 1645/2860/1159
f 1651/2877/1165 1647/2878/1161 1646/2879/1160 1650/2880/1164
f 1648/2881/1162 1652/2882/1166 1653/2883/1167 1649/2884/1163
f 1655/2885/1169 1651/2886/1165 1650/2887/1164 1654/2888/1168
f 1652/2889/1166 1656/2890/1170 1657/2891/1171 1653/2892/1167
f 1659/2893/1173 1655/2894/1169 1654/2895/1168 1658/2896/1172
f 1656/2897/1170 1660/2898/1174 1661/2899/1175 1657/2900/1171
f 1663/2901/1177 1659/2902/1173 1658/2903/1172 1662/2904/1176
f 1673/2905/1183 1681/2906/1191 1680/2907/1190 1672/2908/1182
f 1660/2909/1174 1664/2910/1178 1665/2911/1179 1661/2912/1175
f 1667/2913/1181 1663/2914/1177 1662/2915/1176 1666/2916/1180
f 1683/2917/1188 1680/2918/1190 1681/2919/1191 1682/2920/1192
f 1664/2921/1178 1637/2922/1151 1636/2923/1150 1665/2924/1179
f 1638/2925/1152 1667/2926/1181 1666/2927/1180 1639/2928/1153
f 1669/2929/1183 1676/2930/1186 1677/2931/1187 1668/2932/1182
f 1671/2933/1185 1669/2934/1183 1668/2935/1182 1670/2936/1184
f 1682/2937/1192 1674/2938/1185 1675/2939/1184 1683/2940/1188
f 1678/2941/1188 1677/2942/1187 1676/2943/1186 1679/2944/1189
f 1674/2945/1185 1673/2946/1183 1672/2947/1182 1675/2948/1184
f 1679/2949/1189 1671/2950/1185 1670/2951/1184 1678/2952/1188
f 1697/2953/1205 1698/2954/1206 1699/2955/1207 1696/2956/1204
f 1693/2957/1201 1694/2958/1202 1695/2959/1203 1692/2960/1200
f 1696/2961/1204 1688/2962/1197 1689/2963/1198 1697/2964/1205
f 1688/2965/1197 1690/2966/1199 1691/2967/1196 1689/2968/1198
f 1690/2969/1199 1699/2970/1207 1698/2971/1206 1691/2972/1196
f 1692/2973/1200 1684/2974/1193 1685/2975/1194 1693/2976/1201
f 1684/2977/1193 1686/2978/1195 1687/2979/1196 1685/2980/1194
f 1686/2981/1195 1695/2982/1203 1694/2983/1202 1687/2984/1196
f 1701/2985/1209 1704/2986/1212 1705/2987/1213 1700/2988/1208
f 1707/2989/1215 1702/2990/1210 1703/2991/1211 1706/2992/1214
f 1704/2986/1212 1708/2993/1216 1709/2994/1217 1705/2987/1213
f 1711/2995/1219 1707/2989/1215 1706/2992/1214 1710/2996/1218
f 1708/2993/1216 1712/2997/1220 1713/2998/1221 1709/2994/1217
f 1715/2999/1223 1711/2995/1219 1710/2996/1218 1714/3000/1222
f 1712/2997/1220 1716/3001/1224 1717/3002/1225 1713/2998/1221
f 1719/3003/1227 1715/2999/1223 1714/3000/1222 1718/3004/1226
f 1716/3001/1224 1720/3005/1228 1721/3006/1229 1717/3002/1225
f 1723/3007/1231 1719/3003/1227 1718/3004/1226 1722/3008/1230
f 1720/3005/1228 1724/3009/1232 1725/3010/1233 1721/3006/1229
f 1727/3011/1235 1723/3007/1231 1722/3008/1230 1726/3012/1234
f 1737/3013/1241 1745/3014/1246 1744/3015/1247 1736/3016/1244
f 1724/3009/1232 1728/3017/1236 1729/3018/1237 1725/3010/1233
f 1731/3019/1239 1727/3011/1235 1726/3012/1234 1730/3020/1238
f 1747/3021/1251 1744/3022/1247 1745/3023/1246 1746/3024/1250
f 1728/3017/1236 1701/2985/1209 1700/2988/1208 1729/3018/1237
f 1702/2990/1210 1731/3019/1239 1730/3020/1238 1703/2991/1211
f 1733/3025/1241 1740/3026/1246 1741/3027/1247 1732/3028/1240
f 1735/3029/1243 1733/3030/1241 1732/3031/1240 1734/3032/1242
f 1746/3033/1250 1738/3034/1243 1739/3035/1245 1747/3036/1251
f 1742/3037/1248 1741/3038/1247 1740/3039/1246 1743/3040/1249
f 1738/3041/1243 1737/3042/1241 1736/3043/1244 1739/3044/1245
f 1743/3045/1249 1735/3046/1243 1734/3047/1242 1742/3048/1248
f 1761/3049/1264 1762/3050/1261 1763/3051/1265 1760/3052/1263
f 1757/3053/1260 1758/3054/1261 1759/3055/1262 1756/3056/1259
f 1760/3057/1263 1752/3058/1256 1753/3059/1253 1761/3060/1264
f 1752/3061/1256 1754/3062/1257 1755/3063/1258 1753/3064/1253
f 1754/3065/1257 1763/3066/1265 1762/3067/1261 1755/3068/1258
f 1756/3069/1259 1748/3070/1252 1749/3071/1253 1757/3072/1260
f 1748/3073/1252 1750/3074/1254 1751/3075/1255 1749/3076/1253
f 1750/3077/1254 1759/3078/1262 1758/3079/1261 1751/3080/1255
f 1765/3081/1266 1768/3082/1212 1769/3083/1269 1764/3084/1208
f 1771/3085/1215 1766/3086/1267 1767/3087/1268 1770/3088/1270
f 1768/3082/1212 1772/3089/1216 1773/3090/1271 1769/3083/1269
f 1775/3091/1273 1771/3085/1215 1770/3088/1270 1774/3092/1272
f 1772/3089/1216 1776/3093/1220 1777/3094/1274 1773/3090/1271
f 1779/3095/1223 1775/3091/1273 1774/3092/1272 1778/3096/1275
f 1776/3093/1220 1780/3097/1224 1781/3098/1225 1777/3094/1274
f 1783/3099/1277 1779/3095/1223 1778/3096/1275 1782/3100/1276
f 1780/3097/1224 1784/3101/1278 1785/3102/1229 1781/3098/1225
f 1787/3103/1231 1783/3099/1277 1782/3100/1276 1786/3104/1230
f 1784/3101/1278 1788/3105/1232 1789/3106/1233 1785/3102/1229
f 1791/3107/1235 1787/3103/1231 1786/3104/1230 1790/3108/1234
f 1801/3109/1241 1809/3110/1246 1808/3111/1286 1800/3112/1283
f 1788/3105/1232 1792/3113/1236 1793/3114/1279 1789/3106/1233
f 1795/3115/1281 1791/3107/1235 1790/3108/1234 1794/3116/1280
f 1811/3117/1251 1808/3118/1286 1809/3119/1246 1810/3120/1249
f 1792/3113/1236 1765/3081/1266 1764/3084/1208 1793/3114/1279
f 1766/3086/1267 1795/3115/1281 1794/3116/1280 1767/3087/1268
f 1797/3121/1241 1804/3122/1246 1805/3123/1284 1796/3124/1244
f 1799/3125/1243 1797/3126/1241 1796/3127/1244 1798/3128/1282
f 1810/3129/1249 1802/3130/1243 1803/3131/1245 1811/3132/1251
f 1806/3133/1285 1805/3134/1284 1804/3135/1246 1807/3136/1249
f 1802/3137/1243 1801/3138/1241 1800/3139/1283 1803/3140/1245
f 1807/3141/1249 1799/3142/1243 1798/3143/1282 1806/3144/1285
f 1825/3145/1299 1826/3146/1300 1827/3147/1301 1824/3148/1298
f 1821/3149/1295 1822/3150/1296 1823/3151/1297 1820/3152/1294
f 1824/3153/1298 1816/3154/1291 1817/3155/1292 1825/3156/1299
f 1816/3157/1291 1818/3158/1293 1819/3159/1290 1817/3160/1292
f 1818/3161/1293 1827/3162/1301 1826/3163/1300 1819/3164/1290
f 1820/3165/1294 1812/3166/1287 1813/3167/1288 1821/3168/1295
f 1812/3169/1287 1814/3170/1289 1815/3171/1290 1813/3172/1288
f 1814/3173/1289 1823/3174/1297 1822/3175/1296 1815/3176/1290
f 1829/3177/1303 1832/3178/1306 1833/3179/1307 1828/3180/1302
f 1835/3181/1309 1830/3182/1304 1831/3183/1305 1834/3184/1308
f 1832/3178/1306 1836/3185/1310 1837/3186/1311 1833/3179/1307
f 1839/3187/1313 1835/3181/1309 1834/3184/1308 1838/3188/1312
f 1836/3185/1310 1840/3189/1314 1841/3190/1315 1837/3186/1311
f 1843/3191/1317 1839/3187/1313 1838/3188/1312 1842/3192/1316
f 1840/3189/1314 1844/3193/1318 1845/3194/1319 1841/3190/1315
f 1847/3195/1321 1843/3191/1317 1842/3192/1316 1846/3196/1320
f 1844/3193/1318 1848/3197/1322 1849/3198/1323 1845/3194/1319
f 1851/3199/1325 1847/3195/1321 1846/3196/1320 1850/3200/1324
f 1848/3197/1322 1852/3201/1326 1853/3202/1327 1849/3198/1323
f 1855/3203/1329 1851/3199/1325 1850/3200/1324 1854/3204/1328
f 1865/3205/1339 1873/3206/1342 1872/3207/1343 1864/3208/1338
f 1852/3201/1326 1856/3209/1330 1857/3210/1331 1853/3202/1327
f 1859/3211/1333 1855/3203/1329 1854/3204/1328 1858/3212/1332
f 1875/3213/1347 1872/3214/1343 1873/3215/1342 1874/3216/1346
f 1856/3209/1330 1829/3177/1303 1828/3180/1302 1857/3210/1331
f 1830/3182/1304 1859/3211/1333 1858/3212/1332 1831/3183/1305
f 1861/3217/1335 1868/3218/1342 1869/3219/1343 1860/3220/1334
f 1863/3221/1337 1861/3222/1335 1860/3223/1334 1862/3224/1336
f 1874/3225/1346 1866/3226/1340 1867/3227/1341 1875/3228/1347
f 1870/3229/1344 1869/3230/1343 1868/3231/1342 1871/3232/1345
f 1866/3233/1340 1865/3234/1339 1864/3235/1338 1867/3236/1341
f 1871/3237/1345 1863/3238/1337 1862/3239/1336 1870/3240/1344
f 1889/2482/1360 1890/2485/1361 1891/3241/1362 1888/3242/1359
f 1885/3243/1356 1886/3244/1357 1887/3245/1358 1884/3151/1355
f 1888/3246/1359 1880/3247/1352 1881/3248/1349 1889/3249/1360
f 1880/3250/1352 1882/3251/1353 1883/3252/1354 1881/3253/1349
f 1882/3254/1353 1891/3255/1362 1890/3256/1361 1883/3257/1354
f 1884/3258/1355 1876/3259/1348 1877/3260/1349 1885/3261/1356
f 1876/3262/1348 1878/3263/1350 1879/3264/1351 1877/3265/1349
f 1878/3266/1350 1887/3267/1358 1886/3268/1357 1879/3269/1351
f 1893/3270/1364 1896/3271/1306 1897/3272/1307 1892/3273/1363
f 1899/3274/1366 1894/3275/1304 1895/3276/1305 1898/3277/1365
f 1896/3271/1306 1900/3278/1367 1901/3279/1311 1897/3272/1307
f 1903/3280/1368 1899/3274/1366 1898/3277/1365 1902/3281/1312
f 1900/3278/1367 1904/3282/1314 1905/3283/1315 1901/3279/1311
f 1907/3284/1369 1903/3280/1368 1902/3281/1312 1906/3285/1316
f 1904/3282/1314 1908/3286/1318 1909/3287/1370 1905/3283/1315
f 1911/3288/1372 1907/3284/1369 1906/3285/1316 1910/3289/1371
f 1908/3286/1318 1912/3290/1373 1913/3291/1323 1909/3287/1370
f 1915/3292/1374 1911/3288/1372 1910/3289/1371 1914/3293/1324
f 1912/3290/1373 1916/3294/1375 1917/3295/1327 1913/3291/1323
f 1919/3296/1376 1915/3292/1374 1914/3293/1324 1918/3297/1328
f 1929/3298/1339 1937/3299/1342 1936/3300/1343 1928/3301/1338
f 1916/3294/1375 1920/3302/1377 1921/3303/1378 1917/3295/1327
f 1923/3304/1379 1919/3296/1376 1918/3297/1328 1922/3305/1332
f 1939/3306/1347 1936/3307/1343 1937/3308/1342 1938/3309/1346
f 1920/3302/1377 1893/3270/1364 1892/3273/1363 1921/3303/1378
f 1894/3275/1304 1923/3304/1379 1922/3305/1332 1895/3276/1305
f 1925/3310/1339 1932/3217/1342 1933/3311/1343 1924/3312/1338
f 1927/3313/1340 1925/3314/1339 1924/3315/1338 1926/3316/1341
f 1938/3317/1346 1930/3318/1380 1931/3319/1341 1939/3320/1347
f 1934/3321/1347 1933/3322/1343 1932/3323/1342 1935/3324/1346
f 1930/3325/1380 1929/3326/1339 1928/3327/1338 1931/3328/1341
f 1935/3226/1346 1927/3329/1340 1926/3330/1341 1934/3331/1347
f 1953/3332/1360 1954/3333/1386 1955/3334/1362 1952/3335/1359
f 1949/3336/1360 1950/3337/1357 1951/3338/1385 1948/3339/1355
f 1952/3340/1359 1944/3341/1352 1945/3342/1383 1953/3343/1360
f 1944/3344/1352 1946/3345/1353 1947/3346/1384 1945/3347/1383
f 1946/3348/1353 1955/3349/1362 1954/3350/1386 1947/3351/1384
f 1948/3352/1355 1940/3353/1381 1941/3354/1349 1949/3355/1360
f 1940/3356/1381 1942/3357/1350 1943/3358/1382 1941/3359/1349
f 1942/3360/1350 1951/3361/1385 1950/3362/1357 1943/3363/1382
f 1957/3364/1388 1960/3365/1391 1961/3366/1392 1956/3367/1387
f 1963/3368/1394 1958/3369/1389 1959/3370/1390 1962/3371/1393
f 1960/3365/1391 1964/3372/1395 1965/3373/1396 1961/3366/1392
f 1967/3374/1398 1963/3368/1394 1962/3371/1393 1966/3375/1397
f 1964/3372/1395 1968/3376/1399 1969/3377/1400 1965/3373/1396
f 1971/3378/1402 1967/3374/1398 1966/3375/1397 1970/3379/1401
f 1968/3376/1399 1972/3380/1403 1973/3381/1404 1969/3377/1400
f 1975/3382/1406 1971/3378/1402 1970/3379/1401 1974/3383/1405
f 1972/3380/1403 1976/3384/1407 1977/3385/1408 1973/3381/1404
f 1979/3386/1410 1975/3382/1406 1974/3383/1405 1978/3387/1409
f 1976/3384/1407 1980/3388/1411 1981/3389/1412 1977/3385/1408
f 1983/3390/1414 1979/3386/1410 1978/3387/1409 1982/3391/1413
f 1993/3392/1420 2001/3393/1425 2000/3394/1426 1992/3395/1423
f 1980/3388/1411 1984/3396/1415 1985/3397/1416 1981/3389/1412
f 1987/3398/1418 1983/3390/1414 1982/3391/1413 1986/3399/1417
f 2003/3400/1429 2000/3401/1426 2001/3402/1425 2002/3403/1428
f 1984/3396/1415 1957/3364/1388 1956/3367/1387 1985/3397/1416
f 1958/3369/1389 1987/3398/1418 1986/3399/1417 1959/3370/1390
f 1989/3404/1420 1996/3405/1425 1997/3406/1426 1988/3407/1419
f 1991/3408/1422 1989/3409/1420 1988/3410/1419 1990/3411/1421
f 2002/3412/1428 1994/3413/1422 1995/3414/1424 2003/3415/1429
f 1998/3416/1427 1997/3417/1426 1996/3418/1425 1999/3419/1428
f 1994/3420/1422 1993/3421/1420 1992/3422/1423 1995/3423/1424
f 1999/3424/1428 1991/3425/1422 1990/3426/1421 1998/3427/1427
f 2017/3428/1441 2018/3429/1442 2019/3430/1443 2016/3431/1440
f 2013/3432/1437 2014/3433/1438 2015/3434/1439 2012/3435/1436
f 2016/3436/1440 2008/3437/1434 2009/3438/1431 2017/3439/1441
f 2008/3440/1434 2010/3441/1435 2011/3442/1433 2009/3443/1431
f 2010/3444/1435 2019/3445/1443 2018/3446/1442 2011/3447/1433
f 2012/3448/1436 2004/3449/1430 2005/3450/1431 2013/3451/1437
f 2004/3452/1430 2006/3453/1432 2007/3454/1433 2005/3455/1431
f 2006/3456/1432 2015/3457/1439 2014/3458/1438 2007/3459/1433
f 2021/3460/1445 2024/3461/1448 2025/3462/1449 2020/3463/1444
f 2027/3464/1451 2022/3465/1446 2023/3466/1447 2026/3467/1450
f 2024/3461/1448 2028/3468/1452 2029/3469/1453 2025/3462/1449
f 2031/3470/1455 2027/3464/1451 2026/3467/1450 2030/3471/1454
f 2028/3468/1452 2032/3472/1456 2033/3473/1457 2029/3469/1453
f 2035/3474/1459 2031/3470/1455 2030/3471/1454 2034/3475/1458
f 2032/3472/1456 2036/3476/1460 2037/3477/1461 2033/3473/1457
f 2039/3478/1463 2035/3474/1459 2034/3475/1458 2038/3479/1462
f 2036/3476/1460 2040/3480/1464 2041/3481/1465 2037/3477/1461
f 2043/3482/1467 2039/3478/1463 2038/3479/1462 2042/3483/1466
f 2040/3480/1464 2044/3484/1468 2045/3485/1469 2041/3481/1465
f 2047/3486/1471 2043/3482/1467 2042/3483/1466 2046/3487/1470
f 2057/3488/1477 2065/3489/1480 2064/3490/1481 2056/3491/1476
f 2044/3484/1468 2048/3492/1472 2049/3493/1473 2045/3485/1469
f 2051/3494/1475 2047/3486/1471 2046/3487/1470 2050/3495/1474
f 2067/3496/1482 2064/3497/1481 2065/3498/1480 2066/3499/1483
f 2048/3492/1472 2021/3460/1445 2020/3463/1444 2049/3493/1473
f 2022/3465/1446 2051/3494/1475 2050/3495/1474 2023/3466/1447
f 2053/3500/1477 2060/3501/1480 2061/3502/1481 2052/3503/1476
f 2055/3504/1479 2053/3505/1477 2052/3506/1476 2054/3507/1478
f 2066/3508/1483 2058/3509/1479 2059/3510/1478 2067/3511/1482
f 2062/3512/1482 2061/3513/1481 2060/3514/1480 2063/3515/1483
f 2058/3516/1479 2057/3517/1477 2056/3518/1476 2059/3519/1478
f 2063/3520/1483 2055/3500/1479 2054/3521/1478 2062/3522/1482
f 2081/3523/1493 2082/3524/1494 2083/3525/1497 2080/3526/1496
f 2077/3527/1493 2078/3528/1494 2079/3529/1495 2076/3530/1492
f 2080/3531/1496 2072/3532/1488 2073/3533/1489 2081/3534/1493
f 2072/3535/1488 2074/3536/1490 2075/3537/1491 2073/3538/1489
f 2074/3539/1490 2083/3540/1497 2082/3541/1494 2075/3542/1491
f 2076/3543/1492 2068/3544/1484 2069/3545/1485 2077/3546/1493
f 2068/3547/1484 2070/3548/1486 2071/3549/1487 2069/3550/1485
f 2070/3551/1486 2079/3552/1495 2078/3553/1494 2071/3554/1487
f 2085/3555/1445 2088/3556/1448 2089/3557/1500 2084/3558/1498
f 2091/3559/1451 2086/3560/1446 2087/3561/1499 2090/3562/1501
f 2088/3556/1448 2092/3563/1502 2093/3564/1503 2089/3557/1500
f 2095/3565/1505 2091/3559/1451 2090/3562/1501 2094/3566/1504
f 2092/3563/1502 2096/3567/1506 2097/3568/1507 2093/3564/1503
f 2099/3569/1508 2095/3565/1505 2094/3566/1504 2098/3570/1458
f 2096/3567/1506 2100/3571/1460 2101/3572/1461 2097/3568/1507
f 2103/3573/1463 2099/3569/1508 2098/3570/1458 2102/3574/1462
f 2100/3571/1460 2104/3575/1464 2105/3576/1465 2101/3572/1461
f 2107/3577/1509 2103/3573/1463 2102/3574/1462 2106/3578/1466
f 2104/3575/1464 2108/3579/1468 2109/3580/1469 2105/3576/1465
f 2111/3581/1471 2107/3577/1509 2106/3578/1466 2110/3582/1470
f 2121/3583/1477 2129/3584/1480 2128/3585/1481 2120/3586/1476
f 2108/3579/1468 2112/3587/1472 2113/3588/1473 2109/3580/1469
f 2115/3589/1511 2111/3581/1471 2110/3582/1470 2114/3590/1510
f 2131/3591/1482 2128/3592/1481 2129/3593/1480 2130/3594/1483
f 2112/3587/1472 2085/3555/1445 2084/3558/1498 2113/3588/1473
f 2086/3560/1446 2115/3589/1511 2114/3590/1510 2087/3561/1499
f 2117/3595/1477 2124/3596/1480 2125/3597/1481 2116/3598/1476
f 2119/3599/1479 2117/3600/1477 2116/3601/1476 2118/3602/1478
f 2130/3603/1483 2122/3604/1479 2123/3605/1478 2131/3606/1482
f 2126/3607/1482 2125/3608/1481 2124/3609/1480 2127/3610/1483
f 2122/3611/1479 2121/3612/1477 2120/3613/1476 2123/3614/1478
f 2127/3615/1483 2119/3616/1479 2118/3617/1478 2126/3618/1482
f 2145/3619/1519 2146/3620/1520 2147/3621/1523 2144/3622/1522
f 2141/3623/1519 2142/3624/1520 2143/3625/1521 2140/3626/1518
f 2144/3627/1522 2136/3628/1516 2137/3629/1513 2145/3630/1519
f 2136/3631/1516 2138/3632/1517 2139/3633/1515 2137/3634/1513
f 2138/3635/1517 2147/3636/1523 2146/3637/1520 2139/3638/1515
f 2140/3639/1518 2132/3640/1512 2133/3641/1513 2141/3642/1519
f 2132/3643/1512 2134/3644/1514 2135/3645/1515 2133/3646/1513
f 2134/3647/1514 2143/3648/1521 2142/3649/1520 2135/3650/1515
f 2149/3651/1525 2152/3652/1528 2153/3653/1529 2148/3654/1524
f 2155/3655/1531 2150/3656/1526 2151/3657/1527 2154/3658/1530
f 2152/3652/1528 2156/3659/1532 2157/3660/1533 2153/3653/1529
f 2159/3661/1535 2155/3655/1531 2154/3658/1530 2158/3662/1534
f 2156/3659/1532 2160/3663/1536 2161/3664/1537 2157/3660/1533
f 2163/3665/1539 2159/3661/1535 2158/3662/1534 2162/3666/1538
f 2160/3663/1536 2164/3667/1540 2165/3668/1541 2161/3664/1537
f 2167/3669/1543 2163/3665/1539 2162/3666/1538 2166/3670/1542
f 2164/3667/1540 2168/3671/1544 2169/3672/1545 2165/3668/1541
f 2171/3673/1547 2167/3669/1543 2166/3670/1542 2170/3674/1546
f 2168/3671/1544 2172/3675/1548 2173/3676/1549 2169/3672/1545
f 2175/3677/1551 2171/3673/1547 2170/3674/1546 2174/3678/1550
f 2185/3679/1560 2193/3680/1562 2192/3681/1563 2184/3682/1556
f 2172/3675/1548 2176/3683/1552 2177/3684/1553 2173/3676/1549
f 2179/3685/1555 2175/3677/1551 2174/3678/1550 2178/3686/1554
f 2195/3687/1564 2192/3688/1563 2193/3689/1562 2194/3690/1565
f 2176/3683/1552 2149/3651/1525 2148/3654/1524 2177/3684/1553
f 2150/3656/1526 2179/3685/1555 2178/3686/1554 2151/3657/1527
f 2181/3691/1557 2188/3692/1562 2189/3693/1563 2180/3694/1556
f 2183/3695/1559 2181/3696/1557 2180/3697/1556 2182/3698/1558
f 2194/3699/1565 2186/3700/1561 2187/3701/1558 2195/3702/1564
f 2190/3703/1564 2189/3704/1563 2188/3705/1562 2191/3706/1565
f 2186/3707/1561 2185/3708/1560 2184/3709/1556 2187/3710/1558
f 2191/3711/1565 2183/3712/1559 2182/3713/1558 2190/3714/1564
f 2209/3715/1578 2210/3716/1579 2211/3717/1580 2208/3718/1577
f 2205/3719/1574 2206/3720/1575 2207/3721/1576 2204/3722/1573
f 2208/3723/1577 2200/3724/1570 2201/3725/1571 2209/3726/1578
f 2200/3727/1570 2202/3728/1572 2203/3729/1569 2201/3730/1571
f 2202/3731/1572 2211/3732/1580 2210/3733/1579 2203/3734/1569
f 2204/3735/1573 2196/3736/1566 2197/3737/1567 2205/3738/1574
f 2196/3739/1566 2198/3740/1568 2199/3741/1569 2197/3742/1567
f 2198/3743/1568 2207/3744/1576 2206/3745/1575 2199/3746/1569
f 2213/3747/1582 2216/3748/1585 2217/3749/1586 2212/3750/1581
f 2219/3751/1588 2214/3752/1583 2215/3753/1584 2218/3754/1587
f 2216/3748/1585 2220/3755/1589 2221/3756/1590 2217/3749/1586
f 2223/3757/1592 2219/3751/1588 2218/3754/1587 2222/3758/1591
f 2220/3755/1589 2224/3759/1593 2225/3760/1594 2221/3756/1590
f 2227/3761/1596 2223/3757/1592 2222/3758/1591 2226/3762/1595
f 2224/3759/1593 2228/3763/1597 2229/3764/1598 2225/3760/1594
f 2231/3765/1600 2227/3761/1596 2226/3762/1595 2230/3766/1599
f 2228/3763/1597 2232/3767/1601 2233/3768/1602 2229/3764/1598
f 2235/3769/1604 2231/3765/1600 2230/3766/1599 2234/3770/1603
f 2232/3767/1601 2236/3771/1605 2237/3772/1606 2233/3768/1602
f 2239/3773/1608 2235/3769/1604 2234/3770/1603 2238/3774/1607
f 2236/3771/1605 2240/3775/1609 2241/3776/1610 2237/3772/1606
f 2243/3777/1612 2239/3773/1608 2238/3774/1607 2242/3778/1611
f 2240/3775/1609 2213/3747/1582 2212/3750/1581 2241/3776/1610
f 2214/3752/1583 2243/3777/1612 2242/3778/1611 2215/3753/1584
f 2257/3779/1621 2258/3780/1625 2259/3781/1626 2256/3782/1624
f 2253/3783/1621 2254/3784/1622 2255/3785/1623 2252/3786/1620
f 2256/3787/1624 2248/3788/1617 2249/3789/1614 2257/3790/1621
f 2248/3791/1617 2250/3792/1618 2251/3793/1619 2249/3794/1614
f 2250/3795/1618 2259/3796/1626 2258/3797/1625 2251/3798/1619
f 2252/3799/1620 2244/3800/1613 2245/3801/1614 2253/3802/1621
f 2244/3803/1613 2246/3804/1615 2247/3805/1616 2245/3806/1614
f 2246/3807/1615 2255/3808/1623 2254/3809/1622 2247/3810/1616
f 2261/3811/1628 2264/3812/1631 2265/3813/1632 2260/3814/1627
f 2267/3815/1634 2262/3816/1629 2263/3817/1630 2266/3818/1633
f 2264/3812/1631 2268/3819/1635 2269/3820/1636 2265/3813/1632
f 2271/3821/1638 2267/3815/1634 2266/3818/1633 2270/3822/1637
f 2268/3819/1635 2272/3823/1593 2273/3824/1639 2269/3820/1636
f 2275/3825/1596 2271/3821/1638 2270/3822/1637 2274/3826/1640
f 2272/3823/1593 2276/3827/1641 2277/3828/1642 2273/3824/1639
f 2279/3829/1643 2275/3825/1596 2274/3826/1640 2278/3830/1599
f 2276/3827/1641 2280/3831/1644 2281/3832/1645 2277/3828/1642
f 2283/3833/1604 2279/3829/1643 2278/3830/1599 2282/3834/1646
f 2280/3831/1644 2284/3835/1605 2285/3836/1647 2281/3832/1645
f 2287/3837/1608 2283/3833/1604 2282/3834/1646 2286/3838/1648
f 2297/3839/1653 2305/3840/1657 2304/3841/1658 2296/3842/1656
f 2284/3835/1605 2288/3843/1609 2289/3844/1649 2285/3836/1647
f 2291/3845/1651 2287/3837/1608 2286/3838/1648 2290/3846/1650
f 2307/3847/1659 2304/3848/1658 2305/3849/1657 2306/3850/1660
f 2288/3851/1609 2261/3852/1628 2260/3853/1627 2289/3854/1649
f 2262/3855/1629 2291/3856/1651 2290/3857/1650 2263/3858/1630
f 2293/3859/1653 2300/3860/1657 2301/3861/1658 2292/3862/1652
f 2295/3863/1655 2293/3864/1653 2292/3865/1652 2294/3866/1654
f 2306/3867/1660 2298/3868/1655 2299/3869/1654 2307/3870/1659
f 2302/3871/1659 2301/3872/1658 2300/3873/1657 2303/3874/1660
f 2298/3875/1655 2297/3876/1653 2296/3877/1656 2299/3878/1654
f 2303/3879/1660 2295/3880/1655 2294/3881/1654 2302/3882/1659
f 2337/3883/1688 2338/3884/1685 2339/3885/1689 2336/3886/1687
f 2333/3887/1684 2334/3888/1685 2335/3889/1686 2332/3890/1683
f 2336/3891/1687 2328/3892/1679 2329/3893/1680 2337/3894/1688
f 2328/3895/1679 2330/3896/1681 2331/3897/1682 2329/3898/1680
f 2330/3899/1681 2339/3900/1689 2338/3901/1685 2331/3902/1682
f 2332/3903/1683 2324/3904/1675 2325/3905/1676 2333/3906/1684
f 2324/3907/1675 2326/3908/1677 2327/3909/1678 2325/3910/1676
f 2326/3911/1677 2335/3912/1686 2334/3913/1685 2327/3914/1678
f 2321/3915/1669 2322/3916/1673 2323/3917/1674 2320/3918/1672
f 2317/3919/1669 2318/3920/1670 2319/3921/1671 2316/3922/1668
f 2320/3923/1672 2312/3924/1665 2313/3925/1662 2321/3926/1669
f 2312/3927/1665 2314/3928/1666 2315/3929/1667 2313/3930/1662
f 2314/3931/1666 2323/3932/1674 2322/3933/1673 2315/3934/1667
f 2316/3935/1668 2308/3936/1661 2309/3937/1662 2317/3938/1669
f 2308/3939/1661 2310/3927/1663 2311/3930/1664 2309/3940/1662
f 2310/3941/1663 2319/3942/1671 2318/3943/1670 2311/3944/1664
f 2341/3945/1691 2344/3946/1694 2345/3947/1695 2340/3948/1690
f 2347/3949/1697 2342/3950/1692 2343/3951/1693 2346/3952/1696
f 2344/3946/1694 2348/3953/1698 2349/3954/1699 2345/3947/1695
f 2351/3955/1508 2347/3949/1697 2346/3952/1696 2350/3956/1700
f 2348/3953/1698 2352/3957/1701 2353/3958/1702 2349/3954/1699
f 2355/3959/1704 2351/3955/1508 2350/3956/1700 2354/3960/1703
f 2352/3957/1701 2356/3961/1464 2357/3962/1705 2353/3958/1702
f 2359/3963/1509 2355/3959/1704 2354/3960/1703 2358/3964/1706
f 2356/3961/1464 2360/3965/1707 2361/3966/1708 2357/3962/1705
f 2363/3967/1710 2359/3963/1509 2358/3964/1706 2362/3968/1709
f 2360/3965/1707 2364/3969/1711 2365/3970/1712 2361/3966/1708
f 2367/3971/1714 2363/3967/1710 2362/3968/1709 2366/3972/1713
f 2377/3973/1720 2385/3974/1731 2384/3975/1730 2376/3976/1723
f 2364/3969/1711 2368/3977/1715 2369/3978/1716 2365/3970/1712
f 2371/3979/1718 2367/3971/1714 2366/3972/1713 2370/3980/1717
f 2387/3981/1733 2384/3982/1730 2385/3983/1731 2386/3984/1732
f 2368/3977/1715 2341/3945/1691 2340/3948/1690 2369/3978/1716
f 2342/3950/1692 2371/3979/1718 2370/3980/1717 2343/3951/1693
f 2373/3985/1720 2380/3986/1726 2381/3987/1727 2372/3988/1719
f 2375/3989/1722 2373/3990/1720 2372/3991/1719 2374/3992/1721
f 2386/3993/1732 2378/3994/1724 2379/3995/1725 2387/3996/1733
f 2382/3997/1728 2381/3998/1727 2380/3999/1726 2383/4000/1729
f 2378/4001/1724 2377/4002/1720 2376/4003/1723 2379/4004/1725
f 2383/4005/1729 2375/4006/1722 2374/4007/1721 2382/4008/1728
f 2401/4009/1741 2402/4010/1742 2403/4011/1745 2400/4012/1744
f 2397/4013/1741 2398/4014/1742 2399/4015/1743 2396/4016/1740
f 2400/4017/1744 2392/4018/1738 2393/4019/1735 2401/4020/1741
f 2392/4021/1738 2394/4022/1739 2395/4023/1737 2393/4024/1735
f 2394/4025/1739 2403/4026/1745 2402/4027/1742 2395/4028/1737
f 2396/4029/1740 2388/4030/1734 2389/4031/1735 2397/4032/1741
f 2388/4033/1734 2390/4034/1736 2391/4035/1737 2389/4036/1735
f 2390/4037/1736 2399/4038/1743 2398/4039/1742 2391/4040/1737
f 2405/4041/1747 2408/4042/1750 2409/4043/1751 2404/4044/1746
f 2411/4045/1753 2406/4046/1748 2407/4047/1749 2410/4048/1752
f 2408/4042/1750 2412/4049/1754 2413/4050/1755 2409/4043/1751
f 2415/4051/1757 2411/4045/1753 2410/4048/1752 2414/4052/1756
f 2412/4049/1754 2416/4053/1758 2417/4054/1759 2413/4050/1755
f 2419/4055/1761 2415/4051/1757 2414/4052/1756 2418/4056/1760
f 2416/4053/1758 2420/4057/1762 2421/4058/1763 2417/4054/1759
f 2423/4059/1765 2419/4055/1761 2418/4056/1760 2422/4060/1764
f 2420/4057/1762 2424/4061/1766 2425/4062/1767 2421/4058/1763
f 2427/4063/1769 2423/4059/1765 2422/4060/1764 2426/4064/1768
f 2424/4061/1766 2428/4065/1770 2429/4066/1771 2425/4062/1767
f 2431/4067/1773 2427/4063/1769 2426/4064/1768 2430/4068/1772
f 2428/4065/1770 2432/4069/1774 2433/4070/1775 2429/4066/1771
f 2435/4071/1777 2431/4067/1773 2430/4068/1772 2434/4072/1776
f 2432/4069/1774 2405/4041/1747 2404/4044/1746 2433/4070/1775
f 2406/4046/1748 2435/4071/1777 2434/4072/1776 2407/4047/1749
f 2449/4073/1790 2450/4074/1787 2451/4075/1791 2448/4076/1789
f 2445/4077/1786 2446/4078/1787 2447/4079/1788 2444/4080/1785
f 2448/4081/1789 2440/4082/1782 2441/4083/1783 2449/4084/1790
f 2440/4085/1782 2442/4086/1784 2443/4087/1781 2441/4088/1783
f 2442/4089/1784 2451/4090/1791 2450/4091/1787 2443/4092/1781
f 2444/4093/1785 2436/4094/1778 2437/4095/1779 2445/4096/1786
f 2436/4097/1778 2438/4098/1780 2439/4099/1781 2437/4100/1779
f 2438/4101/1780 2447/4102/1788 2446/4103/1787 2439/4104/1781
f 2453/4105/1793 2456/4106/1796 2457/4107/1797 2452/4108/1792
f 2459/4109/1799 2454/4110/1794 2455/4111/1795 2458/4112/1798
f 2456/4106/1796 2460/4113/1800 2461/4114/1801 2457/4107/1797
f 2463/4115/1757 2459/4109/1799 2458/4112/1798 2462/4116/1802
f 2460/4113/1800 2464/4117/1803 2465/4118/1804 2461/4114/1801
f 2467/4119/1805 2463/4115/1757 2462/4116/1802 2466/4120/1760
f 2464/4117/1803 2468/4121/1806 2469/4122/1807 2465/4118/1804
f 2471/4123/1809 2467/4119/1805 2466/4120/1760 2470/4124/1808
f 2468/4121/1806 2472/4125/1810 2473/4126/1811 2469/4122/1807
f 2475/4127/1813 2471/4123/1809 2470/4124/1808 2474/4128/1812
f 2472/4125/1810 2476/4129/1814 2477/4130/1815 2473/4126/1811
f 2479/4131/1817 2475/4127/1813 2474/4128/1812 2478/4132/1816
f 2489/4133/1823 2497/4134/1827 2496/4135/1828 2488/4136/1822
f 2476/4129/1814 2480/4137/1818 2481/4138/1819 2477/4130/1815
f 2483/4139/1821 2479/4131/1817 2478/4132/1816 2482/4140/1820
f 2499/4141/1831 2496/4142/1828 2497/4143/1827 2498/4144/1830
f 2480/4137/1818 2453/4105/1793 2452/4108/1792 2481/4138/1819
f 2454/4110/1794 2483/4139/1821 2482/4140/1820 2455/4111/1795
f 2485/4145/1823 2492/4146/1827 2493/4147/1828 2484/4148/1822
f 2487/4149/1825 2485/4150/1823 2484/4151/1822 2486/4152/1824
f 2498/4153/1830 2490/4154/1825 2491/4155/1826 2499/4156/1831
f 2494/4157/1829 2493/4158/1828 2492/4159/1827 2495/4160/1830
f 2490/4161/1825 2489/4162/1823 2488/4163/1822 2491/4164/1826
f 2495/4165/1830 2487/4166/1825 2486/4167/1824 2494/4168/1829
f 2529/4169/1853 2530/4170/1854 2531/4171/1857 2528/4172/1856
f 2525/4173/1853 2526/4174/1854 2527/4175/1855 2524/4176/1852
f 2528/4177/1856 2520/4178/1850 2521/4179/1847 2529/4180/1853
f 2520/4181/1850 2522/4182/1851 2523/4183/1849 2521/4184/1847
f 2522/4185/1851 2531/4186/1857 2530/4187/1854 2523/4188/1849
f 2524/4189/1852 2516/4190/1846 2517/4191/1847 2525/4192/1853
f 2516/4182/1846 2518/4193/1848 2519/4194/1849 2517/4195/1847
f 2518/4196/1848 2527/4197/1855 2526/4198/1854 2519/4199/1849
f 2513/4200/1844 2514/4201/1841 2515/4202/1845 2512/4203/1843
f 2509/4204/1840 2510/4205/1841 2511/4206/1842 2508/4207/1839
f 2512/4208/1843 2504/4209/1836 2505/4210/1837 2513/4211/1844
f 2504/4212/1836 2506/4213/1838 2507/4214/1835 2505/4215/1837
f 2506/4216/1838 2515/4217/1845 2514/4218/1841 2507/4219/1835
f 2508/4220/1839 2500/4221/1832 2501/4222/1833 2509/4223/1840
f 2500/4224/1832 2502/4225/1834 2503/4226/1835 2501/4227/1833
f 2502/4228/1834 2511/4229/1842 2510/4230/1841 2503/4231/1835
f 1288/4232/999 1637/4233/1151 1664/4234/1178
f 1665/2924/1179 1636/2923/1150 1290/2366/1001 1313/2365/1013
f 1288/4232/999 1640/4235/1154 1637/4233/1151
f 1636/2861/1150 1641/2860/1155 1690/4236/1199 1290/4237/1001
f 1289/4238/1000 1667/4239/1181 1638/4240/1152
f 1289/4238/1000 1638/4240/1152 1643/4241/1157
f 1310/2368/1013 1293/2367/1004 1639/2928/1153 1666/2927/1180
f 1293/4242/1004 1684/4243/1193 1642/2865/1156 1639/2864/1153
f 1288/4232/999 1644/4244/1158 1640/4235/1154
f 1641/2869/1155 1645/2868/1159 1699/4245/1207 1690/4246/1199
f 1289/4238/1000 1643/4241/1157 1647/4247/1161
f 1684/4248/1193 1692/4249/1200 1646/2873/1160 1642/2872/1156
f 1288/4232/999 1648/4250/1162 1644/4244/1158
f 1645/2860/1159 1649/2876/1163 1297/4251/1008 1699/2955/1207
f 1289/4238/1000 1647/4247/1161 1651/4252/1165
f 1692/4253/1200 1294/4254/1005 1650/2880/1164 1646/2879/1160
f 1288/4232/999 1652/4255/1166 1648/4250/1162
f 1649/2884/1163 1653/2883/1167 1301/2398/1009 1297/2397/1008
f 1289/4238/1000 1651/4252/1165 1655/4256/1169
f 1294/2400/1005 1298/2399/1009 1654/2888/1168 1650/2887/1164
f 1288/4232/999 1656/4257/1170 1652/4255/1166
f 1653/2892/1167 1657/2891/1171 1305/2390/1011 1301/2389/1009
f 1289/4238/1000 1655/4256/1169 1659/4258/1173
f 1298/2392/1009 1302/2391/1010 1658/2896/1172 1654/2895/1168
f 1288/4232/999 1660/4259/1174 1656/4257/1170
f 1657/2900/1171 1661/2899/1175 1309/2382/1012 1305/2381/1011
f 1289/4238/1000 1659/4258/1173 1663/4260/1177
f 1302/2384/1010 1306/2383/1012 1662/2904/1176 1658/2903/1172
f 1288/4232/999 1664/4234/1178 1660/4259/1174
f 1661/2912/1175 1665/2911/1179 1313/2374/1013 1309/2373/1012
f 1289/4238/1000 1663/4260/1177 1667/4239/1181
f 1306/2376/1012 1310/2375/1013 1666/2916/1180 1662/2915/1176
f 1678/4261/1188 1670/2936/1184 1668/2935/1182 1677/4262/1187
f 1685/2980/1194 1687/2979/1196 1669/4263/1183 1671/4264/1185
f 1687/2984/1196 1694/2983/1202 1676/2930/1186 1669/2929/1183
f 1693/2976/1201 1685/2975/1194 1671/2950/1185 1679/2949/1189
f 1683/2917/1188 1675/4265/1184 1672/4266/1182 1680/2918/1190
f 1691/2972/1196 1698/2971/1206 1681/2906/1191 1673/2905/1183
f 1689/2968/1198 1691/2967/1196 1673/2946/1183 1674/2945/1185
f 1697/2964/1205 1689/2963/1198 1674/2938/1185 1682/2937/1192
f 1694/2958/1202 1693/2957/1201 1679/2944/1189 1676/2943/1186
f 1698/4267/1206 1697/4268/1205 1682/4269/1192 1681/4270/1191
f 1684/4243/1193 1293/4242/1004 1292/4271/1003 1686/4272/1195
f 1291/4273/1002 1688/4274/1197 1686/4272/1195 1292/4271/1003
f 1688/4275/1197 1696/4276/1204 1695/4277/1203 1686/4278/1195
f 1688/4274/1197 1291/4273/1002 1290/4237/1001 1690/4236/1199
f 1294/4254/1005 1692/4253/1200 1695/4279/1203 1295/4280/1006
f 1696/2956/1204 1296/4281/1007 1295/4280/1006 1695/4279/1203
f 1296/4281/1007 1696/2956/1204 1699/2955/1207 1297/4251/1008
f 1314/4282/999 1701/2985/1209 1728/3017/1236
f 1729/4283/1237 1700/4284/1208 1316/2406/1014 1339/2405/1028
f 1314/4282/999 1704/2986/1212 1701/2985/1209
f 1700/4285/1208 1705/4286/1213 1754/3062/1257 1316/4287/1014
f 1315/4288/1000 1731/3019/1239 1702/2990/1210
f 1315/4288/1000 1702/2990/1210 1707/2989/1215
f 1336/2408/1027 1319/2407/1017 1703/4289/1211 1730/4290/1238
f 1319/4291/1017 1748/3073/1252 1706/4292/1214 1703/4293/1211
f 1314/4282/999 1708/2993/1216 1704/2986/1212
f 1705/4294/1213 1709/4295/1217 1763/4296/1265 1754/4297/1257
f 1315/4288/1000 1707/2989/1215 1711/2995/1219
f 1748/4298/1252 1756/4299/1259 1710/4300/1218 1706/4301/1214
f 1314/4282/999 1712/2997/1220 1708/2993/1216
f 1709/4302/1217 1713/4303/1221 1323/4304/1021 1763/3051/1265
f 1315/4288/1000 1711/2995/1219 1715/2999/1223
f 1756/4305/1259 1320/4306/1018 1714/4307/1222 1710/4308/1218
f 1314/4282/999 1716/3001/1224 1712/2997/1220
f 1713/4309/1221 1717/4310/1225 1327/2429/1022 1323/2398/1021
f 1315/4288/1000 1715/2999/1223 1719/3003/1227
f 1320/2436/1018 1324/2432/1022 1718/4311/1226 1714/4312/1222
f 1314/4282/999 1720/3005/1228 1716/3001/1224
f 1717/4310/1225 1721/4313/1229 1331/2430/1024 1327/2429/1022
f 1315/4288/1000 1719/3003/1227 1723/3007/1231
f 1324/2432/1022 1328/2431/1023 1722/4314/1230 1718/4311/1226
f 1314/4282/999 1724/3009/1232 1720/3005/1228
f 1721/4315/1229 1725/4316/1233 1335/2422/1026 1331/2421/1024
f 1315/4288/1000 1723/3007/1231 1727/3011/1235
f 1328/2424/1023 1332/2423/1025 1726/4317/1234 1722/4318/1230
f 1314/4282/999 1728/3017/1236 1724/3009/1232
f 1725/4319/1233 1729/4320/1237 1339/2414/1028 1335/2413/1026
f 1315/4288/1000 1727/3011/1235 1731/3019/1239
f 1332/2416/1025 1336/2415/1027 1730/4321/1238 1726/4322/1234
f 1742/4323/1248 1734/4324/1242 1732/4325/1240 1741/4326/1247
f 1749/3076/1253 1751/3075/1255 1733/3030/1241 1735/3029/1243
f 1751/3080/1255 1758/3079/1261 1740/3026/1246 1733/3025/1241
f 1757/3072/1260 1749/3071/1253 1735/3046/1243 1743/3045/1249
f 1747/3021/1251 1739/4327/1245 1736/4328/1244 1744/3022/1247
f 1755/3068/1258 1762/3067/1261 1745/3014/1246 1737/3013/1241
f 1753/3064/1253 1755/3063/1258 1737/3042/1241 1738/3041/1243
f 1761/3060/1264 1753/3059/1253 1738/3034/1243 1746/3033/1250
f 1758/3054/1261 1757/3053/1260 1743/3040/1249 1740/3039/1246
f 1762/4329/1261 1761/3054/1264 1746/4330/1250 1745/4331/1246
f 1748/3073/1252 1319/4291/1017 1318/4332/1016 1750/3074/1254
f 1317/4333/1015 1752/3061/1256 1750/3074/1254 1318/4332/1016
f 1752/4334/1256 1760/4335/1263 1759/4336/1262 1750/4337/1254
f 1752/3061/1256 1317/4333/1015 1316/4287/1014 1754/3062/1257
f 1320/4306/1018 1756/4305/1259 1759/4338/1262 1321/4339/1019
f 1760/3052/1263 1322/4340/1020 1321/4339/1019 1759/4338/1262
f 1322/4340/1020 1760/3052/1263 1763/3051/1265 1323/4304/1021
f 1340/4341/999 1765/3081/1266 1792/3113/1236
f 1793/4342/1279 1764/4343/1208 1342/2441/1029 1365/2440/1027
f 1340/4341/999 1768/3082/1212 1765/3081/1266
f 1764/4344/1208 1769/4345/1269 1818/3158/1293 1342/4346/1029
f 1341/4347/1000 1795/3115/1281 1766/3086/1267
f 1341/4347/1000 1766/3086/1267 1771/3085/1215
f 1362/2443/1027 1345/2442/1032 1767/4348/1268 1794/4349/1280
f 1345/4350/1032 1812/3169/1287 1770/4351/1270 1767/4352/1268
f 1340/4341/999 1772/3089/1216 1768/3082/1212
f 1769/4353/1269 1773/4354/1271 1827/4355/1301 1818/4356/1293
f 1341/4347/1000 1771/3085/1215 1775/3091/1273
f 1812/4357/1287 1820/4358/1294 1774/4359/1272 1770/4360/1270
f 1340/4341/999 1776/3093/1220 1772/3089/1216
f 1773/4361/1271 1777/4362/1274 1349/4363/1036 1827/3147/1301
f 1341/4347/1000 1775/3091/1273 1779/3095/1223
f 1820/4364/1294 1346/4365/1033 1778/4366/1275 1774/4367/1272
f 1340/4341/999 1780/3097/1224 1776/3093/1220
f 1777/4368/1274 1781/4369/1225 1353/2464/1022 1349/2471/1036
f 1341/4347/1000 1779/3095/1223 1783/3099/1277
f 1346/2472/1033 1350/2467/1022 1782/4370/1276 1778/4371/1275
f 1340/4341/999 1784/3101/1278 1780/3097/1224
f 1781/4369/1225 1785/4372/1229 1357/2465/1024 1353/2464/1022
f 1341/4347/1000 1783/3099/1277 1787/3103/1231
f 1350/2467/1022 1354/2466/1024 1786/4373/1230 1782/4370/1276
f 1340/4341/999 1788/3105/1232 1784/3101/1278
f 1785/4374/1229 1789/4375/1233 1361/2457/1026 1357/2456/1024
f 1341/4347/1000 1787/3103/1231 1791/3107/1235
f 1354/2459/1024 1358/2458/1026 1790/4376/1234 1786/4377/1230
f 1340/4341/999 1792/3113/1236 1788/3105/1232
f 1789/4378/1233 1793/4379/1279 1365/2449/1027 1361/2448/1026
f 1341/4347/1000 1791/3107/1235 1795/3115/1281
f 1358/2451/1026 1362/2450/1027 1794/4380/1280 1790/4381/1234
f 1806/4382/1285 1798/4383/1282 1796/4384/1244 1805/4385/1284
f 1813/3172/1288 1815/3171/1290 1797/3126/1241 1799/3125/1243
f 1815/3176/1290 1822/3175/1296 1804/3122/1246 1797/3121/1241
f 1821/3168/1295 1813/3167/1288 1799/3142/1243 1807/3141/1249
f 1811/3117/1251 1803/4386/1245 1800/4387/1283 1808/3118/1286
f 1819/3164/1290 1826/3163/1300 1809/3110/1246 1801/3109/1241
f 1817/3160/1292 1819/3159/1290 1801/3138/1241 1802/3137/1243
f 1825/3156/1299 1817/3155/1292 1802/3130/1243 1810/3129/1249
f 1822/3150/1296 1821/3149/1295 1807/3136/1249 1804/3135/1246
f 1826/4388/1300 1825/4389/1299 1810/4390/1249 1809/4391/1246
f 1812/3169/1287 1345/4350/1032 1344/4392/1031 1814/3170/1289
f 1343/4393/1030 1816/3157/1291 1814/3170/1289 1344/4392/1031
f 1816/4394/1291 1824/4395/1298 1823/4396/1297 1814/4397/1289
f 1816/3157/1291 1343/4393/1030 1342/4346/1029 1818/3158/1293
f 1346/4365/1033 1820/4364/1294 1823/4398/1297 1347/4399/1034
f 1824/3148/1298 1348/4400/1035 1347/4399/1034 1823/4398/1297
f 1348/4400/1035 1824/3148/1298 1827/3147/1301 1349/4363/1036
f 1366/4401/999 1829/3177/1303 1856/3209/1330
f 1857/4402/1331 1828/4403/1302 1368/2477/1037 1391/2476/1048
f 1366/4401/999 1832/3178/1306 1829/3177/1303
f 1828/4404/1302 1833/4405/1307 1882/3251/1353 1368/4406/1037
f 1367/4407/1000 1859/3211/1333 1830/3182/1304
f 1367/4407/1000 1830/3182/1304 1835/3181/1309
f 1388/2479/1048 1371/2478/1040 1831/4408/1305 1858/4409/1332
f 1371/4410/1040 1876/3262/1348 1834/4411/1308 1831/4412/1305
f 1366/4401/999 1836/3185/1310 1832/3178/1306
f 1833/4413/1307 1837/4414/1311 1891/4415/1362 1882/4416/1353
f 1367/4407/1000 1835/3181/1309 1839/3187/1313
f 1876/4417/1348 1884/4418/1355 1838/4419/1312 1834/4420/1308
f 1366/4401/999 1840/3189/1314 1836/3185/1310
f 1837/4421/1311 1841/4422/1315 1375/4423/1044 1891/3241/1362
f 1367/4407/1000 1839/3187/1313 1843/3191/1317
f 1884/4424/1355 1372/4425/1041 1842/4426/1316 1838/4427/1312
f 1366/4401/999 1844/3193/1318 1840/3189/1314
f 1841/4428/1315 1845/4429/1319 1379/2509/1045 1375/2508/1044
f 1367/4407/1000 1843/3191/1317 1847/3195/1321
f 1372/2511/1041 1376/2510/1045 1846/4430/1320 1842/4431/1316
f 1366/4401/999 1848/3197/1322 1844/3193/1318
f 1845/4432/1319 1849/4433/1323 1383/2501/1046 1379/2500/1045
f 1367/4407/1000 1847/3195/1321 1851/3199/1325
f 1376/2503/1045 1380/2502/1046 1850/4434/1324 1846/4435/1320
f 1366/4401/999 1852/3201/1326 1848/3197/1322
f 1849/4436/1323 1853/4437/1327 1387/2493/1047 1383/2492/1046
f 1367/4407/1000 1851/3199/1325 1855/3203/1329
f 1380/2495/1046 1384/2494/1047 1854/4438/1328 1850/4439/1324
f 1366/4401/999 1856/3209/1330 1852/3201/1326
f 1853/4440/1327 1857/4441/1331 1391/2485/1048 1387/2484/1047
f 1367/4407/1000 1855/3203/1329 1859/3211/1333
f 1384/2487/1047 1388/2486/1048 1858/4427/1332 1854/4442/1328
f 1870/4443/1344 1862/4444/1336 1860/4445/1334 1869/4446/1343
f 1877/3265/1349 1879/3264/1351 1861/3222/1335 1863/3221/1337
f 1879/3269/1351 1886/3268/1357 1868/3218/1342 1861/3217/1335
f 1885/3261/1356 1877/3260/1349 1863/3238/1337 1871/3237/1345
f 1875/3213/1347 1867/4447/1341 1864/4448/1338 1872/3214/1343
f 1883/3257/1354 1890/3256/1361 1873/3206/1342 1865/3205/1339
f 1881/3253/1349 1883/3252/1354 1865/3234/1339 1866/3233/1340
f 1889/3249/1360 1881/3248/1349 1866/3226/1340 1874/3225/1346
f 1886/3244/1357 1885/3243/1356 1871/3232/1345 1868/3231/1342
f 1890/4449/1361 1889/4450/1360 1874/4451/1346 1873/4452/1342
f 1876/3262/1348 1371/4410/1040 1370/4453/1039 1878/3263/1350
f 1369/4454/1038 1880/3250/1352 1878/3263/1350 1370/4453/1039
f 1880/4455/1352 1888/4456/1359 1887/4457/1358 1878/4458/1350
f 1880/3250/1352 1369/4454/1038 1368/4406/1037 1882/3251/1353
f 1372/4425/1041 1884/4424/1355 1887/4459/1358 1373/4460/1042
f 1888/3242/1359 1374/4461/1043 1373/4460/1042 1887/4459/1358
f 1374/4461/1043 1888/3242/1359 1891/3241/1362 1375/4423/1044
f 1392/4462/999 1893/3270/1364 1920/3302/1377
f 1921/4463/1378 1892/4464/1363 1394/2517/1037 1417/2516/1048
f 1392/4462/999 1896/3271/1306 1893/3270/1364
f 1892/4465/1363 1897/4466/1307 1946/3345/1353 1394/4467/1037
f 1393/4468/1000 1923/3304/1379 1894/3275/1304
f 1393/4468/1000 1894/3275/1304 1899/3274/1366
f 1414/2519/1048 1397/2518/1040 1895/4469/1305 1922/4470/1332
f 1397/4471/1040 1940/3356/1381 1898/4472/1365 1895/4473/1305
f 1392/4462/999 1900/3278/1367 1896/3271/1306
f 1897/4474/1307 1901/4475/1311 1955/4476/1362 1946/4477/1353
f 1393/4468/1000 1899/3274/1366 1903/3280/1368
f 1940/4478/1381 1948/4479/1355 1902/4480/1312 1898/4481/1365
f 1392/4462/999 1904/3282/1314 1900/3278/1367
f 1901/4482/1311 1905/4483/1315 1401/4484/1044 1955/3334/1362
f 1393/4468/1000 1903/3280/1368 1907/3284/1369
f 1948/4485/1355 1398/4486/1041 1906/4487/1316 1902/4488/1312
f 1392/4462/999 1908/3286/1318 1904/3282/1314
f 1905/4489/1315 1909/4490/1370 1405/2549/1045 1401/2548/1044
f 1393/4468/1000 1907/3284/1369 1911/3288/1372
f 1398/2551/1041 1402/2550/1045 1910/4491/1371 1906/4492/1316
f 1392/4462/999 1912/3290/1373 1908/3286/1318
f 1909/4493/1370 1913/4494/1323 1409/2541/1046 1405/2540/1045
f 1393/4468/1000 1911/3288/1372 1915/3292/1374
f 1402/2543/1045 1406/2542/1049 1914/4495/1324 1910/4496/1371
f 1392/4462/999 1916/3294/1375 1912/3290/1373
f 1913/4497/1323 1917/4498/1327 1413/2533/1047 1409/2532/1046
f 1393/4468/1000 1915/3292/1374 1919/3296/1376
f 1406/2535/1049 1410/2534/1047 1918/4499/1328 1914/4500/1324
f 1392/4462/999 1920/3302/1377 1916/3294/1375
f 1917/4501/1327 1921/4502/1378 1417/2525/1048 1413/2524/1047
f 1393/4468/1000 1919/3296/1376 1923/3304/1379
f 1410/2527/1047 1414/2526/1048 1922/4503/1332 1918/4504/1328
f 1934/4505/1347 1926/4506/1341 1924/4507/1338 1933/4508/1343
f 1941/3359/1349 1943/3358/1382 1925/3314/1339 1927/3313/1340
f 1943/3363/1382 1950/3362/1357 1932/3217/1342 1925/3310/1339
f 1949/3355/1360 1941/3354/1349 1927/3329/1340 1935/3226/1346
f 1939/3306/1347 1931/4509/1341 1928/4510/1338 1936/3307/1343
f 1947/3351/1384 1954/3350/1386 1937/3299/1342 1929/3298/1339
f 1945/3347/1383 1947/3346/1384 1929/3326/1339 1930/3325/1380
f 1953/3343/1360 1945/3342/1383 1930/3318/1380 1938/3317/1346
f 1950/3337/1357 1949/3336/1360 1935/3324/1346 1932/3323/1342
f 1954/4511/1386 1953/4512/1360 1938/4513/1346 1937/4514/1342
f 1940/3356/1381 1397/4471/1040 1396/4515/1039 1942/3357/1350
f 1395/4516/1038 1944/3344/1352 1942/3357/1350 1396/4515/1039
f 1944/4517/1352 1952/4518/1359 1951/4519/1385 1942/4520/1350
f 1944/3344/1352 1395/4516/1038 1394/4467/1037 1946/3345/1353
f 1398/4486/1041 1948/4485/1355 1951/4521/1385 1399/4522/1042
f 1952/3335/1359 1400/4523/1043 1399/4522/1042 1951/4521/1385
f 1400/4523/1043 1952/3335/1359 1955/3334/1362 1401/4484/1044
f 1418/4524/999 1957/3364/1388 1984/3396/1415
f 1985/4525/1416 1956/4526/1387 1420/2557/1050 1443/2556/1063
f 1418/4524/999 1960/3365/1391 1957/3364/1388
f 1956/4527/1387 1961/4528/1392 2010/3441/1435 1420/4529/1050
f 1419/4530/1000 1987/3398/1418 1958/3369/1389
f 1419/4530/1000 1958/3369/1389 1963/3368/1394
f 1440/2559/1062 1423/2558/1053 1959/4531/1390 1986/4532/1417
f 1423/4533/1053 2004/3452/1430 1962/4534/1393 1959/4535/1390
f 1418/4524/999 1964/3372/1395 1960/3365/1391
f 1961/4536/1392 1965/4537/1396 2019/4538/1443 2010/4539/1435
f 1419/4530/1000 1963/3368/1394 1967/3374/1398
f 2004/4540/1430 2012/4541/1436 1966/4542/1397 1962/4543/1393
f 1418/4524/999 1968/3376/1399 1964/3372/1395
f 1965/4544/1396 1969/4545/1400 1427/4546/1057 2019/3430/1443
f 1419/4530/1000 1967/3374/1398 1971/3378/1402
f 2012/4547/1436 1424/4548/1054 1970/4549/1401 1966/4550/1397
f 1418/4524/999 1972/3380/1403 1968/3376/1399
f 1969/4545/1400 1973/4551/1404 1431/2585/1058 1427/2584/1057
f 1419/4530/1000 1971/3378/1402 1975/3382/1406
f 1424/2587/1054 1428/2586/1058 1974/4552/1405 1970/4549/1401
f 1418/4524/999 1976/3384/1407 1972/3380/1403
f 1973/4553/1404 1977/4554/1408 1435/2556/1060 1431/2579/1058
f 1419/4530/1000 1975/3382/1406 1979/3386/1410
f 1428/2580/1058 1432/2559/1059 1978/4532/1409 1974/4555/1405
f 1418/4524/999 1980/3388/1411 1976/3384/1407
f 1977/4556/1408 1981/4557/1412 1439/2573/1061 1435/2572/1060
f 1419/4530/1000 1979/3386/1410 1983/3390/1414
f 1432/2575/1059 1436/2574/1061 1982/4558/1413 1978/4559/1409
f 1418/4524/999 1984/3396/1415 1980/3388/1411
f 1981/4560/1412 1985/4561/1416 1443/2565/1063 1439/2564/1061
f 1419/4530/1000 1983/3390/1414 1987/3398/1418
f 1436/2567/1061 1440/2566/1062 1986/4562/1417 1982/4563/1413
f 1998/4564/1427 1990/4565/1421 1988/4566/1419 1997/4567/1426
f 2005/3455/1431 2007/3454/1433 1989/3409/1420 1991/3408/1422
f 2007/3459/1433 2014/3458/1438 1996/3405/1425 1989/3404/1420
f 2013/3451/1437 2005/3450/1431 1991/3425/1422 1999/3424/1428
f 2003/3400/1429 1995/4568/1424 1992/4569/1423 2000/3401/1426
f 2011/3447/1433 2018/3446/1442 2001/3393/1425 1993/3392/1420
f 2009/3443/1431 2011/3442/1433 1993/3421/1420 1994/3420/1422
f 2017/3439/1441 2009/3438/1431 1994/3413/1422 2002/3412/1428
f 2014/3433/1438 2013/3432/1437 1999/3419/1428 1996/3418/1425
f 2018/4570/1442 2017/4571/1441 2002/4572/1428 2001/4573/1425
f 2004/3452/1430 1423/4533/1053 1422/4574/1052 2006/3453/1432
f 1421/4575/1051 2008/3440/1434 2006/3453/1432 1422/4574/1052
f 2008/4576/1434 2016/4577/1440 2015/4578/1439 2006/4579/1432
f 2008/3440/1434 1421/4575/1051 1420/4529/1050 2010/3441/1435
f 1424/4548/1054 2012/4547/1436 2015/4580/1439 1425/4581/1055
f 2016/3431/1440 1426/4582/1056 1425/4581/1055 2015/4580/1439
f 1426/4582/1056 2016/3431/1440 2019/3430/1443 1427/4546/1057
f 1444/4583/999 2021/3460/1445 2048/3492/1472
f 2049/4584/1473 2020/4585/1444 1446/2593/1064 1469/2592/1075
f 1444/4583/999 2024/3461/1448 2021/3460/1445
f 2020/4586/1444 2025/4587/1449 2074/3536/1490 1446/4588/1064
f 1445/4589/1000 2051/3494/1475 2022/3465/1446
f 1445/4589/1000 2022/3465/1446 2027/3464/1451
f 1466/2595/1075 1449/2594/1067 2023/4590/1447 2050/4591/1474
f 1449/4592/1067 2068/3547/1484 2026/4593/1450 2023/4594/1447
f 1444/4583/999 2028/3468/1452 2024/3461/1448
f 2025/4595/1449 2029/4596/1453 2083/4597/1497 2074/4598/1490
f 1445/4589/1000 2027/3464/1451 2031/3470/1455
f 2068/4599/1484 2076/4600/1492 2030/4601/1454 2026/4602/1450
f 1444/4583/999 2032/3472/1456 2028/3468/1452
f 2029/4603/1453 2033/4604/1457 1453/4605/1071 2083/3525/1497
f 1445/4589/1000 2031/3470/1455 2035/3474/1459
f 2076/4606/1492 1450/4607/1068 2034/4608/1458 2030/4609/1454
f 1444/4583/999 2036/3476/1460 2032/3472/1456
f 2033/4610/1457 2037/4611/1461 1457/2625/1072 1453/2624/1071
f 1445/4589/1000 2035/3474/1459 2039/3478/1463
f 1450/2627/1068 1454/2626/1072 2038/4612/1462 2034/4613/1458
f 1444/4583/999 2040/3480/1464 2036/3476/1460
f 2037/4614/1461 2041/4615/1465 1461/2617/1073 1457/2616/1072
f 1445/4589/1000 2039/3478/1463 2043/3482/1467
f 1454/2619/1072 1458/2618/1073 2042/4616/1466 2038/4617/1462
f 1444/4583/999 2044/3484/1468 2040/3480/1464
f 2041/4618/1465 2045/4619/1469 1465/2609/1074 1461/2608/1073
f 1445/4589/1000 2043/3482/1467 2047/3486/1471
f 1458/2611/1073 1462/2610/1074 2046/4620/1470 2042/4621/1466
f 1444/4583/999 2048/3492/1472 2044/3484/1468
f 2045/4622/1469 2049/4623/1473 1469/2601/1075 1465/2600/1074
f 1445/4589/1000 2047/3486/1471 2051/3494/1475
f 1462/2603/1074 1466/2602/1075 2050/4624/1474 2046/4625/1470
f 2062/4626/1482 2054/4627/1478 2052/4628/1476 2061/4629/1481
f 2069/3550/1485 2071/3549/1487 2053/3505/1477 2055/3504/1479
f 2071/3554/1487 2078/3553/1494 2060/3501/1480 2053/3500/1477
f 2077/3546/1493 2069/3545/1485 2055/3500/1479 2063/3520/1483
f 2067/3496/1482 2059/4630/1478 2056/4631/1476 2064/3497/1481
f 2075/3542/1491 2082/3541/1494 2065/3489/1480 2057/3488/1477
f 2073/3538/1489 2075/3537/1491 2057/3517/1477 2058/3516/1479
f 2081/3534/1493 2073/3533/1489 2058/3509/1479 2066/3508/1483
f 2078/3528/1494 2077/3527/1493 2063/3515/1483 2060/3514/1480
f 2082/4632/1494 2081/4633/1493 2066/4634/1483 2065/4635/1480
f 2068/3547/1484 1449/4592/1067 1448/4636/1066 2070/3548/1486
f 1447/4637/1065 2072/3535/1488 2070/3548/1486 1448/4636/1066
f 2072/4638/1488 2080/4639/1496 2079/4640/1495 2070/4641/1486
f 2072/3535/1488 1447/4637/1065 1446/4588/1064 2074/3536/1490
f 1450/4607/1068 2076/4606/1492 2079/4642/1495 1451/4643/1069
f 2080/3526/1496 1452/4644/1070 1451/4643/1069 2079/4642/1495
f 1452/4644/1070 2080/3526/1496 2083/3525/1497 1453/4605/1071
f 1470/4645/999 2085/3555/1445 2112/3587/1472
f 2113/4646/1473 2084/4647/1498 1472/2633/1076 1495/2632/1075
f 1470/4645/999 2088/3556/1448 2085/3555/1445
f 2084/4648/1498 2089/4649/1500 2138/3632/1517 1472/4650/1076
f 1471/4651/1000 2115/3589/1511 2086/3560/1446
f 1471/4651/1000 2086/3560/1446 2091/3559/1451
f 1492/2635/1075 1475/2634/1079 2087/4652/1499 2114/4653/1510
f 1475/4654/1079 2132/3643/1512 2090/4655/1501 2087/4656/1499
f 1470/4645/999 2092/3563/1502 2088/3556/1448
f 2089/4657/1500 2093/4658/1503 2147/4659/1523 2138/4660/1517
f 1471/4651/1000 2091/3559/1451 2095/3565/1505
f 2132/4661/1512 2140/4662/1518 2094/4663/1504 2090/4664/1501
f 1470/4645/999 2096/3567/1506 2092/3563/1502
f 2093/4665/1503 2097/4666/1507 1479/4667/1083 2147/3621/1523
f 1471/4651/1000 2095/3565/1505 2099/3569/1508
f 2140/4668/1518 1476/4669/1080 2098/4670/1458 2094/4671/1504
f 1470/4645/999 2100/3571/1460 2096/3567/1506
f 2097/4672/1507 2101/4673/1461 1483/2665/1072 1479/2664/1083
f 1471/4651/1000 2099/3569/1508 2103/3573/1463
f 1476/2667/1080 1480/2666/1072 2102/4674/1462 2098/4675/1458
f 1470/4645/999 2104/3575/1464 2100/3571/1460
f 2101/4676/1461 2105/4677/1465 1487/2657/1084 1483/2656/1072
f 1471/4651/1000 2103/3573/1463 2107/3577/1509
f 1480/2659/1072 1484/2658/1073 2106/4678/1466 2102/4679/1462
f 1470/4645/999 2108/3579/1468 2104/3575/1464
f 2105/4680/1465 2109/4681/1469 1491/2649/1074 1487/2648/1084
f 1471/4651/1000 2107/3577/1509 2111/3581/1471
f 1484/2651/1073 1488/2650/1074 2110/4682/1470 2106/4683/1466
f 1470/4645/999 2112/3587/1472 2108/3579/1468
f 2109/4684/1469 2113/4685/1473 1495/2641/1075 1491/2640/1074
f 1471/4651/1000 2111/3581/1471 2115/3589/1511
f 1488/2643/1074 1492/2642/1075 2114/4686/1510 2110/4687/1470
f 2126/4688/1482 2118/4689/1478 2116/4690/1476 2125/4691/1481
f 2133/3646/1513 2135/3645/1515 2117/3600/1477 2119/3599/1479
f 2135/3650/1515 2142/3649/1520 2124/3596/1480 2117/3595/1477
f 2141/3642/1519 2133/3641/1513 2119/3616/1479 2127/3615/1483
f 2131/3591/1482 2123/4692/1478 2120/4693/1476 2128/3592/1481
f 2139/3638/1515 2146/3637/1520 2129/3584/1480 2121/3583/1477
f 2137/3634/1513 2139/3633/1515 2121/3612/1477 2122/3611/1479
f 2145/3630/1519 2137/3629/1513 2122/3604/1479 2130/3603/1483
f 2142/3624/1520 2141/3623/1519 2127/3610/1483 2124/3609/1480
f 2146/4694/1520 2145/4695/1519 2130/4696/1483 2129/4697/1480
f 2132/3643/1512 1475/4654/1079 1474/4698/1078 2134/3644/1514
f 1473/4699/1077 2136/3631/1516 2134/3644/1514 1474/4698/1078
f 2136/4700/1516 2144/4701/1522 2143/4702/1521 2134/4703/1514
f 2136/3631/1516 1473/4699/1077 1472/4650/1076 2138/3632/1517
f 1476/4669/1080 2140/4668/1518 2143/4704/1521 1477/4705/1081
f 2144/3622/1522 1478/4706/1082 1477/4705/1081 2143/4704/1521
f 1478/4706/1082 2144/3622/1522 2147/3621/1523 1479/4667/1083
f 1496/4707/999 2149/3651/1525 2176/3683/1552
f 2177/4708/1553 2148/4709/1524 1498/2673/1085 1521/2672/1096
f 1496/4707/999 2152/3652/1528 2149/3651/1525
f 2148/4710/1524 2153/4711/1529 2202/3728/1572 1498/4712/1085
f 1497/4713/1000 2179/3685/1555 2150/3656/1526
f 1497/4713/1000 2150/3656/1526 2155/3655/1531
f 1518/2675/1096 1501/2674/1088 2151/4714/1527 2178/4715/1554
f 1501/4716/1088 2196/3739/1566 2154/4717/1530 2151/4718/1527
f 1496/4707/999 2156/3659/1532 2152/3652/1528
f 2153/4719/1529 2157/4720/1533 2211/4721/1580 2202/4722/1572
f 1497/4713/1000 2155/3655/1531 2159/3661/1535
f 2196/4723/1566 2204/4724/1573 2158/4725/1534 2154/4726/1530
f 1496/4707/999 2160/3663/1536 2156/3659/1532
f 2157/4727/1533 2161/4728/1537 1505/4729/1092 2211/3717/1580
f 1497/4713/1000 2159/3661/1535 2163/3665/1539
f 2204/4730/1573 1502/4731/1089 2162/4732/1538 2158/4733/1534
f 1496/4707/999 2164/3667/1540 2160/3663/1536
f 2161/4734/1537 2165/4735/1541 1509/2705/1093 1505/2704/1092
f 1497/4713/1000 2163/3665/1539 2167/3669/1543
f 1502/2707/1089 1506/2706/1093 2166/4736/1542 2162/4737/1538
f 1496/4707/999 2168/3671/1544 2164/3667/1540
f 2165/4738/1541 2169/4739/1545 1513/2697/1094 1509/2696/1093
f 1497/4713/1000 2167/3669/1543 2171/3673/1547
f 1506/2699/1093 1510/2698/1094 2170/4740/1546 2166/4741/1542
f 1496/4707/999 2172/3675/1548 2168/3671/1544
f 2169/4742/1545 2173/4743/1549 1517/2689/1095 1513/2688/1094
f 1497/4713/1000 2171/3673/1547 2175/3677/1551
f 1510/2691/1094 1514/2690/1095 2174/4744/1550 2170/4745/1546
f 1496/4707/999 2176/3683/1552 2172/3675/1548
f 2173/4746/1549 2177/4747/1553 1521/2681/1096 1517/2680/1095
f 1497/4713/1000 2175/3677/1551 2179/3685/1555
f 1514/2683/1095 1518/2682/1096 2178/4748/1554 2174/4749/1550
f 2190/4750/1564 2182/4751/1558 2180/4752/1556 2189/4753/1563
f 2197/3742/1567 2199/3741/1569 2181/3696/1557 2183/3695/1559
f 2199/3746/1569 2206/3745/1575 2188/3692/1562 2181/3691/1557
f 2205/3738/1574 2197/3737/1567 2183/3712/1559 2191/3711/1565
f 2195/3687/1564 2187/4754/1558 2184/4755/1556 2192/3688/1563
f 2203/3734/1569 2210/3733/1579 2193/3680/1562 2185/3679/1560
f 2201/3730/1571 2203/3729/1569 2185/3708/1560 2186/3707/1561
f 2209/3726/1578 2201/3725/1571 2186/3700/1561 2194/3699/1565
f 2206/3720/1575 2205/3719/1574 2191/3706/1565 2188/3705/1562
f 2210/4756/1579 2209/4757/1578 2194/4758/1565 2193/4759/1562
f 2196/3739/1566 1501/4716/1088 1500/4760/1087 2198/3740/1568
f 1499/4761/1086 2200/3727/1570 2198/3740/1568 1500/4760/1087
f 2200/4762/1570 2208/4763/1577 2207/4764/1576 2198/4765/1568
f 2200/3727/1570 1499/4761/1086 1498/4712/1085 2202/3728/1572
f 1502/4731/1089 2204/4730/1573 2207/4766/1576 1503/4767/1090
f 2208/3718/1577 1504/4768/1091 1503/4767/1090 2207/4766/1576
f 1504/4768/1091 2208/3718/1577 2211/3717/1580 1505/4729/1092
f 1522/4769/999 2213/3747/1582 2240/3775/1609
f 2241/4770/1610 2212/4771/1581 1524/2713/1097 1547/2712/1107
f 1522/4769/999 2216/3748/1585 2213/3747/1582
f 2212/4772/1581 2217/4773/1586 2250/4774/1618 1524/4775/1097
f 1523/4776/1000 2243/3777/1612 2214/3752/1583
f 1523/4776/1000 2214/3752/1583 2219/3751/1588
f 1544/2715/1107 1527/2714/1100 2215/4777/1584 2242/4778/1611
f 1527/4779/1100 2244/4780/1613 2218/4781/1587 2215/4782/1584
f 1522/4769/999 2220/3755/1589 2216/3748/1585
f 2217/4783/1586 2221/4784/1590 2259/3796/1626 2250/3795/1618
f 1523/4776/1000 2219/3751/1588 2223/3757/1592
f 2244/4785/1613 2252/4786/1620 2222/4787/1591 2218/4788/1587
f 1522/4769/999 2224/3759/1593 2220/3755/1589
f 2221/4789/1590 2225/4790/1594 1531/4791/1103 2259/4792/1626
f 1523/4776/1000 2223/3757/1592 2227/3761/1596
f 2252/3786/1620 1528/4793/1101 2226/4794/1595 2222/4795/1591
f 1522/4769/999 2228/3763/1597 2224/3759/1593
f 2225/4796/1594 2229/4797/1598 1535/2741/1104 1531/2740/1103
f 1523/4776/1000 2227/3761/1596 2231/3765/1600
f 1528/2743/1101 1532/2742/1104 2230/4798/1599 2226/4799/1595
f 1522/4769/999 2232/3767/1601 2228/3763/1597
f 2229/4800/1598 2233/4801/1602 1539/2735/1105 1535/2729/1104
f 1523/4776/1000 2231/3765/1600 2235/3769/1604
f 1532/2730/1104 1536/2736/1105 2234/4802/1603 2230/4803/1599
f 1522/4769/999 2236/3771/1605 2232/3767/1601
f 2233/4804/1602 2237/4800/1606 1543/2729/1106 1539/2728/1105
f 1523/4776/1000 2235/3769/1604 2239/3773/1608
f 1536/2731/1105 1540/2730/1106 2238/4803/1607 2234/4805/1603
f 1522/4769/999 2240/3775/1609 2236/3771/1605
f 2237/4806/1606 2241/4807/1610 1547/2721/1107 1543/2720/1106
f 1523/4776/1000 2239/3773/1608 2243/3777/1612
f 1540/2723/1106 1544/2722/1107 2242/4808/1611 2238/4809/1607
f 2334/3888/1685 2333/3887/1684 2245/3806/1614 2247/3805/1616
f 2244/4780/1613 1527/4779/1100 1526/4810/1099 2246/4811/1615
f 2333/3906/1684 2325/3905/1676 2253/3802/1621 2245/3801/1614
f 2327/4812/1678 2334/4813/1685 2247/4814/1616 2254/4815/1622
f 1525/4816/1098 2248/4817/1617 2246/4811/1615 1526/4810/1099
f 2248/4818/1617 2256/4819/1624 2255/3808/1623 2246/3807/1615
f 2338/3884/1685 2337/3883/1688 2249/3794/1614 2251/3793/1619
f 2248/4817/1617 1525/4816/1098 1524/4775/1097 2250/4774/1618
f 2337/3894/1688 2329/3893/1680 2257/3790/1621 2249/3789/1614
f 2331/4820/1682 2338/4821/1685 2251/4822/1619 2258/4823/1625
f 1528/4793/1101 2252/3786/1620 2255/3785/1623 1529/4824/1102
f 2325/3910/1676 2327/3909/1678 2254/4825/1622 2253/4826/1621
f 2256/4827/1624 1530/4828/1102 1529/4824/1102 2255/3785/1623
f 1530/4828/1102 2256/4827/1624 2259/4792/1626 1531/4791/1103
f 2329/3898/1680 2331/3897/1682 2258/3780/1625 2257/3779/1621
f 1548/4829/999 2261/3811/1628 2288/3843/1609
f 2289/3854/1649 2260/3853/1627 1550/4830/1108 2339/3885/1689
f 1548/4829/999 2264/3812/1631 2261/3811/1628
f 2260/4831/1627 2265/4832/1632 2314/4833/1666 1550/4834/1108
f 1549/4835/1000 2291/3845/1651 2262/3816/1629
f 1549/4835/1000 2262/3816/1629 2267/3815/1634
f 2332/3890/1683 1553/4836/1110 2263/3858/1630 2290/3857/1650
f 1553/2750/1110 2308/4837/1661 2266/4838/1633 2263/4839/1630
f 1548/4829/999 2268/3819/1635 2264/3812/1631
f 2265/4840/1632 2269/4841/1636 2323/4842/1674 2314/4843/1666
f 1549/4835/1000 2267/3815/1634 2271/3821/1638
f 2308/4844/1661 2316/4845/1668 2270/4846/1637 2266/4847/1633
f 1548/4829/999 2272/3823/1593 2268/3819/1635
f 2269/4848/1636 2273/4849/1639 1557/4850/1111 2323/3917/1674
f 1549/4835/1000 2271/3821/1638 2275/3825/1596
f 2316/4851/1668 1554/4852/1101 2274/4853/1640 2270/4854/1637
f 1548/4829/999 2276/3827/1641 2272/3823/1593
f 2273/4855/1639 2277/4856/1642 1561/2757/1104 1557/2756/1111
f 1549/4835/1000 2275/3825/1596 2279/3829/1643
f 1554/2759/1101 1558/2758/1104 2278/4857/1599 2274/4858/1640
f 1548/4829/999 2280/3831/1644 2276/3827/1641
f 2277/4856/1642 2281/4859/1645 1565/2749/1114 1561/2748/1104
f 1549/4835/1000 2279/3829/1643 2283/3833/1604
f 1558/2751/1104 1562/2750/1112 2282/4839/1646 2278/4857/1599
f 1548/4829/999 2284/3835/1605 2280/3831/1644
f 2281/4860/1645 2285/4861/1647 2330/4862/1681 1565/4863/1114
f 1549/4835/1000 2283/3833/1604 2287/3837/1608
f 1562/4864/1112 2324/4865/1675 2286/4866/1648 2282/4867/1646
f 1548/4829/999 2288/3843/1609 2284/3835/1605
f 2285/4868/1647 2289/4869/1649 2339/3900/1689 2330/3899/1681
f 1549/4835/1000 2287/3837/1608 2291/3845/1651
f 2324/4870/1675 2332/4871/1683 2290/4872/1650 2286/4873/1648
f 2302/4874/1659 2294/3866/1654 2292/3865/1652 2301/4875/1658
f 2309/3940/1662 2311/3930/1664 2293/3875/1653 2295/4876/1655
f 2311/3944/1664 2318/3943/1670 2300/3860/1657 2293/3859/1653
f 2317/3938/1669 2309/3937/1662 2295/3880/1655 2303/3879/1660
f 2307/3847/1659 2299/4877/1654 2296/4878/1656 2304/3848/1658
f 2315/3934/1667 2322/3933/1673 2305/3840/1657 2297/3839/1653
f 2313/3930/1662 2315/3929/1667 2297/3876/1653 2298/3875/1655
f 2321/3926/1669 2313/3925/1662 2298/3868/1655 2306/3867/1660
f 2318/3920/1670 2317/3919/1669 2303/3874/1660 2300/3873/1657
f 2322/3919/1673 2321/4879/1669 2306/4880/1660 2305/4881/1657
f 2308/4837/1661 1553/2750/1110 1552/2753/1109 2310/4882/1663
f 1551/4883/1109 2312/4884/1665 2310/4882/1663 1552/2753/1109
f 2312/4885/1665 2320/4886/1672 2319/4887/1671 2310/4888/1663
f 2312/4884/1665 1551/4883/1109 1550/4834/1108 2314/4833/1666
f 1554/4852/1101 2316/4851/1668 2319/4889/1671 1555/4890/1102
f 2320/3918/1672 1556/4891/1102 1555/4890/1102 2319/4889/1671
f 1556/4891/1102 2320/3918/1672 2323/3917/1674 1557/4850/1111
f 2324/4865/1675 1562/4864/1112 1563/4892/1113 2326/4893/1677
f 1564/4894/1113 2328/4895/1679 2326/4893/1677 1563/4892/1113
f 2328/4896/1679 2336/4897/1687 2335/3912/1686 2326/3911/1677
f 2328/4895/1679 1564/4894/1113 1565/4863/1114 2330/4862/1681
f 1553/4836/1110 2332/3890/1683 2335/3889/1686 1552/4898/1109
f 2336/3886/1687 1551/4899/1109 1552/4898/1109 2335/3889/1686
f 1551/4899/1109 2336/3886/1687 2339/3885/1689 1550/4830/1108
f 1566/4900/999 2341/3945/1691 2368/3977/1715
f 2369/4901/1716 2340/4902/1690 1568/2765/1115 1591/2764/1126
f 1566/4900/999 2344/3946/1694 2341/3945/1691
f 2340/4903/1690 2345/4904/1695 2394/4022/1739 1568/4905/1115
f 1567/4906/1000 2371/3979/1718 2342/3950/1692
f 1567/4906/1000 2342/3950/1692 2347/3949/1697
f 1588/2767/1126 1571/2766/1118 2343/4907/1693 2370/4908/1717
f 1571/4909/1118 2388/4033/1734 2346/4910/1696 2343/4911/1693
f 1566/4900/999 2348/3953/1698 2344/3946/1694
f 2345/4912/1695 2349/4913/1699 2403/4914/1745 2394/4915/1739
f 1567/4906/1000 2347/3949/1697 2351/3955/1508
f 2388/4916/1734 2396/4917/1740 2350/4918/1700 2346/4919/1696
f 1566/4900/999 2352/3957/1701 2348/3953/1698
f 2349/4920/1699 2353/4921/1702 1575/4922/1122 2403/4011/1745
f 1567/4906/1000 2351/3955/1508 2355/3959/1704
f 2396/4923/1740 1572/4924/1119 2354/4925/1703 2350/4926/1700
f 1566/4900/999 2356/3961/1464 2352/3957/1701
f 2353/4927/1702 2357/4928/1705 1579/2797/1123 1575/2796/1122
f 1567/4906/1000 2355/3959/1704 2359/3963/1509
f 1572/2799/1119 1576/2798/1123 2358/4929/1706 2354/4930/1703
f 1566/4900/999 2360/3965/1707 2356/3961/1464
f 2357/4931/1705 2361/4932/1708 1583/2789/1124 1579/2788/1123
f 1567/4906/1000 2359/3963/1509 2363/3967/1710
f 1576/2791/1123 1580/2790/1124 2362/4933/1709 2358/4934/1706
f 1566/4900/999 2364/3969/1711 2360/3965/1707
f 2361/4935/1708 2365/4936/1712 1587/2781/1125 1583/2780/1124
f 1567/4906/1000 2363/3967/1710 2367/3971/1714
f 1580/2783/1124 1584/2782/1125 2366/4937/1713 2362/4938/1709
f 1566/4900/999 2368/3977/1715 2364/3969/1711
f 2365/4939/1712 2369/4940/1716 1591/2773/1126 1587/2772/1125
f 1567/4906/1000 2367/3971/1714 2371/3979/1718
f 1584/2775/1125 1588/2774/1126 2370/4941/1717 2366/4942/1713
f 2382/4943/1728 2374/4944/1721 2372/4945/1719 2381/4946/1727
f 2389/4036/1735 2391/4035/1737 2373/3990/1720 2375/3989/1722
f 2391/4040/1737 2398/4039/1742 2380/3986/1726 2373/3985/1720
f 2397/4032/1741 2389/4031/1735 2375/4006/1722 2383/4005/1729
f 2387/3981/1733 2379/4947/1725 2376/4948/1723 2384/3982/1730
f 2395/4028/1737 2402/4027/1742 2385/3974/1731 2377/3973/1720
f 2393/4024/1735 2395/4023/1737 2377/4002/1720 2378/4001/1724
f 2401/4020/1741 2393/4019/1735 2378/3994/1724 2386/3993/1732
f 2398/4014/1742 2397/4013/1741 2383/4000/1729 2380/3999/1726
f 2402/4949/1742 2401/4950/1741 2386/4951/1732 2385/4952/1731
f 2388/4033/1734 1571/4909/1118 1570/4953/1117 2390/4034/1736
f 1569/4954/1116 2392/4021/1738 2390/4034/1736 1570/4953/1117
f 2392/4955/1738 2400/4956/1744 2399/4957/1743 2390/4958/1736
f 2392/4021/1738 1569/4954/1116 1568/4905/1115 2394/4022/1739
f 1572/4924/1119 2396/4923/1740 2399/4959/1743 1573/4960/1120
f 2400/4012/1744 1574/4961/1121 1573/4960/1120 2399/4959/1743
f 1574/4961/1121 2400/4012/1744 2403/4011/1745 1575/4922/1122
f 1592/4962/999 2405/4041/1747 2432/4069/1774
f 2433/4963/1775 2404/4964/1746 1594/2805/1127 1617/2804/1138
f 1592/4962/999 2408/4042/1750 2405/4041/1747
f 2404/4965/1746 2409/4966/1751 2442/4086/1784 1594/4967/1127
f 1593/4968/1000 2435/4071/1777 2406/4046/1748
f 1593/4968/1000 2406/4046/1748 2411/4045/1753
f 1614/2807/1138 1597/2806/1130 2407/4969/1749 2434/4970/1776
f 1597/4971/1130 2436/4097/1778 2410/4972/1752 2407/4973/1749
f 1592/4962/999 2412/4049/1754 2408/4042/1750
f 2409/4974/1751 2413/4975/1755 2451/4090/1791 2442/4089/1784
f 1593/4968/1000 2411/4045/1753 2415/4051/1757
f 2436/4976/1778 2444/4977/1785 2414/4978/1756 2410/4979/1752
f 1592/4962/999 2416/4053/1758 2412/4049/1754
f 2413/4980/1755 2417/4981/1759 1601/4982/1133 2451/4983/1791
f 1593/4968/1000 2415/4051/1757 2419/4055/1761
f 2444/4080/1785 1598/4984/1131 2418/4985/1760 2414/4986/1756
f 1592/4962/999 2420/4057/1762 2416/4053/1758
f 2417/4987/1759 2421/4988/1763 1605/2837/1134 1601/2836/1133
f 1593/4968/1000 2419/4055/1761 2423/4059/1765
f 1598/2839/1131 1602/2838/1134 2422/4989/1764 2418/4990/1760
f 1592/4962/999 2424/4061/1766 2420/4057/1762
f 2421/4991/1763 2425/4992/1767 1609/2829/1136 1605/2828/1134
f 1593/4968/1000 2423/4059/1765 2427/4063/1769
f 1602/2831/1134 1606/2830/1135 2426/4993/1768 2422/4994/1764
f 1592/4962/999 2428/4065/1770 2424/4061/1766
f 2425/4995/1767 2429/4996/1771 1613/2821/1137 1609/2820/1136
f 1593/4968/1000 2427/4063/1769 2431/4067/1773
f 1606/2823/1135 1610/2822/1137 2430/4997/1772 2426/4998/1768
f 1592/4962/999 2432/4069/1774 2428/4065/1770
f 2429/4999/1771 2433/5000/1775 1617/2813/1138 1613/2812/1137
f 1593/4968/1000 2431/4067/1773 2435/4071/1777
f 1610/2815/1137 1614/2814/1138 2434/5001/1776 2430/5002/1772
f 2526/4174/1854 2525/4173/1853 2437/4100/1779 2439/4099/1781
f 2436/4097/1778 1597/4971/1130 1596/5003/1129 2438/4098/1780
f 2525/4192/1853 2517/4191/1847 2445/4096/1786 2437/4095/1779
f 2519/5004/1849 2526/5005/1854 2439/5006/1781 2446/5007/1787
f 1595/5008/1128 2440/4085/1782 2438/4098/1780 1596/5003/1129
f 2440/5009/1782 2448/5010/1789 2447/4102/1788 2438/4101/1780
f 2530/4170/1854 2529/4169/1853 2441/4088/1783 2443/4087/1781
f 2440/4085/1782 1595/5008/1128 1594/4967/1127 2442/4086/1784
f 2529/4180/1853 2521/4179/1847 2449/4084/1790 2441/4083/1783
f 2523/5011/1849 2530/5012/1854 2443/5013/1781 2450/5014/1787
f 1598/4984/1131 2444/4080/1785 2447/4079/1788 1599/5015/1132
f 2517/4195/1847 2519/4194/1849 2446/5016/1787 2445/4074/1786
f 2448/5017/1789 1600/5018/1132 1599/5015/1132 2447/4079/1788
f 1600/5018/1132 2448/5017/1789 2451/4983/1791 1601/4982/1133
f 2521/4184/1847 2523/4183/1849 2450/4074/1787 2449/4073/1790
f 1618/5019/999 2453/4105/1793 2480/4137/1818
f 2481/5020/1819 2452/5021/1792 1620/5022/1139 2531/5023/1857
f 1618/5019/999 2456/4106/1796 2453/4105/1793
f 2452/5024/1792 2457/5025/1797 2506/4213/1838 1620/5026/1139
f 1619/5027/1000 2483/4139/1821 2454/4110/1794
f 1619/5027/1000 2454/4110/1794 2459/4109/1799
f 2524/5028/1852 1623/5029/1142 2455/5030/1795 2482/5031/1820
f 1623/5032/1142 2500/4224/1832 2458/5033/1798 2455/5034/1795
f 1618/5019/999 2460/4113/1800 2456/4106/1796
f 2457/5035/1797 2461/5036/1801 2515/5037/1845 2506/5038/1838
f 1619/5027/1000 2459/4109/1799 2463/4115/1757
f 2500/5039/1832 2508/5040/1839 2462/5041/1802 2458/5042/1798
f 1618/5019/999 2464/4117/1803 2460/4113/1800
f 2461/5043/1801 2465/5044/1804 1627/5045/1145 2515/4202/1845
f 1619/5027/1000 2463/4115/1757 2467/4119/1805
f 2508/5046/1839 1624/5047/1143 2466/5048/1760 2462/5049/1802
f 1618/5019/999 2468/4121/1806 2464/4117/1803
f 2465/5050/1804 2469/5051/1807 1631/2853/1146 1627/2852/1145
f 1619/5027/1000 2467/4119/1805 2471/4123/1809
f 1624/2855/1143 1628/2854/1146 2470/5052/1808 2466/5053/1760
f 1618/5019/999 2472/4125/1810 2468/4121/1806
f 2469/5054/1807 2473/5055/1811 1635/2845/1149 1631/2844/1146
f 1619/5027/1000 2471/4123/1809 2475/4127/1813
f 1628/2847/1146 1632/2846/1147 2474/5056/1812 2470/5057/1808
f 1618/5019/999 2476/4129/1814 2472/4125/1810
f 2473/5058/1811 2477/5059/1815 2522/5060/1851 1635/5061/1149
f 1619/5027/1000 2475/4127/1813 2479/4131/1817
f 1632/5062/1147 2516/5063/1846 2478/5064/1816 2474/5065/1812
f 1618/5019/999 2480/4137/1818 2476/4129/1814
f 2477/5066/1815 2481/5067/1819 2531/4186/1857 2522/4185/1851
f 1619/5027/1000 2479/4131/1817 2483/4139/1821
f 2516/5068/1846 2524/5069/1852 2482/5070/1820 2478/5071/1816
f 2494/5072/1829 2486/5073/1824 2484/5074/1822 2493/5075/1828
f 2501/4227/1833 2503/4226/1835 2485/4150/1823 2487/4149/1825
f 2503/4231/1835 2510/4230/1841 2492/4146/1827 2485/4145/1823
f 2509/4223/1840 2501/4222/1833 2487/4166/1825 2495/4165/1830
f 2499/4141/1831 2491/5076/1826 2488/5077/1822 2496/4142/1828
f 2507/4219/1835 2514/4218/1841 2497/4134/1827 2489/4133/1823
f 2505/4215/1837 2507/4214/1835 2489/4162/1823 2490/4161/1825
f 2513/4211/1844 2505/4210/1837 2490/4154/1825 2498/4153/1830
f 2510/4205/1841 2509/4204/1840 2495/4160/1830 2492/4159/1827
f 2514/4204/1841 2513/5078/1844 2498/5079/1830 2497/4160/1827
f 2500/4224/1832 1623/5032/1142 1622/5080/1141 2502/4225/1834
f 1621/5081/1140 2504/4212/1836 2502/4225/1834 1622/5080/1141
f 2504/5082/1836 2512/5083/1843 2511/5084/1842 2502/5085/1834
f 2504/4212/1836 1621/5081/1140 1620/5026/1139 2506/4213/1838
f 1624/5047/1143 2508/5046/1839 2511/5086/1842 1625/5087/1144
f 2512/4203/1843 1626/5088/1132 1625/5087/1144 2511/5086/1842
f 1626/5088/1132 2512/4203/1843 2515/4202/1845 1627/5045/1145
f 2516/5063/1846 1632/5062/1147 1633/5089/1148 2518/5090/1848
f 1634/5091/1148 2520/5092/1850 2518/5090/1848 1633/5089/1148
f 2520/5093/1850 2528/5094/1856 2527/4197/1855 2518/4196/1848
f 2520/5092/1850 1634/5091/1148 1635/5061/1149 2522/5060/1851
f 1623/5029/1142 2524/5028/1852 2527/5095/1855 1622/5096/1141
f 2528/5097/1856 1621/5098/1140 1622/5096/1141 2527/5095/1855
f 1621/5098/1140 2528/5097/1856 2531/5023/1857 1620/5022/1139
o BézierCurve
v 9.797317 7.801464 18.124500
v 9.805106 7.802199 18.121284
v 9.812833 7.802570 18.124500
v 9.816078 7.802360 18.132267
v 9.812896 7.801692 18.140032
v 9.805106 7.800957 18.143250
v 9.797379 7.800586 18.140032
v 9.794134 7.800796 18.132267
v 9.798793 7.683960 18.134556
v 9.806567 7.683381 18.131378
v 9.814343 7.683550 18.134600
v 9.817565 7.684369 18.142336
v 9.814345 7.685357 18.150051
v 9.806571 7.685935 18.153229
v 9.798795 7.685766 18.150005
v 9.795573 7.684948 18.142271
v 9.785971 7.490334 18.163275
v 9.793692 7.488993 18.160196
v 9.801427 7.488585 18.163496
v 9.805106 7.489350 18.171238
v 9.801461 7.490839 18.178888
v 9.793740 7.492180 18.181965
v 9.786005 7.492587 18.178667
v 9.782786 7.491822 18.170925
v 9.747347 7.255673 18.197309
v 9.754918 7.253486 18.194347
v 9.762483 7.252112 18.197779
v 9.765609 7.252357 18.205593
v 9.762465 7.254076 18.213211
v 9.754894 7.256264 18.216171
v 9.747330 7.257637 18.212742
v 9.744204 7.257392 18.204927
v 9.670959 7.013901 18.223539
v 9.678371 7.011129 18.220669
v 9.685860 7.009475 18.224142
v 9.689037 7.009907 18.231926
v 9.686042 7.012173 18.239462
v 9.678629 7.014944 18.242332
v 9.671141 7.016599 18.238859
v 9.667964 7.016167 18.231075
v 9.403253 5.873454 18.430628
v 9.409602 5.870603 18.428305
v 9.416136 5.869341 18.431061
v 9.419026 5.870409 18.437279
v 9.416580 5.873179 18.443317
v 9.410231 5.876030 18.445641
v 9.403697 5.877292 18.442884
v 9.400807 5.876225 18.436666
v 8.930369 3.652499 18.888304
v 8.936371 3.649673 18.886091
v 8.942565 3.648523 18.888687
v 8.945324 3.649723 18.894567
v 8.943031 3.652569 18.900290
v 8.937031 3.655395 18.902500
v 8.930836 3.656545 18.899906
v 8.928077 3.655345 18.894026
v 8.362603 1.109056 19.438536
v 8.368952 1.106199 19.436214
v 8.375513 1.105055 19.438944
v 8.378445 1.106294 19.445124
v 8.376029 1.109190 19.451136
v 8.369680 1.112046 19.453455
v 8.363119 1.113191 19.450726
v 8.360188 1.111952 19.444546
v 8.101660 0.021481 19.695700
v 8.107825 0.017959 19.693548
v 8.114279 0.016418 19.696381
v 8.117238 0.017761 19.702534
v 8.114971 0.021200 19.708405
v 8.108806 0.024722 19.710554
v 8.102352 0.026262 19.707724
v 8.099392 0.024920 19.701571
v 9.812896 7.801464 18.124500
v 9.797379 7.802570 18.124500
v 9.794134 7.802360 18.132267
v 9.797317 7.801692 18.140032
v 9.812834 7.800586 18.140032
v 9.816078 7.800796 18.132267
v 9.811419 7.683960 18.134556
v 9.803645 7.683381 18.131378
v 9.795869 7.683550 18.134600
v 9.792647 7.684369 18.142336
v 9.795867 7.685357 18.150051
v 9.803641 7.685935 18.153229
v 9.811418 7.685766 18.150005
v 9.814639 7.684948 18.142271
v 9.824242 7.490334 18.163275
v 9.816521 7.488993 18.160196
v 9.808785 7.488585 18.163496
v 9.808751 7.490839 18.178888
v 9.816472 7.492180 18.181965
v 9.824207 7.492587 18.178667
v 9.827426 7.491822 18.170925
v 9.862865 7.255673 18.197309
v 9.855294 7.253486 18.194347
v 9.847730 7.252112 18.197779
v 9.844604 7.252357 18.205593
v 9.847747 7.254076 18.213211
v 9.855318 7.256264 18.216171
v 9.862883 7.257637 18.212742
v 9.866009 7.257392 18.204927
v 9.939254 7.013901 18.223539
v 9.931841 7.011129 18.220669
v 9.924353 7.009475 18.224142
v 9.921175 7.009907 18.231926
v 9.924170 7.012173 18.239462
v 9.931583 7.014944 18.242334
v 9.939072 7.016599 18.238859
v 9.942248 7.016167 18.231075
v 10.206960 5.873454 18.430628
v 10.200610 5.870603 18.428305
v 10.194077 5.869342 18.431061
v 10.191187 5.870409 18.437279
v 10.193632 5.873179 18.443317
v 10.199982 5.876030 18.445641
v 10.206515 5.877292 18.442884
v 10.209406 5.876225 18.436666
v 10.679844 3.652499 18.888304
v 10.673843 3.649673 18.886091
v 10.667648 3.648523 18.888687
v 10.664889 3.649723 18.894567
v 10.667182 3.652569 18.900290
v 10.673183 3.655395 18.902500
v 10.679378 3.656544 18.899906
v 10.682137 3.655345 18.894026
v 11.247610 1.109056 19.438536
v 11.241261 1.106199 19.436214
v 11.234699 1.105054 19.438944
v 11.231769 1.106293 19.445124
v 11.234184 1.109189 19.451136
v 11.240533 1.112046 19.453455
v 11.247094 1.113190 19.450726
v 11.250026 1.111951 19.444546
v 11.508554 0.021480 19.695700
v 11.502388 0.017959 19.693548
v 11.495935 0.016418 19.696379
v 11.492975 0.017761 19.702534
v 11.495242 0.021200 19.708405
v 11.501409 0.024721 19.710554
v 11.507861 0.026262 19.707724
v 11.510821 0.024919 19.701571
v 9.797317 7.801464 18.034946
v 9.805106 7.802199 18.038162
v 9.812833 7.802570 18.034946
v 9.816078 7.802360 18.027180
v 9.812896 7.801692 18.019415
v 9.805106 7.800957 18.016197
v 9.797379 7.800586 18.019415
v 9.794134 7.800796 18.027180
v 9.798793 7.683960 18.024891
v 9.806567 7.683381 18.028069
v 9.814343 7.683550 18.024847
v 9.817565 7.684369 18.017111
v 9.814345 7.685357 18.009396
v 9.806571 7.685935 18.006218
v 9.798795 7.685766 18.009441
v 9.795573 7.684948 18.017176
v 9.785971 7.490334 17.996172
v 9.793692 7.488993 17.999250
v 9.801427 7.488585 17.995951
v 9.805106 7.489350 17.988209
v 9.801461 7.490839 17.980558
v 9.793740 7.492180 17.977482
v 9.786005 7.492587 17.980780
v 9.782786 7.491822 17.988522
v 9.747347 7.255673 17.962137
v 9.754918 7.253486 17.965099
v 9.762483 7.252112 17.961668
v 9.765609 7.252357 17.953854
v 9.762465 7.254076 17.946236
v 9.754894 7.256264 17.943275
v 9.747330 7.257637 17.946705
v 9.744204 7.257392 17.954519
v 9.670959 7.013901 17.935907
v 9.678371 7.011129 17.938778
v 9.685860 7.009475 17.935305
v 9.689037 7.009907 17.927521
v 9.686042 7.012173 17.919985
v 9.678629 7.014944 17.917112
v 9.671141 7.016599 17.920588
v 9.667964 7.016167 17.928371
v 9.403253 5.873454 17.728819
v 9.409602 5.870603 17.731140
v 9.416136 5.869341 17.728386
v 9.419026 5.870409 17.722166
v 9.416580 5.873179 17.716127
v 9.410231 5.876030 17.713806
v 9.403697 5.877292 17.716562
v 9.400807 5.876225 17.722780
v 8.930369 3.652499 17.271143
v 8.936371 3.649673 17.273354
v 8.942565 3.648523 17.270760
v 8.945324 3.649723 17.264879
v 8.943031 3.652569 17.259157
v 8.937031 3.655395 17.256945
v 8.930836 3.656545 17.259541
v 8.928077 3.655345 17.265421
v 8.362603 1.109056 16.720911
v 8.368952 1.106199 16.723230
v 8.375513 1.105055 16.720501
v 8.378445 1.106294 16.714321
v 8.376029 1.109190 16.708311
v 8.369680 1.112046 16.705990
v 8.363119 1.113191 16.708719
v 8.360188 1.111952 16.714901
v 8.101660 0.021481 16.463747
v 8.107825 0.017959 16.465897
v 8.114279 0.016418 16.463066
v 8.117238 0.017761 16.456913
v 8.114971 0.021200 16.451040
v 8.108805 0.024722 16.448891
v 8.102352 0.026262 16.451721
v 8.099392 0.024920 16.457876
v 9.812896 7.801464 18.034946
v 9.797379 7.802570 18.034946
v 9.794134 7.802360 18.027180
v 9.797317 7.801692 18.019415
v 9.812834 7.800586 18.019415
v 9.816078 7.800796 18.027180
v 9.811419 7.683960 18.024891
v 9.803645 7.683381 18.028069
v 9.795869 7.683550 18.024847
v 9.792647 7.684369 18.017111
v 9.795867 7.685357 18.009396
v 9.803641 7.685935 18.006218
v 9.811418 7.685766 18.009441
v 9.814639 7.684948 18.017176
v 9.824242 7.490334 17.996172
v 9.816521 7.488993 17.999250
v 9.808785 7.488585 17.995951
v 9.808751 7.490839 17.980558
v 9.816472 7.492180 17.977482
v 9.824207 7.492587 17.980780
v 9.827426 7.491822 17.988522
v 9.862865 7.255673 17.962137
v 9.855294 7.253486 17.965099
v 9.847730 7.252112 17.961668
v 9.844604 7.252357 17.953854
v 9.847747 7.254076 17.946236
v 9.855318 7.256264 17.943275
v 9.862883 7.257637 17.946705
v 9.866009 7.257392 17.954519
v 9.939254 7.013901 17.935907
v 9.931841 7.011129 17.938778
v 9.924353 7.009475 17.935305
v 9.921175 7.009907 17.927521
v 9.924170 7.012173 17.919985
v 9.931583 7.014944 17.917114
v 9.939072 7.016599 17.920588
v 9.942248 7.016167 17.928371
v 10.206960 5.873454 17.728819
v 10.200610 5.870603 17.731140
v 10.194077 5.869342 17.728386
v 10.191187 5.870409 17.722166
v 10.193632 5.873179 17.716127
v 10.199982 5.876030 17.713806
v 10.206515 5.877292 17.716560
v 10.209406 5.876225 17.722780
v 10.679844 3.652499 17.271143
v 10.673843 3.649673 17.273354
v 10.667648 3.648523 17.270760
v 10.664889 3.649723 17.264879
v 10.667182 3.652569 17.259157
v 10.673183 3.655395 17.256945
v 10.679378 3.656544 17.259541
v 10.682137 3.655345 17.265421
v 11.247610 1.109056 16.720911
v 11.241261 1.106199 16.723230
v 11.234700 1.105054 16.720501
v 11.231769 1.106293 16.714321
v 11.234184 1.109189 16.708311
v 11.240533 1.112046 16.705990
v 11.247094 1.113190 16.708719
v 11.250026 1.111951 16.714899
v 11.508554 0.021480 16.463747
v 11.502388 0.017959 16.465897
v 11.495934 0.016418 16.463066
v 11.492975 0.017761 16.456913
v 11.495242 0.021200 16.451040
v 11.501408 0.024721 16.448891
v 11.507861 0.026262 16.451721
v 11.510821 0.024919 16.457874
vn -0.6796 -0.0709 -0.7302
vn -0.0000 -0.0845 -0.9964
vn 0.6966 -0.0520 -0.7156
vn 0.9993 0.0096 -0.0368
vn 0.7289 0.0679 0.6813
vn -0.0000 0.0864 0.9963
vn -0.7169 0.0514 0.6953
vn -0.9994 -0.0151 -0.0325
vn -0.6975 -0.0646 -0.7137
vn 0.0104 -0.1159 -0.9932
vn 0.7031 -0.1005 -0.7040
vn 0.9996 -0.0264 -0.0051
vn 0.7100 0.0637 0.7013
vn 0.0085 0.1162 0.9932
vn -0.7055 0.1012 0.7014
vn -0.9996 0.0256 -0.0102
vn -0.6984 -0.0245 -0.7153
vn 0.0095 -0.1461 -0.9892
vn 0.6983 -0.1820 -0.6923
vn -0.0001 -0.9914 0.1308
vn 0.7008 0.0237 0.7130
vn 0.0137 0.1435 0.9896
vn -0.6949 0.1820 0.6957
vn -0.9936 0.1124 -0.0139
vn -0.6799 0.0698 -0.7300
vn 0.0188 -0.1305 -0.9913
vn 0.6946 -0.2523 -0.6737
vn 0.9728 -0.2291 0.0351
vn 0.6882 -0.0732 0.7218
vn 0.0149 0.1225 0.9924
vn -0.6781 0.2499 0.6912
vn -0.9730 0.2294 -0.0264
vn -0.6825 0.0822 -0.7263
vn -0.0138 -0.1409 -0.9899
vn 0.6677 -0.2844 -0.6880
vn 0.9647 -0.2621 0.0267
vn 0.6810 -0.0834 0.7275
vn -0.0045 0.1431 0.9897
vn -0.6852 0.2854 0.6701
vn -0.9648 0.2596 -0.0430
vn -0.6938 0.0157 -0.7200
vn -0.0248 -0.1857 -0.9823
vn 0.6658 -0.2836 -0.6901
vn 0.9764 -0.2143 0.0254
vn 0.6938 -0.0175 0.7199
vn 0.0193 0.1840 0.9827
vn -0.6722 0.2822 0.6845
vn -0.9766 0.2130 -0.0307
vn -0.6945 -0.0003 -0.7195
vn -0.0287 -0.2006 -0.9793
vn 0.6629 -0.2906 -0.6900
vn 0.9779 -0.2076 0.0263
vn 0.6967 -0.0002 0.7173
vn 0.0308 0.2000 0.9793
vn -0.6631 0.2900 0.6901
vn -0.9779 0.2072 -0.0288
vn -0.6938 -0.0020 -0.7202
vn -0.0311 -0.2139 -0.9764
vn 0.6586 -0.3082 -0.6864
vn 0.9753 -0.2193 0.0277
vn 0.6978 0.0011 0.7163
vn 0.0345 0.2131 0.9764
vn -0.6591 0.3076 0.6863
vn -0.9753 0.2186 -0.0325
vn -0.6601 -0.0192 -0.7510
vn 0.0014 -0.2304 -0.9731
vn 0.6566 -0.3192 -0.6833
vn 0.9719 -0.2351 -0.0082
vn 0.7300 -0.0135 0.6834
vn 0.0679 0.2141 0.9744
vn -0.6556 0.3191 0.6844
vn -0.9737 0.2175 -0.0681
vn 0.6796 -0.0709 -0.7302
vn -0.6966 -0.0520 -0.7155
vn -0.9993 0.0096 -0.0367
vn -0.7288 0.0679 0.6813
vn 0.7169 0.0514 0.6953
vn 0.9994 -0.0151 -0.0325
vn 0.6975 -0.0646 -0.7137
vn -0.0104 -0.1159 -0.9932
vn -0.7031 -0.1005 -0.7039
vn -0.9996 -0.0264 -0.0050
vn -0.7100 0.0637 0.7013
vn -0.0085 0.1162 0.9932
vn 0.7055 0.1012 0.7014
vn 0.9996 0.0256 -0.0102
vn 0.6984 -0.0245 -0.7153
vn -0.0095 -0.1461 -0.9892
vn -0.6983 -0.1820 -0.6923
vn -0.7008 0.0237 0.7130
vn -0.0137 0.1435 0.9896
vn 0.6949 0.1821 0.6956
vn 0.9936 0.1124 -0.0139
vn 0.6799 0.0698 -0.7300
vn -0.0188 -0.1305 -0.9913
vn -0.6946 -0.2523 -0.6737
vn -0.9728 -0.2291 0.0351
vn -0.6882 -0.0733 0.7218
vn -0.0150 0.1225 0.9924
vn 0.6781 0.2500 0.6912
vn 0.9730 0.2294 -0.0264
vn 0.6825 0.0822 -0.7263
vn 0.0138 -0.1409 -0.9899
vn -0.6677 -0.2844 -0.6880
vn -0.9647 -0.2621 0.0267
vn -0.6810 -0.0834 0.7275
vn 0.0045 0.1431 0.9897
vn 0.6852 0.2854 0.6701
vn 0.9647 0.2596 -0.0431
vn 0.6938 0.0157 -0.7200
vn 0.0248 -0.1857 -0.9823
vn -0.6658 -0.2836 -0.6901
vn -0.9764 -0.2143 0.0255
vn -0.6938 -0.0176 0.7199
vn -0.0193 0.1839 0.9827
vn 0.6722 0.2823 0.6844
vn 0.9766 0.2130 -0.0308
vn 0.6944 -0.0003 -0.7196
vn 0.0288 -0.2006 -0.9793
vn -0.6630 -0.2906 -0.6899
vn -0.9779 -0.2076 0.0264
vn -0.6967 -0.0002 0.7174
vn -0.0308 0.2000 0.9793
vn 0.6631 0.2900 0.6901
vn 0.9779 0.2072 -0.0289
vn 0.6938 -0.0020 -0.7202
vn 0.0311 -0.2139 -0.9764
vn -0.6586 -0.3083 -0.6864
vn -0.9753 -0.2193 0.0278
vn -0.6978 0.0012 0.7163
vn -0.0345 0.2131 0.9764
vn 0.6591 0.3076 0.6863
vn 0.9753 0.2186 -0.0324
vn 0.6601 -0.0192 -0.7509
vn -0.0014 -0.2305 -0.9731
vn -0.6566 -0.3192 -0.6834
vn -0.9719 -0.2351 -0.0081
vn -0.7299 -0.0135 0.6835
vn -0.0679 0.2141 0.9744
vn 0.6555 0.3191 0.6844
vn 0.9737 0.2175 -0.0679
vn -0.6796 -0.0709 0.7302
vn -0.0000 -0.0845 0.9964
vn 0.6966 -0.0520 0.7155
vn 0.9993 0.0096 0.0367
vn 0.7288 0.0679 -0.6813
vn -0.0000 0.0864 -0.9963
vn -0.7169 0.0514 -0.6953
vn -0.9994 -0.0151 0.0325
vn -0.6975 -0.0646 0.7137
vn 0.0104 -0.1159 0.9932
vn 0.7031 -0.1005 0.7039
vn 0.9996 -0.0264 0.0050
vn 0.7100 0.0637 -0.7013
vn 0.0085 0.1162 -0.9932
vn -0.7055 0.1012 -0.7014
vn -0.9996 0.0256 0.0102
vn -0.6984 -0.0245 0.7153
vn 0.0095 -0.1461 0.9892
vn 0.6983 -0.1820 0.6923
vn -0.0000 -0.9914 -0.1307
vn 0.7008 0.0237 -0.7130
vn 0.0137 0.1435 -0.9896
vn -0.6949 0.1820 -0.6957
vn -0.9936 0.1124 0.0139
vn -0.6798 0.0699 0.7300
vn 0.0188 -0.1305 0.9913
vn 0.6946 -0.2523 0.6737
vn 0.9728 -0.2291 -0.0351
vn 0.6882 -0.0733 -0.7218
vn 0.0149 0.1225 -0.9924
vn -0.6781 0.2500 -0.6912
vn -0.9730 0.2294 0.0264
vn -0.6825 0.0822 0.7263
vn -0.0138 -0.1409 0.9899
vn 0.6676 -0.2844 0.6880
vn 0.9647 -0.2621 -0.0267
vn 0.6810 -0.0834 -0.7275
vn -0.0045 0.1431 -0.9897
vn -0.6852 0.2854 -0.6701
vn -0.9648 0.2596 0.0430
vn -0.6938 0.0157 0.7200
vn -0.0247 -0.1857 0.9823
vn 0.6658 -0.2836 0.6902
vn 0.9764 -0.2143 -0.0254
vn 0.6938 -0.0176 -0.7199
vn 0.0192 0.1840 -0.9827
vn -0.6722 0.2823 -0.6844
vn -0.9766 0.2130 0.0307
vn -0.6944 -0.0003 0.7196
vn -0.0287 -0.2006 0.9793
vn 0.6629 -0.2906 0.6900
vn 0.9779 -0.2076 -0.0264
vn 0.6968 -0.0002 -0.7173
vn 0.0308 0.2000 -0.9793
vn -0.6631 0.2901 -0.6900
vn -0.9779 0.2072 0.0288
vn -0.6937 -0.0021 0.7202
vn -0.0310 -0.2139 0.9764
vn 0.6586 -0.3082 0.6865
vn 0.9753 -0.2193 -0.0277
vn 0.6978 0.0011 -0.7162
vn 0.0346 0.2131 -0.9764
vn -0.6591 0.3076 -0.6862
vn -0.9753 0.2186 0.0325
vn -0.6600 -0.0193 0.7510
vn 0.0014 -0.2305 0.9731
vn 0.6566 -0.3192 0.6834
vn 0.9719 -0.2351 0.0082
vn 0.7300 -0.0135 -0.6833
vn 0.0679 0.2140 -0.9745
vn -0.6556 0.3191 -0.6844
vn -0.9737 0.2175 0.0681
vn 0.6796 -0.0709 0.7301
vn -0.6967 -0.0520 0.7155
vn -0.9993 0.0096 0.0367
vn -0.7288 0.0679 -0.6813
vn 0.7169 0.0514 -0.6953
vn 0.9994 -0.0151 0.0325
vn 0.6975 -0.0646 0.7136
vn -0.0104 -0.1159 0.9932
vn -0.7031 -0.1005 0.7039
vn -0.9996 -0.0264 0.0050
vn -0.7100 0.0637 -0.7013
vn -0.0085 0.1162 -0.9932
vn 0.7055 0.1012 -0.7014
vn 0.9996 0.0256 0.0101
vn 0.6984 -0.0245 0.7153
vn -0.0095 -0.1461 0.9892
vn -0.6983 -0.1820 0.6923
vn -0.7008 0.0237 -0.7130
vn -0.0137 0.1435 -0.9896
vn 0.6949 0.1821 -0.6956
vn 0.9936 0.1124 0.0139
vn 0.6799 0.0698 0.7300
vn -0.0188 -0.1305 0.9913
vn -0.6946 -0.2523 0.6737
vn -0.9728 -0.2291 -0.0351
vn -0.6882 -0.0733 -0.7218
vn -0.0149 0.1225 -0.9924
vn 0.6781 0.2500 -0.6912
vn 0.9730 0.2294 0.0264
vn 0.6824 0.0822 0.7263
vn 0.0138 -0.1409 0.9899
vn -0.6677 -0.2844 0.6880
vn -0.9647 -0.2621 -0.0268
vn -0.6810 -0.0834 -0.7275
vn 0.0045 0.1431 -0.9897
vn 0.6851 0.2854 -0.6702
vn 0.9648 0.2596 0.0431
vn 0.6937 0.0156 0.7201
vn 0.0248 -0.1857 0.9823
vn -0.6658 -0.2836 0.6902
vn -0.9764 -0.2143 -0.0255
vn -0.6938 -0.0176 -0.7199
vn -0.0193 0.1840 -0.9827
vn 0.6722 0.2823 -0.6844
vn 0.9766 0.2130 0.0309
vn 0.6943 -0.0003 0.7197
vn 0.0288 -0.2006 0.9793
vn -0.6629 -0.2906 0.6900
vn -0.9778 -0.2076 -0.0265
vn -0.6968 -0.0002 -0.7173
vn -0.0308 0.2000 -0.9793
vn 0.6631 0.2900 -0.6901
vn 0.9779 0.2072 0.0289
vn 0.6938 -0.0020 0.7202
vn 0.0310 -0.2139 0.9764
vn -0.6586 -0.3082 0.6865
vn -0.9753 -0.2193 -0.0278
vn -0.6978 0.0011 -0.7163
vn -0.0346 0.2131 -0.9764
vn 0.6591 0.3076 -0.6863
vn 0.9753 0.2186 0.0323
vn 0.6600 -0.0192 0.7510
vn -0.0015 -0.2305 0.9731
vn -0.6566 -0.3192 0.6834
vn -0.9719 -0.2351 0.0081
vn -0.7299 -0.0135 -0.6834
vn -0.0680 0.2141 -0.9744
vn 0.6555 0.3191 -0.6845
vn 0.9737 0.2176 0.0679
vt 0.407667 0.003468
vt 0.411469 0.023019
vt 0.410062 0.023229
vt 0.406328 0.003949
vt 0.553306 0.003806
vt 0.556759 0.023612
vt 0.555737 0.023647
vt 0.552312 0.004061
vt 0.554700 0.003562
vt 0.558166 0.023400
vt 0.555696 0.003468
vt 0.559134 0.023135
vt 0.389743 0.003949
vt 0.385990 0.023309
vt 0.384582 0.023099
vt 0.388404 0.003468
vt 0.163140 0.766702
vt 0.163131 0.786165
vt 0.162118 0.786307
vt 0.162118 0.766622
vt 0.598615 0.003710
vt 0.595307 0.022854
vt 0.593899 0.022645
vt 0.597220 0.003468
vt 0.599611 0.003801
vt 0.596275 0.023118
vt 0.414933 0.055998
vt 0.413515 0.056123
vt 0.412472 0.022848
vt 0.415950 0.055956
vt 0.562224 0.056109
vt 0.560806 0.056224
vt 0.563265 0.055843
vt 0.382510 0.056440
vt 0.381063 0.056307
vt 0.386992 0.023480
vt 0.383528 0.056482
vt 0.591357 0.055271
vt 0.589938 0.055159
vt 0.412528 0.056258
vt 0.409074 0.023354
vt 0.417759 0.096340
vt 0.416339 0.096425
vt 0.418787 0.096443
vt 0.563479 0.096258
vt 0.562058 0.096209
vt 0.564450 0.096090
vt 0.379659 0.097142
vt 0.378239 0.097057
vt 0.380687 0.097039
vt 0.590197 0.095163
vt 0.588776 0.095215
vt 0.415358 0.096649
vt 0.419641 0.138184
vt 0.418218 0.138175
vt 0.557096 0.138172
vt 0.556063 0.137834
vt 0.561019 0.095972
vt 0.558515 0.138269
vt 0.376356 0.139019
vt 0.375375 0.138828
vt 0.377258 0.096833
vt 0.377779 0.139009
vt 0.927287 0.005372
vt 0.930607 0.047315
vt 0.929561 0.047613
vt 0.926239 0.005568
vt 0.595240 0.136886
vt 0.593822 0.136986
vt 0.417237 0.138366
vt 0.421983 0.337344
vt 0.420798 0.337181
vt 0.553216 0.333111
vt 0.552312 0.332743
vt 0.554432 0.333168
vt 0.373952 0.337992
vt 0.373159 0.337963
vt 0.375138 0.337829
vt 0.927156 0.242016
vt 0.926239 0.242349
vt 0.599611 0.331605
vt 0.598395 0.331664
vt 0.420004 0.337210
vt 0.421512 0.726565
vt 0.420380 0.726374
vt 0.422867 0.337603
vt 0.422355 0.726831
vt 0.557956 0.711310
vt 0.556805 0.711264
vt 0.374446 0.727165
vt 0.373689 0.727169
vt 0.375578 0.726974
vt 0.376021 0.337570
vt 0.376421 0.726708
vt 0.596879 0.709714
vt 0.595729 0.709763
vt 0.419623 0.726370
vt 0.415372 0.789284
vt 0.414188 0.789099
vt 0.416256 0.789545
vt 0.559794 0.760136
vt 0.558578 0.760099
vt 0.380596 0.789877
vt 0.379803 0.789878
vt 0.381781 0.789692
vt 0.382664 0.789432
vt 0.596102 0.758510
vt 0.594886 0.758549
vt 0.413395 0.789098
vt 0.408298 0.981743
vt 0.407119 0.981462
vt 0.409173 0.982122
vt 0.559073 0.945819
vt 0.557858 0.945715
vt 0.387690 0.982505
vt 0.386898 0.982525
vt 0.388868 0.982223
vt 0.389743 0.981844
vt 0.597238 0.943888
vt 0.596024 0.943995
vt 0.406328 0.981441
vt 0.576681 0.003468
vt 0.577606 0.003837
vt 0.572855 0.022840
vt 0.571854 0.022740
vt 0.469223 0.003468
vt 0.470563 0.003969
vt 0.465638 0.023216
vt 0.464244 0.022931
vt 0.541111 0.003505
vt 0.542127 0.003468
vt 0.542452 0.023620
vt 0.541435 0.023692
vt 0.539698 0.003681
vt 0.540012 0.023694
vt 0.471902 0.003842
vt 0.472825 0.003468
vt 0.477786 0.022791
vt 0.476785 0.022896
vt 0.470563 0.004343
vt 0.475391 0.023183
vt 0.610603 0.003637
vt 0.611620 0.003670
vt 0.611436 0.023182
vt 0.610418 0.023115
vt 0.609190 0.003468
vt 0.608995 0.023120
vt 0.567963 0.055344
vt 0.566949 0.055328
vt 0.460567 0.055779
vt 0.459153 0.055621
vt 0.542096 0.056677
vt 0.541079 0.056847
vt 0.539626 0.056861
vt 0.482985 0.055564
vt 0.481901 0.055604
vt 0.480487 0.055763
vt 0.611953 0.056130
vt 0.610936 0.055965
vt 0.609513 0.055961
vt 0.565466 0.095735
vt 0.564450 0.095760
vt 0.457862 0.096197
vt 0.456439 0.096186
vt 0.543320 0.096562
vt 0.542311 0.096896
vt 0.540891 0.096995
vt 0.485671 0.096402
vt 0.484654 0.096383
vt 0.483231 0.096395
vt 0.610920 0.096091
vt 0.609910 0.095762
vt 0.608490 0.095670
vt 0.567885 0.138656
vt 0.566872 0.138777
vt 0.460066 0.139226
vt 0.458646 0.139318
vt 0.455443 0.096151
vt 0.457651 0.139332
vt 0.547370 0.137612
vt 0.545949 0.137679
vt 0.483492 0.139552
vt 0.482478 0.139437
vt 0.481058 0.139345
vt 0.482235 0.096432
vt 0.480063 0.139332
vt 0.605065 0.136233
vt 0.603644 0.136173
vt 0.570230 0.339009
vt 0.569369 0.339260
vt 0.461544 0.339719
vt 0.460314 0.339878
vt 0.459438 0.339856
vt 0.552312 0.330801
vt 0.551141 0.330736
vt 0.481861 0.339956
vt 0.480999 0.339710
vt 0.479769 0.339552
vt 0.478893 0.339575
vt 0.600781 0.329281
vt 0.599611 0.329352
vt 0.571039 0.728323
vt 0.570217 0.728597
vt 0.460412 0.729056
vt 0.459243 0.729227
vt 0.458413 0.729199
vt 0.550064 0.708286
vt 0.548952 0.708192
vt 0.483138 0.729268
vt 0.482314 0.728997
vt 0.481145 0.728827
vt 0.480315 0.728856
vt 0.604823 0.706740
vt 0.603711 0.706839
vt 0.577606 0.791167
vt 0.576746 0.791440
vt 0.464667 0.791926
vt 0.463437 0.792086
vt 0.462560 0.792044
vt 0.545085 0.756310
vt 0.543915 0.756216
vt 0.479293 0.792096
vt 0.478431 0.791828
vt 0.477201 0.791669
vt 0.476325 0.791713
vt 0.611953 0.754727
vt 0.610783 0.754827
vt 0.126899 0.740023
vt 0.127768 0.739780
vt 0.127768 0.932219
vt 0.126902 0.932558
vt 0.470563 0.984371
vt 0.469341 0.984650
vt 0.468469 0.984678
vt 0.540796 0.941667
vt 0.539626 0.941555
vt 0.473513 0.984711
vt 0.472657 0.984346
vt 0.471435 0.984068
vt 0.470563 0.984041
vt 0.178833 0.652202
vt 0.180005 0.652134
vt 0.180005 0.837254
vt 0.178833 0.837339
vt 0.454520 0.003968
vt 0.455443 0.004342
vt 0.450597 0.023321
vt 0.449596 0.023217
vt 0.453180 0.003468
vt 0.448202 0.022931
vt 0.528425 0.003505
vt 0.529440 0.003468
vt 0.529766 0.023620
vt 0.528749 0.023692
vt 0.527012 0.003681
vt 0.527326 0.023694
vt 0.499762 0.003841
vt 0.500685 0.003468
vt 0.505635 0.022794
vt 0.504634 0.022898
vt 0.485671 0.003970
vt 0.487010 0.003468
vt 0.491893 0.022522
vt 0.490498 0.022809
vt 0.525804 0.003642
vt 0.526820 0.003679
vt 0.526556 0.023191
vt 0.525539 0.023120
vt 0.524392 0.003468
vt 0.524116 0.023119
vt 0.445541 0.055800
vt 0.444527 0.055779
vt 0.443112 0.055622
vt 0.529410 0.056677
vt 0.528393 0.056847
vt 0.526939 0.056861
vt 0.510816 0.055570
vt 0.509732 0.055609
vt 0.497009 0.055231
vt 0.495594 0.055389
vt 0.526939 0.056141
vt 0.525923 0.055972
vt 0.524500 0.055962
vt 0.442841 0.096179
vt 0.441824 0.096198
vt 0.440401 0.096187
vt 0.530634 0.096562
vt 0.529624 0.096896
vt 0.528205 0.096995
vt 0.513479 0.096409
vt 0.512463 0.096390
vt 0.499762 0.096009
vt 0.498339 0.096022
vt 0.525743 0.096097
vt 0.524734 0.095764
vt 0.523314 0.095666
vt 0.445044 0.139110
vt 0.444030 0.139226
vt 0.442610 0.139318
vt 0.439405 0.096151
vt 0.441616 0.139333
vt 0.534684 0.137612
vt 0.533262 0.137679
vt 0.511277 0.139558
vt 0.510263 0.139442
vt 0.497586 0.139063
vt 0.496166 0.138972
vt 0.497343 0.096058
vt 0.495171 0.138958
vt 0.519723 0.136215
vt 0.518302 0.136149
vt 0.446381 0.339473
vt 0.445518 0.339719
vt 0.444289 0.339878
vt 0.443412 0.339856
vt 0.539626 0.330801
vt 0.538455 0.330736
vt 0.509536 0.339961
vt 0.508673 0.339715
vt 0.496107 0.339337
vt 0.494877 0.339179
vt 0.494001 0.339201
vt 0.514651 0.329244
vt 0.513480 0.329310
vt 0.445230 0.728785
vt 0.444406 0.729056
vt 0.443237 0.729227
vt 0.442407 0.729198
vt 0.537377 0.708285
vt 0.536265 0.708192
vt 0.510597 0.729274
vt 0.509774 0.729004
vt 0.497423 0.728625
vt 0.496253 0.728454
vt 0.495424 0.728484
vt 0.517150 0.706716
vt 0.516038 0.706810
vt 0.449544 0.791656
vt 0.448682 0.791925
vt 0.447453 0.792085
vt 0.446576 0.792042
vt 0.532398 0.756309
vt 0.531228 0.756215
vt 0.506505 0.792102
vt 0.505643 0.791833
vt 0.493539 0.791456
vt 0.492309 0.791297
vt 0.491432 0.791341
vt 0.522513 0.754729
vt 0.521342 0.754824
vt 0.455443 0.984004
vt 0.454588 0.984369
vt 0.453366 0.984648
vt 0.452494 0.984676
vt 0.528109 0.941666
vt 0.526939 0.941554
vt 0.500618 0.984714
vt 0.499762 0.984348
vt 0.487765 0.983975
vt 0.486543 0.983697
vt 0.485671 0.983670
vt 0.526939 0.939795
vt 0.525769 0.939908
vt 0.424206 0.003468
vt 0.428008 0.023019
vt 0.426601 0.023229
vt 0.422867 0.003949
vt 0.367174 0.714511
vt 0.367174 0.734615
vt 0.366161 0.734473
vt 0.366151 0.714591
vt 0.579001 0.003562
vt 0.582472 0.023400
vt 0.581065 0.023612
vt 0.577606 0.003807
vt 0.579997 0.003468
vt 0.583440 0.023134
vt 0.406328 0.003949
vt 0.402574 0.023309
vt 0.401167 0.023099
vt 0.404989 0.003468
vt 0.621436 0.003720
vt 0.618115 0.022898
vt 0.617093 0.022866
vt 0.620442 0.003468
vt 0.622831 0.003962
vt 0.619523 0.023107
vt 0.623827 0.004054
vt 0.620492 0.023370
vt 0.431471 0.055998
vt 0.430054 0.056123
vt 0.429011 0.022848
vt 0.432489 0.055956
vt 0.586539 0.056107
vt 0.585121 0.056222
vt 0.587580 0.055841
vt 0.399095 0.056439
vt 0.397647 0.056307
vt 0.403577 0.023480
vt 0.400112 0.056481
vt 0.615573 0.055523
vt 0.614154 0.055411
vt 0.429066 0.056258
vt 0.425613 0.023354
vt 0.434298 0.096340
vt 0.432877 0.096425
vt 0.435326 0.096443
vt 0.587805 0.096256
vt 0.586384 0.096208
vt 0.588776 0.096088
vt 0.396244 0.097142
vt 0.394823 0.097057
vt 0.397272 0.097038
vt 0.614413 0.095415
vt 0.612992 0.095467
vt 0.431897 0.096649
vt 0.436180 0.138185
vt 0.434757 0.138175
vt 0.926239 0.005570
vt 0.922846 0.047688
vt 0.921801 0.047389
vt 0.925191 0.005372
vt 0.582852 0.138269
vt 0.581434 0.138171
vt 0.392940 0.139019
vt 0.391959 0.138828
vt 0.393842 0.096833
vt 0.394363 0.139009
vt 0.618038 0.137238
vt 0.617006 0.137579
vt 0.611953 0.095707
vt 0.619456 0.137138
vt 0.433776 0.138366
vt 0.438522 0.337344
vt 0.437336 0.337181
vt 0.926239 0.242638
vt 0.925322 0.242303
vt 0.578822 0.333169
vt 0.577606 0.333113
vt 0.390537 0.337992
vt 0.389743 0.337963
vt 0.391722 0.337829
vt 0.622611 0.331916
vt 0.621708 0.332287
vt 0.623827 0.331857
vt 0.436543 0.337210
vt 0.438050 0.726565
vt 0.436919 0.726375
vt 0.439405 0.337604
vt 0.438893 0.726831
vt 0.582448 0.711311
vt 0.581297 0.711265
vt 0.391030 0.727165
vt 0.390273 0.727169
vt 0.392162 0.726974
vt 0.392606 0.337570
vt 0.393005 0.726708
vt 0.621095 0.709965
vt 0.619944 0.710014
vt 0.436162 0.726370
vt 0.431911 0.789285
vt 0.430726 0.789100
vt 0.432794 0.789545
vt 0.584402 0.760138
vt 0.583186 0.760101
vt 0.397180 0.789877
vt 0.396388 0.789878
vt 0.398365 0.789692
vt 0.399248 0.789431
vt 0.620316 0.758761
vt 0.619100 0.758800
vt 0.429934 0.789099
vt 0.424837 0.981744
vt 0.423658 0.981462
vt 0.425712 0.982123
vt 0.583731 0.945822
vt 0.582517 0.945718
vt 0.404274 0.982504
vt 0.403482 0.982524
vt 0.405453 0.982223
vt 0.406328 0.981844
vt 0.180048 0.466653
vt 0.180047 0.652035
vt 0.178832 0.652134
vt 0.178832 0.466685
vt 0.422867 0.981442
s 1
usemtl Rope
f 2532/5099/1858 2540/5100/1866 2547/5101/1873 2539/5102/1865
f 2533/5103/1859 2541/5104/1867 2540/5105/1866 2532/5106/1858
f 2534/5107/1860 2542/5108/1868 2541/5104/1867 2533/5103/1859
f 2535/5109/1861 2543/5110/1869 2542/5108/1868 2534/5107/1860
f 2536/5111/1862 2544/5112/1870 2543/5113/1869 2535/5114/1861
f 2537/5115/1863 2545/5116/1871 2544/5117/1870 2536/5118/1862
f 2538/5119/1864 2546/5120/1872 2545/5121/1871 2537/5122/1863
f 2539/5123/1865 2547/5124/1873 2546/5120/1872 2538/5119/1864
f 2540/5100/1866 2548/5125/1874 2555/5126/1881 2547/5101/1873
f 2541/5127/1867 2549/5128/1875 2548/5125/1874 2540/5100/1866
f 2542/5108/1868 2550/5129/1876 2549/5130/1875 2541/5104/1867
f 2543/5110/1869 2551/5131/1877 2550/5129/1876 2542/5108/1868
f 2544/5112/1870 2552/5132/1878 2551/5133/1877 2543/5113/1869
f 2545/5134/1871 2553/5135/1879 2552/5132/1878 2544/5112/1870
f 2546/5120/1872 2554/5136/1880 2553/5137/1879 2545/5121/1871
f 2547/5101/1873 2555/5126/1881 2554/5138/1880 2546/5139/1872
f 2548/5125/1874 2556/5140/1882 2563/5141/1889 2555/5126/1881
f 2549/5128/1875 2557/5142/1883 2556/5140/1882 2548/5125/1874
f 2550/5129/1876 2558/5143/1884 2557/5144/1883 2549/5130/1875
f 2551/5131/1877 2559/5145/1885 2558/5143/1884 2550/5129/1876
f 2552/5132/1878 2560/5146/1886 2559/5147/1885 2551/5133/1877
f 2553/5135/1879 2561/5148/1887 2560/5146/1886 2552/5132/1878
f 2554/5136/1880 2562/5149/1888 2561/5150/1887 2553/5137/1879
f 2555/5126/1881 2563/5141/1889 2562/5151/1888 2554/5138/1880
f 2556/5140/1882 2564/5152/1890 2571/5153/1897 2563/5141/1889
f 2557/5144/1883 2565/5154/1891 2564/5155/1890 2556/5156/1882
f 2558/5143/1884 2566/5157/1892 2565/5154/1891 2557/5144/1883
f 2559/5147/1885 2567/5158/1893 2566/5159/1892 2558/5160/1884
f 2560/5146/1886 2568/5161/1894 2567/5158/1893 2559/5147/1885
f 2561/5162/1887 2569/5163/1895 2568/5164/1894 2560/5165/1886
f 2562/5149/1888 2570/5166/1896 2569/5167/1895 2561/5150/1887
f 2563/5141/1889 2571/5153/1897 2570/5168/1896 2562/5151/1888
f 2564/5152/1890 2572/5169/1898 2579/5170/1905 2571/5153/1897
f 2565/5154/1891 2573/5171/1899 2572/5172/1898 2564/5155/1890
f 2566/5157/1892 2574/5173/1900 2573/5171/1899 2565/5154/1891
f 2567/5158/1893 2575/5174/1901 2574/5175/1900 2566/5159/1892
f 2568/5161/1894 2576/5176/1902 2575/5174/1901 2567/5158/1893
f 2569/5163/1895 2577/5177/1903 2576/5178/1902 2568/5164/1894
f 2570/5166/1896 2578/5179/1904 2577/5180/1903 2569/5167/1895
f 2571/5153/1897 2579/5170/1905 2578/5181/1904 2570/5168/1896
f 2572/5169/1898 2580/5182/1906 2587/5183/1913 2579/5170/1905
f 2573/5184/1899 2581/5185/1907 2580/5182/1906 2572/5169/1898
f 2574/5173/1900 2582/5186/1908 2581/5187/1907 2573/5171/1899
f 2575/5174/1901 2583/5188/1909 2582/5189/1908 2574/5175/1900
f 2576/5176/1902 2584/5190/1910 2583/5188/1909 2575/5174/1901
f 2577/5191/1903 2585/5192/1911 2584/5190/1910 2576/5176/1902
f 2578/5179/1904 2586/5193/1912 2585/5194/1911 2577/5180/1903
f 2579/5170/1905 2587/5183/1913 2586/5195/1912 2578/5181/1904
f 2580/5182/1906 2588/5196/1914 2595/5197/1921 2587/5183/1913
f 2581/5185/1907 2589/5198/1915 2588/5196/1914 2580/5182/1906
f 2582/5186/1908 2590/5199/1916 2589/5200/1915 2581/5187/1907
f 2583/5188/1909 2591/5201/1917 2590/5202/1916 2582/5189/1908
f 2584/5190/1910 2592/5203/1918 2591/5201/1917 2583/5188/1909
f 2585/5192/1911 2593/5204/1919 2592/5203/1918 2584/5190/1910
f 2586/5193/1912 2594/5205/1920 2593/5206/1919 2585/5194/1911
f 2587/5183/1913 2595/5197/1921 2594/5207/1920 2586/5195/1912
f 2588/5196/1914 2596/5208/1922 2603/5209/1929 2595/5197/1921
f 2589/5198/1915 2597/5210/1923 2596/5208/1922 2588/5196/1914
f 2590/5199/1916 2598/5211/1924 2597/5212/1923 2589/5200/1915
f 2591/5201/1917 2599/5213/1925 2598/5214/1924 2590/5202/1916
f 2592/5203/1918 2600/5215/1926 2599/5213/1925 2591/5201/1917
f 2593/5204/1919 2601/5216/1927 2600/5215/1926 2592/5203/1918
f 2594/5205/1920 2602/5217/1928 2601/5218/1927 2593/5206/1919
f 2595/5197/1921 2603/5209/1929 2602/5219/1928 2594/5207/1920
f 2604/5220/1930 2609/5221/1935 2617/5222/1943 2610/5223/1936
f 2533/5224/1859 2604/5225/1930 2610/5226/1936 2611/5227/1937
f 2605/5228/1931 2533/5229/1859 2611/5230/1937 2612/5231/1938
f 2606/5232/1932 2605/5228/1931 2612/5231/1938 2613/5233/1939
f 2607/5234/1933 2606/5235/1932 2613/5236/1939 2614/5237/1940
f 2537/5238/1863 2607/5234/1933 2614/5237/1940 2615/5239/1941
f 2608/5240/1934 2537/5241/1863 2615/5242/1941 2616/5243/1942
f 2609/5244/1935 2608/5240/1934 2616/5243/1942 2617/5245/1943
f 2610/5223/1936 2617/5222/1943 2624/5246/1950 2618/5247/1944
f 2611/5227/1937 2610/5226/1936 2618/5248/1944 2619/5249/1945
f 2612/5231/1938 2611/5230/1937 2619/5250/1945 2620/5251/1946
f 2613/5233/1939 2612/5231/1938 2620/5251/1946 2551/5252/1877
f 2614/5237/1940 2613/5236/1939 2551/5253/1877 2621/5254/1947
f 2615/5239/1941 2614/5237/1940 2621/5254/1947 2622/5255/1948
f 2616/5243/1942 2615/5242/1941 2622/5256/1948 2623/5257/1949
f 2617/5245/1943 2616/5243/1942 2623/5257/1949 2624/5258/1950
f 2618/5247/1944 2624/5246/1950 2632/5259/1958 2625/5260/1951
f 2619/5249/1945 2618/5248/1944 2625/5261/1951 2626/5262/1952
f 2620/5251/1946 2619/5250/1945 2626/5263/1952 2627/5264/1953
f 2551/5252/1877 2620/5251/1946 2627/5264/1953 2628/5265/1954
f 2621/5254/1947 2551/5253/1877 2628/5266/1954 2629/5267/1955
f 2622/5255/1948 2621/5254/1947 2629/5267/1955 2630/5268/1956
f 2623/5257/1949 2622/5256/1948 2630/5269/1956 2631/5270/1957
f 2624/5258/1950 2623/5257/1949 2631/5270/1957 2632/5271/1958
f 2625/5260/1951 2632/5259/1958 2640/5272/1966 2633/5273/1959
f 2626/5262/1952 2625/5261/1951 2633/5274/1959 2634/5275/1960
f 2627/5276/1953 2626/5262/1952 2634/5275/1960 2635/5277/1961
f 2628/5265/1954 2627/5264/1953 2635/5278/1961 2636/5279/1962
f 2629/5267/1955 2628/5266/1954 2636/5280/1962 2637/5281/1963
f 2630/5268/1956 2629/5267/1955 2637/5281/1963 2638/5282/1964
f 2631/5283/1957 2630/5268/1956 2638/5282/1964 2639/5284/1965
f 2632/5271/1958 2631/5270/1957 2639/5285/1965 2640/5286/1966
f 2633/5273/1959 2640/5272/1966 2648/5287/1974 2641/5288/1967
f 2634/5275/1960 2633/5274/1959 2641/5289/1967 2642/5290/1968
f 2635/5277/1961 2634/5275/1960 2642/5290/1968 2643/5291/1969
f 2636/5279/1962 2635/5278/1961 2643/5292/1969 2644/5293/1970
f 2637/5281/1963 2636/5280/1962 2644/5294/1970 2645/5295/1971
f 2638/5282/1964 2637/5281/1963 2645/5295/1971 2646/5296/1972
f 2639/5284/1965 2638/5282/1964 2646/5296/1972 2647/5297/1973
f 2640/5286/1966 2639/5285/1965 2647/5298/1973 2648/5299/1974
f 2641/5288/1967 2648/5287/1974 2656/5300/1982 2649/5301/1975
f 2642/5290/1968 2641/5289/1967 2649/5302/1975 2650/5303/1976
f 2643/5291/1969 2642/5290/1968 2650/5303/1976 2651/5304/1977
f 2644/5293/1970 2643/5292/1969 2651/5305/1977 2652/5306/1978
f 2645/5295/1971 2644/5294/1970 2652/5307/1978 2653/5308/1979
f 2646/5296/1972 2645/5295/1971 2653/5308/1979 2654/5309/1980
f 2647/5297/1973 2646/5296/1972 2654/5309/1980 2655/5310/1981
f 2648/5299/1974 2647/5298/1973 2655/5311/1981 2656/5312/1982
f 2649/5301/1975 2656/5300/1982 2664/5313/1990 2657/5314/1983
f 2650/5303/1976 2649/5302/1975 2657/5315/1983 2658/5316/1984
f 2651/5304/1977 2650/5303/1976 2658/5316/1984 2659/5317/1985
f 2652/5306/1978 2651/5305/1977 2659/5318/1985 2660/5319/1986
f 2653/5308/1979 2652/5307/1978 2660/5320/1986 2661/5321/1987
f 2654/5309/1980 2653/5308/1979 2661/5321/1987 2662/5322/1988
f 2655/5310/1981 2654/5309/1980 2662/5322/1988 2663/5323/1989
f 2656/5312/1982 2655/5311/1981 2663/5324/1989 2664/5325/1990
f 2657/5326/1983 2664/5327/1990 2672/5328/1998 2665/5329/1991
f 2658/5316/1984 2657/5315/1983 2665/5330/1991 2666/5331/1992
f 2659/5317/1985 2658/5316/1984 2666/5331/1992 2667/5332/1993
f 2660/5319/1986 2659/5318/1985 2667/5333/1993 2668/5334/1994
f 2661/5321/1987 2660/5320/1986 2668/5335/1994 2669/5336/1995
f 2662/5322/1988 2661/5321/1987 2669/5336/1995 2670/5337/1996
f 2663/5323/1989 2662/5322/1988 2670/5337/1996 2671/5338/1997
f 2664/5339/1990 2663/5340/1989 2671/5341/1997 2672/5342/1998
f 2673/5343/1999 2680/5344/2006 2688/5345/2014 2681/5346/2007
f 2674/5347/2000 2673/5343/1999 2681/5346/2007 2682/5348/2008
f 2675/5349/2001 2674/5350/2000 2682/5351/2008 2683/5352/2009
f 2676/5353/2002 2675/5349/2001 2683/5352/2009 2684/5354/2010
f 2677/5355/2003 2676/5356/2002 2684/5357/2010 2685/5358/2011
f 2678/5359/2004 2677/5360/2003 2685/5361/2011 2686/5362/2012
f 2679/5363/2005 2678/5364/2004 2686/5365/2012 2687/5366/2013
f 2680/5367/2006 2679/5363/2005 2687/5366/2013 2688/5368/2014
f 2681/5346/2007 2688/5345/2014 2696/5369/2022 2689/5370/2015
f 2682/5348/2008 2681/5346/2007 2689/5370/2015 2690/5371/2016
f 2683/5352/2009 2682/5351/2008 2690/5372/2016 2691/5373/2017
f 2684/5354/2010 2683/5352/2009 2691/5373/2017 2692/5374/2018
f 2685/5358/2011 2684/5357/2010 2692/5375/2018 2693/5376/2019
f 2686/5362/2012 2685/5361/2011 2693/5377/2019 2694/5378/2020
f 2687/5366/2013 2686/5365/2012 2694/5379/2020 2695/5380/2021
f 2688/5368/2014 2687/5366/2013 2695/5380/2021 2696/5381/2022
f 2689/5370/2015 2696/5369/2022 2704/5382/2030 2697/5383/2023
f 2690/5371/2016 2689/5370/2015 2697/5383/2023 2698/5384/2024
f 2691/5373/2017 2690/5372/2016 2698/5385/2024 2699/5386/2025
f 2692/5374/2018 2691/5373/2017 2699/5386/2025 2700/5387/2026
f 2693/5376/2019 2692/5375/2018 2700/5388/2026 2701/5389/2027
f 2694/5378/2020 2693/5377/2019 2701/5390/2027 2702/5391/2028
f 2695/5380/2021 2694/5379/2020 2702/5392/2028 2703/5393/2029
f 2696/5381/2022 2695/5380/2021 2703/5393/2029 2704/5394/2030
f 2697/5383/2023 2704/5382/2030 2712/5395/2038 2705/5396/2031
f 2698/5384/2024 2697/5383/2023 2705/5396/2031 2706/5397/2032
f 2699/5398/2025 2698/5384/2024 2706/5397/2032 2707/5399/2033
f 2700/5387/2026 2699/5386/2025 2707/5400/2033 2708/5401/2034
f 2701/5389/2027 2700/5388/2026 2708/5402/2034 2709/5403/2035
f 2702/5391/2028 2701/5390/2027 2709/5404/2035 2710/5405/2036
f 2703/5406/2029 2702/5391/2028 2710/5405/2036 2711/5407/2037
f 2704/5394/2030 2703/5393/2029 2711/5408/2037 2712/5409/2038
f 2705/5396/2031 2712/5395/2038 2720/5410/2046 2713/5411/2039
f 2706/5397/2032 2705/5396/2031 2713/5411/2039 2714/5412/2040
f 2707/5399/2033 2706/5397/2032 2714/5412/2040 2715/5413/2041
f 2708/5401/2034 2707/5400/2033 2715/5414/2041 2716/5415/2042
f 2709/5403/2035 2708/5402/2034 2716/5416/2042 2717/5417/2043
f 2710/5405/2036 2709/5404/2035 2717/5418/2043 2718/5419/2044
f 2711/5407/2037 2710/5405/2036 2718/5419/2044 2719/5420/2045
f 2712/5409/2038 2711/5408/2037 2719/5421/2045 2720/5422/2046
f 2713/5411/2039 2720/5410/2046 2728/5423/2054 2721/5424/2047
f 2714/5412/2040 2713/5411/2039 2721/5424/2047 2722/5425/2048
f 2715/5413/2041 2714/5412/2040 2722/5425/2048 2723/5426/2049
f 2716/5415/2042 2715/5414/2041 2723/5427/2049 2724/5428/2050
f 2717/5417/2043 2716/5416/2042 2724/5429/2050 2725/5430/2051
f 2718/5419/2044 2717/5418/2043 2725/5431/2051 2726/5432/2052
f 2719/5420/2045 2718/5419/2044 2726/5432/2052 2727/5433/2053
f 2720/5422/2046 2719/5421/2045 2727/5434/2053 2728/5435/2054
f 2721/5424/2047 2728/5423/2054 2736/5436/2062 2729/5437/2055
f 2722/5425/2048 2721/5424/2047 2729/5437/2055 2730/5438/2056
f 2723/5426/2049 2722/5425/2048 2730/5438/2056 2731/5439/2057
f 2724/5428/2050 2723/5427/2049 2731/5440/2057 2732/5441/2058
f 2725/5430/2051 2724/5429/2050 2732/5442/2058 2733/5443/2059
f 2726/5432/2052 2725/5431/2051 2733/5444/2059 2734/5445/2060
f 2727/5433/2053 2726/5432/2052 2734/5445/2060 2735/5446/2061
f 2728/5435/2054 2727/5434/2053 2735/5447/2061 2736/5448/2062
f 2729/5437/2055 2736/5436/2062 2744/5449/2070 2737/5450/2063
f 2730/5438/2056 2729/5437/2055 2737/5450/2063 2738/5451/2064
f 2731/5439/2057 2730/5438/2056 2738/5451/2064 2739/5452/2065
f 2732/5441/2058 2731/5440/2057 2739/5453/2065 2740/5454/2066
f 2733/5443/2059 2732/5442/2058 2740/5455/2066 2741/5456/2067
f 2734/5445/2060 2733/5444/2059 2741/5457/2067 2742/5458/2068
f 2735/5446/2061 2734/5445/2060 2742/5458/2068 2743/5459/2069
f 2736/5448/2062 2735/5447/2061 2743/5460/2069 2744/5461/2070
f 2745/5462/2071 2751/5463/2077 2758/5464/2084 2750/5465/2076
f 2674/5466/2000 2752/5467/2078 2751/5468/2077 2745/5469/2071
f 2746/5470/2072 2753/5471/2079 2752/5472/2078 2674/5473/2000
f 2747/5474/2073 2754/5475/2080 2753/5471/2079 2746/5470/2072
f 2748/5476/2074 2755/5477/2081 2754/5478/2080 2747/5479/2073
f 2678/5480/2004 2756/5481/2082 2755/5482/2081 2748/5483/2074
f 2749/5484/2075 2757/5485/2083 2756/5481/2082 2678/5480/2004
f 2750/5486/2076 2758/5487/2084 2757/5485/2083 2749/5484/2075
f 2751/5463/2077 2759/5488/2085 2765/5489/2091 2758/5464/2084
f 2752/5490/2078 2760/5491/2086 2759/5488/2085 2751/5463/2077
f 2753/5471/2079 2761/5492/2087 2760/5493/2086 2752/5472/2078
f 2754/5475/2080 2692/5494/2018 2761/5492/2087 2753/5471/2079
f 2755/5477/2081 2762/5495/2088 2692/5496/2018 2754/5478/2080
f 2756/5497/2082 2763/5498/2089 2762/5495/2088 2755/5477/2081
f 2757/5485/2083 2764/5499/2090 2763/5500/2089 2756/5481/2082
f 2758/5464/2084 2765/5489/2091 2764/5501/2090 2757/5502/2083
f 2759/5488/2085 2766/5503/2092 2773/5504/2099 2765/5489/2091
f 2760/5491/2086 2767/5505/2093 2766/5503/2092 2759/5488/2085
f 2761/5492/2087 2768/5506/2094 2767/5507/2093 2760/5493/2086
f 2692/5494/2018 2769/5508/2095 2768/5506/2094 2761/5492/2087
f 2762/5495/2088 2770/5509/2096 2769/5510/2095 2692/5496/2018
f 2763/5498/2089 2771/5511/2097 2770/5509/2096 2762/5495/2088
f 2764/5499/2090 2772/5512/2098 2771/5513/2097 2763/5500/2089
f 2765/5489/2091 2773/5504/2099 2772/5514/2098 2764/5501/2090
f 2766/5503/2092 2774/5515/2100 2781/5516/2107 2773/5504/2099
f 2767/5517/2093 2775/5518/2101 2774/5519/2100 2766/5520/2092
f 2768/5506/2094 2776/5521/2102 2775/5522/2101 2767/5507/2093
f 2769/5510/2095 2777/5523/2103 2776/5524/2102 2768/5525/2094
f 2770/5509/2096 2778/5526/2104 2777/5523/2103 2769/5510/2095
f 2771/5513/2097 2779/5527/2105 2778/5528/2104 2770/5529/2096
f 2772/5512/2098 2780/5530/2106 2779/5527/2105 2771/5513/2097
f 2773/5504/2099 2781/5516/2107 2780/5531/2106 2772/5514/2098
f 2774/5515/2100 2782/5532/2108 2789/5533/2115 2781/5516/2107
f 2775/5518/2101 2783/5534/2109 2782/5535/2108 2774/5519/2100
f 2776/5521/2102 2784/5536/2110 2783/5537/2109 2775/5522/2101
f 2777/5523/2103 2785/5538/2111 2784/5539/2110 2776/5524/2102
f 2778/5526/2104 2786/5540/2112 2785/5538/2111 2777/5523/2103
f 2779/5527/2105 2787/5541/2113 2786/5542/2112 2778/5528/2104
f 2780/5530/2106 2788/5543/2114 2787/5541/2113 2779/5527/2105
f 2781/5516/2107 2789/5533/2115 2788/5544/2114 2780/5531/2106
f 2782/5532/2108 2790/5545/2116 2797/5546/2123 2789/5533/2115
f 2783/5547/2109 2791/5548/2117 2790/5545/2116 2782/5532/2108
f 2784/5536/2110 2792/5549/2118 2791/5550/2117 2783/5537/2109
f 2785/5538/2111 2793/5551/2119 2792/5552/2118 2784/5539/2110
f 2786/5540/2112 2794/5553/2120 2793/5551/2119 2785/5538/2111
f 2787/5554/2113 2795/5555/2121 2794/5553/2120 2786/5540/2112
f 2788/5543/2114 2796/5556/2122 2795/5557/2121 2787/5541/2113
f 2789/5533/2115 2797/5546/2123 2796/5558/2122 2788/5544/2114
f 2790/5545/2116 2798/5559/2124 2805/5560/2131 2797/5546/2123
f 2791/5548/2117 2799/5561/2125 2798/5559/2124 2790/5545/2116
f 2792/5549/2118 2800/5562/2126 2799/5563/2125 2791/5550/2117
f 2793/5551/2119 2801/5564/2127 2800/5565/2126 2792/5552/2118
f 2794/5553/2120 2802/5566/2128 2801/5564/2127 2793/5551/2119
f 2795/5555/2121 2803/5567/2129 2802/5566/2128 2794/5553/2120
f 2796/5556/2122 2804/5568/2130 2803/5569/2129 2795/5557/2121
f 2797/5546/2123 2805/5560/2131 2804/5570/2130 2796/5558/2122
f 2798/5559/2124 2806/5571/2132 2813/5572/2139 2805/5560/2131
f 2799/5561/2125 2807/5573/2133 2806/5571/2132 2798/5559/2124
f 2800/5562/2126 2808/5574/2134 2807/5575/2133 2799/5563/2125
f 2801/5564/2127 2809/5576/2135 2808/5577/2134 2800/5565/2126
f 2802/5566/2128 2810/5578/2136 2809/5576/2135 2801/5564/2127
f 2803/5567/2129 2811/5579/2137 2810/5578/2136 2802/5566/2128
f 2804/5580/2130 2812/5581/2138 2811/5582/2137 2803/5583/2129
f 2805/5560/2131 2813/5572/2139 2812/5584/2138 2804/5570/2130
