# Blender 5.1.0
# www.blender.org
mtllib Building 1.mtl
o Building3b_T_B3base_gray_0
v 7.943715 12.424539 -4.513998
v 7.944303 12.424539 -4.510768
v 7.946192 12.424539 -4.513517
v 7.947586 12.424539 -4.511365
v 7.947040 12.424539 -4.508860
v 7.944891 12.424539 -4.507538
v 7.942414 12.424539 -4.508018
v 7.941020 12.424539 -4.510170
v 7.941566 12.424539 -4.512676
v 7.943715 12.424539 -4.513998
v 7.042770 9.996494 -4.122135
v 7.043358 9.996494 -4.118905
v 7.045186 9.996494 -4.121565
v 7.046566 9.996494 -4.119489
v 7.046020 9.996494 -4.116983
v 7.043960 9.996494 -4.115600
v 7.041469 9.996494 -4.116156
v 7.040075 9.996494 -4.118308
v 7.040635 9.996494 -4.120738
v 7.042770 9.996494 -4.122135
v 7.187794 5.734089 -4.527693
v 7.102378 4.856802 -4.997091
v 7.176585 4.546349 -4.589288
v 7.027925 4.066866 -5.477409
v 7.111468 4.139847 -4.947140
v 7.027925 3.333650 -5.477409
v 7.109172 3.333650 -4.959759
v 7.027925 0.659815 -5.477409
v 7.109172 0.659815 -4.959759
v 7.027925 0.033992 -5.477409
v 7.109172 0.033992 -4.959759
v 7.700417 5.734089 -4.620974
v 7.615001 4.856802 -5.090373
v 7.689209 4.546349 -4.682569
v 7.624091 4.139847 -5.040421
v 7.515406 4.066866 -5.566115
v 7.621795 3.333650 -5.053040
v 7.515406 3.333650 -5.566115
v 7.621795 0.659815 -5.053040
v 7.515406 0.659815 -5.566115
v 7.515406 0.033992 -5.566115
v 7.621795 0.033992 -5.053040
v 8.118049 4.546349 -4.760604
v 8.118049 4.066866 -4.760604
v 8.052931 4.139847 -5.118455
v 8.118049 3.333650 -4.760604
v 8.050634 3.333650 -5.131075
v 8.118049 0.033992 -4.760604
v 8.050634 0.033992 -5.131075
v 7.847556 0.033992 -5.463046
v 7.847556 3.333650 -5.463046
v 7.847556 3.694019 -5.463046
v 6.747746 4.546349 -4.511253
v 6.682629 4.139847 -4.869104
v 6.747746 4.066866 -4.511253
v 6.680332 3.333650 -4.881724
v 6.747746 3.333650 -4.511253
v 6.747746 0.033992 -4.511253
v 6.680332 0.033992 -4.881724
v 6.756209 3.333650 -5.264456
v 6.756209 0.033992 -5.264456
v 6.756209 3.694019 -5.264456
v 7.794662 5.734089 -4.103050
v 7.805488 4.546349 -4.043559
v 7.870605 4.931296 -3.685707
v 7.949577 4.066866 -3.180137
v 7.865917 4.139847 -3.711472
v 7.949577 3.333650 -3.180137
v 7.868213 3.333650 -3.698852
v 7.949577 0.627674 -3.180137
v 7.868213 0.627674 -3.698852
v 7.949577 0.033992 -3.180137
v 7.868213 0.033992 -3.698852
v 7.282039 5.734089 -4.009769
v 7.357982 4.931296 -3.592426
v 7.292865 4.546349 -3.950278
v 7.353294 4.139847 -3.618191
v 7.462096 4.066866 -3.091431
v 7.355590 3.333650 -3.605571
v 7.462096 3.333650 -3.091431
v 7.355590 0.627674 -3.605571
v 7.462096 0.627674 -3.091431
v 7.462096 0.033992 -3.091431
v 7.355590 0.033992 -3.605571
v 6.864108 4.546349 -3.871792
v 6.864176 4.068000 -3.871417
v 6.924455 4.139847 -3.540156
v 6.864176 3.333650 -3.871417
v 6.926751 3.333650 -3.527536
v 6.864176 0.033992 -3.871417
v 6.926751 0.033992 -3.527536
v 7.129754 0.033992 -3.195551
v 7.129754 3.333650 -3.195551
v 7.129754 3.694019 -3.195551
v 8.234409 4.546349 -4.121143
v 8.294757 4.139847 -3.789507
v 8.234478 4.068000 -4.120768
v 8.297053 3.333650 -3.776887
v 8.234478 3.333650 -4.120768
v 8.234478 0.033992 -4.120768
v 8.297053 0.033992 -3.776887
v 8.221102 3.333650 -3.394142
v 8.221102 0.033992 -3.394142
v 8.221102 3.694019 -3.394142
v 6.851027 9.110888 -3.943678
v 6.946035 9.110888 -3.996353
v 6.864026 9.110888 -3.872243
v 7.173055 9.110888 -4.033473
v 7.292865 9.110888 -3.950278
v 7.282039 9.110888 -4.009769
v 8.085388 11.470110 -4.426710
v 8.068262 11.470110 -4.520831
v 8.191723 11.470110 -4.355730
v 8.159943 11.470110 -4.530374
v 8.043972 11.470110 -4.654311
v 8.128177 11.470110 -4.704943
v 8.118049 11.470110 -4.760604
v 7.795979 11.470110 -4.609184
v 7.689209 11.470110 -4.682569
v 7.699337 11.470110 -4.626908
v 7.820269 11.470110 -4.475704
v 7.731103 11.470110 -4.452339
v 7.837396 11.470110 -4.381584
v 7.762882 11.470110 -4.277695
v 8.085388 11.470110 -4.426710
v 8.191723 11.470110 -4.355730
v 7.943182 11.648592 -4.516927
v 7.943182 11.785101 -4.516927
v 7.947837 11.648592 -4.515912
v 7.947837 11.785101 -4.515912
v 7.943715 11.803630 -4.513998
v 7.946192 11.803630 -4.513517
v 7.943715 12.424539 -4.513998
v 7.946192 12.424539 -4.513517
v 7.939183 11.648592 -4.514338
v 7.943182 11.648592 -4.516927
v 7.939183 11.785101 -4.514338
v 7.943182 11.785101 -4.516927
v 7.941566 11.803630 -4.512676
v 7.943715 11.803630 -4.513998
v 7.941566 12.424539 -4.512676
v 7.943715 12.424539 -4.513998
v 7.938110 11.648592 -4.509641
v 7.939183 11.648592 -4.514338
v 7.938110 11.785101 -4.509641
v 7.939183 11.785101 -4.514338
v 7.941020 11.803630 -4.510170
v 7.941566 11.803630 -4.512676
v 7.941020 12.424539 -4.510170
v 7.941566 12.424539 -4.512676
v 7.940768 11.648592 -4.505624
v 7.938110 11.648592 -4.509641
v 7.940768 11.785101 -4.505624
v 7.938110 11.785101 -4.509641
v 7.942414 11.803630 -4.508018
v 7.941020 11.803630 -4.510170
v 7.942414 12.424539 -4.508018
v 7.941020 12.424539 -4.510170
v 7.945424 11.648592 -4.504609
v 7.940768 11.648592 -4.505624
v 7.945424 11.785101 -4.504609
v 7.940768 11.785101 -4.505624
v 7.944891 11.803630 -4.507538
v 7.942414 11.803630 -4.508018
v 7.944891 12.424539 -4.507538
v 7.942414 12.424539 -4.508018
v 7.949423 11.648592 -4.507199
v 7.945424 11.648592 -4.504609
v 7.949423 11.785101 -4.507199
v 7.945424 11.785101 -4.504609
v 7.947040 11.803630 -4.508860
v 7.944891 11.803630 -4.507538
v 7.947040 12.424539 -4.508860
v 7.944891 12.424539 -4.507538
v 7.950421 11.648592 -4.511881
v 7.949423 11.648592 -4.507199
v 7.950421 11.785101 -4.511881
v 7.949423 11.785101 -4.507199
v 7.947586 11.803630 -4.511365
v 7.947040 11.803630 -4.508860
v 7.947586 12.424539 -4.511365
v 7.947040 12.424539 -4.508860
v 7.947837 11.648592 -4.515912
v 7.950421 11.648592 -4.511881
v 7.947837 11.785101 -4.515912
v 7.950421 11.785101 -4.511881
v 7.946192 11.803630 -4.513517
v 7.947586 11.803630 -4.511365
v 7.946192 12.424539 -4.513517
v 7.947586 12.424539 -4.511365
v 7.042251 9.272354 -4.124989
v 7.046906 9.272354 -4.123974
v 7.042251 9.408864 -4.124989
v 7.046906 9.408864 -4.123974
v 7.042770 9.427392 -4.122135
v 7.045186 9.427392 -4.121565
v 7.042770 9.996494 -4.122135
v 7.045186 9.996494 -4.121565
v 7.038177 9.272354 -4.122386
v 7.042251 9.272354 -4.124989
v 7.038177 9.408864 -4.122386
v 7.042251 9.408864 -4.124989
v 7.040635 9.427392 -4.120738
v 7.042770 9.427392 -4.122135
v 7.040635 9.996494 -4.120738
v 7.042770 9.996494 -4.122135
v 7.037166 9.272354 -4.117778
v 7.038177 9.272354 -4.122386
v 7.037166 9.408864 -4.117778
v 7.038177 9.408864 -4.122386
v 7.040075 9.427392 -4.118308
v 7.040635 9.427392 -4.120738
v 7.040075 9.996494 -4.118308
v 7.040635 9.996494 -4.120738
v 7.039749 9.272354 -4.113747
v 7.037166 9.272354 -4.117778
v 7.039749 9.408864 -4.113747
v 7.037166 9.408864 -4.117778
v 7.041469 9.427392 -4.116156
v 7.040075 9.427392 -4.118308
v 7.041469 9.996494 -4.116156
v 7.040075 9.996494 -4.118308
v 7.044479 9.272354 -4.112745
v 7.039749 9.272354 -4.113747
v 7.044479 9.408864 -4.112745
v 7.039749 9.408864 -4.113747
v 7.043960 9.427392 -4.115600
v 7.041469 9.427392 -4.116156
v 7.043960 9.996494 -4.115600
v 7.041469 9.996494 -4.116156
v 7.048478 9.272354 -4.115335
v 7.044479 9.272354 -4.112745
v 7.048478 9.408864 -4.115335
v 7.044479 9.408864 -4.112745
v 7.046020 9.427392 -4.116983
v 7.043960 9.427392 -4.115600
v 7.046020 9.996494 -4.116983
v 7.043960 9.996494 -4.115600
v 7.049476 9.272354 -4.120018
v 7.048478 9.272354 -4.115335
v 7.049476 9.408864 -4.120018
v 7.048478 9.408864 -4.115335
v 7.046566 9.427392 -4.119489
v 7.046020 9.427392 -4.116983
v 7.046566 9.996494 -4.119489
v 7.046020 9.996494 -4.116983
v 7.046906 9.272354 -4.123974
v 7.049476 9.272354 -4.120018
v 7.046906 9.408864 -4.123974
v 7.049476 9.408864 -4.120018
v 7.045186 9.427392 -4.121565
v 7.046566 9.427392 -4.119489
v 7.045186 9.996494 -4.121565
v 7.046566 9.996494 -4.119489
v 7.551741 0.033992 -5.409217
v 7.847556 0.033992 -5.463046
v 7.551741 3.333650 -5.409217
v 7.847556 3.333650 -5.463046
v 7.551741 3.694019 -5.409217
v 7.847556 3.694019 -5.463046
v 6.756209 0.033992 -5.264456
v 7.047548 0.033992 -5.317471
v 6.756209 3.333650 -5.264456
v 7.047548 3.333650 -5.317471
v 6.756209 3.694019 -5.264456
v 7.047548 3.694019 -5.317471
v 7.700417 5.734089 -4.620974
v 7.187794 5.734089 -4.527693
v 7.615001 4.856802 -5.090373
v 7.102378 4.856802 -4.997091
v 7.515406 4.066866 -5.566115
v 7.027925 4.066866 -5.477409
v 7.515406 3.333650 -5.566115
v 7.027925 3.333650 -5.477409
v 7.515406 0.659815 -5.566115
v 7.027925 0.659815 -5.477409
v 7.456391 0.564524 -5.555377
v 7.087013 0.564524 -5.488162
v 7.027925 0.033992 -5.477409
v 7.087013 0.033992 -5.488162
v 7.456391 0.033992 -5.555377
v 7.515406 0.033992 -5.566115
v 8.118049 4.546349 -4.760604
v 8.052931 4.139847 -5.118455
v 7.689209 4.546349 -4.682569
v 7.624091 4.139847 -5.040421
v 7.176585 4.546349 -4.589288
v 7.111468 4.139847 -4.947140
v 6.747746 4.546349 -4.511253
v 6.682629 4.139847 -4.869104
v 8.052931 4.139847 -5.118455
v 7.847556 3.694019 -5.463046
v 7.624091 4.139847 -5.040421
v 7.551741 3.694019 -5.409217
v 7.111468 4.139847 -4.947140
v 7.047548 3.694019 -5.317471
v 6.682629 4.139847 -4.869104
v 6.756209 3.694019 -5.264456
v 7.173055 9.283699 -4.033473
v 7.150652 9.283699 -4.156588
v 6.946035 9.283699 -3.996353
v 6.924370 9.283699 -4.115412
v 7.135015 9.283699 -4.242520
v 6.908733 9.283699 -4.201344
v 8.128177 0.033992 -4.704943
v 8.159943 0.033992 -4.530374
v 8.128177 3.333650 -4.704943
v 8.159943 3.333650 -4.530374
v 8.128177 4.066866 -4.704943
v 8.159943 4.066866 -4.530374
v 8.128177 4.546349 -4.704943
v 8.159943 4.546349 -4.530374
v 8.128177 5.594934 -4.704943
v 8.191723 0.033992 -4.355730
v 8.191723 3.333650 -4.355730
v 8.221329 0.033992 -4.193029
v 8.221329 3.333650 -4.193029
v 8.234478 3.333650 -4.120768
v 8.234478 4.068000 -4.120768
v 8.221329 4.068000 -4.193029
v 8.234409 4.546349 -4.121143
v 8.221329 4.546349 -4.193029
v 8.191723 4.546349 -4.355730
v 8.191723 4.066866 -4.355730
v 8.234478 0.033992 -4.120768
v 8.128177 6.285797 -4.704943
v 8.159943 6.285797 -4.530374
v 8.159943 5.594934 -4.530374
v 8.191723 5.594934 -4.355730
v 8.221329 5.594934 -4.193029
v 8.191723 6.285797 -4.355730
v 8.221329 6.285797 -4.193029
v 6.851027 0.033992 -3.943678
v 6.821420 0.033992 -4.106379
v 6.851027 3.333650 -3.943678
v 6.821420 3.333650 -4.106379
v 6.851027 4.068000 -3.943678
v 6.789640 0.033992 -4.281023
v 6.789640 3.333650 -4.281023
v 6.757874 0.033992 -4.455592
v 6.757874 3.333650 -4.455592
v 6.789640 4.066866 -4.281023
v 6.757874 4.066866 -4.455592
v 6.821420 4.066866 -4.106379
v 6.851027 4.546349 -3.943678
v 6.821420 4.546349 -4.106379
v 6.851027 5.594934 -3.943678
v 6.821420 5.594934 -4.106379
v 6.851027 6.285797 -3.943678
v 6.821420 6.285797 -4.106379
v 6.851027 8.095580 -3.943678
v 6.821420 8.095580 -4.106379
v 6.851027 9.110888 -3.943678
v 6.821420 9.110888 -4.106379
v 6.787372 8.051337 -4.293492
v 6.789640 9.110888 -4.281023
v 6.759324 7.236822 -4.447630
v 6.757874 6.285797 -4.455592
v 6.789640 6.285797 -4.281023
v 6.789640 5.594934 -4.281023
v 6.789640 4.546349 -4.281023
v 6.757874 4.546349 -4.455592
v 6.757874 5.594934 -4.455592
v 8.221684 9.425879 -4.191076
v 7.792844 9.425879 -4.113041
v 8.194648 10.210900 -4.339655
v 7.765808 10.210900 -4.261620
v 8.191723 11.470110 -4.355730
v 7.762882 11.470110 -4.277695
v 7.794662 6.285797 -4.103050
v 7.282039 6.285797 -4.009769
v 7.762882 6.285797 -4.277695
v 7.250259 6.285797 -4.184414
v 7.731103 6.285797 -4.452339
v 7.218480 6.285797 -4.359058
v 7.699337 6.285797 -4.626908
v 7.186714 6.285797 -4.533627
v 7.795979 11.656911 -4.609184
v 8.043972 11.656911 -4.654311
v 7.820269 11.656911 -4.475704
v 8.068262 11.656911 -4.520831
v 7.837396 11.656911 -4.381584
v 8.085388 11.656911 -4.426710
v 6.759324 7.236822 -4.447630
v 7.188163 7.236822 -4.525665
v 6.787372 8.051337 -4.293492
v 7.223373 8.051337 -4.332167
v 6.789640 9.110888 -4.281023
v 7.218480 9.110888 -4.359058
v 7.292865 4.546349 -3.950278
v 6.864108 4.546349 -3.871792
v 7.292865 5.594934 -3.950278
v 6.864026 5.594934 -3.872243
v 7.292865 6.285797 -3.950278
v 6.864026 6.285797 -3.872243
v 7.292865 8.095580 -3.950278
v 6.864026 8.095580 -3.872243
v 7.292865 9.110888 -3.950278
v 6.864026 9.110888 -3.872243
v 7.282039 9.110888 -4.009769
v 7.250259 9.110888 -4.184414
v 7.282039 8.095580 -4.009769
v 7.257436 8.095580 -4.144978
v 7.282039 6.285797 -4.009769
v 7.250259 6.285797 -4.184414
v 7.223373 8.051337 -4.332167
v 7.218480 6.285797 -4.359058
v 7.188163 7.236822 -4.525665
v 7.186714 6.285797 -4.533627
v 7.218480 9.110888 -4.359058
v 7.180427 7.012206 -4.568180
v 7.176585 6.285797 -4.589288
v 6.751587 7.012206 -4.490145
v 6.747746 6.285797 -4.511253
v 7.176585 5.594934 -4.589288
v 6.747746 5.594934 -4.511253
v 7.176585 4.546349 -4.589288
v 6.747746 4.546349 -4.511253
v 8.234327 6.285797 -4.121594
v 7.805488 6.285797 -4.043559
v 8.231171 9.150594 -4.138946
v 7.802330 9.150594 -4.060910
v 8.221684 9.425879 -4.191076
v 8.194648 10.210900 -4.339655
v 8.221329 6.285797 -4.193029
v 8.191723 6.285797 -4.355730
v 8.159943 10.233211 -4.530374
v 8.159943 6.285797 -4.530374
v 8.128177 10.233211 -4.704943
v 8.128177 6.285797 -4.704943
v 8.128177 11.470110 -4.704943
v 8.159943 11.470110 -4.530374
v 8.191723 11.470110 -4.355730
v 7.794662 6.285797 -4.103050
v 7.792844 9.425879 -4.113041
v 7.762882 6.285797 -4.277695
v 7.765808 10.210900 -4.261620
v 7.731103 6.285797 -4.452339
v 7.731103 10.233211 -4.452339
v 7.699337 6.285797 -4.626908
v 7.699337 10.233211 -4.626908
v 7.731103 11.470110 -4.452339
v 7.699337 11.470110 -4.626908
v 7.762882 11.470110 -4.277695
v 7.689209 6.285797 -4.682569
v 8.118049 6.285797 -4.760604
v 7.689209 10.233211 -4.682569
v 8.118049 10.233211 -4.760604
v 7.689209 11.470110 -4.682569
v 8.118049 11.470110 -4.760604
v 7.282039 8.095580 -4.009769
v 7.282039 6.285797 -4.009769
v 7.292865 8.095580 -3.950278
v 7.292865 6.285797 -3.950278
v 6.851027 6.285797 -3.943678
v 6.851027 8.095580 -3.943678
v 6.864026 6.285797 -3.872243
v 6.864026 8.095580 -3.872243
v 7.282039 9.110888 -4.009769
v 7.282039 8.095580 -4.009769
v 7.292865 9.110888 -3.950278
v 7.292865 8.095580 -3.950278
v 6.851027 8.095580 -3.943678
v 6.851027 9.110888 -3.943678
v 6.864026 8.095580 -3.872243
v 6.864026 9.110888 -3.872243
v 6.747746 0.033992 -4.511253
v 6.747746 3.333650 -4.511253
v 6.757874 0.033992 -4.455592
v 6.757874 3.333650 -4.455592
v 6.757874 4.066866 -4.455592
v 6.747746 4.066866 -4.511253
v 6.757874 4.546349 -4.455592
v 6.747746 4.546349 -4.511253
v 6.757874 5.594934 -4.455592
v 6.747746 5.594934 -4.511253
v 6.757874 6.285797 -4.455592
v 6.747746 6.285797 -4.511253
v 6.759324 7.236822 -4.447630
v 6.757874 6.285797 -4.455592
v 6.751587 7.012206 -4.490145
v 6.747746 6.285797 -4.511253
v 7.188163 7.236822 -4.525665
v 6.759324 7.236822 -4.447630
v 7.180427 7.012206 -4.568180
v 6.751587 7.012206 -4.490145
v 7.186714 6.285797 -4.533627
v 7.188163 7.236822 -4.525665
v 7.176585 6.285797 -4.589288
v 7.180427 7.012206 -4.568180
v 8.118049 0.033992 -4.760604
v 8.128177 0.033992 -4.704943
v 8.118049 3.333650 -4.760604
v 8.128177 3.333650 -4.704943
v 8.118049 4.066866 -4.760604
v 8.128177 4.066866 -4.704943
v 8.118049 4.546349 -4.760604
v 8.128177 4.546349 -4.704943
v 8.118049 5.594934 -4.760604
v 8.128177 5.594934 -4.704943
v 8.128177 6.285797 -4.704943
v 8.118049 6.285797 -4.760604
v 7.699337 10.233211 -4.626908
v 7.689209 10.233211 -4.682569
v 7.699337 6.285797 -4.626908
v 7.689209 6.285797 -4.682569
v 8.128177 6.285797 -4.704943
v 8.118049 6.285797 -4.760604
v 8.128177 10.233211 -4.704943
v 8.118049 10.233211 -4.760604
v 7.699337 11.470110 -4.626908
v 7.689209 11.470110 -4.682569
v 7.699337 10.233211 -4.626908
v 7.689209 10.233211 -4.682569
v 8.128177 10.233211 -4.704943
v 8.118049 10.233211 -4.760604
v 8.128177 11.470110 -4.704943
v 8.118049 11.470110 -4.760604
v 8.221684 9.425879 -4.191076
v 8.231171 9.150594 -4.138946
v 8.221329 6.285797 -4.193029
v 8.234327 6.285797 -4.121594
v 7.792844 9.425879 -4.113041
v 7.802330 9.150594 -4.060910
v 8.221684 9.425879 -4.191076
v 8.231171 9.150594 -4.138946
v 7.794662 6.285797 -4.103050
v 7.805488 6.285797 -4.043559
v 7.792844 9.425879 -4.113041
v 7.802330 9.150594 -4.060910
v 7.176585 6.285797 -4.589288
v 7.186714 6.285797 -4.533627
v 7.176585 5.594934 -4.589288
v 7.187643 5.878539 -4.528519
v 7.186714 4.546349 -4.533627
v 7.176585 4.546349 -4.589288
v 7.689209 6.285797 -4.682569
v 7.699337 6.285797 -4.626908
v 7.689209 5.594934 -4.682569
v 7.700266 5.878539 -4.621800
v 7.689209 4.546349 -4.682569
v 7.699337 4.546349 -4.626908
v 8.118049 6.285797 -4.760604
v 7.689209 6.285797 -4.682569
v 8.118049 5.594934 -4.760604
v 7.689209 5.594934 -4.682569
v 8.118049 4.546349 -4.760604
v 7.689209 4.546349 -4.682569
v 8.234327 6.285797 -4.121594
v 8.221329 6.285797 -4.193029
v 8.234327 5.594934 -4.121594
v 8.221329 5.594934 -4.193029
v 8.234409 4.546349 -4.121143
v 8.221329 4.546349 -4.193029
v 8.234327 6.285797 -4.121594
v 8.234327 5.594934 -4.121594
v 7.805488 6.285797 -4.043559
v 7.805488 5.594934 -4.043559
v 7.805488 4.546349 -4.043559
v 8.234409 4.546349 -4.121143
v 7.282039 5.734089 -4.009769
v 7.282039 6.285797 -4.009769
v 7.794662 5.734089 -4.103050
v 7.794662 6.285797 -4.103050
v 6.864026 6.285797 -3.872243
v 6.864026 5.594934 -3.872243
v 6.851027 6.285797 -3.943678
v 6.851027 5.594934 -3.943678
v 6.851027 4.546349 -3.943678
v 6.864108 4.546349 -3.871792
v 7.794662 6.285797 -4.103050
v 7.805488 6.285797 -4.043559
v 7.794662 5.734089 -4.103050
v 7.805488 5.594934 -4.043559
v 7.292865 6.285797 -3.950278
v 7.282039 6.285797 -4.009769
v 7.292865 5.594934 -3.950278
v 7.282039 5.734089 -4.009769
v 6.851027 0.033992 -3.943678
v 6.851027 3.333650 -3.943678
v 6.864176 0.033992 -3.871417
v 6.864176 3.333650 -3.871417
v 6.851027 4.068000 -3.943678
v 6.864176 4.068000 -3.871417
v 6.851027 4.546349 -3.943678
v 6.864108 4.546349 -3.871792
v 7.425644 0.033992 -3.249394
v 7.425644 3.333650 -3.249394
v 7.129754 0.033992 -3.195551
v 7.129754 3.333650 -3.195551
v 7.425644 3.694019 -3.249394
v 7.129754 3.694019 -3.195551
v 8.221102 0.033992 -3.394142
v 7.929837 0.033992 -3.341141
v 8.221102 3.333650 -3.394142
v 7.929837 3.333650 -3.341141
v 8.221102 3.694019 -3.394142
v 7.929837 3.694019 -3.341141
v 7.282039 5.734089 -4.009769
v 7.794662 5.734089 -4.103050
v 7.357982 4.931296 -3.592426
v 7.870605 4.931296 -3.685707
v 7.462096 4.066866 -3.091431
v 7.949577 4.066866 -3.180137
v 7.462096 3.333650 -3.091431
v 7.949577 3.333650 -3.180137
v 7.462096 0.627674 -3.091431
v 7.949577 0.627674 -3.180137
v 7.521185 0.567549 -3.102183
v 7.890563 0.567549 -3.169398
v 7.949577 0.033992 -3.180137
v 7.890563 0.033992 -3.169398
v 7.521185 0.033992 -3.102183
v 7.462096 0.033992 -3.091431
v 6.864108 4.546349 -3.871792
v 6.924455 4.139847 -3.540156
v 7.292865 4.546349 -3.950278
v 7.353294 4.139847 -3.618191
v 7.805488 4.546349 -4.043559
v 7.865917 4.139847 -3.711472
v 8.234409 4.546349 -4.121143
v 8.294757 4.139847 -3.789507
v 6.924455 4.139847 -3.540156
v 7.129754 3.694019 -3.195551
v 7.353294 4.139847 -3.618191
v 7.425644 3.694019 -3.249394
v 7.865917 4.139847 -3.711472
v 7.929837 3.694019 -3.341141
v 8.294757 4.139847 -3.789507
v 8.221102 3.694019 -3.394142
v 7.456391 0.564524 -5.555377
v 7.468652 0.564524 -5.487998
v 7.087013 0.564524 -5.488162
v 7.099274 0.564524 -5.420783
v 7.456391 0.033992 -5.555377
v 7.468652 0.033992 -5.487998
v 7.456391 0.564524 -5.555377
v 7.468652 0.564524 -5.487998
v 7.087013 0.564524 -5.488162
v 7.099274 0.564524 -5.420783
v 7.087013 0.033992 -5.488162
v 7.099274 0.033992 -5.420783
v 7.521185 0.567549 -3.102183
v 7.508910 0.567549 -3.169637
v 7.890563 0.567549 -3.169398
v 7.878288 0.567549 -3.236852
v 7.521185 0.033992 -3.102183
v 7.508910 0.033992 -3.169637
v 7.521185 0.567549 -3.102183
v 7.508910 0.567549 -3.169637
v 7.890563 0.567549 -3.169398
v 7.878288 0.567549 -3.236852
v 7.890563 0.033992 -3.169398
v 7.878288 0.033992 -3.236852
v 7.508910 0.033992 -3.169637
v 7.878288 0.033992 -3.236852
v 7.508910 0.567549 -3.169637
v 7.878288 0.567549 -3.236852
v 7.468652 0.033992 -5.487998
v 7.099274 0.033992 -5.420783
v 7.468652 0.564524 -5.487998
v 7.099274 0.564524 -5.420783
v 7.173055 9.110888 -4.033473
v 7.282039 9.110888 -4.009769
v 7.150652 9.110888 -4.156588
v 7.250259 9.110888 -4.184414
v 7.135015 9.110888 -4.242520
v 7.218480 9.110888 -4.359058
v 6.908733 9.110888 -4.201344
v 6.789640 9.110888 -4.281023
v 6.924370 9.110888 -4.115412
v 6.821420 9.110888 -4.106379
v 6.946035 9.110888 -3.996353
v 6.851027 9.110888 -3.943678
v 7.173055 9.283699 -4.033473
v 7.173055 9.110888 -4.033473
v 7.150652 9.283699 -4.156588
v 7.150652 9.110888 -4.156588
v 7.135015 9.283699 -4.242520
v 7.135015 9.110888 -4.242520
v 6.946035 9.110888 -3.996353
v 6.946035 9.283699 -3.996353
v 6.924370 9.110888 -4.115412
v 6.924370 9.283699 -4.115412
v 6.908733 9.110888 -4.201344
v 6.908733 9.283699 -4.201344
v 6.908733 9.110888 -4.201344
v 6.908733 9.283699 -4.201344
v 7.135015 9.110888 -4.242520
v 7.135015 9.283699 -4.242520
v 7.173055 9.110888 -4.033473
v 7.173055 9.283699 -4.033473
v 6.946035 9.110888 -3.996353
v 6.946035 9.283699 -3.996353
v 7.837396 11.470110 -4.381584
v 7.837396 11.656911 -4.381584
v 7.820269 11.470110 -4.475704
v 7.820269 11.656911 -4.475704
v 7.795979 11.470110 -4.609184
v 7.795979 11.656911 -4.609184
v 8.043972 11.470110 -4.654311
v 8.043972 11.656911 -4.654311
v 8.068262 11.470110 -4.520831
v 8.068262 11.656911 -4.520831
v 8.085388 11.470110 -4.426710
v 8.085388 11.656911 -4.426710
v 8.085388 11.470110 -4.426710
v 8.085388 11.656911 -4.426710
v 7.837396 11.470110 -4.381584
v 7.837396 11.656911 -4.381584
v 8.648220 3.365793 -4.859950
v 7.974296 3.365793 -4.896170
v 8.648220 3.425539 -4.859950
v 7.974296 3.425539 -4.896170
v 8.648220 3.425539 -4.859950
v 8.758909 3.425539 -4.251662
v 8.648220 3.365793 -4.859950
v 8.758909 3.365793 -4.251662
v 8.758909 3.425539 -4.251662
v 8.140930 3.425539 -3.980433
v 8.758909 3.365793 -4.251662
v 8.140930 3.365793 -3.980433
v 8.648220 3.067817 -4.859950
v 7.974296 3.067817 -4.896170
v 8.648220 3.127186 -4.859950
v 7.974296 3.127186 -4.896170
v 8.648220 3.127186 -4.859950
v 8.758909 3.127186 -4.251662
v 8.648220 3.067817 -4.859950
v 8.758909 3.067817 -4.251662
v 8.758909 3.127186 -4.251662
v 8.140930 3.127186 -3.980433
v 8.758909 3.067817 -4.251662
v 8.140930 3.067817 -3.980433
v 8.078070 3.365793 -4.815955
v 7.974296 3.365793 -4.896170
v 8.573492 3.365793 -4.780544
v 8.648220 3.365793 -4.859950
v 8.660998 3.365793 -4.299653
v 8.758909 3.365793 -4.251662
v 8.209808 3.365793 -4.091989
v 8.140930 3.365793 -3.980433
v 7.974296 3.425539 -4.896170
v 8.078070 3.425539 -4.815955
v 8.648220 3.425539 -4.859950
v 8.573492 3.425539 -4.780544
v 8.758909 3.425539 -4.251662
v 8.660998 3.425539 -4.299653
v 8.140930 3.425539 -3.980433
v 8.209808 3.425539 -4.091989
v 8.078070 3.067817 -4.815955
v 7.974296 3.067817 -4.896170
v 8.573492 3.067817 -4.780544
v 8.648220 3.067817 -4.859950
v 8.660998 3.067817 -4.299653
v 8.758909 3.067817 -4.251662
v 8.209808 3.067817 -4.091989
v 8.140930 3.067817 -3.980433
v 7.974296 3.127186 -4.896170
v 8.078070 3.127186 -4.815955
v 8.648220 3.127186 -4.859950
v 8.573492 3.127186 -4.780544
v 8.758909 3.127186 -4.251662
v 8.660998 3.127186 -4.299653
v 8.140930 3.127186 -3.980433
v 8.209808 3.127186 -4.091989
v 8.648220 2.772867 -4.859950
v 7.974296 2.772867 -4.896170
v 8.648220 2.832236 -4.859950
v 7.974296 2.832236 -4.896170
v 8.648220 2.832236 -4.859950
v 8.758909 2.832236 -4.251662
v 8.648220 2.772867 -4.859950
v 8.758909 2.772867 -4.251662
v 8.758909 2.832236 -4.251662
v 8.140930 2.832236 -3.980433
v 8.758909 2.772867 -4.251662
v 8.140930 2.772867 -3.980433
v 8.648220 2.474514 -4.859950
v 7.974296 2.474514 -4.896170
v 8.648220 2.534261 -4.859950
v 7.974296 2.534261 -4.896170
v 8.648220 2.534261 -4.859950
v 8.758909 2.534261 -4.251662
v 8.648220 2.474514 -4.859950
v 8.758909 2.474514 -4.251662
v 8.758909 2.534261 -4.251662
v 8.140930 2.534261 -3.980433
v 8.758909 2.474514 -4.251662
v 8.140930 2.474514 -3.980433
v 8.648220 2.176161 -4.859950
v 7.974296 2.176161 -4.896170
v 8.648220 2.235907 -4.859950
v 7.974296 2.235907 -4.896170
v 8.648220 2.235907 -4.859950
v 8.758909 2.235907 -4.251662
v 8.648220 2.176161 -4.859950
v 8.758909 2.176161 -4.251662
v 8.758909 2.235907 -4.251662
v 8.140930 2.235907 -3.980433
v 8.758909 2.176161 -4.251662
v 8.140930 2.176161 -3.980433
v 8.648220 1.877808 -4.859950
v 7.974296 1.877808 -4.896170
v 8.648220 1.937554 -4.859950
v 7.974296 1.937554 -4.896170
v 8.648220 1.937554 -4.859950
v 8.758909 1.937554 -4.251662
v 8.648220 1.877808 -4.859950
v 8.758909 1.877808 -4.251662
v 8.758909 1.937554 -4.251662
v 8.140930 1.937554 -3.980433
v 8.758909 1.877808 -4.251662
v 8.140930 1.877808 -3.980433
v 8.648220 1.579833 -4.859950
v 7.974296 1.579833 -4.896170
v 8.648220 1.639201 -4.859950
v 7.974296 1.639201 -4.896170
v 8.648220 1.639201 -4.859950
v 8.758909 1.639201 -4.251662
v 8.648220 1.579833 -4.859950
v 8.758909 1.579833 -4.251662
v 8.758909 1.639201 -4.251662
v 8.140930 1.639201 -3.980433
v 8.758909 1.579833 -4.251662
v 8.140930 1.579833 -3.980433
v 8.648220 1.281479 -4.859950
v 7.974296 1.281479 -4.896170
v 8.648220 1.341226 -4.859950
v 7.974296 1.341226 -4.896170
v 8.648220 1.341226 -4.859950
v 8.758909 1.341226 -4.251662
v 8.648220 1.281479 -4.859950
v 8.758909 1.281479 -4.251662
v 8.758909 1.341226 -4.251662
v 8.140930 1.341226 -3.980433
v 8.758909 1.281479 -4.251662
v 8.140930 1.281479 -3.980433
v 8.648220 0.983126 -4.859950
v 7.974296 0.983126 -4.896170
v 8.648220 1.042872 -4.859950
v 7.974296 1.042872 -4.896170
v 8.648220 1.042872 -4.859950
v 8.758909 1.042872 -4.251662
v 8.648220 0.983126 -4.859950
v 8.758909 0.983126 -4.251662
v 8.758909 1.042872 -4.251662
v 8.140930 1.042872 -3.980433
v 8.758909 0.983126 -4.251662
v 8.140930 0.983126 -3.980433
v 8.648220 0.684773 -4.859950
v 7.974296 0.684773 -4.896170
v 8.648220 0.744519 -4.859950
v 7.974296 0.744519 -4.896170
v 8.648220 0.744519 -4.859950
v 8.758909 0.744519 -4.251662
v 8.648220 0.684773 -4.859950
v 8.758909 0.684773 -4.251662
v 8.758909 0.744519 -4.251662
v 8.140930 0.744519 -3.980433
v 8.758909 0.684773 -4.251662
v 8.140930 0.684773 -3.980433
v 8.078070 2.772867 -4.815955
v 7.974296 2.772867 -4.896170
v 8.573492 2.772867 -4.780544
v 8.648220 2.772867 -4.859950
v 8.660998 2.772867 -4.299653
v 8.758909 2.772867 -4.251662
v 8.209808 2.772867 -4.091989
v 8.140930 2.772867 -3.980433
v 7.974296 2.832236 -4.896170
v 8.078070 2.832236 -4.815955
v 8.648220 2.832236 -4.859950
v 8.573492 2.832236 -4.780544
v 8.758909 2.832236 -4.251662
v 8.660998 2.832236 -4.299653
v 8.140930 2.832236 -3.980433
v 8.209808 2.832236 -4.091989
v 8.078070 2.474514 -4.815955
v 7.974296 2.474514 -4.896170
v 8.573492 2.474514 -4.780544
v 8.648220 2.474514 -4.859950
v 8.660998 2.474514 -4.299653
v 8.758909 2.474514 -4.251662
v 8.209808 2.474514 -4.091989
v 8.140930 2.474514 -3.980433
v 7.974296 2.534261 -4.896170
v 8.078070 2.534261 -4.815955
v 8.648220 2.534261 -4.859950
v 8.573492 2.534261 -4.780544
v 8.758909 2.534261 -4.251662
v 8.660998 2.534261 -4.299653
v 8.140930 2.534261 -3.980433
v 8.209808 2.534261 -4.091989
v 8.078070 2.176161 -4.815955
v 7.974296 2.176161 -4.896170
v 8.573492 2.176161 -4.780544
v 8.648220 2.176161 -4.859950
v 8.660998 2.176161 -4.299653
v 8.758909 2.176161 -4.251662
v 8.209808 2.176161 -4.091989
v 8.140930 2.176161 -3.980433
v 7.974296 2.235907 -4.896170
v 8.078070 2.235907 -4.815955
v 8.648220 2.235907 -4.859950
v 8.573492 2.235907 -4.780544
v 8.758909 2.235907 -4.251662
v 8.660998 2.235907 -4.299653
v 8.140930 2.235907 -3.980433
v 8.209808 2.235907 -4.091989
v 8.078070 1.877808 -4.815955
v 7.974296 1.877808 -4.896170
v 8.573492 1.877808 -4.780544
v 8.648220 1.877808 -4.859950
v 8.660998 1.877808 -4.299653
v 8.758909 1.877808 -4.251662
v 8.209808 1.877808 -4.091989
v 8.140930 1.877808 -3.980433
v 7.974296 1.937554 -4.896170
v 8.078070 1.937554 -4.815955
v 8.648220 1.937554 -4.859950
v 8.573492 1.937554 -4.780544
v 8.758909 1.937554 -4.251662
v 8.660998 1.937554 -4.299653
v 8.140930 1.937554 -3.980433
v 8.209808 1.937554 -4.091989
v 8.078070 1.579833 -4.815955
v 7.974296 1.579833 -4.896170
v 8.573492 1.579833 -4.780544
v 8.648220 1.579833 -4.859950
v 8.660998 1.579833 -4.299653
v 8.758909 1.579833 -4.251662
v 8.209808 1.579833 -4.091989
v 8.140930 1.579833 -3.980433
v 7.974296 1.639201 -4.896170
v 8.078070 1.639201 -4.815955
v 8.648220 1.639201 -4.859950
v 8.573492 1.639201 -4.780544
v 8.758909 1.639201 -4.251662
v 8.660998 1.639201 -4.299653
v 8.140930 1.639201 -3.980433
v 8.209808 1.639201 -4.091989
v 8.078070 1.281479 -4.815955
v 7.974296 1.281479 -4.896170
v 8.573492 1.281479 -4.780544
v 8.648220 1.281479 -4.859950
v 8.660998 1.281479 -4.299653
v 8.758909 1.281479 -4.251662
v 8.209808 1.281479 -4.091989
v 8.140930 1.281479 -3.980433
v 7.974296 1.341226 -4.896170
v 8.078070 1.341226 -4.815955
v 8.648220 1.341226 -4.859950
v 8.573492 1.341226 -4.780544
v 8.758909 1.341226 -4.251662
v 8.660998 1.341226 -4.299653
v 8.140930 1.341226 -3.980433
v 8.209808 1.341226 -4.091989
v 8.078070 0.983126 -4.815955
v 7.974296 0.983126 -4.896170
v 8.573492 0.983126 -4.780544
v 8.648220 0.983126 -4.859950
v 8.660998 0.983126 -4.299653
v 8.758909 0.983126 -4.251662
v 8.209808 0.983126 -4.091989
v 8.140930 0.983126 -3.980433
v 7.974296 1.042872 -4.896170
v 8.078070 1.042872 -4.815955
v 8.648220 1.042872 -4.859950
v 8.573492 1.042872 -4.780544
v 8.758909 1.042872 -4.251662
v 8.660998 1.042872 -4.299653
v 8.140930 1.042872 -3.980433
v 8.209808 1.042872 -4.091989
v 8.078070 0.684773 -4.815955
v 7.974296 0.684773 -4.896170
v 8.573492 0.684773 -4.780544
v 8.648220 0.684773 -4.859950
v 8.660998 0.684773 -4.299653
v 8.758909 0.684773 -4.251662
v 8.209808 0.684773 -4.091989
v 8.140930 0.684773 -3.980433
v 7.974296 0.744519 -4.896170
v 8.078070 0.744519 -4.815955
v 8.648220 0.744519 -4.859950
v 8.573492 0.744519 -4.780544
v 8.758909 0.744519 -4.251662
v 8.660998 0.744519 -4.299653
v 8.140930 0.744519 -3.980433
v 8.209808 0.744519 -4.091989
v 6.320407 3.365793 -3.773089
v 6.994331 3.365793 -3.736868
v 6.320407 3.425539 -3.773089
v 6.994331 3.425539 -3.736868
v 6.320407 3.425539 -3.773089
v 6.209718 3.425539 -4.381377
v 6.320407 3.365793 -3.773089
v 6.209718 3.365793 -4.381377
v 6.209718 3.425539 -4.381377
v 6.827683 3.425539 -4.652680
v 6.209718 3.365793 -4.381377
v 6.827683 3.365793 -4.652680
v 6.320407 3.067817 -3.773089
v 6.994331 3.067817 -3.736868
v 6.320407 3.127186 -3.773089
v 6.994331 3.127186 -3.736868
v 6.320407 3.127186 -3.773089
v 6.209718 3.127186 -4.381377
v 6.320407 3.067817 -3.773089
v 6.209718 3.067817 -4.381377
v 6.209718 3.127186 -4.381377
v 6.827683 3.127186 -4.652680
v 6.209718 3.067817 -4.381377
v 6.827683 3.067817 -4.652680
v 6.890557 3.365793 -3.817083
v 6.994331 3.365793 -3.736868
v 6.395136 3.365793 -3.852494
v 6.320407 3.365793 -3.773089
v 6.307629 3.365793 -4.333386
v 6.209718 3.365793 -4.381377
v 6.758818 3.365793 -4.541049
v 6.827683 3.365793 -4.652680
v 6.994331 3.425539 -3.736868
v 6.890557 3.425539 -3.817083
v 6.320407 3.425539 -3.773089
v 6.395136 3.425539 -3.852494
v 6.209718 3.425539 -4.381377
v 6.307629 3.425539 -4.333386
v 6.827683 3.425539 -4.652680
v 6.758818 3.425539 -4.541049
v 6.890557 3.067817 -3.817083
v 6.994331 3.067817 -3.736868
v 6.395136 3.067817 -3.852494
v 6.320407 3.067817 -3.773089
v 6.307629 3.067817 -4.333386
v 6.209718 3.067817 -4.381377
v 6.758818 3.067817 -4.541049
v 6.827683 3.067817 -4.652680
v 6.994331 3.127186 -3.736868
v 6.890557 3.127186 -3.817083
v 6.320407 3.127186 -3.773089
v 6.395136 3.127186 -3.852494
v 6.209718 3.127186 -4.381377
v 6.307629 3.127186 -4.333386
v 6.827683 3.127186 -4.652680
v 6.758818 3.127186 -4.541049
v 6.320407 2.772867 -3.773089
v 6.994331 2.772867 -3.736868
v 6.320407 2.832236 -3.773089
v 6.994331 2.832236 -3.736868
v 6.320407 2.832236 -3.773089
v 6.209718 2.832236 -4.381377
v 6.320407 2.772867 -3.773089
v 6.209718 2.772867 -4.381377
v 6.209718 2.832236 -4.381377
v 6.827683 2.832236 -4.652680
v 6.209718 2.772867 -4.381377
v 6.827683 2.772867 -4.652680
v 6.320407 2.474514 -3.773089
v 6.994331 2.474514 -3.736868
v 6.320407 2.534261 -3.773089
v 6.994331 2.534261 -3.736868
v 6.320407 2.534261 -3.773089
v 6.209718 2.534261 -4.381377
v 6.320407 2.474514 -3.773089
v 6.209718 2.474514 -4.381377
v 6.209718 2.534261 -4.381377
v 6.827683 2.534261 -4.652680
v 6.209718 2.474514 -4.381377
v 6.827683 2.474514 -4.652680
v 6.320407 2.176161 -3.773089
v 6.994331 2.176161 -3.736868
v 6.320407 2.235907 -3.773089
v 6.994331 2.235907 -3.736868
v 6.320407 2.235907 -3.773089
v 6.209718 2.235907 -4.381377
v 6.320407 2.176161 -3.773089
v 6.209718 2.176161 -4.381377
v 6.209718 2.235907 -4.381377
v 6.827683 2.235907 -4.652680
v 6.209718 2.176161 -4.381377
v 6.827683 2.176161 -4.652680
v 6.320407 1.877808 -3.773089
v 6.994331 1.877808 -3.736868
v 6.320407 1.937554 -3.773089
v 6.994331 1.937554 -3.736868
v 6.320407 1.937554 -3.773089
v 6.209718 1.937554 -4.381377
v 6.320407 1.877808 -3.773089
v 6.209718 1.877808 -4.381377
v 6.209718 1.937554 -4.381377
v 6.827683 1.937554 -4.652680
v 6.209718 1.877808 -4.381377
v 6.827683 1.877808 -4.652680
v 6.320407 1.579833 -3.773089
v 6.994331 1.579833 -3.736868
v 6.320407 1.639201 -3.773089
v 6.994331 1.639201 -3.736868
v 6.320407 1.639201 -3.773089
v 6.209718 1.639201 -4.381377
v 6.320407 1.579833 -3.773089
v 6.209718 1.579833 -4.381377
v 6.209718 1.639201 -4.381377
v 6.827683 1.639201 -4.652680
v 6.209718 1.579833 -4.381377
v 6.827683 1.579833 -4.652680
v 6.320407 1.281479 -3.773089
v 6.994331 1.281479 -3.736868
v 6.320407 1.341226 -3.773089
v 6.994331 1.341226 -3.736868
v 6.320407 1.341226 -3.773089
v 6.209718 1.341226 -4.381377
v 6.320407 1.281479 -3.773089
v 6.209718 1.281479 -4.381377
v 6.209718 1.341226 -4.381377
v 6.827683 1.341226 -4.652680
v 6.209718 1.281479 -4.381377
v 6.827683 1.281479 -4.652680
v 6.320407 0.983126 -3.773089
v 6.994331 0.983126 -3.736868
v 6.320407 1.042872 -3.773089
v 6.994331 1.042872 -3.736868
v 6.320407 1.042872 -3.773089
v 6.209718 1.042872 -4.381377
v 6.320407 0.983126 -3.773089
v 6.209718 0.983126 -4.381377
v 6.209718 1.042872 -4.381377
v 6.827683 1.042872 -4.652680
v 6.209718 0.983126 -4.381377
v 6.827683 0.983126 -4.652680
v 6.320407 0.684773 -3.773089
v 6.994331 0.684773 -3.736868
v 6.320407 0.744519 -3.773089
v 6.994331 0.744519 -3.736868
v 6.320407 0.744519 -3.773089
v 6.209718 0.744519 -4.381377
v 6.320407 0.684773 -3.773089
v 6.209718 0.684773 -4.381377
v 6.209718 0.744519 -4.381377
v 6.827683 0.744519 -4.652680
v 6.209718 0.684773 -4.381377
v 6.827683 0.684773 -4.652680
v 6.890557 2.772867 -3.817083
v 6.994331 2.772867 -3.736868
v 6.395136 2.772867 -3.852494
v 6.320407 2.772867 -3.773089
v 6.307629 2.772867 -4.333386
v 6.209718 2.772867 -4.381377
v 6.758818 2.772867 -4.541049
v 6.827683 2.772867 -4.652680
v 6.994331 2.832236 -3.736868
v 6.890557 2.832236 -3.817083
v 6.320407 2.832236 -3.773089
v 6.395136 2.832236 -3.852494
v 6.209718 2.832236 -4.381377
v 6.307629 2.832236 -4.333386
v 6.827683 2.832236 -4.652680
v 6.758818 2.832236 -4.541049
v 6.890557 2.474514 -3.817083
v 6.994331 2.474514 -3.736868
v 6.395136 2.474514 -3.852494
v 6.320407 2.474514 -3.773089
v 6.307629 2.474514 -4.333386
v 6.209718 2.474514 -4.381377
v 6.758818 2.474514 -4.541049
v 6.827683 2.474514 -4.652680
v 6.994331 2.534261 -3.736868
v 6.890557 2.534261 -3.817083
v 6.320407 2.534261 -3.773089
v 6.395136 2.534261 -3.852494
v 6.209718 2.534261 -4.381377
v 6.307629 2.534261 -4.333386
v 6.827683 2.534261 -4.652680
v 6.758818 2.534261 -4.541049
v 6.890557 2.176161 -3.817083
v 6.994331 2.176161 -3.736868
v 6.395136 2.176161 -3.852494
v 6.320407 2.176161 -3.773089
v 6.307629 2.176161 -4.333386
v 6.209718 2.176161 -4.381377
v 6.758818 2.176161 -4.541049
v 6.827683 2.176161 -4.652680
v 6.994331 2.235907 -3.736868
v 6.890557 2.235907 -3.817083
v 6.320407 2.235907 -3.773089
v 6.395136 2.235907 -3.852494
v 6.209718 2.235907 -4.381377
v 6.307629 2.235907 -4.333386
v 6.827683 2.235907 -4.652680
v 6.758818 2.235907 -4.541049
v 6.890557 1.877808 -3.817083
v 6.994331 1.877808 -3.736868
v 6.395136 1.877808 -3.852494
v 6.320407 1.877808 -3.773089
v 6.307629 1.877808 -4.333386
v 6.209718 1.877808 -4.381377
v 6.758818 1.877808 -4.541049
v 6.827683 1.877808 -4.652680
v 6.994331 1.937554 -3.736868
v 6.890557 1.937554 -3.817083
v 6.320407 1.937554 -3.773089
v 6.395136 1.937554 -3.852494
v 6.209718 1.937554 -4.381377
v 6.307629 1.937554 -4.333386
v 6.827683 1.937554 -4.652680
v 6.758818 1.937554 -4.541049
v 6.890557 1.579833 -3.817083
v 6.994331 1.579833 -3.736868
v 6.395136 1.579833 -3.852494
v 6.320407 1.579833 -3.773089
v 6.307629 1.579833 -4.333386
v 6.209718 1.579833 -4.381377
v 6.758818 1.579833 -4.541049
v 6.827683 1.579833 -4.652680
v 6.994331 1.639201 -3.736868
v 6.890557 1.639201 -3.817083
v 6.320407 1.639201 -3.773089
v 6.395136 1.639201 -3.852494
v 6.209718 1.639201 -4.381377
v 6.307629 1.639201 -4.333386
v 6.827683 1.639201 -4.652680
v 6.758818 1.639201 -4.541049
v 6.890557 1.281479 -3.817083
v 6.994331 1.281479 -3.736868
v 6.395136 1.281479 -3.852494
v 6.320407 1.281479 -3.773089
v 6.307629 1.281479 -4.333386
v 6.209718 1.281479 -4.381377
v 6.758818 1.281479 -4.541049
v 6.827683 1.281479 -4.652680
v 6.994331 1.341226 -3.736868
v 6.890557 1.341226 -3.817083
v 6.320407 1.341226 -3.773089
v 6.395136 1.341226 -3.852494
v 6.209718 1.341226 -4.381377
v 6.307629 1.341226 -4.333386
v 6.827683 1.341226 -4.652680
v 6.758818 1.341226 -4.541049
v 6.890557 0.983126 -3.817083
v 6.994331 0.983126 -3.736868
v 6.395136 0.983126 -3.852494
v 6.320407 0.983126 -3.773089
v 6.307629 0.983126 -4.333386
v 6.209718 0.983126 -4.381377
v 6.758818 0.983126 -4.541049
v 6.827683 0.983126 -4.652680
v 6.994331 1.042872 -3.736868
v 6.890557 1.042872 -3.817083
v 6.320407 1.042872 -3.773089
v 6.395136 1.042872 -3.852494
v 6.209718 1.042872 -4.381377
v 6.307629 1.042872 -4.333386
v 6.827683 1.042872 -4.652680
v 6.758818 1.042872 -4.541049
v 6.890557 0.684773 -3.817083
v 6.994331 0.684773 -3.736868
v 6.395136 0.684773 -3.852494
v 6.320407 0.684773 -3.773089
v 6.307629 0.684773 -4.333386
v 6.209718 0.684773 -4.381377
v 6.758818 0.684773 -4.541049
v 6.827683 0.684773 -4.652680
v 6.994331 0.744519 -3.736868
v 6.890557 0.744519 -3.817083
v 6.320407 0.744519 -3.773089
v 6.395136 0.744519 -3.852494
v 6.209718 0.744519 -4.381377
v 6.307629 0.744519 -4.333386
v 6.827683 0.744519 -4.652680
v 6.758818 0.744519 -4.541049
v 7.115711 3.430833 -4.797595
v 6.986064 3.430833 -5.510068
v 7.115711 3.371464 -4.797595
v 6.986064 3.371464 -5.510068
v 6.986064 3.430833 -5.510068
v 7.544421 3.430833 -5.611671
v 6.986064 3.371464 -5.510068
v 7.544421 3.371464 -5.611671
v 7.544421 3.430833 -5.611671
v 7.674068 3.430833 -4.899198
v 7.544421 3.371464 -5.611671
v 7.674068 3.371464 -4.899198
v 7.115711 3.132858 -4.797595
v 6.986064 3.132858 -5.510068
v 7.115711 3.073111 -4.797595
v 6.986064 3.073111 -5.510068
v 6.986064 3.132858 -5.510068
v 7.544421 3.132858 -5.611671
v 6.986064 3.073111 -5.510068
v 7.544421 3.073111 -5.611671
v 7.544421 3.132858 -5.611671
v 7.674068 3.132858 -4.899198
v 7.544421 3.073111 -5.611671
v 7.674068 3.073111 -4.899198
v 7.115711 3.430833 -4.797595
v 7.176732 3.430833 -4.885836
v 6.986064 3.430833 -5.510068
v 7.074244 3.430833 -5.449054
v 7.544421 3.430833 -5.611671
v 7.483388 3.430833 -5.523505
v 7.674068 3.430833 -4.899198
v 7.585876 3.430833 -4.960287
v 7.176732 3.371464 -4.885836
v 7.115711 3.371464 -4.797595
v 7.074244 3.371464 -5.449054
v 6.986064 3.371464 -5.510068
v 7.483388 3.371464 -5.523505
v 7.544421 3.371464 -5.611671
v 7.585876 3.371464 -4.960287
v 7.674068 3.371464 -4.899198
v 7.115711 3.132858 -4.797595
v 7.176732 3.132858 -4.885836
v 6.986064 3.132858 -5.510068
v 7.074244 3.132858 -5.449054
v 7.544421 3.132858 -5.611671
v 7.483388 3.132858 -5.523505
v 7.674068 3.132858 -4.899198
v 7.585876 3.132858 -4.960287
v 7.176732 3.073111 -4.885836
v 7.115711 3.073111 -4.797595
v 7.074244 3.073111 -5.449054
v 6.986064 3.073111 -5.510068
v 7.483388 3.073111 -5.523505
v 7.544421 3.073111 -5.611671
v 7.585876 3.073111 -4.960287
v 7.674068 3.073111 -4.899198
v 7.115711 2.837908 -4.797595
v 6.986064 2.837908 -5.510068
v 7.115711 2.778161 -4.797595
v 6.986064 2.778161 -5.510068
v 6.986064 2.837908 -5.510068
v 7.544421 2.837908 -5.611671
v 6.986064 2.778161 -5.510068
v 7.544421 2.778161 -5.611671
v 7.544421 2.837908 -5.611671
v 7.674068 2.837908 -4.899198
v 7.544421 2.778161 -5.611671
v 7.674068 2.778161 -4.899198
v 7.115711 2.539554 -4.797595
v 6.986064 2.539554 -5.510068
v 7.115711 2.479808 -4.797595
v 6.986064 2.479808 -5.510068
v 6.986064 2.539554 -5.510068
v 7.544421 2.539554 -5.611671
v 6.986064 2.479808 -5.510068
v 7.544421 2.479808 -5.611671
v 7.544421 2.539554 -5.611671
v 7.674068 2.539554 -4.899198
v 7.544421 2.479808 -5.611671
v 7.674068 2.479808 -4.899198
v 7.115711 2.241201 -4.797595
v 6.986064 2.241201 -5.510068
v 7.115711 2.181455 -4.797595
v 6.986064 2.181455 -5.510068
v 6.986064 2.241201 -5.510068
v 7.544421 2.241201 -5.611671
v 6.986064 2.181455 -5.510068
v 7.544421 2.181455 -5.611671
v 7.544421 2.241201 -5.611671
v 7.674068 2.241201 -4.899198
v 7.544421 2.181455 -5.611671
v 7.674068 2.181455 -4.899198
v 7.115711 1.942848 -4.797595
v 6.986064 1.942848 -5.510068
v 7.115711 1.883480 -4.797595
v 6.986064 1.883480 -5.510068
v 6.986064 1.942848 -5.510068
v 7.544421 1.942848 -5.611671
v 6.986064 1.883480 -5.510068
v 7.544421 1.883480 -5.611671
v 7.544421 1.942848 -5.611671
v 7.674068 1.942848 -4.899198
v 7.544421 1.883480 -5.611671
v 7.674068 1.883480 -4.899198
v 7.115711 1.644873 -4.797595
v 6.986064 1.644873 -5.510068
v 7.115711 1.585127 -4.797595
v 6.986064 1.585127 -5.510068
v 6.986064 1.644873 -5.510068
v 7.544421 1.644873 -5.611671
v 6.986064 1.585127 -5.510068
v 7.544421 1.585127 -5.611671
v 7.544421 1.644873 -5.611671
v 7.674068 1.644873 -4.899198
v 7.544421 1.585127 -5.611671
v 7.674068 1.585127 -4.899198
v 7.115711 1.346520 -4.797595
v 6.986064 1.346520 -5.510068
v 7.115711 1.286773 -4.797595
v 6.986064 1.286773 -5.510068
v 6.986064 1.346520 -5.510068
v 7.544421 1.346520 -5.611671
v 6.986064 1.286773 -5.510068
v 7.544421 1.286773 -5.611671
v 7.544421 1.346520 -5.611671
v 7.674068 1.346520 -4.899198
v 7.544421 1.286773 -5.611671
v 7.674068 1.286773 -4.899198
v 7.115711 1.048166 -4.797595
v 6.986064 1.048166 -5.510068
v 7.115711 0.988420 -4.797595
v 6.986064 0.988420 -5.510068
v 6.986064 1.048166 -5.510068
v 7.544421 1.048166 -5.611671
v 6.986064 0.988420 -5.510068
v 7.544421 0.988420 -5.611671
v 7.544421 1.048166 -5.611671
v 7.674068 1.048166 -4.899198
v 7.544421 0.988420 -5.611671
v 7.674068 0.988420 -4.899198
v 7.115711 0.749813 -4.797595
v 6.986064 0.749813 -5.510068
v 7.115711 0.690067 -4.797595
v 6.986064 0.690067 -5.510068
v 6.986064 0.749813 -5.510068
v 7.544421 0.749813 -5.611671
v 6.986064 0.690067 -5.510068
v 7.544421 0.690067 -5.611671
v 7.544421 0.749813 -5.611671
v 7.674068 0.749813 -4.899198
v 7.544421 0.690067 -5.611671
v 7.674068 0.690067 -4.899198
v 7.115711 2.837908 -4.797595
v 7.176732 2.837908 -4.885836
v 6.986064 2.837908 -5.510068
v 7.074244 2.837908 -5.449054
v 7.544421 2.837908 -5.611671
v 7.483388 2.837908 -5.523505
v 7.674068 2.837908 -4.899198
v 7.585876 2.837908 -4.960287
v 7.176732 2.778161 -4.885836
v 7.115711 2.778161 -4.797595
v 7.074244 2.778161 -5.449054
v 6.986064 2.778161 -5.510068
v 7.483388 2.778161 -5.523505
v 7.544421 2.778161 -5.611671
v 7.585876 2.778161 -4.960287
v 7.674068 2.778161 -4.899198
v 7.115711 2.539554 -4.797595
v 7.176732 2.539554 -4.885836
v 6.986064 2.539554 -5.510068
v 7.074244 2.539554 -5.449054
v 7.544421 2.539554 -5.611671
v 7.483388 2.539554 -5.523505
v 7.674068 2.539554 -4.899198
v 7.585876 2.539554 -4.960287
v 7.176732 2.479808 -4.885836
v 7.115711 2.479808 -4.797595
v 7.074244 2.479808 -5.449054
v 6.986064 2.479808 -5.510068
v 7.483388 2.479808 -5.523505
v 7.544421 2.479808 -5.611671
v 7.585876 2.479808 -4.960287
v 7.674068 2.479808 -4.899198
v 7.115711 2.241201 -4.797595
v 7.176732 2.241201 -4.885836
v 6.986064 2.241201 -5.510068
v 7.074244 2.241201 -5.449054
v 7.544421 2.241201 -5.611671
v 7.483388 2.241201 -5.523505
v 7.674068 2.241201 -4.899198
v 7.585876 2.241201 -4.960287
v 7.176732 2.181455 -4.885836
v 7.115711 2.181455 -4.797595
v 7.074244 2.181455 -5.449054
v 6.986064 2.181455 -5.510068
v 7.483388 2.181455 -5.523505
v 7.544421 2.181455 -5.611671
v 7.585876 2.181455 -4.960287
v 7.674068 2.181455 -4.899198
v 7.115711 1.942848 -4.797595
v 7.176732 1.942848 -4.885836
v 6.986064 1.942848 -5.510068
v 7.074244 1.942848 -5.449054
v 7.544421 1.942848 -5.611671
v 7.483388 1.942848 -5.523505
v 7.674068 1.942848 -4.899198
v 7.585876 1.942848 -4.960287
v 7.176732 1.883480 -4.885836
v 7.115711 1.883480 -4.797595
v 7.074244 1.883480 -5.449054
v 6.986064 1.883480 -5.510068
v 7.483388 1.883480 -5.523505
v 7.544421 1.883480 -5.611671
v 7.585876 1.883480 -4.960287
v 7.674068 1.883480 -4.899198
v 7.115711 1.644873 -4.797595
v 7.176732 1.644873 -4.885836
v 6.986064 1.644873 -5.510068
v 7.074244 1.644873 -5.449054
v 7.544421 1.644873 -5.611671
v 7.483388 1.644873 -5.523505
v 7.674068 1.644873 -4.899198
v 7.585876 1.644873 -4.960287
v 7.176732 1.585127 -4.885836
v 7.115711 1.585127 -4.797595
v 7.074244 1.585127 -5.449054
v 6.986064 1.585127 -5.510068
v 7.483388 1.585127 -5.523505
v 7.544421 1.585127 -5.611671
v 7.585876 1.585127 -4.960287
v 7.674068 1.585127 -4.899198
v 7.115711 1.346520 -4.797595
v 7.176732 1.346520 -4.885836
v 6.986064 1.346520 -5.510068
v 7.074244 1.346520 -5.449054
v 7.544421 1.346520 -5.611671
v 7.483388 1.346520 -5.523505
v 7.674068 1.346520 -4.899198
v 7.585876 1.346520 -4.960287
v 7.176732 1.286773 -4.885836
v 7.115711 1.286773 -4.797595
v 7.074244 1.286773 -5.449054
v 6.986064 1.286773 -5.510068
v 7.483388 1.286773 -5.523505
v 7.544421 1.286773 -5.611671
v 7.585876 1.286773 -4.960287
v 7.674068 1.286773 -4.899198
v 7.115711 1.048166 -4.797595
v 7.176732 1.048166 -4.885836
v 6.986064 1.048166 -5.510068
v 7.074244 1.048166 -5.449054
v 7.544421 1.048166 -5.611671
v 7.483388 1.048166 -5.523505
v 7.674068 1.048166 -4.899198
v 7.585876 1.048166 -4.960287
v 7.176732 0.988420 -4.885836
v 7.115711 0.988420 -4.797595
v 7.074244 0.988420 -5.449054
v 6.986064 0.988420 -5.510068
v 7.483388 0.988420 -5.523505
v 7.544421 0.988420 -5.611671
v 7.585876 0.988420 -4.960287
v 7.674068 0.988420 -4.899198
v 7.115711 0.749813 -4.797595
v 7.176732 0.749813 -4.885836
v 6.986064 0.749813 -5.510068
v 7.074244 0.749813 -5.449054
v 7.544421 0.749813 -5.611671
v 7.483388 0.749813 -5.523505
v 7.674068 0.749813 -4.899198
v 7.585876 0.749813 -4.960287
v 7.176732 0.690067 -4.885836
v 7.115711 0.690067 -4.797595
v 7.074244 0.690067 -5.449054
v 6.986064 0.690067 -5.510068
v 7.483388 0.690067 -5.523505
v 7.544421 0.690067 -5.611671
v 7.585876 0.690067 -4.960287
v 7.674068 0.690067 -4.899198
v 7.433946 3.371464 -3.048748
v 7.992302 3.371464 -3.150352
v 7.433946 3.430833 -3.048748
v 7.992302 3.430833 -3.150352
v 7.433946 3.430833 -3.048748
v 7.304298 3.430833 -3.761222
v 7.433946 3.371464 -3.048748
v 7.304298 3.371464 -3.761222
v 7.862655 3.430833 -3.862825
v 7.992302 3.430833 -3.150352
v 7.862655 3.371464 -3.862825
v 7.992302 3.371464 -3.150352
v 7.433946 3.073111 -3.048748
v 7.992302 3.073111 -3.150352
v 7.433946 3.132858 -3.048748
v 7.992302 3.132858 -3.150352
v 7.433946 3.132858 -3.048748
v 7.304298 3.132858 -3.761222
v 7.433946 3.073111 -3.048748
v 7.304298 3.073111 -3.761222
v 7.862655 3.132858 -3.862825
v 7.992302 3.132858 -3.150352
v 7.862655 3.073111 -3.862825
v 7.992302 3.073111 -3.150352
v 7.801635 3.371464 -3.774584
v 7.862655 3.371464 -3.862825
v 7.904123 3.371464 -3.211366
v 7.992302 3.371464 -3.150352
v 7.494979 3.371464 -3.136915
v 7.433946 3.371464 -3.048748
v 7.392491 3.371464 -3.700133
v 7.304298 3.371464 -3.761222
v 7.392491 3.430833 -3.700133
v 7.304298 3.430833 -3.761222
v 7.494979 3.430833 -3.136915
v 7.433946 3.430833 -3.048748
v 7.904123 3.430833 -3.211366
v 7.992302 3.430833 -3.150352
v 7.801635 3.430833 -3.774584
v 7.862655 3.430833 -3.862825
v 7.801635 3.073111 -3.774584
v 7.862655 3.073111 -3.862825
v 7.904123 3.073111 -3.211366
v 7.992302 3.073111 -3.150352
v 7.494979 3.073111 -3.136915
v 7.433946 3.073111 -3.048748
v 7.392491 3.073111 -3.700133
v 7.304298 3.073111 -3.761222
v 7.392491 3.132858 -3.700133
v 7.304298 3.132858 -3.761222
v 7.494979 3.132858 -3.136915
v 7.433946 3.132858 -3.048748
v 7.904123 3.132858 -3.211366
v 7.992302 3.132858 -3.150352
v 7.801635 3.132858 -3.774584
v 7.862655 3.132858 -3.862825
v 7.433946 2.778161 -3.048748
v 7.992302 2.778161 -3.150352
v 7.433946 2.837908 -3.048748
v 7.992302 2.837908 -3.150352
v 7.433946 2.837908 -3.048748
v 7.304298 2.837908 -3.761222
v 7.433946 2.778161 -3.048748
v 7.304298 2.778161 -3.761222
v 7.862655 2.837908 -3.862825
v 7.992302 2.837908 -3.150352
v 7.862655 2.778161 -3.862825
v 7.992302 2.778161 -3.150352
v 7.433946 2.479808 -3.048748
v 7.992302 2.479808 -3.150352
v 7.433946 2.539554 -3.048748
v 7.992302 2.539554 -3.150352
v 7.433946 2.539554 -3.048748
v 7.304298 2.539554 -3.761222
v 7.433946 2.479808 -3.048748
v 7.304298 2.479808 -3.761222
v 7.862655 2.539554 -3.862825
v 7.992302 2.539554 -3.150352
v 7.862655 2.479808 -3.862825
v 7.992302 2.479808 -3.150352
v 7.433946 2.181455 -3.048748
v 7.992302 2.181455 -3.150352
v 7.433946 2.241201 -3.048748
v 7.992302 2.241201 -3.150352
v 7.433946 2.241201 -3.048748
v 7.304298 2.241201 -3.761222
v 7.433946 2.181455 -3.048748
v 7.304298 2.181455 -3.761222
v 7.862655 2.241201 -3.862825
v 7.992302 2.241201 -3.150352
v 7.862655 2.181455 -3.862825
v 7.992302 2.181455 -3.150352
v 7.433946 1.883480 -3.048748
v 7.992302 1.883480 -3.150352
v 7.433946 1.942848 -3.048748
v 7.992302 1.942848 -3.150352
v 7.433946 1.942848 -3.048748
v 7.304298 1.942848 -3.761222
v 7.433946 1.883480 -3.048748
v 7.304298 1.883480 -3.761222
v 7.862655 1.942848 -3.862825
v 7.992302 1.942848 -3.150352
v 7.862655 1.883480 -3.862825
v 7.992302 1.883480 -3.150352
v 7.433946 1.585127 -3.048748
v 7.992302 1.585127 -3.150352
v 7.433946 1.644873 -3.048748
v 7.992302 1.644873 -3.150352
v 7.433946 1.644873 -3.048748
v 7.304298 1.644873 -3.761222
v 7.433946 1.585127 -3.048748
v 7.304298 1.585127 -3.761222
v 7.862655 1.644873 -3.862825
v 7.992302 1.644873 -3.150352
v 7.862655 1.585127 -3.862825
v 7.992302 1.585127 -3.150352
v 7.433946 1.286773 -3.048748
v 7.992302 1.286773 -3.150352
v 7.433946 1.346520 -3.048748
v 7.992302 1.346520 -3.150352
v 7.433946 1.346520 -3.048748
v 7.304298 1.346520 -3.761222
v 7.433946 1.286773 -3.048748
v 7.304298 1.286773 -3.761222
v 7.862655 1.346520 -3.862825
v 7.992302 1.346520 -3.150352
v 7.862655 1.286773 -3.862825
v 7.992302 1.286773 -3.150352
v 7.433946 0.988420 -3.048748
v 7.992302 0.988420 -3.150352
v 7.433946 1.048166 -3.048748
v 7.992302 1.048166 -3.150352
v 7.433946 1.048166 -3.048748
v 7.304298 1.048166 -3.761222
v 7.433946 0.988420 -3.048748
v 7.304298 0.988420 -3.761222
v 7.862655 1.048166 -3.862825
v 7.992302 1.048166 -3.150352
v 7.862655 0.988420 -3.862825
v 7.992302 0.988420 -3.150352
v 7.433946 0.690067 -3.048748
v 7.992302 0.690067 -3.150352
v 7.433946 0.749813 -3.048748
v 7.992302 0.749813 -3.150352
v 7.433946 0.749813 -3.048748
v 7.304298 0.749813 -3.761222
v 7.433946 0.690067 -3.048748
v 7.304298 0.690067 -3.761222
v 7.862655 0.749813 -3.862825
v 7.992302 0.749813 -3.150352
v 7.862655 0.690067 -3.862825
v 7.992302 0.690067 -3.150352
v 7.801635 2.778161 -3.774584
v 7.862655 2.778161 -3.862825
v 7.904123 2.778161 -3.211366
v 7.992302 2.778161 -3.150352
v 7.494979 2.778161 -3.136915
v 7.433946 2.778161 -3.048748
v 7.392491 2.778161 -3.700133
v 7.304298 2.778161 -3.761222
v 7.392491 2.837908 -3.700133
v 7.304298 2.837908 -3.761222
v 7.494979 2.837908 -3.136915
v 7.433946 2.837908 -3.048748
v 7.904123 2.837908 -3.211366
v 7.992302 2.837908 -3.150352
v 7.801635 2.837908 -3.774584
v 7.862655 2.837908 -3.862825
v 7.801635 2.479808 -3.774584
v 7.862655 2.479808 -3.862825
v 7.904123 2.479808 -3.211366
v 7.992302 2.479808 -3.150352
v 7.494979 2.479808 -3.136915
v 7.433946 2.479808 -3.048748
v 7.392491 2.479808 -3.700133
v 7.304298 2.479808 -3.761222
v 7.392491 2.539554 -3.700133
v 7.304298 2.539554 -3.761222
v 7.494979 2.539554 -3.136915
v 7.433946 2.539554 -3.048748
v 7.904123 2.539554 -3.211366
v 7.992302 2.539554 -3.150352
v 7.801635 2.539554 -3.774584
v 7.862655 2.539554 -3.862825
v 7.801635 2.181455 -3.774584
v 7.862655 2.181455 -3.862825
v 7.904123 2.181455 -3.211366
v 7.992302 2.181455 -3.150352
v 7.494979 2.181455 -3.136915
v 7.433946 2.181455 -3.048748
v 7.392491 2.181455 -3.700133
v 7.304298 2.181455 -3.761222
v 7.392491 2.241201 -3.700133
v 7.304298 2.241201 -3.761222
v 7.494979 2.241201 -3.136915
v 7.433946 2.241201 -3.048748
v 7.904123 2.241201 -3.211366
v 7.992302 2.241201 -3.150352
v 7.801635 2.241201 -3.774584
v 7.862655 2.241201 -3.862825
v 7.801635 1.883480 -3.774584
v 7.862655 1.883480 -3.862825
v 7.904123 1.883480 -3.211366
v 7.992302 1.883480 -3.150352
v 7.494979 1.883480 -3.136915
v 7.433946 1.883480 -3.048748
v 7.392491 1.883480 -3.700133
v 7.304298 1.883480 -3.761222
v 7.392491 1.942848 -3.700133
v 7.304298 1.942848 -3.761222
v 7.494979 1.942848 -3.136915
v 7.433946 1.942848 -3.048748
v 7.904123 1.942848 -3.211366
v 7.992302 1.942848 -3.150352
v 7.801635 1.942848 -3.774584
v 7.862655 1.942848 -3.862825
v 7.801635 1.585127 -3.774584
v 7.862655 1.585127 -3.862825
v 7.904123 1.585127 -3.211366
v 7.992302 1.585127 -3.150352
v 7.494979 1.585127 -3.136915
v 7.433946 1.585127 -3.048748
v 7.392491 1.585127 -3.700133
v 7.304298 1.585127 -3.761222
v 7.392491 1.644873 -3.700133
v 7.304298 1.644873 -3.761222
v 7.494979 1.644873 -3.136915
v 7.433946 1.644873 -3.048748
v 7.904123 1.644873 -3.211366
v 7.992302 1.644873 -3.150352
v 7.801635 1.644873 -3.774584
v 7.862655 1.644873 -3.862825
v 7.801635 1.286773 -3.774584
v 7.862655 1.286773 -3.862825
v 7.904123 1.286773 -3.211366
v 7.992302 1.286773 -3.150352
v 7.494979 1.286773 -3.136915
v 7.433946 1.286773 -3.048748
v 7.392491 1.286773 -3.700133
v 7.304298 1.286773 -3.761222
v 7.392491 1.346520 -3.700133
v 7.304298 1.346520 -3.761222
v 7.494979 1.346520 -3.136915
v 7.433946 1.346520 -3.048748
v 7.904123 1.346520 -3.211366
v 7.992302 1.346520 -3.150352
v 7.801635 1.346520 -3.774584
v 7.862655 1.346520 -3.862825
v 7.801635 0.988420 -3.774584
v 7.862655 0.988420 -3.862825
v 7.904123 0.988420 -3.211366
v 7.992302 0.988420 -3.150352
v 7.494979 0.988420 -3.136915
v 7.433946 0.988420 -3.048748
v 7.392491 0.988420 -3.700133
v 7.304298 0.988420 -3.761222
v 7.392491 1.048166 -3.700133
v 7.304298 1.048166 -3.761222
v 7.494979 1.048166 -3.136915
v 7.433946 1.048166 -3.048748
v 7.904123 1.048166 -3.211366
v 7.992302 1.048166 -3.150352
v 7.801635 1.048166 -3.774584
v 7.862655 1.048166 -3.862825
v 7.801635 0.690067 -3.774584
v 7.862655 0.690067 -3.862825
v 7.904123 0.690067 -3.211366
v 7.992302 0.690067 -3.150352
v 7.494979 0.690067 -3.136915
v 7.433946 0.690067 -3.048748
v 7.392491 0.690067 -3.700133
v 7.304298 0.690067 -3.761222
v 7.392491 0.749813 -3.700133
v 7.304298 0.749813 -3.761222
v 7.494979 0.749813 -3.136915
v 7.433946 0.749813 -3.048748
v 7.904123 0.749813 -3.211366
v 7.992302 0.749813 -3.150352
v 7.801635 0.749813 -3.774584
v 7.862655 0.749813 -3.862825
v 6.954935 0.033992 -3.514971
v 6.954935 3.579820 -3.514971
v 6.910842 0.033992 -3.506948
v 6.910842 3.579820 -3.506948
v 6.870490 4.056656 -3.979037
v 6.826397 4.056656 -3.971014
v 6.870490 6.825782 -3.979037
v 6.826397 6.825782 -3.971014
v 6.870490 7.991970 -3.979037
v 6.826397 7.991970 -3.971014
v 6.870490 8.878332 -3.979037
v 6.826397 8.878332 -3.971014
v 6.662729 0.033992 -4.870450
v 6.706821 0.033992 -4.878473
v 6.662729 3.579820 -4.870450
v 6.706821 3.579820 -4.878473
v 6.747160 4.056656 -4.406460
v 6.791253 4.056656 -4.414483
v 6.747160 6.825782 -4.406460
v 6.791253 6.825782 -4.414483
v 6.787893 7.991970 -4.182615
v 6.831985 7.991970 -4.190638
v 6.787893 8.878332 -4.182615
v 6.831985 8.878332 -4.190638
v 6.787893 8.878332 -4.182615
v 6.831985 8.878332 -4.190638
v 6.805895 8.878332 -4.083687
v 6.849987 8.878332 -4.091711
v 6.808451 8.878332 -4.069641
v 6.852543 8.878332 -4.077664
v 6.810719 8.878332 -4.057171
v 6.852447 8.878332 -4.078190
v 6.813194 8.878332 -4.043575
v 6.857286 8.878332 -4.051599
v 6.815367 8.878332 -4.031632
v 6.859459 8.878332 -4.039655
v 6.861485 0.033992 -3.778191
v 6.377751 0.033992 -3.799355
v 6.861485 3.579820 -3.778191
v 6.377751 3.579820 -3.799355
v 6.810815 4.056656 -4.056645
v 6.804678 4.056656 -4.090373
v 6.272926 3.579820 -4.375418
v 6.771204 4.056656 -4.274331
v 6.718497 3.579820 -4.563978
v 6.765162 4.056656 -4.307532
v 6.662729 3.579820 -4.870450
v 6.747160 4.056656 -4.406460
v 6.765162 6.825782 -4.307532
v 6.747160 6.825782 -4.406460
v 6.805895 7.991970 -4.083687
v 6.787893 7.991970 -4.182615
v 6.805895 8.878332 -4.083687
v 6.787893 8.878332 -4.182615
v 6.662729 0.033992 -4.870450
v 6.718497 0.033992 -4.563978
v 6.272926 0.033992 -4.375418
v 6.808451 7.991970 -4.069641
v 6.771204 6.825782 -4.274331
v 6.804678 6.825782 -4.090373
v 6.808451 8.878332 -4.069641
v 6.810719 7.991970 -4.057171
v 6.810719 8.878332 -4.057171
v 6.813194 7.991970 -4.043575
v 6.813194 8.878332 -4.043575
v 6.815367 7.991213 -4.031632
v 6.815367 8.878332 -4.031632
v 6.810815 6.825782 -4.056645
v 6.815367 6.823136 -4.031632
v 6.815353 4.050606 -4.031707
v 6.882822 3.573392 -3.660935
v 6.861485 3.579820 -3.778191
v 6.882822 0.033992 -3.660935
v 6.861485 0.033992 -3.778191
v 6.870490 8.878332 -3.979037
v 6.865870 8.878332 -4.004426
v 6.826397 8.878332 -3.971014
v 6.821778 8.878332 -3.996403
v 6.910842 0.033992 -3.506948
v 6.910842 3.579820 -3.506948
v 6.889233 0.033992 -3.625706
v 6.889233 3.585871 -3.625706
v 6.826397 4.056656 -3.971014
v 6.822734 4.062706 -3.991144
v 6.826397 6.825782 -3.971014
v 6.821778 6.828052 -3.996403
v 6.826397 7.991970 -3.971014
v 6.821778 7.992347 -3.996403
v 6.821778 8.878332 -3.996403
v 6.826397 8.878332 -3.971014
v 8.039746 0.033992 -5.121023
v 8.039746 3.579820 -5.121023
v 8.083838 0.033992 -5.129046
v 8.083838 3.579820 -5.129046
v 8.124178 4.056656 -4.657032
v 8.168270 4.056656 -4.665056
v 8.124178 9.159669 -4.657032
v 8.168270 9.159669 -4.665056
v 8.124178 10.326234 -4.657032
v 8.168270 10.326234 -4.665056
v 8.124178 11.212596 -4.657032
v 8.168270 11.212596 -4.665056
v 8.331952 0.033992 -3.765544
v 8.287860 0.033992 -3.757521
v 8.331952 3.579820 -3.765544
v 8.287860 3.579820 -3.757521
v 8.247507 4.056656 -4.229609
v 8.203415 4.056656 -4.221586
v 8.247507 9.159669 -4.229609
v 8.203415 9.159669 -4.221586
v 8.206775 10.326234 -4.453455
v 8.162682 10.326234 -4.445431
v 8.206775 11.212596 -4.453455
v 8.162682 11.212596 -4.445431
v 8.206775 11.212596 -4.453455
v 8.162682 11.212596 -4.445431
v 8.188787 11.212596 -4.552307
v 8.144694 11.212596 -4.544284
v 8.186231 11.212596 -4.566354
v 8.142138 11.212596 -4.558331
v 8.183948 11.212596 -4.578898
v 8.142220 11.212596 -4.557880
v 8.181487 11.212596 -4.592419
v 8.137395 11.212596 -4.584395
v 8.179314 11.212596 -4.604362
v 8.135221 11.212596 -4.596339
v 8.133196 0.033992 -4.857803
v 8.616930 0.033992 -4.836639
v 8.133196 3.579820 -4.857803
v 8.616930 3.579820 -4.836639
v 8.183852 4.056656 -4.579424
v 8.190002 4.056656 -4.545622
v 8.721741 3.579820 -4.260652
v 8.223477 4.056656 -4.361663
v 8.276171 3.579820 -4.072092
v 8.229519 4.056656 -4.328462
v 8.331952 3.579820 -3.765544
v 8.247507 4.056656 -4.229609
v 8.229519 9.159669 -4.328462
v 8.247507 9.159669 -4.229609
v 8.188787 10.326234 -4.552307
v 8.206775 10.326234 -4.453455
v 8.188787 11.212596 -4.552307
v 8.206775 11.212596 -4.453455
v 8.331952 0.033992 -3.765544
v 8.276171 0.033992 -4.072092
v 8.721741 0.033992 -4.260652
v 8.186231 10.326234 -4.566354
v 8.223477 9.159669 -4.361663
v 8.190002 9.159669 -4.545622
v 8.186231 11.212596 -4.566354
v 8.183948 10.326234 -4.578898
v 8.183948 11.212596 -4.578898
v 8.181487 10.326234 -4.592419
v 8.181487 11.212596 -4.592419
v 8.179314 10.325477 -4.604362
v 8.179314 11.212596 -4.604362
v 8.183852 9.159669 -4.579424
v 8.179314 9.157400 -4.604362
v 8.179314 4.050606 -4.604362
v 8.111859 3.573392 -4.975059
v 8.133196 3.579820 -4.857803
v 8.111859 0.033992 -4.975059
v 8.133196 0.033992 -4.857803
v 8.124178 11.212596 -4.657032
v 8.128811 11.212596 -4.631568
v 8.168270 11.212596 -4.665056
v 8.172903 11.212596 -4.639592
v 8.083838 0.033992 -5.129046
v 8.083838 3.579820 -5.129046
v 8.105434 0.033992 -5.010364
v 8.105434 3.585871 -5.010364
v 8.168270 4.056656 -4.665056
v 8.171947 4.062706 -4.644850
v 8.168270 9.159669 -4.665056
v 8.172890 9.162315 -4.639667
v 8.168270 10.326234 -4.665056
v 8.172903 10.326612 -4.639592
v 8.172903 11.212596 -4.639592
v 8.168270 11.212596 -4.665056
v 8.179314 10.325477 -4.604362
v 8.172903 10.326612 -4.639592
v 8.179314 11.212596 -4.604362
v 8.172903 11.212596 -4.639592
v 8.179314 9.157400 -4.604362
v 8.172890 9.162315 -4.639667
v 8.179314 10.325477 -4.604362
v 8.172903 10.326612 -4.639592
v 8.179314 4.050606 -4.604362
v 8.171947 4.062706 -4.644850
v 8.179314 9.157400 -4.604362
v 8.172890 9.162315 -4.639667
v 8.111859 3.573392 -4.975059
v 8.105434 3.585871 -5.010364
v 8.179314 4.050606 -4.604362
v 8.171947 4.062706 -4.644850
v 8.111859 0.033992 -4.975059
v 8.105434 0.033992 -5.010364
v 8.111859 3.573392 -4.975059
v 8.105434 3.585871 -5.010364
v 8.179314 11.212596 -4.604362
v 8.172903 11.212596 -4.639592
v 8.135221 11.212596 -4.596339
v 8.128811 11.212596 -4.631568
v 6.882822 0.033992 -3.660935
v 6.889233 0.033992 -3.625706
v 6.882822 3.573392 -3.660935
v 6.889233 3.585871 -3.625706
v 6.822734 4.062706 -3.991144
v 6.815353 4.050606 -4.031707
v 6.889233 3.585871 -3.625706
v 6.882822 3.573392 -3.660935
v 6.821778 6.828052 -3.996403
v 6.815367 6.823136 -4.031632
v 6.822734 4.062706 -3.991144
v 6.815353 4.050606 -4.031707
v 6.821778 7.992347 -3.996403
v 6.815367 7.991213 -4.031632
v 6.821778 6.828052 -3.996403
v 6.815367 6.823136 -4.031632
v 6.815367 7.991213 -4.031632
v 6.821778 7.992347 -3.996403
v 6.815367 8.878332 -4.031632
v 6.821778 8.878332 -3.996403
v 6.815367 8.878332 -4.031632
v 6.821778 8.878332 -3.996403
v 6.859459 8.878332 -4.039655
v 6.865870 8.878332 -4.004426
v 7.186714 6.285797 -4.533627
v 7.699337 6.285797 -4.626908
v 7.187643 5.878539 -4.528519
v 7.187794 5.734089 -4.527693
v 7.700417 5.734089 -4.620974
v 7.700266 5.878539 -4.621800
vn 0.0004 1.0000 0.0022
vn 0.0005 1.0000 0.0022
vn -0.0004 1.0000 -0.0022
vn -0.0005 1.0000 -0.0022
vn 0.0003 1.0000 0.0022
vn 0.0003 1.0000 0.0021
vn 0.0008 1.0000 0.0021
vn -0.0003 1.0000 -0.0022
vn 0.0005 1.0000 0.0021
vn -0.0000 1.0000 -0.0023
vn 0.0006 1.0000 0.0021
vn -0.9834 -0.0000 0.1812
vn -0.9850 -0.0000 0.1726
vn -0.9857 -0.0000 0.1683
vn -0.9872 -0.0000 0.1596
vn -0.9879 -0.0002 0.1554
vn -0.9879 -0.0000 0.1553
vn -0.9879 -0.0000 0.1554
vn -0.9879 -0.0000 0.1551
vn 0.9842 -0.0000 -0.1769
vn 0.9818 -0.0000 -0.1898
vn 0.9827 -0.0000 -0.1855
vn 0.9801 -0.0000 -0.1983
vn 0.9792 0.0002 -0.2028
vn 0.9792 -0.0000 -0.2027
vn 0.9792 -0.0000 -0.2030
vn 0.9793 -0.0000 -0.2026
vn 0.9639 -0.0000 -0.2663
vn 0.9339 -0.0001 -0.3576
vn 0.9339 -0.0000 -0.3575
vn 0.8530 -0.0000 -0.5218
vn 0.8529 -0.0000 -0.5220
vn 0.8552 0.0075 -0.5183
vn -0.9963 0.0038 0.0860
vn -1.0000 -0.0000 -0.0057
vn -0.9999 0.0038 -0.0101
vn -0.9813 0.0038 -0.1924
vn -0.9805 0.0038 -0.1967
vn 0.9850 -0.0000 -0.1726
vn 0.9857 -0.0000 -0.1683
vn 0.9872 -0.0000 -0.1596
vn 0.9878 -0.0002 -0.1554
vn 0.9879 -0.0000 -0.1553
vn 0.9879 -0.0000 -0.1550
vn -0.9818 -0.0000 0.1898
vn -0.9827 -0.0000 0.1855
vn -0.9802 -0.0001 0.1981
vn -0.9801 -0.0000 0.1984
vn -0.9793 0.0002 0.2026
vn -0.9792 -0.0000 0.2028
vn -0.9793 -0.0000 0.2025
vn -0.9615 -0.0000 0.2747
vn -0.9323 0.0038 0.3617
vn -0.9307 0.0038 0.3657
vn -0.8529 0.0038 0.5220
vn -0.8529 0.0037 0.5220
vn -0.8552 0.0075 0.5183
vn 0.9967 -0.0000 -0.0816
vn 0.9999 -0.0000 0.0144
vn 0.9998 -0.0000 0.0188
vn 0.9813 -0.0000 0.1924
vn 0.9805 -0.0000 0.1967
vn 0.9813 0.0075 0.1924
vn 0.2116 -0.0000 -0.9773
vn 0.2113 0.0151 -0.9773
vn 0.2120 0.0151 -0.9771
vn 0.2115 0.0076 -0.9773
vn 0.2115 0.0075 -0.9773
vn 0.2117 -0.0000 -0.9773
vn 0.2118 -0.0000 -0.9773
vn -0.5424 -0.0000 -0.8401
vn -0.5420 0.0152 -0.8403
vn -0.5426 0.0151 -0.8398
vn -0.5422 0.0076 -0.8402
vn -0.5423 0.0076 -0.8402
vn -0.5423 -0.0000 -0.8402
vn -0.9778 0.0038 -0.2095
vn -0.9777 0.0113 -0.2097
vn -0.9778 0.0038 -0.2097
vn -0.9779 0.0038 -0.2089
vn -0.8414 -0.0000 0.5405
vn -0.8412 0.0151 0.5404
vn -0.8412 0.0151 0.5405
vn -0.8413 0.0076 0.5405
vn -0.8415 0.0076 0.5402
vn -0.8411 -0.0000 0.5408
vn -0.8412 -0.0000 0.5408
vn -0.2116 -0.0000 0.9774
vn -0.2113 0.0150 0.9773
vn -0.2121 0.0150 0.9771
vn -0.2116 0.0075 0.9773
vn -0.2116 -0.0000 0.9773
vn 0.5425 -0.0000 0.8401
vn 0.5421 0.0151 0.8402
vn 0.5427 0.0150 0.8398
vn 0.5423 0.0075 0.8402
vn 0.5423 -0.0000 0.8402
vn 0.9778 -0.0000 0.2096
vn 0.9777 0.0151 0.2094
vn 0.9777 0.0076 0.2097
vn 0.9777 0.0075 0.2097
vn 0.9779 -0.0000 0.2091
vn 0.8413 -0.0000 -0.5405
vn 0.8413 0.0152 -0.5404
vn 0.8412 0.0075 -0.5407
vn 0.8413 0.0075 -0.5406
vn 0.8414 -0.0000 -0.5404
vn -0.5422 -0.0000 -0.8403
vn -0.5421 0.0152 -0.8402
vn -0.5420 0.0151 -0.8402
vn -0.5421 0.0075 -0.8403
vn -0.9778 0.0038 -0.2096
vn -0.9778 0.0114 -0.2094
vn -0.9778 0.0037 -0.2095
vn -0.9779 0.0038 -0.2093
vn -0.8413 -0.0000 0.5405
vn -0.8413 0.0076 0.5404
vn -0.8416 0.0076 0.5401
vn -0.2113 0.0151 0.9773
vn -0.2116 0.0076 0.9773
vn -0.2119 -0.0000 0.9773
vn 0.5424 -0.0000 0.8401
vn 0.5422 0.0076 0.8402
vn 0.5425 -0.0000 0.8400
vn 0.9778 -0.0000 0.2094
vn 0.9777 0.0151 0.2095
vn 0.9778 0.0076 0.2095
vn 0.8413 0.0151 -0.5404
vn 0.8412 0.0076 -0.5407
vn 0.8412 -0.0000 -0.5407
vn -0.1790 -0.0000 -0.9838
vn -0.1554 0.4778 -0.8646
vn -0.1549 0.5009 -0.8515
vn -0.1550 0.5006 -0.8517
vn -0.1684 0.3094 -0.9359
vn -0.1298 0.6666 -0.7340
vn -0.1297 0.6666 -0.7340
vn -0.1389 0.6435 -0.7527
vn -0.9835 -0.0000 0.1812
vn -0.9842 -0.0000 0.1769
vn -0.9835 -0.0000 0.1811
vn 0.1777 0.1868 0.9662
vn 0.1821 0.0828 0.9798
vn 0.1821 0.0829 0.9798
vn 0.1790 0.0130 0.9838
vn -0.1305 0.2120 -0.9685
vn -0.1365 0.0910 -0.9865
vn -0.1298 0.0875 -0.9877
vn -0.1321 -0.0075 -0.9912
vn 0.1791 -0.0000 0.9838
vn 0.1790 0.0001 0.9838
vn 0.1790 -0.0000 0.9838
vn -0.1771 0.0305 -0.9837
vn -0.1750 0.0125 -0.9845
vn 0.1803 0.0042 0.9836
vn 0.9842 -0.0000 -0.1768
vn -0.1778 0.1867 -0.9662
vn -0.1777 0.1868 -0.9662
vn 0.1777 0.1867 0.9662
vn 0.1804 0.0041 0.9836
vn 0.1603 0.4662 0.8700
vn 0.1561 0.4893 0.8580
vn 0.1561 0.4892 0.8581
vn 0.1684 0.3094 0.9359
vn 0.1413 0.6402 0.7551
vn 0.1412 0.6402 0.7551
vn 0.1412 0.6401 0.7552
vn 0.1412 0.6402 0.7552
vn 0.1338 0.6402 0.7565
vn 0.1339 0.6402 0.7565
vn 0.1370 0.6435 0.7531
vn 0.1370 0.6435 0.7530
vn 0.1370 0.6436 0.7530
vn 0.0004 -1.0000 0.0022
vn 0.6171 -0.0000 0.7869
vn -0.3128 0.0037 0.9498
vn -0.3128 0.0038 0.9498
vn -0.6239 -0.0000 -0.7815
vn 0.3086 -0.0000 -0.9512
vn 0.3087 -0.0000 -0.9512
vn 0.0516 -0.0000 -0.9987
vn 0.4001 -0.0000 0.9165
vn 0.4000 -0.0000 0.9165
vn -0.0004 -1.0000 -0.0022
vn 0.0515 -0.0000 -0.9987
vn -0.0515 -0.0000 0.9987
vn -0.0516 -0.0000 0.9987
vn -0.4000 0.0038 -0.9165
vn 0.1761 0.1177 0.9773
vn 0.1778 0.1177 0.9770
vn 0.1790 0.1437 0.9733
vn 0.1772 0.1437 0.9736
vn -0.1759 0.1177 -0.9773
vn -0.1778 0.1177 -0.9770
vn -0.1791 0.1437 -0.9733
vn -0.1772 0.1437 -0.9736
vn -0.1806 0.0567 -0.9819
vn -0.1742 0.1089 -0.9787
vn -0.0428 -0.0038 0.9991
vn -0.0485 0.0374 0.9981
vn -0.7134 -0.0038 0.7008
vn -0.7201 0.0641 0.6909
vn -0.6900 0.3378 0.6402
vn -0.9145 0.3047 0.2662
vn -0.9176 0.0604 -0.3929
vn -0.9500 0.3045 0.0687
vn -0.7994 0.0265 -0.6002
vn -0.9766 0.1801 -0.1177
vn -0.7867 -0.0000 -0.6174
vn -0.9128 -0.0000 -0.4085
vn -0.1759 0.1178 -0.9773
vn -0.1766 0.0829 -0.9808
vn -0.1784 0.0829 -0.9805
vn 0.1760 0.1177 0.9773
vn 0.1822 0.0829 0.9798
vn 0.1784 0.0829 0.9805
vn 0.1825 0.0348 0.9826
vn 0.1780 0.1090 0.9780
vn -0.3711 0.9161 0.1517
vn 0.1534 0.9877 -0.0315
vn 0.0428 -0.0000 -0.9991
vn 0.0485 0.0376 -0.9981
vn 0.7134 -0.0000 -0.7007
vn 0.7204 0.0605 -0.6909
vn 0.8269 0.2391 -0.5090
vn 0.9512 0.1954 -0.2389
vn 0.9176 0.0603 0.3928
vn 0.9748 0.1951 -0.1086
vn 0.7993 0.0302 0.6002
vn 0.9936 0.1129 0.0025
vn 0.7867 -0.0000 0.6174
vn 0.9128 -0.0000 0.4085
vn 0.9842 -0.0000 -0.1770
vn -0.1750 -0.0125 -0.9845
vn -0.1751 -0.0125 -0.9845
vn -0.1749 -0.0125 -0.9845
vt 0.954344 0.061237
vt 0.953746 0.061237
vt 0.954224 0.061117
vt 0.953985 0.061117
vt 0.953866 0.061117
vt 0.953746 0.060998
vt 0.953507 0.061117
vt 0.953387 0.061117
vt 0.953148 0.061117
vt 0.953028 0.061237
vt 0.963552 0.057766
vt 0.962954 0.057885
vt 0.963432 0.057766
vt 0.963313 0.057646
vt 0.963073 0.057646
vt 0.962954 0.057646
vt 0.962834 0.057646
vt 0.962595 0.057646
vt 0.962475 0.057766
vt 0.962356 0.057766
vt 0.513923 0.918177
vt 0.516076 0.851742
vt 0.550635 0.846835
vt 0.515000 0.794406
vt 0.543938 0.810206
vt 0.518109 0.748321
vt 0.553146 0.751672
vt 0.523968 0.570924
vt 0.558886 0.574276
vt 0.531263 0.529029
vt 0.565224 0.534295
vt 0.479005 0.917339
vt 0.446120 0.843962
vt 0.480321 0.851024
vt 0.455089 0.807094
vt 0.485104 0.792610
vt 0.449827 0.748321
vt 0.484984 0.747243
vt 0.455448 0.570804
vt 0.490485 0.569966
vt 0.487257 0.526156
vt 0.452697 0.529148
vt 0.799007 0.596540
vt 0.793865 0.562904
vt 0.817422 0.563263
vt 0.790636 0.513108
vt 0.815031 0.511193
vt 0.778319 0.294055
vt 0.803312 0.292619
vt 0.829141 0.291183
vt 0.840741 0.509876
vt 0.840263 0.532021
vt 0.618558 0.318953
vt 0.602055 0.285317
vt 0.625732 0.285437
vt 0.608632 0.233128
vt 0.633266 0.236360
vt 0.656943 0.017307
vt 0.631951 0.014554
vt 0.582803 0.230375
vt 0.606121 0.011801
vt 0.581607 0.252759
vt 0.364326 0.952291
vt 0.362533 0.891723
vt 0.395776 0.878316
vt 0.357749 0.829358
vt 0.388003 0.843124
vt 0.357869 0.783154
vt 0.393026 0.784231
vt 0.352368 0.603602
vt 0.387525 0.604680
vt 0.356793 0.563502
vt 0.390993 0.566495
vt 0.329408 0.953608
vt 0.292697 0.881907
vt 0.326897 0.893159
vt 0.298317 0.845757
vt 0.327495 0.829598
vt 0.289587 0.787463
vt 0.324625 0.784231
vt 0.283728 0.607792
vt 0.318766 0.604799
vt 0.313026 0.563383
vt 0.278706 0.568530
vt 0.911055 0.317756
vt 0.902326 0.284719
vt 0.924568 0.284839
vt 0.894194 0.235043
vt 0.917154 0.232290
vt 0.874104 0.016110
vt 0.897184 0.013955
vt 0.923013 0.011561
vt 0.942984 0.229776
vt 0.944419 0.252160
vt 0.751652 0.599772
vt 0.730128 0.569727
vt 0.751772 0.565896
vt 0.725942 0.516819
vt 0.748663 0.515742
vt 0.735150 0.296689
vt 0.712071 0.298125
vt 0.700352 0.518615
vt 0.686121 0.299681
vt 0.703461 0.540879
vt 0.869919 0.619403
vt 0.873746 0.617488
vt 0.877811 0.624909
vt 0.893955 0.628021
vt 0.900173 0.621917
vt 0.903043 0.624311
vt 0.212696 0.364081
vt 0.218077 0.371143
vt 0.206000 0.363602
vt 0.206598 0.368869
vt 0.195118 0.362046
vt 0.195596 0.367432
vt 0.192487 0.367073
vt 0.183877 0.348519
vt 0.174191 0.347562
vt 0.177539 0.345407
vt 0.191172 0.340260
vt 0.187225 0.337627
vt 0.198107 0.335472
vt 0.195476 0.330325
vt 0.215805 0.336549
vt 0.222382 0.329846
vt 0.955898 0.009885
vt 0.955659 0.019102
vt 0.955540 0.009766
vt 0.955301 0.018983
vt 0.955061 0.020299
vt 0.954822 0.020180
vt 0.953626 0.009766
vt 0.953387 0.018983
vt 0.953268 0.009766
vt 0.953148 0.018983
vt 0.953866 0.020180
vt 0.953626 0.020180
vt 0.953866 0.009766
vt 0.953746 0.018983
vt 0.953985 0.020180
vt 0.954224 0.009766
vt 0.953985 0.018983
vt 0.954105 0.020180
vt 0.954583 0.009766
vt 0.954344 0.018983
vt 0.954344 0.020180
vt 0.954942 0.009766
vt 0.954703 0.018983
vt 0.954463 0.020180
vt 0.955181 0.009766
vt 0.954942 0.018983
vt 0.954703 0.020180
vt 0.964508 0.009766
vt 0.964389 0.018983
vt 0.964269 0.009766
vt 0.964030 0.018983
vt 0.963791 0.020180
vt 0.963671 0.020180
vt 0.962236 0.009766
vt 0.962236 0.018983
vt 0.961997 0.009766
vt 0.961878 0.018983
vt 0.962595 0.020180
vt 0.962475 0.020180
vt 0.962595 0.009766
vt 0.962475 0.018983
vt 0.962715 0.020180
vt 0.962954 0.009766
vt 0.962834 0.018983
vt 0.962954 0.020180
vt 0.963193 0.009766
vt 0.963073 0.018983
vt 0.963073 0.020180
vt 0.963552 0.009766
vt 0.963432 0.018983
vt 0.963313 0.020180
vt 0.963910 0.009766
vt 0.963791 0.018983
vt 0.963432 0.020180
vt 0.849112 0.290225
vt 0.860592 0.509757
vt 0.858559 0.535253
vt 0.586510 0.009766
vt 0.563191 0.229178
vt 0.562832 0.254794
vt 0.494073 0.563502
vt 0.520979 0.564101
vt 0.527436 0.528430
vt 0.491322 0.525677
vt 0.828663 0.601208
vt 0.843731 0.572360
vt 0.589021 0.325297
vt 0.574432 0.293577
vt 0.608871 0.646336
vt 0.611622 0.639513
vt 0.628483 0.646695
vt 0.626091 0.639632
vt 0.613774 0.634725
vt 0.624297 0.635802
vt 0.774493 0.294295
vt 0.786929 0.513348
vt 0.762773 0.295013
vt 0.775569 0.514186
vt 0.790277 0.563383
vt 0.778797 0.564580
vt 0.794821 0.596779
vt 0.781907 0.597737
vt 0.797931 0.668121
vt 0.751054 0.295731
vt 0.764089 0.514904
vt 0.740053 0.296330
vt 0.753446 0.515502
vt 0.756436 0.565777
vt 0.757034 0.599413
vt 0.768992 0.598695
vt 0.767198 0.565298
vt 0.800442 0.713847
vt 0.788962 0.714565
vt 0.786451 0.668600
vt 0.774851 0.669318
vt 0.764089 0.670156
vt 0.777482 0.715283
vt 0.766839 0.716002
vt 0.695090 0.021616
vt 0.671174 0.241148
vt 0.684208 0.020419
vt 0.660292 0.239831
vt 0.663162 0.290345
vt 0.672489 0.019102
vt 0.648573 0.238394
vt 0.660650 0.017786
vt 0.636973 0.236838
vt 0.640680 0.287711
vt 0.629320 0.286036
vt 0.652280 0.289028
vt 0.658139 0.321108
vt 0.647018 0.320509
vt 0.659215 0.390415
vt 0.648094 0.390415
vt 0.661248 0.436739
vt 0.650247 0.436380
vt 0.654791 0.558834
vt 0.643670 0.557757
vt 0.648094 0.629937
vt 0.638647 0.625747
vt 0.630635 0.553567
vt 0.630635 0.620600
vt 0.624776 0.497787
vt 0.626330 0.435901
vt 0.638528 0.436141
vt 0.636256 0.390415
vt 0.634940 0.319791
vt 0.622504 0.319073
vt 0.624297 0.390654
vt 0.173473 0.195781
vt 0.192846 0.246774
vt 0.146328 0.206793
vt 0.164266 0.258026
vt 0.697362 0.060998
vt 0.708722 0.058125
vt 0.706092 0.094394
vt 0.717452 0.091402
vt 0.720083 0.055132
vt 0.728812 0.088409
vt 0.731443 0.052140
vt 0.740173 0.085536
vt 0.194400 0.348519
vt 0.198944 0.344928
vt 0.198825 0.355702
vt 0.207196 0.354265
vt 0.202412 0.342774
vt 0.213055 0.351512
vt 0.597989 0.499822
vt 0.598229 0.556201
vt 0.606719 0.620480
vt 0.939635 0.324460
vt 0.929232 0.391612
vt 0.900532 0.387542
vt 0.923133 0.436859
vt 0.894553 0.433148
vt 0.909501 0.555483
vt 0.880203 0.552729
vt 0.589260 0.631971
vt 0.576943 0.563862
vt 0.599185 0.626345
vt 0.585792 0.561707
vt 0.551950 0.445477
vt 0.563550 0.443203
vt 0.575030 0.440809
vt 0.587825 0.438415
vt 0.597870 0.485098
vt 0.592010 0.437936
vt 0.622863 0.483542
vt 0.622384 0.435901
vt 0.591532 0.392330
vt 0.620590 0.390774
vt 0.073144 0.009766
vt 0.166298 0.176988
vt 0.047554 0.024010
vt 0.140230 0.189078
vt 0.187823 0.501737
vt 0.127195 0.702116
vt 0.193324 0.448709
vt 0.116672 0.699004
vt 0.181366 0.443682
vt 0.105312 0.695533
vt 0.170006 0.440210
vt 0.093951 0.692181
vt 0.043966 0.026045
vt 0.033682 0.031910
vt 0.023398 0.037776
vt 0.153384 0.265686
vt 0.012994 0.043641
vt 0.142980 0.271432
vt 0.062501 0.682725
vt 0.138077 0.429916
vt 0.090364 0.690984
vt 0.166298 0.439133
vt 0.913447 0.556081
vt 0.927079 0.437338
vt 0.889770 0.432430
vt 0.875420 0.552251
vt 0.801638 0.668001
vt 0.804029 0.713727
vt 0.139751 0.273228
vt 0.009766 0.045437
vt 0.185910 0.520290
vt 0.131859 0.703553
vt 0.587825 0.411123
vt 0.585314 0.325417
vt 0.832490 0.712530
vt 0.830696 0.667642
vt 0.836316 0.712411
vt 0.835479 0.685717
vt 0.832370 0.601089
vt 0.762176 0.716361
vt 0.759306 0.670515
vt 0.733595 0.718396
vt 0.731443 0.673268
vt 0.722833 0.609587
vt 0.330963 0.990237
vt 0.365642 0.988800
vt 0.895749 0.386943
vt 0.906152 0.317756
vt 0.729649 0.718635
vt 0.727856 0.682605
vt 0.931982 0.401308
vt 0.869321 0.016589
vt 0.889411 0.235522
vt 0.897542 0.285557
vt 0.942864 0.009766
vt 0.962954 0.228818
vt 0.963073 0.254554
vt 0.666510 0.300998
vt 0.680860 0.520649
vt 0.685284 0.545787
vt 0.322114 0.600490
vt 0.348661 0.599413
vt 0.352966 0.563143
vt 0.316972 0.562665
vt 0.951833 0.293337
vt 0.703939 0.581817
vt 0.496704 0.560390
vt 0.518348 0.560749
vt 0.496106 0.524959
vt 0.522892 0.527712
vt 0.324625 0.597258
vt 0.345911 0.596301
vt 0.321755 0.561587
vt 0.348422 0.562665
vt 0.597989 0.637119
vt 0.604208 0.631493
vt 0.610067 0.627183
vt 0.627407 0.626465
vt 0.633625 0.630774
vt 0.640202 0.636520
vt 0.891205 0.639273
vt 0.875778 0.636041
vt 0.084146 0.308779
vt 0.126238 0.308180
vt 0.084265 0.313088
vt 0.126358 0.312729
vt 0.052098 0.314524
vt 0.051978 0.310215
vt 0.009885 0.315123
vt 0.009766 0.310574
vt 0.763013 0.146464
vt 0.805225 0.148260
vt 0.762893 0.150654
vt 0.804986 0.152928
vt 0.730726 0.150175
vt 0.730845 0.145985
vt 0.688633 0.148379
vt 0.688752 0.143711
vt 0.118466 0.302554
vt 0.084504 0.302913
vt 0.051500 0.304709
vt 0.017538 0.304829
vt 0.118585 0.318475
vt 0.084624 0.318475
vt 0.051739 0.320390
vt 0.017658 0.320749
vt 0.797691 0.142275
vt 0.763730 0.140599
vt 0.730845 0.140479
vt 0.696884 0.138564
vt 0.796974 0.158195
vt 0.763013 0.156160
vt 0.730008 0.156040
vt 0.696047 0.154364
vt 0.926003 0.648370
vt 0.968215 0.648370
vt 0.926122 0.652680
vt 0.968215 0.653039
vt 0.893955 0.653518
vt 0.893835 0.649328
vt 0.851743 0.653518
vt 0.851623 0.648969
vt 0.730726 0.171003
vt 0.688633 0.169207
vt 0.730845 0.166813
vt 0.688752 0.164659
vt 0.763013 0.167172
vt 0.762893 0.171482
vt 0.805225 0.168968
vt 0.805106 0.173636
vt 0.726301 0.191711
vt 0.684208 0.190155
vt 0.726421 0.187522
vt 0.684328 0.185487
vt 0.758588 0.187761
vt 0.758469 0.192070
vt 0.800801 0.189437
vt 0.800681 0.193985
vt 0.930427 0.668720
vt 0.972640 0.668720
vt 0.930547 0.673029
vt 0.972640 0.673388
vt 0.898379 0.673867
vt 0.898260 0.669677
vt 0.856167 0.673867
vt 0.856047 0.669318
vt 0.084146 0.414116
vt 0.126358 0.413517
vt 0.084146 0.418305
vt 0.126358 0.418185
vt 0.052098 0.419622
vt 0.051978 0.415432
vt 0.009885 0.420220
vt 0.009766 0.415552
vt 0.084146 0.434584
vt 0.126358 0.433986
vt 0.084146 0.438774
vt 0.126358 0.438654
vt 0.052098 0.440091
vt 0.051978 0.435901
vt 0.009885 0.440689
vt 0.009766 0.436021
vt 0.538079 0.412919
vt 0.580291 0.412440
vt 0.538198 0.417108
vt 0.580411 0.416988
vt 0.506031 0.418425
vt 0.505911 0.414235
vt 0.463818 0.419023
vt 0.463818 0.414355
vt 0.084146 0.711333
vt 0.126358 0.711692
vt 0.084146 0.715523
vt 0.126358 0.716361
vt 0.051978 0.716241
vt 0.051978 0.711932
vt 0.009766 0.715882
vt 0.009766 0.711213
vt 0.960443 0.642744
vt 0.926481 0.642505
vt 0.893596 0.643822
vt 0.859515 0.643343
vt 0.960443 0.658545
vt 0.926362 0.658066
vt 0.893477 0.659383
vt 0.859396 0.659263
vt 0.696047 0.175192
vt 0.730008 0.176868
vt 0.763013 0.176868
vt 0.796974 0.178903
vt 0.696764 0.159392
vt 0.730845 0.161307
vt 0.763730 0.161307
vt 0.797691 0.162983
vt 0.691742 0.196020
vt 0.725703 0.197577
vt 0.758588 0.197577
vt 0.792549 0.199372
vt 0.692340 0.180220
vt 0.726301 0.182015
vt 0.759306 0.181896
vt 0.793267 0.183452
vt 0.964867 0.663094
vt 0.930906 0.662854
vt 0.897901 0.664171
vt 0.863940 0.663692
vt 0.964747 0.679014
vt 0.930786 0.678415
vt 0.897901 0.679732
vt 0.863820 0.679612
vt 0.118466 0.408011
vt 0.084504 0.408250
vt 0.051619 0.409926
vt 0.017538 0.409926
vt 0.118585 0.423811
vt 0.084624 0.423811
vt 0.051739 0.425487
vt 0.017658 0.425727
vt 0.118466 0.428480
vt 0.084504 0.428719
vt 0.051619 0.430395
vt 0.017538 0.430395
vt 0.118585 0.444280
vt 0.084624 0.444280
vt 0.051739 0.446076
vt 0.017658 0.446195
vt 0.572519 0.406814
vt 0.538438 0.407053
vt 0.505553 0.408729
vt 0.471591 0.408729
vt 0.572638 0.422734
vt 0.538557 0.422614
vt 0.505672 0.424410
vt 0.471711 0.424649
vt 0.118585 0.705947
vt 0.084624 0.705468
vt 0.051739 0.706425
vt 0.017658 0.705707
vt 0.118346 0.721867
vt 0.084385 0.721029
vt 0.051500 0.722106
vt 0.017419 0.721508
vt 0.361815 0.527472
vt 0.404027 0.528191
vt 0.361815 0.531782
vt 0.404027 0.532859
vt 0.329647 0.532141
vt 0.329647 0.527832
vt 0.287435 0.531303
vt 0.287555 0.526635
vt 0.166538 0.050105
vt 0.124325 0.048190
vt 0.166657 0.045915
vt 0.124564 0.043521
vt 0.198825 0.046514
vt 0.198705 0.050703
vt 0.241037 0.048549
vt 0.240798 0.053097
vt 0.396374 0.522445
vt 0.362413 0.521607
vt 0.329528 0.522325
vt 0.295447 0.521248
vt 0.396015 0.538365
vt 0.362054 0.537168
vt 0.329050 0.538006
vt 0.295088 0.537049
vt 0.131859 0.054175
vt 0.165820 0.055970
vt 0.198705 0.056210
vt 0.232666 0.058364
vt 0.132696 0.038374
vt 0.166657 0.040409
vt 0.199542 0.040648
vt 0.233504 0.042444
vt 0.602892 0.722705
vt 0.560799 0.722226
vt 0.602892 0.718515
vt 0.560799 0.717558
vt 0.635060 0.718036
vt 0.635060 0.722226
vt 0.677272 0.718635
vt 0.677272 0.723184
vt 0.648333 0.676979
vt 0.690546 0.677697
vt 0.648333 0.681169
vt 0.690546 0.682246
vt 0.616166 0.681528
vt 0.616166 0.677338
vt 0.573954 0.680929
vt 0.573954 0.676261
vt 0.898260 0.694336
vt 0.856167 0.694216
vt 0.898260 0.690026
vt 0.856047 0.689548
vt 0.930427 0.689188
vt 0.930427 0.693378
vt 0.972640 0.689188
vt 0.972640 0.693857
vt 0.065132 0.397118
vt 0.023039 0.396041
vt 0.065252 0.392809
vt 0.023039 0.391372
vt 0.097419 0.392809
vt 0.097300 0.396998
vt 0.139632 0.393886
vt 0.139512 0.398554
vt 0.073981 0.376769
vt 0.031769 0.375692
vt 0.074101 0.372579
vt 0.031888 0.371143
vt 0.106268 0.372460
vt 0.106149 0.376769
vt 0.148361 0.373657
vt 0.148361 0.378205
vt 0.334072 0.511672
vt 0.291860 0.510714
vt 0.334072 0.507363
vt 0.291979 0.506166
vt 0.366240 0.507123
vt 0.366240 0.511313
vt 0.408452 0.507841
vt 0.408452 0.512510
vt 0.665912 0.655792
vt 0.708125 0.655792
vt 0.666032 0.659981
vt 0.708244 0.660460
vt 0.633864 0.660939
vt 0.633744 0.656750
vt 0.591652 0.660939
vt 0.591652 0.656390
vt 0.726301 0.212659
vt 0.684208 0.211222
vt 0.726421 0.208469
vt 0.684328 0.206674
vt 0.758588 0.208589
vt 0.758469 0.212779
vt 0.800801 0.210025
vt 0.800681 0.214574
vt 0.568453 0.727972
vt 0.602414 0.728570
vt 0.635419 0.727732
vt 0.669380 0.728690
vt 0.568692 0.712051
vt 0.602653 0.713009
vt 0.635658 0.712171
vt 0.669619 0.712770
vt 0.682893 0.671832
vt 0.648931 0.671114
vt 0.615927 0.671832
vt 0.581966 0.670874
vt 0.682534 0.687752
vt 0.648573 0.686675
vt 0.615568 0.687393
vt 0.581607 0.686675
vt 0.863820 0.699842
vt 0.897901 0.700201
vt 0.930786 0.698884
vt 0.964747 0.699363
vt 0.863940 0.684041
vt 0.897901 0.684520
vt 0.930906 0.683323
vt 0.964867 0.683563
vt 0.030573 0.401906
vt 0.064534 0.402983
vt 0.097539 0.402505
vt 0.131500 0.403821
vt 0.031051 0.385986
vt 0.065013 0.387422
vt 0.098017 0.386943
vt 0.131978 0.388021
vt 0.039422 0.381557
vt 0.073383 0.382634
vt 0.106388 0.382155
vt 0.140349 0.383592
vt 0.039900 0.365756
vt 0.073862 0.367073
vt 0.106866 0.366594
vt 0.140827 0.367791
vt 0.299513 0.516580
vt 0.333474 0.517418
vt 0.366479 0.516819
vt 0.400440 0.517896
vt 0.299872 0.500779
vt 0.333833 0.501856
vt 0.366837 0.501258
vt 0.400799 0.502096
vt 0.700471 0.650166
vt 0.666390 0.649927
vt 0.633505 0.651243
vt 0.599424 0.650764
vt 0.700352 0.665967
vt 0.666271 0.665488
vt 0.633386 0.666804
vt 0.599424 0.666685
vt 0.691742 0.217207
vt 0.725703 0.218524
vt 0.758708 0.218285
vt 0.792669 0.219961
vt 0.692340 0.201287
vt 0.726301 0.202963
vt 0.759306 0.202724
vt 0.793267 0.204040
vt 0.842893 0.709897
vt 0.888095 0.709657
vt 0.842893 0.714685
vt 0.887976 0.714086
vt 0.913208 0.710136
vt 0.913208 0.714565
vt 0.958410 0.709657
vt 0.958410 0.714445
vt 0.684208 0.727852
vt 0.729290 0.728091
vt 0.684208 0.732640
vt 0.729290 0.732401
vt 0.754522 0.728690
vt 0.754522 0.732999
vt 0.799724 0.728450
vt 0.799724 0.733238
vt 0.848155 0.704151
vt 0.887856 0.704750
vt 0.913925 0.704869
vt 0.952670 0.703792
vt 0.848633 0.720550
vt 0.887258 0.719353
vt 0.913327 0.719473
vt 0.953028 0.720071
vt 0.689589 0.722226
vt 0.729290 0.723184
vt 0.755359 0.723303
vt 0.793984 0.722585
vt 0.689948 0.738625
vt 0.728573 0.737787
vt 0.754642 0.737907
vt 0.794343 0.738864
vt 0.036193 0.330684
vt 0.081395 0.329966
vt 0.036313 0.335472
vt 0.081395 0.334395
vt 0.106627 0.330086
vt 0.106627 0.334514
vt 0.151709 0.329008
vt 0.151829 0.333796
vt 0.009766 0.351392
vt 0.054968 0.350674
vt 0.009885 0.356180
vt 0.054968 0.355103
vt 0.080080 0.350794
vt 0.080199 0.355223
vt 0.125282 0.349716
vt 0.125401 0.354504
vt 0.750337 0.104928
vt 0.795419 0.103372
vt 0.750457 0.109596
vt 0.795539 0.107681
vt 0.820651 0.102893
vt 0.820771 0.107322
vt 0.865734 0.101097
vt 0.865973 0.105886
vt 0.750337 0.083980
vt 0.795419 0.082544
vt 0.750457 0.088768
vt 0.795539 0.086853
vt 0.820651 0.082185
vt 0.820771 0.086494
vt 0.865734 0.080150
vt 0.865973 0.084938
vt 0.754642 0.125636
vt 0.799844 0.124080
vt 0.754881 0.130424
vt 0.799963 0.128509
vt 0.825076 0.123721
vt 0.825195 0.128150
vt 0.870158 0.121925
vt 0.870397 0.126594
vt 0.745912 0.063272
vt 0.791114 0.061716
vt 0.746032 0.067940
vt 0.791234 0.066025
vt 0.816227 0.061237
vt 0.816346 0.065666
vt 0.861309 0.059322
vt 0.861548 0.064110
vt 0.120020 0.072250
vt 0.165103 0.070813
vt 0.120140 0.077038
vt 0.165222 0.075122
vt 0.190334 0.070454
vt 0.190454 0.074763
vt 0.235417 0.068419
vt 0.235656 0.073207
vt 0.097898 0.026284
vt 0.142860 0.021855
vt 0.098376 0.031072
vt 0.143339 0.026284
vt 0.167973 0.019821
vt 0.168451 0.024249
vt 0.212935 0.015032
vt 0.213414 0.019821
vt 0.041455 0.324938
vt 0.081156 0.325058
vt 0.107225 0.324819
vt 0.145850 0.323143
vt 0.042172 0.341337
vt 0.080797 0.339662
vt 0.106866 0.339422
vt 0.146567 0.339542
vt 0.015027 0.345647
vt 0.054728 0.345766
vt 0.080797 0.345527
vt 0.119422 0.343851
vt 0.015745 0.361926
vt 0.054370 0.360370
vt 0.080439 0.360130
vt 0.120140 0.360250
vt 0.755479 0.099063
vt 0.795180 0.098464
vt 0.821249 0.097626
vt 0.859874 0.095352
vt 0.756436 0.115342
vt 0.795061 0.113068
vt 0.821130 0.112230
vt 0.860711 0.111631
vt 0.755479 0.078115
vt 0.795180 0.077636
vt 0.821249 0.076798
vt 0.859874 0.074524
vt 0.756436 0.094514
vt 0.795061 0.092240
vt 0.821130 0.091402
vt 0.860831 0.090803
vt 0.759903 0.119771
vt 0.799605 0.119172
vt 0.825674 0.118454
vt 0.864179 0.116180
vt 0.760860 0.136170
vt 0.799366 0.133776
vt 0.825434 0.133058
vt 0.865136 0.132459
vt 0.751054 0.057407
vt 0.790756 0.056808
vt 0.816825 0.055970
vt 0.855449 0.053576
vt 0.752011 0.073686
vt 0.790636 0.071412
vt 0.816705 0.070574
vt 0.856406 0.069975
vt 0.125162 0.066384
vt 0.164863 0.065905
vt 0.190813 0.065067
vt 0.229438 0.062673
vt 0.126119 0.082783
vt 0.164624 0.080509
vt 0.190813 0.079671
vt 0.230394 0.079072
vt 0.102681 0.020180
vt 0.142262 0.016948
vt 0.168212 0.014554
vt 0.206598 0.009766
vt 0.104714 0.036339
vt 0.143100 0.031551
vt 0.169049 0.029157
vt 0.208630 0.026045
vt 0.918948 0.729887
vt 0.944060 0.730485
vt 0.918828 0.734316
vt 0.944060 0.734914
vt 0.873746 0.734675
vt 0.873746 0.729887
vt 0.989262 0.734914
vt 0.989262 0.730126
vt 0.747228 0.017307
vt 0.772340 0.018863
vt 0.746989 0.021616
vt 0.772101 0.023292
vt 0.701787 0.019940
vt 0.702026 0.015152
vt 0.817183 0.025207
vt 0.817422 0.020419
vt 0.983522 0.724141
vt 0.944897 0.725218
vt 0.918828 0.724979
vt 0.879127 0.724261
vt 0.879485 0.740540
vt 0.918110 0.739583
vt 0.944179 0.739702
vt 0.983881 0.740540
vt 0.811922 0.014314
vt 0.773297 0.013596
vt 0.747228 0.012399
vt 0.707646 0.009766
vt 0.707287 0.026165
vt 0.745912 0.026883
vt 0.771981 0.028200
vt 0.811563 0.030594
vt 0.747108 0.038254
vt 0.772340 0.039811
vt 0.746989 0.042683
vt 0.772101 0.044240
vt 0.701787 0.041127
vt 0.702026 0.036339
vt 0.817183 0.046155
vt 0.817422 0.041367
vt 0.362174 0.491203
vt 0.337062 0.490245
vt 0.362293 0.486774
vt 0.337181 0.485816
vt 0.407495 0.487133
vt 0.407376 0.491921
vt 0.291979 0.485218
vt 0.291860 0.489886
vt 0.063817 0.286395
vt 0.089048 0.287472
vt 0.063697 0.290824
vt 0.088929 0.291781
vt 0.018615 0.290225
vt 0.018615 0.285437
vt 0.134131 0.292858
vt 0.134131 0.288070
vt 0.720681 0.268918
vt 0.745793 0.269996
vt 0.720441 0.273347
vt 0.745673 0.274425
vt 0.675359 0.272749
vt 0.675479 0.267961
vt 0.790875 0.275382
vt 0.790995 0.270594
vt 0.725105 0.228818
vt 0.750217 0.229776
vt 0.724986 0.233128
vt 0.750098 0.234205
vt 0.679784 0.232529
vt 0.679903 0.227741
vt 0.795300 0.235163
vt 0.795419 0.230375
vt 0.755957 0.249407
vt 0.781070 0.250484
vt 0.755718 0.253836
vt 0.780950 0.254794
vt 0.710636 0.253237
vt 0.710755 0.248449
vt 0.826152 0.255871
vt 0.826272 0.251083
vt 0.055087 0.265686
vt 0.080199 0.266764
vt 0.054968 0.270115
vt 0.080080 0.271073
vt 0.009766 0.269397
vt 0.009885 0.264609
vt 0.125282 0.272030
vt 0.125401 0.267242
vt 0.606001 0.697208
vt 0.631114 0.697927
vt 0.605882 0.701637
vt 0.631114 0.702356
vt 0.560799 0.701757
vt 0.560799 0.696969
vt 0.676316 0.702595
vt 0.676316 0.697807
vt 0.811922 0.035142
vt 0.773297 0.034544
vt 0.747228 0.033347
vt 0.707646 0.030953
vt 0.707287 0.047232
vt 0.746032 0.047950
vt 0.771981 0.049147
vt 0.811683 0.051541
vt 0.297480 0.495991
vt 0.336224 0.495512
vt 0.362293 0.496111
vt 0.401875 0.497427
vt 0.401755 0.481148
vt 0.363130 0.481507
vt 0.337062 0.480909
vt 0.297360 0.479592
vt 0.128511 0.281966
vt 0.089886 0.282205
vt 0.063817 0.281487
vt 0.024115 0.279931
vt 0.024235 0.296210
vt 0.062860 0.296090
vt 0.088929 0.296689
vt 0.128630 0.298365
vt 0.785374 0.264489
vt 0.746630 0.264729
vt 0.720561 0.264011
vt 0.680979 0.262454
vt 0.680979 0.278853
vt 0.719604 0.278614
vt 0.745673 0.279332
vt 0.785374 0.280888
vt 0.789679 0.224389
vt 0.751054 0.224509
vt 0.724986 0.223911
vt 0.685404 0.222235
vt 0.685404 0.238514
vt 0.724029 0.238394
vt 0.750098 0.239113
vt 0.789799 0.240669
vt 0.820651 0.244978
vt 0.781907 0.245218
vt 0.755838 0.244499
vt 0.716256 0.242823
vt 0.716256 0.259223
vt 0.754881 0.259103
vt 0.780950 0.259701
vt 0.820651 0.261377
vt 0.119781 0.261257
vt 0.081036 0.261377
vt 0.054968 0.260779
vt 0.015386 0.259103
vt 0.015386 0.275502
vt 0.054011 0.275382
vt 0.080080 0.275981
vt 0.119781 0.277656
vt 0.670576 0.691942
vt 0.631951 0.692660
vt 0.605882 0.692301
vt 0.566181 0.691343
vt 0.566420 0.707622
vt 0.605164 0.706904
vt 0.631233 0.707263
vt 0.670934 0.708221
vt 0.573236 0.042923
vt 0.522414 0.271193
vt 0.570366 0.042324
vt 0.519544 0.270594
vt 0.468721 0.298006
vt 0.465851 0.297287
vt 0.452817 0.483423
vt 0.449827 0.482824
vt 0.439185 0.562545
vt 0.436434 0.561228
vt 0.413474 0.617128
vt 0.412996 0.614256
vt 0.432129 0.010604
vt 0.387286 0.249287
vt 0.429259 0.009766
vt 0.384416 0.248928
vt 0.432966 0.294175
vt 0.429977 0.294415
vt 0.420291 0.479831
vt 0.417301 0.479951
vt 0.422443 0.557517
vt 0.419334 0.557517
vt 0.400679 0.608630
vt 0.397809 0.608271
vt 0.406180 0.611622
vt 0.404147 0.614016
vt 0.407017 0.611981
vt 0.405223 0.614495
vt 0.407854 0.612340
vt 0.408572 0.612580
vt 0.407256 0.615213
vt 0.409409 0.612819
vt 0.408093 0.615572
vt 0.552309 0.038374
vt 0.500889 0.268799
vt 0.520979 0.031312
vt 0.472668 0.260180
vt 0.459514 0.296809
vt 0.456883 0.296809
vt 0.437152 0.255631
vt 0.442772 0.295133
vt 0.407974 0.253716
vt 0.440261 0.294774
vt 0.426987 0.480191
vt 0.429020 0.558834
vt 0.452219 0.015870
vt 0.483191 0.023052
vt 0.429977 0.559074
vt 0.429259 0.480310
vt 0.441815 0.481747
vt 0.430814 0.559313
vt 0.431771 0.559552
vt 0.432488 0.559792
vt 0.444087 0.482106
vt 0.445762 0.482106
vt 0.461427 0.296569
vt 0.508901 0.269397
vt 0.560082 0.040170
vt 0.410844 0.616530
vt 0.411442 0.613777
vt 0.562354 0.040648
vt 0.511053 0.270474
vt 0.464297 0.297647
vt 0.448153 0.482824
vt 0.434760 0.560630
vt 0.403430 0.026045
vt 0.369707 0.262814
vt 0.400440 0.025566
vt 0.366837 0.262095
vt 0.315537 0.291063
vt 0.312667 0.290225
vt 0.264356 0.628859
vt 0.261486 0.628141
vt 0.250484 0.705588
vt 0.247614 0.704869
vt 0.240200 0.764121
vt 0.237808 0.762685
vt 0.257779 0.010005
vt 0.236134 0.246175
vt 0.254789 0.009766
vt 0.233145 0.246055
vt 0.281576 0.285676
vt 0.278586 0.285557
vt 0.232188 0.623712
vt 0.229199 0.623473
vt 0.233384 0.702475
vt 0.230394 0.702475
vt 0.224176 0.760291
vt 0.221306 0.760770
vt 0.230394 0.761727
vt 0.229318 0.764720
vt 0.231351 0.761967
vt 0.230514 0.764959
vt 0.232188 0.762086
vt 0.230634 0.764959
vt 0.233025 0.762206
vt 0.232906 0.765079
vt 0.233862 0.762326
vt 0.233982 0.765199
vt 0.382264 0.023052
vt 0.348422 0.260300
vt 0.349857 0.018863
vt 0.320918 0.251203
vt 0.306688 0.289507
vt 0.304177 0.289267
vt 0.285880 0.247492
vt 0.290903 0.287113
vt 0.256702 0.248928
vt 0.288511 0.286754
vt 0.238885 0.624430
vt 0.240081 0.703433
vt 0.278586 0.012040
vt 0.310634 0.014913
vt 0.240918 0.703553
vt 0.241037 0.624789
vt 0.253474 0.626585
vt 0.241874 0.703792
vt 0.242711 0.703912
vt 0.243548 0.704031
vt 0.255746 0.627064
vt 0.257420 0.627064
vt 0.308481 0.289267
vt 0.356314 0.260779
vt 0.390036 0.024249
vt 0.237330 0.765079
vt 0.236134 0.762565
vt 0.392428 0.024609
vt 0.358586 0.261976
vt 0.311232 0.290464
vt 0.259692 0.627902
vt 0.245820 0.704630
vt 0.512847 0.954805
vt 0.478168 0.953967
vt 0.513565 0.927753
vt 0.478766 0.926915
s 1
usemtl Metal2
f 43/43/20 44/44/20 45/45/28
f 44/44/20 46/46/20 45/45/28
f 45/45/28 46/46/20 47/47/29
f 46/46/20 48/48/20 47/47/29
f 48/48/20 49/49/30 47/47/29
f 49/49/30 50/50/31 47/47/29
f 50/50/31 51/51/32 47/47/29
f 47/47/29 51/51/32 45/45/28
f 51/51/32 52/52/33 45/45/28
f 53/53/12 54/54/34 55/55/12
f 54/54/34 56/56/35 55/55/12
f 55/55/12 56/56/35 57/57/12
f 57/57/12 56/56/35 58/58/12
f 58/58/12 56/56/35 59/59/36
f 56/56/35 60/60/37 59/59/36
f 59/59/36 60/60/37 61/61/38
f 54/54/34 62/62/37 56/56/35
f 56/56/35 62/62/37 60/60/37
f 85/85/12 86/86/12 87/87/52
f 86/86/12 88/88/12 87/87/52
f 87/87/52 88/88/12 89/89/53
f 88/88/12 90/90/12 89/89/53
f 90/90/12 91/91/54 89/89/53
f 91/91/54 92/92/55 89/89/53
f 92/92/55 93/93/56 89/89/53
f 89/89/53 93/93/56 87/87/52
f 93/93/56 94/94/57 87/87/52
f 95/95/20 96/96/58 97/97/20
f 96/96/58 98/98/59 97/97/20
f 97/97/20 98/98/59 99/99/20
f 99/99/20 98/98/59 100/100/20
f 100/100/20 98/98/59 101/101/60
f 98/98/59 102/102/61 101/101/60
f 101/101/60 102/102/61 103/103/62
f 96/96/58 104/104/63 98/98/59
f 98/98/59 104/104/63 102/102/61
f 105/105/1 107/106/1 106/107/1
f 106/107/1 107/106/1 108/108/1
f 107/106/1 109/109/1 108/108/1
f 108/108/1 109/109/1 110/110/1
f 111/111/1 113/112/1 112/113/1
f 113/112/1 114/114/1 112/113/1
f 112/113/1 114/114/1 115/115/3
f 114/114/1 116/116/1 115/115/3
f 116/116/1 117/117/3 115/115/3
f 115/115/3 117/117/3 118/118/3
f 117/117/3 119/119/3 118/118/3
f 119/119/3 120/120/1 118/118/3
f 118/118/3 120/120/1 121/121/1
f 120/120/1 122/122/1 121/121/1
f 121/121/1 122/122/1 123/123/1
f 122/122/1 124/124/1 123/123/1
f 123/123/1 124/124/1 125/125/1
f 124/124/1 126/126/1 125/125/1
s 0
f 255/181/131 257/182/131 256/50/131
f 256/50/131 257/182/131 258/51/131
f 257/182/131 259/183/131 258/51/131
f 258/51/131 259/183/131 260/52/131
f 261/61/131 263/60/131 262/184/131
f 262/184/131 263/60/131 264/185/131
f 263/60/131 265/62/131 264/185/131
f 264/185/131 265/62/131 266/186/131
s 1
f 283/43/136 284/45/137 285/191/137
f 284/45/137 286/192/137 285/191/137
f 287/193/137 288/194/137 289/53/136
f 288/194/137 290/54/137 289/53/136
f 291/45/138 292/52/138 293/192/138
f 292/52/138 294/183/138 293/192/138
f 295/194/138 296/186/138 297/54/138
f 296/186/138 298/62/138 297/54/138
f 305/201/20 307/202/20 306/203/20
f 306/203/20 307/202/20 308/204/20
f 307/202/20 309/205/20 308/204/20
f 308/204/20 309/205/20 310/206/20
f 309/205/20 311/207/20 310/206/20
f 310/206/20 311/207/20 312/208/20
f 311/207/20 313/209/20 312/208/20
f 306/203/20 308/204/20 314/210/20
f 308/204/20 315/211/20 314/210/20
f 314/210/20 315/211/20 316/212/20
f 315/211/20 317/213/20 316/212/20
f 316/212/20 317/213/20 318/99/20
f 318/99/20 317/213/20 319/97/20
f 317/213/20 320/214/20 319/97/20
f 319/97/20 320/214/20 321/95/20
f 321/95/20 320/214/20 322/215/20
f 322/215/20 320/214/20 323/216/20
f 320/214/20 324/217/20 323/216/20
f 323/216/20 324/217/20 312/208/20
f 312/208/20 324/217/20 310/206/20
f 324/217/20 315/211/20 310/206/20
f 310/206/20 315/211/20 308/204/20
f 315/211/20 324/217/20 317/213/20
f 317/213/20 324/217/20 320/214/20
f 316/212/20 318/99/20 325/100/20
f 326/218/20 327/219/20 313/209/20
f 327/219/20 328/220/20 313/209/20
f 313/209/20 328/220/20 312/208/20
f 312/208/20 328/220/20 323/216/20
f 328/220/20 329/221/20 323/216/20
f 323/216/20 329/221/20 322/215/20
f 322/215/20 329/221/20 330/222/20
f 329/221/20 331/223/20 330/222/20
f 330/222/20 331/223/20 332/224/20
f 327/219/20 331/223/20 328/220/20
f 328/220/20 331/223/20 329/221/20
f 333/225/12 335/226/12 334/227/12
f 334/227/12 335/226/12 336/228/12
f 335/226/12 337/229/12 336/228/12
f 334/227/12 336/228/12 338/230/12
f 336/228/12 339/231/12 338/230/12
f 338/230/12 339/231/12 340/232/12
f 340/232/12 339/231/12 341/233/12
f 339/231/12 342/234/12 341/233/12
f 341/233/12 342/234/12 343/235/12
f 342/234/12 339/231/12 344/236/139
f 339/231/12 336/228/12 344/236/139
f 336/228/12 337/229/12 344/236/139
f 337/229/12 345/237/140 344/236/139
f 344/236/139 345/237/140 346/238/140
f 345/237/140 347/239/140 346/238/140
f 346/238/140 347/239/140 348/240/140
f 347/239/140 349/241/140 348/240/140
f 348/240/140 349/241/140 350/242/140
f 349/241/140 351/243/12 350/242/140
f 350/242/140 351/243/12 352/244/12
f 351/243/12 353/245/12 352/244/12
f 353/245/12 354/246/12 352/244/12
f 352/244/12 354/246/12 355/247/12
f 354/246/12 356/248/12 355/247/12
f 357/249/139 358/250/12 355/247/12
f 358/250/12 359/251/12 355/247/12
f 355/247/12 359/251/12 352/244/12
f 352/244/12 359/251/12 350/242/140
f 359/251/12 360/252/12 350/242/140
f 350/242/140 360/252/12 348/240/140
f 360/252/12 361/253/141 348/240/140
f 348/240/140 361/253/141 346/238/140
f 346/238/140 361/253/141 344/236/139
f 344/236/139 361/253/141 342/234/12
f 342/234/12 361/253/141 343/235/12
f 343/235/12 361/253/141 362/254/12
f 361/253/141 360/252/12 362/254/12
f 362/254/12 360/252/12 363/255/12
f 360/252/12 359/251/12 363/255/12
f 363/255/12 359/251/12 358/250/12
f 364/256/142 366/257/143 365/258/142
f 365/258/142 366/257/143 367/259/144
f 366/257/143 368/126/145 367/259/144
f 367/259/144 368/126/145 369/124/145
f 384/249/146 386/247/147 385/274/146
f 385/274/146 386/247/147 387/275/148
f 386/247/147 388/248/149 387/275/148
f 387/275/148 388/248/149 389/276/149
f 390/277/150 392/278/150 391/85/150
s 0
f 391/85/151 392/278/151 393/279/151
f 392/278/152 394/280/152 393/279/152
f 393/279/152 394/280/152 395/281/152
f 394/280/152 396/282/152 395/281/152
f 395/281/152 396/282/152 397/283/152
f 396/282/152 398/109/152 397/283/152
f 397/283/152 398/109/152 399/106/152
s 1
f 400/284/20 402/285/20 401/286/20
f 401/286/20 402/285/20 403/287/20
f 402/285/20 404/288/20 403/287/20
f 404/288/20 405/289/20 403/287/20
f 403/287/20 405/289/20 406/275/20
f 405/289/20 407/290/20 406/275/20
f 406/275/20 407/290/20 408/274/20
f 407/290/20 409/291/20 408/274/20
f 401/286/20 403/287/20 410/276/20
f 403/287/20 406/275/20 410/276/20
f 411/292/153 412/293/154 413/294/153
f 413/294/153 412/293/154 414/295/154
f 412/293/154 415/296/131 414/295/154
f 414/295/154 415/296/131 416/297/131
s 0
f 415/296/131 417/193/131 416/297/131
f 416/297/131 417/193/131 418/53/131
s 1
f 419/298/155 421/299/155 420/300/155
f 420/300/155 421/299/155 422/301/155
f 423/302/20 425/303/20 424/304/20
f 425/303/20 426/305/20 424/304/20
f 424/304/20 426/305/20 427/306/20
f 426/305/20 428/307/20 427/306/20
f 427/306/20 428/307/20 429/308/20
f 428/307/20 430/309/20 429/308/20
f 429/308/20 431/116/20 427/306/20
f 431/116/20 432/114/20 427/306/20
f 427/306/20 432/114/20 424/304/20
f 432/114/20 433/112/20 424/304/20
f 434/310/12 435/258/12 436/311/12
f 435/258/12 437/259/12 436/311/12
f 436/311/12 437/259/12 438/312/12
f 437/259/12 439/313/12 438/312/12
f 438/312/12 439/313/12 440/314/12
f 440/314/12 439/313/12 441/315/12
f 439/313/12 442/122/12 441/315/12
f 441/315/12 442/122/12 443/120/12
f 437/259/12 444/124/12 439/313/12
f 439/313/12 444/124/12 442/122/12
s 0
f 445/316/131 447/317/131 446/318/131
f 446/318/131 447/317/131 448/319/131
f 447/317/131 449/119/131 448/319/131
f 448/319/131 449/119/131 450/117/131
s 1
f 451/320/20 453/282/20 452/321/20
f 452/321/20 453/282/20 454/280/20
f 455/322/12 457/281/12 456/323/12
f 456/323/12 457/281/12 458/283/12
f 459/110/156 461/109/156 460/320/20
f 460/320/20 461/109/156 462/282/20
f 463/323/12 465/283/12 464/105/12
f 464/105/12 465/283/12 466/106/12
f 467/58/12 469/232/12 468/57/12
f 469/232/12 470/233/12 468/57/12
f 470/233/12 471/235/12 468/57/12
f 468/57/12 471/235/12 472/55/12
f 471/235/12 473/254/12 472/55/12
f 472/55/12 473/254/12 474/53/12
f 473/254/12 475/255/12 474/53/12
f 474/53/12 475/255/12 476/297/12
f 475/255/12 477/250/12 476/297/12
f 476/297/12 477/250/12 478/295/12
f 479/249/12 481/294/12 480/250/12
f 480/250/12 481/294/12 482/295/12
f 483/274/157 485/292/158 484/249/157
f 484/249/157 485/292/158 486/294/157
f 487/291/20 489/293/20 488/274/20
f 488/274/20 489/293/20 490/292/20
f 491/48/156 493/46/20 492/201/156
f 492/201/156 493/46/20 494/202/20
f 493/46/20 495/44/20 494/202/20
f 494/202/20 495/44/20 496/205/20
f 495/44/20 497/43/20 496/205/20
f 496/205/20 497/43/20 498/207/20
f 497/43/20 499/324/20 498/207/20
f 498/207/20 499/324/20 500/209/20
f 500/209/20 499/324/20 501/218/20
f 499/324/20 502/325/20 501/218/20
f 503/315/12 504/326/12 505/314/12
f 504/326/12 506/327/12 505/314/12
f 507/309/156 508/318/156 509/308/156
f 508/318/156 510/319/156 509/308/156
f 511/120/12 512/119/12 513/315/12
f 512/119/12 514/326/12 513/315/12
f 515/308/20 516/319/20 517/116/20
f 516/319/20 518/117/20 517/116/20
f 519/302/20 520/328/20 521/303/20
f 520/328/20 522/329/20 521/303/20
f 523/258/142 524/301/142 525/256/142
f 524/301/142 526/299/159 525/256/142
f 527/310/139 528/300/139 529/258/12
f 528/300/139 530/301/12 529/258/12
f 531/293/20 532/291/20 533/296/20
f 532/291/20 534/330/20 533/296/20
f 534/330/20 535/331/20 533/296/20
f 533/296/20 535/331/20 536/193/20
f 537/332/12 539/333/12 538/334/12
f 538/334/12 539/333/12 540/335/139
f 539/333/12 541/191/12 540/335/139
f 540/335/139 541/191/12 542/336/12
s 0
f 543/325/131 545/324/131 544/332/131
f 544/332/131 545/324/131 546/333/131
f 545/324/131 547/43/131 546/333/131
f 546/333/131 547/43/131 548/191/131
s 1
f 549/337/156 551/338/20 550/224/156
f 550/224/156 551/338/20 552/222/20
f 551/338/20 553/95/156 552/222/20
f 552/222/20 553/95/156 554/215/156
f 555/337/160 557/339/160 556/338/152
f 557/339/160 558/340/152 556/338/152
s 0
f 558/340/152 559/341/152 556/338/152
s 1
f 556/338/152 559/341/152 560/95/152
f 565/281/12 567/322/12 566/279/12
f 567/322/12 568/344/12 566/279/12
f 568/344/12 569/345/12 566/279/12
f 566/279/12 569/345/12 570/85/12
f 571/346/12 573/347/12 572/339/12
f 572/339/12 573/347/12 574/340/12
f 575/280/20 577/278/156 576/321/20
f 576/321/20 577/278/156 578/348/156
f 579/349/12 581/90/12 580/350/12
f 581/90/12 582/88/12 580/350/12
f 580/350/12 582/88/12 583/351/12
f 582/88/12 584/86/12 583/351/12
f 583/351/12 584/86/12 585/345/140
f 584/86/12 586/85/12 585/345/140
s 0
f 587/352/152 588/353/152 589/92/152
f 589/92/152 588/353/152 590/93/152
f 588/353/152 591/354/152 590/93/152
f 590/93/152 591/354/152 592/94/152
f 593/103/152 595/102/152 594/355/152
f 594/355/152 595/102/152 596/356/152
f 595/102/152 597/104/152 596/356/152
f 596/356/152 597/104/152 598/357/152
s 1
f 615/85/165 616/87/166 617/277/167
f 616/87/166 618/362/168 617/277/167
f 619/341/169 620/363/170 621/95/169
f 620/363/170 622/96/169 621/95/169
f 623/87/171 624/94/172 625/362/172
f 624/94/172 626/354/172 625/362/172
f 627/363/172 628/357/173 629/96/171
f 628/357/173 630/104/173 629/96/171
f 663/372/1 664/284/1 665/373/1
f 664/284/1 666/286/1 665/373/1
f 665/373/1 666/286/1 667/374/1
f 666/286/1 668/276/1 667/374/1
f 667/374/1 668/276/1 669/375/1
f 668/276/1 670/248/1 669/375/1
f 669/375/1 670/248/1 671/376/1
f 670/248/1 672/246/1 671/376/1
f 671/376/1 672/246/1 673/377/1
f 672/246/1 674/245/1 673/377/1
f 1298/717/1 1300/718/1 1299/704/1
f 1300/718/1 1302/719/1 1301/706/1
f 1303/720/174 1304/702/174 1305/721/174
f 1316/726/1 1318/727/1 1317/714/1
f 1319/728/174 1320/710/174 1321/729/184
f 1428/798/1 1430/799/1 1429/738/1
f 1431/800/174 1432/734/174 1433/801/174
f 1444/806/1 1446/807/1 1445/746/1
f 1447/808/174 1448/742/174 1449/809/174
f 1460/814/1 1462/815/1 1461/754/1
f 1463/816/174 1464/750/174 1465/817/184
f 1471/756/1 1472/820/1 1473/757/3
f 1476/822/3 1478/823/1 1477/762/1
f 1479/824/174 1480/758/174 1481/825/174
f 1492/830/1 1494/831/1 1493/770/1
f 1495/832/174 1496/766/174 1497/833/184
f 1508/838/1 1510/839/1 1509/778/1
f 1511/840/174 1512/774/174 1513/841/174
f 1524/846/3 1526/847/1 1525/786/1
f 1527/848/174 1528/782/174 1529/849/184
f 1540/854/1 1542/855/1 1541/794/1
f 1543/856/174 1544/790/174 1545/857/184
f 1575/876/174 1576/867/174 1577/877/174
f 1583/880/1 1584/864/1 1585/881/3
f 1591/884/174 1592/875/174 1593/885/174
f 1599/888/1 1600/872/1 1601/889/3
f 1703/956/174 1704/899/174 1705/957/184
f 1711/960/1 1712/896/1 1713/961/1
f 1719/964/174 1720/907/174 1721/965/174
f 1727/968/1 1728/904/1 1729/969/3
f 1735/972/174 1736/915/174 1737/973/174
f 1743/976/1 1744/912/1 1745/977/3
f 1751/980/174 1752/923/174 1753/981/184
f 1759/984/1 1760/920/1 1761/985/1
f 1767/988/174 1768/931/174 1769/989/174
f 1775/992/1 1776/928/1 1777/993/3
f 1783/996/174 1784/939/174 1785/997/184
f 1791/1000/1 1792/936/1 1793/1001/3
f 1799/1004/174 1800/947/174 1801/1005/174
f 1807/1008/1 1808/944/1 1809/1009/1
f 1815/1012/174 1816/955/174 1817/1013/174
f 1823/1016/1 1824/952/1 1825/1017/3
f 1831/1020/152 1832/1021/189 1833/1022/152
f 1833/1022/152 1832/1021/189 1834/1023/190
f 1832/1021/189 1835/1024/191 1834/1023/190
f 1834/1023/190 1835/1024/191 1836/1025/192
f 1835/1024/191 1837/1026/152 1836/1025/192
f 1836/1025/192 1837/1026/152 1838/1027/152
s 0
f 1837/1026/152 1839/1028/152 1838/1027/152
f 1838/1027/152 1839/1028/152 1840/1029/152
f 1839/1028/152 1841/1030/152 1840/1029/152
f 1840/1029/152 1841/1030/152 1842/1031/152
s 1
f 1843/1032/131 1845/1033/193 1844/1034/131
f 1844/1034/131 1845/1033/193 1846/1035/194
f 1845/1033/193 1847/1036/195 1846/1035/194
f 1846/1035/194 1847/1036/195 1848/1037/196
f 1847/1036/195 1849/1038/197 1848/1037/196
f 1848/1037/196 1849/1038/197 1850/1039/197
f 1849/1038/197 1851/1040/198 1850/1039/197
f 1850/1039/197 1851/1040/198 1852/1041/198
f 1851/1040/198 1853/1042/131 1852/1041/198
f 1852/1041/198 1853/1042/131 1854/1043/131
f 1855/1042/1 1857/1044/1 1856/1043/1
f 1856/1043/1 1857/1044/1 1858/1045/1
f 1857/1044/1 1859/1046/1 1858/1045/1
f 1858/1045/1 1859/1046/1 1860/1047/174
f 1859/1046/1 1861/1048/1 1860/1047/174
f 1860/1047/174 1861/1048/1 1862/1047/1
f 1861/1048/1 1863/1049/1 1862/1047/1
f 1862/1047/1 1863/1049/1 1864/1050/1
f 1863/1049/1 1865/1051/1 1864/1050/1
f 1864/1050/1 1865/1051/1 1866/1052/1
f 1874/1060/206 1876/1062/208 1875/1061/207
f 1875/1061/207 1876/1062/208 1877/1033/12
f 1877/1033/12 1876/1062/208 1878/1036/12
f 1876/1062/208 1879/1063/12 1878/1036/12
f 1878/1036/12 1879/1063/12 1880/1038/12
f 1879/1063/12 1881/1064/12 1880/1038/12
f 1880/1038/12 1881/1064/12 1882/1040/12
f 1881/1064/12 1883/1044/139 1882/1040/12
f 1882/1040/12 1883/1044/139 1884/1042/12
f 1877/1033/12 1885/1032/12 1875/1061/207
f 1885/1032/12 1886/1065/209 1875/1061/207
f 1883/1044/139 1881/1064/12 1888/1067/12
f 1881/1064/12 1879/1063/12 1888/1067/12
f 1888/1067/12 1879/1063/12 1889/1068/12
f 1879/1063/12 1876/1062/208 1889/1068/12
f 1876/1062/208 1874/1060/206 1889/1068/12
f 1889/1068/12 1874/1060/206 1890/1069/12
f 1874/1060/206 1872/1058/204 1890/1069/12
f 1883/1044/139 1888/1067/12 1891/1046/141
f 1888/1067/12 1892/1070/12 1891/1046/141
f 1891/1046/141 1892/1070/12 1893/1048/12
f 1892/1070/12 1894/1071/139 1893/1048/12
f 1893/1048/12 1894/1071/139 1895/1049/12
f 1894/1071/139 1896/1072/141 1895/1049/12
f 1895/1049/12 1896/1072/141 1897/1051/12
f 1888/1067/12 1889/1068/12 1892/1070/12
f 1889/1068/12 1890/1069/12 1892/1070/12
f 1892/1070/12 1890/1069/12 1894/1071/139
f 1890/1069/12 1898/1073/12 1894/1071/139
f 1894/1071/139 1898/1073/12 1896/1072/141
f 1896/1072/141 1898/1073/12 1899/1074/12
f 1898/1073/12 1871/1057/203 1899/1074/12
f 1899/1074/12 1871/1057/203 1900/1075/139
f 1900/1075/139 1871/1057/203 1901/1076/12
f 1871/1057/203 1902/1054/12 1901/1076/12
f 1901/1076/12 1902/1054/12 1903/1077/12
f 1902/1054/12 1904/1053/12 1903/1077/12
f 1890/1069/12 1872/1058/204 1898/1073/12
f 1872/1058/204 1871/1057/203 1898/1073/12
f 1905/1030/1 1906/1078/1 1907/1031/1
f 1906/1078/1 1908/1079/1 1907/1031/1
f 1909/1022/12 1910/1023/12 1911/1080/12
f 1911/1080/12 1910/1023/12 1912/1081/12
f 1910/1023/12 1913/1025/12 1912/1081/12
f 1912/1081/12 1913/1025/12 1914/1082/141
f 1913/1025/12 1915/1027/139 1914/1082/141
f 1914/1082/141 1915/1027/139 1916/1083/139
f 1915/1027/139 1917/1029/12 1916/1083/139
f 1916/1083/139 1917/1029/12 1918/1084/12
f 1918/1084/12 1917/1029/12 1919/1079/139
f 1917/1029/12 1920/1031/139 1919/1079/139
f 1921/1085/131 1922/1086/211 1923/1087/131
f 1923/1087/131 1922/1086/211 1924/1088/194
f 1922/1086/211 1925/1089/212 1924/1088/194
f 1924/1088/194 1925/1089/212 1926/1090/213
f 1925/1089/212 1927/1091/131 1926/1090/213
f 1926/1090/213 1927/1091/131 1928/1092/131
s 0
f 1927/1091/131 1929/1093/131 1928/1092/131
f 1928/1092/131 1929/1093/131 1930/1094/131
f 1929/1093/131 1931/1095/131 1930/1094/131
f 1930/1094/131 1931/1095/131 1932/1096/131
s 1
f 1933/1097/152 1935/1098/214 1934/1099/152
f 1934/1099/152 1935/1098/214 1936/1100/190
f 1935/1098/214 1937/1101/215 1936/1100/190
f 1936/1100/190 1937/1101/215 1938/1102/216
f 1937/1101/215 1939/1103/217 1938/1102/216
f 1938/1102/216 1939/1103/217 1940/1104/217
f 1939/1103/217 1941/1105/218 1940/1104/217
f 1940/1104/217 1941/1105/218 1942/1106/218
f 1941/1105/218 1943/1107/152 1942/1106/218
f 1942/1106/218 1943/1107/152 1944/1108/152
f 1945/1107/1 1947/1109/1 1946/1108/1
f 1946/1108/1 1947/1109/1 1948/1110/1
f 1947/1109/1 1949/1111/1 1948/1110/1
f 1948/1110/1 1949/1111/1 1950/1112/219
f 1949/1111/1 1951/1113/1 1950/1112/219
f 1950/1112/219 1951/1113/1 1952/1114/220
f 1951/1113/1 1953/1115/1 1952/1114/220
f 1952/1114/220 1953/1115/1 1954/1116/1
f 1953/1115/1 1955/1117/1 1954/1116/1
f 1954/1116/1 1955/1117/1 1956/1118/1
f 1964/1126/228 1966/1128/230 1965/1127/229
f 1965/1127/229 1966/1128/230 1967/1098/20
f 1967/1098/20 1966/1128/230 1968/1101/20
f 1966/1128/230 1969/1129/20 1968/1101/20
f 1968/1101/20 1969/1129/20 1970/1103/20
f 1969/1129/20 1971/1130/20 1970/1103/20
f 1970/1103/20 1971/1130/20 1972/1105/156
f 1971/1130/20 1973/1109/20 1972/1105/156
f 1972/1105/156 1973/1109/20 1974/1107/20
f 1967/1098/20 1975/1097/20 1965/1127/229
f 1975/1097/20 1976/1131/231 1965/1127/229
f 1973/1109/20 1971/1130/20 1978/1133/20
f 1971/1130/20 1969/1129/20 1978/1133/20
f 1978/1133/20 1969/1129/20 1979/1134/20
f 1969/1129/20 1966/1128/230 1979/1134/20
f 1966/1128/230 1964/1126/228 1979/1134/20
f 1979/1134/20 1964/1126/228 1980/1135/20
f 1964/1126/228 1962/1124/226 1980/1135/20
f 1973/1109/20 1978/1133/20 1981/1111/20
f 1978/1133/20 1982/1136/156 1981/1111/20
f 1981/1111/20 1982/1136/156 1983/1113/20
f 1982/1136/156 1984/1137/156 1983/1113/20
f 1983/1113/20 1984/1137/156 1985/1115/20
f 1984/1137/156 1986/1138/156 1985/1115/20
f 1985/1115/20 1986/1138/156 1987/1117/233
f 1978/1133/20 1979/1134/20 1982/1136/156
f 1979/1134/20 1980/1135/20 1982/1136/156
f 1982/1136/156 1980/1135/20 1984/1137/156
f 1980/1135/20 1988/1139/20 1984/1137/156
f 1984/1137/156 1988/1139/20 1986/1138/156
f 1986/1138/156 1988/1139/20 1989/1140/20
f 1988/1139/20 1961/1123/225 1989/1140/20
f 1989/1140/20 1961/1123/225 1990/1141/20
f 1990/1141/20 1961/1123/225 1991/1142/20
f 1961/1123/225 1992/1120/20 1991/1142/20
f 1991/1142/20 1992/1120/20 1993/1143/20
f 1992/1120/20 1994/1119/20 1993/1143/20
f 1980/1135/20 1962/1124/226 1988/1139/20
f 1962/1124/226 1961/1123/225 1988/1139/20
f 1995/1095/1 1996/1144/1 1997/1096/1
f 1996/1144/1 1998/1145/1 1997/1096/1
f 1999/1087/20 2000/1088/20 2001/1146/20
f 2001/1146/20 2000/1088/20 2002/1147/20
f 2000/1088/20 2003/1090/20 2002/1147/20
f 2002/1147/20 2003/1090/20 2004/1148/20
f 2003/1090/20 2005/1092/156 2004/1148/20
f 2004/1148/20 2005/1092/156 2006/1149/156
f 2005/1092/156 2007/1094/156 2006/1149/156
f 2006/1149/156 2007/1094/156 2008/1150/156
f 2008/1150/156 2007/1094/156 2009/1145/156
f 2007/1094/156 2010/1096/156 2009/1145/156
f 2011/1138/20 2012/1150/20 2013/1117/20
f 2012/1150/20 2014/1145/20 2013/1117/20
f 2015/1140/156 2016/1149/156 2017/1138/20
f 2016/1149/156 2018/1150/20 2017/1138/20
f 2019/1141/156 2020/1148/156 2021/1140/156
f 2020/1148/156 2022/1149/156 2021/1140/156
f 2023/1142/20 2024/1147/20 2025/1141/156
f 2024/1147/20 2026/1148/156 2025/1141/156
f 2027/1143/20 2028/1146/20 2029/1142/156
f 2028/1146/20 2030/1147/156 2029/1142/156
f 2031/1117/1 2032/1145/1 2033/1118/1
f 2032/1145/1 2034/1144/1 2033/1118/1
f 2035/1077/12 2036/1080/12 2037/1076/12
f 2036/1080/12 2038/1081/12 2037/1076/12
f 2039/1082/12 2040/1075/12 2041/1081/12
f 2040/1075/12 2042/1076/12 2041/1081/12
f 2043/1083/139 2044/1074/139 2045/1082/12
f 2044/1074/139 2046/1075/12 2045/1082/12
f 2047/1084/12 2048/1072/12 2049/1083/12
f 2048/1072/12 2050/1074/12 2049/1083/12
f 2051/1072/12 2052/1084/12 2053/1051/12
f 2052/1084/12 2054/1079/12 2053/1051/12
f 2055/1051/1 2056/1079/1 2057/1052/1
f 2056/1079/1 2058/1078/1 2057/1052/1
f 2060/1152/234 2064/1154/236 2063/32/234
usemtl Metal2
f 711/380/181 712/381/181 713/382/181
f 712/381/181 714/383/181 713/382/181
f 715/382/20 716/384/20 717/380/20
f 716/384/20 718/385/20 717/380/20
f 719/384/182 720/386/183 721/385/183
f 720/386/183 722/387/183 721/385/183
f 723/388/181 724/389/181 725/390/181
f 724/389/181 726/391/181 725/390/181
f 727/390/20 728/392/20 729/388/20
f 728/392/20 730/393/20 729/388/20
f 731/392/183 732/394/183 733/393/183
f 732/394/183 734/395/183 733/393/183
f 735/396/184 736/381/184 737/397/184
f 736/381/184 738/380/184 737/397/184
f 737/397/184 738/380/184 739/398/174
f 738/380/184 740/385/174 739/398/174
f 739/398/174 740/385/174 741/399/174
f 740/385/174 742/387/174 741/399/174
f 743/383/1 744/400/1 745/382/1
f 744/400/1 746/401/1 745/382/1
f 745/382/1 746/401/1 747/384/3
f 746/401/1 748/402/3 747/384/3
f 747/384/3 748/402/3 749/386/3
f 748/402/3 750/403/3 749/386/3
f 751/404/184 752/389/184 753/405/184
f 752/389/184 754/388/184 753/405/184
f 753/405/184 754/388/184 755/406/174
f 754/388/184 756/393/174 755/406/174
f 755/406/174 756/393/174 757/407/174
f 756/393/174 758/395/174 757/407/174
f 759/391/3 760/408/3 761/390/3
f 760/408/3 762/409/3 761/390/3
f 761/390/3 762/409/3 763/392/1
f 762/409/3 764/410/1 763/392/1
f 763/392/1 764/410/1 765/394/1
f 764/410/1 766/411/1 765/394/1
f 767/412/181 768/413/181 769/414/181
f 768/413/181 770/415/181 769/414/181
f 771/414/20 772/416/20 773/412/20
f 772/416/20 774/417/20 773/412/20
f 775/416/183 776/418/183 777/417/183
f 776/418/183 778/419/183 777/417/183
f 779/420/185 780/421/181 781/422/185
f 780/421/181 782/423/185 781/422/185
f 783/422/20 784/424/20 785/420/20
f 784/424/20 786/425/20 785/420/20
f 787/424/182 788/426/183 789/425/183
f 788/426/183 790/427/183 789/425/183
f 791/428/181 792/429/181 793/430/185
f 792/429/181 794/431/181 793/430/185
f 795/430/20 796/432/20 797/428/20
f 796/432/20 798/433/20 797/428/20
f 799/432/183 800/434/183 801/433/183
f 800/434/183 802/435/183 801/433/183
f 803/436/181 804/437/181 805/438/181
f 804/437/181 806/439/185 805/438/181
f 807/438/20 808/440/20 809/436/20
f 808/440/20 810/441/20 809/436/20
f 811/440/183 812/442/183 813/441/183
f 812/442/183 814/443/183 813/441/183
f 815/444/181 816/445/181 817/446/181
f 816/445/181 818/447/181 817/446/181
f 819/446/20 820/448/20 821/444/20
f 820/448/20 822/449/20 821/444/20
f 823/448/182 824/450/183 825/449/183
f 824/450/183 826/451/183 825/449/183
f 827/452/181 828/453/181 829/454/185
f 828/453/181 830/455/181 829/454/185
f 831/454/20 832/456/20 833/452/20
f 832/456/20 834/457/20 833/452/20
f 835/456/183 836/458/183 837/457/183
f 836/458/183 838/459/183 837/457/183
f 839/460/181 840/461/181 841/462/181
f 840/461/181 842/463/181 841/462/181
f 843/462/20 844/464/20 845/460/20
f 844/464/20 846/465/20 845/460/20
f 847/464/183 848/466/183 849/465/182
f 848/466/183 850/467/183 849/465/182
f 851/468/181 852/469/181 853/470/181
f 852/469/181 854/471/181 853/470/181
f 855/470/20 856/472/20 857/468/20
f 856/472/20 858/473/20 857/468/20
f 859/472/183 860/474/183 861/473/182
f 860/474/183 862/475/183 861/473/182
f 863/476/184 864/413/184 865/477/184
f 864/413/184 866/412/184 865/477/184
f 865/477/184 866/412/184 867/478/174
f 866/412/184 868/417/174 867/478/174
f 867/478/174 868/417/174 869/479/174
f 868/417/174 870/419/174 869/479/174
f 871/415/1 872/480/1 873/414/1
f 872/480/1 874/481/1 873/414/1
f 873/414/1 874/481/1 875/416/1
f 874/481/1 876/482/1 875/416/1
f 875/416/1 876/482/1 877/418/1
f 876/482/1 878/483/1 877/418/1
f 879/484/184 880/421/184 881/485/184
f 880/421/184 882/420/184 881/485/184
f 881/485/184 882/420/184 883/486/174
f 882/420/184 884/425/174 883/486/174
f 883/486/174 884/425/174 885/487/174
f 884/425/174 886/427/174 885/487/174
f 887/423/1 888/488/1 889/422/1
f 888/488/1 890/489/1 889/422/1
f 889/422/1 890/489/1 891/424/3
f 890/489/1 892/490/3 891/424/3
f 891/424/3 892/490/3 893/426/3
f 892/490/3 894/491/3 893/426/3
f 895/492/184 896/429/184 897/493/184
f 896/429/184 898/428/184 897/493/184
f 897/493/184 898/428/184 899/494/174
f 898/428/184 900/433/174 899/494/174
f 899/494/174 900/433/174 901/495/174
f 900/433/174 902/435/174 901/495/174
f 903/431/1 904/496/1 905/430/1
f 904/496/1 906/497/1 905/430/1
f 905/430/1 906/497/1 907/432/3
f 906/497/1 908/498/3 907/432/3
f 907/432/3 908/498/3 909/434/3
f 908/498/3 910/499/3 909/434/3
f 911/500/174 912/437/174 913/501/174
f 912/437/174 914/436/174 913/501/174
f 913/501/174 914/436/174 915/502/184
f 914/436/174 916/441/184 915/502/184
f 915/502/184 916/441/184 917/503/184
f 916/441/184 918/443/184 917/503/184
f 919/439/1 920/504/1 921/438/1
f 920/504/1 922/505/1 921/438/1
f 921/438/1 922/505/1 923/440/3
f 922/505/1 924/506/3 923/440/3
f 923/440/3 924/506/3 925/442/3
f 924/506/3 926/507/3 925/442/3
f 927/508/174 928/445/174 929/509/174
f 928/445/174 930/444/174 929/509/174
f 929/509/174 930/444/174 931/510/184
f 930/444/174 932/449/184 931/510/184
f 931/510/184 932/449/184 933/511/184
f 932/449/184 934/451/184 933/511/184
f 935/447/3 936/512/3 937/446/3
f 936/512/3 938/513/3 937/446/3
f 937/446/3 938/513/3 939/448/1
f 938/513/3 940/514/1 939/448/1
f 939/448/1 940/514/1 941/450/1
f 940/514/1 942/515/1 941/450/1
f 943/516/174 944/453/174 945/517/174
f 944/453/174 946/452/174 945/517/174
f 945/517/174 946/452/174 947/518/174
f 946/452/174 948/457/174 947/518/174
f 947/518/174 948/457/174 949/519/174
f 948/457/174 950/459/174 949/519/174
f 951/455/1 952/520/1 953/454/1
f 952/520/1 954/521/1 953/454/1
f 953/454/1 954/521/1 955/456/3
f 954/521/1 956/522/3 955/456/3
f 955/456/3 956/522/3 957/458/3
f 956/522/3 958/523/3 957/458/3
f 959/524/174 960/461/174 961/525/174
f 960/461/174 962/460/174 961/525/174
f 961/525/174 962/460/174 963/526/174
f 962/460/174 964/465/174 963/526/174
f 963/526/174 964/465/174 965/527/174
f 964/465/174 966/467/174 965/527/174
f 967/463/1 968/528/1 969/462/1
f 968/528/1 970/529/1 969/462/1
f 969/462/1 970/529/1 971/464/3
f 970/529/1 972/530/3 971/464/3
f 971/464/3 972/530/3 973/466/3
f 972/530/3 974/531/3 973/466/3
f 975/532/184 976/469/184 977/533/184
f 976/469/184 978/468/184 977/533/184
f 977/533/184 978/468/184 979/534/174
f 978/468/184 980/473/174 979/534/174
f 979/534/174 980/473/174 981/535/174
f 980/473/174 982/475/174 981/535/174
f 983/471/3 984/536/3 985/470/3
f 984/536/3 986/537/3 985/470/3
f 985/470/3 986/537/3 987/472/1
f 986/537/3 988/538/1 987/472/1
f 987/472/1 988/538/1 989/474/1
f 988/538/1 990/539/1 989/474/1
f 991/540/186 992/541/187 993/542/187
f 992/541/187 994/543/187 993/542/187
f 995/542/12 996/544/12 997/540/12
f 996/544/12 998/545/12 997/540/12
f 999/544/188 1000/546/188 1001/545/188
f 1000/546/188 1002/547/188 1001/545/188
f 1003/548/187 1004/549/187 1005/550/187
f 1004/549/187 1006/551/187 1005/550/187
f 1007/550/12 1008/552/12 1009/548/12
f 1008/552/12 1010/553/12 1009/548/12
f 1011/552/188 1012/554/188 1013/553/188
f 1012/554/188 1014/555/188 1013/553/188
f 1015/556/174 1016/541/174 1017/557/174
f 1016/541/174 1018/540/174 1017/557/174
f 1017/557/174 1018/540/174 1019/558/184
f 1018/540/174 1020/545/184 1019/558/184
f 1019/558/184 1020/545/184 1021/559/184
f 1020/545/184 1022/547/184 1021/559/184
f 1023/543/3 1024/560/3 1025/542/3
f 1024/560/3 1026/561/3 1025/542/3
f 1025/542/3 1026/561/3 1027/544/1
f 1026/561/3 1028/562/1 1027/544/1
f 1027/544/1 1028/562/1 1029/546/1
f 1028/562/1 1030/563/1 1029/546/1
f 1031/564/174 1032/549/174 1033/565/174
f 1032/549/174 1034/548/174 1033/565/174
f 1033/565/174 1034/548/174 1035/566/184
f 1034/548/174 1036/553/184 1035/566/184
f 1035/566/184 1036/553/184 1037/567/184
f 1036/553/184 1038/555/184 1037/567/184
f 1039/551/1 1040/568/1 1041/550/1
f 1040/568/1 1042/569/1 1041/550/1
f 1041/550/1 1042/569/1 1043/552/3
f 1042/569/1 1044/570/3 1043/552/3
f 1043/552/3 1044/570/3 1045/554/3
f 1044/570/3 1046/571/3 1045/554/3
f 1047/572/187 1048/573/187 1049/574/187
f 1048/573/187 1050/575/187 1049/574/187
f 1051/574/12 1052/576/12 1053/572/12
f 1052/576/12 1054/577/12 1053/572/12
f 1055/576/188 1056/578/188 1057/577/188
f 1056/578/188 1058/579/188 1057/577/188
f 1059/580/186 1060/581/187 1061/582/187
f 1060/581/187 1062/583/187 1061/582/187
f 1063/582/12 1064/584/12 1065/580/12
f 1064/584/12 1066/585/12 1065/580/12
f 1067/584/188 1068/586/188 1069/585/188
f 1068/586/188 1070/587/188 1069/585/188
f 1071/588/186 1072/589/187 1073/590/187
f 1072/589/187 1074/591/186 1073/590/187
f 1075/590/12 1076/592/12 1077/588/12
f 1076/592/12 1078/593/12 1077/588/12
f 1079/592/188 1080/594/188 1081/593/188
f 1080/594/188 1082/595/188 1081/593/188
f 1083/596/186 1084/597/187 1085/598/187
f 1084/597/187 1086/599/186 1085/598/187
f 1087/598/12 1088/600/12 1089/596/12
f 1088/600/12 1090/601/12 1089/596/12
f 1091/600/188 1092/602/188 1093/601/188
f 1092/602/188 1094/603/188 1093/601/188
f 1095/604/187 1096/605/187 1097/606/187
f 1096/605/187 1098/607/187 1097/606/187
f 1099/606/12 1100/608/12 1101/604/12
f 1100/608/12 1102/609/12 1101/604/12
f 1103/608/188 1104/610/188 1105/609/188
f 1104/610/188 1106/611/188 1105/609/188
f 1107/612/186 1108/613/187 1109/614/187
f 1108/613/187 1110/615/187 1109/614/187
f 1111/614/12 1112/616/12 1113/612/12
f 1112/616/12 1114/617/12 1113/612/12
f 1115/616/188 1116/618/188 1117/617/188
f 1116/618/188 1118/619/188 1117/617/188
f 1119/620/187 1120/621/187 1121/622/187
f 1120/621/187 1122/623/187 1121/622/187
f 1123/622/12 1124/624/12 1125/620/12
f 1124/624/12 1126/625/12 1125/620/12
f 1127/624/188 1128/626/188 1129/625/188
f 1128/626/188 1130/627/188 1129/625/188
f 1131/628/187 1132/629/187 1133/630/187
f 1132/629/187 1134/631/187 1133/630/187
f 1135/630/12 1136/632/12 1137/628/12
f 1136/632/12 1138/633/12 1137/628/12
f 1139/632/188 1140/634/188 1141/633/188
f 1140/634/188 1142/635/188 1141/633/188
f 1143/636/174 1144/573/174 1145/637/174
f 1144/573/174 1146/572/174 1145/637/174
f 1145/637/174 1146/572/174 1147/638/184
f 1146/572/174 1148/577/184 1147/638/184
f 1147/638/184 1148/577/184 1149/639/184
f 1148/577/184 1150/579/184 1149/639/184
f 1151/575/1 1152/640/1 1153/574/1
f 1152/640/1 1154/641/1 1153/574/1
f 1153/574/1 1154/641/1 1155/576/1
f 1154/641/1 1156/642/1 1155/576/1
f 1155/576/1 1156/642/1 1157/578/1
f 1156/642/1 1158/643/1 1157/578/1
f 1159/644/174 1160/581/174 1161/645/174
f 1160/581/174 1162/580/174 1161/645/174
f 1161/645/174 1162/580/174 1163/646/184
f 1162/580/174 1164/585/184 1163/646/184
f 1163/646/184 1164/585/184 1165/647/184
f 1164/585/184 1166/587/184 1165/647/184
f 1167/583/3 1168/648/3 1169/582/3
f 1168/648/3 1170/649/3 1169/582/3
f 1169/582/3 1170/649/3 1171/584/1
f 1170/649/3 1172/650/1 1171/584/1
f 1171/584/1 1172/650/1 1173/586/1
f 1172/650/1 1174/651/1 1173/586/1
f 1175/652/174 1176/589/174 1177/653/174
f 1176/589/174 1178/588/174 1177/653/174
f 1177/653/174 1178/588/174 1179/654/184
f 1178/588/174 1180/593/184 1179/654/184
f 1179/654/184 1180/593/184 1181/655/184
f 1180/593/184 1182/595/184 1181/655/184
f 1183/591/3 1184/656/3 1185/590/3
f 1184/656/3 1186/657/3 1185/590/3
f 1185/590/3 1186/657/3 1187/592/1
f 1186/657/3 1188/658/1 1187/592/1
f 1187/592/1 1188/658/1 1189/594/1
f 1188/658/1 1190/659/1 1189/594/1
f 1191/660/184 1192/597/184 1193/661/184
f 1192/597/184 1194/596/184 1193/661/184
f 1193/661/184 1194/596/184 1195/662/174
f 1194/596/184 1196/601/174 1195/662/174
f 1195/662/174 1196/601/174 1197/663/174
f 1196/601/174 1198/603/174 1197/663/174
f 1199/599/3 1200/664/3 1201/598/3
f 1200/664/3 1202/665/3 1201/598/3
f 1201/598/3 1202/665/3 1203/600/1
f 1202/665/3 1204/666/1 1203/600/1
f 1203/600/1 1204/666/1 1205/602/1
f 1204/666/1 1206/667/1 1205/602/1
f 1207/668/184 1208/605/184 1209/669/184
f 1208/605/184 1210/604/184 1209/669/184
f 1209/669/184 1210/604/184 1211/670/174
f 1210/604/184 1212/609/174 1211/670/174
f 1211/670/174 1212/609/174 1213/671/174
f 1212/609/174 1214/611/174 1213/671/174
f 1215/607/1 1216/672/1 1217/606/1
f 1216/672/1 1218/673/1 1217/606/1
f 1217/606/1 1218/673/1 1219/608/3
f 1218/673/1 1220/674/3 1219/608/3
f 1219/608/3 1220/674/3 1221/610/3
f 1220/674/3 1222/675/3 1221/610/3
f 1223/676/174 1224/613/174 1225/677/174
f 1224/613/174 1226/612/174 1225/677/174
f 1225/677/174 1226/612/174 1227/678/174
f 1226/612/174 1228/617/174 1227/678/174
f 1227/678/174 1228/617/174 1229/679/174
f 1228/617/174 1230/619/174 1229/679/174
f 1231/615/3 1232/680/3 1233/614/3
f 1232/680/3 1234/681/3 1233/614/3
f 1233/614/3 1234/681/3 1235/616/1
f 1234/681/3 1236/682/1 1235/616/1
f 1235/616/1 1236/682/1 1237/618/1
f 1236/682/1 1238/683/1 1237/618/1
f 1239/684/174 1240/621/174 1241/685/174
f 1240/621/174 1242/620/174 1241/685/174
f 1241/685/174 1242/620/174 1243/686/174
f 1242/620/174 1244/625/174 1243/686/174
f 1243/686/174 1244/625/174 1245/687/174
f 1244/625/174 1246/627/174 1245/687/174
f 1247/623/3 1248/688/3 1249/622/3
f 1248/688/3 1250/689/3 1249/622/3
f 1249/622/3 1250/689/3 1251/624/1
f 1250/689/3 1252/690/1 1251/624/1
f 1251/624/1 1252/690/1 1253/626/1
f 1252/690/1 1254/691/1 1253/626/1
f 1255/692/174 1256/629/174 1257/693/174
f 1256/629/174 1258/628/174 1257/693/174
f 1257/693/174 1258/628/174 1259/694/184
f 1258/628/174 1260/633/184 1259/694/184
f 1259/694/184 1260/633/184 1261/695/184
f 1260/633/184 1262/635/184 1261/695/184
f 1263/631/1 1264/696/1 1265/630/1
f 1264/696/1 1266/697/1 1265/630/1
f 1265/630/1 1266/697/1 1267/632/3
f 1266/697/1 1268/698/3 1267/632/3
f 1267/632/3 1268/698/3 1269/634/3
f 1268/698/3 1270/699/3 1269/634/3
f 1867/1053/199 1869/1054/200 1868/1055/201
f 1868/1055/201 1869/1054/200 1870/1056/202
f 1869/1054/200 1871/1057/203 1870/1056/202
f 1871/1057/203 1872/1058/204 1870/1056/202
f 1870/1056/202 1872/1058/204 1873/1059/205
f 1872/1058/204 1874/1060/206 1873/1059/205
f 1873/1059/205 1874/1060/206 1875/1061/207
f 1875/1061/207 1886/1065/209 1873/1059/205
f 1886/1065/209 1887/1066/210 1873/1059/205
f 1873/1059/205 1887/1066/210 1870/1056/202
f 1887/1066/210 1868/1055/201 1870/1056/202
f 1957/1119/221 1959/1120/222 1958/1121/223
f 1958/1121/223 1959/1120/222 1960/1122/224
f 1959/1120/222 1961/1123/225 1960/1122/224
f 1961/1123/225 1962/1124/226 1960/1122/224
f 1960/1122/224 1962/1124/226 1963/1125/227
f 1962/1124/226 1964/1126/228 1963/1125/227
f 1963/1125/227 1964/1126/228 1965/1127/229
f 1965/1127/229 1976/1131/231 1963/1125/227
f 1976/1131/231 1977/1132/232 1963/1125/227
f 1963/1125/227 1977/1132/232 1960/1122/224
f 1977/1132/232 1958/1121/223 1960/1122/224
usemtl Metal1
f 1/1/1 2/2/1 3/3/2
f 3/3/2 2/2/1 4/4/2
f 4/4/2 2/2/1 5/5/3
f 5/5/3 2/2/1 6/6/1
f 6/6/1 2/2/1 7/7/4
f 7/7/4 2/2/1 8/8/5
f 8/8/5 2/2/1 9/9/6
f 2/2/1 10/10/6 9/9/6
f 11/11/7 12/12/8 13/13/9
f 13/13/9 12/12/8 14/14/4
f 14/14/4 12/12/8 15/15/10
f 15/15/10 12/12/8 16/16/11
f 16/16/11 12/12/8 17/17/5
f 17/17/5 12/12/8 18/18/2
f 18/18/2 12/12/8 19/19/1
f 12/12/8 20/20/1 19/19/1
f 21/21/12 22/22/13 23/23/14
f 22/22/13 24/24/15 23/23/14
f 23/23/14 24/24/15 25/25/15
f 24/24/15 26/26/16 25/25/15
f 25/25/15 26/26/16 27/27/17
s 0
f 26/26/18 28/28/18 27/27/18
f 27/27/19 28/28/19 29/29/19
f 28/28/18 30/30/18 29/29/18
f 29/29/18 30/30/18 31/31/18
s 1
f 32/32/20 34/33/21 33/34/22
f 34/33/21 35/35/23 33/34/22
f 33/34/22 35/35/23 36/36/23
f 35/35/23 37/37/24 36/36/23
f 36/36/23 37/37/24 38/38/25
s 0
f 37/37/25 39/39/25 38/38/25
f 38/38/26 39/39/26 40/40/26
s 1
f 40/40/27 39/39/27 41/41/27
f 39/39/27 42/42/27 41/41/27
f 63/63/20 65/64/39 64/65/40
f 65/64/39 66/66/41 64/65/40
f 64/65/40 66/66/41 67/67/41
f 66/66/41 68/68/42 67/67/41
f 67/67/41 68/68/42 69/69/43
s 0
f 68/68/43 70/70/43 69/69/43
f 69/69/44 70/70/44 71/71/44
f 70/70/43 72/72/43 71/71/43
f 71/71/44 72/72/44 73/73/44
s 1
f 74/74/12 76/75/45 75/76/46
f 76/75/45 77/77/47 75/76/46
f 75/76/46 77/77/47 78/78/48
f 77/77/47 79/79/49 78/78/48
f 78/78/48 79/79/49 80/80/50
s 0
f 79/79/50 81/81/50 80/80/50
f 80/80/51 81/81/51 82/82/51
f 82/82/50 81/81/50 83/83/50
f 81/81/50 84/84/50 83/83/50
s 1
f 127/127/64 128/128/65 129/129/64
f 129/129/64 128/128/65 130/130/66
f 128/128/65 131/131/67 130/130/66
f 130/130/66 131/131/67 132/132/68
f 131/131/67 133/1/69 132/132/68
f 132/132/68 133/1/69 134/3/70
f 135/133/71 137/134/72 136/135/71
f 136/135/71 137/134/72 138/136/73
f 137/134/72 139/137/74 138/136/73
f 138/136/73 139/137/74 140/138/75
f 139/137/74 141/9/76 140/138/75
f 140/138/75 141/9/76 142/10/76
f 143/139/77 145/140/78 144/133/77
f 144/133/77 145/140/78 146/134/78
f 145/140/78 147/141/79 146/134/78
f 146/134/78 147/141/79 148/137/79
f 147/141/79 149/8/80 148/137/79
f 148/137/79 149/8/80 150/9/80
f 151/142/81 153/143/82 152/139/81
f 152/139/81 153/143/82 154/140/83
f 153/143/82 155/144/84 154/140/83
f 154/140/83 155/144/84 156/141/85
f 155/144/84 157/7/86 156/141/85
f 156/141/85 157/7/86 158/8/87
f 159/145/88 161/146/89 160/142/88
f 160/142/88 161/146/89 162/143/90
f 161/146/89 163/147/91 162/143/90
f 162/143/90 163/147/91 164/144/91
f 163/147/91 165/6/92 164/144/91
f 164/144/91 165/6/92 166/7/92
f 167/148/93 169/149/94 168/145/93
f 168/145/93 169/149/94 170/146/95
f 169/149/94 171/150/96 170/146/95
f 170/146/95 171/150/96 172/147/96
f 171/150/96 173/5/97 172/147/96
f 172/147/96 173/5/97 174/6/97
f 175/151/98 177/152/99 176/148/98
f 176/148/98 177/152/99 178/149/99
f 177/152/99 179/153/100 178/149/99
f 178/149/99 179/153/100 180/150/101
f 179/153/100 181/4/102 180/150/101
f 180/150/101 181/4/102 182/5/102
f 183/129/103 185/130/104 184/151/103
f 184/151/103 185/130/104 186/152/104
f 185/130/104 187/132/105 186/152/104
f 186/152/104 187/132/105 188/153/106
f 187/132/105 189/3/107 188/153/106
f 188/153/106 189/3/107 190/4/107
f 191/154/69 193/155/65 192/156/64
f 192/156/64 193/155/65 194/157/65
f 193/155/65 195/158/67 194/157/65
f 194/157/65 195/158/67 196/159/67
f 195/158/67 197/11/70 196/159/67
f 196/159/67 197/11/70 198/13/70
f 199/160/108 201/161/109 200/162/108
f 200/162/108 201/161/109 202/163/110
f 201/161/109 203/164/74 202/163/110
f 202/163/110 203/164/74 204/165/111
f 203/164/74 205/19/76 204/165/111
f 204/165/111 205/19/76 206/20/76
f 207/166/112 209/167/113 208/160/112
f 208/160/112 209/167/113 210/161/113
f 209/167/113 211/168/77 210/161/113
f 210/161/113 211/168/77 212/164/114
f 211/168/77 213/18/115 212/164/114
f 212/164/114 213/18/115 214/19/115
f 215/169/81 217/170/83 216/166/116
f 216/166/116 217/170/83 218/167/83
f 217/170/83 219/171/117 218/167/83
f 218/167/83 219/171/117 220/168/118
f 219/171/117 221/17/87 220/168/118
f 220/168/118 221/17/87 222/18/87
f 223/172/92 225/173/119 224/169/92
f 224/169/92 225/173/119 226/170/119
f 225/173/119 227/174/91 226/170/119
f 226/170/119 227/174/91 228/171/120
f 227/174/91 229/16/121 228/171/120
f 228/171/120 229/16/121 230/17/121
f 231/175/93 233/176/94 232/172/122
f 232/172/122 233/176/94 234/173/94
f 233/176/94 235/177/123 234/173/94
f 234/173/94 235/177/123 236/174/123
f 235/177/123 237/15/124 236/174/123
f 236/174/123 237/15/124 238/16/124
f 239/178/125 241/179/126 240/175/125
f 240/175/125 241/179/126 242/176/126
f 241/179/126 243/180/127 242/176/126
f 242/176/126 243/180/127 244/177/127
f 243/180/127 245/14/98 244/177/127
f 244/177/127 245/14/98 246/15/98
f 247/156/107 249/157/128 248/178/107
f 248/178/107 249/157/128 250/179/128
f 249/157/128 251/159/105 250/179/128
f 250/179/128 251/159/105 252/180/129
f 251/159/105 253/13/130 252/180/129
f 252/180/129 253/13/130 254/14/130
f 267/32/132 269/34/133 268/21/132
f 268/21/132 269/34/133 270/22/134
f 269/34/133 271/36/135 270/22/134
f 270/22/134 271/36/135 272/24/135
f 271/36/135 273/38/131 272/24/135
f 272/24/135 273/38/131 274/26/131
s 0
f 273/38/131 275/40/131 274/26/131
f 274/26/131 275/40/131 276/28/131
f 275/40/131 277/187/131 276/28/131
f 277/187/131 278/188/131 276/28/131
f 276/28/131 278/188/131 279/30/131
f 278/188/131 280/189/131 279/30/131
f 277/187/131 275/40/131 281/190/131
f 275/40/131 282/41/131 281/190/131
s 1
f 299/195/1 300/196/1 301/197/1
f 301/197/1 300/196/1 302/198/1
f 300/196/1 303/199/1 302/198/1
f 302/198/1 303/199/1 304/200/1
f 370/260/1 372/261/1 371/262/1
f 371/262/1 372/261/1 373/263/1
f 372/261/1 374/264/1 373/263/1
f 373/263/1 374/264/1 375/265/1
f 374/264/1 376/266/1 375/265/1
f 375/265/1 376/266/1 377/267/1
f 378/268/1 380/269/1 379/270/1
f 379/270/1 380/269/1 381/271/1
f 380/269/1 382/272/1 381/271/1
f 381/271/1 382/272/1 383/273/1
s 0
f 561/74/152 563/63/152 562/342/152
f 562/342/152 563/63/152 564/343/152
s 1
f 599/74/161 601/76/162 600/63/161
f 600/63/161 601/76/162 602/64/163
f 601/76/162 603/78/164 602/64/163
f 602/64/163 603/78/164 604/66/164
f 603/78/164 605/80/152 604/66/164
f 604/66/164 605/80/152 606/68/152
s 0
f 605/80/152 607/82/152 606/68/152
f 606/68/152 607/82/152 608/70/152
f 607/82/152 609/358/152 608/70/152
f 609/358/152 610/359/152 608/70/152
f 608/70/152 610/359/152 611/72/152
f 610/359/152 612/360/152 611/72/152
f 609/358/152 607/82/152 613/361/152
f 607/82/152 614/83/152 613/361/152
s 1
f 631/187/174 632/364/174 633/188/174
f 632/364/174 634/365/174 633/188/174
f 635/190/12 636/366/12 637/187/12
f 636/366/12 638/364/12 637/187/12
f 639/188/20 640/365/20 641/189/20
f 640/365/20 642/367/20 641/189/20
f 643/358/174 644/368/174 645/359/174
f 644/368/174 646/369/174 645/359/174
f 647/361/20 648/370/20 649/358/20
f 648/370/20 650/368/20 649/358/20
f 651/359/12 652/369/12 653/360/12
f 652/369/12 654/371/12 653/360/12
s 0
f 655/370/152 656/371/152 657/368/152
f 656/371/152 658/369/152 657/368/152
f 659/366/131 660/367/131 661/364/131
f 660/367/131 662/365/131 661/364/131
s 1
f 675/195/175 676/372/175 677/196/20
f 676/372/175 678/373/20 677/196/20
f 677/196/20 678/373/20 679/199/20
f 678/373/20 680/374/156 679/199/20
f 681/377/176 682/197/176 683/376/12
f 682/197/176 684/198/12 683/376/12
f 683/376/12 684/198/12 685/375/12
f 684/198/12 686/200/12 685/375/12
s 0
f 687/375/131 688/200/131 689/374/131
f 688/200/131 690/199/131 689/374/131
s 1
f 691/108/175 692/378/175 693/107/176
f 692/378/175 694/379/177 693/107/176
f 695/123/12 696/272/12 697/121/12
f 696/272/12 698/269/12 697/121/12
f 697/121/12 698/269/12 699/118/178
f 698/269/12 700/268/178 699/118/178
f 699/118/178 700/268/178 701/115/179
f 700/268/178 702/270/180 701/115/179
f 701/115/179 702/270/180 703/113/20
f 702/270/180 704/271/20 703/113/20
f 703/113/20 704/271/20 705/111/156
f 704/271/20 706/273/156 705/111/156
s 0
f 707/125/152 708/273/152 709/123/152
f 708/273/152 710/272/152 709/123/152
s 1
f 1271/700/12 1272/701/12 1273/702/12
f 1272/701/12 1274/703/12 1273/702/12
s 0
f 1275/701/131 1276/704/131 1277/703/131
f 1276/704/131 1278/705/131 1277/703/131
s 1
f 1279/704/20 1280/706/20 1281/705/20
f 1280/706/20 1282/707/20 1281/705/20
f 1283/708/12 1284/709/12 1285/710/12
f 1284/709/12 1286/711/12 1285/710/12
s 0
f 1287/709/131 1288/712/131 1289/711/131
f 1288/712/131 1290/713/131 1289/711/131
s 1
f 1291/712/20 1292/714/20 1293/713/20
f 1292/714/20 1294/715/20 1293/713/20
f 1295/700/1 1296/716/1 1297/701/1
f 1296/716/1 1298/717/1 1297/701/1
f 1297/701/1 1298/717/1 1299/704/1
f 1299/704/1 1300/718/1 1301/706/1
f 1304/702/174 1306/703/174 1305/721/174
f 1305/721/174 1306/703/174 1307/722/174
f 1306/703/174 1308/705/174 1307/722/174
f 1307/722/174 1308/705/174 1309/723/174
f 1308/705/174 1310/707/174 1309/723/174
f 1311/708/1 1312/724/1 1313/709/1
f 1312/724/1 1314/725/1 1313/709/1
f 1313/709/1 1314/725/1 1315/712/1
f 1314/725/1 1316/726/1 1315/712/1
f 1315/712/1 1316/726/1 1317/714/1
f 1320/710/174 1322/711/184 1321/729/184
f 1321/729/184 1322/711/184 1323/730/184
f 1322/711/184 1324/713/184 1323/730/184
f 1323/730/184 1324/713/184 1325/731/174
f 1324/713/184 1326/715/174 1325/731/174
f 1327/732/12 1328/733/12 1329/734/12
f 1328/733/12 1330/735/12 1329/734/12
s 0
f 1331/733/131 1332/736/131 1333/735/131
f 1332/736/131 1334/737/131 1333/735/131
s 1
f 1335/736/20 1336/738/20 1337/737/20
f 1336/738/20 1338/739/20 1337/737/20
f 1339/740/12 1340/741/12 1341/742/12
f 1340/741/12 1342/743/12 1341/742/12
s 0
f 1343/741/131 1344/744/131 1345/743/131
f 1344/744/131 1346/745/131 1345/743/131
s 1
f 1347/744/20 1348/746/20 1349/745/20
f 1348/746/20 1350/747/20 1349/745/20
f 1351/748/12 1352/749/12 1353/750/12
f 1352/749/12 1354/751/12 1353/750/12
s 0
f 1355/749/131 1356/752/131 1357/751/131
f 1356/752/131 1358/753/131 1357/751/131
s 1
f 1359/752/20 1360/754/20 1361/753/20
f 1360/754/20 1362/755/20 1361/753/20
f 1363/756/12 1364/757/12 1365/758/12
f 1364/757/12 1366/759/12 1365/758/12
s 0
f 1367/757/131 1368/760/131 1369/759/131
f 1368/760/131 1370/761/131 1369/759/131
s 1
f 1371/760/20 1372/762/20 1373/761/20
f 1372/762/20 1374/763/20 1373/761/20
f 1375/764/12 1376/765/12 1377/766/12
f 1376/765/12 1378/767/12 1377/766/12
s 0
f 1379/765/131 1380/768/131 1381/767/131
f 1380/768/131 1382/769/131 1381/767/131
s 1
f 1383/768/20 1384/770/20 1385/769/20
f 1384/770/20 1386/771/20 1385/769/20
f 1387/772/12 1388/773/12 1389/774/12
f 1388/773/12 1390/775/12 1389/774/12
s 0
f 1391/773/131 1392/776/131 1393/775/131
f 1392/776/131 1394/777/131 1393/775/131
s 1
f 1395/776/20 1396/778/20 1397/777/20
f 1396/778/20 1398/779/20 1397/777/20
f 1399/780/12 1400/781/12 1401/782/12
f 1400/781/12 1402/783/12 1401/782/12
s 0
f 1403/781/131 1404/784/131 1405/783/131
f 1404/784/131 1406/785/131 1405/783/131
s 1
f 1407/784/20 1408/786/20 1409/785/20
f 1408/786/20 1410/787/20 1409/785/20
f 1411/788/12 1412/789/12 1413/790/12
f 1412/789/12 1414/791/12 1413/790/12
s 0
f 1415/789/131 1416/792/131 1417/791/131
f 1416/792/131 1418/793/131 1417/791/131
s 1
f 1419/792/20 1420/794/20 1421/793/20
f 1420/794/20 1422/795/20 1421/793/20
f 1423/732/1 1424/796/1 1425/733/1
f 1424/796/1 1426/797/1 1425/733/1
f 1425/733/1 1426/797/1 1427/736/1
f 1426/797/1 1428/798/1 1427/736/1
f 1427/736/1 1428/798/1 1429/738/1
f 1432/734/174 1434/735/174 1433/801/174
f 1433/801/174 1434/735/174 1435/802/174
f 1434/735/174 1436/737/174 1435/802/174
f 1435/802/174 1436/737/174 1437/803/174
f 1436/737/174 1438/739/174 1437/803/174
f 1439/740/1 1440/804/1 1441/741/1
f 1440/804/1 1442/805/1 1441/741/1
f 1441/741/1 1442/805/1 1443/744/1
f 1442/805/1 1444/806/1 1443/744/1
f 1443/744/1 1444/806/1 1445/746/1
f 1448/742/174 1450/743/174 1449/809/174
f 1449/809/174 1450/743/174 1451/810/174
f 1450/743/174 1452/745/174 1451/810/174
f 1451/810/174 1452/745/174 1453/811/174
f 1452/745/174 1454/747/174 1453/811/174
f 1455/748/1 1456/812/1 1457/749/1
f 1456/812/1 1458/813/1 1457/749/1
f 1457/749/1 1458/813/1 1459/752/1
f 1458/813/1 1460/814/1 1459/752/1
f 1459/752/1 1460/814/1 1461/754/1
f 1464/750/174 1466/751/184 1465/817/184
f 1465/817/184 1466/751/184 1467/818/184
f 1466/751/184 1468/753/184 1467/818/184
f 1467/818/184 1468/753/184 1469/819/174
f 1468/753/184 1470/755/174 1469/819/174
f 1472/820/1 1474/821/3 1473/757/3
f 1473/757/3 1474/821/3 1475/760/3
f 1474/821/3 1476/822/3 1475/760/3
f 1475/760/3 1476/822/3 1477/762/1
f 1480/758/174 1482/759/174 1481/825/174
f 1481/825/174 1482/759/174 1483/826/174
f 1482/759/174 1484/761/174 1483/826/174
f 1483/826/174 1484/761/174 1485/827/174
f 1484/761/174 1486/763/174 1485/827/174
f 1487/764/1 1488/828/1 1489/765/1
f 1488/828/1 1490/829/1 1489/765/1
f 1489/765/1 1490/829/1 1491/768/1
f 1490/829/1 1492/830/1 1491/768/1
f 1491/768/1 1492/830/1 1493/770/1
f 1496/766/174 1498/767/184 1497/833/184
f 1497/833/184 1498/767/184 1499/834/184
f 1498/767/184 1500/769/184 1499/834/184
f 1499/834/184 1500/769/184 1501/835/174
f 1500/769/184 1502/771/174 1501/835/174
f 1503/772/1 1504/836/1 1505/773/1
f 1504/836/1 1506/837/1 1505/773/1
f 1505/773/1 1506/837/1 1507/776/1
f 1506/837/1 1508/838/1 1507/776/1
f 1507/776/1 1508/838/1 1509/778/1
f 1512/774/174 1514/775/174 1513/841/174
f 1513/841/174 1514/775/174 1515/842/174
f 1514/775/174 1516/777/174 1515/842/174
f 1515/842/174 1516/777/174 1517/843/174
f 1516/777/174 1518/779/174 1517/843/174
f 1519/780/1 1520/844/1 1521/781/3
f 1520/844/1 1522/845/3 1521/781/3
f 1521/781/3 1522/845/3 1523/784/3
f 1522/845/3 1524/846/3 1523/784/3
f 1523/784/3 1524/846/3 1525/786/1
f 1528/782/174 1530/783/184 1529/849/184
f 1529/849/184 1530/783/184 1531/850/184
f 1530/783/184 1532/785/184 1531/850/184
f 1531/850/184 1532/785/184 1533/851/174
f 1532/785/184 1534/787/174 1533/851/174
f 1535/788/1 1536/852/1 1537/789/1
f 1536/852/1 1538/853/1 1537/789/1
f 1537/789/1 1538/853/1 1539/792/1
f 1538/853/1 1540/854/1 1539/792/1
f 1539/792/1 1540/854/1 1541/794/1
f 1544/790/174 1546/791/184 1545/857/184
f 1545/857/184 1546/791/184 1547/858/184
f 1546/791/184 1548/793/184 1547/858/184
f 1547/858/184 1548/793/184 1549/859/174
f 1548/793/184 1550/795/174 1549/859/174
s 0
f 1551/860/152 1552/861/152 1553/862/152
f 1552/861/152 1554/863/152 1553/862/152
s 1
f 1555/862/12 1556/864/12 1557/860/12
f 1556/864/12 1558/865/12 1557/860/12
f 1559/866/20 1560/863/20 1561/867/20
f 1560/863/20 1562/861/20 1561/867/20
s 0
f 1563/868/152 1564/869/152 1565/870/152
f 1564/869/152 1566/871/152 1565/870/152
s 1
f 1567/870/12 1568/872/12 1569/868/12
f 1568/872/12 1570/873/12 1569/868/12
f 1571/874/20 1572/871/20 1573/875/20
f 1572/871/20 1574/869/20 1573/875/20
f 1576/867/174 1578/861/174 1577/877/174
f 1577/877/174 1578/861/174 1579/878/174
f 1578/861/174 1580/860/174 1579/878/174
f 1579/878/174 1580/860/174 1581/879/174
f 1580/860/174 1582/865/174 1581/879/174
f 1584/864/1 1586/862/3 1585/881/3
f 1585/881/3 1586/862/3 1587/882/3
f 1586/862/3 1588/863/3 1587/882/3
f 1587/882/3 1588/863/3 1589/883/1
f 1588/863/3 1590/866/1 1589/883/1
f 1592/875/174 1594/869/174 1593/885/174
f 1593/885/174 1594/869/174 1595/886/174
f 1594/869/174 1596/868/174 1595/886/174
f 1595/886/174 1596/868/174 1597/887/174
f 1596/868/174 1598/873/174 1597/887/174
f 1600/872/1 1602/870/3 1601/889/3
f 1601/889/3 1602/870/3 1603/890/3
f 1602/870/3 1604/871/3 1603/890/3
f 1603/890/3 1604/871/3 1605/891/1
f 1604/871/3 1606/874/1 1605/891/1
s 0
f 1607/892/152 1608/893/152 1609/894/152
f 1608/893/152 1610/895/152 1609/894/152
s 1
f 1611/894/12 1612/896/12 1613/892/12
f 1612/896/12 1614/897/12 1613/892/12
f 1615/898/20 1616/895/20 1617/899/20
f 1616/895/20 1618/893/20 1617/899/20
s 0
f 1619/900/152 1620/901/152 1621/902/152
f 1620/901/152 1622/903/152 1621/902/152
s 1
f 1623/902/12 1624/904/12 1625/900/12
f 1624/904/12 1626/905/12 1625/900/12
f 1627/906/20 1628/903/20 1629/907/20
f 1628/903/20 1630/901/20 1629/907/20
s 0
f 1631/908/152 1632/909/152 1633/910/152
f 1632/909/152 1634/911/152 1633/910/152
s 1
f 1635/910/12 1636/912/12 1637/908/12
f 1636/912/12 1638/913/12 1637/908/12
f 1639/914/20 1640/911/20 1641/915/20
f 1640/911/20 1642/909/20 1641/915/20
s 0
f 1643/916/152 1644/917/152 1645/918/152
f 1644/917/152 1646/919/152 1645/918/152
s 1
f 1647/918/12 1648/920/12 1649/916/12
f 1648/920/12 1650/921/12 1649/916/12
f 1651/922/20 1652/919/20 1653/923/20
f 1652/919/20 1654/917/20 1653/923/20
s 0
f 1655/924/152 1656/925/152 1657/926/152
f 1656/925/152 1658/927/152 1657/926/152
s 1
f 1659/926/12 1660/928/12 1661/924/12
f 1660/928/12 1662/929/12 1661/924/12
f 1663/930/20 1664/927/20 1665/931/20
f 1664/927/20 1666/925/20 1665/931/20
s 0
f 1667/932/152 1668/933/152 1669/934/152
f 1668/933/152 1670/935/152 1669/934/152
s 1
f 1671/934/12 1672/936/12 1673/932/12
f 1672/936/12 1674/937/12 1673/932/12
f 1675/938/20 1676/935/20 1677/939/20
f 1676/935/20 1678/933/20 1677/939/20
s 0
f 1679/940/152 1680/941/152 1681/942/152
f 1680/941/152 1682/943/152 1681/942/152
s 1
f 1683/942/12 1684/944/12 1685/940/12
f 1684/944/12 1686/945/12 1685/940/12
f 1687/946/20 1688/943/20 1689/947/20
f 1688/943/20 1690/941/20 1689/947/20
s 0
f 1691/948/152 1692/949/152 1693/950/152
f 1692/949/152 1694/951/152 1693/950/152
s 1
f 1695/950/12 1696/952/12 1697/948/12
f 1696/952/12 1698/953/12 1697/948/12
f 1699/954/20 1700/951/20 1701/955/20
f 1700/951/20 1702/949/20 1701/955/20
f 1704/899/174 1706/893/184 1705/957/184
f 1705/957/184 1706/893/184 1707/958/184
f 1706/893/184 1708/892/184 1707/958/184
f 1707/958/184 1708/892/184 1709/959/174
f 1708/892/184 1710/897/174 1709/959/174
f 1712/896/1 1714/894/1 1713/961/1
f 1713/961/1 1714/894/1 1715/962/1
f 1714/894/1 1716/895/1 1715/962/1
f 1715/962/1 1716/895/1 1717/963/1
f 1716/895/1 1718/898/1 1717/963/1
f 1720/907/174 1722/901/174 1721/965/174
f 1721/965/174 1722/901/174 1723/966/174
f 1722/901/174 1724/900/174 1723/966/174
f 1723/966/174 1724/900/174 1725/967/174
f 1724/900/174 1726/905/174 1725/967/174
f 1728/904/1 1730/902/3 1729/969/3
f 1729/969/3 1730/902/3 1731/970/3
f 1730/902/3 1732/903/3 1731/970/3
f 1731/970/3 1732/903/3 1733/971/1
f 1732/903/3 1734/906/1 1733/971/1
f 1736/915/174 1738/909/174 1737/973/174
f 1737/973/174 1738/909/174 1739/974/174
f 1738/909/174 1740/908/174 1739/974/174
f 1739/974/174 1740/908/174 1741/975/174
f 1740/908/174 1742/913/174 1741/975/174
f 1744/912/1 1746/910/3 1745/977/3
f 1745/977/3 1746/910/3 1747/978/3
f 1746/910/3 1748/911/3 1747/978/3
f 1747/978/3 1748/911/3 1749/979/1
f 1748/911/3 1750/914/1 1749/979/1
f 1752/923/174 1754/917/184 1753/981/184
f 1753/981/184 1754/917/184 1755/982/184
f 1754/917/184 1756/916/184 1755/982/184
f 1755/982/184 1756/916/184 1757/983/174
f 1756/916/184 1758/921/174 1757/983/174
f 1760/920/1 1762/918/1 1761/985/1
f 1761/985/1 1762/918/1 1763/986/1
f 1762/918/1 1764/919/1 1763/986/1
f 1763/986/1 1764/919/1 1765/987/1
f 1764/919/1 1766/922/1 1765/987/1
f 1768/931/174 1770/925/174 1769/989/174
f 1769/989/174 1770/925/174 1771/990/174
f 1770/925/174 1772/924/174 1771/990/174
f 1771/990/174 1772/924/174 1773/991/174
f 1772/924/174 1774/929/174 1773/991/174
f 1776/928/1 1778/926/3 1777/993/3
f 1777/993/3 1778/926/3 1779/994/3
f 1778/926/3 1780/927/3 1779/994/3
f 1779/994/3 1780/927/3 1781/995/1
f 1780/927/3 1782/930/1 1781/995/1
f 1784/939/174 1786/933/184 1785/997/184
f 1785/997/184 1786/933/184 1787/998/184
f 1786/933/184 1788/932/184 1787/998/184
f 1787/998/184 1788/932/184 1789/999/174
f 1788/932/184 1790/937/174 1789/999/174
f 1792/936/1 1794/934/3 1793/1001/3
f 1793/1001/3 1794/934/3 1795/1002/3
f 1794/934/3 1796/935/3 1795/1002/3
f 1795/1002/3 1796/935/3 1797/1003/1
f 1796/935/3 1798/938/1 1797/1003/1
f 1800/947/174 1802/941/174 1801/1005/174
f 1801/1005/174 1802/941/174 1803/1006/174
f 1802/941/174 1804/940/174 1803/1006/174
f 1803/1006/174 1804/940/174 1805/1007/174
f 1804/940/174 1806/945/174 1805/1007/174
f 1808/944/1 1810/942/1 1809/1009/1
f 1809/1009/1 1810/942/1 1811/1010/1
f 1810/942/1 1812/943/1 1811/1010/1
f 1811/1010/1 1812/943/1 1813/1011/1
f 1812/943/1 1814/946/1 1813/1011/1
f 1816/955/174 1818/949/174 1817/1013/174
f 1817/1013/174 1818/949/174 1819/1014/174
f 1818/949/174 1820/948/174 1819/1014/174
f 1819/1014/174 1820/948/174 1821/1015/174
f 1820/948/174 1822/953/174 1821/1015/174
f 1824/952/1 1826/950/3 1825/1017/3
f 1825/1017/3 1826/950/3 1827/1018/3
f 1826/950/3 1828/951/3 1827/1018/3
f 1827/1018/3 1828/951/3 1829/1019/1
f 1828/951/3 1830/954/1 1829/1019/1
f 2059/1151/234 2060/1152/234 2061/1153/235
f 2061/1153/235 2060/1152/234 2062/21/234
f 2062/21/234 2060/1152/234 2063/32/234
