# Blender 5.1.0
# www.blender.org
mtllib Advanced Business Center.mtl
o _gltfNode_0
v -11.291956 49.799358 -11.182089
v -12.704692 49.799358 -12.537721
v -11.291956 49.799358 11.427905
v -12.704692 49.799358 12.856160
v -12.704692 49.799358 -12.537721
v -11.291956 49.799358 -11.182089
v 12.493372 49.799358 -12.537721
v 11.286126 49.799358 -11.182089
v -12.704692 49.799358 12.856160
v 12.493372 49.799358 12.856160
v -11.291956 49.799358 11.427905
v 11.286126 49.799358 11.427905
v 12.493372 49.799358 12.856160
v 12.493372 49.799358 -12.537721
v 11.286126 49.799358 11.427905
v 11.286126 49.799358 -11.182089
v -12.704692 49.702049 12.856160
v -12.704692 49.702049 -12.537721
v -12.704692 48.801910 12.856160
v -12.704692 48.801910 -12.537721
v 12.493372 49.702049 12.856160
v 12.493372 49.702049 -12.537721
v 12.493372 49.799358 12.856160
v 12.493372 49.799358 -12.537721
v -12.704692 49.702049 12.856160
v -12.704692 48.801910 12.856160
v 12.493372 49.702049 12.856160
v 12.493372 48.801910 12.856160
v 12.493372 49.702049 -12.537721
v -12.704692 49.702049 -12.537721
v 12.493372 49.799358 -12.537721
v -12.704692 49.799358 -12.537721
v 12.313570 48.801910 -12.344059
v 12.493372 48.801910 -12.537721
v 12.313570 48.801910 12.444630
v 12.493372 48.801910 12.856160
v -12.704692 48.801910 -12.537721
v 12.493372 48.801910 -12.537721
v -12.499203 48.801910 -12.344059
v 12.313570 48.801910 -12.344059
v -12.704692 48.801910 -12.537721
v -12.499203 48.801910 12.444630
v -12.704692 48.801910 12.856160
v 12.313570 48.801910 12.444630
v -12.499203 48.801910 12.444630
v 12.493372 48.801910 12.856160
v -12.704692 48.801910 12.856160
v 12.493372 48.801910 -12.537721
v 12.493372 49.702049 -12.537721
v -12.704692 48.801910 -12.537721
v -12.704692 49.702049 -12.537721
v -12.704692 49.799358 12.856160
v 12.493372 49.799358 12.856160
v -12.704692 49.702049 12.856160
v 12.493372 49.702049 12.856160
v 12.493372 48.801910 12.856160
v 12.493372 49.702049 12.856160
v 12.493372 48.801910 -12.537721
v 12.493372 49.702049 -12.537721
v -12.704692 49.799358 12.856160
v -12.704692 49.702049 12.856160
v -12.704692 49.799358 -12.537721
v -12.704692 49.702049 -12.537721
v 11.286126 49.799358 11.427905
v 11.286126 49.702049 11.427905
v 11.286126 49.799358 -11.182089
v 11.286126 49.702049 -11.182089
v -11.291956 49.799358 11.427905
v -11.291956 49.702049 11.427905
v 11.286126 49.799358 11.427905
v 11.286126 49.702049 11.427905
v -11.291956 49.799358 -11.182089
v -11.291956 49.702049 -11.182089
v -11.291956 49.799358 11.427905
v -11.291956 49.702049 11.427905
v 11.286126 49.799358 -11.182089
v 11.286126 49.702049 -11.182089
v -11.291956 49.799358 -11.182089
v -11.291956 49.702049 -11.182089
v 6.662628 16.834911 -12.344054
v 6.662628 14.718376 -12.344054
v 11.542987 16.834911 -12.344054
v 11.542987 14.718376 -12.344054
v 6.662628 45.371658 -12.344058
v 6.662628 43.255123 -12.344058
v 11.542987 45.371658 -12.344058
v 11.542987 43.255123 -12.344058
v 0.523650 43.255123 -12.344058
v 5.301264 43.255123 -12.344058
v 0.523650 45.371658 -12.344058
v 5.301264 45.371658 -12.344058
v 12.313570 17.808031 -12.344055
v 12.313570 19.924568 -12.344055
v 11.542987 17.808031 -12.344055
v 11.542987 19.924568 -12.344055
v -11.805678 45.371658 -12.344058
v -11.805678 43.255123 -12.344058
v -6.976691 45.371658 -12.344058
v -6.976691 43.255123 -12.344058
v -5.641014 45.371658 -12.344058
v -5.641014 43.255123 -12.344058
v -0.863400 45.371658 -12.344058
v -0.863400 43.255123 -12.344058
v 12.313570 26.785070 12.444633
v 12.313570 26.785070 11.694193
v 12.313570 23.354820 12.444633
v 12.313570 24.303614 11.694194
v 12.313570 24.303612 6.828445
v 12.313570 24.303612 5.448606
v 12.313570 26.785069 6.828445
v 12.313570 26.785069 5.448606
v 12.313570 23.354818 5.448606
v 12.313570 24.303612 0.655481
v 12.313570 24.303612 -0.724358
v 12.313570 26.785069 0.655481
v 12.313570 26.785069 -0.724358
v 12.313570 23.354818 0.655481
v 12.313570 24.303612 -5.493275
v 12.313570 23.354818 -0.724358
v 12.313570 24.303612 -6.824699
v 12.313570 23.354816 -11.642031
v 12.313570 24.303610 -11.642031
v 12.313570 26.785067 -12.344056
v 12.313570 26.785067 -11.642032
v 12.313570 26.785069 -5.493276
v 12.313570 26.785069 -6.824700
v 12.313570 23.354816 -12.344055
v 12.313570 37.051483 6.828444
v 12.313570 37.051483 11.694192
v 12.313570 37.051483 5.448605
v 12.313570 36.078365 11.694192
v 12.313570 37.051483 0.655479
v 12.313570 36.078365 -6.824701
v 12.313570 37.051483 -0.724360
v 12.313570 37.051483 -5.493277
v 12.313570 37.051483 -6.824701
v 12.313570 36.078365 -11.642033
v 12.313570 37.051483 -11.642033
v 12.313570 33.961826 -12.344057
v 12.313570 37.051483 -12.344057
v 12.313570 37.051483 12.444632
v 12.313570 33.961826 12.444632
v 12.313570 33.961826 11.694192
v 12.313570 33.961826 -11.642033
v 12.313570 33.961826 -6.824701
v 12.313570 33.961826 6.828444
v 12.313570 36.078365 6.828444
v -12.499203 14.718378 0.824936
v -12.499203 16.834913 0.824936
v -12.499203 14.718378 -0.554903
v -12.499203 16.834913 -0.554903
v -5.641014 33.961826 -12.344057
v -6.976691 33.961826 -12.344057
v -5.641014 36.078365 -12.344057
v -6.976691 36.078365 -12.344057
v -11.805678 37.051483 -12.344057
v -11.805678 36.078365 -12.344057
v 0.523650 33.961826 -12.344057
v -0.863400 33.961826 -12.344057
v 0.523650 36.078365 -12.344057
v -0.863400 36.078365 -12.344057
v -5.641014 37.051483 -12.344057
v -6.976691 37.051483 -12.344057
v -0.863400 37.051483 -12.344057
v 5.301264 36.078365 -12.344057
v 0.523650 37.051483 -12.344057
v 6.662628 36.078365 -12.344057
v 5.301264 37.051483 -12.344057
v 11.542987 36.078365 -12.344057
v 6.662628 37.051483 -12.344057
v 12.313570 36.078365 -12.344057
v 11.542987 37.051483 -12.344057
v 12.313570 37.051483 -12.344057
v 6.662628 33.961826 -12.344057
v 5.301264 33.961826 -12.344057
v 12.313570 33.961826 -12.344057
v 11.542987 33.961826 -12.344057
v -11.805678 19.924568 -12.344055
v -12.499203 19.924568 -12.344055
v -11.805678 17.808031 -12.344055
v -12.499203 17.808031 -12.344055
v -6.976691 19.924568 -12.344055
v -11.805678 19.924568 -12.344055
v -6.976691 17.808031 -12.344055
v -11.805678 17.808031 -12.344055
v 6.662628 19.924568 -12.344055
v 5.301264 19.924568 -12.344055
v 6.662628 17.808031 -12.344055
v 5.301264 17.808031 -12.344055
v 0.523650 14.718376 -12.344054
v 5.301264 14.718376 -12.344054
v 0.523650 16.834911 -12.344054
v 5.301264 16.834911 -12.344054
v 11.542987 19.924568 -12.344055
v 6.662628 19.924568 -12.344055
v 11.542987 17.808031 -12.344055
v 6.662628 17.808031 -12.344055
v 5.301264 19.924568 -12.344055
v 0.523650 19.924568 -12.344055
v 5.301264 17.808031 -12.344055
v 0.523650 17.808031 -12.344055
v -12.499203 46.344780 -12.344059
v 12.313570 46.344780 -12.344059
v -12.499203 48.485649 -12.344059
v 12.313570 48.485649 -12.344059
v 0.523650 19.924568 -12.344055
v -0.863400 19.924568 -12.344055
v 0.523650 17.808031 -12.344055
v -0.863400 17.808031 -12.344055
v 12.313570 48.801910 -12.344059
v -12.499203 48.801910 -12.344059
v 12.313570 48.485649 -12.344059
v -12.499203 48.485649 -12.344059
v -5.641014 19.924568 -12.344055
v -6.976691 19.924568 -12.344055
v -5.641014 17.808031 -12.344055
v -6.976691 17.808031 -12.344055
v -12.499203 26.785067 -12.344056
v -11.805678 26.785067 -12.344056
v -12.499203 27.758186 -12.344056
v -11.805678 27.758186 -12.344056
v 12.313570 27.758186 -12.344056
v -6.976691 27.758186 -12.344056
v -5.641014 27.758186 -12.344056
v -6.976691 26.785067 -12.344056
v 0.523650 26.785067 -12.344056
v 5.301264 26.785067 -12.344056
v 12.313570 26.785067 -12.344056
v -0.863400 19.924568 -12.344055
v -0.863400 17.808031 -12.344055
v -5.641014 19.924568 -12.344055
v -5.641014 17.808031 -12.344055
v -12.499203 17.808033 -0.554903
v -12.499203 17.808033 6.949485
v -12.499203 19.924570 -0.554903
v -12.499203 19.924570 6.949484
v -11.805678 16.834911 -12.344054
v -6.976691 16.834911 -12.344054
v -11.805678 14.718376 -12.344054
v -6.976691 14.718376 -12.344054
v -5.641014 16.834911 -12.344054
v -0.863400 16.834911 -12.344054
v -5.641014 14.718376 -12.344054
v -0.863400 14.718376 -12.344054
v -5.641014 27.758186 -12.344056
v -5.641014 29.874722 -12.344056
v -0.863400 27.758186 -12.344056
v -0.863400 29.874722 -12.344056
v -11.805678 29.874722 -12.344056
v -6.976691 29.874722 -12.344056
v -11.805678 27.758186 -12.344056
v -6.976691 27.758186 -12.344056
v 0.523650 27.758186 -12.344056
v 0.523650 29.874722 -12.344056
v 5.301264 27.758186 -12.344056
v 5.301264 29.874722 -12.344056
v 6.662628 29.874722 -12.344056
v 11.542987 29.874722 -12.344056
v 6.662628 27.758186 -12.344056
v 11.542987 27.758186 -12.344056
v 6.662628 32.988708 -12.344057
v 11.542987 32.988708 -12.344057
v 6.662628 30.847841 -12.344056
v 11.542987 30.847841 -12.344056
v 0.523650 32.988708 -12.344057
v 5.301264 32.988708 -12.344057
v 0.523650 30.847841 -12.344056
v 5.301264 30.847841 -12.344056
v 11.542987 30.847841 -12.344056
v 11.542987 32.988708 -12.344057
v 12.313570 30.847841 -12.344056
v 12.313570 33.961826 -12.344057
v 11.542987 33.961826 -12.344057
v 6.662628 33.961826 -12.344057
v 5.301264 33.961826 -12.344057
v 0.523650 33.961826 -12.344057
v 6.662628 32.988708 -12.344057
v 5.301264 32.988708 -12.344057
v 6.662628 30.847841 -12.344056
v 5.301264 30.847841 -12.344056
v -0.863400 33.961826 -12.344057
v 0.523650 32.988708 -12.344057
v -5.641014 33.961826 -12.344057
v -0.863400 32.988708 -12.344057
v -6.976691 33.961826 -12.344057
v -5.641014 32.988708 -12.344057
v -6.976691 32.988708 -12.344057
v -5.641014 30.847841 -12.344056
v -6.976691 30.847841 -12.344056
v 0.523650 30.847841 -12.344056
v -0.863400 30.847841 -12.344056
v -11.805678 33.961826 -12.344057
v -11.805678 32.988708 -12.344057
v -12.499203 30.847841 -12.344056
v -11.805678 30.847841 -12.344056
v -12.499203 33.961826 -12.344057
v -11.805678 32.988708 -12.344057
v -11.805678 30.847841 -12.344056
v -6.976691 32.988708 -12.344057
v -6.976691 30.847841 -12.344056
v -5.641014 32.988708 -12.344057
v -5.641014 30.847841 -12.344056
v -0.863400 32.988708 -12.344057
v -0.863400 30.847841 -12.344056
v -5.641014 36.078365 -12.344057
v -5.641014 33.961826 -12.344057
v -0.863400 36.078365 -12.344057
v -0.863400 33.961826 -12.344057
v -11.805678 36.078365 -12.344057
v -11.805678 33.961826 -12.344057
v -6.976691 36.078365 -12.344057
v -6.976691 33.961826 -12.344057
v 12.313570 27.758186 -12.344056
v 12.313570 27.758186 -11.642032
v 12.313570 30.847841 -12.344056
v 12.313570 29.874722 -11.642032
v 12.313570 29.874723 -6.824700
v 12.313570 29.874723 -5.493276
v 12.313570 29.874723 -0.724359
v 12.313570 30.847843 -6.824700
v 12.313570 29.874723 0.655480
v 12.313570 30.847843 -5.493276
v 12.313570 30.847843 6.828444
v 12.313570 29.874723 5.448606
v 12.313570 29.874723 6.828445
v 12.313570 27.758188 5.448606
v 12.313570 27.758188 6.828445
v 12.313570 27.758188 -0.724358
v 12.313570 27.758188 0.655481
v 12.313570 30.847845 11.694193
v 12.313570 29.874725 11.694193
v 12.313570 30.847845 12.444633
v 12.313570 27.758190 12.444633
v 12.313570 27.758190 11.694193
v 0.523650 33.961826 -12.344057
v 5.301264 33.961826 -12.344057
v 0.523650 36.078365 -12.344057
v 5.301264 36.078365 -12.344057
v 6.662628 36.078365 -12.344057
v 6.662628 33.961826 -12.344057
v 11.542987 36.078365 -12.344057
v 11.542987 33.961826 -12.344057
v 6.662628 39.168018 -12.344058
v 6.662628 37.051483 -12.344057
v 11.542987 39.168018 -12.344058
v 11.542987 37.051483 -12.344057
v 0.523650 39.168018 -12.344058
v 0.523650 37.051483 -12.344057
v 5.301264 39.168018 -12.344058
v 5.301264 37.051483 -12.344057
v -11.805678 39.168018 -12.344058
v -11.805678 37.051483 -12.344057
v -6.976691 39.168018 -12.344058
v -6.976691 37.051483 -12.344057
v -5.641014 39.168018 -12.344058
v -5.641014 37.051483 -12.344057
v -0.863400 39.168018 -12.344058
v -0.863400 37.051483 -12.344057
v -5.641014 42.282005 -12.344058
v -5.641014 40.165466 -12.344058
v -0.863400 42.282005 -12.344058
v -0.863400 40.165466 -12.344058
v -11.805678 42.282005 -12.344058
v -11.805678 40.165466 -12.344058
v -6.976691 42.282005 -12.344058
v -6.976691 40.165466 -12.344058
v 0.523650 42.282005 -12.344058
v 0.523650 40.165466 -12.344058
v 5.301264 42.282005 -12.344058
v 5.301264 40.165466 -12.344058
v 6.662628 42.282005 -12.344058
v 6.662628 40.165466 -12.344058
v 11.542987 42.282005 -12.344058
v 11.542987 40.165466 -12.344058
v 5.301264 24.303610 -12.344055
v 5.301264 26.785067 -12.344056
v 0.523650 24.303610 -12.344055
v 0.523650 26.785067 -12.344056
v -6.976691 24.303610 -12.344055
v -6.976691 26.785067 -12.344056
v -11.805678 24.303610 -12.344055
v -11.805678 26.785067 -12.344056
v 0.523650 26.785067 -12.344056
v -6.976691 26.785067 -12.344056
v 0.523650 24.303610 -12.344055
v -6.976691 24.303610 -12.344055
v 12.313570 23.354816 -12.344055
v -11.805678 24.303610 -12.344055
v -12.499203 23.354816 -12.344055
v -11.805678 26.785067 -12.344056
v -12.499203 26.785067 -12.344056
v 5.301264 24.303610 -12.344055
v 12.313570 26.785067 -12.344056
v 5.301264 26.785067 -12.344056
v -12.499203 27.758188 0.824935
v -12.499203 27.758188 -0.554905
v -12.499203 27.758188 5.618060
v -12.499203 27.758186 -11.569409
v -12.499203 26.785070 12.444633
v -12.499203 27.758186 -12.344056
v -12.499203 26.785069 -5.323822
v -12.499203 26.785067 -12.344056
v -12.499203 27.758188 6.949483
v -12.499203 27.758190 11.742608
v -12.499203 27.758190 12.444633
v -12.499203 43.255123 -6.703663
v -12.499203 45.371658 -6.703664
v -12.499203 43.255123 -11.569411
v -12.499203 45.371658 -11.569411
v -12.499203 19.924568 -12.344055
v -12.499203 17.808031 -12.344055
v -12.499203 19.924568 -11.569408
v -12.499203 17.808031 -11.569408
v -12.499203 43.255123 11.742606
v -12.499203 45.371658 11.742606
v -12.499203 43.255123 6.949481
v -12.499203 45.371658 6.949481
v -12.499203 43.255123 5.618058
v -12.499203 45.371658 5.618057
v -12.499203 43.255123 0.824932
v -12.499203 45.371658 0.824932
v -12.499203 46.344780 -12.344059
v -12.499203 46.344780 -11.569412
v -12.499203 48.485649 -12.344059
v -12.499203 48.485649 -11.569412
v 6.791058 46.344780 12.444630
v 6.791058 48.485649 12.444630
v -0.709283 46.344780 12.444630
v -0.709283 48.485649 12.444630
v -12.499203 19.924572 11.742609
v -12.499203 17.808035 11.742609
v -12.499203 19.924572 12.444633
v -12.499203 17.808035 12.444633
v -12.499203 46.344780 5.618057
v -12.499203 46.344780 12.444630
v -12.499203 48.485649 5.618057
v -12.499203 48.485649 12.444630
v -12.499203 19.924570 6.949484
v -12.499203 17.808033 6.949485
v -12.499203 19.924572 11.742609
v -12.499203 17.808035 11.742609
v -12.499203 19.924570 -6.703660
v -12.499203 17.808033 -6.703660
v -12.499203 19.924570 -5.323821
v -12.499203 17.808033 -5.323821
v -12.499203 14.718378 -0.554903
v -12.499203 16.834913 -0.554903
v -12.499203 14.718377 -5.323820
v -12.499203 16.834913 -5.323821
v -12.499203 48.485649 -6.703664
v -12.499203 46.344780 -6.703664
v -12.499203 48.485649 -5.323825
v -12.499203 46.344780 -5.323824
v -12.499203 30.847841 -11.569409
v -12.499203 32.988708 -11.569410
v -12.499203 30.847841 -12.344056
v -12.499203 33.961826 -12.344057
v -12.499203 33.961826 -11.569410
v -12.499203 33.961826 -6.703662
v -12.499203 33.961826 -5.323823
v -12.499203 33.961826 -0.554905
v -12.499203 33.961826 0.824934
v -12.499203 33.961826 5.618059
v -12.499203 32.988708 -5.323822
v -12.499203 33.961826 6.949482
v -12.499203 32.988708 -0.554905
v -12.499203 33.961826 11.742607
v -12.499203 32.988708 0.824934
v -12.499203 33.961826 12.444632
v -12.499203 32.988708 11.742607
v -12.499203 30.847845 12.444633
v -12.499203 30.847845 11.742608
v -12.499203 32.988708 -6.703662
v -12.499203 30.847843 -5.323822
v -12.499203 30.847843 -6.703662
v -12.499203 30.847843 -0.554905
v -12.499203 30.847843 0.824934
v -12.499203 32.988708 6.949483
v -12.499203 30.847843 6.949483
v -12.499203 32.988708 5.618059
v -12.499203 30.847843 5.618059
v -12.499203 27.758190 12.444633
v -11.728620 27.758190 12.444633
v -12.499203 26.785070 12.444633
v -11.728620 26.785070 12.444633
v -6.873947 26.785070 12.444633
v -5.486897 26.785070 12.444633
v -0.709283 26.785070 12.444633
v -0.709283 27.758190 12.444633
v 0.677766 26.785070 12.444633
v 5.455381 27.758190 12.444633
v 5.455381 26.785070 12.444633
v 6.791058 27.758190 12.444633
v 6.791058 26.785070 12.444633
v 11.594358 27.758190 12.444633
v 11.594358 26.785070 12.444633
v 12.313570 27.758190 12.444633
v 12.313570 26.785070 12.444633
v -11.805678 40.165466 -12.344058
v -12.499203 40.165466 -12.344058
v -11.805678 42.282005 -12.344058
v -11.805678 43.255123 -12.344058
v -6.976691 42.282005 -12.344058
v -6.976691 43.255123 -12.344058
v -5.641014 42.282005 -12.344058
v -5.641014 43.255123 -12.344058
v -0.863400 42.282005 -12.344058
v 0.523650 42.282005 -12.344058
v -0.863400 40.165466 -12.344058
v 0.523650 40.165466 -12.344058
v -12.499203 43.255123 -12.344058
v -6.976691 40.165466 -12.344058
v -5.641014 40.165466 -12.344058
v -0.863400 43.255123 -12.344058
v 5.301264 42.282005 -12.344058
v 0.523650 43.255123 -12.344058
v 6.662628 42.282005 -12.344058
v 5.301264 43.255123 -12.344058
v 11.542987 42.282005 -12.344058
v 12.313570 42.282005 -12.344058
v 11.542987 40.165466 -12.344058
v 12.313570 40.165466 -12.344058
v 5.301264 40.165466 -12.344058
v 6.662628 40.165466 -12.344058
v 6.662628 43.255123 -12.344058
v 12.313570 43.255123 -12.344058
v -12.499203 40.165466 12.444631
v -12.499203 40.165466 5.618058
v -12.499203 37.051483 12.444632
v -12.499203 39.168018 5.618058
v -12.499203 37.051483 5.618059
v -12.499203 40.165466 0.824933
v -12.499203 39.168018 0.824933
v -12.499203 40.165466 -0.554906
v -12.499203 39.168018 -0.554906
v -12.499203 40.165466 -5.323823
v -12.499203 39.168018 -5.323823
v -12.499203 39.168018 -6.703663
v -12.499203 37.051483 -5.323823
v -12.499203 37.051483 -6.703662
v -12.499203 37.051483 0.824933
v -12.499203 37.051483 -0.554906
v -12.499203 40.165466 -6.703663
v -12.499203 39.168018 -11.569411
v -12.499203 40.165466 -12.344058
v -12.499203 37.051483 -11.569410
v -12.499203 37.051483 -12.344057
v -12.499203 40.165466 -11.569411
v -12.499203 48.485649 -11.569412
v -12.499203 48.485649 -6.703664
v -12.499203 46.344780 -11.569412
v -12.499203 46.344780 -6.703664
v -12.499203 19.924568 -11.569408
v -12.499203 19.924570 -6.703660
v -12.499203 17.808031 -11.569408
v -12.499203 17.808033 -6.703660
v -12.499203 19.924570 -5.323821
v -12.499203 19.924570 -0.554903
v -12.499203 17.808033 -5.323821
v -12.499203 17.808033 -0.554903
v -11.805678 37.051483 -12.344057
v -11.805678 39.168018 -12.344058
v -12.499203 37.051483 -12.344057
v -11.805678 40.165466 -12.344058
v -12.499203 40.165466 -12.344058
v -6.976691 39.168018 -12.344058
v -5.641014 39.168018 -12.344058
v -6.976691 37.051483 -12.344057
v -5.641014 37.051483 -12.344057
v -6.976691 40.165466 -12.344058
v 12.313570 40.165466 -12.344058
v -0.863400 39.168018 -12.344058
v 0.523650 39.168018 -12.344058
v -0.863400 37.051483 -12.344057
v 0.523650 37.051483 -12.344057
v 5.301264 39.168018 -12.344058
v 6.662628 39.168018 -12.344058
v 6.662628 37.051483 -12.344057
v 5.301264 37.051483 -12.344057
v 11.542987 39.168018 -12.344058
v 12.313570 37.051483 -12.344057
v 11.542987 37.051483 -12.344057
v -0.863400 40.165466 -12.344058
v 0.523650 40.165466 -12.344058
v 5.301264 40.165466 -12.344058
v 6.662628 40.165466 -12.344058
v -12.499203 48.485649 -5.323825
v -12.499203 48.485649 -0.554907
v -12.499203 46.344780 -5.323824
v -12.499203 46.344780 -0.554907
v 0.677766 16.834915 12.444634
v 0.677766 14.718380 12.444634
v -0.709283 16.834915 12.444634
v -0.709283 14.718380 12.444634
v -12.499203 48.485649 -0.554907
v -12.499203 48.485649 0.824932
v -12.499203 46.344780 -0.554907
v -12.499203 46.344780 0.824932
v -12.499203 26.785069 -5.323822
v -12.499203 24.303612 -5.323822
v -12.499203 26.785067 -12.344056
v -12.499203 23.354816 -12.344055
v -12.499203 23.354816 -11.569408
v -12.499203 23.354818 -0.554904
v -12.499203 24.303612 -0.554904
v -12.499203 26.785070 12.444633
v -12.499203 26.785069 -0.554904
v -12.499203 23.354820 12.444633
v -12.499203 23.354818 -6.703661
v -12.499203 23.354818 -5.323822
v -12.499203 48.485649 0.824932
v -12.499203 48.485649 5.618057
v -12.499203 46.344780 0.824932
v -12.499203 46.344780 5.618057
v 12.313570 37.051483 -11.642033
v 12.313570 39.168018 -11.642034
v 12.313570 37.051483 -12.344057
v 12.313570 40.165466 -12.344058
v 12.313570 40.165466 -11.642034
v 12.313570 40.165466 -6.824701
v 12.313570 40.165466 -5.493277
v 12.313570 40.165466 -0.724360
v 12.313570 39.168018 -6.824701
v 12.313570 39.168018 -5.493277
v 12.313570 37.051483 -6.824701
v 12.313570 37.051483 -5.493277
v 12.313570 40.165466 0.655479
v 12.313570 39.168018 -0.724360
v 12.313570 40.165466 5.448604
v 12.313570 39.168018 0.655479
v 12.313570 40.165466 6.828444
v 12.313570 39.168018 11.694191
v 12.313570 40.165466 12.444631
v 12.313570 37.051483 12.444632
v 12.313570 37.051483 11.694192
v 12.313570 37.051483 -0.724360
v 12.313570 37.051483 0.655479
v 12.313570 39.168018 5.448604
v 12.313570 39.168018 6.828444
v 12.313570 37.051483 5.448605
v 12.313570 37.051483 6.828444
v -12.499203 14.718380 11.742610
v -12.499203 16.834915 11.742610
v -12.499203 14.718379 6.949485
v -12.499203 16.834913 6.949485
v -12.499203 14.718379 5.618062
v -12.499203 16.834913 5.618061
v -12.499203 14.718378 0.824936
v -12.499203 16.834913 0.824936
v -12.499203 27.758188 5.618060
v -12.499203 29.874723 5.618060
v -12.499203 27.758188 0.824935
v -12.499203 29.874723 0.824934
v -12.499203 27.758190 11.742608
v -12.499203 29.874725 11.742608
v -12.499203 27.758188 6.949483
v -12.499203 29.874723 6.949483
v -12.499203 29.874723 -0.554905
v -12.499203 29.874723 -5.323822
v -12.499203 27.758188 -0.554905
v -12.499203 27.758188 -5.323822
v -12.499203 27.758188 -6.703661
v -12.499203 29.874723 -6.703661
v -12.499203 27.758186 -11.569409
v -12.499203 29.874722 -11.569409
v -12.499203 32.988708 -6.703662
v -12.499203 32.988708 -11.569410
v -12.499203 30.847843 -6.703662
v -12.499203 30.847841 -11.569409
v -12.499203 30.847843 -0.554905
v -12.499203 32.988708 -0.554905
v -12.499203 30.847843 -5.323822
v -12.499203 32.988708 -5.323822
v -12.499203 32.988708 11.742607
v -12.499203 32.988708 6.949483
v -12.499203 30.847845 11.742608
v -12.499203 30.847843 6.949483
v -12.499203 30.847843 5.618059
v -12.499203 32.988708 5.618059
v -12.499203 30.847843 0.824934
v -12.499203 32.988708 0.824934
v -12.499203 36.078365 5.618059
v -12.499203 36.078365 0.824933
v -12.499203 33.961826 5.618059
v -12.499203 33.961826 0.824934
v -12.499203 33.961826 11.742607
v -12.499203 36.078365 11.742607
v -12.499203 33.961826 6.949482
v -12.499203 36.078365 6.949482
v -12.499203 36.078365 -0.554906
v -12.499203 36.078365 -5.323823
v -12.499203 33.961826 -0.554905
v -12.499203 33.961826 -5.323823
v -12.499203 33.961826 -11.569410
v -12.499203 36.078365 -11.569410
v -12.499203 33.961826 -12.344057
v -12.499203 37.051483 -12.344057
v -12.499203 36.078365 -5.323823
v -12.499203 37.051483 -6.703662
v -12.499203 37.051483 -5.323823
v -12.499203 36.078365 -0.554906
v -12.499203 37.051483 -0.554906
v -12.499203 36.078365 0.824933
v -12.499203 37.051483 0.824933
v -12.499203 36.078365 6.949482
v -12.499203 36.078365 5.618059
v -12.499203 33.961826 6.949482
v -12.499203 33.961826 5.618059
v -12.499203 36.078365 -6.703662
v -12.499203 33.961826 -6.703662
v -12.499203 33.961826 -5.323823
v -12.499203 37.051483 -11.569410
v -12.499203 33.961826 -0.554905
v -12.499203 33.961826 0.824934
v -12.499203 37.051483 5.618059
v -12.499203 36.078365 11.742607
v -12.499203 37.051483 12.444632
v -12.499203 33.961826 12.444632
v -12.499203 33.961826 11.742607
v -12.499203 36.078365 -6.703662
v -12.499203 36.078365 -11.569410
v -12.499203 33.961826 -6.703662
v -12.499203 33.961826 -11.569410
v -12.499203 39.168018 -6.703663
v -12.499203 39.168018 -11.569411
v -12.499203 37.051483 -6.703662
v -12.499203 37.051483 -11.569410
v -12.499203 39.168018 -0.554906
v -12.499203 39.168018 -5.323823
v -12.499203 37.051483 -0.554906
v -12.499203 37.051483 -5.323823
v -12.499203 37.051483 5.618059
v -12.499203 39.168018 5.618058
v -12.499203 37.051483 0.824933
v -12.499203 39.168018 0.824933
v -12.499203 42.282005 5.618058
v -12.499203 42.282005 0.824933
v -12.499203 40.165466 5.618058
v -12.499203 40.165466 0.824933
v -12.499203 42.282005 -0.554906
v -12.499203 42.282005 -5.323824
v -12.499203 40.165466 -0.554906
v -12.499203 40.165466 -5.323823
v -12.499203 40.165466 -6.703663
v -12.499203 42.282005 -6.703663
v -12.499203 40.165466 -11.569411
v -12.499203 42.282005 -11.569411
v -12.499203 48.485649 5.618057
v -12.499203 48.801910 -12.344059
v -12.499203 48.485649 0.824932
v -12.499203 48.485649 -0.554907
v -12.499203 48.485649 -11.569412
v -12.499203 48.485649 -5.323825
v -12.499203 48.485649 -6.703664
v -12.499203 48.485649 -12.344059
v -12.499203 48.485649 12.444630
v -12.499203 48.801910 12.444630
v -12.499203 24.303612 -5.323822
v -12.499203 24.303612 -0.554904
v -12.499203 26.785069 -5.323822
v -12.499203 26.785069 -0.554904
v -12.499203 20.873360 -11.569408
v -12.499203 20.873362 -6.703660
v -12.499203 23.354816 -11.569408
v -12.499203 23.354818 -6.703661
v 12.313570 27.758186 -12.344056
v 12.313570 27.758186 -11.642032
v 12.313570 26.785067 -12.344056
v 12.313570 27.758188 -6.824700
v 12.313570 26.785069 -0.724358
v 12.313570 27.758188 -5.493276
v 12.313570 27.758188 6.828445
v 12.313570 26.785069 5.448606
v 12.313570 27.758190 11.694193
v 12.313570 26.785070 11.694193
v 12.313570 27.758190 12.444633
v 12.313570 26.785070 12.444633
v 12.313570 26.785069 -6.824700
v 12.313570 26.785067 -11.642032
v -12.499203 23.354818 -5.323822
v -12.499203 23.354818 -0.554904
v -12.499203 20.873362 -5.323821
v -12.499203 20.873362 -0.554904
v 12.313570 32.988708 -11.642033
v 12.313570 32.988708 -6.824700
v 12.313570 33.961826 -11.642033
v 12.313570 32.988708 -5.493276
v 12.313570 32.988708 -0.724359
v 12.313570 32.988708 0.655480
v 12.313570 30.847843 -0.724359
v 12.313570 30.847843 0.655480
v 12.313570 30.847843 -6.824700
v 12.313570 30.847843 -5.493276
v 12.313570 32.988708 5.448605
v 12.313570 33.961826 -6.824701
v 12.313570 32.988708 6.828444
v 12.313570 33.961826 6.828444
v 12.313570 32.988708 11.694192
v 12.313570 33.961826 12.444632
v 12.313570 30.847845 12.444633
v 12.313570 30.847845 11.694193
v 12.313570 30.847843 5.448605
v 12.313570 30.847843 6.828444
v 12.313570 30.847841 -11.642032
v 12.313570 30.847841 -12.344056
v 12.313570 33.961826 -12.344057
v -6.873947 45.371658 12.444631
v -6.873947 43.255123 12.444631
v -11.728620 45.371658 12.444631
v -11.728620 43.255123 12.444631
v -0.709283 45.371658 12.444631
v -0.709283 43.255123 12.444631
v -5.486897 45.371658 12.444631
v -5.486897 43.255123 12.444631
v -12.499203 17.808035 12.444633
v -12.499203 19.924572 12.444633
v -11.728620 17.808035 12.444633
v -11.728620 19.924572 12.444633
v 12.313570 43.255123 -11.642034
v 12.313570 45.371658 -11.642034
v 12.313570 43.255123 -12.344058
v 12.313570 45.371658 -12.344058
v 12.313570 46.344780 -12.344059
v 12.313570 46.344780 -6.824702
v 12.313570 46.344780 -5.493278
v 12.313570 45.371658 -6.824702
v 12.313570 45.371658 -5.493278
v 12.313570 43.255123 -6.824702
v 12.313570 43.255123 -5.493278
v 12.313570 46.344780 -0.724361
v 12.313570 45.371658 -0.724361
v 12.313570 46.344780 0.655478
v 12.313570 45.371658 0.655478
v 12.313570 46.344780 5.448603
v 12.313570 45.371658 5.448603
v 12.313570 46.344780 6.828443
v 12.313570 45.371658 6.828443
v 12.313570 46.344780 11.694190
v 12.313570 45.371658 11.694191
v 12.313570 46.344780 12.444630
v 12.313570 43.255123 12.444631
v 12.313570 43.255123 11.694191
v 12.313570 43.255123 -0.724361
v 12.313570 43.255123 0.655479
v 12.313570 43.255123 6.828443
v 12.313570 43.255123 5.448604
v 11.594358 43.255123 12.444631
v 6.791058 43.255123 12.444631
v 11.594358 45.371658 12.444631
v 6.791058 45.371658 12.444631
v -5.486897 37.051483 12.444632
v -12.499203 37.051483 12.444632
v -5.486897 39.168018 12.444631
v -12.499203 40.165466 12.444631
v -0.709283 40.165466 12.444631
v 0.677766 40.165466 12.444631
v -0.709283 39.168018 12.444631
v 5.455381 40.165466 12.444631
v 0.677766 39.168018 12.444631
v 6.791058 40.165466 12.444631
v 5.455381 39.168018 12.444631
v 6.791058 39.168018 12.444631
v 5.455381 37.051483 12.444632
v 6.791058 37.051483 12.444632
v -0.709283 37.051483 12.444632
v 0.677766 37.051483 12.444632
v 11.594358 40.165466 12.444631
v 11.594358 39.168018 12.444631
v 12.313570 37.051483 12.444632
v 11.594358 37.051483 12.444632
v 12.313570 40.165466 12.444631
v 5.455381 43.255123 12.444631
v 0.677766 43.255123 12.444631
v 5.455381 45.371658 12.444631
v 0.677766 45.371658 12.444631
v 5.301264 16.834911 -12.344054
v 5.301264 14.718376 -12.344054
v 6.662628 16.834911 -12.344054
v 6.662628 14.718376 -12.344054
v -12.499203 46.344780 12.444630
v -12.499203 48.485649 12.444630
v -11.728620 46.344780 12.444630
v -11.728620 48.485649 12.444630
v 5.455381 30.847845 12.444633
v 5.455381 32.988708 12.444632
v 12.313570 30.847845 12.444633
v 12.313570 33.961826 12.444632
v 11.594358 33.961826 12.444632
v 6.791058 33.961826 12.444632
v 5.455381 33.961826 12.444632
v 0.677766 33.961826 12.444632
v -0.709283 33.961826 12.444632
v 0.677766 32.988708 12.444632
v -0.709283 32.988708 12.444632
v 0.677766 30.847845 12.444633
v -0.709283 30.847845 12.444633
v -5.486897 33.961826 12.444632
v -5.486897 32.988708 12.444632
v -6.873947 33.961826 12.444632
v -6.873947 32.988708 12.444632
v -11.728620 33.961826 12.444632
v -11.728620 32.988708 12.444632
v -12.499203 33.961826 12.444632
v -12.499203 30.847845 12.444633
v -11.728620 30.847845 12.444633
v -5.486897 30.847845 12.444633
v -6.873947 30.847845 12.444633
v 11.594358 19.924572 12.444633
v 12.313570 19.924572 12.444633
v 11.594358 17.808035 12.444633
v 12.313570 17.808035 12.444633
v 11.594358 48.485649 12.444630
v 12.313570 48.485649 12.444630
v 11.594358 46.344780 12.444630
v 12.313570 46.344780 12.444630
v 6.791058 48.485649 12.444630
v 11.594358 48.485649 12.444630
v 6.791058 46.344780 12.444630
v 11.594358 46.344780 12.444630
v 6.791058 19.924572 12.444633
v 11.594358 19.924572 12.444633
v 6.791058 17.808035 12.444633
v 11.594358 17.808035 12.444633
v -11.728620 26.785070 12.444633
v -11.728620 24.303614 12.444633
v -12.499203 26.785070 12.444633
v -12.499203 23.354820 12.444633
v -5.486897 23.354820 12.444633
v -6.873947 24.303614 12.444633
v -0.709283 23.354820 12.444633
v -5.486897 24.303614 12.444633
v 0.677766 23.354820 12.444633
v -0.709283 24.303614 12.444633
v 0.677766 24.303614 12.444633
v -0.709283 26.785070 12.444633
v 0.677766 26.785070 12.444633
v -6.873947 26.785070 12.444633
v -5.486897 26.785070 12.444633
v 5.455381 23.354820 12.444633
v 5.455381 24.303614 12.444633
v 6.791058 23.354820 12.444633
v 6.791058 24.303614 12.444633
v 11.594358 23.354820 12.444633
v 11.594358 24.303614 12.444633
v 12.313570 26.785070 12.444633
v 11.594358 26.785070 12.444633
v 5.455381 26.785070 12.444633
v 6.791058 26.785070 12.444633
v 12.313570 23.354820 12.444633
v -6.873947 19.924572 12.444633
v -6.873947 17.808035 12.444633
v -5.486897 19.924572 12.444633
v -5.486897 17.808035 12.444633
v -0.709283 16.834915 12.444634
v -5.486897 16.834915 12.444634
v -0.709283 14.718380 12.444634
v -5.486897 14.718380 12.444634
v -6.873947 48.485649 12.444630
v -6.873947 46.344780 12.444630
v -5.486897 48.485649 12.444630
v -5.486897 46.344780 12.444630
v -11.728620 33.961826 12.444632
v -11.728620 36.078365 12.444632
v -12.499203 33.961826 12.444632
v -12.499203 37.051483 12.444632
v -0.709283 37.051483 12.444632
v -6.873947 36.078365 12.444632
v -5.486897 36.078365 12.444632
v -6.873947 33.961826 12.444632
v -5.486897 33.961826 12.444632
v 0.677766 37.051483 12.444632
v -0.709283 36.078365 12.444632
v 5.455381 37.051483 12.444632
v 0.677766 36.078365 12.444632
v 6.791058 37.051483 12.444632
v 5.455381 36.078365 12.444632
v 6.791058 36.078365 12.444632
v 5.455381 33.961826 12.444632
v 6.791058 33.961826 12.444632
v -0.709283 33.961826 12.444632
v 0.677766 33.961826 12.444632
v 11.594358 37.051483 12.444632
v 11.594358 36.078365 12.444632
v 12.313570 33.961826 12.444632
v 11.594358 33.961826 12.444632
v 12.313570 37.051483 12.444632
v -11.728620 48.485649 12.444630
v -6.873947 48.485649 12.444630
v -11.728620 46.344780 12.444630
v -6.873947 46.344780 12.444630
v -11.728620 19.924572 12.444633
v -6.873947 19.924572 12.444633
v -11.728620 17.808035 12.444633
v -6.873947 17.808035 12.444633
v -5.486897 19.924572 12.444633
v -0.709283 19.924572 12.444633
v -5.486897 17.808035 12.444633
v -0.709283 17.808035 12.444633
v 11.594358 23.354820 12.444633
v 12.313570 23.354820 12.444633
v 11.594358 20.873363 12.444633
v 12.313570 19.924572 12.444633
v 11.594358 19.924572 12.444633
v 6.791058 19.924572 12.444633
v 5.455381 19.924572 12.444633
v 6.791058 20.873363 12.444633
v 0.677766 19.924572 12.444633
v 5.455381 20.873363 12.444633
v -0.709283 19.924572 12.444633
v 0.677766 20.873363 12.444633
v -0.709283 20.873363 12.444633
v 0.677766 23.354820 12.444633
v -0.709283 23.354820 12.444633
v 6.791058 23.354820 12.444633
v 5.455381 23.354820 12.444633
v -5.486897 19.924572 12.444633
v -5.486897 20.873363 12.444633
v -6.873947 19.924572 12.444633
v -12.499203 23.354820 12.444633
v -11.728620 19.924572 12.444633
v -12.499203 19.924572 12.444633
v -5.486897 23.354820 12.444633
v -0.709283 19.924572 12.444633
v 0.677766 19.924572 12.444633
v -0.709283 17.808035 12.444633
v 0.677766 17.808035 12.444633
v -5.641014 27.758186 -12.344056
v -5.641014 29.874722 -12.344056
v -6.976691 27.758186 -12.344056
v -6.976691 29.874722 -12.344056
v -12.499203 30.847841 -12.344056
v -6.976691 30.847841 -12.344056
v -0.863400 29.874722 -12.344056
v 0.523650 29.874722 -12.344056
v -0.863400 27.758186 -12.344056
v 0.523650 27.758186 -12.344056
v -5.641014 30.847841 -12.344056
v 5.301264 29.874722 -12.344056
v -0.863400 30.847841 -12.344056
v 6.662628 29.874722 -12.344056
v 0.523650 30.847841 -12.344056
v 12.313570 30.847841 -12.344056
v 5.301264 30.847841 -12.344056
v 5.301264 27.758186 -12.344056
v 6.662628 27.758186 -12.344056
v 11.542987 29.874722 -12.344056
v 11.542987 27.758186 -12.344056
v 12.313570 27.758186 -12.344056
v 6.662628 30.847841 -12.344056
v 11.542987 30.847841 -12.344056
v 5.455381 19.924572 12.444633
v 6.791058 19.924572 12.444633
v 5.455381 17.808035 12.444633
v 6.791058 17.808035 12.444633
v 12.313570 27.758190 12.444633
v 11.594358 27.758190 12.444633
v 12.313570 30.847845 12.444633
v 11.594358 29.874725 12.444633
v 0.677766 30.847845 12.444633
v 6.791058 29.874725 12.444633
v 5.455381 29.874725 12.444633
v 6.791058 27.758190 12.444633
v 5.455381 27.758190 12.444633
v -0.709283 30.847845 12.444633
v 0.677766 29.874725 12.444633
v -0.709283 29.874725 12.444633
v 0.677766 27.758190 12.444633
v -0.709283 27.758190 12.444633
v -5.486897 30.847845 12.444633
v -5.486897 29.874725 12.444633
v -6.873947 30.847845 12.444633
v -6.873947 29.874725 12.444633
v -11.728620 30.847845 12.444633
v -11.728620 29.874725 12.444633
v -12.499203 30.847845 12.444633
v -12.499203 27.758190 12.444633
v -11.728620 27.758190 12.444633
v -5.486897 27.758190 12.444633
v -6.873947 27.758190 12.444633
v -0.709283 46.344780 12.444630
v -5.486897 46.344780 12.444630
v -0.709283 48.485649 12.444630
v -5.486897 48.485649 12.444630
v 12.313570 48.801910 12.444630
v -6.873947 48.485649 12.444630
v -11.728620 48.485649 12.444630
v 6.791058 48.485649 12.444630
v 11.594358 48.485649 12.444630
v 12.313570 48.485649 12.444630
v -12.499203 48.485649 12.444630
v -12.499203 48.801910 12.444630
v 0.677766 19.924572 12.444633
v 0.677766 17.808035 12.444633
v 5.455381 19.924572 12.444633
v 5.455381 17.808035 12.444633
v 11.594358 14.718380 12.444634
v 11.594358 16.834915 12.444634
v 6.791058 14.718380 12.444634
v 6.791058 16.834915 12.444634
v 5.455381 14.718380 12.444634
v 5.455381 16.834915 12.444634
v 0.677766 14.718380 12.444634
v 0.677766 16.834915 12.444634
v 5.455381 27.758190 12.444633
v 5.455381 29.874725 12.444633
v 0.677766 27.758190 12.444633
v 0.677766 29.874725 12.444633
v 11.594358 27.758190 12.444633
v 11.594358 29.874725 12.444633
v 6.791058 27.758190 12.444633
v 6.791058 29.874725 12.444633
v -0.709283 27.758190 12.444633
v -0.709283 29.874725 12.444633
v -5.486897 27.758190 12.444633
v -5.486897 29.874725 12.444633
v -6.873947 29.874725 12.444633
v -11.728620 29.874725 12.444633
v -6.873947 27.758190 12.444633
v -11.728620 27.758190 12.444633
v -6.873947 32.988708 12.444632
v -11.728620 32.988708 12.444632
v -6.873947 30.847845 12.444633
v -11.728620 30.847845 12.444633
v -0.709283 32.988708 12.444632
v -5.486897 32.988708 12.444632
v -0.709283 30.847845 12.444633
v -5.486897 30.847845 12.444633
v 5.455381 30.847845 12.444633
v 5.455381 32.988708 12.444632
v 0.677766 30.847845 12.444633
v 0.677766 32.988708 12.444632
v 12.313570 43.255123 -11.642034
v 12.313570 43.255123 -6.824702
v 12.313570 43.255123 -12.344058
v 12.313570 42.282005 -11.642034
v 12.313570 42.282005 -12.344058
v 12.313570 40.165466 -12.344058
v 12.313570 40.165466 -11.642034
v 12.313570 43.255123 -5.493278
v 12.313570 42.282005 11.694191
v 12.313570 43.255123 -0.724361
v 12.313570 43.255123 0.655479
v 12.313570 43.255123 5.448604
v 12.313570 43.255123 6.828443
v 12.313570 43.255123 12.444631
v 12.313570 40.165466 12.444631
v 12.313570 40.165466 11.694191
v 5.455381 33.961826 12.444632
v 0.677766 33.961826 12.444632
v 5.455381 36.078365 12.444632
v 0.677766 36.078365 12.444632
v 11.594358 33.961826 12.444632
v 6.791058 33.961826 12.444632
v 11.594358 36.078365 12.444632
v 6.791058 36.078365 12.444632
v 11.594358 43.255123 12.444631
v 11.594358 45.371658 12.444631
v 12.313570 43.255123 12.444631
v 11.594358 46.344780 12.444630
v 12.313570 46.344780 12.444630
v 6.791058 45.371658 12.444631
v 6.791058 46.344780 12.444630
v 5.455381 45.371658 12.444631
v -0.709283 46.344780 12.444630
v 0.677766 45.371658 12.444631
v -0.709283 45.371658 12.444631
v 0.677766 43.255123 12.444631
v -0.709283 43.255123 12.444631
v 6.791058 43.255123 12.444631
v 5.455381 43.255123 12.444631
v -5.486897 46.344780 12.444630
v -5.486897 45.371658 12.444631
v -6.873947 46.344780 12.444630
v -6.873947 45.371658 12.444631
v -11.728620 46.344780 12.444630
v -11.728620 45.371658 12.444631
v -12.499203 46.344780 12.444630
v -12.499203 43.255123 12.444631
v -11.728620 43.255123 12.444631
v -5.486897 43.255123 12.444631
v -6.873947 43.255123 12.444631
v -0.709283 36.078365 12.444632
v -0.709283 33.961826 12.444632
v -5.486897 36.078365 12.444632
v -5.486897 33.961826 12.444632
v -6.873947 36.078365 12.444632
v -6.873947 33.961826 12.444632
v -11.728620 36.078365 12.444632
v -11.728620 33.961826 12.444632
v -0.709283 39.168018 12.444631
v -0.709283 37.051483 12.444632
v -5.486897 39.168018 12.444631
v -5.486897 37.051483 12.444632
v 11.594358 37.051483 12.444632
v 6.791058 37.051483 12.444632
v 11.594358 39.168018 12.444631
v 6.791058 39.168018 12.444631
v 5.455381 37.051483 12.444632
v 0.677766 37.051483 12.444632
v 5.455381 39.168018 12.444631
v 0.677766 39.168018 12.444631
v 5.455381 40.165466 12.444631
v 0.677766 40.165466 12.444631
v 5.455381 42.282005 12.444631
v 0.677766 42.282005 12.444631
v 11.594358 40.165466 12.444631
v 6.791058 40.165466 12.444631
v 11.594358 42.282005 12.444631
v 6.791058 42.282005 12.444631
v -0.709283 42.282005 12.444631
v -0.709283 40.165466 12.444631
v -5.486897 42.282005 12.444631
v -5.486897 40.165466 12.444631
v 0.677766 24.303614 12.444633
v 0.677766 26.785070 12.444633
v 5.455381 24.303614 12.444633
v 5.455381 26.785070 12.444633
v -5.486897 24.303614 12.444633
v -5.486897 26.785070 12.444633
v -0.709283 24.303614 12.444633
v -0.709283 26.785070 12.444633
v 6.791058 24.303614 12.444633
v 6.791058 26.785070 12.444633
v 11.594358 24.303614 12.444633
v 11.594358 26.785070 12.444633
v -11.728620 24.303614 12.444633
v -11.728620 26.785070 12.444633
v -6.873947 24.303614 12.444633
v -6.873947 26.785070 12.444633
v 6.791058 23.354820 12.444633
v 11.594358 23.354820 12.444633
v 6.791058 20.873363 12.444633
v 11.594358 20.873363 12.444633
v -5.486897 20.873363 12.444633
v -5.486897 23.354820 12.444633
v -0.709283 20.873363 12.444633
v -0.709283 23.354820 12.444633
v 0.677766 23.354820 12.444633
v 5.455381 23.354820 12.444633
v 0.677766 20.873363 12.444633
v 5.455381 20.873363 12.444633
v 12.313570 14.718379 6.828447
v 12.313570 14.718380 11.694195
v 12.313570 16.834913 6.828446
v 12.313570 16.834915 11.694195
v 12.313570 16.834913 5.448607
v 12.313570 14.718379 5.448607
v 12.313570 16.834913 6.828446
v 12.313570 14.718379 6.828447
v 12.313570 43.255123 6.828443
v 12.313570 43.255123 11.694191
v 12.313570 45.371658 6.828443
v 12.313570 45.371658 11.694191
v 12.313570 43.255123 0.655479
v 12.313570 43.255123 5.448604
v 12.313570 45.371658 0.655478
v 12.313570 45.371658 5.448603
v 12.313570 19.924572 12.444633
v 12.313570 19.924572 11.694194
v 12.313570 17.808035 12.444633
v 12.313570 17.808035 11.694194
v 12.313570 43.255123 -11.642034
v 12.313570 43.255123 -6.824702
v 12.313570 45.371658 -11.642034
v 12.313570 45.371658 -6.824702
v 12.313570 43.255123 -5.493278
v 12.313570 43.255123 -0.724361
v 12.313570 45.371658 -5.493278
v 12.313570 45.371658 -0.724361
v 12.313570 48.485649 12.444630
v 12.313570 48.485649 11.694190
v 12.313570 46.344780 12.444630
v 12.313570 46.344780 11.694190
v 12.313570 48.485649 -12.344059
v 12.313570 48.485649 -11.642035
v 12.313570 48.801910 -12.344059
v 12.313570 48.485649 -6.824703
v 12.313570 48.485649 -5.493279
v 12.313570 48.485649 -0.724361
v 12.313570 48.485649 11.694190
v 12.313570 48.801910 12.444630
v 12.313570 48.485649 12.444630
v 12.313570 48.485649 5.448603
v 12.313570 48.485649 6.828442
v 12.313570 48.485649 0.655478
v 12.313570 46.344780 0.655478
v 12.313570 46.344780 5.448603
v -12.499203 43.255123 11.742606
v -12.499203 43.255123 12.444631
v -12.499203 45.371658 11.742606
v -12.499203 46.344780 12.444630
v -12.499203 46.344780 5.618057
v -12.499203 46.344780 0.824932
v -12.499203 46.344780 -0.554907
v -12.499203 46.344780 -5.323824
v -12.499203 45.371658 6.949481
v -12.499203 46.344780 -6.703664
v -12.499203 45.371658 5.618057
v -12.499203 46.344780 -11.569412
v -12.499203 45.371658 -11.569411
v -12.499203 46.344780 -12.344059
v -12.499203 43.255123 -12.344058
v -12.499203 43.255123 -11.569411
v -12.499203 43.255123 6.949481
v -12.499203 43.255123 5.618058
v -12.499203 45.371658 0.824932
v -12.499203 45.371658 -6.703664
v -12.499203 43.255123 0.824932
v -12.499203 43.255123 -6.703663
v 12.313570 19.924568 -11.642031
v 12.313570 17.808031 -11.642031
v 12.313570 19.924568 -12.344055
v 12.313570 17.808031 -12.344055
v 12.313570 48.485649 -11.642035
v 12.313570 46.344780 -11.642035
v 12.313570 48.485649 -12.344059
v 12.313570 46.344780 -12.344059
v 12.313570 48.485649 -6.824703
v 12.313570 46.344780 -6.824702
v 12.313570 48.485649 -11.642035
v 12.313570 46.344780 -11.642035
v 12.313570 19.924568 -11.642031
v 12.313570 19.924570 -6.824699
v 12.313570 17.808031 -11.642031
v 12.313570 17.808033 -6.824698
v 12.313570 23.354816 -12.344055
v 12.313570 19.924568 -12.344055
v -12.499203 23.354816 -12.344055
v 11.542987 19.924568 -12.344055
v 6.662628 19.924568 -12.344055
v 5.301264 19.924568 -12.344055
v 0.523650 19.924568 -12.344055
v -0.863400 19.924568 -12.344055
v -5.641014 19.924568 -12.344055
v -6.976691 19.924568 -12.344055
v -11.805678 19.924568 -12.344055
v -12.499203 19.924568 -12.344055
v 12.313570 19.924570 5.448606
v 12.313570 17.808033 5.448607
v 12.313570 19.924570 6.828446
v 12.313570 17.808033 6.828446
v 12.313570 14.718378 0.655482
v 12.313570 14.718379 5.448607
v 12.313570 16.834913 0.655482
v 12.313570 16.834913 5.448607
v 12.313570 48.485649 6.828442
v 12.313570 48.485649 5.448603
v 12.313570 46.344780 6.828443
v 12.313570 46.344780 5.448603
v 12.313570 48.485649 11.694190
v 12.313570 48.485649 6.828442
v 12.313570 46.344780 11.694190
v 12.313570 46.344780 6.828443
v -12.499203 23.354816 -11.569408
v -12.499203 20.873360 -11.569408
v -12.499203 23.354816 -12.344055
v -12.499203 19.924568 -12.344055
v -12.499203 19.924570 -6.703660
v -12.499203 19.924570 -5.323821
v -12.499203 19.924570 -0.554903
v -12.499203 20.873362 -6.703660
v -12.499203 19.924570 6.949484
v -12.499203 20.873362 -5.323821
v -12.499203 19.924572 11.742609
v -12.499203 20.873362 -0.554904
v -12.499203 23.354820 12.444633
v -12.499203 23.354818 -0.554904
v -12.499203 23.354818 -6.703661
v -12.499203 23.354818 -5.323822
v -12.499203 19.924572 12.444633
v 12.313570 19.924572 11.694194
v 12.313570 17.808035 11.694194
v 12.313570 19.924570 6.828446
v 12.313570 17.808033 6.828446
v 12.313570 19.924570 5.448606
v 12.313570 17.808033 5.448607
v 12.313570 19.924570 0.655482
v 12.313570 17.808033 0.655482
v 12.313570 23.354818 5.448606
v 12.313570 23.354820 12.444633
v 12.313570 20.873362 5.448606
v 12.313570 19.924572 11.694194
v 12.313570 20.873362 0.655482
v 12.313570 19.924570 5.448606
v 12.313570 19.924568 -11.642031
v 12.313570 20.873362 -5.493275
v 12.313570 20.873362 -6.824699
v 12.313570 23.354818 -5.493275
v 12.313570 23.354818 -6.824699
v 12.313570 19.924572 12.444633
v 12.313570 20.873362 -0.724357
v 12.313570 23.354818 -0.724358
v 12.313570 23.354818 0.655481
v 12.313570 19.924570 -0.724357
v 12.313570 19.924570 -5.493275
v 12.313570 20.873360 -11.642031
v 12.313570 19.924568 -12.344055
v 12.313570 23.354816 -12.344055
v 12.313570 23.354816 -11.642031
v 0.523650 43.255123 -12.344058
v 0.523650 45.371658 -12.344058
v -0.863400 43.255123 -12.344058
v -0.863400 45.371658 -12.344058
v -12.499203 46.344780 -12.344059
v -5.641014 45.371658 -12.344058
v 5.301264 45.371658 -12.344058
v 6.662628 45.371658 -12.344058
v 5.301264 43.255123 -12.344058
v 6.662628 43.255123 -12.344058
v 11.542987 45.371658 -12.344058
v -12.499203 43.255123 -12.344058
v -11.805678 43.255123 -12.344058
v -11.805678 45.371658 -12.344058
v -6.976691 45.371658 -12.344058
v -5.641014 43.255123 -12.344058
v -6.976691 43.255123 -12.344058
v 12.313570 45.371658 -12.344058
v 12.313570 46.344780 -12.344059
v 11.542987 43.255123 -12.344058
v 12.313570 43.255123 -12.344058
v 12.313570 48.485649 0.655478
v 12.313570 46.344780 0.655478
v 12.313570 48.485649 -0.724361
v 12.313570 46.344780 -0.724361
v 12.313570 19.924570 -0.724357
v 12.313570 19.924570 0.655482
v 12.313570 17.808033 -0.724357
v 12.313570 17.808033 0.655482
v 12.313570 48.485649 -0.724361
v 12.313570 46.344780 -0.724361
v 12.313570 48.485649 -5.493279
v 12.313570 46.344780 -5.493278
v 12.313570 48.485649 -5.493279
v 12.313570 46.344780 -5.493278
v 12.313570 48.485649 -6.824703
v 12.313570 46.344780 -6.824702
v 12.313570 19.924570 -5.493275
v 12.313570 17.808033 -5.493274
v 12.313570 19.924570 -6.824699
v 12.313570 17.808033 -6.824698
v 12.313570 19.924570 -0.724357
v 12.313570 17.808033 -0.724357
v 12.313570 19.924570 -5.493275
v 12.313570 17.808033 -5.493274
v 12.313570 16.834911 -11.642030
v 12.313570 16.834913 -6.824698
v 12.313570 14.718376 -11.642030
v 12.313570 14.718377 -6.824698
v 12.313570 27.758188 -5.493276
v 12.313570 29.874723 -5.493276
v 12.313570 27.758188 -0.724358
v 12.313570 29.874723 -0.724359
v 12.313570 29.874722 -11.642032
v 12.313570 29.874723 -6.824700
v 12.313570 27.758186 -11.642032
v 12.313570 27.758188 -6.824700
v 12.313570 29.874723 0.655480
v 12.313570 29.874723 5.448606
v 12.313570 27.758188 0.655481
v 12.313570 27.758188 5.448606
v 12.313570 27.758188 6.828445
v 12.313570 29.874723 6.828445
v 12.313570 27.758190 11.694193
v 12.313570 29.874725 11.694193
v 12.313570 32.988708 6.828444
v 12.313570 32.988708 11.694192
v 12.313570 30.847843 6.828444
v 12.313570 30.847845 11.694193
v 12.313570 32.988708 0.655480
v 12.313570 32.988708 5.448605
v 12.313570 30.847843 0.655480
v 12.313570 30.847843 5.448605
v 12.313570 32.988708 -11.642033
v 12.313570 32.988708 -6.824700
v 12.313570 30.847841 -11.642032
v 12.313570 30.847843 -6.824700
v 12.313570 30.847843 -5.493276
v 12.313570 32.988708 -5.493276
v 12.313570 30.847843 -0.724359
v 12.313570 32.988708 -0.724359
v 12.313570 33.961826 -11.642033
v 12.313570 36.078365 -11.642033
v 12.313570 33.961826 -6.824701
v 12.313570 36.078365 -6.824701
v 12.313570 33.961826 6.828444
v 12.313570 36.078365 6.828444
v 12.313570 33.961826 11.694192
v 12.313570 36.078365 11.694192
v 12.313570 37.051483 6.828444
v 12.313570 39.168018 6.828444
v 12.313570 37.051483 11.694192
v 12.313570 39.168018 11.694191
v 12.313570 39.168018 0.655479
v 12.313570 39.168018 5.448604
v 12.313570 37.051483 0.655479
v 12.313570 37.051483 5.448605
v 12.313570 37.051483 -11.642033
v 12.313570 39.168018 -11.642034
v 12.313570 37.051483 -6.824701
v 12.313570 39.168018 -6.824701
v 12.313570 39.168018 -5.493277
v 12.313570 39.168018 -0.724360
v 12.313570 37.051483 -5.493277
v 12.313570 37.051483 -0.724360
v 12.313570 40.165466 -5.493277
v 12.313570 42.282005 -5.493278
v 12.313570 40.165466 -0.724360
v 12.313570 42.282005 -0.724360
v 12.313570 40.165466 -11.642034
v 12.313570 42.282005 -11.642034
v 12.313570 40.165466 -6.824701
v 12.313570 42.282005 -6.824702
v -12.499203 27.758186 -11.569409
v -12.499203 29.874722 -11.569409
v -12.499203 27.758186 -12.344056
v -12.499203 30.847841 -11.569409
v -12.499203 30.847841 -12.344056
v -12.499203 29.874723 -5.323822
v -12.499203 30.847843 -6.703662
v -12.499203 30.847843 -5.323822
v -12.499203 29.874723 -0.554905
v -12.499203 30.847843 -0.554905
v -12.499203 29.874723 0.824934
v -12.499203 30.847843 0.824934
v -12.499203 29.874723 6.949483
v -12.499203 30.847843 5.618059
v -12.499203 30.847843 6.949483
v -12.499203 30.847845 11.742608
v -12.499203 29.874725 11.742608
v -12.499203 27.758190 12.444633
v -12.499203 27.758190 11.742608
v -12.499203 27.758188 -0.554905
v -12.499203 27.758188 0.824935
v -12.499203 29.874723 5.618060
v -12.499203 27.758188 5.618060
v -12.499203 27.758188 6.949483
v -12.499203 30.847845 12.444633
v 12.313570 42.282005 0.655479
v 12.313570 42.282005 5.448604
v 12.313570 40.165466 0.655479
v 12.313570 40.165466 5.448604
v 12.313570 40.165466 6.828444
v 12.313570 42.282005 6.828443
v 12.313570 40.165466 11.694191
v 12.313570 42.282005 11.694191
v 12.313570 24.303612 -0.724358
v 12.313570 24.303612 -5.493275
v 12.313570 26.785069 -0.724358
v 12.313570 26.785069 -5.493276
v 12.313570 24.303612 5.448606
v 12.313570 24.303612 0.655481
v 12.313570 26.785069 5.448606
v 12.313570 26.785069 0.655481
v 12.313570 24.303612 -6.824699
v 12.313570 24.303610 -11.642031
v 12.313570 26.785069 -6.824700
v 12.313570 26.785067 -11.642032
v -12.499203 43.255123 12.444631
v -12.499203 43.255123 11.742606
v -12.499203 40.165466 12.444631
v -12.499203 42.282005 5.618058
v -12.499203 40.165466 5.618058
v -12.499203 43.255123 6.949481
v -12.499203 42.282005 0.824933
v -12.499203 43.255123 5.618058
v -12.499203 42.282005 -0.554906
v -12.499203 43.255123 0.824932
v -12.499203 42.282005 -5.323824
v -12.499203 42.282005 -6.703663
v -12.499203 40.165466 -5.323823
v -12.499203 40.165466 -6.703663
v -12.499203 40.165466 0.824933
v -12.499203 40.165466 -0.554906
v -12.499203 43.255123 -6.703663
v -12.499203 42.282005 -11.569411
v -12.499203 43.255123 -12.344058
v -12.499203 40.165466 -11.569411
v -12.499203 40.165466 -12.344058
v -12.499203 43.255123 -11.569411
v 12.313570 24.303614 11.694194
v 12.313570 26.785070 11.694193
v 12.313570 24.303612 6.828445
v 12.313570 26.785069 6.828445
v 12.313570 20.873362 -6.824699
v 12.313570 23.354818 -6.824699
v 12.313570 20.873360 -11.642031
v 12.313570 23.354816 -11.642031
v 12.313570 23.354818 5.448606
v 12.313570 23.354818 0.655481
v 12.313570 20.873362 5.448606
v 12.313570 20.873362 0.655482
v 12.313570 23.354818 -0.724358
v 12.313570 23.354818 -5.493275
v 12.313570 20.873362 -0.724357
v 12.313570 20.873362 -5.493275
v 11.594358 40.165466 12.444631
v 11.594358 42.282005 12.444631
v 12.313570 40.165466 12.444631
v 12.313570 43.255123 12.444631
v 11.594358 43.255123 12.444631
v 6.791058 43.255123 12.444631
v 5.455381 43.255123 12.444631
v 0.677766 43.255123 12.444631
v -0.709283 43.255123 12.444631
v 6.791058 42.282005 12.444631
v 5.455381 42.282005 12.444631
v 6.791058 40.165466 12.444631
v 5.455381 40.165466 12.444631
v -5.486897 43.255123 12.444631
v 0.677766 42.282005 12.444631
v -6.873947 43.255123 12.444631
v -0.709283 42.282005 12.444631
v -11.728620 43.255123 12.444631
v -5.486897 42.282005 12.444631
v -12.499203 40.165466 12.444631
v -5.486897 40.165466 12.444631
v 0.677766 40.165466 12.444631
v -0.709283 40.165466 12.444631
v -12.499203 43.255123 12.444631
v 12.262197 14.791360 -11.690446
v 12.185140 14.791364 12.396219
v 19.274504 14.791360 -11.690446
v 19.274504 14.791365 19.827982
v 12.904350 13.599288 -12.319847
v 12.904350 13.599288 -16.435156
v 13.007094 13.599288 -12.416677
v 13.007094 13.599288 -16.531986
v 12.904350 13.599288 -16.435156
v 8.614771 13.599288 -16.435156
v -12.858809 13.599288 -16.435156
v -12.987239 13.599288 -16.531986
v -8.543544 13.599288 -16.435156
v -4.253965 13.599288 -16.435156
v 0.035614 13.599288 -16.435156
v -12.987239 13.599288 -12.440886
v -12.858809 13.599288 -16.435156
v -12.858809 13.599288 -12.344054
v -12.858809 13.599288 -12.344054
v -16.583292 13.599288 -12.344054
v -20.307777 13.599288 -12.344054
v -20.384836 13.599288 -12.440886
v -20.307777 13.599289 -8.252953
v -20.307777 13.599288 -12.344054
v -20.307777 13.599289 -4.137643
v -20.307777 13.599290 -0.046541
v -20.384836 13.599293 20.554214
v -20.307777 13.599293 20.457382
v -20.307777 13.599292 16.366282
v -20.307777 13.599292 12.250973
v -20.307777 13.599291 8.159870
v 19.890968 13.599291 4.068769
v 19.890968 13.599289 -4.137643
v 19.993713 13.672276 20.554214
v -20.384836 14.791360 -12.440886
v -20.384836 14.694048 -12.440886
v -12.987239 14.791360 -12.440886
v -12.987239 14.694048 -12.440886
v 13.007094 14.791360 -16.531986
v 13.007094 14.694048 -16.531986
v 13.007094 14.791360 -12.416677
v 13.007094 14.694048 -12.416677
v -20.384836 14.791365 20.554214
v -20.384836 14.694053 20.554214
v -20.384836 14.791360 -12.440886
v -20.384836 14.694048 -12.440886
v -12.987239 14.791360 -12.440886
v -12.987239 14.694048 -12.440886
v -12.987239 14.791360 -16.531986
v -12.987239 14.694048 -16.531986
v -12.987239 14.791360 -16.531986
v -12.987239 14.694048 -16.531986
v 13.007094 14.791360 -16.531986
v 13.007094 14.694048 -16.531986
v 13.007094 14.791360 -12.416677
v 13.007094 14.694048 -12.416677
v 19.993713 14.791360 -12.416677
v 19.993713 14.694048 -12.416677
v -16.583292 13.599288 -12.344054
v -16.583292 10.315007 -12.344053
v -12.858809 13.599288 -12.344054
v -12.858809 10.315007 -12.344053
v 19.993713 14.694053 20.554214
v 19.993713 13.672276 20.554214
v -20.384836 14.694053 20.554214
v -20.384836 13.599293 20.554214
v -20.384836 13.599288 -12.440886
v -20.307777 13.599291 8.159870
v -20.307777 13.599291 4.044561
v -20.307777 13.599289 -8.252953
v -20.307777 13.599289 -4.137643
v 8.614771 13.599288 -16.435156
v -12.858809 13.599288 -16.435156
v -8.543544 13.599288 -16.435156
v 4.325192 13.599288 -16.435156
v 0.035614 13.599288 -16.435156
v 19.890968 13.599288 -12.319847
v 19.993713 13.599288 -12.416677
v 16.397659 13.599288 -12.319847
v 12.904350 13.599288 -12.319847
v 13.007094 13.599288 -12.416677
v 19.993713 13.599288 -12.416677
v 19.993713 13.672276 20.554214
v 19.993713 14.694048 -12.416677
v 19.993713 14.694053 20.554214
v 12.904350 13.599288 -16.435156
v 12.904350 10.315007 -16.435156
v 12.904350 13.599288 -12.319847
v 12.904350 10.315007 -12.319846
v -15.838396 13.599293 20.457382
v -15.838396 10.315012 20.457382
v -20.307777 13.599293 20.457382
v -20.307777 10.315012 20.457382
v -12.858809 10.315007 -12.344053
v -12.858809 10.315007 -16.435156
v -12.858809 13.599288 -12.344054
v -12.858809 13.599288 -16.435156
v 8.614771 13.599288 -16.435156
v 8.614771 10.315007 -16.435156
v 12.904350 13.599288 -16.435156
v 12.904350 10.315007 -16.435156
v 16.397659 13.599288 -12.319847
v 16.397659 10.315007 -12.319846
v 19.890968 13.599288 -12.319847
v 19.890968 10.315007 -12.319846
v -12.268028 14.791360 -11.714653
v -12.987239 14.791360 -12.440886
v -12.268028 14.791360 -15.805756
v -12.987239 14.791360 -16.531986
v -20.384836 14.791360 -12.440886
v -12.987239 14.791360 -12.440886
v -19.665625 14.791360 -11.714653
v -12.268028 14.791360 -11.714653
v -20.384836 14.791365 20.554214
v -20.384836 14.791360 -12.440886
v -19.665625 14.791365 19.827982
v -19.665625 14.791360 -11.714653
v 19.993713 14.791365 20.554214
v -20.384836 14.791365 20.554214
v 19.274504 14.791365 19.827982
v -19.665625 14.791365 19.827982
v 19.274504 14.791360 -11.690446
v 19.993713 14.791360 -12.416677
v 19.274504 14.791365 19.827982
v 19.993713 14.791365 20.554214
v 12.262197 14.791360 -11.690446
v 13.007094 14.791360 -12.416677
v 19.274504 14.791360 -11.690446
v 19.993713 14.791360 -12.416677
v 13.007094 14.791360 -16.531986
v 13.007094 14.791360 -12.416677
v 12.262197 14.791360 -15.805756
v 12.262197 14.791360 -11.690446
v -12.268028 14.791360 -15.805756
v -12.987239 14.791360 -16.531986
v 12.262197 14.791360 -15.805756
v 13.007094 14.791360 -16.531986
v -12.268028 14.791360 -15.805756
v 12.262197 14.791360 -15.805756
v -12.268028 14.791360 -11.714653
v 12.262197 14.791360 -11.690446
v -12.268028 14.791360 -11.714653
v -12.422145 14.791364 12.396219
v -19.665625 14.791360 -11.714653
v -19.665625 14.791365 19.827982
v 12.185140 14.791364 12.396219
v 19.274504 14.791365 19.827982
v -12.422145 14.791364 12.396219
v -19.665625 14.791365 19.827982
v -12.987239 13.599288 -12.440886
v -12.987239 13.599288 -16.531986
v -12.987239 14.694048 -12.440886
v -12.987239 14.694048 -16.531986
v -20.384836 14.694048 -12.440886
v -20.384836 13.599288 -12.440886
v -12.987239 14.694048 -12.440886
v -12.987239 13.599288 -12.440886
v -20.384836 13.599293 20.554214
v -20.384836 13.599288 -12.440886
v -20.384836 14.694053 20.554214
v -20.384836 14.694048 -12.440886
v 13.007094 14.694048 -12.416677
v 13.007094 13.599288 -12.416677
v 19.993713 14.694048 -12.416677
v 19.993713 13.599288 -12.416677
v 13.007094 14.694048 -16.531986
v 13.007094 13.599288 -16.531986
v 13.007094 14.694048 -12.416677
v 13.007094 13.599288 -12.416677
v -12.987239 14.694048 -16.531986
v -12.987239 13.599288 -16.531986
v 13.007094 14.694048 -16.531986
v 13.007094 13.599288 -16.531986
v -21.848944 10.387990 -19.654779
v -21.848944 10.387997 25.855701
v -21.848944 9.390542 -19.654779
v -21.848944 9.390549 25.855701
v -21.848944 9.390549 25.855701
v -21.848944 10.387997 25.855701
v 23.589767 9.390549 25.855701
v 23.589767 10.387997 25.855701
v 23.589767 9.390549 25.855701
v 23.589767 10.387997 25.855701
v 23.589767 9.390542 -19.654779
v 23.589767 10.387990 -19.654779
v -21.848944 9.390542 -19.654779
v 23.589767 9.390542 -19.654779
v -21.848944 10.387990 -19.654779
v 23.589767 10.387990 -19.654779
v -20.025230 10.387991 -12.101976
v 17.938826 10.387991 -12.101976
v -20.025230 10.387996 20.191097
v 17.938826 10.387996 20.191097
v -20.025230 10.387996 20.191097
v -21.848944 10.387997 25.855701
v -20.025230 10.387991 -12.101976
v -21.848944 10.387990 -19.654779
v 23.589767 10.387997 25.855701
v -21.848944 10.387997 25.855701
v 17.938826 10.387996 20.191097
v -20.025230 10.387996 20.191097
v 23.589767 10.387990 -19.654779
v 23.589767 10.387997 25.855701
v 17.938826 10.387991 -12.101976
v 17.938826 10.387996 20.191097
v -20.025230 10.387991 -12.101976
v -21.848944 10.387990 -19.654779
v 17.938826 10.387991 -12.101976
v 23.589767 10.387990 -19.654779
v 19.993713 14.791365 20.554214
v 19.993713 14.694053 20.554214
v -20.384836 14.791365 20.554214
v -20.384836 14.694053 20.554214
v 19.993713 14.791360 -12.416677
v 19.993713 14.694048 -12.416677
v 19.993713 14.791365 20.554214
v 19.993713 14.694053 20.554214
v -11.369015 13.599293 20.457382
v 19.993713 13.672276 20.554214
v 2.039130 13.599293 20.457382
v 10.977893 13.599293 20.457382
v 15.447274 13.599293 20.457382
v 19.890968 13.599293 20.457382
v -20.307777 13.599288 -12.344054
v -20.307777 10.315007 -12.344053
v -16.583292 13.599288 -12.344054
v -16.583292 10.315007 -12.344053
v -20.307777 13.599289 -8.252953
v -20.307777 10.315008 -8.252952
v -20.307777 13.599288 -12.344054
v -20.307777 10.315007 -12.344053
v 19.890968 10.315011 16.366282
v 19.890968 10.315012 20.457382
v 19.890968 13.599292 16.366282
v 19.890968 13.599293 20.457382
v 19.274504 14.791365 19.827982
v 19.274504 15.788813 19.827982
v 19.274504 14.791360 -11.642030
v 19.274504 15.788808 -11.642030
v -19.665625 14.791360 -11.569407
v -19.665625 15.788808 -11.569407
v -19.665625 14.791365 19.827982
v -19.665625 15.788813 19.827982
v -11.779992 14.791360 -11.569407
v -11.779992 14.791360 -15.805756
v -11.779992 15.788808 -11.569407
v -11.779992 15.788808 -15.805756
v -11.779992 14.791360 -15.805756
v 11.517301 14.791360 -15.805756
v -11.779992 15.788808 -15.805756
v 11.517301 15.788808 -15.805756
v 19.274504 14.791360 -11.642030
v 19.274504 15.788808 -11.642030
v 11.517301 14.791360 -11.642030
v 11.517301 15.788808 -11.642030
v -19.665625 14.791365 19.827982
v -19.665625 15.788813 19.827982
v 19.274504 14.791365 19.827982
v 19.274504 15.788813 19.827982
v 11.517301 14.791360 -15.805756
v 11.517301 14.791360 -11.642030
v 11.517301 15.788808 -15.805756
v 11.517301 15.788808 -11.642030
v -11.779992 14.791360 -11.569407
v -19.665625 14.791360 -11.569407
v -11.779992 15.788808 -11.569407
v -19.665625 15.788808 -11.569407
v 23.204475 10.387997 25.516794
v 23.204475 11.409773 25.516794
v 23.204475 10.387990 -19.388494
v 23.204475 11.409766 -19.388494
v 23.204475 11.409766 -19.388494
v -21.592083 11.409766 -19.388494
v 23.204475 10.387990 -19.388494
v -21.592083 10.387990 -19.388494
v -21.592083 11.409766 -19.388494
v -21.592083 11.409773 25.516794
v -21.592083 10.387990 -19.388494
v -21.592083 10.387997 25.516794
v -21.592083 10.387997 25.516794
v -21.592083 11.409773 25.516794
v 23.204475 10.387997 25.516794
v 23.204475 11.409773 25.516794
v 12.904350 13.599288 -12.319847
v 12.904350 10.315007 -12.319846
v 16.397659 13.599288 -12.319847
v 16.397659 10.315007 -12.319846
v -12.858809 13.599288 -16.435156
v -12.858809 10.315007 -16.435156
v -8.543544 13.599288 -16.435156
v -8.543544 10.315007 -16.435156
v -8.543544 13.599288 -16.435156
v -8.543544 10.315007 -16.435156
v -4.253965 13.599288 -16.435156
v -4.253965 10.315007 -16.435156
v -4.253965 13.599288 -16.435156
v -4.253965 10.315007 -16.435156
v 0.035614 13.599288 -16.435156
v 0.035614 10.315007 -16.435156
v 0.035614 13.599288 -16.435156
v 0.035614 10.315007 -16.435156
v 4.325192 13.599288 -16.435156
v 4.325192 10.315007 -16.435156
v 4.325192 13.599288 -16.435156
v 4.325192 10.315007 -16.435156
v 8.614771 13.599288 -16.435156
v 8.614771 10.315007 -16.435156
v 19.890968 13.599288 -12.319847
v 19.890968 10.315007 -12.319846
v 19.890968 13.599289 -8.228745
v 19.890968 10.315008 -8.228744
v 19.890968 13.599289 -8.228745
v 19.890968 10.315008 -8.228744
v 19.890968 13.599289 -4.137643
v 19.890968 10.315008 -4.137642
v 19.890968 13.599289 -4.137643
v 19.890968 10.315008 -4.137642
v 19.890968 13.599290 -0.022333
v 19.890968 10.315009 -0.022333
v 19.890968 13.599290 -0.022333
v 19.890968 10.315009 -0.022333
v 19.890968 13.599291 4.068769
v 19.890968 10.315010 4.068769
v 19.890968 13.599291 4.068769
v 19.890968 10.315010 4.068769
v 19.890968 13.599291 8.159870
v 19.890968 10.315010 8.159871
v 19.890968 13.599291 8.159870
v 19.890968 10.315010 8.159871
v 19.890968 13.599292 12.250973
v 19.890968 10.315011 12.250974
v 19.890968 13.599292 12.250973
v 19.890968 10.315011 12.250974
v 19.890968 13.599292 16.366282
v 19.890968 10.315011 16.366282
v -20.307777 13.599293 20.457382
v -20.307777 10.315012 20.457382
v -20.307777 13.599292 16.366282
v -20.307777 10.315011 16.366282
v -20.307777 13.599292 16.366282
v -20.307777 10.315011 16.366282
v -20.307777 13.599292 12.250973
v -20.307777 10.315011 12.250974
v -20.307777 10.315011 12.250974
v -20.307777 10.315010 8.159871
v -20.307777 13.599292 12.250973
v -20.307777 13.599291 8.159870
v -20.307777 13.599291 8.159870
v -20.307777 10.315010 8.159871
v -20.307777 13.599291 4.044561
v -20.307777 10.315010 4.044561
v -20.307777 13.599291 4.044561
v -20.307777 10.315010 4.044561
v -20.307777 13.599290 -0.046541
v -20.307777 10.315009 -0.046540
v -20.307777 13.599290 -0.046541
v -20.307777 10.315009 -0.046540
v -20.307777 13.599289 -4.137643
v -20.307777 10.315008 -4.137642
v -20.307777 13.599289 -4.137643
v -20.307777 10.315008 -4.137642
v -20.307777 13.599289 -8.252953
v -20.307777 10.315008 -8.252952
v 19.890968 13.599293 20.457382
v 19.890968 10.315012 20.457382
v 15.447274 13.599293 20.457382
v 15.447274 10.315012 20.457382
v 15.447274 13.599293 20.457382
v 15.447274 10.315012 20.457382
v 10.977893 13.599293 20.457382
v 10.977893 10.315012 20.457382
v 10.977893 13.599293 20.457382
v 10.977893 10.315012 20.457382
v 6.508511 13.599293 20.457382
v 6.508511 10.315012 20.457382
v 6.508511 13.599293 20.457382
v 6.508511 10.315012 20.457382
v 2.039130 13.599293 20.457382
v 2.039130 10.315012 20.457382
v 2.039130 13.599293 20.457382
v 2.039130 10.315012 20.457382
v -2.430252 13.599293 20.457382
v -2.430252 10.315012 20.457382
v -2.430252 13.599293 20.457382
v -2.430252 10.315012 20.457382
v -6.899633 13.599293 20.457382
v -6.899633 10.315012 20.457382
v -6.899633 13.599293 20.457382
v -6.899633 10.315012 20.457382
v -11.369015 13.599293 20.457382
v -11.369015 10.315012 20.457382
v -11.369015 13.599293 20.457382
v -11.369015 10.315012 20.457382
v -15.838396 13.599293 20.457382
v -15.838396 10.315012 20.457382
v -21.848944 9.390549 25.855701
v -20.205032 9.390548 24.161163
v -21.848944 9.390542 -19.654779
v -20.205032 9.390548 18.859674
v -20.205032 9.390547 13.558189
v -20.205032 9.390546 8.256702
v -20.205032 9.390545 2.955215
v -20.205032 9.390545 -2.346272
v -20.205032 9.390544 -7.647759
v -20.205032 9.390543 -12.949246
v -20.205032 9.390542 -18.250732
v -21.848944 9.390542 -19.654779
v 23.589767 9.390542 -19.654779
v -20.205032 9.390542 -18.250732
v -14.888010 9.390542 -18.250732
v -9.596674 9.390542 -18.250732
v -4.305337 9.390542 -18.250732
v 1.011686 9.390542 -18.250732
v 11.594358 9.390542 -18.250732
v 6.303022 9.390542 -18.250732
v 16.911381 9.390542 -18.250732
v 22.202719 9.390542 -18.250732
v 23.589767 9.390549 25.855701
v 22.202719 9.390548 24.161163
v -21.848944 9.390549 25.855701
v 16.911381 9.390548 24.161163
v 11.594358 9.390548 24.161163
v 6.303022 9.390548 24.161163
v 1.011686 9.390548 24.161163
v -4.305337 9.390548 24.161163
v -9.596674 9.390548 24.161163
v -14.888010 9.390548 24.161163
v -20.205032 9.390548 24.161163
v 23.589767 9.390542 -19.654779
v 23.589767 9.390549 25.855701
v 22.202719 9.390542 -18.250732
v 22.202719 9.390543 -12.949246
v 22.202719 9.390544 -7.647759
v 22.202719 9.390545 -2.346272
v 22.202719 9.390545 2.955215
v 22.202719 9.390546 8.256702
v 22.202719 9.390548 18.859674
v 22.202719 9.390548 24.161163
v 16.911381 9.390542 -18.250732
v 22.202719 9.390542 -18.250732
v 16.911381 5.206126 -18.250731
v 22.202719 5.206126 -18.250731
v -14.888010 9.390548 24.161163
v -20.205032 9.390548 24.161163
v -14.888010 5.206132 24.161165
v -20.205032 5.206132 24.161165
v 22.202719 9.390548 18.859674
v 22.202719 9.390548 24.161163
v 22.202719 5.206131 18.859676
v 22.202719 5.206132 24.161165
v -20.205032 5.206127 -12.949246
v -20.205032 9.390543 -12.949246
v -20.205032 5.206126 -18.250731
v -20.205032 9.390542 -18.250732
v 20.918413 5.206130 9.394464
v 22.202719 5.206131 18.859676
v 20.918413 5.206130 11.452119
v 20.918413 5.206131 12.904581
v 20.918413 5.206130 7.942002
v 20.918413 5.206129 2.955215
v 20.918413 5.206128 -2.031571
v 20.918413 5.206128 -3.484034
v 22.202719 5.206131 13.558189
v 20.918413 5.206128 -5.541688
v 22.202719 5.206129 2.955215
v 20.918413 5.206128 -6.994150
v 22.202719 5.206128 -2.346272
v 20.918413 5.206127 -11.980937
v 22.202719 5.206128 -7.647758
v 20.918413 5.206126 -16.967724
v 22.202719 5.206127 -12.949246
v 22.202719 5.206126 -18.250731
v 20.918413 5.206131 17.891369
v 20.918413 5.206131 22.878155
v 22.202719 5.206132 24.161165
v -18.920729 5.206128 -2.031571
v -18.920729 5.206129 2.955215
v -18.920729 5.206128 -6.994150
v -18.920729 5.206127 -10.940006
v -20.205032 5.206128 -7.647758
v -18.920729 5.206130 7.942002
v -18.920729 5.206131 12.904581
v -20.205032 5.206128 -2.346272
v -18.920729 5.206131 16.850437
v -20.205032 5.206129 2.955215
v -18.920729 5.206131 17.891369
v -20.205032 5.206130 8.256702
v -18.920729 5.206131 18.932301
v -20.205032 5.206131 13.558189
v -18.920729 5.206131 22.878155
v -20.205032 5.206131 18.859676
v -20.205032 5.206132 24.161165
v -18.920729 5.206127 -13.021869
v -18.920729 5.206126 -16.967724
v -20.205032 5.206126 -18.250731
v -14.888010 5.206132 24.161165
v -20.205032 5.206132 24.161165
v -9.596674 5.206132 24.161165
v -18.920729 5.206131 22.878155
v -13.937625 5.206131 22.878155
v 1.011686 5.206131 22.878155
v 5.994789 5.206131 22.878155
v -4.305337 5.206132 24.161165
v 10.952207 5.206131 22.878155
v 6.303022 5.206132 24.161165
v 15.935309 5.206131 22.878155
v 11.594358 5.206132 24.161165
v 20.918413 5.206131 22.878155
v 16.911381 5.206132 24.161165
v 22.202719 5.206132 24.161165
v -8.954521 5.206131 22.878155
v -3.971418 5.206131 22.878155
v -18.920729 5.206131 22.878155
v -13.937625 5.206131 22.878155
v -18.920729 4.427635 22.878155
v -13.937625 4.427635 22.878155
v -13.937625 1.970507 22.878155
v -18.920729 1.970507 22.878155
v 20.918413 1.970507 21.595146
v 20.918413 4.427635 21.595146
v 20.918413 1.970507 22.878155
v 20.918413 4.427635 22.878155
v 20.918413 5.206131 22.878155
v 20.918413 4.427635 20.384762
v 20.918413 4.427635 17.891369
v 20.918413 1.970507 20.384762
v 20.918413 1.970507 17.891369
v 20.918413 5.206131 17.891369
v -20.205032 5.206132 24.161165
v -20.205032 9.390548 24.161163
v -20.205032 5.206131 18.859676
v -20.205032 9.390548 18.859674
v -20.205032 5.206131 18.859676
v -20.205032 9.390548 18.859674
v -20.205032 5.206131 13.558189
v -20.205032 9.390547 13.558189
v -20.205032 5.206131 13.558189
v -20.205032 9.390547 13.558189
v -20.205032 5.206130 8.256702
v -20.205032 9.390546 8.256702
v -20.205032 9.390546 8.256702
v -20.205032 9.390545 2.955215
v -20.205032 5.206130 8.256702
v -20.205032 5.206129 2.955215
v -20.205032 5.206129 2.955215
v -20.205032 9.390545 2.955215
v -20.205032 5.206128 -2.346272
v -20.205032 9.390545 -2.346272
v -20.205032 5.206128 -2.346272
v -20.205032 9.390545 -2.346272
v -20.205032 5.206128 -7.647758
v -20.205032 9.390544 -7.647759
v -20.205032 5.206128 -7.647758
v -20.205032 9.390544 -7.647759
v -20.205032 5.206127 -12.949246
v -20.205032 9.390543 -12.949246
v 22.202719 9.390542 -18.250732
v 22.202719 9.390543 -12.949246
v 22.202719 5.206126 -18.250731
v 22.202719 5.206127 -12.949246
v 22.202719 9.390543 -12.949246
v 22.202719 9.390544 -7.647759
v 22.202719 5.206127 -12.949246
v 22.202719 5.206128 -7.647758
v 22.202719 9.390544 -7.647759
v 22.202719 9.390545 -2.346272
v 22.202719 5.206128 -7.647758
v 22.202719 5.206128 -2.346272
v 22.202719 9.390545 -2.346272
v 22.202719 9.390545 2.955215
v 22.202719 5.206128 -2.346272
v 22.202719 5.206129 2.955215
v 22.202719 9.390545 2.955215
v 22.202719 9.390546 8.256702
v 22.202719 5.206129 2.955215
v 22.202719 5.206130 8.256702
v 22.202719 9.390546 8.256702
v 22.202719 9.390547 13.558189
v 22.202719 5.206130 8.256702
v 22.202719 5.206131 13.558189
v 22.202719 9.390547 13.558189
v 22.202719 9.390548 18.859674
v 22.202719 5.206131 13.558189
v 22.202719 5.206131 18.859676
v 22.202719 9.390548 24.161163
v 16.911381 9.390548 24.161163
v 22.202719 5.206132 24.161165
v 16.911381 5.206132 24.161165
v 16.911381 9.390548 24.161163
v 11.594358 9.390548 24.161163
v 16.911381 5.206132 24.161165
v 11.594358 5.206132 24.161165
v 11.594358 9.390548 24.161163
v 6.303022 9.390548 24.161163
v 11.594358 5.206132 24.161165
v 6.303022 5.206132 24.161165
v 6.303022 9.390548 24.161163
v 1.011686 9.390548 24.161163
v 6.303022 5.206132 24.161165
v 1.011686 5.206132 24.161165
v 1.011686 9.390548 24.161163
v -4.305337 9.390548 24.161163
v 1.011686 5.206132 24.161165
v -4.305337 5.206132 24.161165
v -4.305337 9.390548 24.161163
v -9.596674 9.390548 24.161163
v -4.305337 5.206132 24.161165
v -9.596674 5.206132 24.161165
v -9.596674 9.390548 24.161163
v -14.888010 9.390548 24.161163
v -9.596674 5.206132 24.161165
v -14.888010 5.206132 24.161165
v -20.205032 9.390542 -18.250732
v -14.888010 9.390542 -18.250732
v -20.205032 5.206126 -18.250731
v -14.888010 5.206126 -18.250731
v -14.888010 9.390542 -18.250732
v -9.596674 9.390542 -18.250732
v -14.888010 5.206126 -18.250731
v -9.596674 5.206126 -18.250731
v -9.596674 9.390542 -18.250732
v -4.305337 9.390542 -18.250732
v -9.596674 5.206126 -18.250731
v -4.305337 5.206126 -18.250731
v -4.305337 9.390542 -18.250732
v 1.011686 9.390542 -18.250732
v -4.305337 5.206126 -18.250731
v 1.011686 5.206126 -18.250731
v 1.011686 9.390542 -18.250732
v 6.303022 9.390542 -18.250732
v 1.011686 5.206126 -18.250731
v 6.303022 5.206126 -18.250731
v 6.303022 9.390542 -18.250732
v 11.594358 9.390542 -18.250732
v 6.303022 5.206126 -18.250731
v 11.594358 5.206126 -18.250731
v 11.594358 9.390542 -18.250732
v 16.911381 9.390542 -18.250732
v 11.594358 5.206126 -18.250731
v 16.911381 5.206126 -18.250731
v -18.920729 5.206131 22.878155
v -18.920729 5.206131 18.932301
v -18.920729 4.427635 22.878155
v -18.920729 4.427635 18.932301
v -18.920729 1.970507 22.878155
v -18.920729 1.970507 18.932301
v -18.920729 1.970502 -13.021868
v -18.920729 4.427630 -13.021869
v -18.920729 1.970502 -16.967724
v -18.920729 4.427630 -16.967724
v -18.920729 5.206127 -13.021869
v -18.920729 5.206126 -16.967724
v -18.920729 5.206131 12.904581
v -18.920729 4.427634 12.904581
v -18.920729 5.206130 7.942002
v -18.920729 4.427633 7.942002
v -18.920729 1.970506 12.904582
v -18.920729 1.970505 7.942002
v -18.920729 5.206130 7.942002
v -18.920729 5.206129 2.955215
v -18.920729 4.427633 7.942002
v -18.920729 4.427633 2.955215
v -18.920729 1.970505 7.942002
v -18.920729 1.970505 2.955216
v -18.920729 5.206129 2.955215
v -18.920729 5.206128 -2.031571
v -18.920729 4.427633 2.955215
v -18.920729 4.427632 -0.772771
v -18.920729 1.970505 2.955216
v -18.920729 1.970504 -0.772770
v -18.920729 4.427632 -2.031571
v -18.920729 5.206128 -2.031571
v -18.920729 4.427632 -2.031571
v -18.920729 5.206128 -6.994150
v -18.920729 4.427631 -6.994150
v -18.920729 1.970504 -2.031571
v -18.920729 1.970503 -6.994150
v -18.920729 5.206128 -6.994150
v -18.920729 5.206127 -10.940006
v -18.920729 4.427631 -6.994150
v -18.920729 4.427631 -10.940006
v -18.920729 1.970503 -6.994150
v -18.920729 1.970503 -10.940005
v 20.918413 5.206126 -16.967724
v 20.918413 5.206127 -11.980937
v 20.918413 4.427630 -16.967724
v 20.918413 4.427631 -11.980937
v 20.918413 1.970503 -11.980936
v 20.918413 1.970502 -16.967724
v 20.918413 5.206127 -11.980937
v 20.918413 4.427631 -11.980937
v 20.918413 5.206128 -6.994150
v 20.918413 4.427631 -6.994150
v 20.918413 1.970503 -6.994150
v 20.918413 1.970503 -11.980936
v 20.918413 5.206128 -6.994150
v 20.918413 4.427631 -6.994150
v 20.918413 5.206128 -5.541688
v 20.918413 4.427631 -5.541688
v 20.918413 1.970503 -6.994150
v 20.918413 1.970504 -5.541688
v 20.918413 5.206128 -2.031571
v 20.918413 5.206129 2.955215
v 20.918413 4.427632 -2.031571
v 20.918413 4.427633 2.955215
v 20.918413 1.970504 -2.031571
v 20.918413 1.970505 2.955216
v 20.918413 5.206129 2.955215
v 20.918413 5.206130 7.942002
v 20.918413 4.427633 2.955215
v 20.918413 4.427633 7.942002
v 20.918413 1.970505 7.942002
v 20.918413 1.970505 2.955216
v 20.918413 5.206130 7.942002
v 20.918413 4.427633 7.942002
v 20.918413 5.206130 9.394464
v 20.918413 4.427634 9.394464
v 20.918413 1.970505 7.942002
v 20.918413 1.970506 9.394464
v 20.918413 5.206131 12.904581
v 20.918413 5.206131 17.891369
v 20.918413 4.427634 12.904581
v 20.918413 4.427635 17.891369
v 20.918413 1.970507 17.891369
v 20.918413 1.970506 12.904582
v 15.935309 5.206131 22.878155
v 20.918413 5.206131 22.878155
v 15.935309 4.427635 22.878155
v 20.918413 4.427635 22.878155
v 20.918413 1.970507 22.878155
v 15.935309 1.970507 22.878155
v 10.952207 5.206131 22.878155
v 10.952207 4.427635 22.878155
v 15.935309 5.206131 22.878155
v 15.935309 4.427635 22.878155
v 15.935309 1.970507 22.878155
v 10.952207 1.970507 22.878155
v 5.994789 5.206131 22.878155
v 5.994789 4.427635 22.878155
v 10.952207 5.206131 22.878155
v 10.952207 4.427635 22.878155
v 10.952207 1.970507 22.878155
v 5.994789 1.970507 22.878155
v 1.011686 5.206131 22.878155
v 1.011686 4.427635 22.878155
v 5.994789 5.206131 22.878155
v 5.994789 4.427635 22.878155
v 5.994789 1.970507 22.878155
v 1.011686 1.970507 22.878155
v -3.971418 5.206131 22.878155
v -3.971418 4.427635 22.878155
v 1.011686 5.206131 22.878155
v 1.011686 4.427635 22.878155
v 1.011686 1.970507 22.878155
v -3.971418 1.970507 22.878155
v -8.954521 5.206131 22.878155
v -8.954521 4.427635 22.878155
v -3.971418 5.206131 22.878155
v -3.971418 4.427635 22.878155
v -3.971418 1.970507 22.878155
v -8.954521 1.970507 22.878155
v -13.937625 5.206131 22.878155
v -13.937625 4.427635 22.878155
v -8.954521 5.206131 22.878155
v -8.954521 4.427635 22.878155
v -8.954521 1.970507 22.878155
v -13.937625 1.970507 22.878155
v -18.920729 5.206126 -16.967724
v -13.937625 5.206126 -16.967724
v -18.920729 4.427630 -16.967724
v -15.170557 4.427630 -16.967724
v -18.920729 1.970502 -16.967724
v -15.170557 1.970502 -16.967724
v -13.937625 4.427630 -16.967724
v -13.937625 5.206126 -16.967724
v -13.937625 4.427630 -16.967724
v -8.954521 5.206126 -16.967724
v -8.954521 4.427630 -16.967724
v -13.937625 1.970502 -16.967724
v -8.954521 1.970502 -16.967724
v 10.952207 5.206126 -16.967724
v 5.994789 5.206126 -16.967724
v 16.140799 5.206126 -16.967724
v 16.911381 5.206126 -18.250731
v 18.221373 5.206126 -16.967724
v 20.918413 5.206126 -16.967724
v 22.202719 5.206126 -18.250731
v 1.011686 5.206126 -16.967724
v -3.971418 5.206126 -16.967724
v -5.461212 5.206126 -16.967724
v -7.541786 5.206126 -16.967724
v 1.011686 5.206126 -18.250731
v -8.954521 5.206126 -16.967724
v -4.305337 5.206126 -18.250731
v -13.937625 5.206126 -16.967724
v -9.596674 5.206126 -18.250731
v -18.920729 5.206126 -16.967724
v -14.888010 5.206126 -18.250731
v -20.205032 5.206126 -18.250731
v 6.303022 5.206126 -18.250731
v 11.594358 5.206126 -18.250731
v -3.971418 5.206126 -16.967724
v -3.971418 4.427630 -16.967724
v 1.011686 5.206126 -16.967724
v 1.011686 4.427630 -16.967724
v -3.971418 1.970502 -16.967724
v 1.011686 1.970502 -16.967724
v 1.011686 5.206126 -16.967724
v 5.994789 5.206126 -16.967724
v 1.011686 4.427630 -16.967724
v 5.994789 4.427630 -16.967724
v 1.011686 1.970502 -16.967724
v 5.994789 1.970502 -16.967724
v 5.994789 5.206126 -16.967724
v 10.952207 5.206126 -16.967724
v 5.994789 4.427630 -16.967724
v 10.952207 4.427630 -16.967724
v 5.994789 1.970502 -16.967724
v 10.952207 1.970502 -16.967724
v 10.952207 5.206126 -16.967724
v 16.140799 5.206126 -16.967724
v 10.952207 4.427630 -16.967724
v 16.140799 4.427630 -16.967724
v 10.952207 1.970502 -16.967724
v 16.140799 1.970502 -16.967724
v -12.499203 14.718379 6.949485
v -12.499203 16.834913 6.949485
v -12.499203 14.718379 5.618062
v -12.499203 16.834913 5.618061
v -12.499203 17.808033 -0.554903
v -12.499203 16.834915 11.742610
v -12.499203 17.808033 6.949485
v -12.499203 17.808035 11.742609
v -12.499203 17.808033 -5.323821
v -12.499203 16.834913 0.824936
v -12.499203 17.808033 -6.703660
v -12.499203 16.834913 -0.554903
v -12.499203 17.808031 -11.569408
v -12.499203 16.834913 -5.323821
v -12.499203 17.808031 -12.344055
v -12.499203 14.718377 -5.323820
v -12.499203 14.718376 -12.344054
v -12.499203 16.834913 5.618061
v -12.499203 16.834913 6.949485
v -12.499203 14.718380 11.742610
v -12.499203 14.718380 12.444634
v -12.499203 17.808035 12.444633
v 12.313570 14.718380 11.694195
v 12.313570 16.834915 11.694195
v 12.313570 14.718380 12.444634
v 12.313570 17.808035 12.444633
v 12.313570 17.808035 11.694194
v 12.313570 17.808033 6.828446
v 12.313570 17.808033 0.655482
v 12.313570 16.834913 5.448607
v 12.313570 17.808033 -5.493274
v 12.313570 16.834911 -11.642030
v 12.313570 17.808033 -6.824698
v 12.313570 17.808031 -12.344055
v 12.313570 14.718376 -12.344054
v 12.313570 14.718376 -11.642030
v -5.486897 14.718380 12.444634
v -5.486897 16.834915 12.444634
v -12.499203 14.718380 12.444634
v -12.499203 17.808035 12.444633
v -11.728620 17.808035 12.444633
v -6.873947 17.808035 12.444633
v -5.486897 17.808035 12.444633
v -0.709283 17.808035 12.444633
v -0.709283 16.834915 12.444634
v 0.677766 17.808035 12.444633
v 0.677766 16.834915 12.444634
v 5.455381 17.808035 12.444633
v 5.455381 16.834915 12.444634
v 6.791058 17.808035 12.444633
v 6.791058 16.834915 12.444634
v 11.594358 17.808035 12.444633
v 11.594358 16.834915 12.444634
v 12.313570 14.718380 12.444634
v 11.594358 14.718380 12.444634
v 5.455381 14.718380 12.444634
v 6.791058 14.718380 12.444634
v 12.313570 17.808035 12.444633
v -5.641014 16.834911 -12.344054
v -6.976691 16.834911 -12.344054
v -5.641014 14.718376 -12.344054
v -6.976691 14.718376 -12.344054
v -0.863400 14.718376 -12.344054
v 0.523650 14.718376 -12.344054
v -0.863400 16.834911 -12.344054
v 0.523650 16.834911 -12.344054
v 11.542987 14.718376 -12.344054
v 12.313570 14.718376 -12.344054
v 11.542987 16.834911 -12.344054
v 12.313570 17.808031 -12.344055
v 6.662628 17.808031 -12.344055
v 6.662628 16.834911 -12.344054
v 5.301264 17.808031 -12.344055
v 5.301264 16.834911 -12.344054
v 0.523650 17.808031 -12.344055
v 0.523650 16.834911 -12.344054
v -0.863400 17.808031 -12.344055
v -0.863400 16.834911 -12.344054
v -5.641014 17.808031 -12.344055
v -5.641014 16.834911 -12.344054
v -6.976691 17.808031 -12.344055
v -6.976691 16.834911 -12.344054
v -11.805678 17.808031 -12.344055
v -11.805678 16.834911 -12.344054
v -12.499203 14.718376 -12.344054
v -11.805678 14.718376 -12.344054
v -12.499203 17.808031 -12.344055
v 16.140799 1.970502 -16.967724
v 18.221373 1.970502 -16.967724
v 16.140799 4.427630 -16.967724
v 18.221373 4.427630 -16.967724
v 18.221373 5.206126 -16.967724
v 16.140799 5.206126 -16.967724
v -8.954521 5.206126 -16.967724
v -7.541786 5.206126 -16.967724
v -8.954521 4.427630 -16.967724
v -7.541786 4.427630 -16.967724
v -8.954521 1.970502 -16.967724
v -7.541786 1.970502 -16.967724
v -3.971418 1.970502 -16.967724
v -5.461212 1.970502 -16.967724
v -3.971418 4.427630 -16.967724
v -5.461212 4.427630 -16.967724
v -3.971418 5.206126 -16.967724
v -5.461212 5.206126 -16.967724
v -7.541786 5.206126 -16.967724
v -5.461212 5.206126 -16.967724
v -7.541786 4.427630 -16.967724
v -5.461212 4.427630 -16.967724
v -5.461212 1.970502 -16.967724
v -7.541786 1.970502 -16.967724
v -15.170557 1.970502 -16.967724
v -13.937625 1.970502 -16.967724
v -15.170557 4.427630 -16.967724
v -13.937625 4.427630 -16.967724
v 18.221373 1.970502 -16.967724
v 20.918413 1.970502 -16.967724
v 18.221373 4.427630 -16.967724
v 20.918413 4.427630 -16.967724
v 20.918413 5.206126 -16.967724
v 18.221373 5.206126 -16.967724
v 20.918413 1.970507 20.384762
v 20.918413 4.427635 20.384762
v 20.918413 1.970507 21.595146
v 20.918413 4.427635 21.595146
v 20.918413 5.206131 12.904581
v 20.918413 4.427634 12.904581
v 20.918413 5.206130 11.452119
v 20.918413 4.427634 11.452119
v 20.918413 1.970506 12.904582
v 20.918413 1.970506 11.452120
v 20.918413 5.206130 9.394464
v 20.918413 4.427634 9.394464
v 20.918413 5.206130 11.452119
v 20.918413 4.427634 11.452119
v 20.918413 1.970506 11.452120
v 20.918413 1.970506 9.394464
v 20.918413 5.206128 -2.031571
v 20.918413 5.206128 -3.484034
v 20.918413 4.427632 -2.031571
v 20.918413 4.427632 -3.484033
v 20.918413 1.970504 -2.031571
v 20.918413 1.970504 -3.484033
v 20.918413 5.206128 -5.541688
v 20.918413 4.427631 -5.541688
v 20.918413 5.206128 -3.484034
v 20.918413 4.427632 -3.484033
v 20.918413 1.970504 -3.484033
v 20.918413 1.970504 -5.541688
v -18.920729 5.206131 16.850437
v -18.920729 5.206131 17.891369
v -18.920729 4.427635 16.850437
v -18.920729 5.206131 18.932301
v -18.920729 4.427635 18.932301
v -18.920729 1.970507 16.850437
v -18.920729 1.970507 18.932301
v -18.920729 1.970504 -0.772770
v -18.920729 1.970504 -2.031571
v -18.920729 4.427632 -0.772771
v -18.920729 4.427632 -2.031571
v -18.920729 1.970507 16.850437
v -18.920729 1.970506 12.904582
v -18.920729 4.427635 16.850437
v -18.920729 4.427634 12.904581
v -18.920729 5.206131 16.850437
v -18.920729 5.206131 12.904581
v -18.920729 1.970503 -10.940005
v -18.920729 1.970502 -13.021868
v -18.920729 4.427631 -10.940006
v -18.920729 4.427630 -13.021869
v -18.920729 5.206127 -10.940006
v -18.920729 5.206127 -11.980937
v -18.920729 5.206127 -13.021869
v -20.102289 1.824539 24.354826
v -25.624800 1.824539 24.354826
v -20.102289 1.824534 -18.759092
v -25.624800 1.824534 -18.759092
v -20.102289 1.994835 24.354826
v -20.102289 1.824539 24.354826
v -20.102289 1.994830 -18.759092
v -20.102289 1.824534 -18.759092
v 22.716440 -0.000061 24.354826
v -25.624800 -0.000061 24.354826
v 22.716440 1.994835 24.354826
v -20.102289 1.824539 24.354826
v -20.102289 1.994835 24.354826
v -25.624800 1.824539 24.354826
v -25.624800 1.824534 -18.759092
v -25.624800 1.824539 24.354826
v -25.624800 -0.000067 -18.759092
v -25.624800 -0.000061 24.354826
v 21.714682 -0.000067 -23.697464
v 21.714682 1.994830 -18.759092
v 21.303705 -0.000067 -23.697464
v 21.303705 1.994830 -18.759092
v 22.716440 1.994835 24.354826
v 22.716440 1.994830 -18.759092
v 22.716440 -0.000061 24.354826
v 22.716440 -0.000067 -18.759092
v 20.301947 0.145901 -23.334349
v 20.301947 -0.000067 -23.334349
v 21.329391 0.145901 -23.334349
v 21.329391 -0.000067 -23.334349
v 20.301947 1.848862 -19.098001
v 21.329391 1.848862 -19.098001
v 20.301947 1.848862 -18.759092
v 21.329391 1.848862 -18.759092
v 20.301947 1.848862 -19.098001
v 20.301947 1.702894 -19.098001
v 21.329391 1.848862 -19.098001
v 21.329391 1.702894 -19.098001
v 20.301947 1.702894 -19.461117
v 21.329391 1.702894 -19.461117
v 20.301947 1.702894 -19.098001
v 21.329391 1.702894 -19.098001
v 21.329391 1.702894 -19.461117
v 20.301947 1.702894 -19.461117
v 20.301947 1.556926 -19.461117
v 20.301947 1.556926 -19.461117
v 21.329391 1.556926 -19.461117
v 20.301947 1.556926 -19.800024
v 21.329391 1.556926 -19.800024
v 20.301947 1.556926 -19.800024
v 21.329391 1.556926 -19.800024
v 20.301947 1.410957 -19.800024
v 21.329391 1.435285 -19.800024
v 20.301947 1.410957 -20.163139
v 20.301947 1.410957 -19.800024
v 21.329391 1.435285 -20.163139
v 21.329391 1.435285 -19.800024
v 20.301947 1.410957 -20.163139
v 21.329391 1.435285 -20.163139
v 20.301947 1.289317 -20.163139
v 21.329391 1.289317 -20.163139
v 20.301947 1.289317 -20.163139
v 21.329391 1.289317 -20.163139
v 20.301947 1.289317 -20.502047
v 21.329391 1.289317 -20.502047
v 20.301947 1.289317 -20.502047
v 21.329391 1.289317 -20.502047
v 20.301947 1.143349 -20.502047
v 21.329391 1.143349 -20.502047
v 20.301947 1.143349 -20.502047
v 21.329391 1.143349 -20.502047
v 20.301947 1.143349 -20.865164
v 21.329391 1.143349 -20.865164
v 20.301947 1.143349 -20.865164
v 21.329391 1.143349 -20.865164
v 20.301947 0.997381 -20.865164
v 21.329391 0.997381 -20.865164
v 20.301947 0.997381 -20.865164
v 21.329391 0.997381 -20.865164
v 20.301947 0.997381 -21.204071
v 21.329391 0.997381 -21.204071
v 20.301947 0.997381 -21.204071
v 21.329391 0.997381 -21.204071
v 20.301947 0.851413 -21.204071
v 21.329391 0.851413 -21.204071
v 20.301947 0.851413 -21.204071
v 21.329391 0.851413 -21.204071
v 20.301947 0.851413 -21.567186
v 21.329391 0.851413 -21.567186
v 20.301947 0.851413 -21.567186
v 21.329391 0.851413 -21.567186
v 20.301947 0.705445 -21.567186
v 21.329391 0.705445 -21.567186
v 20.301947 0.705445 -21.567186
v 21.329391 0.705445 -21.567186
v 20.301947 0.705445 -21.930302
v 21.329391 0.705445 -21.930302
v 20.301947 0.705445 -21.930302
v 21.329391 0.705445 -21.930302
v 20.301947 0.559477 -21.930302
v 21.329391 0.559477 -21.930302
v 20.301947 0.559477 -22.269209
v 20.301947 0.559477 -21.930302
v 21.329391 0.559477 -22.269209
v 21.329391 0.559477 -21.930302
v 20.301947 0.559477 -22.269209
v 21.329391 0.559477 -22.269209
v 20.301947 0.437837 -22.269209
v 21.329391 0.437837 -22.269209
v 20.301947 0.437837 -22.269209
v 21.329391 0.437837 -22.269209
v 20.301947 0.437837 -22.632324
v 21.329391 0.437837 -22.632324
v 20.301947 0.437837 -22.632324
v 21.329391 0.437837 -22.632324
v 20.301947 0.291869 -22.632324
v 21.329391 0.291869 -22.632324
v 20.301947 0.291869 -22.971233
v 20.301947 0.291869 -22.632324
v 21.329391 0.291869 -22.971233
v 21.329391 0.291869 -22.632324
v 20.301947 0.291869 -22.971233
v 21.329391 0.291869 -22.971233
v 20.301947 0.145901 -22.971233
v 21.329391 0.145901 -22.971233
v 20.301947 0.145901 -22.971233
v 21.329391 0.145901 -22.971233
v 20.301947 0.145901 -23.334349
v 21.329391 0.145901 -23.334349
v 21.714682 -0.000067 -23.697464
v 21.714682 1.994830 -18.759092
v 21.714682 -0.000067 -18.686470
v 21.303705 -0.000067 -23.697464
v 21.303705 1.994830 -18.759092
v 21.303705 -0.000067 -18.686470
v 22.716440 1.994830 -18.759092
v -13.475275 1.994830 -18.759092
v 20.584494 1.994830 -16.628815
v -20.102289 1.994830 -18.759092
v -17.970343 1.994830 -16.628815
v -17.970343 1.994835 22.224546
v -20.102289 1.994835 24.354826
v -17.970343 1.994830 -16.628815
v -20.102289 1.994830 -18.759092
v 20.584494 1.994835 22.224546
v 22.716440 1.994835 24.354826
v -17.970343 1.994835 22.224546
v -20.102289 1.994835 24.354826
v 20.584494 1.994830 -16.628815
v 22.716440 1.994830 -18.759092
v 20.584494 1.994835 22.224546
v 22.716440 1.994835 24.354826
v 20.327633 -0.000067 -23.697464
v 20.327633 1.994830 -18.759092
v 19.916655 -0.000067 -23.697464
v 19.916655 1.994830 -18.759092
v 20.327633 -0.000067 -23.697464
v 20.327633 -0.000067 -18.686470
v 20.327633 1.994830 -18.759092
v 19.916655 -0.000067 -23.697464
v 19.916655 -0.000067 -18.686470
v 19.916655 1.994830 -18.759092
v 14.317085 -0.000067 -23.697464
v 14.317085 1.994830 -18.759092
v 13.906108 -0.000067 -23.697464
v 13.906108 1.994830 -18.759092
v 14.317085 -0.000067 -23.697464
v 14.317085 -0.000067 -18.686470
v 14.317085 1.994830 -18.759092
v 13.906108 -0.000067 -23.697464
v 13.906108 -0.000067 -18.686470
v 13.906108 1.994830 -18.759092
v 14.317085 0.145901 -23.334349
v 14.317085 -0.000067 -23.334349
v 19.916655 0.145901 -23.334349
v 19.916655 -0.000067 -23.334349
v 14.317085 1.848862 -19.098001
v 19.916655 1.848862 -19.098001
v 14.317085 1.848862 -18.759092
v 19.916655 1.848862 -18.759092
v 14.317085 1.702894 -19.098001
v 19.916655 1.702894 -19.098001
v 14.317085 1.848862 -19.098001
v 19.916655 1.848862 -19.098001
v 14.317085 1.702894 -19.461117
v 19.916655 1.702894 -19.461117
v 14.317085 1.702894 -19.098001
v 19.916655 1.702894 -19.098001
v 14.317085 1.556926 -19.461117
v 19.916655 1.556926 -19.461117
v 14.317085 1.702894 -19.461117
v 19.916655 1.702894 -19.461117
v 14.317085 1.556926 -19.800024
v 19.916655 1.556926 -19.800024
v 14.317085 1.556926 -19.461117
v 19.916655 1.556926 -19.461117
v 14.317085 1.410957 -19.800024
v 19.916655 1.435285 -19.800024
v 14.317085 1.556926 -19.800024
v 19.916655 1.556926 -19.800024
v 14.317085 1.410957 -20.163139
v 19.916655 1.435285 -20.163139
v 14.317085 1.410957 -19.800024
v 19.916655 1.435285 -19.800024
v 14.317085 1.289317 -20.163139
v 19.916655 1.289317 -20.163139
v 14.317085 1.410957 -20.163139
v 19.916655 1.435285 -20.163139
v 14.317085 1.289317 -20.502047
v 19.916655 1.289317 -20.502047
v 14.317085 1.289317 -20.163139
v 19.916655 1.289317 -20.163139
v 14.317085 1.143349 -20.502047
v 19.916655 1.143349 -20.502047
v 14.317085 1.289317 -20.502047
v 19.916655 1.289317 -20.502047
v 14.317085 1.143349 -20.865164
v 19.916655 1.143349 -20.865164
v 14.317085 1.143349 -20.502047
v 19.916655 1.143349 -20.502047
v 14.317085 0.997381 -20.865164
v 19.916655 0.997381 -20.865164
v 14.317085 1.143349 -20.865164
v 19.916655 1.143349 -20.865164
v 14.317085 0.997381 -21.204071
v 19.916655 0.997381 -21.204071
v 14.317085 0.997381 -20.865164
v 19.916655 0.997381 -20.865164
v 14.317085 0.851413 -21.204071
v 19.916655 0.851413 -21.204071
v 14.317085 0.997381 -21.204071
v 19.916655 0.997381 -21.204071
v 14.317085 0.851413 -21.567186
v 19.916655 0.851413 -21.567186
v 14.317085 0.851413 -21.204071
v 19.916655 0.851413 -21.204071
v 14.317085 0.705445 -21.567186
v 19.916655 0.705445 -21.567186
v 14.317085 0.851413 -21.567186
v 19.916655 0.851413 -21.567186
v 14.317085 0.705445 -21.930302
v 19.916655 0.705445 -21.930302
v 14.317085 0.705445 -21.567186
v 19.916655 0.705445 -21.567186
v 14.317085 0.559477 -21.930302
v 19.916655 0.559477 -21.930302
v 14.317085 0.705445 -21.930302
v 19.916655 0.705445 -21.930302
v 14.317085 0.559477 -22.269209
v 19.916655 0.559477 -22.269209
v 14.317085 0.559477 -21.930302
v 19.916655 0.559477 -21.930302
v 14.317085 0.437837 -22.269209
v 19.916655 0.437837 -22.269209
v 14.317085 0.559477 -22.269209
v 19.916655 0.559477 -22.269209
v 14.317085 0.437837 -22.632324
v 19.916655 0.437837 -22.632324
v 14.317085 0.437837 -22.269209
v 19.916655 0.437837 -22.269209
v 14.317085 0.291869 -22.632324
v 19.916655 0.291869 -22.632324
v 14.317085 0.437837 -22.632324
v 19.916655 0.437837 -22.632324
v 14.317085 0.291869 -22.971233
v 19.916655 0.291869 -22.971233
v 14.317085 0.291869 -22.632324
v 19.916655 0.291869 -22.632324
v 14.317085 0.145901 -22.971233
v 19.916655 0.145901 -22.971233
v 14.317085 0.291869 -22.971233
v 19.916655 0.291869 -22.971233
v 14.317085 0.145901 -23.334349
v 19.916655 0.145901 -23.334349
v 14.317085 0.145901 -22.971233
v 19.916655 0.145901 -22.971233
v 22.536638 1.994835 24.257996
v -19.922485 1.994835 24.257996
v 22.536638 2.992284 24.257996
v -19.922485 2.992284 24.257996
v -16.737410 1.994830 -18.710678
v -20.102289 1.994830 -18.710678
v -16.737410 2.992278 -18.710678
v -20.102289 2.992278 -18.710678
v 14.111597 2.992278 -18.710678
v -3.303579 2.992278 -18.710678
v 14.111597 1.994830 -18.710678
v -3.303579 1.994830 -18.710678
v -8.055508 1.994830 -18.710678
v -8.055508 2.992278 -18.710678
v -13.346845 1.994830 -18.710678
v -13.346845 2.992278 -18.710678
v 21.714682 -0.000067 -23.697464
v 21.714682 0.997381 -23.697464
v 21.714682 1.994830 -18.759092
v 21.714682 2.992278 -18.759092
v 21.714682 1.994830 -18.759092
v 22.716440 1.994830 -18.759092
v 21.714682 2.992278 -18.759092
v 22.716440 2.992278 -18.759092
v 22.716440 1.994830 -18.759092
v 22.716440 1.994831 -12.198807
v 22.716440 2.992278 -18.759092
v 22.716440 2.992279 -12.198807
v 14.137282 -0.000067 -23.649048
v 14.137282 0.997381 -23.649048
v 14.111597 1.994830 -18.710678
v 14.111597 2.992278 -18.710678
v 26.646414 0.145903 -10.407435
v 26.646414 -0.000065 -10.407435
v 26.646414 0.145907 24.354826
v 26.646414 -0.000061 24.354826
v 26.338181 0.145903 -10.407435
v 26.646414 0.145903 -10.407435
v 26.338181 0.145907 24.064335
v 26.646414 0.145907 24.354826
v 22.716440 0.145907 24.354826
v 22.716440 0.145907 24.064335
v 26.338181 0.291871 -10.407435
v 26.338181 0.291875 24.064335
v 26.338181 0.145903 -10.407435
v 26.338181 0.145907 24.064335
v 26.029947 0.291871 -10.407435
v 26.029947 0.291875 23.749632
v 26.338181 0.291871 -10.407435
v 26.338181 0.291875 24.064335
v 22.716440 0.291875 24.064335
v 22.716440 0.291875 23.749632
v 26.029947 0.291871 -10.407435
v 26.029947 0.437839 -10.407435
v 26.029947 0.291875 23.749632
v 26.029947 0.437843 23.749632
v 25.721714 0.437839 -10.407435
v 25.721714 0.437843 23.459139
v 26.029947 0.437839 -10.407435
v 26.029947 0.437843 23.749632
v 22.716440 0.437843 23.749632
v 22.716440 0.437843 23.459139
v 25.721714 0.559479 -10.407435
v 25.721714 0.559483 23.459139
v 25.721714 0.437839 -10.407435
v 25.721714 0.437843 23.459139
v 25.439167 0.559479 -10.407435
v 25.439167 0.559483 23.144440
v 25.721714 0.559479 -10.407435
v 25.721714 0.559483 23.459139
v 22.716440 0.559483 23.459139
v 22.716440 0.559483 23.144440
v 25.439167 0.705447 -10.407435
v 25.439167 0.705451 23.144440
v 25.439167 0.559479 -10.407435
v 25.439167 0.559483 23.144440
v 25.130934 0.705447 -10.407435
v 25.130934 0.705451 22.853947
v 25.439167 0.705447 -10.407435
v 25.439167 0.705451 23.144440
v 22.716440 0.705451 23.144440
v 22.716440 0.705451 22.853947
v 25.130934 0.851415 -10.407435
v 25.130934 0.851419 22.853947
v 25.130934 0.705447 -10.407435
v 25.130934 0.705451 22.853947
v 24.822701 0.851415 -10.407435
v 24.822701 0.851419 22.539248
v 25.130934 0.851415 -10.407435
v 25.130934 0.851419 22.853947
v 22.716440 0.851419 22.853947
v 22.716440 0.851419 22.539248
v 24.822701 0.851415 -10.407435
v 24.822701 0.997383 -10.407435
v 24.822701 0.851419 22.539248
v 24.822701 0.997387 22.539248
v 24.514467 0.997383 -10.407435
v 24.514467 0.997387 22.248755
v 24.822701 0.997383 -10.407435
v 24.822701 0.997387 22.539248
v 22.716440 0.997387 22.539248
v 22.716440 0.997387 22.248755
v 24.514467 1.143351 -10.407435
v 24.514467 1.143355 22.248755
v 24.514467 0.997383 -10.407435
v 24.514467 0.997387 22.248755
v 24.231920 1.143351 -10.407435
v 24.231920 1.143355 21.934055
v 24.514467 1.143351 -10.407435
v 24.514467 1.143355 22.248755
v 22.716440 1.143355 22.248755
v 22.716440 1.143355 21.934055
v 24.231920 1.289319 -10.407435
v 24.231920 1.289323 21.934055
v 24.231920 1.143351 -10.407435
v 24.231920 1.143355 21.934055
v 23.923687 1.289319 -10.407435
v 23.923687 1.289323 21.643562
v 24.231920 1.289319 -10.407435
v 24.231920 1.289323 21.934055
v 22.716440 1.289323 21.934055
v 22.716440 1.289323 21.643562
v 23.923687 1.410959 -10.407435
v 23.923687 1.435291 21.643562
v 23.923687 1.289319 -10.407435
v 23.923687 1.289323 21.643562
v 23.615454 1.410959 -10.407435
v 23.615454 1.435291 21.328861
v 23.923687 1.410959 -10.407435
v 23.923687 1.435291 21.643562
v 22.716440 1.435291 21.643562
v 22.716440 1.435291 21.328861
v 23.615454 1.556927 -10.407435
v 23.615454 1.556931 21.328861
v 23.615454 1.410959 -10.407435
v 23.615454 1.435291 21.328861
v 23.307220 1.556927 -10.407435
v 23.307220 1.556931 21.038370
v 23.615454 1.556927 -10.407435
v 23.615454 1.556931 21.328861
v 22.716440 1.556931 21.328861
v 22.716440 1.556931 21.038370
v 23.307220 1.556927 -10.407435
v 23.307220 1.702895 -10.407435
v 23.307220 1.556931 21.038370
v 23.307220 1.702899 21.038370
v 23.024673 1.702895 -10.407435
v 23.024673 1.702899 20.747877
v 23.307220 1.702895 -10.407435
v 23.307220 1.702899 21.038370
v 22.716440 1.702899 21.038370
v 22.716440 1.702899 20.747877
v 23.024673 1.848863 -10.407435
v 23.024673 1.848867 20.747877
v 23.024673 1.702895 -10.407435
v 23.024673 1.702899 20.747877
v 22.716440 1.848863 -10.407435
v 22.716440 1.848867 20.433178
v 23.024673 1.848863 -10.407435
v 23.024673 1.848867 20.747877
v 22.716440 1.848867 20.747877
v 25.439167 0.559483 23.144440
v 25.439167 0.705451 23.144440
v 22.716440 0.559483 23.144440
v 22.716440 0.705451 23.144440
v 22.716440 1.143355 21.934055
v 24.231920 1.143355 21.934055
v 22.716440 1.289323 21.934055
v 24.231920 1.289323 21.934055
v 23.024673 1.702899 20.747877
v 23.024673 1.848867 20.747877
v 22.716440 1.702899 20.747877
v 22.716440 1.848867 20.747877
v 26.338181 0.145907 24.064335
v 26.338181 0.291875 24.064335
v 22.716440 0.145907 24.064335
v 22.716440 0.291875 24.064335
v 25.130934 0.705451 22.853947
v 25.130934 0.851419 22.853947
v 22.716440 0.705451 22.853947
v 22.716440 0.851419 22.853947
v 23.923687 1.289323 21.643562
v 23.923687 1.435291 21.643562
v 22.716440 1.289323 21.643562
v 22.716440 1.435291 21.643562
v 26.029947 0.291875 23.749632
v 26.029947 0.437843 23.749632
v 22.716440 0.291875 23.749632
v 22.716440 0.437843 23.749632
v 24.822701 0.851419 22.539248
v 24.822701 0.997387 22.539248
v 22.716440 0.851419 22.539248
v 22.716440 0.997387 22.539248
v 23.615454 1.435291 21.328861
v 23.615454 1.556931 21.328861
v 22.716440 1.435291 21.328861
v 22.716440 1.556931 21.328861
v 22.716440 0.437843 23.459139
v 25.721714 0.437843 23.459139
v 22.716440 0.559483 23.459139
v 25.721714 0.559483 23.459139
v 22.716440 0.997387 22.248755
v 24.514467 0.997387 22.248755
v 22.716440 1.143355 22.248755
v 24.514467 1.143355 22.248755
v 23.307220 1.556931 21.038370
v 23.307220 1.702899 21.038370
v 22.716440 1.556931 21.038370
v 22.716440 1.702899 21.038370
v 26.646414 -0.000061 24.354826
v 26.646414 0.145907 24.354826
v 22.716440 -0.000061 24.354826
v 22.716440 0.145907 24.354826
v 22.536638 2.992284 24.257996
v 22.536638 1.994835 24.257996
v 22.536638 2.992283 20.747877
v 22.536638 1.994835 20.747877
v -3.098090 -0.000067 -23.697464
v -3.483382 -0.000067 -23.697464
v -3.098090 1.994830 -18.759092
v -3.483382 1.994830 -18.759092
v -7.875705 -0.000067 -23.334349
v -7.875705 0.145901 -23.334349
v -3.483382 -0.000067 -23.334349
v -3.483382 0.145901 -23.334349
v -7.875705 1.848862 -19.098001
v -7.875705 1.848862 -18.759092
v -3.483382 1.848862 -19.098001
v -3.483382 1.848862 -18.759092
v -7.875705 1.702894 -19.098001
v -7.875705 1.848862 -19.098001
v -3.483382 1.702894 -19.098001
v -3.483382 1.848862 -19.098001
v -7.875705 1.702894 -19.461117
v -7.875705 1.702894 -19.098001
v -3.483382 1.702894 -19.461117
v -3.483382 1.702894 -19.098001
v -7.875705 1.556926 -19.461117
v -7.875705 1.702894 -19.461117
v -3.483382 1.556926 -19.461117
v -3.483382 1.702894 -19.461117
v -7.875705 1.556926 -19.800024
v -7.875705 1.556926 -19.461117
v -3.483382 1.556926 -19.800024
v -3.483382 1.556926 -19.461117
v -7.875705 1.410957 -19.800024
v -7.875705 1.556926 -19.800024
v -3.483382 1.435285 -19.800024
v -3.483382 1.556926 -19.800024
v -7.875705 1.410957 -20.163139
v -7.875705 1.410957 -19.800024
v -3.483382 1.435285 -20.163139
v -3.483382 1.435285 -19.800024
v -7.875705 1.289317 -20.163139
v -7.875705 1.410957 -20.163139
v -3.483382 1.289317 -20.163139
v -3.483382 1.435285 -20.163139
v -7.875705 1.289317 -20.502047
v -7.875705 1.289317 -20.163139
v -3.483382 1.289317 -20.502047
v -3.483382 1.289317 -20.163139
v -7.875705 1.143349 -20.502047
v -7.875705 1.289317 -20.502047
v -3.483382 1.143349 -20.502047
v -3.483382 1.289317 -20.502047
v -7.875705 1.143349 -20.865164
v -7.875705 1.143349 -20.502047
v -3.483382 1.143349 -20.865164
v -3.483382 1.143349 -20.502047
v -7.875705 0.997381 -20.865164
v -7.875705 1.143349 -20.865164
v -3.483382 0.997381 -20.865164
v -3.483382 1.143349 -20.865164
v -7.875705 0.997381 -21.204071
v -7.875705 0.997381 -20.865164
v -3.483382 0.997381 -21.204071
v -3.483382 0.997381 -20.865164
v -7.875705 0.851413 -21.204071
v -7.875705 0.997381 -21.204071
v -3.483382 0.851413 -21.204071
v -3.483382 0.997381 -21.204071
v -7.875705 0.851413 -21.567186
v -7.875705 0.851413 -21.204071
v -3.483382 0.851413 -21.567186
v -3.483382 0.851413 -21.204071
v -7.875705 0.705445 -21.567186
v -7.875705 0.851413 -21.567186
v -3.483382 0.705445 -21.567186
v -3.483382 0.851413 -21.567186
v -7.875705 0.705445 -21.930302
v -7.875705 0.705445 -21.567186
v -3.483382 0.705445 -21.930302
v -3.483382 0.705445 -21.567186
v -7.875705 0.559477 -21.930302
v -7.875705 0.705445 -21.930302
v -3.483382 0.559477 -21.930302
v -3.483382 0.705445 -21.930302
v -7.875705 0.559477 -22.269209
v -7.875705 0.559477 -21.930302
v -3.483382 0.559477 -22.269209
v -3.483382 0.559477 -21.930302
v -7.875705 0.437837 -22.269209
v -7.875705 0.559477 -22.269209
v -3.483382 0.437837 -22.269209
v -3.483382 0.559477 -22.269209
v -7.875705 0.437837 -22.632324
v -7.875705 0.437837 -22.269209
v -3.483382 0.437837 -22.632324
v -3.483382 0.437837 -22.269209
v -7.875705 0.291869 -22.632324
v -7.875705 0.437837 -22.632324
v -3.483382 0.291869 -22.632324
v -3.483382 0.437837 -22.632324
v -7.875705 0.291869 -22.971233
v -7.875705 0.291869 -22.632324
v -3.483382 0.291869 -22.971233
v -3.483382 0.291869 -22.632324
v -7.875705 0.145901 -22.971233
v -7.875705 0.291869 -22.971233
v -3.483382 0.145901 -22.971233
v -3.483382 0.291869 -22.971233
v -7.875705 0.145901 -23.334349
v -7.875705 0.145901 -22.971233
v -3.483382 0.145901 -23.334349
v -3.483382 0.145901 -22.971233
v -3.098090 -0.000067 -23.697464
v -3.098090 1.994830 -18.759092
v -3.098090 -0.000067 -18.686470
v -3.483382 -0.000067 -23.697464
v -3.483382 1.994830 -18.759092
v -3.483382 -0.000067 -18.686470
v -7.850019 -0.000067 -23.697464
v -8.260997 -0.000067 -23.697464
v -7.850019 1.994830 -18.759092
v -8.260997 1.994830 -18.759092
v -7.850019 -0.000067 -23.697464
v -7.850019 1.994830 -18.759092
v -7.850019 -0.000067 -18.686470
v -8.260997 -0.000067 -23.697464
v -8.260997 1.994830 -18.759092
v -8.260997 -0.000067 -18.686470
v -3.303579 -0.000067 -23.697464
v -3.303579 1.994830 -18.710678
v -3.303579 0.997381 -23.697464
v -3.303579 2.992278 -18.710678
v -8.055508 -0.000067 -23.697464
v -8.055508 1.994830 -18.710678
v -8.055508 0.997381 -23.697464
v -8.055508 2.992278 -18.710678
v -16.737410 1.994830 -20.017893
v -16.737410 1.994830 -18.759092
v -13.475275 1.994830 -20.017893
v -13.475275 1.994830 -18.759092
v -13.475275 1.994830 -18.759092
v -9.930593 0.973054 -18.759092
v -13.475275 1.994830 -20.017893
v -9.930593 0.973053 -20.017893
v -9.930593 0.973054 -18.759092
v -8.260997 0.973054 -18.759092
v -9.930593 0.973053 -20.017893
v -8.260997 0.973053 -21.228279
v -9.930593 0.973053 -21.228279
v -9.930593 0.973053 -21.228279
v -9.930593 0.973053 -20.017893
v -13.475275 -0.000067 -21.228279
v -13.475275 -0.000067 -20.017893
v -8.260997 0.973053 -21.228279
v -9.930593 0.973053 -21.228279
v -8.260997 -0.000067 -21.228279
v -9.930593 -0.000067 -21.228279
v -13.475275 -0.000067 -21.228279
v -9.930593 0.973053 -20.017893
v -13.475275 1.994830 -20.017893
v -13.475275 -0.000067 -20.017893
v -16.737410 -0.000067 -20.017893
v -16.737410 1.994830 -20.017893
v -16.737410 1.994830 -18.759092
v -16.737410 -0.000067 -18.759092
v -16.737410 1.994830 -20.017893
v -16.737410 -0.000067 -20.017893
v -25.624800 -0.000067 -18.759092
v -16.737410 -0.000067 -18.759092
v -25.624800 1.824534 -18.759092
v -20.102289 1.824534 -18.759092
v -20.102289 1.994830 -18.759092
v -16.737410 1.994830 -18.759092
v -3.303579 -0.000067 -18.759092
v 22.716440 -0.000067 -18.759092
v -3.303579 0.973054 -18.759092
v -13.475275 1.994830 -18.759092
v -8.260997 0.973054 -18.759092
v -9.930593 0.973054 -18.759092
v 22.716440 1.994830 -18.759092
v -13.475275 1.994830 -20.017893
v -13.475275 2.992278 -20.017893
v -16.737410 1.994830 -20.017893
v -16.737410 2.992278 -20.017893
v -16.737410 1.994830 -20.017893
v -16.737410 1.994830 -18.710678
v -16.737410 2.992278 -20.017893
v -16.737410 2.992278 -18.710678
v -9.930593 0.973053 -20.017893
v -9.930593 1.994830 -20.017893
v -13.475275 1.994830 -20.017893
v -13.475275 2.992278 -20.017893
v -9.930593 0.973053 -21.228279
v -9.930593 1.994829 -21.228279
v -8.260997 0.973053 -21.228279
v -8.260997 1.994829 -21.228279
v -13.475275 -0.000067 -21.228279
v -13.475275 0.997381 -21.228279
v -9.930593 0.973053 -21.228279
v -9.930593 1.994829 -21.228279
v 26.954647 -0.000066 -12.198807
v 22.716440 1.994831 -12.198807
v 26.954647 0.997383 -12.198807
v 22.716440 2.992279 -12.198807
v 26.954647 -0.000065 -10.383228
v 26.954647 -0.000065 -10.794759
v 22.716440 1.994831 -10.383228
v 22.716440 1.994831 -10.794759
v 26.646414 0.145902 -11.787274
v 26.646414 0.145903 -10.794759
v 26.646414 -0.000066 -11.787274
v 26.646414 -0.000065 -10.794759
v 23.024673 1.848863 -11.787274
v 22.716440 1.848863 -11.787274
v 23.024673 1.848863 -10.794759
v 22.716440 1.848863 -10.794759
v 23.024673 1.848863 -11.787274
v 23.024673 1.848863 -10.794759
v 23.024673 1.702895 -11.787274
v 23.024673 1.702895 -10.794759
v 23.307220 1.702895 -11.787274
v 23.024673 1.702895 -11.787274
v 23.307220 1.702895 -10.794759
v 23.024673 1.702895 -10.794759
v 23.307220 1.702895 -11.787274
v 23.307220 1.702895 -10.794759
v 23.307220 1.556927 -11.787274
v 23.307220 1.556927 -10.794759
v 23.615454 1.556927 -11.787274
v 23.307220 1.556927 -11.787274
v 23.615454 1.556927 -10.794759
v 23.307220 1.556927 -10.794759
v 23.615454 1.556927 -11.787274
v 23.615454 1.556927 -10.794759
v 23.615454 1.410959 -11.787274
v 23.615454 1.435287 -10.794759
v 23.923687 1.410959 -11.787274
v 23.615454 1.410959 -11.787274
v 23.923687 1.435287 -10.794759
v 23.615454 1.435287 -10.794759
v 23.923687 1.410959 -11.787274
v 23.923687 1.435287 -10.794759
v 23.923687 1.289319 -11.787274
v 23.923687 1.289319 -10.794759
v 24.231920 1.289319 -11.787274
v 23.923687 1.289319 -11.787274
v 24.231920 1.289319 -10.794759
v 23.923687 1.289319 -10.794759
v 24.231920 1.289319 -11.787274
v 24.231920 1.289319 -10.794759
v 24.231920 1.143351 -11.787274
v 24.231920 1.143351 -10.794759
v 24.514467 1.143351 -11.787274
v 24.231920 1.143351 -11.787274
v 24.514467 1.143351 -10.794759
v 24.231920 1.143351 -10.794759
v 24.514467 1.143351 -11.787274
v 24.514467 1.143351 -10.794759
v 24.514467 0.997383 -11.787274
v 24.514467 0.997383 -10.794759
v 24.822701 0.997383 -11.787274
v 24.514467 0.997383 -11.787274
v 24.822701 0.997383 -10.794759
v 24.514467 0.997383 -10.794759
v 24.822701 0.997383 -11.787274
v 24.822701 0.997383 -10.794759
v 24.822701 0.851415 -11.787274
v 24.822701 0.851415 -10.794759
v 25.130934 0.851415 -11.787274
v 24.822701 0.851415 -11.787274
v 25.130934 0.851415 -10.794759
v 24.822701 0.851415 -10.794759
v 25.130934 0.851415 -11.787274
v 25.130934 0.851415 -10.794759
v 25.130934 0.705446 -11.787274
v 25.130934 0.705447 -10.794759
v 25.439167 0.705446 -11.787274
v 25.130934 0.705446 -11.787274
v 25.439167 0.705447 -10.794759
v 25.130934 0.705447 -10.794759
v 25.439167 0.705446 -11.787274
v 25.439167 0.705447 -10.794759
v 25.439167 0.559478 -11.787274
v 25.439167 0.559479 -10.794759
v 25.721714 0.559478 -11.787274
v 25.439167 0.559478 -11.787274
v 25.721714 0.559479 -10.794759
v 25.439167 0.559479 -10.794759
v 25.721714 0.559478 -11.787274
v 25.721714 0.559479 -10.794759
v 25.721714 0.437838 -11.787274
v 25.721714 0.437839 -10.794759
v 26.029947 0.437838 -11.787274
v 25.721714 0.437838 -11.787274
v 26.029947 0.437839 -10.794759
v 25.721714 0.437839 -10.794759
v 26.029947 0.437838 -11.787274
v 26.029947 0.437839 -10.794759
v 26.029947 0.291870 -11.787274
v 26.029947 0.291871 -10.794759
v 26.338181 0.291870 -11.787274
v 26.029947 0.291870 -11.787274
v 26.338181 0.291871 -10.794759
v 26.029947 0.291871 -10.794759
v 26.338181 0.291870 -11.787274
v 26.338181 0.291871 -10.794759
v 26.338181 0.145902 -11.787274
v 26.338181 0.145903 -10.794759
v 26.646414 0.145902 -11.787274
v 26.338181 0.145902 -11.787274
v 26.646414 0.145903 -10.794759
v 26.338181 0.145903 -10.794759
v 26.954647 -0.000065 -10.383228
v 22.716440 1.994831 -10.383228
v 22.639381 -0.000065 -10.383228
v 26.954647 -0.000065 -10.794759
v 22.716440 1.994831 -10.794759
v 22.639381 -0.000065 -10.794759
v 26.954647 -0.000066 -11.787274
v 26.954647 -0.000066 -12.198807
v 22.716440 1.994831 -11.787274
v 22.716440 1.994831 -12.198807
v 26.954647 -0.000066 -11.787274
v 22.716440 1.994831 -11.787274
v 22.639381 -0.000066 -11.787274
v 26.954647 -0.000066 -12.198807
v 22.716440 1.994831 -12.198807
v 22.639381 -0.000066 -12.198807
v 19.274504 14.791365 19.827982
v 19.274504 15.788813 19.827982
v 19.274504 14.791360 -11.642030
v 19.274504 15.788808 -11.642030
v -19.665625 14.791360 -11.569407
v -19.665625 15.788808 -11.569407
v -19.665625 14.791365 19.827982
v -19.665625 15.788813 19.827982
v -11.779992 14.791360 -11.569407
v -11.779992 14.791360 -15.805756
v -11.779992 15.788808 -11.569407
v -11.779992 15.788808 -15.805756
v -11.779992 14.791360 -15.805756
v 11.517301 14.791360 -15.805756
v -11.779992 15.788808 -15.805756
v 11.517301 15.788808 -15.805756
v 19.274504 14.791360 -11.642030
v 19.274504 15.788808 -11.642030
v 11.517301 14.791360 -11.642030
v 11.517301 15.788808 -11.642030
v -19.665625 14.791365 19.827982
v -19.665625 15.788813 19.827982
v 19.274504 14.791365 19.827982
v 19.274504 15.788813 19.827982
v 11.517301 14.791360 -15.805756
v 11.517301 14.791360 -11.642030
v 11.517301 15.788808 -15.805756
v 11.517301 15.788808 -11.642030
v -11.779992 14.791360 -11.569407
v -19.665625 14.791360 -11.569407
v -11.779992 15.788808 -11.569407
v -19.665625 15.788808 -11.569407
v 23.204475 10.387997 25.516794
v 23.204475 11.409773 25.516794
v 23.204475 10.387990 -19.388494
v 23.204475 11.409766 -19.388494
v -21.592083 10.387990 -19.388494
v 23.204475 10.387990 -19.388494
v -21.592083 11.409766 -19.388494
v 23.204475 11.409766 -19.388494
v -21.592083 11.409766 -19.388494
v -21.592083 11.409773 25.516794
v -21.592083 10.387990 -19.388494
v -21.592083 10.387997 25.516794
v 23.204475 11.409773 25.516794
v 23.204475 10.387997 25.516794
v -21.592083 11.409773 25.516794
v -21.592083 10.387997 25.516794
v 22.536638 1.994835 24.257996
v -19.922485 1.994835 24.257996
v 22.536638 2.992284 24.257996
v -19.922485 2.992284 24.257996
v -16.737410 1.994830 -18.710678
v -20.102289 1.994830 -18.710678
v -16.737410 2.992278 -18.710678
v -20.102289 2.992278 -18.710678
v -3.303579 1.994830 -18.710678
v 14.111597 1.994830 -18.710678
v -3.303579 2.992278 -18.710678
v 14.111597 2.992278 -18.710678
v -8.055508 1.994830 -18.710678
v -8.055508 2.992278 -18.710678
v -13.346845 1.994830 -18.710678
v -13.346845 2.992278 -18.710678
v 21.714682 -0.000067 -23.697464
v 21.714682 0.997381 -23.697464
v 21.714682 1.994830 -18.759092
v 21.714682 2.992278 -18.759092
v 21.714682 1.994830 -18.759092
v 22.716440 1.994830 -18.759092
v 21.714682 2.992278 -18.759092
v 22.716440 2.992278 -18.759092
v 22.716440 1.994830 -18.759092
v 22.716440 1.994831 -12.198807
v 22.716440 2.992278 -18.759092
v 22.716440 2.992279 -12.198807
v 14.137282 -0.000067 -23.649048
v 14.137282 0.997381 -23.649048
v 14.111597 1.994830 -18.710678
v 14.111597 2.992278 -18.710678
v 22.536638 2.992284 24.257996
v 22.536638 2.992283 20.747877
v 22.536638 1.994835 24.257996
v 22.536638 1.994835 20.747877
v -3.303579 -0.000067 -23.697464
v -3.303579 0.997381 -23.697464
v -3.303579 1.994830 -18.710678
v -3.303579 2.992278 -18.710678
v -8.055508 -0.000067 -23.697464
v -8.055508 0.997381 -23.697464
v -8.055508 1.994830 -18.710678
v -8.055508 2.992278 -18.710678
v -13.475275 1.994830 -20.017893
v -16.737410 1.994830 -20.017893
v -13.475275 2.992278 -20.017893
v -16.737410 2.992278 -20.017893
v -16.737410 2.992278 -18.710678
v -16.737410 1.994830 -18.710678
v -16.737410 2.992278 -20.017893
v -16.737410 1.994830 -20.017893
v -9.930593 0.973053 -20.017893
v -13.475275 1.994830 -20.017893
v -9.930593 1.994830 -20.017893
v -13.475275 2.992278 -20.017893
v -9.930593 0.973053 -21.228279
v -8.260997 0.973053 -21.228279
v -9.930593 1.994829 -21.228279
v -8.260997 1.994829 -21.228279
v -13.475275 -0.000067 -21.228279
v -9.930593 0.973053 -21.228279
v -13.475275 0.997381 -21.228279
v -9.930593 1.994829 -21.228279
v 26.954647 -0.000066 -12.198807
v 26.954647 0.997383 -12.198807
v 22.716440 1.994831 -12.198807
v 22.716440 2.992279 -12.198807
v -12.704692 48.801910 -12.537721
v -12.499203 48.801910 -12.344059
v -12.499203 48.801910 12.444630
v 12.313570 23.354818 -0.724358
v 12.313570 23.354818 -6.824699
v 12.313570 23.354818 -5.493275
v 12.313570 23.354818 -0.724358
v 12.313570 23.354818 -6.824699
v 12.313570 23.354816 -11.642031
v 12.313570 33.961826 -12.344057
v 12.313570 37.051483 -12.344057
v 12.313570 36.078365 -12.344057
v 12.313570 36.078365 11.694192
v 12.313570 36.078365 6.828444
v 12.313570 36.078365 -6.824701
v -12.499203 37.051483 -12.344057
v -12.499203 33.961826 -12.344057
v -11.805678 33.961826 -12.344057
v 6.662628 27.758186 -12.344056
v 12.313570 27.758186 -12.344056
v 11.542987 27.758186 -12.344056
v 0.523650 27.758186 -12.344056
v 5.301264 27.758186 -12.344056
v 6.662628 27.758186 -12.344056
v -5.641014 27.758186 -12.344056
v 0.523650 27.758186 -12.344056
v -0.863400 27.758186 -12.344056
v 0.523650 27.758186 -12.344056
v 6.662628 27.758186 -12.344056
v 12.313570 27.758186 -12.344056
v -5.641014 27.758186 -12.344056
v 12.313570 27.758186 -12.344056
v 0.523650 27.758186 -12.344056
v 12.313570 30.847843 0.655480
v 12.313570 30.847843 5.448605
v 12.313570 30.847843 6.828444
v 12.313570 30.847843 -0.724359
v 12.313570 30.847843 6.828444
v 12.313570 30.847843 0.655480
v 12.313570 30.847843 -5.493276
v 12.313570 30.847843 -0.724359
v 12.313570 30.847843 6.828444
v 12.313570 30.847841 -12.344056
v 12.313570 30.847843 -6.824700
v 12.313570 30.847841 -11.642032
v 12.313570 27.758188 -5.493276
v 12.313570 27.758188 -6.824700
v -12.499203 26.785069 -5.323822
v -12.499203 26.785069 -0.554904
v -12.499203 26.785070 12.444633
v -12.499203 27.758188 -6.703661
v -12.499203 27.758188 -5.323822
v -12.499203 27.758186 -11.569409
v -12.499203 27.758188 -0.554905
v -12.499203 32.988708 0.824934
v -12.499203 32.988708 6.949483
v -12.499203 32.988708 5.618059
v 5.455381 27.758190 12.444633
v 0.677766 27.758190 12.444633
v -0.709283 27.758190 12.444633
v -0.709283 27.758190 12.444633
v -6.873947 27.758190 12.444633
v -5.486897 27.758190 12.444633
v -0.709283 27.758190 12.444633
v -6.873947 27.758190 12.444633
v -11.728620 27.758190 12.444633
v 6.662628 43.255123 -12.344058
v 12.313570 43.255123 -12.344058
v 11.542987 43.255123 -12.344058
v 6.662628 40.165466 -12.344058
v 11.542987 40.165466 -12.344058
v 12.313570 40.165466 -12.344058
v 0.523650 40.165466 -12.344058
v 12.313570 40.165466 -12.344058
v 5.301264 40.165466 -12.344058
v -5.641014 40.165466 -12.344058
v -0.863400 40.165466 -12.344058
v 12.313570 40.165466 -12.344058
v -6.976691 40.165466 -12.344058
v 12.313570 40.165466 -12.344058
v -5.641014 40.165466 -12.344058
v -12.499203 23.354816 -11.569408
v -12.499203 23.354818 -6.703661
v -12.499203 23.354818 -0.554904
v 12.313570 39.168018 11.694191
v 12.313570 39.168018 0.655479
v 12.313570 39.168018 5.448604
v 12.313570 40.165466 6.828444
v 12.313570 40.165466 11.694191
v 12.313570 40.165466 12.444631
v -12.499203 48.485649 5.618057
v -12.499203 48.801910 -12.344059
v -12.499203 48.485649 12.444630
v 12.313570 26.785069 -0.724358
v 12.313570 26.785069 -5.493276
v 12.313570 26.785069 -6.824700
v 12.313570 26.785069 5.448606
v 12.313570 26.785069 -0.724358
v 12.313570 26.785069 0.655481
v 12.313570 26.785070 11.694193
v 12.313570 26.785069 6.828445
v 12.313570 26.785069 5.448606
v 12.313570 27.758188 0.655481
v 12.313570 27.758188 6.828445
v 12.313570 27.758188 5.448606
v 12.313570 27.758188 -0.724358
v 12.313570 27.758188 0.655481
v 12.313570 27.758188 6.828445
v 12.313570 27.758188 -5.493276
v 12.313570 27.758188 6.828445
v 12.313570 27.758188 -0.724358
v 12.313570 33.961826 6.828444
v 12.313570 33.961826 11.694192
v 12.313570 33.961826 12.444632
v 12.313570 32.988708 -11.642033
v 12.313570 33.961826 -11.642033
v 12.313570 30.847841 -11.642032
v 12.313570 46.344780 -12.344059
v 12.313570 46.344780 -11.642035
v 12.313570 46.344780 -6.824702
v -0.709283 40.165466 12.444631
v -12.499203 40.165466 12.444631
v -5.486897 40.165466 12.444631
v -0.709283 37.051483 12.444632
v -5.486897 37.051483 12.444632
v -12.499203 37.051483 12.444632
v 5.301264 30.847841 -12.344056
v 12.313570 30.847841 -12.344056
v 6.662628 30.847841 -12.344056
v -12.499203 30.847841 -12.344056
v -11.805678 30.847841 -12.344056
v -6.976691 30.847841 -12.344056
v -12.499203 27.758186 -12.344056
v -11.805678 27.758186 -12.344056
v -11.805678 29.874722 -12.344056
v 12.313570 30.847845 12.444633
v 5.455381 30.847845 12.444633
v 0.677766 30.847845 12.444633
v 12.313570 48.801910 12.444630
v -11.728620 48.485649 12.444630
v -12.499203 48.485649 12.444630
v 12.313570 40.165466 -5.493277
v 12.313570 40.165466 -6.824701
v 12.313570 42.282005 -5.493278
v 12.313570 42.282005 -6.824702
v 12.313570 40.165466 -0.724360
v 12.313570 42.282005 -0.724360
v 12.313570 40.165466 0.655479
v 12.313570 42.282005 0.655479
v 12.313570 40.165466 5.448604
v 12.313570 42.282005 5.448604
v 12.313570 40.165466 6.828444
v 12.313570 42.282005 6.828443
v 12.313570 42.282005 11.694191
v 12.313570 42.282005 6.828443
v 12.313570 42.282005 5.448604
v 12.313570 42.282005 11.694191
v 12.313570 42.282005 0.655479
v 12.313570 42.282005 5.448604
v 12.313570 43.255123 6.828443
v 12.313570 43.255123 11.694191
v 12.313570 43.255123 12.444631
v 12.313570 42.282005 11.694191
v 12.313570 42.282005 -0.724360
v 12.313570 42.282005 0.655479
v 12.313570 42.282005 11.694191
v 12.313570 42.282005 -0.724360
v 12.313570 42.282005 -5.493278
v 12.313570 42.282005 11.694191
v 12.313570 42.282005 -6.824702
v 12.313570 42.282005 -5.493278
v 12.313570 42.282005 11.694191
v 12.313570 42.282005 -6.824702
v 12.313570 42.282005 -11.642034
v 12.313570 48.485649 11.694190
v 12.313570 48.485649 0.655478
v 12.313570 48.485649 5.448603
v 12.313570 48.485649 11.694190
v 12.313570 48.485649 0.655478
v 12.313570 48.485649 -0.724361
v -12.499203 45.371658 -11.569411
v -12.499203 45.371658 5.618057
v -12.499203 45.371658 0.824932
v -12.499203 19.924568 -12.344055
v -12.499203 19.924568 -11.569408
v -12.499203 19.924570 -6.703660
v 12.313570 19.924570 -5.493275
v 12.313570 19.924568 -11.642031
v 12.313570 19.924570 -6.824699
v 12.313570 19.924570 5.448606
v 12.313570 19.924570 0.655482
v 12.313570 19.924570 -0.724357
v 12.313570 19.924572 11.694194
v 12.313570 19.924570 5.448606
v 12.313570 19.924570 6.828446
v 12.313570 19.924570 5.448606
v 12.313570 19.924570 -0.724357
v 12.313570 19.924568 -11.642031
v 12.313570 20.873362 -5.493275
v 12.313570 20.873362 0.655482
v 12.313570 20.873362 -0.724357
v -12.499203 46.344780 -12.344059
v 12.313570 45.371658 -12.344058
v 11.542987 45.371658 -12.344058
v -12.499203 27.758188 -5.323822
v -12.499203 27.758188 -6.703661
v -12.499203 29.874723 -6.703661
v -12.499203 29.874722 -11.569409
v -12.499203 29.874723 -5.323822
v -12.499203 29.874723 -6.703661
v 19.890968 13.599293 20.457382
v 19.890968 13.599292 16.366282
v 19.993713 13.672276 20.554214
v 19.890968 13.599292 12.250973
v 19.890968 13.599291 4.068769
v 19.890968 13.599292 12.250973
v 19.890968 13.599291 4.068769
v 19.890968 13.599291 8.159870
v 19.890968 13.599288 -12.319847
v 19.993713 13.599288 -12.416677
v 19.993713 13.672276 20.554214
v 19.890968 13.599288 -12.319847
v 19.890968 13.599289 -8.228745
v 19.993713 13.672276 20.554214
v 19.890968 13.599289 -4.137643
v -20.384836 13.599288 -12.440886
v -20.307777 13.599291 4.044561
v -20.307777 13.599290 -0.046541
v 19.993713 13.672276 20.554214
v -20.384836 13.599293 20.554214
v -20.307777 13.599293 20.457382
v 19.993713 13.672276 20.554214
v -11.369015 13.599293 20.457382
v -20.307777 13.599293 20.457382
v 22.202719 9.390548 18.859674
v 22.202719 9.390547 13.558189
v 22.202719 9.390546 8.256702
v 22.202719 5.206129 2.955215
v 22.202719 5.206131 13.558189
v 22.202719 5.206130 8.256702
v -20.205032 5.206128 -7.647758
v -20.205032 5.206127 -12.949246
v -20.205032 5.206126 -18.250731
v -18.920729 5.206127 -13.021869
v -18.920729 5.206127 -10.940006
v -18.920729 5.206127 -11.980937
v 6.303022 5.206132 24.161165
v 1.011686 5.206132 24.161165
v -4.305337 5.206132 24.161165
v -13.937625 5.206131 22.878155
v 1.011686 5.206131 22.878155
v -8.954521 5.206131 22.878155
v 1.011686 5.206126 -18.250731
v 11.594358 5.206126 -18.250731
v 16.911381 5.206126 -18.250731
v 12.313570 16.834915 11.694195
v 12.313570 16.834913 5.448607
v 12.313570 16.834913 6.828446
v 12.313570 14.718378 0.655482
v 12.313570 14.718377 -6.824698
v 12.313570 16.834913 0.655482
v 12.313570 16.834913 -6.824698
v 12.313570 16.834913 0.655482
v 12.313570 16.834913 -6.824698
v 12.313570 16.834911 -11.642030
v 12.313570 16.834913 5.448607
v 12.313570 16.834911 -11.642030
v 12.313570 16.834913 0.655482
v 12.313570 17.808031 -12.344055
v 12.313570 17.808031 -11.642031
v 12.313570 17.808033 -6.824698
v 12.313570 17.808033 -5.493274
v 12.313570 17.808033 0.655482
v 12.313570 17.808033 -0.724357
v 12.313570 17.808033 0.655482
v 12.313570 17.808033 5.448607
v 12.313570 17.808033 6.828446
v 6.662628 17.808031 -12.344055
v 12.313570 17.808031 -12.344055
v 11.542987 17.808031 -12.344055
v 21.329391 1.702894 -19.461117
v 21.329391 1.556926 -19.461117
v 20.301947 1.556926 -19.461117
v -13.475275 1.994830 -18.759092
v -20.102289 1.994830 -18.759092
v -16.737410 1.994830 -18.759092
v -11.291956 49.702049 -11.182089
v -11.291956 49.702049 11.427905
v -11.189212 49.410110 -11.061050
v -11.189212 49.410110 11.306867
v -10.880979 49.288471 -10.770557
v -10.880979 49.288471 11.016375
v -10.572745 49.288471 -10.455857
v -10.572745 49.288471 10.701674
v 10.592601 49.288471 -10.455857
v 10.592601 49.288471 10.701674
v 10.875148 49.288471 -10.770557
v 10.875148 49.288471 11.016375
v 11.183381 49.410110 11.306867
v -11.189212 49.410110 11.306867
v -11.189212 49.410110 -11.061050
v 11.183381 49.410110 -11.061050
v 11.183381 49.410110 -11.061050
v 11.183381 49.410110 11.306867
v 11.286126 49.702049 -11.182089
v 11.286126 49.702049 11.427905
v -11.189212 49.410110 11.306867
v -11.291956 49.702049 11.427905
v 11.183381 49.410110 11.306867
v 11.286126 49.702049 11.427905
v -11.189212 49.410110 -11.061050
v 11.183381 49.410110 -11.061050
v -11.291956 49.702049 -11.182089
v 11.286126 49.702049 -11.182089
vn -0.0000 1.0000 -0.0000
vn -1.0000 0.0022 -0.0000
vn 1.0000 0.0022 -0.0000
vn -0.0000 0.0022 1.0000
vn -0.0000 0.0022 -1.0000
vn -0.0022 -1.0000 -0.0038
vn -0.0022 -1.0000 0.0038
vn 0.0044 -1.0000 -0.0000
vn -0.0000 -1.0000 -0.0000
vn -0.0000 -0.0000 -0.0000
vn -1.0000 0.0021 -0.0000
vn 1.0000 0.0021 -0.0000
vn -1.0000 0.0021 -0.0001
vn -0.0000 0.0021 -1.0000
vn 1.0000 -0.0000 -0.0000
vn 0.5563 -0.8310 -0.0000
vn 0.0038 -0.8310 0.5562
vn 0.0038 -0.8310 0.5563
vn -0.0000 -0.0000 1.0000
vn 0.0019 0.9270 -0.3751
vn -0.0000 1.0000 -0.0001
vn -0.0000 0.0066 1.0000
vn 0.2761 0.9611 -0.0000
vn 0.2760 0.9612 -0.0000
vn -0.2676 0.9635 -0.0000
vn 0.4271 0.9042 -0.0000
vn 0.4270 0.9042 -0.0000
vn 0.1824 -0.9832 -0.0000
vn -0.8579 0.5138 -0.0037
vn -0.8579 0.5138 -0.0038
vn 0.3334 0.0021 -0.9428
vn 0.3334 0.0022 -0.9428
vn -0.0000 -0.1371 -0.9906
vn -0.0019 -0.8236 -0.5671
vn -0.0000 0.3073 -0.9516
vn 0.0019 -0.3156 -0.9489
vn -0.0000 0.9334 -0.3589
vn 0.9964 0.0850 -0.0000
vn -0.9893 -0.1459 -0.0038
vn -0.9893 -0.1459 -0.0037
vn -0.0000 -0.0000 -1.0000
vn 0.0019 0.4369 0.8995
vn 0.0037 -0.5868 0.8097
vn 0.0038 -0.5868 0.8097
vn 0.0038 -0.6352 0.7724
vn 0.0037 -0.6352 0.7724
vn -0.0019 -0.2018 -0.9794
vn 0.0038 0.0676 -0.9977
vn 0.0019 -0.2697 -0.9630
vn -0.0019 0.8590 -0.5119
vn 0.0018 -0.9702 -0.2422
vn 0.0019 -0.9702 -0.2422
vn -0.6368 0.7710 -0.0038
vn -1.0000 -0.0022 -0.0000
vn 0.9851 -0.1717 -0.0000
vn 0.9859 -0.1675 -0.0000
vn 0.7281 0.0022 0.6854
vn 0.7281 0.0021 0.6854
vn 0.0038 -0.8590 0.5119
vn 0.0037 -0.8590 0.5119
vn -0.0019 0.6419 0.7668
vn 0.0019 0.9454 -0.3260
vn 0.0019 -0.8568 -0.5157
vn 0.0018 -0.8568 -0.5157
vn 0.0037 0.9587 0.2844
vn 0.0038 0.9587 0.2844
vn -0.0000 -0.0022 1.0000
vn -0.9310 -0.3650 -0.0037
vn -0.9310 -0.3650 -0.0038
vn 0.9989 -0.0459 -0.0000
vn 0.8579 -0.5138 -0.0000
vn -0.8323 -0.5544 -0.0000
vn 0.9887 -0.1501 -0.0000
vn -0.9995 -0.0328 -0.0000
vn 0.8224 -0.5689 -0.0000
vn 0.5562 -0.8310 -0.0000
vn 0.4931 -0.8700 -0.0000
vn -0.7915 -0.6112 -0.0000
vn -0.8224 0.5689 -0.0038
vn -0.8224 0.5689 -0.0037
vn 0.9718 0.2359 -0.0000
vn 0.0019 -0.7156 -0.6985
vn 0.0018 -0.7156 -0.6985
vn 0.6084 0.5063 0.6111
vn 0.6084 0.5063 -0.6111
vn 0.5004 0.7094 0.4964
vn 0.5003 0.7094 -0.4964
vn 0.1465 0.9781 0.1479
vn 0.1465 0.9781 -0.1479
vn -0.1492 0.9781 0.1452
vn -0.1492 0.9781 -0.1452
vn -0.4977 0.7094 -0.4990
vn 0.5004 0.7094 -0.4963
vn -0.4977 0.7094 0.4990
vn -0.6084 0.5063 0.6111
vn -0.6084 0.5063 -0.6111
vn 0.5003 0.7094 -0.4963
vn 0.6085 0.5063 -0.6111
vn -0.4977 0.7095 -0.4990
vn -0.6085 0.5063 -0.6111
vn 0.5004 0.7094 0.4963
vn 0.6085 0.5063 0.6111
vn -0.6085 0.5063 0.6111
vt 0.730827 0.606819
vt 0.742333 0.595779
vt 0.730827 0.790937
vt 0.742333 0.802567
vt 0.198142 0.657921
vt 0.209181 0.669428
vt 0.198142 0.863134
vt 0.209181 0.853303
vt 0.730828 0.595779
vt 0.730828 0.800992
vt 0.719197 0.607283
vt 0.719197 0.791159
vt 0.215490 0.867121
vt 0.215490 0.660333
vt 0.225321 0.855489
vt 0.225321 0.671371
vt 0.294076 0.908222
vt 0.294076 0.701410
vt 0.301407 0.908222
vt 0.301407 0.701410
vt 0.440939 0.871609
vt 0.440939 0.664797
vt 0.441731 0.871609
vt 0.441731 0.664797
vt 0.904105 0.393699
vt 0.911435 0.393699
vt 0.904105 0.598917
vt 0.911435 0.598917
vt 0.542699 0.979395
vt 0.542699 0.774178
vt 0.543491 0.979395
vt 0.543491 0.774178
vt 0.322012 0.500907
vt 0.323477 0.499330
vt 0.322012 0.702791
vt 0.323477 0.706142
vt 0.225321 0.865551
vt 0.225321 0.660333
vt 0.226899 0.863877
vt 0.226899 0.661798
vt 0.792620 0.595583
vt 0.794294 0.799043
vt 0.792620 0.802395
vt 0.548376 0.372066
vt 0.551728 0.370601
vt 0.548376 0.574145
vt 0.551728 0.575819
vt 0.301407 0.906627
vt 0.308738 0.906627
vt 0.308738 0.701410
vt 0.541906 0.774178
vt 0.542699 0.774178
vt 0.541906 0.979395
vt 0.542699 0.979395
vt 0.286745 0.908222
vt 0.286745 0.701410
vt 0.894000 0.946306
vt 0.894000 0.739494
vt 0.894792 0.946306
vt 0.894792 0.739494
vt 0.550755 0.759959
vt 0.550755 0.575819
vt 0.551547 0.759959
vt 0.551547 0.575819
vt 0.169808 0.582426
vt 0.169808 0.766306
vt 0.169015 0.582426
vt 0.169015 0.766306
vt 0.170600 0.582426
vt 0.170600 0.766566
vt 0.169808 0.582426
vt 0.169808 0.766566
vt 0.541114 0.958058
vt 0.541114 0.774178
vt 0.541906 0.958058
vt 0.541906 0.774178
vt 0.948882 0.473192
vt 0.948882 0.512939
vt 0.931645 0.473192
vt 0.931645 0.512939
vt 0.948882 0.512939
vt 0.948882 0.552685
vt 0.931645 0.512939
vt 0.931645 0.552685
vt 0.164064 0.949834
vt 0.181301 0.949834
vt 0.164064 0.988744
vt 0.181301 0.988744
vt 0.578241 0.829746
vt 0.584517 0.829746
vt 0.578241 0.846983
vt 0.584517 0.846983
vt 0.965525 0.756039
vt 0.965525 0.795368
vt 0.948288 0.756039
vt 0.948288 0.795368
vt 0.198539 0.949834
vt 0.198538 0.988744
vt 0.640539 0.595583
vt 0.612602 0.595583
vt 0.640539 0.589471
vt 0.620329 0.589471
vt 0.620329 0.549844
vt 0.620329 0.538606
vt 0.640539 0.549844
vt 0.640539 0.538606
vt 0.612602 0.538606
vt 0.620329 0.499570
vt 0.620329 0.488332
vt 0.640539 0.499570
vt 0.640539 0.488332
vt 0.612602 0.499570
vt 0.620329 0.449493
vt 0.612602 0.488332
vt 0.620329 0.438650
vt 0.612602 0.399417
vt 0.620329 0.399417
vt 0.640539 0.393699
vt 0.640539 0.399417
vt 0.640539 0.449493
vt 0.640539 0.438650
vt 0.612602 0.393699
vt 0.262969 0.035522
vt 0.262969 0.075145
vt 0.262969 0.024286
vt 0.470298 0.767904
vt 0.462372 0.767904
vt 0.470298 0.717039
vt 0.470298 0.678002
vt 0.462372 0.617083
vt 0.470298 0.666765
vt 0.470298 0.627926
vt 0.470298 0.617083
vt 0.462372 0.577849
vt 0.470298 0.577849
vt 0.445135 0.572132
vt 0.470298 0.572132
vt 0.470298 0.774015
vt 0.445135 0.774015
vt 0.445135 0.767904
vt 0.445135 0.577849
vt 0.667837 0.270855
vt 0.685075 0.270855
vt 0.667837 0.382048
vt 0.685075 0.382048
vt 0.060246 0.985001
vt 0.060246 0.967764
vt 0.071484 0.985001
vt 0.071484 0.967764
vt 0.369616 0.589147
vt 0.369616 0.578269
vt 0.386853 0.589147
vt 0.386853 0.578269
vt 0.394778 0.538941
vt 0.386853 0.538941
vt 0.369616 0.639353
vt 0.369616 0.628057
vt 0.386853 0.639353
vt 0.386853 0.628057
vt 0.394778 0.589147
vt 0.394778 0.578269
vt 0.394778 0.628057
vt 0.386853 0.678263
vt 0.394778 0.639353
vt 0.386853 0.689350
vt 0.394778 0.678263
vt 0.386853 0.729096
vt 0.394778 0.689350
vt 0.386853 0.735372
vt 0.394778 0.729096
vt 0.394778 0.735372
vt 0.369616 0.689350
vt 0.369616 0.678263
vt 0.369616 0.735372
vt 0.369616 0.729096
vt 0.834550 0.908435
vt 0.834550 0.891198
vt 0.840198 0.908435
vt 0.840198 0.891198
vt 0.965525 0.677084
vt 0.948288 0.677084
vt 0.965525 0.637756
vt 0.948288 0.637756
vt 0.071484 0.985001
vt 0.071484 0.967764
vt 0.082571 0.985001
vt 0.082571 0.967764
vt 0.968529 0.156818
vt 0.985767 0.156818
vt 0.968529 0.195728
vt 0.985767 0.195728
vt 0.702361 0.390874
vt 0.685123 0.390874
vt 0.702361 0.351127
vt 0.685123 0.351127
vt 0.246113 0.984644
vt 0.228876 0.984644
vt 0.246113 0.945734
vt 0.228876 0.945734
vt 0.762974 0.595583
vt 0.780410 0.595583
vt 0.762974 0.797662
vt 0.780410 0.797662
vt 0.873795 0.393501
vt 0.873795 0.376264
vt 0.885092 0.393501
vt 0.885092 0.376264
vt 0.262249 0.511286
vt 0.259673 0.511286
vt 0.262249 0.309206
vt 0.259673 0.309206
vt 0.134531 0.985555
vt 0.134531 0.968318
vt 0.145409 0.985555
vt 0.145409 0.968318
vt 0.431432 0.664797
vt 0.439358 0.664797
vt 0.431432 0.670445
vt 0.439358 0.670445
vt 0.439358 0.866876
vt 0.445077 0.182202
vt 0.445077 0.221529
vt 0.445077 0.378629
vt 0.445077 0.232407
vt 0.431432 0.709773
vt 0.431432 0.770857
vt 0.431432 0.809767
vt 0.431432 0.866876
vt 0.216207 0.985286
vt 0.198970 0.985286
vt 0.216207 0.946376
vt 0.198970 0.946376
vt 0.740338 0.844168
vt 0.740338 0.905285
vt 0.723100 0.844168
vt 0.723100 0.905285
vt 0.965525 0.795367
vt 0.965525 0.834696
vt 0.948288 0.795367
vt 0.948288 0.834696
vt 0.985965 0.000000
vt 0.985965 0.038910
vt 0.968727 -0.000000
vt 0.968727 0.038910
vt 0.968727 0.038910
vt 0.985965 0.038910
vt 0.968727 0.077819
vt 0.985965 0.077819
vt 0.965525 0.834696
vt 0.965525 0.874024
vt 0.948288 0.834696
vt 0.948288 0.874024
vt 0.286745 0.947061
vt 0.303982 0.947061
vt 0.286745 0.985971
vt 0.303982 0.985971
vt 0.948882 0.592432
vt 0.931645 0.592432
vt 0.506639 0.901417
vt 0.506639 0.941164
vt 0.489203 0.901417
vt 0.489203 0.941164
vt 0.875069 0.926133
vt 0.875069 0.965042
vt 0.857634 0.926133
vt 0.857634 0.965042
vt 0.668475 0.589503
vt 0.685911 0.589503
vt 0.668475 0.595779
vt 0.693836 0.595779
vt 0.693836 0.589503
vt 0.693836 0.549757
vt 0.693836 0.538670
vt 0.693836 0.499760
vt 0.685911 0.549757
vt 0.685911 0.538670
vt 0.668475 0.549757
vt 0.668475 0.538670
vt 0.693836 0.488463
vt 0.685911 0.499760
vt 0.693836 0.449554
vt 0.685911 0.488463
vt 0.693836 0.438676
vt 0.685911 0.449554
vt 0.685911 0.438676
vt 0.668475 0.449554
vt 0.668475 0.438676
vt 0.668475 0.499760
vt 0.668475 0.488463
vt 0.693836 0.399348
vt 0.685911 0.399348
vt 0.668475 0.393699
vt 0.668475 0.399348
vt 0.693836 0.393699
vt 0.948288 0.875340
vt 0.948288 0.914668
vt 0.930852 0.875340
vt 0.930852 0.914668
vt 0.892505 0.926133
vt 0.892505 0.965042
vt 0.875069 0.926133
vt 0.875069 0.965042
vt 0.982763 0.832936
vt 0.982763 0.871845
vt 0.965525 0.832936
vt 0.965525 0.871845
vt 0.965525 0.716711
vt 0.965525 0.756039
vt 0.948288 0.716711
vt 0.948288 0.756039
vt 0.495460 0.572132
vt 0.487535 0.577849
vt 0.487535 0.617083
vt 0.487535 0.627926
vt 0.487535 0.666765
vt 0.495460 0.617083
vt 0.487535 0.678002
vt 0.495460 0.627926
vt 0.495460 0.728276
vt 0.487535 0.717039
vt 0.487535 0.728276
vt 0.470298 0.728276
vt 0.470298 0.666765
vt 0.495460 0.767904
vt 0.487535 0.767904
vt 0.495460 0.774015
vt 0.965525 0.910755
vt 0.982763 0.910755
vt 0.948882 0.393699
vt 0.948882 0.433446
vt 0.931645 0.393699
vt 0.931645 0.433446
vt 0.950896 0.199912
vt 0.950896 0.239658
vt 0.933658 0.199912
vt 0.933658 0.239658
vt 0.163855 0.952397
vt 0.163855 0.991307
vt 0.146617 0.952397
vt 0.146617 0.991307
vt 0.965525 0.874024
vt 0.965525 0.913352
vt 0.948288 0.874024
vt 0.948288 0.913352
vt 0.668475 0.952427
vt 0.668475 0.991337
vt 0.651238 0.952427
vt 0.651238 0.991337
vt 0.982763 0.910755
vt 0.982763 0.949665
vt 0.965525 0.910755
vt 0.965525 0.949665
vt 0.965525 0.677383
vt 0.965525 0.716711
vt 0.948288 0.677383
vt 0.948288 0.716711
vt 0.740338 0.944195
vt 0.740338 0.983104
vt 0.723100 0.944195
vt 0.723100 0.983104
vt 0.948882 0.433446
vt 0.948882 0.473192
vt 0.931645 0.433446
vt 0.931645 0.473192
vt 0.228876 0.906825
vt 0.249085 0.945734
vt 0.249085 0.906825
vt 0.911435 0.433028
vt 0.911435 0.393699
vt 0.931645 0.433028
vt 0.931645 0.393699
vt 0.501008 0.476113
vt 0.480799 0.476113
vt 0.501008 0.415029
vt 0.480799 0.415029
vt 0.473071 0.572132
vt 0.480799 0.375701
vt 0.473071 0.370052
vt 0.501008 0.375701
vt 0.501008 0.370052
vt 0.480798 0.515022
vt 0.501008 0.572132
vt 0.501008 0.515022
vt 0.262969 0.125216
vt 0.262969 0.113980
vt 0.262969 0.164247
vt 0.278820 0.847696
vt 0.278820 0.707719
vt 0.286745 0.903293
vt 0.278820 0.701410
vt 0.286745 0.758584
vt 0.278820 0.858540
vt 0.278820 0.897576
vt 0.278820 0.903293
vt 0.780806 0.957479
vt 0.763568 0.957479
vt 0.780806 0.917851
vt 0.763568 0.917851
vt 0.828654 0.756347
vt 0.828654 0.739109
vt 0.834963 0.756347
vt 0.834963 0.739109
vt 0.982763 0.793900
vt 0.965525 0.793900
vt 0.982763 0.754864
vt 0.965525 0.754864
vt 0.982763 0.832936
vt 0.965525 0.832936
vt 0.661071 0.370605
vt 0.667379 0.370605
vt 0.661071 0.388040
vt 0.667379 0.388040
vt 0.116485 0.838655
vt 0.099050 0.838655
vt 0.116485 0.777571
vt 0.099050 0.777571
vt 0.887858 0.756731
vt 0.887858 0.739494
vt 0.893575 0.756731
vt 0.893575 0.739494
vt 0.488922 0.860285
vt 0.488922 0.915882
vt 0.471486 0.860285
vt 0.471486 0.915882
vt 0.963378 0.255706
vt 0.980615 0.255706
vt 0.963378 0.294742
vt 0.980615 0.294742
vt 0.972385 0.353183
vt 0.972385 0.335945
vt 0.983623 0.353183
vt 0.983623 0.335945
vt 1.000000 0.676595
vt 0.982763 0.676595
vt 1.000000 0.637756
vt 0.982763 0.637756
vt 0.152826 0.864921
vt 0.152826 0.847486
vt 0.164064 0.864921
vt 0.164064 0.847486
vt 0.727722 0.006309
vt 0.710286 0.006309
vt 0.727722 0.000000
vt 0.702361 0.000000
vt 0.702361 0.006309
vt 0.702361 0.045936
vt 0.702361 0.057174
vt 0.702361 0.096013
vt 0.702361 0.107251
vt 0.702361 0.146287
vt 0.710286 0.057174
vt 0.702361 0.157130
vt 0.710286 0.096013
vt 0.702361 0.196166
vt 0.710286 0.107251
vt 0.702361 0.201883
vt 0.710286 0.196166
vt 0.727722 0.201883
vt 0.727722 0.196166
vt 0.828654 0.756545
vt 0.817416 0.756545
vt 0.828654 0.739109
vt 0.817416 0.739109
vt 0.727722 0.096013
vt 0.727722 0.107251
vt 0.104501 0.985199
vt 0.093658 0.985199
vt 0.104501 0.967764
vt 0.093658 0.967764
vt 0.262969 0.701410
vt 0.270895 0.701410
vt 0.262969 0.707685
vt 0.270895 0.707685
vt 0.270895 0.747223
vt 0.270895 0.758519
vt 0.270895 0.797429
vt 0.262969 0.797429
vt 0.270895 0.808725
vt 0.262969 0.847635
vt 0.270895 0.847635
vt 0.262969 0.858513
vt 0.270895 0.858513
vt 0.262969 0.897632
vt 0.270895 0.897632
vt 0.262969 0.903489
vt 0.270895 0.903489
vt 0.719197 0.399348
vt 0.719197 0.393699
vt 0.736434 0.399348
vt 0.744360 0.399348
vt 0.736434 0.438676
vt 0.744360 0.438676
vt 0.736434 0.449554
vt 0.744360 0.449554
vt 0.736434 0.488463
vt 0.736434 0.499760
vt 0.719197 0.488463
vt 0.719197 0.499760
vt 0.744360 0.393699
vt 0.719197 0.438676
vt 0.719197 0.449554
vt 0.744360 0.488463
vt 0.736434 0.538669
vt 0.744360 0.499760
vt 0.736434 0.549757
vt 0.744360 0.538669
vt 0.736434 0.589503
vt 0.736434 0.595779
vt 0.719197 0.589503
vt 0.719197 0.595779
vt 0.719197 0.538669
vt 0.719197 0.549757
vt 0.744360 0.549757
vt 0.744360 0.595779
vt 0.693836 0.595583
vt 0.693836 0.539986
vt 0.719197 0.595583
vt 0.701960 0.539986
vt 0.719197 0.539986
vt 0.693836 0.500950
vt 0.701960 0.500950
vt 0.693836 0.489712
vt 0.701960 0.489712
vt 0.693836 0.450873
vt 0.701960 0.450873
vt 0.701960 0.439636
vt 0.719197 0.450873
vt 0.719197 0.439636
vt 0.719197 0.500950
vt 0.719197 0.489712
vt 0.693836 0.439636
vt 0.701960 0.400008
vt 0.719197 0.400008
vt 0.719197 0.393699
vt 0.930852 0.717011
vt 0.948288 0.717011
vt 0.930852 0.756638
vt 0.948288 0.756638
vt 0.930852 0.914668
vt 0.948090 0.914668
vt 0.930852 0.954296
vt 0.948090 0.954296
vt 0.980814 0.295243
vt 0.998051 0.295243
vt 0.980814 0.334082
vt 0.998051 0.334082
vt 0.262969 0.504978
vt 0.262969 0.499330
vt 0.280207 0.504978
vt 0.288330 0.504978
vt 0.288330 0.499330
vt 0.280207 0.544306
vt 0.280207 0.555184
vt 0.262969 0.544306
vt 0.262969 0.555184
vt 0.288330 0.544306
vt 0.288330 0.701410
vt 0.280207 0.594094
vt 0.280207 0.605390
vt 0.262969 0.594094
vt 0.262969 0.605390
vt 0.280207 0.644300
vt 0.280207 0.655387
vt 0.262969 0.655387
vt 0.262969 0.644300
vt 0.280207 0.695134
vt 0.262969 0.701410
vt 0.262969 0.695134
vt 0.262969 0.120728
vt 0.262969 0.132024
vt 0.262969 0.228041
vt 0.948882 0.510216
vt 0.966318 0.510216
vt 0.948882 0.549055
vt 0.966318 0.549055
vt 0.918603 0.232048
vt 0.929900 0.232048
vt 0.918603 0.249285
vt 0.929900 0.249285
vt 0.791647 0.856584
vt 0.791647 0.874020
vt 0.780410 0.856584
vt 0.780410 0.874020
vt 0.414591 0.520087
vt 0.414591 0.462913
vt 0.434801 0.520087
vt 0.442528 0.462913
vt 0.442528 0.469222
vt 0.442528 0.558926
vt 0.434801 0.558926
vt 0.414591 0.664797
vt 0.414591 0.558926
vt 0.442528 0.664797
vt 0.262969 0.035522
vt 0.262969 0.074357
vt 0.561180 0.925541
vt 0.578615 0.925541
vt 0.561180 0.964577
vt 0.578615 0.964577
vt 0.231736 0.517003
vt 0.231736 0.511286
vt 0.248974 0.517003
vt 0.257097 0.511286
vt 0.257097 0.517003
vt 0.257097 0.556236
vt 0.257097 0.567079
vt 0.257097 0.605918
vt 0.248974 0.556236
vt 0.248974 0.567079
vt 0.231736 0.556236
vt 0.231736 0.567079
vt 0.257097 0.617156
vt 0.248974 0.605918
vt 0.257097 0.656192
vt 0.248974 0.617156
vt 0.257097 0.667430
vt 0.248974 0.707057
vt 0.257097 0.713169
vt 0.231736 0.713169
vt 0.231736 0.707057
vt 0.231736 0.605918
vt 0.231736 0.617156
vt 0.049008 0.967764
vt 0.049008 0.985001
vt 0.060246 0.985001
vt 0.280207 0.981435
vt 0.262969 0.981435
vt 0.280207 0.942399
vt 0.262969 0.942399
vt 0.134531 0.981002
vt 0.117294 0.981002
vt 0.134531 0.941966
vt 0.117294 0.941966
vt 0.980814 0.334279
vt 0.963576 0.334279
vt 0.980814 0.295243
vt 0.963576 0.295243
vt 0.326243 0.979930
vt 0.309006 0.979930
vt 0.326243 0.940894
vt 0.309006 0.940894
vt 0.584666 0.998093
vt 0.584666 0.959254
vt 0.601903 0.998093
vt 0.601903 0.959254
vt 0.668475 0.912800
vt 0.651238 0.912800
vt 0.930852 0.717011
vt 0.930852 0.677383
vt 0.948288 0.717011
vt 0.966318 0.471377
vt 0.948882 0.471377
vt 0.966318 0.432538
vt 0.948882 0.432538
vt 0.946141 0.334279
vt 0.946141 0.295243
vt 0.963576 0.334279
vt 0.963576 0.295243
vt 0.561180 0.964577
vt 0.543744 0.964577
vt 0.561180 0.925541
vt 0.543744 0.925541
vt 0.445135 0.972040
vt 0.445135 0.933004
vt 0.462372 0.972040
vt 0.462372 0.933004
vt 0.523876 0.972589
vt 0.506639 0.972589
vt 0.523876 0.933553
vt 0.506639 0.933553
vt 0.780806 0.996318
vt 0.780806 0.957479
vt 0.798043 0.996318
vt 0.798043 0.957479
vt 0.778047 0.006309
vt 0.760809 0.006309
vt 0.778047 0.000000
vt 0.752884 0.000000
vt 0.760809 0.057174
vt 0.752884 0.045936
vt 0.752884 0.057174
vt 0.760809 0.096013
vt 0.752884 0.096013
vt 0.760809 0.107251
vt 0.752884 0.107251
vt 0.760809 0.157130
vt 0.455978 0.989278
vt 0.445135 0.989278
vt 0.455978 0.972040
vt 0.445135 0.972040
vt 0.961148 0.353183
vt 0.961148 0.335945
vt 0.972385 0.353183
vt 0.972385 0.335945
vt 0.778047 0.096013
vt 0.778047 0.107251
vt 0.752884 0.146287
vt 0.760809 0.196166
vt 0.752884 0.201883
vt 0.778047 0.201883
vt 0.778047 0.196166
vt 0.934054 0.197349
vt 0.934054 0.157721
vt 0.951292 0.197349
vt 0.951292 0.157721
vt 0.780806 0.957479
vt 0.780806 0.917851
vt 0.798043 0.957479
vt 0.798043 0.917851
vt 0.982763 0.715631
vt 0.982763 0.676792
vt 1.000000 0.715631
vt 1.000000 0.676792
vt 0.982763 0.676792
vt 0.965525 0.676792
vt 0.982763 0.637756
vt 0.965525 0.637756
vt 0.523876 0.972589
vt 0.523876 0.933553
vt 0.541114 0.972589
vt 0.541114 0.933553
vt 0.980615 0.294545
vt 0.997853 0.294545
vt 0.997853 0.255706
vt 0.951656 0.392953
vt 0.934419 0.392953
vt 0.951656 0.353325
vt 0.934419 0.353325
vt 0.504064 0.770066
vt 0.504064 0.623757
vt 0.504751 0.731036
vt 0.504949 0.719800
vt 0.506528 0.630110
vt 0.262969 0.113980
vt 0.262969 0.075145
vt 0.506639 0.623802
vt 0.445103 0.664813
vt 0.442528 0.664780
vt 0.445103 0.462913
vt 0.184273 0.910996
vt 0.184273 0.949834
vt 0.164064 0.910996
vt 0.163855 0.873142
vt 0.163855 0.912770
vt 0.143645 0.873142
vt 0.143645 0.912770
vt 0.278820 0.701410
vt 0.278820 0.707127
vt 0.278820 0.746360
vt 0.270895 0.796043
vt 0.278820 0.757204
vt 0.278820 0.857554
vt 0.270895 0.846316
vt 0.278820 0.897181
vt 0.270895 0.897181
vt 0.278820 0.903293
vt 0.270895 0.903293
vt 0.262969 0.118908
vt 0.262969 0.069231
vt 0.262969 0.030003
vt 0.930852 0.598917
vt 0.951062 0.598917
vt 0.930852 0.637756
vt 0.951062 0.637756
vt 0.652427 0.595583
vt 0.660352 0.595583
vt 0.652427 0.634816
vt 0.652427 0.645659
vt 0.652427 0.684498
vt 0.652427 0.695736
vt 0.634991 0.684498
vt 0.634991 0.695736
vt 0.634991 0.634816
vt 0.634991 0.645659
vt 0.652427 0.734772
vt 0.660352 0.634816
vt 0.652427 0.746010
vt 0.660352 0.746010
vt 0.652427 0.785637
vt 0.660352 0.791749
vt 0.634991 0.791749
vt 0.634991 0.785637
vt 0.634991 0.734772
vt 0.634991 0.746010
vt 0.393314 0.801543
vt 0.387597 0.801543
vt 0.393314 0.776182
vt 0.387597 0.776182
vt 0.946140 0.295243
vt 0.946140 0.255706
vt 0.963378 0.295243
vt 0.963378 0.255706
vt 0.948090 0.992488
vt 0.948090 0.953578
vt 0.965327 0.992488
vt 0.965327 0.953578
vt 0.659278 0.850595
vt 0.653002 0.850595
vt 0.659278 0.833358
vt 0.653002 0.833358
vt 0.506639 0.578398
vt 0.506639 0.572681
vt 0.523876 0.578398
vt 0.523876 0.572681
vt 0.531802 0.572681
vt 0.531802 0.617632
vt 0.531802 0.628475
vt 0.523876 0.617632
vt 0.523876 0.628475
vt 0.506639 0.617632
vt 0.506639 0.628475
vt 0.531802 0.667314
vt 0.523876 0.667314
vt 0.531802 0.678551
vt 0.523876 0.678551
vt 0.531802 0.717588
vt 0.523876 0.717588
vt 0.531802 0.728825
vt 0.523876 0.728825
vt 0.531802 0.768453
vt 0.523876 0.768453
vt 0.531802 0.774564
vt 0.506639 0.774564
vt 0.506639 0.768453
vt 0.506639 0.667314
vt 0.506639 0.678551
vt 0.506639 0.728825
vt 0.506639 0.717588
vt 0.968893 0.392444
vt 0.951656 0.392444
vt 0.968893 0.353325
vt 0.951656 0.353325
vt 0.313691 0.556440
vt 0.296454 0.556440
vt 0.313691 0.499330
vt 0.288330 0.595349
vt 0.288330 0.606646
vt 0.296454 0.595349
vt 0.288330 0.645555
vt 0.296454 0.606646
vt 0.288330 0.656433
vt 0.296454 0.645555
vt 0.296454 0.656433
vt 0.313691 0.645555
vt 0.313691 0.656433
vt 0.313691 0.595349
vt 0.313691 0.606646
vt 0.288330 0.695552
vt 0.296454 0.695552
vt 0.313691 0.701410
vt 0.313691 0.695552
vt 0.288330 0.701410
vt 0.948090 0.993206
vt 0.930852 0.993206
vt 0.948090 0.954296
vt 0.930852 0.954296
vt 0.093658 0.985001
vt 0.082571 0.985001
vt 0.093658 0.967764
vt 0.082571 0.967764
vt 0.345728 0.812383
vt 0.339453 0.812383
vt 0.345728 0.794947
vt 0.339453 0.794947
vt 0.167817 0.655209
vt 0.167817 0.711063
vt 0.150382 0.655209
vt 0.142457 0.711063
vt 0.142457 0.705206
vt 0.142457 0.666087
vt 0.142457 0.655209
vt 0.142457 0.616299
vt 0.142457 0.605003
vt 0.150382 0.616299
vt 0.150382 0.605003
vt 0.167817 0.616299
vt 0.167817 0.605003
vt 0.142457 0.566093
vt 0.150382 0.566093
vt 0.142457 0.554796
vt 0.150382 0.554796
vt 0.142457 0.515259
vt 0.150382 0.515259
vt 0.142457 0.508983
vt 0.167817 0.508983
vt 0.167817 0.515259
vt 0.167817 0.566093
vt 0.167817 0.554796
vt 0.361424 0.861275
vt 0.361424 0.878512
vt 0.355566 0.861275
vt 0.355566 0.878512
vt 0.048059 0.858280
vt 0.048059 0.875715
vt 0.042202 0.858280
vt 0.042202 0.875715
vt 0.584666 0.920135
vt 0.602101 0.920135
vt 0.602101 0.959254
vt 0.951490 0.000000
vt 0.968727 0.000000
vt 0.951490 0.039119
vt 0.968727 0.039119
vt 0.231736 0.315482
vt 0.231736 0.309206
vt 0.251946 0.315482
vt 0.259673 0.309206
vt 0.259673 0.366315
vt 0.251946 0.355019
vt 0.259673 0.405225
vt 0.251946 0.366315
vt 0.259673 0.416522
vt 0.251946 0.405225
vt 0.251946 0.416522
vt 0.231736 0.405225
vt 0.231736 0.416522
vt 0.231736 0.355019
vt 0.231736 0.366315
vt 0.259673 0.455431
vt 0.251946 0.455431
vt 0.259673 0.466309
vt 0.251946 0.466309
vt 0.259673 0.505428
vt 0.251946 0.505428
vt 0.231736 0.511286
vt 0.231736 0.505428
vt 0.231736 0.455431
vt 0.231736 0.466309
vt 0.885573 0.825659
vt 0.885573 0.842896
vt 0.874277 0.825659
vt 0.874277 0.842896
vt 0.968893 0.392235
vt 0.968893 0.353325
vt 0.986131 0.392235
vt 0.986131 0.353325
vt 0.339453 0.794947
vt 0.339453 0.812383
vt 0.328156 0.794947
vt 0.328156 0.812383
vt 0.752884 0.006276
vt 0.735647 0.006276
vt 0.752884 0.000000
vt 0.727722 0.000000
vt 0.727722 0.096019
vt 0.735647 0.045813
vt 0.735647 0.057109
vt 0.752884 0.045813
vt 0.752884 0.057109
vt 0.727722 0.107316
vt 0.735647 0.096019
vt 0.727722 0.146225
vt 0.735647 0.107316
vt 0.727722 0.157103
vt 0.735647 0.146225
vt 0.735647 0.157103
vt 0.752884 0.146225
vt 0.752884 0.157103
vt 0.752884 0.096019
vt 0.752884 0.107316
vt 0.727722 0.196222
vt 0.735647 0.196222
vt 0.752884 0.202080
vt 0.752884 0.196222
vt 0.727722 0.202080
vt 0.930852 0.796266
vt 0.948288 0.796266
vt 0.930852 0.835803
vt 0.948288 0.835803
vt 0.377853 0.921773
vt 0.395091 0.921773
vt 0.377853 0.961311
vt 0.395091 0.961311
vt 0.968529 0.078466
vt 0.985767 0.078466
vt 0.968529 0.117376
vt 0.985767 0.117376
vt 0.506639 0.566824
vt 0.526848 0.566824
vt 0.534576 0.572681
vt 0.534576 0.566824
vt 0.534576 0.527705
vt 0.534576 0.516827
vt 0.526848 0.527705
vt 0.534576 0.477917
vt 0.526848 0.516827
vt 0.534576 0.466621
vt 0.526848 0.477917
vt 0.526848 0.466621
vt 0.506639 0.477917
vt 0.506639 0.466621
vt 0.506639 0.527705
vt 0.506639 0.516827
vt 0.534576 0.427711
vt 0.526848 0.427711
vt 0.534576 0.416415
vt 0.506639 0.370601
vt 0.534576 0.376877
vt 0.534576 0.370602
vt 0.506639 0.427711
vt 0.918603 0.249285
vt 0.907307 0.232048
vt 0.907307 0.249285
vt 0.085409 0.621727
vt 0.085409 0.610849
vt 0.102646 0.621727
vt 0.102646 0.610849
vt 0.110571 0.565873
vt 0.110571 0.610849
vt 0.102646 0.660637
vt 0.102646 0.671933
vt 0.085409 0.660637
vt 0.085409 0.671933
vt 0.110571 0.621727
vt 0.102646 0.710843
vt 0.110571 0.660637
vt 0.102646 0.721930
vt 0.110571 0.671933
vt 0.110571 0.767953
vt 0.262969 0.063195
vt 0.262969 0.120303
vt 0.085409 0.710843
vt 0.085409 0.721930
vt 0.102646 0.761677
vt 0.085409 0.761677
vt 0.085409 0.767953
vt 0.010878 0.969051
vt 0.010878 0.986288
vt 0.000000 0.969051
vt 0.000000 0.986288
vt 0.025163 0.768144
vt -0.000000 0.768144
vt 0.025163 0.762287
vt 0.007925 0.762287
vt -0.000000 0.673380
vt 0.007925 0.723168
vt 0.007925 0.712290
vt 0.025163 0.723168
vt 0.025163 0.712290
vt -0.000000 0.662084
vt 0.007925 0.673380
vt 0.007925 0.662084
vt 0.025163 0.673380
vt 0.025163 0.662084
vt -0.000000 0.623174
vt 0.007925 0.623174
vt 0.000000 0.611878
vt 0.007925 0.611878
vt 0.000000 0.572340
vt 0.007925 0.572340
vt 0.000000 0.566064
vt 0.025163 0.566064
vt 0.025163 0.572340
vt 0.025163 0.623174
vt 0.025163 0.611878
vt 0.744360 0.701897
vt 0.761794 0.701668
vt 0.744871 0.740804
vt 0.762305 0.740574
vt 0.762974 0.595583
vt 0.762454 0.751870
vt 0.762974 0.791404
vt 0.760990 0.640589
vt 0.760476 0.601474
vt 0.760399 0.595617
vt 0.501008 0.370052
vt 0.503584 0.370052
vt 0.968529 0.117700
vt 0.985767 0.117700
vt 0.968529 0.156609
vt 0.985767 0.156609
vt 0.346452 0.971310
vt 0.329215 0.971310
vt 0.346452 0.932191
vt 0.329215 0.932191
vt 0.982763 0.988575
vt 0.965525 0.988575
vt 0.982763 0.949665
vt 0.965525 0.949665
vt 0.985370 0.238822
vt 0.968133 0.238822
vt 0.985370 0.199912
vt 0.968133 0.199912
vt 0.968727 0.078352
vt 0.951490 0.078352
vt 0.968727 0.039233
vt 0.951490 0.039233
vt 0.985536 0.637432
vt 0.968299 0.637432
vt 0.985536 0.598523
vt 0.968299 0.598523
vt 0.395091 0.961311
vt 0.395091 0.921773
vt 0.412328 0.961311
vt 0.412328 0.921773
vt 0.930852 0.835803
vt 0.948288 0.835803
vt 0.806120 0.965125
vt 0.806120 0.926215
vt 0.823555 0.965125
vt 0.823555 0.926215
vt 0.965525 0.953578
vt 0.948090 0.953578
vt 0.965525 0.914668
vt 0.948090 0.914668
vt 0.262969 0.069231
vt 0.769522 0.438650
vt 0.761597 0.399417
vt 0.769522 0.393699
vt 0.761597 0.393699
vt 0.744360 0.393699
vt 0.744360 0.399417
vt 0.769522 0.449493
vt 0.761597 0.589471
vt 0.769522 0.488332
vt 0.769522 0.499570
vt 0.769522 0.538606
vt 0.769522 0.549844
vt 0.769522 0.595583
vt 0.744360 0.595583
vt 0.744360 0.589471
vt 0.983357 0.587965
vt 0.966120 0.587965
vt 0.983357 0.549055
vt 0.966120 0.549055
vt 0.968529 0.195937
vt 0.951292 0.195937
vt 0.951292 0.156818
vt 0.348650 0.748477
vt 0.348650 0.754334
vt 0.331413 0.748477
vt 0.323488 0.748477
vt 0.323488 0.754334
vt 0.331413 0.709358
vt 0.323488 0.709358
vt 0.331413 0.698480
vt 0.323488 0.648274
vt 0.331413 0.659570
vt 0.331413 0.648274
vt 0.348650 0.659570
vt 0.348650 0.648274
vt 0.348650 0.709358
vt 0.348650 0.698480
vt 0.323488 0.609364
vt 0.331413 0.609364
vt 0.323488 0.598068
vt 0.331413 0.598068
vt 0.323488 0.558530
vt 0.331413 0.558530
vt 0.323488 0.552255
vt 0.348650 0.552255
vt 0.348650 0.558530
vt 0.348650 0.609364
vt 0.348650 0.598068
vt 0.966318 0.432609
vt 0.966318 0.393699
vt 0.983555 0.432609
vt 0.983555 0.393699
vt 0.696353 0.960718
vt 0.696353 0.921181
vt 0.713590 0.960718
vt 0.713590 0.921181
vt 0.471486 0.994419
vt 0.471486 0.955509
vt 0.488724 0.994419
vt 0.488724 0.955509
vt 0.017237 0.969051
vt -0.000000 0.969051
vt 0.017237 0.929932
vt -0.000000 0.929932
vt 0.635982 0.996192
vt 0.618744 0.996192
vt 0.635982 0.957283
vt 0.618744 0.957283
vt 0.983555 0.471519
vt 0.966318 0.471519
vt 0.983555 0.432609
vt 0.966318 0.432609
vt 0.968529 0.156818
vt 0.951292 0.156818
vt 0.968529 0.117700
vt 0.951292 0.117700
vt 0.966318 0.510429
vt 0.966318 0.471519
vt 0.983555 0.510429
vt 0.983555 0.471519
vt 0.946141 0.255706
vt 0.946141 0.294615
vt 0.925931 0.255706
vt 0.925931 0.294615
vt 0.946141 0.333525
vt 0.925931 0.333525
vt 0.931645 0.511494
vt 0.931645 0.550613
vt 0.911435 0.511494
vt 0.911435 0.550613
vt 0.377853 0.885374
vt 0.377853 0.924911
vt 0.357644 0.885374
vt 0.357644 0.924911
vt 0.911435 0.550613
vt 0.931645 0.550613
vt 0.911435 0.589732
vt 0.931645 0.589732
vt 0.283179 0.903489
vt 0.283179 0.942399
vt 0.262969 0.903489
vt 0.262969 0.942399
vt 0.723100 0.905285
vt 0.743310 0.905285
vt 0.723100 0.944195
vt 0.743310 0.944195
vt 0.488724 0.915882
vt 0.471486 0.955509
vt 0.488724 0.955509
vt 0.823555 0.967026
vt 0.834793 0.967026
vt 0.823555 0.984263
vt 0.834793 0.984263
vt 0.031701 0.919599
vt 0.048938 0.919599
vt 0.031701 0.959226
vt 0.048938 0.959226
vt 0.965525 0.676792
vt 0.982763 0.676792
vt 0.965525 0.715828
vt 0.982763 0.715828
vt 0.778794 0.858076
vt 0.778794 0.875313
vt 0.772682 0.858076
vt 0.772682 0.875313
vt 0.951062 0.598523
vt 0.951062 0.637756
vt 0.968299 0.637756
vt 0.982763 0.715828
vt 1.000000 0.715828
vt 0.982763 0.754667
vt 1.000000 0.754667
vt 0.651208 0.840643
vt 0.651208 0.858078
vt 0.645096 0.840643
vt 0.645096 0.858078
vt 0.411932 0.533293
vt 0.414508 0.533293
vt 0.411932 0.539010
vt 0.411932 0.578243
vt 0.411932 0.589087
vt 0.411932 0.627925
vt 0.411932 0.729064
vt 0.414508 0.735176
vt 0.411932 0.735176
vt 0.857634 0.926133
vt 0.857634 0.965169
vt 0.840198 0.926133
vt 0.840198 0.965169
vt 0.198142 0.778592
vt 0.198142 0.784310
vt 0.180905 0.778592
vt 0.172980 0.784310
vt 0.172980 0.728713
vt 0.172980 0.689677
vt 0.172980 0.678439
vt 0.172980 0.639600
vt 0.180905 0.739556
vt 0.172980 0.628363
vt 0.180905 0.728713
vt 0.172980 0.588735
vt 0.180905 0.588735
vt 0.172980 0.582426
vt 0.198142 0.582426
vt 0.198142 0.588735
vt 0.198142 0.739556
vt 0.198142 0.728713
vt 0.874277 0.825659
vt 0.874277 0.764345
vt 0.891514 0.825659
vt 0.891514 0.764345
vt 0.891291 0.825659
vt 0.891291 0.842896
vt 0.885573 0.825659
vt 0.885573 0.842896
vt 0.575813 0.867219
vt 0.575813 0.884655
vt 0.570096 0.867219
vt 0.570096 0.884655
vt 0.951490 0.078466
vt 0.934054 0.078466
vt 0.951490 0.039233
vt 0.934054 0.039233
vt 0.077483 0.928531
vt 0.077483 0.967764
vt 0.060246 0.928531
vt 0.060246 0.967764
vt 0.445135 0.572132
vt 0.445135 0.565856
vt 0.445135 0.526110
vt 0.445135 0.515022
vt 0.445135 0.476113
vt 0.445135 0.464816
vt 0.445135 0.425907
vt 0.445135 0.415029
vt 0.445135 0.375701
vt 0.445135 0.370052
vt 0.938672 0.335945
vt 0.949910 0.335945
vt 0.938672 0.353183
vt 0.949910 0.353183
vt 0.489203 0.941164
vt 0.506441 0.941164
vt 0.489203 0.980200
vt 0.506441 0.980200
vt 0.581333 0.849784
vt 0.581333 0.867219
vt 0.570096 0.849784
vt 0.570096 0.867219
vt 0.948288 0.796266
vt 0.930852 0.796266
vt 0.640539 0.400008
vt 0.640539 0.393699
vt 0.660748 0.400008
vt 0.668475 0.393699
vt 0.668475 0.439636
vt 0.668475 0.450873
vt 0.668475 0.489712
vt 0.660748 0.439636
vt 0.668475 0.550829
vt 0.660748 0.450873
vt 0.668475 0.589865
vt 0.660748 0.489712
vt 0.640539 0.595583
vt 0.640539 0.489712
vt 0.640539 0.439636
vt 0.640539 0.450873
vt 0.668475 0.595583
vt 0.163855 0.952397
vt 0.146617 0.952397
vt 0.163855 0.912769
vt 0.146617 0.912769
vt 0.685713 0.974449
vt 0.668475 0.974449
vt 0.685713 0.935413
vt 0.668475 0.935413
vt 0.592393 0.538606
vt 0.584666 0.589471
vt 0.592393 0.499570
vt 0.584666 0.538606
vt 0.584666 0.399417
vt 0.592393 0.449493
vt 0.592393 0.438650
vt 0.612602 0.449493
vt 0.612602 0.438650
vt 0.584666 0.595583
vt 0.241983 0.753782
vt 0.241983 0.773992
vt 0.230746 0.753782
vt 0.230746 0.773992
vt 0.592393 0.399417
vt 0.584666 0.393699
vt 0.693836 0.701643
vt 0.693836 0.690347
vt 0.711074 0.701643
vt 0.711074 0.690347
vt 0.718999 0.595583
vt 0.711074 0.651437
vt 0.711074 0.740553
vt 0.711074 0.751640
vt 0.693836 0.740553
vt 0.693836 0.751640
vt 0.711074 0.791387
vt 0.693836 0.595583
vt 0.693836 0.601231
vt 0.711074 0.601231
vt 0.711074 0.640559
vt 0.693836 0.651437
vt 0.693836 0.640559
vt 0.423507 0.866876
vt 0.423507 0.664797
vt 0.778958 0.858076
vt 0.772682 0.858076
vt 0.778958 0.840839
vt 0.772682 0.840839
vt 0.862558 0.393699
vt 0.862558 0.376264
vt 0.873795 0.393699
vt 0.961148 0.353183
vt 0.949910 0.353183
vt 0.961148 0.335945
vt 0.949910 0.335945
vt 0.966318 0.471377
vt 0.948882 0.471377
vt 0.115345 0.967764
vt 0.115345 0.985199
vt 0.104501 0.967764
vt 0.104501 0.985199
vt 0.925791 0.971928
vt 0.925791 0.989165
vt 0.914948 0.971928
vt 0.914948 0.989165
vt 0.048938 0.998065
vt 0.031701 0.998065
vt 0.048938 0.959226
vt 0.031701 0.959226
vt 0.111958 0.928531
vt 0.111958 0.967764
vt 0.094721 0.928531
vt 0.094721 0.967764
vt 0.696353 0.999557
vt 0.713590 0.999557
vt 0.968133 0.199912
vt 0.968133 0.239145
vt 0.950896 0.239145
vt 0.431828 0.941349
vt 0.431828 0.980385
vt 0.414591 0.941349
vt 0.414591 0.980385
vt 0.618744 0.917655
vt 0.635982 0.917655
vt 0.948288 0.637756
vt 0.948288 0.677383
vt 0.375079 0.924911
vt 0.375079 0.963947
vt 0.357644 0.963947
vt 0.951490 0.000000
vt 0.951490 0.039233
vt 0.934054 0.000000
vt 0.934054 0.039233
vt 0.948882 0.393699
vt 0.966318 0.393699
vt 0.948882 0.432538
vt 0.966318 0.432538
vt 0.077483 0.928531
vt 0.094721 0.928531
vt 0.077483 0.967764
vt 0.094721 0.967764
vt 0.934054 0.118094
vt 0.951292 0.118094
vt 0.934054 0.157721
vt 0.951292 0.157721
vt 0.746331 0.917851
vt 0.746331 0.957479
vt 0.982763 0.715828
vt 0.982763 0.754864
vt 0.965525 0.715828
vt 0.965525 0.754864
vt 0.951292 0.078466
vt 0.951292 0.117700
vt 0.968529 0.117700
vt 1.000000 0.754864
vt 1.000000 0.793703
vt 0.982763 0.793703
vt 0.746331 0.957479
vt 0.763568 0.957479
vt 0.746331 0.996318
vt 0.763568 0.996318
vt 0.966120 0.549055
vt 0.948882 0.588288
vt 0.966120 0.588288
vt 0.634991 0.601892
vt 0.617754 0.601892
vt 0.634991 0.595583
vt 0.609829 0.601892
vt 0.609829 0.595583
vt 0.617754 0.652757
vt 0.609829 0.641519
vt 0.609829 0.652757
vt 0.617754 0.691596
vt 0.609829 0.691596
vt 0.617754 0.702833
vt 0.609829 0.702833
vt 0.617754 0.752713
vt 0.609829 0.741869
vt 0.609829 0.752713
vt 0.609829 0.791749
vt 0.617754 0.791749
vt 0.634991 0.797466
vt 0.634991 0.791749
vt 0.634991 0.691596
vt 0.634991 0.702833
vt 0.455978 0.989278
vt 0.455978 0.972040
vt 0.466822 0.989278
vt 0.466822 0.972040
vt 0.609829 0.797466
vt 0.921342 0.932892
vt 0.921342 0.971928
vt 0.904104 0.932892
vt 0.904104 0.971928
vt 0.934054 0.078466
vt 0.951292 0.078466
vt 0.934054 0.118094
vt 0.951292 0.118094
vt 0.198970 0.946376
vt 0.198970 0.907537
vt 0.219179 0.946376
vt 0.219179 0.907537
vt 0.914209 0.392361
vt 0.914209 0.353325
vt 0.934419 0.392361
vt 0.934419 0.353325
vt 0.911435 0.472261
vt 0.911435 0.433028
vt 0.931645 0.472261
vt 0.117294 0.786872
vt 0.117294 0.781155
vt 0.142457 0.786872
vt 0.125219 0.731275
vt 0.142457 0.731275
vt 0.117294 0.742119
vt 0.125219 0.692239
vt 0.117294 0.731275
vt 0.125219 0.681002
vt 0.117294 0.692239
vt 0.125219 0.642163
vt 0.125219 0.630925
vt 0.142457 0.642163
vt 0.142457 0.630925
vt 0.142457 0.692239
vt 0.142457 0.681002
vt 0.117294 0.630925
vt 0.125219 0.591298
vt 0.117294 0.584989
vt 0.142457 0.591298
vt 0.142457 0.584989
vt 0.627264 0.390713
vt 0.627264 0.351086
vt 0.647473 0.390713
vt 0.647473 0.351086
vt 0.911435 0.511494
vt 0.911435 0.472261
vt 0.931645 0.511494
vt 0.931645 0.472261
vt 0.329215 0.940894
vt 0.329215 0.901858
vt 0.309006 0.901858
vt 0.306954 0.947061
vt 0.306954 0.908222
vt 0.286745 0.908222
vt 0.577823 0.757447
vt 0.577823 0.763305
vt 0.560585 0.757447
vt 0.552660 0.763305
vt 0.552660 0.757447
vt 0.552660 0.718328
vt 0.552660 0.707451
vt 0.552660 0.668541
vt 0.552660 0.657244
vt 0.560585 0.718328
vt 0.560585 0.707451
vt 0.577823 0.718328
vt 0.577823 0.707451
vt 0.552660 0.618335
vt 0.560585 0.668541
vt 0.552660 0.607038
vt 0.560585 0.657244
vt 0.552660 0.567501
vt 0.560585 0.618335
vt 0.577823 0.561225
vt 0.577823 0.618335
vt 0.577823 0.668541
vt 0.577823 0.657244
vt 0.552660 0.561225
vt 0.117354 0.309206
vt 0.117982 0.505349
vt 0.060246 0.309212
vt 0.060246 0.565873
vt 0.767972 0.380530
vt 0.767972 0.347014
vt 0.768808 0.379742
vt 0.768808 0.346226
vt 0.440939 0.665633
vt 0.440939 0.700569
vt 0.440150 0.664797
vt 0.440939 0.875453
vt 0.440150 0.876499
vt 0.262969 0.024286
vt 0.262969 0.164023
vt 0.262969 0.059220
vt 0.686264 0.316459
vt 0.687309 0.317247
vt 0.686264 0.349777
vt 0.687309 0.350566
vt 0.552516 0.699451
vt 0.552516 0.729784
vt 0.551728 0.700497
vt 0.552516 0.760117
vt 0.551728 0.760745
vt 0.230062 0.705936
vt 0.230675 0.706736
vt 0.230062 0.740049
vt 0.369234 0.552255
vt 0.369441 0.619880
vt 0.369234 0.653198
vt 0.995245 0.622043
vt 0.995245 0.353325
vt 0.995872 0.621255
vt 0.995872 0.587936
vt 0.995872 0.554420
vt 0.995872 0.521101
vt 0.503584 0.436886
vt 0.503862 0.370052
vt 0.503862 0.571149
vt 0.777849 0.218409
vt 0.777849 0.278657
vt 0.777056 0.218409
vt 0.777056 0.278657
vt 0.050157 0.768144
vt 0.050157 0.801660
vt 0.049364 0.768144
vt 0.049364 0.801660
vt 0.441735 0.933515
vt 0.441735 0.664797
vt 0.442528 0.933515
vt 0.442528 0.664797
vt 0.804790 0.878455
vt 0.804790 0.845136
vt 0.805582 0.878455
vt 0.805582 0.845136
vt 0.440150 0.664797
vt 0.440150 0.876499
vt 0.439358 0.664797
vt 0.439358 0.876499
vt 0.413913 0.780780
vt 0.413913 0.837680
vt 0.413121 0.780780
vt 0.413121 0.837680
vt 0.695223 0.905080
vt 0.695223 0.935413
vt 0.668475 0.905080
vt 0.882144 0.328850
vt 0.882144 0.000000
vt 0.890465 0.328850
vt 0.891060 0.000000
vt 0.552520 0.370602
vt 0.552646 0.504863
vt 0.552520 0.538379
vt 0.059836 0.566064
vt 0.060147 0.600176
vt 0.059836 0.633690
vt 0.777845 0.279494
vt 0.777845 0.307944
vt 0.777056 0.278657
vt 0.777845 0.336394
vt 0.777056 0.335557
vt 0.677391 0.595779
vt 0.686307 0.595779
vt 0.677986 0.864300
vt 0.686307 0.864300
vt 0.113741 0.895015
vt 0.113741 0.928531
vt 0.086994 0.895015
vt 0.086994 0.928531
vt 0.414591 0.912898
vt 0.414591 0.876499
vt 0.441339 0.912898
vt 0.441339 0.876499
vt 0.934054 0.066637
vt 0.907307 0.066637
vt 0.934054 0.033319
vt 0.907307 0.033319
vt 0.866946 0.891198
vt 0.866946 0.926133
vt 0.840198 0.926133
vt 0.441339 0.912899
vt 0.441339 0.941349
vt 0.414591 0.912899
vt 0.414591 0.941349
vt 0.322299 0.834176
vt 0.322299 0.800862
vt 0.328156 0.828262
vt 0.328156 0.794947
vt 0.209181 0.657921
vt 0.215095 0.663779
vt 0.209181 0.718167
vt 0.215095 0.724025
vt 0.262954 0.779972
vt 0.257097 0.774058
vt 0.262954 0.511286
vt 0.257097 0.517200
vt 0.369207 0.881097
vt 0.363294 0.875239
vt 0.369207 0.552254
vt 0.363294 0.558111
vt 0.583680 0.567138
vt 0.583680 0.823800
vt 0.577823 0.829714
vt 0.215095 0.724025
vt 0.215095 0.781133
vt 0.209181 0.730091
vt 0.209181 0.786990
vt 0.209181 0.786990
vt 0.215248 0.792903
vt 0.209181 0.820502
vt 0.215248 0.826415
vt 0.116485 0.571731
vt 0.116485 0.771505
vt 0.110571 0.565873
vt 0.110571 0.777571
vt 0.142457 0.309206
vt 0.175771 0.309209
vt 0.142457 0.508980
vt 0.175968 0.508983
vt 0.000000 0.309212
vt 0.060246 0.309206
vt 0.001255 0.505552
vt 0.060246 0.566064
vt 0.262969 0.441588
vt 0.262969 0.241187
vt 0.323488 0.499330
vt 0.323488 0.182202
vt 0.777849 0.393560
vt 0.768933 0.393560
vt 0.777849 0.360242
vt 0.768933 0.360242
vt 0.803601 0.763760
vt 0.803601 0.824008
vt 0.794685 0.763760
vt 0.794685 0.824008
vt 0.677391 0.864497
vt 0.668475 0.864497
vt 0.803601 0.824008
vt 0.803601 0.880908
vt 0.794685 0.824008
vt 0.794685 0.880908
vt 0.543491 0.740662
vt 0.534575 0.740662
vt 0.534575 0.774178
vt 0.423507 0.664797
vt 0.423507 0.876499
vt 0.414591 0.664797
vt 0.414591 0.876499
vt 0.871611 0.393699
vt 0.879734 0.393699
vt 0.871611 0.764345
vt 0.879734 0.764345
vt 0.882144 -0.000000
vt 0.882144 0.370061
vt 0.874021 -0.000000
vt 0.874021 0.370061
vt 0.865897 0.370645
vt 0.865897 0.000000
vt 0.874021 0.370645
vt 0.874021 0.000000
vt 0.879734 0.393699
vt 0.887858 0.393699
vt 0.879734 0.763760
vt 0.887858 0.763760
vt -0.000000 -0.000000
vt 0.262969 0.000027
vt 0.000000 0.309179
vt 0.262969 0.309206
vt 0.652985 0.324475
vt 0.652985 0.061506
vt 0.667837 0.370601
vt 0.667837 0.000000
vt 0.369616 0.552255
vt 0.323488 0.506229
vt 0.369616 0.182202
vt 0.323488 0.197050
vt 0.506639 0.000000
vt 0.552660 0.061499
vt 0.552660 0.324469
vt 0.506639 0.014859
vt 0.506639 0.324038
vt 0.445135 0.000000
vt 0.445135 0.370052
vt 0.551728 0.699451
vt 0.551728 0.370602
vt 0.552520 0.699451
vt 0.552520 0.370602
vt 0.995245 0.621846
vt 0.994452 0.353325
vt 0.994452 0.621846
vt 0.228087 0.660333
vt 0.228425 0.769531
vt 0.228087 0.915758
vt 0.228649 0.842329
vt 0.228762 0.878729
vt 0.228873 0.914919
vt 0.355963 0.901858
vt 0.355963 0.932191
vt 0.907307 0.166593
vt 0.907307 0.133275
vt 0.934054 0.166593
vt 0.934054 0.133275
vt 0.904104 0.899573
vt 0.930852 0.899573
vt 0.904104 0.932892
vt 0.930852 0.932892
vt 0.660352 0.851880
vt 0.660352 0.595583
vt 0.668475 0.851880
vt 0.668475 0.595583
vt 0.907307 0.000000
vt 0.907307 0.255706
vt 0.899183 0.000000
vt 0.899183 0.255706
vt 0.470496 0.967506
vt 0.462372 0.967506
vt 0.470496 0.933004
vt 0.702361 0.201883
vt 0.710484 0.201883
vt 0.702361 0.391621
vt 0.710484 0.391621
vt 0.155940 0.847486
vt 0.155940 0.784310
vt 0.164064 0.847486
vt 0.164064 0.784310
vt 0.058449 0.566064
vt 0.058449 0.883200
vt 0.050325 0.566064
vt 0.050325 0.883200
vt 0.895981 0.952462
vt 0.904105 0.952462
vt 0.895981 0.986372
vt 0.904105 0.986372
vt 0.175941 0.573205
vt 0.167817 0.573205
vt 0.175941 0.508983
vt 0.167817 0.508983
vt 0.838325 0.759416
vt 0.838325 0.393699
vt 0.846646 0.759416
vt 0.846646 0.393699
vt 0.863289 0.758530
vt 0.854968 0.758530
vt 0.863289 0.393699
vt 0.854968 0.393699
vt 0.846646 0.393699
vt 0.854968 0.393699
vt 0.846646 0.759416
vt 0.854968 0.759416
vt 0.322013 0.499330
vt 0.322012 0.864161
vt 0.313691 0.499330
vt 0.313691 0.864161
vt 0.144042 0.913516
vt 0.144042 0.941966
vt 0.117294 0.913516
vt 0.570492 0.890397
vt 0.570492 0.925541
vt 0.543744 0.890397
vt 0.543744 0.925541
vt 0.925931 0.291896
vt 0.925931 0.326831
vt 0.899183 0.291896
vt 0.899183 0.326831
vt 0.832868 0.891280
vt 0.832868 0.926215
vt 0.806120 0.891280
vt 0.026748 0.894997
vt 0.026748 0.929932
vt 0.000000 0.894997
vt -0.000000 0.929932
vt 0.893694 0.891198
vt 0.893694 0.926133
vt 0.866946 0.891198
vt 0.866946 0.926133
vt 0.930852 0.732980
vt 0.930852 0.766299
vt 0.904104 0.732980
vt 0.904104 0.766299
vt 0.930852 0.799617
vt 0.930852 0.832936
vt 0.904104 0.799617
vt 0.904104 0.832936
vt 0.086994 0.895015
vt 0.086994 0.928531
vt 0.060246 0.895015
vt 0.060246 0.928531
vt 0.930852 0.866255
vt 0.904104 0.866255
vt 0.930852 0.766299
vt 0.930852 0.799617
vt 0.904104 0.766299
vt 0.904104 0.799617
vt 0.930852 0.632433
vt 0.904104 0.598917
vt 0.904104 0.632433
vt 0.907307 0.199912
vt 0.907307 0.166593
vt 0.934054 0.199912
vt 0.934054 0.166593
vt 0.904104 0.732980
vt 0.904104 0.699464
vt 0.930852 0.732980
vt 0.930852 0.699464
vt 0.934054 0.099956
vt 0.907307 0.099956
vt 0.904104 0.665948
vt 0.930852 0.665948
vt 0.907307 0.133275
vt 0.907307 0.099956
vt 0.934054 0.133275
vt 0.934054 0.099956
vt 0.907307 0.033319
vt 0.907307 -0.000000
vt 0.934054 0.033319
vt 0.934054 0.000000
vt 0.904104 0.665948
vt 0.930852 0.665948
vt 0.930852 0.632433
vt 0.899183 0.291896
vt 0.899183 0.255706
vt 0.925931 0.291896
vt 0.925931 0.255706
vt 0.773079 0.917851
vt 0.773079 0.881452
vt 0.799826 0.917851
vt 0.799826 0.881452
vt 0.031701 0.919599
vt 0.031701 0.883200
vt 0.058449 0.919599
vt 0.058449 0.883200
vt 0.618744 0.917655
vt 0.618744 0.881256
vt 0.645492 0.917655
vt 0.645492 0.881256
vt 0.584666 0.920135
vt 0.584666 0.883736
vt 0.611414 0.920135
vt 0.611414 0.883736
vt 0.746331 0.917851
vt 0.746331 0.881452
vt 0.773079 0.917851
vt 0.773079 0.881452
vt 0.696353 0.921181
vt 0.696353 0.884781
vt 0.723100 0.921181
vt 0.723100 0.884781
vt 0.377853 0.921773
vt 0.377853 0.885374
vt 0.404601 0.921773
vt 0.404601 0.885374
vt 0.778047 0.370645
vt 0.778047 0.000000
vt 0.791435 0.356845
vt 0.791435 0.313668
vt 0.791435 0.270492
vt 0.791435 0.227316
vt 0.791435 0.184140
vt 0.791435 0.140963
vt 0.791435 0.097787
vt 0.791435 0.054611
vt 0.791435 0.011435
vt 0.794685 0.763760
vt 0.794685 0.393699
vt 0.806120 0.750372
vt 0.806120 0.707069
vt 0.806120 0.663976
vt 0.806120 0.620882
vt 0.806120 0.577579
vt 0.806120 0.491392
vt 0.262969 0.024286
vt 0.262969 0.110471
vt 0.262969 0.067379
vt 0.806120 0.448089
vt 0.806120 0.404996
vt 0.548376 0.370602
vt 0.548376 0.740662
vt 0.534576 0.381898
vt 0.534576 0.424991
vt 0.534576 0.468294
vt 0.534576 0.511388
vt 0.534576 0.554481
vt 0.534576 0.597784
vt 0.534576 0.640878
vt 0.534576 0.683971
vt 0.534575 0.727274
vt 0.817416 0.393699
vt 0.817416 0.764345
vt 0.806120 0.405134
vt 0.806120 0.448310
vt 0.806120 0.491487
vt 0.806120 0.534663
vt 0.806120 0.577839
vt 0.806120 0.621015
vt 0.806120 0.707368
vt 0.806120 0.750544
vt 0.034079 0.811320
vt 0.034079 0.854414
vt 0.000000 0.811320
vt 0.000000 0.854414
vt 0.060246 0.811255
vt 0.060246 0.767953
vt 0.094325 0.811255
vt 0.094325 0.767953
vt 0.034079 0.768144
vt 0.034079 0.811320
vt -0.000000 0.768144
vt -0.000000 0.811320
vt 0.094325 0.854432
vt 0.060246 0.854432
vt 0.094325 0.811255
vt 0.060246 0.811255
vt 0.807682 0.225147
vt 0.818142 0.302234
vt 0.807682 0.241905
vt 0.807682 0.253734
vt 0.807682 0.213318
vt 0.807682 0.172705
vt 0.807682 0.132092
vt 0.807682 0.120263
vt 0.818142 0.259057
vt 0.807682 0.103505
vt 0.818142 0.172705
vt 0.807682 0.091676
vt 0.818142 0.129529
vt 0.807682 0.051062
vt 0.818142 0.086352
vt 0.807682 0.010449
vt 0.818142 0.043176
vt 0.818142 -0.000000
vt 0.807682 0.294347
vt 0.807682 0.334961
vt 0.818142 0.345410
vt 0.827876 0.453239
vt 0.827876 0.566404
vt 0.817416 0.480052
vt 0.827876 0.607018
vt 0.827876 0.647434
vt 0.817416 0.523228
vt 0.827876 0.679569
vt 0.817416 0.566404
vt 0.827876 0.688047
vt 0.817416 0.609581
vt 0.827876 0.696525
vt 0.817416 0.652757
vt 0.827876 0.728660
vt 0.817416 0.695933
vt 0.817416 0.739109
vt 0.827876 0.436284
vt 0.827876 0.404148
vt 0.817416 0.393699
vt 0.262969 0.067588
vt 0.262969 0.024286
vt 0.262969 0.110680
vt 0.828591 0.345376
vt 0.818142 0.334917
vt 0.828591 0.258980
vt 0.818142 0.294333
vt 0.818142 0.172583
vt 0.818142 0.132000
vt 0.828591 0.215886
vt 0.818142 0.091626
vt 0.828591 0.129490
vt 0.818142 0.051043
vt 0.828591 0.086396
vt 0.818142 0.010460
vt 0.828591 0.043094
vt 0.828591 0.000000
vt 0.262969 0.228041
vt 0.262969 0.268624
vt 0.262969 0.309206
vt 0.506639 0.860834
vt 0.512979 0.860834
vt 0.512979 0.901417
vt 0.532990 0.901417
vt 0.532990 0.860834
vt 0.696749 0.874332
vt 0.716760 0.874332
vt 0.696749 0.884781
vt 0.716760 0.884781
vt 0.723100 0.884781
vt 0.716760 0.864475
vt 0.716760 0.844168
vt 0.696749 0.864475
vt 0.696749 0.844168
vt 0.618744 0.840642
vt 0.584666 0.840642
vt 0.618744 0.797466
vt 0.584666 0.797466
vt 0.411932 0.844761
vt 0.377853 0.844761
vt 0.411932 0.801585
vt 0.377853 0.801585
vt 0.577823 0.849784
vt 0.543744 0.849784
vt 0.577823 0.806608
vt 0.543744 0.806608
vt 0.618744 0.797466
vt 0.652823 0.840642
vt 0.652823 0.797466
vt 0.840198 0.807521
vt 0.806120 0.807521
vt 0.840198 0.764345
vt 0.806120 0.764345
vt 0.840198 0.850697
vt 0.806120 0.850697
vt 0.780410 0.840839
vt 0.746331 0.840839
vt 0.780410 0.797662
vt 0.746331 0.797662
vt 0.730828 0.800992
vt 0.730828 0.844168
vt 0.696749 0.800992
vt 0.479213 0.774015
vt 0.479213 0.817192
vt 0.445135 0.774015
vt 0.445135 0.817192
vt 0.540718 0.774564
vt 0.540718 0.817741
vt 0.506639 0.817741
vt 0.262954 0.779972
vt 0.262954 0.823148
vt 0.228876 0.779972
vt 0.228876 0.823148
vt 0.198142 0.784310
vt 0.198142 0.827486
vt 0.164064 0.827486
vt 0.828764 0.350523
vt 0.828764 0.393699
vt 0.794685 0.350523
vt 0.794685 0.393699
vt 0.151373 0.786872
vt 0.151373 0.830049
vt 0.117294 0.786872
vt 0.117294 0.830049
vt 0.445135 0.860285
vt 0.445135 0.817192
vt 0.479213 0.860285
vt 0.479213 0.817192
vt 0.543744 0.806607
vt 0.543744 0.763305
vt 0.577823 0.806607
vt 0.840198 0.850614
vt 0.874277 0.850614
vt 0.874277 0.807521
vt 0.584666 0.883736
vt 0.584666 0.840642
vt 0.618744 0.883736
vt 0.718608 0.348318
vt 0.718608 0.305015
vt 0.752686 0.348318
vt 0.752686 0.305015
vt 0.506639 0.860834
vt 0.506639 0.817741
vt 0.540718 0.860834
vt 0.540718 0.817741
vt 0.840198 0.807438
vt 0.840198 0.764345
vt 0.874277 0.807438
vt 0.874277 0.764345
vt 0.752686 0.348318
vt 0.752686 0.391621
vt 0.718608 0.348318
vt 0.718608 0.391621
vt 0.198142 0.827486
vt 0.198142 0.870579
vt 0.164064 0.827486
vt 0.164064 0.870579
vt 0.363294 0.818181
vt 0.363294 0.861275
vt 0.329215 0.818181
vt 0.329215 0.861275
vt 0.752686 0.261712
vt 0.752686 0.305015
vt 0.718608 0.261712
vt 0.718608 0.305015
vt 0.151372 0.830048
vt 0.151372 0.873142
vt 0.117294 0.830048
vt 0.117294 0.873142
vt 0.262954 0.823148
vt 0.262954 0.866241
vt 0.228876 0.823148
vt 0.228876 0.866241
vt 0.752686 0.218409
vt 0.718608 0.218409
vt 0.907307 0.199912
vt 0.913647 0.232048
vt 0.913647 0.199912
vt 0.933658 0.232048
vt 0.168808 0.783812
vt 0.148797 0.783812
vt 0.168808 0.751676
vt 0.148797 0.751676
vt 0.142457 0.783812
vt 0.142457 0.751676
vt 0.164064 0.910996
vt 0.164064 0.870579
vt 0.170404 0.910996
vt 0.170404 0.870579
vt 0.190415 0.910996
vt 0.190415 0.870579
vt 0.377853 0.885374
vt 0.377853 0.844761
vt 0.384193 0.885374
vt 0.384193 0.844761
vt 0.404205 0.885374
vt 0.404205 0.844761
vt 0.543744 0.890397
vt 0.550085 0.890397
vt 0.550085 0.860036
vt 0.570096 0.890397
vt 0.570096 0.860036
vt 0.550085 0.849784
vt 0.198970 0.907537
vt 0.198970 0.867121
vt 0.205310 0.907537
vt 0.205310 0.867121
vt 0.225321 0.907537
vt 0.225321 0.867121
vt 0.445135 0.933004
vt 0.445135 0.900868
vt 0.451475 0.933004
vt 0.451475 0.900868
vt 0.471486 0.933004
vt 0.471486 0.900868
vt 0.168808 0.711063
vt 0.168808 0.751676
vt 0.162468 0.711063
vt 0.162468 0.751676
vt 0.142457 0.711063
vt 0.257097 0.713169
vt 0.257097 0.753782
vt 0.250757 0.713169
vt 0.250757 0.753782
vt 0.230746 0.753782
vt 0.230746 0.713169
vt 0.850729 0.367348
vt 0.862558 0.367348
vt 0.850729 0.373688
vt 0.862558 0.373688
vt 0.850729 0.393699
vt 0.862558 0.393699
vt 0.348650 0.754334
vt 0.348650 0.794947
vt 0.342310 0.754334
vt 0.342310 0.794947
vt 0.322299 0.754334
vt 0.322299 0.794947
vt 0.645096 0.840642
vt 0.645096 0.881256
vt 0.638756 0.840642
vt 0.638756 0.881256
vt 0.618744 0.881256
vt 0.146360 0.941966
vt 0.134531 0.948306
vt 0.146360 0.948306
vt 0.146360 0.968318
vt 0.772682 0.840839
vt 0.772682 0.881452
vt 0.766342 0.840839
vt 0.766342 0.881452
vt 0.746331 0.881452
vt 0.329215 0.861275
vt 0.335555 0.861275
vt 0.329215 0.901858
vt 0.335555 0.901858
vt 0.355566 0.901858
vt 0.355566 0.861275
vt 0.668475 0.864497
vt 0.674816 0.864497
vt 0.668475 0.905080
vt 0.674816 0.905080
vt 0.694827 0.905080
vt 0.694827 0.864497
vt 0.123634 0.873142
vt 0.117294 0.913516
vt 0.123634 0.913516
vt 0.143645 0.913516
vt 0.143645 0.873142
vt 0.060246 0.854432
vt 0.066586 0.854432
vt 0.060246 0.895015
vt 0.066586 0.895015
vt 0.086597 0.895015
vt 0.086597 0.854432
vt 0.086597 0.854432
vt 0.092938 0.854432
vt 0.092938 0.895015
vt 0.112949 0.895015
vt 0.112949 0.854432
vt 0.228876 0.866241
vt 0.235216 0.866241
vt 0.228876 0.906825
vt 0.235216 0.906825
vt 0.255227 0.906825
vt 0.255227 0.866241
vt 0.000000 0.854414
vt 0.006340 0.854414
vt 0.000000 0.894997
vt 0.006340 0.894997
vt 0.026351 0.894997
vt 0.026351 0.854414
vt 0.465146 0.860285
vt 0.465146 0.890827
vt 0.445135 0.890827
vt 0.465146 0.900868
vt 0.866550 0.850614
vt 0.866550 0.891198
vt 0.860210 0.850614
vt 0.860210 0.891198
vt 0.840198 0.850614
vt 0.262969 0.064659
vt 0.262969 0.024286
vt 0.262969 0.106915
vt 0.838325 0.525700
vt 0.827876 0.436793
vt 0.838325 0.443069
vt 0.838325 0.426124
vt 0.838325 0.404159
vt 0.827876 0.393699
vt 0.838325 0.566283
vt 0.838325 0.606866
vt 0.838325 0.618999
vt 0.838325 0.635944
vt 0.827876 0.566283
vt 0.838325 0.647449
vt 0.827876 0.609586
vt 0.838325 0.688033
vt 0.827876 0.652679
vt 0.838325 0.728616
vt 0.827876 0.695773
vt 0.827876 0.739076
vt 0.262969 0.309206
vt 0.262969 0.352299
vt 0.262969 0.395391
vt 0.832471 0.850697
vt 0.832471 0.891280
vt 0.826131 0.850697
vt 0.826131 0.891280
vt 0.806120 0.850697
vt 0.806120 0.891280
vt 0.892901 0.850614
vt 0.892901 0.891198
vt 0.886561 0.850614
vt 0.886561 0.891198
vt 0.866550 0.850614
vt 0.866550 0.891198
vt 0.914209 0.353325
vt 0.914209 0.393699
vt 0.907869 0.353325
vt 0.907869 0.393699
vt 0.887858 0.353325
vt 0.887858 0.393699
vt 0.627264 0.351086
vt 0.627264 0.393343
vt 0.620924 0.351086
vt 0.620924 0.393343
vt 0.600913 0.351086
vt 0.600913 0.393343
vt 0.028081 0.972398
vt 0.028081 0.989635
vt 0.017237 0.972398
vt 0.017237 0.989635
vt 0.769522 0.489712
vt 0.777448 0.589865
vt 0.769522 0.550829
vt 0.769522 0.589865
vt 0.769522 0.450873
vt 0.777448 0.500950
vt 0.769522 0.439636
vt 0.777448 0.489712
vt 0.769522 0.400008
vt 0.777448 0.450873
vt 0.769522 0.393699
vt 0.794685 0.450873
vt 0.794685 0.393699
vt 0.262969 0.063318
vt 0.262969 0.074160
vt 0.262969 0.113191
vt 0.794685 0.589865
vt 0.794685 0.595583
vt 0.769522 0.595583
vt 0.584666 0.791355
vt 0.601903 0.791355
vt 0.584666 0.797466
vt 0.609828 0.797466
vt 0.609828 0.791355
vt 0.609828 0.751727
vt 0.609828 0.701453
vt 0.601903 0.740489
vt 0.609828 0.651377
vt 0.601903 0.601300
vt 0.609828 0.640534
vt 0.609828 0.595583
vt 0.584666 0.595583
vt 0.584666 0.601300
vt 0.085409 0.622983
vt 0.068171 0.622983
vt 0.085409 0.565873
vt 0.060246 0.565873
vt 0.060246 0.572149
vt 0.060246 0.611686
vt 0.060246 0.622983
vt 0.060246 0.661892
vt 0.068171 0.661892
vt 0.060246 0.673189
vt 0.068171 0.673189
vt 0.060246 0.712098
vt 0.068171 0.712098
vt 0.060246 0.722976
vt 0.068171 0.722976
vt 0.060246 0.762095
vt 0.068171 0.762095
vt 0.085409 0.767953
vt 0.085409 0.762095
vt 0.085409 0.712098
vt 0.085409 0.722976
vt 0.060246 0.767953
vt 0.329215 0.988547
vt 0.329215 0.971310
vt 0.340093 0.988547
vt 0.340093 0.971310
vt 0.927435 0.335945
vt 0.927435 0.353183
vt 0.916138 0.335945
vt 0.916138 0.353183
vt 0.025163 0.761868
vt 0.042400 0.761868
vt 0.025163 0.768144
vt 0.050325 0.768144
vt 0.050325 0.722122
vt 0.042400 0.722122
vt 0.050325 0.711034
vt 0.042400 0.711034
vt 0.050325 0.672125
vt 0.042400 0.672125
vt 0.050325 0.660828
vt 0.042400 0.660828
vt 0.050325 0.621919
vt 0.042400 0.621919
vt 0.050325 0.611041
vt 0.042400 0.611041
vt 0.050325 0.571713
vt 0.042400 0.571713
vt 0.025163 0.566064
vt 0.025163 0.571713
vt 0.050325 0.566064
vt 0.374588 0.963947
vt 0.374588 0.983959
vt 0.357644 0.983959
vt 0.357644 0.990299
vt 0.374588 0.990299
vt 0.443716 0.974275
vt 0.432211 0.974275
vt 0.443716 0.967934
vt 0.432211 0.967934
vt 0.443716 0.947923
vt 0.432211 0.947923
vt 0.730828 0.802567
vt 0.742961 0.802567
vt 0.730828 0.822578
vt 0.742961 0.822578
vt 0.730828 0.828918
vt 0.742961 0.828918
vt 0.560689 0.990929
vt 0.543744 0.990929
vt 0.560689 0.984589
vt 0.543744 0.984589
vt 0.543744 0.964577
vt 0.560689 0.964577
vt 0.787890 0.373549
vt 0.787890 0.393560
vt 0.777849 0.373549
vt 0.777849 0.393560
vt 0.850729 0.367348
vt 0.850729 0.387359
vt 0.828763 0.367348
vt 0.828763 0.387359
vt 0.828763 0.393699
vt 0.850729 0.393699
vt 0.377739 0.796194
vt 0.377739 0.776182
vt 0.387597 0.796194
vt 0.387597 0.776182
vt 0.262770 0.913001
vt 0.262770 0.919341
vt 0.250940 0.913001
vt 0.250940 0.919341
vt 0.262770 0.939352
vt 0.250940 0.939352
vt 0.561858 0.964577
vt 0.578615 0.964577
vt 0.561858 0.970918
vt 0.578615 0.970918
vt 0.578615 0.990929
vt 0.561858 0.990929
vt 0.840593 0.340997
vt 0.840593 0.347337
vt 0.828763 0.340997
vt 0.828763 0.347337
vt 0.840593 0.367348
vt 0.828763 0.367348
vt 0.857634 0.965042
vt 0.874392 0.965042
vt 0.857634 0.971383
vt 0.874392 0.971383
vt 0.874392 0.991394
vt 0.857634 0.991394
vt 0.899183 0.353182
vt 0.899183 0.346842
vt 0.907661 0.353182
vt 0.916138 0.353182
vt 0.916138 0.346842
vt 0.899183 0.326831
vt 0.916138 0.326831
vt 0.241983 0.773793
vt 0.241983 0.753782
vt 0.252235 0.773793
vt 0.252235 0.753782
vt 0.532990 0.933553
vt 0.512979 0.933553
vt 0.506639 0.933553
vt 0.411055 0.961311
vt 0.411055 0.981322
vt 0.394100 0.961311
vt 0.394100 0.981322
vt 0.411055 0.987662
vt 0.402578 0.987662
vt 0.394100 0.987662
vt 0.369616 0.533293
vt 0.369616 0.182207
vt 0.414591 0.533288
vt 0.414591 0.182202
vt 0.058449 0.917192
vt 0.058449 0.566064
vt 0.059836 0.917192
vt 0.059836 0.566064
vt 0.600913 0.393699
vt 0.584666 0.393699
vt 0.600913 -0.000000
vt 0.586053 0.044976
vt 0.584666 0.044976
vt 0.586053 -0.000000
vt 0.687501 0.000000
vt 0.702361 0.000000
vt 0.687501 0.351127
vt 0.702361 0.351127
vt 0.094324 0.767953
vt 0.097671 0.767961
vt 0.094324 0.808416
vt 0.097671 0.808425
vt 0.231736 0.660333
vt 0.231736 0.309206
vt 0.215490 0.309206
vt 0.102427 0.767953
vt 0.102427 0.776320
vt 0.101238 0.767953
vt 0.101238 0.776320
vt 0.253226 0.753782
vt 0.255986 0.753783
vt 0.253226 0.762150
vt 0.255986 0.762150
vt 0.170600 0.766566
vt 0.170600 0.774934
vt 0.169412 0.766566
vt 0.169412 0.774934
vt 0.579645 0.539147
vt 0.582602 0.539147
vt 0.579645 0.547514
vt 0.582602 0.547515
vt 0.105993 0.767953
vt 0.107182 0.776320
vt 0.105993 0.776320
vt 0.534561 0.756821
vt 0.534561 0.765188
vt 0.531802 0.756821
vt 0.531802 0.765188
vt 0.174563 0.581573
vt 0.174563 0.573205
vt 0.175752 0.581573
vt 0.175554 0.573205
vt 0.544680 0.740662
vt 0.547637 0.740664
vt 0.544680 0.749028
vt 0.547637 0.749030
vt 0.108172 0.767953
vt 0.108371 0.776320
vt 0.107182 0.767953
vt 0.107182 0.776320
vt 0.767269 0.202163
vt 0.767269 0.210531
vt 0.764509 0.202163
vt 0.764509 0.210530
vt 0.109559 0.767953
vt 0.109559 0.776320
vt 0.108371 0.767953
vt 0.171606 0.573206
vt 0.171606 0.581573
vt 0.168649 0.573205
vt 0.168649 0.581573
vt 0.100049 0.767953
vt 0.100049 0.776320
vt 0.098860 0.767953
vt 0.098860 0.776320
vt 0.770029 0.202163
vt 0.770029 0.210531
vt 0.767269 0.202163
vt 0.767269 0.210530
vt 0.103615 0.767953
vt 0.103615 0.776320
vt 0.174563 0.573206
vt 0.174563 0.581573
vt 0.171606 0.573205
vt 0.171606 0.581573
vt 0.104804 0.767953
vt 0.104804 0.776320
vt 0.650430 0.359454
vt 0.650430 0.367821
vt 0.647473 0.359454
vt 0.647473 0.367821
vt 0.777217 0.202163
vt 0.777217 0.210530
vt 0.776029 0.202163
vt 0.776029 0.210530
vt 0.761749 0.202163
vt 0.764509 0.202163
vt 0.761749 0.210530
vt 0.764509 0.210531
vt 0.685075 0.390416
vt 0.684084 0.382048
vt 0.684084 0.390416
vt 0.582602 0.547515
vt 0.582602 0.555882
vt 0.579645 0.547514
vt 0.579645 0.555882
vt 0.101238 0.767953
vt 0.101238 0.776320
vt 0.544680 0.749030
vt 0.547440 0.749030
vt 0.544680 0.757397
vt 0.547440 0.757398
vt 0.105993 0.767953
vt 0.650430 0.351086
vt 0.650430 0.359454
vt 0.647473 0.351086
vt 0.647473 0.359453
vt 0.767972 0.346226
vt 0.767972 0.389602
vt 0.752686 0.384066
vt 0.495460 0.774015
vt 0.495460 0.814826
vt 0.479213 0.814234
vt 0.198142 0.657921
vt 0.198142 0.363176
vt 0.215490 0.640561
vt 0.198142 0.309206
vt 0.215490 0.326570
vt 0.600913 0.333740
vt 0.600913 0.017349
vt 0.618275 0.351086
vt 0.618275 0.000000
vt 0.635638 0.331351
vt 0.635638 0.017361
vt 0.652985 0.348715
vt 0.652985 0.000000
vt 0.635638 0.017345
vt 0.635638 0.333737
vt 0.618275 0.000000
vt 0.618275 0.351086
vt 0.308738 0.741882
vt 0.312085 0.741891
vt 0.308738 0.782346
vt 0.312085 0.782355
vt 0.377739 0.735372
vt 0.393986 0.775591
vt 0.377739 0.776182
vt 0.262360 0.945734
vt 0.262360 0.986545
vt 0.246113 0.985953
vt 0.308738 0.782355
vt 0.312085 0.782364
vt 0.308738 0.822819
vt 0.312085 0.822827
vt 0.791435 0.294752
vt 0.807682 0.334971
vt 0.791435 0.335562
vt 0.618348 0.920136
vt 0.618348 0.960946
vt 0.602101 0.960355
vt 0.230062 0.705936
vt 0.230062 0.751540
vt 0.228873 0.705936
vt 0.228873 0.751540
vt 0.228873 0.660333
vt 0.231633 0.660334
vt 0.228873 0.705936
vt 0.231633 0.705936
vt 0.686263 0.270855
vt 0.687452 0.270855
vt 0.686263 0.316459
vt 0.687452 0.316459
vt 0.836714 0.263364
vt 0.839671 0.263364
vt 0.836714 0.308967
vt 0.839671 0.308967
vt 0.803601 0.763760
vt 0.804790 0.763760
vt 0.803601 0.809364
vt 0.804790 0.809364
vt 0.325396 0.834176
vt 0.328156 0.834177
vt 0.325396 0.879779
vt 0.328156 0.879780
vt 0.686263 0.316459
vt 0.685075 0.316459
vt 0.686065 0.270855
vt 0.685075 0.270855
vt 0.742961 0.802567
vt 0.745918 0.802567
vt 0.742961 0.848168
vt 0.745918 0.848169
vt 0.411932 0.780780
vt 0.412923 0.780780
vt 0.411932 0.826384
vt 0.413121 0.826384
vt 0.882144 0.328850
vt 0.884904 0.328850
vt 0.882144 0.374453
vt 0.884904 0.374453
vt 0.805978 0.763760
vt 0.805978 0.809364
vt 0.791435 0.335562
vt 0.794392 0.335562
vt 0.791435 0.381165
vt 0.794392 0.381165
vt 0.312085 0.701410
vt 0.313273 0.701410
vt 0.312085 0.747014
vt 0.313273 0.747014
vt 0.884904 0.328850
vt 0.887664 0.328850
vt 0.884904 0.374453
vt 0.887664 0.374453
vt 0.322012 0.706142
vt 0.323201 0.706142
vt 0.322012 0.751746
vt 0.323201 0.751746
vt 0.693792 0.800992
vt 0.696749 0.800992
vt 0.693792 0.846595
vt 0.696749 0.846595
vt 0.411932 0.735176
vt 0.413121 0.735176
vt 0.411932 0.780780
vt 0.413121 0.780780
vt 0.791337 0.802395
vt 0.794294 0.802395
vt 0.791337 0.847998
vt 0.794294 0.847998
vt 0.097672 0.767953
vt 0.098860 0.767953
vt 0.097672 0.813556
vt 0.098860 0.813556
vt 0.113725 0.838655
vt 0.116485 0.838655
vt 0.113725 0.884258
vt 0.116485 0.884258
vt 0.790241 0.779463
vt 0.791232 0.779463
vt 0.790241 0.825067
vt 0.791232 0.825067
vt 0.503682 0.770066
vt 0.506639 0.770067
vt 0.503682 0.815669
vt 0.506639 0.815669
vt 0.413121 0.735176
vt 0.414309 0.735176
vt 0.414309 0.780780
vt 0.503682 0.815669
vt 0.506442 0.815670
vt 0.503682 0.861272
vt 0.506442 0.861272
vt 0.312085 0.747014
vt 0.313274 0.747014
vt 0.312085 0.792617
vt 0.313274 0.792617
vt 0.152983 0.784310
vt 0.155940 0.784310
vt 0.152983 0.829913
vt 0.155940 0.829913
vt 0.899183 0.345794
vt 0.891060 0.345794
vt 0.899183 0.000000
vt 0.891060 0.000000
vt 0.693836 0.991675
vt 0.685713 0.991675
vt 0.693836 0.964270
vt 0.685713 0.964270
vt 0.777056 0.360242
vt 0.768933 0.360242
vt 0.777056 0.218409
vt 0.768933 0.218409
vt 0.406468 0.919593
vt 0.406468 0.876499
vt 0.414591 0.919593
vt 0.414591 0.876499
vt 0.721122 0.921180
vt 0.721122 0.964557
vt 0.713590 0.924223
vt 0.713590 0.967600
vt 0.745502 0.202163
vt 0.753626 0.202163
vt 0.745502 0.210321
vt 0.753626 0.210321
vt 0.532990 0.860834
vt 0.541114 0.860834
vt 0.532990 0.914262
vt 0.541114 0.914262
vt 0.806120 0.926215
vt 0.806120 0.969592
vt 0.798588 0.929258
vt 0.798588 0.972634
vt 0.443716 0.664813
vt 0.443716 0.947923
vt 0.442528 0.664813
vt 0.442528 0.947923
vt 0.555170 0.000000
vt 0.555170 0.280711
vt 0.552660 0.000000
vt 0.552660 0.283077
vt 0.584666 0.283073
vt 0.584666 0.280708
vt 0.444905 0.664813
vt 0.444905 0.945557
vt 0.443716 0.664813
vt 0.443716 0.945557
vt 0.417101 0.182202
vt 0.417101 0.460350
vt 0.414591 0.182202
vt 0.444087 0.462910
vt 0.444087 0.460348
vt 0.987320 0.353325
vt 0.986131 0.631506
vt 0.987320 0.631506
vt 0.555170 0.283077
vt 0.555170 0.558859
vt 0.552660 0.283077
vt 0.552660 0.561225
vt 0.579645 0.561222
vt 0.579645 0.558857
vt 0.445077 0.182202
vt 0.445077 0.458017
vt 0.444087 0.182202
vt 0.444087 0.458017
vt 0.120283 0.309206
vt 0.120283 0.582426
vt 0.117982 0.309206
vt 0.117982 0.584989
vt 0.142457 0.584986
vt 0.142457 0.582424
vt 0.988508 0.353325
vt 0.988508 0.626578
vt 0.987319 0.353325
vt 0.987319 0.626578
vt 0.178479 0.309206
vt 0.178479 0.580060
vt 0.175968 0.309206
vt 0.175968 0.582426
vt 0.198142 0.582424
vt 0.198142 0.580058
vt 0.228087 0.660333
vt 0.228087 0.931220
vt 0.226899 0.660333
vt 0.226899 0.931220
vt 0.670348 0.000000
vt 0.670348 0.268292
vt 0.667837 0.000000
vt 0.667837 0.270855
vt 0.687501 0.270853
vt 0.687501 0.268290
vt 0.988508 0.353325
vt 0.989697 0.353325
vt 0.988508 0.621649
vt 0.989697 0.621649
vt 0.397289 0.533293
vt 0.397289 0.799219
vt 0.394779 0.533293
vt 0.394779 0.801585
vt 0.411932 0.801583
vt 0.411932 0.799217
vt 0.990886 0.353325
vt 0.990886 0.619283
vt 0.989697 0.619283
vt 0.350951 0.552255
vt 0.350951 0.815618
vt 0.348650 0.552255
vt 0.348650 0.818181
vt 0.363294 0.818180
vt 0.363294 0.815617
vt 0.992075 0.353325
vt 0.992075 0.616720
vt 0.990886 0.616720
vt 0.831101 0.000000
vt 0.831101 0.260998
vt 0.828591 0.000000
vt 0.828591 0.263364
vt 0.840933 0.263363
vt 0.840933 0.260997
vt 0.993065 0.353325
vt 0.993263 0.614354
vt 0.992075 0.353325
vt 0.992075 0.614354
vt 0.782920 0.595583
vt 0.782920 0.854021
vt 0.780410 0.595583
vt 0.780410 0.856584
vt 0.790241 0.856583
vt 0.790241 0.854021
vt 0.994452 0.353325
vt 0.994452 0.611791
vt 0.993263 0.353325
vt 0.993461 0.611791
vt 0.688817 0.595779
vt 0.688817 0.851849
vt 0.686307 0.595779
vt 0.686307 0.854215
vt 0.693629 0.854214
vt 0.693629 0.851848
vt 0.894792 0.739494
vt 0.895981 0.739494
vt 0.894792 0.995594
vt 0.895981 0.995594
vt 0.581946 0.283077
vt 0.581946 0.536781
vt 0.579645 0.283077
vt 0.579645 0.539147
vt 0.584457 0.539146
vt 0.584457 0.536781
vt 0.987154 0.000000
vt 0.987154 0.253734
vt 0.985965 0.000000
vt 0.985965 0.253734
vt 0.506639 0.370052
vt 0.506639 0.621194
vt 0.504129 0.370053
vt 0.504129 0.623757
vt 0.506639 0.623757
vt 0.544680 0.762837
vt 0.543491 0.762837
vt 0.544680 0.740662
vt 0.256925 0.762150
vt 0.256925 0.774492
vt 0.255736 0.762150
vt 0.255736 0.774492
vt 0.582023 0.558393
vt 0.580834 0.558393
vt 0.582023 0.555882
vt 0.580834 0.555882
vt 0.313273 0.822114
vt 0.312085 0.822114
vt 0.313273 0.792617
vt 0.312085 0.792617
vt 0.583791 0.558811
vt 0.582602 0.558811
vt 0.583791 0.539147
vt 0.582602 0.539147
vt 0.776029 0.211995
vt 0.774840 0.211995
vt 0.774840 0.202163
vt 0.230062 0.778526
vt 0.228873 0.778526
vt 0.651619 0.368240
vt 0.650430 0.368240
vt 0.651619 0.351086
vt 0.650430 0.351086
vt 0.256976 0.761104
vt 0.255986 0.761104
vt 0.256976 0.753782
vt 0.255986 0.753782
vt 0.253226 0.778258
vt 0.252235 0.753782
vt 0.252235 0.778258
vt 0.652808 0.351086
vt 0.652808 0.365729
vt 0.651619 0.365729
vt 0.580834 0.560694
vt 0.579645 0.560694
vt 0.579645 0.555882
vt 0.686264 0.348465
vt 0.685075 0.348465
vt 0.685075 0.316459
vt 0.990886 0.951258
vt 0.982763 0.951258
vt 0.990886 0.922671
vt 0.982763 0.922671
vt 0.094325 0.808425
vt 0.097462 0.808433
vt 0.094325 0.848889
vt 0.097462 0.848897
vt 0.312089 0.822827
vt 0.313278 0.822827
vt 0.312089 0.858599
vt 0.313278 0.858599
vt 0.491879 0.860285
vt 0.494639 0.860285
vt 0.491879 0.896056
vt 0.494639 0.896057
vt 0.839671 0.299136
vt 0.840860 0.299136
vt 0.839671 0.334908
vt 0.840860 0.334908
vt 0.742961 0.848169
vt 0.745918 0.848169
vt 0.742961 0.883940
vt 0.745918 0.883940
vt 0.151373 0.830048
vt 0.152561 0.830048
vt 0.151372 0.865820
vt 0.152561 0.865820
vt 0.800841 0.880908
vt 0.803601 0.880908
vt 0.800841 0.916679
vt 0.803601 0.916679
vt 0.152983 0.820081
vt 0.151795 0.820081
vt 0.152785 0.784310
vt 0.151795 0.784310
vt 0.488922 0.860285
vt 0.491879 0.860286
vt 0.488922 0.896055
vt 0.491879 0.896055
vt 0.803601 0.845136
vt 0.804591 0.845136
vt 0.803601 0.880908
vt 0.804790 0.880908
vt 0.611414 0.883736
vt 0.614173 0.883736
vt 0.611414 0.919507
vt 0.614173 0.919507
vt 0.778958 0.840839
vt 0.780147 0.840839
vt 0.778958 0.876610
vt 0.780147 0.876610
vt 0.212533 0.826415
vt 0.215490 0.826415
vt 0.212533 0.862186
vt 0.215490 0.862186
vt 0.839671 0.263364
vt 0.840860 0.263364
vt 0.839671 0.299136
vt 0.840860 0.299136
vt 0.614173 0.883736
vt 0.616933 0.883736
vt 0.614173 0.919507
vt 0.616933 0.919507
vt 0.804790 0.809364
vt 0.803601 0.845136
vt 0.804790 0.845136
vt 0.832471 0.850697
vt 0.835428 0.850697
vt 0.832471 0.886468
vt 0.835428 0.886468
vt 0.805978 0.809364
vt 0.805978 0.845136
vt 0.648251 0.858078
vt 0.651208 0.858078
vt 0.648251 0.893849
vt 0.651208 0.893849
vt 0.741772 0.828918
vt 0.741772 0.864690
vt 0.742961 0.864690
vt 0.573053 0.884655
vt 0.575813 0.884655
vt 0.573053 0.920426
vt 0.575813 0.920426
vt 0.328156 0.812383
vt 0.329147 0.812383
vt 0.328156 0.848155
vt 0.329147 0.848155
vt 0.835428 0.850697
vt 0.838385 0.850697
vt 0.835428 0.886468
vt 0.838385 0.886468
vt 0.097672 0.813556
vt 0.097672 0.849328
vt 0.098860 0.849328
vt 0.503682 0.861273
vt 0.506442 0.861273
vt 0.503682 0.897044
vt 0.506442 0.897044
vt 0.740583 0.828918
vt 0.741772 0.828918
vt 0.740583 0.864690
vt 0.741772 0.864690
vt 0.026351 0.854414
vt 0.029308 0.854414
vt 0.026351 0.890185
vt 0.029308 0.890185
vt 0.479213 0.819475
vt 0.495460 0.859694
vt 0.839802 0.926215
vt 0.839802 0.967026
vt 0.823555 0.966434
vt 0.308738 0.701410
vt 0.312085 0.701418
vt 0.308738 0.741874
vt 0.312085 0.741882
vt 0.049364 0.768144
vt 0.049364 0.811520
vt 0.034079 0.805983
vt 0.780806 0.957479
vt 0.780806 0.998289
vt 0.764559 0.997698
vt 0.049744 0.811520
vt 0.049744 0.855263
vt 0.042202 0.814538
vt 0.042202 0.858280
vt 0.262769 0.866241
vt 0.262769 0.909984
vt 0.255227 0.869259
vt 0.255227 0.913001
vt 0.635982 0.960749
vt 0.646232 0.960750
vt 0.635982 0.987315
vt 0.646232 0.987317
vt 0.404205 0.873729
vt 0.404205 0.844805
vt 0.414455 0.873685
vt 0.414455 0.844761
vt 0.661071 0.390712
vt 0.647473 0.390713
vt 0.661071 0.380461
vt 0.647473 0.370606
vt 0.685713 0.964228
vt 0.685713 0.935413
vt 0.695569 0.964270
vt 0.695569 0.935455
vt 0.025163 0.972398
vt 0.017237 0.972398
vt 0.025163 0.958801
vt 0.017237 0.958801
vt 0.017237 0.929932
vt 0.760611 0.346226
vt 0.752686 0.317357
vt 0.768933 0.317357
vt 0.752686 0.290790
vt 0.768933 0.290790
vt 0.728859 0.218409
vt 0.718607 0.218409
vt 0.728859 0.202163
vt 0.718607 0.202163
vt 0.767546 0.218409
vt 0.767546 0.263386
vt 0.768933 0.263386
vt 0.768933 0.290790
vt 0.791435 0.082840
vt 0.799360 0.082840
vt 0.807682 -0.000000
vt 0.799360 0.042466
vt 0.799360 0.028869
vt 0.807682 0.294752
vt 0.890639 0.991610
vt 0.882515 0.991610
vt 0.890639 0.965042
vt 0.882515 0.965042
vt 0.684084 0.382048
vt 0.684084 0.392695
vt 0.675961 0.382048
vt 0.675961 0.392695
vt 0.990759 0.858290
vt 0.982763 0.855986
vt 0.990759 0.828247
vt 0.982953 0.825997
vt 0.728859 0.202163
vt 0.737181 0.202163
vt 0.728859 0.215760
vt 0.737181 0.215760
vt 0.982953 0.858291
vt 0.990773 0.860491
vt 0.982763 0.888227
vt 0.990773 0.890481
vt 0.660352 0.829898
vt 0.653002 0.795208
vt 0.653002 0.833358
vt 0.209181 0.826439
vt 0.212533 0.826415
vt 0.209181 0.861065
vt 0.212533 0.861041
vt 0.789079 0.373549
vt 0.789079 0.381632
vt 0.787890 0.373549
vt 0.787890 0.381632
vt 0.753033 0.210321
vt 0.755543 0.210321
vt 0.753033 0.218404
vt 0.755543 0.218403
vt 0.790268 0.373549
vt 0.790268 0.381632
vt 0.170600 0.766306
vt 0.172901 0.766306
vt 0.170600 0.774389
vt 0.172901 0.774388
vt 0.790268 0.389716
vt 0.789079 0.381632
vt 0.789079 0.389716
vt 0.755544 0.210321
vt 0.758054 0.210321
vt 0.755544 0.218404
vt 0.758054 0.218403
vt 0.255603 0.770232
vt 0.255603 0.778316
vt 0.254415 0.770232
vt 0.254613 0.778316
vt 0.745502 0.210321
vt 0.748013 0.210321
vt 0.745502 0.218407
vt 0.748013 0.218407
vt 0.791258 0.381632
vt 0.791456 0.389716
vt 0.758054 0.210321
vt 0.760564 0.210321
vt 0.758054 0.218404
vt 0.760564 0.218403
vt 0.394503 0.784266
vt 0.394503 0.792349
vt 0.393314 0.784266
vt 0.393314 0.792349
vt 0.772539 0.202163
vt 0.774840 0.202163
vt 0.772539 0.210245
vt 0.774840 0.210245
vt 0.171789 0.774389
vt 0.171789 0.782472
vt 0.170600 0.774389
vt 0.170600 0.782472
vt 0.253226 0.762150
vt 0.255736 0.762150
vt 0.253226 0.770232
vt 0.255736 0.770232
vt 0.172978 0.774389
vt 0.172978 0.782472
vt 0.171789 0.774389
vt 0.171789 0.782472
vt 0.770029 0.202163
vt 0.772539 0.202163
vt 0.770029 0.210245
vt 0.772539 0.210245
vt 0.170600 0.774934
vt 0.170600 0.783017
vt 0.169412 0.774934
vt 0.169412 0.783017
vt 0.748013 0.210322
vt 0.750523 0.210321
vt 0.748013 0.218404
vt 0.750523 0.218404
vt 0.792421 0.779463
vt 0.792421 0.787546
vt 0.791232 0.779463
vt 0.791232 0.787546
vt 0.772539 0.210245
vt 0.774840 0.210245
vt 0.772539 0.218328
vt 0.774840 0.218328
vt 0.761555 0.210321
vt 0.761555 0.218404
vt 0.760564 0.210321
vt 0.760564 0.218404
vt 0.750523 0.210321
vt 0.753033 0.210321
vt 0.750523 0.218404
vt 0.753033 0.218403
vt 0.394503 0.776182
vt 0.394503 0.784266
vt 0.393314 0.776182
vt 0.393314 0.784266
vt 0.770029 0.210246
vt 0.772539 0.210245
vt 0.770029 0.218328
vt 0.772539 0.218328
vt 0.789079 0.381632
vt 0.789079 0.389716
vt 0.787890 0.381632
vt 0.787890 0.389716
vt 0.531802 0.765189
vt 0.534312 0.765188
vt 0.531802 0.773271
vt 0.534312 0.773271
vt 0.602101 0.960946
vt 0.618348 0.995463
vt 0.602101 0.996090
vt 0.309006 0.901858
vt 0.309006 0.866714
vt 0.325252 0.867341
vt 0.308738 0.822851
vt 0.312089 0.822827
vt 0.308738 0.857477
vt 0.312089 0.857453
vt 0.377853 0.961311
vt 0.394100 0.995827
vt 0.377853 0.996455
vt 0.966318 0.545573
vt 0.966318 0.510429
vt 0.982564 0.511056
vt 0.904105 0.649997
vt 0.895981 0.649997
vt 0.904105 0.393699
vt 0.895981 0.393699
vt 0.904105 0.649997
vt 0.895981 0.905702
vt 0.904105 0.905702
vt 0.921342 0.967394
vt 0.921342 0.932892
vt 0.929465 0.967394
vt 0.929465 0.932892
vt 0.718607 0.201883
vt 0.718607 0.391621
vt 0.710484 0.201883
vt 0.710484 0.391621
vt 0.042202 0.874696
vt 0.034079 0.874696
vt 0.042202 0.811520
vt 0.034079 0.811520
vt 0.495460 0.572132
vt 0.503584 0.572132
vt 0.495460 0.889267
vt 0.503584 0.889267
vt 0.227303 0.954297
vt 0.227303 0.988207
vt 0.219179 0.954297
vt 0.219179 0.988207
vt 0.828591 0.327586
vt 0.828591 0.263364
vt 0.836714 0.327586
vt 0.836714 0.263364
vt 0.857576 0.365716
vt 0.849254 0.365716
vt 0.857576 0.000000
vt 0.849254 0.000000
vt 0.865897 -0.000000
vt 0.865897 0.364831
vt 0.857576 -0.000000
vt 0.857576 0.364831
vt 0.849254 0.365716
vt 0.840933 0.000000
vt 0.840933 0.365716
vt 0.871611 0.758530
vt 0.871611 0.393699
vt 0.863289 0.393699
vt 0.887858 0.739494
vt 0.887858 0.393699
vt 0.895981 0.739494
vt 0.895981 0.393699
vt 0.874392 0.992447
vt 0.874392 0.965042
vt 0.882515 0.992447
vt 0.882515 0.965042
vt 0.377739 0.735372
vt 0.377739 0.877204
vt 0.369616 0.877204
vt 0.644105 0.960749
vt 0.635982 0.960749
vt 0.644105 0.917655
vt 0.635982 0.917655
vt 0.050917 0.919599
vt 0.058449 0.922642
vt 0.050917 0.962975
vt 0.058449 0.966018
vt 0.761749 0.202163
vt 0.761749 0.210321
vt 0.198539 0.870579
vt 0.198539 0.924008
vt 0.190415 0.870579
vt 0.190415 0.924008
vt 0.577134 0.873716
vt 0.584666 0.876759
vt 0.577134 0.917093
vt 0.982763 0.979845
vt 0.982763 0.951258
vt 0.990886 0.979845
vt 0.990886 0.951258
vt 0.895981 0.905703
vt 0.903523 0.908720
vt 0.895981 0.949445
vt 0.903523 0.952462
vt 0.219179 0.907537
vt 0.226722 0.910554
vt 0.219179 0.951280
vt 0.226722 0.954297
vt 0.806120 0.991693
vt 0.806120 0.965125
vt 0.814243 0.991693
vt 0.814243 0.965125
vt 0.675961 0.392694
vt 0.667837 0.392694
vt 0.675961 0.382048
vt 0.667837 0.382048
vt 0.990759 0.793703
vt 0.990759 0.823747
vt 0.982763 0.796008
vt 0.982953 0.825997
vt 0.745502 0.202163
vt 0.745502 0.215760
vt 0.982953 0.922671
vt 0.982763 0.892735
vt 0.990773 0.920470
vt 0.990773 0.890481
vt 0.353802 0.973799
vt 0.346452 0.970340
vt 0.353802 0.935650
vt 0.346452 0.932191
vt 0.742333 0.595779
vt 0.743993 0.597370
vt 0.742333 0.799246
vt 0.394778 0.533293
vt 0.369616 0.538941
vt 0.262969 0.024286
vt 0.262969 0.063195
vt 0.262969 0.074282
vt 0.262969 0.024286
vt 0.262969 0.085790
vt 0.262969 0.024286
vt 0.262969 0.063120
vt 0.262969 0.168978
vt 0.262969 0.024711
vt 0.262969 0.063620
vt 0.262969 0.120728
vt 0.262958 0.455514
vt 0.262249 0.511106
vt 0.262249 0.309206
vt 0.262969 0.024578
vt 0.262969 0.024286
vt 0.262969 0.024711
vt 0.262969 0.081394
vt 0.085409 0.565873
vt 0.085409 0.571521
vt 0.102646 0.571521
vt 0.414588 0.533293
vt 0.414588 0.735389
vt 0.414508 0.729113
vt 0.914948 0.989165
vt 0.904105 0.989165
vt 0.914948 0.971928
vt 0.904105 0.971928
vt 0.198539 0.924008
vt 0.198539 0.941245
vt 0.187301 0.924008
vt 0.187301 0.941245
vt 0.927435 0.353183
vt 0.927435 0.335945
vt 0.262969 0.164247
vt 0.262969 0.214318
vt 0.262969 0.063515
vt 0.262969 0.024286
vt 0.262969 0.163459
vt 0.503862 0.572287
vt 0.503862 0.370052
vt 0.504108 0.376323
vt 0.851436 0.965169
vt 0.851436 0.982406
vt 0.840198 0.965169
vt 0.840198 0.982406
vt 0.167817 0.706674
vt 0.168025 0.673356
vt 0.168649 0.707468
vt 0.168234 0.639841
vt 0.168649 0.573205
vt 0.262969 0.090916
vt 0.262969 0.057601
vt 0.583680 0.562014
vt 0.584517 0.561225
vt 0.584517 0.829746
vt 0.584665 0.283077
vt 0.584665 0.550810
vt 0.584561 0.316395
vt 0.584457 0.349714
vt 0.503706 0.571149
vt 0.503862 0.672092
vt 0.503706 0.705411
vt 0.116485 0.894723
vt 0.116485 0.565873
vt 0.117274 0.566501
vt 0.369441 0.880478
vt 0.369441 0.552255
vt 0.369616 0.625053
vt 0.651238 0.851880
vt 0.668475 0.912800
vt 0.262969 0.163459
vt 0.262969 0.124427
vt 0.262969 0.024286
vt 0.254415 0.778600
vt 0.253226 0.778600
vt 0.550755 0.759959
vt 0.548376 0.576805
vt 0.548376 0.758973
vt 0.445135 0.182202
vt 0.262988 0.182202
vt 0.442784 0.179685
vt 0.265369 0.179685
vt 0.440221 0.177175
vt 0.267931 0.177175
vt 0.440204 0.004805
vt 0.267913 0.004805
vt 0.442766 0.002504
vt 0.265350 0.002504
vt 0.262969 0.000000
vt 0.445116 0.000000
vt 0.534181 0.573667
vt 0.534181 0.755835
vt 0.531802 0.572681
vt 0.790241 0.596420
vt 0.792621 0.595583
vt 0.790241 0.778626
vt 0.792621 0.779463
vt 0.172980 0.583263
vt 0.172980 0.765469
vt 0.170600 0.582426
vt 0.170600 0.766306
s 0
usemtl Material_0
f 1/1/1 2/2/1 3/3/1
f 2/2/1 4/4/1 3/3/1
f 5/5/1 6/6/1 7/7/1
f 6/6/1 8/8/1 7/7/1
f 9/9/1 10/10/1 11/11/1
f 10/10/1 12/12/1 11/11/1
f 13/13/1 14/14/1 15/15/1
f 14/14/1 16/16/1 15/15/1
s 1
f 17/17/2 18/18/2 19/19/2
f 18/18/2 20/20/2 19/19/2
f 21/21/3 22/22/3 23/23/3
f 22/22/3 24/24/3 23/23/3
f 25/25/4 26/26/4 27/27/4
f 26/26/4 28/28/4 27/27/4
f 29/29/5 30/30/5 31/31/5
f 30/30/5 32/32/5 31/31/5
f 33/33/6 34/34/6 35/35/6
f 34/34/6 36/36/6 35/35/6
f 37/37/7 38/38/7 39/39/7
f 38/38/7 40/40/7 39/39/7
f 41/41/8 42/42/8 43/43/8
s 0
f 44/44/9 46/45/9 45/46/9
f 45/46/9 46/45/9 47/47/9
s 1
f 48/48/5 50/20/5 49/49/5
f 49/49/5 50/20/5 51/50/5
f 52/51/4 54/52/4 53/53/4
f 53/53/4 54/52/4 55/54/4
f 56/55/3 58/56/3 57/17/3
f 57/17/3 58/56/3 59/18/3
f 60/57/2 62/58/2 61/59/2
f 61/59/2 62/58/2 63/60/2
f 64/61/2 66/62/2 65/63/2
f 65/63/2 66/62/2 67/64/2
f 68/65/5 70/66/5 69/67/5
f 69/67/5 70/66/5 71/68/5
f 72/69/3 74/70/3 73/71/3
f 73/71/3 74/70/3 75/72/3
f 76/73/4 78/74/4 77/75/4
f 77/75/4 78/74/4 79/76/4
f 80/77/5 82/78/5 81/79/5
f 81/79/5 82/78/5 83/80/5
f 84/81/5 86/82/5 85/83/5
f 85/83/5 86/82/5 87/84/5
f 88/85/5 90/86/5 89/87/5
f 89/87/5 90/86/5 91/88/5
f 92/89/5 94/90/5 93/91/5
f 93/91/5 94/90/5 95/92/5
f 96/93/5 98/94/5 97/95/5
f 97/95/5 98/94/5 99/96/5
f 100/97/5 102/98/5 101/86/5
f 101/86/5 102/98/5 103/88/5
f 104/99/3 106/100/3 105/101/3
f 105/101/3 106/100/3 107/102/3
f 107/102/3 106/100/3 108/103/3
f 106/100/3 109/104/3 108/103/3
f 108/103/3 109/104/3 110/105/3
f 109/104/3 111/106/3 110/105/3
f 106/100/3 112/107/3 109/104/3
f 109/104/3 112/107/3 113/108/3
f 112/107/3 114/109/3 113/108/3
f 113/108/3 114/109/3 115/110/3
f 114/109/3 116/111/3 115/110/3
f 112/107/3 117/112/3 114/109/3
f 114/109/3 117/112/3 118/113/3
f 117/112/3 119/114/3 118/113/3
f 118/113/3 119/114/3 120/115/3
f 119/114/3 121/116/3 120/115/3
f 120/115/3 121/116/3 122/117/3
f 121/116/3 123/118/3 122/117/3
f 122/117/3 123/118/3 124/119/3
f 118/113/3 120/115/3 125/120/3
f 125/120/3 120/115/3 126/121/3
f 121/116/3 127/122/3 123/118/3
f 128/123/10 129/124/3 130/125/3
f 129/126/3 131/127/3 130/128/3
f 130/128/3 131/127/3 132/129/3
f 131/127/3 133/130/3 132/129/3
f 132/129/3 133/130/3 134/131/3
f 134/131/3 133/130/3 135/132/3
f 135/132/3 133/130/3 136/133/3
f 133/130/3 137/134/3 136/133/3
f 136/133/3 137/134/3 138/135/3
f 137/134/3 139/136/3 138/135/3
f 138/135/3 139/136/3 140/137/3
f 129/126/3 141/138/3 131/127/3
f 141/138/3 142/139/3 131/127/3
f 131/127/3 142/139/3 143/140/3
f 137/134/3 144/141/3 139/136/3
f 145/142/3 133/143/3 146/144/3
f 133/143/3 147/145/3 146/144/3
f 148/146/2 149/147/2 150/148/2
f 149/147/2 151/149/2 150/148/2
f 152/150/5 153/151/5 154/152/5
f 153/151/5 155/153/5 154/152/5
f 154/152/5 155/153/5 156/154/5
f 155/153/5 157/155/5 156/154/5
f 158/156/5 159/157/5 160/158/5
f 159/157/5 161/159/5 160/158/5
f 160/158/5 161/159/5 162/160/5
f 162/160/5 161/159/5 163/161/5
f 161/159/5 154/152/5 163/161/5
f 163/161/5 154/152/5 156/154/5
f 162/160/5 164/162/5 160/158/5
f 160/158/5 164/162/5 165/163/5
f 164/162/5 166/164/5 165/163/5
f 165/163/5 166/164/5 167/165/5
f 166/164/5 168/166/5 167/165/5
f 167/165/5 168/166/5 169/167/5
f 168/166/5 170/168/5 169/167/5
f 169/167/5 170/168/5 171/169/5
f 170/168/5 172/170/5 171/169/5
f 171/169/5 172/170/5 173/171/5
f 167/165/5 174/172/5 165/163/5
f 165/163/5 174/172/5 175/173/5
f 171/169/5 176/174/5 169/167/5
f 169/167/5 176/174/5 177/175/5
f 178/176/5 180/177/5 179/178/5
f 179/178/5 180/177/5 181/179/5
f 182/180/5 184/181/5 183/182/5
f 183/182/5 184/181/5 185/183/5
f 186/184/5 188/185/5 187/186/5
f 187/186/5 188/185/5 189/187/5
f 190/188/5 192/189/5 191/190/5
f 191/190/5 192/189/5 193/191/5
f 194/192/5 196/193/5 195/194/5
f 195/194/5 196/193/5 197/195/5
f 198/196/5 200/197/5 199/198/5
f 199/198/5 200/197/5 201/199/5
f 202/200/5 204/201/5 203/202/5
f 203/202/5 204/201/5 205/203/5
f 206/204/5 208/205/5 207/206/5
f 207/206/5 208/205/5 209/207/5
f 210/208/5 212/209/5 211/210/5
f 211/210/5 212/209/5 213/211/5
f 214/212/5 216/213/5 215/214/5
f 215/214/5 216/213/5 217/215/5
f 218/216/5 220/217/5 219/218/5
f 220/217/5 221/219/5 219/218/5
f 219/218/5 221/219/5 222/220/5
f 221/221/5 223/222/5 222/223/5
f 222/223/5 223/222/5 224/224/5
f 219/218/5 222/220/5 225/225/5
f 225/225/5 222/220/5 226/226/5
f 226/226/5 222/220/5 227/227/5
f 222/220/5 228/228/5 227/227/5
f 229/229/5 230/230/5 231/231/5
f 230/230/5 232/232/5 231/231/5
f 233/233/2 234/234/2 235/235/2
f 234/234/2 236/236/2 235/235/2
f 237/237/5 238/238/5 239/239/5
f 238/238/5 240/240/5 239/239/5
f 241/241/5 242/242/5 243/243/5
f 242/242/5 244/244/5 243/243/5
f 245/245/5 246/246/5 247/247/5
f 246/246/5 248/248/5 247/247/5
f 249/249/5 250/250/5 251/251/5
f 250/250/5 252/252/5 251/251/5
f 253/253/5 254/254/5 255/255/5
f 254/254/5 256/256/5 255/255/5
f 257/82/5 258/257/5 259/84/5
f 258/257/5 260/258/5 259/84/5
f 261/259/5 262/260/5 263/261/5
f 262/260/5 264/262/5 263/261/5
f 265/263/5 266/264/5 267/265/5
f 266/264/5 268/266/5 267/265/5
f 269/267/5 270/268/5 271/269/5
f 271/269/5 270/268/5 272/270/5
f 272/270/5 270/268/5 273/271/5
f 273/271/5 270/268/5 274/272/5
f 274/272/5 270/268/5 275/273/5
f 275/273/5 270/268/5 276/274/5
f 270/268/5 277/275/5 276/274/5
f 276/274/5 277/275/5 278/276/5
f 277/275/5 279/277/5 278/276/5
f 278/276/5 279/277/5 280/278/5
f 276/274/5 278/276/5 281/279/5
f 278/276/5 282/280/5 281/279/5
f 281/279/5 282/280/5 283/281/5
f 282/280/5 284/282/5 283/281/5
f 283/281/5 284/282/5 285/283/5
f 284/282/5 286/284/5 285/283/5
f 285/283/5 286/284/5 287/285/5
f 286/284/5 288/286/5 287/285/5
f 287/285/5 288/286/5 289/287/5
f 282/280/5 290/288/5 284/282/5
f 284/282/5 290/288/5 291/289/5
f 285/283/5 287/285/5 292/290/5
f 287/285/5 293/291/5 292/290/5
f 292/290/5 293/291/5 294/292/5
f 293/291/5 295/293/5 294/292/5
f 294/292/5 296/294/5 292/290/5
f 297/295/5 299/296/5 298/297/5
f 298/297/5 299/296/5 300/298/5
f 301/299/5 303/300/5 302/301/5
f 302/301/5 303/300/5 304/302/5
f 305/303/5 307/304/5 306/305/5
f 306/305/5 307/304/5 308/306/5
f 309/307/5 311/308/5 310/309/5
f 310/309/5 311/308/5 312/310/5
f 313/137/3 315/311/3 314/135/3
f 314/135/3 315/311/3 316/312/3
f 316/312/3 315/311/3 317/313/3
f 317/313/3 315/311/3 318/314/3
f 318/314/3 315/311/3 319/315/3
f 315/311/3 320/316/3 319/315/3
f 319/315/3 320/316/3 321/317/3
f 320/316/3 322/318/3 321/317/3
f 322/318/3 323/319/3 321/317/3
f 321/317/3 323/319/3 324/320/3
f 323/319/3 325/321/3 324/320/3
f 324/320/3 325/321/3 326/128/3
f 325/321/3 327/322/3 326/128/3
f 319/315/3 321/317/3 328/323/3
f 321/317/3 329/129/3 328/323/3
f 323/319/3 330/324/3 325/321/3
f 325/321/3 330/324/3 331/325/3
f 330/324/3 332/326/3 331/325/3
f 332/326/3 333/138/3 331/325/3
f 331/325/3 333/138/3 334/126/3
f 335/306/5 337/304/5 336/327/5
f 336/327/5 337/304/5 338/328/5
f 339/329/5 341/330/5 340/331/5
f 340/331/5 341/330/5 342/332/5
f 343/333/5 345/334/5 344/335/5
f 344/335/5 345/334/5 346/336/5
f 347/337/5 349/338/5 348/339/5
f 348/339/5 349/338/5 350/340/5
f 351/341/5 353/342/5 352/343/5
f 352/343/5 353/342/5 354/344/5
f 355/345/5 357/346/5 356/347/5
f 356/347/5 357/346/5 358/348/5
f 359/349/5 361/350/5 360/351/5
f 360/351/5 361/350/5 362/352/5
f 363/353/5 365/354/5 364/355/5
f 364/355/5 365/354/5 366/356/5
f 367/357/5 369/358/5 368/359/5
f 368/359/5 369/358/5 370/360/5
f 371/361/5 373/362/5 372/363/5
f 372/363/5 373/362/5 374/364/5
f 375/199/5 377/365/5 376/366/5
f 376/366/5 377/365/5 378/367/5
f 379/368/5 381/369/5 380/370/5
f 380/370/5 381/369/5 382/371/5
f 383/372/5 385/373/5 384/374/5
f 384/374/5 385/373/5 386/375/5
f 385/373/5 387/376/5 386/375/5
f 386/375/5 387/376/5 388/377/5
f 387/376/5 389/378/5 388/377/5
f 388/377/5 389/378/5 390/379/5
f 389/378/5 391/380/5 390/379/5
f 385/373/5 392/381/5 387/376/5
f 387/376/5 392/381/5 393/382/5
f 392/381/5 394/383/5 393/382/5
f 395/384/2 396/385/2 397/386/2
f 396/385/2 398/125/2 397/386/2
f 397/387/2 398/388/2 399/389/2
f 398/388/2 400/390/2 399/389/2
f 399/389/2 400/390/2 401/391/2
f 400/390/2 402/56/2 401/391/2
f 397/387/2 399/389/2 403/392/2
f 403/392/2 399/389/2 404/393/2
f 399/389/2 405/394/2 404/393/2
f 406/395/2 407/396/2 408/397/2
f 407/396/2 409/398/2 408/397/2
f 410/399/2 411/400/2 412/401/2
f 411/400/2 413/402/2 412/401/2
f 414/403/2 415/404/2 416/405/2
f 415/404/2 417/406/2 416/405/2
f 418/407/2 419/408/2 420/403/2
f 419/408/2 421/404/2 420/403/2
f 422/409/2 423/410/2 424/411/2
f 423/410/2 425/412/2 424/411/2
f 426/413/4 427/414/4 428/415/4
f 427/414/4 429/416/4 428/415/4
f 430/417/2 431/418/2 432/419/2
f 431/418/2 433/420/2 432/419/2
f 434/421/2 435/422/2 436/423/2
f 435/422/2 437/424/2 436/423/2
f 438/425/2 439/426/2 440/427/2
f 439/426/2 441/428/2 440/427/2
f 442/429/2 443/430/2 444/431/2
f 443/430/2 445/432/2 444/431/2
f 446/433/2 447/434/2 448/435/2
f 447/434/2 449/436/2 448/435/2
f 450/437/2 451/438/2 452/439/2
f 451/438/2 453/440/2 452/439/2
f 454/441/2 455/442/11 456/443/2
f 456/443/2 455/442/11 457/444/2
f 457/444/2 455/442/11 458/445/2
f 458/445/2 455/442/11 459/446/2
f 459/446/2 455/442/11 460/447/2
f 460/447/2 455/442/11 461/448/2
f 461/448/2 455/442/11 462/449/2
f 462/449/2 455/442/11 463/450/2
f 455/442/11 464/451/2 463/450/2
f 463/450/2 464/451/2 465/452/2
f 464/451/2 466/453/2 465/452/2
f 465/452/2 466/453/2 467/454/2
f 466/453/2 468/455/2 467/454/2
f 467/454/2 468/455/2 469/456/2
f 468/455/2 470/457/2 469/456/2
f 469/456/2 470/457/2 471/458/2
f 470/457/2 472/459/2 471/458/2
f 455/125/11 473/125/11 464/125/2
f 464/460/2 473/461/11 474/462/2
f 473/461/11 475/463/2 474/462/2
f 476/464/2 477/465/2 466/453/2
f 477/465/2 468/455/2 466/453/2
f 468/125/2 478/125/2 470/125/2
f 478/466/2 480/467/2 479/468/2
f 479/468/2 480/467/2 481/469/2
f 482/470/4 484/471/4 483/472/4
f 484/471/4 485/473/4 483/472/4
f 485/473/4 486/474/4 483/472/4
f 486/474/4 487/475/4 483/472/4
f 487/475/4 488/476/4 483/472/4
f 483/472/4 488/476/4 489/477/4
f 488/476/4 490/478/4 489/477/4
f 489/477/4 490/478/4 491/479/4
f 490/478/4 492/480/4 491/479/4
f 491/479/4 492/480/4 493/481/4
f 492/480/4 494/482/4 493/481/4
f 493/481/4 494/482/4 495/483/4
f 494/482/4 496/484/4 495/483/4
f 495/483/4 496/484/4 497/485/4
f 496/484/4 498/486/4 497/485/4
f 499/487/5 500/488/5 501/489/5
f 500/488/5 502/490/5 501/489/5
f 501/489/5 502/490/5 503/491/5
f 502/490/5 504/492/5 503/491/5
f 503/491/5 504/492/5 505/493/5
f 504/492/5 506/494/5 505/493/5
f 505/493/5 506/494/5 507/495/5
f 506/494/5 508/496/5 507/495/5
f 507/495/5 508/496/5 509/497/5
f 508/496/5 510/498/5 509/497/5
f 500/488/5 511/499/5 502/490/5
f 503/491/5 505/493/5 512/500/5
f 512/500/5 505/493/5 513/501/5
f 506/494/5 514/502/5 508/496/5
f 508/496/5 514/502/5 515/503/5
f 514/502/5 516/504/5 515/503/5
f 515/503/5 516/504/5 517/505/5
f 516/504/5 518/506/5 517/505/5
f 517/505/5 518/506/5 519/507/5
f 518/506/5 520/508/5 519/507/5
f 519/507/5 520/508/5 521/509/5
f 520/508/5 522/510/5 521/509/5
f 515/503/5 517/505/5 523/511/5
f 517/505/5 524/512/5 523/511/5
f 518/506/5 525/513/5 520/508/5
f 525/513/5 526/514/5 520/508/5
f 527/515/2 528/516/2 529/517/2
f 528/516/2 530/518/2 529/517/2
f 529/517/2 530/518/2 531/519/2
f 528/516/2 532/520/2 530/518/2
f 530/518/2 532/520/2 533/521/2
f 532/520/2 534/522/2 533/521/2
f 533/521/2 534/522/2 535/523/2
f 534/522/2 536/524/2 535/523/2
f 535/523/2 536/524/2 537/525/2
f 536/524/2 538/526/2 537/525/2
f 537/525/2 538/526/2 539/527/2
f 538/526/2 540/528/2 539/527/2
f 533/521/2 535/523/2 541/529/2
f 535/523/2 542/530/2 541/529/2
f 536/524/2 543/531/2 538/526/2
f 538/526/2 543/531/2 544/532/2
f 543/531/2 545/294/2 544/532/2
f 544/532/2 545/294/2 546/533/2
f 545/294/2 547/534/2 546/533/2
f 543/125/2 548/125/2 545/125/2
f 549/535/2 551/536/2 550/537/2
f 550/537/2 551/536/2 552/538/2
f 553/539/2 555/540/2 554/541/2
f 554/541/2 555/540/2 556/542/2
f 557/543/2 559/544/2 558/545/2
f 558/545/2 559/544/2 560/546/2
f 561/547/5 563/548/5 562/549/5
f 562/549/5 563/548/5 564/550/5
f 563/548/5 565/551/5 564/550/5
f 562/549/5 564/550/5 566/552/5
f 564/550/5 567/553/5 566/552/5
f 566/552/5 567/553/5 568/554/5
f 567/553/5 569/555/5 568/554/5
f 564/550/5 570/556/5 567/553/5
f 570/556/5 571/557/5 567/553/5
f 567/553/5 571/557/5 572/558/5
f 571/557/5 573/559/5 572/558/5
f 572/558/5 573/559/5 574/560/5
f 573/559/5 575/561/5 574/560/5
f 573/559/5 571/557/5 576/562/5
f 571/557/5 577/563/5 576/562/5
f 577/563/5 578/564/5 576/562/5
f 576/562/5 578/564/5 579/565/5
f 577/563/5 571/557/5 580/566/5
f 571/557/5 581/567/5 580/566/5
f 580/566/5 581/567/5 582/568/5
f 583/569/5 584/570/5 571/571/5
f 585/125/5 586/125/5 571/125/5
f 587/572/2 589/573/2 588/574/2
f 588/574/2 589/573/2 590/575/2
f 591/576/4 593/577/4 592/578/4
f 592/578/4 593/577/4 594/579/4
f 595/580/2 597/581/2 596/582/2
f 596/582/2 597/581/2 598/583/2
f 599/584/2 601/585/2 600/586/2
f 601/585/2 602/587/2 600/586/2
f 602/587/2 603/588/2 600/586/2
f 603/588/2 604/589/2 600/586/2
f 600/586/2 604/589/2 605/590/2
f 604/589/2 606/591/2 605/590/2
f 605/590/2 606/591/2 607/592/2
f 604/589/2 608/593/2 606/591/2
f 609/125/2 610/594/2 604/595/2
f 611/596/2 613/597/2 612/598/2
f 612/598/2 613/597/2 614/599/2
f 615/600/3 617/601/3 616/602/3
f 617/601/3 618/603/3 616/602/3
f 618/603/3 619/604/3 616/602/3
f 619/604/3 620/605/3 616/602/3
f 620/605/3 621/606/3 616/602/3
f 621/606/3 622/607/3 616/602/3
f 616/602/3 622/607/3 623/608/3
f 622/607/3 624/609/3 623/608/3
f 623/608/3 624/609/3 625/610/3
f 624/609/3 626/611/3 625/610/3
f 622/607/3 627/612/3 624/609/3
f 624/609/3 627/612/3 628/613/3
f 627/612/3 629/614/3 628/613/3
f 628/613/3 629/614/3 630/615/3
f 629/614/3 631/616/3 630/615/3
f 630/615/3 631/616/3 632/617/3
f 631/616/3 633/618/3 632/617/3
f 633/618/3 634/619/3 632/617/3
f 632/617/3 634/619/3 635/620/3
f 628/613/3 630/615/3 636/621/3
f 636/621/3 630/615/3 637/622/3
f 632/125/3 639/125/12 638/125/3
f 638/623/3 639/147/12 640/624/3
f 639/147/12 641/625/3 640/624/3
f 642/626/2 643/627/2 644/628/2
f 643/627/2 645/629/2 644/628/2
f 646/630/2 647/631/2 648/632/2
f 647/631/2 649/633/2 648/632/2
f 650/634/2 651/635/2 652/636/2
f 651/635/2 653/637/2 652/636/2
f 654/638/2 655/639/2 656/640/2
f 655/639/2 657/641/2 656/640/2
f 658/642/2 659/643/2 660/644/2
f 659/643/2 661/645/2 660/644/2
f 662/345/2 663/347/2 664/646/2
f 663/347/2 665/647/2 664/646/2
f 666/648/2 667/649/2 668/650/2
f 667/649/2 669/355/2 668/650/2
f 670/651/2 671/652/2 672/653/2
f 671/652/2 673/654/2 672/653/2
f 674/655/2 675/656/2 676/657/2
f 675/656/2 677/658/2 676/657/2
f 678/659/2 679/660/2 680/661/2
f 679/660/2 681/662/2 680/661/2
f 682/663/2 683/664/2 684/665/2
f 683/664/2 685/666/2 684/665/2
f 686/667/2 687/668/2 688/669/2
f 687/668/2 689/670/2 688/669/2
f 690/671/2 691/672/2 692/673/2
f 691/672/2 693/674/2 692/673/2
f 694/675/2 695/676/2 696/677/2
f 696/677/2 695/676/2 697/678/2
f 695/676/2 698/679/2 697/678/2
f 697/678/2 698/679/2 699/680/2
f 699/680/2 698/679/2 700/681/2
f 698/679/2 701/682/2 700/681/2
f 700/681/2 701/682/2 702/683/2
f 701/682/2 703/684/2 702/683/2
f 702/683/2 703/684/2 704/685/2
f 704/685/2 703/684/2 705/686/2
f 703/125/2 706/125/2 705/125/2
f 705/687/2 706/688/2 707/689/2
f 706/688/2 708/690/2 707/689/2
f 695/125/2 709/125/11 698/125/2
f 709/691/11 710/692/2 698/693/2
f 698/693/2 710/692/2 711/694/2
f 699/125/2 712/125/2 697/125/2
f 701/682/2 713/695/2 703/684/2
f 713/695/2 714/696/2 703/684/2
f 704/685/2 705/686/2 715/697/2
f 705/686/2 716/698/2 715/697/2
f 715/697/2 716/698/2 717/699/2
f 717/699/2 716/698/2 718/700/2
f 716/698/2 719/701/2 718/700/2
f 720/702/2 721/703/2 722/704/2
f 721/703/2 723/705/2 722/704/2
f 724/706/2 725/707/2 726/708/2
f 725/707/2 727/709/2 726/708/2
f 728/710/2 729/711/2 730/712/2
f 729/711/2 731/713/2 730/712/2
f 732/714/2 733/715/2 734/716/2
f 733/715/2 735/717/2 734/716/2
f 736/718/2 737/719/2 738/720/2
f 737/719/2 739/721/2 738/720/2
f 740/722/2 741/426/2 742/723/2
f 741/426/2 743/724/2 742/723/2
f 744/725/2 745/726/2 746/727/2
f 745/726/2 747/728/2 746/727/2
f 748/729/2 749/730/2 750/731/2
f 750/731/2 749/730/2 751/732/2
f 749/730/2 752/733/2 751/732/2
f 751/734/2 752/125/2 753/735/2
f 752/125/2 754/125/10 753/125/2
f 749/730/2 755/736/2 752/733/2
f 756/737/2 757/738/2 749/739/2
f 758/740/2 759/741/2 760/742/2
f 759/741/2 761/85/2 760/742/2
f 762/743/2 763/744/2 764/745/2
f 763/744/2 765/746/2 764/745/2
f 766/747/3 767/748/3 768/471/3
f 767/748/3 769/749/3 768/471/3
f 768/471/3 769/749/3 770/750/3
f 769/749/3 771/751/3 770/750/3
f 771/751/3 772/752/3 770/750/3
f 770/750/3 772/752/3 773/753/3
f 772/752/3 774/754/3 773/753/3
f 773/753/3 774/754/3 775/755/3
f 774/754/3 776/756/3 775/755/3
f 775/755/3 776/756/3 777/757/3
f 770/758/3 778/759/3 768/125/3
f 768/125/3 778/759/3 779/760/3
f 780/761/2 782/762/2 781/763/2
f 781/763/2 782/762/2 783/764/2
f 784/765/3 786/766/3 785/767/3
f 785/767/3 786/766/3 787/768/3
f 787/768/3 786/766/3 788/769/3
f 786/766/3 789/770/3 788/769/3
f 788/769/3 789/770/3 790/771/3
f 789/770/3 791/772/3 790/771/3
f 785/767/3 787/768/3 792/773/3
f 787/768/3 793/774/3 792/773/3
f 789/770/3 786/766/3 794/775/3
f 786/766/3 795/776/3 794/775/3
f 794/775/3 795/776/3 796/777/3
f 795/776/3 797/778/3 796/777/3
f 796/777/3 797/778/3 798/779/3
f 797/778/3 799/780/3 798/779/3
f 799/780/3 800/781/3 798/779/3
f 798/779/3 800/781/3 801/782/3
f 794/775/3 796/777/3 802/783/3
f 802/783/3 796/777/3 803/784/3
f 804/785/3 805/786/3 786/787/3
f 786/787/3 805/786/3 806/788/3
f 807/789/4 809/790/4 808/791/4
f 808/791/4 809/790/4 810/792/4
f 811/793/4 813/794/4 812/795/4
f 812/795/4 813/794/4 814/796/4
f 815/797/4 817/798/4 816/799/4
f 816/799/4 817/798/4 818/800/4
f 819/801/3 821/802/3 820/803/3
f 821/802/3 822/804/3 820/803/3
f 822/804/3 823/805/3 820/803/3
f 823/805/3 824/806/3 820/803/3
f 824/806/3 825/807/3 820/803/3
f 820/803/3 825/807/3 826/808/3
f 825/807/3 827/809/3 826/808/3
f 826/808/3 827/809/3 828/810/3
f 827/809/3 829/811/3 828/810/3
f 825/807/3 830/812/3 827/809/3
f 827/809/3 830/812/3 831/813/3
f 830/812/3 832/814/3 831/813/3
f 831/813/3 832/814/3 833/815/3
f 832/814/3 834/816/3 833/815/3
f 833/815/3 834/816/3 835/817/3
f 834/816/3 836/818/3 835/817/3
f 835/817/3 836/818/3 837/819/3
f 836/818/3 838/820/3 837/819/3
f 837/819/3 838/820/3 839/821/3
f 838/820/3 840/822/3 839/821/3
f 840/822/3 841/823/3 839/821/3
f 839/821/3 841/823/3 842/824/3
f 831/813/3 833/815/3 843/825/3
f 843/825/3 833/815/3 844/826/3
f 837/819/3 845/827/3 835/817/3
f 835/817/3 845/827/3 846/828/3
f 847/829/4 849/830/4 848/831/4
f 848/831/4 849/830/4 850/832/4
f 851/833/4 853/834/4 852/835/4
f 852/835/4 853/834/4 854/551/4
f 854/551/4 853/834/4 855/836/4
f 855/836/4 853/834/4 856/837/4
f 853/834/4 857/838/4 856/837/4
f 856/837/4 857/838/4 858/839/4
f 857/838/4 859/840/4 858/839/4
f 858/839/4 859/840/4 860/841/4
f 859/840/4 861/842/4 860/841/4
f 860/841/4 861/842/4 862/843/4
f 861/842/4 863/844/4 862/843/4
f 862/843/4 863/844/4 864/845/4
f 857/838/4 865/846/4 859/840/4
f 859/840/4 865/846/4 866/847/4
f 860/841/4 862/843/4 867/848/4
f 862/843/4 868/849/4 867/848/4
f 867/848/4 868/849/4 869/850/4
f 868/849/4 870/851/4 869/850/4
f 869/850/4 871/852/4 867/848/4
f 872/853/4 874/854/4 873/855/4
f 873/855/4 874/854/4 875/856/4
f 876/857/5 878/858/5 877/859/5
f 877/859/5 878/858/5 879/860/5
f 880/861/4 882/862/4 881/863/4
f 881/863/4 882/862/4 883/864/4
f 884/865/4 886/866/4 885/867/4
f 886/866/4 887/868/4 885/867/4
f 887/868/4 888/869/4 885/867/4
f 888/869/4 889/870/4 885/867/4
f 889/870/4 890/871/4 885/867/4
f 890/871/4 891/872/4 885/867/4
f 891/872/4 892/873/4 885/867/4
f 885/867/4 892/873/4 893/874/4
f 892/873/4 894/875/4 893/874/4
f 893/874/4 894/875/4 895/876/4
f 894/875/4 896/877/4 895/876/4
f 892/873/4 897/878/4 894/875/4
f 894/875/4 897/878/4 898/879/4
f 897/878/4 899/880/4 898/879/4
f 898/879/4 899/880/4 900/881/4
f 899/880/4 901/882/4 900/881/4
f 900/881/4 901/882/4 902/883/4
f 901/882/4 903/884/4 902/883/4
f 903/884/4 904/885/4 902/883/4
f 902/883/4 904/885/4 905/886/4
f 898/879/4 900/881/4 906/887/4
f 906/887/4 900/881/4 907/888/4
f 908/889/4 910/890/4 909/891/4
f 909/891/4 910/890/4 911/892/4
f 912/893/4 914/894/4 913/895/4
f 913/895/4 914/894/4 915/896/4
f 916/897/4 918/898/4 917/643/4
f 917/643/4 918/898/4 919/899/4
f 920/900/4 922/901/4 921/902/4
f 921/902/4 922/901/4 923/903/4
f 924/904/4 926/905/4 925/906/4
f 926/905/4 927/907/4 925/906/4
f 927/907/4 928/908/4 925/906/4
f 925/906/4 928/908/4 929/909/4
f 928/908/4 930/910/4 929/909/4
f 929/909/4 930/910/4 931/911/4
f 930/910/4 932/912/4 931/911/4
f 931/911/4 932/912/4 933/913/4
f 932/912/4 934/914/4 933/913/4
f 933/913/4 934/914/4 935/915/4
f 934/914/4 936/916/4 935/915/4
f 929/909/4 931/911/4 937/917/4
f 931/911/4 938/918/4 937/917/4
f 932/912/4 939/919/4 934/914/4
f 934/914/4 939/919/4 940/920/4
f 939/919/4 941/921/4 940/920/4
f 940/920/4 941/921/4 942/922/4
f 941/921/4 943/923/4 942/922/4
f 942/922/4 943/923/4 944/924/4
f 943/923/4 945/925/4 944/924/4
f 944/924/4 945/925/4 946/926/4
f 940/920/4 942/922/4 947/927/4
f 947/927/4 942/922/4 948/928/4
f 943/923/4 949/209/4 945/925/4
f 950/929/4 951/930/4 952/931/4
f 951/930/4 953/932/4 952/931/4
f 954/933/4 955/934/4 956/935/4
f 955/934/4 957/936/4 956/935/4
f 958/937/4 959/938/4 960/939/4
f 959/938/4 961/940/4 960/939/4
f 962/941/4 963/942/4 964/943/4
f 964/943/4 963/942/4 965/944/4
f 965/944/4 963/942/4 966/945/4
f 963/942/4 967/946/4 966/945/4
f 966/945/4 967/946/4 968/947/4
f 967/946/4 969/948/4 968/947/4
f 968/947/4 969/948/4 970/949/4
f 966/945/4 968/947/4 971/950/4
f 968/947/4 972/951/4 971/950/4
f 971/950/4 972/951/4 973/952/4
f 972/951/4 974/953/4 973/952/4
f 973/952/4 974/953/4 975/954/4
f 974/953/4 976/955/4 975/954/4
f 975/954/4 976/955/4 977/956/4
f 976/955/4 978/957/4 977/956/4
f 977/956/4 978/957/4 979/958/4
f 972/951/4 980/959/4 974/953/4
f 974/953/4 980/959/4 981/960/4
f 975/954/4 977/956/4 982/961/4
f 977/956/4 983/962/4 982/961/4
f 982/961/4 983/962/4 984/963/4
f 983/962/4 985/964/4 984/963/4
f 984/963/4 986/965/4 982/961/4
f 987/966/4 989/967/4 988/968/4
f 988/968/4 989/967/4 990/969/4
f 991/970/4 993/971/4 992/972/4
f 992/972/4 993/971/4 994/973/4
f 995/974/4 997/975/4 996/976/4
f 996/976/4 997/975/4 998/977/4
f 999/978/4 1001/979/4 1000/802/4
f 1000/802/4 1001/979/4 1002/980/4
f 1002/980/4 1001/979/4 1003/981/4
f 1003/981/4 1001/979/4 1004/982/4
f 1004/982/4 1001/979/4 1005/983/4
f 1001/979/4 1006/984/4 1005/983/4
f 1005/983/4 1006/984/4 1007/985/4
f 1006/984/4 1008/986/4 1007/985/4
f 1007/985/4 1008/986/4 1009/987/4
f 1008/986/4 1010/988/4 1009/987/4
f 1009/987/4 1010/988/4 1011/989/4
f 1010/988/4 1012/990/4 1011/989/4
f 1011/989/4 1012/990/4 1013/991/4
f 1006/984/4 1014/992/4 1008/986/4
f 1008/986/4 1014/992/4 1015/993/4
f 1009/987/4 1011/989/4 1016/994/4
f 1011/989/4 1017/995/4 1016/994/4
f 1016/994/4 1017/995/4 1018/996/4
f 1017/995/4 1019/997/4 1018/996/4
f 1018/996/4 1019/997/4 1020/998/4
f 1019/997/4 1021/999/4 1020/998/4
f 1017/995/4 1022/1000/4 1019/997/4
f 1023/576/4 1025/1001/4 1024/1002/4
f 1024/1002/4 1025/1001/4 1026/1003/4
f 1027/1004/5 1029/1005/5 1028/1006/5
f 1029/1005/5 1030/1007/5 1028/1006/5
f 1030/1007/5 1031/1008/5 1028/1006/5
f 1031/1008/5 1032/1009/5 1028/1006/5
f 1028/1006/5 1032/1009/5 1033/1010/5
f 1032/1009/5 1034/1011/5 1033/1010/5
f 1033/1010/5 1034/1011/5 1035/1012/5
f 1034/1011/5 1036/1013/5 1035/1012/5
f 1032/1009/5 1037/1014/5 1034/1011/5
f 1034/1011/5 1037/1014/5 1038/1015/5
f 1037/1014/5 1039/1016/5 1038/1015/5
f 1038/1015/5 1039/1016/5 1040/1017/5
f 1039/1016/5 1041/1018/5 1040/1017/5
f 1040/1017/5 1041/1018/5 1042/1019/5
f 1041/125/5 1043/1020/5 1042/1021/5
f 1038/1015/5 1040/1017/5 1044/1022/5
f 1040/1017/5 1045/1023/5 1044/1022/5
f 1040/1017/5 1042/1019/5 1046/1024/5
f 1046/1024/5 1042/1019/5 1047/1025/5
f 1042/1019/5 1048/1026/5 1047/1025/5
f 1049/125/5 1050/125/5 1042/125/5
f 1051/1027/4 1053/1028/4 1052/1029/4
f 1052/1029/4 1053/1028/4 1054/1030/4
f 1055/1031/4 1057/1032/4 1056/1033/4
f 1056/1033/4 1057/1032/4 1058/1034/4
f 1057/1032/4 1059/1035/4 1058/1034/4
f 1058/1034/4 1059/1035/4 1060/1036/4
f 1059/1035/4 1061/1037/4 1060/1036/4
f 1060/1036/4 1061/1037/4 1062/1038/4
f 1061/1037/4 1063/1039/4 1062/1038/4
f 1059/1035/4 1064/1040/4 1061/1037/4
f 1061/1037/4 1064/1040/4 1065/1041/4
f 1064/1040/4 1066/1042/4 1065/1041/4
f 1065/1041/4 1066/1042/4 1067/1043/4
f 1066/1042/4 1068/1044/4 1067/1043/4
f 1064/1040/4 1069/1045/4 1066/1042/4
f 1066/1042/4 1069/1045/4 1070/1046/4
f 1069/1045/4 1071/1047/4 1070/1046/4
f 1070/1046/4 1071/1047/4 1072/1048/4
f 1071/1047/4 1073/1049/4 1072/1048/4
f 1072/1048/4 1073/1049/4 1074/1050/4
f 1073/1049/4 1075/1051/4 1074/1050/4
f 1075/1051/4 1076/1052/4 1074/1050/4
f 1074/1050/4 1076/1052/4 1077/1053/4
f 1070/1046/4 1072/1048/4 1078/1054/4
f 1078/1054/4 1072/1048/4 1079/1055/4
f 1080/1056/4 1082/1057/4 1081/1058/4
f 1081/1058/4 1082/1057/4 1083/1059/4
f 1082/1057/4 1084/1060/4 1083/1059/4
f 1083/1059/4 1084/1060/4 1085/1061/4
f 1084/1060/4 1086/1062/4 1085/1061/4
f 1082/1057/4 1087/1063/4 1084/1060/4
f 1087/1063/4 1088/1064/4 1084/1060/4
f 1084/1060/4 1088/1064/4 1089/1065/4
f 1084/382/4 1091/1066/4 1090/1067/4
f 1092/1068/4 1093/1069/4 1094/1070/4
f 1093/1069/4 1095/1071/4 1094/1070/4
f 1096/1072/4 1097/1073/4 1098/1074/4
f 1097/1073/4 1099/1075/4 1098/1074/4
f 1100/1076/4 1101/1077/4 1102/1078/4
f 1101/1077/4 1103/1079/4 1102/1078/4
f 1104/1080/4 1105/1081/4 1106/1082/4
f 1105/1081/4 1107/1083/4 1106/1082/4
f 1108/1084/4 1109/1085/4 1110/1086/4
f 1109/1085/4 1111/1087/4 1110/1086/4
f 1112/1088/4 1113/1089/4 1114/1090/4
f 1113/1089/4 1115/1091/4 1114/1090/4
f 1116/1092/4 1117/1093/4 1118/1094/4
f 1117/1093/4 1119/1095/4 1118/1094/4
f 1120/297/4 1121/1096/4 1122/295/4
f 1121/1096/4 1123/1097/4 1122/295/4
f 1124/1098/4 1125/1099/4 1126/1100/4
f 1125/1099/4 1127/1101/4 1126/1100/4
f 1128/1102/4 1129/1103/4 1130/1104/4
f 1129/1103/4 1131/1105/4 1130/1104/4
f 1132/760/10 1133/1106/3 1134/125/3
f 1133/1107/3 1135/1108/3 1134/1109/3
f 1134/1109/3 1135/1108/3 1136/1110/3
f 1136/1110/3 1135/1108/3 1137/1111/3
f 1135/1108/3 1138/1112/3 1137/1111/3
f 1133/1107/3 1139/1113/3 1135/1108/3
f 1135/1108/3 1139/1113/3 1140/1114/3
f 1139/1113/3 1141/1115/3 1140/1114/3
f 1141/1115/3 1142/1116/3 1140/1114/3
f 1142/1116/3 1143/1117/3 1140/1114/3
f 1143/1117/3 1144/1118/3 1140/1114/3
f 1144/1118/3 1145/1119/3 1140/1114/3
f 1145/1119/3 1146/1120/3 1140/1114/3
f 1140/1114/3 1146/1120/3 1147/1121/3
f 1148/1122/4 1150/1123/4 1149/1124/4
f 1149/1124/4 1150/1123/4 1151/1125/4
f 1152/1126/4 1154/1127/4 1153/188/4
f 1153/188/4 1154/1127/4 1155/1128/4
f 1156/1129/4 1158/1130/4 1157/1131/4
f 1157/1131/4 1158/1130/4 1159/1132/4
f 1158/1130/4 1160/1133/4 1159/1132/4
f 1157/1131/4 1159/1132/4 1161/1134/4
f 1159/1132/4 1162/1135/4 1161/1134/4
f 1161/1134/4 1162/1135/4 1163/1136/4
f 1162/1135/4 1164/1137/4 1163/1136/4
f 1163/1136/4 1164/1137/4 1165/1138/4
f 1164/1137/4 1166/1139/4 1165/1138/4
f 1165/1138/4 1166/1139/4 1167/1140/4
f 1166/1139/4 1168/1141/4 1167/1140/4
f 1161/1134/4 1163/1136/4 1169/1142/4
f 1163/1136/4 1170/1143/4 1169/1142/4
f 1164/1137/4 1171/1144/4 1166/1139/4
f 1166/1139/4 1171/1144/4 1172/1145/4
f 1171/1144/4 1173/1146/4 1172/1145/4
f 1172/1145/4 1173/1146/4 1174/1147/4
f 1173/1146/4 1175/1148/4 1174/1147/4
f 1174/1147/4 1175/1148/4 1176/1149/4
f 1175/1148/4 1177/1150/4 1176/1149/4
f 1177/1150/4 1178/1151/4 1176/1149/4
f 1176/1149/4 1178/1151/4 1179/1152/4
f 1172/1145/4 1174/1147/4 1180/1153/4
f 1180/1153/4 1174/1147/4 1181/1154/4
f 1182/1155/4 1184/1156/4 1183/1157/4
f 1183/1157/4 1184/1156/4 1185/1158/4
f 1186/1159/4 1188/1160/4 1187/1161/4
f 1187/1161/4 1188/1160/4 1189/1162/4
f 1190/1163/4 1192/1164/4 1191/1165/4
f 1191/1165/4 1192/1164/4 1193/1166/4
f 1194/1167/4 1196/1168/4 1195/1169/4
f 1195/1169/4 1196/1168/4 1197/1170/4
f 1198/1171/4 1200/1172/4 1199/1173/4
f 1199/1173/4 1200/1172/4 1201/1174/4
f 1202/1175/4 1204/1176/4 1203/1177/4
f 1203/1177/4 1204/1176/4 1205/1178/4
f 1206/1179/4 1208/1180/4 1207/1181/4
f 1207/1181/4 1208/1180/4 1209/1182/4
f 1210/1183/4 1212/1184/4 1211/1185/4
f 1211/1185/4 1212/1184/4 1213/1186/4
f 1214/1187/4 1216/1188/4 1215/1189/4
f 1215/1189/4 1216/1188/4 1217/1190/4
f 1218/1188/4 1220/1191/4 1219/1190/4
f 1219/1190/4 1220/1191/4 1221/1192/4
f 1222/1193/4 1224/1194/4 1223/1195/4
f 1223/1195/4 1224/1194/4 1225/1196/4
f 1226/1197/4 1228/1198/4 1227/1199/4
f 1227/1199/4 1228/1198/4 1229/1200/4
f 1230/1201/4 1232/1202/4 1231/1203/4
f 1231/1203/4 1232/1202/4 1233/1204/4
f 1234/1205/4 1236/1206/4 1235/1207/4
f 1235/1207/4 1236/1206/4 1237/1208/4
f 1238/1209/4 1240/1210/4 1239/1211/4
f 1239/1211/4 1240/1210/4 1241/1212/4
f 1242/424/3 1244/1213/3 1243/1214/3
f 1243/1214/3 1244/1213/3 1245/1215/3
f 1246/1216/3 1248/1217/3 1247/1218/3
f 1247/1218/3 1248/1217/3 1249/1219/3
f 1250/1220/3 1252/1221/3 1251/1222/3
f 1251/1222/3 1252/1221/3 1253/1223/3
f 1254/1224/3 1256/1225/3 1255/1226/3
f 1255/1226/3 1256/1225/3 1257/1227/3
f 1258/1228/3 1260/1229/3 1259/1230/3
f 1259/1230/3 1260/1229/3 1261/1231/3
f 1262/1232/3 1264/1091/3 1263/1233/3
f 1263/1233/3 1264/1091/3 1265/1234/3
f 1266/1235/3 1268/1236/3 1267/1237/3
f 1267/1237/3 1268/1236/3 1269/1238/3
f 1270/1239/3 1272/1240/3 1271/1241/3
f 1271/1241/3 1272/1240/3 1273/1242/3
f 1274/1243/3 1276/1244/3 1275/1245/3
f 1275/1245/3 1276/1244/3 1277/1246/3
f 1277/1246/3 1276/1244/3 1278/1247/3
f 1278/1247/3 1276/1244/3 1279/1248/3
f 1279/1248/3 1276/1244/3 1280/1249/3
f 1276/1244/3 1281/1250/3 1280/1249/3
f 1280/1249/3 1281/1250/3 1282/1251/3
f 1280/125/3 1284/125/3 1283/125/3
f 1285/1252/3 1283/1253/3 1286/1254/3
f 1283/1253/3 1287/1255/3 1286/1254/3
f 1288/1256/2 1289/1257/2 1290/1258/2
f 1289/1257/2 1291/1259/2 1290/1258/2
f 1291/1259/2 1292/1260/2 1290/1258/2
f 1292/1260/2 1293/1261/2 1290/1258/2
f 1293/1261/2 1294/1262/2 1290/1258/2
f 1294/1262/2 1295/1263/2 1290/1258/2
f 1290/1258/2 1295/1263/2 1296/1264/2
f 1295/1263/2 1297/1265/2 1296/1264/2
f 1296/1264/2 1297/1265/2 1298/1266/2
f 1297/1265/2 1299/1267/2 1298/1266/2
f 1298/1266/2 1299/1267/2 1300/1268/2
f 1299/1267/2 1301/1269/2 1300/1268/2
f 1301/1269/2 1302/1270/2 1300/1268/2
f 1300/1268/2 1302/1270/2 1303/1271/2
f 1296/1264/2 1298/1266/2 1304/1272/2
f 1304/1272/2 1298/1266/2 1305/1273/2
f 1300/125/10 1307/125/13 1306/125/2
f 1306/1274/2 1307/1275/13 1308/1276/2
f 1307/1275/13 1309/1277/2 1308/1276/2
f 1310/1278/3 1311/1279/3 1312/1280/3
f 1311/1279/3 1313/1281/3 1312/1280/3
f 1314/1282/3 1315/1283/3 1316/1284/3
f 1315/1283/3 1317/1285/3 1316/1284/3
f 1318/1286/3 1319/1287/3 1320/1288/3
f 1319/1287/3 1321/1289/3 1320/1288/3
f 1322/1290/3 1323/1291/3 1324/1292/3
f 1323/1291/3 1325/1293/3 1324/1292/3
f 1326/376/5 1327/1294/5 1328/378/14
f 1327/1294/5 1329/1295/5 1328/378/14
f 1329/1295/5 1330/1296/5 1328/378/14
f 1330/1296/5 1331/1297/5 1328/378/14
f 1331/1297/5 1332/1298/5 1328/378/14
f 1332/1298/5 1333/1299/5 1328/378/14
f 1333/1299/5 1334/1300/5 1328/378/14
f 1334/1300/5 1335/1301/5 1328/378/14
f 1335/1301/5 1336/1302/5 1328/378/14
f 1328/378/14 1336/1302/5 1337/1303/5
f 1338/1304/3 1340/1305/3 1339/1306/3
f 1339/1306/3 1340/1305/3 1341/1307/3
f 1342/1308/3 1344/1309/3 1343/1310/3
f 1343/1310/3 1344/1309/3 1345/1311/3
f 1346/1312/3 1348/1313/3 1347/1314/3
f 1347/1314/3 1348/1313/3 1349/1315/3
f 1350/1316/3 1352/1317/3 1351/538/3
f 1351/538/3 1352/1317/3 1353/537/3
f 1354/1318/2 1356/1319/2 1355/1320/2
f 1356/1319/2 1357/1321/2 1355/1320/2
f 1357/1321/2 1358/1322/2 1355/1320/2
f 1358/1322/2 1359/1323/2 1355/1320/2
f 1359/1323/2 1360/1324/2 1355/1320/2
f 1355/1320/2 1360/1324/2 1361/1325/2
f 1360/1324/2 1362/1326/2 1361/1325/2
f 1361/1325/2 1362/1326/2 1363/1327/2
f 1362/1326/2 1364/1328/2 1363/1327/2
f 1363/1327/2 1364/1328/2 1365/1329/2
f 1364/1328/2 1366/1330/2 1365/1329/2
f 1365/1329/2 1366/1330/2 1367/1331/2
f 1361/1325/2 1363/1327/2 1368/1332/2
f 1368/1332/2 1363/1327/2 1369/1333/2
f 1364/1328/2 1370/1334/2 1366/1330/2
f 1371/1335/3 1372/1336/3 1373/1337/3
f 1372/1336/3 1374/1338/3 1373/1337/3
f 1375/1339/3 1376/1340/3 1377/1341/3
f 1376/1340/3 1378/1342/3 1377/1341/3
f 1379/107/3 1380/100/3 1381/1343/3
f 1380/100/3 1382/1344/3 1381/1343/3
f 1381/1343/3 1382/1344/3 1383/1345/3
f 1382/1344/3 1384/1346/3 1383/1345/3
f 1384/1346/3 1385/1347/3 1383/1345/3
f 1383/1345/3 1385/1347/3 1386/1348/3
f 1385/1347/3 1387/1349/3 1386/1348/3
f 1386/1348/3 1387/1349/3 1388/1350/3
f 1387/1349/3 1389/1351/3 1388/1350/3
f 1380/100/3 1390/1352/3 1382/1344/3
f 1391/1353/3 1392/1354/3 1383/1355/3
f 1383/1355/3 1392/1354/3 1393/1356/3
f 1394/125/3 1395/125/3 1385/125/3
f 1387/1349/3 1385/1347/3 1396/1357/3
f 1385/1347/3 1397/1358/3 1396/1357/3
f 1397/1358/3 1398/122/3 1396/1357/3
f 1396/1357/3 1398/122/3 1399/116/3
f 1400/1359/5 1402/1360/5 1401/1361/5
f 1402/1360/5 1403/1362/5 1401/1361/5
f 1401/1361/5 1403/1362/5 1404/1363/5
f 1403/1362/5 1405/1364/5 1404/1363/5
f 1401/1361/5 1404/1363/5 1406/1365/5
f 1404/1363/5 1407/1366/5 1406/1365/5
f 1406/1365/5 1407/1366/5 1408/1367/5
f 1407/1366/5 1409/1368/5 1408/1367/5
f 1404/1363/5 1410/1369/5 1407/1366/5
f 1411/1370/5 1404/1363/5 1412/1371/5
f 1412/1371/5 1404/1363/5 1413/1372/5
f 1413/1372/5 1404/1363/5 1414/1373/5
f 1404/1363/5 1405/1364/5 1414/1373/5
f 1405/1364/5 1415/1374/5 1414/1373/5
f 1414/1373/5 1415/1374/5 1416/1375/5
f 1404/1376/5 1418/1377/5 1417/216/5
f 1410/1378/5 1417/1379/5 1419/1380/5
f 1417/1379/5 1420/1381/5 1419/1380/5
f 1421/1382/3 1422/1383/3 1423/1384/3
f 1422/1383/3 1424/205/3 1423/1384/3
f 1425/1385/3 1426/1386/3 1427/1387/3
f 1426/1386/3 1428/1388/3 1427/1387/3
f 1429/573/3 1430/572/3 1431/1389/3
f 1430/572/3 1432/1390/3 1431/1389/3
f 1433/1391/3 1434/1392/3 1435/1393/3
f 1434/1392/3 1436/1394/3 1435/1393/3
f 1437/1395/3 1438/1396/3 1439/1397/3
f 1438/1396/3 1440/1398/3 1439/1397/3
f 1441/1399/3 1442/1400/3 1443/1401/3
f 1442/1400/3 1444/1402/3 1443/1401/3
f 1445/1403/3 1446/1404/3 1447/1405/3
f 1446/1404/3 1448/1406/3 1447/1405/3
f 1449/1159/3 1450/1161/3 1451/1407/3
f 1450/1161/3 1452/1408/3 1451/1407/3
f 1453/1409/3 1454/1410/3 1455/333/3
f 1454/1410/3 1456/1411/3 1455/333/3
f 1457/1412/3 1458/1413/3 1459/1414/3
f 1458/1413/3 1460/1415/3 1459/1414/3
f 1461/1416/3 1462/1417/3 1463/1174/3
f 1462/1417/3 1464/1173/3 1463/1174/3
f 1465/1418/3 1466/1419/3 1467/763/3
f 1466/1419/3 1468/649/3 1467/763/3
f 1469/1420/3 1470/1421/3 1471/1200/3
f 1470/1421/3 1472/1422/3 1471/1200/3
f 1473/1423/3 1474/1424/3 1475/1425/3
f 1474/1424/3 1476/1426/3 1475/1425/3
f 1477/1427/3 1478/1428/3 1479/1429/3
f 1478/1428/3 1480/1430/3 1479/1429/3
f 1481/1431/3 1482/1432/3 1483/1433/3
f 1482/1432/3 1484/1434/3 1483/1433/3
f 1485/1435/3 1486/1436/3 1487/1437/3
f 1486/1436/3 1488/1438/3 1487/1437/3
f 1489/1439/3 1490/398/3 1491/1440/3
f 1490/398/3 1492/396/3 1491/1440/3
f 1493/1441/3 1494/1442/3 1495/1443/3
f 1494/1442/3 1496/1444/3 1495/1443/3
f 1497/1445/3 1498/974/3 1499/1446/3
f 1498/974/3 1500/1447/3 1499/1446/3
f 1501/1448/3 1502/1449/3 1503/1442/3
f 1502/1449/3 1504/1450/3 1503/1442/3
f 1505/1451/3 1506/1452/3 1507/1453/3
f 1506/1452/3 1508/1454/3 1507/1453/3
f 1509/574/3 1510/1455/3 1511/1456/3
f 1510/1455/3 1512/1457/3 1511/1456/3
f 1513/1458/2 1514/1459/2 1515/1460/2
f 1514/1459/2 1516/1461/2 1515/1460/2
f 1515/1460/2 1516/1461/2 1517/1462/2
f 1514/1459/2 1518/1463/2 1516/1461/2
f 1516/1461/2 1518/1463/2 1519/1464/2
f 1519/1464/2 1518/1463/2 1520/1465/2
f 1518/1463/2 1521/1466/2 1520/1465/2
f 1520/1465/2 1521/1466/2 1522/1467/2
f 1521/1466/2 1523/1468/2 1522/1467/2
f 1522/1467/2 1523/1468/2 1524/1469/2
f 1523/1468/2 1525/1470/2 1524/1469/2
f 1524/1469/2 1525/1470/2 1526/1471/2
f 1526/1471/2 1525/1470/2 1527/1472/2
f 1527/1472/2 1525/1470/2 1528/1473/2
f 1525/1470/2 1529/1474/2 1528/1473/2
f 1528/1473/2 1529/1474/2 1530/1475/2
f 1529/1474/2 1531/1476/2 1530/1475/2
f 1521/1466/2 1532/1477/2 1523/1468/2
f 1532/1477/2 1533/1478/2 1523/1468/2
f 1523/125/2 1534/125/2 1525/125/2
f 1534/1479/2 1535/1480/2 1525/1481/2
f 1525/1481/2 1535/1480/2 1536/1482/2
f 1530/1475/2 1537/1483/2 1528/1473/2
f 1538/1484/3 1539/1485/3 1540/1486/3
f 1539/1485/3 1541/1487/3 1540/1486/3
f 1542/1488/3 1543/1489/3 1544/1490/3
f 1543/1489/3 1545/1491/3 1544/1490/3
f 1546/1492/3 1547/1493/3 1548/1494/3
f 1547/1493/3 1549/1495/3 1548/1494/3
f 1550/1496/3 1551/1497/3 1552/1498/3
f 1551/1497/3 1553/1499/3 1552/1498/3
f 1554/1500/3 1555/1501/3 1556/1502/3
f 1555/1501/3 1557/370/3 1556/1502/3
f 1558/1503/2 1559/1504/2 1560/1505/2
f 1559/1504/2 1561/1506/2 1560/1505/2
f 1560/1505/2 1561/1506/2 1562/1507/2
f 1559/1504/2 1563/1508/2 1561/1506/2
f 1561/1506/2 1563/1508/2 1564/1509/2
f 1563/1508/2 1565/1510/2 1564/1509/2
f 1564/1509/2 1565/1510/2 1566/1511/2
f 1565/1510/2 1567/1512/2 1566/1511/2
f 1566/1511/2 1567/1512/2 1568/1513/2
f 1567/1512/2 1569/1514/2 1568/1513/2
f 1568/1513/2 1569/1514/2 1570/1515/2
f 1569/1514/2 1571/1516/2 1570/1515/2
f 1564/1509/2 1566/1511/2 1572/1517/2
f 1566/1511/2 1573/1518/2 1572/1517/2
f 1567/1512/2 1574/1519/2 1569/1514/2
f 1569/1514/2 1574/1519/2 1575/1520/2
f 1574/1519/2 1576/1521/2 1575/1520/2
f 1575/1520/2 1576/1521/2 1577/1522/2
f 1576/1521/2 1578/1523/2 1577/1522/2
f 1574/125/2 1579/125/2 1576/125/2
f 1580/1524/3 1582/1525/3 1581/1526/3
f 1581/1526/3 1582/1525/3 1583/1527/3
f 1584/1528/3 1586/1529/3 1585/1530/3
f 1585/1530/3 1586/1529/3 1587/1531/3
f 1588/1532/3 1590/641/3 1589/1533/3
f 1589/1533/3 1590/641/3 1591/1534/3
f 1592/1535/3 1594/253/3 1593/1536/3
f 1593/1536/3 1594/253/3 1595/1537/3
f 1596/1538/4 1598/1539/4 1597/1540/4
f 1598/1539/4 1599/1541/4 1597/1540/4
f 1599/1541/4 1600/1542/4 1597/1540/4
f 1600/1542/4 1601/1543/4 1597/1540/4
f 1601/1543/4 1602/1544/4 1597/1540/4
f 1602/1544/4 1603/1545/4 1597/1540/4
f 1603/1545/4 1604/1546/4 1597/1540/4
f 1597/1540/4 1604/1546/4 1605/1547/4
f 1604/1546/4 1606/1548/4 1605/1547/4
f 1605/1547/4 1606/1548/4 1607/1549/4
f 1606/1548/4 1608/1550/4 1607/1549/4
f 1604/1546/4 1609/1551/4 1606/1548/4
f 1606/1548/4 1609/1551/4 1610/1552/4
f 1609/1551/4 1611/1553/4 1610/1552/4
f 1610/1552/4 1611/1553/4 1612/1554/4
f 1611/1553/4 1613/1555/4 1612/1554/4
f 1612/1554/4 1613/1555/4 1614/1556/4
f 1613/1555/4 1615/1557/4 1614/1556/4
f 1614/1556/4 1615/1557/4 1616/1558/4
f 1610/1552/4 1612/1554/4 1617/1559/4
f 1617/1559/4 1612/1554/4 1618/1560/4
f 1613/1555/4 1619/1561/4 1615/1557/4
s 0
f 1620/1562/1 1621/1563/1 1622/1564/1
f 1621/1563/1 1623/1565/1 1622/1564/1
f 1624/1566/9 1625/1567/9 1626/1568/9
f 1625/1567/9 1627/1569/9 1626/1568/9
f 1628/1570/9 1629/1571/9 1627/1572/9
f 1629/1571/9 1630/1573/9 1627/1572/9
f 1627/1572/9 1630/1573/9 1631/1574/9
s 1
f 1632/1575/9 1629/1576/15 1633/1577/9
f 1633/125/9 1629/125/15 1634/125/9
s 0
f 1631/1578/9 1636/1579/9 1635/1580/9
f 1635/1580/9 1636/1579/9 1637/1581/9
f 1638/1582/9 1639/1583/9 1635/1584/9
f 1639/1583/9 1640/1585/9 1635/1584/9
f 1635/1584/9 1640/1585/9 1641/1586/9
f 1641/1587/9 1643/1588/9 1642/1589/9
f 1641/1590/9 1644/1591/9 1645/1592/9
f 1646/1593/9 1641/1594/9 1647/1595/9
f 1647/1595/9 1641/1594/9 1648/1596/9
f 1648/1596/9 1641/1594/9 1649/1597/9
f 1641/1594/9 1650/1598/9 1649/1597/9
s 1
f 1651/1599/16 1652/1600/16 1653/1601/16
f 1654/1602/5 1656/1603/5 1655/1604/5
f 1655/1604/5 1656/1603/5 1657/1605/5
f 1658/1606/3 1660/1607/3 1659/1608/3
f 1659/1608/3 1660/1607/3 1661/1609/3
f 1662/1610/2 1664/1611/2 1663/1612/2
f 1663/1612/2 1664/1611/2 1665/1613/2
f 1666/1614/2 1668/1615/2 1667/1616/2
f 1667/1616/2 1668/1615/2 1669/1617/2
f 1670/1618/5 1672/1619/5 1671/1620/5
f 1671/1620/5 1672/1619/5 1673/1621/5
f 1674/1622/5 1676/1623/5 1675/1624/5
f 1675/1624/5 1676/1623/5 1677/1625/5
f 1678/1626/5 1680/1627/5 1679/1628/5
f 1679/1628/5 1680/1627/5 1681/1342/5
f 1682/1629/4 1684/1630/4 1683/1631/4
f 1683/1631/4 1684/1630/4 1685/1632/4
s 0
f 1686/1633/9 1688/1634/9 1687/1635/9
f 1686/1636/9 1689/1637/9 1690/1638/9
s 1
f 1691/125/1 1693/125/1 1692/125/1
f 1691/125/1 1694/125/1 1695/125/1
s 0
f 1696/1639/9 1698/1640/9 1697/1641/9
f 1698/1640/9 1699/1642/9 1697/1641/9
f 1697/1641/9 1699/1642/9 1700/1643/9
s 1
f 1701/1644/3 1703/1645/3 1702/1646/3
f 1702/1646/3 1703/1645/3 1704/1647/3
f 1705/1648/3 1707/1649/3 1706/1650/3
f 1706/1650/3 1707/1649/3 1708/1651/3
f 1709/1652/4 1711/1653/4 1710/1654/4
f 1710/1654/4 1711/1653/4 1712/1655/4
f 1713/1656/2 1715/1657/2 1714/1658/2
f 1714/1658/2 1715/1657/2 1716/1659/2
f 1717/1660/5 1719/1661/5 1718/179/5
f 1718/179/5 1719/1661/5 1720/1662/5
f 1721/1663/5 1723/1664/5 1722/1665/5
f 1722/1665/5 1723/1664/5 1724/1666/5
s 0
f 1725/1667/1 1727/1668/1 1726/1669/1
f 1726/1669/1 1727/1668/1 1728/1670/1
f 1729/1671/1 1731/1672/1 1730/1673/1
f 1730/1673/1 1731/1672/1 1732/1674/1
f 1733/1675/1 1735/1676/1 1734/1677/1
f 1734/1677/1 1735/1676/1 1736/1678/1
f 1737/1679/1 1739/1680/1 1738/1681/1
f 1738/1681/1 1739/1680/1 1740/1682/1
f 1741/1683/1 1743/1684/1 1742/1557/1
f 1742/1557/1 1743/1684/1 1744/1685/1
f 1745/1686/1 1747/1687/1 1746/1688/1
f 1746/1688/1 1747/1687/1 1748/1689/1
f 1749/1690/1 1751/1691/1 1750/1692/1
f 1750/1692/1 1751/1691/1 1752/1693/1
f 1753/1694/1 1755/1695/1 1754/1696/1
f 1754/1696/1 1755/1695/1 1756/1697/1
f 1757/1698/1 1759/1699/1 1758/1700/1
f 1758/1700/1 1759/1699/1 1760/1701/1
f 1761/1702/1 1763/1703/1 1762/1704/1
f 1762/1704/1 1763/1703/1 1764/1705/1
f 1765/1706/1 1767/1707/1 1766/1708/1
f 1766/1708/1 1767/1707/1 1768/1709/1
s 1
f 1769/1710/2 1771/1711/2 1770/1712/2
f 1770/1712/2 1771/1711/2 1772/1713/2
f 1773/1714/5 1775/1715/5 1774/1716/5
f 1774/1716/5 1775/1715/5 1776/1717/5
f 1777/1718/2 1779/1719/2 1778/1644/2
f 1778/1644/2 1779/1719/2 1780/269/2
f 1781/1720/5 1783/1721/5 1782/1722/5
f 1782/1722/5 1783/1721/5 1784/1723/5
f 1785/1724/3 1787/32/3 1786/1725/3
f 1786/1725/3 1787/32/3 1788/1726/3
f 1789/1727/5 1791/1728/5 1790/1729/5
f 1790/1729/5 1791/1728/5 1792/1730/5
f 1793/1731/2 1795/1732/2 1794/1733/2
f 1794/1733/2 1795/1732/2 1796/1734/2
f 1797/1735/4 1799/1736/4 1798/1737/4
f 1798/1737/4 1799/1736/4 1800/1738/4
f 1801/1739/3 1803/1740/3 1802/1741/3
f 1802/1741/3 1803/1740/3 1804/1742/3
f 1805/1743/5 1807/1744/5 1806/1745/5
f 1806/1745/5 1807/1744/5 1808/1746/5
s 0
f 1809/1747/1 1811/1748/1 1810/1749/1
f 1810/1749/1 1811/1748/1 1812/1750/1
f 1813/1751/1 1815/1752/1 1814/1753/1
f 1814/1753/1 1815/1752/1 1816/1754/1
f 1817/1755/1 1819/1756/1 1818/1757/1
f 1818/1757/1 1819/1756/1 1820/1758/1
f 1821/1759/1 1823/1760/1 1822/997/1
f 1822/997/1 1823/1760/1 1824/1761/1
f 1825/1762/1 1827/1763/1 1826/1764/1
f 1826/1764/1 1827/1763/1 1828/1765/1
s 1
f 1829/1766/4 1831/1767/4 1830/1768/4
f 1830/1768/4 1831/1767/4 1832/1769/4
f 1833/1594/3 1835/1770/3 1834/1771/3
f 1834/1771/3 1835/1770/3 1836/1772/3
f 1837/1773/17 1839/1774/17 1838/1775/18
f 1839/1774/17 1840/1776/17 1838/1775/18
f 1840/1776/17 1841/1777/17 1838/1775/18
f 1838/1775/18 1841/1777/17 1842/1778/18
f 1843/1779/5 1845/1780/5 1844/1533/5
f 1844/1533/5 1845/1780/5 1846/1075/5
f 1847/1781/2 1849/1782/2 1848/1783/2
f 1848/1783/2 1849/1782/2 1850/1784/2
f 1851/1785/3 1853/1786/3 1852/1787/3
f 1852/1787/3 1853/1786/3 1854/1788/3
f 1855/1789/3 1857/1790/3 1856/1791/3
f 1856/1791/3 1857/1790/3 1858/1792/3
f 1859/1793/2 1861/1794/2 1860/1795/2
f 1860/1795/2 1861/1794/2 1862/1796/2
f 1863/1797/2 1865/1798/2 1864/1799/2
f 1864/1799/2 1865/1798/2 1866/666/2
f 1867/1800/5 1869/1801/5 1868/1802/5
f 1868/1802/5 1869/1801/5 1870/1803/5
f 1871/1804/5 1873/1805/5 1872/1806/5
f 1872/1806/5 1873/1805/5 1874/1807/5
f 1875/1808/4 1877/1809/4 1876/1810/4
f 1876/1810/4 1877/1809/4 1878/1811/4
f 1879/1812/3 1881/1813/3 1880/1814/3
f 1880/1814/3 1881/1813/3 1882/1815/3
f 1883/1816/4 1885/1817/4 1884/1818/4
f 1884/1818/4 1885/1817/4 1886/1819/4
f 1887/1820/3 1889/1821/3 1888/1822/3
f 1888/1822/3 1889/1821/3 1890/1823/3
f 1891/1824/5 1893/1825/5 1892/1826/5
f 1892/1826/5 1893/1825/5 1894/1827/5
f 1895/1828/2 1897/1829/2 1896/1830/2
f 1896/1830/2 1897/1829/2 1898/1831/2
f 1899/1832/4 1901/1833/4 1900/1834/4
f 1900/1834/4 1901/1833/4 1902/1835/4
f 1903/1836/5 1905/1837/5 1904/1838/5
f 1904/1838/5 1905/1837/5 1906/633/5
f 1907/1839/5 1909/1840/5 1908/1841/5
f 1908/1841/5 1909/1840/5 1910/1842/5
f 1911/1843/5 1913/1844/5 1912/1845/5
f 1912/1845/5 1913/1844/5 1914/1846/5
f 1915/1847/5 1917/1848/5 1916/1849/5
f 1916/1849/5 1917/1848/5 1918/1099/5
f 1919/1850/5 1921/1851/5 1920/1852/5
f 1920/1852/5 1921/1851/5 1922/1853/5
f 1923/1854/5 1925/1855/5 1924/1856/5
f 1924/1856/5 1925/1855/5 1926/1857/5
f 1927/1858/3 1929/1859/3 1928/1860/3
f 1928/1860/3 1929/1859/3 1930/1861/3
f 1931/1862/3 1933/1863/3 1932/1864/3
f 1932/1864/3 1933/1863/3 1934/1865/3
f 1935/1866/3 1937/1867/3 1936/1868/3
f 1936/1868/3 1937/1867/3 1938/1869/3
f 1939/1863/3 1941/1870/3 1940/1865/3
f 1940/1865/3 1941/1870/3 1942/1871/3
f 1943/1870/3 1945/1786/3 1944/1871/3
f 1944/1871/3 1945/1786/3 1946/1785/3
f 1947/1872/3 1949/1873/3 1948/1874/3
f 1948/1874/3 1949/1873/3 1950/1875/3
f 1951/761/3 1953/1876/3 1952/1877/3
f 1952/1877/3 1953/1876/3 1954/1878/3
f 1955/1879/2 1957/1880/2 1956/1881/2
f 1956/1881/2 1957/1880/2 1958/1882/2
f 1959/1883/2 1961/1884/2 1960/1885/2
f 1960/1885/2 1961/1884/2 1962/1886/2
f 1963/1887/2 1965/1888/2 1964/1656/2
f 1964/1656/2 1965/1888/2 1966/1657/2
f 1967/1884/2 1969/1889/2 1968/1886/2
f 1968/1886/2 1969/1889/2 1970/1890/2
f 1971/1891/2 1973/1892/2 1972/1893/2
f 1972/1893/2 1973/1892/2 1974/1894/2
f 1975/1895/2 1977/1896/2 1976/1897/2
f 1976/1897/2 1977/1896/2 1978/1898/2
f 1979/1899/2 1981/1878/2 1980/1900/2
f 1980/1900/2 1981/1878/2 1982/1901/2
f 1983/1902/4 1985/1903/4 1984/1904/4
f 1984/1904/4 1985/1903/4 1986/1905/4
f 1987/1906/4 1989/1907/4 1988/1908/4
f 1988/1908/4 1989/1907/4 1990/1909/4
f 1991/1910/4 1993/1911/4 1992/1912/4
f 1992/1912/4 1993/1911/4 1994/1913/4
f 1995/1914/4 1997/1915/4 1996/1916/4
f 1996/1916/4 1997/1915/4 1998/1917/4
f 1999/1918/4 2001/1919/4 2000/1920/4
f 2000/1920/4 2001/1919/4 2002/1921/4
f 2003/1922/4 2005/1923/4 2004/1924/4
f 2004/1924/4 2005/1923/4 2006/1925/4
f 2007/1926/4 2009/1927/4 2008/1928/4
f 2008/1928/4 2009/1927/4 2010/1929/4
f 2011/1930/4 2013/1931/4 2012/1932/4
f 2012/1932/4 2013/1931/4 2014/1933/4
s 0
f 2015/1934/9 2017/1935/9 2016/1936/9
f 2016/1936/9 2017/1935/9 2018/1937/9
f 2018/1937/9 2017/1935/9 2019/1938/9
f 2019/1938/9 2017/1935/9 2020/1939/9
f 2020/1939/9 2017/1935/9 2021/1940/9
f 2021/1940/9 2017/1935/9 2022/1941/9
f 2022/1941/9 2017/1935/9 2023/1942/9
f 2023/1942/9 2017/1935/9 2024/1943/9
f 2017/1935/9 2025/1944/9 2024/1943/9
f 2026/1945/9 2027/1946/9 2028/1947/9
f 2028/1947/9 2027/1946/9 2029/1948/9
f 2029/1948/9 2027/1946/9 2030/1949/9
f 2030/1949/9 2027/1946/9 2031/1950/9
f 2031/1950/9 2027/1946/9 2032/1951/9
f 2027/1946/9 2033/1952/9 2032/1951/9
s 1
f 2032/1953/9 2033/1954/9 2034/1955/9
s 0
f 2033/1952/9 2027/1946/9 2035/1956/9
f 2035/1956/9 2027/1946/9 2036/1957/9
f 2037/1958/9 2039/1959/9 2038/1960/9
f 2038/1960/9 2039/1959/9 2040/1961/9
f 2040/1961/9 2039/1959/9 2041/1962/9
f 2041/1962/9 2039/1959/9 2042/1963/9
f 2042/1963/9 2039/1959/9 2043/1964/9
f 2043/1964/9 2039/1959/9 2044/1965/9
f 2044/1965/9 2039/1959/9 2045/1966/9
f 2045/1966/9 2039/1959/9 2046/1967/9
f 2039/1959/9 2047/1968/9 2046/1967/9
f 2048/1969/9 2049/1970/9 2050/1971/9
f 2050/1971/9 2049/1970/9 2051/1972/9
f 2051/1972/9 2049/1970/9 2052/1973/9
f 2052/1973/9 2049/1970/9 2053/1974/9
f 2053/1974/9 2049/1970/9 2054/1975/9
f 2054/1975/9 2049/1970/9 2055/1976/9
f 2055/1976/9 2049/1970/9 2056/1977/9
f 2049/1970/9 2057/1978/9 2056/1977/9
s 1
f 2058/1979/5 2059/1980/5 2060/1981/5
f 2059/1980/5 2061/1982/5 2060/1981/5
f 2062/1983/4 2063/1984/4 2064/1985/4
f 2063/1984/4 2065/1986/4 2064/1985/4
f 2066/1987/3 2067/1988/3 2068/1989/3
f 2067/1988/3 2069/1990/3 2068/1989/3
f 2070/1991/2 2071/1992/2 2072/1993/2
f 2071/1992/2 2073/1994/2 2072/1993/2
s 0
f 2074/1995/9 2075/1996/9 2076/1997/9
f 2075/1996/9 2077/1998/9 2076/1997/9
f 2074/1995/9 2078/1999/9 2075/1996/9
f 2078/1999/9 2079/2000/9 2075/1996/9
f 2079/2000/9 2080/2001/9 2075/1996/9
f 2080/2001/9 2081/2002/9 2075/1996/9
f 2075/1996/9 2081/2002/9 2082/2003/9
f 2081/2002/9 2083/2004/9 2082/2003/9
f 2082/2003/9 2083/2004/9 2084/2005/9
f 2083/2004/9 2085/2006/9 2084/2005/9
f 2084/2005/9 2085/2006/9 2086/2007/9
f 2085/2006/9 2087/2008/9 2086/2007/9
f 2086/2007/9 2087/2008/9 2088/2009/9
f 2087/2008/9 2089/2010/9 2088/2009/9
f 2088/2009/9 2089/2010/9 2090/2011/9
f 2089/2010/9 2091/2012/9 2090/2011/9
f 2077/1998/9 2075/1996/9 2092/2013/9
f 2092/2013/9 2075/1996/9 2093/2014/9
f 2075/1996/9 2094/2015/9 2093/2014/9
s 1
f 2095/125/10 2096/125/19 2097/125/10
f 2097/125/10 2096/125/19 2098/125/10
s 0
f 2098/2016/9 2096/2017/9 2099/2018/9
f 2096/2017/9 2100/2019/9 2099/2018/9
f 2100/2019/9 2101/2020/9 2099/2018/9
f 2099/2018/9 2101/2020/9 2102/2021/9
f 2101/2020/9 2103/2022/9 2102/2021/9
f 2102/2021/9 2103/2022/9 2104/2023/9
f 2103/2022/9 2105/2024/9 2104/2023/9
f 2104/2023/9 2105/2024/9 2106/2025/9
f 2105/2024/9 2107/2026/9 2106/2025/9
f 2106/2025/9 2107/2026/9 2108/2027/9
f 2107/2026/9 2109/2028/9 2108/2027/9
f 2108/2027/9 2109/2028/9 2110/2029/9
f 2109/2028/9 2111/2030/9 2110/2029/9
f 2098/2016/9 2099/2018/9 2112/2031/9
f 2112/2031/9 2099/2018/9 2113/2032/9
f 2099/2018/9 2114/2033/9 2113/2032/9
s 1
f 2115/2034/9 2116/2035/9 2117/2036/9
s 0
f 2116/2037/9 2118/2038/9 2117/2039/9
f 2118/2038/9 2119/2040/9 2117/2039/9
f 2119/2040/9 2120/2041/9 2117/2039/9
f 2120/2041/9 2121/2042/9 2117/2039/9
f 2117/2039/9 2121/2042/9 2122/2043/9
f 2121/2042/9 2123/2044/9 2122/2043/9
f 2122/2043/9 2123/2044/9 2124/2045/9
f 2123/2044/9 2125/2046/9 2124/2045/9
f 2124/2045/9 2125/2046/9 2126/2047/9
f 2125/2046/9 2127/2048/9 2126/2047/9
f 2126/2047/9 2127/2048/9 2128/2049/9
f 2127/2048/9 2129/2050/9 2128/2049/9
s 1
f 2130/2051/9 2131/2052/9 2120/2053/9
f 2132/2054/4 2134/2055/4 2133/259/4
f 2133/259/4 2134/2055/4 2135/2056/4
f 2135/2056/4 2134/2055/4 2136/2057/4
f 2134/2055/4 2137/2058/4 2136/2057/4
f 2138/2059/3 2139/2060/3 2140/2061/3
f 2140/2061/3 2139/2060/3 2141/2062/3
f 2141/2062/3 2139/2060/3 2142/2063/3
f 2139/2060/3 2143/2064/3 2142/2063/3
f 2142/2063/3 2143/2064/3 2144/2065/3
f 2143/2064/3 2145/2066/3 2144/2065/3
f 2144/2065/3 2145/2066/3 2146/2067/3
f 2144/2065/3 2147/235/3 2142/2063/3
f 2148/2068/2 2149/2069/2 2150/2070/2
f 2149/2069/2 2151/2071/2 2150/2070/2
f 2152/2072/2 2153/2073/2 2154/2074/2
f 2153/2073/2 2155/2075/2 2154/2074/2
f 2156/2076/2 2157/2077/2 2158/2078/2
f 2157/2077/2 2159/2079/2 2158/2078/2
f 2160/2068/2 2161/2080/2 2162/2081/2
f 2161/2080/2 2163/2082/2 2162/2081/2
f 2164/2083/2 2165/2084/2 2166/2085/2
f 2165/2084/2 2167/2086/2 2166/2085/2
f 2168/2087/2 2169/2088/2 2170/2083/2
f 2169/2088/2 2171/2084/2 2170/2083/2
f 2172/2089/2 2173/2090/2 2174/2091/2
f 2173/2090/2 2175/2092/2 2174/2091/2
f 2176/2093/3 2177/2094/3 2178/2095/3
f 2177/2094/3 2179/2067/3 2178/2095/3
f 2180/2096/3 2181/2097/3 2182/2098/3
f 2181/2097/3 2183/2099/3 2182/2098/3
f 2184/2100/3 2185/2101/3 2186/823/3
f 2185/2101/3 2187/2102/3 2186/823/3
f 2188/2103/3 2189/2104/3 2190/2105/3
f 2189/2104/3 2191/2106/3 2190/2105/3
f 2192/2107/3 2193/2108/3 2194/1807/3
f 2193/2108/3 2195/2109/3 2194/1807/3
f 2196/2110/3 2197/2111/3 2198/2112/3
f 2197/2111/3 2199/2113/3 2198/2112/3
f 2200/2114/3 2201/2115/3 2202/2116/3
f 2201/2115/3 2203/2117/3 2202/2116/3
f 2204/2118/4 2205/2119/4 2206/2120/4
f 2205/2119/4 2207/2121/4 2206/2120/4
f 2208/2122/4 2209/2123/4 2210/2124/4
f 2209/2123/4 2211/1539/4 2210/2124/4
f 2212/2125/4 2213/2083/4 2214/2126/4
f 2213/2083/4 2215/2127/4 2214/2126/4
f 2216/2128/4 2217/2129/4 2218/2130/4
f 2217/2129/4 2219/2068/4 2218/2130/4
f 2220/2131/4 2221/2132/4 2222/2133/4
f 2221/2132/4 2223/2134/4 2222/2133/4
f 2224/2135/4 2225/2136/4 2226/2137/4
f 2225/2136/4 2227/2138/4 2226/2137/4
f 2228/2139/4 2229/2140/4 2230/2141/4
f 2229/2140/4 2231/2142/4 2230/2141/4
f 2232/2143/5 2233/2144/5 2234/2145/5
f 2233/2144/5 2235/2146/5 2234/2145/5
f 2236/2147/5 2237/2148/5 2238/2149/5
f 2237/2148/5 2239/2150/5 2238/2149/5
f 2240/2151/5 2241/2152/5 2242/2153/5
f 2241/2152/5 2243/2154/5 2242/2153/5
f 2244/2155/5 2245/2156/5 2246/2157/5
f 2245/2156/5 2247/2158/5 2246/2157/5
f 2248/2159/5 2249/2160/5 2250/2161/5
f 2249/2160/5 2251/2162/5 2250/2161/5
f 2252/2163/5 2253/2164/5 2254/2165/5
f 2253/2164/5 2255/2166/5 2254/2165/5
f 2256/2167/5 2257/2155/5 2258/2168/5
f 2257/2155/5 2259/2157/5 2258/2168/5
f 2260/1002/2 2261/2169/2 2262/2170/2
f 2261/2169/2 2263/2171/2 2262/2170/2
f 2262/2170/2 2263/2171/2 2264/2172/2
f 2263/2171/2 2265/335/2 2264/2172/2
f 2266/2173/2 2267/2174/2 2268/2175/2
f 2268/2175/2 2267/2174/2 2269/2176/2
f 2267/2174/2 2270/2177/2 2269/2176/2
f 2269/2176/2 2270/2177/2 2271/2178/2
f 2272/2179/2 2274/2180/2 2273/2181/2
f 2274/2180/2 2275/2182/2 2273/2181/2
f 2273/2181/2 2275/2182/2 2276/2183/2
f 2275/2182/2 2277/2184/2 2276/2183/2
f 2278/2185/2 2279/2186/2 2280/2187/2
f 2279/2186/2 2281/2188/2 2280/2187/2
f 2280/2187/2 2281/2188/2 2282/2189/2
f 2281/2188/2 2283/2190/2 2282/2189/2
f 2284/2191/2 2285/2077/2 2286/2192/2
f 2285/2077/2 2287/2193/2 2286/2192/2
f 2286/2192/2 2287/2193/2 2288/2194/2
f 2287/2193/2 2289/2195/2 2288/2194/2
f 2285/2077/2 2290/2196/2 2287/2193/2
f 2291/2197/2 2293/2198/2 2292/2199/2
f 2293/2198/2 2294/2200/2 2292/2199/2
f 2292/2199/2 2294/2200/2 2295/2201/2
f 2294/2200/2 2296/2202/2 2295/2201/2
f 2297/2203/2 2298/2204/2 2299/2205/2
f 2298/2204/2 2300/2206/2 2299/2205/2
f 2299/2205/2 2300/2206/2 2301/2207/2
f 2300/2206/2 2302/2208/2 2301/2207/2
f 2303/2209/3 2304/2210/3 2305/2211/3
f 2304/2210/3 2306/2212/3 2305/2211/3
f 2306/2212/3 2307/2178/3 2305/2211/3
f 2305/2211/3 2307/2178/3 2308/2213/3
f 2309/2214/3 2311/2215/3 2310/2216/3
f 2311/2215/3 2312/2217/3 2310/2216/3
f 2312/2217/3 2313/2218/3 2310/2216/3
f 2310/2216/3 2313/2218/3 2314/2219/3
f 2315/2220/3 2317/2221/3 2316/2222/3
f 2317/2221/3 2318/2223/3 2316/2222/3
f 2316/2222/3 2318/2223/3 2319/2224/3
f 2318/2223/3 2320/2225/3 2319/2224/3
f 2321/2226/3 2322/2227/3 2323/2228/3
f 2322/2227/3 2324/2229/3 2323/2228/3
f 2323/2228/3 2324/2229/3 2325/2230/3
f 2324/2229/3 2326/2231/3 2325/2230/3
f 2327/2232/3 2328/2233/3 2329/2234/3
f 2328/2233/3 2330/2235/3 2329/2234/3
f 2330/2235/3 2331/2236/3 2329/2234/3
f 2329/2234/3 2331/2236/3 2332/2068/3
f 2333/632/3 2335/2237/3 2334/2238/3
f 2335/2237/3 2336/2239/3 2334/2238/3
f 2334/2238/3 2336/2239/3 2337/213/3
f 2336/2239/3 2338/2240/3 2337/213/3
f 2339/2241/3 2340/2242/3 2341/2243/3
f 2340/2242/3 2342/2244/3 2341/2243/3
f 2342/2244/3 2343/2245/3 2341/2243/3
f 2341/2243/3 2343/2245/3 2344/2090/3
f 2345/2246/4 2347/2247/4 2346/2248/4
f 2346/2248/4 2347/2247/4 2348/2249/4
f 2348/2249/4 2347/2247/4 2349/2250/4
f 2347/2247/4 2350/2251/4 2349/2250/4
f 2351/2252/4 2352/2253/4 2353/2254/4
f 2353/2254/4 2352/2253/4 2354/2255/4
f 2354/2255/4 2352/2253/4 2355/2256/4
f 2352/2253/4 2356/2257/4 2355/2256/4
f 2357/2162/4 2358/2258/4 2359/2259/4
f 2359/2259/4 2358/2258/4 2360/2260/4
f 2360/2260/4 2358/2258/4 2361/2261/4
f 2358/2258/4 2362/2262/4 2361/2261/4
f 2363/2263/4 2364/2264/4 2365/2265/4
f 2365/2265/4 2364/2264/4 2366/2266/4
f 2366/2266/4 2364/2264/4 2367/2267/4
f 2364/2264/4 2368/2268/4 2367/2267/4
f 2369/2269/4 2370/2270/4 2371/2267/4
f 2371/2267/4 2370/2270/4 2372/2271/4
f 2372/2271/4 2370/2270/4 2373/2272/4
f 2370/2270/4 2374/2273/4 2373/2272/4
f 2375/2274/4 2376/2275/4 2377/2276/4
f 2377/2276/4 2376/2275/4 2378/2277/4
f 2378/2277/4 2376/2275/4 2379/2278/4
f 2376/2275/4 2380/2279/4 2379/2278/4
f 2381/2280/4 2382/2281/4 2383/2282/4
f 2383/2282/4 2382/2281/4 2384/2283/4
f 2384/2283/4 2382/2281/4 2385/2284/4
f 2382/2281/4 2386/2285/4 2385/2284/4
f 2387/423/5 2388/2208/5 2389/2286/5
f 2388/2208/5 2390/2287/5 2389/2286/5
f 2389/2286/5 2390/2287/5 2391/2118/5
f 2390/2287/5 2392/2288/5 2391/2118/5
f 2388/2208/5 2393/2289/5 2390/2287/5
f 2394/2290/5 2396/2291/5 2395/2292/5
f 2396/2291/5 2397/2293/5 2395/2292/5
f 2395/2292/5 2397/2293/5 2398/2294/5
f 2397/2293/5 2399/179/5 2398/2294/5
f 2400/2295/9 2401/2296/9 2402/2297/9
s 0
f 2401/2298/9 2403/2299/9 2402/2300/9
f 2402/2300/9 2403/2299/9 2404/2301/9
f 2404/2301/9 2403/2299/9 2405/2302/9
f 2403/2299/9 2406/2303/9 2405/2302/9
f 2401/2298/9 2407/2304/9 2403/2299/9
f 2407/2304/9 2408/2305/9 2403/2299/9
f 2408/2305/9 2409/2306/9 2403/2299/9
f 2409/2306/9 2410/2307/9 2403/2299/9
f 2403/2299/9 2410/2307/9 2411/2308/9
f 2410/2307/9 2412/2309/9 2411/2308/9
f 2411/2308/9 2412/2309/9 2413/2310/9
f 2412/2309/9 2414/2311/9 2413/2310/9
f 2413/2310/9 2414/2311/9 2415/2312/9
f 2414/2311/9 2416/2313/9 2415/2312/9
f 2415/2312/9 2416/2313/9 2417/2314/9
f 2416/2313/9 2418/2315/9 2417/2314/9
s 1
f 2411/2316/9 2419/2317/9 2420/2318/9
f 2421/2319/5 2423/2320/5 2422/2321/5
f 2423/2320/5 2424/2322/5 2422/2321/5
f 2422/2321/5 2424/2322/5 2425/2323/5
f 2424/2322/5 2426/2324/5 2425/2323/5
f 2427/2325/5 2428/2326/5 2429/2327/5
f 2428/2326/5 2430/2328/5 2429/2327/5
f 2429/2327/5 2430/2328/5 2431/2329/5
f 2430/2328/5 2432/2330/5 2431/2329/5
f 2433/2331/5 2434/2332/5 2435/2333/5
f 2434/2332/5 2436/2334/5 2435/2333/5
f 2435/2333/5 2436/2334/5 2437/2335/5
f 2436/2334/5 2438/2336/5 2437/2335/5
f 2439/2337/5 2440/2338/5 2441/2339/5
f 2440/2338/5 2442/2340/5 2441/2339/5
f 2441/2339/5 2442/2340/5 2443/2341/5
f 2442/2340/5 2444/2342/5 2443/2341/5
f 2445/2343/2 2446/2344/2 2447/2345/2
f 2446/2344/2 2448/2346/2 2447/2345/2
f 2449/2347/2 2450/2348/2 2451/2349/2
f 2450/2348/2 2452/2350/2 2451/2349/2
f 2449/2347/2 2453/2351/2 2450/2348/2
f 2450/2348/2 2453/2351/2 2454/2352/2
f 2453/2351/2 2455/2353/2 2454/2352/2
f 2454/2352/2 2455/2353/2 2456/2354/2
f 2455/2353/2 2457/2355/2 2456/2354/2
f 2456/2354/2 2457/2355/2 2458/2356/2
f 2457/2355/2 2459/2357/2 2458/2356/2
f 2458/2356/2 2459/2357/2 2460/2358/2
f 2459/2357/2 2461/2359/2 2460/2358/2
f 2462/2360/10 2463/2361/10 2454/2035/2
f 2463/2361/10 2450/2362/2 2454/2035/2
f 2464/2363/2 2465/2364/2 2450/2348/2
f 2450/2348/2 2465/2364/2 2452/2350/2
f 2465/2364/2 2466/2365/2 2452/2350/2
f 2467/2366/3 2468/2367/3 2469/2368/3
f 2469/2368/3 2468/2367/3 2470/2369/3
f 2470/2369/3 2468/2367/3 2471/2370/3
f 2471/2370/3 2468/2367/3 2472/2371/3
f 2472/2371/3 2468/2367/3 2473/2372/3
f 2468/2367/3 2474/2373/3 2473/2372/3
f 2473/2372/3 2474/2373/3 2475/2374/3
f 2474/2373/3 2476/2375/3 2475/2374/3
f 2475/2374/3 2476/2375/3 2477/2376/3
f 2477/2376/3 2476/2375/3 2478/2377/3
f 2478/2377/3 2476/2375/3 2479/2378/3
f 2476/2375/3 2480/2379/3 2479/2378/3
f 2481/2380/4 2482/2381/4 2483/2382/4
f 2483/2382/4 2482/2381/4 2484/2383/4
f 2484/2383/4 2482/2381/4 2485/2384/4
f 2485/2384/4 2482/2381/4 2486/2385/4
f 2486/2385/4 2482/2381/4 2487/2386/4
f 2487/2386/4 2482/2381/4 2488/2387/4
f 2482/2381/4 2489/2388/4 2488/2387/4
f 2488/2387/4 2489/2388/4 2490/2389/4
f 2489/2388/4 2491/2390/4 2490/2389/4
f 2490/2389/4 2491/2390/4 2492/2391/4
f 2491/2390/4 2493/2392/4 2492/2391/4
f 2492/2391/4 2493/2392/4 2494/2393/4
f 2493/2392/4 2495/2394/4 2494/2393/4
f 2494/2393/4 2495/2394/4 2496/2395/4
f 2495/2394/4 2497/2396/4 2496/2395/4
f 2496/2395/4 2497/2396/4 2498/2397/4
f 2497/2396/4 2499/2398/4 2498/2397/4
f 2493/2392/4 2500/2399/4 2495/2394/4
f 2500/2399/4 2501/2400/4 2495/2394/4
f 2498/2397/4 2502/2401/4 2496/2395/4
f 2503/2402/5 2505/2403/5 2504/2404/5
f 2504/2404/5 2505/2403/5 2506/2405/5
f 2507/2406/5 2509/2407/5 2508/2408/5
f 2508/2408/5 2509/2407/5 2510/2409/5
f 2511/2410/5 2513/2411/5 2512/2412/5
f 2512/2412/5 2513/2411/5 2514/2413/5
f 2514/2413/5 2513/2411/5 2515/2414/5
f 2513/2411/5 2516/2415/5 2515/2414/5
f 2515/2414/5 2516/2415/5 2517/2416/5
f 2516/2415/5 2518/2417/5 2517/2416/5
f 2517/2416/5 2518/2417/5 2519/2418/5
f 2518/2417/5 2520/2419/5 2519/2418/5
f 2519/2418/5 2520/2419/5 2521/2420/5
f 2520/2419/5 2522/2421/5 2521/2420/5
f 2521/2420/5 2522/2421/5 2523/2422/5
f 2522/2421/5 2524/2423/5 2523/2422/5
f 2523/2422/5 2524/2423/5 2525/2424/5
f 2524/2423/5 2526/2425/5 2525/2424/5
f 2525/2424/5 2526/2425/5 2527/2426/5
f 2526/2425/5 2528/2427/5 2527/2426/5
f 2527/2426/5 2528/2427/5 2529/2428/5
f 2528/2427/5 2530/2429/5 2529/2428/5
f 2529/2428/5 2531/2430/5 2527/2426/5
f 2532/2431/5 2534/2432/5 2533/1422/5
f 2533/1422/5 2534/2432/5 2535/2433/5
f 2535/2433/5 2534/2432/5 2536/2434/5
f 2534/2432/5 2537/2435/5 2536/2434/5
f 2538/2436/5 2539/2437/5 2540/2438/5
f 2539/2437/5 2541/2439/5 2540/2438/5
f 2540/2438/5 2541/2439/5 2542/2440/5
f 2541/2439/5 2543/2441/5 2542/2440/5
f 2544/2442/5 2545/2443/5 2546/2444/5
f 2545/2443/5 2547/2445/5 2546/2444/5
f 2546/2444/5 2547/2445/5 2548/2446/5
f 2547/2445/5 2549/2447/5 2548/2446/5
f 2550/2448/5 2551/2449/5 2552/2450/5
f 2551/2449/5 2553/2451/5 2552/2450/5
f 2553/2451/5 2554/2452/5 2552/2450/5
f 2552/2450/5 2554/2452/5 2555/2453/5
f 2556/2454/5 2558/2455/5 2557/2456/5
f 2557/2456/5 2558/2455/5 2559/2457/5
f 2560/2458/5 2562/2459/5 2561/2460/5
f 2561/2460/5 2562/2459/5 2563/2461/5
f 2563/2461/5 2562/2459/5 2564/2462/5
f 2562/2459/5 2565/2463/5 2564/2462/5
f 2566/2464/3 2567/2465/3 2568/2466/3
f 2567/2465/3 2569/2467/3 2568/2466/3
f 2570/2468/3 2571/2469/3 2572/2470/3
f 2572/2470/3 2571/2469/3 2573/2471/3
f 2571/2469/3 2574/2472/3 2573/2471/3
f 2573/2471/3 2574/2472/3 2575/2473/3
f 2576/2474/3 2578/2475/3 2577/2476/3
f 2578/2475/3 2579/2477/3 2577/2476/3
f 2579/2477/3 2580/2478/3 2577/2476/3
f 2577/2476/3 2580/2478/3 2581/2479/3
f 2582/2480/3 2584/2481/3 2583/2482/3
f 2583/2482/3 2584/2481/3 2585/2483/3
f 2584/2481/3 2586/2484/3 2585/2483/3
f 2585/2483/3 2586/2484/3 2587/2485/3
f 2588/2486/3 2590/2487/3 2589/2488/3
f 2590/2487/3 2591/2489/3 2589/2488/3
f 2591/2489/3 2592/2490/3 2589/2488/3
f 2589/2488/3 2592/2490/3 2593/2491/3
f 2594/2492/2 2596/2493/2 2595/2494/2
f 2595/2494/2 2596/2493/2 2597/2495/2
f 2597/2495/2 2596/2493/2 2598/2496/2
f 2596/2493/2 2599/2497/2 2598/2496/2
f 2598/2496/2 2599/2497/2 2600/2498/2
f 2601/2499/2 2603/2500/2 2602/2501/2
f 2602/2501/2 2603/2500/2 2604/2502/2
f 2605/2503/2 2607/2504/2 2606/2057/2
f 2606/2057/2 2607/2504/2 2608/2056/2
f 2607/2504/2 2609/2505/2 2608/2056/2
f 2608/2056/2 2609/2505/2 2610/259/2
f 2611/2506/2 2613/2507/2 2612/2508/2
f 2612/2508/2 2613/2507/2 2614/2509/2
f 2613/2507/2 2615/2510/2 2614/2509/2
f 2615/2510/2 2616/2511/2 2614/2509/2
f 2614/2509/2 2616/2511/2 2617/2512/2
s 0
f 2618/2513/1 2620/2514/1 2619/2515/1
f 2619/2515/1 2620/2514/1 2621/2516/1
s 1
f 2622/2517/2 2624/2518/2 2623/2519/2
f 2623/2519/2 2624/2518/2 2625/2520/2
f 2626/2521/4 2628/2522/4 2627/2523/4
f 2627/2523/4 2628/2522/4 2629/2524/4
f 2628/2522/4 2630/2525/4 2629/2524/4
f 2629/2524/4 2631/2526/4 2627/2523/4
f 2632/2527/2 2634/2528/2 2633/2529/2
f 2633/2529/2 2634/2528/2 2635/2530/2
f 2636/2531/20 2638/2532/20 2637/2533/20
f 2637/2533/20 2638/2532/20 2639/2534/20
f 2640/2535/3 2642/14/3 2641/2536/3
f 2641/2536/3 2642/14/3 2643/2537/3
f 2644/2538/5 2646/2539/5 2645/2540/5
f 2645/2540/5 2646/2539/5 2647/2541/5
s 0
f 2648/2542/1 2650/2543/1 2649/2544/1
f 2649/2544/1 2650/2543/1 2651/2545/1
s 1
f 2652/2546/5 2654/2547/5 2653/2548/5
f 2653/2548/5 2654/2547/5 2655/2549/5
s 0
f 2656/2550/1 2658/2551/1 2657/2552/1
f 2657/2552/1 2658/2551/1 2659/2553/1
s 1
f 2660/2554/5 2662/2555/5 2661/2556/5
s 0
f 2663/2557/1 2664/2558/1 2665/2559/1
f 2664/2558/1 2666/2560/1 2665/2559/1
s 1
f 2667/2561/5 2668/2562/5 2669/2563/5
f 2668/2562/5 2670/2564/5 2669/2563/5
f 2671/2565/1 2672/2566/1 2673/2567/1
f 2672/2566/1 2674/2568/1 2673/2567/1
f 2675/2569/5 2676/2570/5 2677/2571/5
f 2676/2570/5 2678/2572/5 2677/2571/5
s 0
f 2679/2573/1 2680/2574/1 2681/2575/1
f 2680/2574/1 2682/2576/1 2681/2575/1
s 1
f 2683/2577/5 2684/2578/5 2685/2579/5
f 2684/2578/5 2686/2570/5 2685/2579/5
s 0
f 2687/2580/1 2688/2581/1 2689/2582/1
f 2688/2581/1 2690/2583/1 2689/2582/1
s 1
f 2691/2584/5 2692/2585/5 2693/2586/5
f 2692/2585/5 2694/2587/5 2693/2586/5
s 0
f 2695/2588/1 2696/2589/1 2697/2590/1
f 2696/2589/1 2698/2591/1 2697/2590/1
s 1
f 2699/2592/5 2700/2593/5 2701/2538/5
f 2700/2593/5 2702/2539/5 2701/2538/5
s 0
f 2703/2594/1 2704/2595/1 2705/2596/1
f 2704/2595/1 2706/2597/1 2705/2596/1
s 1
f 2707/2598/5 2708/2599/5 2709/2592/5
f 2708/2599/5 2710/2593/5 2709/2592/5
s 0
f 2711/2600/1 2712/2601/1 2713/2602/1
f 2712/2601/1 2714/2603/1 2713/2602/1
s 1
f 2715/2604/5 2716/2605/5 2717/2606/5
f 2716/2605/5 2718/2607/5 2717/2606/5
s 0
f 2719/2608/1 2720/2609/1 2721/2610/1
f 2720/2609/1 2722/2611/1 2721/2610/1
s 1
f 2723/145/5 2724/2612/5 2725/2613/5
f 2724/2612/5 2726/2614/5 2725/2613/5
s 0
f 2727/2615/1 2728/2616/1 2729/2617/1
f 2728/2616/1 2730/2618/1 2729/2617/1
s 1
f 2731/2619/5 2732/2620/5 2733/2584/5
f 2732/2620/5 2734/2585/5 2733/2584/5
s 0
f 2735/2621/1 2736/2622/1 2737/2623/1
f 2736/2622/1 2738/2624/1 2737/2623/1
s 1
f 2739/2625/5 2740/2556/5 2741/2598/5
f 2740/2556/5 2742/2599/5 2741/2598/5
s 0
f 2743/2626/1 2744/2627/1 2745/2628/1
f 2744/2627/1 2746/2629/1 2745/2628/1
s 1
f 2747/2630/3 2748/2631/3 2749/2632/3
f 2750/2633/2 2752/2634/2 2751/2635/2
s 0
f 2753/2636/1 2754/2637/1 2755/2638/1
f 2754/2637/1 2756/2639/1 2755/2638/1
f 2755/2638/1 2756/2639/1 2757/2640/1
f 2758/2641/1 2760/2642/1 2759/2643/1
f 2759/2643/1 2760/2642/1 2761/2644/1
f 2762/2645/1 2764/2646/1 2763/2647/1
f 2763/2647/1 2764/2646/1 2765/2648/1
f 2766/2649/1 2768/2650/1 2767/2651/1
f 2767/2651/1 2768/2650/1 2769/2652/1
s 1
f 2770/2653/20 2772/2654/20 2771/2655/20
f 2771/2655/20 2772/2654/20 2773/2656/20
f 2774/2657/3 2776/2658/3 2775/2659/3
f 2777/2660/2 2778/2661/2 2779/2662/2
f 2780/2663/20 2782/2664/20 2781/2665/20
f 2781/2665/20 2782/2664/20 2783/2666/20
f 2784/2667/3 2786/2668/3 2785/2669/3
f 2787/2670/2 2788/2671/2 2789/2672/2
f 2790/2673/5 2792/2674/5 2791/2675/5
f 2791/2675/5 2792/2674/5 2793/2676/5
s 0
f 2794/2677/1 2796/2678/1 2795/2679/1
f 2795/2679/1 2796/2678/1 2797/2680/1
s 1
f 2798/2681/5 2800/2682/5 2799/2683/5
f 2799/2683/5 2800/2682/5 2801/2684/5
s 0
f 2802/2685/1 2804/2686/1 2803/2687/1
f 2803/2687/1 2804/2686/1 2805/2688/1
s 1
f 2806/2689/5 2808/2690/5 2807/2691/5
f 2807/2691/5 2808/2690/5 2809/2692/5
s 0
f 2810/2693/1 2812/2694/1 2811/2695/1
f 2811/2695/1 2812/2694/1 2813/2696/1
s 1
f 2814/2697/5 2816/2698/5 2815/2699/5
f 2815/2699/5 2816/2698/5 2817/2700/5
f 2818/2701/1 2820/2702/1 2819/2703/1
f 2819/2703/1 2820/2702/1 2821/2704/1
f 2822/2705/5 2824/2706/5 2823/2707/5
f 2823/2707/5 2824/2706/5 2825/2708/5
s 0
f 2826/2709/1 2828/2710/1 2827/2711/1
f 2827/2711/1 2828/2710/1 2829/2712/1
s 1
f 2830/2690/5 2832/2713/5 2831/2692/5
f 2831/2692/5 2832/2713/5 2833/2714/5
s 0
f 2834/2715/1 2836/2716/1 2835/2717/1
f 2835/2717/1 2836/2716/1 2837/2718/1
s 1
f 2838/2719/5 2840/2720/5 2839/2721/5
f 2839/2721/5 2840/2720/5 2841/2722/5
s 0
f 2842/2723/1 2844/2724/1 2843/2725/1
f 2843/2725/1 2844/2724/1 2845/2726/1
s 1
f 2846/2727/5 2848/2728/5 2847/2729/5
f 2847/2729/5 2848/2728/5 2849/2730/5
s 0
f 2850/2731/1 2852/2732/1 2851/2733/1
f 2851/2733/1 2852/2732/1 2853/2734/1
s 1
f 2854/2735/5 2856/2736/5 2855/2737/5
f 2855/2737/5 2856/2736/5 2857/2738/5
s 0
f 2858/2739/1 2860/2740/1 2859/2741/1
f 2859/2741/1 2860/2740/1 2861/2742/1
s 1
f 2862/2743/5 2864/2744/5 2863/2745/5
f 2863/2745/5 2864/2744/5 2865/2746/5
s 0
f 2866/2747/1 2868/2748/1 2867/2749/1
f 2867/2749/1 2868/2748/1 2869/2750/1
s 1
f 2870/2751/5 2872/2752/5 2871/2753/5
f 2871/2753/5 2872/2752/5 2873/2754/5
s 0
f 2874/2755/1 2876/2756/1 2875/2757/1
f 2875/2757/1 2876/2756/1 2877/2758/1
s 1
f 2878/2759/5 2880/2760/5 2879/1624/5
f 2879/1624/5 2880/2760/5 2881/2761/5
s 0
f 2882/2762/1 2884/2763/1 2883/2764/1
f 2883/2764/1 2884/2763/1 2885/2765/1
s 1
f 2886/2766/5 2888/2767/5 2887/2768/5
f 2887/2768/5 2888/2767/5 2889/2769/5
s 0
f 2890/2770/1 2892/2771/1 2891/2772/1
f 2891/2772/1 2892/2771/1 2893/2773/1
s 1
f 2894/2774/4 2896/2775/4 2895/2776/4
f 2895/2776/4 2896/2775/4 2897/2777/4
f 2898/2778/4 2900/2779/4 2899/2780/4
f 2899/2780/4 2900/2779/4 2901/2781/4
f 2902/2782/5 2904/2783/5 2903/2784/5
f 2903/2784/5 2904/2783/5 2905/2785/5
f 2906/2786/5 2908/2787/5 2907/2788/5
f 2907/2788/5 2908/2787/5 2909/2789/5
f 2910/2790/2 2912/2791/2 2911/2792/2
f 2911/2792/2 2912/2791/2 2913/2793/2
f 2914/2794/5 2916/2795/5 2915/2796/5
f 2915/2796/5 2916/2795/5 2917/2797/5
f 2918/2798/3 2920/2799/3 2919/2800/3
f 2919/2800/3 2920/2799/3 2921/2801/3
f 2922/2802/11 2924/2803/2 2923/2804/2
f 2923/2804/2 2924/2803/2 2925/2805/2
f 2926/2806/3 2928/2807/3 2927/2808/3
f 2927/2808/3 2928/2807/3 2929/2809/3
s 0
f 2930/2810/1 2932/2811/1 2931/2812/1
f 2931/2812/1 2932/2811/1 2933/2813/1
f 2933/2813/1 2932/2811/1 2934/2814/1
f 2932/2811/1 2935/2815/1 2934/2814/1
s 1
f 2936/2816/3 2937/2817/3 2938/2818/3
f 2937/2817/3 2939/2819/3 2938/2818/3
s 0
f 2940/2820/1 2941/2821/1 2942/2822/1
f 2942/2822/1 2941/2821/1 2943/585/1
f 2943/585/1 2941/2821/1 2944/2823/1
f 2941/2821/1 2945/2824/1 2944/2823/1
s 1
f 2946/936/3 2947/2825/3 2948/2826/3
f 2947/2825/3 2949/2827/3 2948/2826/3
s 0
f 2950/2828/1 2951/2829/1 2952/2830/1
f 2952/2830/1 2951/2829/1 2953/2831/1
f 2953/2831/1 2951/2829/1 2954/2832/1
f 2951/2829/1 2955/2833/1 2954/2832/1
s 1
f 2956/2834/3 2957/2835/3 2958/2836/3
f 2957/2835/3 2959/2837/3 2958/2836/3
s 0
f 2960/2838/1 2961/2839/1 2962/2840/1
f 2962/2840/1 2961/2839/1 2963/2841/1
f 2963/2841/1 2961/2839/1 2964/2842/1
f 2961/2839/1 2965/2843/1 2964/2842/1
s 1
f 2966/2844/3 2967/2845/3 2968/2846/3
f 2967/2845/3 2969/2847/3 2968/2846/3
s 0
f 2970/2848/1 2971/2849/1 2972/2850/1
f 2972/2850/1 2971/2849/1 2973/2851/1
f 2973/2851/1 2971/2849/1 2974/2852/1
f 2971/2849/1 2975/2853/1 2974/2852/1
s 1
f 2976/2854/3 2977/2855/3 2978/2856/3
f 2977/2855/3 2979/2857/3 2978/2856/3
s 0
f 2980/2858/1 2981/2859/1 2982/2860/1
f 2982/2860/1 2981/2859/1 2983/2861/1
f 2983/2861/1 2981/2859/1 2984/2862/1
f 2981/2859/1 2985/2863/1 2984/2862/1
s 1
f 2986/2864/3 2987/2865/3 2988/2866/3
f 2987/2865/3 2989/2867/3 2988/2866/3
s 0
f 2990/2868/1 2991/2869/1 2992/2870/1
f 2992/2870/1 2991/2869/1 2993/2871/1
f 2993/2871/1 2991/2869/1 2994/2872/1
f 2991/2869/1 2995/2873/1 2994/2872/1
s 1
f 2996/2874/3 2997/2875/3 2998/2865/3
f 2997/2875/3 2999/2876/3 2998/2865/3
s 0
f 3000/2877/1 3001/2878/1 3002/2879/1
f 3002/2879/1 3001/2878/1 3003/2880/1
f 3003/2880/1 3001/2878/1 3004/2881/1
f 3001/2878/1 3005/2882/1 3004/2881/1
s 1
f 3006/2883/3 3007/2884/3 3008/2874/3
f 3007/2884/3 3009/2885/3 3008/2874/3
s 0
f 3010/2886/1 3011/2887/1 3012/2888/1
f 3012/2888/1 3011/2887/1 3013/2889/1
f 3013/2889/1 3011/2887/1 3014/2890/1
f 3011/2887/1 3015/2891/1 3014/2890/1
s 1
f 3016/2892/3 3017/2893/3 3018/2894/3
f 3017/2893/3 3019/2895/3 3018/2894/3
f 3020/2896/21 3021/2897/1 3022/2898/1
f 3022/2898/1 3021/2897/1 3023/2899/1
s 0
f 3023/2899/1 3021/2897/1 3024/2900/1
f 3021/2897/1 3025/2901/1 3024/2900/1
s 1
f 3026/2902/3 3027/2903/3 3028/2904/3
f 3027/2903/3 3029/2905/3 3028/2904/3
s 0
f 3030/2906/1 3031/2907/1 3032/2908/1
f 3032/2908/1 3031/2907/1 3033/2909/1
f 3033/2909/1 3031/2907/1 3034/2910/1
f 3031/2907/1 3035/2911/1 3034/2910/1
s 1
f 3036/2912/3 3037/2913/3 3038/2914/3
f 3037/2913/3 3039/2915/3 3038/2914/3
s 0
f 3040/2916/1 3041/2917/1 3042/2918/1
f 3042/2918/1 3041/2917/1 3043/2919/1
f 3043/2919/1 3041/2917/1 3044/2920/1
f 3041/2917/1 3045/2921/1 3044/2920/1
s 1
f 3046/2922/3 3047/2923/3 3048/2924/3
f 3047/2923/3 3049/2925/3 3048/2924/3
s 0
f 3050/2926/1 3051/2927/1 3052/2928/1
f 3052/2928/1 3051/2927/1 3053/2929/1
f 3051/2927/1 3054/2930/1 3053/2929/1
s 1
f 3055/2931/4 3056/2932/4 3057/2933/4
f 3056/2932/4 3058/1724/4 3057/2933/4
f 3059/2934/4 3060/2935/4 3061/2936/4
f 3060/2935/4 3062/2937/4 3061/2936/4
f 3063/2938/4 3064/2939/4 3065/2940/4
f 3064/2939/4 3066/2941/4 3065/2940/4
f 3067/2942/4 3068/2943/4 3069/2944/4
f 3068/2943/4 3070/2945/4 3069/2944/4
f 3071/2946/4 3072/2947/4 3073/2948/4
f 3072/2947/4 3074/2949/4 3073/2948/4
f 3075/2950/4 3076/2951/4 3077/2606/4
f 3076/2951/4 3078/2952/4 3077/2606/4
f 3079/2953/4 3080/2954/4 3081/2674/4
f 3080/2954/4 3082/2676/4 3081/2674/4
f 3083/2955/4 3084/2956/4 3085/2957/4
f 3084/2956/4 3086/2958/4 3085/2957/4
f 3087/2959/4 3088/2960/4 3089/2961/4
f 3088/2960/4 3090/2962/4 3089/2961/4
f 3091/2542/4 3092/2963/4 3093/2964/4
f 3092/2963/4 3094/2965/4 3093/2964/4
f 3095/2966/4 3096/2967/4 3097/2957/4
f 3096/2967/4 3098/2968/4 3097/2957/4
f 3099/2969/4 3100/2970/4 3101/2941/4
f 3100/2970/4 3102/2971/4 3101/2941/4
f 3103/2972/22 3104/2973/22 3105/1578/22
f 3104/2973/22 3106/2974/22 3105/1578/22
f 3107/2975/3 3108/2976/3 3109/2977/3
f 3108/2976/3 3110/2978/3 3109/2977/3
f 3111/2979/20 3112/2980/20 3113/2981/20
f 3112/2980/20 3114/2982/20 3113/2981/20
f 3115/2983/5 3116/2984/5 3117/2985/5
f 3116/2984/5 3118/2986/5 3117/2985/5
s 0
f 3119/2987/1 3120/2988/1 3121/2989/1
f 3120/2988/1 3122/2990/1 3121/2989/1
s 1
f 3123/2991/5 3124/2992/5 3125/2993/5
f 3124/2992/5 3126/2994/5 3125/2993/5
s 0
f 3127/2995/1 3128/2996/1 3129/2997/1
f 3128/2996/1 3130/2998/1 3129/2997/1
s 1
f 3131/2999/5 3132/3000/5 3133/3001/5
f 3132/3000/5 3134/3002/5 3133/3001/5
s 0
f 3135/3003/1 3136/3004/1 3137/3005/1
f 3136/3004/1 3138/3006/1 3137/3005/1
s 1
f 3139/3007/5 3140/3008/5 3141/3009/5
f 3140/3008/5 3142/3010/5 3141/3009/5
f 3143/3011/1 3144/3012/1 3145/3013/1
f 3144/3012/1 3146/3014/1 3145/3013/1
f 3147/3015/5 3148/3016/5 3149/3017/5
f 3148/3016/5 3150/3018/5 3149/3017/5
s 0
f 3151/3019/1 3152/3020/1 3153/3021/1
f 3152/3020/1 3154/3022/1 3153/3021/1
s 1
f 3155/3023/5 3156/3024/5 3157/3025/5
f 3156/3024/5 3158/3026/5 3157/3025/5
s 0
f 3159/3027/1 3160/3028/1 3161/3029/1
f 3160/3028/1 3162/3030/1 3161/3029/1
s 1
f 3163/3031/5 3164/3032/5 3165/3033/5
f 3164/3032/5 3166/3034/5 3165/3033/5
s 0
f 3167/3035/1 3168/3036/1 3169/3037/1
f 3168/3036/1 3170/3038/1 3169/3037/1
s 1
f 3171/2691/5 3172/3039/5 3173/3040/5
f 3172/3039/5 3174/3041/5 3173/3040/5
s 0
f 3175/3042/1 3176/3043/1 3177/3044/1
f 3176/3043/1 3178/3045/1 3177/3044/1
s 1
f 3179/2692/5 3180/3046/5 3181/3041/5
f 3180/3046/5 3182/3047/5 3181/3041/5
s 0
f 3183/3048/1 3184/3049/1 3185/3050/1
f 3184/3049/1 3186/3051/1 3185/3050/1
s 1
f 3187/3052/5 3188/2447/5 3189/3053/5
f 3188/2447/5 3190/3054/5 3189/3053/5
s 0
f 3191/3055/1 3192/3056/1 3193/3057/1
f 3192/3056/1 3194/3058/1 3193/3057/1
s 1
f 3195/3059/5 3196/3060/5 3197/3061/5
f 3196/3060/5 3198/3062/5 3197/3061/5
s 0
f 3199/3063/1 3200/3064/1 3201/3065/1
f 3200/3064/1 3202/3066/1 3201/3065/1
s 1
f 3203/3067/5 3204/2746/5 3205/3068/5
f 3204/2746/5 3206/3069/5 3205/3068/5
s 0
f 3207/3070/1 3208/3071/1 3209/3072/1
f 3208/3071/1 3210/3073/1 3209/3072/1
s 1
f 3211/3074/5 3212/3075/5 3213/3076/5
f 3212/3075/5 3214/3077/5 3213/3076/5
s 0
f 3215/3078/1 3216/3079/1 3217/3080/1
f 3216/3079/1 3218/3081/1 3217/3080/1
s 1
f 3219/3082/3 3220/3083/3 3221/2120/3
f 3222/3084/2 3224/3085/2 3223/3086/2
f 3225/3087/20 3226/3088/20 3227/3089/20
f 3226/3088/20 3228/3090/20 3227/3089/20
f 3229/3091/3 3230/3092/3 3231/3093/3
f 3232/3094/2 3234/3095/2 3233/3096/2
f 3235/3097/2 3236/3098/2 3237/3099/2
f 3236/3098/2 3238/3100/2 3237/3099/2
f 3239/3101/2 3240/3102/2 3241/3103/2
f 3240/3102/2 3242/3104/2 3241/3103/2
s 0
f 3243/3105/1 3244/3106/1 3245/3107/1
f 3244/3106/1 3246/3108/1 3245/3107/1
s 1
f 3247/3109/23 3248/3110/23 3249/3111/24
f 3248/3110/23 3250/3112/24 3249/3111/24
s 0
f 3251/3113/1 3252/3114/1 3253/3115/1
f 3252/3114/1 3254/3116/1 3253/3115/1
f 3253/3115/1 3254/3116/1 3255/409/1
s 1
f 3256/3117/25 3258/3118/25 3257/3119/25
f 3257/3119/25 3258/3118/25 3259/3120/25
f 3260/3121/5 3262/3122/5 3261/3123/5
f 3262/3122/5 3263/3124/5 3261/3123/5
f 3261/3123/5 3263/3124/5 3264/3125/5
f 3265/3126/5 3267/3127/5 3266/3128/5
f 3267/3127/5 3268/3129/5 3266/3128/5
f 3266/3128/5 3268/3129/5 3269/3130/5
f 3270/3131/2 3272/3132/2 3271/3133/2
f 3271/3133/2 3272/3132/2 3273/3134/2
f 3274/2167/5 3276/3135/5 3275/3129/5
f 3276/3135/5 3277/3136/5 3275/3129/5
f 3277/3136/5 3278/3137/5 3275/3129/5
f 3275/3129/5 3278/3137/5 3279/3138/5
f 3280/3139/5 3282/3140/5 3281/2667/5
f 3281/2667/5 3282/3140/5 3283/3141/5
f 3282/3140/5 3284/3142/5 3283/3141/5
f 3283/3141/5 3284/3142/5 3285/3143/5
f 3283/3141/5 3286/3144/5 3281/2667/5
f 3287/3145/4 3288/3146/4 3289/3147/4
f 3288/3146/4 3290/3148/4 3289/3147/4
f 3291/3149/2 3292/3150/2 3293/3151/2
f 3292/3150/2 3294/3152/2 3293/3151/2
f 3295/3153/4 3296/3154/4 3297/3155/4
f 3296/3154/4 3298/3156/4 3297/3155/4
f 3299/3157/5 3300/3158/5 3301/3159/5
f 3300/3158/5 3302/3160/5 3301/3159/5
f 3303/3161/5 3304/3162/5 3305/3163/5
f 3304/3162/5 3306/3164/5 3305/3163/5
f 3307/780/5 3308/3165/5 3309/3166/5
f 3308/3165/5 3310/3167/5 3309/3166/5
f 3311/3168/26 3312/3169/26 3313/3170/26
f 3312/3169/26 3314/3171/26 3313/3170/26
f 3315/3172/3 3316/3173/3 3317/3174/3
f 3316/3173/3 3318/3175/3 3317/3174/3
s 0
f 3319/3176/1 3320/3177/1 3321/3178/1
f 3320/3177/1 3322/3179/1 3321/3178/1
s 1
f 3323/3180/3 3324/3181/3 3325/3172/3
f 3324/3181/3 3326/3173/3 3325/3172/3
s 0
f 3327/3182/1 3328/3183/1 3329/3184/1
f 3328/3183/1 3330/3185/1 3329/3184/1
s 1
f 3331/3181/3 3332/3186/3 3333/3187/3
f 3332/3186/3 3334/3188/3 3333/3187/3
s 0
f 3335/3189/1 3336/3190/1 3337/3191/1
f 3336/3190/1 3338/3192/1 3337/3191/1
s 1
f 3339/3193/3 3340/3194/3 3341/3195/3
f 3340/3194/3 3342/3196/3 3341/3195/3
f 3343/3197/1 3344/3198/1 3345/3199/1
f 3344/3198/1 3346/3200/1 3345/3199/1
f 3347/3201/3 3348/3202/3 3349/3181/3
f 3348/3202/3 3350/3186/3 3349/3181/3
s 0
f 3351/3203/1 3352/3204/1 3353/3205/1
f 3352/3204/1 3354/3206/1 3353/3205/1
s 1
f 3355/3207/3 3356/3208/3 3357/3209/3
f 3356/3208/3 3358/3210/3 3357/3209/3
s 0
f 3359/3211/1 3360/3212/1 3361/3213/1
f 3360/3212/1 3362/3214/1 3361/3213/1
s 1
f 3363/3215/3 3364/3216/3 3365/3217/3
f 3364/3216/3 3366/3218/3 3365/3217/3
s 0
f 3367/3219/1 3368/3220/1 3369/3221/1
f 3368/3220/1 3370/3222/1 3369/3221/1
s 1
f 3371/3223/3 3372/3224/3 3373/3225/3
f 3372/3224/3 3374/3226/3 3373/3225/3
s 0
f 3375/3227/1 3376/3228/1 3377/3229/1
f 3376/3228/1 3378/3230/1 3377/3229/1
s 1
f 3379/3231/3 3380/3232/3 3381/3233/3
f 3380/3232/3 3382/3234/3 3381/3233/3
s 0
f 3383/3235/1 3384/3236/1 3385/3237/1
f 3384/3236/1 3386/3238/1 3385/3237/1
s 1
f 3387/3239/3 3388/3240/3 3389/3241/3
f 3388/3240/3 3390/3242/3 3389/3241/3
s 0
f 3391/3243/1 3392/3244/1 3393/3245/1
f 3392/3244/1 3394/3246/1 3393/3245/1
s 1
f 3395/3247/3 3396/3248/3 3397/3249/3
f 3396/3248/3 3398/3250/3 3397/3249/3
s 0
f 3399/3251/1 3400/3252/1 3401/3253/1
f 3400/3252/1 3402/3254/1 3401/3253/1
s 1
f 3403/3255/3 3404/3256/3 3405/3257/3
f 3404/3256/3 3406/3258/3 3405/3257/3
s 0
f 3407/3259/1 3408/3260/1 3409/3261/1
f 3408/3260/1 3410/3262/1 3409/3261/1
s 1
f 3411/3263/3 3412/3264/3 3413/3265/3
f 3412/3264/3 3414/3266/3 3413/3265/3
s 0
f 3415/3267/1 3416/3268/1 3417/3269/1
f 3416/3268/1 3418/3270/1 3417/3269/1
s 1
f 3419/3271/4 3420/3272/4 3421/3273/4
f 3422/3274/5 3424/3275/5 3423/3276/5
f 3425/3277/26 3426/3278/26 3427/3279/27
f 3426/3278/26 3428/3280/26 3427/3279/27
f 3429/3281/4 3430/3282/4 3431/3283/4
f 3432/3284/5 3434/3285/5 3433/3286/5
f 3435/3287/2 3436/3288/2 3437/3289/2
f 3436/3288/2 3438/3290/2 3437/3289/2
f 3439/3288/3 3440/3291/3 3441/3292/3
f 3440/3291/3 3442/3293/3 3441/3292/3
f 3443/3294/3 3444/3295/3 3445/3296/3
f 3444/3295/3 3446/3297/3 3445/3296/3
f 3447/3298/4 3448/3299/4 3449/3300/4
f 3448/3299/4 3450/3301/4 3449/3300/4
f 3451/3302/4 3452/3303/4 3453/3304/4
f 3452/3303/4 3454/3305/4 3453/3304/4
f 3455/3306/5 3456/3307/5 3457/3308/5
f 3456/3307/5 3458/3309/5 3457/3308/5
f 3459/3310/2 3460/3311/2 3461/3312/2
f 3460/3311/2 3462/3313/2 3461/3312/2
f 3463/3314/5 3464/3315/5 3465/3316/5
f 3464/3315/5 3466/3317/5 3465/3316/5
f 3467/3318/2 3468/3319/2 3469/3320/2
f 3468/3319/2 3470/3321/2 3469/3320/2
f 3471/3322/4 3472/3323/4 3473/3324/4
f 3472/3323/4 3474/3325/4 3473/3324/4
f 3475/3321/3 3476/3326/3 3477/3327/3
f 3476/3326/3 3478/3328/3 3477/3327/3
f 3479/3329/5 3480/1824/5 3481/3330/5
f 3480/1824/5 3482/3331/5 3481/3330/5
f 3483/3332/5 3484/3333/5 3485/3334/5
f 3484/3333/5 3486/3335/5 3485/3334/5
f 3487/3336/5 3488/3337/5 3489/3338/5
f 3488/3337/5 3490/3339/5 3489/3338/5
f 3491/3340/4 3492/3341/4 3493/174/4
f 3492/3341/4 3494/3342/4 3493/174/4
f 3495/3343/4 3496/3344/4 3497/3345/4
f 3496/3344/4 3498/3346/4 3497/3345/4
f 3499/3347/3 3500/3348/3 3501/3349/3
f 3500/3348/3 3502/3350/3 3501/3349/3
f 3503/3351/4 3504/3352/4 3505/2795/4
f 3504/3352/4 3506/2797/4 3505/2795/4
f 3507/3353/2 3508/3354/2 3509/3355/2
f 3508/3354/2 3510/3356/2 3509/3355/2
f 3511/3357/3 3512/3358/3 3513/3359/3
f 3512/3358/3 3514/897/3 3513/3359/3
f 3515/3360/2 3516/3361/2 3517/3362/2
f 3516/3361/2 3518/3363/2 3517/3362/2
f 3519/3364/3 3520/3365/3 3521/3366/3
f 3520/3365/3 3522/3367/3 3521/3366/3
f 3523/3368/3 3524/3369/3 3525/3370/3
f 3524/3369/3 3526/3371/3 3525/3370/3
f 3527/3372/5 3528/3373/5 3529/3374/5
f 3528/3373/5 3530/3375/5 3529/3374/5
f 3531/3376/3 3532/3377/3 3533/3378/3
f 3532/3377/3 3534/3379/3 3533/3378/3
f 3535/3380/5 3536/3381/5 3537/3382/5
f 3536/3381/5 3538/3383/5 3537/3382/5
f 3539/3384/4 3540/3385/4 3541/3158/4
f 3540/3385/4 3542/3160/4 3541/3158/4
f 3543/3386/4 3544/3387/4 3545/3388/4
f 3544/3387/4 3546/3389/4 3545/3388/4
f 3547/3390/4 3548/3391/4 3549/3392/4
f 3548/3391/4 3550/3393/4 3549/3392/4
f 3551/3394/8 3552/3395/8 3553/3396/8
f 3554/125/28 3556/125/28 3555/125/28
f 3557/125/29 3558/125/29 3559/125/30
f 3560/125/31 3562/125/32 3561/125/32
f 3563/125/10 3564/125/10 3565/125/10
f 3566/3397/5 156/154/5 3567/2513/5
f 156/154/5 157/155/5 3567/2513/5
f 3567/2513/5 157/155/5 3568/3398/5
f 3569/125/33 3571/125/33 3570/125/33
f 3572/3399/34 3573/3400/34 3574/3401/34
f 3575/125/35 3577/125/35 3576/125/35
f 3578/125/36 3579/125/36 3580/125/36
f 3581/125/37 3583/125/37 3582/125/37
f 3584/125/9 3585/125/9 3586/125/9
f 3587/3402/38 3589/594/38 3588/3403/38
f 3590/125/10 3591/125/10 3592/125/10
f 3593/125/1 3595/125/1 3594/125/1
f 3596/132/3 3597/133/3 318/314/3
f 3597/133/3 317/313/3 318/314/3
f 3598/3404/39 3599/3405/40 3600/3406/40
f 3601/125/10 3603/125/41 3602/125/10
f 3602/124/10 3603/125/41 3604/385/10
f 3605/125/3 3607/125/3 3606/125/3
f 3608/125/42 3609/125/42 3610/125/42
f 3611/125/43 3613/125/44 3612/125/44
f 3614/125/45 3615/125/46 3616/125/46
f 3617/125/47 3619/125/47 3618/125/47
f 3620/125/48 3621/125/48 3622/125/48
f 3623/3407/49 3625/3408/49 3624/3409/49
f 3626/125/50 3627/125/50 3628/125/50
f 3629/125/51 3631/125/52 3630/125/52
f 3632/125/10 3633/125/10 3634/125/10
f 3635/125/10 3637/125/10 3636/125/10
f 3638/125/53 3639/125/53 3640/125/53
f 3641/3410/54 3643/3411/54 3642/3412/54
f 3644/125/2 3645/125/2 3646/125/2
f 3647/125/55 3649/125/55 3648/125/55
f 3650/125/2 3651/125/2 3652/125/2
f 3653/125/56 3655/125/56 3654/125/56
f 3656/3402/38 3657/594/38 3658/3403/38
f 3659/125/10 3661/125/10 3660/125/10
f 3662/125/1 3663/125/1 3664/125/1
f 3665/3413/57 3667/3414/57 3666/3415/58
s 0
f 3668/125/9 3669/125/9 3670/125/9
s 1
f 3671/1021/59 3673/3416/60 3672/2035/60
f 3674/125/61 3675/125/61 3676/125/61
f 3677/125/62 3679/125/62 3678/125/62
f 3680/125/63 3681/125/64 3682/125/64
f 3683/3417/5 1031/1008/5 3684/3418/5
f 3684/3418/5 1031/1008/5 3685/3419/5
f 1031/1008/5 1030/1007/5 3685/3419/5
f 3686/125/65 3687/125/65 3688/125/66
f 3689/3420/67 3691/3421/67 3690/3422/67
f 3692/3423/3 3693/3424/3 3694/3425/3
f 3693/3424/3 3695/3426/3 3694/3425/3
f 3696/3427/3 3697/3428/3 3698/3429/3
f 3697/3428/3 3699/3430/3 3698/3429/3
f 3700/3431/3 3701/3432/3 3702/1306/3
f 3701/3432/3 3703/1304/3 3702/1306/3
f 3704/125/68 3705/125/69 3706/125/69
f 3707/125/10 3709/125/10 3708/125/10
f 3710/125/1 3711/125/1 3712/125/1
f 3713/125/70 3715/125/70 3714/125/70
f 3716/3433/71 3717/3405/71 3718/3404/71
f 3719/125/72 3721/125/72 3720/125/72
f 3722/3434/73 3723/3435/73 3724/3436/73
f 3725/125/10 3727/125/10 3726/125/10
f 3728/125/74 3729/125/74 3730/125/74
s 0
f 3731/125/1 3733/125/1 3732/125/1
s 1
f 3734/125/10 3735/125/10 3736/125/10
f 3737/125/1 3739/125/1 3738/125/1
f 3740/125/75 3741/125/75 3742/125/75
f 3743/125/2 3745/125/2 3744/125/2
f 3746/3437/10 3747/2362/10 3748/125/10
s 0
f 3749/125/1 3751/125/1 3750/125/1
s 1
f 3752/3438/5 3753/3439/5 3754/3440/5
f 3755/3441/2 1518/3442/2 3756/3443/2
f 3756/3443/2 1518/3442/2 3757/3444/2
f 3758/125/10 3760/125/10 3759/125/10
f 3761/3445/76 3762/3446/16 3763/3447/76
f 3762/3446/16 3764/3448/16 3763/3447/76
f 3763/3447/76 3764/3448/16 3765/3449/16
f 3766/3450/3 3768/3451/3 3767/1953/3
f 3769/3452/8 3770/3453/8 3771/3454/8
f 3772/3455/16 3774/3456/16 3773/3457/16
f 3773/3457/16 3774/3456/16 3775/3458/16
s 0
f 3776/3459/9 3778/3460/9 3777/3461/9
s 1
f 3779/3462/8 3780/3463/8 3781/3464/8
f 3782/3465/17 3784/3466/17 3783/3467/17
f 3785/125/10 3786/125/10 3787/125/10
f 3788/125/10 3790/125/10 3789/125/10
f 3791/125/77 3792/125/77 3793/125/77
f 3794/125/10 3796/125/10 3795/125/10
f 3797/125/1 3798/125/1 3799/125/1
f 3800/125/1 3802/125/1 3801/125/1
f 3803/125/1 3804/125/1 3805/125/1
f 3806/125/1 3808/125/1 3807/125/1
f 3809/647/3 3810/3468/3 3811/3469/3
f 3810/3468/3 3812/1791/3 3811/3469/3
f 3813/125/1 3814/125/1 3815/125/1
f 3816/3470/78 3818/3471/78 3817/3472/78
f 3819/125/1 3820/125/1 3821/125/1
f 3822/125/79 3824/125/80 3823/125/80
f 3825/125/81 3826/125/81 3827/125/81
f 3828/125/82 3830/125/82 3829/125/83
f 3831/3473/5 3832/3474/5 3833/3221/5
f 3834/125/9 3836/125/9 3835/125/9
f 3837/62/84 3838/3475/85 3839/3476/86
f 3838/3475/85 3840/3477/87 3839/3476/86
f 3839/3478/86 3840/3479/87 3841/3480/88
f 3840/3479/87 3842/3481/89 3841/3480/88
f 3841/3480/88 3842/3481/89 3843/3482/1
f 3842/3481/89 3844/3483/1 3843/3482/1
s 0
f 3843/3482/1 3844/3483/1 3845/3484/1
f 3844/3483/1 3846/3485/1 3845/3484/1
s 1
f 3845/3484/1 3846/3485/1 3847/3486/90
f 3847/3486/90 3846/3485/1 3848/3487/91
f 3846/3485/1 3844/3483/1 3848/3487/91
f 3844/3483/1 3842/3481/89 3848/3487/91
f 3848/3487/91 3842/3481/89 3849/3488/92
f 3842/3481/89 3850/3479/93 3849/3488/92
f 3843/3482/1 3845/3484/1 3841/3480/88
f 3845/3484/1 3847/3486/90 3841/3480/88
f 3841/3480/88 3847/3486/90 3851/3478/86
f 3847/3486/90 3852/3489/94 3851/3478/86
f 3847/3486/90 3848/3487/91 3853/3489/94
f 3848/3487/91 3854/3488/92 3853/3489/94
f 3853/3490/94 3854/3491/92 3855/3492/95
f 3854/3491/92 3856/2559/96 3855/3492/95
f 3857/3493/97 3858/3494/98 3859/3495/99
f 3858/3494/98 3860/3496/100 3859/3495/99
f 3861/3497/101 3862/3498/94 3863/3499/102
f 3862/3498/94 3864/3500/103 3863/3499/102
