# Blender 5.1.0
# www.blender.org
mtllib Retro BPO.mtl
o Building2b_T_B2windows_0
v 7.128482 1.596340 5.807044
v 7.128482 1.453989 5.807044
v 8.041307 1.596340 5.822432
v 8.041307 1.453989 5.822432
v 8.377328 1.596340 5.497552
v 8.377328 1.453989 5.497552
v 8.392715 1.596340 4.584727
v 8.392715 1.453989 4.584727
v 8.067837 1.596340 4.248712
v 8.067837 1.453989 4.248712
v 7.155011 1.596340 4.233324
v 7.155011 1.453989 4.233324
v 6.818996 1.596340 4.558198
v 6.818996 1.453989 4.558198
v 6.803608 1.596340 5.471023
v 6.803608 1.453989 5.471023
v 7.128482 2.070905 5.807044
v 7.128482 1.928554 5.807044
v 8.041307 2.070905 5.822432
v 8.041307 1.928554 5.822432
v 8.377328 2.070905 5.497552
v 8.377328 1.928554 5.497552
v 8.392715 2.070905 4.584727
v 8.392715 1.928554 4.584727
v 8.067837 2.070905 4.248712
v 8.067837 1.928554 4.248712
v 7.155011 2.070905 4.233324
v 7.155011 1.928554 4.233324
v 6.818996 2.070905 4.558198
v 6.818996 1.928554 4.558198
v 6.803608 2.070905 5.471023
v 6.803608 1.928554 5.471023
v 7.128482 2.545470 5.807044
v 7.128482 2.403119 5.807044
v 8.041307 2.545470 5.822432
v 8.041307 2.403119 5.822432
v 8.377328 2.545470 5.497552
v 8.377328 2.403119 5.497552
v 8.392715 2.545470 4.584727
v 8.392715 2.403119 4.584727
v 8.067837 2.545470 4.248712
v 8.067837 2.403119 4.248712
v 7.155011 2.545470 4.233324
v 7.155011 2.403119 4.233324
v 6.818996 2.545470 4.558198
v 6.818996 2.403119 4.558198
v 6.803608 2.545470 5.471023
v 6.803608 2.403119 5.471023
v 7.128482 3.020035 5.807044
v 7.128482 2.877684 5.807044
v 8.041307 3.020035 5.822432
v 8.041307 2.877684 5.822432
v 8.377328 3.020035 5.497552
v 8.377328 2.877684 5.497552
v 8.392715 3.020035 4.584727
v 8.392715 2.877684 4.584727
v 8.067837 3.020035 4.248712
v 8.067837 2.877684 4.248712
v 7.155011 3.020035 4.233324
v 7.155011 2.877684 4.233324
v 6.818996 3.020035 4.558198
v 6.818996 2.877684 4.558198
v 6.803608 3.020035 5.471023
v 6.803608 2.877684 5.471023
v 7.128482 3.352249 5.807044
v 7.128482 3.494616 5.807044
v 6.803608 3.352249 5.471023
v 6.803608 3.494616 5.471023
v 7.128482 3.494616 5.807044
v 7.128482 3.352249 5.807044
v 8.041307 3.494616 5.822432
v 8.041307 3.352249 5.822432
v 8.041307 3.494616 5.822432
v 8.041307 3.352249 5.822432
v 8.377328 3.494616 5.497552
v 8.377328 3.352249 5.497552
v 8.377328 3.494616 5.497552
v 8.377328 3.352249 5.497552
v 8.392715 3.494616 4.584727
v 8.392715 3.352249 4.584727
v 8.392715 3.494616 4.584727
v 8.392715 3.352249 4.584727
v 8.067837 3.494616 4.248712
v 8.067837 3.352249 4.248712
v 8.067837 3.494616 4.248712
v 8.067837 3.352249 4.248712
v 7.155011 3.494616 4.233324
v 7.155011 3.352249 4.233324
v 7.155011 3.494616 4.233324
v 7.155011 3.352249 4.233324
v 6.818996 3.494616 4.558198
v 6.818996 3.352249 4.558198
v 6.818996 3.494616 4.558198
v 6.818996 3.352249 4.558198
v 6.803608 3.494616 5.471023
v 6.803608 3.352249 5.471023
v 7.128482 3.826814 5.807044
v 7.128482 3.969181 5.807044
v 6.803608 3.826829 5.471023
v 6.803608 3.969181 5.471023
v 7.128482 3.969181 5.807044
v 7.128482 3.826814 5.807044
v 8.041307 3.969181 5.822432
v 8.041307 3.826829 5.822432
v 8.041307 3.969181 5.822432
v 8.041307 3.826829 5.822432
v 8.377328 3.969181 5.497552
v 8.377328 3.826814 5.497552
v 8.377328 3.969181 5.497552
v 8.377328 3.826814 5.497552
v 8.392715 3.969181 4.584727
v 8.392715 3.826829 4.584727
v 8.392715 3.969181 4.584727
v 8.392715 3.826829 4.584727
v 8.067837 3.969181 4.248712
v 8.067837 3.826814 4.248712
v 8.067837 3.969181 4.248712
v 8.067837 3.826814 4.248712
v 7.155011 3.969181 4.233324
v 7.155011 3.826829 4.233324
v 7.155011 3.969181 4.233324
v 7.155011 3.826829 4.233324
v 6.818996 3.969181 4.558198
v 6.818996 3.826814 4.558198
v 6.818996 3.969181 4.558198
v 6.818996 3.826814 4.558198
v 6.803608 3.969181 5.471023
v 6.803608 3.826829 5.471023
v 7.128482 4.301394 5.807044
v 7.128482 4.443746 5.807044
v 6.803608 4.301394 5.471023
v 6.803608 4.443746 5.471023
v 7.128482 4.443746 5.807044
v 7.128482 4.301394 5.807044
v 8.041307 4.443746 5.822432
v 8.041307 4.301394 5.822432
v 8.041307 4.443746 5.822432
v 8.041307 4.301394 5.822432
v 8.377328 4.443746 5.497552
v 8.377328 4.301394 5.497552
v 8.377328 4.443746 5.497552
v 8.377328 4.301394 5.497552
v 8.392715 4.443746 4.584727
v 8.392715 4.301394 4.584727
v 8.392715 4.443746 4.584727
v 8.392715 4.301394 4.584727
v 8.067837 4.443746 4.248712
v 8.067837 4.301394 4.248712
v 8.067837 4.443746 4.248712
v 8.067837 4.301394 4.248712
v 7.155011 4.443746 4.233324
v 7.155011 4.301394 4.233324
v 7.155011 4.443746 4.233324
v 7.155011 4.301394 4.233324
v 6.818996 4.443746 4.558198
v 6.818996 4.301394 4.558198
v 6.818996 4.443746 4.558198
v 6.818996 4.301394 4.558198
v 6.803608 4.443746 5.471023
v 6.803608 4.301394 5.471023
v 7.128482 4.775959 5.807044
v 7.128482 4.918311 5.807044
v 6.803608 4.775959 5.471023
v 6.803608 4.918311 5.471023
v 7.128482 4.918311 5.807044
v 7.128482 4.775959 5.807044
v 8.041307 4.918311 5.822432
v 8.041307 4.775959 5.822432
v 8.041307 4.918311 5.822432
v 8.041307 4.775959 5.822432
v 8.377328 4.918311 5.497552
v 8.377328 4.775959 5.497552
v 8.377328 4.918311 5.497552
v 8.377328 4.775959 5.497552
v 8.392715 4.918311 4.584727
v 8.392715 4.775959 4.584727
v 8.392715 4.918311 4.584727
v 8.392715 4.775959 4.584727
v 8.067837 4.918311 4.248712
v 8.067837 4.775959 4.248712
v 8.067837 4.918311 4.248712
v 8.067837 4.775959 4.248712
v 7.155011 4.918311 4.233324
v 7.155011 4.775959 4.233324
v 7.155011 4.918311 4.233324
v 7.155011 4.775959 4.233324
v 6.818996 4.918311 4.558198
v 6.818996 4.775959 4.558198
v 6.818996 4.918311 4.558198
v 6.818996 4.775959 4.558198
v 6.803608 4.918311 5.471023
v 6.803608 4.775959 5.471023
v 7.128482 5.250525 5.807044
v 7.128482 5.392876 5.807044
v 6.803608 5.250525 5.471023
v 6.803608 5.392876 5.471023
v 7.128482 5.392876 5.807044
v 7.128482 5.250525 5.807044
v 8.041307 5.392876 5.822432
v 8.041307 5.250525 5.822432
v 8.041307 5.392876 5.822432
v 8.041307 5.250525 5.822432
v 8.377328 5.392876 5.497552
v 8.377328 5.250525 5.497552
v 8.377328 5.392876 5.497552
v 8.377328 5.250525 5.497552
v 8.392715 5.392876 4.584727
v 8.392715 5.250525 4.584727
v 8.392715 5.392876 4.584727
v 8.392715 5.250525 4.584727
v 8.067837 5.392876 4.248712
v 8.067837 5.250525 4.248712
v 8.067837 5.392876 4.248712
v 8.067837 5.250525 4.248712
v 7.155011 5.392876 4.233324
v 7.155011 5.250525 4.233324
v 7.155011 5.392876 4.233324
v 7.155011 5.250525 4.233324
v 6.818996 5.392876 4.558198
v 6.818996 5.250525 4.558198
v 6.818996 5.392876 4.558198
v 6.818996 5.250525 4.558198
v 6.803608 5.392876 5.471023
v 6.803608 5.250525 5.471023
v 7.128482 5.725074 5.807044
v 7.128482 5.867456 5.807044
v 6.803608 5.725090 5.471023
v 6.803608 5.867441 5.471023
v 7.128482 5.867456 5.807044
v 7.128482 5.725074 5.807044
v 8.041307 5.867441 5.822432
v 8.041307 5.725090 5.822432
v 8.041307 5.867441 5.822432
v 8.041307 5.725090 5.822432
v 8.377328 5.867456 5.497552
v 8.377328 5.725074 5.497552
v 8.377328 5.867456 5.497552
v 8.377328 5.725074 5.497552
v 8.392715 5.867441 4.584727
v 8.392715 5.725090 4.584727
v 8.392715 5.867441 4.584727
v 8.392715 5.725090 4.584727
v 8.067837 5.867456 4.248712
v 8.067837 5.725074 4.248712
v 8.067837 5.867456 4.248712
v 8.067837 5.725074 4.248712
v 7.155011 5.867441 4.233324
v 7.155011 5.725090 4.233324
v 7.155011 5.867441 4.233324
v 7.155011 5.725090 4.233324
v 6.818996 5.867456 4.558198
v 6.818996 5.725074 4.558198
v 6.818996 5.867456 4.558198
v 6.818996 5.725074 4.558198
v 6.803608 5.867441 5.471023
v 6.803608 5.725090 5.471023
v 7.128482 6.199655 5.807044
v 7.128482 6.342021 5.807044
v 6.803608 6.199655 5.471023
v 6.803608 6.342021 5.471023
v 7.128482 6.342021 5.807044
v 7.128482 6.199655 5.807044
v 8.041307 6.342021 5.822432
v 8.041307 6.199655 5.822432
v 8.041307 6.342021 5.822432
v 8.041307 6.199655 5.822432
v 8.377328 6.342021 5.497552
v 8.377328 6.199655 5.497552
v 8.377328 6.342021 5.497552
v 8.377328 6.199655 5.497552
v 8.392715 6.342021 4.584727
v 8.392715 6.199655 4.584727
v 8.392715 6.342021 4.584727
v 8.392715 6.199655 4.584727
v 8.067837 6.342021 4.248712
v 8.067837 6.199655 4.248712
v 8.067837 6.342021 4.248712
v 8.067837 6.199655 4.248712
v 7.155011 6.342021 4.233324
v 7.155011 6.199655 4.233324
v 7.155011 6.342021 4.233324
v 7.155011 6.199655 4.233324
v 6.818996 6.342021 4.558198
v 6.818996 6.199655 4.558198
v 6.818996 6.342021 4.558198
v 6.818996 6.199655 4.558198
v 6.803608 6.342021 5.471023
v 6.803608 6.199655 5.471023
v 8.130170 0.950298 5.985684
v 7.034173 0.950298 5.967208
v 8.130170 0.806445 5.985684
v 7.034173 0.806445 5.967208
v 8.555963 0.950298 4.495870
v 8.537487 0.950298 5.591861
v 8.555963 0.806445 4.495870
v 8.537487 0.806445 5.591861
v 7.066154 0.950298 4.070072
v 8.162150 0.950298 4.088547
v 7.066154 0.806445 4.070072
v 8.162150 0.806445 4.088547
v 6.640361 0.950298 5.559881
v 6.658837 0.950298 4.463889
v 6.640361 0.806445 5.559881
v 6.658837 0.806445 4.463889
v 8.134592 0.478843 5.985758
v 7.029751 0.478843 5.967134
v 8.134592 0.341441 5.985758
v 7.029751 0.341441 5.967134
v 8.556038 0.478843 4.491448
v 8.537413 0.478843 5.596288
v 8.556038 0.341441 4.491448
v 8.537413 0.341441 5.596288
v 7.061732 0.478843 4.069998
v 8.166573 0.478843 4.088622
v 7.061732 0.341441 4.069998
v 8.166573 0.341441 4.088622
v 6.640282 0.478843 5.564308
v 6.658906 0.478843 4.459467
v 6.640282 0.341441 5.564308
v 6.658906 0.341441 4.459467
v 7.124880 7.453696 5.309266
v 7.124880 7.592998 5.309266
v 7.134633 7.453696 4.730693
v 7.134633 7.592998 4.730693
v 7.316770 7.453696 4.554596
v 7.316770 7.592998 4.554596
v 7.895342 7.453696 4.564350
v 7.895342 7.592998 4.564350
v 8.071444 7.453696 4.746485
v 8.071444 7.592998 4.746485
v 8.061690 7.453696 5.325058
v 8.061690 7.592998 5.325058
v 7.879549 7.453696 5.501159
v 7.879549 7.592998 5.501159
v 7.300977 7.453696 5.491405
v 7.300977 7.592998 5.491405
v 7.124880 7.175061 5.309266
v 7.124880 7.314363 5.309266
v 7.134633 7.175061 4.730693
v 7.134633 7.314363 4.730693
v 7.316770 7.175061 4.554596
v 7.316770 7.314363 4.554596
v 7.895342 7.175061 4.564350
v 7.895342 7.314363 4.564350
v 8.071444 7.175061 4.746485
v 8.071444 7.314363 4.746485
v 8.061690 7.175061 5.325058
v 8.061690 7.314363 5.325058
v 7.879549 7.175061 5.501159
v 7.879549 7.314363 5.501159
v 7.300977 7.175061 5.491405
v 7.300977 7.314363 5.491405
v 7.895342 7.453696 4.564350
v 7.895342 7.592998 4.564350
v 8.071444 7.453696 4.746485
v 8.071444 7.592998 4.746485
v 7.895342 7.175061 4.564350
v 7.895342 7.314363 4.564350
v 8.071444 7.175061 4.746485
v 8.071444 7.314363 4.746485
v 7.134633 7.175061 4.730693
v 7.134633 7.314363 4.730693
v 7.316770 7.175061 4.554596
v 7.316770 7.314363 4.554596
v 7.134633 7.453696 4.730693
v 7.134633 7.592998 4.730693
v 7.316770 7.453696 4.554596
v 7.316770 7.592998 4.554596
v 7.300977 7.453696 5.491405
v 7.300977 7.592998 5.491405
v 7.124880 7.453696 5.309266
v 7.124880 7.592998 5.309266
v 7.300977 7.175061 5.491405
v 7.300977 7.314363 5.491405
v 7.124880 7.175061 5.309266
v 7.124880 7.314363 5.309266
v 8.061690 7.175061 5.325058
v 8.061690 7.314363 5.325058
v 7.879549 7.175061 5.501159
v 7.879549 7.314363 5.501159
v 8.061690 7.453696 5.325058
v 8.061690 7.592998 5.325058
v 7.879549 7.453696 5.501159
v 7.879549 7.592998 5.501159
vn -0.0169 -0.0000 0.9999
vn 0.9998 -0.0000 0.0191
vn 0.0169 -0.0000 -0.9999
vn -0.9999 -0.0000 -0.0146
vn -0.9999 -0.0000 -0.0147
vn -0.7197 -0.0000 0.6943
vn 0.6959 -0.0000 0.7181
vn 0.6959 -0.0000 0.7182
vn 0.7198 -0.0000 -0.6942
vn 0.7197 -0.0000 -0.6943
vn -0.6959 0.0038 -0.7182
vn 0.6958 -0.0000 0.7182
vn -0.6959 0.0037 -0.7182
vn 0.7196 -0.0000 -0.6943
vn 0.7197 -0.0000 -0.6942
vt 0.772090 0.380095
vt 0.780704 0.380095
vt 0.772090 0.435340
vt 0.780704 0.435340
vt 0.003838 0.731624
vt 0.012452 0.731624
vt 0.003838 0.786870
vt 0.012452 0.786870
vt 0.772051 0.464037
vt 0.780665 0.464037
vt 0.772051 0.519282
vt 0.780665 0.519282
vt 0.630403 0.731750
vt 0.639017 0.731750
vt 0.630403 0.786995
vt 0.639017 0.786995
vt 0.788380 0.380095
vt 0.796994 0.380095
vt 0.788380 0.435340
vt 0.796994 0.435340
vt 0.123150 0.737869
vt 0.131764 0.737869
vt 0.123150 0.793114
vt 0.131764 0.793114
vt 0.779841 0.610854
vt 0.788455 0.610854
vt 0.779841 0.666100
vt 0.788455 0.666100
vt 0.345870 0.745963
vt 0.354484 0.745963
vt 0.345870 0.801209
vt 0.354484 0.801209
vt 0.777589 0.291366
vt 0.786203 0.291366
vt 0.777589 0.346611
vt 0.786203 0.346611
vt 0.584396 0.727762
vt 0.593010 0.727762
vt 0.584395 0.783007
vt 0.593010 0.783007
vt 0.277447 0.728919
vt 0.286061 0.728919
vt 0.277447 0.784165
vt 0.286061 0.784165
vt 0.657544 0.730937
vt 0.666158 0.730937
vt 0.657544 0.786182
vt 0.666158 0.786182
vt 0.329579 0.745963
vt 0.338193 0.745963
vt 0.329579 0.801209
vt 0.338193 0.801209
vt 0.062943 0.737875
vt 0.071557 0.737875
vt 0.062943 0.793120
vt 0.071557 0.793120
vt 0.782400 0.690657
vt 0.791014 0.690657
vt 0.782400 0.745902
vt 0.791014 0.745902
vt 0.094434 0.738262
vt 0.103048 0.738262
vt 0.094434 0.793507
vt 0.103048 0.793507
vt 0.936198 0.260869
vt 0.927583 0.260869
vt 0.936198 0.240869
vt 0.927583 0.240869
vt 0.362729 0.724160
vt 0.371344 0.724160
vt 0.362729 0.779406
vt 0.371344 0.779406
vt 0.929154 0.817520
vt 0.937768 0.817520
vt 0.929154 0.837519
vt 0.937768 0.837519
vt 0.484399 0.722101
vt 0.493014 0.722101
vt 0.484399 0.777346
vt 0.493014 0.777346
vt 0.929525 0.150645
vt 0.938140 0.150645
vt 0.929525 0.170645
vt 0.938140 0.170645
vt 0.428840 0.722245
vt 0.437454 0.722245
vt 0.428840 0.777490
vt 0.437454 0.777490
vt 0.931604 0.423756
vt 0.940219 0.423756
vt 0.931604 0.443755
vt 0.940219 0.443755
vt 0.456499 0.724132
vt 0.465114 0.724132
vt 0.456499 0.779377
vt 0.465114 0.779377
vt 0.639017 0.933046
vt 0.630403 0.933046
vt 0.639017 0.913046
vt 0.630403 0.913046
vt 0.766108 0.690657
vt 0.774723 0.690657
vt 0.766108 0.745902
vt 0.774722 0.745902
vt 0.928908 0.074285
vt 0.937522 0.074285
vt 0.928908 0.094284
vt 0.937523 0.094284
vt 0.763550 0.610854
vt 0.772165 0.610854
vt 0.763550 0.666100
vt 0.772164 0.666100
vt 0.003838 0.917565
vt 0.012452 0.917565
vt 0.003838 0.937564
vt 0.012453 0.937564
vt 0.763549 0.547932
vt 0.772164 0.547932
vt 0.763549 0.603178
vt 0.772164 0.603178
vt 0.183954 0.920220
vt 0.192568 0.920220
vt 0.183954 0.940219
vt 0.192569 0.940219
vt 0.183954 0.719436
vt 0.192569 0.719436
vt 0.183954 0.774681
vt 0.192568 0.774681
vt 0.940302 0.033037
vt 0.931688 0.033037
vt 0.940302 0.013037
vt 0.931688 0.013037
vt 0.771445 0.013037
vt 0.780059 0.013037
vt 0.771445 0.068283
vt 0.780059 0.068283
vt 0.931904 0.679601
vt 0.940518 0.679601
vt 0.931904 0.699600
vt 0.940518 0.699600
vt 0.787244 0.207324
vt 0.795858 0.207324
vt 0.787244 0.262569
vt 0.795858 0.262569
vt 0.932961 0.893760
vt 0.941575 0.893760
vt 0.932961 0.913759
vt 0.941575 0.913759
vt 0.770954 0.207324
vt 0.779568 0.207324
vt 0.770954 0.262569
vt 0.779568 0.262569
vt 0.933497 0.636920
vt 0.942111 0.636920
vt 0.933497 0.656919
vt 0.942111 0.656919
vt 0.787412 0.087723
vt 0.796026 0.087723
vt 0.787412 0.142969
vt 0.796026 0.142969
vt 0.940301 0.060713
vt 0.931687 0.060713
vt 0.940301 0.040714
vt 0.931687 0.040714
vt 0.602623 0.724926
vt 0.611237 0.724926
vt 0.602623 0.780171
vt 0.611237 0.780171
vt 0.932328 0.734865
vt 0.940942 0.734865
vt 0.932328 0.754864
vt 0.940942 0.754864
vt 0.787736 0.013037
vt 0.796350 0.013037
vt 0.787736 0.068283
vt 0.796350 0.068283
vt 0.932961 0.921436
vt 0.941575 0.921436
vt 0.932961 0.941435
vt 0.941575 0.941435
vt 0.771121 0.087723
vt 0.779735 0.087723
vt 0.771121 0.142969
vt 0.779735 0.142969
vt 0.933525 0.375593
vt 0.942139 0.375593
vt 0.933525 0.395592
vt 0.942139 0.395592
vt 0.788342 0.464037
vt 0.796956 0.464037
vt 0.788342 0.519282
vt 0.796956 0.519282
vt 0.941641 0.230650
vt 0.933027 0.230650
vt 0.941641 0.210651
vt 0.933027 0.210651
vt 0.779841 0.547932
vt 0.788455 0.547932
vt 0.779841 0.603178
vt 0.788455 0.603178
vt 0.933264 0.507651
vt 0.941878 0.507651
vt 0.933264 0.527651
vt 0.941878 0.527651
vt 0.556616 0.746055
vt 0.565230 0.746055
vt 0.556616 0.801300
vt 0.565230 0.801300
vt 0.933497 0.609244
vt 0.942111 0.609244
vt 0.933497 0.629243
vt 0.942111 0.629243
vt 0.216041 0.732538
vt 0.224655 0.732538
vt 0.216041 0.787783
vt 0.224655 0.787783
vt 0.062640 0.922873
vt 0.071254 0.922873
vt 0.062640 0.942871
vt 0.071254 0.942871
vt 0.537901 0.746777
vt 0.546515 0.746777
vt 0.537901 0.802023
vt 0.546515 0.802023
vt 0.835993 0.057260
vt 0.844609 0.057260
vt 0.835994 0.077259
vt 0.844608 0.077259
vt 0.764374 0.519282
vt 0.755758 0.519282
vt 0.764373 0.464037
vt 0.755759 0.464037
vt 0.790827 0.920553
vt 0.782213 0.920553
vt 0.790828 0.900554
vt 0.782212 0.900554
vt 0.764413 0.435340
vt 0.755797 0.435340
vt 0.764412 0.380095
vt 0.755798 0.380095
vt 0.929766 0.801880
vt 0.921152 0.801880
vt 0.929767 0.781881
vt 0.921151 0.781881
vt 0.763768 0.068283
vt 0.755152 0.068283
vt 0.763767 0.013037
vt 0.755153 0.013037
vt 0.930963 0.141299
vt 0.922349 0.141299
vt 0.930964 0.121300
vt 0.922348 0.121300
vt 0.769913 0.346611
vt 0.761297 0.346611
vt 0.769912 0.291366
vt 0.761298 0.291366
vt 0.936998 0.499751
vt 0.928383 0.499751
vt 0.936998 0.479752
vt 0.928383 0.479752
vt 0.512179 0.716672
vt 0.520794 0.716672
vt 0.512179 0.771917
vt 0.520794 0.771917
vt 0.216041 0.917892
vt 0.224656 0.917892
vt 0.216041 0.937891
vt 0.224656 0.937891
vt 0.379020 0.724160
vt 0.387635 0.724160
vt 0.379020 0.779406
vt 0.387635 0.779406
vt 0.929525 0.178321
vt 0.938140 0.178321
vt 0.929525 0.198321
vt 0.938140 0.198321
vt 0.309533 0.715928
vt 0.318148 0.715928
vt 0.309533 0.771174
vt 0.318148 0.771174
vt 0.931604 0.451431
vt 0.940219 0.451431
vt 0.931604 0.471430
vt 0.940219 0.471430
vt 0.396468 0.724163
vt 0.405083 0.724163
vt 0.396468 0.779408
vt 0.405083 0.779408
vt 0.600530 0.154054
vt 0.600530 0.087723
vt 0.609235 0.154054
vt 0.609235 0.087723
vt 0.611429 0.357696
vt 0.611429 0.291366
vt 0.620134 0.357696
vt 0.620134 0.291366
vt 0.603451 0.530368
vt 0.603451 0.464037
vt 0.612156 0.530368
vt 0.612156 0.464037
vt 0.603490 0.446426
vt 0.603490 0.380095
vt 0.612195 0.446426
vt 0.612195 0.380095
vt 0.619872 0.446961
vt 0.619872 0.380095
vt 0.628187 0.446961
vt 0.628187 0.380095
vt 0.619957 0.274190
vt 0.619957 0.207324
vt 0.628271 0.274190
vt 0.628271 0.207324
vt 0.627811 0.358232
vt 0.627811 0.291366
vt 0.636126 0.358232
vt 0.636126 0.291366
vt 0.619833 0.530903
vt 0.619833 0.464037
vt 0.628147 0.530903
vt 0.628147 0.464037
vt 0.847803 0.185661
vt 0.839374 0.185661
vt 0.847803 0.150645
vt 0.839374 0.150645
vt 0.846785 0.582948
vt 0.838355 0.582948
vt 0.846785 0.547932
vt 0.838355 0.547932
vt 0.849343 0.725673
vt 0.840913 0.725673
vt 0.849343 0.690657
vt 0.840913 0.690657
vt 0.757027 0.846243
vt 0.748597 0.846243
vt 0.757027 0.811227
vt 0.748597 0.811227
vt 0.546330 0.844715
vt 0.537901 0.844715
vt 0.546330 0.809699
vt 0.537901 0.809699
vt 0.565045 0.843993
vt 0.556616 0.843993
vt 0.565045 0.808977
vt 0.556616 0.808977
vt 0.846110 0.809843
vt 0.837681 0.809843
vt 0.846110 0.774827
vt 0.837681 0.774827
vt 0.354629 0.843901
vt 0.346200 0.843901
vt 0.354629 0.808885
vt 0.346200 0.808885
vt 0.780230 0.454292
vt 0.771801 0.454292
vt 0.780230 0.443451
vt 0.771801 0.443451
vt 0.779383 0.281086
vt 0.770954 0.281086
vt 0.779383 0.270246
vt 0.770954 0.270246
vt 0.796298 0.538266
vt 0.787868 0.538266
vt 0.796298 0.527425
vt 0.787868 0.527425
vt 0.796337 0.454292
vt 0.787907 0.454292
vt 0.796337 0.443451
vt 0.787907 0.443451
vt 0.795490 0.281086
vt 0.787060 0.281086
vt 0.795490 0.270246
vt 0.787060 0.270246
vt 0.780191 0.538266
vt 0.771762 0.538266
vt 0.780191 0.527425
vt 0.771762 0.527425
vt 0.608958 0.080028
vt 0.600529 0.080028
vt 0.608958 0.069187
vt 0.600529 0.069187
vt 0.625341 0.080047
vt 0.616912 0.080047
vt 0.625341 0.069206
vt 0.616912 0.069206
s 0
usemtl T_B2windows
f 1/1/1 2/2/1 3/3/1
f 2/2/1 4/4/1 3/3/1
s 1
f 5/5/2 6/6/2 7/7/2
f 6/6/2 8/8/2 7/7/2
s 0
f 9/9/3 10/10/3 11/11/3
f 10/10/3 12/12/3 11/11/3
s 1
f 13/13/4 14/14/4 15/15/5
f 14/14/4 16/16/5 15/15/5
s 0
f 17/17/1 18/18/1 19/19/1
f 18/18/1 20/20/1 19/19/1
s 1
f 21/21/2 22/22/2 23/23/2
f 22/22/2 24/24/2 23/23/2
s 0
f 25/25/3 26/26/3 27/27/3
f 26/26/3 28/28/3 27/27/3
s 1
f 29/29/5 30/30/5 31/31/5
f 30/30/5 32/32/5 31/31/5
s 0
f 33/33/1 34/34/1 35/35/1
f 34/34/1 36/36/1 35/35/1
s 1
f 37/37/2 38/38/2 39/39/2
f 38/38/2 40/40/2 39/39/2
s 0
f 41/41/3 42/42/3 43/43/3
f 42/42/3 44/44/3 43/43/3
s 1
f 45/45/4 46/46/4 47/47/5
f 46/46/4 48/48/5 47/47/5
s 0
f 49/49/1 50/50/1 51/51/1
f 50/50/1 52/52/1 51/51/1
s 1
f 53/53/2 54/54/2 55/55/2
f 54/54/2 56/56/2 55/55/2
s 0
f 57/57/3 58/58/3 59/59/3
f 58/58/3 60/60/3 59/59/3
s 1
f 61/61/5 62/62/5 63/63/5
f 62/62/5 64/64/5 63/63/5
f 65/65/6 66/66/6 67/67/6
f 66/66/6 68/68/6 67/67/6
s 0
f 69/69/1 70/70/1 71/71/1
f 70/70/1 72/72/1 71/71/1
s 1
f 73/73/7 74/74/8 75/75/8
f 74/74/8 76/76/8 75/75/8
f 77/77/2 78/78/2 79/79/2
f 78/78/2 80/80/2 79/79/2
f 81/81/9 82/82/10 83/83/10
f 82/82/10 84/84/10 83/83/10
s 0
f 85/85/3 86/86/3 87/87/3
f 86/86/3 88/88/3 87/87/3
s 1
f 89/89/11 90/90/11 91/91/11
f 90/90/11 92/92/11 91/91/11
f 93/93/5 94/94/5 95/95/5
f 94/94/5 96/96/5 95/95/5
f 97/97/6 98/98/6 99/99/6
f 98/98/6 100/100/6 99/99/6
s 0
f 101/101/1 102/102/1 103/103/1
f 102/102/1 104/104/1 103/103/1
s 1
f 105/105/8 106/106/8 107/107/12
f 106/106/8 108/108/7 107/107/12
f 109/109/2 110/110/2 111/111/2
f 110/110/2 112/112/2 111/111/2
f 113/113/10 114/114/10 115/115/10
f 114/114/10 116/116/10 115/115/10
s 0
f 117/117/3 118/118/3 119/119/3
f 118/118/3 120/120/3 119/119/3
s 1
f 121/121/11 122/122/11 123/123/11
f 122/122/11 124/124/11 123/123/11
f 125/125/4 126/126/5 127/127/5
f 126/126/5 128/128/5 127/127/5
f 129/129/6 130/130/6 131/131/6
f 130/130/6 132/132/6 131/131/6
s 0
f 133/133/1 134/134/1 135/135/1
f 134/134/1 136/136/1 135/135/1
s 1
f 137/137/7 138/138/8 139/139/12
f 138/138/8 140/140/8 139/139/12
f 141/141/2 142/142/2 143/143/2
f 142/142/2 144/144/2 143/143/2
f 145/145/10 146/146/10 147/147/10
f 146/146/10 148/148/10 147/147/10
s 0
f 149/149/3 150/150/3 151/151/3
f 150/150/3 152/152/3 151/151/3
s 1
f 153/153/11 154/154/11 155/155/11
f 154/154/11 156/156/11 155/155/11
f 157/157/5 158/158/5 159/159/5
f 158/158/5 160/160/5 159/159/5
f 161/161/6 162/162/6 163/163/6
f 162/162/6 164/164/6 163/163/6
s 0
f 165/165/1 166/166/1 167/167/1
f 166/166/1 168/168/1 167/167/1
s 1
f 169/169/8 170/170/8 171/171/8
f 170/170/8 172/172/8 171/171/8
f 173/173/2 174/174/2 175/175/2
f 174/174/2 176/176/2 175/175/2
f 177/177/10 178/178/10 179/179/10
f 178/178/10 180/180/10 179/179/10
s 0
f 181/181/3 182/182/3 183/183/3
f 182/182/3 184/184/3 183/183/3
s 1
f 185/185/11 186/186/11 187/187/11
f 186/186/11 188/188/11 187/187/11
f 189/189/5 190/190/5 191/191/5
f 190/190/5 192/192/5 191/191/5
f 193/193/6 194/194/6 195/195/6
f 194/194/6 196/196/6 195/195/6
s 0
f 197/197/1 198/198/1 199/199/1
f 198/198/1 200/200/1 199/199/1
s 1
f 201/201/12 202/202/8 203/203/8
f 202/202/8 204/204/8 203/203/8
f 205/205/2 206/206/2 207/207/2
f 206/206/2 208/208/2 207/207/2
f 209/209/9 210/210/10 211/211/10
f 210/210/10 212/212/9 211/211/10
s 0
f 213/213/3 214/214/3 215/215/3
f 214/214/3 216/216/3 215/215/3
s 1
f 217/217/11 218/218/11 219/219/11
f 218/218/11 220/220/13 219/219/11
f 221/221/4 222/222/4 223/223/5
f 222/222/4 224/224/5 223/223/5
f 225/225/6 226/226/6 227/227/6
f 226/226/6 228/228/6 227/227/6
s 0
f 229/229/1 230/230/1 231/231/1
f 230/230/1 232/232/1 231/231/1
s 1
f 233/233/8 234/234/8 235/235/8
f 234/234/8 236/236/8 235/235/8
f 237/237/2 238/238/2 239/239/2
f 238/238/2 240/240/2 239/239/2
f 241/241/10 242/242/10 243/243/10
f 242/242/10 244/244/10 243/243/10
s 0
f 245/245/3 246/246/3 247/247/3
f 246/246/3 248/248/3 247/247/3
s 1
f 249/249/11 250/250/11 251/251/11
f 250/250/11 252/252/11 251/251/11
f 253/253/4 254/254/4 255/255/5
f 254/254/4 256/256/5 255/255/5
f 257/257/6 258/258/6 259/259/6
f 258/258/6 260/260/6 259/259/6
s 0
f 261/261/1 262/262/1 263/263/1
f 262/262/1 264/264/1 263/263/1
s 1
f 265/265/7 266/266/8 267/267/8
f 266/266/8 268/268/7 267/267/8
f 269/269/2 270/270/2 271/271/2
f 270/270/2 272/272/2 271/271/2
f 273/273/10 274/274/10 275/275/10
f 274/274/10 276/276/10 275/275/10
s 0
f 277/277/3 278/278/3 279/279/3
f 278/278/3 280/280/3 279/279/3
s 1
f 281/281/11 282/282/11 283/283/11
f 282/282/11 284/284/11 283/283/11
f 285/285/4 286/286/5 287/287/5
f 286/286/5 288/288/5 287/287/5
s 0
f 289/289/1 290/290/1 291/291/1
f 290/290/1 292/292/1 291/291/1
s 1
f 293/293/2 294/294/2 295/295/2
f 294/294/2 296/296/2 295/295/2
s 0
f 297/297/3 298/298/3 299/299/3
f 298/298/3 300/300/3 299/299/3
s 1
f 301/301/5 302/302/4 303/303/5
f 302/302/4 304/304/4 303/303/5
s 0
f 305/305/1 306/306/1 307/307/1
f 306/306/1 308/308/1 307/307/1
s 1
f 309/309/2 310/310/2 311/311/2
f 310/310/2 312/312/2 311/311/2
s 0
f 313/313/3 314/314/3 315/315/3
f 314/314/3 316/316/3 315/315/3
s 1
f 317/317/4 318/318/4 319/319/4
f 318/318/4 320/320/4 319/319/4
f 321/321/4 322/322/4 323/323/4
f 322/322/4 324/324/4 323/323/4
s 0
f 325/325/3 326/326/3 327/327/3
f 326/326/3 328/328/3 327/327/3
s 1
f 329/329/2 330/330/2 331/331/2
f 330/330/2 332/332/2 331/331/2
s 0
f 333/333/1 334/334/1 335/335/1
f 334/334/1 336/336/1 335/335/1
s 1
f 337/337/4 338/338/4 339/339/4
f 338/338/4 340/340/4 339/339/4
s 0
f 341/341/3 342/342/3 343/343/3
f 342/342/3 344/344/3 343/343/3
s 1
f 345/345/2 346/346/2 347/347/2
f 346/346/2 348/348/2 347/347/2
s 0
f 349/349/1 350/350/1 351/351/1
f 350/350/1 352/352/1 351/351/1
s 1
f 353/353/10 354/354/10 355/355/10
f 354/354/10 356/356/10 355/355/10
f 357/357/14 358/358/15 359/359/10
f 358/358/15 360/360/10 359/359/10
f 361/361/11 362/362/11 363/363/11
f 362/362/11 364/364/11 363/363/11
f 365/365/11 366/366/11 367/367/11
f 366/366/11 368/368/11 367/367/11
f 369/369/6 370/370/6 371/371/6
f 370/370/6 372/372/6 371/371/6
f 373/373/6 374/374/6 375/375/6
f 374/374/6 376/376/6 375/375/6
f 377/377/8 378/378/8 379/379/8
f 378/378/8 380/380/8 379/379/8
f 381/381/8 382/382/8 383/383/8
f 382/382/8 384/384/12 383/383/8
o Building2b_T_B2base_gray_0
v 6.582305 3.253565 5.637545
v 6.666970 3.253871 5.578095
v 6.622994 3.057742 5.385335
v 6.622994 3.057742 5.385335
v 6.582305 3.253565 5.637545
v 6.561511 3.063074 5.377277
v 6.684308 1.599543 5.677257
v 6.681636 1.489275 5.679835
v 6.645344 1.550116 5.714929
v 6.932921 1.489275 5.939737
v 6.896629 1.550116 5.974826
v 6.935588 1.599543 5.937154
v 6.988515 3.253565 4.011997
v 7.047963 3.253871 4.096662
v 7.240719 3.057742 4.052691
v 7.240719 3.057742 4.052691
v 6.988515 3.253565 4.011997
v 7.248782 3.063074 3.991203
v 6.948802 1.599543 4.114000
v 6.946218 1.489275 4.111328
v 6.911129 1.550116 4.075036
v 6.686316 1.489275 4.362613
v 6.651233 1.550116 4.326322
v 6.688900 1.599543 4.365280
v 8.614061 3.253565 4.418207
v 8.529392 3.253871 4.477655
v 8.573368 3.057742 4.670411
v 8.573368 3.057742 4.670411
v 8.614061 3.253565 4.418207
v 8.634855 3.063074 4.678474
v 8.512059 1.599543 4.378494
v 8.514726 1.489275 4.375911
v 8.551018 1.550116 4.340822
v 8.263447 1.489275 4.116008
v 8.299737 1.550116 4.080925
v 8.260775 1.599543 4.118592
v 8.207852 3.253565 6.043754
v 8.148404 3.253871 5.959084
v 7.955643 3.057742 6.003059
v 7.955643 3.057742 6.003059
v 8.207852 3.253565 6.043754
v 7.947585 3.063074 6.064548
v 8.247564 1.599543 5.941751
v 8.250143 1.489275 5.944417
v 8.285237 1.550116 5.980710
v 8.510046 1.489275 5.693138
v 8.545134 1.550116 5.729430
v 8.507463 1.599543 5.690465
v 7.235131 8.049638 5.243728
v 7.370217 8.049638 5.383441
v 7.598181 8.049638 5.027873
v 7.370217 8.049638 5.383441
v 7.598181 8.049638 5.027873
v 7.814035 8.049638 5.390923
v 7.814035 8.049638 5.390923
v 7.953751 8.049638 5.255842
v 7.598181 8.049638 5.027873
v 7.953751 8.049638 5.255842
v 7.598181 8.049638 5.027873
v 7.961231 8.049638 4.812024
v 7.598181 8.049638 5.027873
v 7.961231 8.049638 4.812024
v 7.826149 8.049638 4.672304
v 7.826149 8.049638 4.672304
v 7.598181 8.049638 5.027873
v 7.598181 8.049638 5.027873
v 7.826149 8.049638 4.672304
v 7.382331 8.049638 4.664823
v 7.598181 8.049638 5.027873
v 7.598181 8.049638 5.027873
v 7.242612 8.049638 4.799910
v 7.382331 8.049638 4.664823
v 7.242612 8.049638 4.799910
v 7.598181 8.049638 5.027873
v 7.598181 8.049638 5.027873
v 7.242612 8.049638 4.799910
v 7.598181 8.049638 5.027873
v 7.235131 8.049638 5.243728
v 6.971041 3.253396 6.041740
v 7.007160 3.022396 6.091660
v 7.236675 3.062522 6.069916
v 7.237125 3.022779 6.066649
v 7.026194 1.489275 6.036214
v 6.769483 1.282053 6.346655
v 7.229320 1.460042 5.977531
v 7.224056 1.273856 6.289735
v 7.223967 0.016980 6.295082
v 7.224056 1.273856 6.289735
v 6.771348 0.018038 6.344236
v 6.769483 1.282053 6.346655
v 7.240121 2.103663 6.073873
v 7.237125 3.022779 6.066649
v 7.007275 2.070094 6.091768
v 7.007160 3.022396 6.091660
v 7.007275 2.070094 6.091768
v 7.011542 2.032495 6.089792
v 7.240121 2.103663 6.073873
v 7.169992 2.029998 6.069015
v 7.028172 1.599543 6.032912
v 7.026194 1.489275 6.036214
v 7.226648 1.597720 5.986979
v 7.229320 1.460042 5.977531
v 6.564673 3.022779 5.376949
v 6.557126 2.104429 5.373517
v 6.532293 3.022380 5.600473
v 6.532178 2.070048 5.600344
v 6.532293 3.022380 5.600473
v 6.582305 3.253565 5.637545
v 6.564673 3.022779 5.376949
v 6.561511 3.063074 5.377277
v 6.269376 1.282053 5.829398
v 6.588358 1.489275 5.583364
v 6.344235 1.272738 5.394165
v 6.656499 1.458923 5.399424
v 6.338883 0.016827 5.394074
v 6.271852 0.018038 5.827614
v 6.344235 1.272738 5.394165
v 6.269376 1.282053 5.829398
v 6.534093 2.032418 5.595912
v 6.532178 2.070048 5.600344
v 6.559660 2.029783 5.446938
v 6.557126 2.104429 5.373517
v 6.588358 1.489275 5.583364
v 6.591725 1.599543 5.581500
v 6.656499 1.458923 5.399424
v 6.644155 1.597720 5.394919
v 7.366898 2.070906 5.989398
v 7.367876 2.070906 5.931324
v 7.366898 3.020036 5.989398
v 7.367876 3.020036 5.931324
v 7.367876 3.020036 5.931324
v 7.367876 3.098436 5.931324
v 7.366898 3.020036 5.989398
v 7.366898 3.098436 5.989398
v 7.367876 3.098436 5.931324
v 7.074269 3.352250 5.926375
v 7.366898 3.098436 5.989398
v 7.054028 3.352066 5.974500
v 7.227493 1.273948 6.085897
v 7.230207 1.445777 5.924866
v 7.224056 1.273856 6.289735
v 7.229320 1.460042 5.977531
v 7.223967 0.016980 6.295082
v 7.227493 0.016980 6.085897
v 7.224056 1.273856 6.289735
v 7.227493 1.273948 6.085897
v 7.227626 1.928555 5.928960
v 7.367876 2.070906 5.931324
v 7.226648 1.928555 5.987034
v 7.366898 2.070906 5.989398
v 7.230207 1.445777 5.924866
v 7.227626 1.596341 5.928960
v 7.229320 1.460042 5.977531
v 7.226648 1.597720 5.986979
v 6.699755 3.352250 5.539022
v 6.704611 3.098436 5.250962
v 6.650221 3.352342 5.558352
v 6.646543 3.098436 5.249983
v 6.704611 3.098436 5.250962
v 6.704611 3.020036 5.250962
v 6.646543 3.098436 5.249983
v 6.646543 3.020036 5.249983
v 6.709166 1.444674 5.400311
v 6.548134 1.272830 5.397596
v 6.656499 1.458923 5.399424
v 6.344235 1.272738 5.394165
v 6.646543 3.020036 5.249983
v 6.704611 3.020036 5.250962
v 6.646543 2.070906 5.249983
v 6.704611 2.070906 5.250962
v 6.704611 2.070906 5.250962
v 6.702168 1.928555 5.395897
v 6.646543 2.070906 5.249983
v 6.644099 1.928555 5.394918
v 6.702168 1.596341 5.395897
v 6.709166 1.444674 5.400311
v 6.644155 1.597720 5.394919
v 6.656499 1.458923 5.399424
v 7.074269 3.352250 5.926375
v 7.367876 3.098436 5.931324
v 7.092749 3.345799 5.889318
v 7.370907 3.099983 5.887561
v 7.367876 3.098436 5.931324
v 7.367876 3.020036 5.931324
v 7.370907 3.099983 5.887561
v 7.368618 3.020036 5.887314
v 7.230207 1.445777 5.924866
v 7.227493 1.273948 6.085897
v 7.230878 1.434057 5.885099
v 7.228167 1.273948 6.045938
v 7.227493 1.273948 6.085897
v 7.227493 0.016980 6.085897
v 7.228167 1.273948 6.045938
v 7.228234 0.016980 6.041882
v 7.367876 3.020036 5.931324
v 7.367876 2.070906 5.931324
v 7.368618 3.020036 5.887314
v 7.368618 2.070906 5.887314
v 7.367876 2.070906 5.931324
v 7.227626 1.928555 5.928960
v 7.368618 2.070906 5.887314
v 7.228369 1.928555 5.884950
v 7.227626 1.596341 5.928960
v 7.230207 1.445777 5.924866
v 7.227018 1.594380 5.885116
v 7.230878 1.434057 5.885099
v 6.704611 2.070906 5.250962
v 6.704611 3.020036 5.250962
v 6.748627 2.070906 5.251703
v 6.748627 3.020036 5.251703
v 6.704611 3.098436 5.250962
v 6.699755 3.352250 5.539022
v 6.748447 3.099983 5.249372
v 6.737409 3.345799 5.521762
v 6.704611 3.020036 5.250962
v 6.704611 3.098436 5.250962
v 6.748627 3.020036 5.251703
v 6.748447 3.099983 5.249372
v 6.548134 1.272830 5.397596
v 6.709166 1.444674 5.400311
v 6.599956 1.272845 5.398470
v 6.748927 1.432923 5.400981
v 6.702168 1.928555 5.395897
v 6.704611 2.070906 5.250962
v 6.746183 1.928555 5.396639
v 6.748627 2.070906 5.251703
v 6.709166 1.444674 5.400311
v 6.702168 1.596341 5.395897
v 6.748927 1.432923 5.400981
v 6.745967 1.594364 5.397987
v 7.366898 3.020036 5.989398
v 7.366898 3.098436 5.989398
v 7.230472 3.020036 6.004806
v 7.230801 3.057206 6.008183
v 7.366898 3.098436 5.989398
v 7.054028 3.352066 5.974500
v 7.230801 3.057206 6.008183
v 7.026846 3.254990 5.948932
v 7.366898 2.070906 5.989398
v 7.366898 3.020036 5.989398
v 7.231420 2.105486 6.012189
v 7.230472 3.020036 6.004806
v 7.028013 1.928555 6.032929
v 7.226648 1.928555 5.987034
v 7.029070 2.033798 6.037498
v 7.160029 2.033782 6.007615
v 7.226648 1.928555 5.987034
v 7.366898 2.070906 5.989398
v 7.160029 2.033782 6.007615
v 7.231420 2.105486 6.012189
v 6.646543 3.020036 5.249983
v 6.646543 2.070906 5.249983
v 6.626245 3.020036 5.385771
v 6.618427 2.106359 5.384480
v 6.650221 3.352342 5.558352
v 6.646543 3.098436 5.249983
v 6.666970 3.253871 5.578095
v 6.622994 3.057742 5.385335
v 6.646543 3.098436 5.249983
v 6.646543 3.020036 5.249983
v 6.622994 3.057742 5.385335
v 6.626245 3.020036 5.385771
v 6.646543 2.070906 5.249983
v 6.644099 1.928555 5.394918
v 6.618427 2.106359 5.384480
v 6.620609 2.033782 5.459272
v 6.644099 1.928555 5.394918
v 6.591707 1.928555 5.581656
v 6.620609 2.033782 5.459272
v 6.586900 2.033798 5.580309
v 7.230472 3.020036 6.004806
v 7.230801 3.057206 6.008183
v 7.237125 3.022779 6.066649
v 7.236675 3.062522 6.069916
v 7.230801 3.057206 6.008183
v 7.026846 3.254990 5.948932
v 7.236675 3.062522 6.069916
v 6.971041 3.253396 6.041740
v 7.231420 2.105486 6.012189
v 7.230472 3.020036 6.004806
v 7.240121 2.103663 6.073873
v 7.237125 3.022779 6.066649
v 7.029070 2.033798 6.037498
v 7.160029 2.033782 6.007615
v 7.011542 2.032495 6.089792
v 7.169992 2.029998 6.069015
v 7.160029 2.033782 6.007615
v 7.231420 2.105486 6.012189
v 7.169992 2.029998 6.069015
v 7.240121 2.103663 6.073873
v 6.626245 3.020036 5.385771
v 6.618427 2.106359 5.384480
v 6.564673 3.022779 5.376949
v 6.557126 2.104429 5.373517
v 6.622994 3.057742 5.385335
v 6.626245 3.020036 5.385771
v 6.561511 3.063074 5.377277
v 6.564673 3.022779 5.376949
v 6.618427 2.106359 5.384480
v 6.620609 2.033782 5.459272
v 6.557126 2.104429 5.373517
v 6.559660 2.029783 5.446938
v 6.620609 2.033782 5.459272
v 6.586900 2.033798 5.580309
v 6.559660 2.029783 5.446938
v 6.534093 2.032418 5.595912
v 7.012668 6.590688 5.862660
v 6.761381 6.590688 5.602758
v 6.983383 6.541859 5.905462
v 6.716966 6.541874 5.630907
v 6.977999 3.352112 5.896149
v 6.726249 3.352281 5.636702
v 6.972694 3.252125 5.893203
v 6.720935 3.251343 5.633770
v 6.644879 1.872157 5.715399
v 6.896164 1.872157 5.975302
v 6.643550 2.033644 5.716668
v 6.894831 2.033690 5.976575
v 6.896629 1.550116 5.974826
v 6.645344 1.550116 5.714929
v 6.594777 1.282053 6.266605
v 6.343493 1.282053 6.006708
v 6.594777 1.282053 6.266605
v 6.343493 1.282053 6.006708
v 6.595697 0.018038 6.265711
v 6.344417 0.018038 6.005813
v 6.972694 3.252125 5.893203
v 6.720935 3.251343 5.633770
v 6.901869 3.253412 5.969815
v 6.651271 3.253519 5.709259
v 6.901869 3.253412 5.969815
v 6.651271 3.253519 5.709259
v 6.893167 3.021936 5.978194
v 6.641892 3.021936 5.718292
v 6.862267 2.945390 6.008914
v 6.610147 2.945390 5.748139
v 6.862305 2.147314 6.008966
v 6.610066 2.147283 5.748056
v 6.893151 2.070768 5.978194
v 6.641876 2.070737 5.718287
v 6.894831 2.033690 5.976575
v 6.643550 2.033644 5.716668
v 6.901869 3.253412 5.969815
v 6.893167 3.021936 5.978194
v 6.971041 3.253396 6.041740
v 7.007160 3.022396 6.091660
v 7.026194 1.489275 6.036214
v 6.932921 1.489275 5.939737
v 6.769483 1.282053 6.346655
v 6.645075 1.282053 6.217975
v 6.771348 0.018038 6.344236
v 6.769483 1.282053 6.346655
v 6.647245 0.018038 6.215876
v 6.645075 1.282053 6.217975
v 6.905763 2.147053 6.052217
v 6.905667 2.945559 6.052124
v 6.862305 2.147314 6.008966
v 6.862267 2.945390 6.008914
v 6.893151 2.070768 5.978194
v 6.894831 2.033690 5.976575
v 7.007275 2.070094 6.091768
v 7.011542 2.032495 6.089792
v 7.028172 1.599543 6.032912
v 6.935588 1.599543 5.937154
v 7.026194 1.489275 6.036214
v 6.932921 1.489275 5.939737
v 7.074269 3.352250 5.926375
v 7.012651 3.352250 5.862650
v 7.054028 3.352066 5.974500
v 6.977999 3.352112 5.896149
v 6.650221 3.352342 5.558352
v 6.726249 3.352281 5.636702
v 6.699755 3.352250 5.539022
v 6.761367 3.352250 5.602748
v 6.532293 3.022380 5.600473
v 6.641892 3.021936 5.718292
v 6.582305 3.253565 5.637545
v 6.651271 3.253519 5.709259
v 6.568375 2.945559 5.703244
v 6.568286 2.147022 5.703136
v 6.610147 2.945390 5.748139
v 6.610066 2.147283 5.748056
v 6.534093 2.032418 5.595912
v 6.643550 2.033644 5.716668
v 6.532178 2.070048 5.600344
v 6.641876 2.070737 5.718287
v 6.681636 1.489275 5.679835
v 6.684308 1.599543 5.677257
v 6.588358 1.489275 5.583364
v 6.591725 1.599543 5.581500
v 6.393790 1.282053 5.958077
v 6.681636 1.489275 5.679835
v 6.269376 1.282053 5.829398
v 6.588358 1.489275 5.583364
v 6.393790 1.282053 5.958077
v 6.269376 1.282053 5.829398
v 6.395961 0.018038 5.955979
v 6.271852 0.018038 5.827614
v 6.935500 1.928555 5.937244
v 7.028013 1.928555 6.032929
v 6.934514 2.033798 5.938199
v 7.029070 2.033798 6.037498
v 6.591707 1.928555 5.581656
v 6.684220 1.928555 5.677342
v 6.586900 2.033798 5.580309
v 6.683191 2.033798 5.678336
v 7.026846 3.254990 5.948932
v 6.972694 3.252125 5.893203
v 6.971041 3.253396 6.041740
v 6.901869 3.253412 5.969815
v 6.934514 2.033798 5.938199
v 7.029070 2.033798 6.037498
v 6.894831 2.033690 5.976575
v 7.011542 2.032495 6.089792
v 6.720935 3.251343 5.633770
v 6.666970 3.253871 5.578095
v 6.651271 3.253519 5.709259
v 6.582305 3.253565 5.637545
v 6.586900 2.033798 5.580309
v 6.683191 2.033798 5.678336
v 6.534093 2.032418 5.595912
v 6.643550 2.033644 5.716668
v 6.893167 3.021936 5.978194
v 6.641892 3.021936 5.718292
v 6.893302 2.945390 5.978329
v 6.641762 2.945390 5.718153
v 6.641876 2.070737 5.718287
v 6.893151 2.070768 5.978194
v 6.641681 2.147283 5.718075
v 6.893336 2.147314 5.978380
v 7.007275 2.070094 6.091768
v 7.007160 3.022396 6.091660
v 6.936503 2.147053 6.021331
v 6.936403 2.945559 6.021238
v 7.007160 3.022396 6.091660
v 6.893167 3.021936 5.978194
v 6.936403 2.945559 6.021238
v 6.893302 2.945390 5.978329
v 6.893151 2.070768 5.978194
v 7.007275 2.070094 6.091768
v 6.893336 2.147314 5.978380
v 6.936503 2.147053 6.021331
v 6.532293 3.022380 5.600473
v 6.532178 2.070048 5.600344
v 6.600280 2.945559 5.673568
v 6.600190 2.147022 5.673460
v 6.532178 2.070048 5.600344
v 6.641876 2.070737 5.718287
v 6.600190 2.147022 5.673460
v 6.641681 2.147283 5.718075
v 6.641892 3.021936 5.718292
v 6.532293 3.022380 5.600473
v 6.641762 2.945390 5.718153
v 6.600280 2.945559 5.673568
v 6.893302 2.945390 5.978329
v 6.641762 2.945390 5.718153
v 6.862267 2.945390 6.008914
v 6.610147 2.945390 5.748139
v 6.641681 2.147283 5.718075
v 6.893336 2.147314 5.978380
v 6.610066 2.147283 5.748056
v 6.862305 2.147314 6.008966
v 6.936503 2.147053 6.021331
v 6.936403 2.945559 6.021238
v 6.905763 2.147053 6.052217
v 6.905667 2.945559 6.052124
v 6.936403 2.945559 6.021238
v 6.893302 2.945390 5.978329
v 6.905667 2.945559 6.052124
v 6.862267 2.945390 6.008914
v 6.893336 2.147314 5.978380
v 6.936503 2.147053 6.021331
v 6.862305 2.147314 6.008966
v 6.905763 2.147053 6.052217
v 6.600280 2.945559 5.673568
v 6.600190 2.147022 5.673460
v 6.568375 2.945559 5.703244
v 6.568286 2.147022 5.703136
v 6.600190 2.147022 5.673460
v 6.641681 2.147283 5.718075
v 6.568286 2.147022 5.703136
v 6.610066 2.147283 5.748056
v 6.641762 2.945390 5.718153
v 6.600280 2.945559 5.673568
v 6.610147 2.945390 5.748139
v 6.568375 2.945559 5.703244
v 6.935500 1.928555 5.937244
v 6.934514 2.033798 5.938199
v 6.896164 1.872157 5.975302
v 6.894831 2.033690 5.976575
v 6.683191 2.033798 5.678336
v 6.684220 1.928555 5.677342
v 6.643550 2.033644 5.716668
v 6.644879 1.872157 5.715399
v 6.681636 1.489275 5.679835
v 6.393790 1.282053 5.958077
v 6.645344 1.550116 5.714929
v 6.343493 1.282053 6.006708
v 6.645075 1.282053 6.217975
v 6.932921 1.489275 5.939737
v 6.594777 1.282053 6.266605
v 6.896629 1.550116 5.974826
v 6.393790 1.282053 5.958077
v 6.395961 0.018038 5.955979
v 6.343493 1.282053 6.006708
v 6.344417 0.018038 6.005813
v 6.647245 0.018038 6.215876
v 6.645075 1.282053 6.217975
v 6.595697 0.018038 6.265711
v 6.594777 1.282053 6.266605
v 6.344235 1.272738 5.394165
v 6.548134 1.272830 5.397596
v 6.338883 0.016827 5.394074
v 6.548099 0.016842 5.397596
v 6.548134 1.272830 5.397596
v 6.599956 1.272845 5.398470
v 6.548099 0.016842 5.397596
v 6.599895 0.016842 5.398469
v 6.761367 3.352250 5.602748
v 6.726249 3.352281 5.636702
v 6.761381 6.590688 5.602758
v 6.716966 6.541874 5.630907
v 6.726249 3.352281 5.636702
v 6.977999 3.352112 5.896149
v 6.716966 6.541874 5.630907
v 6.983383 6.541859 5.905462
v 6.977999 3.352112 5.896149
v 7.012651 3.352250 5.862650
v 6.983383 6.541859 5.905462
v 7.012668 6.590688 5.862660
v 7.012668 6.590688 5.862660
v 7.012651 3.352250 5.862650
v 7.061141 6.542457 5.815794
v 7.061131 3.352250 5.815784
v 6.761367 3.352250 5.602748
v 6.761381 6.590688 5.602758
v 6.803778 3.352250 5.561743
v 6.803789 6.542457 5.561759
v 6.650221 3.352342 5.558352
v 6.666970 3.253871 5.578095
v 6.726249 3.352281 5.636702
v 6.720935 3.251343 5.633770
v 7.026846 3.254990 5.948932
v 7.054028 3.352066 5.974500
v 6.972694 3.252125 5.893203
v 6.977999 3.352112 5.896149
v 7.061141 6.542457 5.815794
v 7.061131 3.352250 5.815784
v 6.803789 6.542457 5.561759
v 6.803778 3.352250 5.561743
v 6.737409 3.345799 5.521762
v 7.092749 3.345799 5.889318
v 6.748447 3.099983 5.249372
v 7.370907 3.099983 5.887561
v 7.370907 3.099983 5.887561
v 7.368618 3.020036 5.887314
v 6.748447 3.099983 5.249372
v 6.748627 3.020036 5.251703
v 7.368618 3.020036 5.887314
v 7.368618 2.070906 5.887314
v 6.748627 3.020036 5.251703
v 6.748627 2.070906 5.251703
v 7.368618 2.070906 5.887314
v 7.228369 1.928555 5.884950
v 6.748627 2.070906 5.251703
v 6.746183 1.928555 5.396639
v 7.227018 1.594380 5.885116
v 7.230878 1.434057 5.885099
v 6.745967 1.594364 5.397987
v 6.748927 1.432923 5.400981
v 7.230878 1.434057 5.885099
v 7.228167 1.273948 6.045938
v 6.748927 1.432923 5.400981
v 6.599956 1.272845 5.398470
v 7.228167 1.273948 6.045938
v 7.228234 0.016980 6.041882
v 6.599956 1.272845 5.398470
v 6.599895 0.016842 5.398469
v 6.593129 1.928555 4.457705
v 6.593141 1.599543 4.457862
v 6.639025 1.928555 4.656340
v 6.639081 1.597720 4.656341
v 6.584313 3.253396 4.400732
v 6.534394 3.022396 4.436852
v 6.556144 3.062522 4.666366
v 6.559405 3.022779 4.666818
v 6.589845 1.489275 4.455891
v 6.279404 1.282053 4.199175
v 6.648527 1.460042 4.659011
v 6.336324 1.273856 4.653749
v 6.330976 0.016980 4.653658
v 6.336324 1.273856 4.653749
v 6.281818 0.018038 4.201041
v 6.279404 1.282053 4.199175
v 6.552186 2.103663 4.669813
v 6.559405 3.022779 4.666818
v 6.534285 2.070094 4.436967
v 6.534394 3.022396 4.436852
v 6.534285 2.070094 4.436967
v 6.536267 2.032495 4.441235
v 6.552186 2.103663 4.669813
v 6.557044 2.029998 4.599684
v 6.593141 1.599543 4.457862
v 6.589845 1.489275 4.455891
v 6.639081 1.597720 4.656341
v 6.648527 1.460042 4.659011
v 7.044559 1.599543 4.021417
v 7.044397 1.928555 4.021399
v 7.231140 1.597720 4.073847
v 7.231141 1.928555 4.073791
v 7.249109 3.022779 3.994366
v 7.252537 2.104429 3.986818
v 7.025582 3.022380 3.961985
v 7.025711 2.070048 3.961870
v 7.025582 3.022380 3.961985
v 6.988515 3.253565 4.011997
v 7.249109 3.022779 3.994366
v 7.248782 3.063074 3.991203
v 6.796660 1.282053 3.699069
v 7.042695 1.489275 4.018055
v 7.231894 1.272738 3.773926
v 7.226630 1.458923 4.086191
v 7.231984 0.016827 3.768574
v 6.798439 0.018038 3.701544
v 7.231894 1.272738 3.773926
v 6.796660 1.282053 3.699069
v 7.030141 2.032418 3.963785
v 7.025711 2.070048 3.961870
v 7.179116 2.029783 3.989353
v 7.252537 2.104429 3.986818
v 7.042695 1.489275 4.018055
v 7.044559 1.599543 4.021417
v 7.226630 1.458923 4.086191
v 7.231140 1.597720 4.073847
v 6.697093 1.596341 4.657319
v 6.697093 1.928555 4.657319
v 6.639081 1.597720 4.656341
v 6.639025 1.928555 4.656340
v 6.636661 2.070906 4.796589
v 6.694729 2.070906 4.797567
v 6.636661 3.020036 4.796589
v 6.694729 3.020036 4.797567
v 6.694729 3.020036 4.797567
v 6.694729 3.098436 4.797567
v 6.636661 3.020036 4.796589
v 6.636661 3.098436 4.796589
v 6.694729 3.098436 4.797567
v 6.699678 3.352250 4.503961
v 6.636661 3.098436 4.796589
v 6.651559 3.352066 4.483719
v 6.540161 1.273948 4.657184
v 6.701193 1.445777 4.659899
v 6.336324 1.273856 4.653749
v 6.648527 1.460042 4.659011
v 6.330976 0.016980 4.653658
v 6.540161 0.016980 4.657184
v 6.336324 1.273856 4.653749
v 6.540161 1.273948 4.657184
v 6.697093 1.928555 4.657319
v 6.694729 2.070906 4.797567
v 6.639025 1.928555 4.656340
v 6.636661 2.070906 4.796589
v 6.701193 1.445777 4.659899
v 6.697093 1.596341 4.657319
v 6.648527 1.460042 4.659011
v 6.639081 1.597720 4.656341
v 7.230163 1.928555 4.131860
v 7.230163 1.596341 4.131860
v 7.231141 1.928555 4.073791
v 7.231140 1.597720 4.073847
v 7.087036 3.352250 4.129447
v 7.375097 3.098436 4.134303
v 7.067708 3.352342 4.079913
v 7.376076 3.098436 4.076234
v 7.375097 3.098436 4.134303
v 7.375097 3.020036 4.134303
v 7.376076 3.098436 4.076234
v 7.376076 3.020036 4.076234
v 7.225742 1.444674 4.138857
v 7.228457 1.272830 3.977825
v 7.226630 1.458923 4.086191
v 7.231894 1.272738 3.773926
v 7.376076 3.020036 4.076234
v 7.375097 3.020036 4.134303
v 7.376076 2.070906 4.076234
v 7.375097 2.070906 4.134303
v 7.375097 2.070906 4.134303
v 7.230163 1.928555 4.131860
v 7.376076 2.070906 4.076234
v 7.231141 1.928555 4.073791
v 7.230163 1.596341 4.131860
v 7.225742 1.444674 4.138857
v 7.231140 1.597720 4.073847
v 7.226630 1.458923 4.086191
v 6.697093 1.928555 4.657319
v 6.697093 1.596341 4.657319
v 6.741109 1.928555 4.658061
v 6.740943 1.594380 4.656711
v 6.699678 3.352250 4.503961
v 6.694729 3.098436 4.797567
v 6.736735 3.345799 4.522441
v 6.738493 3.099983 4.800599
v 6.694729 3.098436 4.797567
v 6.694729 3.020036 4.797567
v 6.738493 3.099983 4.800599
v 6.738744 3.020036 4.798310
v 6.701193 1.445777 4.659899
v 6.540161 1.273948 4.657184
v 6.740959 1.434057 4.660570
v 6.580115 1.273948 4.657858
v 6.540161 1.273948 4.657184
v 6.540161 0.016980 4.657184
v 6.580115 1.273948 4.657858
v 6.584172 0.016980 4.657927
v 6.694729 3.020036 4.797567
v 6.694729 2.070906 4.797567
v 6.738744 3.020036 4.798310
v 6.738744 2.070906 4.798310
v 6.694729 2.070906 4.797567
v 6.697093 1.928555 4.657319
v 6.738744 2.070906 4.798310
v 6.741109 1.928555 4.658061
v 6.697093 1.596341 4.657319
v 6.701193 1.445777 4.659899
v 6.740943 1.594380 4.656711
v 6.740959 1.434057 4.660570
v 7.230163 1.596341 4.131860
v 7.230163 1.928555 4.131860
v 7.228072 1.594364 4.175659
v 7.229420 1.928555 4.175875
v 7.375097 2.070906 4.134303
v 7.375097 3.020036 4.134303
v 7.374355 2.070906 4.178318
v 7.374355 3.020036 4.178318
v 7.375097 3.098436 4.134303
v 7.087036 3.352250 4.129447
v 7.376681 3.099983 4.178139
v 7.104297 3.345799 4.167101
v 7.375097 3.020036 4.134303
v 7.375097 3.098436 4.134303
v 7.374355 3.020036 4.178318
v 7.376681 3.099983 4.178139
v 7.228457 1.272830 3.977825
v 7.225742 1.444674 4.138857
v 7.227583 1.272845 4.029647
v 7.225072 1.432923 4.178618
v 7.230163 1.928555 4.131860
v 7.375097 2.070906 4.134303
v 7.229420 1.928555 4.175875
v 7.374355 2.070906 4.178318
v 7.225742 1.444674 4.138857
v 7.230163 1.596341 4.131860
v 7.225072 1.432923 4.178618
v 7.228072 1.594364 4.175659
v 6.636661 3.020036 4.796589
v 6.636661 3.098436 4.796589
v 6.621253 3.020036 4.660163
v 6.617876 3.057206 4.660493
v 6.636661 3.098436 4.796589
v 6.651559 3.352066 4.483719
v 6.617876 3.057206 4.660493
v 6.677126 3.254990 4.456538
v 6.636661 2.070906 4.796589
v 6.636661 3.020036 4.796589
v 6.613865 2.105486 4.661111
v 6.621253 3.020036 4.660163
v 6.593129 1.928555 4.457705
v 6.639025 1.928555 4.656340
v 6.588562 2.033798 4.458762
v 6.618444 2.033782 4.589722
v 6.639025 1.928555 4.656340
v 6.636661 2.070906 4.796589
v 6.618444 2.033782 4.589722
v 6.613865 2.105486 4.661111
v 7.376076 3.020036 4.076234
v 7.376076 2.070906 4.076234
v 7.240288 3.020036 4.055937
v 7.241579 2.106359 4.048120
v 7.067708 3.352342 4.079913
v 7.376076 3.098436 4.076234
v 7.047963 3.253871 4.096662
v 7.240719 3.057742 4.052691
v 7.376076 3.098436 4.076234
v 7.376076 3.020036 4.076234
v 7.240719 3.057742 4.052691
v 7.240288 3.020036 4.055937
v 7.376076 2.070906 4.076234
v 7.231141 1.928555 4.073791
v 7.241579 2.106359 4.048120
v 7.166787 2.033782 4.050301
v 7.231141 1.928555 4.073791
v 7.044397 1.928555 4.021399
v 7.166787 2.033782 4.050301
v 7.045750 2.033798 4.016592
v 6.621253 3.020036 4.660163
v 6.617876 3.057206 4.660493
v 6.559405 3.022779 4.666818
v 6.556144 3.062522 4.666366
v 6.617876 3.057206 4.660493
v 6.677126 3.254990 4.456538
v 6.556144 3.062522 4.666366
v 6.584313 3.253396 4.400732
v 6.613865 2.105486 4.661111
v 6.621253 3.020036 4.660163
v 6.552186 2.103663 4.669813
v 6.559405 3.022779 4.666818
v 6.588562 2.033798 4.458762
v 6.618444 2.033782 4.589722
v 6.536267 2.032495 4.441235
v 6.557044 2.029998 4.599684
v 6.618444 2.033782 4.589722
v 6.613865 2.105486 4.661111
v 6.557044 2.029998 4.599684
v 6.552186 2.103663 4.669813
v 7.240288 3.020036 4.055937
v 7.241579 2.106359 4.048120
v 7.249109 3.022779 3.994366
v 7.252537 2.104429 3.986818
v 7.240719 3.057742 4.052691
v 7.240288 3.020036 4.055937
v 7.248782 3.063074 3.991203
v 7.249109 3.022779 3.994366
v 7.241579 2.106359 4.048120
v 7.166787 2.033782 4.050301
v 7.252537 2.104429 3.986818
v 7.179116 2.029783 3.989353
v 7.166787 2.033782 4.050301
v 7.045750 2.033798 4.016592
v 7.179116 2.029783 3.989353
v 7.030141 2.032418 3.963785
v 6.763398 6.590688 4.442359
v 7.023301 6.590688 4.191074
v 6.720597 6.541859 4.413076
v 6.995152 6.541874 4.146658
v 6.729909 3.352112 4.407691
v 6.989352 3.352281 4.155941
v 6.732857 3.252125 4.402387
v 6.992284 3.251343 4.150626
v 6.910655 1.872157 4.074571
v 6.650758 1.872157 4.325856
v 6.909391 2.033644 4.073243
v 6.649479 2.033690 4.324522
v 6.650758 1.872157 4.325856
v 6.910655 1.872157 4.074571
v 6.651233 1.550116 4.326322
v 6.911129 1.550116 4.075036
v 6.651233 1.550116 4.326322
v 6.911129 1.550116 4.075036
v 6.359454 1.282053 4.024469
v 6.619351 1.282053 3.773184
v 6.359454 1.282053 4.024469
v 6.619351 1.282053 3.773184
v 6.360343 0.018038 4.025390
v 6.620245 0.018038 3.774109
v 6.732857 3.252125 4.402387
v 6.992284 3.251343 4.150626
v 6.656239 3.253412 4.331561
v 6.916800 3.253519 4.080963
v 6.656239 3.253412 4.331561
v 6.916800 3.253519 4.080963
v 6.647859 3.021936 4.322858
v 6.907766 3.021936 4.071583
v 6.617139 2.945390 4.291958
v 6.877920 2.945390 4.039839
v 6.617092 2.147314 4.291998
v 6.877998 2.147283 4.039759
v 6.647864 2.070768 4.322843
v 6.907772 2.070737 4.071568
v 6.649479 2.033690 4.324522
v 6.909391 2.033644 4.073243
v 6.688814 1.928555 4.365192
v 6.688900 1.599543 4.365280
v 6.593129 1.928555 4.457705
v 6.593141 1.599543 4.457862
v 6.656239 3.253412 4.331561
v 6.647859 3.021936 4.322858
v 6.584313 3.253396 4.400732
v 6.534394 3.022396 4.436852
v 6.589845 1.489275 4.455891
v 6.686316 1.489275 4.362613
v 6.279404 1.282053 4.199175
v 6.408079 1.282053 4.074762
v 6.281818 0.018038 4.201041
v 6.279404 1.282053 4.199175
v 6.410177 0.018038 4.076937
v 6.408079 1.282053 4.074762
v 6.573842 2.147053 4.335454
v 6.573930 2.945559 4.335359
v 6.617092 2.147314 4.291998
v 6.617139 2.945390 4.291958
v 6.647864 2.070768 4.322843
v 6.649479 2.033690 4.324522
v 6.534285 2.070094 4.436967
v 6.536267 2.032495 4.441235
v 6.593141 1.599543 4.457862
v 6.688900 1.599543 4.365280
v 6.589845 1.489275 4.455891
v 6.686316 1.489275 4.362613
v 6.699678 3.352250 4.503961
v 6.763408 3.352250 4.442344
v 6.651559 3.352066 4.483719
v 6.729909 3.352112 4.407691
v 7.067708 3.352342 4.079913
v 6.989352 3.352281 4.155941
v 7.087036 3.352250 4.129447
v 7.023312 3.352250 4.191059
v 7.025582 3.022380 3.961985
v 6.907766 3.021936 4.071583
v 6.988515 3.253565 4.011997
v 6.916800 3.253519 4.080963
v 6.922815 2.945559 3.998068
v 6.922922 2.147022 3.997978
v 6.877920 2.945390 4.039839
v 6.877998 2.147283 4.039759
v 7.030141 2.032418 3.963785
v 6.909391 2.033644 4.073243
v 7.025711 2.070048 3.961870
v 6.907772 2.070737 4.071568
v 7.044559 1.599543 4.021417
v 6.948802 1.599543 4.114000
v 7.044397 1.928555 4.021399
v 6.948716 1.928555 4.113912
v 6.946218 1.489275 4.111328
v 6.948802 1.599543 4.114000
v 7.042695 1.489275 4.018055
v 7.044559 1.599543 4.021417
v 6.667982 1.282053 3.823482
v 6.946218 1.489275 4.111328
v 6.796660 1.282053 3.699069
v 7.042695 1.489275 4.018055
v 6.667982 1.282053 3.823482
v 6.796660 1.282053 3.699069
v 6.670080 0.018038 3.825653
v 6.798439 0.018038 3.701544
v 6.688814 1.928555 4.365192
v 6.593129 1.928555 4.457705
v 6.687860 2.033798 4.364204
v 6.588562 2.033798 4.458762
v 7.044397 1.928555 4.021399
v 6.948716 1.928555 4.113912
v 7.045750 2.033798 4.016592
v 6.947723 2.033798 4.112884
v 6.677126 3.254990 4.456538
v 6.732857 3.252125 4.402387
v 6.584313 3.253396 4.400732
v 6.656239 3.253412 4.331561
v 6.687860 2.033798 4.364204
v 6.588562 2.033798 4.458762
v 6.649479 2.033690 4.324522
v 6.536267 2.032495 4.441235
v 6.992284 3.251343 4.150626
v 7.047963 3.253871 4.096662
v 6.916800 3.253519 4.080963
v 6.988515 3.253565 4.011997
v 7.045750 2.033798 4.016592
v 6.947723 2.033798 4.112884
v 7.030141 2.032418 3.963785
v 6.909391 2.033644 4.073243
v 6.647859 3.021936 4.322858
v 6.907766 3.021936 4.071583
v 6.647725 2.945390 4.322988
v 6.907901 2.945390 4.071454
v 6.907772 2.070737 4.071568
v 6.647864 2.070768 4.322843
v 6.907984 2.147283 4.071373
v 6.647674 2.147314 4.323028
v 6.534285 2.070094 4.436967
v 6.534394 3.022396 4.436852
v 6.604724 2.147053 4.366195
v 6.604817 2.945559 4.366095
v 6.534394 3.022396 4.436852
v 6.647859 3.021936 4.322858
v 6.604817 2.945559 4.366095
v 6.647725 2.945390 4.322988
v 6.647864 2.070768 4.322843
v 6.534285 2.070094 4.436967
v 6.647674 2.147314 4.323028
v 6.604724 2.147053 4.366195
v 7.025582 3.022380 3.961985
v 7.025711 2.070048 3.961870
v 6.952491 2.945559 4.029972
v 6.952600 2.147022 4.029882
v 7.025711 2.070048 3.961870
v 6.907772 2.070737 4.071568
v 6.952600 2.147022 4.029882
v 6.907984 2.147283 4.071373
v 6.907766 3.021936 4.071583
v 7.025582 3.022380 3.961985
v 6.907901 2.945390 4.071454
v 6.952491 2.945559 4.029972
v 6.647725 2.945390 4.322988
v 6.907901 2.945390 4.071454
v 6.617139 2.945390 4.291958
v 6.877920 2.945390 4.039839
v 6.907984 2.147283 4.071373
v 6.647674 2.147314 4.323028
v 6.877998 2.147283 4.039759
v 6.617092 2.147314 4.291998
v 6.604724 2.147053 4.366195
v 6.604817 2.945559 4.366095
v 6.573842 2.147053 4.335454
v 6.573930 2.945559 4.335359
v 6.604817 2.945559 4.366095
v 6.647725 2.945390 4.322988
v 6.573930 2.945559 4.335359
v 6.617139 2.945390 4.291958
v 6.647674 2.147314 4.323028
v 6.604724 2.147053 4.366195
v 6.617092 2.147314 4.291998
v 6.573842 2.147053 4.335454
v 6.952491 2.945559 4.029972
v 6.952600 2.147022 4.029882
v 6.922815 2.945559 3.998068
v 6.922922 2.147022 3.997978
v 6.952600 2.147022 4.029882
v 6.907984 2.147283 4.071373
v 6.922922 2.147022 3.997978
v 6.877998 2.147283 4.039759
v 6.907901 2.945390 4.071454
v 6.952491 2.945559 4.029972
v 6.877920 2.945390 4.039839
v 6.922815 2.945559 3.998068
v 6.688814 1.928555 4.365192
v 6.687860 2.033798 4.364204
v 6.650758 1.872157 4.325856
v 6.649479 2.033690 4.324522
v 6.947723 2.033798 4.112884
v 6.948716 1.928555 4.113912
v 6.909391 2.033644 4.073243
v 6.910655 1.872157 4.074571
v 6.948716 1.928555 4.113912
v 6.948802 1.599543 4.114000
v 6.910655 1.872157 4.074571
v 6.911129 1.550116 4.075036
v 6.688900 1.599543 4.365280
v 6.688814 1.928555 4.365192
v 6.651233 1.550116 4.326322
v 6.650758 1.872157 4.325856
v 6.946218 1.489275 4.111328
v 6.667982 1.282053 3.823482
v 6.911129 1.550116 4.075036
v 6.619351 1.282053 3.773184
v 6.408079 1.282053 4.074762
v 6.686316 1.489275 4.362613
v 6.359454 1.282053 4.024469
v 6.651233 1.550116 4.326322
v 6.667982 1.282053 3.823482
v 6.670080 0.018038 3.825653
v 6.619351 1.282053 3.773184
v 6.620245 0.018038 3.774109
v 6.410177 0.018038 4.076937
v 6.408079 1.282053 4.074762
v 6.360343 0.018038 4.025390
v 6.359454 1.282053 4.024469
v 7.231894 1.272738 3.773926
v 7.228457 1.272830 3.977825
v 7.231984 0.016827 3.768574
v 7.228457 0.016842 3.977795
v 7.228457 1.272830 3.977825
v 7.227583 1.272845 4.029647
v 7.228457 0.016842 3.977795
v 7.227584 0.016842 4.029592
v 7.023312 3.352250 4.191059
v 6.989352 3.352281 4.155941
v 7.023301 6.590688 4.191074
v 6.995152 6.541874 4.146658
v 6.989352 3.352281 4.155941
v 6.729909 3.352112 4.407691
v 6.995152 6.541874 4.146658
v 6.720597 6.541859 4.413076
v 6.729909 3.352112 4.407691
v 6.763408 3.352250 4.442344
v 6.720597 6.541859 4.413076
v 6.763398 6.590688 4.442359
v 6.763398 6.590688 4.442359
v 6.763408 3.352250 4.442344
v 6.810265 6.542457 4.490833
v 6.810274 3.352250 4.490822
v 7.023312 3.352250 4.191059
v 7.023301 6.590688 4.191074
v 7.064311 3.352250 4.233469
v 7.064300 6.542457 4.233479
v 7.067708 3.352342 4.079913
v 7.047963 3.253871 4.096662
v 6.989352 3.352281 4.155941
v 6.992284 3.251343 4.150626
v 6.677126 3.254990 4.456538
v 6.651559 3.352066 4.483719
v 6.732857 3.252125 4.402387
v 6.729909 3.352112 4.407691
v 6.810265 6.542457 4.490833
v 6.810274 3.352250 4.490822
v 7.064300 6.542457 4.233479
v 7.064311 3.352250 4.233469
v 7.104297 3.345799 4.167101
v 6.736735 3.345799 4.522441
v 7.376681 3.099983 4.178139
v 6.738493 3.099983 4.800599
v 6.738493 3.099983 4.800599
v 6.738744 3.020036 4.798310
v 7.376681 3.099983 4.178139
v 7.374355 3.020036 4.178318
v 6.738744 3.020036 4.798310
v 6.738744 2.070906 4.798310
v 7.374355 3.020036 4.178318
v 7.374355 2.070906 4.178318
v 6.738744 2.070906 4.798310
v 6.741109 1.928555 4.658061
v 7.374355 2.070906 4.178318
v 7.229420 1.928555 4.175875
v 6.741109 1.928555 4.658061
v 6.740943 1.594380 4.656711
v 7.229420 1.928555 4.175875
v 7.228072 1.594364 4.175659
v 6.740943 1.594380 4.656711
v 6.740959 1.434057 4.660570
v 7.228072 1.594364 4.175659
v 7.225072 1.432923 4.178618
v 6.740959 1.434057 4.660570
v 6.580115 1.273948 4.657858
v 7.225072 1.432923 4.178618
v 7.227583 1.272845 4.029647
v 6.580115 1.273948 4.657858
v 6.584172 0.016980 4.657927
v 7.227583 1.272845 4.029647
v 7.227584 0.016842 4.029592
v 8.168354 1.928555 4.022821
v 8.168191 1.599543 4.022833
v 7.969715 1.928555 4.068717
v 7.969713 1.597720 4.068772
v 8.225321 3.253396 4.014005
v 8.189201 3.022396 3.964086
v 7.959692 3.062522 3.985836
v 7.959241 3.022779 3.989097
v 8.170168 1.489275 4.019537
v 8.426878 1.282053 3.709096
v 7.967047 1.460042 4.078219
v 7.972310 1.273856 3.766016
v 7.972401 0.016980 3.760669
v 7.972310 1.273856 3.766016
v 8.425018 0.018038 3.711510
v 8.426878 1.282053 3.709096
v 7.956246 2.103663 3.981878
v 7.959241 3.022779 3.989097
v 8.189093 2.070094 3.963977
v 8.189201 3.022396 3.964086
v 8.189093 2.070094 3.963977
v 8.184818 2.032495 3.965959
v 7.956246 2.103663 3.981878
v 8.026375 2.029998 3.986736
v 8.168191 1.599543 4.022833
v 8.170168 1.489275 4.019537
v 7.969713 1.597720 4.068772
v 7.967047 1.460042 4.078219
v 8.604642 1.599543 4.474252
v 8.604660 1.928555 4.474090
v 8.552212 1.597720 4.660832
v 8.552269 1.928555 4.660833
v 8.631688 3.022779 4.678802
v 8.639235 2.104429 4.682228
v 8.664074 3.022380 4.455274
v 8.664184 2.070048 4.455402
v 8.664074 3.022380 4.455274
v 8.614061 3.253565 4.418207
v 8.631688 3.022779 4.678802
v 8.634855 3.063074 4.678474
v 8.926985 1.282053 4.226353
v 8.608004 1.489275 4.472387
v 8.852132 1.272738 4.661587
v 8.539863 1.458923 4.656322
v 8.857485 0.016827 4.661677
v 8.924509 0.018038 4.228131
v 8.852132 1.272738 4.661587
v 8.926985 1.282053 4.226353
v 8.662273 2.032418 4.459834
v 8.664184 2.070048 4.455402
v 8.636702 2.029783 4.608808
v 8.639235 2.104429 4.682228
v 8.608004 1.489275 4.472387
v 8.604642 1.599543 4.474252
v 8.539863 1.458923 4.656322
v 8.552212 1.597720 4.660832
v 7.968735 1.596341 4.126785
v 7.968735 1.928555 4.126785
v 7.969713 1.597720 4.068772
v 7.969715 1.928555 4.068717
v 7.829465 2.070906 4.066352
v 7.828485 2.070906 4.124421
v 7.829465 3.020036 4.066352
v 7.828485 3.020036 4.124421
v 7.828485 3.020036 4.124421
v 7.828485 3.098436 4.124421
v 7.829465 3.020036 4.066352
v 7.829465 3.098436 4.066352
v 7.828485 3.098436 4.124421
v 8.122098 3.352250 4.129371
v 7.829465 3.098436 4.066352
v 8.142335 3.352066 4.081251
v 7.968874 1.273948 3.969853
v 7.966159 1.445777 4.130885
v 7.972310 1.273856 3.766016
v 7.967047 1.460042 4.078219
v 7.972401 0.016980 3.760669
v 7.968874 0.016980 3.969853
v 7.972310 1.273856 3.766016
v 7.968874 1.273948 3.969853
v 7.968735 1.928555 4.126785
v 7.828485 2.070906 4.124421
v 7.969715 1.928555 4.068717
v 7.829465 2.070906 4.066352
v 7.966159 1.445777 4.130885
v 7.968735 1.596341 4.126785
v 7.967047 1.460042 4.078219
v 7.969713 1.597720 4.068772
v 8.494194 1.928555 4.659854
v 8.494194 1.596341 4.659854
v 8.552269 1.928555 4.660833
v 8.552212 1.597720 4.660832
v 8.496607 3.352250 4.516727
v 8.491751 3.098436 4.804790
v 8.546146 3.352342 4.497399
v 8.549826 3.098436 4.805768
v 8.491751 3.098436 4.804790
v 8.491751 3.020036 4.804790
v 8.549826 3.098436 4.805768
v 8.549826 3.020036 4.805768
v 8.487202 1.444674 4.655435
v 8.648234 1.272830 4.658150
v 8.539863 1.458923 4.656322
v 8.852132 1.272738 4.661587
v 8.549826 3.020036 4.805768
v 8.491751 3.020036 4.804790
v 8.549826 2.070906 4.805768
v 8.491751 2.070906 4.804790
v 8.491751 2.070906 4.804790
v 8.494194 1.928555 4.659854
v 8.549826 2.070906 4.805768
v 8.552269 1.928555 4.660833
v 8.494194 1.596341 4.659854
v 8.487202 1.444674 4.655435
v 8.552212 1.597720 4.660832
v 8.539863 1.458923 4.656322
v 7.968735 1.928555 4.126785
v 7.968735 1.596341 4.126785
v 7.967994 1.928555 4.170801
v 7.969348 1.594380 4.170635
v 8.122098 3.352250 4.129371
v 7.828485 3.098436 4.124421
v 8.103618 3.345799 4.166427
v 7.825460 3.099983 4.168184
v 7.828485 3.098436 4.124421
v 7.828485 3.020036 4.124421
v 7.825460 3.099983 4.168184
v 7.827744 3.020036 4.168436
v 7.966159 1.445777 4.130885
v 7.968874 1.273948 3.969853
v 7.965488 1.434057 4.170651
v 7.968200 1.273948 4.009808
v 7.968874 1.273948 3.969853
v 7.968874 0.016980 3.969853
v 7.968200 1.273948 4.009808
v 7.968132 0.016980 4.013864
v 7.828485 3.020036 4.124421
v 7.828485 2.070906 4.124421
v 7.827744 3.020036 4.168436
v 7.827744 2.070906 4.168436
v 7.828485 2.070906 4.124421
v 7.968735 1.928555 4.126785
v 7.827744 2.070906 4.168436
v 7.967994 1.928555 4.170801
v 7.968735 1.596341 4.126785
v 7.966159 1.445777 4.130885
v 7.969348 1.594380 4.170635
v 7.965488 1.434057 4.170651
v 8.494194 1.596341 4.659854
v 8.494194 1.928555 4.659854
v 8.450399 1.594364 4.657763
v 8.450184 1.928555 4.659112
v 8.491751 2.070906 4.804790
v 8.491751 3.020036 4.804790
v 8.447741 2.070906 4.804047
v 8.447741 3.020036 4.804047
v 8.491751 3.098436 4.804790
v 8.496607 3.352250 4.516727
v 8.447915 3.099983 4.806374
v 8.458954 3.345799 4.533989
v 8.491751 3.020036 4.804790
v 8.491751 3.098436 4.804790
v 8.447741 3.020036 4.804047
v 8.447915 3.099983 4.806374
v 8.648234 1.272830 4.658150
v 8.487202 1.444674 4.655435
v 8.596412 1.272845 4.657276
v 8.447435 1.432923 4.654765
v 8.494194 1.928555 4.659854
v 8.491751 2.070906 4.804790
v 8.450184 1.928555 4.659112
v 8.447741 2.070906 4.804047
v 8.487202 1.444674 4.655435
v 8.494194 1.596341 4.659854
v 8.447435 1.432923 4.654765
v 8.450399 1.594364 4.657763
v 7.829465 3.020036 4.066352
v 7.829465 3.098436 4.066352
v 7.965896 3.020036 4.050944
v 7.965566 3.057206 4.047568
v 7.829465 3.098436 4.066352
v 8.142335 3.352066 4.081251
v 7.965566 3.057206 4.047568
v 8.169519 3.254990 4.106819
v 7.829465 2.070906 4.066352
v 7.829465 3.020036 4.066352
v 7.964948 2.105486 4.043557
v 7.965896 3.020036 4.050944
v 8.168354 1.928555 4.022821
v 7.969715 1.928555 4.068717
v 8.167296 2.033798 4.018253
v 8.036337 2.033782 4.048136
v 7.969715 1.928555 4.068717
v 7.829465 2.070906 4.066352
v 8.036337 2.033782 4.048136
v 7.964948 2.105486 4.043557
v 8.549826 3.020036 4.805768
v 8.549826 2.070906 4.805768
v 8.570117 3.020036 4.669980
v 8.577940 2.106359 4.671271
v 8.546146 3.352342 4.497399
v 8.549826 3.098436 4.805768
v 8.529392 3.253871 4.477655
v 8.573368 3.057742 4.670411
v 8.549826 3.098436 4.805768
v 8.549826 3.020036 4.805768
v 8.573368 3.057742 4.670411
v 8.570117 3.020036 4.669980
v 8.549826 2.070906 4.805768
v 8.552269 1.928555 4.660833
v 8.577940 2.106359 4.671271
v 8.575752 2.033782 4.596478
v 8.552269 1.928555 4.660833
v 8.604660 1.928555 4.474090
v 8.575752 2.033782 4.596478
v 8.609462 2.033798 4.475441
v 7.965896 3.020036 4.050944
v 7.965566 3.057206 4.047568
v 7.959241 3.022779 3.989097
v 7.959692 3.062522 3.985836
v 7.965566 3.057206 4.047568
v 8.169519 3.254990 4.106819
v 7.959692 3.062522 3.985836
v 8.225321 3.253396 4.014005
v 7.964948 2.105486 4.043557
v 7.965896 3.020036 4.050944
v 7.956246 2.103663 3.981878
v 7.959241 3.022779 3.989097
v 8.167296 2.033798 4.018253
v 8.036337 2.033782 4.048136
v 8.184818 2.032495 3.965959
v 8.026375 2.029998 3.986736
v 8.036337 2.033782 4.048136
v 7.964948 2.105486 4.043557
v 8.026375 2.029998 3.986736
v 7.956246 2.103663 3.981878
v 8.570117 3.020036 4.669980
v 8.577940 2.106359 4.671271
v 8.631688 3.022779 4.678802
v 8.639235 2.104429 4.682228
v 8.573368 3.057742 4.670411
v 8.570117 3.020036 4.669980
v 8.634855 3.063074 4.678474
v 8.631688 3.022779 4.678802
v 8.577940 2.106359 4.671271
v 8.575752 2.033782 4.596478
v 8.639235 2.104429 4.682228
v 8.636702 2.029783 4.608808
v 8.575752 2.033782 4.596478
v 8.609462 2.033798 4.475441
v 8.636702 2.029783 4.608808
v 8.662273 2.032418 4.459834
v 8.183700 6.590688 4.193090
v 8.434985 6.590688 4.452992
v 8.212983 6.541859 4.150288
v 8.479401 6.541874 4.424839
v 8.218363 3.352112 4.159601
v 8.470114 3.352281 4.419044
v 8.223667 3.252125 4.162548
v 8.475428 3.251343 4.421976
v 8.551483 1.872157 4.340346
v 8.300203 1.872157 4.080444
v 8.552811 2.033644 4.339083
v 8.301537 2.033690 4.079170
v 8.300203 1.872157 4.080444
v 8.551483 1.872157 4.340346
v 8.299737 1.550116 4.080925
v 8.551018 1.550116 4.340822
v 8.299737 1.550116 4.080925
v 8.551018 1.550116 4.340822
v 8.601589 1.282053 3.789146
v 8.852869 1.282053 4.049043
v 8.601589 1.282053 3.789146
v 8.852869 1.282053 4.049043
v 8.600664 0.018038 3.790035
v 8.851950 0.018038 4.049937
v 8.223667 3.252125 4.162548
v 8.475428 3.251343 4.421976
v 8.294497 3.253412 4.085931
v 8.545091 3.253519 4.346492
v 8.294497 3.253412 4.085931
v 8.545091 3.253519 4.346492
v 8.303195 3.021936 4.077551
v 8.554476 3.021936 4.337459
v 8.334101 2.945390 4.046831
v 8.586220 2.945390 4.307611
v 8.334061 2.147314 4.046784
v 8.586300 2.147283 4.307689
v 8.303215 2.070768 4.077557
v 8.554485 2.070737 4.337464
v 8.301537 2.033690 4.079170
v 8.552811 2.033644 4.339083
v 8.260861 1.928555 4.118506
v 8.260775 1.599543 4.118592
v 8.168354 1.928555 4.022821
v 8.168191 1.599543 4.022833
v 8.294497 3.253412 4.085931
v 8.303195 3.021936 4.077551
v 8.225321 3.253396 4.014005
v 8.189201 3.022396 3.964086
v 8.170168 1.489275 4.019537
v 8.263447 1.489275 4.116008
v 8.426878 1.282053 3.709096
v 8.551292 1.282053 3.837770
v 8.425018 0.018038 3.711510
v 8.426878 1.282053 3.709096
v 8.549121 0.018038 3.839869
v 8.551292 1.282053 3.837770
v 8.290606 2.147053 4.003534
v 8.290699 2.945559 4.003622
v 8.334061 2.147314 4.046784
v 8.334101 2.945390 4.046831
v 8.303215 2.070768 4.077557
v 8.301537 2.033690 4.079170
v 8.189093 2.070094 3.963977
v 8.184818 2.032495 3.965959
v 8.168191 1.599543 4.022833
v 8.260775 1.599543 4.118592
v 8.170168 1.489275 4.019537
v 8.263447 1.489275 4.116008
v 8.122098 3.352250 4.129371
v 8.183710 3.352250 4.193101
v 8.142335 3.352066 4.081251
v 8.218363 3.352112 4.159601
v 8.546146 3.352342 4.497399
v 8.470114 3.352281 4.419044
v 8.496607 3.352250 4.516727
v 8.434995 3.352250 4.453003
v 8.664074 3.022380 4.455274
v 8.554476 3.021936 4.337459
v 8.614061 3.253565 4.418207
v 8.545091 3.253519 4.346492
v 8.627986 2.945559 4.352501
v 8.628081 2.147022 4.352614
v 8.586220 2.945390 4.307611
v 8.586300 2.147283 4.307689
v 8.662273 2.032418 4.459834
v 8.552811 2.033644 4.339083
v 8.664184 2.070048 4.455402
v 8.554485 2.070737 4.337464
v 8.604642 1.599543 4.474252
v 8.512059 1.599543 4.378494
v 8.604660 1.928555 4.474090
v 8.512146 1.928555 4.378409
v 8.514726 1.489275 4.375911
v 8.512059 1.599543 4.378494
v 8.608004 1.489275 4.472387
v 8.604642 1.599543 4.474252
v 8.802577 1.282053 4.097673
v 8.514726 1.489275 4.375911
v 8.926985 1.282053 4.226353
v 8.608004 1.489275 4.472387
v 8.802577 1.282053 4.097673
v 8.926985 1.282053 4.226353
v 8.800406 0.018038 4.099771
v 8.924509 0.018038 4.228131
v 8.260861 1.928555 4.118506
v 8.168354 1.928555 4.022821
v 8.261848 2.033798 4.117552
v 8.167296 2.033798 4.018253
v 8.604660 1.928555 4.474090
v 8.512146 1.928555 4.378409
v 8.609462 2.033798 4.475441
v 8.513175 2.033798 4.377415
v 8.169519 3.254990 4.106819
v 8.223667 3.252125 4.162548
v 8.225321 3.253396 4.014005
v 8.294497 3.253412 4.085931
v 8.261848 2.033798 4.117552
v 8.167296 2.033798 4.018253
v 8.301537 2.033690 4.079170
v 8.184818 2.032495 3.965959
v 8.475428 3.251343 4.421976
v 8.529392 3.253871 4.477655
v 8.545091 3.253519 4.346492
v 8.614061 3.253565 4.418207
v 8.609462 2.033798 4.475441
v 8.513175 2.033798 4.377415
v 8.662273 2.032418 4.459834
v 8.552811 2.033644 4.339083
v 8.303195 3.021936 4.077551
v 8.554476 3.021936 4.337459
v 8.303066 2.945390 4.077417
v 8.554600 2.945390 4.337593
v 8.554485 2.070737 4.337464
v 8.303215 2.070768 4.077557
v 8.554680 2.147283 4.337676
v 8.303026 2.147314 4.077365
v 8.189093 2.070094 3.963977
v 8.189201 3.022396 3.964086
v 8.259865 2.147053 4.034415
v 8.259958 2.945559 4.034508
v 8.189201 3.022396 3.964086
v 8.303195 3.021936 4.077551
v 8.259958 2.945559 4.034508
v 8.303066 2.945390 4.077417
v 8.303215 2.070768 4.077557
v 8.189093 2.070094 3.963977
v 8.303026 2.147314 4.077365
v 8.259865 2.147053 4.034415
v 8.664074 3.022380 4.455274
v 8.664184 2.070048 4.455402
v 8.596087 2.945559 4.382183
v 8.596176 2.147022 4.382291
v 8.664184 2.070048 4.455402
v 8.554485 2.070737 4.337464
v 8.596176 2.147022 4.382291
v 8.554680 2.147283 4.337676
v 8.554476 3.021936 4.337459
v 8.664074 3.022380 4.455274
v 8.554600 2.945390 4.337593
v 8.596087 2.945559 4.382183
v 8.303066 2.945390 4.077417
v 8.554600 2.945390 4.337593
v 8.334101 2.945390 4.046831
v 8.586220 2.945390 4.307611
v 8.554680 2.147283 4.337676
v 8.303026 2.147314 4.077365
v 8.586300 2.147283 4.307689
v 8.334061 2.147314 4.046784
v 8.259865 2.147053 4.034415
v 8.259958 2.945559 4.034508
v 8.290606 2.147053 4.003534
v 8.290699 2.945559 4.003622
v 8.259958 2.945559 4.034508
v 8.303066 2.945390 4.077417
v 8.290699 2.945559 4.003622
v 8.334101 2.945390 4.046831
v 8.303026 2.147314 4.077365
v 8.259865 2.147053 4.034415
v 8.334061 2.147314 4.046784
v 8.290606 2.147053 4.003534
v 8.596087 2.945559 4.382183
v 8.596176 2.147022 4.382291
v 8.627986 2.945559 4.352501
v 8.628081 2.147022 4.352614
v 8.596176 2.147022 4.382291
v 8.554680 2.147283 4.337676
v 8.628081 2.147022 4.352614
v 8.586300 2.147283 4.307689
v 8.554600 2.945390 4.337593
v 8.596087 2.945559 4.382183
v 8.586220 2.945390 4.307611
v 8.627986 2.945559 4.352501
v 8.260861 1.928555 4.118506
v 8.261848 2.033798 4.117552
v 8.300203 1.872157 4.080444
v 8.301537 2.033690 4.079170
v 8.513175 2.033798 4.377415
v 8.512146 1.928555 4.378409
v 8.552811 2.033644 4.339083
v 8.551483 1.872157 4.340346
v 8.512146 1.928555 4.378409
v 8.512059 1.599543 4.378494
v 8.551483 1.872157 4.340346
v 8.551018 1.550116 4.340822
v 8.260775 1.599543 4.118592
v 8.260861 1.928555 4.118506
v 8.299737 1.550116 4.080925
v 8.300203 1.872157 4.080444
v 8.514726 1.489275 4.375911
v 8.802577 1.282053 4.097673
v 8.551018 1.550116 4.340822
v 8.852869 1.282053 4.049043
v 8.551292 1.282053 3.837770
v 8.263447 1.489275 4.116008
v 8.601589 1.282053 3.789146
v 8.299737 1.550116 4.080925
v 8.802577 1.282053 4.097673
v 8.800406 0.018038 4.099771
v 8.852869 1.282053 4.049043
v 8.851950 0.018038 4.049937
v 8.549121 0.018038 3.839869
v 8.551292 1.282053 3.837770
v 8.600664 0.018038 3.790035
v 8.601589 1.282053 3.789146
v 8.852132 1.272738 4.661587
v 8.648234 1.272830 4.658150
v 8.857485 0.016827 4.661677
v 8.648265 0.016842 4.658150
v 8.648234 1.272830 4.658150
v 8.596412 1.272845 4.657276
v 8.648265 0.016842 4.658150
v 8.596468 0.016842 4.657277
v 8.434995 3.352250 4.453003
v 8.470114 3.352281 4.419044
v 8.434985 6.590688 4.452992
v 8.479401 6.541874 4.424839
v 8.470114 3.352281 4.419044
v 8.218363 3.352112 4.159601
v 8.479401 6.541874 4.424839
v 8.212983 6.541859 4.150288
v 8.218363 3.352112 4.159601
v 8.183710 3.352250 4.193101
v 8.212983 6.541859 4.150288
v 8.183700 6.590688 4.193090
v 8.183700 6.590688 4.193090
v 8.183710 3.352250 4.193101
v 8.135225 6.542457 4.239956
v 8.135237 3.352250 4.239967
v 8.434995 3.352250 4.453003
v 8.434985 6.590688 4.452992
v 8.392584 3.352250 4.494003
v 8.392574 6.542457 4.493992
v 8.546146 3.352342 4.497399
v 8.529392 3.253871 4.477655
v 8.470114 3.352281 4.419044
v 8.475428 3.251343 4.421976
v 8.169519 3.254990 4.106819
v 8.142335 3.352066 4.081251
v 8.223667 3.252125 4.162548
v 8.218363 3.352112 4.159601
v 8.135225 6.542457 4.239956
v 8.135237 3.352250 4.239967
v 8.392574 6.542457 4.493992
v 8.392584 3.352250 4.494003
v 8.458954 3.345799 4.533989
v 8.103618 3.345799 4.166427
v 8.447915 3.099983 4.806374
v 7.825460 3.099983 4.168184
v 7.825460 3.099983 4.168184
v 7.827744 3.020036 4.168436
v 8.447915 3.099983 4.806374
v 8.447741 3.020036 4.804047
v 7.827744 3.020036 4.168436
v 7.827744 2.070906 4.168436
v 8.447741 3.020036 4.804047
v 8.447741 2.070906 4.804047
v 7.827744 2.070906 4.168436
v 7.967994 1.928555 4.170801
v 8.447741 2.070906 4.804047
v 8.450184 1.928555 4.659112
v 7.967994 1.928555 4.170801
v 7.969348 1.594380 4.170635
v 8.450184 1.928555 4.659112
v 8.450399 1.594364 4.657763
v 7.969348 1.594380 4.170635
v 7.965488 1.434057 4.170651
v 8.450399 1.594364 4.657763
v 8.447435 1.432923 4.654765
v 7.965488 1.434057 4.170651
v 7.968200 1.273948 4.009808
v 8.447435 1.432923 4.654765
v 8.596412 1.272845 4.657276
v 7.968200 1.273948 4.009808
v 7.968132 0.016980 4.013864
v 8.596412 1.272845 4.657276
v 8.596468 0.016842 4.657277
v 8.603238 1.928555 5.598041
v 8.603220 1.599543 5.597883
v 8.557342 1.928555 5.399406
v 8.557286 1.597720 5.399405
v 8.612049 3.253396 5.655014
v 8.661968 3.022396 5.618894
v 8.640224 3.062522 5.389384
v 8.636957 3.022779 5.388933
v 8.606522 1.489275 5.599860
v 8.916963 1.282053 5.856570
v 8.547839 1.460042 5.396739
v 8.860043 1.273856 5.402002
v 8.865390 0.016980 5.402092
v 8.860043 1.273856 5.402002
v 8.914544 0.018038 5.854710
v 8.916963 1.282053 5.856570
v 8.644180 2.103663 5.385938
v 8.636957 3.022779 5.388933
v 8.662076 2.070094 5.618784
v 8.661968 3.022396 5.618894
v 8.662076 2.070094 5.618784
v 8.660099 2.032495 5.614511
v 8.644180 2.103663 5.385938
v 8.639322 2.029998 5.456067
v 8.603220 1.599543 5.597883
v 8.606522 1.489275 5.599860
v 8.557286 1.597720 5.399405
v 8.547839 1.460042 5.396739
v 8.151807 1.599543 6.034334
v 8.151964 1.928555 6.034352
v 7.965227 1.597720 5.981899
v 7.965226 1.928555 5.981955
v 7.947258 3.022779 6.061380
v 7.943825 2.104429 6.068928
v 8.170780 3.022380 6.093766
v 8.170651 2.070048 6.093875
v 8.170780 3.022380 6.093766
v 8.207852 3.253565 6.043754
v 7.947258 3.022779 6.061380
v 7.947585 3.063074 6.064548
v 8.399706 1.282053 6.356678
v 8.153672 1.489275 6.037696
v 7.964472 1.272738 6.281824
v 7.969732 1.458923 5.969555
v 7.964382 0.016827 6.287176
v 8.397923 0.018038 6.354202
v 7.964472 1.272738 6.281824
v 8.399706 1.282053 6.356678
v 8.166220 2.032418 6.091966
v 8.170651 2.070048 6.093875
v 8.017246 2.029783 6.066393
v 7.943825 2.104429 6.068928
v 8.153672 1.489275 6.037696
v 8.151807 1.599543 6.034334
v 7.969732 1.458923 5.969555
v 7.965227 1.597720 5.981899
v 8.499269 1.596341 5.398427
v 8.499269 1.928555 5.398427
v 8.557286 1.597720 5.399405
v 8.557342 1.928555 5.399406
v 8.559706 2.070906 5.259157
v 8.501633 2.070906 5.258178
v 8.559706 3.020036 5.259157
v 8.501633 3.020036 5.258178
v 8.501633 3.020036 5.258178
v 8.501633 3.098436 5.258178
v 8.559706 3.020036 5.259157
v 8.559706 3.098436 5.259157
v 8.501633 3.098436 5.258178
v 8.496683 3.352250 5.551789
v 8.559706 3.098436 5.259157
v 8.544808 3.352066 5.572027
v 8.656205 1.273948 5.398566
v 8.495173 1.445777 5.395852
v 8.860043 1.273856 5.402002
v 8.547839 1.460042 5.396739
v 8.865390 0.016980 5.402092
v 8.656205 0.016980 5.398566
v 8.860043 1.273856 5.402002
v 8.656205 1.273948 5.398566
v 8.499269 1.928555 5.398427
v 8.501633 2.070906 5.258178
v 8.557342 1.928555 5.399406
v 8.559706 2.070906 5.259157
v 8.495173 1.445777 5.395852
v 8.499269 1.596341 5.398427
v 8.547839 1.460042 5.396739
v 8.557286 1.597720 5.399405
v 7.966205 1.928555 5.923892
v 7.966205 1.596341 5.923892
v 7.965226 1.928555 5.981955
v 7.965227 1.597720 5.981899
v 8.109331 3.352250 5.926304
v 7.821270 3.098436 5.921448
v 8.128659 3.352342 5.975839
v 7.820291 3.098436 5.979512
v 7.821270 3.098436 5.921448
v 7.821270 3.020036 5.921448
v 7.820291 3.098436 5.979512
v 7.820291 3.020036 5.979517
v 7.970619 1.444674 5.916893
v 7.967905 1.272830 6.077926
v 7.969732 1.458923 5.969555
v 7.964472 1.272738 6.281824
v 7.820291 3.020036 5.979517
v 7.821270 3.020036 5.921448
v 7.820291 2.070906 5.979512
v 7.821270 2.070906 5.921448
v 7.821270 2.070906 5.921448
v 7.966205 1.928555 5.923892
v 7.820291 2.070906 5.979512
v 7.965226 1.928555 5.981955
v 7.966205 1.596341 5.923892
v 7.970619 1.444674 5.916893
v 7.965227 1.597720 5.981899
v 7.969732 1.458923 5.969555
v 8.499269 1.928555 5.398427
v 8.499269 1.596341 5.398427
v 8.455257 1.928555 5.397686
v 8.455423 1.594380 5.399041
v 8.496683 3.352250 5.551789
v 8.501633 3.098436 5.258178
v 8.459627 3.345799 5.533310
v 8.457870 3.099983 5.255153
v 8.501633 3.098436 5.258178
v 8.501633 3.020036 5.258178
v 8.457870 3.099983 5.255153
v 8.457623 3.020036 5.257436
v 8.495173 1.445777 5.395852
v 8.656205 1.273948 5.398566
v 8.455407 1.434057 5.395182
v 8.616245 1.273948 5.397893
v 8.656205 1.273948 5.398566
v 8.656205 0.016980 5.398566
v 8.616245 1.273948 5.397893
v 8.612190 0.016980 5.397825
v 8.501633 3.020036 5.258178
v 8.501633 2.070906 5.258178
v 8.457623 3.020036 5.257436
v 8.457623 2.070906 5.257436
v 8.501633 2.070906 5.258178
v 8.499269 1.928555 5.398427
v 8.457623 2.070906 5.257436
v 8.455257 1.928555 5.397686
v 8.499269 1.596341 5.398427
v 8.495173 1.445777 5.395852
v 8.455423 1.594380 5.399041
v 8.455407 1.434057 5.395182
v 7.966205 1.596341 5.923892
v 7.966205 1.928555 5.923892
v 7.968296 1.594364 5.880092
v 7.966947 1.928555 5.879876
v 7.821270 2.070906 5.921448
v 7.821270 3.020036 5.921448
v 7.822011 2.070906 5.877433
v 7.822011 3.020036 5.877433
v 7.821270 3.098436 5.921448
v 8.109331 3.352250 5.926304
v 7.819680 3.099983 5.877607
v 8.092070 3.345799 5.888645
v 7.821270 3.020036 5.921448
v 7.821270 3.098436 5.921448
v 7.822011 3.020036 5.877433
v 7.819680 3.099983 5.877607
v 7.967905 1.272830 6.077926
v 7.970619 1.444674 5.916893
v 7.968779 1.272845 6.026103
v 7.971290 1.432923 5.877127
v 7.966205 1.928555 5.923892
v 7.821270 2.070906 5.921448
v 7.966947 1.928555 5.879876
v 7.822011 2.070906 5.877433
v 7.970619 1.444674 5.916893
v 7.966205 1.596341 5.923892
v 7.971290 1.432923 5.877127
v 7.968296 1.594364 5.880092
v 8.559706 3.020036 5.259157
v 8.559706 3.098436 5.259157
v 8.575114 3.020036 5.395588
v 8.578490 3.057206 5.395258
v 8.559706 3.098436 5.259157
v 8.544808 3.352066 5.572027
v 8.578490 3.057206 5.395258
v 8.519240 3.254990 5.599212
v 8.559706 2.070906 5.259157
v 8.559706 3.020036 5.259157
v 8.582497 2.105486 5.394639
v 8.575114 3.020036 5.395588
v 8.603238 1.928555 5.598041
v 8.557342 1.928555 5.399406
v 8.607805 2.033798 5.596989
v 8.577923 2.033782 5.466029
v 8.557342 1.928555 5.399406
v 8.559706 2.070906 5.259157
v 8.577923 2.033782 5.466029
v 8.582497 2.105486 5.394639
v 7.820291 3.020036 5.979517
v 7.820291 2.070906 5.979512
v 7.956079 3.020036 5.999808
v 7.954788 2.106359 6.007626
v 8.128659 3.352342 5.975839
v 7.820291 3.098436 5.979512
v 8.148404 3.253871 5.959084
v 7.955643 3.057742 6.003059
v 7.820291 3.098436 5.979512
v 7.820291 3.020036 5.979517
v 7.955643 3.057742 6.003059
v 7.956079 3.020036 5.999808
v 7.820291 2.070906 5.979512
v 7.965226 1.928555 5.981955
v 7.954788 2.106359 6.007626
v 8.029581 2.033782 6.005445
v 7.965226 1.928555 5.981955
v 8.151964 1.928555 6.034352
v 8.029581 2.033782 6.005445
v 8.150618 2.033798 6.039154
v 8.575114 3.020036 5.395588
v 8.578490 3.057206 5.395258
v 8.636957 3.022779 5.388933
v 8.640224 3.062522 5.389384
v 8.578490 3.057206 5.395258
v 8.519240 3.254990 5.599212
v 8.640224 3.062522 5.389384
v 8.612049 3.253396 5.655014
v 8.582497 2.105486 5.394639
v 8.575114 3.020036 5.395588
v 8.644180 2.103663 5.385938
v 8.636957 3.022779 5.388933
v 8.607805 2.033798 5.596989
v 8.577923 2.033782 5.466029
v 8.660099 2.032495 5.614511
v 8.639322 2.029998 5.456067
v 8.577923 2.033782 5.466029
v 8.582497 2.105486 5.394639
v 8.639322 2.029998 5.456067
v 8.644180 2.103663 5.385938
v 7.956079 3.020036 5.999808
v 7.954788 2.106359 6.007626
v 7.947258 3.022779 6.061380
v 7.943825 2.104429 6.068928
v 7.955643 3.057742 6.003059
v 7.956079 3.020036 5.999808
v 7.947585 3.063074 6.064548
v 7.947258 3.022779 6.061380
v 7.954788 2.106359 6.007626
v 8.029581 2.033782 6.005445
v 7.943825 2.104429 6.068928
v 8.017246 2.029783 6.066393
v 8.029581 2.033782 6.005445
v 8.150618 2.033798 6.039154
v 8.017246 2.029783 6.066393
v 8.166220 2.032418 6.091966
v 8.432968 6.590688 5.613392
v 8.173066 6.590688 5.864677
v 8.475770 6.541859 5.642675
v 8.201216 6.541874 5.909092
v 8.466457 3.352112 5.648055
v 8.207010 3.352281 5.899810
v 8.463511 3.252125 5.653359
v 8.204079 3.251343 5.905119
v 8.285707 1.872157 5.981175
v 8.545609 1.872157 5.729895
v 8.286976 2.033644 5.982503
v 8.546883 2.033690 5.731228
v 8.545609 1.872157 5.729895
v 8.285707 1.872157 5.981175
v 8.545134 1.550116 5.729430
v 8.285237 1.550116 5.980710
v 8.545134 1.550116 5.729430
v 8.285237 1.550116 5.980710
v 8.836913 1.282053 6.031281
v 8.577016 1.282053 6.282561
v 8.836913 1.282053 6.031281
v 8.577016 1.282053 6.282561
v 8.836019 0.018038 6.030356
v 8.576121 0.018038 6.281641
v 8.463511 3.252125 5.653359
v 8.204079 3.251343 5.905119
v 8.540123 3.253412 5.724190
v 8.279566 3.253519 5.974783
v 8.540123 3.253412 5.724190
v 8.279566 3.253519 5.974783
v 8.548502 3.021936 5.732888
v 8.288600 3.021936 5.984168
v 8.579223 2.945390 5.763793
v 8.318447 2.945390 6.015912
v 8.579274 2.147314 5.763753
v 8.318365 2.147283 6.015992
v 8.548502 2.070768 5.732908
v 8.288594 2.070737 5.984178
v 8.546883 2.033690 5.731228
v 8.286976 2.033644 5.982503
v 8.507552 1.928555 5.690554
v 8.507463 1.599543 5.690465
v 8.603238 1.928555 5.598041
v 8.603220 1.599543 5.597883
v 8.540123 3.253412 5.724190
v 8.548502 3.021936 5.732888
v 8.612049 3.253396 5.655014
v 8.661968 3.022396 5.618894
v 8.606522 1.489275 5.599860
v 8.510046 1.489275 5.693138
v 8.916963 1.282053 5.856570
v 8.788283 1.282053 5.980984
v 8.914544 0.018038 5.854710
v 8.916963 1.282053 5.856570
v 8.786184 0.018038 5.978813
v 8.788283 1.282053 5.980984
v 8.622524 2.147053 5.720296
v 8.622432 2.945559 5.720391
v 8.579274 2.147314 5.763753
v 8.579223 2.945390 5.763793
v 8.548502 2.070768 5.732908
v 8.546883 2.033690 5.731228
v 8.662076 2.070094 5.618784
v 8.660099 2.032495 5.614511
v 8.603220 1.599543 5.597883
v 8.507463 1.599543 5.690465
v 8.606522 1.489275 5.599860
v 8.510046 1.489275 5.693138
v 8.496683 3.352250 5.551789
v 8.432959 3.352250 5.613401
v 8.544808 3.352066 5.572027
v 8.466457 3.352112 5.648055
v 8.128659 3.352342 5.975839
v 8.207010 3.352281 5.899810
v 8.109331 3.352250 5.926304
v 8.173057 3.352250 5.864687
v 8.170780 3.022380 6.093766
v 8.288600 3.021936 5.984168
v 8.207852 3.253565 6.043754
v 8.279566 3.253519 5.974783
v 8.273553 2.945559 6.057678
v 8.273444 2.147022 6.057773
v 8.318447 2.945390 6.015912
v 8.318365 2.147283 6.015992
v 8.166220 2.032418 6.091966
v 8.286976 2.033644 5.982503
v 8.170651 2.070048 6.093875
v 8.288594 2.070737 5.984178
v 8.151807 1.599543 6.034334
v 8.247564 1.599543 5.941751
v 8.151964 1.928555 6.034352
v 8.247650 1.928555 5.941839
v 8.250143 1.489275 5.944417
v 8.247564 1.599543 5.941751
v 8.153672 1.489275 6.037696
v 8.151807 1.599543 6.034334
v 8.528385 1.282053 6.232269
v 8.250143 1.489275 5.944417
v 8.399706 1.282053 6.356678
v 8.153672 1.489275 6.037696
v 8.528385 1.282053 6.232269
v 8.399706 1.282053 6.356678
v 8.526287 0.018038 6.230099
v 8.397923 0.018038 6.354202
v 8.507552 1.928555 5.690554
v 8.603238 1.928555 5.598041
v 8.508507 2.033798 5.691541
v 8.607805 2.033798 5.596989
v 8.151964 1.928555 6.034352
v 8.247650 1.928555 5.941839
v 8.150618 2.033798 6.039154
v 8.248644 2.033798 5.942867
v 8.519240 3.254990 5.599212
v 8.463511 3.252125 5.653359
v 8.612049 3.253396 5.655014
v 8.540123 3.253412 5.724190
v 8.508507 2.033798 5.691541
v 8.607805 2.033798 5.596989
v 8.546883 2.033690 5.731228
v 8.660099 2.032495 5.614511
v 8.204079 3.251343 5.905119
v 8.148404 3.253871 5.959084
v 8.279566 3.253519 5.974783
v 8.207852 3.253565 6.043754
v 8.150618 2.033798 6.039154
v 8.248644 2.033798 5.942867
v 8.166220 2.032418 6.091966
v 8.286976 2.033644 5.982503
v 8.548502 3.021936 5.732888
v 8.288600 3.021936 5.984168
v 8.548637 2.945390 5.732758
v 8.288461 2.945390 5.984293
v 8.288594 2.070737 5.984178
v 8.548502 2.070768 5.732908
v 8.288383 2.147283 5.984372
v 8.548689 2.147314 5.732718
v 8.662076 2.070094 5.618784
v 8.661968 3.022396 5.618894
v 8.591639 2.147053 5.689556
v 8.591546 2.945559 5.689651
v 8.661968 3.022396 5.618894
v 8.548502 3.021936 5.732888
v 8.591546 2.945559 5.689651
v 8.548637 2.945390 5.732758
v 8.548502 2.070768 5.732908
v 8.662076 2.070094 5.618784
v 8.548689 2.147314 5.732718
v 8.591639 2.147053 5.689556
v 8.170780 3.022380 6.093766
v 8.170651 2.070048 6.093875
v 8.243876 2.945559 6.025779
v 8.243767 2.147022 6.025868
v 8.170651 2.070048 6.093875
v 8.288594 2.070737 5.984178
v 8.243767 2.147022 6.025868
v 8.288383 2.147283 5.984372
v 8.288600 3.021936 5.984168
v 8.170780 3.022380 6.093766
v 8.288461 2.945390 5.984293
v 8.243876 2.945559 6.025779
v 8.548637 2.945390 5.732758
v 8.288461 2.945390 5.984293
v 8.579223 2.945390 5.763793
v 8.318447 2.945390 6.015912
v 8.288383 2.147283 5.984372
v 8.548689 2.147314 5.732718
v 8.318365 2.147283 6.015992
v 8.579274 2.147314 5.763753
v 8.591639 2.147053 5.689556
v 8.591546 2.945559 5.689651
v 8.622524 2.147053 5.720296
v 8.622432 2.945559 5.720391
v 8.591546 2.945559 5.689651
v 8.548637 2.945390 5.732758
v 8.622432 2.945559 5.720391
v 8.579223 2.945390 5.763793
v 8.548689 2.147314 5.732718
v 8.591639 2.147053 5.689556
v 8.579274 2.147314 5.763753
v 8.622524 2.147053 5.720296
v 8.243876 2.945559 6.025779
v 8.243767 2.147022 6.025868
v 8.273553 2.945559 6.057678
v 8.273444 2.147022 6.057773
v 8.243767 2.147022 6.025868
v 8.288383 2.147283 5.984372
v 8.273444 2.147022 6.057773
v 8.318365 2.147283 6.015992
v 8.288461 2.945390 5.984293
v 8.243876 2.945559 6.025779
v 8.318447 2.945390 6.015912
v 8.273553 2.945559 6.057678
v 8.507552 1.928555 5.690554
v 8.508507 2.033798 5.691541
v 8.545609 1.872157 5.729895
v 8.546883 2.033690 5.731228
v 8.248644 2.033798 5.942867
v 8.247650 1.928555 5.941839
v 8.286976 2.033644 5.982503
v 8.285707 1.872157 5.981175
v 8.247650 1.928555 5.941839
v 8.247564 1.599543 5.941751
v 8.285707 1.872157 5.981175
v 8.285237 1.550116 5.980710
v 8.507463 1.599543 5.690465
v 8.507552 1.928555 5.690554
v 8.545134 1.550116 5.729430
v 8.545609 1.872157 5.729895
v 8.250143 1.489275 5.944417
v 8.528385 1.282053 6.232269
v 8.285237 1.550116 5.980710
v 8.577016 1.282053 6.282561
v 8.788283 1.282053 5.980984
v 8.510046 1.489275 5.693138
v 8.836913 1.282053 6.031281
v 8.545134 1.550116 5.729430
v 8.528385 1.282053 6.232269
v 8.526287 0.018038 6.230099
v 8.577016 1.282053 6.282561
v 8.576121 0.018038 6.281641
v 8.786184 0.018038 5.978813
v 8.788283 1.282053 5.980984
v 8.836019 0.018038 6.030356
v 8.836913 1.282053 6.031281
v 7.964472 1.272738 6.281824
v 7.967905 1.272830 6.077926
v 7.964382 0.016827 6.287176
v 7.967904 0.016842 6.077956
v 7.967905 1.272830 6.077926
v 7.968779 1.272845 6.026103
v 7.967904 0.016842 6.077956
v 7.968778 0.016842 6.026159
v 8.173057 3.352250 5.864687
v 8.207010 3.352281 5.899810
v 8.173066 6.590688 5.864677
v 8.201216 6.541874 5.909092
v 8.207010 3.352281 5.899810
v 8.466457 3.352112 5.648055
v 8.201216 6.541874 5.909092
v 8.475770 6.541859 5.642675
v 8.466457 3.352112 5.648055
v 8.432959 3.352250 5.613401
v 8.475770 6.541859 5.642675
v 8.432968 6.590688 5.613392
v 8.432968 6.590688 5.613392
v 8.432959 3.352250 5.613401
v 8.386103 6.542457 5.564919
v 8.386092 3.352250 5.564928
v 8.173057 3.352250 5.864687
v 8.173066 6.590688 5.864677
v 8.132051 3.352250 5.822276
v 8.132067 6.542457 5.822266
v 8.128659 3.352342 5.975839
v 8.148404 3.253871 5.959084
v 8.207010 3.352281 5.899810
v 8.204079 3.251343 5.905119
v 8.519240 3.254990 5.599212
v 8.544808 3.352066 5.572027
v 8.463511 3.252125 5.653359
v 8.466457 3.352112 5.648055
v 8.386103 6.542457 5.564919
v 8.386092 3.352250 5.564928
v 8.132067 6.542457 5.822266
v 8.132051 3.352250 5.822276
v 8.092070 3.345799 5.888645
v 8.459627 3.345799 5.533310
v 7.819680 3.099983 5.877607
v 8.457870 3.099983 5.255153
v 8.457870 3.099983 5.255153
v 8.457623 3.020036 5.257436
v 7.819680 3.099983 5.877607
v 7.822011 3.020036 5.877433
v 8.457623 3.020036 5.257436
v 8.457623 2.070906 5.257436
v 7.822011 3.020036 5.877433
v 7.822011 2.070906 5.877433
v 8.457623 2.070906 5.257436
v 8.455257 1.928555 5.397686
v 7.822011 2.070906 5.877433
v 7.966947 1.928555 5.879876
v 8.455257 1.928555 5.397686
v 8.455423 1.594380 5.399041
v 7.966947 1.928555 5.879876
v 7.968296 1.594364 5.880092
v 8.455423 1.594380 5.399041
v 8.455407 1.434057 5.395182
v 7.968296 1.594364 5.880092
v 7.971290 1.432923 5.877127
v 8.455407 1.434057 5.395182
v 8.616245 1.273948 5.397893
v 7.971290 1.432923 5.877127
v 7.968779 1.272845 6.026103
v 8.616245 1.273948 5.397893
v 8.612190 0.016980 5.397825
v 7.968779 1.272845 6.026103
v 7.968778 0.016842 6.026159
v 7.128504 1.453990 5.807041
v 7.128504 1.596341 5.807041
v 6.803629 1.453990 5.471021
v 6.803629 1.596341 5.471021
v 8.041328 1.596341 5.822430
v 8.041328 1.453990 5.822430
v 8.377350 1.596341 5.497550
v 8.377350 1.453990 5.497550
v 8.392737 1.596341 4.584725
v 8.392737 1.453990 4.584725
v 8.067858 1.596341 4.248709
v 8.067858 1.453990 4.248709
v 7.155033 1.596341 4.233322
v 7.155033 1.453990 4.233322
v 6.819017 1.596341 4.558196
v 6.819017 1.453990 4.558196
v 7.128504 1.928555 5.807041
v 7.128504 2.070906 5.807041
v 6.803629 1.928555 5.471021
v 6.803629 2.070906 5.471021
v 8.041328 2.070906 5.822430
v 8.041328 1.928555 5.822430
v 8.377350 2.070906 5.497550
v 8.377350 1.928555 5.497550
v 8.392737 2.070906 4.584725
v 8.392737 1.928555 4.584725
v 8.067858 2.070906 4.248709
v 8.067858 1.928555 4.248709
v 7.155033 2.070906 4.233322
v 7.155033 1.928555 4.233322
v 6.819017 2.070906 4.558196
v 6.819017 1.928555 4.558196
v 7.128504 2.403120 5.807041
v 7.128504 2.545471 5.807041
v 6.803629 2.403120 5.471021
v 6.803629 2.545471 5.471021
v 8.041328 2.545471 5.822430
v 8.041328 2.403120 5.822430
v 8.377350 2.545471 5.497550
v 8.377350 2.403120 5.497550
v 8.392737 2.545471 4.584725
v 8.392737 2.403120 4.584725
v 8.067858 2.545471 4.248709
v 8.067858 2.403120 4.248709
v 7.155033 2.545471 4.233322
v 7.155033 2.403120 4.233322
v 6.819017 2.545471 4.558196
v 6.819017 2.403120 4.558196
v 7.128504 2.877685 5.807041
v 7.128504 3.020036 5.807041
v 6.803629 2.877685 5.471021
v 6.803629 3.020036 5.471021
v 8.041328 3.020036 5.822430
v 8.041328 2.877685 5.822430
v 8.377350 3.020036 5.497550
v 8.377350 2.877685 5.497550
v 8.392737 3.020036 4.584725
v 8.392737 2.877685 4.584725
v 8.067858 3.020036 4.248709
v 8.067858 2.877685 4.248709
v 7.155033 3.020036 4.233322
v 7.155033 2.877685 4.233322
v 6.819017 3.020036 4.558196
v 6.819017 2.877685 4.558196
v 8.109035 6.745404 5.943819
v 7.056749 6.745404 5.926080
v 8.109035 6.342022 5.943819
v 7.056749 6.342022 5.926080
v 7.087331 6.342022 4.111927
v 7.087331 6.745404 4.111927
v 8.139618 6.342022 4.129666
v 8.139618 6.745404 4.129666
v 8.514127 6.745404 4.517023
v 8.496387 6.745404 5.569310
v 8.514127 6.342022 4.517023
v 8.496387 6.342022 5.569310
v 6.682235 6.745404 5.538728
v 6.699973 6.745404 4.486442
v 6.682235 6.342022 5.538728
v 6.699973 6.342022 4.486442
v 6.682235 6.342022 5.538728
v 7.056749 6.342022 5.926080
v 6.682235 6.745404 5.538728
v 7.056749 6.745404 5.926080
v 8.109035 6.342022 5.943819
v 8.496387 6.342022 5.569310
v 8.109035 6.745404 5.943819
v 8.496387 6.745404 5.569310
v 6.699973 6.745404 4.486442
v 7.087331 6.745404 4.111927
v 6.699973 6.342022 4.486442
v 7.087331 6.342022 4.111927
v 8.139618 6.745404 4.129666
v 8.514127 6.745404 4.517023
v 8.139618 6.342022 4.129666
v 8.514127 6.342022 4.517023
v 8.109035 1.928555 5.943819
v 7.056749 1.928555 5.926080
v 8.109035 1.596341 5.943819
v 7.056749 1.596341 5.926080
v 8.109035 1.596341 5.943819
v 8.496387 1.596341 5.569310
v 8.109035 1.928555 5.943819
v 8.496387 1.928555 5.569310
v 8.514127 1.928555 4.517023
v 8.496387 1.928555 5.569310
v 8.514127 1.596341 4.517023
v 8.496387 1.596341 5.569310
v 8.139618 1.928555 4.129666
v 8.514127 1.928555 4.517023
v 8.139618 1.596341 4.129666
v 8.514127 1.596341 4.517023
v 7.087331 1.596341 4.111927
v 7.087331 1.928555 4.111927
v 8.139618 1.596341 4.129666
v 8.139618 1.928555 4.129666
v 6.699973 1.928555 4.486442
v 7.087331 1.928555 4.111927
v 6.699973 1.596341 4.486442
v 7.087331 1.596341 4.111927
v 6.682235 1.928555 5.538728
v 6.699973 1.928555 4.486442
v 6.682235 1.596341 5.538728
v 6.699973 1.596341 4.486442
v 6.682235 1.596341 5.538728
v 7.056749 1.596341 5.926080
v 6.682235 1.928555 5.538728
v 7.056749 1.928555 5.926080
v 8.109035 2.403120 5.943819
v 7.056749 2.403120 5.926080
v 8.109035 2.070906 5.943819
v 7.056749 2.070906 5.926080
v 8.109035 2.070906 5.943819
v 8.496387 2.070906 5.569310
v 8.109035 2.403120 5.943819
v 8.496387 2.403120 5.569310
v 8.514127 2.403120 4.517023
v 8.496387 2.403120 5.569310
v 8.514127 2.070906 4.517023
v 8.496387 2.070906 5.569310
v 8.139618 2.403120 4.129666
v 8.514127 2.403120 4.517023
v 8.139618 2.070906 4.129666
v 8.514127 2.070906 4.517023
v 7.087331 2.070906 4.111927
v 7.087331 2.403120 4.111927
v 8.139618 2.070906 4.129666
v 8.139618 2.403120 4.129666
v 6.699973 2.403120 4.486442
v 7.087331 2.403120 4.111927
v 6.699973 2.070906 4.486442
v 7.087331 2.070906 4.111927
v 6.682235 2.403120 5.538728
v 6.699973 2.403120 4.486442
v 6.682235 2.070906 5.538728
v 6.699973 2.070906 4.486442
v 6.682235 2.070906 5.538728
v 7.056749 2.070906 5.926080
v 6.682235 2.403120 5.538728
v 7.056749 2.403120 5.926080
v 8.109035 2.877685 5.943819
v 7.056749 2.877685 5.926080
v 8.109035 2.545471 5.943819
v 7.056749 2.545471 5.926080
v 8.109035 2.545471 5.943819
v 8.496387 2.545471 5.569310
v 8.109035 2.877685 5.943819
v 8.496387 2.877685 5.569310
v 8.514127 2.877685 4.517023
v 8.496387 2.877685 5.569310
v 8.514127 2.545471 4.517023
v 8.496387 2.545471 5.569310
v 8.139618 2.877685 4.129666
v 8.514127 2.877685 4.517023
v 8.139618 2.545471 4.129666
v 8.514127 2.545471 4.517023
v 7.087331 2.545471 4.111927
v 7.087331 2.877685 4.111927
v 8.139618 2.545471 4.129666
v 8.139618 2.877685 4.129666
v 6.699973 2.877685 4.486442
v 7.087331 2.877685 4.111927
v 6.699973 2.545471 4.486442
v 7.087331 2.545471 4.111927
v 6.682235 2.877685 5.538728
v 6.699973 2.877685 4.486442
v 6.682235 2.545471 5.538728
v 6.699973 2.545471 4.486442
v 6.682235 2.545471 5.538728
v 7.056749 2.545471 5.926080
v 6.682235 2.877685 5.538728
v 7.056749 2.877685 5.926080
v 8.109035 3.352250 5.943819
v 7.056749 3.352250 5.926080
v 8.109035 3.020036 5.943819
v 7.056749 3.020036 5.926080
v 8.109035 3.020036 5.943819
v 8.496387 3.020036 5.569310
v 8.109035 3.352250 5.943819
v 8.496387 3.352250 5.569310
v 8.514127 3.352250 4.517023
v 8.496387 3.352250 5.569310
v 8.514127 3.020036 4.517023
v 8.496387 3.020036 5.569310
v 8.139618 3.352250 4.129666
v 8.514127 3.352250 4.517023
v 8.139618 3.020036 4.129666
v 8.514127 3.020036 4.517023
v 7.087331 3.020036 4.111927
v 7.087331 3.352250 4.111927
v 8.139618 3.020036 4.129666
v 8.139618 3.352250 4.129666
v 6.699973 3.352250 4.486442
v 7.087331 3.352250 4.111927
v 6.699973 3.020036 4.486442
v 7.087331 3.020036 4.111927
v 6.682235 3.352250 5.538728
v 6.699973 3.352250 4.486442
v 6.682235 3.020036 5.538728
v 6.699973 3.020036 4.486442
v 6.682235 3.020036 5.538728
v 7.056749 3.020036 5.926080
v 6.682235 3.352250 5.538728
v 7.056749 3.352250 5.926080
v 8.109035 3.826830 5.943819
v 7.056749 3.826815 5.926080
v 8.109035 3.494616 5.943819
v 7.056749 3.494616 5.926080
v 8.109035 3.494616 5.943819
v 8.496387 3.494616 5.569310
v 8.109035 3.826830 5.943819
v 8.496387 3.826815 5.569310
v 8.514127 3.826830 4.517023
v 8.496387 3.826815 5.569310
v 8.514127 3.494616 4.517023
v 8.496387 3.494616 5.569310
v 8.139618 3.826815 4.129666
v 8.514127 3.826830 4.517023
v 8.139618 3.494616 4.129666
v 8.514127 3.494616 4.517023
v 7.087331 3.494616 4.111927
v 7.087331 3.826830 4.111927
v 8.139618 3.494616 4.129666
v 8.139618 3.826815 4.129666
v 6.699973 3.826815 4.486442
v 7.087331 3.826830 4.111927
v 6.699973 3.494616 4.486442
v 7.087331 3.494616 4.111927
v 6.682235 3.826830 5.538728
v 6.699973 3.826815 4.486442
v 6.682235 3.494616 5.538728
v 6.699973 3.494616 4.486442
v 6.682235 3.494616 5.538728
v 7.056749 3.494616 5.926080
v 6.682235 3.826830 5.538728
v 7.056749 3.826815 5.926080
v 8.109035 4.301395 5.943819
v 7.056749 4.301395 5.926080
v 8.109035 3.969182 5.943819
v 7.056749 3.969182 5.926080
v 8.109035 3.969182 5.943819
v 8.496387 3.969182 5.569310
v 8.109035 4.301395 5.943819
v 8.496387 4.301395 5.569310
v 8.514127 4.301395 4.517023
v 8.496387 4.301395 5.569310
v 8.514127 3.969182 4.517023
v 8.496387 3.969182 5.569310
v 8.139618 4.301395 4.129666
v 8.514127 4.301395 4.517023
v 8.139618 3.969182 4.129666
v 8.514127 3.969182 4.517023
v 7.087331 3.969182 4.111927
v 7.087331 4.301395 4.111927
v 8.139618 3.969182 4.129666
v 8.139618 4.301395 4.129666
v 6.699973 4.301395 4.486442
v 7.087331 4.301395 4.111927
v 6.699973 3.969182 4.486442
v 7.087331 3.969182 4.111927
v 6.682235 4.301395 5.538728
v 6.699973 4.301395 4.486442
v 6.682235 3.969182 5.538728
v 6.699973 3.969182 4.486442
v 6.682235 3.969182 5.538728
v 7.056749 3.969182 5.926080
v 6.682235 4.301395 5.538728
v 7.056749 4.301395 5.926080
v 8.109035 4.775960 5.943819
v 7.056749 4.775960 5.926080
v 8.109035 4.443746 5.943819
v 7.056749 4.443746 5.926080
v 8.109035 4.443746 5.943819
v 8.496387 4.443746 5.569310
v 8.109035 4.775960 5.943819
v 8.496387 4.775960 5.569310
v 8.514127 4.775960 4.517023
v 8.496387 4.775960 5.569310
v 8.514127 4.443746 4.517023
v 8.496387 4.443746 5.569310
v 8.139618 4.775960 4.129666
v 8.514127 4.775960 4.517023
v 8.139618 4.443746 4.129666
v 8.514127 4.443746 4.517023
v 7.087331 4.443746 4.111927
v 7.087331 4.775960 4.111927
v 8.139618 4.443746 4.129666
v 8.139618 4.775960 4.129666
v 6.699973 4.775960 4.486442
v 7.087331 4.775960 4.111927
v 6.699973 4.443746 4.486442
v 7.087331 4.443746 4.111927
v 6.682235 4.775960 5.538728
v 6.699973 4.775960 4.486442
v 6.682235 4.443746 5.538728
v 6.699973 4.443746 4.486442
v 6.682235 4.443746 5.538728
v 7.056749 4.443746 5.926080
v 6.682235 4.775960 5.538728
v 7.056749 4.775960 5.926080
v 8.109035 5.250525 5.943819
v 7.056749 5.250525 5.926080
v 8.109035 4.918311 5.943819
v 7.056749 4.918311 5.926080
v 8.109035 4.918311 5.943819
v 8.496387 4.918311 5.569310
v 8.109035 5.250525 5.943819
v 8.496387 5.250525 5.569310
v 8.514127 5.250525 4.517023
v 8.496387 5.250525 5.569310
v 8.514127 4.918311 4.517023
v 8.496387 4.918311 5.569310
v 8.139618 5.250525 4.129666
v 8.514127 5.250525 4.517023
v 8.139618 4.918311 4.129666
v 8.514127 4.918311 4.517023
v 7.087331 4.918311 4.111927
v 7.087331 5.250525 4.111927
v 8.139618 4.918311 4.129666
v 8.139618 5.250525 4.129666
v 6.699973 5.250525 4.486442
v 7.087331 5.250525 4.111927
v 6.699973 4.918311 4.486442
v 7.087331 4.918311 4.111927
v 6.682235 5.250525 5.538728
v 6.699973 5.250525 4.486442
v 6.682235 4.918311 5.538728
v 6.699973 4.918311 4.486442
v 6.682235 4.918311 5.538728
v 7.056749 4.918311 5.926080
v 6.682235 5.250525 5.538728
v 7.056749 5.250525 5.926080
v 8.109035 5.725090 5.943819
v 7.056749 5.725075 5.926080
v 8.109035 5.392877 5.943819
v 7.056749 5.392877 5.926080
v 8.109035 5.392877 5.943819
v 8.496387 5.392877 5.569310
v 8.109035 5.725090 5.943819
v 8.496387 5.725075 5.569310
v 8.514127 5.725090 4.517023
v 8.496387 5.725075 5.569310
v 8.514127 5.392877 4.517023
v 8.496387 5.392877 5.569310
v 8.139618 5.725075 4.129666
v 8.514127 5.725090 4.517023
v 8.139618 5.392877 4.129666
v 8.514127 5.392877 4.517023
v 7.087331 5.392877 4.111927
v 7.087331 5.725090 4.111927
v 8.139618 5.392877 4.129666
v 8.139618 5.725075 4.129666
v 6.699973 5.725075 4.486442
v 7.087331 5.725090 4.111927
v 6.699973 5.392877 4.486442
v 7.087331 5.392877 4.111927
v 6.682235 5.725090 5.538728
v 6.699973 5.725075 4.486442
v 6.682235 5.392877 5.538728
v 6.699973 5.392877 4.486442
v 6.682235 5.392877 5.538728
v 7.056749 5.392877 5.926080
v 6.682235 5.725090 5.538728
v 7.056749 5.725075 5.926080
v 8.109035 6.199656 5.943819
v 7.056749 6.199656 5.926080
v 8.109035 5.867441 5.943819
v 7.056749 5.867456 5.926080
v 8.109035 5.867441 5.943819
v 8.496387 5.867456 5.569310
v 8.109035 6.199656 5.943819
v 8.496387 6.199656 5.569310
v 8.514127 6.199656 4.517023
v 8.496387 6.199656 5.569310
v 8.514127 5.867441 4.517023
v 8.496387 5.867456 5.569310
v 8.139618 6.199656 4.129666
v 8.514127 6.199656 4.517023
v 8.139618 5.867456 4.129666
v 8.514127 5.867441 4.517023
v 7.087331 5.867441 4.111927
v 7.087331 6.199656 4.111927
v 8.139618 5.867456 4.129666
v 8.139618 6.199656 4.129666
v 6.699973 6.199656 4.486442
v 7.087331 6.199656 4.111927
v 6.699973 5.867456 4.486442
v 7.087331 5.867441 4.111927
v 6.682235 6.199656 5.538728
v 6.699973 6.199656 4.486442
v 6.682235 5.867441 5.538728
v 6.699973 5.867456 4.486442
v 6.682235 5.867441 5.538728
v 7.056749 5.867456 5.926080
v 6.682235 6.199656 5.538728
v 7.056749 6.199656 5.926080
v 7.093978 6.818272 5.864321
v 7.056749 6.745404 5.926080
v 8.073910 6.818272 5.880840
v 8.109035 6.745404 5.943819
v 7.128504 6.342022 5.807041
v 8.041328 6.342022 5.822430
v 7.056749 6.342022 5.926080
v 8.109035 6.342022 5.943819
v 8.102388 6.818272 4.191430
v 8.139618 6.745404 4.129666
v 7.122458 6.818272 4.174911
v 7.087331 6.745404 4.111927
v 8.067858 6.342022 4.248709
v 7.155033 6.342022 4.233322
v 8.139618 6.342022 4.129666
v 7.087331 6.342022 4.111927
v 8.434629 6.818272 5.532080
v 8.496387 6.745404 5.569310
v 8.451148 6.818272 4.552150
v 8.514127 6.745404 4.517023
v 8.377350 6.342022 5.497550
v 8.392737 6.342022 4.584725
v 8.496387 6.342022 5.569310
v 8.514127 6.342022 4.517023
v 6.761733 6.818272 4.523670
v 6.699973 6.745404 4.486442
v 6.745214 6.818272 5.503601
v 6.682235 6.745404 5.538728
v 6.819017 6.342022 4.558196
v 6.803629 6.342022 5.471021
v 6.699973 6.342022 4.486442
v 6.682235 6.342022 5.538728
v 6.803629 6.342022 5.471021
v 7.128504 6.342022 5.807041
v 6.682235 6.342022 5.538728
v 7.056749 6.342022 5.926080
v 6.745214 6.818272 5.503601
v 6.682235 6.745404 5.538728
v 7.093978 6.818272 5.864321
v 7.056749 6.745404 5.926080
v 8.041328 6.342022 5.822430
v 8.377350 6.342022 5.497550
v 8.109035 6.342022 5.943819
v 8.496387 6.342022 5.569310
v 8.073910 6.818272 5.880840
v 8.109035 6.745404 5.943819
v 8.434629 6.818272 5.532080
v 8.496387 6.745404 5.569310
v 7.122458 6.818272 4.174911
v 7.087331 6.745404 4.111927
v 6.761733 6.818272 4.523670
v 6.699973 6.745404 4.486442
v 7.155033 6.342022 4.233322
v 6.819017 6.342022 4.558196
v 7.087331 6.342022 4.111927
v 6.699973 6.342022 4.486442
v 8.451148 6.818272 4.552150
v 8.514127 6.745404 4.517023
v 8.102388 6.818272 4.191430
v 8.139618 6.745404 4.129666
v 8.392737 6.342022 4.584725
v 8.067858 6.342022 4.248709
v 8.514127 6.342022 4.517023
v 8.139618 6.342022 4.129666
v 8.041328 1.453990 5.822430
v 7.128504 1.453990 5.807041
v 8.115550 1.453990 5.955504
v 7.049846 1.453990 5.937540
v 8.377350 1.453990 5.497550
v 8.041328 1.453990 5.822430
v 8.507848 1.453990 5.576214
v 8.115550 1.453990 5.955504
v 8.392737 1.453990 4.584725
v 8.377350 1.453990 5.497550
v 8.525812 1.453990 4.510509
v 8.507848 1.453990 5.576214
v 8.067858 1.453990 4.248709
v 8.392737 1.453990 4.584725
v 8.146522 1.453990 4.118211
v 8.525812 1.453990 4.510509
v 7.155033 1.453990 4.233322
v 8.067858 1.453990 4.248709
v 7.080817 1.453990 4.100246
v 8.146522 1.453990 4.118211
v 6.819017 1.453990 4.558196
v 7.155033 1.453990 4.233322
v 6.688519 1.453990 4.479537
v 7.080817 1.453990 4.100246
v 6.803629 1.453990 5.471021
v 6.819017 1.453990 4.558196
v 6.670554 1.453990 5.545241
v 6.688519 1.453990 4.479537
v 7.128504 1.453990 5.807041
v 6.803629 1.453990 5.471021
v 7.049846 1.453990 5.937540
v 6.670554 1.453990 5.545241
v 8.041328 1.928555 5.822430
v 7.128504 1.928555 5.807041
v 8.109035 1.928555 5.943819
v 7.056749 1.928555 5.926080
v 7.128504 1.596341 5.807041
v 8.041328 1.596341 5.822430
v 7.056749 1.596341 5.926080
v 8.109035 1.596341 5.943819
v 8.041328 1.596341 5.822430
v 8.377350 1.596341 5.497550
v 8.109035 1.596341 5.943819
v 8.496387 1.596341 5.569310
v 8.377350 1.928555 5.497550
v 8.041328 1.928555 5.822430
v 8.496387 1.928555 5.569310
v 8.109035 1.928555 5.943819
v 8.392737 1.928555 4.584725
v 8.377350 1.928555 5.497550
v 8.514127 1.928555 4.517023
v 8.496387 1.928555 5.569310
v 8.377350 1.596341 5.497550
v 8.392737 1.596341 4.584725
v 8.496387 1.596341 5.569310
v 8.514127 1.596341 4.517023
v 8.067858 1.928555 4.248709
v 8.392737 1.928555 4.584725
v 8.139618 1.928555 4.129666
v 8.514127 1.928555 4.517023
v 8.392737 1.596341 4.584725
v 8.067858 1.596341 4.248709
v 8.514127 1.596341 4.517023
v 8.139618 1.596341 4.129666
v 7.155033 1.928555 4.233322
v 8.067858 1.928555 4.248709
v 7.087331 1.928555 4.111927
v 8.139618 1.928555 4.129666
v 8.067858 1.596341 4.248709
v 7.155033 1.596341 4.233322
v 8.139618 1.596341 4.129666
v 7.087331 1.596341 4.111927
v 6.819017 1.928555 4.558196
v 7.155033 1.928555 4.233322
v 6.699973 1.928555 4.486442
v 7.087331 1.928555 4.111927
v 7.155033 1.596341 4.233322
v 6.819017 1.596341 4.558196
v 7.087331 1.596341 4.111927
v 6.699973 1.596341 4.486442
v 6.803629 1.928555 5.471021
v 6.819017 1.928555 4.558196
v 6.682235 1.928555 5.538728
v 6.699973 1.928555 4.486442
v 6.819017 1.596341 4.558196
v 6.803629 1.596341 5.471021
v 6.699973 1.596341 4.486442
v 6.682235 1.596341 5.538728
v 6.803629 1.596341 5.471021
v 7.128504 1.596341 5.807041
v 6.682235 1.596341 5.538728
v 7.056749 1.596341 5.926080
v 7.128504 1.928555 5.807041
v 6.803629 1.928555 5.471021
v 7.056749 1.928555 5.926080
v 6.682235 1.928555 5.538728
v 8.041328 2.403120 5.822430
v 7.128504 2.403120 5.807041
v 8.109035 2.403120 5.943819
v 7.056749 2.403120 5.926080
v 7.128504 2.070906 5.807041
v 8.041328 2.070906 5.822430
v 7.056749 2.070906 5.926080
v 8.109035 2.070906 5.943819
v 8.041328 2.070906 5.822430
v 8.377350 2.070906 5.497550
v 8.109035 2.070906 5.943819
v 8.496387 2.070906 5.569310
v 8.377350 2.403120 5.497550
v 8.041328 2.403120 5.822430
v 8.496387 2.403120 5.569310
v 8.109035 2.403120 5.943819
v 8.392737 2.403120 4.584725
v 8.377350 2.403120 5.497550
v 8.514127 2.403120 4.517023
v 8.496387 2.403120 5.569310
v 8.377350 2.070906 5.497550
v 8.392737 2.070906 4.584725
v 8.496387 2.070906 5.569310
v 8.514127 2.070906 4.517023
v 8.067858 2.403120 4.248709
v 8.392737 2.403120 4.584725
v 8.139618 2.403120 4.129666
v 8.514127 2.403120 4.517023
v 8.392737 2.070906 4.584725
v 8.067858 2.070906 4.248709
v 8.514127 2.070906 4.517023
v 8.139618 2.070906 4.129666
v 7.155033 2.403120 4.233322
v 8.067858 2.403120 4.248709
v 7.087331 2.403120 4.111927
v 8.139618 2.403120 4.129666
v 8.067858 2.070906 4.248709
v 7.155033 2.070906 4.233322
v 8.139618 2.070906 4.129666
v 7.087331 2.070906 4.111927
v 6.819017 2.403120 4.558196
v 7.155033 2.403120 4.233322
v 6.699973 2.403120 4.486442
v 7.087331 2.403120 4.111927
v 7.155033 2.070906 4.233322
v 6.819017 2.070906 4.558196
v 7.087331 2.070906 4.111927
v 6.699973 2.070906 4.486442
v 6.803629 2.403120 5.471021
v 6.819017 2.403120 4.558196
v 6.682235 2.403120 5.538728
v 6.699973 2.403120 4.486442
v 6.819017 2.070906 4.558196
v 6.803629 2.070906 5.471021
v 6.699973 2.070906 4.486442
v 6.682235 2.070906 5.538728
v 6.803629 2.070906 5.471021
v 7.128504 2.070906 5.807041
v 6.682235 2.070906 5.538728
v 7.056749 2.070906 5.926080
v 7.128504 2.403120 5.807041
v 6.803629 2.403120 5.471021
v 7.056749 2.403120 5.926080
v 6.682235 2.403120 5.538728
v 8.041328 2.877685 5.822430
v 7.128504 2.877685 5.807041
v 8.109035 2.877685 5.943819
v 7.056749 2.877685 5.926080
v 7.128504 2.545471 5.807041
v 8.041328 2.545471 5.822430
v 7.056749 2.545471 5.926080
v 8.109035 2.545471 5.943819
v 8.041328 2.545471 5.822430
v 8.377350 2.545471 5.497550
v 8.109035 2.545471 5.943819
v 8.496387 2.545471 5.569310
v 8.377350 2.877685 5.497550
v 8.041328 2.877685 5.822430
v 8.496387 2.877685 5.569310
v 8.109035 2.877685 5.943819
v 8.392737 2.877685 4.584725
v 8.377350 2.877685 5.497550
v 8.514127 2.877685 4.517023
v 8.496387 2.877685 5.569310
v 8.377350 2.545471 5.497550
v 8.392737 2.545471 4.584725
v 8.496387 2.545471 5.569310
v 8.514127 2.545471 4.517023
v 8.067858 2.877685 4.248709
v 8.392737 2.877685 4.584725
v 8.139618 2.877685 4.129666
v 8.514127 2.877685 4.517023
v 8.392737 2.545471 4.584725
v 8.067858 2.545471 4.248709
v 8.514127 2.545471 4.517023
v 8.139618 2.545471 4.129666
v 7.155033 2.877685 4.233322
v 8.067858 2.877685 4.248709
v 7.087331 2.877685 4.111927
v 8.139618 2.877685 4.129666
v 8.067858 2.545471 4.248709
v 7.155033 2.545471 4.233322
v 8.139618 2.545471 4.129666
v 7.087331 2.545471 4.111927
v 6.819017 2.877685 4.558196
v 7.155033 2.877685 4.233322
v 6.699973 2.877685 4.486442
v 7.087331 2.877685 4.111927
v 7.155033 2.545471 4.233322
v 6.819017 2.545471 4.558196
v 7.087331 2.545471 4.111927
v 6.699973 2.545471 4.486442
v 6.803629 2.877685 5.471021
v 6.819017 2.877685 4.558196
v 6.682235 2.877685 5.538728
v 6.699973 2.877685 4.486442
v 6.819017 2.545471 4.558196
v 6.803629 2.545471 5.471021
v 6.699973 2.545471 4.486442
v 6.682235 2.545471 5.538728
v 6.803629 2.545471 5.471021
v 7.128504 2.545471 5.807041
v 6.682235 2.545471 5.538728
v 7.056749 2.545471 5.926080
v 7.128504 2.877685 5.807041
v 6.803629 2.877685 5.471021
v 7.056749 2.877685 5.926080
v 6.682235 2.877685 5.538728
v 8.041328 3.352250 5.822430
v 7.128504 3.352250 5.807041
v 8.109035 3.352250 5.943819
v 7.056749 3.352250 5.926080
v 7.128504 3.020036 5.807041
v 8.041328 3.020036 5.822430
v 7.056749 3.020036 5.926080
v 8.109035 3.020036 5.943819
v 8.041328 3.020036 5.822430
v 8.377350 3.020036 5.497550
v 8.109035 3.020036 5.943819
v 8.496387 3.020036 5.569310
v 8.377350 3.352250 5.497550
v 8.041328 3.352250 5.822430
v 8.496387 3.352250 5.569310
v 8.109035 3.352250 5.943819
v 8.392737 3.352250 4.584725
v 8.377350 3.352250 5.497550
v 8.514127 3.352250 4.517023
v 8.496387 3.352250 5.569310
v 8.377350 3.020036 5.497550
v 8.392737 3.020036 4.584725
v 8.496387 3.020036 5.569310
v 8.514127 3.020036 4.517023
v 8.067858 3.352250 4.248709
v 8.392737 3.352250 4.584725
v 8.139618 3.352250 4.129666
v 8.514127 3.352250 4.517023
v 8.392737 3.020036 4.584725
v 8.067858 3.020036 4.248709
v 8.514127 3.020036 4.517023
v 8.139618 3.020036 4.129666
v 7.155033 3.352250 4.233322
v 8.067858 3.352250 4.248709
v 7.087331 3.352250 4.111927
v 8.139618 3.352250 4.129666
v 8.067858 3.020036 4.248709
v 7.155033 3.020036 4.233322
v 8.139618 3.020036 4.129666
v 7.087331 3.020036 4.111927
v 6.819017 3.352250 4.558196
v 7.155033 3.352250 4.233322
v 6.699973 3.352250 4.486442
v 7.087331 3.352250 4.111927
v 7.155033 3.020036 4.233322
v 6.819017 3.020036 4.558196
v 7.087331 3.020036 4.111927
v 6.699973 3.020036 4.486442
v 6.803629 3.352250 5.471021
v 6.819017 3.352250 4.558196
v 6.682235 3.352250 5.538728
v 6.699973 3.352250 4.486442
v 6.819017 3.020036 4.558196
v 6.803629 3.020036 5.471021
v 6.699973 3.020036 4.486442
v 6.682235 3.020036 5.538728
v 6.803629 3.020036 5.471021
v 7.128504 3.020036 5.807041
v 6.682235 3.020036 5.538728
v 7.056749 3.020036 5.926080
v 7.128504 3.352250 5.807041
v 6.803629 3.352250 5.471021
v 7.056749 3.352250 5.926080
v 6.682235 3.352250 5.538728
v 8.041328 3.826830 5.822430
v 7.128504 3.826815 5.807041
v 8.109035 3.826830 5.943819
v 7.056749 3.826815 5.926080
v 7.128504 3.494616 5.807041
v 8.041328 3.494616 5.822430
v 7.056749 3.494616 5.926080
v 8.109035 3.494616 5.943819
v 8.041328 3.494616 5.822430
v 8.377350 3.494616 5.497550
v 8.109035 3.494616 5.943819
v 8.496387 3.494616 5.569310
v 8.377350 3.826815 5.497550
v 8.041328 3.826830 5.822430
v 8.496387 3.826815 5.569310
v 8.109035 3.826830 5.943819
v 8.392737 3.826830 4.584725
v 8.377350 3.826815 5.497550
v 8.514127 3.826830 4.517023
v 8.496387 3.826815 5.569310
v 8.377350 3.494616 5.497550
v 8.392737 3.494616 4.584725
v 8.496387 3.494616 5.569310
v 8.514127 3.494616 4.517023
v 8.067858 3.826815 4.248709
v 8.392737 3.826830 4.584725
v 8.139618 3.826815 4.129666
v 8.514127 3.826830 4.517023
v 8.392737 3.494616 4.584725
v 8.067858 3.494616 4.248709
v 8.514127 3.494616 4.517023
v 8.139618 3.494616 4.129666
v 7.155033 3.826830 4.233322
v 8.067858 3.826815 4.248709
v 7.087331 3.826830 4.111927
v 8.139618 3.826815 4.129666
v 8.067858 3.494616 4.248709
v 7.155033 3.494616 4.233322
v 8.139618 3.494616 4.129666
v 7.087331 3.494616 4.111927
v 6.819017 3.826815 4.558196
v 7.155033 3.826830 4.233322
v 6.699973 3.826815 4.486442
v 7.087331 3.826830 4.111927
v 7.155033 3.494616 4.233322
v 6.819017 3.494616 4.558196
v 7.087331 3.494616 4.111927
v 6.699973 3.494616 4.486442
v 6.803629 3.826830 5.471021
v 6.819017 3.826815 4.558196
v 6.682235 3.826830 5.538728
v 6.699973 3.826815 4.486442
v 6.819017 3.494616 4.558196
v 6.803629 3.494616 5.471021
v 6.699973 3.494616 4.486442
v 6.682235 3.494616 5.538728
v 6.803629 3.494616 5.471021
v 7.128504 3.494616 5.807041
v 6.682235 3.494616 5.538728
v 7.056749 3.494616 5.926080
v 7.128504 3.826815 5.807041
v 6.803629 3.826830 5.471021
v 7.056749 3.826815 5.926080
v 6.682235 3.826830 5.538728
v 8.041328 4.301395 5.822430
v 7.128504 4.301395 5.807041
v 8.109035 4.301395 5.943819
v 7.056749 4.301395 5.926080
v 7.128504 3.969182 5.807041
v 8.041328 3.969182 5.822430
v 7.056749 3.969182 5.926080
v 8.109035 3.969182 5.943819
v 8.041328 3.969182 5.822430
v 8.377350 3.969182 5.497550
v 8.109035 3.969182 5.943819
v 8.496387 3.969182 5.569310
v 8.377350 4.301395 5.497550
v 8.041328 4.301395 5.822430
v 8.496387 4.301395 5.569310
v 8.109035 4.301395 5.943819
v 8.392737 4.301395 4.584725
v 8.377350 4.301395 5.497550
v 8.514127 4.301395 4.517023
v 8.496387 4.301395 5.569310
v 8.377350 3.969182 5.497550
v 8.392737 3.969182 4.584725
v 8.496387 3.969182 5.569310
v 8.514127 3.969182 4.517023
v 8.067858 4.301395 4.248709
v 8.392737 4.301395 4.584725
v 8.139618 4.301395 4.129666
v 8.514127 4.301395 4.517023
v 8.392737 3.969182 4.584725
v 8.067858 3.969182 4.248709
v 8.514127 3.969182 4.517023
v 8.139618 3.969182 4.129666
v 7.155033 4.301395 4.233322
v 8.067858 4.301395 4.248709
v 7.087331 4.301395 4.111927
v 8.139618 4.301395 4.129666
v 8.067858 3.969182 4.248709
v 7.155033 3.969182 4.233322
v 8.139618 3.969182 4.129666
v 7.087331 3.969182 4.111927
v 6.819017 4.301395 4.558196
v 7.155033 4.301395 4.233322
v 6.699973 4.301395 4.486442
v 7.087331 4.301395 4.111927
v 7.155033 3.969182 4.233322
v 6.819017 3.969182 4.558196
v 7.087331 3.969182 4.111927
v 6.699973 3.969182 4.486442
v 6.803629 4.301395 5.471021
v 6.819017 4.301395 4.558196
v 6.682235 4.301395 5.538728
v 6.699973 4.301395 4.486442
v 6.819017 3.969182 4.558196
v 6.803629 3.969182 5.471021
v 6.699973 3.969182 4.486442
v 6.682235 3.969182 5.538728
v 6.803629 3.969182 5.471021
v 7.128504 3.969182 5.807041
v 6.682235 3.969182 5.538728
v 7.056749 3.969182 5.926080
v 7.128504 4.301395 5.807041
v 6.803629 4.301395 5.471021
v 7.056749 4.301395 5.926080
v 6.682235 4.301395 5.538728
v 8.041328 4.775960 5.822430
v 7.128504 4.775960 5.807041
v 8.109035 4.775960 5.943819
v 7.056749 4.775960 5.926080
v 7.128504 4.443746 5.807041
v 8.041328 4.443746 5.822430
v 7.056749 4.443746 5.926080
v 8.109035 4.443746 5.943819
v 8.041328 4.443746 5.822430
v 8.377350 4.443746 5.497550
v 8.109035 4.443746 5.943819
v 8.496387 4.443746 5.569310
v 8.377350 4.775960 5.497550
v 8.041328 4.775960 5.822430
v 8.496387 4.775960 5.569310
v 8.109035 4.775960 5.943819
v 8.392737 4.775960 4.584725
v 8.377350 4.775960 5.497550
v 8.514127 4.775960 4.517023
v 8.496387 4.775960 5.569310
v 8.377350 4.443746 5.497550
v 8.392737 4.443746 4.584725
v 8.496387 4.443746 5.569310
v 8.514127 4.443746 4.517023
v 8.067858 4.775960 4.248709
v 8.392737 4.775960 4.584725
v 8.139618 4.775960 4.129666
v 8.514127 4.775960 4.517023
v 8.392737 4.443746 4.584725
v 8.067858 4.443746 4.248709
v 8.514127 4.443746 4.517023
v 8.139618 4.443746 4.129666
v 7.155033 4.775960 4.233322
v 8.067858 4.775960 4.248709
v 7.087331 4.775960 4.111927
v 8.139618 4.775960 4.129666
v 8.067858 4.443746 4.248709
v 7.155033 4.443746 4.233322
v 8.139618 4.443746 4.129666
v 7.087331 4.443746 4.111927
v 6.819017 4.775960 4.558196
v 7.155033 4.775960 4.233322
v 6.699973 4.775960 4.486442
v 7.087331 4.775960 4.111927
v 7.155033 4.443746 4.233322
v 6.819017 4.443746 4.558196
v 7.087331 4.443746 4.111927
v 6.699973 4.443746 4.486442
v 6.803629 4.775960 5.471021
v 6.819017 4.775960 4.558196
v 6.682235 4.775960 5.538728
v 6.699973 4.775960 4.486442
v 6.819017 4.443746 4.558196
v 6.803629 4.443746 5.471021
v 6.699973 4.443746 4.486442
v 6.682235 4.443746 5.538728
v 6.803629 4.443746 5.471021
v 7.128504 4.443746 5.807041
v 6.682235 4.443746 5.538728
v 7.056749 4.443746 5.926080
v 7.128504 4.775960 5.807041
v 6.803629 4.775960 5.471021
v 7.056749 4.775960 5.926080
v 6.682235 4.775960 5.538728
v 8.041328 5.250525 5.822430
v 7.128504 5.250525 5.807041
v 8.109035 5.250525 5.943819
v 7.056749 5.250525 5.926080
v 7.128504 4.918311 5.807041
v 8.041328 4.918311 5.822430
v 7.056749 4.918311 5.926080
v 8.109035 4.918311 5.943819
v 8.041328 4.918311 5.822430
v 8.377350 4.918311 5.497550
v 8.109035 4.918311 5.943819
v 8.496387 4.918311 5.569310
v 8.377350 5.250525 5.497550
v 8.041328 5.250525 5.822430
v 8.496387 5.250525 5.569310
v 8.109035 5.250525 5.943819
v 8.392737 5.250525 4.584725
v 8.377350 5.250525 5.497550
v 8.514127 5.250525 4.517023
v 8.496387 5.250525 5.569310
v 8.377350 4.918311 5.497550
v 8.392737 4.918311 4.584725
v 8.496387 4.918311 5.569310
v 8.514127 4.918311 4.517023
v 8.067858 5.250525 4.248709
v 8.392737 5.250525 4.584725
v 8.139618 5.250525 4.129666
v 8.514127 5.250525 4.517023
v 8.392737 4.918311 4.584725
v 8.067858 4.918311 4.248709
v 8.514127 4.918311 4.517023
v 8.139618 4.918311 4.129666
v 7.155033 5.250525 4.233322
v 8.067858 5.250525 4.248709
v 7.087331 5.250525 4.111927
v 8.139618 5.250525 4.129666
v 8.067858 4.918311 4.248709
v 7.155033 4.918311 4.233322
v 8.139618 4.918311 4.129666
v 7.087331 4.918311 4.111927
v 6.819017 5.250525 4.558196
v 7.155033 5.250525 4.233322
v 6.699973 5.250525 4.486442
v 7.087331 5.250525 4.111927
v 7.155033 4.918311 4.233322
v 6.819017 4.918311 4.558196
v 7.087331 4.918311 4.111927
v 6.699973 4.918311 4.486442
v 6.803629 5.250525 5.471021
v 6.819017 5.250525 4.558196
v 6.682235 5.250525 5.538728
v 6.699973 5.250525 4.486442
v 6.819017 4.918311 4.558196
v 6.803629 4.918311 5.471021
v 6.699973 4.918311 4.486442
v 6.682235 4.918311 5.538728
v 6.803629 4.918311 5.471021
v 7.128504 4.918311 5.807041
v 6.682235 4.918311 5.538728
v 7.056749 4.918311 5.926080
v 7.128504 5.250525 5.807041
v 6.803629 5.250525 5.471021
v 7.056749 5.250525 5.926080
v 6.682235 5.250525 5.538728
v 8.041328 5.725090 5.822430
v 7.128504 5.725075 5.807041
v 8.109035 5.725090 5.943819
v 7.056749 5.725075 5.926080
v 7.128504 5.392877 5.807041
v 8.041328 5.392877 5.822430
v 7.056749 5.392877 5.926080
v 8.109035 5.392877 5.943819
v 8.041328 5.392877 5.822430
v 8.377350 5.392877 5.497550
v 8.109035 5.392877 5.943819
v 8.496387 5.392877 5.569310
v 8.377350 5.725075 5.497550
v 8.041328 5.725090 5.822430
v 8.496387 5.725075 5.569310
v 8.109035 5.725090 5.943819
v 8.392737 5.725090 4.584725
v 8.377350 5.725075 5.497550
v 8.514127 5.725090 4.517023
v 8.496387 5.725075 5.569310
v 8.377350 5.392877 5.497550
v 8.392737 5.392877 4.584725
v 8.496387 5.392877 5.569310
v 8.514127 5.392877 4.517023
v 8.067858 5.725075 4.248709
v 8.392737 5.725090 4.584725
v 8.139618 5.725075 4.129666
v 8.514127 5.725090 4.517023
v 8.392737 5.392877 4.584725
v 8.067858 5.392877 4.248709
v 8.514127 5.392877 4.517023
v 8.139618 5.392877 4.129666
v 7.155033 5.725090 4.233322
v 8.067858 5.725075 4.248709
v 7.087331 5.725090 4.111927
v 8.139618 5.725075 4.129666
v 8.067858 5.392877 4.248709
v 7.155033 5.392877 4.233322
v 8.139618 5.392877 4.129666
v 7.087331 5.392877 4.111927
v 6.819017 5.725075 4.558196
v 7.155033 5.725090 4.233322
v 6.699973 5.725075 4.486442
v 7.087331 5.725090 4.111927
v 7.155033 5.392877 4.233322
v 6.819017 5.392877 4.558196
v 7.087331 5.392877 4.111927
v 6.699973 5.392877 4.486442
v 6.803629 5.725090 5.471021
v 6.819017 5.725075 4.558196
v 6.682235 5.725090 5.538728
v 6.699973 5.725075 4.486442
v 6.819017 5.392877 4.558196
v 6.803629 5.392877 5.471021
v 6.699973 5.392877 4.486442
v 6.682235 5.392877 5.538728
v 6.803629 5.392877 5.471021
v 7.128504 5.392877 5.807041
v 6.682235 5.392877 5.538728
v 7.056749 5.392877 5.926080
v 7.128504 5.725075 5.807041
v 6.803629 5.725090 5.471021
v 7.056749 5.725075 5.926080
v 6.682235 5.725090 5.538728
v 8.041328 6.199656 5.822430
v 7.128504 6.199656 5.807041
v 8.109035 6.199656 5.943819
v 7.056749 6.199656 5.926080
v 7.128504 5.867456 5.807041
v 8.041328 5.867441 5.822430
v 7.056749 5.867456 5.926080
v 8.109035 5.867441 5.943819
v 8.041328 5.867441 5.822430
v 8.377350 5.867456 5.497550
v 8.109035 5.867441 5.943819
v 8.496387 5.867456 5.569310
v 8.377350 6.199656 5.497550
v 8.041328 6.199656 5.822430
v 8.496387 6.199656 5.569310
v 8.109035 6.199656 5.943819
v 8.392737 6.199656 4.584725
v 8.377350 6.199656 5.497550
v 8.514127 6.199656 4.517023
v 8.496387 6.199656 5.569310
v 8.377350 5.867456 5.497550
v 8.392737 5.867441 4.584725
v 8.496387 5.867456 5.569310
v 8.514127 5.867441 4.517023
v 8.067858 6.199656 4.248709
v 8.392737 6.199656 4.584725
v 8.139618 6.199656 4.129666
v 8.514127 6.199656 4.517023
v 8.392737 5.867441 4.584725
v 8.067858 5.867456 4.248709
v 8.514127 5.867441 4.517023
v 8.139618 5.867456 4.129666
v 7.155033 6.199656 4.233322
v 8.067858 6.199656 4.248709
v 7.087331 6.199656 4.111927
v 8.139618 6.199656 4.129666
v 8.067858 5.867456 4.248709
v 7.155033 5.867441 4.233322
v 8.139618 5.867456 4.129666
v 7.087331 5.867441 4.111927
v 6.819017 6.199656 4.558196
v 7.155033 6.199656 4.233322
v 6.699973 6.199656 4.486442
v 7.087331 6.199656 4.111927
v 7.155033 5.867441 4.233322
v 6.819017 5.867456 4.558196
v 7.087331 5.867441 4.111927
v 6.699973 5.867456 4.486442
v 6.803629 6.199656 5.471021
v 6.819017 6.199656 4.558196
v 6.682235 6.199656 5.538728
v 6.699973 6.199656 4.486442
v 6.819017 5.867456 4.558196
v 6.803629 5.867441 5.471021
v 6.699973 5.867456 4.486442
v 6.682235 5.867441 5.538728
v 6.803629 5.867441 5.471021
v 7.128504 5.867456 5.807041
v 6.682235 5.867441 5.538728
v 7.056749 5.867456 5.926080
v 7.128504 6.199656 5.807041
v 6.803629 6.199656 5.471021
v 7.056749 6.199656 5.926080
v 6.682235 6.199656 5.538728
v 8.115550 1.453990 5.955504
v 7.049846 1.453990 5.937540
v 8.209582 1.279847 6.118162
v 6.950383 1.279847 6.096936
v 8.507848 1.453990 5.576214
v 8.115550 1.453990 5.955504
v 8.667249 1.279847 5.675675
v 8.209582 1.279847 6.118162
v 8.525812 1.453990 4.510509
v 8.507848 1.453990 5.576214
v 8.688477 1.279847 4.416477
v 8.667249 1.279847 5.675675
v 8.146522 1.453990 4.118211
v 8.525812 1.453990 4.510509
v 8.245983 1.279847 3.958810
v 8.688477 1.279847 4.416477
v 7.080817 1.453990 4.100246
v 8.146522 1.453990 4.118211
v 6.986784 1.279847 3.937583
v 8.245983 1.279847 3.958810
v 6.688519 1.453990 4.479537
v 7.080817 1.453990 4.100246
v 6.529118 1.279847 4.380075
v 6.986784 1.279847 3.937583
v 6.670554 1.453990 5.545241
v 6.688519 1.453990 4.479537
v 6.507891 1.279847 5.639274
v 6.529118 1.279847 4.380075
v 7.049846 1.453990 5.937540
v 6.670554 1.453990 5.545241
v 6.950383 1.279847 6.096936
v 6.507891 1.279847 5.639274
v 8.209582 1.279847 6.118162
v 6.950383 1.279847 6.096936
v 8.209582 0.950299 6.118162
v 6.950383 0.950299 6.096936
v 8.667249 1.279847 5.675675
v 8.209582 1.279847 6.118162
v 8.667249 0.950299 5.675675
v 8.209582 0.950299 6.118162
v 8.688477 1.279847 4.416477
v 8.667249 1.279847 5.675675
v 8.688477 0.950299 4.416477
v 8.667249 0.950299 5.675675
v 8.245983 1.279847 3.958810
v 8.688477 1.279847 4.416477
v 8.245983 0.950299 3.958810
v 8.688477 0.950299 4.416477
v 6.986784 1.279847 3.937583
v 8.245983 1.279847 3.958810
v 6.986784 0.950299 3.937583
v 8.245983 0.950299 3.958810
v 6.529118 1.279847 4.380075
v 6.986784 1.279847 3.937583
v 6.529118 0.950299 4.380075
v 6.986784 0.950299 3.937583
v 6.507891 1.279847 5.639274
v 6.529118 1.279847 4.380075
v 6.507891 0.950299 5.639274
v 6.529118 0.950299 4.380075
v 6.950383 1.279847 6.096936
v 6.507891 1.279847 5.639274
v 6.950383 0.950299 6.096936
v 6.507891 0.950299 5.639274
v 8.209582 0.950299 6.118162
v 6.950383 0.950299 6.096936
v 8.130192 0.950299 5.985681
v 7.034195 0.950299 5.967206
v 8.667249 0.950299 5.675675
v 8.209582 0.950299 6.118162
v 8.537508 0.950299 5.591859
v 8.130192 0.950299 5.985681
v 8.688477 0.950299 4.416477
v 8.667249 0.950299 5.675675
v 8.555984 0.950299 4.495867
v 8.537508 0.950299 5.591859
v 8.245983 0.950299 3.958810
v 8.688477 0.950299 4.416477
v 8.162172 0.950299 4.088545
v 8.555984 0.950299 4.495867
v 6.986784 0.950299 3.937583
v 8.245983 0.950299 3.958810
v 7.066175 0.950299 4.070069
v 8.162172 0.950299 4.088545
v 6.529118 0.950299 4.380075
v 6.986784 0.950299 3.937583
v 6.658858 0.950299 4.463887
v 7.066175 0.950299 4.070069
v 6.507891 0.950299 5.639274
v 6.529118 0.950299 4.380075
v 6.640383 0.950299 5.559878
v 6.658858 0.950299 4.463887
v 6.950383 0.950299 6.096936
v 6.507891 0.950299 5.639274
v 7.034195 0.950299 5.967206
v 6.640383 0.950299 5.559878
v 8.537508 0.950299 5.591859
v 8.130192 0.950299 5.985681
v 8.537508 0.806446 5.591859
v 8.130192 0.806446 5.985681
v 8.162172 0.950299 4.088545
v 8.555984 0.950299 4.495867
v 8.162172 0.806446 4.088545
v 8.555984 0.806446 4.495867
v 6.658858 0.950299 4.463887
v 7.066175 0.950299 4.070069
v 6.658858 0.806446 4.463887
v 7.066175 0.806446 4.070069
v 7.034195 0.950299 5.967206
v 6.640383 0.950299 5.559878
v 7.034195 0.806446 5.967206
v 6.640383 0.806446 5.559878
v 8.130192 0.806446 5.985681
v 7.034195 0.806446 5.967206
v 8.202807 0.806446 6.118048
v 6.957153 0.806446 6.097050
v 8.537508 0.806446 5.591859
v 8.130192 0.806446 5.985681
v 8.667364 0.806446 5.668900
v 8.202807 0.806446 6.118048
v 8.555984 0.806446 4.495867
v 8.537508 0.806446 5.591859
v 8.688362 0.806446 4.423246
v 8.667364 0.806446 5.668900
v 8.162172 0.806446 4.088545
v 8.555984 0.806446 4.495867
v 8.239208 0.806446 3.958696
v 8.688362 0.806446 4.423246
v 7.066175 0.806446 4.070069
v 8.162172 0.806446 4.088545
v 6.993554 0.806446 3.937697
v 8.239208 0.806446 3.958696
v 6.658858 0.806446 4.463887
v 7.066175 0.806446 4.070069
v 6.529004 0.806446 4.386845
v 6.993554 0.806446 3.937697
v 6.640383 0.806446 5.559878
v 6.658858 0.806446 4.463887
v 6.508005 0.806446 5.632499
v 6.529004 0.806446 4.386845
v 7.034195 0.806446 5.967206
v 6.640383 0.806446 5.559878
v 6.957153 0.806446 6.097050
v 6.508005 0.806446 5.632499
v 8.202807 0.806446 6.118048
v 6.957153 0.806446 6.097050
v 8.202807 0.478844 6.118048
v 6.957153 0.478844 6.097050
v 8.667364 0.806446 5.668900
v 8.202807 0.806446 6.118048
v 8.667364 0.478844 5.668900
v 8.202807 0.478844 6.118048
v 8.688362 0.806446 4.423246
v 8.667364 0.806446 5.668900
v 8.688362 0.478844 4.423246
v 8.667364 0.478844 5.668900
v 8.239208 0.806446 3.958696
v 8.688362 0.806446 4.423246
v 8.239208 0.478844 3.958696
v 8.688362 0.478844 4.423246
v 6.993554 0.806446 3.937697
v 8.239208 0.806446 3.958696
v 6.993554 0.478844 3.937697
v 8.239208 0.478844 3.958696
v 6.529004 0.806446 4.386845
v 6.993554 0.806446 3.937697
v 6.529004 0.478844 4.386845
v 6.993554 0.478844 3.937697
v 6.508005 0.806446 5.632499
v 6.529004 0.806446 4.386845
v 6.508005 0.478844 5.632499
v 6.529004 0.478844 4.386845
v 6.957153 0.806446 6.097050
v 6.508005 0.806446 5.632499
v 6.957153 0.478844 6.097050
v 6.508005 0.478844 5.632499
v 8.202807 0.478844 6.118048
v 6.957153 0.478844 6.097050
v 8.134613 0.478844 5.985755
v 7.029773 0.478844 5.967131
v 8.667364 0.478844 5.668900
v 8.202807 0.478844 6.118048
v 8.537434 0.478844 5.596286
v 8.134613 0.478844 5.985755
v 8.688362 0.478844 4.423246
v 8.667364 0.478844 5.668900
v 8.556059 0.478844 4.491445
v 8.537434 0.478844 5.596286
v 8.239208 0.478844 3.958696
v 8.688362 0.478844 4.423246
v 8.166594 0.478844 4.088620
v 8.556059 0.478844 4.491445
v 6.993554 0.478844 3.937697
v 8.239208 0.478844 3.958696
v 7.061753 0.478844 4.069995
v 8.166594 0.478844 4.088620
v 6.529004 0.478844 4.386845
v 6.993554 0.478844 3.937697
v 6.658927 0.478844 4.459465
v 7.061753 0.478844 4.069995
v 6.508005 0.478844 5.632499
v 6.529004 0.478844 4.386845
v 6.640303 0.478844 5.564305
v 6.658927 0.478844 4.459465
v 6.957153 0.478844 6.097050
v 6.508005 0.478844 5.632499
v 7.029773 0.478844 5.967131
v 6.640303 0.478844 5.564305
v 8.537434 0.478844 5.596286
v 8.134613 0.478844 5.985755
v 8.537434 0.341442 5.596286
v 8.134613 0.341442 5.985755
v 8.166594 0.478844 4.088620
v 8.556059 0.478844 4.491445
v 8.166594 0.341442 4.088620
v 8.556059 0.341442 4.491445
v 6.658927 0.478844 4.459465
v 7.061753 0.478844 4.069995
v 6.658927 0.341442 4.459465
v 7.061753 0.341442 4.069995
v 7.029773 0.478844 5.967131
v 6.640303 0.478844 5.564305
v 7.029773 0.341442 5.967131
v 6.640303 0.341442 5.564305
v 8.134613 0.341442 5.985755
v 7.029773 0.341442 5.967131
v 8.209669 0.341442 6.118164
v 6.950292 0.341442 6.096934
v 8.537434 0.341442 5.596286
v 8.134613 0.341442 5.985755
v 8.667248 0.341442 5.675762
v 8.209669 0.341442 6.118164
v 8.556059 0.341442 4.491445
v 8.537434 0.341442 5.596286
v 8.688478 0.341442 4.416385
v 8.667248 0.341442 5.675762
v 8.166594 0.341442 4.088620
v 8.556059 0.341442 4.491445
v 8.246070 0.341442 3.958811
v 8.688478 0.341442 4.416385
v 7.061753 0.341442 4.069995
v 8.166594 0.341442 4.088620
v 6.986692 0.341442 3.937582
v 8.246070 0.341442 3.958811
v 6.658927 0.341442 4.459465
v 7.061753 0.341442 4.069995
v 6.529119 0.341442 4.379984
v 6.986692 0.341442 3.937582
v 6.640303 0.341442 5.564305
v 6.658927 0.341442 4.459465
v 6.507891 0.341442 5.639360
v 6.529119 0.341442 4.379984
v 7.029773 0.341442 5.967131
v 6.640303 0.341442 5.564305
v 6.950292 0.341442 6.096934
v 6.507891 0.341442 5.639360
v 8.209669 0.341442 6.118164
v 6.950292 0.341442 6.096934
v 8.209669 0.017915 6.118164
v 6.950292 0.017563 6.096934
v 8.667248 0.341442 5.675762
v 8.209669 0.341442 6.118164
v 8.667248 0.017915 5.675762
v 8.209669 0.017915 6.118164
v 8.688478 0.341442 4.416385
v 8.667248 0.341442 5.675762
v 8.688478 0.017915 4.416385
v 8.667248 0.017915 5.675762
v 8.246070 0.341442 3.958811
v 8.688478 0.341442 4.416385
v 8.246070 0.017915 3.958811
v 8.688478 0.017915 4.416385
v 6.986692 0.341442 3.937582
v 8.246070 0.341442 3.958811
v 6.986692 0.017563 3.937582
v 8.246070 0.017915 3.958811
v 6.529119 0.341442 4.379984
v 6.986692 0.341442 3.937582
v 6.529119 0.017563 4.379984
v 6.986692 0.017563 3.937582
v 6.507891 0.341442 5.639360
v 6.529119 0.341442 4.379984
v 6.507891 0.017563 5.639360
v 6.529119 0.017563 4.379984
v 6.950292 0.341442 6.096934
v 6.507891 0.341442 5.639360
v 6.950292 0.017563 6.096934
v 6.507891 0.017563 5.639360
v 6.745214 6.818272 5.503601
v 7.093978 6.818272 5.864321
v 6.902283 6.818272 5.441620
v 7.161213 6.818272 5.709430
v 7.093978 6.818272 5.864321
v 8.073910 6.818272 5.880840
v 7.161213 6.818272 5.709430
v 8.011929 6.818272 5.723771
v 8.073910 6.818272 5.880840
v 8.434629 6.818272 5.532080
v 8.011929 6.818272 5.723771
v 8.279738 6.818272 5.464840
v 8.434629 6.818272 5.532080
v 8.451148 6.818272 4.552150
v 8.279738 6.818272 5.464840
v 8.294079 6.818272 4.614125
v 8.451148 6.818272 4.552150
v 8.102388 6.818272 4.191430
v 8.294079 6.818272 4.614125
v 8.035149 6.818272 4.346315
v 8.102388 6.818272 4.191430
v 7.122458 6.818272 4.174911
v 8.035149 6.818272 4.346315
v 7.184433 6.818272 4.331975
v 7.122458 6.818272 4.174911
v 6.761733 6.818272 4.523670
v 7.184433 6.818272 4.331975
v 6.916624 6.818272 4.590905
v 6.761733 6.818272 4.523670
v 6.745214 6.818272 5.503601
v 6.916624 6.818272 4.590905
v 6.902283 6.818272 5.441620
v 6.902283 6.818272 5.441620
v 7.161213 6.818272 5.709430
v 6.902283 6.966078 5.441620
v 7.161213 6.966078 5.709430
v 7.161213 6.818272 5.709430
v 8.011929 6.818272 5.723771
v 7.161213 6.966078 5.709430
v 8.011929 6.966078 5.723771
v 8.011929 6.818272 5.723771
v 8.279738 6.818272 5.464840
v 8.011929 6.966078 5.723771
v 8.279738 6.966078 5.464840
v 8.279738 6.818272 5.464840
v 8.294079 6.818272 4.614125
v 8.279738 6.966078 5.464840
v 8.294079 6.966078 4.614125
v 8.294079 6.818272 4.614125
v 8.035149 6.818272 4.346315
v 8.294079 6.966078 4.614125
v 8.035149 6.966078 4.346315
v 8.035149 6.818272 4.346315
v 7.184433 6.818272 4.331975
v 8.035149 6.966078 4.346315
v 7.184433 6.966078 4.331975
v 7.184433 6.818272 4.331975
v 6.916624 6.818272 4.590905
v 7.184433 6.966078 4.331975
v 6.916624 6.966078 4.590905
v 6.916624 6.818272 4.590905
v 6.902283 6.818272 5.441620
v 6.916624 6.966078 4.590905
v 6.902283 6.966078 5.441620
v 7.161213 6.966078 5.709430
v 8.011929 6.966078 5.723771
v 7.264308 6.966078 5.548632
v 7.914311 6.966078 5.559588
v 8.279738 6.966078 5.464840
v 8.294079 6.966078 4.614125
v 8.118939 6.966078 5.361746
v 8.129897 6.966078 4.711742
v 8.035149 6.966078 4.346315
v 7.184433 6.966078 4.331975
v 7.932053 6.966078 4.507114
v 7.282051 6.966078 4.496157
v 6.916624 6.966078 4.590905
v 6.902283 6.966078 5.441620
v 7.077422 6.966078 4.694000
v 7.066465 6.966078 5.344004
v 7.066465 7.830986 5.344004
v 7.264308 7.830986 5.548632
v 7.235131 7.830986 5.243728
v 7.370217 7.830986 5.383441
v 7.264308 7.830986 5.548632
v 7.914311 7.830986 5.559588
v 7.370217 7.830986 5.383441
v 7.814035 7.830986 5.390923
v 7.914311 7.830986 5.559588
v 8.118939 7.830986 5.361746
v 7.814035 7.830986 5.390923
v 7.953751 7.830986 5.255842
v 8.118939 7.830986 5.361746
v 8.129897 7.830986 4.711742
v 7.953751 7.830986 5.255842
v 7.961231 7.830986 4.812024
v 8.129897 7.830986 4.711742
v 7.932053 7.830986 4.507114
v 7.961231 7.830986 4.812024
v 7.826149 7.830986 4.672304
v 7.932053 7.830986 4.507114
v 7.282051 7.830986 4.496157
v 7.826149 7.830986 4.672304
v 7.382331 7.830986 4.664823
v 7.282051 7.830986 4.496157
v 7.077422 7.830986 4.694000
v 7.382331 7.830986 4.664823
v 7.242612 7.830986 4.799910
v 7.077422 7.830986 4.694000
v 7.066465 7.830986 5.344004
v 7.242612 7.830986 4.799910
v 7.235131 7.830986 5.243728
v 7.235131 7.830986 5.243728
v 7.370217 7.830986 5.383441
v 7.235131 8.049638 5.243728
v 7.370217 8.049638 5.383441
v 7.370217 7.830986 5.383441
v 7.814035 7.830986 5.390923
v 7.370217 8.049638 5.383441
v 7.814035 8.049638 5.390923
v 7.814035 7.830986 5.390923
v 7.953751 7.830986 5.255842
v 7.814035 8.049638 5.390923
v 7.953751 8.049638 5.255842
v 7.953751 7.830986 5.255842
v 7.961231 7.830986 4.812024
v 7.953751 8.049638 5.255842
v 7.961231 8.049638 4.812024
v 7.961231 7.830986 4.812024
v 7.826149 7.830986 4.672304
v 7.961231 8.049638 4.812024
v 7.826149 8.049638 4.672304
v 7.826149 7.830986 4.672304
v 7.382331 7.830986 4.664823
v 7.826149 8.049638 4.672304
v 7.382331 8.049638 4.664823
v 7.382331 7.830986 4.664823
v 7.242612 7.830986 4.799910
v 7.382331 8.049638 4.664823
v 7.242612 8.049638 4.799910
v 7.242612 7.830986 4.799910
v 7.235131 7.830986 5.243728
v 7.242612 8.049638 4.799910
v 7.235131 8.049638 5.243728
v 7.264308 7.830986 5.548632
v 7.066465 7.830986 5.344004
v 7.232367 7.772902 5.579655
v 7.034523 7.772902 5.375027
v 8.118939 7.830986 5.361746
v 7.914311 7.830986 5.559588
v 8.149818 7.772902 5.393828
v 7.945190 7.772902 5.591671
v 7.932053 7.830986 4.507114
v 8.129897 7.830986 4.711742
v 7.963991 7.772902 4.476376
v 8.161835 7.772902 4.680999
v 7.077422 7.830986 4.694000
v 7.282051 7.830986 4.496157
v 7.046540 7.772902 4.662197
v 7.251167 7.772902 4.464360
v 7.282051 6.966078 4.496157
v 7.184433 6.966078 4.331975
v 7.077422 6.966078 4.694000
v 6.916624 6.966078 4.590905
v 8.129897 6.966078 4.711742
v 8.294079 6.966078 4.614125
v 7.932053 6.966078 4.507114
v 8.035149 6.966078 4.346315
v 7.914311 6.966078 5.559588
v 8.011929 6.966078 5.723771
v 8.118939 6.966078 5.361746
v 8.279738 6.966078 5.464840
v 7.161213 6.966078 5.709430
v 7.264308 6.966078 5.548632
v 6.902283 6.966078 5.441620
v 7.066465 6.966078 5.344004
v 7.232367 7.592999 5.579655
v 7.232367 7.453667 5.579655
v 7.264308 7.592999 5.548632
v 7.264308 7.453697 5.548632
v 7.232367 7.453667 5.579655
v 7.232367 7.592999 5.579655
v 7.034523 7.453667 5.375027
v 7.034523 7.592999 5.375027
v 7.034523 7.453667 5.375027
v 7.034523 7.592999 5.375027
v 7.066465 7.453697 5.344004
v 7.066465 7.592999 5.344004
v 7.077422 7.453697 4.694000
v 7.077422 7.592999 4.694000
v 7.046540 7.453667 4.662197
v 7.046540 7.592999 4.662197
v 7.046540 7.453667 4.662197
v 7.046540 7.592999 4.662197
v 7.251167 7.453667 4.464360
v 7.251167 7.592999 4.464360
v 7.251167 7.453667 4.464360
v 7.251167 7.592999 4.464360
v 7.282051 7.453697 4.496157
v 7.282051 7.592999 4.496157
v 7.932053 7.453697 4.507114
v 7.932053 7.592999 4.507114
v 7.963991 7.453667 4.476376
v 7.963991 7.592999 4.476376
v 7.963991 7.453667 4.476376
v 7.963991 7.592999 4.476376
v 8.161835 7.453667 4.680999
v 8.161835 7.592999 4.680999
v 8.161835 7.453667 4.680999
v 8.161835 7.592999 4.680999
v 8.129897 7.453697 4.711742
v 8.129897 7.592999 4.711742
v 8.118939 7.453697 5.361746
v 8.118939 7.592999 5.361746
v 8.149818 7.453667 5.393828
v 8.149818 7.592999 5.393828
v 8.149818 7.453667 5.393828
v 8.149818 7.592999 5.393828
v 7.945190 7.453667 5.591671
v 7.945190 7.592999 5.591671
v 7.945190 7.453667 5.591671
v 7.945190 7.592999 5.591671
v 7.914311 7.453697 5.559588
v 7.914311 7.592999 5.559588
v 7.232367 7.314364 5.579655
v 7.232367 7.175062 5.579655
v 7.264308 7.314364 5.548632
v 7.264308 7.175062 5.548632
v 7.232367 7.175062 5.579655
v 7.232367 7.314364 5.579655
v 7.034523 7.175062 5.375027
v 7.034523 7.314364 5.375027
v 7.034523 7.175062 5.375027
v 7.034523 7.314364 5.375027
v 7.066465 7.175062 5.344004
v 7.066465 7.314364 5.344004
v 7.077422 7.175062 4.694000
v 7.077422 7.314364 4.694000
v 7.046540 7.175062 4.662197
v 7.046540 7.314364 4.662197
v 7.046540 7.175062 4.662197
v 7.046540 7.314364 4.662197
v 7.251167 7.175062 4.464360
v 7.251167 7.314364 4.464360
v 7.251167 7.175062 4.464360
v 7.251167 7.314364 4.464360
v 7.282051 7.175062 4.496157
v 7.282051 7.314364 4.496157
v 7.932053 7.175062 4.507114
v 7.932053 7.314364 4.507114
v 7.963991 7.175062 4.476376
v 7.963991 7.314364 4.476376
v 7.963991 7.175062 4.476376
v 7.963991 7.314364 4.476376
v 8.161835 7.175062 4.680999
v 8.161835 7.314364 4.680999
v 8.161835 7.175062 4.680999
v 8.161835 7.314364 4.680999
v 8.129897 7.175062 4.711742
v 8.129897 7.314364 4.711742
v 8.118939 7.175062 5.361746
v 8.118939 7.314364 5.361746
v 8.149818 7.175062 5.393828
v 8.149818 7.314364 5.393828
v 8.149818 7.175062 5.393828
v 8.149818 7.314364 5.393828
v 7.945190 7.175062 5.591671
v 7.945190 7.314364 5.591671
v 7.945190 7.175062 5.591671
v 7.945190 7.314364 5.591671
v 7.914311 7.175062 5.559588
v 7.914311 7.314364 5.559588
v 7.034523 6.966078 5.375027
v 7.232367 6.966078 5.579655
v 7.034523 7.175062 5.375027
v 7.232367 7.175062 5.579655
v 7.264308 6.966078 5.548632
v 7.914311 6.966078 5.559588
v 7.264308 7.175062 5.548632
v 7.914311 7.175062 5.559588
v 7.945190 6.966078 5.591671
v 8.149818 6.966078 5.393828
v 7.945190 7.175062 5.591671
v 8.149818 7.175062 5.393828
v 8.118939 6.966078 5.361746
v 8.129897 6.966078 4.711742
v 8.118939 7.175062 5.361746
v 8.129897 7.175062 4.711742
v 8.161835 6.966078 4.680999
v 7.963991 6.966078 4.476376
v 8.161835 7.175062 4.680999
v 7.963991 7.175062 4.476376
v 7.932053 6.966078 4.507114
v 7.282051 6.966078 4.496157
v 7.932053 7.175062 4.507114
v 7.282051 7.175062 4.496157
v 7.251167 6.966078 4.464360
v 7.046540 6.966078 4.662197
v 7.251167 7.175062 4.464360
v 7.046540 7.175062 4.662197
v 7.077422 6.966078 4.694000
v 7.066465 6.966078 5.344004
v 7.077422 7.175062 4.694000
v 7.066465 7.175062 5.344004
v 7.264308 6.966078 5.548632
v 7.264308 7.175062 5.548632
v 7.232367 6.966078 5.579655
v 7.232367 7.175062 5.579655
v 7.066465 7.175062 5.344004
v 7.066465 6.966078 5.344004
v 7.034523 7.175062 5.375027
v 7.034523 6.966078 5.375027
v 8.118939 6.966078 5.361746
v 8.118939 7.175062 5.361746
v 8.149818 6.966078 5.393828
v 8.149818 7.175062 5.393828
v 7.914311 7.175062 5.559588
v 7.914311 6.966078 5.559588
v 7.945190 7.175062 5.591671
v 7.945190 6.966078 5.591671
v 7.932053 6.966078 4.507114
v 7.932053 7.175062 4.507114
v 7.963991 6.966078 4.476376
v 7.963991 7.175062 4.476376
v 8.129897 7.175062 4.711742
v 8.129897 6.966078 4.711742
v 8.161835 7.175062 4.680999
v 8.161835 6.966078 4.680999
v 7.077422 6.966078 4.694000
v 7.077422 7.175062 4.694000
v 7.046540 6.966078 4.662197
v 7.046540 7.175062 4.662197
v 7.282051 7.175062 4.496157
v 7.282051 6.966078 4.496157
v 7.251167 7.175062 4.464360
v 7.251167 6.966078 4.464360
v 7.034523 7.592999 5.375027
v 7.232367 7.592999 5.579655
v 7.034523 7.772902 5.375027
v 7.232367 7.772902 5.579655
v 7.066465 7.830986 5.344004
v 7.066465 7.592999 5.344004
v 7.034523 7.772902 5.375027
v 7.034523 7.592999 5.375027
v 7.077422 7.592999 4.694000
v 7.066465 7.592999 5.344004
v 7.077422 7.830986 4.694000
v 7.066465 7.830986 5.344004
v 7.046540 7.592999 4.662197
v 7.077422 7.592999 4.694000
v 7.046540 7.772902 4.662197
v 7.077422 7.830986 4.694000
v 7.251167 7.592999 4.464360
v 7.046540 7.592999 4.662197
v 7.251167 7.772902 4.464360
v 7.046540 7.772902 4.662197
v 7.282051 7.830986 4.496157
v 7.282051 7.592999 4.496157
v 7.251167 7.772902 4.464360
v 7.251167 7.592999 4.464360
v 7.932053 7.592999 4.507114
v 7.282051 7.592999 4.496157
v 7.932053 7.830986 4.507114
v 7.282051 7.830986 4.496157
v 7.963991 7.592999 4.476376
v 7.932053 7.592999 4.507114
v 7.963991 7.772902 4.476376
v 7.932053 7.830986 4.507114
v 8.161835 7.592999 4.680999
v 7.963991 7.592999 4.476376
v 8.161835 7.772902 4.680999
v 7.963991 7.772902 4.476376
v 8.129897 7.830986 4.711742
v 8.129897 7.592999 4.711742
v 8.161835 7.772902 4.680999
v 8.161835 7.592999 4.680999
v 8.118939 7.592999 5.361746
v 8.129897 7.592999 4.711742
v 8.118939 7.830986 5.361746
v 8.129897 7.830986 4.711742
v 8.149818 7.592999 5.393828
v 8.118939 7.592999 5.361746
v 8.149818 7.772902 5.393828
v 8.118939 7.830986 5.361746
v 7.945190 7.592999 5.591671
v 8.149818 7.592999 5.393828
v 7.945190 7.772902 5.591671
v 8.149818 7.772902 5.393828
v 7.914311 7.830986 5.559588
v 7.914311 7.592999 5.559588
v 7.945190 7.772902 5.591671
v 7.945190 7.592999 5.591671
v 7.264308 7.592999 5.548632
v 7.914311 7.592999 5.559588
v 7.264308 7.830986 5.548632
v 7.914311 7.830986 5.559588
v 7.232367 7.592999 5.579655
v 7.264308 7.592999 5.548632
v 7.232367 7.772902 5.579655
v 7.264308 7.830986 5.548632
v 7.034523 7.314364 5.375027
v 7.232367 7.314364 5.579655
v 7.034523 7.453667 5.375027
v 7.232367 7.453667 5.579655
v 7.066465 7.453697 5.344004
v 7.066465 7.314364 5.344004
v 7.034523 7.453667 5.375027
v 7.034523 7.314364 5.375027
v 7.077422 7.314364 4.694000
v 7.066465 7.314364 5.344004
v 7.077422 7.453697 4.694000
v 7.066465 7.453697 5.344004
v 7.046540 7.314364 4.662197
v 7.077422 7.314364 4.694000
v 7.046540 7.453667 4.662197
v 7.077422 7.453697 4.694000
v 7.251167 7.314364 4.464360
v 7.046540 7.314364 4.662197
v 7.251167 7.453667 4.464360
v 7.046540 7.453667 4.662197
v 7.282051 7.453697 4.496157
v 7.282051 7.314364 4.496157
v 7.251167 7.453667 4.464360
v 7.251167 7.314364 4.464360
v 7.932053 7.314364 4.507114
v 7.282051 7.314364 4.496157
v 7.932053 7.453697 4.507114
v 7.282051 7.453697 4.496157
v 7.963991 7.314364 4.476376
v 7.932053 7.314364 4.507114
v 7.963991 7.453667 4.476376
v 7.932053 7.453697 4.507114
v 8.161835 7.314364 4.680999
v 7.963991 7.314364 4.476376
v 8.161835 7.453667 4.680999
v 7.963991 7.453667 4.476376
v 8.129897 7.453697 4.711742
v 8.129897 7.314364 4.711742
v 8.161835 7.453667 4.680999
v 8.161835 7.314364 4.680999
v 8.118939 7.314364 5.361746
v 8.129897 7.314364 4.711742
v 8.118939 7.453697 5.361746
v 8.129897 7.453697 4.711742
v 8.149818 7.314364 5.393828
v 8.118939 7.314364 5.361746
v 8.149818 7.453667 5.393828
v 8.118939 7.453697 5.361746
v 7.945190 7.314364 5.591671
v 8.149818 7.314364 5.393828
v 7.945190 7.453667 5.591671
v 8.149818 7.453667 5.393828
v 7.914311 7.453697 5.559588
v 7.914311 7.314364 5.559588
v 7.945190 7.453667 5.591671
v 7.945190 7.314364 5.591671
v 7.264308 7.314364 5.548632
v 7.914311 7.314364 5.559588
v 7.264308 7.453697 5.548632
v 7.914311 7.453697 5.559588
v 7.232367 7.314364 5.579655
v 7.264308 7.314364 5.548632
v 7.232367 7.453667 5.579655
v 7.264308 7.453697 5.548632
v 7.066465 7.592999 5.344004
v 7.077422 7.592999 4.694000
v 7.124902 7.592999 5.309264
v 7.134655 7.592999 4.730690
v 7.077422 7.453697 4.694000
v 7.066465 7.453697 5.344004
v 7.134655 7.453697 4.730690
v 7.124902 7.453697 5.309264
v 7.282051 7.592999 4.496157
v 7.932053 7.592999 4.507114
v 7.316791 7.592999 4.554594
v 7.895363 7.592999 4.564347
v 7.932053 7.453697 4.507114
v 7.282051 7.453697 4.496157
v 7.895363 7.453697 4.564347
v 7.316791 7.453697 4.554594
v 8.129897 7.592999 4.711742
v 8.118939 7.592999 5.361746
v 8.071465 7.592999 4.746483
v 8.061712 7.592999 5.325055
v 8.118939 7.453697 5.361746
v 8.129897 7.453697 4.711742
v 8.061712 7.453697 5.325055
v 8.071465 7.453697 4.746483
v 7.914311 7.592999 5.559588
v 7.264308 7.592999 5.548632
v 7.879571 7.592999 5.501157
v 7.300999 7.592999 5.491404
v 7.264308 7.453697 5.548632
v 7.914311 7.453697 5.559588
v 7.300999 7.453697 5.491404
v 7.879571 7.453697 5.501157
v 7.066465 7.314364 5.344004
v 7.077422 7.314364 4.694000
v 7.124902 7.314364 5.309264
v 7.134655 7.314364 4.730690
v 7.077422 7.175062 4.694000
v 7.066465 7.175062 5.344004
v 7.134655 7.175062 4.730690
v 7.124902 7.175062 5.309264
v 7.282051 7.314364 4.496157
v 7.932053 7.314364 4.507114
v 7.316791 7.314364 4.554594
v 7.895363 7.314364 4.564347
v 7.932053 7.175062 4.507114
v 7.282051 7.175062 4.496157
v 7.895363 7.175062 4.564347
v 7.316791 7.175062 4.554594
v 8.129897 7.314364 4.711742
v 8.118939 7.314364 5.361746
v 8.071465 7.314364 4.746483
v 8.061712 7.314364 5.325055
v 8.118939 7.175062 5.361746
v 8.129897 7.175062 4.711742
v 8.061712 7.175062 5.325055
v 8.071465 7.175062 4.746483
v 7.914311 7.314364 5.559588
v 7.264308 7.314364 5.548632
v 7.879571 7.314364 5.501157
v 7.300999 7.314364 5.491404
v 7.264308 7.175062 5.548632
v 7.914311 7.175062 5.559588
v 7.300999 7.175062 5.491404
v 7.879571 7.175062 5.501157
v 7.932053 7.453697 4.507114
v 7.895363 7.453697 4.564347
v 8.129897 7.453697 4.711742
v 8.071465 7.453697 4.746483
v 7.895363 7.592999 4.564347
v 7.932053 7.592999 4.507114
v 8.071465 7.592999 4.746483
v 8.129897 7.592999 4.711742
v 7.932053 7.592999 4.507114
v 7.932053 7.453697 4.507114
v 8.129897 7.592999 4.711742
v 8.129897 7.453697 4.711742
v 7.932053 7.175062 4.507114
v 7.895363 7.175062 4.564347
v 8.129897 7.175062 4.711742
v 8.071465 7.175062 4.746483
v 7.895363 7.314364 4.564347
v 7.932053 7.314364 4.507114
v 8.071465 7.314364 4.746483
v 8.129897 7.314364 4.711742
v 7.932053 7.314364 4.507114
v 7.932053 7.175062 4.507114
v 8.129897 7.314364 4.711742
v 8.129897 7.175062 4.711742
v 7.077422 7.175062 4.694000
v 7.134655 7.175062 4.730690
v 7.282051 7.175062 4.496157
v 7.316791 7.175062 4.554594
v 7.134655 7.314364 4.730690
v 7.077422 7.314364 4.694000
v 7.316791 7.314364 4.554594
v 7.282051 7.314364 4.496157
v 7.077422 7.314364 4.694000
v 7.077422 7.175062 4.694000
v 7.282051 7.314364 4.496157
v 7.282051 7.175062 4.496157
v 7.077422 7.453697 4.694000
v 7.134655 7.453697 4.730690
v 7.282051 7.453697 4.496157
v 7.316791 7.453697 4.554594
v 7.134655 7.592999 4.730690
v 7.077422 7.592999 4.694000
v 7.316791 7.592999 4.554594
v 7.282051 7.592999 4.496157
v 7.077422 7.592999 4.694000
v 7.077422 7.453697 4.694000
v 7.282051 7.592999 4.496157
v 7.282051 7.453697 4.496157
v 7.264308 7.592999 5.548632
v 7.264308 7.453697 5.548632
v 7.066465 7.592999 5.344004
v 7.066465 7.453697 5.344004
v 7.264308 7.453697 5.548632
v 7.300999 7.453697 5.491404
v 7.066465 7.453697 5.344004
v 7.124902 7.453697 5.309264
v 7.300999 7.592999 5.491404
v 7.264308 7.592999 5.548632
v 7.124902 7.592999 5.309264
v 7.066465 7.592999 5.344004
v 7.264308 7.314364 5.548632
v 7.264308 7.175062 5.548632
v 7.066465 7.314364 5.344004
v 7.066465 7.175062 5.344004
v 7.264308 7.175062 5.548632
v 7.300999 7.175062 5.491404
v 7.066465 7.175062 5.344004
v 7.124902 7.175062 5.309264
v 7.300999 7.314364 5.491404
v 7.264308 7.314364 5.548632
v 7.124902 7.314364 5.309264
v 7.066465 7.314364 5.344004
v 8.118939 7.175062 5.361746
v 8.061712 7.175062 5.325055
v 7.914311 7.175062 5.559588
v 7.879571 7.175062 5.501157
v 8.061712 7.314364 5.325055
v 8.118939 7.314364 5.361746
v 7.879571 7.314364 5.501157
v 7.914311 7.314364 5.559588
v 8.118939 7.314364 5.361746
v 8.118939 7.175062 5.361746
v 7.914311 7.314364 5.559588
v 7.914311 7.175062 5.559588
v 8.118939 7.453697 5.361746
v 8.061712 7.453697 5.325055
v 7.914311 7.453697 5.559588
v 7.879571 7.453697 5.501157
v 8.061712 7.592999 5.325055
v 8.118939 7.592999 5.361746
v 7.879571 7.592999 5.501157
v 7.914311 7.592999 5.559588
v 8.118939 7.592999 5.361746
v 8.118939 7.453697 5.361746
v 7.914311 7.592999 5.559588
v 7.914311 7.453697 5.559588
vn -0.1949 0.7588 -0.6215
vn -0.1948 0.7588 -0.6215
vn -0.6959 -0.0038 -0.7182
vn -0.6959 0.0038 -0.7182
vn 0.6959 -0.0000 0.7182
vn 0.6224 0.7590 -0.1913
vn 0.7198 -0.0000 -0.6942
vn -0.7197 -0.0000 0.6942
vn 0.1891 0.7604 0.6214
vn 0.1891 0.7603 0.6214
vn 0.1890 0.7604 0.6214
vn 0.6959 -0.0000 0.7181
vn -0.6194 0.7614 0.1914
vn -0.6194 0.7614 0.1913
vn -0.6195 0.7614 0.1913
vn -0.7197 -0.0000 0.6943
vn 0.7197 -0.0000 -0.6943
vn -0.0000 1.0000 0.0022
vn -0.0000 1.0000 -0.0022
vn -0.0000 1.0000 -0.0000
vn 0.0634 0.1783 0.9819
vn 0.0882 0.0294 0.9957
vn 0.0634 0.1782 0.9819
vn 0.1497 0.8068 0.5715
vn 0.1183 -0.0000 0.9930
vn 0.0922 -0.0000 0.9957
vn 0.1077 -0.1216 0.9867
vn 0.1077 -0.1217 0.9867
vn 0.2504 -0.0225 0.9679
vn -0.9920 0.0264 -0.1236
vn -0.9918 0.0038 -0.1279
vn -0.9918 -0.0038 -0.1279
vn -0.9920 0.0265 -0.1236
vn -0.9792 0.1801 -0.0929
vn -0.5700 0.8014 -0.1814
vn -0.5699 0.8014 -0.1814
vn -0.9867 0.0038 -0.1625
vn -0.9817 -0.1280 -0.1408
vn -0.9918 0.0037 -0.1279
vn -0.9507 -0.0453 -0.3067
vn 0.9998 -0.0000 0.0190
vn 0.9998 -0.0000 0.0191
vn 0.9996 -0.0076 0.0278
vn 0.6414 0.7567 0.1263
vn 0.6414 0.7567 0.1264
vn 0.6356 0.7616 0.1262
vn 0.6356 0.7616 0.1263
vn 0.9999 -0.0000 0.0147
vn 0.9999 0.0075 0.0147
vn 0.9999 -0.0000 0.0146
vn 0.7123 -0.7017 0.0142
vn 0.9999 0.0076 0.0147
vn 0.9997 0.0227 0.0059
vn 0.9998 0.0152 0.0147
vn -0.1076 0.7519 -0.6504
vn -0.1111 0.7485 -0.6538
vn -0.1058 0.7579 -0.6437
vn -0.1057 0.7579 -0.6437
vn 0.0063 -0.0077 -1.0000
vn 0.0169 -0.0000 -0.9999
vn 0.0149 -0.0085 -0.9999
vn 0.0168 -0.0000 -0.9999
vn 0.0147 -0.0038 -0.9999
vn 0.0156 -0.7140 -0.6999
vn 0.0156 -0.7140 -0.7000
vn 0.0188 -0.0262 -0.9995
vn 0.0111 -0.0300 -0.9995
vn 0.6528 0.7469 0.1265
vn 0.6528 0.7468 0.1265
vn 0.9991 -0.0151 0.0409
vn 1.0000 0.0076 0.0059
vn 0.7123 -0.7017 0.0143
vn 0.9997 0.0226 0.0059
vn 0.9997 0.0226 -0.0028
vn 1.0000 0.0076 0.0060
vn -0.1112 0.7484 -0.6538
vn -0.1091 0.7400 -0.6637
vn -0.1091 0.7400 -0.6636
vn -0.0079 -0.0180 -0.9998
vn 0.0209 -0.0124 -0.9997
vn 0.0188 -0.0261 -0.9995
vn 0.0209 -0.0125 -0.9997
vn 0.0264 -0.0244 -0.9994
vn 0.1400 -0.0000 0.9902
vn -0.0429 0.0403 0.9983
vn -0.0549 0.0420 0.9976
vn -0.0927 0.0588 0.9940
vn -0.0550 0.0421 0.9976
vn -0.0926 0.0588 0.9940
vn 0.1355 -0.0075 0.9907
vn 0.1349 -0.0149 0.9907
vn 0.2260 -0.0448 0.9731
vn 0.1610 -0.1003 0.9818
vn 0.1694 -0.0937 0.9811
vn 0.1355 -0.0075 0.9908
vn 0.1349 -0.0150 0.9907
vn -0.9845 -0.0000 -0.1754
vn -0.9844 -0.0151 -0.1754
vn -0.9851 -0.0151 -0.1711
vn -0.9969 0.0753 0.0247
vn -0.9984 0.0529 -0.0190
vn -0.9969 0.0754 0.0247
vn -0.9982 0.0604 -0.0059
vn -0.9984 0.0528 -0.0190
vn -0.9982 0.0603 -0.0059
vn -0.9739 -0.1131 -0.1968
vn -0.9851 -0.0152 -0.1711
vn -0.9729 -0.0981 -0.2096
vn -0.9619 -0.0490 -0.2691
vn -0.9728 -0.0980 -0.2097
vn -0.9619 -0.0491 -0.2691
vn 0.9927 -0.0000 -0.1204
vn 0.9946 0.0076 -0.1030
vn 0.9927 -0.0000 -0.1205
vn 0.9946 0.0076 -0.1031
vn 0.6076 0.7741 0.1777
vn 0.6075 0.7741 0.1777
vn 0.9922 -0.0000 -0.1248
vn -0.0071 -0.9996 -0.0285
vn -0.0162 -0.9988 -0.0461
vn 0.7167 -0.6836 -0.1381
vn 0.1560 -0.0000 -0.9878
vn 0.1603 -0.0000 -0.9871
vn 0.1385 0.0076 -0.9903
vn 0.1560 -0.0000 -0.9877
vn 0.1654 -0.6973 -0.6974
vn 0.0449 -0.9988 0.0204
vn 0.0301 -0.9995 0.0070
vn 0.0450 -0.9988 0.0204
vn 0.0301 -0.9995 0.0071
vn -0.4939 0.7257 0.4791
vn -0.4938 0.7256 0.4792
vn -0.7166 -0.0038 0.6974
vn -0.7164 0.0189 0.6974
vn -0.7164 0.0188 0.6974
vn -0.7195 -0.0151 0.6943
vn -0.7193 -0.0226 0.6943
vn -0.7161 -0.0264 0.6975
vn -0.3835 0.8441 0.3748
vn -0.7197 0.0001 0.6943
vn 0.0077 0.9999 -0.0108
vn 0.0153 0.9998 -0.0107
vn -0.7177 0.0527 0.6943
vn -0.7208 0.0528 0.6912
vn -0.7154 0.0415 0.6974
vn -0.7217 0.0377 0.6912
vn -0.7166 0.0038 0.6974
vn -0.7166 0.0037 0.6974
vn -0.7162 -0.0264 0.6974
vn -0.7223 -0.0226 0.6912
vn -0.7154 0.0415 0.6975
vn -0.7119 0.0489 0.7006
vn -0.7073 0.0151 0.7068
vn -0.3306 0.8884 0.3185
vn -0.3306 0.8885 0.3184
vn -0.7044 0.0037 0.7098
vn -0.7043 0.0037 0.7099
vn -0.7166 0.0038 0.6975
vn -0.7042 -0.0113 0.7099
vn -0.6989 -0.0865 0.7099
vn -0.7190 0.0302 0.6943
vn -0.7315 0.0151 0.6816
vn -0.7268 0.0527 0.6849
vn -0.7316 -0.0000 0.6817
vn -0.7318 -0.0000 0.6816
vn -0.7325 -0.0865 0.6753
vn -0.7317 -0.0076 0.6816
vn -0.7224 -0.0226 0.6912
vn -0.7190 0.0301 0.6943
vn -0.3306 0.8884 0.3184
vn -0.7226 -0.0151 0.6911
vn -0.7226 -0.0151 0.6912
vn -0.7225 -0.0151 0.6912
vn -0.7164 -0.0189 0.6974
vn -0.7164 -0.0190 0.6974
vn -0.0150 0.9999 -0.0068
vn 0.0078 0.9999 -0.0108
vn 0.0077 -0.9999 -0.0108
vn -0.0070 -0.9996 -0.0285
vn 0.0150 0.9999 0.0024
vn 0.0151 0.9999 0.0024
vn 0.0152 -0.9999 -0.0063
vn -0.7154 0.0414 0.6975
vn -0.7227 -0.0000 0.6911
vn -0.7227 -0.0000 0.6912
vn -0.7043 -0.0113 0.7099
vn -0.7073 0.0150 0.7068
vn -0.7043 0.0038 0.7099
vn -0.7166 -0.0038 0.6975
vn -0.7316 0.0151 0.6816
vn -0.7317 -0.0075 0.6816
vn -0.7318 -0.0000 0.6815
vn -0.0000 -1.0000 0.0022
vn -0.0000 -1.0000 -0.0022
vn 0.7084 -0.0000 0.7058
vn 0.7083 -0.0000 0.7059
vn 0.0001 1.0000 -0.0022
vn -0.6801 -0.0000 -0.7332
vn -0.6800 -0.0000 -0.7332
vn -0.0001 -1.0000 0.0022
vn -0.0001 1.0000 0.0022
vn 0.6958 -0.0000 0.7182
vn -0.6959 -0.0038 -0.7181
vn -0.6958 0.0037 -0.7182
vn -0.6606 -0.0000 -0.7507
vn -0.6134 -0.0038 -0.7897
vn -0.6605 -0.0000 -0.7508
vn -0.6134 -0.0038 -0.7898
vn 0.7672 -0.0000 0.6414
vn 0.7266 -0.0000 0.6871
vn 0.7236 -0.0000 0.6902
vn 0.7236 -0.0000 0.6903
vn -0.6606 -0.0000 -0.7508
vn -0.6958 0.0038 -0.7182
vn -0.7164 0.0189 0.6975
vn 0.7012 -0.0000 -0.7129
vn 0.5594 0.6276 -0.5415
vn 0.5594 0.6277 -0.5414
vn 0.5593 0.6277 -0.5415
vn 0.5594 0.6276 -0.5414
vn 0.7165 -0.0151 -0.6974
vn 0.7166 -0.0000 -0.6974
vn 0.7167 -0.0000 -0.6974
vn 0.7166 -0.0000 -0.6975
vn 0.5846 -0.5776 -0.5698
vn 0.5846 -0.5775 -0.5699
vn 0.7105 0.0076 -0.7037
vn 0.7105 0.0075 -0.7037
vn 0.5890 -0.5659 -0.5769
vn 0.5891 -0.5659 -0.5769
vn -0.9746 -0.0075 0.2238
vn -0.9726 -0.0075 0.2322
vn -0.9779 -0.0301 0.2067
vn -0.9818 0.1802 0.0600
vn -0.9955 0.0302 0.0901
vn -0.9818 0.1801 0.0599
vn -0.9957 0.0226 0.0901
vn -0.5728 0.8068 0.1449
vn -0.5728 0.8068 0.1448
vn -0.9932 0.0038 0.1161
vn -0.9932 0.0038 0.1162
vn -0.9955 0.0038 0.0944
vn -0.9955 -0.0038 0.0944
vn -0.9955 0.0301 0.0901
vn -0.9869 -0.1205 0.1076
vn -0.9955 0.0037 0.0944
vn -0.9726 -0.0076 0.2322
vn -0.9681 -0.0264 0.2492
vn 0.2792 -0.0151 -0.9601
vn 0.2711 -0.0076 -0.9625
vn 0.2482 -0.0302 -0.9682
vn 0.1215 0.0300 -0.9921
vn 0.1258 -0.0000 -0.9921
vn 0.1215 0.0301 -0.9921
vn 0.1257 -0.0000 -0.9921
vn 0.1216 0.0301 -0.9921
vn 0.0938 0.1841 -0.9784
vn 0.1857 0.8008 -0.5694
vn 0.1858 0.8008 -0.5694
vn 0.1604 -0.0000 -0.9871
vn 0.1399 -0.1286 -0.9818
vn 0.1399 -0.1287 -0.9818
vn 0.3053 -0.0452 -0.9512
vn -0.0102 0.0056 0.9999
vn -0.0081 -0.0000 1.0000
vn -0.0155 0.0041 0.9999
vn -0.0169 -0.0000 0.9999
vn -0.0168 -0.0000 0.9999
vn -0.0282 -0.0065 0.9996
vn -0.1290 0.7548 0.6431
vn -0.1254 0.7582 0.6398
vn -0.1307 0.7630 0.6330
vn -0.1308 0.7630 0.6330
vn -0.0155 0.0042 0.9999
vn -0.0101 -0.7017 0.7124
vn -0.0102 -0.7017 0.7124
vn -0.0154 0.0042 0.9999
vn 0.9997 -0.0000 0.0234
vn 0.9997 -0.0076 0.0234
vn 0.9999 -0.0076 0.0146
vn 0.6500 0.7521 -0.1090
vn 0.6500 0.7521 -0.1089
vn 0.6443 0.7570 -0.1090
vn 0.6442 0.7570 -0.1090
vn 1.0000 -0.0076 0.0059
vn 0.9998 -0.0076 0.0190
vn 0.9999 -0.0075 0.0147
vn 0.7016 -0.7124 0.0140
vn 0.9999 -0.0076 0.0147
vn -0.0101 0.0056 0.9999
vn 0.0006 -0.0000 1.0000
vn -0.0007 0.0067 1.0000
vn -0.1291 0.7548 0.6431
vn -0.1294 0.7462 0.6531
vn -0.0283 -0.0065 0.9996
vn -0.0424 -0.0168 0.9990
vn -0.0204 -0.0026 0.9998
vn -0.0103 0.0113 0.9999
vn -0.0103 0.0114 0.9999
vn 0.9995 -0.0075 0.0322
vn 0.9995 -0.0000 0.0322
vn 0.6614 0.7421 -0.1088
vn 0.9998 -0.0151 -0.0115
vn 0.9997 -0.0075 0.0234
vn 0.9995 -0.0076 0.0321
vn -0.9905 -0.0000 0.1378
vn -0.9985 0.0377 -0.0408
vn -0.9975 0.0452 -0.0539
vn -0.9985 0.0378 -0.0408
vn -0.9938 0.0603 -0.0932
vn -0.9975 0.0453 -0.0539
vn -0.9904 -0.0076 0.1378
vn -0.9903 -0.0151 0.1378
vn -0.9746 -0.0075 0.2237
vn -0.9779 -0.0302 0.2067
vn -0.9736 -0.0453 0.2238
vn -0.9805 -0.0942 0.1724
vn -0.9805 -0.0943 0.1724
vn -0.9903 -0.0152 0.1378
vn 0.1776 -0.0000 -0.9841
vn 0.1726 -0.0151 -0.9849
vn -0.0269 0.0756 -0.9968
vn 0.0149 0.0524 -0.9985
vn -0.0268 0.0756 -0.9968
vn 0.0054 0.0601 -0.9982
vn 0.0054 0.0600 -0.9982
vn 0.1725 -0.0152 -0.9849
vn 0.2481 -0.0302 -0.9683
vn 0.2112 -0.0950 -0.9728
vn 0.2700 -0.0527 -0.9614
vn 0.1227 -0.0000 0.9924
vn 0.1007 0.0075 0.9949
vn 0.1226 -0.0000 0.9925
vn 0.1007 0.0074 0.9949
vn -0.1769 0.7737 0.6083
vn 0.0303 -0.9995 -0.0060
vn 0.0456 -0.9988 -0.0189
vn 0.1394 -0.6852 0.7149
vn 0.1394 -0.6851 0.7150
vn 0.9874 -0.0000 0.1582
vn 0.9874 -0.0000 0.1581
vn 0.9906 0.0075 0.1366
vn 0.6999 -0.6946 0.1663
vn -0.0178 -0.9986 0.0500
vn -0.0080 -0.9996 0.0283
vn -0.0178 -0.9986 0.0499
vn -0.4796 0.7242 -0.4955
vn -0.6956 0.0189 -0.7182
vn -0.6924 -0.0227 -0.7212
vn -0.6954 -0.0264 -0.7182
vn -0.6958 -0.0037 -0.7182
vn -0.3729 0.8431 -0.3875
vn -0.3728 0.8431 -0.3876
vn 0.0150 0.9999 0.0068
vn 0.0074 0.9999 0.0110
vn 0.0074 0.9999 0.0111
vn -0.6942 0.0491 -0.7181
vn -0.6908 0.0529 -0.7211
vn -0.6947 0.0415 -0.7181
vn -0.6917 0.0378 -0.7212
vn -0.6927 -0.0000 -0.7212
vn -0.6985 -0.0265 -0.7151
vn -0.6954 -0.0265 -0.7182
vn -0.6958 0.0113 -0.7182
vn -0.6941 0.0491 -0.7182
vn -0.6946 0.0415 -0.7182
vn -0.7007 0.0453 -0.7120
vn -0.7082 0.0113 -0.7059
vn -0.3218 0.8876 -0.3294
vn -0.3218 0.8877 -0.3294
vn -0.6958 -0.0038 -0.7182
vn -0.7083 0.0038 -0.7059
vn -0.6959 0.0038 -0.7181
vn -0.7082 -0.0113 -0.7059
vn -0.7088 -0.0904 -0.6996
vn -0.6950 0.0339 -0.7182
vn -0.6951 0.0340 -0.7182
vn -0.6830 0.0151 -0.7302
vn -0.6847 0.0490 -0.7272
vn -0.6741 -0.0903 -0.7331
vn -0.6923 -0.0227 -0.7212
vn -0.6800 -0.0076 -0.7332
vn -0.6951 0.0340 -0.7181
vn -0.6926 -0.0152 -0.7212
vn -0.6926 -0.0151 -0.7212
vn -0.6987 -0.0189 -0.7151
vn -0.6988 -0.0189 -0.7151
vn 0.0078 0.9999 -0.0152
vn 0.0150 -0.9999 0.0068
vn -0.0078 0.9999 0.0152
vn 0.0073 -0.9999 0.0110
vn 0.0074 -0.9999 0.0111
vn -0.6917 0.0377 -0.7212
vn -0.6990 -0.0038 -0.7151
vn -0.6924 -0.0226 -0.7212
vn -0.6985 -0.0264 -0.7151
vn -0.6990 0.0038 -0.7151
vn -0.7083 -0.0037 -0.7059
vn -0.7083 0.0037 -0.7059
vn -0.6831 0.0151 -0.7302
vn -0.6800 -0.0075 -0.7332
vn -0.7043 0.0037 0.7098
vn -0.7044 0.0038 0.7098
vn 0.0001 -1.0000 -0.0022
vn 0.7319 0.0001 -0.6814
vn 0.7318 -0.0000 -0.6816
vn 0.7197 -0.0000 -0.6942
vn 0.7196 -0.0000 -0.6943
vn 0.7196 -0.0000 -0.6944
vn 0.7522 -0.0000 -0.6589
vn 0.7884 -0.0000 -0.6151
vn 0.7884 -0.0000 -0.6152
vn -0.6431 -0.0030 0.7658
vn -0.6855 -0.0038 0.7281
vn -0.6430 -0.0038 0.7658
vn -0.6886 -0.0000 0.7251
vn -0.6887 -0.0000 0.7250
vn 0.7114 -0.0000 0.7027
vn 0.5391 0.6324 0.5563
vn 0.6988 -0.0151 0.7151
vn 0.6990 -0.0000 0.7151
vn 0.5720 -0.5778 0.5822
vn 0.7021 -0.0000 0.7121
vn 0.7052 0.0075 0.7090
vn 0.5763 -0.5662 0.5894
vn 0.5763 -0.5661 0.5894
vn -0.2256 -0.0114 -0.9742
vn -0.2342 -0.0076 -0.9722
vn -0.2073 -0.0264 -0.9779
vn -0.2342 -0.0076 -0.9721
vn -0.0608 0.1794 -0.9819
vn -0.0880 0.0301 -0.9957
vn -0.0609 0.1794 -0.9819
vn -0.0880 0.0300 -0.9957
vn -0.1481 0.8071 -0.5715
vn -0.1480 0.8072 -0.5715
vn -0.1481 0.8072 -0.5715
vn -0.1183 -0.0000 -0.9930
vn -0.0922 -0.0000 -0.9957
vn -0.1063 -0.1229 -0.9867
vn -0.0923 -0.0000 -0.9957
vn -0.1063 -0.1230 -0.9867
vn -0.2343 -0.0076 -0.9721
vn -0.2503 -0.0227 -0.9679
vn -0.2504 -0.0227 -0.9679
vn 0.9594 -0.0151 0.2817
vn 0.9631 -0.0076 0.2691
vn 0.9683 -0.0302 0.2480
vn 0.9919 0.0302 0.1236
vn 0.9918 -0.0000 0.1279
vn 0.9792 0.1802 0.0929
vn 0.9792 0.1801 0.0929
vn 0.5700 0.8014 0.1814
vn 0.5699 0.8014 0.1814
vn 0.9867 -0.0000 0.1625
vn 0.9817 -0.1280 0.1408
vn 0.9507 -0.0452 0.3068
vn 0.9507 -0.0453 0.3067
vn -0.9999 0.0076 -0.0103
vn -0.9999 -0.0000 -0.0103
vn -0.9999 0.0076 -0.0147
vn -0.9999 -0.0000 -0.0147
vn -0.9999 -0.0000 -0.0146
vn -0.9998 -0.0000 -0.0191
vn -0.9996 -0.0076 -0.0278
vn -0.6443 0.7543 -0.1264
vn -0.6385 0.7592 -0.1263
vn -0.6327 0.7640 -0.1262
vn -0.9999 0.0075 -0.0147
vn -0.7124 -0.7017 -0.0098
vn -0.9999 0.0075 -0.0146
vn -0.0251 -0.0030 0.9997
vn -0.0212 -0.0076 0.9997
vn -0.0153 -0.0086 0.9998
vn 0.1056 0.7522 0.6504
vn 0.1091 0.7488 0.6538
vn 0.1075 0.7576 0.6438
vn 0.1074 0.7576 0.6438
vn -0.0055 -0.0065 1.0000
vn -0.0212 -0.0075 0.9997
vn -0.0155 -0.0041 0.9999
vn -0.0137 -0.7140 0.7000
vn -0.0155 -0.0042 0.9999
vn -1.0000 -0.0000 -0.0016
vn -1.0000 0.0076 -0.0016
vn -0.6500 0.7493 -0.1265
vn -0.9996 -0.0075 -0.0278
vn -0.9998 -0.0000 -0.0190
vn -0.9990 -0.0151 -0.0409
vn -1.0000 0.0076 -0.0059
vn -1.0000 0.0075 -0.0059
vn -0.0330 -0.0067 0.9994
vn -0.0343 -0.0000 0.9994
vn -0.0125 -0.0000 0.9999
vn 0.1107 0.7398 0.6637
vn 0.1108 0.7397 0.6637
vn -0.0055 -0.0066 1.0000
vn 0.0105 -0.0137 0.9999
vn -0.0234 -0.0113 0.9997
vn -0.0234 -0.0114 0.9997
vn -0.1400 -0.0000 -0.9902
vn 0.0450 0.0389 -0.9982
vn 0.0562 0.0408 -0.9976
vn 0.0940 0.0570 -0.9939
vn 0.0563 0.0408 -0.9976
vn -0.1355 -0.0076 -0.9908
vn -0.1349 -0.0152 -0.9907
vn -0.2252 -0.0488 -0.9731
vn -0.1706 -0.0913 -0.9811
vn -0.2072 -0.0264 -0.9779
vn 0.9845 -0.0000 0.1754
vn 0.9844 -0.0151 0.1754
vn 0.9851 -0.0151 0.1711
vn 0.9969 0.0753 -0.0247
vn 0.9984 0.0529 0.0190
vn 0.9969 0.0754 -0.0247
vn 0.9982 0.0604 0.0059
vn 0.9984 0.0528 0.0190
vn 0.9982 0.0603 0.0059
vn 0.9851 -0.0152 0.1711
vn 0.9729 -0.0979 0.2096
vn 0.9729 -0.0979 0.2097
vn 0.9620 -0.0453 0.2691
vn -0.9927 0.0038 0.1205
vn -0.9946 0.0073 0.1033
vn -0.9946 0.0076 0.1031
vn -0.6067 0.7748 -0.1776
vn -0.6067 0.7748 -0.1777
vn -0.9922 -0.0000 0.1248
vn -0.9922 -0.0000 0.1249
vn 0.0071 -0.9996 0.0285
vn 0.0200 -0.9987 0.0462
vn -0.7141 -0.6863 0.1382
vn -0.7141 -0.6863 0.1381
vn -0.1560 0.0037 0.9878
vn -0.1603 0.0037 0.9871
vn -0.1382 0.0111 0.9903
vn -0.1382 0.0112 0.9903
vn -0.1560 0.0038 0.9878
vn -0.1633 -0.6977 0.6975
vn -0.1633 -0.6978 0.6975
vn -0.1633 -0.6978 0.6974
vn -0.0449 -0.9988 -0.0204
vn -0.0301 -0.9995 -0.0070
vn -0.0450 -0.9988 -0.0204
vn -0.0301 -0.9995 -0.0071
vn 0.4960 0.7242 -0.4790
vn 0.7165 0.0151 -0.6974
vn 0.7165 0.0152 -0.6974
vn 0.7196 -0.0076 -0.6943
vn 0.7193 -0.0226 -0.6943
vn 0.7163 -0.0227 -0.6974
vn 0.7196 -0.0075 -0.6943
vn 0.3892 0.8415 -0.3747
vn -0.0077 0.9999 0.0108
vn -0.0153 0.9998 0.0107
vn 0.7177 0.0528 -0.6943
vn 0.7207 0.0529 -0.6912
vn 0.7156 0.0378 -0.6975
vn 0.7217 0.0378 -0.6912
vn 0.7223 -0.0227 -0.6912
vn 0.7196 0.0076 -0.6943
vn 0.7121 0.0453 -0.7006
vn 0.7073 0.0151 -0.7068
vn 0.3292 0.8890 -0.3184
vn 0.3292 0.8889 -0.3185
vn 0.7043 -0.0000 -0.7099
vn 0.7044 -0.0000 -0.7098
vn 0.7163 -0.0227 -0.6975
vn 0.7043 -0.0076 -0.7099
vn 0.6984 -0.0904 -0.7100
vn 0.7190 0.0302 -0.6943
vn 0.7316 0.0151 -0.6816
vn 0.7268 0.0529 -0.6848
vn 0.7208 0.0528 -0.6912
vn 0.7318 -0.0000 -0.6815
vn 0.7320 -0.0904 -0.6753
vn 0.7193 -0.0227 -0.6943
vn 0.7317 -0.0076 -0.6816
vn 0.3292 0.8889 -0.3184
vn 0.7225 -0.0151 -0.6912
vn 0.7226 -0.0151 -0.6912
vn 0.7165 -0.0151 -0.6975
vn -0.0077 -0.9999 0.0108
vn 0.0070 -0.9996 0.0285
vn -0.0150 0.9999 -0.0024
vn -0.0153 0.9998 0.0106
vn -0.0151 0.9999 -0.0024
vn -0.0152 -0.9999 0.0063
vn 0.7227 -0.0000 -0.6912
vn 0.7043 -0.0075 -0.7098
vn 0.7315 0.0151 -0.6816
vn 0.7317 -0.0075 -0.6816
vn 0.7317 -0.0000 -0.6816
vn 0.7227 -0.0000 -0.6911
vn 0.6800 -0.0000 0.7332
vn -0.6959 -0.0037 -0.7182
vn 0.6606 -0.0000 0.7508
vn 0.6135 -0.0000 0.7897
vn 0.6605 -0.0000 0.7508
vn 0.6134 -0.0000 0.7898
vn -0.7672 -0.0029 -0.6414
vn -0.7266 -0.0000 -0.6871
vn -0.7672 -0.0038 -0.6414
vn -0.7236 -0.0038 -0.6902
vn 0.6606 -0.0000 0.7507
vn 0.7165 0.0151 -0.6975
vn -0.7012 -0.0000 0.7129
vn -0.7013 -0.0000 0.7129
vn -0.5573 0.6294 0.5415
vn -0.5573 0.6295 0.5415
vn -0.7163 -0.0189 0.6975
vn -0.5826 -0.5795 0.5699
vn -0.5825 -0.5795 0.5699
vn -0.7105 -0.0000 0.7037
vn -0.7105 0.0075 0.7037
vn -0.5923 -0.5625 0.5768
vn -0.7167 0.0037 0.6974
vn 0.9746 -0.0075 -0.2238
vn 0.9726 -0.0076 -0.2323
vn 0.9779 -0.0302 -0.2067
vn 0.9726 -0.0076 -0.2322
vn 0.9818 0.1802 -0.0600
vn 0.9955 0.0303 -0.0901
vn 0.9818 0.1801 -0.0599
vn 0.9957 0.0227 -0.0901
vn 0.5728 0.8068 -0.1449
vn 0.5728 0.8068 -0.1448
vn 0.9932 -0.0000 -0.1162
vn 0.9932 -0.0000 -0.1161
vn 0.9955 -0.0000 -0.0944
vn 0.9957 0.0226 -0.0901
vn 0.9955 0.0302 -0.0901
vn 0.9869 -0.1205 -0.1076
vn 0.9682 -0.0226 -0.2492
vn 0.9682 -0.0227 -0.2492
vn -0.2792 -0.0150 0.9601
vn -0.2710 -0.0113 0.9625
vn -0.2482 -0.0299 0.9682
vn -0.1217 0.0294 0.9921
vn -0.1258 -0.0000 0.9921
vn -0.1257 -0.0000 0.9921
vn -0.1217 0.0295 0.9921
vn -0.0985 0.1820 0.9783
vn -0.0985 0.1820 0.9784
vn -0.1836 0.8012 0.5695
vn -0.1837 0.8012 0.5695
vn -0.1837 0.8012 0.5694
vn -0.1413 -0.1273 0.9818
vn -0.1412 -0.1273 0.9818
vn -0.3060 -0.0411 0.9512
vn -0.3059 -0.0412 0.9512
vn 0.0090 0.0038 -1.0000
vn 0.0090 -0.0038 -1.0000
vn 0.0147 0.0038 -0.9999
vn 0.0274 -0.0077 -0.9996
vn 0.1294 0.7547 -0.6431
vn 0.1274 0.7579 -0.6398
vn 0.1274 0.7635 -0.6331
vn 0.0149 0.0085 -0.9999
vn 0.0102 -0.7017 -0.7124
vn 0.0101 -0.7017 -0.7124
vn -0.9997 -0.0000 -0.0234
vn -0.9997 -0.0076 -0.0234
vn -0.9999 -0.0076 -0.0147
vn -0.6500 0.7521 0.1089
vn -0.6443 0.7570 0.1090
vn -0.6442 0.7570 0.1090
vn -1.0000 -0.0076 -0.0059
vn -0.9998 -0.0076 -0.0190
vn -0.9999 -0.0075 -0.0146
vn -0.7017 -0.7124 -0.0096
vn -0.7017 -0.7124 -0.0097
vn -0.9999 -0.0076 -0.0146
vn -0.0006 -0.0000 -1.0000
vn 0.0011 0.0076 -1.0000
vn 0.1315 0.7458 -0.6530
vn 0.0436 -0.0147 -0.9989
vn 0.0212 -0.0000 -0.9998
vn 0.0063 0.0077 -1.0000
vn 0.0062 0.0077 -1.0000
vn -0.9997 -0.0075 -0.0234
vn -0.9995 -0.0076 -0.0321
vn -0.9995 -0.0000 -0.0321
vn -0.6500 0.7521 0.1090
vn -0.6614 0.7421 0.1087
vn -0.6614 0.7421 0.1088
vn -1.0000 -0.0075 -0.0059
vn -0.9998 -0.0151 0.0116
vn -0.9998 -0.0076 -0.0191
vn -0.9997 -0.0076 -0.0235
vn -0.9995 -0.0076 -0.0322
vn 0.9905 -0.0000 -0.1378
vn 0.9985 0.0377 0.0408
vn 0.9975 0.0453 0.0539
vn 0.9985 0.0378 0.0408
vn 0.9938 0.0603 0.0932
vn 0.9904 -0.0076 -0.1378
vn 0.9903 -0.0151 -0.1378
vn 0.9746 -0.0076 -0.2238
vn 0.9736 -0.0453 -0.2237
vn 0.9809 -0.0905 -0.1724
vn -0.1775 0.0037 0.9841
vn -0.1726 -0.0149 0.9849
vn 0.0225 0.0779 0.9967
vn -0.0150 0.0524 0.9985
vn -0.0095 0.0607 0.9981
vn -0.1775 0.0038 0.9841
vn -0.2482 -0.0299 0.9683
vn -0.2117 -0.0940 0.9728
vn -0.2708 -0.0485 0.9614
vn -0.1227 -0.0000 -0.9924
vn -0.1004 0.0114 -0.9949
vn -0.1226 -0.0000 -0.9925
vn 0.1790 0.7733 -0.6083
vn 0.1791 0.7733 -0.6083
vn -0.0303 -0.9995 0.0060
vn -0.0456 -0.9988 0.0189
vn -0.1399 -0.6850 -0.7149
vn -0.1399 -0.6850 -0.7150
vn -0.9874 -0.0000 -0.1582
vn -0.9906 0.0076 -0.1365
vn -0.9906 0.0076 -0.1366
vn -0.6999 -0.6946 -0.1663
vn 0.0216 -0.9985 -0.0499
vn 0.0080 -0.9996 -0.0283
vn 0.4806 0.7236 0.4955
vn 0.4805 0.7236 0.4955
vn 0.6957 0.0151 0.7182
vn 0.6958 -0.0075 0.7182
vn 0.6924 -0.0226 0.7212
vn 0.6955 -0.0226 0.7182
vn 0.6958 -0.0076 0.7182
vn 0.3707 0.8441 0.3875
vn -0.0074 0.9999 -0.0110
vn -0.0073 0.9999 -0.0110
vn 0.6939 0.0527 0.7182
vn 0.6908 0.0528 0.7212
vn 0.6949 0.0377 0.7181
vn 0.6917 0.0377 0.7212
vn 0.6927 -0.0000 0.7212
vn 0.6986 -0.0227 0.7151
vn 0.6958 0.0076 0.7182
vn 0.7007 0.0452 0.7121
vn 0.7082 0.0151 0.7059
vn 0.3196 0.8884 0.3294
vn 0.3196 0.8885 0.3294
vn 0.6987 -0.0227 0.7151
vn 0.6955 -0.0227 0.7181
vn 0.7083 -0.0076 0.7059
vn 0.7088 -0.0903 0.6996
vn 0.6958 0.0075 0.7182
vn 0.6952 0.0302 0.7182
vn 0.6830 0.0151 0.7302
vn 0.6844 0.0527 0.7272
vn 0.6741 -0.0902 0.7331
vn 0.6800 -0.0075 0.7332
vn 0.3197 0.8885 0.3293
vn 0.6926 -0.0151 0.7212
vn -0.0078 0.9999 0.0151
vn -0.0150 -0.9999 -0.0068
vn -0.0074 0.9999 -0.0111
vn -0.0074 -0.9999 -0.0111
vn 0.6986 -0.0226 0.7151
vn 0.7083 -0.0075 0.7059
vn 0.6800 -0.0000 0.7333
vn 0.6800 -0.0076 0.7332
vn 0.6799 -0.0000 0.7333
vn -0.7319 0.0001 0.6815
vn -0.7317 -0.0000 0.6816
vn -0.7196 -0.0000 0.6944
vn -0.7522 -0.0038 0.6589
vn -0.7884 -0.0000 0.6152
vn -0.7884 -0.0000 0.6151
vn 0.6431 -0.0000 -0.7658
vn 0.6855 -0.0000 -0.7280
vn 0.6430 -0.0000 -0.7658
vn 0.6886 -0.0000 -0.7251
vn 0.6887 -0.0000 -0.7250
vn 0.6855 -0.0000 -0.7281
vn -0.7522 -0.0038 0.6590
vn 0.6957 0.0151 0.7181
vn -0.7114 -0.0038 -0.7028
vn -0.5440 0.6280 -0.5564
vn -0.5440 0.6281 -0.5564
vn -0.6987 -0.0189 -0.7152
vn -0.6990 -0.0037 -0.7151
vn -0.6990 0.0037 -0.7151
vn -0.5714 -0.5784 -0.5822
vn -0.7021 -0.0000 -0.7121
vn -0.7052 0.0076 -0.7090
vn -0.7021 -0.0000 -0.7120
vn -0.7052 0.0075 -0.7090
vn -0.5756 -0.5668 -0.5894
vn -0.7198 -0.0000 0.6942
vn -0.6959 0.0037 -0.7182
vn -0.0166 0.6502 0.7596
vn -0.0165 0.6502 0.7596
vn 0.0147 0.6502 -0.7596
vn 0.7583 0.6517 0.0150
vn 0.7583 0.6518 0.0150
vn -0.7583 0.6517 -0.0149
vn -0.7583 0.6517 -0.0150
vn -0.5226 0.6896 0.5013
vn 0.5054 0.6896 0.5186
vn -0.5015 0.6925 -0.5186
vn 0.5217 0.6903 -0.5013
vn -0.0086 0.6795 0.7336
vn -0.0086 0.6796 0.7336
vn 0.4805 0.7235 0.4956
vn 0.4806 0.7235 0.4955
vn 0.7332 0.6799 0.0145
vn 0.4960 0.7242 -0.4791
vn 0.0143 0.6796 -0.7335
vn 0.0142 0.6795 -0.7335
vn -0.7332 0.6799 -0.0102
vn 0.6958 -0.0000 0.7183
vn -0.5706 0.6079 0.5521
vn -0.5706 0.6079 0.5522
vn -0.5706 0.6080 0.5520
vn 0.5489 0.6104 0.5710
vn 0.5489 0.6105 0.5710
vn 0.5727 0.6060 -0.5521
vn 0.5726 0.6060 -0.5521
vn -0.5538 0.6060 -0.5711
vn -0.5537 0.6060 -0.5711
vn -0.7167 0.0038 0.6974
vn -0.6927 -0.0000 -0.7213
vn -0.6926 -0.0000 -0.7213
vn -0.6928 -0.0000 -0.7212
vt 0.216041 0.945567
vt 0.220331 0.950025
vt 0.216041 0.962665
vt 0.541653 0.965930
vt 0.537901 0.965930
vt 0.541195 0.950477
vt 0.985334 0.286566
vt 0.985334 0.293243
vt 0.982157 0.289666
vt 0.982157 0.350655
vt 0.982157 0.343979
vt 0.985333 0.347078
vt 0.003838 0.945241
vt 0.008117 0.949703
vt 0.003838 0.962374
vt 0.805895 0.356670
vt 0.809646 0.356781
vt 0.805895 0.372129
vt 0.985334 0.300919
vt 0.985334 0.307596
vt 0.982157 0.304019
vt 0.982157 0.393714
vt 0.982157 0.387038
vt 0.985333 0.390138
vt 0.031618 0.579700
vt 0.035884 0.584167
vt 0.031618 0.596869
vt 0.961391 0.313568
vt 0.965061 0.312786
vt 0.965061 0.328585
vt 0.985333 0.358332
vt 0.985333 0.365008
vt 0.982157 0.361431
vt 0.982157 0.379361
vt 0.982157 0.372685
vt 0.985333 0.375785
vt 0.079234 0.944875
vt 0.083512 0.949337
vt 0.079234 0.962008
vt 0.932961 0.949894
vt 0.936632 0.949112
vt 0.936632 0.964912
vt 0.985334 0.329626
vt 0.985334 0.336302
vt 0.982157 0.332725
vt 0.982157 0.321949
vt 0.982157 0.315273
vt 0.985334 0.318372
vt 0.456499 0.873533
vt 0.468260 0.873533
vt 0.462380 0.898407
vt 0.527408 0.174245
vt 0.550262 0.188359
vt 0.527408 0.199804
vt 0.880994 0.257355
vt 0.892439 0.254649
vt 0.892439 0.280208
vt 0.442483 0.173056
vt 0.465336 0.187170
vt 0.442483 0.198615
vt 0.873714 0.654044
vt 0.873714 0.679603
vt 0.862270 0.676897
vt 0.993525 0.147987
vt 0.584332 0.199647
vt 0.561479 0.185533
vt 0.584332 0.174088
vt 0.887271 0.654044
vt 0.893152 0.678917
vt 0.881391 0.678917
vt 0.993525 0.155663
vt 0.413060 0.198615
vt 0.413060 0.171755
vt 0.434806 0.185185
vt 0.864646 0.924827
vt 0.865261 0.938793
vt 0.854417 0.936387
vt 0.854269 0.938793
vt 0.914671 0.385858
vt 0.909723 0.412699
vt 0.909723 0.375593
vt 0.796132 0.632102
vt 0.810665 0.655709
vt 0.796132 0.667784
vt 0.336744 0.331990
vt 0.336579 0.255934
vt 0.358375 0.331990
vt 0.358624 0.255501
vt 0.600706 0.059455
vt 0.600529 0.003838
vt 0.611521 0.061510
vt 0.611521 0.003884
vt 0.812008 0.624244
vt 0.809723 0.624405
vt 0.812008 0.613235
vt 0.808147 0.616842
vt 0.755797 0.443183
vt 0.762471 0.443017
vt 0.755797 0.453702
vt 0.764124 0.454292
vt 0.629981 0.003838
vt 0.629795 0.059409
vt 0.619197 0.003885
vt 0.619197 0.061512
vt 0.760991 0.934920
vt 0.769733 0.923992
vt 0.769733 0.941234
vt 0.474323 0.906083
vt 0.476005 0.922784
vt 0.474323 0.924554
vt 0.710223 0.161731
vt 0.726723 0.179676
vt 0.710223 0.188455
vt 0.728900 0.191344
vt 0.174373 0.364800
vt 0.153273 0.364800
vt 0.174493 0.288802
vt 0.152979 0.288312
vt 0.486685 0.969356
vt 0.484399 0.969177
vt 0.488260 0.962164
vt 0.484399 0.958372
vt 0.839766 0.272933
vt 0.846440 0.273096
vt 0.838043 0.283635
vt 0.846440 0.283206
vt 0.850766 0.142775
vt 0.848262 0.142781
vt 0.850766 0.085341
vt 0.848262 0.085347
vt 0.982157 0.623391
vt 0.982157 0.618646
vt 0.984660 0.623384
vt 0.984660 0.618640
vt 0.203759 0.943296
vt 0.203213 0.961057
vt 0.200246 0.943188
vt 0.200246 0.962142
vt 0.378835 0.945392
vt 0.382357 0.933411
vt 0.384479 0.952129
vt 0.384479 0.934598
vt 0.176278 0.280626
vt 0.167259 0.280626
vt 0.176246 0.204569
vt 0.167457 0.204564
vt 0.382450 0.990396
vt 0.382450 0.981908
vt 0.385965 0.990396
vt 0.385965 0.981908
vt 0.636428 0.991192
vt 0.636428 0.982077
vt 0.638671 0.990253
vt 0.638926 0.981909
vt 0.963775 0.043746
vt 0.964277 0.061173
vt 0.960764 0.042612
vt 0.960764 0.061274
vt 0.984649 0.655929
vt 0.984649 0.660673
vt 0.982156 0.655922
vt 0.982156 0.660666
vt 0.950013 0.453331
vt 0.953531 0.465296
vt 0.947896 0.454506
vt 0.947896 0.471995
vt 0.852527 0.464037
vt 0.855020 0.464043
vt 0.852527 0.521471
vt 0.855020 0.521477
vt 0.360068 0.990680
vt 0.360068 0.981908
vt 0.363582 0.990680
vt 0.363582 0.981908
vt 0.628752 0.982031
vt 0.628752 0.991211
vt 0.626263 0.981909
vt 0.626502 0.990313
vt 0.062640 0.968456
vt 0.062640 0.950687
vt 0.064901 0.967376
vt 0.065291 0.950548
vt 0.984142 0.756784
vt 0.984130 0.761528
vt 0.982157 0.756690
vt 0.982232 0.761528
vt 0.015179 0.982328
vt 0.014772 0.994808
vt 0.013370 0.981909
vt 0.013370 0.993808
vt 0.504390 0.662734
vt 0.504390 0.738796
vt 0.502667 0.662738
vt 0.502493 0.738801
vt 0.592007 0.820237
vt 0.592007 0.877671
vt 0.590110 0.820242
vt 0.590110 0.877676
vt 0.828546 0.981909
vt 0.828546 0.990397
vt 0.825883 0.981909
vt 0.825883 0.990397
vt 0.787926 0.981908
vt 0.787705 0.991016
vt 0.785995 0.981990
vt 0.785995 0.991693
vt 0.319606 0.879643
vt 0.319606 0.822209
vt 0.321496 0.879648
vt 0.321496 0.822214
vt 0.151134 0.969512
vt 0.151134 0.952078
vt 0.153785 0.969653
vt 0.153395 0.953161
vt 0.982169 0.774044
vt 0.982157 0.769299
vt 0.984059 0.774044
vt 0.984136 0.769205
vt 0.003838 0.994731
vt 0.003838 0.982259
vt 0.005693 0.993502
vt 0.005656 0.981908
vt 0.689900 0.981909
vt 0.689900 0.990680
vt 0.687236 0.981909
vt 0.687236 0.990680
vt 0.982157 0.224668
vt 0.983705 0.215620
vt 0.983705 0.225682
vt 0.747693 0.981908
vt 0.749559 0.982440
vt 0.747693 0.992033
vt 0.514161 0.981918
vt 0.518906 0.981908
vt 0.514161 0.988463
vt 0.516411 0.988587
vt 0.918157 0.951171
vt 0.925285 0.932475
vt 0.925285 0.951344
vt 0.949554 0.507651
vt 0.954196 0.511900
vt 0.949554 0.527612
vt 0.804632 0.521471
vt 0.804632 0.464037
vt 0.811449 0.519391
vt 0.811177 0.464050
vt 0.329579 0.963840
vt 0.329579 0.953316
vt 0.335948 0.963977
vt 0.335948 0.957055
vt 0.946828 0.773027
vt 0.946828 0.762541
vt 0.953528 0.769921
vt 0.953620 0.764702
vt 0.810568 0.085534
vt 0.810568 0.142968
vt 0.803990 0.085548
vt 0.803703 0.140836
vt 0.953087 0.042612
vt 0.953087 0.063119
vt 0.947978 0.046054
vt 0.958371 0.134987
vt 0.952425 0.131026
vt 0.958371 0.119075
vt 0.476899 0.981908
vt 0.481643 0.981918
vt 0.479361 0.988616
vt 0.481643 0.988497
vt 0.939151 0.762541
vt 0.939151 0.773158
vt 0.932328 0.764805
vt 0.932419 0.770153
vt 0.658126 0.953767
vt 0.658126 0.963882
vt 0.651758 0.957480
vt 0.651757 0.964025
vt 0.995919 0.118526
vt 0.993682 0.118244
vt 0.995919 0.115556
vt 0.993525 0.115304
vt 0.843546 0.937959
vt 0.845810 0.950610
vt 0.839869 0.937212
vt 0.839869 0.953376
vt 0.380175 0.842562
vt 0.380252 0.787219
vt 0.383219 0.842703
vt 0.383219 0.787082
vt 0.529706 0.963784
vt 0.530221 0.971896
vt 0.526752 0.962231
vt 0.526457 0.971896
vt 0.982157 0.572653
vt 0.982157 0.568325
vt 0.985826 0.571814
vt 0.985848 0.567560
vt 0.115348 0.732337
vt 0.115427 0.787628
vt 0.112369 0.732202
vt 0.112369 0.787776
vt 0.995794 0.085541
vt 0.993525 0.085819
vt 0.995953 0.082587
vt 0.993525 0.082837
vt 0.982157 0.533161
vt 0.982157 0.528633
vt 0.985845 0.533932
vt 0.985821 0.529487
vt 0.248576 0.991051
vt 0.249123 0.983468
vt 0.252339 0.991051
vt 0.252068 0.981909
vt 0.953675 0.288510
vt 0.953714 0.310386
vt 0.950599 0.287885
vt 0.950599 0.311035
vt 0.938641 0.141299
vt 0.938641 0.119423
vt 0.944691 0.140951
vt 0.944748 0.119075
vt 0.651759 0.921190
vt 0.651757 0.899314
vt 0.661531 0.921190
vt 0.661532 0.899314
vt 0.695711 0.787427
vt 0.673835 0.787424
vt 0.695711 0.762022
vt 0.673835 0.762020
vt 0.337442 0.003838
vt 0.359318 0.003838
vt 0.337442 0.080327
vt 0.359318 0.080327
vt 0.943748 0.782223
vt 0.943748 0.804099
vt 0.937444 0.781881
vt 0.937541 0.803756
vt 0.673836 0.852569
vt 0.673835 0.830694
vt 0.687842 0.852570
vt 0.687847 0.830694
vt 0.151212 0.372477
vt 0.173161 0.372477
vt 0.151208 0.420770
vt 0.173168 0.420772
vt 0.448494 0.936827
vt 0.448495 0.958703
vt 0.446250 0.936827
vt 0.446250 0.958703
vt 0.954889 0.074285
vt 0.954931 0.088290
vt 0.948850 0.074303
vt 0.945200 0.088290
vt 0.638525 0.905370
vt 0.630405 0.905370
vt 0.641233 0.881144
vt 0.630403 0.881144
vt 0.183981 0.464193
vt 0.183954 0.387703
vt 0.194785 0.464193
vt 0.194785 0.387703
vt 0.858442 0.133660
vt 0.858447 0.085341
vt 0.862152 0.133644
vt 0.862152 0.085350
vt 0.596336 0.981908
vt 0.598580 0.981918
vt 0.596336 0.991650
vt 0.598612 0.991754
vt 0.749998 0.362788
vt 0.749998 0.370848
vt 0.743326 0.362728
vt 0.743326 0.370848
vt 0.985073 0.488333
vt 0.985073 0.493697
vt 0.982168 0.487091
vt 0.982157 0.493698
vt 0.982156 0.450848
vt 0.982168 0.444242
vt 0.985124 0.449605
vt 0.985124 0.444242
vt 0.828282 0.076298
vt 0.818547 0.076298
vt 0.824602 0.062300
vt 0.818582 0.062286
vt 0.082945 0.802985
vt 0.082945 0.851307
vt 0.079235 0.802995
vt 0.079234 0.851290
vt 0.536536 0.991774
vt 0.536569 0.981918
vt 0.538814 0.991653
vt 0.538814 0.981908
vt 0.700280 0.362729
vt 0.706952 0.362728
vt 0.700280 0.370849
vt 0.706952 0.370788
vt 0.880660 0.053438
vt 0.880660 0.077664
vt 0.869829 0.053437
vt 0.872540 0.077663
vt 0.442697 0.003838
vt 0.453528 0.003838
vt 0.442697 0.080327
vt 0.453502 0.080327
vt 0.345899 0.965337
vt 0.345899 0.957283
vt 0.352268 0.965337
vt 0.352268 0.957040
vt 0.880912 0.198980
vt 0.880912 0.190926
vt 0.887281 0.199241
vt 0.887281 0.190926
vt 0.447162 0.972796
vt 0.442467 0.973048
vt 0.448495 0.966380
vt 0.442467 0.966734
vt 0.126884 0.991641
vt 0.127213 0.983351
vt 0.130223 0.991748
vt 0.130223 0.981909
vt 0.302243 0.988113
vt 0.297551 0.988095
vt 0.302614 0.981909
vt 0.296593 0.981909
vt 0.061139 0.990324
vt 0.060806 0.982016
vt 0.064141 0.991771
vt 0.064141 0.981908
vt 0.950448 0.150657
vt 0.950448 0.172533
vt 0.945816 0.150645
vt 0.945816 0.172544
vt 0.689641 0.938137
vt 0.689641 0.916261
vt 0.694273 0.938154
vt 0.694273 0.916245
vt 0.810706 0.748283
vt 0.810706 0.690657
vt 0.816746 0.743625
vt 0.816746 0.695305
vt 0.593133 0.960553
vt 0.593133 0.970284
vt 0.588500 0.966606
vt 0.588501 0.970286
vt 0.046884 0.958723
vt 0.046884 0.968465
vt 0.042252 0.958719
vt 0.042252 0.962404
vt 0.811936 0.291366
vt 0.811936 0.348994
vt 0.805896 0.296013
vt 0.805895 0.344334
vt 0.277447 0.968243
vt 0.277447 0.958499
vt 0.282079 0.962182
vt 0.282079 0.958496
vt 0.555594 0.969131
vt 0.555594 0.959395
vt 0.560226 0.969132
vt 0.560226 0.965447
vt 0.960762 0.150671
vt 0.960762 0.172569
vt 0.958125 0.150645
vt 0.958125 0.172595
vt 0.472606 0.955715
vt 0.472606 0.933805
vt 0.475242 0.955740
vt 0.475242 0.933780
vt 0.079234 0.907303
vt 0.079234 0.858984
vt 0.081871 0.907303
vt 0.081871 0.858984
vt 0.996161 0.037991
vt 0.996161 0.041672
vt 0.993525 0.037991
vt 0.993525 0.041697
vt 0.982157 0.952534
vt 0.982157 0.948849
vt 0.984793 0.952559
vt 0.984793 0.948849
vt 0.115005 0.858750
vt 0.115005 0.907071
vt 0.112369 0.858750
vt 0.112369 0.907071
vt 0.982156 0.907010
vt 0.982157 0.903323
vt 0.984793 0.907010
vt 0.984793 0.903297
vt 0.984793 0.914712
vt 0.984793 0.918397
vt 0.982157 0.914687
vt 0.982157 0.918397
vt 0.182001 0.988309
vt 0.182011 0.981940
vt 0.185351 0.991684
vt 0.185351 0.981908
vt 0.218831 0.981937
vt 0.218845 0.988306
vt 0.215494 0.981908
vt 0.215494 0.991681
vt 0.844851 0.508415
vt 0.844851 0.535693
vt 0.840177 0.509435
vt 0.842904 0.539453
vt 0.922348 0.364157
vt 0.922348 0.336879
vt 0.924294 0.367916
vt 0.927022 0.337899
vt 0.798114 0.291370
vt 0.798218 0.367859
vt 0.793880 0.291366
vt 0.793880 0.367854
vt 0.233346 0.758728
vt 0.233451 0.682239
vt 0.237684 0.758724
vt 0.237684 0.682235
vt 0.544868 0.291370
vt 0.553622 0.291366
vt 0.544831 0.367368
vt 0.553813 0.367368
vt 0.202462 0.387703
vt 0.204687 0.387708
vt 0.202463 0.463706
vt 0.204687 0.463712
vt 0.405384 0.199804
vt 0.402428 0.199802
vt 0.405384 0.003838
vt 0.402265 0.006791
vt 0.026338 0.196849
vt 0.004462 0.196858
vt 0.026989 0.003838
vt 0.003838 0.003838
vt 0.459536 0.403455
vt 0.456619 0.403446
vt 0.459698 0.210434
vt 0.456619 0.207481
vt 0.382832 0.003838
vt 0.382832 0.199804
vt 0.378752 0.006757
vt 0.378752 0.199804
vt 0.379262 0.403446
vt 0.379262 0.207481
vt 0.382832 0.403446
vt 0.382832 0.210399
vt 0.962607 0.103365
vt 0.968564 0.104932
vt 0.962607 0.109972
vt 0.968715 0.109624
vt 0.802007 0.680163
vt 0.796132 0.682416
vt 0.802182 0.675461
vt 0.796132 0.675810
vt 0.178579 0.003838
vt 0.178579 0.196885
vt 0.156702 0.003840
vt 0.156702 0.196887
vt 0.245361 0.555933
vt 0.245361 0.524997
vt 0.260205 0.567295
vt 0.260205 0.513349
vt 0.645355 0.660388
vt 0.650193 0.660495
vt 0.645355 0.714333
vt 0.650193 0.714225
vt 0.237684 0.204564
vt 0.237684 0.261998
vt 0.183954 0.204564
vt 0.183954 0.261998
vt 0.766093 0.753579
vt 0.774723 0.759593
vt 0.766093 0.807309
vt 0.774723 0.801119
vt 0.818615 0.013183
vt 0.828317 0.013037
vt 0.818547 0.054610
vt 0.828317 0.054371
vt 0.663643 0.386952
vt 0.673358 0.380095
vt 0.663663 0.428286
vt 0.673358 0.434686
vt 0.058429 0.204535
vt 0.058259 0.280596
vt 0.003838 0.204603
vt 0.003838 0.280607
vt 0.831459 0.902905
vt 0.831454 0.922814
vt 0.820901 0.902889
vt 0.820901 0.922909
vt 0.885620 0.924746
vt 0.886215 0.938713
vt 0.875324 0.936307
vt 0.875176 0.938713
vt 0.914643 0.619540
vt 0.909687 0.646367
vt 0.909687 0.609244
vt 0.813224 0.810509
vt 0.798691 0.786902
vt 0.813224 0.774827
vt 0.306930 0.331990
vt 0.306768 0.255934
vt 0.328653 0.331990
vt 0.328903 0.255501
vt 0.538075 0.603416
vt 0.537901 0.547799
vt 0.548939 0.605471
vt 0.548939 0.547845
vt 0.967721 0.414576
vt 0.965436 0.414734
vt 0.967721 0.403519
vt 0.963861 0.407140
vt 0.755758 0.527124
vt 0.762432 0.526959
vt 0.755758 0.537678
vt 0.764085 0.538266
vt 0.392283 0.926208
vt 0.392278 0.906299
vt 0.402424 0.926304
vt 0.402424 0.906285
vt 0.627739 0.087723
vt 0.627555 0.143294
vt 0.616912 0.087769
vt 0.616912 0.145397
vt 0.901685 0.934892
vt 0.910444 0.923978
vt 0.910444 0.941257
vt 0.528516 0.708560
vt 0.530202 0.725299
vt 0.528516 0.727066
vt 0.264037 0.783210
vt 0.247538 0.765266
vt 0.264037 0.756487
vt 0.245361 0.753598
vt 0.145188 0.364800
vt 0.124005 0.364800
vt 0.145303 0.288802
vt 0.123708 0.288312
vt 0.365015 0.969338
vt 0.362729 0.969161
vt 0.366590 0.962117
vt 0.362729 0.958312
vt 0.833684 0.132119
vt 0.840358 0.132281
vt 0.831961 0.142847
vt 0.840358 0.142422
vt 0.962536 0.912399
vt 0.962536 0.892296
vt 0.965024 0.912309
vt 0.965026 0.892290
vt 0.856952 0.605366
vt 0.854461 0.605373
vt 0.856952 0.547932
vt 0.854461 0.547939
vt 0.982157 0.685528
vt 0.982157 0.680784
vt 0.984647 0.685521
vt 0.984647 0.680777
vt 0.963801 0.013037
vt 0.963801 0.030807
vt 0.960287 0.013037
vt 0.960869 0.031983
vt 0.170013 0.947635
vt 0.173527 0.935673
vt 0.175644 0.954321
vt 0.175644 0.936845
vt 0.553802 0.283542
vt 0.544831 0.283542
vt 0.553774 0.207486
vt 0.545032 0.207481
vt 0.416024 0.990396
vt 0.416024 0.981908
vt 0.419538 0.990396
vt 0.419538 0.981908
vt 0.656755 0.991192
vt 0.656755 0.982076
vt 0.658985 0.990252
vt 0.659239 0.981908
vt 0.384601 0.904957
vt 0.384601 0.925060
vt 0.382098 0.904963
vt 0.382100 0.924983
vt 0.689641 0.963264
vt 0.689641 0.945831
vt 0.692618 0.964484
vt 0.693155 0.945831
vt 0.984660 0.631067
vt 0.984660 0.635812
vt 0.982157 0.631074
vt 0.982157 0.635818
vt 0.557710 0.932952
vt 0.561224 0.944967
vt 0.555594 0.934141
vt 0.555594 0.951719
vt 0.852089 0.613770
vt 0.854593 0.613763
vt 0.852089 0.671204
vt 0.854593 0.671197
vt 0.352391 0.981908
vt 0.352391 0.990680
vt 0.348877 0.981908
vt 0.348877 0.990680
vt 0.568755 0.982750
vt 0.566398 0.991633
vt 0.566398 0.981908
vt 0.984089 0.190645
vt 0.982157 0.189203
vt 0.984089 0.181020
vt 0.269769 0.541335
vt 0.269769 0.561438
vt 0.267881 0.541340
vt 0.967971 0.139258
vt 0.966048 0.139258
vt 0.967295 0.119075
vt 0.761297 0.372196
vt 0.761297 0.354426
vt 0.763557 0.371115
vt 0.763948 0.354288
vt 0.984133 0.781814
vt 0.984120 0.786558
vt 0.982157 0.781720
vt 0.982233 0.786558
vt 0.043659 0.982318
vt 0.043254 0.994778
vt 0.041856 0.981908
vt 0.041856 0.993787
vt 0.576719 0.674693
vt 0.576719 0.750755
vt 0.575005 0.674697
vt 0.574831 0.750760
vt 0.502092 0.831222
vt 0.502092 0.888656
vt 0.500205 0.831227
vt 0.500205 0.888661
vt 0.818206 0.981908
vt 0.818206 0.990396
vt 0.815542 0.981908
vt 0.815542 0.990396
vt 0.797524 0.981908
vt 0.797304 0.991016
vt 0.795603 0.981990
vt 0.795603 0.991692
vt 0.842188 0.614814
vt 0.842236 0.594711
vt 0.844134 0.614934
vt 0.844134 0.594711
vt 0.620828 0.866104
vt 0.620828 0.808670
vt 0.622726 0.866099
vt 0.622726 0.808665
vt 0.970718 0.817660
vt 0.970718 0.835094
vt 0.968068 0.817520
vt 0.968458 0.834011
vt 0.982157 0.849032
vt 0.982169 0.844288
vt 0.984054 0.849032
vt 0.982156 0.806750
vt 0.984129 0.806750
vt 0.983820 0.811579
vt 0.971954 0.055494
vt 0.971954 0.042975
vt 0.973809 0.054249
vt 0.973772 0.042612
vt 0.697577 0.990680
vt 0.697577 0.981908
vt 0.700241 0.990680
vt 0.700241 0.981909
vt 0.982157 0.260145
vt 0.983698 0.251095
vt 0.983698 0.261155
vt 0.728598 0.981908
vt 0.730474 0.982444
vt 0.728598 0.992035
vt 0.501741 0.981918
vt 0.506485 0.981908
vt 0.501741 0.988491
vt 0.503990 0.988614
vt 0.108218 0.943875
vt 0.108218 0.923818
vt 0.114953 0.941461
vt 0.949787 0.636973
vt 0.954422 0.641229
vt 0.949787 0.656919
vt 0.784171 0.811013
vt 0.784171 0.753579
vt 0.791014 0.808933
vt 0.790744 0.753593
vt 0.956582 0.279104
vt 0.956582 0.268545
vt 0.962951 0.279240
vt 0.962950 0.272295
vt 0.942098 0.279050
vt 0.942098 0.268545
vt 0.948814 0.275967
vt 0.948905 0.270738
vt 0.086123 0.737875
vt 0.086123 0.795309
vt 0.079519 0.737888
vt 0.079234 0.793175
vt 0.237520 0.931858
vt 0.237520 0.952409
vt 0.232402 0.935287
vt 0.957374 0.797857
vt 0.951425 0.793858
vt 0.957374 0.781881
vt 0.452057 0.981908
vt 0.456801 0.981918
vt 0.454519 0.988640
vt 0.456801 0.988522
vt 0.924228 0.661289
vt 0.924228 0.671924
vt 0.917390 0.663584
vt 0.917481 0.668942
vt 0.100542 0.953718
vt 0.100542 0.963864
vt 0.094173 0.957441
vt 0.094172 0.964006
vt 0.995919 0.140310
vt 0.993682 0.140029
vt 0.995919 0.137353
vt 0.993525 0.137101
vt 0.023806 0.732372
vt 0.026070 0.745023
vt 0.020129 0.731624
vt 0.020129 0.747789
vt 0.112369 0.850933
vt 0.112446 0.795590
vt 0.115400 0.851073
vt 0.115400 0.795453
vt 0.318381 0.970388
vt 0.317865 0.962276
vt 0.321335 0.971942
vt 0.321629 0.962276
vt 0.982157 0.598193
vt 0.982157 0.593864
vt 0.985826 0.597354
vt 0.985848 0.593100
vt 0.530123 0.645444
vt 0.530202 0.700735
vt 0.527131 0.645309
vt 0.527131 0.700883
vt 0.995795 0.063723
vt 0.993525 0.064001
vt 0.995953 0.060756
vt 0.993525 0.061006
vt 0.982157 0.546137
vt 0.982157 0.541609
vt 0.985845 0.546908
vt 0.985821 0.542462
vt 0.275218 0.981908
vt 0.274671 0.989492
vt 0.271456 0.981908
vt 0.271727 0.991051
vt 0.953596 0.860166
vt 0.953636 0.882042
vt 0.950521 0.859541
vt 0.950521 0.882691
vt 0.094434 0.946041
vt 0.094434 0.924166
vt 0.100484 0.945693
vt 0.100542 0.923818
vt 0.798692 0.921040
vt 0.798691 0.899164
vt 0.808464 0.921040
vt 0.808466 0.899163
vt 0.573522 0.812560
vt 0.573522 0.790685
vt 0.593010 0.812559
vt 0.593010 0.790684
vt 0.020563 0.756635
vt 0.042439 0.756638
vt 0.020563 0.782040
vt 0.042439 0.782043
vt 0.003838 0.288284
vt 0.025714 0.288284
vt 0.003838 0.364773
vt 0.025714 0.364773
vt 0.942844 0.859883
vt 0.942844 0.881759
vt 0.936540 0.859541
vt 0.936638 0.881417
vt 0.651763 0.851355
vt 0.651757 0.829479
vt 0.665768 0.851356
vt 0.665768 0.829480
vt 0.413060 0.003840
vt 0.435010 0.003838
vt 0.413060 0.052134
vt 0.435020 0.052134
vt 0.295798 0.933596
vt 0.295798 0.955472
vt 0.293554 0.933596
vt 0.293553 0.955472
vt 0.942758 0.336879
vt 0.942758 0.356788
vt 0.934705 0.336879
vt 0.934699 0.356788
vt 0.954891 0.095967
vt 0.954930 0.109972
vt 0.948853 0.095984
vt 0.945199 0.109972
vt 0.023270 0.877016
vt 0.031390 0.877016
vt 0.020563 0.901242
vt 0.031394 0.901242
vt 0.461231 0.164493
vt 0.461205 0.088004
vt 0.472036 0.164493
vt 0.472036 0.088004
vt 0.861863 0.783184
vt 0.861867 0.734865
vt 0.865572 0.783168
vt 0.865572 0.734875
vt 0.606288 0.981908
vt 0.608532 0.981918
vt 0.606288 0.991649
vt 0.608564 0.991751
vt 0.685931 0.370788
vt 0.685931 0.362728
vt 0.692603 0.370849
vt 0.692603 0.362729
vt 0.985063 0.502611
vt 0.985073 0.507975
vt 0.982157 0.501374
vt 0.982157 0.507981
vt 0.982157 0.436565
vt 0.982168 0.429958
vt 0.985124 0.435322
vt 0.985124 0.429958
vt 0.763179 0.280498
vt 0.753443 0.280498
vt 0.759502 0.266500
vt 0.753482 0.266487
vt 0.330362 0.577583
vt 0.330362 0.625904
vt 0.326652 0.577592
vt 0.326650 0.625887
vt 0.526582 0.991777
vt 0.526615 0.981919
vt 0.528860 0.991654
vt 0.528860 0.981909
vt 0.545961 0.942801
vt 0.537901 0.942801
vt 0.545954 0.922891
vt 0.537901 0.922891
vt 0.770221 0.681897
vt 0.763550 0.681896
vt 0.770221 0.673776
vt 0.763550 0.673836
vt 0.392278 0.898607
vt 0.392278 0.874381
vt 0.403109 0.898608
vt 0.400398 0.874382
vt 0.442697 0.088004
vt 0.453528 0.088004
vt 0.442697 0.164493
vt 0.453501 0.164493
vt 0.608992 0.956849
vt 0.608992 0.964903
vt 0.602623 0.956849
vt 0.602623 0.965147
vt 0.956184 0.406681
vt 0.956184 0.414734
vt 0.949816 0.406420
vt 0.949816 0.414734
vt 0.291103 0.963401
vt 0.295798 0.963149
vt 0.289770 0.969818
vt 0.295798 0.969463
vt 0.115869 0.991641
vt 0.116198 0.983351
vt 0.119208 0.991748
vt 0.119208 0.981909
vt 0.324358 0.981909
vt 0.329050 0.981927
vt 0.323988 0.988113
vt 0.330009 0.988113
vt 0.083163 0.990324
vt 0.082829 0.982016
vt 0.086165 0.991771
vt 0.086165 0.981909
vt 0.947895 0.445643
vt 0.947895 0.423767
vt 0.952527 0.445654
vt 0.952527 0.423756
vt 0.646055 0.610105
vt 0.646055 0.588229
vt 0.650687 0.610122
vt 0.650687 0.588212
vt 0.818080 0.264950
vt 0.818080 0.207324
vt 0.824120 0.260291
vt 0.824120 0.211972
vt 0.844501 0.961053
vt 0.844501 0.970783
vt 0.839869 0.967105
vt 0.839869 0.970785
vt 0.922789 0.959024
vt 0.922789 0.968765
vt 0.918157 0.959021
vt 0.918157 0.962705
vt 0.810712 0.380095
vt 0.810712 0.437723
vt 0.804671 0.384742
vt 0.804671 0.433063
vt 0.948155 0.328995
vt 0.948155 0.319250
vt 0.952787 0.322934
vt 0.952787 0.319247
vt 0.303615 0.968926
vt 0.303615 0.959190
vt 0.308247 0.968927
vt 0.308247 0.965243
vt 0.960762 0.180297
vt 0.960762 0.202196
vt 0.958125 0.180271
vt 0.958125 0.202221
vt 0.750634 0.954851
vt 0.750634 0.932941
vt 0.753271 0.954876
vt 0.753271 0.932916
vt 0.908034 0.198965
vt 0.908034 0.150645
vt 0.910671 0.198965
vt 0.910671 0.150645
vt 0.996161 0.049374
vt 0.996161 0.053055
vt 0.993525 0.049373
vt 0.993525 0.053079
vt 0.982157 0.986695
vt 0.982157 0.983010
vt 0.984793 0.986720
vt 0.984793 0.983010
vt 0.202882 0.859604
vt 0.202882 0.907925
vt 0.200246 0.859603
vt 0.200246 0.907925
vt 0.982157 0.884232
vt 0.982157 0.880545
vt 0.984793 0.884231
vt 0.984793 0.880519
vt 0.984793 0.926099
vt 0.984793 0.929785
vt 0.982157 0.926074
vt 0.982157 0.929785
vt 0.170973 0.988309
vt 0.170984 0.981940
vt 0.174324 0.991684
vt 0.174324 0.981909
vt 0.196365 0.981937
vt 0.196379 0.988306
vt 0.193028 0.981908
vt 0.193028 0.991681
vt 0.576719 0.758436
vt 0.576719 0.778346
vt 0.573405 0.761848
vt 0.573438 0.781335
vt 0.718200 0.949873
vt 0.718200 0.929963
vt 0.721480 0.952862
vt 0.721513 0.933375
vt 0.753271 0.894201
vt 0.753271 0.921479
vt 0.748597 0.895221
vt 0.751325 0.925239
vt 0.170971 0.924237
vt 0.170971 0.896958
vt 0.172917 0.927996
vt 0.175644 0.897979
vt 0.054349 0.685277
vt 0.054454 0.761766
vt 0.050116 0.685273
vt 0.050116 0.761762
vt 0.500052 0.655057
vt 0.500157 0.578568
vt 0.504390 0.655053
vt 0.504390 0.578564
vt 0.540188 0.380124
vt 0.548979 0.380095
vt 0.539958 0.456122
vt 0.548979 0.456098
vt 0.157348 0.204571
vt 0.159582 0.204564
vt 0.157348 0.280573
vt 0.159581 0.280567
vt 0.427363 0.403446
vt 0.424406 0.403444
vt 0.427363 0.207481
vt 0.424248 0.210433
vt 0.087990 0.196849
vt 0.066114 0.196858
vt 0.088642 0.003838
vt 0.065492 0.003838
vt 0.470292 0.403455
vt 0.467375 0.403446
vt 0.470451 0.210434
vt 0.467375 0.207481
vt 0.371075 0.003838
vt 0.371075 0.199804
vt 0.366995 0.006757
vt 0.366995 0.199804
vt 0.401755 0.403446
vt 0.401755 0.207481
vt 0.405325 0.403446
vt 0.405325 0.210399
vt 0.962099 0.661874
vt 0.968056 0.663441
vt 0.962099 0.668480
vt 0.968207 0.668133
vt 0.951506 0.669671
vt 0.945631 0.671923
vt 0.951682 0.664969
vt 0.945631 0.665317
vt 0.149025 0.003838
vt 0.149025 0.196885
vt 0.127145 0.003839
vt 0.127145 0.196886
vt 0.527022 0.528000
vt 0.527021 0.558935
vt 0.512179 0.516704
vt 0.512179 0.570650
vt 0.237684 0.820351
vt 0.232846 0.820243
vt 0.237684 0.766405
vt 0.232846 0.766513
vt 0.299091 0.236448
vt 0.299091 0.293882
vt 0.245361 0.236447
vt 0.245361 0.293881
vt 0.159839 0.807040
vt 0.151209 0.800994
vt 0.159839 0.753311
vt 0.151208 0.759467
vt 0.456500 0.517087
vt 0.476722 0.517138
vt 0.456499 0.558614
vt 0.476722 0.558565
vt 0.818411 0.632249
vt 0.828112 0.632102
vt 0.818342 0.673677
vt 0.828112 0.673438
vt 0.663604 0.470857
vt 0.673319 0.464037
vt 0.663624 0.512192
vt 0.673319 0.518627
vt 0.299951 0.087588
vt 0.299781 0.163650
vt 0.245361 0.087656
vt 0.245361 0.163659
vt 0.920706 0.479765
vt 0.920706 0.499674
vt 0.910114 0.479752
vt 0.910119 0.499772
vt 0.782195 0.183729
vt 0.782195 0.197707
vt 0.771366 0.194854
vt 0.771121 0.197252
vt 0.516763 0.172882
vt 0.511799 0.199693
vt 0.511799 0.162554
vt 0.318148 0.814532
vt 0.303615 0.790925
vt 0.318148 0.778850
vt 0.306928 0.247824
vt 0.306768 0.171768
vt 0.328740 0.247824
vt 0.328990 0.171336
vt 0.044355 0.594981
vt 0.044183 0.539364
vt 0.055266 0.597036
vt 0.055266 0.539410
vt 0.053976 0.780546
vt 0.051690 0.780702
vt 0.053976 0.769443
vt 0.050116 0.773077
vt 0.663604 0.526469
vt 0.670278 0.526304
vt 0.663604 0.537057
vt 0.671931 0.537643
vt 0.277452 0.925823
vt 0.277447 0.905914
vt 0.287625 0.925919
vt 0.287625 0.905899
vt 0.622726 0.547932
vt 0.622544 0.603503
vt 0.611853 0.547978
vt 0.611853 0.605606
vt 0.569005 0.940092
vt 0.569653 0.926115
vt 0.579878 0.940092
vt 0.528516 0.734743
vt 0.530199 0.751444
vt 0.528516 0.753213
vt 0.702546 0.191344
vt 0.686047 0.173399
vt 0.702546 0.164620
vt 0.683870 0.161731
vt 0.084508 0.364772
vt 0.063237 0.364772
vt 0.084624 0.288774
vt 0.062943 0.288284
vt 0.812992 0.767031
vt 0.810706 0.766857
vt 0.814567 0.759780
vt 0.810706 0.755960
vt 0.807618 0.272933
vt 0.814293 0.273095
vt 0.805895 0.283689
vt 0.814293 0.283268
vt 0.964252 0.554035
vt 0.964250 0.533931
vt 0.966730 0.553957
vt 0.966730 0.533938
vt 0.857512 0.329882
vt 0.855032 0.329875
vt 0.857512 0.272448
vt 0.855032 0.272441
vt 0.982157 0.697949
vt 0.982157 0.693205
vt 0.984636 0.697955
vt 0.984636 0.693211
vt 0.958707 0.259715
vt 0.959253 0.241954
vt 0.962219 0.259823
vt 0.962219 0.240869
vt 0.949252 0.905741
vt 0.952751 0.893760
vt 0.954859 0.912399
vt 0.954859 0.894921
vt 0.561628 0.079924
vt 0.552695 0.079900
vt 0.561399 0.003867
vt 0.552695 0.003838
vt 0.408347 0.981909
vt 0.408347 0.990397
vt 0.404833 0.981908
vt 0.404833 0.990397
vt 0.677082 0.991115
vt 0.677082 0.982004
vt 0.679325 0.990240
vt 0.679559 0.981908
vt 0.965098 0.074285
vt 0.965098 0.094388
vt 0.962608 0.074291
vt 0.962610 0.094311
vt 0.961109 0.393121
vt 0.960608 0.375694
vt 0.964121 0.394255
vt 0.964121 0.375593
vt 0.984647 0.668350
vt 0.984647 0.673094
vt 0.982157 0.668356
vt 0.982157 0.673100
vt 0.950729 0.734865
vt 0.954236 0.746861
vt 0.948618 0.736039
vt 0.948618 0.753562
vt 0.852614 0.013044
vt 0.855105 0.013037
vt 0.852614 0.070478
vt 0.855105 0.070472
vt 0.341200 0.981908
vt 0.341200 0.990680
vt 0.337685 0.981909
vt 0.337685 0.990680
vt 0.618586 0.982743
vt 0.616241 0.991629
vt 0.616241 0.981908
vt 0.984079 0.207943
vt 0.982157 0.206507
vt 0.984079 0.198322
vt 0.966930 0.781881
vt 0.966980 0.801984
vt 0.965051 0.781881
vt 0.965051 0.802103
vt 0.415108 0.950553
vt 0.415108 0.968323
vt 0.412847 0.951634
vt 0.412457 0.968462
vt 0.983945 0.731782
vt 0.982157 0.736176
vt 0.982157 0.730958
vt 0.984036 0.836574
vt 0.982157 0.836611
vt 0.982157 0.831772
vt 0.053129 0.982314
vt 0.052726 0.994789
vt 0.051336 0.981908
vt 0.051336 0.993800
vt 0.622553 0.724927
vt 0.622726 0.800989
vt 0.620846 0.724926
vt 0.620846 0.800988
vt 0.898119 0.507656
vt 0.898119 0.565090
vt 0.896240 0.507651
vt 0.896240 0.565085
vt 0.805201 0.990396
vt 0.805201 0.981908
vt 0.807865 0.990396
vt 0.807865 0.981908
vt 0.778319 0.981908
vt 0.778097 0.991016
vt 0.776387 0.981990
vt 0.776387 0.991692
vt 0.528285 0.954434
vt 0.528334 0.934331
vt 0.530221 0.954554
vt 0.530221 0.934331
vt 0.444645 0.888804
vt 0.444645 0.831370
vt 0.446533 0.888799
vt 0.446533 0.831365
vt 0.784863 0.953271
vt 0.784863 0.970705
vt 0.782212 0.953130
vt 0.782602 0.969622
vt 0.982157 0.861453
vt 0.982169 0.856709
vt 0.984044 0.861453
vt 0.982157 0.819382
vt 0.984115 0.819256
vt 0.984115 0.824095
vt 0.972126 0.721330
vt 0.972126 0.708831
vt 0.973975 0.720096
vt 0.973938 0.708478
vt 0.718258 0.990680
vt 0.718258 0.981909
vt 0.720922 0.990680
vt 0.720922 0.981909
vt 0.982157 0.277883
vt 0.983690 0.268832
vt 0.983690 0.278890
vt 0.738150 0.981909
vt 0.740016 0.982440
vt 0.738150 0.992033
vt 0.464478 0.981918
vt 0.469222 0.981909
vt 0.464478 0.988518
vt 0.466728 0.988640
vt 0.262527 0.950098
vt 0.269705 0.931319
vt 0.269705 0.950220
vt 0.949787 0.609244
vt 0.954429 0.613492
vt 0.949787 0.629203
vt 0.803535 0.264758
vt 0.803535 0.207324
vt 0.810403 0.262678
vt 0.810135 0.207337
vt 0.230993 0.671767
vt 0.230993 0.661175
vt 0.237362 0.671903
vt 0.237361 0.664935
vt 0.933525 0.413792
vt 0.933525 0.403269
vt 0.940257 0.410731
vt 0.940347 0.405493
vt 0.175240 0.574685
vt 0.175240 0.632119
vt 0.168608 0.574698
vt 0.168325 0.629986
vt 0.593610 0.932369
vt 0.593610 0.952876
vt 0.588500 0.935810
vt 0.956573 0.577754
vt 0.950621 0.573716
vt 0.956573 0.561711
vt 0.427215 0.981908
vt 0.431959 0.981918
vt 0.429677 0.988667
vt 0.431959 0.988550
vt 0.811449 0.529148
vt 0.811449 0.539803
vt 0.804597 0.531475
vt 0.804687 0.536843
vt 0.912165 0.543611
vt 0.912165 0.553789
vt 0.905797 0.547343
vt 0.905796 0.553929
vt 0.995919 0.129424
vt 0.993682 0.129143
vt 0.995919 0.126454
vt 0.993525 0.126203
vt 0.382439 0.865796
vt 0.380175 0.853145
vt 0.386116 0.866543
vt 0.386116 0.850379
vt 0.844312 0.262803
vt 0.844388 0.207460
vt 0.847355 0.262944
vt 0.847355 0.207324
vt 0.170776 0.970205
vt 0.170013 0.962112
vt 0.173775 0.971667
vt 0.173775 0.961998
vt 0.985848 0.605870
vt 0.985848 0.610199
vt 0.982178 0.606709
vt 0.982157 0.610963
vt 0.143174 0.750381
vt 0.143253 0.805672
vt 0.140194 0.750246
vt 0.140194 0.805820
vt 0.995795 0.074632
vt 0.993525 0.074910
vt 0.995953 0.071678
vt 0.993525 0.071928
vt 0.985845 0.555356
vt 0.985845 0.559884
vt 0.982157 0.554585
vt 0.982180 0.559030
vt 0.207817 0.982020
vt 0.207046 0.989584
vt 0.204056 0.981908
vt 0.204056 0.991055
vt 0.949855 0.398118
vt 0.949816 0.376242
vt 0.952931 0.398743
vt 0.952931 0.375593
vt 0.329579 0.945639
vt 0.329579 0.923763
vt 0.335629 0.945290
vt 0.335687 0.923414
vt 0.702096 0.922287
vt 0.702094 0.900411
vt 0.711868 0.922287
vt 0.711869 0.900410
vt 0.670556 0.128003
vt 0.670556 0.149879
vt 0.651068 0.128005
vt 0.651068 0.149880
vt 0.703740 0.762019
vt 0.725616 0.762022
vt 0.703740 0.787424
vt 0.725616 0.787426
vt 0.336667 0.171336
vt 0.358543 0.171336
vt 0.336667 0.247825
vt 0.358543 0.247825
vt 0.079234 0.936856
vt 0.079234 0.914980
vt 0.085539 0.937198
vt 0.085440 0.915322
vt 0.703741 0.852452
vt 0.703740 0.830576
vt 0.717746 0.852453
vt 0.717752 0.830576
vt 0.413064 0.059810
vt 0.435013 0.059810
vt 0.413060 0.108104
vt 0.435020 0.108106
vt 0.963471 0.336879
vt 0.963472 0.358755
vt 0.961227 0.336879
vt 0.961227 0.358755
vt 0.208306 0.915602
vt 0.208306 0.935511
vt 0.200252 0.915602
vt 0.200246 0.935511
vt 0.640092 0.940722
vt 0.640134 0.954728
vt 0.634053 0.940740
vt 0.630403 0.954728
vt 0.041778 0.877016
vt 0.049898 0.877016
vt 0.039071 0.901241
vt 0.049901 0.901241
vt 0.461232 0.080327
vt 0.461205 0.003838
vt 0.472036 0.080327
vt 0.472036 0.003838
vt 0.139748 0.863037
vt 0.139752 0.814717
vt 0.143457 0.863020
vt 0.143457 0.814727
vt 0.586384 0.981908
vt 0.588628 0.981919
vt 0.586384 0.991650
vt 0.588659 0.991754
vt 0.735649 0.362788
vt 0.735649 0.370848
vt 0.728977 0.362728
vt 0.728977 0.370848
vt 0.982167 0.478177
vt 0.982157 0.472813
vt 0.985073 0.479414
vt 0.985073 0.472808
vt 0.985125 0.401391
vt 0.985113 0.407998
vt 0.982157 0.402634
vt 0.982157 0.407998
vt 0.494134 0.950695
vt 0.484399 0.950695
vt 0.490454 0.936697
vt 0.484434 0.936684
vt 0.476539 0.724132
vt 0.476539 0.772453
vt 0.472830 0.724141
vt 0.472828 0.772437
vt 0.546490 0.991775
vt 0.546523 0.981918
vt 0.548768 0.991653
vt 0.548768 0.981908
vt 0.939964 0.727186
vt 0.931904 0.727186
vt 0.939958 0.707277
vt 0.931904 0.707277
vt 0.714628 0.362728
vt 0.721300 0.362728
vt 0.714628 0.370849
vt 0.721300 0.370788
vt 0.602623 0.899370
vt 0.602623 0.875144
vt 0.613454 0.899371
vt 0.610743 0.875145
vt 0.306768 0.392536
vt 0.317598 0.392536
vt 0.306768 0.469025
vt 0.317572 0.469025
vt 0.730245 0.965828
vt 0.730245 0.957775
vt 0.736614 0.965828
vt 0.736614 0.957532
vt 0.928908 0.110014
vt 0.928908 0.101961
vt 0.935277 0.110275
vt 0.935277 0.101961
vt 0.470547 0.963669
vt 0.475242 0.963417
vt 0.469214 0.970085
vt 0.475242 0.969731
vt 0.141241 0.981908
vt 0.141176 0.990205
vt 0.137900 0.981908
vt 0.138214 0.991743
vt 0.310660 0.981908
vt 0.315352 0.981926
vt 0.310290 0.988113
vt 0.316311 0.988113
vt 0.096843 0.983355
vt 0.097176 0.991663
vt 0.093841 0.981908
vt 0.093841 0.991771
vt 0.950448 0.180232
vt 0.950448 0.202108
vt 0.945816 0.180221
vt 0.945816 0.202119
vt 0.527408 0.397143
vt 0.527408 0.375267
vt 0.532040 0.397160
vt 0.532040 0.375251
vt 0.808147 0.605558
vt 0.808147 0.547932
vt 0.814188 0.600900
vt 0.814188 0.552581
vt 0.721513 0.960539
vt 0.721513 0.970270
vt 0.716881 0.966592
vt 0.716881 0.970272
vt 0.396910 0.958884
vt 0.396910 0.968626
vt 0.392278 0.958881
vt 0.392278 0.962565
vt 0.739685 0.762020
vt 0.739685 0.819647
vt 0.733645 0.766667
vt 0.733645 0.814988
vt 0.428839 0.968262
vt 0.428839 0.958518
vt 0.433471 0.962201
vt 0.433471 0.958515
vt 0.512179 0.968966
vt 0.512179 0.959231
vt 0.516811 0.968967
vt 0.516811 0.965283
vt 0.957754 0.839444
vt 0.957754 0.817545
vt 0.960391 0.839469
vt 0.960391 0.817520
vt 0.295889 0.865644
vt 0.295889 0.887554
vt 0.293253 0.865619
vt 0.293253 0.887579
vt 0.910114 0.472075
vt 0.910114 0.423756
vt 0.912750 0.472075
vt 0.912750 0.423756
vt 0.993525 0.018931
vt 0.993525 0.015251
vt 0.996162 0.018931
vt 0.996162 0.015225
vt 0.996161 0.003864
vt 0.996162 0.007549
vt 0.993525 0.003838
vt 0.993525 0.007548
vt 0.912834 0.013038
vt 0.912834 0.061359
vt 0.910198 0.013037
vt 0.910198 0.061359
vt 0.984793 0.869130
vt 0.984793 0.872817
vt 0.982157 0.869130
vt 0.982157 0.872842
vt 0.982157 0.975308
vt 0.982157 0.971623
vt 0.984793 0.975333
vt 0.984793 0.971623
vt 0.148918 0.988309
vt 0.148928 0.981940
vt 0.152269 0.991684
vt 0.152269 0.981908
vt 0.229858 0.981937
vt 0.229872 0.988306
vt 0.226521 0.981909
vt 0.226521 0.991681
vt 0.384601 0.874381
vt 0.384601 0.894290
vt 0.381288 0.877792
vt 0.381321 0.897280
vt 0.501076 0.766387
vt 0.501076 0.746478
vt 0.504357 0.769377
vt 0.504390 0.749889
vt 0.845810 0.898498
vt 0.845810 0.925775
vt 0.841136 0.899518
vt 0.843864 0.929535
vt 0.924268 0.315163
vt 0.924268 0.287885
vt 0.926214 0.318923
vt 0.928941 0.288905
vt 0.802924 0.690661
vt 0.803029 0.767150
vt 0.798691 0.690657
vt 0.798691 0.767146
vt 0.200246 0.795929
vt 0.200351 0.719440
vt 0.204584 0.795924
vt 0.204584 0.719436
vt 0.339082 0.485295
vt 0.347826 0.485266
vt 0.338854 0.561293
vt 0.347826 0.561269
vt 0.325275 0.392542
vt 0.327498 0.392536
vt 0.325276 0.468545
vt 0.327498 0.468539
vt 0.448942 0.403446
vt 0.445986 0.403444
vt 0.448942 0.207481
vt 0.445831 0.210433
vt 0.057165 0.196849
vt 0.035289 0.196858
vt 0.057815 0.003838
vt 0.034665 0.003838
vt 0.491796 0.403455
vt 0.488880 0.403446
vt 0.491952 0.210434
vt 0.488880 0.207481
vt 0.394589 0.003838
vt 0.394589 0.199804
vt 0.390509 0.006757
vt 0.390509 0.199804
vt 0.413001 0.403446
vt 0.413001 0.207481
vt 0.416571 0.403446
vt 0.416571 0.210399
vt 0.929153 0.845196
vt 0.935111 0.846762
vt 0.929153 0.851802
vt 0.935261 0.851455
vt 0.937779 0.669671
vt 0.931904 0.671924
vt 0.937955 0.664969
vt 0.931904 0.665318
vt 0.208133 0.003838
vt 0.208133 0.196885
vt 0.186256 0.003840
vt 0.186256 0.196887
vt 0.484399 0.559527
vt 0.484399 0.528591
vt 0.499242 0.570888
vt 0.499242 0.516942
vt 0.183954 0.782357
vt 0.188792 0.782465
vt 0.183954 0.836303
vt 0.188792 0.836195
vt 0.299091 0.171336
vt 0.299091 0.228770
vt 0.245361 0.171336
vt 0.245361 0.228770
vt 0.748597 0.749820
vt 0.757227 0.755835
vt 0.748597 0.803550
vt 0.757228 0.797361
vt 0.396468 0.517126
vt 0.416690 0.517176
vt 0.396468 0.558652
vt 0.416691 0.558603
vt 0.818457 0.380240
vt 0.828158 0.380095
vt 0.818389 0.421667
vt 0.828158 0.421428
vt 0.584395 0.600988
vt 0.594111 0.594131
vt 0.584415 0.642322
vt 0.594111 0.648722
vt 0.149025 0.204563
vt 0.148854 0.280625
vt 0.094434 0.204632
vt 0.094434 0.280635
vt 0.255920 0.901430
vt 0.255920 0.921340
vt 0.245361 0.901418
vt 0.245366 0.921437
vt 0.603743 0.356714
vt 0.603743 0.370693
vt 0.592963 0.367827
vt 0.592713 0.370224
vt 0.298695 0.739217
vt 0.293738 0.766043
vt 0.293738 0.728919
vt 0.800674 0.150645
vt 0.815207 0.174252
vt 0.800674 0.186327
vt 0.307787 0.080327
vt 0.307628 0.004271
vt 0.329512 0.080327
vt 0.329765 0.003838
vt 0.592888 0.346982
vt 0.592713 0.291366
vt 0.603753 0.349037
vt 0.603753 0.291411
vt 0.940478 0.328837
vt 0.938193 0.328995
vt 0.940478 0.317780
vt 0.936618 0.321400
vt 0.663643 0.442528
vt 0.670317 0.442363
vt 0.663643 0.453083
vt 0.671970 0.453671
vt 0.456504 0.926007
vt 0.456499 0.906098
vt 0.466646 0.926103
vt 0.466646 0.906083
vt 0.349682 0.568970
vt 0.349499 0.624541
vt 0.338854 0.569016
vt 0.338854 0.626644
vt 0.730245 0.949855
vt 0.730245 0.935862
vt 0.741061 0.949338
vt 0.772175 0.948911
vt 0.773854 0.965573
vt 0.772175 0.967345
vt 0.592703 0.253514
vt 0.609202 0.271459
vt 0.592703 0.280238
vt 0.611379 0.283127
vt 0.115913 0.364800
vt 0.094728 0.364800
vt 0.116031 0.288803
vt 0.094434 0.288312
vt 0.966533 0.601408
vt 0.964247 0.601231
vt 0.968108 0.594186
vt 0.964247 0.590380
vt 0.823692 0.272933
vt 0.830367 0.273095
vt 0.821969 0.283662
vt 0.830367 0.283237
vt 0.962108 0.629203
vt 0.962106 0.609100
vt 0.964599 0.629126
vt 0.964599 0.609107
vt 0.854629 0.437536
vt 0.852136 0.437529
vt 0.854629 0.380101
vt 0.852136 0.380095
vt 0.982157 0.648239
vt 0.982157 0.643495
vt 0.984650 0.648246
vt 0.984650 0.643501
vt 0.960204 0.442701
vt 0.960204 0.424931
vt 0.963719 0.442701
vt 0.963137 0.423756
vt 0.947641 0.720478
vt 0.951147 0.708478
vt 0.953260 0.727186
vt 0.953260 0.709654
vt 0.548939 0.540122
vt 0.539958 0.540099
vt 0.548709 0.464065
vt 0.539958 0.464037
vt 0.397156 0.981908
vt 0.397156 0.990396
vt 0.393642 0.981908
vt 0.393641 0.990396
vt 0.666916 0.991115
vt 0.666916 0.982005
vt 0.669170 0.990240
vt 0.669406 0.981908
vt 0.966730 0.561718
vt 0.966730 0.581821
vt 0.964250 0.561711
vt 0.964253 0.581731
vt 0.961439 0.726006
vt 0.960937 0.708579
vt 0.964450 0.727140
vt 0.964450 0.708478
vt 0.984636 0.705639
vt 0.984636 0.710383
vt 0.982157 0.705632
vt 0.982157 0.710376
vt 0.951365 0.921436
vt 0.954875 0.933383
vt 0.949252 0.922597
vt 0.949252 0.940031
vt 0.855032 0.207324
vt 0.857512 0.207330
vt 0.855032 0.264758
vt 0.857512 0.264764
vt 0.371259 0.990680
vt 0.371259 0.981909
vt 0.374773 0.990680
vt 0.374773 0.981909
vt 0.649078 0.982030
vt 0.649078 0.991210
vt 0.646603 0.981908
vt 0.646841 0.990313
vt 0.529874 0.863832
vt 0.529923 0.883935
vt 0.527984 0.863832
vt 0.527984 0.884054
vt 0.125800 0.950572
vt 0.125800 0.968342
vt 0.123540 0.951653
vt 0.123150 0.968480
vt 0.983952 0.718890
vt 0.982156 0.723281
vt 0.982156 0.718060
vt 0.983928 0.749013
vt 0.982157 0.748356
vt 0.983928 0.743853
vt 0.024655 0.982324
vt 0.024251 0.994819
vt 0.022855 0.981908
vt 0.022855 0.993821
vt 0.143078 0.666507
vt 0.143253 0.742569
vt 0.141363 0.666507
vt 0.141363 0.742569
vt 0.234735 0.828032
vt 0.234735 0.885466
vt 0.232846 0.828027
vt 0.232846 0.885461
vt 0.836223 0.990396
vt 0.836223 0.981908
vt 0.838886 0.990396
vt 0.838886 0.981908
vt 0.768711 0.981908
vt 0.768489 0.991016
vt 0.766770 0.981990
vt 0.766770 0.991693
vt 0.319721 0.954302
vt 0.321629 0.934290
vt 0.321629 0.954599
vt 0.267881 0.513349
vt 0.269753 0.513522
vt 0.267881 0.533658
vt 0.898478 0.208079
vt 0.898478 0.150645
vt 0.900358 0.208084
vt 0.900358 0.150650
vt 0.108218 0.968985
vt 0.108218 0.951551
vt 0.110869 0.969126
vt 0.110479 0.952634
vt 0.982169 0.799074
vt 0.982156 0.794329
vt 0.984049 0.799074
vt 0.984127 0.794235
vt 0.032332 0.994701
vt 0.032332 0.982250
vt 0.034180 0.993483
vt 0.034143 0.981908
vt 0.710581 0.981908
vt 0.710581 0.990680
vt 0.707917 0.981908
vt 0.707917 0.990680
vt 0.982156 0.242408
vt 0.983698 0.233359
vt 0.983698 0.243419
vt 0.757236 0.981908
vt 0.759093 0.982436
vt 0.757236 0.992030
vt 0.489320 0.981918
vt 0.494064 0.981908
vt 0.489320 0.988491
vt 0.491570 0.988615
vt 0.943875 0.259751
vt 0.950644 0.240869
vt 0.951030 0.259751
vt 0.949318 0.210651
vt 0.953966 0.214892
vt 0.949318 0.230626
vt 0.804027 0.070472
vt 0.804027 0.013037
vt 0.810870 0.068391
vt 0.810600 0.013051
vt 0.804343 0.455959
vt 0.804343 0.445399
vt 0.810712 0.456096
vt 0.810711 0.449150
vt 0.934884 0.599802
vt 0.934884 0.589297
vt 0.941601 0.596720
vt 0.941692 0.591491
vt 0.269368 0.574972
vt 0.269368 0.632406
vt 0.262763 0.574985
vt 0.262478 0.630273
vt 0.953295 0.679601
vt 0.953295 0.700062
vt 0.948195 0.683056
vt 0.956570 0.601408
vt 0.950621 0.597408
vt 0.956570 0.585431
vt 0.439636 0.981909
vt 0.444380 0.981918
vt 0.442098 0.988641
vt 0.444380 0.988523
vt 0.934421 0.268545
vt 0.934421 0.279181
vt 0.927583 0.270841
vt 0.927673 0.276199
vt 0.805060 0.953617
vt 0.805060 0.963764
vt 0.798692 0.957340
vt 0.798691 0.963905
vt 0.995919 0.107627
vt 0.993682 0.107345
vt 0.995919 0.104645
vt 0.993525 0.104393
vt 0.951635 0.550744
vt 0.949372 0.538093
vt 0.955312 0.551491
vt 0.955312 0.535327
vt 0.445211 0.776912
vt 0.445288 0.721569
vt 0.448267 0.777053
vt 0.448267 0.721432
vt 0.633651 0.963958
vt 0.634167 0.972070
vt 0.630697 0.962404
vt 0.630403 0.972070
vt 0.985848 0.580330
vt 0.985848 0.584659
vt 0.982178 0.581169
vt 0.982156 0.585423
vt 0.649787 0.730743
vt 0.649867 0.786034
vt 0.646820 0.730608
vt 0.646820 0.786182
vt 0.995794 0.096438
vt 0.993525 0.096716
vt 0.995953 0.093496
vt 0.993525 0.093745
vt 0.985845 0.516429
vt 0.985845 0.520957
vt 0.982157 0.515658
vt 0.982180 0.520103
vt 0.260016 0.991051
vt 0.260563 0.983468
vt 0.263779 0.991051
vt 0.263508 0.981908
vt 0.950475 0.359404
vt 0.950435 0.337528
vt 0.953550 0.360029
vt 0.953550 0.336879
vt 0.263597 0.923643
vt 0.263597 0.901767
vt 0.269647 0.923293
vt 0.269705 0.901418
vt 0.672192 0.922403
vt 0.672189 0.900527
vt 0.681964 0.922403
vt 0.681964 0.900527
vt 0.264848 0.790887
vt 0.264848 0.812763
vt 0.245361 0.790888
vt 0.245361 0.812764
vt 0.792997 0.176052
vt 0.771121 0.176050
vt 0.792997 0.150648
vt 0.771121 0.150645
vt 0.033391 0.288284
vt 0.055266 0.288284
vt 0.033391 0.364773
vt 0.055266 0.364773
vt 0.936618 0.309761
vt 0.936618 0.287885
vt 0.942922 0.310103
vt 0.942824 0.288227
vt 0.818389 0.451222
vt 0.818389 0.429347
vt 0.832394 0.451219
vt 0.832400 0.429344
vt 0.413060 0.115784
vt 0.435009 0.115783
vt 0.413060 0.164077
vt 0.435020 0.164078
vt 0.963216 0.678187
vt 0.963217 0.700062
vt 0.960972 0.678186
vt 0.960972 0.700061
vt 0.942943 0.561711
vt 0.942944 0.581621
vt 0.934890 0.561711
vt 0.934884 0.581621
vt 0.954360 0.479752
vt 0.954407 0.493757
vt 0.948322 0.479770
vt 0.944674 0.493757
vt 0.370852 0.900834
vt 0.362732 0.900834
vt 0.373560 0.876609
vt 0.362729 0.876609
vt 0.216068 0.473301
vt 0.216041 0.396812
vt 0.226871 0.473301
vt 0.226871 0.396812
vt 0.855480 0.198965
vt 0.855484 0.150645
vt 0.859190 0.198949
vt 0.859190 0.150655
vt 0.576432 0.981908
vt 0.578676 0.981919
vt 0.576432 0.991651
vt 0.578707 0.991756
vt 0.786513 0.673835
vt 0.786513 0.681895
vt 0.779841 0.673777
vt 0.779841 0.681897
vt 0.982157 0.463889
vt 0.982157 0.458525
vt 0.985061 0.465131
vt 0.985073 0.458525
vt 0.985124 0.415675
vt 0.985113 0.422281
vt 0.982157 0.416917
vt 0.982157 0.422281
vt 0.438573 0.950838
vt 0.428839 0.950838
vt 0.434890 0.936840
vt 0.428870 0.936827
vt 0.203957 0.803605
vt 0.203957 0.851927
vt 0.200248 0.803615
vt 0.200246 0.851910
vt 0.556444 0.991772
vt 0.556477 0.981917
vt 0.558722 0.991652
vt 0.558722 0.981908
vt 0.131209 0.942896
vt 0.123150 0.942895
vt 0.131203 0.922986
vt 0.123150 0.922986
vt 0.671582 0.362730
vt 0.678254 0.362728
vt 0.671582 0.370850
vt 0.678254 0.370788
vt 0.899168 0.053438
vt 0.899168 0.077664
vt 0.888337 0.053437
vt 0.891047 0.077663
vt 0.338854 0.401100
vt 0.349684 0.401100
vt 0.338854 0.477589
vt 0.349658 0.477589
vt 0.262527 0.966192
vt 0.262527 0.958139
vt 0.268896 0.966193
vt 0.268896 0.957897
vt 0.866867 0.198980
vt 0.866867 0.190926
vt 0.873236 0.199241
vt 0.873235 0.190927
vt 0.503114 0.972726
vt 0.498419 0.972977
vt 0.504448 0.966310
vt 0.498419 0.966664
vt 0.108192 0.982015
vt 0.107863 0.990306
vt 0.104853 0.981908
vt 0.104853 0.991748
vt 0.288546 0.988113
vt 0.283854 0.988095
vt 0.288916 0.981908
vt 0.282895 0.981908
vt 0.074820 0.983355
vt 0.075153 0.991663
vt 0.071818 0.981908
vt 0.071818 0.991771
vt 0.952610 0.013049
vt 0.952610 0.034924
vt 0.947978 0.013037
vt 0.947978 0.034936
vt 0.945445 0.839411
vt 0.945445 0.817536
vt 0.950077 0.839428
vt 0.950077 0.817520
vt 0.109386 0.724526
vt 0.109386 0.666900
vt 0.115427 0.719867
vt 0.115427 0.671548
vt 0.237034 0.960086
vt 0.237034 0.969818
vt 0.232402 0.966140
vt 0.232402 0.969820
vt 0.025195 0.958723
vt 0.025195 0.968465
vt 0.020563 0.958719
vt 0.020563 0.962404
vt 0.824284 0.085341
vt 0.824284 0.142969
vt 0.818245 0.089988
vt 0.818245 0.138309
vt 0.456499 0.968426
vt 0.456499 0.958683
vt 0.461131 0.962366
vt 0.461131 0.958680
vt 0.378835 0.969539
vt 0.378835 0.959806
vt 0.383467 0.969541
vt 0.383467 0.965857
vt 0.501811 0.958608
vt 0.501811 0.936709
vt 0.504448 0.958633
vt 0.504448 0.936684
vt 0.621366 0.931974
vt 0.621366 0.953884
vt 0.618729 0.931949
vt 0.618729 0.953909
vt 0.719545 0.908449
vt 0.719545 0.860129
vt 0.722182 0.908449
vt 0.722182 0.860129
vt 0.993525 0.030314
vt 0.993525 0.026633
vt 0.996162 0.030314
vt 0.996162 0.026608
vt 0.984793 0.960262
vt 0.984794 0.963946
vt 0.982157 0.960236
vt 0.982157 0.963946
vt 0.692276 0.860246
vt 0.692277 0.908568
vt 0.689641 0.860246
vt 0.689641 0.908568
vt 0.984793 0.891909
vt 0.984793 0.895596
vt 0.982157 0.891909
vt 0.982157 0.895621
vt 0.982157 0.941147
vt 0.982157 0.937462
vt 0.984793 0.941172
vt 0.984793 0.937462
vt 0.159946 0.988309
vt 0.159956 0.981940
vt 0.163297 0.991684
vt 0.163297 0.981908
vt 0.240885 0.981937
vt 0.240900 0.988306
vt 0.237549 0.981908
vt 0.237549 0.991681
vt 0.143061 0.917729
vt 0.143061 0.937638
vt 0.139748 0.921140
vt 0.139781 0.940628
vt 0.840077 0.449253
vt 0.840077 0.429344
vt 0.843358 0.452243
vt 0.843391 0.432755
vt 0.237520 0.893143
vt 0.237520 0.920422
vt 0.232846 0.894164
vt 0.235574 0.924181
vt 0.920611 0.921038
vt 0.920611 0.893760
vt 0.922557 0.924798
vt 0.925285 0.894780
vt 0.800365 0.547937
vt 0.800470 0.624425
vt 0.796132 0.547932
vt 0.796132 0.624421
vt 0.412760 0.800656
vt 0.412864 0.724167
vt 0.417098 0.800651
vt 0.417098 0.724163
vt 0.552769 0.087723
vt 0.561477 0.087723
vt 0.552695 0.163721
vt 0.561629 0.163726
vt 0.234548 0.396812
vt 0.236761 0.396816
vt 0.234549 0.472814
vt 0.236761 0.472820
vt 0.438154 0.403446
vt 0.435198 0.403444
vt 0.438154 0.207481
vt 0.435039 0.210433
vt 0.118820 0.196849
vt 0.096944 0.196858
vt 0.119469 0.003838
vt 0.096319 0.003838
vt 0.481044 0.403455
vt 0.478127 0.403446
vt 0.481203 0.210434
vt 0.478127 0.207481
vt 0.371075 0.207481
vt 0.371075 0.403446
vt 0.366995 0.210399
vt 0.366995 0.403446
vt 0.390509 0.403446
vt 0.390509 0.207481
vt 0.394078 0.403446
vt 0.394078 0.210399
vt 0.747163 0.962552
vt 0.753121 0.964118
vt 0.747163 0.969159
vt 0.753271 0.968810
vt 0.617304 0.370075
vt 0.611429 0.372329
vt 0.617480 0.365373
vt 0.611429 0.365723
vt 0.237684 0.003838
vt 0.237684 0.196885
vt 0.215810 0.003840
vt 0.215810 0.196887
vt 0.428840 0.559607
vt 0.428840 0.528671
vt 0.443683 0.571031
vt 0.443683 0.517087
vt 0.831797 0.207324
vt 0.836635 0.207430
vt 0.831797 0.261268
vt 0.836635 0.261159
vt 0.237683 0.269675
vt 0.237683 0.327109
vt 0.183954 0.269676
vt 0.183954 0.327110
vt 0.167516 0.753311
vt 0.176145 0.759294
vt 0.167516 0.807039
vt 0.176146 0.800817
vt 0.362730 0.517126
vt 0.382952 0.517177
vt 0.362729 0.558649
vt 0.382952 0.558601
vt 0.362797 0.787227
vt 0.372498 0.787082
vt 0.362729 0.828651
vt 0.372498 0.828413
vt 0.537901 0.620041
vt 0.547616 0.613148
vt 0.537920 0.661371
vt 0.547616 0.667738
vt 0.299951 0.003838
vt 0.299779 0.079900
vt 0.245361 0.003908
vt 0.245361 0.079911
vt 0.896800 0.287885
vt 0.905414 0.287885
vt 0.896800 0.316168
vt 0.905414 0.316168
vt 0.913051 0.718940
vt 0.904437 0.718940
vt 0.913051 0.690657
vt 0.904437 0.690657
vt 0.904854 0.601050
vt 0.896240 0.601050
vt 0.904854 0.572767
vt 0.896240 0.572767
vt 0.903734 0.337565
vt 0.912348 0.337565
vt 0.903734 0.365847
vt 0.912348 0.365847
vt 0.900828 0.654044
vt 0.909442 0.654044
vt 0.900828 0.682327
vt 0.909442 0.682327
vt 0.913474 0.799107
vt 0.904860 0.799107
vt 0.913474 0.770824
vt 0.904860 0.770824
vt 0.012452 0.909888
vt 0.003838 0.909889
vt 0.012452 0.881606
vt 0.003838 0.881606
vt 0.901686 0.817520
vt 0.910300 0.817520
vt 0.901686 0.845802
vt 0.910300 0.845802
vt 0.216041 0.881932
vt 0.224655 0.881932
vt 0.216041 0.910215
vt 0.224655 0.910215
vt 0.914410 0.535934
vt 0.905796 0.535934
vt 0.914410 0.507651
vt 0.905796 0.507652
vt 0.910054 0.113624
vt 0.901440 0.113624
vt 0.910054 0.085341
vt 0.901440 0.085341
vt 0.183954 0.884260
vt 0.192568 0.884261
vt 0.183954 0.912543
vt 0.192568 0.912543
vt 0.900115 0.251925
vt 0.908729 0.251925
vt 0.900115 0.280208
vt 0.908729 0.280208
vt 0.913474 0.763147
vt 0.904860 0.763148
vt 0.913474 0.734865
vt 0.904860 0.734865
vt 0.907092 0.244044
vt 0.898478 0.244044
vt 0.907092 0.215761
vt 0.898478 0.215761
vt 0.901685 0.857800
vt 0.910299 0.857800
vt 0.901685 0.886083
vt 0.910299 0.886083
vt 0.306767 0.384794
vt 0.306767 0.339666
vt 0.331177 0.384859
vt 0.331177 0.339731
vt 0.183954 0.334851
vt 0.208364 0.334787
vt 0.183954 0.380027
vt 0.208364 0.379962
vt 0.245361 0.346927
vt 0.245361 0.301559
vt 0.269770 0.346991
vt 0.269770 0.301622
vt 0.269770 0.354667
vt 0.269770 0.399605
vt 0.245361 0.354732
vt 0.245361 0.399670
vt 0.277447 0.563408
vt 0.277447 0.530804
vt 0.301857 0.563408
vt 0.301857 0.530804
vt 0.003838 0.572023
vt 0.003838 0.539420
vt 0.028248 0.572023
vt 0.028248 0.539420
vt 0.479713 0.195158
vt 0.479713 0.162554
vt 0.504122 0.195158
vt 0.504122 0.162554
vt 0.175618 0.534404
vt 0.175618 0.567008
vt 0.151208 0.534404
vt 0.151208 0.567008
vt 0.456619 0.509357
vt 0.456619 0.464229
vt 0.476722 0.509410
vt 0.476722 0.464282
vt 0.651068 0.120327
vt 0.651068 0.087724
vt 0.671171 0.120326
vt 0.671171 0.087723
vt 0.456619 0.456500
vt 0.456619 0.411132
vt 0.476722 0.456552
vt 0.476722 0.411184
vt 0.655966 0.420376
vt 0.655966 0.452980
vt 0.635863 0.420376
vt 0.635863 0.452980
vt 0.479713 0.109702
vt 0.499816 0.109649
vt 0.479713 0.154877
vt 0.499816 0.154824
vt 0.556616 0.626736
vt 0.556616 0.594131
vt 0.576719 0.626736
vt 0.576719 0.594132
vt 0.114537 0.486892
vt 0.114537 0.531829
vt 0.094434 0.486946
vt 0.094434 0.531883
vt 0.635863 0.412699
vt 0.635863 0.380095
vt 0.655966 0.412699
vt 0.655966 0.380095
vt 0.499629 0.305466
vt 0.499629 0.260338
vt 0.519732 0.305519
vt 0.519732 0.260392
vt 0.151208 0.674272
vt 0.151208 0.641669
vt 0.171311 0.674271
vt 0.171311 0.641668
vt 0.396468 0.456492
vt 0.396468 0.411123
vt 0.416571 0.456544
vt 0.416571 0.411176
vt 0.656051 0.207324
vt 0.656051 0.239928
vt 0.635948 0.207324
vt 0.635948 0.239928
vt 0.484399 0.411184
vt 0.504502 0.411131
vt 0.484399 0.456360
vt 0.504502 0.456307
vt 0.035163 0.637317
vt 0.035163 0.604712
vt 0.055266 0.637317
vt 0.055266 0.604713
vt 0.055266 0.486696
vt 0.055266 0.531634
vt 0.035163 0.486750
vt 0.035163 0.531687
vt 0.003838 0.652585
vt 0.003838 0.619981
vt 0.023941 0.652585
vt 0.023941 0.619981
vt 0.499629 0.358324
vt 0.499629 0.313196
vt 0.519732 0.358377
vt 0.519732 0.313249
vt 0.329579 0.666924
vt 0.329579 0.634321
vt 0.349682 0.666924
vt 0.349682 0.634321
vt 0.277447 0.470217
vt 0.277447 0.424848
vt 0.297550 0.470269
vt 0.297550 0.424901
vt 0.622726 0.613283
vt 0.622726 0.645887
vt 0.602623 0.613283
vt 0.602623 0.645887
vt 0.479713 0.003891
vt 0.499816 0.003838
vt 0.479713 0.049067
vt 0.499816 0.049014
vt 0.216041 0.613217
vt 0.216041 0.580613
vt 0.236144 0.613218
vt 0.236144 0.580613
vt 0.527595 0.109649
vt 0.527595 0.154586
vt 0.507492 0.109702
vt 0.507492 0.154640
vt 0.630403 0.652711
vt 0.630403 0.620107
vt 0.650506 0.652711
vt 0.650506 0.620107
vt 0.306768 0.521829
vt 0.306768 0.476701
vt 0.326871 0.521882
vt 0.326871 0.476754
vt 0.556616 0.667016
vt 0.556616 0.634413
vt 0.576719 0.667015
vt 0.576719 0.634412
vt 0.151208 0.473818
vt 0.151208 0.428449
vt 0.171311 0.473870
vt 0.171311 0.428502
vt 0.655927 0.464037
vt 0.655927 0.496641
vt 0.635824 0.464037
vt 0.635824 0.496641
vt 0.479713 0.056797
vt 0.499816 0.056744
vt 0.479713 0.101972
vt 0.499816 0.101919
vt 0.123150 0.618549
vt 0.123150 0.585945
vt 0.143253 0.618549
vt 0.143253 0.585945
vt 0.143532 0.486499
vt 0.143532 0.531436
vt 0.123429 0.486553
vt 0.123429 0.531490
vt 0.216041 0.653498
vt 0.216041 0.620894
vt 0.236144 0.653498
vt 0.236144 0.620894
vt 0.216041 0.526105
vt 0.216041 0.480977
vt 0.236143 0.526158
vt 0.236143 0.481030
vt 0.656090 0.194334
vt 0.656090 0.161731
vt 0.676193 0.194334
vt 0.676192 0.161731
vt 0.035163 0.478968
vt 0.035163 0.433599
vt 0.055266 0.479020
vt 0.055266 0.433651
vt 0.143252 0.626226
vt 0.143253 0.658830
vt 0.123150 0.626226
vt 0.123150 0.658830
vt 0.062943 0.434232
vt 0.083046 0.434179
vt 0.062943 0.479407
vt 0.083045 0.479354
vt 0.062944 0.618555
vt 0.062943 0.585951
vt 0.083046 0.618555
vt 0.083046 0.585951
vt 0.023941 0.486752
vt 0.023940 0.531690
vt 0.003838 0.486806
vt 0.003838 0.531743
vt 0.637658 0.076723
vt 0.637658 0.044119
vt 0.657761 0.076723
vt 0.657760 0.044119
vt 0.277447 0.523074
vt 0.277447 0.477946
vt 0.297550 0.523127
vt 0.297550 0.477999
vt 0.245361 0.674558
vt 0.245361 0.641955
vt 0.265464 0.674558
vt 0.265464 0.641955
vt 0.123429 0.478770
vt 0.123429 0.433402
vt 0.143532 0.478822
vt 0.143532 0.433454
vt 0.656051 0.247604
vt 0.656051 0.280208
vt 0.635948 0.247604
vt 0.635948 0.280208
vt 0.245361 0.460497
vt 0.265464 0.460444
vt 0.245361 0.505673
vt 0.265464 0.505620
vt 0.094434 0.618942
vt 0.094434 0.586338
vt 0.114537 0.618942
vt 0.114537 0.586338
vt 0.083046 0.487084
vt 0.083046 0.532021
vt 0.062943 0.487137
vt 0.062943 0.532075
vt 0.637658 0.036442
vt 0.637658 0.003838
vt 0.657761 0.036442
vt 0.657761 0.003838
vt 0.428840 0.509357
vt 0.428840 0.464229
vt 0.448943 0.509410
vt 0.448943 0.464282
vt 0.643802 0.323969
vt 0.643802 0.291366
vt 0.663905 0.323969
vt 0.663905 0.291366
vt 0.245361 0.452715
vt 0.245361 0.407346
vt 0.265464 0.452767
vt 0.265464 0.407399
vt 0.648413 0.161731
vt 0.648413 0.194335
vt 0.628310 0.161731
vt 0.628310 0.194335
vt 0.484399 0.464090
vt 0.504502 0.464037
vt 0.484399 0.509265
vt 0.504502 0.509212
vt 0.600530 0.194335
vt 0.600530 0.161731
vt 0.620633 0.194335
vt 0.620633 0.161731
vt 0.527595 0.056744
vt 0.527595 0.101681
vt 0.507492 0.056797
vt 0.507492 0.101734
vt 0.456499 0.645093
vt 0.456499 0.612489
vt 0.476602 0.645093
vt 0.476602 0.612489
vt 0.499629 0.252609
vt 0.499629 0.207481
vt 0.519732 0.252662
vt 0.519732 0.207534
vt 0.643802 0.364249
vt 0.643802 0.331646
vt 0.663905 0.364249
vt 0.663905 0.331646
vt 0.362729 0.456491
vt 0.362729 0.411123
vt 0.382832 0.456544
vt 0.382832 0.411176
vt 0.655927 0.504317
vt 0.655927 0.536921
vt 0.635824 0.504318
vt 0.635824 0.536922
vt 0.094434 0.434040
vt 0.114537 0.433987
vt 0.094434 0.479216
vt 0.114537 0.479163
vt 0.003838 0.612304
vt 0.003838 0.579700
vt 0.023941 0.612304
vt 0.023941 0.579700
vt 0.527595 0.003838
vt 0.527595 0.048776
vt 0.507492 0.003892
vt 0.507492 0.048829
vt 0.362729 0.645122
vt 0.362729 0.612518
vt 0.382832 0.645121
vt 0.382832 0.612517
vt 0.151208 0.526675
vt 0.151208 0.481547
vt 0.171311 0.526727
vt 0.171310 0.481599
vt 0.035163 0.677596
vt 0.035164 0.644993
vt 0.055266 0.677596
vt 0.055266 0.644993
vt 0.003838 0.479024
vt 0.003838 0.433655
vt 0.023941 0.479076
vt 0.023940 0.433707
vt 0.083045 0.626232
vt 0.083046 0.658836
vt 0.062943 0.626232
vt 0.062943 0.658836
vt 0.362729 0.464274
vt 0.382832 0.464221
vt 0.362729 0.509449
vt 0.382831 0.509396
vt 0.499629 0.398658
vt 0.499629 0.366054
vt 0.519732 0.398658
vt 0.519732 0.366054
vt 0.532282 0.411131
vt 0.532281 0.456069
vt 0.512179 0.411185
vt 0.512179 0.456122
vt 0.094434 0.659223
vt 0.094434 0.626619
vt 0.114537 0.659223
vt 0.114536 0.626619
vt 0.183954 0.516997
vt 0.183954 0.471869
vt 0.204057 0.517050
vt 0.204056 0.471922
vt 0.646055 0.580536
vt 0.646056 0.547933
vt 0.666158 0.580535
vt 0.666158 0.547932
vt 0.424248 0.456491
vt 0.424248 0.411123
vt 0.444351 0.456544
vt 0.444350 0.411176
vt 0.297550 0.617276
vt 0.297550 0.649880
vt 0.277448 0.617276
vt 0.277447 0.649880
vt 0.396468 0.464273
vt 0.416571 0.464221
vt 0.396468 0.509449
vt 0.416570 0.509396
vt 0.204057 0.607792
vt 0.204057 0.640396
vt 0.183955 0.607792
vt 0.183954 0.640396
vt 0.532282 0.464037
vt 0.532281 0.508974
vt 0.512179 0.464090
vt 0.512179 0.509027
vt 0.396468 0.645124
vt 0.396469 0.612520
vt 0.416571 0.645123
vt 0.416571 0.612519
vt 0.622726 0.715060
vt 0.618951 0.717249
vt 0.622726 0.655753
vt 0.618951 0.653564
vt 0.658882 0.719040
vt 0.658882 0.663795
vt 0.666158 0.723260
vt 0.666158 0.659575
vt 0.444492 0.580897
vt 0.448267 0.578708
vt 0.444492 0.640204
vt 0.448267 0.642393
vt 0.671004 0.211544
vt 0.671004 0.266789
vt 0.663728 0.207324
vt 0.663728 0.271009
vt 0.472828 0.654959
vt 0.476602 0.652770
vt 0.472828 0.714266
vt 0.476602 0.716455
vt 0.545176 0.679635
vt 0.545176 0.734881
vt 0.537901 0.675415
vt 0.537901 0.739101
vt 0.448267 0.711566
vt 0.444492 0.713756
vt 0.448267 0.652260
vt 0.444492 0.650070
vt 0.512179 0.704775
vt 0.512179 0.649530
vt 0.519455 0.708995
vt 0.519455 0.645310
vt 0.630403 0.871307
vt 0.630403 0.843024
vt 0.638532 0.873467
vt 0.638532 0.840863
vt 0.476703 0.864727
vt 0.472305 0.865857
vt 0.476703 0.834365
vt 0.472305 0.833253
vt 0.253490 0.863298
vt 0.253490 0.891581
vt 0.245361 0.861137
vt 0.245361 0.893741
vt 0.561224 0.924123
vt 0.556826 0.925276
vt 0.561224 0.893762
vt 0.556826 0.892673
vt 0.349931 0.892966
vt 0.354329 0.891859
vt 0.349931 0.923329
vt 0.354329 0.924463
vt 0.748597 0.884363
vt 0.748597 0.856080
vt 0.756726 0.886524
vt 0.756726 0.853920
vt 0.266347 0.851915
vt 0.261949 0.853044
vt 0.266347 0.821553
vt 0.261948 0.820440
vt 0.862397 0.819680
vt 0.862398 0.847963
vt 0.854269 0.817520
vt 0.854269 0.850124
vt 0.638379 0.552559
vt 0.638379 0.607804
vt 0.630403 0.547932
vt 0.630403 0.612430
vt 0.798691 0.848837
vt 0.798691 0.820554
vt 0.807602 0.851206
vt 0.807602 0.818186
vt 0.428839 0.638579
vt 0.428839 0.583334
vt 0.436815 0.643205
vt 0.436815 0.578708
vt 0.573522 0.850889
vt 0.573522 0.822606
vt 0.582433 0.853257
vt 0.582433 0.820237
vt 0.484399 0.638436
vt 0.484399 0.583191
vt 0.492375 0.643062
vt 0.492375 0.578564
vt 0.254272 0.822809
vt 0.254272 0.851092
vt 0.245361 0.820440
vt 0.245361 0.853460
vt 0.643391 0.092350
vt 0.643391 0.147595
vt 0.635415 0.087723
vt 0.635415 0.152221
vt 0.846592 0.819888
vt 0.846592 0.848171
vt 0.837681 0.817520
vt 0.837681 0.850540
vt 0.723716 0.295586
vt 0.723716 0.350831
vt 0.716440 0.291366
vt 0.716440 0.355051
vt 0.003838 0.719728
vt 0.003838 0.664482
vt 0.011114 0.723948
vt 0.011114 0.660262
vt 0.269295 0.863298
vt 0.269295 0.891581
vt 0.261166 0.861137
vt 0.261166 0.893741
vt 0.885635 0.115784
vt 0.885635 0.087501
vt 0.893763 0.117944
vt 0.893763 0.085341
vt 0.740845 0.439560
vt 0.740845 0.384315
vt 0.748120 0.443780
vt 0.748120 0.380095
vt 0.740920 0.552153
vt 0.740921 0.607398
vt 0.733645 0.547932
vt 0.733645 0.611618
vt 0.484399 0.861665
vt 0.484399 0.833382
vt 0.492528 0.863826
vt 0.492528 0.831222
vt 0.436968 0.833526
vt 0.436968 0.861809
vt 0.428839 0.831365
vt 0.428839 0.863969
vt 0.665438 0.072503
vt 0.665438 0.017258
vt 0.672714 0.076723
vt 0.672714 0.013037
vt 0.678858 0.295586
vt 0.678858 0.350831
vt 0.671582 0.291366
vt 0.671582 0.355051
vt 0.886631 0.466197
vt 0.886631 0.494480
vt 0.878503 0.464037
vt 0.878503 0.496641
vt 0.878503 0.454199
vt 0.878503 0.425916
vt 0.886631 0.456360
vt 0.886631 0.423756
vt 0.711016 0.552153
vt 0.711016 0.607398
vt 0.703740 0.547932
vt 0.703740 0.611618
vt 0.703740 0.678760
vt 0.703740 0.623515
vt 0.711016 0.682980
vt 0.711016 0.619295
vt 0.003838 0.871768
vt 0.003839 0.843485
vt 0.011967 0.873929
vt 0.011967 0.841325
vt 0.224169 0.843811
vt 0.224170 0.872094
vt 0.216041 0.841651
vt 0.216041 0.874255
vt 0.026066 0.664482
vt 0.026066 0.719728
vt 0.018791 0.660262
vt 0.018791 0.723948
vt 0.630403 0.719853
vt 0.630403 0.664608
vt 0.637678 0.724073
vt 0.637678 0.660388
vt 0.894009 0.819680
vt 0.894009 0.847963
vt 0.885880 0.817519
vt 0.885880 0.850123
vt 0.885880 0.888244
vt 0.885880 0.859961
vt 0.894009 0.890404
vt 0.894009 0.857800
vt 0.035163 0.744739
vt 0.035163 0.689493
vt 0.042439 0.748959
vt 0.042439 0.685273
vt 0.740920 0.623515
vt 0.740921 0.678760
vt 0.733645 0.619295
vt 0.733645 0.682980
vt 0.856317 0.368008
vt 0.856318 0.339725
vt 0.864446 0.370169
vt 0.864446 0.337565
vt 0.865148 0.692818
vt 0.865149 0.721101
vt 0.857020 0.690657
vt 0.857020 0.723261
vt 0.673835 0.607398
vt 0.673835 0.552153
vt 0.681111 0.611618
vt 0.681111 0.547932
vt 0.666158 0.592433
vt 0.666158 0.647678
vt 0.658883 0.588212
vt 0.658882 0.651898
vt 0.886716 0.015198
vt 0.886716 0.043481
vt 0.878587 0.013037
vt 0.878587 0.045642
vt 0.880434 0.578376
vt 0.880434 0.550093
vt 0.888563 0.580537
vt 0.888563 0.547932
vt 0.191230 0.652293
vt 0.191230 0.707539
vt 0.183954 0.648073
vt 0.183954 0.711759
vt 0.198907 0.707539
vt 0.198907 0.652293
vt 0.206183 0.711759
vt 0.206183 0.648073
vt 0.866867 0.181089
vt 0.866867 0.152806
vt 0.874996 0.183249
vt 0.874996 0.150645
vt 0.192083 0.846140
vt 0.192083 0.874423
vt 0.183954 0.843980
vt 0.183954 0.876584
vt 0.223316 0.665396
vt 0.223316 0.720641
vt 0.216041 0.661175
vt 0.216041 0.724861
vt 0.718693 0.607398
vt 0.718693 0.552153
vt 0.725968 0.611618
vt 0.725968 0.547932
vt 0.829030 0.864769
vt 0.829030 0.893052
vt 0.820901 0.862609
vt 0.820901 0.895212
vt 0.887928 0.368008
vt 0.887928 0.339725
vt 0.896057 0.370168
vt 0.896057 0.337565
vt 0.746344 0.350831
vt 0.746344 0.295586
vt 0.753620 0.355051
vt 0.753620 0.291366
vt 0.158484 0.686169
vt 0.158484 0.741414
vt 0.151208 0.681948
vt 0.151208 0.745634
vt 0.456499 0.863696
vt 0.456500 0.835413
vt 0.464628 0.865857
vt 0.464628 0.833253
vt 0.403109 0.836261
vt 0.403109 0.864544
vt 0.394980 0.834100
vt 0.394980 0.866704
vt 0.673835 0.678760
vt 0.673835 0.623515
vt 0.681111 0.682980
vt 0.681111 0.619295
vt 0.685956 0.211544
vt 0.685956 0.266789
vt 0.678681 0.207324
vt 0.678681 0.271009
vt 0.888563 0.509812
vt 0.888563 0.538095
vt 0.880434 0.507651
vt 0.880434 0.540256
vt 0.880994 0.237767
vt 0.880994 0.209484
vt 0.889123 0.239928
vt 0.889123 0.207324
vt 0.491675 0.654959
vt 0.491675 0.710204
vt 0.484399 0.650739
vt 0.484399 0.714424
vt 0.428839 0.710348
vt 0.428840 0.655102
vt 0.436115 0.714568
vt 0.436115 0.650882
vt 0.869829 0.115784
vt 0.869829 0.087501
vt 0.877958 0.117945
vt 0.877958 0.085341
vt 0.878203 0.819680
vt 0.878204 0.847963
vt 0.870075 0.817520
vt 0.870075 0.850124
vt 0.725968 0.623515
vt 0.725968 0.678760
vt 0.718693 0.619295
vt 0.718693 0.682980
vt 0.123150 0.725972
vt 0.123150 0.670727
vt 0.130425 0.730192
vt 0.130425 0.666507
vt 0.311744 0.865951
vt 0.311744 0.894234
vt 0.303615 0.863791
vt 0.303615 0.896394
vt 0.512179 0.894275
vt 0.512179 0.865992
vt 0.520307 0.896436
vt 0.520307 0.863832
vt 0.673835 0.750123
vt 0.673835 0.694878
vt 0.681111 0.754343
vt 0.681111 0.690657
vt 0.173436 0.686169
vt 0.173436 0.741414
vt 0.166161 0.681948
vt 0.166161 0.745634
vt 0.602623 0.865307
vt 0.602623 0.837024
vt 0.610752 0.867468
vt 0.610752 0.834864
vt 0.370857 0.838488
vt 0.370858 0.866771
vt 0.362729 0.836328
vt 0.362729 0.868932
vt 0.678848 0.147189
vt 0.678848 0.091944
vt 0.686124 0.151409
vt 0.686124 0.087723
vt 0.687666 0.017258
vt 0.687666 0.072503
vt 0.680390 0.013037
vt 0.680390 0.076723
vt 0.889123 0.290046
vt 0.889123 0.318329
vt 0.880994 0.287885
vt 0.880994 0.320489
vt 0.167516 0.887121
vt 0.167516 0.858838
vt 0.175644 0.889281
vt 0.175644 0.856677
vt 0.715861 0.211544
vt 0.715861 0.266789
vt 0.708586 0.207324
vt 0.708586 0.271009
vt 0.708753 0.147189
vt 0.708753 0.091944
vt 0.716029 0.151409
vt 0.716029 0.087723
vt 0.123150 0.877426
vt 0.123150 0.849143
vt 0.131279 0.879586
vt 0.131279 0.846982
vt 0.070768 0.849148
vt 0.070769 0.877431
vt 0.062640 0.846988
vt 0.062640 0.879592
vt 0.070219 0.670733
vt 0.070219 0.725978
vt 0.062943 0.666512
vt 0.062943 0.730198
vt 0.077895 0.725978
vt 0.077895 0.670733
vt 0.085171 0.730198
vt 0.085171 0.666512
vt 0.896760 0.692817
vt 0.896760 0.721101
vt 0.888631 0.690657
vt 0.888631 0.723261
vt 0.889055 0.765309
vt 0.889055 0.737025
vt 0.897183 0.767469
vt 0.897183 0.734865
vt 0.688788 0.750123
vt 0.688788 0.694878
vt 0.696063 0.754343
vt 0.696063 0.690657
vt 0.745766 0.211544
vt 0.745766 0.266789
vt 0.738491 0.207324
vt 0.738491 0.271009
vt 0.020563 0.867179
vt 0.020563 0.838896
vt 0.028692 0.869339
vt 0.028692 0.836735
vt 0.046471 0.838896
vt 0.046471 0.867179
vt 0.038342 0.836735
vt 0.038342 0.869339
vt 0.680996 0.523502
vt 0.680996 0.468257
vt 0.688272 0.527722
vt 0.688272 0.464037
vt 0.688311 0.384315
vt 0.688311 0.439560
vt 0.681035 0.380095
vt 0.681035 0.443780
vt 0.159263 0.858839
vt 0.159263 0.887122
vt 0.151134 0.856678
vt 0.151134 0.889283
vt 0.766093 0.887390
vt 0.766093 0.859107
vt 0.774222 0.889551
vt 0.774222 0.856946
vt 0.463775 0.656990
vt 0.463775 0.712235
vt 0.456499 0.652770
vt 0.456499 0.716455
vt 0.362729 0.712264
vt 0.362729 0.657018
vt 0.370005 0.716484
vt 0.370005 0.652798
vt 0.872123 0.368008
vt 0.872123 0.339725
vt 0.880252 0.370169
vt 0.880252 0.337565
vt 0.102562 0.850123
vt 0.102563 0.878406
vt 0.094434 0.847963
vt 0.094434 0.880567
vt 0.101709 0.671120
vt 0.101709 0.726365
vt 0.094434 0.666900
vt 0.094434 0.730585
vt 0.723538 0.266789
vt 0.723538 0.211544
vt 0.730814 0.271009
vt 0.730814 0.207324
vt 0.897183 0.777306
vt 0.897183 0.805589
vt 0.889055 0.775146
vt 0.889055 0.807749
vt 0.730245 0.895807
vt 0.730245 0.867524
vt 0.738374 0.897967
vt 0.738374 0.865363
vt 0.703740 0.750123
vt 0.703740 0.694878
vt 0.711016 0.754343
vt 0.711016 0.690657
vt 0.252636 0.686455
vt 0.252636 0.741701
vt 0.245361 0.682235
vt 0.245361 0.745921
vt 0.862270 0.644207
vt 0.862270 0.615924
vt 0.870399 0.646367
vt 0.870399 0.613763
vt 0.870434 0.382255
vt 0.870435 0.410538
vt 0.862306 0.380095
vt 0.862306 0.412699
vt 0.686535 0.350831
vt 0.686535 0.295586
vt 0.693811 0.355051
vt 0.693811 0.291366
vt 0.696063 0.552153
vt 0.696063 0.607398
vt 0.688788 0.547932
vt 0.688788 0.611618
vt 0.862397 0.859961
vt 0.862397 0.888244
vt 0.854269 0.857800
vt 0.854269 0.890405
vt 0.870074 0.888244
vt 0.870074 0.859961
vt 0.878203 0.890405
vt 0.878203 0.857800
vt 0.384957 0.657018
vt 0.384957 0.712264
vt 0.377681 0.652798
vt 0.377681 0.716484
vt 0.396468 0.712266
vt 0.396468 0.657021
vt 0.403744 0.716486
vt 0.403744 0.652800
vt 0.872826 0.721101
vt 0.872826 0.692818
vt 0.880955 0.723261
vt 0.880955 0.690657
vt 0.881378 0.737025
vt 0.881378 0.765308
vt 0.873249 0.734865
vt 0.873249 0.767469
vt 0.730981 0.091944
vt 0.730981 0.147189
vt 0.723706 0.087723
vt 0.723706 0.151409
vt 0.725248 0.072503
vt 0.725248 0.017258
vt 0.732524 0.076723
vt 0.732524 0.013037
vt 0.285576 0.867779
vt 0.285576 0.896062
vt 0.277447 0.865619
vt 0.277447 0.898223
vt 0.893881 0.644207
vt 0.893881 0.615924
vt 0.902010 0.646367
vt 0.902010 0.613763
vt 0.733645 0.750123
vt 0.733645 0.694878
vt 0.740920 0.754343
vt 0.740920 0.690657
vt 0.267588 0.686456
vt 0.267589 0.741701
vt 0.260313 0.682235
vt 0.260313 0.745921
vt 0.862306 0.450819
vt 0.862306 0.422536
vt 0.870435 0.452979
vt 0.870435 0.420375
vt 0.870825 0.466197
vt 0.870826 0.494480
vt 0.862697 0.464037
vt 0.862697 0.496641
vt 0.688788 0.678760
vt 0.688788 0.623515
vt 0.696063 0.682980
vt 0.696063 0.619295
vt 0.700909 0.211544
vt 0.700909 0.266789
vt 0.693633 0.207324
vt 0.693633 0.271009
vt 0.890801 0.152806
vt 0.890801 0.181089
vt 0.882672 0.150645
vt 0.882672 0.183250
vt 0.837681 0.888660
vt 0.837681 0.860377
vt 0.845809 0.890821
vt 0.845809 0.858217
vt 0.418696 0.657021
vt 0.418696 0.712266
vt 0.411420 0.652800
vt 0.411420 0.716486
vt 0.602623 0.713029
vt 0.602623 0.657784
vt 0.609899 0.717249
vt 0.609899 0.653564
vt 0.873249 0.805589
vt 0.873249 0.777306
vt 0.881378 0.807750
vt 0.881378 0.775146
vt 0.420888 0.852076
vt 0.420889 0.880359
vt 0.412760 0.849915
vt 0.412760 0.882519
vt 0.733129 0.468257
vt 0.733129 0.523502
vt 0.725854 0.464037
vt 0.725854 0.527722
vt 0.725892 0.439560
vt 0.725892 0.384315
vt 0.733168 0.443780
vt 0.733168 0.380095
vt 0.902046 0.382255
vt 0.902046 0.410538
vt 0.893917 0.380095
vt 0.893917 0.412699
vt 0.894308 0.454199
vt 0.894308 0.425916
vt 0.902437 0.456359
vt 0.902437 0.423756
vt 0.718693 0.750123
vt 0.718693 0.694878
vt 0.725968 0.754343
vt 0.725968 0.690657
vt 0.745933 0.091944
vt 0.745933 0.147189
vt 0.738658 0.087723
vt 0.738658 0.151409
vt 0.862697 0.534761
vt 0.862697 0.506478
vt 0.870826 0.536921
vt 0.870826 0.504317
vt 0.870910 0.015198
vt 0.870910 0.043481
vt 0.862781 0.013038
vt 0.862781 0.045642
vt 0.693801 0.147189
vt 0.693801 0.091944
vt 0.701076 0.151409
vt 0.701076 0.087723
vt 0.702619 0.017258
vt 0.702619 0.072503
vt 0.695343 0.013037
vt 0.695343 0.076723
vt 0.806819 0.861043
vt 0.806819 0.889326
vt 0.798691 0.858882
vt 0.798691 0.891487
vt 0.651757 0.889476
vt 0.651757 0.861193
vt 0.659886 0.891637
vt 0.659886 0.859033
vt 0.717571 0.017258
vt 0.717571 0.072503
vt 0.710295 0.013037
vt 0.710295 0.076723
vt 0.710901 0.523502
vt 0.710901 0.468257
vt 0.718177 0.527722
vt 0.718177 0.464037
vt 0.346200 0.882021
vt 0.346200 0.853738
vt 0.354329 0.884182
vt 0.354329 0.851578
vt 0.564744 0.853830
vt 0.564745 0.882113
vt 0.556616 0.851669
vt 0.556616 0.884273
vt 0.336855 0.678821
vt 0.336855 0.734067
vt 0.329579 0.674601
vt 0.329579 0.738287
vt 0.344531 0.734067
vt 0.344531 0.678821
vt 0.351807 0.738287
vt 0.351807 0.674601
vt 0.902437 0.466197
vt 0.902437 0.494480
vt 0.894308 0.464037
vt 0.894308 0.496640
vt 0.894393 0.043481
vt 0.894393 0.015198
vt 0.902521 0.045641
vt 0.902521 0.013037
vt 0.748597 0.607398
vt 0.748597 0.552153
vt 0.755873 0.611618
vt 0.755873 0.547932
vt 0.747476 0.017258
vt 0.747476 0.072503
vt 0.740200 0.013037
vt 0.740200 0.076723
vt 0.864628 0.578376
vt 0.864629 0.550093
vt 0.872757 0.580536
vt 0.872757 0.547932
vt 0.873317 0.209484
vt 0.873317 0.237767
vt 0.865188 0.207324
vt 0.865188 0.239928
vt 0.695948 0.523502
vt 0.695949 0.468257
vt 0.703224 0.527722
vt 0.703224 0.464037
vt 0.703263 0.384315
vt 0.703263 0.439560
vt 0.695987 0.380095
vt 0.695987 0.443780
vt 0.711869 0.862290
vt 0.711869 0.890573
vt 0.703740 0.860129
vt 0.703740 0.892734
vt 0.673835 0.890690
vt 0.673835 0.862407
vt 0.681964 0.892850
vt 0.681964 0.860246
vt 0.718216 0.384315
vt 0.718216 0.439560
vt 0.710940 0.380095
vt 0.710940 0.443780
vt 0.584395 0.715865
vt 0.584396 0.660620
vt 0.591671 0.720085
vt 0.591671 0.656399
vt 0.537901 0.882835
vt 0.537901 0.854552
vt 0.546030 0.884996
vt 0.546030 0.852392
vt 0.337708 0.855076
vt 0.337708 0.883359
vt 0.329579 0.852915
vt 0.329579 0.885519
vt 0.563891 0.678913
vt 0.563891 0.734158
vt 0.556616 0.674693
vt 0.556616 0.738378
vt 0.731392 0.350831
vt 0.731392 0.295586
vt 0.738668 0.355051
vt 0.738668 0.291366
vt 0.492528 0.873663
vt 0.492528 0.901946
vt 0.484399 0.871503
vt 0.484399 0.904106
vt 0.428840 0.902089
vt 0.428840 0.873806
vt 0.436968 0.904250
vt 0.436968 0.871646
vt 0.748597 0.678760
vt 0.748597 0.623515
vt 0.755873 0.682980
vt 0.755873 0.619295
vt 0.748081 0.468257
vt 0.748081 0.523502
vt 0.740806 0.464037
vt 0.740806 0.527722
vt 0.865188 0.278048
vt 0.865189 0.249765
vt 0.873317 0.280208
vt 0.873317 0.247604
vt 0.873317 0.290046
vt 0.873317 0.318329
vt 0.865188 0.287885
vt 0.865188 0.320489
vt 0.309533 0.704031
vt 0.309533 0.648786
vt 0.316809 0.708251
vt 0.316809 0.644566
vt 0.708763 0.295586
vt 0.708763 0.350831
vt 0.701487 0.291366
vt 0.701487 0.355051
vt 0.790828 0.862434
vt 0.790828 0.890717
vt 0.782699 0.860273
vt 0.782699 0.892877
vt 0.573522 0.891378
vt 0.573522 0.863095
vt 0.581651 0.893538
vt 0.581651 0.860934
vt 0.284723 0.661777
vt 0.284723 0.717023
vt 0.277447 0.657557
vt 0.277447 0.721243
vt 0.292400 0.717023
vt 0.292400 0.661777
vt 0.299675 0.721243
vt 0.299675 0.657557
vt 0.878075 0.644207
vt 0.878076 0.615924
vt 0.886204 0.646367
vt 0.886204 0.613763
vt 0.886240 0.382255
vt 0.886240 0.410538
vt 0.878111 0.380095
vt 0.878111 0.412699
vt 0.545018 0.093579
vt 0.545018 0.158076
vt 0.535272 0.087723
vt 0.535272 0.163932
vt 0.428839 0.820937
vt 0.428839 0.787917
vt 0.439871 0.823688
vt 0.439871 0.785166
vt 0.527408 0.277834
vt 0.527408 0.213336
vt 0.537154 0.283689
vt 0.537154 0.207481
vt 0.484399 0.820794
vt 0.484399 0.787774
vt 0.495431 0.823545
vt 0.495431 0.785023
vt 0.527408 0.361719
vt 0.527408 0.297221
vt 0.537154 0.367574
vt 0.537154 0.291366
vt 0.523210 0.782345
vt 0.523210 0.815365
vt 0.512179 0.779594
vt 0.512179 0.818116
vt 0.545018 0.009694
vt 0.545018 0.074191
vt 0.535272 0.003838
vt 0.535272 0.080047
vt 0.467531 0.789805
vt 0.467531 0.822825
vt 0.456500 0.787054
vt 0.456499 0.825576
vt 0.335246 0.142062
vt 0.335246 0.088060
vt 0.355188 0.142115
vt 0.355188 0.088113
vt 0.476441 0.566291
vt 0.476441 0.604812
vt 0.456499 0.566291
vt 0.456499 0.604812
vt 0.066106 0.258824
vt 0.066106 0.204535
vt 0.086048 0.258876
vt 0.086048 0.204587
vt 0.082885 0.539751
vt 0.082885 0.578274
vt 0.062943 0.539752
vt 0.062943 0.578274
vt 0.327570 0.088004
vt 0.327570 0.142062
vt 0.307628 0.088056
vt 0.307628 0.142115
vt 0.556616 0.586454
vt 0.556616 0.547932
vt 0.576557 0.586455
vt 0.576557 0.547933
vt 0.297389 0.301559
vt 0.297389 0.355332
vt 0.277447 0.301612
vt 0.277447 0.355385
vt 0.604176 0.547932
vt 0.604176 0.586454
vt 0.584234 0.547933
vt 0.584234 0.586454
vt 0.580202 0.380095
vt 0.580202 0.456303
vt 0.572267 0.385033
vt 0.572267 0.451364
vt 0.736663 0.199647
vt 0.736663 0.161125
vt 0.745766 0.197528
vt 0.745765 0.163243
vt 0.569305 0.080047
vt 0.569305 0.003838
vt 0.577240 0.075108
vt 0.577240 0.008777
vt 0.820901 0.813349
vt 0.820901 0.774827
vt 0.830004 0.811230
vt 0.830004 0.776946
vt 0.572228 0.540245
vt 0.572228 0.464037
vt 0.580163 0.535306
vt 0.580163 0.468975
vt 0.828716 0.291366
vt 0.828716 0.329888
vt 0.819613 0.293485
vt 0.819613 0.327769
vt 0.577242 0.087723
vt 0.577242 0.163931
vt 0.569306 0.092662
vt 0.569306 0.158993
vt 0.828230 0.464037
vt 0.828230 0.502559
vt 0.819127 0.466155
vt 0.819126 0.500440
vt 0.774798 0.814986
vt 0.774798 0.849269
vt 0.766093 0.814986
vt 0.766093 0.849270
vt 0.159839 0.814717
vt 0.159839 0.849002
vt 0.151134 0.814717
vt 0.151134 0.849002
vt 0.167516 0.849000
vt 0.167516 0.814716
vt 0.176220 0.849000
vt 0.176220 0.814716
vt 0.848640 0.337565
vt 0.848640 0.371849
vt 0.839935 0.337565
vt 0.839935 0.371849
vt 0.191889 0.529256
vt 0.191889 0.595587
vt 0.183954 0.524727
vt 0.183954 0.600115
vt 0.822884 0.187338
vt 0.822884 0.153054
vt 0.831697 0.189747
vt 0.831697 0.150645
vt 0.577091 0.278183
vt 0.577091 0.211852
vt 0.585026 0.282712
vt 0.585026 0.207324
vt 0.821865 0.584626
vt 0.821865 0.550341
vt 0.830678 0.587034
vt 0.830678 0.547932
vt 0.584918 0.158583
vt 0.584918 0.092252
vt 0.592853 0.163112
vt 0.592853 0.087723
vt 0.012652 0.796955
vt 0.012652 0.831239
vt 0.003838 0.794546
vt 0.003839 0.833648
vt 0.592852 0.008367
vt 0.592852 0.074698
vt 0.584917 0.003838
vt 0.584917 0.079227
vt 0.833236 0.693065
vt 0.833237 0.727350
vt 0.824423 0.690657
vt 0.824423 0.729759
vt 0.035443 0.425870
vt 0.035443 0.372450
vt 0.055266 0.425922
vt 0.055266 0.372502
vt 0.114258 0.539560
vt 0.114258 0.578661
vt 0.094434 0.539560
vt 0.094434 0.578661
vt 0.338854 0.393372
vt 0.338854 0.339666
vt 0.358678 0.393423
vt 0.358678 0.339718
vt 0.329357 0.530804
vt 0.329357 0.569906
vt 0.309533 0.530804
vt 0.309533 0.569906
vt 0.023662 0.372449
vt 0.023662 0.425926
vt 0.003838 0.372502
vt 0.003838 0.425979
vt 0.123429 0.578268
vt 0.123429 0.539167
vt 0.143253 0.578268
vt 0.143253 0.539167
vt 0.143532 0.372477
vt 0.143532 0.425672
vt 0.123708 0.372530
vt 0.123708 0.425725
vt 0.235865 0.533835
vt 0.235865 0.572936
vt 0.216041 0.533835
vt 0.216041 0.572937
vt 0.207500 0.524727
vt 0.207500 0.600115
vt 0.199566 0.528988
vt 0.199566 0.595854
vt 0.831961 0.124443
vt 0.831961 0.085341
vt 0.840585 0.121844
vt 0.840585 0.087938
vt 0.577101 0.366754
vt 0.577101 0.291366
vt 0.585037 0.362493
vt 0.585037 0.295627
vt 0.094434 0.840286
vt 0.094434 0.801184
vt 0.103058 0.837688
vt 0.103058 0.803782
vt 0.587839 0.539425
vt 0.587839 0.464037
vt 0.595774 0.535164
vt 0.595774 0.468298
vt 0.844413 0.632102
vt 0.844413 0.671204
vt 0.835789 0.634700
vt 0.835789 0.668606
vt 0.595814 0.380095
vt 0.595814 0.455483
vt 0.587879 0.384356
vt 0.587879 0.451222
vt 0.844459 0.380095
vt 0.844459 0.419197
vt 0.835835 0.382692
vt 0.835835 0.416599
vt 0.311930 0.822209
vt 0.311930 0.856114
vt 0.303615 0.822209
vt 0.303615 0.856114
vt 0.829215 0.821026
vt 0.829215 0.854932
vt 0.820901 0.821026
vt 0.820901 0.854932
vt 0.782699 0.852596
vt 0.782699 0.818690
vt 0.791014 0.852596
vt 0.791014 0.818690
vt 0.421074 0.808332
vt 0.421074 0.842238
vt 0.412760 0.808332
vt 0.412760 0.842239
vt 0.569424 0.296042
vt 0.569424 0.362908
vt 0.561490 0.291366
vt 0.561490 0.367585
vt 0.216041 0.831670
vt 0.216041 0.797764
vt 0.224958 0.833974
vt 0.224958 0.795460
vt 0.556616 0.535579
vt 0.556616 0.468713
vt 0.564551 0.540256
vt 0.564551 0.464037
vt 0.630403 0.830882
vt 0.630403 0.796976
vt 0.639320 0.833187
vt 0.639320 0.794672
vt 0.556655 0.451637
vt 0.556655 0.384771
vt 0.564590 0.456314
vt 0.564590 0.380095
vt 0.132067 0.803095
vt 0.132067 0.837002
vt 0.123150 0.800791
vt 0.123150 0.839306
vt 0.569414 0.212000
vt 0.569414 0.278866
vt 0.561479 0.207324
vt 0.561479 0.283543
vt 0.071557 0.803100
vt 0.071557 0.837007
vt 0.062640 0.800797
vt 0.062640 0.839311
vt 0.062965 0.426458
vt 0.062943 0.372449
vt 0.082542 0.426502
vt 0.082542 0.372493
vt 0.612280 0.207324
vt 0.612280 0.245837
vt 0.592703 0.207324
vt 0.592703 0.245838
vt 0.216041 0.389084
vt 0.216041 0.334787
vt 0.235618 0.389135
vt 0.235618 0.334838
vt 0.297024 0.571085
vt 0.297024 0.609599
vt 0.277447 0.571085
vt 0.277447 0.609599
vt 0.297046 0.363062
vt 0.297024 0.417128
vt 0.277447 0.363106
vt 0.277447 0.417172
vt 0.396468 0.604842
vt 0.396468 0.566328
vt 0.416067 0.604843
vt 0.416067 0.566328
vt 0.114032 0.372477
vt 0.114032 0.426258
vt 0.094434 0.372529
vt 0.094434 0.426310
vt 0.382327 0.566326
vt 0.382327 0.604840
vt 0.362729 0.566326
vt 0.362729 0.604841
vt 0.844746 0.765227
vt 0.844746 0.734865
vt 0.854186 0.761317
vt 0.854186 0.738775
vt 0.151208 0.633991
vt 0.151208 0.574685
vt 0.160648 0.630081
vt 0.160648 0.578595
vt 0.521619 0.825793
vt 0.521619 0.856155
vt 0.512179 0.829703
vt 0.512179 0.852245
vt 0.318973 0.577583
vt 0.318973 0.636889
vt 0.309533 0.581493
vt 0.309533 0.632979
vt 0.286887 0.827580
vt 0.286887 0.857942
vt 0.277447 0.831490
vt 0.277447 0.854032
vt 0.521619 0.578326
vt 0.521619 0.637633
vt 0.512179 0.582236
vt 0.512179 0.633723
vt 0.730245 0.857686
vt 0.730245 0.827324
vt 0.739685 0.853776
vt 0.739685 0.831235
vt 0.245361 0.634278
vt 0.245361 0.574972
vt 0.254801 0.630368
vt 0.254801 0.578882
vt 0.916406 0.233193
vt 0.916406 0.210651
vt 0.925350 0.233193
vt 0.925350 0.210651
vt 0.845337 0.291389
vt 0.845337 0.327873
vt 0.836392 0.291366
vt 0.836392 0.327849
vt 0.730245 0.928185
vt 0.730245 0.905644
vt 0.739189 0.928185
vt 0.739189 0.905644
vt 0.844850 0.464060
vt 0.844850 0.500738
vt 0.835906 0.464037
vt 0.835906 0.500714
vt 0.303615 0.926613
vt 0.303615 0.904071
vt 0.312559 0.926613
vt 0.312559 0.904071
vt 0.835993 0.049583
vt 0.835993 0.013061
vt 0.844937 0.049559
vt 0.844937 0.013038
vt 0.521123 0.904112
vt 0.521123 0.926654
vt 0.512179 0.904112
vt 0.512179 0.926654
vt 0.329579 0.845239
vt 0.329579 0.808909
vt 0.338523 0.845215
vt 0.338523 0.808885
vt 0.753443 0.258810
vt 0.753443 0.207324
vt 0.763277 0.252736
vt 0.763277 0.213397
vt 0.763444 0.087723
vt 0.763444 0.139210
vt 0.753610 0.093797
vt 0.753610 0.133136
vt 0.758431 0.690657
vt 0.758431 0.742144
vt 0.748597 0.696731
vt 0.748597 0.736070
vt 0.753610 0.198373
vt 0.753610 0.146886
vt 0.763444 0.192299
vt 0.763444 0.152960
vt 0.602623 0.924272
vt 0.602623 0.907048
vt 0.614178 0.921540
vt 0.614178 0.909780
vt 0.394980 0.826423
vt 0.394980 0.787085
vt 0.405083 0.820184
vt 0.405083 0.793324
vt 0.032118 0.908918
vt 0.032118 0.926142
vt 0.020563 0.911650
vt 0.020563 0.923410
vt 0.030666 0.789719
vt 0.030666 0.829058
vt 0.020563 0.795959
vt 0.020563 0.822819
vt 0.865343 0.792619
vt 0.865343 0.809843
vt 0.853787 0.795351
vt 0.853787 0.807111
vt 0.048445 0.789719
vt 0.048445 0.829058
vt 0.038342 0.795959
vt 0.038342 0.822819
vt 0.362729 0.925735
vt 0.362729 0.908511
vt 0.374284 0.923003
vt 0.374284 0.911243
vt 0.602623 0.827187
vt 0.602623 0.787848
vt 0.612725 0.820948
vt 0.612725 0.794087
vt 0.338825 0.163659
vt 0.327065 0.163659
vt 0.338825 0.150428
vt 0.327065 0.150428
vt 0.867500 0.898116
vt 0.867500 0.917150
vt 0.854269 0.898081
vt 0.854269 0.917115
vt 0.358261 0.163659
vt 0.346501 0.163659
vt 0.358261 0.150428
vt 0.346501 0.150428
vt 0.914671 0.121335
vt 0.914671 0.140470
vt 0.901440 0.121300
vt 0.901440 0.140435
vt 0.319388 0.163659
vt 0.307628 0.163659
vt 0.319388 0.150428
vt 0.307628 0.150428
vt 0.760991 0.916316
vt 0.760991 0.897262
vt 0.774222 0.916281
vt 0.774222 0.897228
vt 0.077866 0.279784
vt 0.066106 0.279784
vt 0.077866 0.266553
vt 0.066106 0.266553
vt 0.875176 0.917070
vt 0.875176 0.898117
vt 0.888408 0.917034
vt 0.888408 0.898081
vt 0.905193 0.948935
vt 0.905193 0.966158
vt 0.901686 0.948934
vt 0.901686 0.966158
vt 0.893659 0.125621
vt 0.893659 0.142845
vt 0.890152 0.125648
vt 0.890152 0.142871
vt 0.764498 0.948911
vt 0.764498 0.966134
vt 0.760991 0.948922
vt 0.760991 0.966146
vt 0.962552 0.938659
vt 0.962552 0.921436
vt 0.966059 0.938674
vt 0.966059 0.921450
vt 0.912934 0.913643
vt 0.901685 0.916302
vt 0.912934 0.896419
vt 0.901685 0.893760
vt 0.329579 0.895855
vt 0.340828 0.893196
vt 0.329579 0.913079
vt 0.340828 0.915738
vt 0.537901 0.895332
vt 0.549149 0.892673
vt 0.537901 0.912555
vt 0.549149 0.915215
vt 0.151134 0.896959
vt 0.162382 0.899618
vt 0.151134 0.919501
vt 0.162382 0.916842
vt 0.911485 0.981908
vt 0.911485 0.990340
vt 0.908791 0.981908
vt 0.908791 0.990338
vt 0.933264 0.535327
vt 0.941695 0.535327
vt 0.933264 0.552551
vt 0.941695 0.552551
vt 0.919162 0.990340
vt 0.919162 0.981909
vt 0.921856 0.990338
vt 0.921856 0.981908
vt 0.982157 0.012268
vt 0.982157 0.003838
vt 0.984839 0.012270
vt 0.984839 0.003838
vt 0.790643 0.945453
vt 0.782212 0.945453
vt 0.790643 0.928230
vt 0.782212 0.928230
vt 0.982157 0.092810
vt 0.982157 0.084379
vt 0.984839 0.092808
vt 0.984839 0.084379
vt 0.982156 0.108916
vt 0.982156 0.100487
vt 0.984839 0.108918
vt 0.984839 0.100487
vt 0.412457 0.925653
vt 0.420889 0.925653
vt 0.412457 0.942877
vt 0.420889 0.942877
vt 0.982157 0.060594
vt 0.982157 0.052163
vt 0.984839 0.060592
vt 0.984839 0.052163
vt 0.898419 0.990338
vt 0.898419 0.981908
vt 0.901114 0.990340
vt 0.901114 0.981908
vt 0.151134 0.927178
vt 0.159565 0.927178
vt 0.151134 0.944401
vt 0.159565 0.944401
vt 0.867306 0.990340
vt 0.867306 0.981908
vt 0.870000 0.990338
vt 0.870000 0.981908
vt 0.952970 0.981909
vt 0.952970 0.990338
vt 0.950276 0.981909
vt 0.950276 0.990338
vt 0.651757 0.928867
vt 0.660186 0.928867
vt 0.651757 0.946091
vt 0.660186 0.946090
vt 0.960647 0.990338
vt 0.960647 0.981908
vt 0.963341 0.990338
vt 0.963341 0.981908
vt 0.982157 0.125024
vt 0.982157 0.116595
vt 0.984839 0.125024
vt 0.984839 0.116595
vt 0.400708 0.951204
vt 0.392278 0.951204
vt 0.400708 0.933981
vt 0.392278 0.933981
vt 0.982157 0.157237
vt 0.982157 0.148808
vt 0.984839 0.157237
vt 0.984839 0.148808
vt 0.982156 0.173343
vt 0.982156 0.164914
vt 0.984839 0.173343
vt 0.984839 0.164914
vt 0.277447 0.933596
vt 0.285877 0.933596
vt 0.277447 0.950819
vt 0.285877 0.950819
vt 0.982157 0.141131
vt 0.982157 0.132701
vt 0.984839 0.141131
vt 0.984839 0.132701
vt 0.939904 0.990338
vt 0.939904 0.981908
vt 0.942599 0.990338
vt 0.942599 0.981908
vt 0.042252 0.933819
vt 0.050681 0.933819
vt 0.042252 0.951042
vt 0.050681 0.951042
vt 0.929533 0.990338
vt 0.929533 0.981908
vt 0.932228 0.990338
vt 0.932228 0.981908
vt 0.772090 0.372418
vt 0.772090 0.355194
vt 0.784736 0.372418
vt 0.784736 0.355194
vt 0.834511 0.594744
vt 0.834511 0.622620
vt 0.821865 0.594711
vt 0.821865 0.622587
vt 0.869829 0.142845
vt 0.869829 0.125622
vt 0.882475 0.142845
vt 0.882475 0.125621
vt 0.831772 0.510268
vt 0.831772 0.538293
vt 0.819126 0.510235
vt 0.819126 0.538260
vt 0.873558 0.606086
vt 0.873558 0.588863
vt 0.886204 0.606086
vt 0.886204 0.588863
vt 0.819613 0.365503
vt 0.819613 0.337598
vt 0.832259 0.365470
vt 0.832259 0.337565
vt 0.581651 0.901215
vt 0.581651 0.918438
vt 0.569005 0.901215
vt 0.569005 0.918438
vt 0.824423 0.765227
vt 0.824423 0.737469
vt 0.837069 0.765194
vt 0.837069 0.737436
vt 0.970893 0.690832
vt 0.970893 0.678186
vt 0.973588 0.690832
vt 0.973588 0.678186
vt 0.973843 0.336879
vt 0.973843 0.349525
vt 0.971149 0.336879
vt 0.971149 0.349525
vt 0.970628 0.279240
vt 0.970628 0.266594
vt 0.973322 0.279240
vt 0.973322 0.266594
vt 0.972591 0.240869
vt 0.972591 0.253516
vt 0.969896 0.240869
vt 0.969896 0.253515
vt 0.971797 0.388239
vt 0.971797 0.375593
vt 0.974480 0.388239
vt 0.974480 0.375593
vt 0.974160 0.013038
vt 0.974160 0.025684
vt 0.971478 0.013037
vt 0.971478 0.025684
vt 0.971396 0.436402
vt 0.971396 0.423756
vt 0.974078 0.436402
vt 0.974078 0.423756
vt 0.621411 0.961586
vt 0.621411 0.974232
vt 0.618729 0.961586
vt 0.618729 0.974232
vt 0.039795 0.926142
vt 0.039795 0.908918
vt 0.050681 0.926142
vt 0.050681 0.908918
vt 0.704788 0.954864
vt 0.704788 0.969265
vt 0.702094 0.958379
vt 0.702094 0.969265
vt 0.703740 0.822900
vt 0.703740 0.795141
vt 0.718141 0.822861
vt 0.718141 0.795103
vt 0.674871 0.969381
vt 0.672189 0.969381
vt 0.674871 0.958495
vt 0.672189 0.954980
vt 0.439726 0.911927
vt 0.439726 0.929150
vt 0.428840 0.911927
vt 0.428840 0.929150
vt 0.971121 0.150645
vt 0.971121 0.165046
vt 0.968439 0.154160
vt 0.968439 0.165046
vt 0.651757 0.821802
vt 0.651757 0.793897
vt 0.666158 0.821764
vt 0.666158 0.793859
vt 0.971121 0.187124
vt 0.968439 0.187124
vt 0.971121 0.176238
vt 0.968439 0.172723
vt 0.917977 0.881759
vt 0.917977 0.864535
vt 0.928863 0.881759
vt 0.928863 0.864535
vt 0.823583 0.955486
vt 0.823583 0.969887
vt 0.820901 0.959001
vt 0.820901 0.969887
vt 0.291848 0.791879
vt 0.291848 0.819903
vt 0.277447 0.791841
vt 0.277447 0.819866
vt 0.964607 0.774167
vt 0.961913 0.774167
vt 0.964607 0.763280
vt 0.961913 0.759765
vt 0.484399 0.929007
vt 0.484399 0.911783
vt 0.495285 0.929006
vt 0.495285 0.911783
vt 0.792567 0.183729
vt 0.792567 0.198130
vt 0.789872 0.187244
vt 0.789872 0.198130
vt 0.688236 0.795141
vt 0.688236 0.823017
vt 0.673835 0.795103
vt 0.673835 0.822979
vt 0.248055 0.968416
vt 0.245361 0.968416
vt 0.248055 0.957529
vt 0.245361 0.954015
vt 0.798691 0.945940
vt 0.798691 0.928717
vt 0.807120 0.945940
vt 0.807120 0.928717
vt 0.890743 0.981908
vt 0.890743 0.990340
vt 0.888048 0.981910
vt 0.888048 0.990340
vt 0.412457 0.917976
vt 0.412457 0.890218
vt 0.420889 0.917954
vt 0.420889 0.890196
vt 0.973701 0.990340
vt 0.971018 0.990340
vt 0.973701 0.981910
vt 0.971018 0.981908
vt 0.464929 0.933780
vt 0.464929 0.951003
vt 0.456499 0.933780
vt 0.456499 0.951003
vt 0.984839 0.036055
vt 0.984839 0.044486
vt 0.982157 0.036056
vt 0.982157 0.044486
vt 0.062640 0.915196
vt 0.062640 0.887291
vt 0.071071 0.915174
vt 0.071071 0.887268
vt 0.984839 0.076702
vt 0.982156 0.076702
vt 0.984839 0.068273
vt 0.982156 0.068271
vt 0.362729 0.950635
vt 0.362729 0.933411
vt 0.371158 0.950635
vt 0.371158 0.933411
vt 0.984839 0.019946
vt 0.984839 0.028378
vt 0.982157 0.019948
vt 0.982157 0.028378
vt 0.131581 0.887285
vt 0.131581 0.915309
vt 0.123150 0.887263
vt 0.123150 0.915287
vt 0.859629 0.990340
vt 0.856934 0.990340
vt 0.859629 0.981910
vt 0.856934 0.981908
vt 0.020563 0.951042
vt 0.020563 0.933819
vt 0.028992 0.951042
vt 0.028992 0.933819
vt 0.849258 0.981908
vt 0.849258 0.990340
vt 0.846563 0.981910
vt 0.846563 0.990340
vt 0.102865 0.888266
vt 0.102865 0.916141
vt 0.094434 0.888243
vt 0.094434 0.916119
vt 0.880371 0.990340
vt 0.877677 0.990340
vt 0.880371 0.981910
vt 0.877677 0.981908
vt 0.916591 0.287885
vt 0.916591 0.327224
vt 0.913091 0.290047
vt 0.913091 0.325062
vt 0.139748 0.910052
vt 0.139748 0.870713
vt 0.143248 0.907891
vt 0.143248 0.872875
vt 0.917731 0.113624
vt 0.917731 0.074285
vt 0.921231 0.111462
vt 0.921231 0.076446
vt 0.921477 0.817520
vt 0.921477 0.856859
vt 0.917976 0.819681
vt 0.917976 0.854697
vt 0.922087 0.546990
vt 0.922087 0.507651
vt 0.925587 0.544829
vt 0.925587 0.509813
vt 0.925820 0.609244
vt 0.925820 0.648583
vt 0.922320 0.611406
vt 0.922320 0.646421
vt 0.924011 0.013037
vt 0.924011 0.052376
vt 0.920511 0.015199
vt 0.920511 0.050215
vt 0.920727 0.718940
vt 0.920728 0.679601
vt 0.924227 0.716778
vt 0.924227 0.681762
vt 0.919906 0.240869
vt 0.919906 0.280208
vt 0.916406 0.243031
vt 0.916406 0.278047
vt 0.912530 0.601050
vt 0.912530 0.561711
vt 0.916031 0.598889
vt 0.916031 0.563873
vt 0.918348 0.189984
vt 0.918348 0.150645
vt 0.921848 0.187823
vt 0.921848 0.152807
vt 0.923927 0.423756
vt 0.923927 0.463095
vt 0.920427 0.425917
vt 0.920427 0.460933
vt 0.922348 0.414932
vt 0.922348 0.375593
vt 0.925848 0.412771
vt 0.925848 0.377755
vt 0.927207 0.561711
vt 0.927207 0.601050
vt 0.923707 0.563873
vt 0.923707 0.598889
vt 0.924651 0.734865
vt 0.924651 0.774204
vt 0.921151 0.737026
vt 0.921151 0.772042
vt 0.590110 0.924692
vt 0.590110 0.885353
vt 0.593610 0.922530
vt 0.593610 0.887515
vt 0.964936 0.964932
vt 0.960932 0.963985
vt 0.964936 0.947708
vt 0.960933 0.948654
vt 0.573008 0.964046
vt 0.569005 0.964993
vt 0.573008 0.948715
vt 0.569005 0.947769
vt 0.829330 0.947809
vt 0.820901 0.947809
vt 0.829330 0.930586
vt 0.820901 0.930586
vt 0.187958 0.965119
vt 0.183954 0.964173
vt 0.187958 0.947896
vt 0.183955 0.948842
vt 0.965211 0.469608
vt 0.961207 0.470555
vt 0.965210 0.454277
vt 0.961207 0.453331
vt 0.253790 0.946338
vt 0.245361 0.946338
vt 0.253790 0.929114
vt 0.245361 0.929114
vt 0.875177 0.946390
vt 0.879180 0.947336
vt 0.875177 0.963613
vt 0.879180 0.962667
vt 0.886857 0.947336
vt 0.890860 0.946389
vt 0.886857 0.962667
vt 0.890860 0.963613
vt 0.312045 0.951513
vt 0.303615 0.951513
vt 0.312045 0.934290
vt 0.303615 0.934290
vt 0.854269 0.946469
vt 0.858272 0.947416
vt 0.854269 0.963693
vt 0.858272 0.962747
vt 0.949252 0.948655
vt 0.953256 0.947708
vt 0.949252 0.963985
vt 0.953256 0.964932
vt 0.520608 0.951554
vt 0.512179 0.951554
vt 0.520608 0.934331
vt 0.512179 0.934331
vt 0.611052 0.949172
vt 0.602623 0.949172
vt 0.611052 0.931949
vt 0.602623 0.931949
vt 0.139058 0.948305
vt 0.143061 0.949251
vt 0.139058 0.965529
vt 0.143061 0.964582
vt 0.961313 0.860487
vt 0.965316 0.859541
vt 0.961313 0.875818
vt 0.965316 0.876765
vt 0.710523 0.947187
vt 0.702094 0.947187
vt 0.710523 0.929963
vt 0.702094 0.929963
vt 0.961643 0.210651
vt 0.965647 0.211597
vt 0.961643 0.227875
vt 0.965647 0.226928
vt 0.961391 0.288831
vt 0.965394 0.287885
vt 0.961391 0.304162
vt 0.965394 0.305109
vt 0.966087 0.496976
vt 0.962083 0.496029
vt 0.966086 0.479752
vt 0.962083 0.480698
vt 0.965876 0.523929
vt 0.961873 0.524875
vt 0.965876 0.508598
vt 0.961873 0.507651
vt 0.672189 0.930080
vt 0.680618 0.930080
vt 0.672189 0.947303
vt 0.680618 0.947303
vt 0.966102 0.654197
vt 0.962099 0.653251
vt 0.966102 0.636973
vt 0.962099 0.637920
vt 0.965916 0.751142
vt 0.961913 0.752089
vt 0.965916 0.735811
vt 0.961913 0.734865
vt 0.345899 0.932140
vt 0.354329 0.932140
vt 0.345899 0.949363
vt 0.354329 0.949363
s 1
usemtl T_B2base_gray
f 385/385/16 386/386/16 387/387/16
f 388/388/17 390/389/17 389/390/17
f 391/391/18 392/392/19 393/393/19
f 394/394/20 396/395/20 395/396/20
f 397/397/21 398/398/21 399/399/21
f 400/400/21 402/401/21 401/402/21
f 403/403/22 404/404/22 405/405/22
f 406/406/23 408/407/23 407/408/23
f 409/409/24 410/410/24 411/411/25
f 412/412/26 414/413/26 413/414/26
f 415/415/27 416/416/27 417/417/27
f 418/418/18 420/419/18 419/420/18
f 421/421/28 422/422/28 423/423/28
f 424/424/29 426/425/30 425/426/29
f 427/427/31 428/428/31 429/429/31
f 430/430/32 432/431/32 431/432/32
f 433/433/33 434/434/33 435/435/33
f 436/436/33 438/437/33 437/438/33
f 439/439/33 440/440/33 441/441/33
f 442/442/33 444/443/33 443/444/33
f 445/445/33 446/446/33 447/447/34
f 448/448/34 450/448/35 449/448/33
f 451/449/34 452/450/34 453/451/34
f 454/452/34 456/453/34 455/454/33
f 457/455/33 458/455/35 459/455/34
f 460/456/33 462/457/33 461/458/33
f 463/459/36 464/460/37 465/461/38
f 464/460/37 466/462/37 465/461/38
f 467/463/39 468/464/39 469/465/39
f 468/466/39 470/467/39 469/468/39
f 471/469/40 472/470/40 473/471/40
f 472/470/40 474/472/40 473/471/40
f 475/473/41 476/474/37 477/475/41
f 476/474/37 478/476/37 477/475/41
f 479/477/41 480/478/42 481/479/41
f 480/478/42 482/480/43 481/479/41
f 483/481/44 484/482/44 485/483/44
f 484/482/44 486/484/44 485/483/44
f 487/485/45 488/486/46 489/487/45
f 488/486/46 490/488/47 489/487/45
f 491/489/48 492/490/49 493/491/48
f 492/492/49 494/493/49 493/494/48
f 495/495/50 496/496/50 497/497/51
f 496/496/50 498/498/51 497/497/51
f 499/499/52 500/500/52 501/501/52
f 500/500/52 502/502/52 501/501/52
f 503/503/53 504/504/47 505/505/53
f 504/504/47 506/506/54 505/505/53
f 507/507/55 508/508/55 509/509/55
f 508/508/55 510/510/55 509/509/55
f 511/511/56 512/512/56 513/513/57
f 512/512/56 514/514/57 513/513/57
f 515/515/57 516/516/58 517/517/57
f 516/516/58 518/518/56 517/517/57
f 519/519/59 520/520/60 521/521/61
f 520/520/60 522/522/62 521/521/61
f 523/523/63 524/524/64 525/525/63
f 524/524/64 526/526/65 525/525/63
f 527/527/57 528/528/57 529/529/63
f 528/528/57 530/530/63 529/529/63
f 531/531/66 532/532/66 533/533/66
f 532/532/66 534/534/66 533/533/66
f 535/535/67 536/536/68 537/537/63
f 536/536/68 538/538/69 537/537/63
f 539/539/70 540/540/71 541/541/72
f 540/540/71 542/542/73 541/541/72
f 543/543/74 544/544/75 545/545/75
s 0
f 544/544/75 546/546/75 545/545/75
s 1
f 547/547/76 548/548/77 549/549/78
f 548/548/77 550/550/77 549/549/78
s 0
f 551/551/75 552/552/75 553/553/75
f 552/552/75 554/554/75 553/553/75
s 1
f 555/555/79 556/556/80 557/557/80
f 556/556/80 558/558/80 557/557/80
f 559/559/81 560/560/76 561/561/82
f 560/560/76 562/562/78 561/561/82
f 563/563/59 564/564/59 565/565/83
f 564/564/59 566/566/84 565/565/83
f 567/567/58 568/568/56 569/569/85
f 568/568/56 570/570/56 569/569/85
f 571/571/67 572/572/63 573/573/86
f 572/572/63 574/574/57 573/573/86
f 575/575/63 576/576/56 577/577/57
f 576/576/56 578/578/56 577/577/57
f 579/579/57 580/580/57 581/581/57
f 580/580/57 582/582/57 581/581/57
f 583/583/66 584/584/66 585/585/87
f 584/584/66 586/586/66 585/585/87
f 587/587/88 588/588/67 589/589/89
f 588/588/67 590/590/90 589/589/89
s 0
f 591/591/77 592/592/77 593/593/77
s 1
f 592/592/77 594/594/78 593/593/77
f 595/595/91 596/596/70 597/597/92
f 596/596/70 598/598/93 597/597/92
f 599/599/77 600/600/74 601/601/78
f 600/600/74 602/602/94 601/601/78
f 603/603/75 604/604/76 605/605/75
f 604/604/76 606/606/95 605/605/75
f 607/607/80 608/608/80 609/609/80
f 608/608/80 610/610/80 609/609/80
f 611/611/76 612/612/96 613/613/97
f 612/614/96 614/615/98 613/616/97
f 615/617/99 616/618/100 617/619/99
f 616/618/100 618/620/101 617/619/99
f 619/621/100 620/622/102 621/623/103
f 620/624/102 622/625/104 621/626/103
f 623/627/105 624/628/99 625/629/106
f 624/628/99 626/630/99 625/629/106
f 627/631/107 628/632/108 629/633/107
f 628/632/108 630/634/109 629/633/107
f 631/635/108 632/636/110 633/637/109
f 632/636/110 634/638/111 633/637/109
f 635/639/112 636/640/113 637/641/112
f 636/640/113 638/642/114 637/641/112
f 639/643/115 640/644/116 641/645/117
f 640/646/116 642/647/118 641/648/117
f 643/649/119 644/650/112 645/651/120
f 644/650/112 646/652/112 645/651/120
f 647/653/113 648/654/121 649/655/122
f 648/654/121 650/656/123 649/655/122
f 651/657/121 652/658/124 653/659/125
f 652/658/124 654/660/126 653/659/125
f 655/661/127 656/662/128 657/663/129
f 656/662/128 658/664/130 657/663/129
f 659/665/131 660/666/131 661/667/131
f 660/666/131 662/668/132 661/667/131
f 663/669/133 664/670/127 665/671/133
f 664/670/127 666/672/127 665/671/133
f 667/673/134 668/674/135 669/675/134
f 668/674/135 670/676/135 669/675/134
f 671/677/136 672/678/136 673/679/136
f 672/678/136 674/680/136 673/679/136
f 675/681/137 676/682/138 677/683/137
f 676/682/138 678/684/138 677/683/137
f 679/685/139 680/686/140 681/687/139
f 680/686/140 682/688/140 681/687/139
f 683/689/141 684/690/141 685/691/141
f 684/690/141 686/692/141 685/691/141
f 687/693/142 688/694/143 689/695/144
f 688/694/143 690/696/145 689/695/144
f 691/697/146 692/698/146 693/699/146
s 0
f 692/698/147 694/700/147 693/699/147
s 1
f 695/701/148 696/702/148 697/703/149
f 696/702/148 698/704/150 697/703/149
f 699/705/151 700/706/151 701/707/152
f 700/706/151 702/708/153 701/707/152
f 703/709/154 704/710/154 705/711/154
f 704/710/154 706/712/154 705/711/154
f 707/713/31 708/714/31 709/715/31
f 708/714/31 710/716/155 709/715/31
f 711/717/156 712/718/157 713/719/156
f 712/718/157 714/720/157 713/719/156
f 715/721/158 716/722/159 717/723/160
f 716/722/159 718/724/161 717/723/160
f 719/725/162 720/726/31 721/727/163
f 720/726/31 722/728/31 721/727/163
f 723/729/164 724/730/165 725/731/164
f 724/730/165 726/732/152 725/731/164
f 727/733/158 728/734/166 729/735/167
f 728/734/166 730/736/168 729/735/167
f 731/737/169 732/738/170 733/739/169
f 732/738/170 734/740/170 733/739/169
f 735/741/31 736/742/31 737/743/31
f 736/742/31 738/744/31 737/743/31
f 739/745/171 740/746/172 741/747/162
f 740/746/172 742/748/173 741/747/162
f 743/749/153 744/750/153 745/751/174
f 744/750/153 746/752/175 745/751/174
f 747/753/176 748/754/176 749/755/176
f 748/754/176 750/756/176 749/755/176
f 751/757/33 752/758/33 753/759/33
f 752/758/33 754/760/33 753/759/33
f 755/761/34 756/762/34 757/763/34
f 756/762/34 758/764/34 757/763/34
f 759/765/177 760/766/161 761/767/178
f 760/766/161 762/768/159 761/767/178
f 763/769/179 764/770/180 765/771/31
f 764/770/180 766/772/31 765/771/31
f 767/773/181 768/774/152 769/775/182
f 768/774/152 770/776/183 769/775/182
f 771/777/176 772/778/176 773/779/176
f 772/778/176 774/780/184 773/779/176
f 775/781/185 776/782/170 777/783/185
f 776/782/170 778/784/170 777/783/185
f 779/785/31 780/786/31 781/787/31
f 780/786/31 782/788/31 781/787/31
f 783/789/186 784/790/187 785/791/188
f 784/790/187 786/792/188 785/791/188
f 787/793/189 788/794/189 789/795/190
f 788/794/189 790/796/189 789/795/190
f 791/797/191 792/798/156 793/799/191
f 792/798/156 794/800/192 793/799/191
f 795/801/193 796/802/194 797/803/193
f 796/802/194 798/804/134 797/803/193
f 799/805/157 800/806/195 801/807/157
f 800/806/195 802/808/196 801/807/157
f 803/809/143 804/810/197 805/811/145
f 804/810/197 806/812/197 805/811/145
f 807/813/198 808/814/161 809/815/148
f 808/814/161 810/816/199 809/815/148
f 811/817/165 812/818/164 813/819/200
f 812/818/164 814/820/162 813/819/200
f 815/821/201 816/822/202 817/823/203
f 816/822/202 818/824/203 817/823/203
f 819/825/168 820/826/166 821/827/172
f 820/826/166 822/828/204 821/827/172
f 823/829/153 824/830/201 825/831/162
f 824/830/201 826/832/203 825/831/162
f 827/833/205 828/834/206 829/835/207
f 828/834/206 830/836/207 829/835/207
f 831/837/182 832/838/165 833/839/207
f 832/838/165 834/840/200 833/839/207
f 835/841/161 836/842/205 837/843/200
f 836/842/205 838/844/207 837/843/200
f 839/845/34 840/846/33 841/847/34
f 840/846/33 842/848/33 841/847/34
f 843/849/208 844/850/209 845/851/208
f 844/850/209 846/852/209 845/851/208
f 847/853/210 848/854/210 849/855/210
f 848/854/210 850/856/211 849/855/210
f 851/857/34 852/858/212 853/859/34
f 852/858/212 854/860/34 853/859/34
f 855/861/209 856/862/209 857/863/209
f 856/862/209 858/864/209 857/863/209
f 859/865/213 860/866/214 861/867/214
f 860/866/214 862/868/214 861/867/214
f 863/869/208 864/870/208 865/871/215
f 864/870/208 866/872/208 865/871/215
f 867/873/216 868/874/33 869/875/33
f 868/874/33 870/876/33 869/875/33
f 871/877/217 872/878/217 873/879/217
f 872/878/217 874/880/20 873/879/217
f 875/881/18 876/882/218 877/883/18
f 876/882/218 878/884/218 877/883/18
f 879/885/19 880/886/19 881/887/19
f 880/886/19 882/888/19 881/887/19
f 883/889/20 884/890/20 885/891/20
f 884/890/20 886/892/27 885/891/20
f 887/893/219 888/894/19 889/895/19
f 888/894/19 890/896/19 889/895/19
f 891/897/217 892/898/27 893/899/27
f 892/898/27 894/900/27 893/899/27
s 0
f 895/901/77 896/902/77 897/903/77
f 896/902/77 898/904/77 897/903/77
f 899/905/75 900/906/75 901/907/75
f 900/906/75 902/908/75 901/907/75
s 1
f 903/909/220 904/910/221 905/911/222
f 904/910/221 906/912/223 905/911/222
f 907/913/148 908/914/148 909/915/148
f 908/914/148 910/916/148 909/915/148
f 911/917/224 912/918/225 913/919/224
f 912/918/225 914/920/226 913/919/224
f 915/921/227 916/922/225 917/923/20
f 916/922/225 918/924/27 917/923/20
f 919/925/228 920/926/228 921/927/19
f 920/926/228 922/928/229 921/927/19
f 923/929/149 924/930/230 925/931/148
f 924/930/230 926/932/150 925/931/148
f 927/933/149 928/934/230 929/935/150
f 928/934/230 930/936/148 929/935/150
f 931/937/231 932/938/231 933/939/231
f 932/938/231 934/940/231 933/939/231
f 935/941/232 936/942/233 937/943/234
f 936/942/233 938/944/235 937/943/234
f 939/945/236 940/946/237 941/947/236
f 940/946/237 942/948/237 941/947/236
f 943/949/238 944/950/239 945/951/238
f 944/950/239 946/952/239 945/951/238
f 947/953/240 948/954/241 949/955/241
f 948/954/241 950/956/241 949/955/241
f 951/957/242 952/958/242 953/959/243
f 952/958/242 954/960/243 953/959/243
f 955/961/244 956/962/245 957/963/245
f 956/962/245 958/964/245 957/963/245
f 959/965/237 960/966/239 961/967/237
f 960/966/239 962/968/237 961/967/237
f 963/969/246 964/970/247 965/971/248
f 964/970/247 966/972/247 965/971/248
f 967/973/249 968/974/250 969/975/251
f 968/974/250 970/976/252 969/975/251
f 971/977/253 972/978/253 973/979/253
f 972/980/253 974/981/254 973/982/253
f 975/983/255 976/984/256 977/985/255
f 976/984/256 978/986/256 977/985/255
f 979/987/257 980/988/252 981/989/258
f 980/988/252 982/990/259 981/989/258
f 983/991/258 984/992/260 985/993/261
f 984/992/260 986/994/260 985/993/261
f 987/995/262 988/996/263 989/997/262
f 988/996/263 990/998/263 989/997/262
f 991/999/264 992/1000/265 993/1001/264
f 992/1000/265 994/1002/266 993/1001/264
f 995/1003/267 996/1004/268 997/1005/269
f 996/1004/268 998/1006/270 997/1005/269
f 999/1007/271 1000/1008/272 1001/1009/269
f 1000/1010/272 1002/1011/272 1001/1012/269
f 1003/1013/273 1004/1014/274 1005/1015/274
f 1004/1014/274 1006/1016/274 1005/1015/274
f 1007/1017/138 1008/1018/138 1009/1019/275
f 1008/1018/138 1010/1020/275 1009/1019/275
f 1011/1021/276 1012/1022/268 1013/1023/277
f 1012/1022/268 1014/1024/270 1013/1023/277
f 1015/1025/278 1016/1026/264 1017/1027/278
f 1016/1026/264 1018/1028/264 1017/1027/278
f 1019/1029/279 1020/1030/280 1021/1031/281
f 1020/1030/280 1022/1032/282 1021/1031/281
s 0
f 1023/1033/283 1024/1034/283 1025/1035/283
f 1024/1034/283 1026/1036/283 1025/1035/283
s 1
f 1027/1037/283 1028/1038/284 1029/1039/283
f 1028/1038/284 1030/1040/283 1029/1039/283
f 1031/1041/285 1032/1042/286 1033/1043/287
f 1032/1042/286 1034/1044/288 1033/1043/287
f 1035/1045/282 1036/1046/279 1037/1047/282
f 1036/1046/279 1038/1048/289 1037/1047/282
s 0
f 1039/1049/282 1040/1050/282 1041/1051/282
f 1040/1050/282 1042/1052/282 1041/1051/282
s 1
f 1043/1053/290 1044/1054/290 1045/1055/291
f 1044/1054/290 1046/1056/291 1045/1055/291
f 1047/1057/279 1048/1058/279 1049/1059/289
f 1048/1058/279 1050/1060/292 1049/1059/289
f 1051/1061/293 1052/1062/294 1053/1063/57
f 1052/1062/294 1054/1064/295 1053/1063/57
f 1055/1065/296 1056/1066/297 1057/1067/298
f 1056/1066/297 1058/1068/299 1057/1067/298
f 1059/1069/300 1060/1070/65 1061/1071/57
f 1060/1070/65 1062/1072/57 1061/1071/57
f 1063/1073/301 1064/1074/63 1065/1075/302
f 1064/1074/63 1066/1076/65 1065/1075/302
f 1067/1077/56 1068/1078/65 1069/1079/57
f 1068/1078/65 1070/1080/57 1069/1079/57
f 1071/1081/303 1072/1082/303 1073/1083/303
f 1072/1082/303 1074/1084/303 1073/1083/303
f 1075/1085/294 1076/1086/301 1077/1087/304
f 1076/1088/301 1078/1089/295 1077/1090/304
f 1079/1091/280 1080/1092/305 1081/1093/306
f 1080/1094/305 1082/1095/307 1081/1096/306
f 1083/1097/286 1084/1098/308 1085/1099/309
f 1084/1098/308 1086/1100/309 1085/1099/309
f 1087/1101/310 1088/1102/282 1089/1103/311
f 1088/1102/282 1090/1104/312 1089/1103/311
f 1091/1105/279 1092/1106/282 1093/1107/313
f 1092/1106/282 1094/1108/282 1093/1107/313
s 0
f 1095/1109/282 1096/1110/282 1097/1111/282
f 1096/1110/282 1098/1112/282 1097/1111/282
s 1
f 1099/1113/282 1100/1114/282 1101/1115/312
f 1100/1114/282 1102/1116/282 1101/1115/312
f 1103/1117/290 1104/1118/291 1105/1119/290
f 1104/1118/291 1106/1120/291 1105/1119/290
f 1107/1121/279 1108/1122/279 1109/1123/307
f 1108/1122/279 1110/1124/314 1109/1123/307
f 1111/1125/294 1112/1126/293 1113/1127/315
f 1112/1126/293 1114/1128/316 1113/1127/315
f 1115/1129/57 1116/1130/65 1117/1131/57
f 1116/1130/65 1118/1132/65 1117/1131/57
f 1119/1133/297 1120/1134/296 1121/1135/317
f 1120/1134/296 1122/1136/317 1121/1135/317
f 1123/1137/63 1124/1138/300 1125/1139/63
f 1124/1140/300 1126/1141/318 1125/1142/63
f 1127/1143/63 1128/1144/301 1129/1145/63
f 1128/1144/301 1130/1146/319 1129/1145/63
f 1131/1147/303 1132/1148/303 1133/1149/303
f 1132/1148/303 1134/1150/303 1133/1149/303
f 1135/1151/301 1136/1152/294 1137/1153/294
f 1136/1154/294 1138/1155/320 1137/1156/294
f 1139/1157/321 1140/1158/322 1141/1159/321
f 1140/1158/322 1142/1160/323 1141/1159/321
f 1143/1161/324 1144/1162/325 1145/1163/326
f 1144/1164/325 1146/1165/325 1145/1166/326
f 1147/1167/327 1148/1168/321 1149/1169/328
f 1148/1168/321 1150/1170/321 1149/1169/328
f 1151/1171/329 1152/1172/330 1153/1173/331
f 1152/1172/330 1154/1174/332 1153/1173/331
f 1155/1175/330 1156/1176/327 1157/1177/333
f 1156/1176/327 1158/1178/334 1157/1177/333
f 1159/1179/335 1160/1180/336 1161/1181/335
f 1160/1180/336 1162/1182/336 1161/1181/335
f 1163/1183/337 1164/1184/338 1165/1185/339
f 1164/1186/338 1166/1187/340 1165/1188/339
f 1167/1189/338 1168/1190/335 1169/1191/341
f 1168/1190/335 1170/1192/335 1169/1191/341
f 1171/1193/342 1172/1194/343 1173/1195/342
f 1172/1194/343 1174/1196/344 1173/1195/342
f 1175/1197/266 1176/1198/265 1177/1199/344
f 1176/1198/265 1178/1200/345 1177/1199/344
f 1179/1201/346 1180/1202/347 1181/1203/348
f 1180/1202/347 1182/1204/349 1181/1203/348
f 1183/1205/350 1184/1206/350 1185/1207/350
f 1184/1206/350 1186/1208/350 1185/1207/350
f 1187/1209/348 1188/1210/346 1189/1211/346
f 1188/1210/346 1190/1212/346 1189/1211/346
f 1191/1213/351 1192/1214/352 1193/1215/351
f 1192/1214/352 1194/1216/352 1193/1215/351
f 1195/1217/353 1196/1218/353 1197/1219/354
f 1196/1218/353 1198/1220/353 1197/1219/354
f 1199/1221/355 1200/1222/356 1201/1223/355
f 1200/1222/356 1202/1224/356 1201/1223/355
f 1203/1225/357 1204/1226/355 1205/1227/357
f 1204/1226/355 1206/1228/355 1205/1227/357
f 1207/1229/358 1208/1230/358 1209/1231/358
f 1208/1230/358 1210/1232/358 1209/1231/358
f 1211/1233/359 1212/1234/360 1213/1235/361
f 1212/1234/360 1214/1236/360 1213/1235/361
f 1215/1237/362 1216/1238/362 1217/1239/362
f 1216/1238/362 1218/1240/362 1217/1239/362
f 1219/1241/18 1220/1242/18 1221/1243/363
f 1220/1242/18 1222/1244/363 1221/1243/363
f 1223/1245/18 1224/1246/18 1225/1247/364
f 1224/1246/18 1226/1248/365 1225/1247/364
f 1227/1249/218 1228/1250/18 1229/1251/366
f 1228/1250/18 1230/1252/366 1229/1251/366
f 1231/1253/367 1232/1254/368 1233/1255/367
f 1232/1254/368 1234/1256/367 1233/1255/367
f 1235/1257/18 1236/1258/18 1237/1259/218
f 1236/1258/18 1238/1260/18 1237/1259/218
f 1239/1261/369 1240/1262/370 1241/1263/369
f 1240/1262/370 1242/1264/371 1241/1263/369
f 1243/1265/372 1244/1266/373 1245/1267/374
f 1244/1266/373 1246/1268/375 1245/1267/374
f 1247/1269/19 1248/1270/376 1249/1271/19
f 1248/1270/376 1250/1272/376 1249/1271/19
f 1251/1273/377 1252/1274/364 1253/1275/378
f 1252/1274/364 1254/1276/364 1253/1275/378
f 1255/1277/18 1256/1278/379 1257/1279/18
f 1256/1278/379 1258/1280/379 1257/1279/18
f 1259/1281/380 1260/1282/381 1261/1283/382
f 1260/1282/381 1262/1284/383 1261/1283/382
f 1263/1285/384 1264/1286/385 1265/1287/385
f 1264/1286/385 1266/1288/385 1265/1287/385
f 1267/1289/18 1268/1290/386 1269/1291/18
f 1268/1290/386 1270/1292/218 1269/1291/18
f 1271/1293/387 1272/1294/387 1273/1295/388
f 1272/1294/387 1274/1296/19 1273/1295/388
f 1275/1297/377 1276/1298/378 1277/1299/389
f 1276/1298/378 1278/1300/390 1277/1299/389
f 1279/1301/379 1280/1302/379 1281/1303/391
f 1280/1302/379 1282/1304/392 1281/1303/391
f 1283/1305/212 1284/1306/34 1285/1307/34
f 1284/1306/34 1286/1308/212 1285/1307/34
f 1287/1309/33 1288/1310/216 1289/1311/33
f 1288/1310/216 1290/1312/33 1289/1311/33
f 1291/1313/393 1292/1314/375 1293/1315/394
f 1292/1314/375 1294/1316/373 1293/1315/394
f 1295/1317/214 1296/1318/214 1297/1319/376
f 1296/1318/214 1298/1320/376 1297/1319/376
f 1299/1321/395 1300/1322/396 1301/1323/397
f 1300/1322/396 1302/1324/364 1301/1323/397
f 1303/1325/379 1304/1326/379 1305/1327/18
f 1304/1326/379 1306/1328/18 1305/1327/18
f 1307/1329/398 1308/1330/379 1309/1331/398
f 1308/1330/379 1310/1332/379 1309/1331/398
f 1311/1333/385 1312/1334/384 1313/1335/384
f 1312/1334/384 1314/1336/385 1313/1335/384
f 1315/1337/18 1316/1338/18 1317/1339/18
f 1316/1338/18 1318/1340/18 1317/1339/18
f 1319/1341/18 1320/1342/18 1321/1343/399
f 1320/1342/18 1322/1344/400 1321/1343/399
f 1323/1345/18 1324/1346/18 1325/1347/401
f 1324/1346/18 1326/1348/402 1325/1347/401
f 1327/1349/403 1328/1350/369 1329/1351/403
f 1328/1350/369 1330/1352/369 1329/1351/403
f 1331/1353/404 1332/1354/351 1333/1355/404
f 1332/1354/351 1334/1356/351 1333/1355/404
f 1335/1357/370 1336/1358/405 1337/1359/371
f 1336/1358/405 1338/1360/405 1337/1359/371
f 1339/1361/360 1340/1362/406 1341/1363/360
f 1340/1362/406 1342/1364/407 1341/1363/360
f 1343/1365/374 1344/1366/408 1345/1367/409
f 1344/1366/408 1346/1368/376 1345/1367/409
f 1347/1369/410 1348/1370/411 1349/1371/376
f 1348/1370/411 1350/1372/412 1349/1371/376
f 1351/1373/389 1352/1374/383 1353/1375/413
f 1352/1374/383 1354/1376/387 1353/1375/413
f 1355/1377/383 1356/1378/374 1357/1379/414
f 1356/1378/374 1358/1380/409 1357/1379/414
f 1359/1381/411 1360/1382/389 1361/1383/412
f 1360/1382/389 1362/1384/413 1361/1383/412
f 1363/1385/415 1364/1386/416 1365/1387/214
f 1364/1386/416 1366/1388/214 1365/1387/214
f 1367/1389/416 1368/1390/364 1369/1391/214
f 1368/1390/364 1370/1392/376 1369/1391/214
f 1371/1393/375 1372/1394/393 1373/1395/376
f 1372/1394/393 1374/1396/214 1373/1395/376
f 1375/1397/34 1376/1398/33 1377/1399/34
f 1376/1398/33 1378/1400/33 1377/1399/34
f 1379/1401/208 1380/1402/209 1381/1403/208
f 1380/1402/209 1382/1404/209 1381/1403/208
f 1383/1405/203 1384/1406/171 1385/1407/417
f 1384/1406/171 1386/1408/418 1385/1407/417
f 1387/1409/34 1388/1410/34 1389/1411/212
f 1388/1410/34 1390/1412/34 1389/1411/212
f 1391/1413/209 1392/1414/209 1393/1415/419
f 1392/1414/209 1394/1416/209 1393/1415/419
f 1395/1417/420 1396/1418/421 1397/1419/421
f 1396/1418/421 1398/1420/420 1397/1419/421
f 1399/1421/215 1400/1422/208 1401/1423/208
f 1400/1422/208 1402/1424/215 1401/1423/208
f 1403/1425/216 1404/1426/33 1405/1427/216
f 1404/1426/33 1406/1428/33 1405/1427/216
f 1407/1429/31 1408/1430/23 1409/1431/31
f 1408/1430/23 1410/1432/31 1409/1431/31
f 1411/1433/32 1412/1434/32 1413/1435/32
f 1412/1434/32 1414/1436/32 1413/1435/32
f 1415/1437/422 1416/1438/32 1417/1439/32
f 1416/1438/32 1418/1440/32 1417/1439/32
f 1419/1441/31 1420/1442/31 1421/1443/31
f 1420/1442/31 1422/1444/31 1421/1443/31
f 1423/1445/422 1424/1446/32 1425/1447/423
f 1424/1446/32 1426/1448/32 1425/1447/423
f 1427/1449/31 1428/1450/31 1429/1451/31
f 1428/1450/31 1430/1452/31 1429/1451/31
f 1431/1453/32 1432/1454/32 1433/1455/424
f 1432/1454/32 1434/1456/32 1433/1455/424
f 1435/1457/31 1436/1458/31 1437/1459/31
f 1436/1458/31 1438/1460/31 1437/1459/31
f 1439/1461/65 1440/1462/65 1441/1463/65
f 1440/1462/65 1442/1464/65 1441/1463/65
f 1443/1465/63 1444/1466/63 1445/1467/63
f 1444/1466/63 1446/1468/57 1445/1467/63
f 1447/1469/425 1448/1470/426 1449/1471/425
f 1448/1470/426 1450/1472/427 1449/1471/425
f 1451/1473/18 1452/1474/18 1453/1475/18
f 1452/1474/18 1454/1476/18 1453/1475/18
f 1455/1477/428 1456/1478/429 1457/1479/430
f 1456/1478/429 1458/1480/431 1457/1479/430
f 1459/1481/432 1460/1482/429 1461/1483/31
f 1460/1482/429 1462/1484/31 1461/1483/31
f 1463/1485/425 1464/1486/425 1465/1487/32
f 1464/1486/425 1466/1488/32 1465/1487/32
f 1467/1489/363 1468/1490/363 1469/1491/18
f 1468/1490/363 1470/1492/363 1469/1491/18
f 1471/1493/363 1472/1494/363 1473/1495/363
f 1472/1494/363 1474/1496/18 1473/1495/363
s 0
f 1475/1497/433 1476/1498/433 1477/1499/433
f 1476/1498/433 1478/1500/433 1477/1499/433
s 1
f 1479/1501/434 1480/1502/434 1481/1503/434
f 1480/1502/434 1482/1504/434 1481/1503/434
f 1483/1505/435 1484/1506/436 1485/1507/435
f 1484/1506/436 1486/1508/436 1485/1507/435
f 1487/1509/436 1488/1510/436 1489/1511/436
f 1488/1510/436 1490/1512/436 1489/1511/436
f 1491/1513/437 1492/1514/437 1493/1515/437
f 1492/1514/437 1494/1516/437 1493/1515/437
f 1495/1517/438 1496/1518/438 1497/1519/438
f 1496/1518/438 1498/1520/438 1497/1519/438
f 1499/1521/438 1500/1522/439 1501/1523/438
f 1500/1522/439 1502/1524/439 1501/1523/438
f 1503/1525/440 1504/1526/441 1505/1527/441
f 1504/1526/441 1506/1528/441 1505/1527/441
f 1507/1529/436 1508/1530/436 1509/1531/436
f 1508/1530/436 1510/1532/436 1509/1531/436
f 1511/1533/442 1512/1534/443 1513/1535/444
f 1512/1534/443 1514/1536/445 1513/1535/444
f 1515/1537/446 1516/1538/447 1517/1539/448
f 1516/1538/447 1518/1540/449 1517/1539/448
f 1519/1541/450 1520/1542/451 1521/1543/452
f 1520/1544/451 1522/1545/452 1521/1546/452
f 1523/1547/453 1524/1548/453 1525/1549/453
f 1524/1548/453 1526/1550/453 1525/1549/453
f 1527/1551/454 1528/1552/447 1529/1553/454
f 1528/1552/447 1530/1554/449 1529/1553/454
f 1531/1555/454 1532/1556/455 1533/1557/456
f 1532/1556/455 1534/1558/457 1533/1557/456
f 1535/1559/458 1536/1560/459 1537/1561/458
f 1536/1560/459 1538/1562/460 1537/1561/458
f 1539/1563/461 1540/1564/462 1541/1565/461
f 1540/1564/462 1542/1566/463 1541/1565/461
f 1543/1567/464 1544/1568/465 1545/1569/464
f 1544/1568/465 1546/1570/465 1545/1569/464
f 1547/1571/464 1548/1572/466 1549/1573/464
f 1548/1574/466 1550/1575/467 1549/1576/464
f 1551/1577/468 1552/1578/469 1553/1579/469
f 1552/1578/469 1554/1580/469 1553/1579/469
f 1555/1581/470 1556/1582/470 1557/1583/470
f 1556/1582/470 1558/1584/470 1557/1583/470
f 1559/1585/471 1560/1586/465 1561/1587/471
f 1560/1586/465 1562/1588/465 1561/1587/471
f 1563/1589/472 1564/1590/461 1565/1591/473
f 1564/1590/461 1566/1592/461 1565/1591/473
f 1567/1593/474 1568/1594/475 1569/1595/476
f 1568/1594/475 1570/1596/477 1569/1595/476
f 1571/1597/477 1572/1598/477 1573/1599/478
f 1572/1598/477 1574/1600/479 1573/1599/478
f 1575/1601/479 1576/1602/480 1577/1603/477
f 1576/1602/480 1578/1604/477 1577/1603/477
f 1579/1605/481 1580/1606/482 1581/1607/483
f 1580/1606/482 1582/1608/483 1581/1607/483
f 1583/1609/479 1584/1610/484 1585/1611/479
f 1584/1610/484 1586/1612/478 1585/1611/479
f 1587/1613/479 1588/1614/479 1589/1615/479
f 1588/1614/479 1590/1616/479 1589/1615/479
f 1591/1617/485 1592/1618/485 1593/1619/485
f 1592/1618/485 1594/1620/485 1593/1619/485
f 1595/1621/484 1596/1622/474 1597/1623/477
f 1596/1622/474 1598/1624/486 1597/1623/477
f 1599/1625/487 1600/1626/488 1601/1627/282
f 1600/1626/488 1602/1628/489 1601/1627/282
f 1603/1629/490 1604/1630/491 1605/1631/492
f 1604/1630/491 1606/1632/493 1605/1631/492
f 1607/1633/494 1608/1634/283 1609/1635/283
s 0
f 1608/1634/283 1610/1636/283 1609/1635/283
s 1
f 1611/1637/495 1612/1638/282 1613/1639/496
f 1612/1638/282 1614/1640/282 1613/1639/496
s 0
f 1615/1641/283 1616/1642/283 1617/1643/283
f 1616/1642/283 1618/1644/283 1617/1643/283
s 1
f 1619/1645/497 1620/1646/497 1621/1647/497
f 1620/1646/497 1622/1648/497 1621/1647/497
f 1623/1649/488 1624/1650/488 1625/1651/489
f 1624/1652/488 1626/1653/498 1625/1654/489
f 1627/1655/475 1628/1656/474 1629/1657/499
f 1628/1656/474 1630/1658/500 1629/1657/499
f 1631/1659/482 1632/1660/481 1633/1661/501
f 1632/1660/481 1634/1662/501 1633/1661/501
f 1635/1663/502 1636/1664/503 1637/1665/504
f 1636/1666/503 1638/1667/503 1637/1668/504
f 1639/1669/476 1640/1670/479 1641/1671/505
f 1640/1670/479 1642/1672/503 1641/1671/505
f 1643/1673/479 1644/1674/479 1645/1675/479
f 1644/1674/479 1646/1676/479 1645/1675/479
f 1647/1677/503 1648/1678/478 1649/1679/503
f 1648/1678/478 1650/1680/478 1649/1679/503
f 1651/1681/485 1652/1682/485 1653/1683/485
f 1652/1682/485 1654/1684/485 1653/1683/485
f 1655/1685/474 1656/1686/476 1657/1687/500
f 1656/1686/476 1658/1688/506 1657/1687/500
f 1659/1689/488 1660/1690/487 1661/1691/507
f 1660/1690/487 1662/1692/508 1661/1691/507
s 0
f 1663/1693/282 1664/1694/282 1665/1695/282
s 1
f 1664/1694/282 1666/1696/509 1665/1695/282
f 1667/1697/491 1668/1698/490 1669/1699/510
f 1668/1698/490 1670/1700/511 1669/1699/510
f 1671/1701/282 1672/1702/512 1673/1703/509
f 1672/1704/512 1674/1705/513 1673/1706/509
f 1675/1707/282 1676/1708/488 1677/1709/282
f 1676/1708/488 1678/1710/514 1677/1709/282
f 1679/1711/497 1680/1712/497 1681/1713/497
f 1680/1712/497 1682/1714/497 1681/1713/497
f 1683/1715/488 1684/1716/488 1685/1717/515
f 1684/1718/488 1686/1719/507 1685/1720/515
f 1687/1721/516 1688/1722/517 1689/1723/516
f 1688/1722/517 1690/1724/518 1689/1723/516
f 1691/1725/517 1692/1726/519 1693/1727/520
f 1692/1728/519 1694/1729/519 1693/1730/520
f 1695/1731/521 1696/1732/516 1697/1733/522
f 1696/1732/516 1698/1734/516 1697/1733/522
f 1699/1735/442 1700/1736/444 1701/1737/523
f 1700/1736/444 1702/1738/524 1701/1737/523
f 1703/1739/525 1704/1740/521 1705/1741/524
f 1704/1740/521 1706/1742/522 1705/1741/524
f 1707/1743/526 1708/1744/527 1709/1745/526
f 1708/1744/527 1710/1746/528 1709/1745/526
f 1711/1747/529 1712/1748/530 1713/1749/531
f 1712/1750/530 1714/1751/532 1713/1752/531
f 1715/1753/533 1716/1754/526 1717/1755/534
f 1716/1754/526 1718/1756/526 1717/1755/534
f 1719/1757/527 1720/1758/463 1721/1759/535
f 1720/1758/463 1722/1760/536 1721/1759/535
f 1723/1761/463 1724/1762/462 1725/1763/537
f 1724/1762/462 1726/1764/538 1725/1763/537
f 1727/1765/539 1728/1766/540 1729/1767/539
f 1728/1766/540 1730/1768/541 1729/1767/539
f 1731/1769/542 1732/1770/543 1733/1771/542
f 1732/1770/543 1734/1772/543 1733/1771/542
f 1735/1773/544 1736/1774/539 1737/1775/545
f 1736/1774/539 1738/1776/539 1737/1775/545
f 1739/1777/546 1740/1778/547 1741/1779/546
f 1740/1778/547 1742/1780/547 1741/1779/546
f 1743/1781/548 1744/1782/549 1745/1783/548
f 1744/1782/549 1746/1784/549 1745/1783/548
f 1747/1785/550 1748/1786/551 1749/1787/550
f 1748/1786/551 1750/1788/551 1749/1787/550
f 1751/1789/552 1752/1790/550 1753/1791/553
f 1752/1790/550 1754/1792/554 1753/1791/553
f 1755/1793/555 1756/1794/556 1757/1795/556
f 1756/1794/556 1758/1796/557 1757/1795/556
f 1759/1797/558 1760/1798/559 1761/1799/560
f 1760/1798/559 1762/1800/561 1761/1799/560
f 1763/1801/562 1764/1802/562 1765/1803/562
f 1764/1802/562 1766/1804/562 1765/1803/562
f 1767/1805/237 1768/1806/237 1769/1807/563
f 1768/1806/237 1770/1808/564 1769/1807/563
f 1771/1809/565 1772/1810/565 1773/1811/566
f 1772/1810/565 1774/1812/567 1773/1811/566
f 1775/1813/568 1776/1814/565 1777/1815/32
f 1776/1814/565 1778/1816/32 1777/1815/32
f 1779/1817/569 1780/1818/569 1781/1819/569
f 1780/1818/569 1782/1820/569 1781/1819/569
f 1783/1821/32 1784/1822/32 1785/1823/32
f 1784/1822/32 1786/1824/32 1785/1823/32
f 1787/1825/570 1788/1826/571 1789/1827/570
f 1788/1826/571 1790/1828/571 1789/1827/570
f 1791/1829/572 1792/1830/573 1793/1831/574
f 1792/1830/573 1794/1832/575 1793/1831/574
f 1795/1833/237 1796/1834/32 1797/1835/237
f 1796/1834/32 1798/1836/32 1797/1835/237
f 1799/1837/567 1800/1838/576 1801/1839/567
f 1800/1838/576 1802/1840/566 1801/1839/567
f 1803/1841/568 1804/1842/577 1805/1843/565
f 1804/1842/577 1806/1844/577 1805/1843/565
f 1807/1845/572 1808/1846/574 1809/1847/578
f 1808/1846/574 1810/1848/579 1809/1847/578
f 1811/1849/580 1812/1850/581 1813/1851/581
f 1812/1850/581 1814/1852/581 1813/1851/581
f 1815/1853/32 1816/1854/32 1817/1855/32
f 1816/1854/32 1818/1856/32 1817/1855/32
f 1819/1857/582 1820/1858/583 1821/1859/239
f 1820/1858/583 1822/1860/237 1821/1859/239
f 1823/1861/584 1824/1862/584 1825/1863/585
f 1824/1862/584 1826/1864/586 1825/1863/585
f 1827/1865/577 1828/1866/577 1829/1867/587
f 1828/1866/577 1830/1868/587 1829/1867/587
f 1831/1869/34 1832/1870/212 1833/1871/34
f 1832/1870/212 1834/1872/212 1833/1871/34
f 1835/1873/33 1836/1874/33 1837/1875/33
f 1836/1874/33 1838/1876/33 1837/1875/33
f 1839/1877/588 1840/1878/575 1841/1879/589
f 1840/1878/575 1842/1880/590 1841/1879/589
f 1843/1881/591 1844/1882/591 1845/1883/32
f 1844/1882/591 1846/1884/32 1845/1883/32
f 1847/1885/592 1848/1886/593 1849/1887/594
f 1848/1886/593 1850/1888/576 1849/1887/594
f 1851/1889/577 1852/1890/577 1853/1891/565
f 1852/1890/577 1854/1892/568 1853/1891/565
f 1855/1893/587 1856/1894/577 1857/1895/587
f 1856/1894/577 1858/1896/577 1857/1895/587
f 1859/1897/595 1860/1898/595 1861/1899/595
f 1860/1898/595 1862/1900/595 1861/1899/595
f 1863/1901/32 1864/1902/32 1865/1903/32
f 1864/1902/32 1866/1904/32 1865/1903/32
f 1867/1905/568 1868/1906/568 1869/1907/596
f 1868/1906/568 1870/1908/597 1869/1907/596
f 1871/1909/565 1872/1910/565 1873/1911/236
f 1872/1910/565 1874/1912/598 1873/1911/236
f 1875/1913/369 1876/1914/570 1877/1915/369
f 1876/1914/570 1878/1916/570 1877/1915/369
f 1879/1917/599 1880/1918/600 1881/1919/599
f 1880/1918/600 1882/1920/546 1881/1919/599
f 1883/1921/571 1884/1922/601 1885/1923/602
f 1884/1922/601 1886/1924/603 1885/1923/602
f 1887/1925/559 1888/1926/604 1889/1927/561
f 1888/1926/604 1890/1928/604 1889/1927/561
f 1891/1929/574 1892/1930/575 1893/1931/238
f 1892/1930/575 1894/1932/605 1893/1931/238
f 1895/1933/576 1896/1934/567 1897/1935/605
f 1896/1934/567 1898/1936/239 1897/1935/605
f 1899/1937/606 1900/1938/579 1901/1939/583
f 1900/1938/579 1902/1940/582 1901/1939/583
f 1903/1941/579 1904/1942/574 1905/1943/582
f 1904/1942/574 1906/1944/239 1905/1943/582
f 1907/1945/567 1908/1946/585 1909/1947/239
f 1908/1946/585 1910/1948/582 1909/1947/239
f 1911/1949/607 1912/1950/608 1913/1951/609
f 1912/1950/608 1914/1952/421 1913/1951/609
f 1915/1953/608 1916/1954/576 1917/1955/421
f 1916/1954/576 1918/1956/605 1917/1955/421
f 1919/1957/575 1920/1958/607 1921/1959/610
f 1920/1958/607 1922/1960/420 1921/1959/610
f 1923/1961/33 1924/1962/34 1925/1963/33
f 1924/1962/34 1926/1964/34 1925/1963/33
f 1927/1965/209 1928/1966/208 1929/1967/209
f 1928/1966/208 1930/1968/208 1929/1967/209
f 1931/1969/414 1932/1970/414 1933/1971/387
f 1932/1970/414 1934/1972/414 1933/1971/387
f 1935/1973/216 1936/1974/216 1937/1975/33
f 1936/1974/216 1938/1976/33 1937/1975/33
f 1939/1977/208 1940/1978/208 1941/1979/208
f 1940/1978/208 1942/1980/215 1941/1979/208
f 1943/1981/611 1944/1982/611 1945/1983/611
f 1944/1982/611 1946/1984/611 1945/1983/611
f 1947/1985/419 1948/1986/209 1949/1987/419
f 1948/1986/209 1950/1988/209 1949/1987/419
f 1951/1989/34 1952/1990/34 1953/1991/212
f 1952/1990/34 1954/1992/34 1953/1991/212
f 1955/1993/19 1956/1994/19 1957/1995/18
f 1956/1994/19 1958/1996/388 1957/1995/18
f 1959/1997/20 1960/1998/27 1961/1999/27
f 1960/1998/27 1962/2000/27 1961/1999/27
f 1963/2001/217 1964/2002/217 1965/2003/27
f 1964/2002/217 1966/2004/20 1965/2003/27
f 1967/2005/218 1968/2006/19 1969/2007/218
f 1968/2006/19 1970/2008/386 1969/2007/218
f 1971/2009/20 1972/2010/217 1973/2011/27
f 1972/2010/217 1974/2012/27 1973/2011/27
f 1975/2013/18 1976/2014/18 1977/2015/18
f 1976/2014/18 1978/2016/612 1977/2015/18
f 1979/2017/217 1980/2018/27 1981/2019/27
f 1980/2018/27 1982/2020/27 1981/2019/27
f 1983/2021/19 1984/2022/18 1985/2023/19
f 1984/2022/18 1986/2024/18 1985/2023/19
s 0
f 1987/2025/282 1988/2026/282 1989/2027/282
f 1988/2026/282 1990/2028/282 1989/2027/282
f 1991/2029/282 1992/2030/282 1993/2031/282
f 1992/2030/283 1994/2032/283 1993/2031/283
s 1
f 1995/2033/613 1996/2034/614 1997/2035/615
f 1996/2034/614 1998/2036/616 1997/2035/615
f 1999/2037/237 2000/2038/239 2001/2039/237
f 2000/2038/239 2002/2040/237 2001/2039/237
f 2003/2041/617 2004/2042/618 2005/2043/619
f 2004/2042/618 2006/2044/620 2005/2043/619
f 2007/2045/620 2008/2046/618 2009/2047/218
f 2008/2046/618 2010/2048/18 2009/2047/218
f 2011/2049/613 2012/2050/621 2013/2051/27
f 2012/2050/621 2014/2052/217 2013/2051/27
f 2015/2053/564 2016/2054/563 2017/2055/237
f 2016/2054/563 2018/2056/564 2017/2055/237
f 2019/2057/563 2020/2058/563 2021/2059/622
f 2020/2058/563 2022/2060/237 2021/2059/622
f 2023/2061/623 2024/2062/623 2025/2063/623
f 2024/2062/623 2026/2064/624 2025/2063/623
f 2027/2065/625 2028/2066/626 2029/2067/625
f 2028/2066/626 2030/2068/625 2029/2067/625
f 2031/2069/189 2032/2070/148 2033/2071/627
f 2032/2070/148 2034/2072/148 2033/2071/627
f 2035/2073/148 2036/2074/162 2037/2075/148
f 2036/2074/162 2038/2076/162 2037/2075/148
f 2039/2077/628 2040/2078/628 2041/2079/629
f 2040/2078/628 2042/2080/628 2041/2079/629
f 2043/2081/630 2044/2082/630 2045/2083/630
f 2044/2082/630 2046/2084/630 2045/2083/630
f 2047/2085/630 2048/2086/631 2049/2087/630
f 2048/2086/631 2050/2088/631 2049/2087/630
f 2051/2089/632 2052/2090/632 2053/2091/632
f 2052/2090/632 2054/2092/632 2053/2091/632
f 2055/2093/633 2056/2094/162 2057/2095/162
f 2056/2094/162 2058/2096/162 2057/2095/162
f 2059/2097/634 2060/2098/635 2061/2099/636
f 2060/2098/635 2062/2100/637 2061/2099/636
f 2063/2101/638 2064/2102/639 2065/2103/640
f 2064/2102/639 2066/2104/641 2065/2103/640
f 2067/2105/642 2068/2106/642 2069/2107/642
f 2068/2108/642 2070/2109/643 2069/2110/642
f 2071/2111/644 2072/2112/645 2073/2113/644
f 2072/2112/645 2074/2114/644 2073/2113/644
f 2075/2115/646 2076/2116/647 2077/2117/646
f 2076/2116/647 2078/2118/648 2077/2117/646
f 2079/2119/646 2080/2120/649 2081/2121/646
f 2080/2120/649 2082/2122/649 2081/2121/646
f 2083/2123/635 2084/2124/650 2085/2125/637
f 2084/2124/650 2086/2126/651 2085/2125/637
f 2087/2127/652 2088/2128/653 2089/2129/652
f 2088/2128/653 2090/2130/654 2089/2129/652
f 2091/2131/655 2092/2132/656 2093/2133/655
f 2092/2132/656 2094/2134/657 2093/2133/655
f 2095/2135/658 2096/2136/659 2097/2137/655
f 2096/2138/659 2098/2139/660 2097/2140/655
f 2099/2141/661 2100/2142/662 2101/2143/662
f 2100/2142/662 2102/2144/663 2101/2143/662
f 2103/2145/551 2104/2146/551 2105/2147/551
f 2104/2146/551 2106/2148/551 2105/2147/551
f 2107/2149/664 2108/2150/656 2109/2151/665
f 2108/2150/656 2110/2152/657 2109/2151/665
f 2111/2153/666 2112/2154/652 2113/2155/667
f 2112/2154/652 2114/2156/652 2113/2155/667
f 2115/2157/668 2116/2158/669 2117/2159/670
f 2116/2158/669 2118/2160/75 2117/2159/670
s 0
f 2119/2161/75 2120/2162/75 2121/2163/75
f 2120/2162/75 2122/2164/75 2121/2163/75
s 1
f 2123/2165/75 2124/2166/671 2125/2167/75
f 2124/2166/671 2126/2168/75 2125/2167/75
f 2127/2169/672 2128/2170/673 2129/2171/674
f 2128/2170/673 2130/2172/674 2129/2171/674
f 2131/2173/75 2132/2174/675 2133/2175/75
f 2132/2174/675 2134/2176/670 2133/2175/75
s 0
f 2135/2177/75 2136/2178/75 2137/2179/75
f 2136/2178/75 2138/2180/75 2137/2179/75
s 1
f 2139/2181/676 2140/2182/676 2141/2183/677
f 2140/2182/676 2142/2184/676 2141/2183/677
f 2143/2185/675 2144/2186/668 2145/2187/670
f 2144/2186/668 2146/2188/670 2145/2187/670
f 2147/2189/678 2148/2190/679 2149/2191/478
f 2148/2190/679 2150/2192/680 2149/2191/478
f 2151/2193/681 2152/2194/681 2153/2195/682
f 2152/2194/681 2154/2196/683 2153/2195/682
f 2155/2197/684 2156/2198/477 2157/2199/477
f 2156/2198/477 2158/2200/477 2157/2199/477
f 2159/2201/685 2160/2202/477 2161/2203/686
f 2160/2202/477 2162/2204/477 2161/2203/686
f 2163/2205/478 2164/2206/478 2165/2207/478
f 2164/2206/478 2166/2208/478 2165/2207/478
f 2167/2209/687 2168/2210/687 2169/2211/688
f 2168/2210/687 2170/2212/687 2169/2211/688
f 2171/2213/679 2172/2214/685 2173/2215/689
f 2172/2214/685 2174/2216/680 2173/2215/689
f 2175/2217/669 2176/2218/668 2177/2219/690
f 2176/2218/668 2178/2220/691 2177/2219/690
f 2179/2221/673 2180/2222/672 2181/2223/692
f 2180/2222/672 2182/2224/692 2181/2223/692
f 2183/2225/671 2184/2226/75 2185/2227/693
f 2184/2228/75 2186/2229/694 2185/2230/693
f 2187/2231/675 2188/2232/77 2189/2233/695
f 2188/2232/77 2190/2234/77 2189/2233/695
s 0
f 2191/2235/77 2192/2236/77 2193/2237/77
f 2192/2236/77 2194/2238/77 2193/2237/77
s 1
f 2195/2239/75 2196/2240/75 2197/2241/694
f 2196/2240/75 2198/2242/75 2197/2241/694
f 2199/2243/677 2200/2244/677 2201/2245/676
f 2200/2244/677 2202/2246/676 2201/2245/676
f 2203/2247/668 2204/2248/675 2205/2249/691
f 2204/2248/675 2206/2250/696 2205/2249/691
f 2207/2251/697 2208/2252/678 2209/2253/698
f 2208/2254/678 2210/2255/699 2209/2256/698
f 2211/2257/477 2212/2258/478 2213/2259/477
f 2212/2258/478 2214/2260/478 2213/2259/477
f 2215/2261/700 2216/2262/681 2217/2263/701
f 2216/2262/681 2218/2264/702 2217/2263/701
f 2219/2265/477 2220/2266/703 2221/2267/477
f 2220/2266/703 2222/2268/704 2221/2267/477
f 2223/2269/477 2224/2270/705 2225/2271/477
f 2224/2270/705 2226/2272/706 2225/2271/477
f 2227/2273/687 2228/2274/687 2229/2275/687
f 2228/2274/687 2230/2276/688 2229/2275/687
f 2231/2277/705 2232/2278/697 2233/2279/679
f 2232/2280/697 2234/2281/707 2233/2282/679
f 2235/2283/708 2236/2284/709 2237/2285/708
f 2236/2284/709 2238/2286/710 2237/2285/708
f 2239/2287/711 2240/2288/712 2241/2289/710
f 2240/2290/712 2242/2291/712 2241/2292/710
f 2243/2293/713 2244/2294/708 2245/2295/714
f 2244/2294/708 2246/2296/708 2245/2295/714
f 2247/2297/715 2248/2298/636 2249/2299/716
f 2248/2298/636 2250/2300/717 2249/2299/716
f 2251/2301/636 2252/2302/713 2253/2303/717
f 2252/2302/713 2254/2304/714 2253/2303/717
f 2255/2305/718 2256/2306/719 2257/2307/718
f 2256/2306/719 2258/2308/719 2257/2307/718
f 2259/2309/720 2260/2310/721 2261/2311/720
f 2260/2312/721 2262/2313/722 2261/2314/720
f 2263/2315/721 2264/2316/723 2265/2317/722
f 2264/2316/723 2266/2318/718 2265/2317/722
f 2267/2319/719 2268/2320/724 2269/2321/719
f 2268/2320/724 2270/2322/725 2269/2321/719
f 2271/2323/654 2272/2324/653 2273/2325/725
f 2272/2324/653 2274/2326/726 2273/2325/725
f 2275/2327/727 2276/2328/728 2277/2329/729
f 2276/2328/728 2278/2330/728 2277/2329/729
f 2279/2331/730 2280/2332/731 2281/2333/730
f 2280/2332/731 2282/2334/730 2281/2333/730
f 2283/2335/727 2284/2336/729 2285/2337/729
f 2284/2336/729 2286/2338/727 2285/2337/729
f 2287/2339/732 2288/2340/733 2289/2341/732
f 2288/2340/733 2290/2342/733 2289/2341/732
f 2291/2343/734 2292/2344/734 2293/2345/735
f 2292/2344/734 2294/2346/735 2293/2345/735
f 2295/2347/736 2296/2348/736 2297/2349/736
f 2296/2348/736 2298/2350/736 2297/2349/736
f 2299/2351/737 2300/2352/736 2301/2353/738
f 2300/2352/736 2302/2354/736 2301/2353/738
f 2303/2355/739 2304/2356/739 2305/2357/739
f 2304/2356/739 2306/2358/739 2305/2357/739
f 2307/2359/740 2308/2360/741 2309/2361/740
f 2308/2360/741 2310/2362/741 2309/2361/740
f 2311/2363/742 2312/2364/743 2313/2365/742
f 2312/2364/743 2314/2366/742 2313/2365/742
f 2315/2367/20 2316/2368/20 2317/2369/744
f 2316/2368/20 2318/2370/744 2317/2369/744
f 2319/2371/745 2320/2372/745 2321/2373/746
f 2320/2372/745 2322/2374/747 2321/2373/746
f 2323/2375/745 2324/2376/748 2325/2377/20
f 2324/2376/748 2326/2378/20 2325/2377/20
f 2327/2379/749 2328/2380/749 2329/2381/749
f 2328/2380/749 2330/2382/749 2329/2381/749
f 2331/2383/20 2332/2384/20 2333/2385/27
f 2332/2384/20 2334/2386/27 2333/2385/27
f 2335/2387/191 2336/2388/750 2337/2389/191
f 2336/2388/750 2338/2390/751 2337/2389/191
f 2339/2391/752 2340/2392/753 2341/2393/754
f 2340/2392/753 2342/2394/755 2341/2393/754
f 2343/2395/20 2344/2396/756 2345/2397/20
f 2344/2396/756 2346/2398/756 2345/2397/20
f 2347/2399/757 2348/2400/746 2349/2401/747
f 2348/2400/746 2350/2402/746 2349/2401/747
f 2351/2403/745 2352/2404/758 2353/2405/745
f 2352/2404/758 2354/2406/758 2353/2405/745
f 2355/2407/752 2356/2408/754 2357/2409/759
f 2356/2408/754 2358/2410/760 2357/2409/759
f 2359/2411/761 2360/2412/761 2361/2413/762
f 2360/2412/761 2362/2414/762 2361/2413/762
f 2363/2415/20 2364/2416/20 2365/2417/20
f 2364/2416/20 2366/2418/20 2365/2417/20
f 2367/2419/210 2368/2420/210 2369/2421/20
f 2368/2420/210 2370/2422/20 2369/2421/20
f 2371/2423/763 2372/2424/764 2373/2425/765
f 2372/2424/764 2374/2426/766 2373/2425/765
f 2375/2427/767 2376/2428/767 2377/2429/768
f 2376/2428/767 2378/2430/768 2377/2429/768
f 2379/2431/216 2380/2432/33 2381/2433/33
f 2380/2432/33 2382/2434/33 2381/2433/33
f 2383/2435/34 2384/2436/34 2385/2437/34
f 2384/2436/34 2386/2438/34 2385/2437/34
f 2387/2439/769 2388/2440/755 2389/2441/770
f 2388/2440/755 2390/2442/753 2389/2441/770
f 2391/2443/611 2392/2444/611 2393/2445/756
f 2392/2444/611 2394/2446/756 2393/2445/756
f 2395/2447/771 2396/2448/746 2397/2449/772
f 2396/2448/746 2398/2450/746 2397/2449/772
f 2399/2451/767 2400/2452/758 2401/2453/745
f 2400/2452/758 2402/2454/745 2401/2453/745
f 2403/2455/768 2404/2456/767 2405/2457/768
f 2404/2456/767 2406/2458/758 2405/2457/768
f 2407/2459/762 2408/2460/773 2409/2461/773
f 2408/2460/773 2410/2462/761 2409/2461/773
f 2411/2463/20 2412/2464/20 2413/2465/20
f 2412/2464/20 2414/2466/20 2413/2465/20
f 2415/2467/745 2416/2468/745 2417/2469/774
f 2416/2468/745 2418/2470/774 2417/2469/774
f 2419/2471/745 2420/2472/745 2421/2473/435
f 2420/2472/745 2422/2474/435 2421/2473/435
f 2423/2475/405 2424/2476/191 2425/2477/775
f 2424/2476/191 2426/2478/191 2425/2477/775
f 2427/2479/776 2428/2480/732 2429/2481/776
f 2428/2480/732 2430/2482/732 2429/2481/776
f 2431/2483/750 2432/2484/403 2433/2485/777
f 2432/2484/403 2434/2486/403 2433/2485/777
f 2435/2487/741 2436/2488/778 2437/2489/741
f 2436/2488/778 2438/2490/778 2437/2489/741
f 2439/2491/754 2440/2492/755 2441/2493/436
f 2440/2492/755 2442/2494/756 2441/2493/436
f 2443/2495/746 2444/2496/779 2445/2497/756
f 2444/2496/779 2446/2498/436 2445/2497/756
f 2447/2499/780 2448/2500/760 2449/2501/210
f 2448/2500/760 2450/2502/211 2449/2501/210
f 2451/2503/760 2452/2504/754 2453/2505/210
f 2452/2504/754 2454/2506/436 2453/2505/210
f 2455/2507/779 2456/2508/780 2457/2509/436
f 2456/2508/780 2458/2510/210 2457/2509/436
f 2459/2511/769 2460/2512/772 2461/2513/781
f 2460/2512/772 2462/2514/611 2461/2513/781
f 2463/2515/782 2464/2516/746 2465/2517/781
f 2464/2516/746 2466/2518/756 2465/2517/781
f 2467/2519/755 2468/2520/769 2469/2521/756
f 2468/2520/769 2470/2522/783 2469/2521/756
f 2471/2523/33 2472/2524/34 2473/2525/33
f 2472/2524/34 2474/2526/34 2473/2525/33
f 2475/2527/209 2476/2528/208 2477/2529/209
f 2476/2528/208 2478/2530/208 2477/2529/209
f 2479/2531/583 2480/2532/582 2481/2533/583
f 2480/2532/582 2482/2534/582 2481/2533/583
f 2483/2535/216 2484/2536/33 2485/2537/216
f 2484/2536/33 2486/2538/216 2485/2537/216
f 2487/2539/208 2488/2540/208 2489/2541/215
f 2488/2540/208 2490/2542/208 2489/2541/215
f 2491/2543/207 2492/2544/784 2493/2545/784
f 2492/2544/784 2494/2546/785 2493/2545/784
f 2495/2547/419 2496/2548/209 2497/2549/209
f 2496/2548/209 2498/2550/419 2497/2549/209
f 2499/2551/34 2500/2552/34 2501/2553/212
f 2500/2552/34 2502/2554/212 2501/2553/212
f 2503/2555/22 2504/2556/32 2505/2557/422
f 2504/2556/32 2506/2558/32 2505/2557/422
f 2507/2559/31 2508/2560/31 2509/2561/786
f 2508/2560/31 2510/2562/31 2509/2561/786
f 2511/2563/31 2512/2564/31 2513/2565/31
f 2512/2564/31 2514/2566/31 2513/2565/31
f 2515/2567/424 2516/2568/32 2517/2569/32
f 2516/2568/32 2518/2570/32 2517/2569/32
f 2519/2571/31 2520/2572/31 2521/2573/31
f 2520/2572/31 2522/2574/31 2521/2573/31
f 2523/2575/32 2524/2576/32 2525/2577/32
f 2524/2576/32 2526/2578/423 2525/2577/32
f 2527/2579/31 2528/2580/31 2529/2581/31
f 2528/2580/31 2530/2582/31 2529/2581/31
f 2531/2583/32 2532/2584/32 2533/2585/32
f 2532/2584/32 2534/2586/32 2533/2585/32
f 2535/2587/477 2536/2588/477 2537/2589/477
f 2536/2588/477 2538/2590/477 2537/2589/477
f 2539/2591/477 2540/2592/477 2541/2593/477
f 2540/2592/477 2542/2594/479 2541/2593/477
f 2543/2595/787 2544/2596/788 2545/2597/787
f 2544/2596/788 2546/2598/789 2545/2597/787
f 2547/2599/20 2548/2600/20 2549/2601/20
f 2548/2600/20 2550/2602/20 2549/2601/20
f 2551/2603/790 2552/2604/791 2553/2605/792
f 2552/2604/791 2554/2606/793 2553/2605/792
f 2555/2607/794 2556/2608/795 2557/2609/422
f 2556/2608/795 2558/2610/424 2557/2609/422
f 2559/2611/787 2560/2612/796 2561/2613/31
f 2560/2612/796 2562/2614/31 2561/2613/31
f 2563/2615/744 2564/2616/744 2565/2617/20
f 2564/2616/744 2566/2618/744 2565/2617/20
f 2567/2619/797 2568/2620/744 2569/2621/797
f 2568/2620/744 2570/2622/20 2569/2621/797
f 2571/2623/798 2572/2624/798 2573/2625/798
f 2572/2624/798 2574/2626/798 2573/2625/798
f 2575/2627/799 2576/2628/800 2577/2629/800
f 2576/2628/800 2578/2630/800 2577/2629/800
f 2579/2631/401 2580/2632/409 2581/2633/801
f 2580/2632/409 2582/2634/409 2581/2633/801
f 2583/2635/802 2584/2636/412 2585/2637/409
f 2584/2636/412 2586/2638/803 2585/2637/409
f 2587/2639/804 2588/2640/804 2589/2641/804
f 2588/2640/804 2590/2642/804 2589/2641/804
f 2591/2643/805 2592/2644/805 2593/2645/805
f 2592/2644/805 2594/2646/805 2593/2645/805
f 2595/2647/805 2596/2648/806 2597/2649/807
f 2596/2648/806 2598/2650/808 2597/2649/807
f 2599/2651/809 2600/2652/809 2601/2653/809
f 2600/2652/809 2602/2654/809 2601/2653/809
f 2603/2655/412 2604/2656/412 2605/2657/412
f 2604/2656/412 2606/2658/412 2605/2657/412
f 2607/2659/31 2608/2660/31 2609/2661/31
f 2608/2660/31 2610/2662/31 2609/2661/31
f 2611/2663/20 2612/2664/27 2613/2665/20
f 2612/2664/27 2614/2666/27 2613/2665/20
f 2615/2667/32 2616/2668/32 2617/2669/32
f 2616/2668/32 2618/2670/32 2617/2669/32
f 2619/2671/19 2620/2672/19 2621/2673/19
f 2620/2672/19 2622/2674/19 2621/2673/19
f 2623/2675/786 2624/2676/31 2625/2677/810
f 2624/2676/31 2626/2678/31 2625/2677/810
f 2627/2679/27 2628/2680/20 2629/2681/20
f 2628/2680/20 2630/2682/20 2629/2681/20
f 2631/2683/32 2632/2684/32 2633/2685/32
f 2632/2684/32 2634/2686/32 2633/2685/32
f 2635/2687/19 2636/2688/19 2637/2689/19
f 2636/2688/19 2638/2690/811 2637/2689/19
f 2639/2691/786 2640/2692/31 2641/2693/31
f 2640/2692/31 2642/2694/31 2641/2693/31
f 2643/2695/20 2644/2696/20 2645/2697/217
f 2644/2696/20 2646/2698/20 2645/2697/217
f 2647/2699/32 2648/2700/32 2649/2701/32
f 2648/2700/32 2650/2702/32 2649/2701/32
f 2651/2703/19 2652/2704/19 2653/2705/19
f 2652/2704/19 2654/2706/811 2653/2705/19
f 2655/2707/31 2656/2708/31 2657/2709/810
f 2656/2708/31 2658/2710/31 2657/2709/810
f 2659/2711/27 2660/2712/20 2661/2713/20
f 2660/2712/20 2662/2714/20 2661/2713/20
f 2663/2715/32 2664/2716/32 2665/2717/32
f 2664/2716/32 2666/2718/32 2665/2717/32
f 2667/2719/19 2668/2720/19 2669/2721/19
f 2668/2720/19 2670/2722/811 2669/2721/19
s 0
f 2671/2723/282 2672/2724/282 2673/2725/282
f 2672/2724/282 2674/2726/282 2673/2725/282
f 2675/2727/75 2676/2728/75 2677/2729/75
f 2676/2728/75 2678/2730/75 2677/2729/75
s 1
f 2679/2731/57 2680/2732/57 2681/2733/57
f 2680/2732/57 2682/2734/57 2681/2733/57
f 2683/2735/478 2684/2736/478 2685/2737/478
f 2684/2736/478 2686/2738/478 2685/2737/478
f 2687/2739/31 2688/2740/31 2689/2741/31
f 2688/2740/31 2690/2742/31 2689/2741/31
f 2691/2743/20 2692/2744/20 2693/2745/20
f 2692/2744/20 2694/2746/20 2693/2745/20
f 2695/2747/19 2696/2748/19 2697/2749/811
f 2696/2748/19 2698/2750/19 2697/2749/811
f 2699/2751/32 2700/2752/32 2701/2753/32
f 2700/2752/32 2702/2754/32 2701/2753/32
s 0
f 2703/2755/282 2704/2756/282 2705/2757/282
f 2704/2756/282 2706/2758/282 2705/2757/282
s 1
f 2707/2759/20 2708/2760/27 2709/2761/27
f 2708/2760/27 2710/2762/27 2709/2761/27
f 2711/2763/57 2712/2764/57 2713/2765/57
f 2712/2764/57 2714/2766/57 2713/2765/57
f 2715/2767/22 2716/2768/32 2717/2769/32
f 2716/2768/32 2718/2770/32 2717/2769/32
s 0
f 2719/2771/75 2720/2772/75 2721/2773/75
f 2720/2772/75 2722/2774/75 2721/2773/75
s 1
f 2723/2775/19 2724/2776/19 2725/2777/19
f 2724/2776/19 2726/2778/19 2725/2777/19
f 2727/2779/478 2728/2780/477 2729/2781/478
f 2728/2780/477 2730/2782/477 2729/2781/478
f 2731/2783/31 2732/2784/31 2733/2785/31
f 2732/2784/31 2734/2786/31 2733/2785/31
s 0
f 2735/2787/282 2736/2788/282 2737/2789/282
f 2736/2788/282 2738/2790/282 2737/2789/282
s 1
f 2739/2791/27 2740/2792/27 2741/2793/27
f 2740/2792/27 2742/2794/20 2741/2793/27
f 2743/2795/57 2744/2796/57 2745/2797/57
f 2744/2796/57 2746/2798/57 2745/2797/57
f 2747/2799/22 2748/2800/32 2749/2801/32
f 2748/2800/32 2750/2802/22 2749/2801/32
s 0
f 2751/2803/75 2752/2804/75 2753/2805/75
f 2752/2804/75 2754/2806/75 2753/2805/75
s 1
f 2755/2807/19 2756/2808/19 2757/2809/19
f 2756/2808/19 2758/2810/19 2757/2809/19
f 2759/2811/478 2760/2812/477 2761/2813/478
f 2760/2812/477 2762/2814/477 2761/2813/478
f 2763/2815/31 2764/2816/31 2765/2817/31
f 2764/2816/31 2766/2818/31 2765/2817/31
s 0
f 2767/2819/282 2768/2820/282 2769/2821/282
f 2768/2820/282 2770/2822/282 2769/2821/282
s 1
f 2771/2823/20 2772/2824/20 2773/2825/20
f 2772/2824/20 2774/2826/20 2773/2825/20
f 2775/2827/57 2776/2828/57 2777/2829/57
f 2776/2828/57 2778/2830/57 2777/2829/57
f 2779/2831/22 2780/2832/32 2781/2833/32
f 2780/2832/32 2782/2834/22 2781/2833/32
s 0
f 2783/2835/75 2784/2836/75 2785/2837/75
f 2784/2836/75 2786/2838/75 2785/2837/75
s 1
f 2787/2839/19 2788/2840/19 2789/2841/19
f 2788/2840/19 2790/2842/19 2789/2841/19
f 2791/2843/478 2792/2844/478 2793/2845/478
f 2792/2844/478 2794/2846/478 2793/2845/478
f 2795/2847/31 2796/2848/810 2797/2849/31
f 2796/2848/810 2798/2850/31 2797/2849/31
s 0
f 2799/2851/282 2800/2852/282 2801/2853/282
f 2800/2852/282 2802/2854/282 2801/2853/282
s 1
f 2803/2855/20 2804/2856/20 2805/2857/20
f 2804/2856/20 2806/2858/20 2805/2857/20
f 2807/2859/57 2808/2860/57 2809/2861/57
f 2808/2860/57 2810/2862/57 2809/2861/57
f 2811/2863/22 2812/2864/32 2813/2865/32
f 2812/2864/32 2814/2866/32 2813/2865/32
s 0
f 2815/2867/75 2816/2868/75 2817/2869/75
f 2816/2868/75 2818/2870/75 2817/2869/75
s 1
f 2819/2871/19 2820/2872/19 2821/2873/19
f 2820/2872/19 2822/2874/19 2821/2873/19
f 2823/2875/478 2824/2876/478 2825/2877/478
f 2824/2876/478 2826/2878/478 2825/2877/478
f 2827/2879/31 2828/2880/31 2829/2881/810
f 2828/2880/31 2830/2882/31 2829/2881/810
s 0
f 2831/2883/282 2832/2884/282 2833/2885/282
f 2832/2884/282 2834/2886/282 2833/2885/282
s 1
f 2835/2887/20 2836/2888/27 2837/2889/20
f 2836/2888/27 2838/2890/20 2837/2889/20
f 2839/2891/57 2840/2892/57 2841/2893/57
f 2840/2892/57 2842/2894/57 2841/2893/57
f 2843/2895/32 2844/2896/32 2845/2897/32
f 2844/2896/32 2846/2898/22 2845/2897/32
s 0
f 2847/2899/75 2848/2900/75 2849/2901/75
f 2848/2900/75 2850/2902/75 2849/2901/75
s 1
f 2851/2903/811 2852/2904/19 2853/2905/19
f 2852/2904/19 2854/2906/19 2853/2905/19
f 2855/2907/478 2856/2908/478 2857/2909/478
f 2856/2908/478 2858/2910/478 2857/2909/478
f 2859/2911/31 2860/2912/31 2861/2913/31
f 2860/2912/31 2862/2914/31 2861/2913/31
s 0
f 2863/2915/282 2864/2916/282 2865/2917/282
f 2864/2916/282 2866/2918/282 2865/2917/282
s 1
f 2867/2919/20 2868/2920/27 2869/2921/27
f 2868/2920/27 2870/2922/20 2869/2921/27
f 2871/2923/57 2872/2924/57 2873/2925/57
f 2872/2924/57 2874/2926/57 2873/2925/57
f 2875/2927/32 2876/2928/32 2877/2929/32
f 2876/2928/32 2878/2930/32 2877/2929/32
s 0
f 2879/2931/75 2880/2932/75 2881/2933/75
f 2880/2932/75 2882/2934/75 2881/2933/75
s 1
f 2883/2935/19 2884/2936/19 2885/2937/19
f 2884/2936/19 2886/2938/19 2885/2937/19
f 2887/2939/478 2888/2940/478 2889/2941/478
f 2888/2940/478 2890/2942/478 2889/2941/478
f 2891/2943/31 2892/2944/31 2893/2945/31
f 2892/2944/31 2894/2946/31 2893/2945/31
s 0
f 2895/2947/282 2896/2948/282 2897/2949/282
f 2896/2948/282 2898/2950/282 2897/2949/282
s 1
f 2899/2951/20 2900/2952/20 2901/2953/20
f 2900/2952/20 2902/2954/20 2901/2953/20
f 2903/2955/57 2904/2956/57 2905/2957/57
f 2904/2956/57 2906/2958/57 2905/2957/57
f 2907/2959/32 2908/2960/32 2909/2961/32
f 2908/2960/32 2910/2962/32 2909/2961/32
s 0
f 2911/2963/75 2912/2964/75 2913/2965/75
f 2912/2964/75 2914/2966/75 2913/2965/75
s 1
f 2915/2967/19 2916/2968/19 2917/2969/19
f 2916/2968/19 2918/2970/19 2917/2969/19
f 2919/2971/477 2920/2972/478 2921/2973/477
f 2920/2972/478 2922/2974/478 2921/2973/477
f 2923/2975/31 2924/2976/31 2925/2977/31
f 2924/2976/31 2926/2978/31 2925/2977/31
s 0
f 2927/2979/282 2928/2980/282 2929/2981/282
f 2928/2980/282 2930/2982/282 2929/2981/282
s 1
f 2931/2983/20 2932/2984/20 2933/2985/20
f 2932/2984/20 2934/2986/20 2933/2985/20
f 2935/2987/57 2936/2988/57 2937/2989/57
f 2936/2988/57 2938/2990/57 2937/2989/57
f 2939/2991/32 2940/2992/32 2941/2993/32
f 2940/2992/32 2942/2994/32 2941/2993/32
s 0
f 2943/2995/75 2944/2996/75 2945/2997/75
f 2944/2996/75 2946/2998/75 2945/2997/75
s 1
f 2947/2999/19 2948/3000/19 2949/3001/19
f 2948/3000/19 2950/3002/19 2949/3001/19
f 2951/3003/477 2952/3004/478 2953/3005/477
f 2952/3004/478 2954/3006/478 2953/3005/477
f 2955/3007/31 2956/3008/31 2957/3009/31
f 2956/3008/31 2958/3010/31 2957/3009/31
s 0
f 2959/3011/282 2960/3012/282 2961/3013/282
f 2960/3012/282 2962/3014/282 2961/3013/282
s 1
f 2963/3015/20 2964/3016/20 2965/3017/20
f 2964/3016/20 2966/3018/27 2965/3017/20
f 2967/3019/57 2968/3020/57 2969/3021/57
f 2968/3020/57 2970/3022/57 2969/3021/57
f 2971/3023/32 2972/3024/32 2973/3025/32
f 2972/3024/32 2974/3026/32 2973/3025/32
s 0
f 2975/3027/75 2976/3028/75 2977/3029/75
f 2976/3028/75 2978/3030/75 2977/3029/75
s 1
f 2979/3031/19 2980/3032/19 2981/3033/19
f 2980/3032/19 2982/3034/19 2981/3033/19
f 2983/3035/478 2984/3036/478 2985/3037/478
f 2984/3036/478 2986/3038/478 2985/3037/478
f 2987/3039/31 2988/3040/31 2989/3041/31
f 2988/3040/31 2990/3042/31 2989/3041/31
s 0
f 2991/3043/282 2992/3044/282 2993/3045/282
f 2992/3044/282 2994/3046/282 2993/3045/282
s 1
f 2995/3047/20 2996/3048/27 2997/3049/20
f 2996/3048/27 2998/3050/217 2997/3049/20
f 2999/3051/57 3000/3052/57 3001/3053/57
f 3000/3052/57 3002/3054/57 3001/3053/57
f 3003/3055/424 3004/3056/32 3005/3057/32
f 3004/3056/32 3006/3058/22 3005/3057/32
s 0
f 3007/3059/75 3008/3060/75 3009/3061/75
f 3008/3060/75 3010/3062/75 3009/3061/75
s 1
f 3011/3063/19 3012/3064/19 3013/3065/19
f 3012/3064/19 3014/3066/811 3013/3065/19
f 3015/3067/477 3016/3068/478 3017/3069/477
f 3016/3068/478 3018/3070/478 3017/3069/477
f 3019/3071/31 3020/3072/31 3021/3073/810
f 3020/3072/31 3022/3074/31 3021/3073/810
f 3023/3075/812 3024/3076/812 3025/3077/813
f 3024/3076/812 3026/3078/812 3025/3077/813
f 3027/3079/209 3028/3080/209 3029/3081/209
f 3028/3080/209 3030/3082/209 3029/3081/209
f 3031/3083/814 3032/3084/814 3033/3085/814
f 3032/3084/814 3034/3086/814 3033/3085/814
f 3035/3087/208 3036/3088/208 3037/3089/208
f 3036/3088/208 3038/3090/208 3037/3089/208
f 3039/3091/815 3040/3092/815 3041/3093/816
f 3040/3092/815 3042/3094/815 3041/3093/816
f 3043/3095/209 3044/3096/209 3045/3097/209
f 3044/3096/209 3046/3098/209 3045/3097/209
f 3047/3099/817 3048/3100/817 3049/3101/818
f 3048/3100/817 3050/3102/818 3049/3101/818
f 3051/3103/208 3052/3104/208 3053/3105/208
f 3052/3104/208 3054/3106/208 3053/3105/208
f 3055/3107/208 3056/3108/209 3057/3109/208
f 3056/3108/209 3058/3110/209 3057/3109/208
f 3059/3111/819 3060/3112/819 3061/3113/819
f 3060/3112/819 3062/3114/819 3061/3113/819
f 3063/3115/209 3064/3116/209 3065/3117/209
f 3064/3116/209 3066/3118/209 3065/3117/209
f 3067/3119/820 3068/3120/820 3069/3121/820
f 3068/3120/820 3070/3122/820 3069/3121/820
f 3071/3123/821 3072/3124/821 3073/3125/821
f 3072/3124/821 3074/3126/821 3073/3125/821
f 3075/3127/208 3076/3128/208 3077/3129/208
f 3076/3128/208 3078/3130/208 3077/3129/208
f 3079/3131/822 3080/3132/822 3081/3133/822
f 3080/3132/822 3082/3134/822 3081/3133/822
f 3083/3135/209 3084/3136/208 3085/3137/209
f 3084/3136/208 3086/3138/208 3085/3137/209
f 3087/3139/33 3088/3140/33 3089/3141/33
f 3088/3140/33 3090/3142/33 3089/3141/33
f 3091/3143/33 3092/3144/33 3093/3145/33
f 3092/3144/33 3094/3146/33 3093/3145/33
f 3095/3147/34 3096/3148/33 3097/3149/34
f 3096/3148/33 3098/3150/33 3097/3149/34
f 3099/3151/34 3100/3152/34 3101/3153/34
f 3100/3152/34 3102/3154/34 3101/3153/34
f 3103/3155/34 3104/3156/34 3105/3157/34
f 3104/3156/34 3106/3158/34 3105/3157/34
f 3107/3159/33 3108/3160/34 3109/3161/33
f 3108/3160/34 3110/3162/34 3109/3161/33
f 3111/3163/34 3112/3164/33 3113/3165/34
f 3112/3164/33 3114/3166/33 3113/3165/34
f 3115/3167/33 3116/3168/34 3117/3169/33
f 3116/3168/34 3118/3170/34 3117/3169/33
f 3119/3171/34 3120/3172/33 3121/3173/34
f 3120/3172/33 3122/3174/33 3121/3173/34
f 3123/3175/209 3124/3176/209 3125/3177/209
f 3124/3176/209 3126/3178/208 3125/3177/209
f 3127/3179/209 3128/3180/209 3129/3181/208
f 3128/3180/209 3130/3182/209 3129/3181/208
f 3131/3183/33 3132/3184/34 3133/3185/33
f 3132/3184/34 3134/3186/34 3133/3185/33
f 3135/3187/33 3136/3188/33 3137/3189/33
f 3136/3188/33 3138/3190/33 3137/3189/33
f 3139/3191/209 3140/3192/209 3141/3193/209
f 3140/3192/209 3142/3194/208 3141/3193/209
f 3143/3195/34 3144/3196/33 3145/3197/34
f 3144/3196/33 3146/3198/33 3145/3197/34
f 3147/3199/209 3148/3200/208 3149/3201/208
f 3148/3200/208 3150/3202/208 3149/3201/208
f 3151/3203/33 3152/3204/34 3153/3205/33
f 3152/3204/34 3154/3206/34 3153/3205/33
f 3155/3207/208 3156/3208/209 3157/3209/208
f 3156/3208/209 3158/3210/209 3157/3209/208
f 3159/3211/34 3160/3212/33 3161/3213/33
f 3160/3212/33 3162/3214/33 3161/3213/33
f 3163/3215/209 3164/3216/208 3165/3217/209
f 3164/3216/208 3166/3218/209 3165/3217/209
f 3167/3219/34 3168/3220/34 3169/3221/34
f 3168/3220/34 3170/3222/33 3169/3221/34
f 3171/3223/208 3172/3224/208 3173/3225/209
f 3172/3224/208 3174/3226/209 3173/3225/209
f 3175/3227/208 3176/3228/209 3177/3229/209
f 3176/3228/209 3178/3230/209 3177/3229/209
f 3179/3231/33 3180/3232/34 3181/3233/33
f 3180/3232/34 3182/3234/34 3181/3233/33
f 3183/3235/33 3184/3236/33 3185/3237/33
f 3184/3236/33 3186/3238/33 3185/3237/33
f 3187/3239/208 3188/3240/208 3189/3241/208
f 3188/3240/208 3190/3242/209 3189/3241/208
f 3191/3243/208 3192/3244/209 3193/3245/209
f 3192/3244/209 3194/3246/209 3193/3245/209
f 3195/3247/33 3196/3248/33 3197/3249/33
f 3196/3248/33 3198/3250/33 3197/3249/33
f 3199/3251/33 3200/3252/33 3201/3253/33
f 3200/3252/33 3202/3254/33 3201/3253/33
f 3203/3255/209 3204/3256/208 3205/3257/209
f 3204/3256/208 3206/3258/208 3205/3257/209
f 3207/3259/34 3208/3260/33 3209/3261/34
f 3208/3260/33 3210/3262/33 3209/3261/34
f 3211/3263/208 3212/3264/209 3213/3265/208
f 3212/3264/209 3214/3266/209 3213/3265/208
f 3215/3267/34 3216/3268/34 3217/3269/34
f 3216/3268/34 3218/3270/34 3217/3269/34
f 3219/3271/209 3220/3272/209 3221/3273/209
f 3220/3272/209 3222/3274/209 3221/3273/209
f 3223/3275/33 3224/3276/34 3225/3277/33
f 3224/3276/34 3226/3278/34 3225/3277/33
f 3227/3279/209 3228/3280/209 3229/3281/209
f 3228/3280/209 3230/3282/209 3229/3281/209
f 3231/3283/34 3232/3284/33 3233/3285/34
f 3232/3284/33 3234/3286/33 3233/3285/34
f 3235/3287/209 3236/3288/208 3237/3289/209
f 3236/3288/208 3238/3290/208 3237/3289/209
f 3239/3291/208 3240/3292/208 3241/3293/208
f 3240/3292/208 3242/3294/208 3241/3293/208
f 3243/3295/33 3244/3296/34 3245/3297/33
f 3244/3296/34 3246/3298/34 3245/3297/33
f 3247/3299/34 3248/3300/34 3249/3301/34
f 3248/3300/34 3250/3302/33 3249/3301/34
f 3251/3303/208 3252/3304/209 3253/3305/208
f 3252/3304/209 3254/3306/209 3253/3305/208
f 3255/3307/209 3256/3308/209 3257/3309/209
f 3256/3308/209 3258/3310/209 3257/3309/209
f 3259/3311/33 3260/3312/34 3261/3313/33
f 3260/3312/34 3262/3314/34 3261/3313/33
f 3263/3315/34 3264/3316/33 3265/3317/34
f 3264/3316/33 3266/3318/33 3265/3317/34
f 3267/3319/209 3268/3320/208 3269/3321/209
f 3268/3320/208 3270/3322/208 3269/3321/209
f 3271/3323/33 3272/3324/34 3273/3325/34
f 3272/3324/34 3274/3326/34 3273/3325/34
f 3275/3327/208 3276/3328/208 3277/3329/208
f 3276/3328/208 3278/3330/208 3277/3329/208
f 3279/3331/33 3280/3332/33 3281/3333/33
f 3280/3332/33 3282/3334/34 3281/3333/33
f 3283/3335/208 3284/3336/208 3285/3337/208
f 3284/3336/208 3286/3338/209 3285/3337/208
f 3287/3339/33 3288/3340/33 3289/3341/33
f 3288/3340/33 3290/3342/33 3289/3341/33
f 3291/3343/208 3292/3344/209 3293/3345/209
f 3292/3344/209 3294/3346/209 3293/3345/209
f 3295/3347/33 3296/3348/33 3297/3349/33
f 3296/3348/33 3298/3350/33 3297/3349/33
f 3299/3351/209 3300/3352/208 3301/3353/209
f 3300/3352/208 3302/3354/208 3301/3353/209
f 3303/3355/208 3304/3356/208 3305/3357/208
f 3304/3356/208 3306/3358/208 3305/3357/208
f 3307/3359/34 3308/3360/33 3309/3361/33
f 3308/3360/33 3310/3362/33 3309/3361/33
f 3311/3363/34 3312/3364/33 3313/3365/34
f 3312/3364/33 3314/3366/33 3313/3365/34
f 3315/3367/208 3316/3368/208 3317/3369/209
f 3316/3368/208 3318/3370/209 3317/3369/209
f 3319/3371/208 3320/3372/209 3321/3373/209
f 3320/3372/209 3322/3374/209 3321/3373/209
f 3323/3375/33 3324/3376/34 3325/3377/34
f 3324/3376/34 3326/3378/34 3325/3377/34
f 3327/3379/33 3328/3380/33 3329/3381/33
f 3328/3380/33 3330/3382/34 3329/3381/33
f 3331/3383/209 3332/3384/208 3333/3385/209
f 3332/3384/208 3334/3386/208 3333/3385/209
f 3335/3387/34 3336/3388/33 3337/3389/34
f 3336/3388/33 3338/3390/33 3337/3389/34
f 3339/3391/208 3340/3392/209 3341/3393/208
f 3340/3392/209 3342/3394/208 3341/3393/208
f 3343/3395/33 3344/3396/34 3345/3397/33
f 3344/3396/34 3346/3398/34 3345/3397/33
f 3347/3399/209 3348/3400/209 3349/3401/208
f 3348/3400/209 3350/3402/208 3349/3401/208
f 3351/3403/34 3352/3404/33 3353/3405/34
f 3352/3404/33 3354/3406/33 3353/3405/34
f 3355/3407/209 3356/3408/208 3357/3409/208
f 3356/3408/208 3358/3410/208 3357/3409/208
f 3359/3411/34 3360/3412/34 3361/3413/33
f 3360/3412/34 3362/3414/34 3361/3413/33
f 3363/3415/208 3364/3416/209 3365/3417/208
f 3364/3416/209 3366/3418/209 3365/3417/208
f 3367/3419/209 3368/3420/208 3369/3421/209
f 3368/3420/208 3370/3422/209 3369/3421/209
f 3371/3423/33 3372/3424/34 3373/3425/33
f 3372/3424/34 3374/3426/33 3373/3425/33
f 3375/3427/34 3376/3428/33 3377/3429/34
f 3376/3428/33 3378/3430/33 3377/3429/34
f 3379/3431/209 3380/3432/208 3381/3433/209
f 3380/3432/208 3382/3434/208 3381/3433/209
f 3383/3435/208 3384/3436/209 3385/3437/208
f 3384/3436/209 3386/3438/209 3385/3437/208
f 3387/3439/33 3388/3440/34 3389/3441/34
f 3388/3440/34 3390/3442/34 3389/3441/34
f 3391/3443/33 3392/3444/33 3393/3445/33
f 3392/3444/33 3394/3446/34 3393/3445/33
f 3395/3447/209 3396/3448/209 3397/3449/209
f 3396/3448/209 3398/3450/208 3397/3449/209
f 3399/3451/34 3400/3452/33 3401/3453/34
f 3400/3452/33 3402/3454/33 3401/3453/34
f 3403/3455/209 3404/3456/208 3405/3457/208
f 3404/3456/208 3406/3458/208 3405/3457/208
f 3407/3459/33 3408/3460/34 3409/3461/33
f 3408/3460/34 3410/3462/34 3409/3461/33
f 3411/3463/208 3412/3464/209 3413/3465/208
f 3412/3464/209 3414/3466/209 3413/3465/208
f 3415/3467/34 3416/3468/33 3417/3469/34
f 3416/3468/33 3418/3470/33 3417/3469/34
f 3419/3471/209 3420/3472/208 3421/3473/209
f 3420/3472/208 3422/3474/209 3421/3473/209
f 3423/3475/34 3424/3476/34 3425/3477/33
f 3424/3476/34 3426/3478/34 3425/3477/33
f 3427/3479/208 3428/3480/208 3429/3481/209
f 3428/3480/208 3430/3482/208 3429/3481/209
f 3431/3483/208 3432/3484/209 3433/3485/208
f 3432/3484/209 3434/3486/209 3433/3485/208
f 3435/3487/33 3436/3488/34 3437/3489/33
f 3436/3488/34 3438/3490/33 3437/3489/33
f 3439/3491/34 3440/3492/34 3441/3493/34
f 3440/3492/34 3442/3494/34 3441/3493/34
f 3443/3495/209 3444/3496/208 3445/3497/209
f 3444/3496/208 3446/3498/208 3445/3497/209
f 3447/3499/208 3448/3500/209 3449/3501/208
f 3448/3500/209 3450/3502/209 3449/3501/208
f 3451/3503/34 3452/3504/34 3453/3505/34
f 3452/3504/34 3454/3506/34 3453/3505/34
f 3455/3507/33 3456/3508/34 3457/3509/33
f 3456/3508/34 3458/3510/34 3457/3509/33
f 3459/3511/209 3460/3512/209 3461/3513/209
f 3460/3512/209 3462/3514/208 3461/3513/209
f 3463/3515/33 3464/3516/33 3465/3517/33
f 3464/3516/33 3466/3518/33 3465/3517/33
f 3467/3519/209 3468/3520/208 3469/3521/208
f 3468/3520/208 3470/3522/208 3469/3521/208
f 3471/3523/33 3472/3524/33 3473/3525/33
f 3472/3524/33 3474/3526/33 3473/3525/33
f 3475/3527/208 3476/3528/209 3477/3529/208
f 3476/3528/209 3478/3530/209 3477/3529/208
f 3479/3531/33 3480/3532/33 3481/3533/33
f 3480/3532/33 3482/3534/33 3481/3533/33
f 3483/3535/209 3484/3536/208 3485/3537/209
f 3484/3536/208 3486/3538/208 3485/3537/209
f 3487/3539/34 3488/3540/33 3489/3541/34
f 3488/3540/33 3490/3542/33 3489/3541/34
f 3491/3543/208 3492/3544/208 3493/3545/208
f 3492/3544/208 3494/3546/208 3493/3545/208
f 3495/3547/208 3496/3548/209 3497/3549/208
f 3496/3548/209 3498/3550/209 3497/3549/208
f 3499/3551/34 3500/3552/34 3501/3553/34
f 3500/3552/34 3502/3554/34 3501/3553/34
f 3503/3555/34 3504/3556/34 3505/3557/34
f 3504/3556/34 3506/3558/34 3505/3557/34
f 3507/3559/208 3508/3560/209 3509/3561/208
f 3508/3560/209 3510/3562/209 3509/3561/208
f 3511/3563/209 3512/3564/208 3513/3565/209
f 3512/3564/208 3514/3566/209 3513/3565/209
f 3515/3567/33 3516/3568/34 3517/3569/33
f 3516/3568/34 3518/3570/34 3517/3569/33
f 3519/3571/34 3520/3572/33 3521/3573/34
f 3520/3572/33 3522/3574/33 3521/3573/34
f 3523/3575/208 3524/3576/208 3525/3577/209
f 3524/3576/208 3526/3578/209 3525/3577/209
f 3527/3579/33 3528/3580/34 3529/3581/33
f 3528/3580/34 3530/3582/34 3529/3581/33
f 3531/3583/208 3532/3584/209 3533/3585/209
f 3532/3584/209 3534/3586/209 3533/3585/209
f 3535/3587/33 3536/3588/33 3537/3589/33
f 3536/3588/33 3538/3590/33 3537/3589/33
f 3539/3591/209 3540/3592/209 3541/3593/209
f 3540/3592/209 3542/3594/208 3541/3593/209
f 3543/3595/34 3544/3596/33 3545/3597/34
f 3544/3596/33 3546/3598/33 3545/3597/34
f 3547/3599/209 3548/3600/209 3549/3601/208
f 3548/3600/209 3550/3602/209 3549/3601/208
f 3551/3603/33 3552/3604/212 3553/3605/33
f 3552/3604/212 3554/3606/212 3553/3605/33
f 3555/3607/209 3556/3608/209 3557/3609/209
f 3556/3608/209 3558/3610/208 3557/3609/209
f 3559/3611/209 3560/3612/208 3561/3613/208
f 3560/3612/208 3562/3614/208 3561/3613/208
f 3563/3615/34 3564/3616/33 3565/3617/34
f 3564/3616/33 3566/3618/33 3565/3617/34
f 3567/3619/33 3568/3620/33 3569/3621/33
f 3568/3620/33 3570/3622/34 3569/3621/33
f 3571/3623/209 3572/3624/208 3573/3625/209
f 3572/3624/208 3574/3626/208 3573/3625/209
f 3575/3627/208 3576/3628/209 3577/3629/208
f 3576/3628/209 3578/3630/209 3577/3629/208
f 3579/3631/33 3580/3632/33 3581/3633/33
f 3580/3632/33 3582/3634/33 3581/3633/33
f 3583/3635/33 3584/3636/33 3585/3637/33
f 3584/3636/33 3586/3638/33 3585/3637/33
f 3587/3639/209 3588/3640/209 3589/3641/209
f 3588/3640/209 3590/3642/209 3589/3641/209
f 3591/3643/34 3592/3644/33 3593/3645/34
f 3592/3644/33 3594/3646/33 3593/3645/34
f 3595/3647/209 3596/3648/208 3597/3649/209
f 3596/3648/208 3598/3650/208 3597/3649/209
f 3599/3651/34 3600/3652/34 3601/3653/34
f 3600/3652/34 3602/3654/34 3601/3653/34
f 3603/3655/208 3604/3656/209 3605/3657/208
f 3604/3656/209 3606/3658/209 3605/3657/208
f 3607/3659/33 3608/3660/34 3609/3661/33
f 3608/3660/34 3610/3662/34 3609/3661/33
f 3611/3663/209 3612/3664/208 3613/3665/209
f 3612/3664/208 3614/3666/208 3613/3665/209
f 3615/3667/34 3616/3668/33 3617/3669/34
f 3616/3668/33 3618/3670/33 3617/3669/34
f 3619/3671/208 3620/3672/208 3621/3673/208
f 3620/3672/208 3622/3674/209 3621/3673/208
f 3623/3675/208 3624/3676/209 3625/3677/209
f 3624/3676/209 3626/3678/209 3625/3677/209
f 3627/3679/33 3628/3680/34 3629/3681/34
f 3628/3680/34 3630/3682/34 3629/3681/34
f 3631/3683/34 3632/3684/33 3633/3685/34
f 3632/3684/33 3634/3686/33 3633/3685/34
f 3635/3687/208 3636/3688/208 3637/3689/208
f 3636/3688/208 3638/3690/209 3637/3689/208
f 3639/3691/208 3640/3692/209 3641/3693/209
f 3640/3692/209 3642/3694/209 3641/3693/209
f 3643/3695/33 3644/3696/34 3645/3697/34
f 3644/3696/34 3646/3698/34 3645/3697/34
f 3647/3699/33 3648/3700/33 3649/3701/33
f 3648/3700/33 3650/3702/34 3649/3701/33
f 3651/3703/209 3652/3704/208 3653/3705/209
f 3652/3704/208 3654/3706/208 3653/3705/209
f 3655/3707/34 3656/3708/33 3657/3709/34
f 3656/3708/33 3658/3710/33 3657/3709/34
f 3659/3711/208 3660/3712/209 3661/3713/208
f 3660/3712/209 3662/3714/209 3661/3713/208
f 3663/3715/33 3664/3716/34 3665/3717/33
f 3664/3716/34 3666/3718/34 3665/3717/33
f 3667/3719/209 3668/3720/209 3669/3721/209
f 3668/3720/209 3670/3722/208 3669/3721/209
f 3671/3723/34 3672/3724/33 3673/3725/33
f 3672/3724/33 3674/3726/33 3673/3725/33
f 3675/3727/209 3676/3728/208 3677/3729/208
f 3676/3728/208 3678/3730/208 3677/3729/208
f 3679/3731/34 3680/3732/212 3681/3733/34
f 3680/3732/212 3682/3734/33 3681/3733/34
f 3683/3735/208 3684/3736/209 3685/3737/208
f 3684/3736/209 3686/3738/209 3685/3737/208
f 3687/3739/209 3688/3740/208 3689/3741/209
f 3688/3740/208 3690/3742/208 3689/3741/209
f 3691/3743/33 3692/3744/34 3693/3745/33
f 3692/3744/34 3694/3746/34 3693/3745/33
f 3695/3747/34 3696/3748/33 3697/3749/34
f 3696/3748/33 3698/3750/33 3697/3749/34
f 3699/3751/208 3700/3752/209 3701/3753/208
f 3700/3752/209 3702/3754/209 3701/3753/208
f 3703/3755/209 3704/3756/208 3705/3757/209
f 3704/3756/208 3706/3758/209 3705/3757/209
f 3707/3759/33 3708/3760/34 3709/3761/33
f 3708/3760/34 3710/3762/34 3709/3761/33
f 3711/3763/33 3712/3764/33 3713/3765/34
f 3712/3764/33 3714/3766/33 3713/3765/34
f 3715/3767/208 3716/3768/208 3717/3769/209
f 3716/3768/208 3718/3770/208 3717/3769/209
f 3719/3771/34 3720/3772/33 3721/3773/34
f 3720/3772/33 3722/3774/34 3721/3773/34
f 3723/3775/208 3724/3776/209 3725/3777/208
f 3724/3776/209 3726/3778/209 3725/3777/208
f 3727/3779/33 3728/3780/34 3729/3781/33
f 3728/3780/34 3730/3782/34 3729/3781/33
f 3731/3783/209 3732/3784/208 3733/3785/209
f 3732/3784/208 3734/3786/208 3733/3785/209
f 3735/3787/34 3736/3788/33 3737/3789/33
f 3736/3788/33 3738/3790/33 3737/3789/33
f 3739/3791/208 3740/3792/209 3741/3793/208
f 3740/3792/209 3742/3794/208 3741/3793/208
f 3743/3795/34 3744/3796/34 3745/3797/34
f 3744/3796/34 3746/3798/33 3745/3797/34
f 3747/3799/209 3748/3800/209 3749/3801/208
f 3748/3800/209 3750/3802/209 3749/3801/208
f 3751/3803/209 3752/3804/208 3753/3805/209
f 3752/3804/208 3754/3806/208 3753/3805/209
f 3755/3807/33 3756/3808/34 3757/3809/33
f 3756/3808/34 3758/3810/34 3757/3809/33
f 3759/3811/823 3760/3812/823 3761/3813/824
f 3760/3812/823 3762/3814/823 3761/3813/824
f 3763/3815/742 3764/3816/825 3765/3817/742
f 3764/3816/825 3766/3818/826 3765/3817/742
f 3767/3819/827 3768/3820/827 3769/3821/827
f 3768/3820/827 3770/3822/827 3769/3821/827
f 3771/3823/828 3772/3824/562 3773/3825/562
f 3772/3824/562 3774/3826/562 3773/3825/562
f 3775/3827/829 3776/3828/830 3777/3829/829
f 3776/3828/830 3778/3830/829 3777/3829/829
f 3779/3831/362 3780/3832/362 3781/3833/362
f 3780/3832/362 3782/3834/362 3781/3833/362
f 3783/3835/831 3784/3836/831 3785/3837/831
f 3784/3836/831 3786/3838/831 3785/3837/831
f 3787/3839/146 3788/3840/146 3789/3841/146
f 3788/3840/146 3790/3842/146 3789/3841/146
s 0
f 3791/3843/282 3792/3844/282 3793/3845/282
f 3792/3844/282 3794/3846/282 3793/3845/282
s 1
f 3795/3847/20 3796/3848/20 3797/3849/20
f 3796/3848/20 3798/3850/832 3797/3849/20
f 3799/3851/57 3800/3852/57 3801/3853/57
f 3800/3852/57 3802/3854/57 3801/3853/57
f 3803/3855/22 3804/3856/32 3805/3857/32
f 3804/3856/32 3806/3858/32 3805/3857/32
s 0
f 3807/3859/75 3808/3860/75 3809/3861/75
f 3808/3860/75 3810/3862/75 3809/3861/75
s 1
f 3811/3863/19 3812/3864/19 3813/3865/19
f 3812/3864/19 3814/3866/19 3813/3865/19
f 3815/3867/478 3816/3868/478 3817/3869/478
f 3816/3868/478 3818/3870/478 3817/3869/478
f 3819/3871/810 3820/3872/31 3821/3873/31
f 3820/3872/31 3822/3874/786 3821/3873/31
f 3823/3875/208 3824/3876/209 3825/3877/208
f 3824/3876/209 3826/3878/209 3825/3877/208
f 3827/3879/208 3828/3880/208 3829/3881/209
f 3828/3880/208 3830/3882/208 3829/3881/209
f 3831/3883/208 3832/3884/208 3833/3885/209
f 3832/3884/208 3834/3886/209 3833/3885/209
f 3835/3887/208 3836/3888/208 3837/3889/208
f 3836/3888/208 3838/3890/209 3837/3889/208
f 3839/3891/209 3840/3892/208 3841/3893/209
f 3840/3892/208 3842/3894/208 3841/3893/209
f 3843/3895/208 3844/3896/209 3845/3897/208
f 3844/3896/209 3846/3898/209 3845/3897/208
f 3847/3899/209 3848/3900/208 3849/3901/208
f 3848/3900/208 3850/3902/208 3849/3901/208
f 3851/3903/209 3852/3904/209 3853/3905/209
f 3852/3904/209 3854/3906/208 3853/3905/209
f 3855/3907/27 3856/3908/27 3857/3909/27
f 3856/3908/27 3858/3910/27 3857/3909/27
f 3859/3911/32 3860/3912/22 3861/3913/32
f 3860/3912/22 3862/3914/32 3861/3913/32
f 3863/3915/19 3864/3916/19 3865/3917/811
f 3864/3916/19 3866/3918/19 3865/3917/811
f 3867/3919/31 3868/3920/31 3869/3921/31
f 3868/3920/31 3870/3922/31 3869/3921/31
f 3871/3923/33 3872/3924/34 3873/3925/33
f 3872/3924/34 3874/3926/34 3873/3925/33
f 3875/3927/34 3876/3928/33 3877/3929/34
f 3876/3928/33 3878/3930/33 3877/3929/34
f 3879/3931/34 3880/3932/34 3881/3933/33
f 3880/3932/34 3882/3934/34 3881/3933/33
f 3883/3935/33 3884/3936/34 3885/3937/33
f 3884/3936/34 3886/3938/33 3885/3937/33
f 3887/3939/34 3888/3940/33 3889/3941/34
f 3888/3940/33 3890/3942/33 3889/3941/34
f 3891/3943/33 3892/3944/34 3893/3945/34
f 3892/3944/34 3894/3946/34 3893/3945/34
f 3895/3947/33 3896/3948/33 3897/3949/33
f 3896/3948/33 3898/3950/34 3897/3949/33
f 3899/3951/34 3900/3952/33 3901/3953/34
f 3900/3952/33 3902/3954/33 3901/3953/34
s 0
f 3903/3955/282 3904/3956/282 3905/3957/282
f 3904/3956/282 3906/3958/282 3905/3957/282
s 1
f 3907/3959/217 3908/3960/20 3909/3961/27
f 3908/3960/20 3910/3962/27 3909/3961/27
f 3911/3963/57 3912/3964/57 3913/3965/57
f 3912/3964/57 3914/3966/57 3913/3965/57
f 3915/3967/32 3916/3968/22 3917/3969/22
f 3916/3968/22 3918/3970/32 3917/3969/22
s 0
f 3919/3971/75 3920/3972/75 3921/3973/75
f 3920/3972/75 3922/3974/75 3921/3973/75
s 1
f 3923/3975/18 3924/3976/18 3925/3977/18
f 3924/3976/18 3926/3978/18 3925/3977/18
f 3927/3979/477 3928/3980/477 3929/3981/477
f 3928/3980/477 3930/3982/477 3929/3981/477
f 3931/3983/810 3932/3984/31 3933/3985/31
f 3932/3984/31 3934/3986/31 3933/3985/31
f 3935/3987/208 3936/3988/209 3937/3989/208
f 3936/3988/209 3938/3990/209 3937/3989/208
f 3939/3991/208 3940/3992/208 3941/3993/209
f 3940/3992/208 3942/3994/208 3941/3993/209
f 3943/3995/209 3944/3996/208 3945/3997/209
f 3944/3996/208 3946/3998/209 3945/3997/209
f 3947/3999/208 3948/4000/209 3949/4001/208
f 3948/4000/209 3950/4002/209 3949/4001/208
f 3951/4003/209 3952/4004/208 3953/4005/209
f 3952/4004/208 3954/4006/208 3953/4005/209
f 3955/4007/208 3956/4008/209 3957/4009/208
f 3956/4008/209 3958/4010/209 3957/4009/208
f 3959/4011/208 3960/4012/208 3961/4013/208
f 3960/4012/208 3962/4014/208 3961/4013/208
f 3963/4015/209 3964/4016/208 3965/4017/209
f 3964/4016/208 3966/4018/208 3965/4017/209
f 3967/4019/20 3968/4020/20 3969/4021/20
f 3968/4020/20 3970/4022/20 3969/4021/20
f 3971/4023/32 3972/4024/424 3973/4025/32
f 3972/4024/424 3974/4026/32 3973/4025/32
f 3975/4027/19 3976/4028/19 3977/4029/19
f 3976/4028/19 3978/4030/19 3977/4029/19
f 3979/4031/31 3980/4032/31 3981/4033/31
f 3980/4032/31 3982/4034/31 3981/4033/31
f 3983/4035/34 3984/4036/34 3985/4037/34
f 3984/4036/34 3986/4038/34 3985/4037/34
f 3987/4039/33 3988/4040/34 3989/4041/34
f 3988/4040/34 3990/4042/34 3989/4041/34
f 3991/4043/33 3992/4044/33 3993/4045/33
f 3992/4044/33 3994/4046/34 3993/4045/33
f 3995/4047/34 3996/4048/33 3997/4049/34
f 3996/4048/33 3998/4050/33 3997/4049/34
f 3999/4051/33 4000/4052/34 4001/4053/33
f 4000/4052/34 4002/4054/34 4001/4053/33
f 4003/4055/33 4004/4056/33 4005/4057/33
f 4004/4056/33 4006/4058/33 4005/4057/33
f 4007/4059/34 4008/4060/33 4009/4061/34
f 4008/4060/33 4010/4062/33 4009/4061/34
f 4011/4063/34 4012/4064/34 4013/4065/34
f 4012/4064/34 4014/4066/34 4013/4065/34
s 0
f 4015/4067/282 4016/4068/282 4017/4069/282
f 4016/4068/282 4018/4070/282 4017/4069/282
s 1
f 4019/4071/20 4020/4072/27 4021/4073/27
f 4020/4072/27 4022/4074/20 4021/4073/27
f 4023/4075/57 4024/4076/57 4025/4077/57
f 4024/4076/57 4026/4078/57 4025/4077/57
f 4027/4079/32 4028/4080/32 4029/4081/32
f 4028/4080/32 4030/4082/32 4029/4081/32
s 0
f 4031/4083/75 4032/4084/75 4033/4085/75
f 4032/4084/75 4034/4086/75 4033/4085/75
s 1
f 4035/4087/19 4036/4088/19 4037/4089/19
f 4036/4088/19 4038/4090/19 4037/4089/19
f 4039/4091/478 4040/4092/478 4041/4093/478
f 4040/4092/478 4042/4094/478 4041/4093/478
f 4043/4095/31 4044/4096/31 4045/4097/31
f 4044/4096/31 4046/4098/31 4045/4097/31
f 4047/4099/34 4048/4100/33 4049/4101/34
f 4048/4100/33 4050/4102/33 4049/4101/34
f 4051/4103/33 4052/4104/33 4053/4105/33
f 4052/4104/33 4054/4106/33 4053/4105/33
f 4055/4107/33 4056/4108/33 4057/4109/33
f 4056/4108/33 4058/4110/33 4057/4109/33
f 4059/4111/33 4060/4112/33 4061/4113/33
f 4060/4112/33 4062/4114/33 4061/4113/33
f 4063/4115/33 4064/4116/34 4065/4117/33
f 4064/4116/34 4066/4118/34 4065/4117/33
f 4067/4119/34 4068/4120/34 4069/4121/34
f 4068/4120/34 4070/4122/34 4069/4121/34
f 4071/4123/34 4072/4124/33 4073/4125/34
f 4072/4124/33 4074/4126/33 4073/4125/34
f 4075/4127/33 4076/4128/34 4077/4129/33
f 4076/4128/34 4078/4130/34 4077/4129/33
f 4079/4131/31 4080/4132/31 4081/4133/31
f 4080/4132/31 4082/4134/31 4081/4133/31
s 0
f 4083/4135/282 4084/4136/282 4085/4137/282
f 4084/4136/282 4086/4138/282 4085/4137/282
s 1
f 4087/4139/20 4088/4140/20 4089/4141/20
f 4088/4140/20 4090/4142/20 4089/4141/20
f 4091/4143/57 4092/4144/57 4093/4145/57
f 4092/4144/57 4094/4146/57 4093/4145/57
f 4095/4147/32 4096/4148/32 4097/4149/32
f 4096/4148/32 4098/4150/32 4097/4149/32
s 0
f 4099/4151/75 4100/4152/75 4101/4153/75
f 4100/4152/75 4102/4154/75 4101/4153/75
s 1
f 4103/4155/19 4104/4156/19 4105/4157/19
f 4104/4156/19 4106/4158/19 4105/4157/19
f 4107/4159/478 4108/4160/477 4109/4161/478
f 4108/4160/477 4110/4162/477 4109/4161/478
f 4111/4163/34 4112/4164/34 4113/4165/34
f 4112/4164/34 4114/4166/34 4113/4165/34
f 4115/4167/33 4116/4168/212 4117/4169/33
f 4116/4168/212 4118/4170/212 4117/4169/33
f 4119/4171/33 4120/4172/33 4121/4173/33
f 4120/4172/33 4122/4174/33 4121/4173/33
f 4123/4175/33 4124/4176/216 4125/4177/33
f 4124/4176/216 4126/4178/216 4125/4177/33
f 4127/4179/33 4128/4180/33 4129/4181/33
f 4128/4180/33 4130/4182/33 4129/4181/33
f 4131/4183/33 4132/4184/33 4133/4185/33
f 4132/4184/33 4134/4186/33 4133/4185/33
f 4135/4187/33 4136/4188/33 4137/4189/33
f 4136/4188/33 4138/4190/33 4137/4189/33
f 4139/4191/33 4140/4192/33 4141/4193/33
f 4140/4192/33 4142/4194/33 4141/4193/33
f 4143/4195/33 4144/4196/33 4145/4197/33
f 4144/4196/33 4146/4198/33 4145/4197/33
f 4147/4199/33 4148/4200/33 4149/4201/33
f 4148/4200/33 4150/4202/33 4149/4201/33
f 4151/4203/33 4152/4204/33 4153/4205/33
f 4152/4204/33 4154/4206/33 4153/4205/33
f 4155/4207/33 4156/4208/33 4157/4209/33
f 4156/4208/33 4158/4210/33 4157/4209/33
f 4159/4211/23 4160/4212/31 4161/4213/31
f 4160/4212/31 4162/4214/31 4161/4213/31
s 0
f 4163/4215/282 4164/4216/282 4165/4217/282
f 4164/4216/282 4166/4218/282 4165/4217/282
s 1
f 4167/4219/27 4168/4220/20 4169/4221/27
f 4168/4220/20 4170/4222/20 4169/4221/27
f 4171/4223/57 4172/4224/57 4173/4225/57
f 4172/4224/57 4174/4226/57 4173/4225/57
f 4175/4227/32 4176/4228/32 4177/4229/424
f 4176/4228/32 4178/4230/32 4177/4229/424
s 0
f 4179/4231/75 4180/4232/75 4181/4233/75
f 4180/4232/75 4182/4234/75 4181/4233/75
s 1
f 4183/4235/19 4184/4236/19 4185/4237/19
f 4184/4236/19 4186/4238/19 4185/4237/19
f 4187/4239/478 4188/4240/478 4189/4241/478
f 4188/4240/478 4190/4242/478 4189/4241/478
f 4191/4243/833 4192/4244/834 4193/4245/833
f 4192/4244/834 4194/4246/835 4193/4245/833
f 4195/4247/836 4196/4248/836 4197/4249/836
f 4196/4248/836 4198/4250/837 4197/4249/836
f 4199/4251/838 4200/4252/839 4201/4253/839
f 4200/4252/839 4202/4254/838 4201/4253/839
f 4203/4255/840 4204/4256/840 4205/4257/841
f 4204/4256/840 4206/4258/840 4205/4257/841
f 4207/4259/33 4208/4260/33 4209/4261/33
f 4208/4260/33 4210/4262/33 4209/4261/33
f 4211/4263/34 4212/4264/34 4213/4265/33
f 4212/4264/34 4214/4266/33 4213/4265/33
f 4215/4267/34 4216/4268/34 4217/4269/33
f 4216/4268/34 4218/4270/33 4217/4269/33
f 4219/4271/34 4220/4272/34 4221/4273/33
f 4220/4272/34 4222/4274/33 4221/4273/33
f 4223/4275/27 4224/4276/20 4225/4277/217
f 4224/4276/20 4226/4278/27 4225/4277/217
f 4227/4279/31 4228/4280/31 4229/4281/31
f 4228/4280/31 4230/4282/810 4229/4281/31
f 4231/4283/19 4232/4284/19 4233/4285/19
f 4232/4284/19 4234/4286/19 4233/4285/19
f 4235/4287/842 4236/4288/162 4237/4289/162
f 4236/4288/162 4238/4290/162 4237/4289/162
f 4239/4291/19 4240/4292/19 4241/4293/19
f 4240/4292/19 4242/4294/19 4241/4293/19
f 4243/4295/238 4244/4296/239 4245/4297/238
f 4244/4296/239 4246/4298/239 4245/4297/238
f 4247/4299/843 4248/4300/376 4249/4301/843
f 4248/4300/376 4250/4302/376 4249/4301/843
f 4251/4303/32 4252/4304/32 4253/4305/32
f 4252/4304/32 4254/4306/32 4253/4305/32
f 4255/4307/756 4256/4308/756 4257/4309/756
f 4256/4308/756 4258/4310/756 4257/4309/756
f 4259/4311/32 4260/4312/423 4261/4313/423
f 4260/4312/423 4262/4314/423 4261/4313/423
f 4263/4315/20 4264/4316/217 4265/4317/217
f 4264/4316/217 4266/4318/20 4265/4317/217
f 4267/4319/31 4268/4320/31 4269/4321/31
f 4268/4320/31 4270/4322/31 4269/4321/31
f 4271/4323/217 4272/4324/20 4273/4325/217
f 4272/4324/20 4274/4326/27 4273/4325/217
f 4275/4327/31 4276/4328/31 4277/4329/31
f 4276/4328/31 4278/4330/31 4277/4329/31
f 4279/4331/19 4280/4332/19 4281/4333/19
f 4280/4332/19 4282/4334/19 4281/4333/19
f 4283/4335/842 4284/4336/162 4285/4337/162
f 4284/4336/162 4286/4338/162 4285/4337/162
f 4287/4339/19 4288/4340/19 4289/4341/19
f 4288/4340/19 4290/4342/19 4289/4341/19
f 4291/4343/239 4292/4344/239 4293/4345/238
f 4292/4344/239 4294/4346/239 4293/4345/238
f 4295/4347/843 4296/4348/844 4297/4349/843
f 4296/4348/844 4298/4350/844 4297/4349/843
f 4299/4351/32 4300/4352/32 4301/4353/32
f 4300/4352/32 4302/4354/32 4301/4353/32
f 4303/4355/756 4304/4356/756 4305/4357/756
f 4304/4356/756 4306/4358/756 4305/4357/756
f 4307/4359/422 4308/4360/423 4309/4361/32
f 4308/4360/423 4310/4362/32 4309/4361/32
f 4311/4363/20 4312/4364/20 4313/4365/20
f 4312/4364/20 4314/4366/20 4313/4365/20
f 4315/4367/31 4316/4368/31 4317/4369/31
f 4316/4368/31 4318/4370/31 4317/4369/31
f 4319/4371/31 4320/4372/31 4321/4373/31
f 4320/4372/31 4322/4374/810 4321/4373/31
s 0
f 4323/4375/282 4324/4376/282 4325/4377/282
f 4324/4376/282 4326/4378/282 4325/4377/282
s 1
f 4327/4379/217 4328/4380/27 4329/4381/20
f 4328/4380/27 4330/4382/27 4329/4381/20
f 4331/4383/57 4332/4384/57 4333/4385/57
f 4332/4384/57 4334/4386/57 4333/4385/57
f 4335/4387/32 4336/4388/32 4337/4389/32
f 4336/4388/32 4338/4390/32 4337/4389/32
s 0
f 4339/4391/75 4340/4392/75 4341/4393/75
f 4340/4392/75 4342/4394/75 4341/4393/75
s 1
f 4343/4395/19 4344/4396/19 4345/4397/19
f 4344/4396/19 4346/4398/19 4345/4397/19
f 4347/4399/477 4348/4400/478 4349/4401/477
f 4348/4400/478 4350/4402/478 4349/4401/477
f 4351/4403/27 4352/4404/20 4353/4405/27
f 4352/4404/20 4354/4406/20 4353/4405/27
f 4355/4407/19 4356/4408/19 4357/4409/19
f 4356/4408/19 4358/4410/19 4357/4409/19
f 4359/4411/32 4360/4412/32 4361/4413/32
f 4360/4412/32 4362/4414/424 4361/4413/32
f 4363/4415/31 4364/4416/31 4365/4417/31
f 4364/4416/31 4366/4418/31 4365/4417/31
f 4367/4419/845 4368/4420/845 4369/4421/376
f 4368/4420/845 4370/4422/845 4369/4421/376
f 4371/4423/756 4372/4424/756 4373/4425/756
f 4372/4424/756 4374/4426/756 4373/4425/756
f 4375/4427/633 4376/4428/162 4377/4429/162
f 4376/4428/162 4378/4430/633 4377/4429/162
f 4379/4431/238 4380/4432/239 4381/4433/238
f 4380/4432/239 4382/4434/238 4381/4433/238
f 4383/4435/31 4384/4436/31 4385/4437/31
f 4384/4436/31 4386/4438/31 4385/4437/31
f 4387/4439/19 4388/4440/19 4389/4441/19
f 4388/4440/19 4390/4442/19 4389/4441/19
f 4391/4443/477 4392/4444/478 4393/4445/477
f 4392/4444/478 4394/4446/478 4393/4445/477
f 4395/4447/162 4396/4448/162 4397/4449/162
f 4396/4448/162 4398/4450/162 4397/4449/162
f 4399/4451/19 4400/4452/19 4401/4453/19
f 4400/4452/19 4402/4454/19 4401/4453/19
f 4403/4455/238 4404/4456/239 4405/4457/239
f 4404/4456/239 4406/4458/239 4405/4457/239
s 0
f 4407/4459/75 4408/4460/75 4409/4461/75
f 4408/4460/75 4410/4462/75 4409/4461/75
s 1
f 4411/4463/845 4412/4464/845 4413/4465/843
f 4412/4464/845 4414/4466/845 4413/4465/843
f 4415/4467/32 4416/4468/422 4417/4469/32
f 4416/4468/422 4418/4470/423 4417/4469/32
f 4419/4471/756 4420/4472/756 4421/4473/756
f 4420/4472/756 4422/4474/756 4421/4473/756
f 4423/4475/57 4424/4476/57 4425/4477/57
f 4424/4476/57 4426/4478/57 4425/4477/57
f 4427/4479/424 4428/4480/423 4429/4481/32
f 4428/4480/423 4430/4482/32 4429/4481/32
f 4431/4483/20 4432/4484/27 4433/4485/20
f 4432/4484/27 4434/4486/20 4433/4485/20
f 4435/4487/31 4436/4488/23 4437/4489/786
f 4436/4488/23 4438/4490/31 4437/4489/786
s 0
f 4439/4491/282 4440/4492/282 4441/4493/282
f 4440/4492/282 4442/4494/282 4441/4493/282
s 1
f 4443/4495/27 4444/4496/217 4445/4497/20
f 4444/4496/217 4446/4498/20 4445/4497/20
f 4447/4499/31 4448/4500/31 4449/4501/31
f 4448/4500/31 4450/4502/31 4449/4501/31
f 4451/4503/388 4452/4504/19 4453/4505/19
f 4452/4504/19 4454/4506/19 4453/4505/19
f 4455/4507/477 4456/4508/478 4457/4509/477
f 4456/4508/478 4458/4510/478 4457/4509/477
f 4459/4511/162 4460/4512/162 4461/4513/842
f 4460/4512/162 4462/4514/633 4461/4513/842
f 4463/4515/19 4464/4516/19 4465/4517/19
f 4464/4516/19 4466/4518/19 4465/4517/19
f 4467/4519/239 4468/4520/238 4469/4521/239
f 4468/4520/238 4470/4522/238 4469/4521/239
s 0
f 4471/4523/75 4472/4524/75 4473/4525/75
f 4472/4524/75 4474/4526/75 4473/4525/75
s 1
f 4475/4527/376 4476/4528/376 4477/4529/845
f 4476/4528/376 4478/4530/845 4477/4529/845
f 4479/4531/32 4480/4532/32 4481/4533/32
f 4480/4532/32 4482/4534/22 4481/4533/32
f 4483/4535/756 4484/4536/756 4485/4537/756
f 4484/4536/756 4486/4538/756 4485/4537/756
f 4487/4539/57 4488/4540/57 4489/4541/57
f 4488/4540/57 4490/4542/57 4489/4541/57
f 4491/4543/32 4492/4544/32 4493/4545/32
f 4492/4544/32 4494/4546/424 4493/4545/32
f 4495/4547/217 4496/4548/217 4497/4549/217
f 4496/4548/217 4498/4550/217 4497/4549/217
f 4499/4551/31 4500/4552/31 4501/4553/31
f 4500/4552/31 4502/4554/31 4501/4553/31
s 0
f 4503/4555/282 4504/4556/282 4505/4557/282
f 4504/4556/282 4506/4558/282 4505/4557/282
s 1
f 4507/4559/217 4508/4560/217 4509/4561/20
f 4508/4560/217 4510/4562/20 4509/4561/20
f 4511/4563/208 4512/4564/208 4513/4565/208
f 4512/4564/208 4514/4566/215 4513/4565/208
f 4515/4567/33 4516/4568/33 4517/4569/33
f 4516/4568/33 4518/4570/33 4517/4569/33
f 4519/4571/208 4520/4572/208 4521/4573/208
f 4520/4572/208 4522/4574/208 4521/4573/208
f 4523/4575/34 4524/4576/34 4525/4577/34
f 4524/4576/34 4526/4578/34 4525/4577/34
f 4527/4579/209 4528/4580/209 4529/4581/209
f 4528/4580/209 4530/4582/209 4529/4581/209
f 4531/4583/33 4532/4584/33 4533/4585/33
f 4532/4584/33 4534/4586/33 4533/4585/33
f 4535/4587/209 4536/4588/209 4537/4589/209
f 4536/4588/209 4538/4590/209 4537/4589/209
f 4539/4591/33 4540/4592/33 4541/4593/33
f 4540/4592/33 4542/4594/33 4541/4593/33
f 4543/4595/208 4544/4596/209 4545/4597/208
f 4544/4596/209 4546/4598/209 4545/4597/208
f 4547/4599/33 4548/4600/216 4549/4601/33
f 4548/4600/216 4550/4602/216 4549/4601/33
f 4551/4603/209 4552/4604/209 4553/4605/209
f 4552/4604/209 4554/4606/209 4553/4605/209
f 4555/4607/33 4556/4608/33 4557/4609/33
f 4556/4608/33 4558/4610/33 4557/4609/33
f 4559/4611/419 4560/4612/215 4561/4613/419
f 4560/4612/215 4562/4614/215 4561/4613/419
f 4563/4615/34 4564/4616/33 4565/4617/212
f 4564/4616/33 4566/4618/33 4565/4617/212
f 4567/4619/208 4568/4620/208 4569/4621/208
f 4568/4620/208 4570/4622/208 4569/4621/208
f 4571/4623/34 4572/4624/34 4573/4625/34
f 4572/4624/34 4574/4626/34 4573/4625/34
f 4575/4627/34 4576/4628/34 4577/4629/33
f 4576/4628/34 4578/4630/33 4577/4629/33
f 4579/4631/208 4580/4632/208 4581/4633/209
f 4580/4632/208 4582/4634/209 4581/4633/209
f 4583/4635/31 4584/4636/31 4585/4637/31
f 4584/4636/31 4586/4638/31 4585/4637/31
f 4587/4639/33 4588/4640/33 4589/4641/33
f 4588/4640/33 4590/4642/33 4589/4641/33
f 4591/4643/419 4592/4644/209 4593/4645/209
f 4592/4644/209 4594/4646/209 4593/4645/209
f 4595/4647/31 4596/4648/810 4597/4649/810
f 4596/4648/810 4598/4650/31 4597/4649/810
f 4599/4651/33 4600/4652/33 4601/4653/33
f 4600/4652/33 4602/4654/33 4601/4653/33
f 4603/4655/209 4604/4656/209 4605/4657/209
f 4604/4656/209 4606/4658/209 4605/4657/209
f 4607/4659/20 4608/4660/20 4609/4661/27
f 4608/4660/20 4610/4662/20 4609/4661/27
f 4611/4663/33 4612/4664/33 4613/4665/212
f 4612/4664/33 4614/4666/212 4613/4665/212
f 4615/4667/208 4616/4668/208 4617/4669/208
f 4616/4668/208 4618/4670/208 4617/4669/208
f 4619/4671/20 4620/4672/217 4621/4673/832
f 4620/4672/217 4622/4674/20 4621/4673/832
f 4623/4675/32 4624/4676/32 4625/4677/32
f 4624/4676/32 4626/4678/32 4625/4677/32
f 4627/4679/33 4628/4680/33 4629/4681/33
f 4628/4680/33 4630/4682/33 4629/4681/33
f 4631/4683/209 4632/4684/209 4633/4685/208
f 4632/4684/209 4634/4686/208 4633/4685/208
f 4635/4687/32 4636/4688/32 4637/4689/32
f 4636/4688/32 4638/4690/32 4637/4689/32
f 4639/4691/34 4640/4692/34 4641/4693/33
f 4640/4692/34 4642/4694/216 4641/4693/33
f 4643/4695/208 4644/4696/208 4645/4697/208
f 4644/4696/208 4646/4698/208 4645/4697/208
f 4647/4699/34 4648/4700/34 4649/4701/212
f 4648/4700/34 4650/4702/212 4649/4701/212
f 4651/4703/208 4652/4704/208 4653/4705/208
f 4652/4704/208 4654/4706/208 4653/4705/208
f 4655/4707/19 4656/4708/19 4657/4709/19
f 4656/4708/19 4658/4710/19 4657/4709/19
f 4659/4711/33 4660/4712/33 4661/4713/216
f 4660/4712/33 4662/4714/216 4661/4713/216
f 4663/4715/209 4664/4716/209 4665/4717/209
f 4664/4716/209 4666/4718/419 4665/4717/209
f 4667/4719/19 4668/4720/19 4669/4721/19
f 4668/4720/19 4670/4722/19 4669/4721/19
